timestamp,spot,strike,pos,ce_ltp,ce_oi,ce_delta,pe_ltp,pe_oi,pe_delta
2026-05-07 08:41:11,24330.95,24200.0,-3.0,326.6,3471585.0,0.6273,97.65,4644575.0,0.3354
2026-05-07 08:41:11,24330.95,24250.0,-2.0,295.95,741325.0,0.5951,113.4,1366755.0,0.3777
2026-05-07 08:41:11,24330.95,24300.0,-1.0,263.95,3433235.0,0.5612,131.85,3381170.0,0.4223
2026-05-07 08:41:11,24330.95,24350.0,ATM,234.45,1358370.0,0.5256,152.95,1104740.0,0.4686
2026-05-07 08:41:11,24330.95,24400.0,+1.0,206.85,3179085.0,0.4893,175.0,1729260.0,0.5167
2026-05-07 08:41:11,24330.95,24450.0,+2.0,182.85,1023815.0,0.4525,199.25,465530.0,0.5667
2026-05-07 08:41:11,24330.95,24500.0,+3.0,159.6,6545500.0,0.4155,225.65,1944475.0,0.617
2026-05-07 08:42:12,24330.95,24200.0,-3.0,326.6,3471585.0,0.6273,97.65,4644575.0,0.3354
2026-05-07 08:42:12,24330.95,24250.0,-2.0,295.95,741325.0,0.5951,113.4,1366755.0,0.3777
2026-05-07 08:42:12,24330.95,24300.0,-1.0,263.95,3433235.0,0.5612,131.85,3381170.0,0.4223
2026-05-07 08:42:12,24330.95,24350.0,ATM,234.45,1358370.0,0.5256,152.95,1104740.0,0.4686
2026-05-07 08:42:12,24330.95,24400.0,+1.0,206.85,3179085.0,0.4893,175.0,1729260.0,0.5167
2026-05-07 08:42:12,24330.95,24450.0,+2.0,182.85,1023815.0,0.4525,199.25,465530.0,0.5667
2026-05-07 08:42:12,24330.95,24500.0,+3.0,159.6,6545500.0,0.4155,225.65,1944475.0,0.617
2026-05-07 08:43:13,24330.95,24200.0,-3.0,326.6,3471585.0,0.6273,97.65,4644575.0,0.3354
2026-05-07 08:43:13,24330.95,24250.0,-2.0,295.95,741325.0,0.5951,113.4,1366755.0,0.3777
2026-05-07 08:43:13,24330.95,24300.0,-1.0,263.95,3433235.0,0.5612,131.85,3381170.0,0.4223
2026-05-07 08:43:13,24330.95,24350.0,ATM,234.45,1358370.0,0.5256,152.95,1104740.0,0.4686
2026-05-07 08:43:13,24330.95,24400.0,+1.0,206.85,3179085.0,0.4893,175.0,1729260.0,0.5167
2026-05-07 08:43:13,24330.95,24450.0,+2.0,182.85,1023815.0,0.4525,199.25,465530.0,0.5667
2026-05-07 08:43:13,24330.95,24500.0,+3.0,159.6,6545500.0,0.4155,225.65,1944475.0,0.617
2026-05-07 08:44:14,24330.95,24200.0,-3.0,326.6,3471585.0,0.6273,97.65,4644575.0,0.3354
2026-05-07 08:44:14,24330.95,24250.0,-2.0,295.95,741325.0,0.5951,113.4,1366755.0,0.3777
2026-05-07 08:44:14,24330.95,24300.0,-1.0,263.95,3433235.0,0.5612,131.85,3381170.0,0.4223
2026-05-07 08:44:14,24330.95,24350.0,ATM,234.45,1358370.0,0.5256,152.95,1104740.0,0.4686
2026-05-07 08:44:14,24330.95,24400.0,+1.0,206.85,3179085.0,0.4893,175.0,1729260.0,0.5167
2026-05-07 08:44:14,24330.95,24450.0,+2.0,182.85,1023815.0,0.4525,199.25,465530.0,0.5667
2026-05-07 08:44:14,24330.95,24500.0,+3.0,159.6,6545500.0,0.4155,225.65,1944475.0,0.617
2026-05-07 08:45:15,24330.95,24200.0,-3.0,326.6,3471585.0,0.6273,97.65,4644575.0,0.3354
2026-05-07 08:45:15,24330.95,24250.0,-2.0,295.95,741325.0,0.5951,113.4,1366755.0,0.3777
2026-05-07 08:45:15,24330.95,24300.0,-1.0,263.95,3433235.0,0.5612,131.85,3381170.0,0.4223
2026-05-07 08:45:15,24330.95,24350.0,ATM,234.45,1358370.0,0.5256,152.95,1104740.0,0.4686
2026-05-07 08:45:15,24330.95,24400.0,+1.0,206.85,3179085.0,0.4893,175.0,1729260.0,0.5167
2026-05-07 08:45:15,24330.95,24450.0,+2.0,182.85,1023815.0,0.4525,199.25,465530.0,0.5667
2026-05-07 08:45:15,24330.95,24500.0,+3.0,159.6,6545500.0,0.4155,225.65,1944475.0,0.617
2026-05-07 08:46:16,24330.95,24200.0,-3.0,326.6,3471585.0,0.6273,97.65,4644575.0,0.3354
2026-05-07 08:46:16,24330.95,24250.0,-2.0,295.95,741325.0,0.5951,113.4,1366755.0,0.3777
2026-05-07 08:46:16,24330.95,24300.0,-1.0,263.95,3433235.0,0.5612,131.85,3381170.0,0.4223
2026-05-07 08:46:16,24330.95,24350.0,ATM,234.45,1358370.0,0.5256,152.95,1104740.0,0.4686
2026-05-07 08:46:16,24330.95,24400.0,+1.0,206.85,3179085.0,0.4893,175.0,1729260.0,0.5167
2026-05-07 08:46:16,24330.95,24450.0,+2.0,182.85,1023815.0,0.4525,199.25,465530.0,0.5667
2026-05-07 08:46:16,24330.95,24500.0,+3.0,159.6,6545500.0,0.4155,225.65,1944475.0,0.617
2026-05-07 08:47:16,24330.95,24200.0,-3.0,326.6,3471585.0,0.6273,97.65,4644575.0,0.3354
2026-05-07 08:47:16,24330.95,24250.0,-2.0,295.95,741325.0,0.5951,113.4,1366755.0,0.3777
2026-05-07 08:47:16,24330.95,24300.0,-1.0,263.95,3433235.0,0.5612,131.85,3381170.0,0.4223
2026-05-07 08:47:16,24330.95,24350.0,ATM,234.45,1358370.0,0.5256,152.95,1104740.0,0.4686
2026-05-07 08:47:16,24330.95,24400.0,+1.0,206.85,3179085.0,0.4893,175.0,1729260.0,0.5167
2026-05-07 08:47:16,24330.95,24450.0,+2.0,182.85,1023815.0,0.4525,199.25,465530.0,0.5667
2026-05-07 08:47:16,24330.95,24500.0,+3.0,159.6,6545500.0,0.4155,225.65,1944475.0,0.617
2026-05-07 08:48:17,24330.95,24200.0,-3.0,326.6,3471585.0,0.6273,97.65,4644575.0,0.3354
2026-05-07 08:48:17,24330.95,24250.0,-2.0,295.95,741325.0,0.5951,113.4,1366755.0,0.3777
2026-05-07 08:48:17,24330.95,24300.0,-1.0,263.95,3433235.0,0.5612,131.85,3381170.0,0.4223
2026-05-07 08:48:17,24330.95,24350.0,ATM,234.45,1358370.0,0.5256,152.95,1104740.0,0.4686
2026-05-07 08:48:17,24330.95,24400.0,+1.0,206.85,3179085.0,0.4893,175.0,1729260.0,0.5167
2026-05-07 08:48:17,24330.95,24450.0,+2.0,182.85,1023815.0,0.4525,199.25,465530.0,0.5667
2026-05-07 08:48:17,24330.95,24500.0,+3.0,159.6,6545500.0,0.4155,225.65,1944475.0,0.617
2026-05-07 08:49:18,24330.95,24200.0,-3.0,326.6,3471585.0,0.6273,97.65,4644575.0,0.3354
2026-05-07 08:49:18,24330.95,24250.0,-2.0,295.95,741325.0,0.5951,113.4,1366755.0,0.3777
2026-05-07 08:49:18,24330.95,24300.0,-1.0,263.95,3433235.0,0.5612,131.85,3381170.0,0.4223
2026-05-07 08:49:18,24330.95,24350.0,ATM,234.45,1358370.0,0.5256,152.95,1104740.0,0.4686
2026-05-07 08:49:18,24330.95,24400.0,+1.0,206.85,3179085.0,0.4893,175.0,1729260.0,0.5167
2026-05-07 08:49:18,24330.95,24450.0,+2.0,182.85,1023815.0,0.4525,199.25,465530.0,0.5667
2026-05-07 08:49:18,24330.95,24500.0,+3.0,159.6,6545500.0,0.4155,225.65,1944475.0,0.617
2026-05-07 08:50:18,24330.95,24200.0,-3.0,326.6,3471585.0,0.6273,97.65,4644575.0,0.3354
2026-05-07 08:50:18,24330.95,24250.0,-2.0,295.95,741325.0,0.5951,113.4,1366755.0,0.3777
2026-05-07 08:50:18,24330.95,24300.0,-1.0,263.95,3433235.0,0.5612,131.85,3381170.0,0.4223
2026-05-07 08:50:18,24330.95,24350.0,ATM,234.45,1358370.0,0.5256,152.95,1104740.0,0.4686
2026-05-07 08:50:18,24330.95,24400.0,+1.0,206.85,3179085.0,0.4893,175.0,1729260.0,0.5167
2026-05-07 08:50:18,24330.95,24450.0,+2.0,182.85,1023815.0,0.4525,199.25,465530.0,0.5667
2026-05-07 08:50:18,24330.95,24500.0,+3.0,159.6,6545500.0,0.4155,225.65,1944475.0,0.617
2026-05-07 08:51:19,24330.95,24200.0,-3.0,326.6,3471585.0,0.6273,97.65,4644575.0,0.3354
2026-05-07 08:51:19,24330.95,24250.0,-2.0,295.95,741325.0,0.5951,113.4,1366755.0,0.3777
2026-05-07 08:51:19,24330.95,24300.0,-1.0,263.95,3433235.0,0.5612,131.85,3381170.0,0.4223
2026-05-07 08:51:19,24330.95,24350.0,ATM,234.45,1358370.0,0.5256,152.95,1104740.0,0.4686
2026-05-07 08:51:19,24330.95,24400.0,+1.0,206.85,3179085.0,0.4893,175.0,1729260.0,0.5167
2026-05-07 08:51:19,24330.95,24450.0,+2.0,182.85,1023815.0,0.4525,199.25,465530.0,0.5667
2026-05-07 08:51:19,24330.95,24500.0,+3.0,159.6,6545500.0,0.4155,225.65,1944475.0,0.617
2026-05-07 08:52:20,24330.95,24200.0,-3.0,326.6,3471585.0,0.6273,97.65,4644575.0,0.3354
2026-05-07 08:52:20,24330.95,24250.0,-2.0,295.95,741325.0,0.5951,113.4,1366755.0,0.3777
2026-05-07 08:52:20,24330.95,24300.0,-1.0,263.95,3433235.0,0.5612,131.85,3381170.0,0.4223
2026-05-07 08:52:20,24330.95,24350.0,ATM,234.45,1358370.0,0.5256,152.95,1104740.0,0.4686
2026-05-07 08:52:20,24330.95,24400.0,+1.0,206.85,3179085.0,0.4893,175.0,1729260.0,0.5167
2026-05-07 08:52:20,24330.95,24450.0,+2.0,182.85,1023815.0,0.4525,199.25,465530.0,0.5667
2026-05-07 08:52:20,24330.95,24500.0,+3.0,159.6,6545500.0,0.4155,225.65,1944475.0,0.617
2026-05-07 08:53:21,24330.95,24200.0,-3.0,326.6,3471585.0,0.6273,97.65,4644575.0,0.3354
2026-05-07 08:53:21,24330.95,24250.0,-2.0,295.95,741325.0,0.5951,113.4,1366755.0,0.3777
2026-05-07 08:53:21,24330.95,24300.0,-1.0,263.95,3433235.0,0.5612,131.85,3381170.0,0.4223
2026-05-07 08:53:21,24330.95,24350.0,ATM,234.45,1358370.0,0.5256,152.95,1104740.0,0.4686
2026-05-07 08:53:21,24330.95,24400.0,+1.0,206.85,3179085.0,0.4893,175.0,1729260.0,0.5167
2026-05-07 08:53:21,24330.95,24450.0,+2.0,182.85,1023815.0,0.4525,199.25,465530.0,0.5667
2026-05-07 08:53:21,24330.95,24500.0,+3.0,159.6,6545500.0,0.4155,225.65,1944475.0,0.617
2026-05-07 08:54:22,24330.95,24200.0,-3.0,326.6,3471585.0,0.6273,97.65,4644575.0,0.3354
2026-05-07 08:54:22,24330.95,24250.0,-2.0,295.95,741325.0,0.5951,113.4,1366755.0,0.3777
2026-05-07 08:54:22,24330.95,24300.0,-1.0,263.95,3433235.0,0.5612,131.85,3381170.0,0.4223
2026-05-07 08:54:22,24330.95,24350.0,ATM,234.45,1358370.0,0.5256,152.95,1104740.0,0.4686
2026-05-07 08:54:22,24330.95,24400.0,+1.0,206.85,3179085.0,0.4893,175.0,1729260.0,0.5167
2026-05-07 08:54:22,24330.95,24450.0,+2.0,182.85,1023815.0,0.4525,199.25,465530.0,0.5667
2026-05-07 08:54:22,24330.95,24500.0,+3.0,159.6,6545500.0,0.4155,225.65,1944475.0,0.617
2026-05-07 08:55:23,24330.95,24200.0,-3.0,326.6,3471585.0,0.6273,97.65,4644575.0,0.3354
2026-05-07 08:55:23,24330.95,24250.0,-2.0,295.95,741325.0,0.5951,113.4,1366755.0,0.3777
2026-05-07 08:55:23,24330.95,24300.0,-1.0,263.95,3433235.0,0.5612,131.85,3381170.0,0.4223
2026-05-07 08:55:23,24330.95,24350.0,ATM,234.45,1358370.0,0.5256,152.95,1104740.0,0.4686
2026-05-07 08:55:23,24330.95,24400.0,+1.0,206.85,3179085.0,0.4893,175.0,1729260.0,0.5167
2026-05-07 08:55:23,24330.95,24450.0,+2.0,182.85,1023815.0,0.4525,199.25,465530.0,0.5667
2026-05-07 08:55:23,24330.95,24500.0,+3.0,159.6,6545500.0,0.4155,225.65,1944475.0,0.617
2026-05-07 08:56:23,24330.95,24200.0,-3.0,326.6,3471585.0,0.6273,97.65,4644575.0,0.3354
2026-05-07 08:56:23,24330.95,24250.0,-2.0,295.95,741325.0,0.5951,113.4,1366755.0,0.3777
2026-05-07 08:56:23,24330.95,24300.0,-1.0,263.95,3433235.0,0.5612,131.85,3381170.0,0.4223
2026-05-07 08:56:23,24330.95,24350.0,ATM,234.45,1358370.0,0.5256,152.95,1104740.0,0.4686
2026-05-07 08:56:23,24330.95,24400.0,+1.0,206.85,3179085.0,0.4893,175.0,1729260.0,0.5167
2026-05-07 08:56:23,24330.95,24450.0,+2.0,182.85,1023815.0,0.4525,199.25,465530.0,0.5667
2026-05-07 08:56:23,24330.95,24500.0,+3.0,159.6,6545500.0,0.4155,225.65,1944475.0,0.617
2026-05-07 08:57:24,24330.95,24200.0,-3.0,326.6,3471585.0,0.6273,97.65,4644575.0,0.3354
2026-05-07 08:57:24,24330.95,24250.0,-2.0,295.95,741325.0,0.5951,113.4,1366755.0,0.3777
2026-05-07 08:57:24,24330.95,24300.0,-1.0,263.95,3433235.0,0.5612,131.85,3381170.0,0.4223
2026-05-07 08:57:24,24330.95,24350.0,ATM,234.45,1358370.0,0.5256,152.95,1104740.0,0.4686
2026-05-07 08:57:24,24330.95,24400.0,+1.0,206.85,3179085.0,0.4893,175.0,1729260.0,0.5167
2026-05-07 08:57:24,24330.95,24450.0,+2.0,182.85,1023815.0,0.4525,199.25,465530.0,0.5667
2026-05-07 08:57:24,24330.95,24500.0,+3.0,159.6,6545500.0,0.4155,225.65,1944475.0,0.617
2026-05-07 08:58:25,24330.95,24200.0,-3.0,326.6,3471585.0,0.6273,97.65,4644575.0,0.3354
2026-05-07 08:58:25,24330.95,24250.0,-2.0,295.95,741325.0,0.5951,113.4,1366755.0,0.3777
2026-05-07 08:58:25,24330.95,24300.0,-1.0,263.95,3433235.0,0.5612,131.85,3381170.0,0.4223
2026-05-07 08:58:25,24330.95,24350.0,ATM,234.45,1358370.0,0.5256,152.95,1104740.0,0.4686
2026-05-07 08:58:25,24330.95,24400.0,+1.0,206.85,3179085.0,0.4893,175.0,1729260.0,0.5167
2026-05-07 08:58:25,24330.95,24450.0,+2.0,182.85,1023815.0,0.4525,199.25,465530.0,0.5667
2026-05-07 08:58:25,24330.95,24500.0,+3.0,159.6,6545500.0,0.4155,225.65,1944475.0,0.617
2026-05-07 08:59:26,24330.95,24200.0,-3.0,326.6,3471585.0,0.6273,97.65,4644575.0,0.3354
2026-05-07 08:59:26,24330.95,24250.0,-2.0,295.95,741325.0,0.5951,113.4,1366755.0,0.3777
2026-05-07 08:59:26,24330.95,24300.0,-1.0,263.95,3433235.0,0.5612,131.85,3381170.0,0.4223
2026-05-07 08:59:26,24330.95,24350.0,ATM,234.45,1358370.0,0.5256,152.95,1104740.0,0.4686
2026-05-07 08:59:26,24330.95,24400.0,+1.0,206.85,3179085.0,0.4893,175.0,1729260.0,0.5167
2026-05-07 08:59:26,24330.95,24450.0,+2.0,182.85,1023815.0,0.4525,199.25,465530.0,0.5667
2026-05-07 08:59:26,24330.95,24500.0,+3.0,159.6,6545500.0,0.4155,225.65,1944475.0,0.617
2026-05-07 09:00:26,24375.3,24250.0,-3.0,295.95,741325.0,0.5951,113.4,1366755.0,0.3777
2026-05-07 09:00:26,24375.3,24300.0,-2.0,263.95,3433235.0,0.5612,131.85,3381170.0,0.4223
2026-05-07 09:00:26,24375.3,24350.0,-1.0,234.45,1358370.0,0.5256,152.95,1104740.0,0.4686
2026-05-07 09:00:26,24375.3,24400.0,ATM,206.85,3179085.0,0.4893,175.0,1729260.0,0.5167
2026-05-07 09:00:26,24375.3,24450.0,+1.0,182.85,1023815.0,0.4525,199.25,465530.0,0.5667
2026-05-07 09:00:26,24375.3,24500.0,+2.0,159.6,6545500.0,0.4155,225.65,1944475.0,0.617
2026-05-07 09:00:26,24375.3,24550.0,+3.0,138.0,900640.0,0.3785,253.3,168155.0,0.6692
2026-05-07 09:01:28,24398.4,24250.0,-3.0,295.95,741325.0,0.5951,113.4,1366755.0,0.3777
2026-05-07 09:01:28,24398.4,24300.0,-2.0,263.95,3433235.0,0.5612,131.85,3381170.0,0.4223
2026-05-07 09:01:28,24398.4,24350.0,-1.0,234.45,1358370.0,0.5256,152.95,1104740.0,0.4686
2026-05-07 09:01:28,24398.4,24400.0,ATM,206.85,3179085.0,0.4893,175.0,1729260.0,0.5167
2026-05-07 09:01:28,24398.4,24450.0,+1.0,182.85,1023815.0,0.4525,199.25,465530.0,0.5667
2026-05-07 09:01:28,24398.4,24500.0,+2.0,159.6,6545500.0,0.4155,225.65,1944475.0,0.617
2026-05-07 09:01:28,24398.4,24550.0,+3.0,138.0,900640.0,0.3785,253.3,168155.0,0.6692
2026-05-07 09:02:29,24380.75,24250.0,-3.0,295.95,741325.0,0.5951,113.4,1366755.0,0.3777
2026-05-07 09:02:29,24380.75,24300.0,-2.0,263.95,3433235.0,0.5612,131.85,3381170.0,0.4223
2026-05-07 09:02:29,24380.75,24350.0,-1.0,234.45,1358370.0,0.5256,152.95,1104740.0,0.4686
2026-05-07 09:02:29,24380.75,24400.0,ATM,206.85,3179085.0,0.4893,175.0,1729260.0,0.5167
2026-05-07 09:02:29,24380.75,24450.0,+1.0,182.85,1023815.0,0.4525,199.25,465530.0,0.5667
2026-05-07 09:02:29,24380.75,24500.0,+2.0,159.6,6545500.0,0.4155,225.65,1944475.0,0.617
2026-05-07 09:02:29,24380.75,24550.0,+3.0,138.0,900640.0,0.3785,253.3,168155.0,0.6692
2026-05-07 09:03:29,24370.65,24200.0,-3.0,326.6,3471585.0,0.6273,97.65,4644575.0,0.3354
2026-05-07 09:03:29,24370.65,24250.0,-2.0,295.95,741325.0,0.5951,113.4,1366755.0,0.3777
2026-05-07 09:03:29,24370.65,24300.0,-1.0,263.95,3433235.0,0.5612,131.85,3381170.0,0.4223
2026-05-07 09:03:29,24370.65,24350.0,ATM,234.45,1358370.0,0.5256,152.95,1104740.0,0.4686
2026-05-07 09:03:29,24370.65,24400.0,+1.0,206.85,3179085.0,0.4893,175.0,1729260.0,0.5167
2026-05-07 09:03:29,24370.65,24450.0,+2.0,182.85,1023815.0,0.4525,199.25,465530.0,0.5667
2026-05-07 09:03:29,24370.65,24500.0,+3.0,159.6,6545500.0,0.4155,225.65,1944475.0,0.617
2026-05-07 09:04:31,24390.95,24250.0,-3.0,295.95,741325.0,0.5951,113.4,1366755.0,0.3777
2026-05-07 09:04:31,24390.95,24300.0,-2.0,263.95,3433235.0,0.5612,131.85,3381170.0,0.4223
2026-05-07 09:04:31,24390.95,24350.0,-1.0,234.45,1358370.0,0.5256,152.95,1104740.0,0.4686
2026-05-07 09:04:31,24390.95,24400.0,ATM,206.85,3179085.0,0.4893,175.0,1729260.0,0.5167
2026-05-07 09:04:31,24390.95,24450.0,+1.0,182.85,1023815.0,0.4525,199.25,465530.0,0.5667
2026-05-07 09:04:31,24390.95,24500.0,+2.0,159.6,6545500.0,0.4155,225.65,1944475.0,0.617
2026-05-07 09:04:31,24390.95,24550.0,+3.0,138.0,900640.0,0.3785,253.3,168155.0,0.6692
2026-05-07 09:05:35,24402.6,24250.0,-3.0,295.95,741325.0,0.5951,113.4,1366755.0,0.3777
2026-05-07 09:05:35,24402.6,24300.0,-2.0,263.95,3433235.0,0.5612,131.85,3381170.0,0.4223
2026-05-07 09:05:35,24402.6,24350.0,-1.0,234.45,1358370.0,0.5256,152.95,1104740.0,0.4686
2026-05-07 09:05:35,24402.6,24400.0,ATM,206.85,3179085.0,0.4893,175.0,1729260.0,0.5167
2026-05-07 09:05:35,24402.6,24450.0,+1.0,182.85,1023815.0,0.4525,199.25,465530.0,0.5667
2026-05-07 09:05:35,24402.6,24500.0,+2.0,159.6,6545500.0,0.4155,225.65,1944475.0,0.617
2026-05-07 09:05:35,24402.6,24550.0,+3.0,138.0,900640.0,0.3785,253.3,168155.0,0.6692
2026-05-07 09:06:36,24401.25,24250.0,-3.0,295.95,741325.0,0.5951,113.4,1366755.0,0.3777
2026-05-07 09:06:36,24401.25,24300.0,-2.0,263.95,3433235.0,0.5612,131.85,3381170.0,0.4223
2026-05-07 09:06:36,24401.25,24350.0,-1.0,234.45,1358370.0,0.5256,152.95,1104740.0,0.4686
2026-05-07 09:06:36,24401.25,24400.0,ATM,206.85,3179085.0,0.4893,175.0,1729260.0,0.5167
2026-05-07 09:06:36,24401.25,24450.0,+1.0,182.85,1023815.0,0.4525,199.25,465530.0,0.5667
2026-05-07 09:06:36,24401.25,24500.0,+2.0,159.6,6545500.0,0.4155,225.65,1944475.0,0.617
2026-05-07 09:06:36,24401.25,24550.0,+3.0,138.0,900640.0,0.3785,253.3,168155.0,0.6692
2026-05-07 09:07:37,24402.2,24250.0,-3.0,295.95,741325.0,0.5951,113.4,1366755.0,0.3777
2026-05-07 09:07:37,24402.2,24300.0,-2.0,263.95,3433235.0,0.5612,131.85,3381170.0,0.4223
2026-05-07 09:07:37,24402.2,24350.0,-1.0,234.45,1358370.0,0.5256,152.95,1104740.0,0.4686
2026-05-07 09:07:37,24402.2,24400.0,ATM,206.85,3179085.0,0.4893,175.0,1729260.0,0.5167
2026-05-07 09:07:37,24402.2,24450.0,+1.0,182.85,1023815.0,0.4525,199.25,465530.0,0.5667
2026-05-07 09:07:37,24402.2,24500.0,+2.0,159.6,6545500.0,0.4155,225.65,1944475.0,0.617
2026-05-07 09:07:37,24402.2,24550.0,+3.0,138.0,900640.0,0.3785,253.3,168155.0,0.6692
2026-05-07 09:08:39,24398.5,24250.0,-3.0,295.95,741325.0,0.5951,113.4,1366755.0,0.3777
2026-05-07 09:08:39,24398.5,24300.0,-2.0,263.95,3433235.0,0.5612,131.85,3381170.0,0.4223
2026-05-07 09:08:39,24398.5,24350.0,-1.0,234.45,1358370.0,0.5256,152.95,1104740.0,0.4686
2026-05-07 09:08:39,24398.5,24400.0,ATM,206.85,3179085.0,0.4893,175.0,1729260.0,0.5167
2026-05-07 09:08:39,24398.5,24450.0,+1.0,182.85,1023815.0,0.4525,199.25,465530.0,0.5667
2026-05-07 09:08:39,24398.5,24500.0,+2.0,159.6,6545500.0,0.4155,225.65,1944475.0,0.617
2026-05-07 09:08:39,24398.5,24550.0,+3.0,138.0,900640.0,0.3785,253.3,168155.0,0.6692
2026-05-07 09:09:40,24398.5,24250.0,-3.0,295.95,741325.0,0.5951,113.4,1366755.0,0.3777
2026-05-07 09:09:40,24398.5,24300.0,-2.0,263.95,3433235.0,0.5612,131.85,3381170.0,0.4223
2026-05-07 09:09:40,24398.5,24350.0,-1.0,234.45,1358370.0,0.5256,152.95,1104740.0,0.4686
2026-05-07 09:09:40,24398.5,24400.0,ATM,206.85,3179085.0,0.4893,175.0,1729260.0,0.5167
2026-05-07 09:09:40,24398.5,24450.0,+1.0,182.85,1023815.0,0.4525,199.25,465530.0,0.5667
2026-05-07 09:09:40,24398.5,24500.0,+2.0,159.6,6545500.0,0.4155,225.65,1944475.0,0.617
2026-05-07 09:09:40,24398.5,24550.0,+3.0,138.0,900640.0,0.3785,253.3,168155.0,0.6692
2026-05-07 09:10:40,24398.5,24250.0,-3.0,295.95,741325.0,0.0,113.4,1366755.0,0.0
2026-05-07 09:10:40,24398.5,24300.0,-2.0,263.95,3433235.0,0.0,131.85,3381170.0,0.0
2026-05-07 09:10:40,24398.5,24350.0,-1.0,234.45,1358370.0,0.0,152.95,1104740.0,0.0
2026-05-07 09:10:40,24398.5,24400.0,ATM,206.85,3179085.0,0.0,175.0,1729260.0,0.0
2026-05-07 09:10:40,24398.5,24450.0,+1.0,182.85,1023815.0,0.0,199.25,465530.0,0.0
2026-05-07 09:10:40,24398.5,24500.0,+2.0,159.6,6545500.0,0.0,225.65,1944475.0,0.0
2026-05-07 09:10:40,24398.5,24550.0,+3.0,138.0,900640.0,0.0,253.3,168155.0,0.0
2026-05-07 09:11:41,24398.5,24250.0,-3.0,295.95,741325.0,0.0,113.4,1366755.0,0.0
2026-05-07 09:11:41,24398.5,24300.0,-2.0,263.95,3433235.0,0.0,131.85,3381170.0,0.0
2026-05-07 09:11:41,24398.5,24350.0,-1.0,234.45,1358370.0,0.0,152.95,1104740.0,0.0
2026-05-07 09:11:41,24398.5,24400.0,ATM,206.85,3179085.0,0.0,175.0,1729260.0,0.0
2026-05-07 09:11:41,24398.5,24450.0,+1.0,182.85,1023815.0,0.0,199.25,465530.0,0.0
2026-05-07 09:11:41,24398.5,24500.0,+2.0,159.6,6545500.0,0.0,225.65,1944475.0,0.0
2026-05-07 09:11:41,24398.5,24550.0,+3.0,138.0,900640.0,0.0,253.3,168155.0,0.0
2026-05-07 09:12:45,24398.5,24250.0,-3.0,295.95,741325.0,0.0,113.4,1366755.0,0.0
2026-05-07 09:12:45,24398.5,24300.0,-2.0,263.95,3433235.0,0.0,131.85,3381170.0,0.0
2026-05-07 09:12:45,24398.5,24350.0,-1.0,234.45,1358370.0,0.0,152.95,1104740.0,0.0
2026-05-07 09:12:45,24398.5,24400.0,ATM,206.85,3179085.0,0.0,175.0,1729260.0,0.0
2026-05-07 09:12:45,24398.5,24450.0,+1.0,182.85,1023815.0,0.0,199.25,465530.0,0.0
2026-05-07 09:12:45,24398.5,24500.0,+2.0,159.6,6545500.0,0.0,225.65,1944475.0,0.0
2026-05-07 09:12:45,24398.5,24550.0,+3.0,138.0,900640.0,0.0,253.3,168155.0,0.0
2026-05-07 09:13:46,24398.5,24250.0,-3.0,295.95,741325.0,0.0,113.4,1366755.0,0.0
2026-05-07 09:13:46,24398.5,24300.0,-2.0,263.95,3433235.0,0.0,131.85,3381170.0,0.0
2026-05-07 09:13:46,24398.5,24350.0,-1.0,234.45,1358370.0,0.0,152.95,1104740.0,0.0
2026-05-07 09:13:46,24398.5,24400.0,ATM,206.85,3179085.0,0.0,175.0,1729260.0,0.0
2026-05-07 09:13:46,24398.5,24450.0,+1.0,182.85,1023815.0,0.0,199.25,465530.0,0.0
2026-05-07 09:13:46,24398.5,24500.0,+2.0,159.6,6545500.0,0.0,225.65,1944475.0,0.0
2026-05-07 09:13:46,24398.5,24550.0,+3.0,138.0,900640.0,0.0,253.3,168155.0,0.0
2026-05-07 09:14:47,24398.5,24250.0,-3.0,295.95,741325.0,0.0,113.4,1366755.0,0.0
2026-05-07 09:14:47,24398.5,24300.0,-2.0,263.95,3433235.0,0.0,131.85,3381170.0,0.0
2026-05-07 09:14:47,24398.5,24350.0,-1.0,234.45,1358370.0,0.0,152.95,1104740.0,0.0
2026-05-07 09:14:47,24398.5,24400.0,ATM,206.85,3179085.0,0.0,175.0,1729260.0,0.0
2026-05-07 09:14:47,24398.5,24450.0,+1.0,182.85,1023815.0,0.0,199.25,465530.0,0.0
2026-05-07 09:14:47,24398.5,24500.0,+2.0,159.6,6545500.0,0.0,225.65,1944475.0,0.0
2026-05-07 09:14:47,24398.5,24550.0,+3.0,138.0,900640.0,0.0,253.3,168155.0,0.0
2026-05-07 09:15:48,24376.9,24250.0,-3.0,265.0,736840.0,0.6331,110.65,1331915.0,0.3586
2026-05-07 09:15:48,24376.9,24300.0,-2.0,232.75,3425760.0,0.5916,129.1,3324815.0,0.4024
2026-05-07 09:15:48,24376.9,24350.0,-1.0,204.65,1348360.0,0.5496,149.0,1085240.0,0.4484
2026-05-07 09:15:48,24376.9,24400.0,ATM,175.65,3176810.0,0.5053,172.5,1741740.0,0.4948
2026-05-07 09:15:48,24376.9,24450.0,+1.0,152.2,987415.0,0.4604,196.7,456560.0,0.5419
2026-05-07 09:15:48,24376.9,24500.0,+2.0,129.0,6332365.0,0.4156,225.8,1944800.0,0.5892
2026-05-07 09:15:48,24376.9,24550.0,+3.0,109.75,870285.0,0.3713,254.2,164580.0,0.6356
2026-05-07 09:16:49,24372.9,24200.0,-3.0,292.3,3418870.0,0.6594,101.2,4702425.0,0.3369
2026-05-07 09:16:49,24372.9,24250.0,-2.0,259.65,730795.0,0.619,117.75,1409070.0,0.3767
2026-05-07 09:16:49,24372.9,24300.0,-1.0,229.5,3516435.0,0.5779,137.0,3515915.0,0.4195
2026-05-07 09:16:49,24372.9,24350.0,ATM,199.45,1449305.0,0.535,157.85,1294800.0,0.4639
2026-05-07 09:16:49,24372.9,24400.0,+1.0,173.0,3903250.0,0.4911,180.8,2250755.0,0.5095
2026-05-07 09:16:49,24372.9,24450.0,+2.0,148.65,1296425.0,0.4465,206.95,553475.0,0.5556
2026-05-07 09:16:49,24372.9,24500.0,+3.0,126.3,6157125.0,0.4024,234.15,2084680.0,0.6017
2026-05-07 09:17:50,24364.2,24200.0,-3.0,285.95,3418870.0,0.6575,104.0,4702425.0,0.3413
2026-05-07 09:17:50,24364.2,24250.0,-2.0,253.75,730795.0,0.6163,121.25,1409070.0,0.3818
2026-05-07 09:17:50,24364.2,24300.0,-1.0,222.5,3516435.0,0.5742,141.35,3515915.0,0.4248
2026-05-07 09:17:50,24364.2,24350.0,ATM,194.25,1449305.0,0.5305,162.75,1294800.0,0.4691
2026-05-07 09:17:50,24364.2,24400.0,+1.0,167.7,3903250.0,0.486,186.6,2250755.0,0.5143
2026-05-07 09:17:50,24364.2,24450.0,+2.0,143.7,1296425.0,0.4413,212.55,553475.0,0.5598
2026-05-07 09:17:50,24364.2,24500.0,+3.0,123.0,6157125.0,0.3968,240.1,2084680.0,0.605
2026-05-07 09:18:52,24329.7,24200.0,-3.0,262.85,3418870.0,0.6304,115.15,4702425.0,0.3682
2026-05-07 09:18:52,24329.7,24250.0,-2.0,232.3,730795.0,0.5861,134.35,1409070.0,0.4121
2026-05-07 09:18:52,24329.7,24300.0,-1.0,203.55,3516435.0,0.5431,155.35,3515915.0,0.4561
2026-05-07 09:18:52,24329.7,24350.0,ATM,176.35,1449305.0,0.4989,178.9,1294800.0,0.5013
2026-05-07 09:18:52,24329.7,24400.0,+1.0,152.25,3903250.0,0.4543,204.25,2250755.0,0.5467
2026-05-07 09:18:52,24329.7,24450.0,+2.0,129.9,1296425.0,0.41,231.6,553475.0,0.592
2026-05-07 09:18:52,24329.7,24500.0,+3.0,110.35,6157125.0,0.3665,262.8,2084680.0,0.636
2026-05-07 09:19:52,24327.6,24200.0,-3.0,262.8,3426280.0,0.6216,116.95,4864990.0,0.3748
2026-05-07 09:19:52,24327.6,24250.0,-2.0,232.55,760890.0,0.5798,134.9,1538940.0,0.4171
2026-05-07 09:19:52,24327.6,24300.0,-1.0,203.85,4057365.0,0.5374,156.45,3809000.0,0.4613
2026-05-07 09:19:52,24327.6,24350.0,ATM,176.9,2011425.0,0.494,179.15,1890200.0,0.5066
2026-05-07 09:19:52,24327.6,24400.0,+1.0,152.9,4769115.0,0.4503,204.85,3171935.0,0.5523
2026-05-07 09:19:52,24327.6,24450.0,+2.0,131.1,1487135.0,0.4067,233.0,668915.0,0.5973
2026-05-07 09:19:52,24327.6,24500.0,+3.0,111.5,6705530.0,0.3645,263.15,2177110.0,0.6405
2026-05-07 09:20:53,24317.15,24150.0,-3.0,294.0,765830.0,0.6567,102.6,1736215.0,0.3378
2026-05-07 09:20:53,24317.15,24200.0,-2.0,261.3,3426280.0,0.617,119.6,4864990.0,0.3783
2026-05-07 09:20:53,24317.15,24250.0,-1.0,230.1,760890.0,0.5758,138.05,1538940.0,0.4214
2026-05-07 09:20:53,24317.15,24300.0,ATM,202.0,4057365.0,0.5332,159.6,3809000.0,0.4656
2026-05-07 09:20:53,24317.15,24350.0,+1.0,175.95,2011425.0,0.49,183.0,1890200.0,0.5108
2026-05-07 09:20:53,24317.15,24400.0,+2.0,151.8,4769115.0,0.4466,209.45,3171935.0,0.5564
2026-05-07 09:20:53,24317.15,24450.0,+3.0,130.1,1487135.0,0.4034,238.0,668915.0,0.602
2026-05-07 09:21:54,24324.25,24150.0,-3.0,297.25,765830.0,0.6581,102.3,1736215.0,0.3358
2026-05-07 09:21:54,24324.25,24200.0,-2.0,263.55,3426280.0,0.6194,119.35,4864990.0,0.3763
2026-05-07 09:21:54,24324.25,24250.0,-1.0,232.85,760890.0,0.5783,138.45,1538940.0,0.4191
2026-05-07 09:21:54,24324.25,24300.0,ATM,204.25,4057365.0,0.5363,159.3,3809000.0,0.4627
2026-05-07 09:21:54,24324.25,24350.0,+1.0,177.7,2011425.0,0.4931,182.75,1890200.0,0.5074
2026-05-07 09:21:54,24324.25,24400.0,+2.0,153.5,4769115.0,0.4497,209.5,3171935.0,0.5524
2026-05-07 09:21:54,24324.25,24450.0,+3.0,132.1,1487135.0,0.4068,236.4,668915.0,0.5977
2026-05-07 09:22:55,24303.15,24150.0,-3.0,283.75,791960.0,0.6416,110.35,1791790.0,0.3537
2026-05-07 09:22:55,24303.15,24200.0,-2.0,251.65,3543345.0,0.6009,127.8,4839835.0,0.3949
2026-05-07 09:22:55,24303.15,24250.0,-1.0,221.6,890890.0,0.5597,148.1,1592695.0,0.4382
2026-05-07 09:22:55,24303.15,24300.0,ATM,194.7,4792320.0,0.5173,171.0,4372875.0,0.4822
2026-05-07 09:22:55,24303.15,24350.0,+1.0,168.8,2544750.0,0.4758,195.85,2090205.0,0.5257
2026-05-07 09:22:55,24303.15,24400.0,+2.0,145.75,5223205.0,0.433,221.95,3187470.0,0.5706
2026-05-07 09:22:55,24303.15,24450.0,+3.0,125.35,1601080.0,0.3908,251.3,676715.0,0.6148
2026-05-07 09:23:56,24331.1,24200.0,-3.0,270.0,3543345.0,0.6221,115.45,4839835.0,0.3724
2026-05-07 09:23:56,24331.1,24250.0,-2.0,238.55,890890.0,0.5817,134.45,1592695.0,0.4149
2026-05-07 09:23:56,24331.1,24300.0,-1.0,209.8,4792320.0,0.5397,154.55,4372875.0,0.4589
2026-05-07 09:23:56,24331.1,24350.0,ATM,183.35,2544750.0,0.4968,177.6,2090205.0,0.5036
2026-05-07 09:23:56,24331.1,24400.0,+1.0,158.1,5223205.0,0.4535,202.8,3187470.0,0.5487
2026-05-07 09:23:56,24331.1,24450.0,+2.0,135.6,1601080.0,0.4103,231.2,676715.0,0.5936
2026-05-07 09:23:56,24331.1,24500.0,+3.0,115.8,7106775.0,0.3686,261.2,2185365.0,0.6393
2026-05-07 09:24:56,24335.1,24200.0,-3.0,273.0,3543345.0,0.626,114.75,4839835.0,0.3683
2026-05-07 09:24:56,24335.1,24250.0,-2.0,240.95,890890.0,0.5858,134.1,1592695.0,0.4102
2026-05-07 09:24:56,24335.1,24300.0,-1.0,212.3,4792320.0,0.5442,154.55,4372875.0,0.454
2026-05-07 09:24:56,24335.1,24350.0,ATM,185.25,2544750.0,0.5016,177.95,2090205.0,0.4986
2026-05-07 09:24:56,24335.1,24400.0,+1.0,160.5,5223205.0,0.4585,203.0,3187470.0,0.5436
2026-05-07 09:24:56,24335.1,24450.0,+2.0,137.75,1601080.0,0.4158,230.6,676715.0,0.5887
2026-05-07 09:24:56,24335.1,24500.0,+3.0,116.95,7106775.0,0.3734,260.2,2185365.0,0.6334
2026-05-07 09:25:57,24314.55,24150.0,-3.0,288.95,786240.0,0.6517,108.75,1805505.0,0.3466
2026-05-07 09:25:57,24314.55,24200.0,-2.0,255.75,3614195.0,0.6121,126.45,4887675.0,0.3862
2026-05-07 09:25:57,24314.55,24250.0,-1.0,226.05,968370.0,0.5708,146.15,1705145.0,0.4287
2026-05-07 09:25:57,24314.55,24300.0,ATM,198.1,5314335.0,0.528,168.05,4656015.0,0.4717
2026-05-07 09:25:57,24314.55,24350.0,+1.0,172.8,2787915.0,0.4849,192.9,2209480.0,0.5154
2026-05-07 09:25:57,24314.55,24400.0,+2.0,149.15,5351320.0,0.4419,219.6,3321305.0,0.5591
2026-05-07 09:25:57,24314.55,24450.0,+3.0,128.6,1644630.0,0.3992,246.75,712530.0,0.6026
2026-05-07 09:26:58,24312.9,24150.0,-3.0,288.3,786240.0,0.6502,111.15,1805505.0,0.3465
2026-05-07 09:26:58,24312.9,24200.0,-2.0,256.35,3614195.0,0.6113,129.2,4887675.0,0.387
2026-05-07 09:26:58,24312.9,24250.0,-1.0,226.1,968370.0,0.5701,149.0,1705145.0,0.4285
2026-05-07 09:26:58,24312.9,24300.0,ATM,199.0,5314335.0,0.5281,171.8,4656015.0,0.4715
2026-05-07 09:26:58,24312.9,24350.0,+1.0,173.2,2787915.0,0.4854,196.3,2209480.0,0.515
2026-05-07 09:26:58,24312.9,24400.0,+2.0,149.9,5351320.0,0.4427,222.5,3321305.0,0.5587
2026-05-07 09:26:58,24312.9,24450.0,+3.0,128.5,1644630.0,0.4002,251.65,712530.0,0.6018
2026-05-07 09:27:58,24321.9,24150.0,-3.0,298.2,786240.0,0.6552,105.75,1805505.0,0.3353
2026-05-07 09:27:58,24321.9,24200.0,-2.0,265.1,3614195.0,0.6176,123.6,4887675.0,0.3789
2026-05-07 09:27:58,24321.9,24250.0,-1.0,235.0,968370.0,0.5775,142.8,1705145.0,0.4166
2026-05-07 09:27:58,24321.9,24300.0,ATM,206.35,5314335.0,0.5358,164.5,4656015.0,0.4634
2026-05-07 09:27:58,24321.9,24350.0,+1.0,181.05,2787915.0,0.4973,187.9,2209480.0,0.503
2026-05-07 09:27:58,24321.9,24400.0,+2.0,156.3,5351320.0,0.4506,214.4,3321305.0,0.5512
2026-05-07 09:27:58,24321.9,24450.0,+3.0,135.0,1644630.0,0.4122,241.1,712530.0,0.5911
2026-05-07 09:28:59,24340.7,24200.0,-3.0,277.75,3651570.0,0.6314,114.55,4942600.0,0.3628
2026-05-07 09:28:59,24340.7,24250.0,-2.0,245.95,976105.0,0.592,133.8,1806870.0,0.4042
2026-05-07 09:28:59,24340.7,24300.0,-1.0,217.0,5510115.0,0.5509,154.15,4893980.0,0.4472
2026-05-07 09:28:59,24340.7,24350.0,ATM,189.55,2902510.0,0.5087,176.5,2318485.0,0.4912
2026-05-07 09:28:59,24340.7,24400.0,+1.0,164.9,5467410.0,0.4661,201.85,3428620.0,0.5358
2026-05-07 09:28:59,24340.7,24450.0,+2.0,142.15,1709240.0,0.4235,229.15,753740.0,0.5806
2026-05-07 09:28:59,24340.7,24500.0,+3.0,121.15,7481565.0,0.3815,258.15,2202785.0,0.6248
2026-05-07 09:30:00,24335.85,24200.0,-3.0,271.05,3651570.0,0.6257,118.6,4942600.0,0.3685
2026-05-07 09:30:00,24335.85,24250.0,-2.0,239.2,976105.0,0.5861,138.15,1806870.0,0.4103
2026-05-07 09:30:00,24335.85,24300.0,-1.0,210.6,5510115.0,0.5446,158.75,4893980.0,0.4535
2026-05-07 09:30:00,24335.85,24350.0,ATM,183.55,2902510.0,0.5025,182.45,2318485.0,0.4977
2026-05-07 09:30:00,24335.85,24400.0,+1.0,158.65,5467410.0,0.46,209.3,3428620.0,0.5424
2026-05-07 09:30:00,24335.85,24450.0,+2.0,137.0,1709240.0,0.4176,235.8,753740.0,0.5876
2026-05-07 09:30:00,24335.85,24500.0,+3.0,117.0,7481565.0,0.3757,265.5,2202785.0,0.6317
2026-05-07 09:31:01,24328.3,24200.0,-3.0,269.75,3651570.0,0.6197,119.95,4942600.0,0.3753
2026-05-07 09:31:01,24328.3,24250.0,-2.0,238.9,976105.0,0.5807,139.2,1806870.0,0.4157
2026-05-07 09:31:01,24328.3,24300.0,-1.0,210.15,5510115.0,0.5394,160.95,4893980.0,0.4589
2026-05-07 09:31:01,24328.3,24350.0,ATM,183.9,2902510.0,0.4974,184.95,2318485.0,0.503
2026-05-07 09:31:01,24328.3,24400.0,+1.0,159.4,5467410.0,0.4549,210.35,3428620.0,0.5473
2026-05-07 09:31:01,24328.3,24450.0,+2.0,137.45,1709240.0,0.4129,237.6,753740.0,0.592
2026-05-07 09:31:01,24328.3,24500.0,+3.0,117.5,7481565.0,0.3705,267.85,2202785.0,0.6363
2026-05-07 09:32:03,24348.85,24200.0,-3.0,282.55,3675620.0,0.6387,111.5,5014035.0,0.3548
2026-05-07 09:32:03,24348.85,24250.0,-2.0,250.25,1004900.0,0.5991,130.15,1910285.0,0.3963
2026-05-07 09:32:03,24348.85,24300.0,-1.0,221.0,5619965.0,0.5582,150.15,5155605.0,0.4392
2026-05-07 09:32:03,24348.85,24350.0,ATM,194.1,3086915.0,0.5161,172.2,2444845.0,0.4834
2026-05-07 09:32:03,24348.85,24400.0,+1.0,167.85,5569395.0,0.4735,197.35,3519360.0,0.5282
2026-05-07 09:32:03,24348.85,24450.0,+2.0,144.65,1769300.0,0.4309,224.65,784550.0,0.5732
2026-05-07 09:32:03,24348.85,24500.0,+3.0,124.2,7503600.0,0.3889,252.75,2214485.0,0.6182
2026-05-07 09:33:04,24358.4,24200.0,-3.0,288.0,3675620.0,0.648,107.85,5014035.0,0.3491
2026-05-07 09:33:04,24358.4,24250.0,-2.0,256.25,1004900.0,0.6079,125.1,1910285.0,0.3903
2026-05-07 09:33:04,24358.4,24300.0,-1.0,225.8,5619965.0,0.5662,145.05,5155605.0,0.4326
2026-05-07 09:33:04,24358.4,24350.0,ATM,198.4,3086915.0,0.5234,166.9,2444845.0,0.4762
2026-05-07 09:33:04,24358.4,24400.0,+1.0,172.15,5569395.0,0.4802,191.1,3519360.0,0.5204
2026-05-07 09:33:04,24358.4,24450.0,+2.0,148.9,1769300.0,0.4368,217.45,784550.0,0.5647
2026-05-07 09:33:04,24358.4,24500.0,+3.0,127.1,7503600.0,0.3939,246.65,2214485.0,0.6087
2026-05-07 09:34:04,24351.7,24200.0,-3.0,281.85,3675620.0,0.6452,109.65,5014035.0,0.3526
2026-05-07 09:34:04,24351.7,24250.0,-2.0,250.15,1004900.0,0.6041,127.25,1910285.0,0.3936
2026-05-07 09:34:04,24351.7,24300.0,-1.0,220.4,5619965.0,0.5621,147.4,5155605.0,0.4367
2026-05-07 09:34:04,24351.7,24350.0,ATM,193.1,3086915.0,0.5191,170.0,2444845.0,0.4806
2026-05-07 09:34:04,24351.7,24400.0,+1.0,167.15,5569395.0,0.4756,194.9,3519360.0,0.5251
2026-05-07 09:34:04,24351.7,24450.0,+2.0,144.25,1769300.0,0.4322,221.6,784550.0,0.5697
2026-05-07 09:34:04,24351.7,24500.0,+3.0,123.55,7478315.0,0.3893,250.75,2235870.0,0.6136
2026-05-07 09:35:05,24360.15,24200.0,-3.0,285.7,3642795.0,0.6458,107.65,4973605.0,0.3477
2026-05-07 09:35:05,24360.15,24250.0,-2.0,254.7,1021930.0,0.6062,124.15,1976325.0,0.389
2026-05-07 09:35:05,24360.15,24300.0,-1.0,223.65,5575115.0,0.5649,145.85,5253820.0,0.432
2026-05-07 09:35:05,24360.15,24350.0,ATM,197.4,3387605.0,0.5228,166.15,2532855.0,0.4764
2026-05-07 09:35:05,24360.15,24400.0,+1.0,171.25,5804110.0,0.48,190.6,3640260.0,0.5215
2026-05-07 09:35:05,24360.15,24450.0,+2.0,147.35,1853085.0,0.437,217.7,806130.0,0.5667
2026-05-07 09:35:05,24360.15,24500.0,+3.0,125.85,7478315.0,0.3944,247.0,2235870.0,0.6118
2026-05-07 09:36:06,24368.35,24200.0,-3.0,294.0,3642795.0,0.6536,103.4,4973605.0,0.3407
2026-05-07 09:36:06,24368.35,24250.0,-2.0,260.0,1021930.0,0.6149,121.5,1976325.0,0.3815
2026-05-07 09:36:06,24368.35,24300.0,-1.0,229.0,5575115.0,0.5733,141.15,5253820.0,0.4241
2026-05-07 09:36:06,24368.35,24350.0,ATM,202.0,3387605.0,0.5309,162.0,2532855.0,0.4682
2026-05-07 09:36:06,24368.35,24400.0,+1.0,175.0,5804110.0,0.4878,186.8,3640260.0,0.513
2026-05-07 09:36:06,24368.35,24450.0,+2.0,151.0,1853085.0,0.4444,211.85,806130.0,0.5581
2026-05-07 09:36:06,24368.35,24500.0,+3.0,129.95,7478315.0,0.4014,240.2,2235870.0,0.6031
2026-05-07 09:37:07,24371.9,24200.0,-3.0,295.5,3667755.0,0.6537,103.75,5047250.0,0.3397
2026-05-07 09:37:07,24371.9,24250.0,-2.0,261.75,1065675.0,0.6146,120.9,1986465.0,0.3802
2026-05-07 09:37:07,24371.9,24300.0,-1.0,232.0,5642260.0,0.5739,140.2,5367180.0,0.423
2026-05-07 09:37:07,24371.9,24350.0,ATM,203.85,3635775.0,0.5321,161.6,2706795.0,0.4668
2026-05-07 09:37:07,24371.9,24400.0,+1.0,177.45,6060730.0,0.4893,185.45,3825575.0,0.5115
2026-05-07 09:37:07,24371.9,24450.0,+2.0,153.2,1894685.0,0.4464,211.6,852280.0,0.5566
2026-05-07 09:37:07,24371.9,24500.0,+3.0,131.0,7513350.0,0.4035,240.45,2268435.0,0.6016
2026-05-07 09:38:08,24362.75,24200.0,-3.0,291.3,3667755.0,0.6509,104.1,5047250.0,0.3404
2026-05-07 09:38:08,24362.75,24250.0,-2.0,258.15,1065675.0,0.6117,122.0,1986465.0,0.3815
2026-05-07 09:38:08,24362.75,24300.0,-1.0,228.45,5642260.0,0.5714,140.75,5367180.0,0.4245
2026-05-07 09:38:08,24362.75,24350.0,ATM,199.55,3635775.0,0.5296,163.15,2706795.0,0.4692
2026-05-07 09:38:08,24362.75,24400.0,+1.0,173.35,6060730.0,0.4868,187.5,3825575.0,0.5146
2026-05-07 09:38:08,24362.75,24450.0,+2.0,149.15,1894685.0,0.4436,212.45,852280.0,0.5604
2026-05-07 09:38:08,24362.75,24500.0,+3.0,127.65,7513350.0,0.4004,241.85,2268435.0,0.6059
2026-05-07 09:39:09,24352.25,24200.0,-3.0,283.05,3667755.0,0.6403,108.7,5047250.0,0.3534
2026-05-07 09:39:09,24352.25,24250.0,-2.0,251.6,1065675.0,0.6005,126.7,1986465.0,0.395
2026-05-07 09:39:09,24352.25,24300.0,-1.0,221.45,5642260.0,0.5591,147.05,5367180.0,0.4383
2026-05-07 09:39:09,24352.25,24350.0,ATM,194.0,3635775.0,0.5168,169.25,2706795.0,0.4828
2026-05-07 09:39:09,24352.25,24400.0,+1.0,168.1,6060730.0,0.4736,193.85,3825575.0,0.5279
2026-05-07 09:39:09,24352.25,24450.0,+2.0,145.15,1894685.0,0.4305,220.85,852280.0,0.5731
2026-05-07 09:39:09,24352.25,24500.0,+3.0,123.95,7513350.0,0.3877,249.65,2268435.0,0.6176
2026-05-07 09:40:09,24358.55,24200.0,-3.0,289.9,3675035.0,0.6451,105.85,5090410.0,0.3481
2026-05-07 09:40:09,24358.55,24250.0,-2.0,257.0,1072890.0,0.6054,123.15,2012270.0,0.3894
2026-05-07 09:40:09,24358.55,24300.0,-1.0,227.1,5627115.0,0.5645,143.2,5520190.0,0.4324
2026-05-07 09:40:09,24358.55,24350.0,ATM,199.0,3720080.0,0.5224,165.4,3028805.0,0.4768
2026-05-07 09:40:09,24358.55,24400.0,+1.0,173.0,6369155.0,0.4796,189.2,4089800.0,0.5218
2026-05-07 09:40:09,24358.55,24450.0,+2.0,149.05,1894685.0,0.4366,216.1,852280.0,0.5673
2026-05-07 09:40:09,24358.55,24500.0,+3.0,127.7,7576400.0,0.3939,243.7,2281695.0,0.6123
2026-05-07 09:41:10,24371.5,24200.0,-3.0,295.5,3675035.0,0.6546,101.4,5090410.0,0.3384
2026-05-07 09:41:10,24371.5,24250.0,-2.0,262.35,1072890.0,0.6152,118.15,2012270.0,0.3789
2026-05-07 09:41:10,24371.5,24300.0,-1.0,232.35,5627115.0,0.5745,137.0,5520190.0,0.4219
2026-05-07 09:41:10,24371.5,24350.0,ATM,203.2,3720080.0,0.5324,159.05,3028805.0,0.4662
2026-05-07 09:41:10,24371.5,24400.0,+1.0,176.25,6369155.0,0.4895,182.95,4089800.0,0.5116
2026-05-07 09:41:10,24371.5,24450.0,+2.0,152.8,2032615.0,0.446,207.75,904150.0,0.5569
2026-05-07 09:41:10,24371.5,24500.0,+3.0,130.45,7576400.0,0.4029,235.5,2281695.0,0.6029
2026-05-07 09:42:11,24390.35,24250.0,-3.0,272.3,1072890.0,0.6321,112.75,2012270.0,0.3616
2026-05-07 09:42:11,24390.35,24300.0,-2.0,241.4,5627115.0,0.5918,131.0,5520190.0,0.4033
2026-05-07 09:42:11,24390.35,24350.0,-1.0,211.55,3720080.0,0.5502,151.9,3028805.0,0.4474
2026-05-07 09:42:11,24390.35,24400.0,ATM,185.1,6369155.0,0.5075,174.3,4089800.0,0.4925
2026-05-07 09:42:11,24390.35,24450.0,+1.0,159.35,2032615.0,0.4641,200.05,904150.0,0.538
2026-05-07 09:42:11,24390.35,24500.0,+2.0,137.05,7576400.0,0.4206,226.15,2281695.0,0.5837
2026-05-07 09:42:11,24390.35,24550.0,+3.0,116.0,1536015.0,0.3777,257.1,250380.0,0.6288
2026-05-07 09:43:11,24395.4,24250.0,-3.0,275.3,1067365.0,0.6368,110.45,1975090.0,0.3586
2026-05-07 09:43:11,24395.4,24300.0,-2.0,243.85,5398770.0,0.5964,128.4,5421715.0,0.4002
2026-05-07 09:43:11,24395.4,24350.0,-1.0,214.65,3584100.0,0.5541,148.75,2872675.0,0.444
2026-05-07 09:43:11,24395.4,24400.0,ATM,186.95,6351215.0,0.511,171.0,4088110.0,0.4889
2026-05-07 09:43:11,24395.4,24450.0,+1.0,161.3,2013765.0,0.4672,196.35,904930.0,0.5343
2026-05-07 09:43:11,24395.4,24500.0,+2.0,138.45,7522905.0,0.4233,223.5,2292095.0,0.5799
2026-05-07 09:43:11,24395.4,24550.0,+3.0,117.75,1517490.0,0.3799,252.55,246025.0,0.625
2026-05-07 09:44:12,24400.95,24250.0,-3.0,280.0,1067365.0,0.6386,109.75,1975090.0,0.3549
2026-05-07 09:44:12,24400.95,24300.0,-2.0,249.0,5398770.0,0.5991,127.2,5421715.0,0.3965
2026-05-07 09:44:12,24400.95,24350.0,-1.0,218.05,3584100.0,0.5551,147.2,2872675.0,0.4424
2026-05-07 09:44:12,24400.95,24400.0,ATM,190.6,6351215.0,0.515,169.35,4088110.0,0.4846
2026-05-07 09:44:12,24400.95,24450.0,+1.0,165.2,2013765.0,0.4691,194.1,904930.0,0.533
2026-05-07 09:44:12,24400.95,24500.0,+2.0,142.0,7522905.0,0.428,220.25,2292095.0,0.5758
2026-05-07 09:44:12,24400.95,24550.0,+3.0,120.9,1517490.0,0.3851,248.9,246025.0,0.6211
2026-05-07 09:45:13,24397.45,24250.0,-3.0,279.4,1067365.0,0.6352,109.0,1975090.0,0.3593
2026-05-07 09:45:13,24397.45,24300.0,-2.0,247.35,5398770.0,0.5946,126.6,5421715.0,0.4012
2026-05-07 09:45:13,24397.45,24350.0,-1.0,217.15,3584100.0,0.5528,147.4,2872675.0,0.4449
2026-05-07 09:45:13,24397.45,24400.0,ATM,190.35,6351215.0,0.5099,168.85,4088110.0,0.49
2026-05-07 09:45:13,24397.45,24450.0,+1.0,163.9,2013765.0,0.4664,194.05,904930.0,0.5356
2026-05-07 09:45:13,24397.45,24500.0,+2.0,141.65,7522905.0,0.4231,219.7,2292095.0,0.5819
2026-05-07 09:45:13,24397.45,24550.0,+3.0,120.55,1517490.0,0.3804,249.0,246025.0,0.6265
2026-05-07 09:46:13,24393.6,24250.0,-3.0,274.15,1030900.0,0.6331,109.75,2002325.0,0.3607
2026-05-07 09:46:13,24393.6,24300.0,-2.0,242.6,5034965.0,0.5927,127.9,5542030.0,0.403
2026-05-07 09:46:13,24393.6,24350.0,-1.0,212.95,3246425.0,0.5507,148.35,3082495.0,0.4472
2026-05-07 09:46:13,24393.6,24400.0,ATM,185.65,6614270.0,0.5075,170.6,4512560.0,0.4925
2026-05-07 09:46:13,24393.6,24450.0,+1.0,160.25,2020720.0,0.4638,195.6,1009125.0,0.5385
2026-05-07 09:46:13,24393.6,24500.0,+2.0,137.55,7503600.0,0.4201,222.8,2454010.0,0.5849
2026-05-07 09:46:13,24393.6,24550.0,+3.0,116.75,1478620.0,0.3772,253.05,261885.0,0.6304
2026-05-07 09:47:14,24381.6,24250.0,-3.0,265.1,1030900.0,0.6266,114.3,2002325.0,0.3679
2026-05-07 09:47:14,24381.6,24300.0,-2.0,234.25,5034965.0,0.5854,132.8,5542030.0,0.4107
2026-05-07 09:47:14,24381.6,24350.0,-1.0,205.8,3246425.0,0.5431,153.9,3082495.0,0.4551
2026-05-07 09:47:14,24381.6,24400.0,ATM,179.6,6614270.0,0.4997,176.35,4512560.0,0.5006
2026-05-07 09:47:14,24381.6,24450.0,+1.0,154.3,2020720.0,0.4558,202.35,1009125.0,0.5466
2026-05-07 09:47:14,24381.6,24500.0,+2.0,132.55,7503600.0,0.412,229.8,2454010.0,0.5926
2026-05-07 09:47:14,24381.6,24550.0,+3.0,111.9,1478620.0,0.3689,259.5,261885.0,0.6381
2026-05-07 09:48:15,24375.25,24250.0,-3.0,261.9,1030900.0,0.6199,115.5,2002325.0,0.377
2026-05-07 09:48:15,24375.25,24300.0,-2.0,230.6,5034965.0,0.5781,134.4,5542030.0,0.4201
2026-05-07 09:48:15,24375.25,24350.0,-1.0,202.0,3246425.0,0.5347,155.55,3082495.0,0.4645
2026-05-07 09:48:15,24375.25,24400.0,ATM,174.65,6614270.0,0.4905,179.45,4512560.0,0.51
2026-05-07 09:48:15,24375.25,24450.0,+1.0,150.9,2020720.0,0.4461,205.6,1009125.0,0.5556
2026-05-07 09:48:15,24375.25,24500.0,+2.0,129.2,7503600.0,0.4021,232.6,2454010.0,0.6009
2026-05-07 09:48:15,24375.25,24550.0,+3.0,109.4,1478620.0,0.3589,262.9,261885.0,0.6458
2026-05-07 09:49:16,24374.05,24200.0,-3.0,294.6,3553810.0,0.6563,99.75,5167175.0,0.3362
2026-05-07 09:49:16,24374.05,24250.0,-2.0,260.85,1037660.0,0.6173,116.4,2037165.0,0.3774
2026-05-07 09:49:16,24374.05,24300.0,-1.0,230.15,5088265.0,0.5761,135.7,5483985.0,0.4204
2026-05-07 09:49:16,24374.05,24350.0,ATM,200.95,3247010.0,0.5334,157.0,3171935.0,0.4652
2026-05-07 09:49:16,24374.05,24400.0,+1.0,174.7,6671275.0,0.4899,180.5,4637165.0,0.511
2026-05-07 09:49:16,24374.05,24450.0,+2.0,150.35,2039700.0,0.4458,205.75,1027585.0,0.5571
2026-05-07 09:49:16,24374.05,24500.0,+3.0,128.75,7546630.0,0.402,234.0,2455115.0,0.6031
2026-05-07 09:50:16,24335.65,24200.0,-3.0,270.8,3553810.0,0.6325,113.45,5167175.0,0.364
2026-05-07 09:50:16,24335.65,24250.0,-2.0,238.7,1037660.0,0.592,131.4,2037165.0,0.4069
2026-05-07 09:50:16,24335.65,24300.0,-1.0,209.6,5088265.0,0.549,152.45,5483985.0,0.4503
2026-05-07 09:50:16,24335.65,24350.0,ATM,182.95,3247010.0,0.5052,174.9,3171935.0,0.4949
2026-05-07 09:50:16,24335.65,24400.0,+1.0,157.55,6671275.0,0.4609,200.2,4637165.0,0.5398
2026-05-07 09:50:16,24335.65,24450.0,+2.0,135.1,2039700.0,0.4169,228.0,1027585.0,0.5852
2026-05-07 09:50:16,24335.65,24500.0,+3.0,114.5,7546630.0,0.3737,257.35,2455115.0,0.6303
2026-05-07 09:51:17,24355.55,24200.0,-3.0,281.75,3553810.0,0.6452,106.95,5167175.0,0.3488
2026-05-07 09:51:17,24355.55,24250.0,-2.0,249.25,1037660.0,0.6048,124.6,2037165.0,0.3901
2026-05-07 09:51:17,24355.55,24300.0,-1.0,218.8,5088265.0,0.5635,144.7,5483985.0,0.4342
2026-05-07 09:51:17,24355.55,24350.0,ATM,191.4,3247010.0,0.5203,167.1,3171935.0,0.479
2026-05-07 09:51:17,24355.55,24400.0,+1.0,166.15,6671275.0,0.4767,190.7,4637165.0,0.5248
2026-05-07 09:51:17,24355.55,24450.0,+2.0,143.15,2039700.0,0.4333,217.7,1027585.0,0.5708
2026-05-07 09:51:17,24355.55,24500.0,+3.0,121.6,7546630.0,0.3897,246.3,2455115.0,0.6162
2026-05-07 09:52:18,24352.9,24200.0,-3.0,277.3,3391310.0,0.644,110.9,4956055.0,0.355
2026-05-07 09:52:18,24352.9,24250.0,-2.0,245.3,1056185.0,0.6033,128.9,1986855.0,0.396
2026-05-07 09:52:18,24352.9,24300.0,-1.0,216.5,5083910.0,0.5608,148.9,5473260.0,0.4388
2026-05-07 09:52:18,24352.9,24350.0,ATM,188.9,3445585.0,0.5172,171.8,3046355.0,0.4826
2026-05-07 09:52:18,24352.9,24400.0,+1.0,163.4,6641440.0,0.4734,196.35,4363580.0,0.5271
2026-05-07 09:52:18,24352.9,24450.0,+2.0,140.5,2070900.0,0.4294,223.4,964730.0,0.5717
2026-05-07 09:52:18,24352.9,24500.0,+3.0,119.6,7651475.0,0.3857,253.05,2401425.0,0.6149
2026-05-07 09:53:19,24353.05,24200.0,-3.0,278.05,3391310.0,0.6439,109.9,4956055.0,0.3535
2026-05-07 09:53:19,24353.05,24250.0,-2.0,246.05,1056185.0,0.6034,127.8,1986855.0,0.3948
2026-05-07 09:53:19,24353.05,24300.0,-1.0,216.5,5083910.0,0.5609,147.65,5473260.0,0.438
2026-05-07 09:53:19,24353.05,24350.0,ATM,189.15,3445585.0,0.5175,170.1,3046355.0,0.4823
2026-05-07 09:53:19,24353.05,24400.0,+1.0,163.6,6641440.0,0.4734,195.3,4363580.0,0.5271
2026-05-07 09:53:19,24353.05,24450.0,+2.0,140.4,2070900.0,0.4294,221.5,964730.0,0.5719
2026-05-07 09:53:19,24353.05,24500.0,+3.0,119.2,7651475.0,0.3858,250.5,2401425.0,0.6164
2026-05-07 09:54:20,24334.9,24200.0,-3.0,268.8,3391310.0,0.6231,118.85,4956055.0,0.3734
2026-05-07 09:54:20,24334.9,24250.0,-2.0,238.1,1056185.0,0.5837,136.75,1986855.0,0.4138
2026-05-07 09:54:20,24334.9,24300.0,-1.0,208.4,5083910.0,0.5418,158.4,5473260.0,0.4571
2026-05-07 09:54:20,24334.9,24350.0,ATM,181.85,3445585.0,0.499,181.3,3046355.0,0.5013
2026-05-07 09:54:20,24334.9,24400.0,+1.0,157.25,6641440.0,0.4558,207.75,4363580.0,0.546
2026-05-07 09:54:20,24334.9,24450.0,+2.0,135.1,2070900.0,0.4126,234.35,964730.0,0.5908
2026-05-07 09:54:20,24334.9,24500.0,+3.0,115.05,7651475.0,0.37,263.55,2401425.0,0.6345
2026-05-07 09:55:21,24341.95,24200.0,-3.0,273.75,3373760.0,0.6264,115.0,4864990.0,0.3677
2026-05-07 09:55:21,24341.95,24250.0,-2.0,241.3,1067625.0,0.5865,133.2,1917240.0,0.4098
2026-05-07 09:55:21,24341.95,24300.0,-1.0,212.9,5229835.0,0.5446,153.55,5525195.0,0.4534
2026-05-07 09:55:21,24341.95,24350.0,ATM,185.35,3441295.0,0.5021,176.25,3093740.0,0.4982
2026-05-07 09:55:21,24341.95,24400.0,+1.0,160.7,6600100.0,0.4591,201.35,4252560.0,0.5435
2026-05-07 09:55:21,24341.95,24450.0,+2.0,137.55,2051010.0,0.4158,228.95,949780.0,0.5889
2026-05-07 09:55:21,24341.95,24500.0,+3.0,117.2,7610525.0,0.3735,257.7,2409030.0,0.634
2026-05-07 09:56:22,24346.35,24200.0,-3.0,273.65,3373760.0,0.6381,114.35,4864990.0,0.3605
2026-05-07 09:56:22,24346.35,24250.0,-2.0,243.0,1067625.0,0.5976,133.2,1917240.0,0.4014
2026-05-07 09:56:22,24346.35,24300.0,-1.0,213.2,5229835.0,0.5551,153.6,5525195.0,0.4441
2026-05-07 09:56:22,24346.35,24350.0,ATM,186.05,3441295.0,0.5119,176.3,3093740.0,0.488
2026-05-07 09:56:22,24346.35,24400.0,+1.0,161.0,6600100.0,0.4681,201.7,4252560.0,0.5323
2026-05-07 09:56:22,24346.35,24450.0,+2.0,138.6,2051010.0,0.4243,228.85,949780.0,0.5769
2026-05-07 09:56:22,24346.35,24500.0,+3.0,117.8,7610525.0,0.3809,256.85,2409030.0,0.6203
2026-05-07 09:57:22,24336.45,24200.0,-3.0,270.85,3373760.0,0.6278,117.15,4864990.0,0.3692
2026-05-07 09:57:22,24336.45,24250.0,-2.0,239.7,1067625.0,0.5886,135.8,1917240.0,0.4104
2026-05-07 09:57:22,24336.45,24300.0,-1.0,210.25,5229835.0,0.5461,156.3,5525195.0,0.4534
2026-05-07 09:57:22,24336.45,24350.0,ATM,183.85,3441295.0,0.5028,179.9,3093740.0,0.4973
2026-05-07 09:57:22,24336.45,24400.0,+1.0,158.85,6600100.0,0.4592,205.35,4252560.0,0.5414
2026-05-07 09:57:22,24336.45,24450.0,+2.0,136.4,2051010.0,0.4159,232.9,949780.0,0.5857
2026-05-07 09:57:22,24336.45,24500.0,+3.0,116.25,7610525.0,0.3731,262.45,2409030.0,0.629
2026-05-07 09:58:23,24334.35,24200.0,-3.0,267.25,3401905.0,0.627,118.65,4892355.0,0.3713
2026-05-07 09:58:23,24334.35,24250.0,-2.0,235.65,1089205.0,0.5859,137.55,1933620.0,0.4132
2026-05-07 09:58:23,24334.35,24300.0,-1.0,207.45,5416125.0,0.5433,159.15,5642130.0,0.4562
2026-05-07 09:58:23,24334.35,24350.0,ATM,181.4,3591380.0,0.5,182.2,3069495.0,0.5
2026-05-07 09:58:23,24334.35,24400.0,+1.0,156.35,6752460.0,0.4563,208.1,4251455.0,0.5443
2026-05-07 09:58:23,24334.35,24450.0,+2.0,134.4,2116400.0,0.4129,235.0,960635.0,0.5882
2026-05-07 09:58:23,24334.35,24500.0,+3.0,113.9,7722780.0,0.3706,265.9,2425020.0,0.6318
2026-05-07 09:59:24,24350.55,24200.0,-3.0,277.0,3401905.0,0.6436,110.5,4892355.0,0.3542
2026-05-07 09:59:24,24350.55,24250.0,-2.0,245.5,1089205.0,0.6029,128.95,1933620.0,0.3956
2026-05-07 09:59:24,24350.55,24300.0,-1.0,215.8,5416125.0,0.5604,148.7,5642130.0,0.4387
2026-05-07 09:59:24,24350.55,24350.0,ATM,188.45,3591380.0,0.517,171.25,3069495.0,0.4828
2026-05-07 09:59:24,24350.55,24400.0,+1.0,163.05,6752460.0,0.4729,196.0,4251455.0,0.5276
2026-05-07 09:59:24,24350.55,24450.0,+2.0,139.95,2116400.0,0.429,222.95,960635.0,0.5727
2026-05-07 09:59:24,24350.55,24500.0,+3.0,119.3,7722780.0,0.3854,251.9,2425020.0,0.6168
2026-05-07 10:00:24,24342.2,24200.0,-3.0,271.2,3401905.0,0.6322,114.55,4892355.0,0.3651
2026-05-07 10:00:24,24342.2,24250.0,-2.0,239.7,1089205.0,0.5913,133.0,1933620.0,0.4071
2026-05-07 10:00:24,24342.2,24300.0,-1.0,210.0,5416125.0,0.5487,153.95,5642130.0,0.4504
2026-05-07 10:00:24,24342.2,24350.0,ATM,183.7,3591380.0,0.5053,176.95,3069495.0,0.4948
2026-05-07 10:00:24,24342.2,24400.0,+1.0,158.6,6752460.0,0.4615,202.25,4251455.0,0.5396
2026-05-07 10:00:24,24342.2,24450.0,+2.0,136.2,2116400.0,0.4177,229.75,960635.0,0.5844
2026-05-07 10:00:24,24342.2,24500.0,+3.0,115.65,7722780.0,0.3748,259.5,2425020.0,0.6287
2026-05-07 10:01:25,24362.95,24200.0,-3.0,283.8,3438955.0,0.6506,106.8,4974255.0,0.3466
2026-05-07 10:01:25,24362.95,24250.0,-2.0,250.85,1097135.0,0.6101,124.25,1925560.0,0.3877
2026-05-07 10:01:25,24362.95,24300.0,-1.0,220.7,5462470.0,0.5679,143.85,5645055.0,0.4307
2026-05-07 10:01:25,24362.95,24350.0,ATM,193.3,3746990.0,0.5248,165.85,3065530.0,0.4749
2026-05-07 10:01:25,24362.95,24400.0,+1.0,167.45,6783660.0,0.4807,190.0,4211285.0,0.5198
2026-05-07 10:01:25,24362.95,24450.0,+2.0,143.85,2163395.0,0.4365,216.45,944320.0,0.5649
2026-05-07 10:01:25,24362.95,24500.0,+3.0,122.6,7796295.0,0.3926,245.65,2396095.0,0.61
2026-05-07 10:02:26,24373.55,24200.0,-3.0,294.8,3438955.0,0.6585,101.0,4974255.0,0.3356
2026-05-07 10:02:26,24373.55,24250.0,-2.0,260.2,1097135.0,0.6193,118.95,1925560.0,0.3761
2026-05-07 10:02:26,24373.55,24300.0,-1.0,228.35,5462470.0,0.5781,137.85,5645055.0,0.4195
2026-05-07 10:02:26,24373.55,24350.0,ATM,200.0,3746990.0,0.5354,159.1,3065530.0,0.4634
2026-05-07 10:02:26,24373.55,24400.0,+1.0,173.75,6783660.0,0.4919,182.9,4211285.0,0.5087
2026-05-07 10:02:26,24373.55,24450.0,+2.0,151.0,2163395.0,0.4481,206.7,944320.0,0.5544
2026-05-07 10:02:26,24373.55,24500.0,+3.0,128.25,7796295.0,0.4033,236.0,2396095.0,0.5993
2026-05-07 10:03:27,24371.75,24200.0,-3.0,290.2,3438955.0,0.6579,102.1,4974255.0,0.3386
2026-05-07 10:03:27,24371.75,24250.0,-2.0,257.1,1097135.0,0.6175,119.95,1925560.0,0.3794
2026-05-07 10:03:27,24371.75,24300.0,-1.0,227.4,5462470.0,0.576,138.05,5645055.0,0.4224
2026-05-07 10:03:27,24371.75,24350.0,ATM,197.9,3746990.0,0.5326,160.3,3065530.0,0.4667
2026-05-07 10:03:27,24371.75,24400.0,+1.0,172.15,6783660.0,0.4886,183.3,4211285.0,0.5119
2026-05-07 10:03:27,24371.75,24450.0,+2.0,147.5,2163395.0,0.4443,210.6,944320.0,0.5575
2026-05-07 10:03:27,24371.75,24500.0,+3.0,126.45,7796295.0,0.4004,237.4,2396095.0,0.6033
2026-05-07 10:04:27,24371.8,24200.0,-3.0,290.15,3478280.0,0.6589,102.2,4947150.0,0.3399
2026-05-07 10:04:27,24371.8,24250.0,-2.0,256.7,1089270.0,0.6181,119.35,1893060.0,0.3805
2026-05-07 10:04:27,24371.8,24300.0,-1.0,226.4,5422235.0,0.5757,139.25,5621070.0,0.423
2026-05-07 10:04:27,24371.8,24350.0,ATM,198.4,3950635.0,0.5324,160.45,3013205.0,0.4673
2026-05-07 10:04:27,24371.8,24400.0,+1.0,171.45,7209735.0,0.4882,184.8,4280575.0,0.5123
2026-05-07 10:04:27,24371.8,24450.0,+2.0,147.65,2248025.0,0.4436,210.15,955630.0,0.5572
2026-05-07 10:04:27,24371.8,24500.0,+3.0,125.8,7778875.0,0.3998,238.5,2365545.0,0.6033
2026-05-07 10:05:28,24364.95,24200.0,-3.0,284.4,3478280.0,0.6538,105.55,4947150.0,0.3442
2026-05-07 10:05:28,24364.95,24250.0,-2.0,251.25,1089270.0,0.613,123.35,1893060.0,0.3854
2026-05-07 10:05:28,24364.95,24300.0,-1.0,220.95,5422235.0,0.5709,143.4,5621070.0,0.4283
2026-05-07 10:05:28,24364.95,24350.0,ATM,192.9,3950635.0,0.5272,165.35,3013205.0,0.4724
2026-05-07 10:05:28,24364.95,24400.0,+1.0,166.7,7209735.0,0.483,189.35,4280575.0,0.5174
2026-05-07 10:05:28,24364.95,24450.0,+2.0,143.5,2248025.0,0.4385,215.6,955630.0,0.5625
2026-05-07 10:05:28,24364.95,24500.0,+3.0,122.55,7778875.0,0.3947,243.25,2365545.0,0.6073
2026-05-07 10:06:28,24362.95,24200.0,-3.0,282.4,3478280.0,0.6507,106.05,4947150.0,0.3464
2026-05-07 10:06:28,24362.95,24250.0,-2.0,251.45,1089270.0,0.6106,123.45,1893060.0,0.3875
2026-05-07 10:06:28,24362.95,24300.0,-1.0,221.2,5422235.0,0.5686,143.45,5621070.0,0.4301
2026-05-07 10:06:28,24362.95,24350.0,ATM,192.65,3950635.0,0.5251,165.7,3013205.0,0.4745
2026-05-07 10:06:28,24362.95,24400.0,+1.0,167.6,7209735.0,0.4809,188.95,4280575.0,0.5195
2026-05-07 10:06:28,24362.95,24450.0,+2.0,143.65,2248025.0,0.4366,216.5,955630.0,0.5649
2026-05-07 10:06:28,24362.95,24500.0,+3.0,122.5,7778875.0,0.3928,245.05,2365545.0,0.6097
2026-05-07 10:07:29,24339.4,24200.0,-3.0,270.05,3456570.0,0.634,113.5,4951700.0,0.3648
2026-05-07 10:07:29,24339.4,24250.0,-2.0,238.0,1099280.0,0.5928,132.0,1911390.0,0.4062
2026-05-07 10:07:29,24339.4,24300.0,-1.0,209.0,5356585.0,0.5497,152.65,5622500.0,0.4498
2026-05-07 10:07:29,24339.4,24350.0,ATM,182.2,3918590.0,0.5058,175.65,3142100.0,0.4942
2026-05-07 10:07:29,24339.4,24400.0,+1.0,157.6,7128875.0,0.4616,200.45,4354610.0,0.5391
2026-05-07 10:07:29,24339.4,24450.0,+2.0,135.0,2262975.0,0.4173,228.45,982930.0,0.584
2026-05-07 10:07:29,24339.4,24500.0,+3.0,114.85,7768150.0,0.3739,258.4,2405520.0,0.6274
2026-05-07 10:08:29,24324.05,24150.0,-3.0,293.4,751335.0,0.6578,104.1,2029625.0,0.3386
2026-05-07 10:08:29,24324.05,24200.0,-2.0,260.6,3456570.0,0.6182,121.5,4951700.0,0.379
2026-05-07 10:08:29,24324.05,24250.0,-1.0,230.4,1099280.0,0.5772,140.55,1911390.0,0.4214
2026-05-07 10:08:29,24324.05,24300.0,ATM,202.2,5356585.0,0.5344,162.7,5622500.0,0.465
2026-05-07 10:08:29,24324.05,24350.0,+1.0,175.9,3918590.0,0.4911,185.9,3142100.0,0.5092
2026-05-07 10:08:29,24324.05,24400.0,+2.0,152.2,7128875.0,0.4476,212.35,4354610.0,0.5536
2026-05-07 10:08:29,24324.05,24450.0,+3.0,130.0,2262975.0,0.4045,241.35,982930.0,0.5977
2026-05-07 10:09:30,24329.4,24200.0,-3.0,262.05,3456570.0,0.6257,119.0,4951700.0,0.3717
2026-05-07 10:09:30,24329.4,24250.0,-2.0,231.3,1099280.0,0.5844,137.65,1911390.0,0.4142
2026-05-07 10:09:30,24329.4,24300.0,-1.0,202.8,5356585.0,0.5414,159.6,5622500.0,0.4578
2026-05-07 10:09:30,24329.4,24350.0,ATM,176.55,3918590.0,0.4977,183.0,3142100.0,0.5025
2026-05-07 10:09:30,24329.4,24400.0,+1.0,153.75,7128875.0,0.4544,207.2,4354610.0,0.5465
2026-05-07 10:09:30,24329.4,24450.0,+2.0,130.4,2262975.0,0.4101,236.35,982930.0,0.5923
2026-05-07 10:09:30,24329.4,24500.0,+3.0,110.75,7768150.0,0.3671,267.0,2405520.0,0.6358
2026-05-07 10:10:31,24333.25,24200.0,-3.0,262.65,3471520.0,0.6269,117.1,4953195.0,0.3707
2026-05-07 10:10:31,24333.25,24250.0,-2.0,232.45,1128335.0,0.5857,136.6,1926665.0,0.4132
2026-05-07 10:10:31,24333.25,24300.0,-1.0,203.45,5503745.0,0.5425,157.8,5721820.0,0.4569
2026-05-07 10:10:31,24333.25,24350.0,ATM,177.05,3956875.0,0.4986,181.45,3113890.0,0.5015
2026-05-07 10:10:31,24333.25,24400.0,+1.0,152.9,7060950.0,0.4544,207.4,4244240.0,0.5463
2026-05-07 10:10:31,24333.25,24450.0,+2.0,130.85,2286830.0,0.4105,235.3,920530.0,0.5909
2026-05-07 10:10:31,24333.25,24500.0,+3.0,111.35,7888205.0,0.3669,265.45,2388815.0,0.6335
2026-05-07 10:11:33,24331.95,24200.0,-3.0,265.3,3471520.0,0.6291,115.6,4953195.0,0.3687
2026-05-07 10:11:33,24331.95,24250.0,-2.0,233.95,1128335.0,0.5872,134.4,1926665.0,0.411
2026-05-07 10:11:33,24331.95,24300.0,-1.0,205.0,5503745.0,0.5441,155.6,5721820.0,0.4549
2026-05-07 10:11:33,24331.95,24350.0,ATM,178.9,3956875.0,0.5004,178.6,3113890.0,0.4997
2026-05-07 10:11:33,24331.95,24400.0,+1.0,154.0,7060950.0,0.4564,204.3,4244240.0,0.5449
2026-05-07 10:11:33,24331.95,24450.0,+2.0,131.8,2286830.0,0.4126,232.1,920530.0,0.5895
2026-05-07 10:11:33,24331.95,24500.0,+3.0,112.15,7888205.0,0.3691,262.8,2388815.0,0.6339
2026-05-07 10:12:34,24316.3,24150.0,-3.0,287.9,744705.0,0.6566,105.9,1997580.0,0.3417
2026-05-07 10:12:34,24316.3,24200.0,-2.0,255.85,3471520.0,0.6157,123.5,4953195.0,0.3824
2026-05-07 10:12:34,24316.3,24250.0,-1.0,225.9,1128335.0,0.5742,143.7,1926665.0,0.425
2026-05-07 10:12:34,24316.3,24300.0,ATM,198.0,5503745.0,0.5311,165.15,5721820.0,0.4686
2026-05-07 10:12:34,24316.3,24350.0,+1.0,172.35,3956875.0,0.4875,189.35,3113890.0,0.5128
2026-05-07 10:12:34,24316.3,24400.0,+2.0,148.85,7060950.0,0.4436,216.0,4244240.0,0.5569
2026-05-07 10:12:34,24316.3,24450.0,+3.0,127.5,2286830.0,0.4003,244.3,920530.0,0.6006
2026-05-07 10:13:35,24314.6,24150.0,-3.0,286.55,746720.0,0.6538,106.25,1969565.0,0.3461
2026-05-07 10:13:35,24314.6,24200.0,-2.0,254.1,3379350.0,0.6127,124.0,4955015.0,0.3864
2026-05-07 10:13:35,24314.6,24250.0,-1.0,224.55,1137045.0,0.5707,143.55,1848600.0,0.429
2026-05-07 10:13:35,24314.6,24300.0,ATM,196.25,5631860.0,0.5274,165.55,5974605.0,0.4725
2026-05-07 10:13:35,24314.6,24350.0,+1.0,170.7,3876990.0,0.4834,190.3,3059940.0,0.5167
2026-05-07 10:13:35,24314.6,24400.0,+2.0,147.5,7249905.0,0.4395,216.0,4115280.0,0.561
2026-05-07 10:13:35,24314.6,24450.0,+3.0,125.9,2342210.0,0.3959,244.6,930215.0,0.6046
2026-05-07 10:14:36,24324.45,24150.0,-3.0,294.5,746720.0,0.6564,102.25,1969565.0,0.3376
2026-05-07 10:14:36,24324.45,24200.0,-2.0,262.0,3379350.0,0.6172,119.0,4955015.0,0.3777
2026-05-07 10:14:36,24324.45,24250.0,-1.0,231.35,1137045.0,0.5766,138.4,1848600.0,0.4206
2026-05-07 10:14:36,24324.45,24300.0,ATM,203.05,5631860.0,0.5341,160.5,5974605.0,0.4646
2026-05-07 10:14:36,24324.45,24350.0,+1.0,176.85,3876990.0,0.4911,183.95,3059940.0,0.5096
2026-05-07 10:14:36,24324.45,24400.0,+2.0,152.6,7249905.0,0.4478,210.6,4115280.0,0.5549
2026-05-07 10:14:36,24324.45,24450.0,+3.0,131.05,2342210.0,0.4046,238.4,930215.0,0.6001
2026-05-07 10:15:36,24328.8,24200.0,-3.0,264.5,3379350.0,0.6239,117.75,4955015.0,0.3732
2026-05-07 10:15:36,24328.8,24250.0,-2.0,233.6,1137045.0,0.5827,136.85,1848600.0,0.4156
2026-05-07 10:15:36,24328.8,24300.0,-1.0,205.0,5631860.0,0.5398,157.75,5974605.0,0.4591
2026-05-07 10:15:36,24328.8,24350.0,ATM,178.9,3876990.0,0.4965,181.35,3059940.0,0.5038
2026-05-07 10:15:36,24328.8,24400.0,+1.0,154.35,7249905.0,0.453,207.05,4115280.0,0.5489
2026-05-07 10:15:36,24328.8,24450.0,+2.0,132.55,2342210.0,0.4094,235.0,930215.0,0.5935
2026-05-07 10:15:36,24328.8,24500.0,+3.0,112.55,7925515.0,0.3666,265.65,2408640.0,0.6376
2026-05-07 10:16:37,24328.1,24200.0,-3.0,264.35,3432845.0,0.6235,117.15,4939090.0,0.3747
2026-05-07 10:16:37,24328.1,24250.0,-2.0,234.35,1159925.0,0.5817,136.05,1867580.0,0.4169
2026-05-07 10:16:37,24328.1,24300.0,-1.0,205.75,5828810.0,0.539,157.55,5991505.0,0.4604
2026-05-07 10:16:37,24328.1,24350.0,ATM,178.85,4064450.0,0.4955,180.55,2993250.0,0.5047
2026-05-07 10:16:37,24328.1,24400.0,+1.0,154.7,7292155.0,0.4517,206.2,4068025.0,0.5494
2026-05-07 10:16:37,24328.1,24450.0,+2.0,132.7,2368145.0,0.4083,234.25,916435.0,0.5938
2026-05-07 10:16:37,24328.1,24500.0,+3.0,112.55,7992010.0,0.3658,264.2,2376075.0,0.6373
2026-05-07 10:17:37,24334.75,24200.0,-3.0,268.3,3432845.0,0.6288,116.25,4939090.0,0.369
2026-05-07 10:17:37,24334.75,24250.0,-2.0,236.7,1159925.0,0.5877,135.3,1867580.0,0.4111
2026-05-07 10:17:37,24334.75,24300.0,-1.0,208.5,5828810.0,0.5451,155.85,5991505.0,0.4544
2026-05-07 10:17:37,24334.75,24350.0,ATM,181.4,4064450.0,0.5015,179.25,2993250.0,0.4986
2026-05-07 10:17:37,24334.75,24400.0,+1.0,157.05,7292155.0,0.4578,205.1,4068025.0,0.5432
2026-05-07 10:17:37,24334.75,24450.0,+2.0,134.85,2368145.0,0.414,232.45,916435.0,0.5879
2026-05-07 10:17:37,24334.75,24500.0,+3.0,114.4,7992010.0,0.3712,262.05,2376075.0,0.631
2026-05-07 10:18:38,24348.85,24200.0,-3.0,275.5,3432845.0,0.6364,111.0,4939090.0,0.3589
2026-05-07 10:18:38,24348.85,24250.0,-2.0,243.6,1159925.0,0.5963,128.9,1867580.0,0.4011
2026-05-07 10:18:38,24348.85,24300.0,-1.0,214.3,5828810.0,0.5542,149.25,5991505.0,0.4446
2026-05-07 10:18:38,24348.85,24350.0,ATM,187.1,4064450.0,0.5108,171.8,2993250.0,0.4891
2026-05-07 10:18:38,24348.85,24400.0,+1.0,162.0,7292155.0,0.467,196.85,4068025.0,0.5343
2026-05-07 10:18:38,24348.85,24450.0,+2.0,139.15,2368145.0,0.4232,223.45,916435.0,0.5794
2026-05-07 10:18:38,24348.85,24500.0,+3.0,118.15,7992010.0,0.38,253.0,2376075.0,0.6243
2026-05-07 10:19:38,24341.85,24200.0,-3.0,271.3,3444805.0,0.6328,113.0,4886895.0,0.3634
2026-05-07 10:19:38,24341.85,24250.0,-2.0,239.6,1170000.0,0.5917,131.95,1867515.0,0.4056
2026-05-07 10:19:38,24341.85,24300.0,-1.0,210.6,5862220.0,0.5506,152.4,5915065.0,0.4484
2026-05-07 10:19:38,24341.85,24350.0,ATM,183.35,4146415.0,0.5071,175.2,2945410.0,0.4929
2026-05-07 10:19:38,24341.85,24400.0,+1.0,158.65,7384585.0,0.4631,200.7,3949400.0,0.5378
2026-05-07 10:19:38,24341.85,24450.0,+2.0,136.0,2377830.0,0.4185,227.75,907920.0,0.5845
2026-05-07 10:19:38,24341.85,24500.0,+3.0,115.75,7943260.0,0.3755,257.65,2301715.0,0.629
2026-05-07 10:20:39,24348.4,24200.0,-3.0,274.0,3444805.0,0.6415,109.95,4886895.0,0.3567
2026-05-07 10:20:39,24348.4,24250.0,-2.0,242.4,1170000.0,0.6001,127.8,1867515.0,0.3985
2026-05-07 10:20:39,24348.4,24300.0,-1.0,212.45,5862220.0,0.5572,149.2,5915065.0,0.442
2026-05-07 10:20:39,24348.4,24350.0,ATM,185.2,4146415.0,0.5134,171.0,2945410.0,0.4865
2026-05-07 10:20:39,24348.4,24400.0,+1.0,160.95,7384585.0,0.4692,196.3,3949400.0,0.5315
2026-05-07 10:20:39,24348.4,24450.0,+2.0,137.65,2377830.0,0.4249,223.15,907920.0,0.5765
2026-05-07 10:20:39,24348.4,24500.0,+3.0,117.1,7943260.0,0.3813,253.0,2301715.0,0.6206
2026-05-07 10:21:40,24349.5,24200.0,-3.0,273.8,3444805.0,0.6412,109.75,4886895.0,0.3577
2026-05-07 10:21:40,24349.5,24250.0,-2.0,242.25,1170000.0,0.5992,127.7,1867515.0,0.3986
2026-05-07 10:21:40,24349.5,24300.0,-1.0,213.0,5862220.0,0.5564,147.95,5915065.0,0.4423
2026-05-07 10:21:40,24349.5,24350.0,ATM,185.6,4146415.0,0.5127,170.6,2945410.0,0.4872
2026-05-07 10:21:40,24349.5,24400.0,+1.0,160.8,7384585.0,0.4683,195.6,3949400.0,0.5325
2026-05-07 10:21:40,24349.5,24450.0,+2.0,137.5,2377830.0,0.4241,222.95,907920.0,0.5773
2026-05-07 10:21:40,24349.5,24500.0,+3.0,117.1,7943260.0,0.3797,252.85,2301715.0,0.6215
2026-05-07 10:22:41,24348.45,24200.0,-3.0,272.2,3392285.0,0.6442,111.0,4898205.0,0.355
2026-05-07 10:22:41,24348.45,24250.0,-2.0,239.95,1184300.0,0.6029,129.2,1876875.0,0.3968
2026-05-07 10:22:41,24348.45,24300.0,-1.0,211.25,5922930.0,0.5595,149.9,6000475.0,0.44
2026-05-07 10:22:41,24348.45,24350.0,ATM,184.15,4218045.0,0.5155,172.2,3142165.0,0.4844
2026-05-07 10:22:41,24348.45,24400.0,+1.0,159.0,7478055.0,0.471,197.9,4003155.0,0.5295
2026-05-07 10:22:41,24348.45,24450.0,+2.0,136.25,2403635.0,0.4266,225.4,920920.0,0.5745
2026-05-07 10:22:41,24348.45,24500.0,+3.0,115.75,7986680.0,0.3825,254.8,2284165.0,0.6187
2026-05-07 10:23:41,24353.05,24200.0,-3.0,275.2,3392285.0,0.6447,108.5,4898205.0,0.3527
2026-05-07 10:23:41,24353.05,24250.0,-2.0,243.4,1184300.0,0.6037,125.95,1876875.0,0.3949
2026-05-07 10:23:41,24353.05,24300.0,-1.0,213.65,5922930.0,0.5609,146.4,6000475.0,0.4383
2026-05-07 10:23:41,24353.05,24350.0,ATM,186.9,4218045.0,0.5168,168.75,3142165.0,0.483
2026-05-07 10:23:41,24353.05,24400.0,+1.0,161.55,7478055.0,0.4724,193.2,4003155.0,0.5284
2026-05-07 10:23:41,24353.05,24450.0,+2.0,138.45,2403635.0,0.4277,220.25,920920.0,0.5737
2026-05-07 10:23:41,24353.05,24500.0,+3.0,117.5,7986680.0,0.3841,249.5,2284165.0,0.6182
2026-05-07 10:24:43,24347.15,24200.0,-3.0,269.95,3392285.0,0.639,111.2,4898205.0,0.3597
2026-05-07 10:24:43,24347.15,24250.0,-2.0,238.7,1184300.0,0.5973,129.6,1876875.0,0.4016
2026-05-07 10:24:43,24347.15,24300.0,-1.0,209.25,5922930.0,0.5542,150.6,6000475.0,0.4454
2026-05-07 10:24:43,24347.15,24350.0,ATM,182.3,4218045.0,0.51,173.3,3142165.0,0.49
2026-05-07 10:24:43,24347.15,24400.0,+1.0,157.3,7478055.0,0.4653,198.75,4003155.0,0.5351
2026-05-07 10:24:43,24347.15,24450.0,+2.0,135.3,2403635.0,0.4208,226.5,920920.0,0.58
2026-05-07 10:24:43,24347.15,24500.0,+3.0,114.75,7986680.0,0.3772,256.0,2284165.0,0.6245
2026-05-07 10:25:44,24356.45,24200.0,-3.0,279.3,3381625.0,0.6423,107.55,4901975.0,0.3538
2026-05-07 10:25:44,24356.45,24250.0,-2.0,246.85,1164475.0,0.6015,124.9,1869855.0,0.3954
2026-05-07 10:25:44,24356.45,24300.0,-1.0,217.2,5763485.0,0.5593,145.0,6105060.0,0.439
2026-05-07 10:25:44,24356.45,24350.0,ATM,189.55,4149210.0,0.5159,167.1,3239925.0,0.4839
2026-05-07 10:25:44,24356.45,24400.0,+1.0,163.85,7359040.0,0.4716,192.1,4073160.0,0.5292
2026-05-07 10:25:44,24356.45,24450.0,+2.0,140.25,2405975.0,0.4289,218.55,934375.0,0.5742
2026-05-07 10:25:44,24356.45,24500.0,+3.0,119.7,7988630.0,0.3854,247.25,2316405.0,0.6201
2026-05-07 10:26:45,24366.55,24200.0,-3.0,286.0,3381625.0,0.6491,104.6,4901975.0,0.3479
2026-05-07 10:26:45,24366.55,24250.0,-2.0,253.65,1164475.0,0.6081,121.85,1869855.0,0.3893
2026-05-07 10:26:45,24366.55,24300.0,-1.0,220.0,5763485.0,0.5658,143.8,6105060.0,0.4326
2026-05-07 10:26:45,24366.55,24350.0,ATM,191.6,4149210.0,0.5225,166.05,3239925.0,0.4771
2026-05-07 10:26:45,24366.55,24400.0,+1.0,168.9,7359040.0,0.4783,186.7,4073160.0,0.5223
2026-05-07 10:26:45,24366.55,24450.0,+2.0,142.65,2405975.0,0.4341,216.65,934375.0,0.5677
2026-05-07 10:26:45,24366.55,24500.0,+3.0,123.65,7988630.0,0.3904,242.15,2316405.0,0.613
2026-05-07 10:27:46,24366.0,24200.0,-3.0,285.6,3381625.0,0.6555,105.65,4901975.0,0.3432
2026-05-07 10:27:46,24366.0,24250.0,-2.0,253.9,1164475.0,0.6147,123.15,1869855.0,0.3838
2026-05-07 10:27:46,24366.0,24300.0,-1.0,223.8,5763485.0,0.5725,142.3,6105060.0,0.4267
2026-05-07 10:27:46,24366.0,24350.0,ATM,196.0,4149210.0,0.5292,164.35,3239925.0,0.4706
2026-05-07 10:27:46,24366.0,24400.0,+1.0,169.9,7359040.0,0.4851,188.5,4073160.0,0.5152
2026-05-07 10:27:46,24366.0,24450.0,+2.0,145.75,2405975.0,0.4408,214.3,934375.0,0.5602
2026-05-07 10:27:46,24366.0,24500.0,+3.0,124.4,7988630.0,0.3969,243.1,2316405.0,0.6048
2026-05-07 10:28:46,24361.35,24200.0,-3.0,284.55,3361995.0,0.6484,107.25,4865510.0,0.3492
2026-05-07 10:28:46,24361.35,24250.0,-2.0,251.8,1150955.0,0.6098,124.6,1858025.0,0.3886
2026-05-07 10:28:46,24361.35,24300.0,-1.0,221.2,5663645.0,0.5678,144.5,6004180.0,0.4313
2026-05-07 10:28:46,24361.35,24350.0,ATM,193.5,4271670.0,0.5243,166.3,3249350.0,0.4753
2026-05-07 10:28:46,24361.35,24400.0,+1.0,167.7,7220915.0,0.4804,190.85,4075565.0,0.5201
2026-05-07 10:28:46,24361.35,24450.0,+2.0,144.4,2378545.0,0.4362,217.65,923455.0,0.5649
2026-05-07 10:28:46,24361.35,24500.0,+3.0,123.25,7920965.0,0.3927,246.1,2305485.0,0.6095
2026-05-07 10:29:48,24357.9,24200.0,-3.0,280.8,3361995.0,0.6464,107.35,4865510.0,0.3505
2026-05-07 10:29:48,24357.9,24250.0,-2.0,249.55,1150955.0,0.6058,124.9,1858025.0,0.3918
2026-05-07 10:29:48,24357.9,24300.0,-1.0,219.45,5663645.0,0.5638,145.3,6004180.0,0.435
2026-05-07 10:29:48,24357.9,24350.0,ATM,191.35,4271670.0,0.5205,167.25,3249350.0,0.4792
2026-05-07 10:29:48,24357.9,24400.0,+1.0,166.0,7220915.0,0.4766,192.0,4075565.0,0.5242
2026-05-07 10:29:48,24357.9,24450.0,+2.0,143.1,2378545.0,0.4326,218.45,923455.0,0.5696
2026-05-07 10:29:48,24357.9,24500.0,+3.0,122.0,7920965.0,0.3893,247.35,2305485.0,0.614
2026-05-07 10:30:49,24369.8,24200.0,-3.0,287.75,3361995.0,0.6574,103.65,4865510.0,0.3396
2026-05-07 10:30:49,24369.8,24250.0,-2.0,255.2,1150955.0,0.6174,120.85,1858025.0,0.3809
2026-05-07 10:30:49,24369.8,24300.0,-1.0,225.0,5663645.0,0.5752,140.5,6004180.0,0.4236
2026-05-07 10:30:49,24369.8,24350.0,ATM,196.75,4271670.0,0.5318,162.0,3249350.0,0.4677
2026-05-07 10:30:49,24369.8,24400.0,+1.0,170.5,7220915.0,0.4878,186.0,4075565.0,0.5127
2026-05-07 10:30:49,24369.8,24450.0,+2.0,147.05,2378545.0,0.4433,211.85,923455.0,0.5578
2026-05-07 10:30:49,24369.8,24500.0,+3.0,125.65,7920965.0,0.3997,240.8,2305485.0,0.6027
2026-05-07 10:31:49,24369.7,24200.0,-3.0,288.0,3334695.0,0.6574,103.8,4867070.0,0.3403
2026-05-07 10:31:49,24369.7,24250.0,-2.0,255.85,1147510.0,0.6167,120.4,1853215.0,0.3813
2026-05-07 10:31:49,24369.7,24300.0,-1.0,225.45,5624255.0,0.5748,139.8,6008340.0,0.424
2026-05-07 10:31:49,24369.7,24350.0,ATM,196.55,4269330.0,0.5312,161.25,3349450.0,0.4682
2026-05-07 10:31:49,24369.7,24400.0,+1.0,170.15,7276100.0,0.487,185.25,4160845.0,0.5134
2026-05-07 10:31:49,24369.7,24450.0,+2.0,146.0,2387645.0,0.4425,211.3,938210.0,0.5587
2026-05-07 10:31:49,24369.7,24500.0,+3.0,124.8,7947160.0,0.3985,240.0,2343900.0,0.6037
2026-05-07 10:32:50,24367.8,24200.0,-3.0,286.1,3334695.0,0.6576,104.5,4867070.0,0.3409
2026-05-07 10:32:50,24367.8,24250.0,-2.0,254.0,1147510.0,0.6171,121.45,1853215.0,0.3812
2026-05-07 10:32:50,24367.8,24300.0,-1.0,223.9,5624255.0,0.5749,140.8,6008340.0,0.4242
2026-05-07 10:32:50,24367.8,24350.0,ATM,195.8,4269330.0,0.5314,161.8,3349450.0,0.4683
2026-05-07 10:32:50,24367.8,24400.0,+1.0,169.35,7276100.0,0.487,186.45,4160845.0,0.5132
2026-05-07 10:32:50,24367.8,24450.0,+2.0,145.75,2387645.0,0.4426,212.6,938210.0,0.5585
2026-05-07 10:32:50,24367.8,24500.0,+3.0,123.95,7947160.0,0.3982,241.6,2343900.0,0.603
2026-05-07 10:33:51,24372.4,24200.0,-3.0,294.25,3334695.0,0.6585,100.8,4867070.0,0.3367
2026-05-07 10:33:51,24372.4,24250.0,-2.0,261.95,1147510.0,0.6189,117.3,1853215.0,0.3774
2026-05-07 10:33:51,24372.4,24300.0,-1.0,230.85,5624255.0,0.5776,136.65,6008340.0,0.4203
2026-05-07 10:33:51,24372.4,24350.0,ATM,202.3,4269330.0,0.5345,157.25,3349450.0,0.4646
2026-05-07 10:33:51,24372.4,24400.0,+1.0,175.4,7276100.0,0.4908,180.5,4160845.0,0.5098
2026-05-07 10:33:51,24372.4,24450.0,+2.0,150.9,2387645.0,0.4466,206.25,938210.0,0.5555
2026-05-07 10:33:51,24372.4,24500.0,+3.0,128.85,7947160.0,0.4026,234.35,2343900.0,0.6009
2026-05-07 10:34:52,24368.35,24200.0,-3.0,289.45,3303430.0,0.6552,103.4,4930900.0,0.3407
2026-05-07 10:34:52,24368.35,24250.0,-2.0,257.85,1137630.0,0.6152,121.0,1872520.0,0.3818
2026-05-07 10:34:52,24368.35,24300.0,-1.0,227.1,5528055.0,0.5734,139.95,6026475.0,0.4244
2026-05-07 10:34:52,24368.35,24350.0,ATM,198.9,4206215.0,0.5306,161.55,3363620.0,0.4687
2026-05-07 10:34:52,24368.35,24400.0,+1.0,172.65,7241650.0,0.4869,185.8,4225065.0,0.5137
2026-05-07 10:34:52,24368.35,24450.0,+2.0,148.6,2368210.0,0.4427,211.75,958750.0,0.5594
2026-05-07 10:34:52,24368.35,24500.0,+3.0,126.6,7851285.0,0.3991,239.7,2338310.0,0.6047
2026-05-07 10:35:53,24359.75,24200.0,-3.0,279.2,3303430.0,0.6517,108.35,4930900.0,0.3495
2026-05-07 10:35:53,24359.75,24250.0,-2.0,247.45,1137630.0,0.6103,126.3,1872520.0,0.3904
2026-05-07 10:35:53,24359.75,24300.0,-1.0,218.2,5528055.0,0.5671,146.25,6026475.0,0.433
2026-05-07 10:35:53,24359.75,24350.0,ATM,190.55,4206215.0,0.5231,168.75,3363620.0,0.4769
2026-05-07 10:35:53,24359.75,24400.0,+1.0,164.85,7241650.0,0.4786,193.15,4225065.0,0.5213
2026-05-07 10:35:53,24359.75,24450.0,+2.0,141.9,2368210.0,0.4341,220.15,958750.0,0.5658
2026-05-07 10:35:53,24359.75,24500.0,+3.0,120.75,7851285.0,0.3902,249.55,2338310.0,0.6097
2026-05-07 10:36:55,24358.6,24200.0,-3.0,279.1,3303430.0,0.6489,108.6,4930900.0,0.3499
2026-05-07 10:36:55,24358.6,24250.0,-2.0,246.8,1137630.0,0.6077,126.65,1872520.0,0.3913
2026-05-07 10:36:55,24358.6,24300.0,-1.0,217.4,5528055.0,0.565,146.6,6026475.0,0.4343
2026-05-07 10:36:55,24358.6,24350.0,ATM,189.4,4206215.0,0.5214,169.2,3363620.0,0.4784
2026-05-07 10:36:55,24358.6,24400.0,+1.0,164.35,7241650.0,0.4771,193.9,4225065.0,0.5232
2026-05-07 10:36:55,24358.6,24450.0,+2.0,141.3,2368210.0,0.433,220.3,958750.0,0.5682
2026-05-07 10:36:55,24358.6,24500.0,+3.0,120.0,7851285.0,0.3893,250.0,2338310.0,0.6124
2026-05-07 10:37:56,24366.45,24200.0,-3.0,283.5,3277040.0,0.6488,106.25,4971785.0,0.3489
2026-05-07 10:37:56,24366.45,24250.0,-2.0,251.25,1130480.0,0.608,123.8,1891240.0,0.3901
2026-05-07 10:37:56,24366.45,24300.0,-1.0,221.25,5369845.0,0.5657,143.65,6123260.0,0.4331
2026-05-07 10:37:56,24366.45,24350.0,ATM,194.8,3989505.0,0.5223,165.05,3483090.0,0.4774
2026-05-07 10:37:56,24366.45,24400.0,+1.0,167.7,7143630.0,0.4782,190.5,4398355.0,0.5223
2026-05-07 10:37:56,24366.45,24450.0,+2.0,144.35,2337400.0,0.434,216.2,996710.0,0.5673
2026-05-07 10:37:56,24366.45,24500.0,+3.0,122.95,7852260.0,0.3902,245.4,2363205.0,0.6117
2026-05-07 10:38:57,24360.3,24200.0,-3.0,281.55,3277040.0,0.6512,106.8,4971785.0,0.3473
2026-05-07 10:38:57,24360.3,24250.0,-2.0,250.1,1130480.0,0.6103,123.95,1891240.0,0.3883
2026-05-07 10:38:57,24360.3,24300.0,-1.0,220.15,5369845.0,0.5676,143.8,6123260.0,0.4313
2026-05-07 10:38:57,24360.3,24350.0,ATM,192.6,3989505.0,0.524,165.85,3483090.0,0.4757
2026-05-07 10:38:57,24360.3,24400.0,+1.0,166.7,7143630.0,0.4798,190.3,4398355.0,0.5208
2026-05-07 10:38:57,24360.3,24450.0,+2.0,142.6,2337400.0,0.4354,217.45,996710.0,0.5659
2026-05-07 10:38:57,24360.3,24500.0,+3.0,121.75,7852260.0,0.3916,246.1,2363205.0,0.6105
2026-05-07 10:39:58,24365.2,24200.0,-3.0,286.4,3277040.0,0.6534,103.15,4971785.0,0.3431
2026-05-07 10:39:58,24365.2,24250.0,-2.0,253.1,1130480.0,0.6123,121.25,1891240.0,0.3854
2026-05-07 10:39:58,24365.2,24300.0,-1.0,223.3,5369845.0,0.5703,140.65,6123260.0,0.4278
2026-05-07 10:39:58,24365.2,24350.0,ATM,195.6,3989505.0,0.527,162.0,3483090.0,0.4723
2026-05-07 10:39:58,24365.2,24400.0,+1.0,169.6,7143630.0,0.483,186.0,4398355.0,0.5178
2026-05-07 10:39:58,24365.2,24450.0,+2.0,145.55,2337400.0,0.4386,212.8,996710.0,0.5632
2026-05-07 10:39:58,24365.2,24500.0,+3.0,124.6,7852260.0,0.3951,240.4,2363205.0,0.6087
2026-05-07 10:41:01,24365.15,24200.0,-3.0,282.75,3282890.0,0.6544,104.95,5011890.0,0.3425
2026-05-07 10:41:01,24365.15,24250.0,-2.0,251.25,1139255.0,0.6107,122.6,1901900.0,0.3869
2026-05-07 10:41:01,24365.15,24300.0,-1.0,221.6,5451420.0,0.5681,142.15,6107855.0,0.43
2026-05-07 10:41:01,24365.15,24350.0,ATM,193.15,4053075.0,0.5249,163.75,3518255.0,0.4746
2026-05-07 10:41:01,24365.15,24400.0,+1.0,167.65,7254780.0,0.4808,188.35,4403100.0,0.52
2026-05-07 10:41:01,24365.15,24450.0,+2.0,144.15,2346890.0,0.4366,214.4,1001260.0,0.5654
2026-05-07 10:41:01,24365.15,24500.0,+3.0,122.65,7885735.0,0.3959,243.5,2348710.0,0.6063
2026-05-07 10:42:03,24366.5,24200.0,-3.0,286.5,3282890.0,0.6565,104.05,5011890.0,0.3422
2026-05-07 10:42:03,24366.5,24250.0,-2.0,253.65,1139255.0,0.6155,121.4,1901900.0,0.3833
2026-05-07 10:42:03,24366.5,24300.0,-1.0,223.7,5451420.0,0.5731,141.0,6107855.0,0.4261
2026-05-07 10:42:03,24366.5,24350.0,ATM,195.4,4053075.0,0.5294,162.35,3518255.0,0.4702
2026-05-07 10:42:03,24366.5,24400.0,+1.0,169.3,7254780.0,0.4851,186.6,4403100.0,0.5152
2026-05-07 10:42:03,24366.5,24450.0,+2.0,145.55,2346890.0,0.4405,212.65,1001260.0,0.5603
2026-05-07 10:42:03,24366.5,24500.0,+3.0,123.95,7885735.0,0.3965,241.3,2348710.0,0.6052
2026-05-07 10:43:05,24368.7,24200.0,-3.0,288.9,3282890.0,0.6542,103.5,5011890.0,0.3432
2026-05-07 10:43:05,24368.7,24250.0,-2.0,256.1,1139255.0,0.6135,120.6,1901900.0,0.3843
2026-05-07 10:43:05,24368.7,24300.0,-1.0,225.6,5451420.0,0.5715,139.9,6107855.0,0.4271
2026-05-07 10:43:05,24368.7,24350.0,ATM,197.35,4053075.0,0.5281,161.5,3518255.0,0.4715
2026-05-07 10:43:05,24368.7,24400.0,+1.0,171.2,7254780.0,0.4841,185.8,4403100.0,0.5165
2026-05-07 10:43:05,24368.7,24450.0,+2.0,146.85,2346890.0,0.4396,211.5,1001260.0,0.5617
2026-05-07 10:43:05,24368.7,24500.0,+3.0,125.65,7885735.0,0.3957,239.9,2348710.0,0.6064
2026-05-07 10:44:07,24369.95,24200.0,-3.0,289.5,3285230.0,0.6599,103.9,5130710.0,0.3406
2026-05-07 10:44:07,24369.95,24250.0,-2.0,256.95,1132755.0,0.6162,121.05,1911390.0,0.3811
2026-05-07 10:44:07,24369.95,24300.0,-1.0,225.45,5475665.0,0.5746,140.45,6110390.0,0.4239
2026-05-07 10:44:07,24369.95,24350.0,ATM,197.8,4138225.0,0.5315,162.0,3536130.0,0.4679
2026-05-07 10:44:07,24369.95,24400.0,+1.0,171.4,7316660.0,0.4876,185.85,4440345.0,0.5129
2026-05-07 10:44:07,24369.95,24450.0,+2.0,147.6,2347605.0,0.4434,212.25,1000675.0,0.558
2026-05-07 10:44:07,24369.95,24500.0,+3.0,125.85,7855055.0,0.3996,239.95,2339545.0,0.6027
2026-05-07 10:45:08,24374.25,24200.0,-3.0,292.25,3285230.0,0.6604,102.05,5130710.0,0.3362
2026-05-07 10:45:08,24374.25,24250.0,-2.0,260.65,1132755.0,0.6202,118.8,1911390.0,0.3768
2026-05-07 10:45:08,24374.25,24300.0,-1.0,229.15,5475665.0,0.5787,138.15,6110390.0,0.4193
2026-05-07 10:45:08,24374.25,24350.0,ATM,200.7,4138225.0,0.5358,159.3,3536130.0,0.4633
2026-05-07 10:45:08,24374.25,24400.0,+1.0,174.7,7316660.0,0.492,183.0,4440345.0,0.5084
2026-05-07 10:45:08,24374.25,24450.0,+2.0,150.2,2347605.0,0.4479,208.3,1000675.0,0.5538
2026-05-07 10:45:08,24374.25,24500.0,+3.0,128.4,7855055.0,0.4039,236.65,2339545.0,0.599
2026-05-07 10:46:09,24374.7,24200.0,-3.0,293.95,3285230.0,0.6609,101.8,5130710.0,0.3349
2026-05-07 10:46:09,24374.7,24250.0,-2.0,261.1,1132755.0,0.6213,118.05,1911390.0,0.3756
2026-05-07 10:46:09,24374.7,24300.0,-1.0,229.7,5475665.0,0.5797,137.9,6110390.0,0.418
2026-05-07 10:46:09,24374.7,24350.0,ATM,201.0,4138225.0,0.537,159.2,3536130.0,0.4619
2026-05-07 10:46:09,24374.7,24400.0,+1.0,174.65,7316660.0,0.4934,182.95,4440345.0,0.507
2026-05-07 10:46:09,24374.7,24450.0,+2.0,150.65,2347605.0,0.4493,207.8,1000675.0,0.5526
2026-05-07 10:46:09,24374.7,24500.0,+3.0,128.5,7855055.0,0.4055,236.7,2339545.0,0.5978
2026-05-07 10:47:12,24364.45,24200.0,-3.0,286.25,3252015.0,0.6529,105.6,5138445.0,0.3439
2026-05-07 10:47:12,24364.45,24250.0,-2.0,254.5,1123980.0,0.6152,122.65,1929720.0,0.3836
2026-05-07 10:47:12,24364.45,24300.0,-1.0,223.7,5373485.0,0.5707,142.4,6105905.0,0.4275
2026-05-07 10:47:12,24364.45,24350.0,ATM,195.95,4161235.0,0.5295,163.7,3493750.0,0.4703
2026-05-07 10:47:12,24364.45,24400.0,+1.0,169.9,7277205.0,0.4839,188.5,4473690.0,0.5166
2026-05-07 10:47:12,24364.45,24450.0,+2.0,146.0,2324400.0,0.44,214.65,988520.0,0.562
2026-05-07 10:47:12,24364.45,24500.0,+3.0,124.65,7839910.0,0.3961,243.55,2350465.0,0.6068
2026-05-07 10:48:13,24358.7,24200.0,-3.0,284.15,3252015.0,0.6479,106.65,5138445.0,0.3484
2026-05-07 10:48:13,24358.7,24250.0,-2.0,252.35,1123980.0,0.6078,123.95,1929720.0,0.3897
2026-05-07 10:48:13,24358.7,24300.0,-1.0,222.15,5373485.0,0.5654,143.8,6105905.0,0.4328
2026-05-07 10:48:13,24358.7,24350.0,ATM,193.6,4161235.0,0.5222,166.2,3493750.0,0.4773
2026-05-07 10:48:13,24358.7,24400.0,+1.0,167.8,7277205.0,0.4785,190.25,4473690.0,0.5224
2026-05-07 10:48:13,24358.7,24450.0,+2.0,143.9,2324400.0,0.4345,217.0,988520.0,0.5675
2026-05-07 10:48:13,24358.7,24500.0,+3.0,122.95,7839910.0,0.3911,244.7,2350465.0,0.6123
2026-05-07 10:49:14,24370.75,24200.0,-3.0,290.65,3252015.0,0.6534,104.1,5138445.0,0.3408
2026-05-07 10:49:14,24370.75,24250.0,-2.0,258.05,1123980.0,0.6145,121.05,1929720.0,0.3818
2026-05-07 10:49:14,24370.75,24300.0,-1.0,227.55,5373485.0,0.573,140.5,6105905.0,0.4245
2026-05-07 10:49:14,24370.75,24350.0,ATM,199.15,4161235.0,0.5304,161.7,3493750.0,0.4687
2026-05-07 10:49:14,24370.75,24400.0,+1.0,172.9,7277205.0,0.4869,186.1,4473690.0,0.5138
2026-05-07 10:49:14,24370.75,24450.0,+2.0,148.85,2324400.0,0.4431,211.65,988520.0,0.5596
2026-05-07 10:49:14,24370.75,24500.0,+3.0,127.05,7839910.0,0.3994,239.75,2350465.0,0.6043
2026-05-07 10:50:15,24357.0,24200.0,-3.0,280.1,3243175.0,0.6489,108.0,5176210.0,0.35
2026-05-07 10:50:15,24357.0,24250.0,-2.0,248.1,1116895.0,0.6079,125.8,1927120.0,0.3913
2026-05-07 10:50:15,24357.0,24300.0,-1.0,218.45,5318560.0,0.5651,145.55,6163300.0,0.4342
2026-05-07 10:50:15,24357.0,24350.0,ATM,190.8,3998930.0,0.5215,167.85,3575520.0,0.4784
2026-05-07 10:50:15,24357.0,24400.0,+1.0,165.2,7295535.0,0.4772,192.35,4517955.0,0.5232
2026-05-07 10:50:15,24357.0,24450.0,+2.0,142.0,2279615.0,0.4329,219.1,1016600.0,0.5681
2026-05-07 10:50:15,24357.0,24500.0,+3.0,120.95,7773870.0,0.3891,248.1,2377115.0,0.6126
2026-05-07 10:51:17,24348.8,24200.0,-3.0,274.75,3243175.0,0.6421,110.25,5176210.0,0.3557
2026-05-07 10:51:17,24348.8,24250.0,-2.0,243.0,1116895.0,0.5991,128.55,1927120.0,0.3991
2026-05-07 10:51:17,24348.8,24300.0,-1.0,213.15,5318560.0,0.5581,149.5,6163300.0,0.4408
2026-05-07 10:51:17,24348.8,24350.0,ATM,186.45,3998930.0,0.5145,171.55,3575520.0,0.4853
2026-05-07 10:51:17,24348.8,24400.0,+1.0,161.3,7295535.0,0.4704,197.0,4517955.0,0.5303
2026-05-07 10:51:17,24348.8,24450.0,+2.0,138.35,2279615.0,0.4263,223.7,1016600.0,0.5755
2026-05-07 10:51:17,24348.8,24500.0,+3.0,117.65,7773870.0,0.3814,253.1,2377115.0,0.6221
2026-05-07 10:52:18,24342.95,24200.0,-3.0,269.5,3243175.0,0.635,113.85,5176210.0,0.3632
2026-05-07 10:52:18,24342.95,24250.0,-2.0,238.8,1116895.0,0.5934,131.95,1927120.0,0.4053
2026-05-07 10:52:18,24342.95,24300.0,-1.0,209.2,5318560.0,0.5507,153.0,6163300.0,0.4487
2026-05-07 10:52:18,24342.95,24350.0,ATM,182.45,3998930.0,0.5069,176.1,3575520.0,0.4931
2026-05-07 10:52:18,24342.95,24400.0,+1.0,157.7,7295535.0,0.4629,201.05,4517955.0,0.5382
2026-05-07 10:52:18,24342.95,24450.0,+2.0,135.5,2279615.0,0.4188,229.05,1016600.0,0.5833
2026-05-07 10:52:18,24342.95,24500.0,+3.0,115.35,7773870.0,0.3755,258.85,2377115.0,0.6271
2026-05-07 10:53:20,24338.65,24200.0,-3.0,267.4,3193970.0,0.6315,116.45,5120830.0,0.367
2026-05-07 10:53:20,24338.65,24250.0,-2.0,236.2,1094470.0,0.5899,135.2,1924325.0,0.4088
2026-05-07 10:53:20,24338.65,24300.0,-1.0,207.4,5250570.0,0.5473,156.5,6265935.0,0.4521
2026-05-07 10:53:20,24338.65,24350.0,ATM,180.7,3740555.0,0.5037,179.8,3658655.0,0.4964
2026-05-07 10:53:20,24338.65,24400.0,+1.0,156.25,7114250.0,0.4598,205.7,4585230.0,0.5409
2026-05-07 10:53:20,24338.65,24450.0,+2.0,133.85,2213380.0,0.4158,233.65,1031225.0,0.5853
2026-05-07 10:53:20,24338.65,24500.0,+3.0,114.0,7685990.0,0.3731,262.65,2385305.0,0.629
2026-05-07 10:54:23,24345.5,24200.0,-3.0,272.2,3193970.0,0.6378,113.85,5120830.0,0.3618
2026-05-07 10:54:23,24345.5,24250.0,-2.0,240.35,1094470.0,0.5963,132.45,1924325.0,0.4033
2026-05-07 10:54:23,24345.5,24300.0,-1.0,211.75,5250570.0,0.5536,152.7,6265935.0,0.4461
2026-05-07 10:54:23,24345.5,24350.0,ATM,184.7,3740555.0,0.5099,175.75,3658655.0,0.4901
2026-05-07 10:54:23,24345.5,24400.0,+1.0,159.5,7114250.0,0.4658,201.0,4585230.0,0.5345
2026-05-07 10:54:23,24345.5,24450.0,+2.0,136.9,2213380.0,0.4218,228.75,1031225.0,0.5788
2026-05-07 10:54:23,24345.5,24500.0,+3.0,116.45,7685990.0,0.3785,258.2,2385305.0,0.6221
2026-05-07 10:55:25,24352.5,24200.0,-3.0,277.05,3193970.0,0.643,109.5,5120830.0,0.3553
2026-05-07 10:55:25,24352.5,24250.0,-2.0,245.6,1094470.0,0.6019,127.3,1924325.0,0.3971
2026-05-07 10:55:25,24352.5,24300.0,-1.0,216.1,5250570.0,0.5592,147.4,6265935.0,0.44
2026-05-07 10:55:25,24352.5,24350.0,ATM,188.85,3740555.0,0.5156,169.75,3658655.0,0.4843
2026-05-07 10:55:25,24352.5,24400.0,+1.0,163.3,7114250.0,0.4714,194.85,4585230.0,0.5292
2026-05-07 10:55:25,24352.5,24450.0,+2.0,140.0,2213380.0,0.4271,222.0,1031225.0,0.5741
2026-05-07 10:55:25,24352.5,24500.0,+3.0,119.4,7685990.0,0.3837,251.45,2385305.0,0.6181
2026-05-07 10:56:26,24347.55,24200.0,-3.0,272.85,3202225.0,0.6409,112.65,5067595.0,0.3586
2026-05-07 10:56:26,24347.55,24250.0,-2.0,241.35,1070160.0,0.6,131.05,1917305.0,0.4004
2026-05-07 10:56:26,24347.55,24300.0,-1.0,211.95,5377970.0,0.5567,151.5,6135415.0,0.4433
2026-05-07 10:56:26,24347.55,24350.0,ATM,184.55,3878355.0,0.5127,174.5,3481790.0,0.4873
2026-05-07 10:56:26,24347.55,24400.0,+1.0,159.6,7177625.0,0.4684,199.9,4342650.0,0.5318
2026-05-07 10:56:26,24347.55,24450.0,+2.0,137.0,2224040.0,0.4241,226.8,969800.0,0.5759
2026-05-07 10:56:26,24347.55,24500.0,+3.0,116.65,7652190.0,0.3804,256.2,2351700.0,0.6198
2026-05-07 10:57:28,24335.55,24200.0,-3.0,265.35,3202225.0,0.6305,115.9,5067595.0,0.3683
2026-05-07 10:57:28,24335.55,24250.0,-2.0,234.5,1070160.0,0.5887,134.55,1917305.0,0.4104
2026-05-07 10:57:28,24335.55,24300.0,-1.0,205.25,5377970.0,0.5455,156.35,6135415.0,0.4538
2026-05-07 10:57:28,24335.55,24350.0,ATM,178.95,3878355.0,0.5017,179.6,3481790.0,0.4984
2026-05-07 10:57:28,24335.55,24400.0,+1.0,154.15,7177625.0,0.4575,205.55,4342650.0,0.5431
2026-05-07 10:57:28,24335.55,24450.0,+2.0,132.8,2224040.0,0.4136,232.5,969800.0,0.588
2026-05-07 10:57:28,24335.55,24500.0,+3.0,112.75,7652190.0,0.3703,262.55,2351700.0,0.6313
2026-05-07 10:58:31,24342.35,24200.0,-3.0,270.45,3222635.0,0.6349,112.65,5133440.0,0.3627
2026-05-07 10:58:31,24342.35,24250.0,-2.0,238.95,1073280.0,0.5935,131.15,1968135.0,0.4047
2026-05-07 10:58:31,24342.35,24300.0,-1.0,210.0,5455710.0,0.5506,151.7,6267625.0,0.4483
2026-05-07 10:58:31,24342.35,24350.0,ATM,182.85,3878355.0,0.507,175.1,3481790.0,0.493
2026-05-07 10:58:31,24342.35,24400.0,+1.0,158.25,7177625.0,0.4629,199.95,4342650.0,0.5381
2026-05-07 10:58:31,24342.35,24450.0,+2.0,135.65,2224040.0,0.4187,227.35,969800.0,0.5833
2026-05-07 10:58:31,24342.35,24500.0,+3.0,115.05,7713745.0,0.3755,257.55,2343900.0,0.6274
2026-05-07 10:59:31,24339.3,24200.0,-3.0,269.2,3222635.0,0.6325,112.85,5133440.0,0.3633
2026-05-07 10:59:31,24339.3,24250.0,-2.0,237.5,1073280.0,0.5913,131.4,1968135.0,0.4058
2026-05-07 10:59:31,24339.3,24300.0,-1.0,208.55,5455710.0,0.5488,152.1,6267625.0,0.4497
2026-05-07 10:59:31,24339.3,24350.0,ATM,181.5,3957265.0,0.5052,175.4,3580135.0,0.4948
2026-05-07 10:59:31,24339.3,24400.0,+1.0,156.7,7257770.0,0.4612,200.15,4462705.0,0.5405
2026-05-07 10:59:31,24339.3,24450.0,+2.0,134.15,2251210.0,0.4172,228.4,982735.0,0.586
2026-05-07 10:59:31,24339.3,24500.0,+3.0,114.0,7713745.0,0.374,257.85,2343900.0,0.6311
2026-05-07 11:00:33,24342.7,24200.0,-3.0,270.65,3222635.0,0.6377,110.85,5133440.0,0.3592
2026-05-07 11:00:33,24342.7,24250.0,-2.0,239.65,1073280.0,0.597,129.35,1968135.0,0.4016
2026-05-07 11:00:33,24342.7,24300.0,-1.0,209.4,5455710.0,0.5538,150.25,6267625.0,0.4453
2026-05-07 11:00:33,24342.7,24350.0,ATM,182.55,3957265.0,0.5098,172.6,3580135.0,0.4902
2026-05-07 11:00:33,24342.7,24400.0,+1.0,157.6,7257770.0,0.4653,198.0,4462705.0,0.5355
2026-05-07 11:00:33,24342.7,24450.0,+2.0,135.0,2251210.0,0.421,225.3,982735.0,0.581
2026-05-07 11:00:33,24342.7,24500.0,+3.0,114.7,7713745.0,0.3771,255.15,2343900.0,0.6256
2026-05-07 11:01:37,24338.85,24200.0,-3.0,266.55,3266835.0,0.6346,112.8,5200845.0,0.3637
2026-05-07 11:01:37,24338.85,24250.0,-2.0,234.55,1084265.0,0.593,131.75,1999400.0,0.4059
2026-05-07 11:01:37,24338.85,24300.0,-1.0,206.0,5589870.0,0.5497,152.95,6338930.0,0.4497
2026-05-07 11:01:37,24338.85,24350.0,ATM,179.5,4021290.0,0.5054,176.0,3624985.0,0.4947
2026-05-07 11:01:37,24338.85,24400.0,+1.0,154.45,7314385.0,0.4606,201.2,4480125.0,0.5398
2026-05-07 11:01:37,24338.85,24450.0,+2.0,132.55,2272400.0,0.4165,228.35,990080.0,0.585
2026-05-07 11:01:37,24338.85,24500.0,+3.0,112.6,7680595.0,0.3725,258.7,2332395.0,0.6286
2026-05-07 11:02:40,24334.85,24200.0,-3.0,265.15,3266835.0,0.6305,114.7,5200845.0,0.3654
2026-05-07 11:02:40,24334.85,24250.0,-2.0,233.75,1084265.0,0.5895,133.3,1999400.0,0.4082
2026-05-07 11:02:40,24334.85,24300.0,-1.0,204.85,5589870.0,0.5465,154.0,6338930.0,0.4524
2026-05-07 11:02:40,24334.85,24350.0,ATM,178.3,4021290.0,0.5026,177.2,3624985.0,0.4975
2026-05-07 11:02:40,24334.85,24400.0,+1.0,153.6,7314385.0,0.4584,203.2,4480125.0,0.5431
2026-05-07 11:02:40,24334.85,24450.0,+2.0,131.85,2272400.0,0.4142,230.65,990080.0,0.5884
2026-05-07 11:02:40,24334.85,24500.0,+3.0,111.6,7680595.0,0.3711,261.9,2332395.0,0.633
2026-05-07 11:03:41,24339.35,24200.0,-3.0,269.7,3266835.0,0.6349,111.75,5200845.0,0.3619
2026-05-07 11:03:41,24339.35,24250.0,-2.0,238.05,1084265.0,0.5936,130.05,1999400.0,0.4043
2026-05-07 11:03:41,24339.35,24300.0,-1.0,209.0,5589870.0,0.5508,150.8,6338930.0,0.4482
2026-05-07 11:03:41,24339.35,24350.0,ATM,182.0,4021290.0,0.5069,174.45,3624985.0,0.4931
2026-05-07 11:03:41,24339.35,24400.0,+1.0,157.45,7314385.0,0.4626,199.7,4480125.0,0.5385
2026-05-07 11:03:41,24339.35,24450.0,+2.0,135.05,2272400.0,0.4184,227.2,990080.0,0.5837
2026-05-07 11:03:41,24339.35,24500.0,+3.0,114.5,7680595.0,0.3749,256.6,2332395.0,0.6279
2026-05-07 11:04:44,24330.95,24200.0,-3.0,262.75,3272165.0,0.6281,115.9,5190055.0,0.3712
2026-05-07 11:04:44,24330.95,24250.0,-2.0,231.45,1088685.0,0.5858,134.9,1998815.0,0.4137
2026-05-07 11:04:44,24330.95,24300.0,-1.0,203.1,5629520.0,0.5423,155.85,6409325.0,0.4574
2026-05-07 11:04:44,24330.95,24350.0,ATM,177.05,4025710.0,0.498,179.35,3649035.0,0.5021
2026-05-07 11:04:44,24330.95,24400.0,+1.0,152.85,7300735.0,0.4535,205.7,4464720.0,0.5469
2026-05-07 11:04:44,24330.95,24450.0,+2.0,130.9,2272270.0,0.4093,233.95,982410.0,0.5915
2026-05-07 11:04:44,24330.95,24500.0,+3.0,111.0,7730255.0,0.3663,263.35,2314780.0,0.6348
2026-05-07 11:05:46,24333.7,24200.0,-3.0,265.6,3272165.0,0.6275,114.5,5190055.0,0.37
2026-05-07 11:05:46,24333.7,24250.0,-2.0,234.9,1088685.0,0.5873,133.1,1998815.0,0.4103
2026-05-07 11:05:46,24333.7,24300.0,-1.0,205.35,5629520.0,0.5446,154.1,6409325.0,0.4544
2026-05-07 11:05:46,24333.7,24350.0,ATM,178.75,4025710.0,0.5008,177.75,3649035.0,0.4994
2026-05-07 11:05:46,24333.7,24400.0,+1.0,154.5,7300735.0,0.4566,202.95,4464720.0,0.5448
2026-05-07 11:05:46,24333.7,24450.0,+2.0,132.45,2272270.0,0.4127,230.5,982410.0,0.5899
2026-05-07 11:05:46,24333.7,24500.0,+3.0,112.7,7730255.0,0.3676,260.55,2314780.0,0.6359
2026-05-07 11:06:48,24331.45,24200.0,-3.0,262.2,3272165.0,0.6277,116.5,5190055.0,0.3699
2026-05-07 11:06:48,24331.45,24250.0,-2.0,231.4,1088685.0,0.5862,135.85,1998815.0,0.4122
2026-05-07 11:06:48,24331.45,24300.0,-1.0,203.1,5629520.0,0.5431,157.0,6409325.0,0.4562
2026-05-07 11:06:48,24331.45,24350.0,ATM,176.55,4025710.0,0.4992,180.6,3649035.0,0.501
2026-05-07 11:06:48,24331.45,24400.0,+1.0,152.45,7300735.0,0.455,206.2,4464720.0,0.546
2026-05-07 11:06:48,24331.45,24450.0,+2.0,130.5,2272270.0,0.4111,234.75,982410.0,0.591
2026-05-07 11:06:48,24331.45,24500.0,+3.0,111.0,7730255.0,0.3678,264.45,2314780.0,0.6346
2026-05-07 11:07:49,24321.8,24150.0,-3.0,290.0,696020.0,0.6596,103.45,2076360.0,0.3376
2026-05-07 11:07:49,24321.8,24200.0,-2.0,257.75,3282500.0,0.6191,120.9,5171205.0,0.3781
2026-05-07 11:07:49,24321.8,24250.0,-1.0,226.4,1093105.0,0.5776,140.15,1987505.0,0.4212
2026-05-07 11:07:49,24321.8,24300.0,ATM,199.1,5753670.0,0.5344,162.25,6391515.0,0.4652
2026-05-07 11:07:49,24321.8,24350.0,+1.0,173.05,4105725.0,0.4905,186.8,3610815.0,0.51
2026-05-07 11:07:49,24321.8,24400.0,+2.0,149.35,7278310.0,0.4464,213.15,4435275.0,0.5549
2026-05-07 11:07:49,24321.8,24450.0,+3.0,127.6,2266550.0,0.4027,241.55,966355.0,0.5999
2026-05-07 11:08:51,24316.8,24150.0,-3.0,286.8,696020.0,0.6566,106.3,2076360.0,0.3436
2026-05-07 11:08:51,24316.8,24200.0,-2.0,254.7,3282500.0,0.6153,124.3,5171205.0,0.3836
2026-05-07 11:08:51,24316.8,24250.0,-1.0,224.1,1093105.0,0.5738,143.9,1987505.0,0.4266
2026-05-07 11:08:51,24316.8,24300.0,ATM,196.8,5753670.0,0.5303,166.25,6391515.0,0.4699
2026-05-07 11:08:51,24316.8,24350.0,+1.0,171.35,4105725.0,0.4863,190.55,3610815.0,0.5139
2026-05-07 11:08:51,24316.8,24400.0,+2.0,147.85,7278310.0,0.4423,216.95,4435275.0,0.558
2026-05-07 11:08:51,24316.8,24450.0,+3.0,126.35,2266550.0,0.3985,246.15,966355.0,0.6007
2026-05-07 11:09:52,24319.35,24150.0,-3.0,287.9,696020.0,0.6573,105.3,2076360.0,0.3414
2026-05-07 11:09:52,24319.35,24200.0,-2.0,256.5,3282500.0,0.6166,123.25,5171205.0,0.3818
2026-05-07 11:09:52,24319.35,24250.0,-1.0,225.25,1093105.0,0.5749,143.1,1987505.0,0.4244
2026-05-07 11:09:52,24319.35,24300.0,ATM,197.9,5753670.0,0.5317,165.45,6391515.0,0.468
2026-05-07 11:09:52,24319.35,24350.0,+1.0,171.85,4105725.0,0.488,189.35,3610815.0,0.5122
2026-05-07 11:09:52,24319.35,24400.0,+2.0,148.85,7278310.0,0.4442,215.5,4435275.0,0.5566
2026-05-07 11:09:52,24319.35,24450.0,+3.0,126.95,2266550.0,0.4006,244.5,966355.0,0.6006
2026-05-07 11:10:54,24316.3,24150.0,-3.0,286.2,697385.0,0.656,106.75,2011230.0,0.3432
2026-05-07 11:10:54,24316.3,24200.0,-2.0,254.4,3291990.0,0.6154,124.35,5022225.0,0.3841
2026-05-07 11:10:54,24316.3,24250.0,-1.0,224.15,1130090.0,0.5731,144.25,1958320.0,0.4266
2026-05-07 11:10:54,24316.3,24300.0,ATM,196.4,5866705.0,0.5297,166.25,6250595.0,0.4701
2026-05-07 11:10:54,24316.3,24350.0,+1.0,170.8,4236960.0,0.4859,190.65,3456895.0,0.5142
2026-05-07 11:10:54,24316.3,24400.0,+2.0,147.3,7342530.0,0.442,217.35,4183335.0,0.5581
2026-05-07 11:10:54,24316.3,24450.0,+3.0,126.15,2270775.0,0.3985,246.65,933335.0,0.6018
2026-05-07 11:11:56,24318.75,24150.0,-3.0,290.0,697385.0,0.6575,103.65,2011230.0,0.3416
2026-05-07 11:11:56,24318.75,24200.0,-2.0,258.45,3291990.0,0.6167,121.1,5022225.0,0.3823
2026-05-07 11:11:56,24318.75,24250.0,-1.0,227.1,1130090.0,0.5747,140.8,1958320.0,0.4246
2026-05-07 11:11:56,24318.75,24300.0,ATM,199.45,5866705.0,0.5315,162.45,6250595.0,0.4682
2026-05-07 11:11:56,24318.75,24350.0,+1.0,173.8,4236960.0,0.4877,186.2,3456895.0,0.5126
2026-05-07 11:11:56,24318.75,24400.0,+2.0,149.55,7342530.0,0.4437,213.3,4183335.0,0.5569
2026-05-07 11:11:56,24318.75,24450.0,+3.0,128.45,2270775.0,0.4003,241.0,933335.0,0.6012
2026-05-07 11:12:56,24316.1,24150.0,-3.0,288.2,697385.0,0.6508,105.7,2011230.0,0.3442
2026-05-07 11:12:56,24316.1,24200.0,-2.0,256.0,3291990.0,0.6111,123.15,5022225.0,0.3852
2026-05-07 11:12:56,24316.1,24250.0,-1.0,226.25,1130090.0,0.5696,143.35,1958320.0,0.4281
2026-05-07 11:12:56,24316.1,24300.0,ATM,198.5,5866705.0,0.5271,165.05,6250595.0,0.4722
2026-05-07 11:12:56,24316.1,24350.0,+1.0,172.85,4236960.0,0.4839,189.2,3456895.0,0.517
2026-05-07 11:12:56,24316.1,24400.0,+2.0,149.1,7342530.0,0.4407,215.45,4183335.0,0.5618
2026-05-07 11:12:56,24316.1,24450.0,+3.0,127.65,2270775.0,0.3978,244.5,933335.0,0.6064
2026-05-07 11:13:57,24314.55,24150.0,-3.0,284.45,709150.0,0.6526,107.15,1979900.0,0.3457
2026-05-07 11:13:57,24314.55,24200.0,-2.0,252.5,3305900.0,0.6137,125.5,4948385.0,0.3862
2026-05-07 11:13:57,24314.55,24250.0,-1.0,222.9,1172340.0,0.5714,145.8,2022085.0,0.4287
2026-05-07 11:13:57,24314.55,24300.0,ATM,195.0,6143930.0,0.5278,168.0,6343480.0,0.4721
2026-05-07 11:13:57,24314.55,24350.0,+1.0,169.65,4373785.0,0.4839,192.7,3324555.0,0.516
2026-05-07 11:13:57,24314.55,24400.0,+2.0,146.3,7426380.0,0.44,219.65,4077710.0,0.5598
2026-05-07 11:13:57,24314.55,24450.0,+3.0,125.6,2310165.0,0.3968,248.1,912535.0,0.6036
2026-05-07 11:15:00,24319.4,24150.0,-3.0,286.55,709150.0,0.6582,105.65,1979900.0,0.3435
2026-05-07 11:15:00,24319.4,24200.0,-2.0,254.35,3305900.0,0.6169,123.45,4948385.0,0.3842
2026-05-07 11:15:00,24319.4,24250.0,-1.0,224.2,1172340.0,0.5742,143.85,2022085.0,0.4262
2026-05-07 11:15:00,24319.4,24300.0,ATM,196.65,6143930.0,0.5305,165.4,6343480.0,0.4696
2026-05-07 11:15:00,24319.4,24350.0,+1.0,171.2,4373785.0,0.4865,189.8,3324555.0,0.5135
2026-05-07 11:15:00,24319.4,24400.0,+2.0,147.75,7426380.0,0.4424,216.85,4077710.0,0.5574
2026-05-07 11:15:00,24319.4,24450.0,+3.0,126.4,2310165.0,0.3987,245.4,912535.0,0.6002
2026-05-07 11:16:00,24328.75,24200.0,-3.0,262.5,3305900.0,0.6229,119.1,4948385.0,0.3746
2026-05-07 11:16:00,24328.75,24250.0,-2.0,231.0,1172340.0,0.5812,138.85,2022085.0,0.4172
2026-05-07 11:16:00,24328.75,24300.0,-1.0,203.0,6143930.0,0.5385,159.95,6343480.0,0.4607
2026-05-07 11:16:00,24328.75,24350.0,ATM,177.0,4373785.0,0.495,184.05,3324555.0,0.5053
2026-05-07 11:16:00,24328.75,24400.0,+1.0,152.75,7426380.0,0.4513,210.2,4077710.0,0.5498
2026-05-07 11:16:00,24328.75,24450.0,+2.0,131.0,2310165.0,0.4078,238.05,912535.0,0.5941
2026-05-07 11:16:00,24328.75,24500.0,+3.0,111.75,7869810.0,0.3655,268.8,2175615.0,0.6383
2026-05-07 11:17:02,24322.75,24150.0,-3.0,289.3,711490.0,0.6615,104.8,1945450.0,0.3386
2026-05-07 11:17:02,24322.75,24200.0,-2.0,257.7,3319290.0,0.6205,122.5,4822480.0,0.3793
2026-05-07 11:17:02,24322.75,24250.0,-1.0,227.0,1210560.0,0.5784,142.1,2034240.0,0.4213
2026-05-07 11:17:02,24322.75,24300.0,ATM,199.05,6445725.0,0.5352,163.75,6354855.0,0.4647
2026-05-07 11:17:02,24322.75,24350.0,+1.0,173.4,4670770.0,0.4913,187.75,3219320.0,0.5088
2026-05-07 11:17:02,24322.75,24400.0,+2.0,149.55,7634120.0,0.4472,214.45,3913390.0,0.5529
2026-05-07 11:17:02,24322.75,24450.0,+3.0,128.15,2388815.0,0.4038,243.1,922220.0,0.5967
2026-05-07 11:18:02,24320.4,24150.0,-3.0,288.0,711490.0,0.654,107.25,1945450.0,0.3464
2026-05-07 11:18:02,24320.4,24200.0,-2.0,255.6,3319290.0,0.6139,124.8,4822480.0,0.3869
2026-05-07 11:18:02,24320.4,24250.0,-1.0,225.9,1210560.0,0.5713,144.7,2034240.0,0.4289
2026-05-07 11:18:02,24320.4,24300.0,ATM,198.5,6445725.0,0.5282,166.75,6354855.0,0.4719
2026-05-07 11:18:02,24320.4,24350.0,+1.0,173.0,4670770.0,0.4845,190.8,3219320.0,0.5155
2026-05-07 11:18:02,24320.4,24400.0,+2.0,149.65,7634120.0,0.4407,217.35,3913390.0,0.5589
2026-05-07 11:18:02,24320.4,24450.0,+3.0,128.4,2388815.0,0.3976,246.6,922220.0,0.6019
2026-05-07 11:19:03,24325.0,24150.0,-3.0,290.7,711490.0,0.6596,104.95,1945450.0,0.3399
2026-05-07 11:19:03,24325.0,24200.0,-2.0,258.6,3319290.0,0.6188,122.45,4822480.0,0.3797
2026-05-07 11:19:03,24325.0,24250.0,-1.0,228.9,1210560.0,0.5775,142.65,2034240.0,0.4222
2026-05-07 11:19:03,24325.0,24300.0,ATM,200.7,6445725.0,0.5345,164.3,6354855.0,0.4654
2026-05-07 11:19:03,24325.0,24350.0,+1.0,175.0,4670770.0,0.4909,188.4,3219320.0,0.5092
2026-05-07 11:19:03,24325.0,24400.0,+2.0,151.1,7634120.0,0.4472,214.5,3913390.0,0.5533
2026-05-07 11:19:03,24325.0,24450.0,+3.0,129.4,2388815.0,0.4038,243.4,922220.0,0.5965
2026-05-07 11:20:06,24318.25,24150.0,-3.0,287.35,715260.0,0.655,108.6,1929330.0,0.3458
2026-05-07 11:20:06,24318.25,24200.0,-2.0,254.95,3354585.0,0.6143,126.55,4803760.0,0.3863
2026-05-07 11:20:06,24318.25,24250.0,-1.0,225.15,1214655.0,0.5719,146.75,2055820.0,0.428
2026-05-07 11:20:06,24318.25,24300.0,ATM,197.55,6570525.0,0.5289,168.6,6399510.0,0.471
2026-05-07 11:20:06,24318.25,24350.0,+1.0,172.15,4765930.0,0.4855,193.05,3266575.0,0.5146
2026-05-07 11:20:06,24318.25,24400.0,+2.0,149.0,7712835.0,0.4419,220.4,3930550.0,0.5578
2026-05-07 11:20:06,24318.25,24450.0,+3.0,127.95,2409745.0,0.399,249.45,934895.0,0.6013
2026-05-07 11:21:09,24307.75,24150.0,-3.0,280.6,715260.0,0.6483,112.8,1929330.0,0.3541
2026-05-07 11:21:09,24307.75,24200.0,-2.0,250.25,3354585.0,0.6074,130.4,4803760.0,0.3946
2026-05-07 11:21:09,24307.75,24250.0,-1.0,220.9,1214655.0,0.5648,151.05,2055820.0,0.4362
2026-05-07 11:21:09,24307.75,24300.0,ATM,193.6,6570525.0,0.5213,173.4,6399510.0,0.4789
2026-05-07 11:21:09,24307.75,24350.0,+1.0,168.65,4765930.0,0.4776,199.65,3266575.0,0.5219
2026-05-07 11:21:09,24307.75,24400.0,+2.0,145.45,7712835.0,0.4342,227.05,3930550.0,0.5645
2026-05-07 11:21:09,24307.75,24450.0,+3.0,125.1,2409745.0,0.3914,255.5,934895.0,0.6069
2026-05-07 11:22:10,24294.5,24150.0,-3.0,271.5,715260.0,0.6392,117.75,1929330.0,0.364
2026-05-07 11:22:10,24294.5,24200.0,-2.0,240.2,3354585.0,0.5973,136.65,4803760.0,0.4045
2026-05-07 11:22:10,24294.5,24250.0,-1.0,212.15,1214655.0,0.5547,157.7,2055820.0,0.4466
2026-05-07 11:22:10,24294.5,24300.0,ATM,185.55,6570525.0,0.5108,180.95,6399510.0,0.4893
2026-05-07 11:22:10,24294.5,24350.0,+1.0,161.3,4765930.0,0.4669,206.6,3266575.0,0.532
2026-05-07 11:22:10,24294.5,24400.0,+2.0,139.3,7712835.0,0.4236,234.05,3930550.0,0.5745
2026-05-07 11:22:10,24294.5,24450.0,+3.0,119.4,2409745.0,0.3809,264.05,934895.0,0.6159
2026-05-07 11:23:13,24303.3,24150.0,-3.0,280.7,719160.0,0.6407,112.25,1794390.0,0.3567
2026-05-07 11:23:13,24303.3,24200.0,-2.0,249.3,3341065.0,0.6003,131.05,4644380.0,0.398
2026-05-07 11:23:13,24303.3,24250.0,-1.0,219.7,1170520.0,0.5585,151.5,2097615.0,0.4406
2026-05-07 11:23:13,24303.3,24300.0,ATM,192.2,6332625.0,0.5158,174.3,6504030.0,0.484
2026-05-07 11:23:13,24303.3,24350.0,+1.0,167.85,4418635.0,0.4728,199.4,3166410.0,0.5279
2026-05-07 11:23:13,24303.3,24400.0,+2.0,145.0,7640555.0,0.43,227.35,3859505.0,0.5715
2026-05-07 11:23:13,24303.3,24450.0,+3.0,124.4,2440165.0,0.3878,256.35,872495.0,0.6148
2026-05-07 11:24:13,24307.55,24150.0,-3.0,281.5,719160.0,0.6454,112.1,1794390.0,0.3534
2026-05-07 11:24:13,24307.55,24200.0,-2.0,250.15,3341065.0,0.6047,130.9,4644380.0,0.3943
2026-05-07 11:24:13,24307.55,24250.0,-1.0,220.85,1170520.0,0.5628,151.0,2097615.0,0.4366
2026-05-07 11:24:13,24307.55,24300.0,ATM,193.35,6332625.0,0.52,173.85,6504030.0,0.4799
2026-05-07 11:24:13,24307.55,24350.0,+1.0,168.95,4418635.0,0.4767,198.65,3166410.0,0.5235
2026-05-07 11:24:13,24307.55,24400.0,+2.0,145.8,7640555.0,0.4337,226.4,3859505.0,0.567
2026-05-07 11:24:13,24307.55,24450.0,+3.0,125.35,2440165.0,0.3915,255.7,872495.0,0.6096
2026-05-07 11:25:14,24306.4,24150.0,-3.0,278.95,719160.0,0.6475,114.25,1794390.0,0.3543
2026-05-07 11:25:14,24306.4,24200.0,-2.0,248.2,3341065.0,0.6065,132.55,4644380.0,0.3949
2026-05-07 11:25:14,24306.4,24250.0,-1.0,219.1,1170520.0,0.5641,153.6,2097615.0,0.4367
2026-05-07 11:25:14,24306.4,24300.0,ATM,192.2,6332625.0,0.5208,176.75,6504030.0,0.4793
2026-05-07 11:25:14,24306.4,24350.0,+1.0,167.45,4418635.0,0.4773,201.75,3166410.0,0.5223
2026-05-07 11:25:14,24306.4,24400.0,+2.0,144.65,7640555.0,0.434,229.45,3859505.0,0.565
2026-05-07 11:25:14,24306.4,24450.0,+3.0,123.6,2440165.0,0.3911,260.1,872495.0,0.6072
2026-05-07 11:26:16,24298.45,24150.0,-3.0,274.95,709800.0,0.6406,116.45,1763450.0,0.3624
2026-05-07 11:26:16,24298.45,24200.0,-2.0,243.4,3383575.0,0.5991,135.05,4652505.0,0.4031
2026-05-07 11:26:16,24298.45,24250.0,-1.0,214.7,1167855.0,0.5564,156.25,2143050.0,0.4448
2026-05-07 11:26:16,24298.45,24300.0,ATM,187.8,6624735.0,0.5105,179.5,6495385.0,0.4895
2026-05-07 11:26:16,24298.45,24350.0,+1.0,163.7,4529070.0,0.4672,204.75,3255070.0,0.5329
2026-05-07 11:26:16,24298.45,24400.0,+2.0,141.45,7741240.0,0.4244,232.5,3777215.0,0.5756
2026-05-07 11:26:16,24298.45,24450.0,+3.0,121.2,2453880.0,0.382,262.3,873730.0,0.6178
2026-05-07 11:27:17,24295.0,24150.0,-3.0,273.5,709800.0,0.6389,116.2,1763450.0,0.3631
2026-05-07 11:27:17,24295.0,24200.0,-2.0,243.05,3383575.0,0.597,135.35,4652505.0,0.4042
2026-05-07 11:27:17,24295.0,24250.0,-1.0,213.65,1167855.0,0.5542,156.6,2143050.0,0.4463
2026-05-07 11:27:17,24295.0,24300.0,ATM,187.15,6624735.0,0.5109,179.3,6495385.0,0.4891
2026-05-07 11:27:17,24295.0,24350.0,+1.0,162.85,4529070.0,0.4673,205.6,3255070.0,0.5323
2026-05-07 11:27:17,24295.0,24400.0,+2.0,140.45,7741240.0,0.424,233.45,3777215.0,0.5748
2026-05-07 11:27:17,24295.0,24450.0,+3.0,120.7,2453880.0,0.3818,263.2,873730.0,0.6168
2026-05-07 11:28:18,24290.35,24150.0,-3.0,270.0,709800.0,0.6336,118.0,1763450.0,0.3667
2026-05-07 11:28:18,24290.35,24200.0,-2.0,239.3,3383575.0,0.5924,137.25,4652505.0,0.408
2026-05-07 11:28:18,24290.35,24250.0,-1.0,210.05,1167855.0,0.55,158.85,2143050.0,0.4504
2026-05-07 11:28:18,24290.35,24300.0,ATM,184.3,6624735.0,0.5065,181.85,6495385.0,0.4935
2026-05-07 11:28:18,24290.35,24350.0,+1.0,160.0,4529070.0,0.463,208.35,3255070.0,0.5367
2026-05-07 11:28:18,24290.35,24400.0,+2.0,138.0,7741240.0,0.4198,235.95,3777215.0,0.5795
2026-05-07 11:28:18,24290.35,24450.0,+3.0,117.85,2453880.0,0.3774,265.8,873730.0,0.6219
2026-05-07 11:29:20,24298.9,24150.0,-3.0,276.0,718055.0,0.6378,113.3,1761370.0,0.36
2026-05-07 11:29:20,24298.9,24200.0,-2.0,244.25,3427125.0,0.5968,132.05,4713410.0,0.4017
2026-05-07 11:29:20,24298.9,24250.0,-1.0,215.4,1182740.0,0.5548,153.0,2242110.0,0.4446
2026-05-07 11:29:20,24298.9,24300.0,ATM,188.7,6775990.0,0.5116,175.75,6706570.0,0.4883
2026-05-07 11:29:20,24298.9,24350.0,+1.0,163.65,4468165.0,0.4683,201.6,3182400.0,0.5325
2026-05-07 11:29:20,24298.9,24400.0,+2.0,141.6,7750275.0,0.4253,228.85,3771365.0,0.576
2026-05-07 11:29:20,24298.9,24450.0,+3.0,121.15,2448160.0,0.383,258.3,864500.0,0.6191
2026-05-07 11:30:21,24311.15,24150.0,-3.0,283.35,718055.0,0.6462,109.0,1761370.0,0.3506
2026-05-07 11:30:21,24311.15,24200.0,-2.0,252.0,3427125.0,0.6058,126.75,4713410.0,0.392
2026-05-07 11:30:21,24311.15,24250.0,-1.0,221.1,1182740.0,0.564,147.0,2242110.0,0.4341
2026-05-07 11:30:21,24311.15,24300.0,ATM,193.8,6775990.0,0.5213,169.45,6706570.0,0.4783
2026-05-07 11:30:21,24311.15,24350.0,+1.0,169.15,4468165.0,0.478,194.15,3182400.0,0.5228
2026-05-07 11:30:21,24311.15,24400.0,+2.0,146.1,7750275.0,0.4347,221.35,3771365.0,0.5672
2026-05-07 11:30:21,24311.15,24450.0,+3.0,125.15,2448160.0,0.392,250.15,864500.0,0.6111
2026-05-07 11:31:27,24315.75,24150.0,-3.0,285.6,718055.0,0.6525,107.8,1761370.0,0.3467
2026-05-07 11:31:27,24315.75,24200.0,-2.0,253.75,3427125.0,0.6119,125.75,4713410.0,0.3873
2026-05-07 11:31:27,24315.75,24250.0,-1.0,223.25,1182740.0,0.5696,145.75,2242110.0,0.43
2026-05-07 11:31:27,24315.75,24300.0,ATM,195.8,6775990.0,0.5264,167.8,6706570.0,0.4735
2026-05-07 11:31:27,24315.75,24350.0,+1.0,170.65,4468165.0,0.4827,192.2,3182400.0,0.5176
2026-05-07 11:31:27,24315.75,24400.0,+2.0,147.05,7750275.0,0.4391,219.55,3771365.0,0.5615
2026-05-07 11:31:27,24315.75,24450.0,+3.0,126.15,2448160.0,0.3958,248.45,864500.0,0.605
2026-05-07 11:32:29,24338.9,24200.0,-3.0,266.6,3480035.0,0.6304,115.6,4749745.0,0.3708
2026-05-07 11:32:29,24338.9,24250.0,-2.0,235.4,1255930.0,0.5879,134.4,2138955.0,0.4127
2026-05-07 11:32:29,24338.9,24300.0,-1.0,207.4,7114120.0,0.5444,155.3,6413940.0,0.4557
2026-05-07 11:32:29,24338.9,24350.0,ATM,180.8,4708665.0,0.5003,179.1,2946710.0,0.4997
2026-05-07 11:32:29,24338.9,24400.0,+1.0,156.05,7962175.0,0.456,204.9,3582995.0,0.5436
2026-05-07 11:32:29,24338.9,24450.0,+2.0,133.8,2488850.0,0.4121,232.45,814320.0,0.5872
2026-05-07 11:32:29,24338.9,24500.0,+3.0,114.2,8106800.0,0.369,262.4,2085200.0,0.63
2026-05-07 11:33:30,24332.0,24200.0,-3.0,260.85,3480035.0,0.6267,119.3,4749745.0,0.3725
2026-05-07 11:33:30,24332.0,24250.0,-2.0,230.0,1255930.0,0.5851,139.0,2138955.0,0.4145
2026-05-07 11:33:30,24332.0,24300.0,-1.0,201.75,7114120.0,0.5419,160.15,6413940.0,0.4579
2026-05-07 11:33:30,24332.0,24350.0,ATM,176.9,4708665.0,0.498,183.05,2946710.0,0.5021
2026-05-07 11:33:30,24332.0,24400.0,+1.0,153.45,7962175.0,0.454,209.1,3582995.0,0.5463
2026-05-07 11:33:30,24332.0,24450.0,+2.0,130.2,2488850.0,0.4102,238.9,814320.0,0.5906
2026-05-07 11:33:30,24332.0,24500.0,+3.0,111.2,8106800.0,0.3672,268.55,2085200.0,0.6331
2026-05-07 11:34:33,24329.7,24200.0,-3.0,261.7,3480035.0,0.6243,119.55,4749745.0,0.3766
2026-05-07 11:34:33,24329.7,24250.0,-2.0,230.15,1255930.0,0.5816,139.3,2138955.0,0.4186
2026-05-07 11:34:33,24329.7,24300.0,-1.0,202.35,7114120.0,0.5383,160.9,6413940.0,0.4619
2026-05-07 11:34:33,24329.7,24350.0,ATM,175.85,4708665.0,0.4942,184.7,2946710.0,0.5057
2026-05-07 11:34:33,24329.7,24400.0,+1.0,152.85,7962175.0,0.4502,210.45,3582995.0,0.5497
2026-05-07 11:34:33,24329.7,24450.0,+2.0,130.95,2488850.0,0.4063,239.5,814320.0,0.5934
2026-05-07 11:34:33,24329.7,24500.0,+3.0,111.75,8106800.0,0.364,269.1,2085200.0,0.6355
2026-05-07 11:35:34,24317.3,24150.0,-3.0,285.7,717340.0,0.66,106.95,1713400.0,0.344
2026-05-07 11:35:34,24317.3,24200.0,-2.0,253.5,3436095.0,0.6174,125.0,4787250.0,0.3843
2026-05-07 11:35:34,24317.3,24250.0,-1.0,223.0,1250665.0,0.5766,145.0,2138825.0,0.4243
2026-05-07 11:35:34,24317.3,24300.0,ATM,195.95,7219030.0,0.5327,167.4,6435585.0,0.4675
2026-05-07 11:35:34,24317.3,24350.0,+1.0,170.15,4791345.0,0.4886,191.7,2968550.0,0.5113
2026-05-07 11:35:34,24317.3,24400.0,+2.0,146.85,8253375.0,0.4444,218.95,3776825.0,0.5551
2026-05-07 11:35:34,24317.3,24450.0,+3.0,126.15,2532465.0,0.3987,247.05,833820.0,0.5995
2026-05-07 11:36:35,24320.6,24150.0,-3.0,288.0,717340.0,0.6557,105.0,1713400.0,0.3412
2026-05-07 11:36:35,24320.6,24200.0,-2.0,255.95,3436095.0,0.6153,122.9,4787250.0,0.3821
2026-05-07 11:36:35,24320.6,24250.0,-1.0,226.95,1250665.0,0.5763,141.85,2138825.0,0.4233
2026-05-07 11:36:35,24320.6,24300.0,ATM,197.5,7219030.0,0.5309,164.55,6435585.0,0.4686
2026-05-07 11:36:35,24320.6,24350.0,+1.0,172.75,4791345.0,0.4892,187.35,2968550.0,0.511
2026-05-07 11:36:35,24320.6,24400.0,+2.0,148.85,8253375.0,0.4437,215.65,3776825.0,0.5579
2026-05-07 11:36:35,24320.6,24450.0,+3.0,128.25,2532465.0,0.4018,242.4,833820.0,0.5989
2026-05-07 11:37:36,24318.5,24150.0,-3.0,286.9,717340.0,0.6549,105.05,1713400.0,0.3429
2026-05-07 11:37:36,24318.5,24200.0,-2.0,255.0,3436095.0,0.6141,122.9,4787250.0,0.3837
2026-05-07 11:37:36,24318.5,24250.0,-1.0,225.0,1250665.0,0.5723,143.3,2138825.0,0.4266
2026-05-07 11:37:36,24318.5,24300.0,ATM,197.0,7219030.0,0.5292,164.9,6435585.0,0.4705
2026-05-07 11:37:36,24318.5,24350.0,+1.0,171.2,4791345.0,0.4855,190.15,2968550.0,0.5149
2026-05-07 11:37:36,24318.5,24400.0,+2.0,148.0,8253375.0,0.4417,216.3,3776825.0,0.5594
2026-05-07 11:37:36,24318.5,24450.0,+3.0,126.85,2532465.0,0.3985,244.5,833820.0,0.6035
2026-05-07 11:38:37,24319.25,24150.0,-3.0,286.65,714220.0,0.6501,105.0,1708655.0,0.3461
2026-05-07 11:38:37,24319.25,24200.0,-2.0,254.65,3455400.0,0.6101,122.8,4754100.0,0.3865
2026-05-07 11:38:37,24319.25,24250.0,-1.0,224.7,1259245.0,0.5683,143.3,2174185.0,0.4296
2026-05-07 11:38:37,24319.25,24300.0,ATM,196.9,7258680.0,0.5256,164.4,6585605.0,0.474
2026-05-07 11:38:37,24319.25,24350.0,+1.0,171.15,4801095.0,0.4819,189.5,3048630.0,0.5186
2026-05-07 11:38:37,24319.25,24400.0,+2.0,148.0,8360950.0,0.4382,216.0,3879460.0,0.5629
2026-05-07 11:38:37,24319.25,24450.0,+3.0,126.5,2539940.0,0.395,244.2,839605.0,0.6073
2026-05-07 11:39:40,24313.7,24150.0,-3.0,279.75,714220.0,0.6515,109.05,1708655.0,0.35
2026-05-07 11:39:40,24313.7,24200.0,-2.0,247.5,3455400.0,0.6104,127.25,4754100.0,0.391
2026-05-07 11:39:40,24313.7,24250.0,-1.0,218.55,1259245.0,0.5673,147.6,2174185.0,0.4335
2026-05-07 11:39:40,24313.7,24300.0,ATM,191.15,7258680.0,0.5233,170.45,6585605.0,0.4768
2026-05-07 11:39:40,24313.7,24350.0,+1.0,165.95,4801095.0,0.479,195.2,3048630.0,0.5207
2026-05-07 11:39:40,24313.7,24400.0,+2.0,143.8,8360950.0,0.435,222.4,3879460.0,0.5643
2026-05-07 11:39:40,24313.7,24450.0,+3.0,122.85,2539940.0,0.3915,252.4,839605.0,0.6071
2026-05-07 11:40:43,24313.95,24150.0,-3.0,282.95,715130.0,0.6523,106.35,1704040.0,0.3466
2026-05-07 11:40:43,24313.95,24200.0,-2.0,251.15,3452020.0,0.6114,124.85,4771325.0,0.388
2026-05-07 11:40:43,24313.95,24250.0,-1.0,221.0,1256385.0,0.5689,144.95,2169765.0,0.4308
2026-05-07 11:40:43,24313.95,24300.0,ATM,193.75,7225855.0,0.5254,166.95,6676475.0,0.4745
2026-05-07 11:40:43,24313.95,24350.0,+1.0,168.1,4801095.0,0.4813,191.95,3048630.0,0.5188
2026-05-07 11:40:43,24313.95,24400.0,+2.0,145.1,8314020.0,0.4375,219.4,3935555.0,0.5631
2026-05-07 11:40:43,24313.95,24450.0,+3.0,124.0,2539940.0,0.3941,247.6,839605.0,0.6072
2026-05-07 11:41:45,24310.85,24150.0,-3.0,279.75,715130.0,0.65,109.15,1704040.0,0.3498
2026-05-07 11:41:45,24310.85,24200.0,-2.0,248.4,3452020.0,0.6088,127.5,4771325.0,0.3911
2026-05-07 11:41:45,24310.85,24250.0,-1.0,219.0,1256385.0,0.5663,148.1,2169765.0,0.4339
2026-05-07 11:41:45,24310.85,24300.0,ATM,191.7,7225855.0,0.5224,170.55,6676475.0,0.4775
2026-05-07 11:41:45,24310.85,24350.0,+1.0,166.4,4790370.0,0.4784,195.05,3072420.0,0.5217
2026-05-07 11:41:45,24310.85,24400.0,+2.0,143.6,8314020.0,0.4346,222.45,3935555.0,0.5657
2026-05-07 11:41:45,24310.85,24450.0,+3.0,122.65,2519270.0,0.3915,251.7,837785.0,0.6088
2026-05-07 11:42:45,24307.35,24150.0,-3.0,277.8,715130.0,0.6484,110.8,1704040.0,0.353
2026-05-07 11:42:45,24307.35,24200.0,-2.0,246.5,3452020.0,0.6069,129.45,4771325.0,0.394
2026-05-07 11:42:45,24307.35,24250.0,-1.0,217.45,1256385.0,0.564,149.85,2169765.0,0.4365
2026-05-07 11:42:45,24307.35,24300.0,ATM,190.2,7225855.0,0.5202,172.75,6676475.0,0.4799
2026-05-07 11:42:45,24307.35,24350.0,+1.0,165.35,4790370.0,0.4762,197.95,3072420.0,0.5236
2026-05-07 11:42:45,24307.35,24400.0,+2.0,142.7,8314020.0,0.4323,225.65,3935555.0,0.567
2026-05-07 11:42:45,24307.35,24450.0,+3.0,121.95,2519270.0,0.3893,254.35,837785.0,0.61
2026-05-07 11:43:47,24302.7,24150.0,-3.0,274.9,711230.0,0.6421,113.35,1695720.0,0.3584
2026-05-07 11:43:47,24302.7,24200.0,-2.0,243.75,3516630.0,0.6011,132.25,4743765.0,0.3997
2026-05-07 11:43:47,24302.7,24250.0,-1.0,215.2,1241175.0,0.5584,153.1,2184195.0,0.4419
2026-05-07 11:43:47,24302.7,24300.0,ATM,188.65,7239960.0,0.5148,176.0,6717230.0,0.4852
2026-05-07 11:43:47,24302.7,24350.0,+1.0,164.05,4740905.0,0.471,201.7,3081195.0,0.5288
2026-05-07 11:43:47,24302.7,24400.0,+2.0,141.35,8341060.0,0.4275,229.5,3809325.0,0.5719
2026-05-07 11:43:47,24302.7,24450.0,+3.0,121.0,2524340.0,0.3849,259.0,838240.0,0.6143
2026-05-07 11:44:48,24289.7,24150.0,-3.0,270.4,711230.0,0.6352,118.6,1695720.0,0.3668
2026-05-07 11:44:48,24289.7,24200.0,-2.0,240.0,3516630.0,0.5936,137.55,4743765.0,0.4079
2026-05-07 11:44:48,24289.7,24250.0,-1.0,211.4,1241175.0,0.5509,159.0,2184195.0,0.4498
2026-05-07 11:44:48,24289.7,24300.0,ATM,184.55,7239960.0,0.5074,183.1,6717230.0,0.4926
2026-05-07 11:44:48,24289.7,24350.0,+1.0,160.35,4740905.0,0.4637,208.65,3081195.0,0.5355
2026-05-07 11:44:48,24289.7,24400.0,+2.0,138.55,8341060.0,0.4204,236.85,3809325.0,0.5778
2026-05-07 11:44:48,24289.7,24450.0,+3.0,118.7,2524340.0,0.3781,267.2,838240.0,0.6195
2026-05-07 11:45:49,24285.05,24150.0,-3.0,267.4,711230.0,0.6265,121.4,1695720.0,0.3729
2026-05-07 11:45:49,24285.05,24200.0,-2.0,236.9,3516630.0,0.5851,140.65,4743765.0,0.4144
2026-05-07 11:45:49,24285.05,24250.0,-1.0,208.3,1241175.0,0.543,162.5,2184195.0,0.4569
2026-05-07 11:45:49,24285.05,24300.0,ATM,182.3,7239960.0,0.4999,186.15,6717230.0,0.5001
2026-05-07 11:45:49,24285.05,24350.0,+1.0,158.55,4740905.0,0.457,212.1,3081195.0,0.5434
2026-05-07 11:45:49,24285.05,24400.0,+2.0,136.5,8341060.0,0.4144,241.4,3809325.0,0.5861
2026-05-07 11:45:49,24285.05,24450.0,+3.0,117.2,2524340.0,0.3725,271.5,838240.0,0.6276
2026-05-07 11:46:50,24291.9,24150.0,-3.0,271.0,709995.0,0.6307,117.5,1671800.0,0.3676
2026-05-07 11:46:50,24291.9,24200.0,-2.0,240.0,3501680.0,0.5894,136.65,4687475.0,0.4089
2026-05-07 11:46:50,24291.9,24250.0,-1.0,211.5,1300520.0,0.5474,158.0,2269865.0,0.4519
2026-05-07 11:46:50,24291.9,24300.0,ATM,185.0,7374380.0,0.5045,181.5,6839950.0,0.4955
2026-05-07 11:46:50,24291.9,24350.0,+1.0,160.65,4720820.0,0.4614,207.25,2962960.0,0.5394
2026-05-07 11:46:50,24291.9,24400.0,+2.0,138.55,8259875.0,0.4187,235.8,3725735.0,0.5828
2026-05-07 11:46:50,24291.9,24450.0,+3.0,118.5,2519400.0,0.3768,265.1,830180.0,0.6254
2026-05-07 11:47:51,24292.4,24150.0,-3.0,273.1,709995.0,0.6354,116.9,1671800.0,0.3647
2026-05-07 11:47:51,24292.4,24200.0,-2.0,241.95,3501680.0,0.5943,135.95,4687475.0,0.4054
2026-05-07 11:47:51,24292.4,24250.0,-1.0,212.85,1300520.0,0.5519,157.25,2269865.0,0.4481
2026-05-07 11:47:51,24292.4,24300.0,ATM,186.6,7374380.0,0.5087,180.8,6839950.0,0.4913
2026-05-07 11:47:51,24292.4,24350.0,+1.0,162.35,4720820.0,0.4653,205.95,2962960.0,0.5347
2026-05-07 11:47:51,24292.4,24400.0,+2.0,139.8,8259875.0,0.4223,233.9,3725735.0,0.5778
2026-05-07 11:47:51,24292.4,24450.0,+3.0,119.75,2519400.0,0.38,264.1,830180.0,0.6198
2026-05-07 11:48:52,24300.25,24150.0,-3.0,276.4,709995.0,0.6381,112.75,1671800.0,0.3584
2026-05-07 11:48:52,24300.25,24200.0,-2.0,244.85,3501680.0,0.5981,131.35,4687475.0,0.3999
2026-05-07 11:48:52,24300.25,24250.0,-1.0,215.45,1300520.0,0.5561,152.25,2269865.0,0.443
2026-05-07 11:48:52,24300.25,24300.0,ATM,188.45,7374380.0,0.5129,175.2,6839950.0,0.487
2026-05-07 11:48:52,24300.25,24350.0,+1.0,164.05,4720820.0,0.4696,200.45,2962960.0,0.5313
2026-05-07 11:48:52,24300.25,24400.0,+2.0,141.65,8259875.0,0.4264,228.05,3725735.0,0.5756
2026-05-07 11:48:52,24300.25,24450.0,+3.0,121.05,2519400.0,0.3841,257.3,830180.0,0.6188
2026-05-07 11:49:53,24304.8,24150.0,-3.0,278.05,709735.0,0.6451,111.65,1674920.0,0.3544
2026-05-07 11:49:53,24304.8,24200.0,-2.0,246.55,3522480.0,0.6039,130.0,4668690.0,0.3959
2026-05-07 11:49:53,24304.8,24250.0,-1.0,216.85,1450540.0,0.5623,150.9,2230540.0,0.4377
2026-05-07 11:49:53,24304.8,24300.0,ATM,190.2,7616830.0,0.5188,173.05,6672445.0,0.4812
2026-05-07 11:49:53,24304.8,24350.0,+1.0,165.45,4810000.0,0.475,198.15,2857660.0,0.5251
2026-05-07 11:49:53,24304.8,24400.0,+2.0,142.7,8359065.0,0.4307,226.05,3662100.0,0.5695
2026-05-07 11:49:53,24304.8,24450.0,+3.0,121.9,2527525.0,0.3884,254.95,824980.0,0.6116
2026-05-07 11:50:56,24316.15,24150.0,-3.0,284.65,709735.0,0.6471,106.35,1674920.0,0.349
2026-05-07 11:50:56,24316.15,24200.0,-2.0,252.25,3522480.0,0.6067,124.3,4668690.0,0.3905
2026-05-07 11:50:56,24316.15,24250.0,-1.0,221.85,1450540.0,0.5649,144.75,2230540.0,0.4336
2026-05-07 11:50:56,24316.15,24300.0,ATM,194.05,7616830.0,0.5218,166.4,6672445.0,0.4778
2026-05-07 11:50:56,24316.15,24350.0,+1.0,168.95,4810000.0,0.4782,191.55,2857660.0,0.5227
2026-05-07 11:50:56,24316.15,24400.0,+2.0,146.0,8359065.0,0.4348,218.6,3662100.0,0.5675
2026-05-07 11:50:56,24316.15,24450.0,+3.0,125.0,2527525.0,0.3917,247.0,824980.0,0.6116
2026-05-07 11:51:57,24319.8,24150.0,-3.0,286.85,709735.0,0.6588,105.6,1674920.0,0.3424
2026-05-07 11:51:57,24319.8,24200.0,-2.0,254.7,3522480.0,0.6178,123.45,4668690.0,0.3831
2026-05-07 11:51:57,24319.8,24250.0,-1.0,224.3,1450540.0,0.5754,143.1,2230540.0,0.4252
2026-05-07 11:51:57,24319.8,24300.0,ATM,196.75,7616830.0,0.5316,165.25,6672445.0,0.4686
2026-05-07 11:51:57,24319.8,24350.0,+1.0,170.6,4810000.0,0.4874,189.45,2857660.0,0.5125
2026-05-07 11:51:57,24319.8,24400.0,+2.0,147.45,8359065.0,0.4433,216.75,3662100.0,0.5563
2026-05-07 11:51:57,24319.8,24450.0,+3.0,126.5,2527525.0,0.3996,245.7,824980.0,0.5994
2026-05-07 11:52:59,24328.05,24200.0,-3.0,260.5,3540810.0,0.6217,119.8,4666870.0,0.3766
2026-05-07 11:52:59,24328.05,24250.0,-2.0,229.05,1445990.0,0.5801,139.7,2165735.0,0.4188
2026-05-07 11:52:59,24328.05,24300.0,-1.0,200.95,7764705.0,0.537,161.1,6432140.0,0.4625
2026-05-07 11:52:59,24328.05,24350.0,ATM,175.0,4916145.0,0.4933,185.2,2763865.0,0.507
2026-05-07 11:52:59,24328.05,24400.0,+1.0,151.2,8468070.0,0.4494,211.25,3602755.0,0.5516
2026-05-07 11:52:59,24328.05,24450.0,+2.0,129.75,2556060.0,0.4058,240.1,826995.0,0.5959
2026-05-07 11:52:59,24328.05,24500.0,+3.0,110.4,8216715.0,0.3635,270.2,2041130.0,0.6389
2026-05-07 11:54:01,24325.75,24200.0,-3.0,257.85,3540810.0,0.6236,121.2,4666870.0,0.3768
2026-05-07 11:54:01,24325.75,24250.0,-2.0,227.0,1445990.0,0.5813,140.55,2165735.0,0.4189
2026-05-07 11:54:01,24325.75,24300.0,-1.0,199.95,7764705.0,0.5377,161.6,6432140.0,0.4624
2026-05-07 11:54:01,24325.75,24350.0,ATM,173.9,4916145.0,0.4935,185.7,2763865.0,0.5065
2026-05-07 11:54:01,24325.75,24400.0,+1.0,150.2,8468070.0,0.4494,212.35,3602755.0,0.5506
2026-05-07 11:54:01,24325.75,24450.0,+2.0,128.55,2556060.0,0.4057,241.15,826995.0,0.5943
2026-05-07 11:54:01,24325.75,24500.0,+3.0,109.8,8216715.0,0.3628,272.0,2041130.0,0.6373
2026-05-07 11:55:02,24322.75,24150.0,-3.0,287.95,709085.0,0.6547,103.7,1673230.0,0.3409
2026-05-07 11:55:02,24322.75,24200.0,-2.0,255.65,3540810.0,0.6142,121.4,4666870.0,0.3821
2026-05-07 11:55:02,24322.75,24250.0,-1.0,226.15,1445990.0,0.5729,141.7,2165735.0,0.4252
2026-05-07 11:55:02,24322.75,24300.0,ATM,197.8,7764705.0,0.5299,163.3,6432140.0,0.4694
2026-05-07 11:55:02,24322.75,24350.0,+1.0,172.3,4916145.0,0.4864,187.5,2763865.0,0.5143
2026-05-07 11:55:02,24322.75,24400.0,+2.0,149.05,8468070.0,0.4429,213.95,3602755.0,0.559
2026-05-07 11:55:02,24322.75,24450.0,+3.0,127.2,2556060.0,0.3998,243.65,826995.0,0.6036
2026-05-07 11:56:03,24329.5,24200.0,-3.0,261.9,3544840.0,0.6229,117.9,4658680.0,0.3742
2026-05-07 11:56:03,24329.5,24250.0,-2.0,230.65,1403740.0,0.5814,136.7,2171845.0,0.4169
2026-05-07 11:56:03,24329.5,24300.0,-1.0,202.5,7583160.0,0.5384,158.05,6515340.0,0.4608
2026-05-07 11:56:03,24329.5,24350.0,ATM,176.5,5004610.0,0.4948,181.95,2789930.0,0.5055
2026-05-07 11:56:03,24329.5,24400.0,+1.0,152.7,8444280.0,0.4509,208.3,3528980.0,0.5504
2026-05-07 11:56:03,24329.5,24450.0,+2.0,131.3,2577510.0,0.4075,236.85,850135.0,0.595
2026-05-07 11:56:03,24329.5,24500.0,+3.0,111.35,8161075.0,0.3651,267.2,2048800.0,0.6385
2026-05-07 11:57:05,24323.95,24150.0,-3.0,288.55,710645.0,0.6626,103.5,1675765.0,0.3392
2026-05-07 11:57:05,24323.95,24200.0,-2.0,257.0,3544840.0,0.6212,120.9,4658680.0,0.3797
2026-05-07 11:57:05,24323.95,24250.0,-1.0,226.0,1403740.0,0.5785,140.0,2171845.0,0.4223
2026-05-07 11:57:05,24323.95,24300.0,ATM,197.95,7583160.0,0.5345,162.0,6515340.0,0.4656
2026-05-07 11:57:05,24323.95,24350.0,+1.0,172.0,5004610.0,0.4901,187.0,2789930.0,0.5098
2026-05-07 11:57:05,24323.95,24400.0,+2.0,149.55,8444280.0,0.4456,212.55,3528980.0,0.5538
2026-05-07 11:57:05,24323.95,24450.0,+3.0,127.55,2577510.0,0.4019,241.95,850135.0,0.5972
2026-05-07 11:58:06,24333.6,24200.0,-3.0,262.75,3544840.0,0.6282,116.25,4658680.0,0.3702
2026-05-07 11:58:06,24333.6,24250.0,-2.0,232.0,1403740.0,0.5865,135.2,2171845.0,0.4126
2026-05-07 11:58:06,24333.6,24300.0,-1.0,203.65,7583160.0,0.5429,156.4,6515340.0,0.4564
2026-05-07 11:58:06,24333.6,24350.0,ATM,177.7,5004610.0,0.499,180.0,2789930.0,0.5011
2026-05-07 11:58:06,24333.6,24400.0,+1.0,153.7,8444280.0,0.4548,206.4,3528980.0,0.546
2026-05-07 11:58:06,24333.6,24450.0,+2.0,131.5,2577510.0,0.4109,234.45,850135.0,0.5905
2026-05-07 11:58:06,24333.6,24500.0,+3.0,112.0,8161075.0,0.3681,265.0,2048800.0,0.6335
2026-05-07 11:59:07,24346.2,24200.0,-3.0,270.25,3540225.0,0.6367,112.0,4668235.0,0.362
2026-05-07 11:59:07,24346.2,24250.0,-2.0,238.7,1412710.0,0.5945,130.8,2183675.0,0.4039
2026-05-07 11:59:07,24346.2,24300.0,-1.0,210.4,7702630.0,0.5516,150.95,6456775.0,0.4475
2026-05-07 11:59:07,24346.2,24350.0,ATM,183.0,5080920.0,0.5078,174.15,2802800.0,0.4922
2026-05-07 11:59:07,24346.2,24400.0,+1.0,158.4,8459490.0,0.4636,199.65,3524300.0,0.537
2026-05-07 11:59:07,24346.2,24450.0,+2.0,136.2,2591940.0,0.4198,227.7,843635.0,0.5819
2026-05-07 11:59:07,24346.2,24500.0,+3.0,116.05,8178690.0,0.3764,257.55,2046135.0,0.6257
2026-05-07 12:00:08,24344.15,24200.0,-3.0,268.35,3540225.0,0.6378,114.05,4668235.0,0.3633
2026-05-07 12:00:08,24344.15,24250.0,-2.0,236.7,1412710.0,0.5951,132.65,2183675.0,0.4051
2026-05-07 12:00:08,24344.15,24300.0,-1.0,208.25,7702630.0,0.5517,153.9,6456775.0,0.4483
2026-05-07 12:00:08,24344.15,24350.0,ATM,181.55,5080920.0,0.5075,177.0,2802800.0,0.4925
2026-05-07 12:00:08,24344.15,24400.0,+1.0,156.95,8459490.0,0.4631,202.1,3524300.0,0.5367
2026-05-07 12:00:08,24344.15,24450.0,+2.0,134.6,2591940.0,0.4188,230.0,843635.0,0.5809
2026-05-07 12:00:08,24344.15,24500.0,+3.0,114.85,8178690.0,0.3757,259.75,2046135.0,0.6241
2026-05-07 12:01:09,24347.55,24200.0,-3.0,269.05,3540225.0,0.6408,113.35,4668235.0,0.3605
2026-05-07 12:01:09,24347.55,24250.0,-2.0,237.25,1412710.0,0.5988,132.85,2183675.0,0.402
2026-05-07 12:01:09,24347.55,24300.0,-1.0,208.45,7702630.0,0.5554,153.4,6456775.0,0.445
2026-05-07 12:01:09,24347.55,24350.0,ATM,181.7,5080920.0,0.511,176.5,2802800.0,0.489
2026-05-07 12:01:09,24347.55,24400.0,+1.0,157.15,8459490.0,0.4662,202.15,3524300.0,0.5333
2026-05-07 12:01:09,24347.55,24450.0,+2.0,135.1,2591940.0,0.4221,230.25,843635.0,0.5772
2026-05-07 12:01:09,24347.55,24500.0,+3.0,115.05,8178690.0,0.3784,260.5,2046135.0,0.6205
2026-05-07 12:02:10,24359.7,24200.0,-3.0,276.25,3506360.0,0.6519,108.0,4690075.0,0.3487
2026-05-07 12:02:10,24359.7,24250.0,-2.0,244.2,1354730.0,0.6108,126.35,2228525.0,0.3902
2026-05-07 12:02:10,24359.7,24300.0,-1.0,214.6,7615725.0,0.5673,145.9,6514690.0,0.4332
2026-05-07 12:02:10,24359.7,24350.0,ATM,187.2,4988815.0,0.5227,168.6,2893995.0,0.4774
2026-05-07 12:02:10,24359.7,24400.0,+1.0,162.05,8421530.0,0.4777,194.1,3690960.0,0.522
2026-05-07 12:02:10,24359.7,24450.0,+2.0,139.3,2567890.0,0.4328,221.35,833040.0,0.5666
2026-05-07 12:02:10,24359.7,24500.0,+3.0,118.3,8125195.0,0.3888,250.35,2061475.0,0.6106
2026-05-07 12:03:11,24365.9,24200.0,-3.0,283.0,3506360.0,0.6522,105.25,4690075.0,0.3453
2026-05-07 12:03:11,24365.9,24250.0,-2.0,250.7,1354730.0,0.6119,123.1,2228525.0,0.3867
2026-05-07 12:03:11,24365.9,24300.0,-1.0,220.95,7615725.0,0.5691,142.2,6514690.0,0.4298
2026-05-07 12:03:11,24365.9,24350.0,ATM,193.05,4988815.0,0.5254,164.75,2893995.0,0.4742
2026-05-07 12:03:11,24365.9,24400.0,+1.0,167.15,8421530.0,0.4811,189.25,3690960.0,0.5194
2026-05-07 12:03:11,24365.9,24450.0,+2.0,144.15,2567890.0,0.4367,215.7,833040.0,0.5645
2026-05-07 12:03:11,24365.9,24500.0,+3.0,122.4,8125195.0,0.3928,244.95,2061475.0,0.6091
2026-05-07 12:04:13,24359.9,24200.0,-3.0,275.6,3506360.0,0.6566,107.15,4690075.0,0.3459
2026-05-07 12:04:13,24359.9,24250.0,-2.0,244.55,1354730.0,0.613,124.8,2228525.0,0.3894
2026-05-07 12:04:13,24359.9,24300.0,-1.0,214.85,7615725.0,0.5689,145.0,6514690.0,0.432
2026-05-07 12:04:13,24359.9,24350.0,ATM,187.0,4988815.0,0.526,168.0,2893995.0,0.4742
2026-05-07 12:04:13,24359.9,24400.0,+1.0,161.95,8421530.0,0.4789,192.9,3690960.0,0.5207
2026-05-07 12:04:13,24359.9,24450.0,+2.0,139.75,2567890.0,0.4337,219.75,833040.0,0.565
2026-05-07 12:04:13,24359.9,24500.0,+3.0,118.5,8125195.0,0.3912,249.0,2061475.0,0.6073
2026-05-07 12:05:14,24361.2,24200.0,-3.0,279.6,3430765.0,0.6474,105.55,4692805.0,0.3489
2026-05-07 12:05:14,24361.2,24250.0,-2.0,246.75,1320085.0,0.6065,123.6,2192905.0,0.3908
2026-05-07 12:05:14,24361.2,24300.0,-1.0,217.35,7048145.0,0.564,143.25,6554860.0,0.4345
2026-05-07 12:05:14,24361.2,24350.0,ATM,190.0,4714190.0,0.5202,165.65,3024190.0,0.4795
2026-05-07 12:05:14,24361.2,24400.0,+1.0,164.65,8270080.0,0.4759,190.4,3820765.0,0.525
2026-05-07 12:05:14,24361.2,24450.0,+2.0,141.75,2532790.0,0.4315,217.0,864110.0,0.5703
2026-05-07 12:05:14,24361.2,24500.0,+3.0,120.65,8015345.0,0.3879,246.45,2096900.0,0.6157
2026-05-07 12:06:15,24363.6,24200.0,-3.0,279.1,3430765.0,0.6533,105.6,4692805.0,0.3464
2026-05-07 12:06:15,24363.6,24250.0,-2.0,246.95,1320085.0,0.6116,123.3,2192905.0,0.3881
2026-05-07 12:06:15,24363.6,24300.0,-1.0,217.15,7048145.0,0.5685,143.65,6554860.0,0.4312
2026-05-07 12:06:15,24363.6,24350.0,ATM,190.0,4714190.0,0.5242,165.5,3024190.0,0.4757
2026-05-07 12:06:15,24363.6,24400.0,+1.0,164.2,8270080.0,0.4794,190.95,3820765.0,0.5207
2026-05-07 12:06:15,24363.6,24450.0,+2.0,141.4,2532790.0,0.4347,217.45,864110.0,0.5656
2026-05-07 12:06:15,24363.6,24500.0,+3.0,120.45,8015345.0,0.3905,247.45,2096900.0,0.61
2026-05-07 12:07:16,24355.55,24200.0,-3.0,274.45,3430765.0,0.652,106.45,4692805.0,0.3487
2026-05-07 12:07:16,24355.55,24250.0,-2.0,242.4,1320085.0,0.6101,124.5,2192905.0,0.3901
2026-05-07 12:07:16,24355.55,24300.0,-1.0,213.0,7048145.0,0.5665,144.7,6554860.0,0.4335
2026-05-07 12:07:16,24355.55,24350.0,ATM,186.4,4714190.0,0.5219,167.25,3024190.0,0.4781
2026-05-07 12:07:16,24355.55,24400.0,+1.0,160.85,8270080.0,0.4769,192.7,3820765.0,0.5232
2026-05-07 12:07:16,24355.55,24450.0,+2.0,138.0,2532790.0,0.4319,219.8,864110.0,0.5681
2026-05-07 12:07:16,24355.55,24500.0,+3.0,117.75,8015345.0,0.3877,249.1,2096900.0,0.6127
2026-05-07 12:08:17,24356.65,24200.0,-3.0,277.05,3445585.0,0.6493,105.5,4719845.0,0.3481
2026-05-07 12:08:17,24356.65,24250.0,-2.0,243.85,1335685.0,0.608,123.6,2203565.0,0.3902
2026-05-07 12:08:17,24356.65,24300.0,-1.0,213.9,6918080.0,0.5649,143.4,6571175.0,0.4341
2026-05-07 12:08:17,24356.65,24350.0,ATM,186.5,4775550.0,0.5206,166.0,3071835.0,0.4791
2026-05-07 12:08:17,24356.65,24400.0,+1.0,161.95,8406905.0,0.4758,191.1,3954015.0,0.5247
2026-05-07 12:08:17,24356.65,24450.0,+2.0,138.55,2558855.0,0.4311,218.4,883870.0,0.5702
2026-05-07 12:08:17,24356.65,24500.0,+3.0,118.2,8082815.0,0.3871,247.7,2098850.0,0.6152
2026-05-07 12:09:19,24360.35,24200.0,-3.0,276.7,3445585.0,0.6486,105.0,4719845.0,0.3481
2026-05-07 12:09:19,24360.35,24250.0,-2.0,244.65,1335685.0,0.6106,123.0,2203565.0,0.3885
2026-05-07 12:09:19,24360.35,24300.0,-1.0,215.45,6918080.0,0.5674,142.7,6571175.0,0.432
2026-05-07 12:09:19,24360.35,24350.0,ATM,187.65,4775550.0,0.5205,165.2,3071835.0,0.4793
2026-05-07 12:09:19,24360.35,24400.0,+1.0,162.6,8406905.0,0.478,190.35,3954015.0,0.5222
2026-05-07 12:09:19,24360.35,24450.0,+2.0,139.0,2558855.0,0.4311,217.6,883870.0,0.5674
2026-05-07 12:09:19,24360.35,24500.0,+3.0,118.5,8082815.0,0.3886,246.15,2098850.0,0.6122
2026-05-07 12:10:21,24360.35,24200.0,-3.0,277.05,3445585.0,0.6503,105.25,4719845.0,0.3473
2026-05-07 12:10:21,24360.35,24250.0,-2.0,244.75,1335685.0,0.6094,123.05,2203565.0,0.3895
2026-05-07 12:10:21,24360.35,24300.0,-1.0,215.8,6918080.0,0.5663,142.55,6571175.0,0.4332
2026-05-07 12:10:21,24360.35,24350.0,ATM,188.4,4775550.0,0.5218,165.35,3071835.0,0.478
2026-05-07 12:10:21,24360.35,24400.0,+1.0,163.0,8406905.0,0.477,190.35,3954015.0,0.5235
2026-05-07 12:10:21,24360.35,24450.0,+2.0,139.65,2558855.0,0.4321,217.4,883870.0,0.5689
2026-05-07 12:10:21,24360.35,24500.0,+3.0,119.0,8082815.0,0.388,246.6,2098850.0,0.6139
2026-05-07 12:11:22,24364.1,24200.0,-3.0,281.1,3431415.0,0.6545,105.2,4762680.0,0.3456
2026-05-07 12:11:22,24364.1,24250.0,-2.0,247.7,1336595.0,0.6131,122.7,2221050.0,0.3871
2026-05-07 12:11:22,24364.1,24300.0,-1.0,218.35,6894030.0,0.5698,142.5,6662825.0,0.4302
2026-05-07 12:11:22,24364.1,24350.0,ATM,191.05,4770935.0,0.5254,164.8,3251625.0,0.4745
2026-05-07 12:11:22,24364.1,24400.0,+1.0,165.7,8338915.0,0.4806,189.3,4020510.0,0.5194
2026-05-07 12:11:22,24364.1,24450.0,+2.0,142.2,2548520.0,0.4356,216.3,907010.0,0.5642
2026-05-07 12:11:22,24364.1,24500.0,+3.0,121.15,8073390.0,0.3914,245.0,2111655.0,0.6084
2026-05-07 12:12:23,24357.05,24200.0,-3.0,277.0,3431415.0,0.6488,106.65,4762680.0,0.3491
2026-05-07 12:12:23,24357.05,24250.0,-2.0,244.85,1336595.0,0.6078,124.7,2221050.0,0.3908
2026-05-07 12:12:23,24357.05,24300.0,-1.0,214.7,6894030.0,0.565,144.75,6662825.0,0.4342
2026-05-07 12:12:23,24357.05,24350.0,ATM,187.0,4770935.0,0.5208,167.4,3251625.0,0.479
2026-05-07 12:12:23,24357.05,24400.0,+1.0,162.2,8338915.0,0.4762,192.2,4020510.0,0.5242
2026-05-07 12:12:23,24357.05,24450.0,+2.0,139.3,2548520.0,0.4316,219.05,907010.0,0.5695
2026-05-07 12:12:23,24357.05,24500.0,+3.0,118.35,8073390.0,0.3878,248.6,2111655.0,0.6142
2026-05-07 12:13:25,24361.25,24200.0,-3.0,280.15,3431415.0,0.6443,104.7,4762680.0,0.35
2026-05-07 12:13:25,24361.25,24250.0,-2.0,247.85,1336595.0,0.6038,122.65,2221050.0,0.3922
2026-05-07 12:13:25,24361.25,24300.0,-1.0,217.95,6894030.0,0.5615,142.55,6662825.0,0.4363
2026-05-07 12:13:25,24361.25,24350.0,ATM,191.55,4770935.0,0.518,164.7,3251625.0,0.4816
2026-05-07 12:13:25,24361.25,24400.0,+1.0,165.15,8338915.0,0.474,190.0,4020510.0,0.5274
2026-05-07 12:13:25,24361.25,24450.0,+2.0,142.2,2548520.0,0.43,216.2,907010.0,0.5732
2026-05-07 12:13:25,24361.25,24500.0,+3.0,121.3,8073390.0,0.3864,245.5,2111655.0,0.6186
2026-05-07 12:14:26,24363.25,24200.0,-3.0,285.2,3418545.0,0.655,103.15,4760925.0,0.3418
2026-05-07 12:14:26,24363.25,24250.0,-2.0,252.45,1347320.0,0.6145,120.35,2239250.0,0.3833
2026-05-07 12:14:26,24363.25,24300.0,-1.0,222.15,6721520.0,0.5721,140.0,6697405.0,0.4265
2026-05-07 12:14:26,24363.25,24350.0,ATM,194.5,4706000.0,0.5284,162.0,3305510.0,0.4711
2026-05-07 12:14:26,24363.25,24400.0,+1.0,168.5,8301995.0,0.484,186.5,4080310.0,0.5166
2026-05-07 12:14:26,24363.25,24450.0,+2.0,144.9,2555020.0,0.4397,212.6,937365.0,0.562
2026-05-07 12:14:26,24363.25,24500.0,+3.0,123.65,8047910.0,0.3957,241.1,2144740.0,0.6072
2026-05-07 12:15:27,24371.9,24200.0,-3.0,289.5,3418545.0,0.6592,101.7,4760925.0,0.338
2026-05-07 12:15:27,24371.9,24250.0,-2.0,257.25,1347320.0,0.6194,118.6,2239250.0,0.3789
2026-05-07 12:15:27,24371.9,24300.0,-1.0,226.85,6721520.0,0.5769,137.75,6697405.0,0.4218
2026-05-07 12:15:27,24371.9,24350.0,ATM,198.65,4706000.0,0.5335,159.8,3305510.0,0.466
2026-05-07 12:15:27,24371.9,24400.0,+1.0,172.35,8301995.0,0.4893,184.0,4080310.0,0.5111
2026-05-07 12:15:27,24371.9,24450.0,+2.0,148.5,2555020.0,0.445,209.6,937365.0,0.5563
2026-05-07 12:15:27,24371.9,24500.0,+3.0,126.85,8047910.0,0.401,238.3,2144740.0,0.6007
2026-05-07 12:16:28,24377.95,24250.0,-3.0,261.85,1347320.0,0.6252,115.7,2239250.0,0.3715
2026-05-07 12:16:28,24377.95,24300.0,-2.0,231.1,6721520.0,0.5832,134.1,6697405.0,0.4144
2026-05-07 12:16:28,24377.95,24350.0,-1.0,201.85,4706000.0,0.5401,155.75,3305510.0,0.459
2026-05-07 12:16:28,24377.95,24400.0,ATM,175.65,8301995.0,0.496,178.95,4080310.0,0.5043
2026-05-07 12:16:28,24377.95,24450.0,+1.0,151.0,2555020.0,0.4516,205.05,937365.0,0.5501
2026-05-07 12:16:28,24377.95,24500.0,+2.0,129.25,8047910.0,0.4076,233.2,2144740.0,0.5955
2026-05-07 12:16:28,24377.95,24550.0,+3.0,109.2,1912300.0,0.3639,263.7,191490.0,0.6402
2026-05-07 12:17:30,24375.7,24250.0,-3.0,256.25,1347645.0,0.6235,118.05,2213575.0,0.3759
2026-05-07 12:17:30,24375.7,24300.0,-2.0,225.85,6551545.0,0.5826,137.45,6634225.0,0.4177
2026-05-07 12:17:30,24375.7,24350.0,-1.0,198.1,4506580.0,0.5373,158.75,3271320.0,0.4627
2026-05-07 12:17:30,24375.7,24400.0,ATM,171.4,8185645.0,0.4935,182.8,4254445.0,0.5065
2026-05-07 12:17:30,24375.7,24450.0,+1.0,147.0,2487225.0,0.4485,209.3,936715.0,0.5514
2026-05-07 12:17:30,24375.7,24500.0,+2.0,125.85,7996755.0,0.4038,237.5,2175290.0,0.5959
2026-05-07 12:17:30,24375.7,24550.0,+3.0,106.45,1799915.0,0.3603,268.1,198185.0,0.6396
2026-05-07 12:18:31,24379.55,24250.0,-3.0,259.25,1347645.0,0.6258,116.6,2213575.0,0.3736
2026-05-07 12:18:31,24379.55,24300.0,-2.0,228.8,6551545.0,0.583,135.6,6634225.0,0.4162
2026-05-07 12:18:31,24379.55,24350.0,-1.0,200.0,4506580.0,0.5391,157.0,3271320.0,0.4605
2026-05-07 12:18:31,24379.55,24400.0,ATM,173.6,8185645.0,0.4947,180.95,4254445.0,0.5056
2026-05-07 12:18:31,24379.55,24450.0,+1.0,149.45,2487225.0,0.4498,206.2,936715.0,0.5507
2026-05-07 12:18:31,24379.55,24500.0,+2.0,127.5,7996755.0,0.4056,235.2,2175290.0,0.5957
2026-05-07 12:18:31,24379.55,24550.0,+3.0,108.05,1799915.0,0.3619,265.4,198185.0,0.6395
2026-05-07 12:19:34,24378.95,24250.0,-3.0,259.35,1347645.0,0.6255,116.35,2213575.0,0.3732
2026-05-07 12:19:34,24378.95,24300.0,-2.0,228.75,6551545.0,0.5827,135.55,6634225.0,0.416
2026-05-07 12:19:34,24378.95,24350.0,-1.0,200.25,4506580.0,0.5392,156.75,3271320.0,0.4604
2026-05-07 12:19:34,24378.95,24400.0,ATM,174.1,8185645.0,0.4948,180.5,4254445.0,0.5054
2026-05-07 12:19:34,24378.95,24450.0,+1.0,149.95,2487225.0,0.4501,206.5,936715.0,0.5506
2026-05-07 12:19:34,24378.95,24500.0,+2.0,128.4,7996755.0,0.4059,235.0,2175290.0,0.5954
2026-05-07 12:19:34,24378.95,24550.0,+3.0,108.65,1799915.0,0.3625,266.0,198185.0,0.6394
2026-05-07 12:20:35,24372.2,24200.0,-3.0,291.1,3381105.0,0.6637,100.15,4730960.0,0.3325
2026-05-07 12:20:35,24372.2,24250.0,-2.0,257.85,1363245.0,0.6239,116.8,2226900.0,0.3736
2026-05-07 12:20:35,24372.2,24300.0,-1.0,227.15,6588270.0,0.5816,136.0,6705205.0,0.4164
2026-05-07 12:20:35,24372.2,24350.0,ATM,199.05,4527185.0,0.5383,157.9,3354455.0,0.461
2026-05-07 12:20:35,24372.2,24400.0,+1.0,172.9,8344830.0,0.4941,181.85,4425200.0,0.5063
2026-05-07 12:20:35,24372.2,24450.0,+2.0,148.85,2514200.0,0.4496,206.95,969085.0,0.5518
2026-05-07 12:20:35,24372.2,24500.0,+3.0,126.85,8078915.0,0.4056,235.35,2233985.0,0.5972
2026-05-07 12:21:36,24380.3,24250.0,-3.0,258.5,1363245.0,0.6265,115.85,2226900.0,0.3721
2026-05-07 12:21:36,24380.3,24300.0,-2.0,228.25,6588270.0,0.5839,134.65,6705205.0,0.4148
2026-05-07 12:21:36,24380.3,24350.0,-1.0,199.75,4527185.0,0.5403,156.15,3354455.0,0.4591
2026-05-07 12:21:36,24380.3,24400.0,ATM,173.35,8344830.0,0.4958,180.15,4425200.0,0.5044
2026-05-07 12:21:36,24380.3,24450.0,+1.0,149.05,2514200.0,0.4509,205.55,969085.0,0.5499
2026-05-07 12:21:36,24380.3,24500.0,+2.0,127.25,8078915.0,0.4065,234.3,2233985.0,0.5953
2026-05-07 12:21:36,24380.3,24550.0,+3.0,107.85,1823055.0,0.363,264.6,201760.0,0.6389
2026-05-07 12:22:37,24377.45,24250.0,-3.0,259.4,1363245.0,0.6231,116.2,2226900.0,0.373
2026-05-07 12:22:37,24377.45,24300.0,-2.0,229.1,6588270.0,0.5816,134.6,6705205.0,0.4159
2026-05-07 12:22:37,24377.45,24350.0,-1.0,200.65,4527185.0,0.5383,155.7,3354455.0,0.4607
2026-05-07 12:22:37,24377.45,24400.0,ATM,173.6,8344830.0,0.4942,179.65,4425200.0,0.5063
2026-05-07 12:22:37,24377.45,24450.0,+1.0,149.55,2514200.0,0.4497,205.65,969085.0,0.5521
2026-05-07 12:22:37,24377.45,24500.0,+2.0,127.6,8078915.0,0.4055,233.75,2233985.0,0.5979
2026-05-07 12:22:37,24377.45,24550.0,+3.0,108.2,1823055.0,0.3622,263.05,201760.0,0.6431
2026-05-07 12:23:38,24378.15,24250.0,-3.0,261.0,1345435.0,0.6242,115.0,2262455.0,0.3724
2026-05-07 12:23:38,24378.15,24300.0,-2.0,229.6,6458205.0,0.5821,133.4,6761690.0,0.4154
2026-05-07 12:23:38,24378.15,24350.0,-1.0,201.6,4467320.0,0.539,154.65,3434730.0,0.4601
2026-05-07 12:23:38,24378.15,24400.0,ATM,175.1,8380580.0,0.4947,178.15,4531670.0,0.5057
2026-05-07 12:23:38,24378.15,24450.0,+1.0,151.0,2502435.0,0.4502,204.0,995735.0,0.5515
2026-05-07 12:23:38,24378.15,24500.0,+2.0,128.85,8135010.0,0.4058,231.9,2261285.0,0.5972
2026-05-07 12:23:38,24378.15,24550.0,+3.0,109.0,1830660.0,0.3625,262.3,205335.0,0.6423
2026-05-07 12:24:41,24376.55,24250.0,-3.0,258.7,1345435.0,0.6234,115.8,2262455.0,0.3736
2026-05-07 12:24:41,24376.55,24300.0,-2.0,227.2,6458205.0,0.5813,134.55,6761690.0,0.4167
2026-05-07 12:24:41,24376.55,24350.0,-1.0,199.4,4467320.0,0.5393,156.15,3434730.0,0.4602
2026-05-07 12:24:41,24376.55,24400.0,ATM,173.05,8380580.0,0.4947,179.9,4531670.0,0.5055
2026-05-07 12:24:41,24376.55,24450.0,+1.0,148.65,2502435.0,0.4499,205.8,995735.0,0.5511
2026-05-07 12:24:41,24376.55,24500.0,+2.0,126.85,8135010.0,0.4054,233.65,2261285.0,0.5986
2026-05-07 12:24:41,24376.55,24550.0,+3.0,107.25,1830660.0,0.3617,264.15,205335.0,0.6406
2026-05-07 12:25:42,24379.85,24250.0,-3.0,260.4,1345435.0,0.6262,114.85,2262455.0,0.3709
2026-05-07 12:25:42,24379.85,24300.0,-2.0,229.45,6458205.0,0.5842,133.45,6761690.0,0.4137
2026-05-07 12:25:42,24379.85,24350.0,-1.0,200.85,4467320.0,0.5408,155.0,3434730.0,0.4582
2026-05-07 12:25:42,24379.85,24400.0,ATM,174.0,8380580.0,0.4964,178.55,4531670.0,0.5039
2026-05-07 12:25:42,24379.85,24450.0,+1.0,150.0,2502435.0,0.4517,204.3,995735.0,0.5496
2026-05-07 12:25:42,24379.85,24500.0,+2.0,128.0,8135010.0,0.4072,232.1,2261285.0,0.5955
2026-05-07 12:25:42,24379.85,24550.0,+3.0,108.1,1830660.0,0.3634,262.7,205335.0,0.6401
2026-05-07 12:26:44,24375.85,24250.0,-3.0,258.4,1331460.0,0.626,116.35,2258620.0,0.3731
2026-05-07 12:26:44,24375.85,24300.0,-2.0,227.8,6386120.0,0.5836,135.15,6823180.0,0.4157
2026-05-07 12:26:44,24375.85,24350.0,-1.0,199.5,4418635.0,0.5396,156.9,3479645.0,0.46
2026-05-07 12:26:44,24375.85,24400.0,ATM,172.85,8336185.0,0.4949,180.05,4557475.0,0.5052
2026-05-07 12:26:44,24375.85,24450.0,+1.0,148.9,2482805.0,0.4499,206.15,1000025.0,0.5505
2026-05-07 12:26:44,24375.85,24500.0,+2.0,126.95,8133580.0,0.4054,234.5,2230865.0,0.5954
2026-05-07 12:26:44,24375.85,24550.0,+3.0,107.5,1818570.0,0.3616,265.3,211250.0,0.6394
2026-05-07 12:27:45,24377.25,24250.0,-3.0,259.9,1331460.0,0.622,116.25,2258620.0,0.3743
2026-05-07 12:27:45,24377.25,24300.0,-2.0,228.75,6386120.0,0.5803,135.1,6823180.0,0.4173
2026-05-07 12:27:45,24377.25,24350.0,-1.0,200.7,4418635.0,0.5372,156.75,3479645.0,0.462
2026-05-07 12:27:45,24377.25,24400.0,ATM,174.3,8336185.0,0.4931,180.35,4557475.0,0.5074
2026-05-07 12:27:45,24377.25,24450.0,+1.0,150.0,2482805.0,0.4486,206.3,1000025.0,0.553
2026-05-07 12:27:45,24377.25,24500.0,+2.0,128.0,8133580.0,0.4045,234.6,2230865.0,0.5986
2026-05-07 12:27:45,24377.25,24550.0,+3.0,108.15,1818570.0,0.3613,264.95,211250.0,0.6432
2026-05-07 12:28:46,24369.45,24200.0,-3.0,285.8,3339375.0,0.6616,101.6,4780100.0,0.3375
2026-05-07 12:28:46,24369.45,24250.0,-2.0,253.8,1331460.0,0.6208,118.75,2258620.0,0.3788
2026-05-07 12:28:46,24369.45,24300.0,-1.0,223.15,6386120.0,0.5777,137.95,6823180.0,0.4217
2026-05-07 12:28:46,24369.45,24350.0,ATM,195.15,4418635.0,0.5335,160.25,3479645.0,0.4662
2026-05-07 12:28:46,24369.45,24400.0,+1.0,169.3,8336185.0,0.4888,184.2,4557475.0,0.5114
2026-05-07 12:28:46,24369.45,24450.0,+2.0,145.65,2482805.0,0.444,210.6,1000025.0,0.5566
2026-05-07 12:28:46,24369.45,24500.0,+3.0,124.05,8133580.0,0.3994,239.25,2230865.0,0.6018
2026-05-07 12:29:47,24361.6,24200.0,-3.0,280.8,3320785.0,0.6524,104.4,4802655.0,0.3451
2026-05-07 12:29:47,24361.6,24250.0,-2.0,248.75,1328535.0,0.6121,122.1,2270125.0,0.3872
2026-05-07 12:29:47,24361.6,24300.0,-1.0,219.1,6304870.0,0.5687,141.95,6910930.0,0.4304
2026-05-07 12:29:47,24361.6,24350.0,ATM,191.75,4280380.0,0.5247,164.6,3493555.0,0.475
2026-05-07 12:29:47,24361.6,24400.0,+1.0,166.0,8247915.0,0.4802,189.45,4599530.0,0.5202
2026-05-07 12:29:47,24361.6,24450.0,+2.0,143.0,2436655.0,0.4358,215.7,1020175.0,0.5654
2026-05-07 12:29:47,24361.6,24500.0,+3.0,121.65,8136440.0,0.3919,245.5,2257645.0,0.6098
2026-05-07 12:30:48,24354.65,24200.0,-3.0,275.6,3320785.0,0.6503,107.85,4802655.0,0.3503
2026-05-07 12:30:48,24354.65,24250.0,-2.0,243.65,1328535.0,0.6084,125.9,2270125.0,0.3917
2026-05-07 12:30:48,24354.65,24300.0,-1.0,213.95,6304870.0,0.5651,145.9,6910930.0,0.435
2026-05-07 12:30:48,24354.65,24350.0,ATM,186.5,4280380.0,0.5206,169.0,3493555.0,0.4794
2026-05-07 12:30:48,24354.65,24400.0,+1.0,161.85,8247915.0,0.4759,194.45,4599530.0,0.5241
2026-05-07 12:30:48,24354.65,24450.0,+2.0,139.15,2436655.0,0.4313,220.2,1020175.0,0.5689
2026-05-07 12:30:48,24354.65,24500.0,+3.0,118.3,8136440.0,0.3873,250.75,2257645.0,0.6126
2026-05-07 12:31:49,24353.05,24200.0,-3.0,275.25,3320785.0,0.6428,108.15,4802655.0,0.353
2026-05-07 12:31:49,24353.05,24250.0,-2.0,242.8,1328535.0,0.6026,126.3,2270125.0,0.3952
2026-05-07 12:31:49,24353.05,24300.0,-1.0,213.35,6304870.0,0.5596,146.95,6910930.0,0.4388
2026-05-07 12:31:49,24353.05,24350.0,ATM,186.3,4280380.0,0.516,169.85,3493555.0,0.4839
2026-05-07 12:31:49,24353.05,24400.0,+1.0,161.75,8247915.0,0.4716,194.9,4599530.0,0.5293
2026-05-07 12:31:49,24353.05,24450.0,+2.0,138.85,2436655.0,0.4272,221.4,1020175.0,0.5738
2026-05-07 12:31:49,24353.05,24500.0,+3.0,118.05,8136440.0,0.3836,250.9,2257645.0,0.6183
2026-05-07 12:32:50,24345.7,24200.0,-3.0,269.95,3282565.0,0.6373,111.55,4827940.0,0.3605
2026-05-07 12:32:50,24345.7,24250.0,-2.0,239.2,1251120.0,0.596,130.0,2327910.0,0.4028
2026-05-07 12:32:50,24345.7,24300.0,-1.0,209.65,5979675.0,0.5526,150.7,6871670.0,0.4464
2026-05-07 12:32:50,24345.7,24350.0,ATM,183.45,4036760.0,0.5087,173.75,3593915.0,0.4912
2026-05-07 12:32:50,24345.7,24400.0,+1.0,158.75,7864870.0,0.4645,199.25,4418570.0,0.5363
2026-05-07 12:32:50,24345.7,24450.0,+2.0,135.8,2429895.0,0.4203,226.3,1044225.0,0.5812
2026-05-07 12:32:50,24345.7,24500.0,+3.0,115.6,8105500.0,0.3772,256.55,2263625.0,0.6254
2026-05-07 12:33:53,24343.1,24200.0,-3.0,269.05,3282565.0,0.6321,112.7,4827940.0,0.3648
2026-05-07 12:33:53,24343.1,24250.0,-2.0,237.6,1251120.0,0.5912,131.15,2327910.0,0.407
2026-05-07 12:33:53,24343.1,24300.0,-1.0,208.65,5979675.0,0.548,152.1,6871670.0,0.451
2026-05-07 12:33:53,24343.1,24350.0,ATM,181.95,4036760.0,0.5042,174.65,3593915.0,0.4959
2026-05-07 12:33:53,24343.1,24400.0,+1.0,157.7,7864870.0,0.4601,200.5,4418570.0,0.5412
2026-05-07 12:33:53,24343.1,24450.0,+2.0,135.35,2429895.0,0.4162,227.8,1044225.0,0.5861
2026-05-07 12:33:53,24343.1,24500.0,+3.0,115.15,8105500.0,0.373,258.0,2263625.0,0.6299
2026-05-07 12:34:53,24345.8,24200.0,-3.0,269.95,3282565.0,0.6358,111.65,4827940.0,0.3616
2026-05-07 12:34:53,24345.8,24250.0,-2.0,239.1,1251120.0,0.5943,130.5,2327910.0,0.4037
2026-05-07 12:34:53,24345.8,24300.0,-1.0,209.6,5979675.0,0.5514,150.9,6871670.0,0.4475
2026-05-07 12:34:53,24345.8,24350.0,ATM,183.45,4036760.0,0.5077,174.05,3593915.0,0.4923
2026-05-07 12:34:53,24345.8,24400.0,+1.0,158.7,7864870.0,0.4637,199.85,4418570.0,0.5376
2026-05-07 12:34:53,24345.8,24450.0,+2.0,136.1,2429895.0,0.4196,227.25,1044225.0,0.5825
2026-05-07 12:34:53,24345.8,24500.0,+3.0,116.0,8105500.0,0.3764,257.45,2263625.0,0.6267
2026-05-07 12:35:55,24345.5,24200.0,-3.0,272.25,3296345.0,0.6393,111.65,4794140.0,0.36
2026-05-07 12:35:55,24345.5,24250.0,-2.0,240.6,1243320.0,0.5981,129.6,2276950.0,0.4019
2026-05-07 12:35:55,24345.5,24300.0,-1.0,211.3,5957510.0,0.5545,150.5,6865560.0,0.4452
2026-05-07 12:35:55,24345.5,24350.0,ATM,184.0,3992690.0,0.5105,173.7,3564275.0,0.4895
2026-05-07 12:35:55,24345.5,24400.0,+1.0,159.8,7794410.0,0.4661,199.15,4261270.0,0.5342
2026-05-07 12:35:55,24345.5,24450.0,+2.0,137.0,2414815.0,0.4218,225.95,1014130.0,0.5786
2026-05-07 12:35:55,24345.5,24500.0,+3.0,116.95,8018595.0,0.3785,255.85,2236650.0,0.6225
2026-05-07 12:36:56,24357.9,24200.0,-3.0,278.75,3296345.0,0.645,106.25,4794140.0,0.3499
2026-05-07 12:36:56,24357.9,24250.0,-2.0,247.95,1243320.0,0.6045,123.95,2276950.0,0.3919
2026-05-07 12:36:56,24357.9,24300.0,-1.0,218.0,5957510.0,0.5624,143.5,6865560.0,0.4356
2026-05-07 12:36:56,24357.9,24350.0,ATM,189.8,3992690.0,0.5189,166.95,3564275.0,0.4806
2026-05-07 12:36:56,24357.9,24400.0,+1.0,164.4,7794410.0,0.475,192.3,4261270.0,0.5263
2026-05-07 12:36:56,24357.9,24450.0,+2.0,141.4,2414815.0,0.4311,218.6,1014130.0,0.5718
2026-05-07 12:36:56,24357.9,24500.0,+3.0,120.6,8018595.0,0.3878,247.55,2236650.0,0.6169
2026-05-07 12:37:58,24360.45,24200.0,-3.0,284.0,3354975.0,0.6493,104.7,4809350.0,0.349
2026-05-07 12:37:58,24360.45,24250.0,-2.0,251.1,1243320.0,0.6084,122.35,2276950.0,0.3903
2026-05-07 12:37:58,24360.45,24300.0,-1.0,220.75,5957510.0,0.5655,142.05,6865560.0,0.4333
2026-05-07 12:37:58,24360.45,24350.0,ATM,194.05,3992690.0,0.5217,163.9,3564275.0,0.4781
2026-05-07 12:37:58,24360.45,24400.0,+1.0,168.4,7794410.0,0.4773,187.65,4261270.0,0.5232
2026-05-07 12:37:58,24360.45,24450.0,+2.0,144.6,2414815.0,0.4329,214.9,1014130.0,0.5684
2026-05-07 12:37:58,24360.45,24500.0,+3.0,123.45,8025030.0,0.389,243.05,2087865.0,0.6133
2026-05-07 12:38:59,24412.4,24250.0,-3.0,286.2,1276535.0,0.647,105.05,2281890.0,0.347
2026-05-07 12:38:59,24412.4,24300.0,-2.0,253.6,6106750.0,0.602,122.8,6788470.0,0.3922
2026-05-07 12:38:59,24412.4,24350.0,-1.0,223.2,4247750.0,0.5654,142.35,3470090.0,0.4317
2026-05-07 12:38:59,24412.4,24400.0,ATM,196.35,8004230.0,0.5228,163.4,4165330.0,0.4764
2026-05-07 12:38:59,24412.4,24450.0,+1.0,170.05,2404870.0,0.4795,188.2,1005355.0,0.5218
2026-05-07 12:38:59,24412.4,24500.0,+2.0,146.25,8025030.0,0.4361,214.3,2087865.0,0.5677
2026-05-07 12:38:59,24412.4,24550.0,+3.0,125.05,1761565.0,0.3928,242.1,211705.0,0.6122
2026-05-07 12:40:00,24436.8,24300.0,-3.0,281.75,6106750.0,0.6255,110.75,6788470.0,0.3619
2026-05-07 12:40:00,24436.8,24350.0,-2.0,251.85,4247750.0,0.5869,128.15,3470090.0,0.4049
2026-05-07 12:40:00,24436.8,24400.0,-1.0,222.0,8004230.0,0.5471,148.2,4165330.0,0.4488
2026-05-07 12:40:00,24436.8,24450.0,ATM,193.25,2404870.0,0.5026,172.15,1005355.0,0.4978
2026-05-07 12:40:00,24436.8,24500.0,+1.0,167.8,8025030.0,0.4606,196.25,2087865.0,0.5438
2026-05-07 12:40:00,24436.8,24550.0,+2.0,144.85,1761565.0,0.4219,223.55,211705.0,0.5864
2026-05-07 12:40:00,24436.8,24600.0,+3.0,123.3,4823585.0,0.3767,251.7,420615.0,0.6362
2026-05-07 12:41:00,24456.8,24300.0,-3.0,292.05,6106750.0,0.6397,106.25,6788470.0,0.351
2026-05-07 12:41:00,24456.8,24350.0,-2.0,261.4,4247750.0,0.6014,124.3,3470090.0,0.3928
2026-05-07 12:41:00,24456.8,24400.0,-1.0,230.65,8004230.0,0.5604,144.4,4165330.0,0.4357
2026-05-07 12:41:00,24456.8,24450.0,ATM,203.0,2404870.0,0.519,166.35,1005355.0,0.4801
2026-05-07 12:41:00,24456.8,24500.0,+1.0,176.95,7435090.0,0.4771,190.7,2204345.0,0.5251
2026-05-07 12:41:00,24456.8,24550.0,+2.0,153.0,1558310.0,0.435,217.25,313105.0,0.5703
2026-05-07 12:41:00,24456.8,24600.0,+3.0,132.3,4823585.0,0.3947,245.85,420615.0,0.6155
2026-05-07 12:42:04,24458.8,24300.0,-3.0,297.65,5015335.0,0.6374,104.6,6596135.0,0.3482
2026-05-07 12:42:04,24458.8,24350.0,-2.0,265.4,3010020.0,0.5998,122.0,3183830.0,0.3901
2026-05-07 12:42:04,24458.8,24400.0,-1.0,235.5,6712485.0,0.5602,141.65,4430010.0,0.4338
2026-05-07 12:42:04,24458.8,24450.0,ATM,207.1,2506465.0,0.5198,163.9,1148355.0,0.4788
2026-05-07 12:42:04,24458.8,24500.0,+1.0,181.3,7435090.0,0.4787,187.55,2204345.0,0.5246
2026-05-07 12:42:04,24458.8,24550.0,+2.0,156.8,1558310.0,0.4371,213.3,313105.0,0.5704
2026-05-07 12:42:04,24458.8,24600.0,+3.0,134.4,4413565.0,0.3965,242.5,482950.0,0.6169
2026-05-07 12:43:04,24462.65,24300.0,-3.0,294.65,5015335.0,0.6406,103.25,6596135.0,0.3465
2026-05-07 12:43:04,24462.65,24350.0,-2.0,261.8,3010020.0,0.6028,120.8,3183830.0,0.3886
2026-05-07 12:43:04,24462.65,24400.0,-1.0,232.15,6712485.0,0.5627,139.6,4430010.0,0.4324
2026-05-07 12:43:04,24462.65,24450.0,ATM,202.65,2506465.0,0.5213,162.35,1148355.0,0.4775
2026-05-07 12:43:04,24462.65,24500.0,+1.0,176.7,7435090.0,0.4791,186.5,2204345.0,0.5234
2026-05-07 12:43:04,24462.65,24550.0,+2.0,151.4,1558310.0,0.437,213.85,313105.0,0.57
2026-05-07 12:43:04,24462.65,24600.0,+3.0,131.65,4413565.0,0.3952,241.05,482950.0,0.6157
2026-05-07 12:44:05,24469.9,24300.0,-3.0,299.25,4653740.0,0.6545,99.55,6696040.0,0.3352
2026-05-07 12:44:05,24469.9,24350.0,-2.0,265.9,2580435.0,0.6156,116.35,3131700.0,0.3768
2026-05-07 12:44:05,24469.9,24400.0,-1.0,234.85,6440265.0,0.5754,135.6,4781725.0,0.42
2026-05-07 12:44:05,24469.9,24450.0,ATM,205.55,2506465.0,0.5335,156.6,1148355.0,0.4646
2026-05-07 12:44:05,24469.9,24500.0,+1.0,178.95,7355205.0,0.4907,180.1,2656615.0,0.5103
2026-05-07 12:44:05,24469.9,24550.0,+2.0,154.6,1471990.0,0.4474,205.55,403455.0,0.5567
2026-05-07 12:44:05,24469.9,24600.0,+3.0,132.5,4351815.0,0.4047,233.35,564915.0,0.6027
2026-05-07 12:45:06,24464.05,24300.0,-3.0,294.5,4653740.0,0.6435,103.6,6696040.0,0.3432
2026-05-07 12:45:06,24464.05,24350.0,-2.0,261.45,2580435.0,0.6058,120.85,3131700.0,0.3848
2026-05-07 12:45:06,24464.05,24400.0,-1.0,231.6,6440265.0,0.5664,140.05,4781725.0,0.4284
2026-05-07 12:45:06,24464.05,24450.0,ATM,203.4,2400125.0,0.5251,161.8,1527240.0,0.4733
2026-05-07 12:45:06,24464.05,24500.0,+1.0,177.85,7355205.0,0.4831,185.2,2656615.0,0.5191
2026-05-07 12:45:06,24464.05,24550.0,+2.0,152.1,1471990.0,0.4407,211.25,403455.0,0.5654
2026-05-07 12:45:06,24464.05,24600.0,+3.0,131.2,4351815.0,0.3981,238.7,564915.0,0.6113
2026-05-07 12:46:07,24463.6,24300.0,-3.0,292.45,4653740.0,0.6513,105.2,6696040.0,0.3415
2026-05-07 12:46:07,24463.6,24350.0,-2.0,260.15,2580435.0,0.6123,122.6,3131700.0,0.3828
2026-05-07 12:46:07,24463.6,24400.0,-1.0,230.0,6440265.0,0.5724,142.2,4781725.0,0.4253
2026-05-07 12:46:07,24463.6,24450.0,ATM,201.95,2400125.0,0.5299,164.1,1527240.0,0.4689
2026-05-07 12:46:07,24463.6,24500.0,+1.0,175.5,7355205.0,0.4873,187.7,2656615.0,0.5138
2026-05-07 12:46:07,24463.6,24550.0,+2.0,151.8,1471990.0,0.4442,213.75,403455.0,0.5588
2026-05-07 12:46:07,24463.6,24600.0,+3.0,129.85,4351815.0,0.4014,242.5,564915.0,0.6039
2026-05-07 12:47:08,24446.75,24300.0,-3.0,276.2,4417530.0,0.6368,110.5,6733610.0,0.3572
2026-05-07 12:47:08,24446.75,24350.0,-2.0,245.85,2373735.0,0.601,128.45,3133390.0,0.3963
2026-05-07 12:47:08,24446.75,24400.0,-1.0,216.75,5961410.0,0.5549,148.35,4905680.0,0.4424
2026-05-07 12:47:08,24446.75,24450.0,ATM,188.0,2390050.0,0.5124,171.75,1716195.0,0.4874
2026-05-07 12:47:08,24446.75,24500.0,+1.0,163.6,7367490.0,0.4722,196.2,2873520.0,0.5288
2026-05-07 12:47:08,24446.75,24550.0,+2.0,140.1,1506570.0,0.4256,223.85,448565.0,0.5779
2026-05-07 12:47:08,24446.75,24600.0,+3.0,119.5,4417855.0,0.3827,252.85,565175.0,0.6227
2026-05-07 12:48:09,24459.15,24300.0,-3.0,289.4,4417530.0,0.6416,105.4,6733610.0,0.3481
2026-05-07 12:48:09,24459.15,24350.0,-2.0,257.15,2373735.0,0.6025,122.95,3133390.0,0.3899
2026-05-07 12:48:09,24459.15,24400.0,-1.0,227.0,5961410.0,0.5624,142.4,4905680.0,0.4332
2026-05-07 12:48:09,24459.15,24450.0,ATM,198.75,2390050.0,0.521,164.05,1716195.0,0.4782
2026-05-07 12:48:09,24459.15,24500.0,+1.0,173.05,7367490.0,0.4783,188.45,2873520.0,0.5236
2026-05-07 12:48:09,24459.15,24550.0,+2.0,149.2,1506570.0,0.4357,214.9,448565.0,0.5695
2026-05-07 12:48:09,24459.15,24600.0,+3.0,128.0,4417855.0,0.3934,243.95,565175.0,0.6145
2026-05-07 12:49:11,24442.45,24300.0,-3.0,271.0,4417530.0,0.6372,110.15,6733610.0,0.3584
2026-05-07 12:49:11,24442.45,24350.0,-2.0,239.4,2373735.0,0.5956,128.85,3133390.0,0.4006
2026-05-07 12:49:11,24442.45,24400.0,-1.0,210.6,5961410.0,0.5534,149.3,4905680.0,0.4447
2026-05-07 12:49:11,24442.45,24450.0,ATM,183.55,2390050.0,0.51,172.9,1716195.0,0.4899
2026-05-07 12:49:11,24442.45,24500.0,+1.0,158.9,7367490.0,0.4662,198.3,2873520.0,0.5355
2026-05-07 12:49:11,24442.45,24550.0,+2.0,136.7,1506570.0,0.4225,225.35,448565.0,0.581
2026-05-07 12:49:11,24442.45,24600.0,+3.0,116.15,4417855.0,0.3791,254.9,565175.0,0.6261
2026-05-07 12:50:13,24444.4,24300.0,-3.0,272.3,4335825.0,0.6351,109.65,6731725.0,0.359
2026-05-07 12:50:13,24444.4,24350.0,-2.0,241.0,2386800.0,0.5949,127.65,3144245.0,0.4016
2026-05-07 12:50:13,24444.4,24400.0,-1.0,211.75,5937815.0,0.5525,148.65,4997525.0,0.4458
2026-05-07 12:50:13,24444.4,24450.0,ATM,184.4,2441400.0,0.5088,172.0,1801735.0,0.4911
2026-05-07 12:50:13,24444.4,24500.0,+1.0,160.0,7618065.0,0.4649,196.6,3001700.0,0.5367
2026-05-07 12:50:13,24444.4,24550.0,+2.0,137.3,1510470.0,0.4215,224.0,463255.0,0.5825
2026-05-07 12:50:13,24444.4,24600.0,+3.0,116.9,4470895.0,0.3787,253.45,556075.0,0.6278
2026-05-07 12:51:14,24428.35,24300.0,-3.0,258.9,4335825.0,0.6262,116.45,6731725.0,0.3709
2026-05-07 12:51:14,24428.35,24350.0,-2.0,228.15,2386800.0,0.5841,135.45,3144245.0,0.4138
2026-05-07 12:51:14,24428.35,24400.0,-1.0,200.1,5937815.0,0.5411,156.8,4997525.0,0.4581
2026-05-07 12:51:14,24428.35,24450.0,ATM,174.2,2441400.0,0.497,180.45,1801735.0,0.5032
2026-05-07 12:51:14,24428.35,24500.0,+1.0,149.5,7618065.0,0.4527,207.0,3001700.0,0.5485
2026-05-07 12:51:14,24428.35,24550.0,+2.0,128.6,1510470.0,0.4087,235.25,463255.0,0.5934
2026-05-07 12:51:14,24428.35,24600.0,+3.0,109.1,4470895.0,0.366,265.8,556075.0,0.6385
2026-05-07 12:52:14,24410.45,24250.0,-3.0,282.6,860665.0,0.6451,105.4,2163850.0,0.3505
2026-05-07 12:52:14,24410.45,24300.0,-2.0,251.1,4335825.0,0.6047,123.1,6731725.0,0.392
2026-05-07 12:52:14,24410.45,24350.0,-1.0,221.9,2386800.0,0.5631,142.95,3144245.0,0.4359
2026-05-07 12:52:14,24410.45,24400.0,ATM,194.4,5937815.0,0.5196,165.25,4997525.0,0.4803
2026-05-07 12:52:14,24410.45,24450.0,+1.0,168.65,2441400.0,0.4758,189.5,1801735.0,0.5254
2026-05-07 12:52:14,24410.45,24500.0,+2.0,145.0,7618065.0,0.4313,216.3,3001700.0,0.5696
2026-05-07 12:52:14,24410.45,24550.0,+3.0,124.0,1510470.0,0.3891,246.05,463255.0,0.6153
2026-05-07 12:53:16,24406.85,24250.0,-3.0,281.6,862485.0,0.6486,106.15,2163590.0,0.3453
2026-05-07 12:53:16,24406.85,24300.0,-2.0,248.95,4231240.0,0.6086,124.15,6604845.0,0.389
2026-05-07 12:53:16,24406.85,24350.0,-1.0,220.2,2334605.0,0.5669,143.95,3109730.0,0.4307
2026-05-07 12:53:16,24406.85,24400.0,ATM,192.5,5985135.0,0.5238,166.05,5080790.0,0.4755
2026-05-07 12:53:16,24406.85,24450.0,+1.0,166.55,2550665.0,0.4801,191.7,1714180.0,0.521
2026-05-07 12:53:16,24406.85,24500.0,+2.0,144.15,7567885.0,0.4363,217.45,2917395.0,0.5668
2026-05-07 12:53:16,24406.85,24550.0,+3.0,123.4,1518530.0,0.3933,246.8,445705.0,0.6117
2026-05-07 12:54:16,24396.05,24250.0,-3.0,271.55,862485.0,0.6356,113.9,2163590.0,0.3616
2026-05-07 12:54:16,24396.05,24300.0,-2.0,240.0,4231240.0,0.5941,132.95,6604845.0,0.4033
2026-05-07 12:54:16,24396.05,24350.0,-1.0,212.1,2334605.0,0.552,153.5,3109730.0,0.447
2026-05-07 12:54:16,24396.05,24400.0,ATM,185.0,5985135.0,0.5087,176.85,5080790.0,0.4913
2026-05-07 12:54:16,24396.05,24450.0,+1.0,160.25,2550665.0,0.4649,201.95,1714180.0,0.5355
2026-05-07 12:54:16,24396.05,24500.0,+2.0,137.85,7567885.0,0.4215,230.0,2917395.0,0.5802
2026-05-07 12:54:16,24396.05,24550.0,+3.0,117.55,1518530.0,0.3786,259.6,445705.0,0.6229
2026-05-07 12:55:18,24412.65,24250.0,-3.0,282.25,862485.0,0.654,107.95,2163590.0,0.3477
2026-05-07 12:55:18,24412.65,24300.0,-2.0,250.85,4231240.0,0.6128,125.55,6604845.0,0.3882
2026-05-07 12:55:18,24412.65,24350.0,-1.0,220.8,2334605.0,0.5695,145.85,3109730.0,0.4304
2026-05-07 12:55:18,24412.65,24400.0,ATM,193.5,5985135.0,0.5259,167.8,5080790.0,0.474
2026-05-07 12:55:18,24412.65,24450.0,+1.0,167.95,2550665.0,0.4818,192.3,1714180.0,0.5182
2026-05-07 12:55:18,24412.65,24500.0,+2.0,144.35,7567885.0,0.4376,219.2,2917395.0,0.5624
2026-05-07 12:55:18,24412.65,24550.0,+3.0,123.65,1518530.0,0.3938,248.35,445705.0,0.6054
2026-05-07 12:56:19,24381.9,24250.0,-3.0,265.35,884650.0,0.6337,117.3,2178020.0,0.3655
2026-05-07 12:56:19,24381.9,24300.0,-2.0,233.75,4327180.0,0.5919,136.6,6358365.0,0.4071
2026-05-07 12:56:19,24381.9,24350.0,-1.0,205.15,2358200.0,0.5489,157.7,3111615.0,0.4506
2026-05-07 12:56:19,24381.9,24400.0,ATM,179.05,6285565.0,0.5051,180.9,4901325.0,0.4949
2026-05-07 12:56:19,24381.9,24450.0,+1.0,154.55,2752685.0,0.461,207.0,1582035.0,0.5393
2026-05-07 12:56:19,24381.9,24500.0,+2.0,133.2,7835230.0,0.4172,235.15,2892305.0,0.5834
2026-05-07 12:56:19,24381.9,24550.0,+3.0,113.4,1553305.0,0.3743,266.0,427960.0,0.6271
2026-05-07 12:57:21,24393.7,24250.0,-3.0,271.9,884650.0,0.6389,113.3,2178020.0,0.3622
2026-05-07 12:57:21,24393.7,24300.0,-2.0,240.05,4327180.0,0.597,132.15,6358365.0,0.4037
2026-05-07 12:57:21,24393.7,24350.0,-1.0,211.1,2358200.0,0.5536,154.0,3111615.0,0.4465
2026-05-07 12:57:21,24393.7,24400.0,ATM,185.3,6285565.0,0.5098,176.25,4901325.0,0.4902
2026-05-07 12:57:21,24393.7,24450.0,+1.0,160.55,2752685.0,0.4658,201.9,1582035.0,0.5342
2026-05-07 12:57:21,24393.7,24500.0,+2.0,137.95,7835230.0,0.4219,229.25,2892305.0,0.5778
2026-05-07 12:57:21,24393.7,24550.0,+3.0,118.1,1553305.0,0.379,259.0,427960.0,0.6215
2026-05-07 12:58:22,24383.4,24250.0,-3.0,267.2,884650.0,0.6282,116.55,2178020.0,0.3696
2026-05-07 12:58:22,24383.4,24300.0,-2.0,236.0,4327180.0,0.586,135.25,6358365.0,0.4112
2026-05-07 12:58:22,24383.4,24350.0,-1.0,207.85,2358200.0,0.5441,156.75,3111615.0,0.4553
2026-05-07 12:58:22,24383.4,24400.0,ATM,181.35,6285565.0,0.5006,179.85,4901325.0,0.4996
2026-05-07 12:58:22,24383.4,24450.0,+1.0,156.65,2752685.0,0.4568,205.75,1582035.0,0.544
2026-05-07 12:58:22,24383.4,24500.0,+2.0,134.85,7835230.0,0.4135,233.65,2892305.0,0.5881
2026-05-07 12:58:22,24383.4,24550.0,+3.0,115.25,1553305.0,0.3718,264.15,427960.0,0.6315
2026-05-07 12:59:24,24388.45,24250.0,-3.0,270.15,890825.0,0.6316,114.65,2172690.0,0.3659
2026-05-07 12:59:24,24388.45,24300.0,-2.0,238.75,4314765.0,0.5904,133.55,6229145.0,0.4078
2026-05-07 12:59:24,24388.45,24350.0,-1.0,210.45,2452190.0,0.5477,154.5,3152630.0,0.4514
2026-05-07 12:59:24,24388.45,24400.0,ATM,183.8,6363305.0,0.5043,177.4,4962035.0,0.4958
2026-05-07 12:59:24,24388.45,24450.0,+1.0,158.8,2619760.0,0.4607,203.2,1487980.0,0.5401
2026-05-07 12:59:24,24388.45,24500.0,+2.0,136.9,7877090.0,0.4172,231.3,2873065.0,0.5848
2026-05-07 12:59:24,24388.45,24550.0,+3.0,116.7,1539265.0,0.3746,261.0,402090.0,0.6279
2026-05-07 13:00:25,24400.55,24250.0,-3.0,278.75,890825.0,0.6396,109.9,2172690.0,0.3555
2026-05-07 13:00:25,24400.55,24300.0,-2.0,247.0,4314765.0,0.599,127.95,6229145.0,0.397
2026-05-07 13:00:25,24400.55,24350.0,-1.0,217.65,2452190.0,0.5577,148.4,3152630.0,0.4407
2026-05-07 13:00:25,24400.55,24400.0,ATM,190.25,6363305.0,0.5147,170.95,4962035.0,0.4851
2026-05-07 13:00:25,24400.55,24450.0,+1.0,165.2,2619760.0,0.4714,195.95,1487980.0,0.5301
2026-05-07 13:00:25,24400.55,24500.0,+2.0,142.2,7877090.0,0.4278,223.2,2873065.0,0.5748
2026-05-07 13:00:25,24400.55,24550.0,+3.0,121.7,1539265.0,0.3852,252.4,402090.0,0.6201
2026-05-07 13:01:27,24407.55,24250.0,-3.0,281.8,890825.0,0.6502,108.45,2172690.0,0.3488
2026-05-07 13:01:27,24407.55,24300.0,-2.0,250.1,4314765.0,0.6095,126.5,6229145.0,0.3896
2026-05-07 13:01:27,24407.55,24350.0,-1.0,220.75,2452190.0,0.5671,146.95,3152630.0,0.432
2026-05-07 13:01:27,24407.55,24400.0,ATM,193.2,6363305.0,0.5239,169.15,4962035.0,0.4758
2026-05-07 13:01:27,24407.55,24450.0,+1.0,167.8,2619760.0,0.4803,194.15,1487980.0,0.5203
2026-05-07 13:01:27,24407.55,24500.0,+2.0,144.35,7877090.0,0.4366,220.75,2873065.0,0.5647
2026-05-07 13:01:27,24407.55,24550.0,+3.0,123.6,1539265.0,0.3928,250.1,402090.0,0.608
2026-05-07 13:02:29,24388.95,24250.0,-3.0,268.95,899275.0,0.629,116.8,2140905.0,0.3679
2026-05-07 13:02:29,24388.95,24300.0,-2.0,238.05,4386655.0,0.5884,135.4,6133855.0,0.4101
2026-05-07 13:02:29,24388.95,24350.0,-1.0,209.35,2491255.0,0.546,157.0,3113955.0,0.4534
2026-05-07 13:02:29,24388.95,24400.0,ATM,182.95,6554860.0,0.5028,180.6,4831385.0,0.4972
2026-05-07 13:02:29,24388.95,24450.0,+1.0,158.95,2734030.0,0.4593,206.25,1462110.0,0.5415
2026-05-07 13:02:29,24388.95,24500.0,+2.0,136.4,8056100.0,0.4159,233.8,2828410.0,0.5851
2026-05-07 13:02:29,24388.95,24550.0,+3.0,116.5,1614080.0,0.3734,264.3,407420.0,0.6282
2026-05-07 13:03:30,24402.35,24250.0,-3.0,278.7,899275.0,0.6358,110.4,2140905.0,0.3582
2026-05-07 13:03:30,24402.35,24300.0,-2.0,247.15,4386655.0,0.5955,128.4,6133855.0,0.3999
2026-05-07 13:03:30,24402.35,24350.0,-1.0,218.0,2491255.0,0.554,149.1,3113955.0,0.4439
2026-05-07 13:03:30,24402.35,24400.0,ATM,190.35,6554860.0,0.5115,172.0,4831385.0,0.4883
2026-05-07 13:03:30,24402.35,24450.0,+1.0,165.4,2734030.0,0.4684,196.6,1462110.0,0.5332
2026-05-07 13:03:30,24402.35,24500.0,+2.0,142.7,8056100.0,0.4254,223.5,2828410.0,0.5788
2026-05-07 13:03:30,24402.35,24550.0,+3.0,122.0,1614080.0,0.3826,255.65,407420.0,0.6219
2026-05-07 13:04:31,24407.9,24250.0,-3.0,284.3,899275.0,0.6495,108.6,2140905.0,0.3488
2026-05-07 13:04:31,24407.9,24300.0,-2.0,253.0,4386655.0,0.6085,125.8,6133855.0,0.3898
2026-05-07 13:04:31,24407.9,24350.0,-1.0,222.3,2491255.0,0.5666,146.25,3113955.0,0.4323
2026-05-07 13:04:31,24407.9,24400.0,ATM,195.2,6554860.0,0.5237,168.2,4831385.0,0.4761
2026-05-07 13:04:31,24407.9,24450.0,+1.0,169.6,2734030.0,0.4801,192.85,1462110.0,0.5204
2026-05-07 13:04:31,24407.9,24500.0,+2.0,146.5,8056100.0,0.4366,219.95,2828410.0,0.5645
2026-05-07 13:04:31,24407.9,24550.0,+3.0,125.15,1614080.0,0.3937,248.0,407420.0,0.608
2026-05-07 13:05:32,24404.15,24250.0,-3.0,282.45,913120.0,0.6436,108.8,2131610.0,0.3515
2026-05-07 13:05:32,24404.15,24300.0,-2.0,251.0,4406805.0,0.6038,127.05,6114875.0,0.3925
2026-05-07 13:05:32,24404.15,24350.0,-1.0,220.95,2486510.0,0.5625,147.4,3114410.0,0.4357
2026-05-07 13:05:32,24404.15,24400.0,ATM,193.6,6569290.0,0.5198,169.7,4905160.0,0.4797
2026-05-07 13:05:32,24404.15,24450.0,+1.0,168.15,2737085.0,0.4767,194.35,1431170.0,0.5243
2026-05-07 13:05:32,24404.15,24500.0,+2.0,145.4,8066305.0,0.4335,221.1,2776150.0,0.569
2026-05-07 13:05:32,24404.15,24550.0,+3.0,124.45,1616615.0,0.3911,250.8,392340.0,0.6136
2026-05-07 13:06:33,24406.35,24250.0,-3.0,281.95,913120.0,0.6454,109.35,2131610.0,0.351
2026-05-07 13:06:33,24406.35,24300.0,-2.0,250.15,4406805.0,0.6048,127.55,6114875.0,0.3921
2026-05-07 13:06:33,24406.35,24350.0,-1.0,220.55,2486510.0,0.5631,147.8,3114410.0,0.4352
2026-05-07 13:06:33,24406.35,24400.0,ATM,193.0,6569290.0,0.5204,170.55,4905160.0,0.4792
2026-05-07 13:06:33,24406.35,24450.0,+1.0,167.75,2737085.0,0.4771,195.15,1431170.0,0.5237
2026-05-07 13:06:33,24406.35,24500.0,+2.0,145.0,8066305.0,0.4339,222.55,2776150.0,0.5684
2026-05-07 13:06:33,24406.35,24550.0,+3.0,124.1,1616615.0,0.3912,250.2,392340.0,0.6122
2026-05-07 13:07:34,24414.5,24250.0,-3.0,289.35,913120.0,0.6527,106.75,2131610.0,0.345
2026-05-07 13:07:34,24414.5,24300.0,-2.0,257.05,4406805.0,0.6114,124.55,6114875.0,0.3853
2026-05-07 13:07:34,24414.5,24350.0,-1.0,227.4,2486510.0,0.5703,144.85,3114410.0,0.4281
2026-05-07 13:07:34,24414.5,24400.0,ATM,199.4,6569290.0,0.5278,167.2,4905160.0,0.4717
2026-05-07 13:07:34,24414.5,24450.0,+1.0,173.65,2737085.0,0.4848,191.15,1431170.0,0.5159
2026-05-07 13:07:34,24414.5,24500.0,+2.0,150.3,8066305.0,0.4419,217.6,2776150.0,0.5605
2026-05-07 13:07:34,24414.5,24550.0,+3.0,128.95,1616615.0,0.3994,246.0,392340.0,0.6039
2026-05-07 13:08:36,24397.95,24250.0,-3.0,276.6,911820.0,0.6391,112.05,2136095.0,0.3573
2026-05-07 13:08:36,24397.95,24300.0,-2.0,245.35,4532450.0,0.599,130.8,6069960.0,0.3997
2026-05-07 13:08:36,24397.95,24350.0,-1.0,216.25,2497690.0,0.5567,151.6,3099070.0,0.4421
2026-05-07 13:08:36,24397.95,24400.0,ATM,190.0,6778655.0,0.5137,174.4,4872920.0,0.4862
2026-05-07 13:08:36,24397.95,24450.0,+1.0,164.8,2854410.0,0.4705,199.6,1456910.0,0.5304
2026-05-07 13:08:36,24397.95,24500.0,+2.0,142.35,8089705.0,0.4274,227.3,2774525.0,0.5747
2026-05-07 13:08:36,24397.95,24550.0,+3.0,121.9,1627405.0,0.3841,256.75,390455.0,0.6166
2026-05-07 13:09:37,24396.15,24250.0,-3.0,277.1,911820.0,0.6337,111.95,2136095.0,0.3608
2026-05-07 13:09:37,24396.15,24300.0,-2.0,245.9,4532450.0,0.5938,130.7,6069960.0,0.4026
2026-05-07 13:09:37,24396.15,24350.0,-1.0,217.4,2497690.0,0.5521,151.35,3099070.0,0.446
2026-05-07 13:09:37,24396.15,24400.0,ATM,190.4,6778655.0,0.5097,174.3,4872920.0,0.4903
2026-05-07 13:09:37,24396.15,24450.0,+1.0,165.5,2854410.0,0.4668,199.85,1456910.0,0.5349
2026-05-07 13:09:37,24396.15,24500.0,+2.0,142.85,8089705.0,0.4243,227.3,2774525.0,0.5796
2026-05-07 13:09:37,24396.15,24550.0,+3.0,122.6,1627405.0,0.3825,257.0,390455.0,0.6232
2026-05-07 13:10:38,24384.35,24250.0,-3.0,269.35,911820.0,0.6294,115.9,2136095.0,0.3688
2026-05-07 13:10:38,24384.35,24300.0,-2.0,238.3,4532450.0,0.5884,135.25,6069960.0,0.4107
2026-05-07 13:10:38,24384.35,24350.0,-1.0,211.2,2497690.0,0.5457,155.65,3099070.0,0.4537
2026-05-07 13:10:38,24384.35,24400.0,ATM,184.65,6778655.0,0.5025,179.35,4872920.0,0.4976
2026-05-07 13:10:38,24384.35,24450.0,+1.0,159.8,2854410.0,0.4591,204.6,1456910.0,0.5416
2026-05-07 13:10:38,24384.35,24500.0,+2.0,137.65,8089705.0,0.4161,232.95,2774525.0,0.5855
2026-05-07 13:10:38,24384.35,24550.0,+3.0,118.0,1627405.0,0.3741,264.25,390455.0,0.6282
2026-05-07 13:11:40,24392.9,24250.0,-3.0,272.2,900120.0,0.6286,114.6,2140775.0,0.3661
2026-05-07 13:11:40,24392.9,24300.0,-2.0,241.25,4443790.0,0.5882,133.5,6058455.0,0.4084
2026-05-07 13:11:40,24392.9,24350.0,-1.0,212.7,2422160.0,0.5463,154.8,3099785.0,0.4521
2026-05-07 13:11:40,24392.9,24400.0,ATM,185.6,6586970.0,0.5037,178.1,4889560.0,0.4965
2026-05-07 13:11:40,24392.9,24450.0,+1.0,161.3,2785510.0,0.4609,203.75,1461005.0,0.5412
2026-05-07 13:11:40,24392.9,24500.0,+2.0,139.1,7953465.0,0.4181,231.55,2557490.0,0.5858
2026-05-07 13:11:40,24392.9,24550.0,+3.0,119.1,1617655.0,0.3764,260.8,392860.0,0.6294
2026-05-07 13:12:41,24384.9,24250.0,-3.0,268.85,900120.0,0.6314,115.9,2140775.0,0.3665
2026-05-07 13:12:41,24384.9,24300.0,-2.0,238.1,4443790.0,0.5905,134.75,6058455.0,0.4085
2026-05-07 13:12:41,24384.9,24350.0,-1.0,209.25,2422160.0,0.5478,156.9,3099785.0,0.4515
2026-05-07 13:12:41,24384.9,24400.0,ATM,183.0,6586970.0,0.5045,180.2,4889560.0,0.4955
2026-05-07 13:12:41,24384.9,24450.0,+1.0,158.95,2785510.0,0.4611,205.6,1461005.0,0.5396
2026-05-07 13:12:41,24384.9,24500.0,+2.0,136.65,7953465.0,0.4179,234.15,2557490.0,0.5838
2026-05-07 13:12:41,24384.9,24550.0,+3.0,117.5,1617655.0,0.3759,263.45,392860.0,0.6267
2026-05-07 13:13:41,24389.5,24250.0,-3.0,269.05,900120.0,0.6292,114.7,2140775.0,0.3677
2026-05-07 13:13:41,24389.5,24300.0,-2.0,237.8,4443790.0,0.5906,133.7,6058455.0,0.4092
2026-05-07 13:13:41,24389.5,24350.0,-1.0,209.8,2422160.0,0.5453,154.6,3099785.0,0.4535
2026-05-07 13:13:41,24389.5,24400.0,ATM,183.4,6586970.0,0.5021,178.0,4889560.0,0.4963
2026-05-07 13:13:41,24389.5,24450.0,+1.0,158.4,2785510.0,0.4599,204.45,1461005.0,0.5403
2026-05-07 13:13:41,24389.5,24500.0,+2.0,137.05,7953465.0,0.4158,232.2,2557490.0,0.5874
2026-05-07 13:13:41,24389.5,24550.0,+3.0,117.0,1617655.0,0.3742,262.25,392860.0,0.6303
2026-05-07 13:14:43,24389.0,24250.0,-3.0,268.0,907725.0,0.6324,115.05,2116920.0,0.3648
2026-05-07 13:14:43,24389.0,24300.0,-2.0,237.45,4485650.0,0.5905,134.45,6035575.0,0.4072
2026-05-07 13:14:43,24389.0,24350.0,-1.0,209.05,2521675.0,0.5481,155.5,3114410.0,0.4506
2026-05-07 13:14:43,24389.0,24400.0,ATM,182.3,6743815.0,0.5049,179.1,4849715.0,0.4951
2026-05-07 13:14:43,24389.0,24450.0,+1.0,157.7,2799290.0,0.4615,204.45,1422850.0,0.5399
2026-05-07 13:14:43,24389.0,24500.0,+2.0,135.85,8112650.0,0.4184,233.0,2565680.0,0.5843
2026-05-07 13:14:43,24389.0,24550.0,+3.0,116.55,1635465.0,0.3761,262.5,381225.0,0.6278
2026-05-07 13:15:46,24386.25,24250.0,-3.0,267.0,907725.0,0.6296,115.5,2116920.0,0.3668
2026-05-07 13:15:46,24386.25,24300.0,-2.0,236.65,4485650.0,0.5881,134.7,6035575.0,0.4092
2026-05-07 13:15:46,24386.25,24350.0,-1.0,208.0,2521675.0,0.5458,156.35,3114410.0,0.4529
2026-05-07 13:15:46,24386.25,24400.0,ATM,182.0,6743815.0,0.5027,179.45,4849715.0,0.4974
2026-05-07 13:15:46,24386.25,24450.0,+1.0,157.5,2799290.0,0.4593,205.4,1422850.0,0.5423
2026-05-07 13:15:46,24386.25,24500.0,+2.0,135.5,8112650.0,0.4164,233.2,2565680.0,0.5868
2026-05-07 13:15:46,24386.25,24550.0,+3.0,116.65,1635465.0,0.3739,262.05,381225.0,0.6313
2026-05-07 13:16:47,24389.85,24250.0,-3.0,267.4,907725.0,0.636,115.35,2116920.0,0.3631
2026-05-07 13:16:47,24389.85,24300.0,-2.0,237.2,4485650.0,0.5945,134.65,6035575.0,0.4048
2026-05-07 13:16:47,24389.85,24350.0,-1.0,208.95,2521675.0,0.5515,155.6,3114410.0,0.4479
2026-05-07 13:16:47,24389.85,24400.0,ATM,182.55,6743815.0,0.5081,178.6,4849715.0,0.4919
2026-05-07 13:16:47,24389.85,24450.0,+1.0,158.25,2799290.0,0.4642,204.8,1422850.0,0.5361
2026-05-07 13:16:47,24389.85,24500.0,+2.0,136.45,8112650.0,0.4207,232.8,2565680.0,0.5804
2026-05-07 13:16:47,24389.85,24550.0,+3.0,116.25,1635465.0,0.3781,263.65,381225.0,0.6229
2026-05-07 13:17:49,24384.85,24250.0,-3.0,265.3,919750.0,0.6301,115.0,2123615.0,0.3673
2026-05-07 13:17:49,24384.85,24300.0,-2.0,234.9,4532645.0,0.5885,134.6,6024395.0,0.41
2026-05-07 13:17:49,24384.85,24350.0,-1.0,206.45,2572115.0,0.5455,155.9,3135860.0,0.4536
2026-05-07 13:17:49,24384.85,24400.0,ATM,180.05,6900595.0,0.5019,179.2,4756245.0,0.4982
2026-05-07 13:17:49,24384.85,24450.0,+1.0,155.95,2865005.0,0.4581,205.35,1423175.0,0.5429
2026-05-07 13:17:49,24384.85,24500.0,+2.0,134.0,8141185.0,0.4147,233.3,2564835.0,0.5875
2026-05-07 13:17:49,24384.85,24550.0,+3.0,114.55,1664130.0,0.3723,263.0,378820.0,0.6309
2026-05-07 13:18:50,24349.9,24200.0,-3.0,273.6,2934035.0,0.6423,112.15,5591300.0,0.357
2026-05-07 13:18:50,24349.9,24250.0,-2.0,243.0,919750.0,0.6009,131.4,2123615.0,0.3984
2026-05-07 13:18:50,24349.9,24300.0,-1.0,214.15,4532645.0,0.5583,152.5,6024395.0,0.4416
2026-05-07 13:18:50,24349.9,24350.0,ATM,187.8,2572115.0,0.5147,175.25,3135860.0,0.4853
2026-05-07 13:18:50,24349.9,24400.0,+1.0,163.3,6900595.0,0.4709,201.25,4756245.0,0.5295
2026-05-07 13:18:50,24349.9,24450.0,+2.0,140.8,2865005.0,0.4272,228.55,1423175.0,0.5725
2026-05-07 13:18:50,24349.9,24500.0,+3.0,120.4,8141185.0,0.3846,259.1,2564835.0,0.6156
2026-05-07 13:19:51,24347.55,24200.0,-3.0,275.2,2934035.0,0.6364,112.7,5591300.0,0.361
2026-05-07 13:19:51,24347.55,24250.0,-2.0,243.3,919750.0,0.5954,131.6,2123615.0,0.4029
2026-05-07 13:19:51,24347.55,24300.0,-1.0,214.5,4532645.0,0.5529,152.5,6024395.0,0.4461
2026-05-07 13:19:51,24347.55,24350.0,ATM,188.4,2572115.0,0.5099,175.5,3135860.0,0.4901
2026-05-07 13:19:51,24347.55,24400.0,+1.0,163.9,6900595.0,0.4667,201.35,4756245.0,0.5343
2026-05-07 13:19:51,24347.55,24450.0,+2.0,141.4,2865005.0,0.4237,229.1,1423175.0,0.5779
2026-05-07 13:19:51,24347.55,24500.0,+3.0,121.7,8141185.0,0.3817,259.0,2564835.0,0.6215
2026-05-07 13:20:52,24365.3,24200.0,-3.0,283.6,2916940.0,0.6537,107.65,5171790.0,0.3466
2026-05-07 13:20:52,24365.3,24250.0,-2.0,252.45,930085.0,0.613,126.0,2040610.0,0.3877
2026-05-07 13:20:52,24365.3,24300.0,-1.0,223.1,4601155.0,0.5705,146.0,5830565.0,0.4298
2026-05-07 13:20:52,24365.3,24350.0,ATM,195.5,2627625.0,0.5268,168.75,3007160.0,0.4731
2026-05-07 13:20:52,24365.3,24400.0,+1.0,170.85,6527625.0,0.4832,193.75,4258020.0,0.5168
2026-05-07 13:20:52,24365.3,24450.0,+2.0,147.75,2733640.0,0.44,220.8,1229670.0,0.5606
2026-05-07 13:20:52,24365.3,24500.0,+3.0,127.25,7973030.0,0.3973,249.85,2381080.0,0.6037
2026-05-07 13:21:54,24355.6,24200.0,-3.0,279.65,2916940.0,0.6478,110.2,5171790.0,0.3526
2026-05-07 13:21:54,24355.6,24250.0,-2.0,248.3,930085.0,0.6064,129.15,2040610.0,0.3937
2026-05-07 13:21:54,24355.6,24300.0,-1.0,219.6,4601155.0,0.5636,149.4,5830565.0,0.4363
2026-05-07 13:21:54,24355.6,24350.0,ATM,192.3,2627625.0,0.5202,172.7,3007160.0,0.4799
2026-05-07 13:21:54,24355.6,24400.0,+1.0,167.1,6527625.0,0.4765,197.9,4258020.0,0.5235
2026-05-07 13:21:54,24355.6,24450.0,+2.0,144.75,2733640.0,0.433,225.15,1229670.0,0.5667
2026-05-07 13:21:54,24355.6,24500.0,+3.0,124.25,7973030.0,0.3903,254.4,2381080.0,0.6092
2026-05-07 13:22:56,24362.2,24200.0,-3.0,280.9,2916940.0,0.6537,107.15,5171790.0,0.3456
2026-05-07 13:22:56,24362.2,24250.0,-2.0,249.0,930085.0,0.6124,126.0,2040610.0,0.3875
2026-05-07 13:22:56,24362.2,24300.0,-1.0,220.35,4601155.0,0.5694,146.15,5830565.0,0.43
2026-05-07 13:22:56,24362.2,24350.0,ATM,193.4,2627625.0,0.526,169.25,3007160.0,0.4739
2026-05-07 13:22:56,24362.2,24400.0,+1.0,168.3,6527625.0,0.4821,193.85,4258020.0,0.5182
2026-05-07 13:22:56,24362.2,24450.0,+2.0,145.7,2733640.0,0.4383,221.1,1229670.0,0.5621
2026-05-07 13:22:56,24362.2,24500.0,+3.0,124.85,7973030.0,0.3955,250.65,2381080.0,0.6055
2026-05-07 13:23:57,24353.05,24200.0,-3.0,277.8,2919865.0,0.6452,107.5,5243680.0,0.3531
2026-05-07 13:23:57,24353.05,24250.0,-2.0,244.9,938600.0,0.6039,127.15,2075840.0,0.3948
2026-05-07 13:23:57,24353.05,24300.0,-1.0,215.95,4652635.0,0.5609,147.95,5902650.0,0.4384
2026-05-07 13:23:57,24353.05,24350.0,ATM,190.55,2802605.0,0.5173,169.65,3067090.0,0.4825
2026-05-07 13:23:57,24353.05,24400.0,+1.0,165.35,6641570.0,0.4735,195.6,4315090.0,0.5271
2026-05-07 13:23:57,24353.05,24450.0,+2.0,143.15,2781155.0,0.4299,222.05,1227850.0,0.5712
2026-05-07 13:23:57,24353.05,24500.0,+3.0,122.85,8106930.0,0.3869,252.0,2389270.0,0.6145
2026-05-07 13:25:00,24349.3,24200.0,-3.0,273.3,2919865.0,0.6388,111.45,5243680.0,0.3603
2026-05-07 13:25:00,24349.3,24250.0,-2.0,241.75,938600.0,0.597,130.45,2075840.0,0.4024
2026-05-07 13:25:00,24349.3,24300.0,-1.0,213.35,4652635.0,0.554,151.4,5902650.0,0.4457
2026-05-07 13:25:00,24349.3,24350.0,ATM,186.9,2802605.0,0.5103,174.15,3067090.0,0.4897
2026-05-07 13:25:00,24349.3,24400.0,+1.0,162.15,6641570.0,0.4665,200.0,4315090.0,0.5339
2026-05-07 13:25:00,24349.3,24450.0,+2.0,140.3,2781155.0,0.4231,227.7,1227850.0,0.5778
2026-05-07 13:25:00,24349.3,24500.0,+3.0,120.25,8106930.0,0.3807,257.55,2389270.0,0.6211
2026-05-07 13:26:01,24358.25,24200.0,-3.0,278.45,2919865.0,0.6444,107.1,5243680.0,0.3518
2026-05-07 13:26:01,24358.25,24250.0,-2.0,246.35,938600.0,0.6035,125.85,2075840.0,0.3938
2026-05-07 13:26:01,24358.25,24300.0,-1.0,217.25,4652635.0,0.561,146.1,5902650.0,0.4377
2026-05-07 13:26:01,24358.25,24350.0,ATM,190.4,2802605.0,0.5175,169.05,3067090.0,0.4822
2026-05-07 13:26:01,24358.25,24400.0,+1.0,165.7,6641570.0,0.4738,194.6,4315090.0,0.5261
2026-05-07 13:26:01,24358.25,24450.0,+2.0,142.85,2781155.0,0.4304,222.4,1227850.0,0.572
2026-05-07 13:26:01,24358.25,24500.0,+3.0,122.6,8106930.0,0.3878,250.85,2389270.0,0.6156
2026-05-07 13:27:02,24350.8,24200.0,-3.0,275.0,2922855.0,0.6439,108.95,5272800.0,0.3536
2026-05-07 13:27:02,24350.8,24250.0,-2.0,243.65,956345.0,0.6025,127.55,2093130.0,0.3956
2026-05-07 13:27:02,24350.8,24300.0,-1.0,214.7,4649255.0,0.5598,148.25,6008990.0,0.4391
2026-05-07 13:27:02,24350.8,24350.0,ATM,188.1,2860260.0,0.5163,171.75,3127020.0,0.4835
2026-05-07 13:27:02,24350.8,24400.0,+1.0,163.4,6703125.0,0.4725,197.2,4298190.0,0.5282
2026-05-07 13:27:02,24350.8,24450.0,+2.0,140.8,2803125.0,0.4289,224.2,1227915.0,0.5726
2026-05-07 13:27:02,24350.8,24500.0,+3.0,120.55,8140535.0,0.3861,254.45,2372890.0,0.6162
2026-05-07 13:28:04,24349.2,24200.0,-3.0,273.7,2922855.0,0.6385,109.05,5272800.0,0.3596
2026-05-07 13:28:04,24349.2,24250.0,-2.0,243.1,956345.0,0.5966,128.05,2093130.0,0.4021
2026-05-07 13:28:04,24349.2,24300.0,-1.0,213.95,4649255.0,0.5537,149.2,6008990.0,0.4456
2026-05-07 13:28:04,24349.2,24350.0,ATM,187.55,2860260.0,0.5131,171.65,3127020.0,0.4867
2026-05-07 13:28:04,24349.2,24400.0,+1.0,163.4,6703125.0,0.4694,197.65,4298190.0,0.5316
2026-05-07 13:28:04,24349.2,24450.0,+2.0,140.5,2803125.0,0.4258,225.0,1227915.0,0.5761
2026-05-07 13:28:04,24349.2,24500.0,+3.0,120.7,8140535.0,0.3831,254.4,2372890.0,0.6202
2026-05-07 13:29:04,24350.4,24200.0,-3.0,273.3,2922855.0,0.6418,109.55,5272800.0,0.3554
2026-05-07 13:29:04,24350.4,24250.0,-2.0,241.5,956345.0,0.6005,128.9,2093130.0,0.3977
2026-05-07 13:29:04,24350.4,24300.0,-1.0,213.45,4649255.0,0.5578,149.7,6008990.0,0.4412
2026-05-07 13:29:04,24350.4,24350.0,ATM,186.6,2860260.0,0.5141,173.0,3127020.0,0.4858
2026-05-07 13:29:04,24350.4,24400.0,+1.0,162.35,6703125.0,0.4702,198.15,4298190.0,0.5305
2026-05-07 13:29:04,24350.4,24450.0,+2.0,139.95,2803125.0,0.4266,225.8,1227915.0,0.575
2026-05-07 13:29:04,24350.4,24500.0,+3.0,119.85,8140535.0,0.384,256.3,2372890.0,0.6192
2026-05-07 13:30:05,24354.35,24200.0,-3.0,277.1,2921425.0,0.6446,106.3,5270590.0,0.3521
2026-05-07 13:30:05,24354.35,24250.0,-2.0,245.2,967525.0,0.6027,125.55,2092285.0,0.3945
2026-05-07 13:30:05,24354.35,24300.0,-1.0,216.65,4713085.0,0.5599,146.15,6033560.0,0.4383
2026-05-07 13:30:05,24354.35,24350.0,ATM,189.9,2959905.0,0.5167,169.25,3204695.0,0.4831
2026-05-07 13:30:05,24354.35,24400.0,+1.0,164.9,6859580.0,0.4728,194.05,4262375.0,0.5281
2026-05-07 13:30:05,24354.35,24450.0,+2.0,142.15,2819050.0,0.4293,220.8,1225250.0,0.5728
2026-05-07 13:30:05,24354.35,24500.0,+3.0,121.9,8197735.0,0.3865,250.7,2342795.0,0.6168
2026-05-07 13:31:07,24353.75,24200.0,-3.0,276.6,2921425.0,0.6458,108.45,5270590.0,0.3525
2026-05-07 13:31:07,24353.75,24250.0,-2.0,244.65,967525.0,0.6048,127.3,2092285.0,0.3944
2026-05-07 13:31:07,24353.75,24300.0,-1.0,215.75,4713085.0,0.5618,148.15,6033560.0,0.4378
2026-05-07 13:31:07,24353.75,24350.0,ATM,188.85,2959905.0,0.518,171.4,3204695.0,0.4819
2026-05-07 13:31:07,24353.75,24400.0,+1.0,164.65,6859580.0,0.474,196.25,4262375.0,0.5264
2026-05-07 13:31:07,24353.75,24450.0,+2.0,141.5,2819050.0,0.4304,224.55,1225250.0,0.5708
2026-05-07 13:31:07,24353.75,24500.0,+3.0,121.3,8197735.0,0.3874,253.65,2342795.0,0.6144
2026-05-07 13:32:08,24357.5,24200.0,-3.0,279.6,2921425.0,0.6527,106.0,5270590.0,0.3464
2026-05-07 13:32:08,24357.5,24250.0,-2.0,248.85,967525.0,0.6104,124.25,2092285.0,0.3882
2026-05-07 13:32:08,24357.5,24300.0,-1.0,218.5,4713085.0,0.568,144.9,6033560.0,0.4315
2026-05-07 13:32:08,24357.5,24350.0,ATM,191.95,2959905.0,0.5242,167.3,3204695.0,0.4757
2026-05-07 13:32:08,24357.5,24400.0,+1.0,166.9,6859580.0,0.4801,192.25,4262375.0,0.5202
2026-05-07 13:32:08,24357.5,24450.0,+2.0,144.0,2819050.0,0.436,219.35,1225250.0,0.5644
2026-05-07 13:32:08,24357.5,24500.0,+3.0,123.0,8197735.0,0.3928,249.0,2342795.0,0.6084
2026-05-07 13:33:11,24354.7,24200.0,-3.0,275.65,2934490.0,0.6461,107.8,5253950.0,0.3525
2026-05-07 13:33:11,24354.7,24250.0,-2.0,244.8,975000.0,0.6039,126.35,2085200.0,0.3945
2026-05-07 13:33:11,24354.7,24300.0,-1.0,215.75,4769830.0,0.5592,146.7,5973370.0,0.4392
2026-05-07 13:33:11,24354.7,24350.0,ATM,189.2,2996240.0,0.5175,170.2,3123445.0,0.4824
2026-05-07 13:33:11,24354.7,24400.0,+1.0,164.5,7001150.0,0.4735,195.35,4177615.0,0.5271
2026-05-07 13:33:11,24354.7,24450.0,+2.0,141.3,2888405.0,0.4284,223.25,1191840.0,0.5738
2026-05-07 13:33:11,24354.7,24500.0,+3.0,121.1,8285940.0,0.3868,252.65,2331550.0,0.6152
2026-05-07 13:34:12,24358.15,24200.0,-3.0,278.85,2934490.0,0.6529,105.55,5253950.0,0.345
2026-05-07 13:34:12,24358.15,24250.0,-2.0,247.5,975000.0,0.6115,124.1,2085200.0,0.387
2026-05-07 13:34:12,24358.15,24300.0,-1.0,217.95,4769830.0,0.5685,144.5,5973370.0,0.4304
2026-05-07 13:34:12,24358.15,24350.0,ATM,190.75,2996240.0,0.5248,167.1,3123445.0,0.475
2026-05-07 13:34:12,24358.15,24400.0,+1.0,166.2,7001150.0,0.4807,192.5,4177615.0,0.5198
2026-05-07 13:34:12,24358.15,24450.0,+2.0,143.3,2888405.0,0.4368,220.0,1191840.0,0.5642
2026-05-07 13:34:12,24358.15,24500.0,+3.0,122.65,8285940.0,0.3934,249.7,2331550.0,0.6087
2026-05-07 13:35:14,24354.45,24200.0,-3.0,277.2,2934490.0,0.6504,106.9,5253950.0,0.3485
2026-05-07 13:35:14,24354.45,24250.0,-2.0,245.8,975000.0,0.6088,125.6,2085200.0,0.3906
2026-05-07 13:35:14,24354.45,24300.0,-1.0,216.9,4769830.0,0.5654,146.2,5973370.0,0.4338
2026-05-07 13:35:14,24354.45,24350.0,ATM,190.2,2996240.0,0.5216,169.25,3123445.0,0.4782
2026-05-07 13:35:14,24354.45,24400.0,+1.0,165.4,7001150.0,0.4775,194.05,4177615.0,0.5229
2026-05-07 13:35:14,24354.45,24450.0,+2.0,142.05,2888405.0,0.4336,221.6,1191840.0,0.5673
2026-05-07 13:35:14,24354.45,24500.0,+3.0,121.9,8285940.0,0.3906,251.35,2331550.0,0.6112
2026-05-07 13:36:15,24355.55,24200.0,-3.0,276.6,2944240.0,0.6469,107.3,5272865.0,0.3505
2026-05-07 13:36:15,24355.55,24250.0,-2.0,245.2,987935.0,0.6056,126.3,2080715.0,0.3926
2026-05-07 13:36:15,24355.55,24300.0,-1.0,215.85,4829370.0,0.563,146.5,5954195.0,0.4361
2026-05-07 13:36:15,24355.55,24350.0,ATM,189.4,3090555.0,0.5192,169.2,3150095.0,0.4807
2026-05-07 13:36:15,24355.55,24400.0,+1.0,164.4,7174700.0,0.4751,194.7,4195360.0,0.5253
2026-05-07 13:36:15,24355.55,24450.0,+2.0,141.45,2916615.0,0.4317,222.45,1196260.0,0.5706
2026-05-07 13:36:15,24355.55,24500.0,+3.0,121.4,8393515.0,0.3885,251.4,2354885.0,0.614
2026-05-07 13:37:15,24361.6,24200.0,-3.0,280.0,2944240.0,0.6552,105.05,5272865.0,0.3433
2026-05-07 13:37:15,24361.6,24250.0,-2.0,248.5,987935.0,0.6135,123.3,2080715.0,0.3851
2026-05-07 13:37:15,24361.6,24300.0,-1.0,219.75,4829370.0,0.5708,143.8,5954195.0,0.4284
2026-05-07 13:37:15,24361.6,24350.0,ATM,192.2,3090555.0,0.5269,166.7,3150095.0,0.4728
2026-05-07 13:37:15,24361.6,24400.0,+1.0,167.5,7174700.0,0.4828,191.3,4195360.0,0.5176
2026-05-07 13:37:15,24361.6,24450.0,+2.0,144.55,2916615.0,0.4387,218.5,1196260.0,0.562
2026-05-07 13:37:15,24361.6,24500.0,+3.0,123.7,8393515.0,0.3956,247.75,2354885.0,0.6062
2026-05-07 13:38:16,24353.55,24200.0,-3.0,275.65,2944240.0,0.6475,107.7,5272865.0,0.3508
2026-05-07 13:38:16,24353.55,24250.0,-2.0,245.65,987935.0,0.6064,126.2,2080715.0,0.3929
2026-05-07 13:38:16,24353.55,24300.0,-1.0,215.95,4829370.0,0.5633,147.0,5954195.0,0.4365
2026-05-07 13:38:16,24353.55,24350.0,ATM,189.2,3090555.0,0.5192,170.25,3150095.0,0.4807
2026-05-07 13:38:16,24353.55,24400.0,+1.0,164.4,7174700.0,0.475,195.55,4195360.0,0.5253
2026-05-07 13:38:16,24353.55,24450.0,+2.0,141.85,2916615.0,0.4311,222.15,1196260.0,0.5695
2026-05-07 13:38:16,24353.55,24500.0,+3.0,121.35,8411650.0,0.388,252.3,2356380.0,0.6126
2026-05-07 13:39:18,24346.9,24200.0,-3.0,269.95,2952690.0,0.6412,111.45,5286190.0,0.359
2026-05-07 13:39:18,24346.9,24250.0,-2.0,239.25,988130.0,0.5989,130.85,2061280.0,0.4012
2026-05-07 13:39:18,24346.9,24300.0,-1.0,210.25,4890730.0,0.5555,151.75,5966090.0,0.4447
2026-05-07 13:39:18,24346.9,24350.0,ATM,184.0,3171545.0,0.5113,176.05,3122470.0,0.4887
2026-05-07 13:39:18,24346.9,24400.0,+1.0,159.9,7318610.0,0.467,201.55,4198220.0,0.5329
2026-05-07 13:39:18,24346.9,24450.0,+2.0,137.9,2923765.0,0.4233,229.65,1188070.0,0.5769
2026-05-07 13:39:18,24346.9,24500.0,+3.0,118.0,8411650.0,0.3804,259.0,2356380.0,0.6197
2026-05-07 13:40:19,24337.95,24200.0,-3.0,266.9,2952690.0,0.6338,113.7,5286190.0,0.3646
2026-05-07 13:40:19,24337.95,24250.0,-2.0,236.75,988130.0,0.5922,133.6,2061280.0,0.4072
2026-05-07 13:40:19,24337.95,24300.0,-1.0,208.55,4890730.0,0.5488,154.75,5966090.0,0.4507
2026-05-07 13:40:19,24337.95,24350.0,ATM,182.45,3171545.0,0.5051,178.85,3122470.0,0.4949
2026-05-07 13:40:19,24337.95,24400.0,+1.0,158.65,7318610.0,0.4614,204.2,4198220.0,0.5414
2026-05-07 13:40:19,24337.95,24450.0,+2.0,136.7,2923765.0,0.4181,232.7,1188070.0,0.5829
2026-05-07 13:40:19,24337.95,24500.0,+3.0,117.0,8411650.0,0.3759,263.1,2356380.0,0.6264
2026-05-07 13:41:20,24349.85,24200.0,-3.0,273.55,2955680.0,0.6375,108.4,5354375.0,0.3573
2026-05-07 13:41:20,24349.85,24250.0,-2.0,242.25,994305.0,0.5967,127.65,2025205.0,0.4001
2026-05-07 13:41:20,24349.85,24300.0,-1.0,213.1,4888260.0,0.554,148.4,5959395.0,0.4441
2026-05-07 13:41:20,24349.85,24350.0,ATM,186.9,3077230.0,0.5115,171.8,3189095.0,0.4885
2026-05-07 13:41:20,24349.85,24400.0,+1.0,162.2,7286500.0,0.4672,197.75,4166110.0,0.5344
2026-05-07 13:41:20,24349.85,24450.0,+2.0,140.3,2923765.0,0.424,225.15,1188070.0,0.5794
2026-05-07 13:41:20,24349.85,24500.0,+3.0,120.6,8430825.0,0.3819,255.15,2315365.0,0.6237
2026-05-07 13:42:21,24354.2,24200.0,-3.0,273.25,2955680.0,0.6469,108.75,5354375.0,0.3529
2026-05-07 13:42:21,24354.2,24250.0,-2.0,242.6,994305.0,0.6047,127.75,2025205.0,0.3948
2026-05-07 13:42:21,24354.2,24300.0,-1.0,213.3,4888260.0,0.5613,148.65,5959395.0,0.4385
2026-05-07 13:42:21,24354.2,24350.0,ATM,186.6,3077230.0,0.5172,171.9,3189095.0,0.4828
2026-05-07 13:42:21,24354.2,24400.0,+1.0,162.05,7286500.0,0.4729,197.95,4166110.0,0.5271
2026-05-07 13:42:21,24354.2,24450.0,+2.0,140.35,2909075.0,0.4291,224.9,1168960.0,0.5713
2026-05-07 13:42:21,24354.2,24500.0,+3.0,119.8,8430825.0,0.3861,255.8,2315365.0,0.6147
2026-05-07 13:43:22,24353.9,24200.0,-3.0,275.7,2955680.0,0.6472,106.6,5354375.0,0.3509
2026-05-07 13:43:22,24353.9,24250.0,-2.0,243.8,994305.0,0.6038,125.3,2025205.0,0.3944
2026-05-07 13:43:22,24353.9,24300.0,-1.0,215.95,4888260.0,0.5619,145.65,5959395.0,0.4371
2026-05-07 13:43:22,24353.9,24350.0,ATM,188.35,3077230.0,0.5179,169.1,3189095.0,0.4819
2026-05-07 13:43:22,24353.9,24400.0,+1.0,164.0,7286500.0,0.4738,194.4,4166110.0,0.5268
2026-05-07 13:43:22,24353.9,24450.0,+2.0,141.4,2909075.0,0.43,221.95,1168960.0,0.5714
2026-05-07 13:43:22,24353.9,24500.0,+3.0,121.1,8430825.0,0.3871,251.85,2315365.0,0.6149
2026-05-07 13:44:23,24354.3,24200.0,-3.0,276.75,2948075.0,0.6535,106.05,5331625.0,0.3466
2026-05-07 13:44:23,24354.3,24250.0,-2.0,244.55,1003860.0,0.6112,124.7,2036775.0,0.3886
2026-05-07 13:44:23,24354.3,24300.0,-1.0,215.65,4964830.0,0.568,145.55,5943015.0,0.4319
2026-05-07 13:44:23,24354.3,24350.0,ATM,189.7,3192150.0,0.5236,167.6,3082625.0,0.4762
2026-05-07 13:44:23,24354.3,24400.0,+1.0,164.75,7404995.0,0.4793,193.8,4211155.0,0.5209
2026-05-07 13:44:23,24354.3,24450.0,+2.0,142.0,2948855.0,0.435,221.0,1171105.0,0.5652
2026-05-07 13:44:23,24354.3,24500.0,+3.0,121.65,8361665.0,0.3918,251.3,2324790.0,0.6084
2026-05-07 13:45:26,24344.45,24200.0,-3.0,269.65,2948075.0,0.6394,110.3,5331625.0,0.3585
2026-05-07 13:45:26,24344.45,24250.0,-2.0,238.8,1003860.0,0.5977,129.05,2036775.0,0.4013
2026-05-07 13:45:26,24344.45,24300.0,-1.0,210.9,4964830.0,0.5543,149.95,5943015.0,0.4452
2026-05-07 13:45:26,24344.45,24350.0,ATM,184.25,3192150.0,0.5102,173.8,3082625.0,0.4897
2026-05-07 13:45:26,24344.45,24400.0,+1.0,160.05,7404995.0,0.4662,200.0,4211155.0,0.5343
2026-05-07 13:45:26,24344.45,24450.0,+2.0,137.95,2948855.0,0.4224,227.35,1171105.0,0.5786
2026-05-07 13:45:26,24344.45,24500.0,+3.0,118.75,8361665.0,0.38,257.85,2324790.0,0.6213
2026-05-07 13:46:27,24343.7,24200.0,-3.0,268.9,2948075.0,0.6396,110.05,5331625.0,0.36
2026-05-07 13:46:27,24343.7,24250.0,-2.0,238.95,1003860.0,0.5972,129.1,2036775.0,0.4026
2026-05-07 13:46:27,24343.7,24300.0,-1.0,210.35,4964830.0,0.5535,150.35,5943015.0,0.4462
2026-05-07 13:46:27,24343.7,24350.0,ATM,184.0,3192150.0,0.5093,174.35,3082625.0,0.4907
2026-05-07 13:46:27,24343.7,24400.0,+1.0,159.7,7404995.0,0.4651,199.45,4211155.0,0.5353
2026-05-07 13:46:27,24343.7,24450.0,+2.0,137.7,2948855.0,0.4214,227.7,1171105.0,0.5792
2026-05-07 13:46:27,24343.7,24500.0,+3.0,118.0,8361665.0,0.3786,257.85,2324790.0,0.6225
2026-05-07 13:47:29,24350.85,24200.0,-3.0,273.9,2965365.0,0.6429,107.55,5355545.0,0.3545
2026-05-07 13:47:29,24350.85,24250.0,-2.0,242.6,1016600.0,0.6011,126.25,2043340.0,0.3974
2026-05-07 13:47:29,24350.85,24300.0,-1.0,213.1,5000840.0,0.558,146.65,5982990.0,0.4412
2026-05-07 13:47:29,24350.85,24350.0,ATM,186.0,3265015.0,0.5138,170.55,3126175.0,0.486
2026-05-07 13:47:29,24350.85,24400.0,+1.0,162.35,7542990.0,0.4696,195.45,4204785.0,0.531
2026-05-07 13:47:29,24350.85,24450.0,+2.0,139.55,2959710.0,0.426,223.65,1167790.0,0.5757
2026-05-07 13:47:29,24350.85,24500.0,+3.0,119.85,8409050.0,0.3832,253.75,2318225.0,0.6195
2026-05-07 13:48:29,24355.4,24200.0,-3.0,273.7,2965365.0,0.6506,108.0,5355545.0,0.3514
2026-05-07 13:48:29,24355.4,24250.0,-2.0,242.75,1016600.0,0.6074,126.95,2043340.0,0.3936
2026-05-07 13:48:29,24355.4,24300.0,-1.0,213.85,5000840.0,0.5636,147.7,5982990.0,0.4366
2026-05-07 13:48:29,24355.4,24350.0,ATM,187.4,3265015.0,0.5192,170.9,3126175.0,0.4809
2026-05-07 13:48:29,24355.4,24400.0,+1.0,162.85,7542990.0,0.4746,196.25,4204785.0,0.525
2026-05-07 13:48:29,24355.4,24450.0,+2.0,140.15,2959710.0,0.4309,224.05,1167790.0,0.5694
2026-05-07 13:48:29,24355.4,24500.0,+3.0,120.2,8409050.0,0.3878,254.4,2318225.0,0.6126
2026-05-07 13:49:30,24348.3,24200.0,-3.0,270.95,2965365.0,0.6385,109.1,5355545.0,0.3583
2026-05-07 13:49:30,24348.3,24250.0,-2.0,239.95,1016600.0,0.597,128.4,2043340.0,0.4009
2026-05-07 13:49:30,24348.3,24300.0,-1.0,211.0,5000840.0,0.5537,149.85,5982990.0,0.4451
2026-05-07 13:49:30,24348.3,24350.0,ATM,184.7,3265015.0,0.51,173.45,3126175.0,0.4899
2026-05-07 13:49:30,24348.3,24400.0,+1.0,160.55,7542990.0,0.4662,199.2,4204785.0,0.535
2026-05-07 13:49:30,24348.3,24450.0,+2.0,138.8,2959710.0,0.4228,226.6,1167790.0,0.5795
2026-05-07 13:49:30,24348.3,24500.0,+3.0,119.05,8409050.0,0.3803,256.2,2318225.0,0.6235
2026-05-07 13:50:30,24353.85,24200.0,-3.0,271.95,2967380.0,0.6475,109.0,5345795.0,0.3541
2026-05-07 13:50:30,24353.85,24250.0,-2.0,240.35,1033175.0,0.6044,128.0,2044900.0,0.3963
2026-05-07 13:50:30,24353.85,24300.0,-1.0,211.65,5063370.0,0.5605,149.35,5947630.0,0.4397
2026-05-07 13:50:30,24353.85,24350.0,ATM,185.45,3342040.0,0.5161,172.3,3164915.0,0.4839
2026-05-07 13:50:30,24353.85,24400.0,+1.0,161.3,7645885.0,0.4717,198.1,4149145.0,0.5282
2026-05-07 13:50:30,24353.85,24450.0,+2.0,138.95,2974725.0,0.4275,226.1,1162525.0,0.5721
2026-05-07 13:50:30,24353.85,24500.0,+3.0,118.85,8440965.0,0.3844,256.4,2321020.0,0.6152
2026-05-07 13:51:31,24347.3,24200.0,-3.0,272.6,2967380.0,0.6442,107.0,5345795.0,0.3547
2026-05-07 13:51:31,24347.3,24250.0,-2.0,240.2,1033175.0,0.6014,126.55,2044900.0,0.3973
2026-05-07 13:51:31,24347.3,24300.0,-1.0,211.5,5063370.0,0.5581,147.45,5947630.0,0.4413
2026-05-07 13:51:31,24347.3,24350.0,ATM,185.9,3342040.0,0.5138,170.45,3164915.0,0.4861
2026-05-07 13:51:31,24347.3,24400.0,+1.0,161.1,7645885.0,0.4696,196.05,4149145.0,0.531
2026-05-07 13:51:31,24347.3,24450.0,+2.0,138.7,2974725.0,0.4255,224.55,1162525.0,0.5753
2026-05-07 13:51:31,24347.3,24500.0,+3.0,119.0,8440965.0,0.3825,254.85,2321020.0,0.6186
2026-05-07 13:52:33,24353.15,24200.0,-3.0,273.9,2967380.0,0.6477,106.05,5345795.0,0.3504
2026-05-07 13:52:33,24353.15,24250.0,-2.0,242.75,1033175.0,0.6047,124.45,2044900.0,0.3932
2026-05-07 13:52:33,24353.15,24300.0,-1.0,213.4,5063370.0,0.5614,145.15,5947630.0,0.4374
2026-05-07 13:52:33,24353.15,24350.0,ATM,186.25,3342040.0,0.5173,168.25,3164915.0,0.4825
2026-05-07 13:52:33,24353.15,24400.0,+1.0,162.15,7645885.0,0.473,193.9,4149145.0,0.5278
2026-05-07 13:52:33,24353.15,24450.0,+2.0,139.9,2974725.0,0.429,221.5,1162525.0,0.5727
2026-05-07 13:52:33,24353.15,24500.0,+3.0,119.85,8440965.0,0.3861,251.7,2321020.0,0.6165
2026-05-07 13:53:35,24359.6,24200.0,-3.0,276.1,2978625.0,0.6531,105.45,5355025.0,0.348
2026-05-07 13:53:35,24359.6,24250.0,-2.0,244.05,1038115.0,0.6109,124.4,2068040.0,0.39
2026-05-07 13:53:35,24359.6,24300.0,-1.0,215.0,5103930.0,0.5668,144.8,5958355.0,0.4335
2026-05-07 13:53:35,24359.6,24350.0,ATM,188.7,3416075.0,0.5222,168.05,3159195.0,0.4779
2026-05-07 13:53:35,24359.6,24400.0,+1.0,163.8,7742995.0,0.4775,193.05,4193215.0,0.5224
2026-05-07 13:53:35,24359.6,24450.0,+2.0,141.3,2994810.0,0.4331,221.05,1153880.0,0.5665
2026-05-07 13:53:35,24359.6,24500.0,+3.0,120.85,8539635.0,0.3896,250.1,2318095.0,0.61
2026-05-07 13:54:36,24363.0,24200.0,-3.0,278.6,2978625.0,0.6549,105.45,5355025.0,0.3453
2026-05-07 13:54:36,24363.0,24250.0,-2.0,247.9,1038115.0,0.6123,123.85,2068040.0,0.3871
2026-05-07 13:54:36,24363.0,24300.0,-1.0,218.4,5103930.0,0.5691,144.4,5958355.0,0.4304
2026-05-07 13:54:36,24363.0,24350.0,ATM,191.0,3416075.0,0.5251,167.1,3159195.0,0.4748
2026-05-07 13:54:36,24363.0,24400.0,+1.0,166.4,7742995.0,0.4809,192.1,4193215.0,0.5193
2026-05-07 13:54:36,24363.0,24450.0,+2.0,144.0,2994810.0,0.4368,220.0,1153880.0,0.5638
2026-05-07 13:54:36,24363.0,24500.0,+3.0,123.5,8539635.0,0.3934,248.6,2318095.0,0.6074
2026-05-07 13:55:37,24371.35,24200.0,-3.0,286.6,2978625.0,0.6594,101.65,5355025.0,0.3379
2026-05-07 13:55:37,24371.35,24250.0,-2.0,254.1,1038115.0,0.6183,119.7,2068040.0,0.3795
2026-05-07 13:55:37,24371.35,24300.0,-1.0,224.8,5103930.0,0.5759,139.65,5958355.0,0.4229
2026-05-07 13:55:37,24371.35,24350.0,ATM,197.4,3416075.0,0.5323,161.85,3159195.0,0.4671
2026-05-07 13:55:37,24371.35,24400.0,+1.0,172.0,7742995.0,0.4883,186.4,4193215.0,0.512
2026-05-07 13:55:37,24371.35,24450.0,+2.0,148.25,2994810.0,0.4445,213.15,1153880.0,0.5569
2026-05-07 13:55:37,24371.35,24500.0,+3.0,127.9,8539635.0,0.4011,242.45,2318095.0,0.6009
2026-05-07 13:56:37,24358.5,24200.0,-3.0,275.15,2971605.0,0.6512,106.45,5376605.0,0.3488
2026-05-07 13:56:37,24358.5,24250.0,-2.0,243.6,1051895.0,0.6086,124.95,2052375.0,0.3909
2026-05-07 13:56:37,24358.5,24300.0,-1.0,214.65,5190445.0,0.5654,145.8,5931315.0,0.4345
2026-05-07 13:56:37,24358.5,24350.0,ATM,188.4,3502850.0,0.5209,169.0,3099265.0,0.479
2026-05-07 13:56:37,24358.5,24400.0,+1.0,163.95,7833345.0,0.4765,194.1,4289220.0,0.5237
2026-05-07 13:56:37,24358.5,24450.0,+2.0,141.25,2978300.0,0.4325,222.4,1130350.0,0.5679
2026-05-07 13:56:37,24358.5,24500.0,+3.0,121.15,8635575.0,0.3892,251.75,2354105.0,0.6112
2026-05-07 13:57:38,24361.7,24200.0,-3.0,279.5,2971605.0,0.6549,103.2,5376605.0,0.3428
2026-05-07 13:57:38,24361.7,24250.0,-2.0,247.95,1051895.0,0.6133,121.55,2052375.0,0.385
2026-05-07 13:57:38,24361.7,24300.0,-1.0,218.75,5190445.0,0.5704,142.0,5931315.0,0.4288
2026-05-07 13:57:38,24361.7,24350.0,ATM,191.95,3502850.0,0.5264,164.6,3099265.0,0.4733
2026-05-07 13:57:38,24361.7,24400.0,+1.0,167.4,7833345.0,0.482,190.2,4289220.0,0.5184
2026-05-07 13:57:38,24361.7,24450.0,+2.0,144.6,2978300.0,0.438,217.05,1130350.0,0.5632
2026-05-07 13:57:38,24361.7,24500.0,+3.0,124.15,8635575.0,0.3948,247.15,2354105.0,0.607
2026-05-07 13:58:39,24361.3,24200.0,-3.0,279.35,2971605.0,0.6529,103.6,5376605.0,0.3445
2026-05-07 13:58:39,24361.3,24250.0,-2.0,248.0,1051895.0,0.6115,121.95,2052375.0,0.3869
2026-05-07 13:58:39,24361.3,24300.0,-1.0,218.0,5190445.0,0.5683,142.5,5931315.0,0.4307
2026-05-07 13:58:39,24361.3,24350.0,ATM,191.85,3502850.0,0.5242,165.5,3099265.0,0.4755
2026-05-07 13:58:39,24361.3,24400.0,+1.0,166.6,7833345.0,0.48,190.3,4289220.0,0.5206
2026-05-07 13:58:39,24361.3,24450.0,+2.0,143.75,2978300.0,0.4358,217.95,1130350.0,0.5652
2026-05-07 13:58:39,24361.3,24500.0,+3.0,123.5,8635575.0,0.3928,247.15,2354105.0,0.6093
2026-05-07 13:59:40,24366.0,24200.0,-3.0,281.25,2958605.0,0.6584,102.6,5374070.0,0.3418
2026-05-07 13:59:40,24366.0,24250.0,-2.0,249.6,1048710.0,0.6161,120.8,2061670.0,0.3836
2026-05-07 13:59:40,24366.0,24300.0,-1.0,220.35,5163275.0,0.5729,141.15,5972655.0,0.427
2026-05-07 13:59:40,24366.0,24350.0,ATM,193.45,3567590.0,0.5285,164.0,3139240.0,0.4714
2026-05-07 13:59:40,24366.0,24400.0,+1.0,168.5,7791420.0,0.4841,189.0,4218370.0,0.516
2026-05-07 13:59:40,24366.0,24450.0,+2.0,145.7,2987205.0,0.4398,215.65,1136005.0,0.5605
2026-05-07 13:59:40,24366.0,24500.0,+3.0,124.8,8592220.0,0.3962,245.8,2331290.0,0.604
2026-05-07 14:00:41,24367.5,24200.0,-3.0,283.4,2958605.0,0.6565,101.95,5374070.0,0.3408
2026-05-07 14:00:41,24367.5,24250.0,-2.0,251.0,1048710.0,0.6156,119.8,2061670.0,0.3829
2026-05-07 14:00:41,24367.5,24300.0,-1.0,221.95,5163275.0,0.5724,139.95,5972655.0,0.4265
2026-05-07 14:00:41,24367.5,24350.0,ATM,194.0,3567590.0,0.5284,162.6,3139240.0,0.4712
2026-05-07 14:00:41,24367.5,24400.0,+1.0,169.45,7791420.0,0.4841,187.55,4218370.0,0.5162
2026-05-07 14:00:41,24367.5,24450.0,+2.0,145.7,2987205.0,0.44,214.3,1136005.0,0.5611
2026-05-07 14:00:41,24367.5,24500.0,+3.0,124.95,8592220.0,0.3967,243.65,2331290.0,0.6055
2026-05-07 14:01:42,24371.7,24200.0,-3.0,285.95,2958605.0,0.6645,100.75,5374070.0,0.3363
2026-05-07 14:01:42,24371.7,24250.0,-2.0,253.3,1048710.0,0.6221,118.55,2061670.0,0.378
2026-05-07 14:01:42,24371.7,24300.0,-1.0,223.7,5163275.0,0.579,138.6,5972655.0,0.4211
2026-05-07 14:01:42,24371.7,24350.0,ATM,196.3,3567590.0,0.5347,160.9,3139240.0,0.4652
2026-05-07 14:01:42,24371.7,24400.0,+1.0,171.6,7791420.0,0.4901,185.85,4218370.0,0.5099
2026-05-07 14:01:42,24371.7,24450.0,+2.0,148.15,2987205.0,0.4456,212.65,1136005.0,0.5544
2026-05-07 14:01:42,24371.7,24500.0,+3.0,127.1,8592220.0,0.4021,241.95,2331290.0,0.5982
2026-05-07 14:02:43,24373.45,24200.0,-3.0,286.25,2960685.0,0.6634,99.85,5376345.0,0.3352
2026-05-07 14:02:43,24373.45,24250.0,-2.0,254.6,1049685.0,0.6224,118.05,2053610.0,0.377
2026-05-07 14:02:43,24373.45,24300.0,-1.0,224.85,5171205.0,0.5792,137.95,5936385.0,0.4203
2026-05-07 14:02:43,24373.45,24350.0,ATM,196.85,3611335.0,0.5349,160.25,3175770.0,0.4647
2026-05-07 14:02:43,24373.45,24400.0,+1.0,171.7,7856095.0,0.4906,185.2,4183790.0,0.5097
2026-05-07 14:02:43,24373.45,24450.0,+2.0,148.6,3021070.0,0.4463,211.15,1139710.0,0.5543
2026-05-07 14:02:43,24373.45,24500.0,+3.0,127.3,8602230.0,0.4025,240.4,2320955.0,0.5983
2026-05-07 14:03:45,24347.4,24200.0,-3.0,271.05,2960685.0,0.6434,108.05,5376345.0,0.3566
2026-05-07 14:03:45,24347.4,24250.0,-2.0,239.35,1049685.0,0.6006,127.45,2053610.0,0.3991
2026-05-07 14:03:45,24347.4,24300.0,-1.0,211.4,5171205.0,0.5567,148.5,5936385.0,0.443
2026-05-07 14:03:45,24347.4,24350.0,ATM,184.6,3611335.0,0.5123,172.35,3175770.0,0.4877
2026-05-07 14:03:45,24347.4,24400.0,+1.0,160.4,7856095.0,0.4679,197.95,4183790.0,0.5323
2026-05-07 14:03:45,24347.4,24450.0,+2.0,138.35,3021070.0,0.4237,225.85,1139710.0,0.5766
2026-05-07 14:03:45,24347.4,24500.0,+3.0,118.4,8602230.0,0.3808,255.85,2320955.0,0.6199
2026-05-07 14:04:47,24358.5,24200.0,-3.0,278.3,2960685.0,0.6535,103.15,5376345.0,0.3452
2026-05-07 14:04:47,24358.5,24250.0,-2.0,247.4,1049685.0,0.6117,121.6,2053610.0,0.3877
2026-05-07 14:04:47,24358.5,24300.0,-1.0,217.55,5171205.0,0.5678,142.3,5936385.0,0.4314
2026-05-07 14:04:47,24358.5,24350.0,ATM,191.15,3611335.0,0.5235,165.2,3175770.0,0.4762
2026-05-07 14:04:47,24358.5,24400.0,+1.0,165.8,7856095.0,0.4791,190.4,4183790.0,0.5213
2026-05-07 14:04:47,24358.5,24450.0,+2.0,142.85,3021070.0,0.4352,217.7,1139710.0,0.5663
2026-05-07 14:04:47,24358.5,24500.0,+3.0,122.3,8602230.0,0.3919,247.55,2320955.0,0.6102
2026-05-07 14:05:48,24352.2,24200.0,-3.0,274.3,2946970.0,0.6448,105.9,5374460.0,0.3519
2026-05-07 14:05:48,24352.2,24250.0,-2.0,243.2,1035450.0,0.6028,124.6,2055495.0,0.3948
2026-05-07 14:05:48,24352.2,24300.0,-1.0,213.95,4975880.0,0.5598,145.85,5967065.0,0.4388
2026-05-07 14:05:48,24352.2,24350.0,ATM,187.45,3418480.0,0.5158,168.8,3330600.0,0.4839
2026-05-07 14:05:48,24352.2,24400.0,+1.0,162.45,7670520.0,0.4718,194.6,4162990.0,0.5292
2026-05-07 14:05:48,24352.2,24450.0,+2.0,140.4,2958735.0,0.428,221.7,1124045.0,0.5743
2026-05-07 14:05:48,24352.2,24500.0,+3.0,120.05,8502715.0,0.385,252.3,2282215.0,0.6182
2026-05-07 14:06:50,24356.05,24200.0,-3.0,275.7,2946970.0,0.6507,105.35,5374460.0,0.3482
2026-05-07 14:06:50,24356.05,24250.0,-2.0,244.4,1035450.0,0.6081,123.55,2055495.0,0.391
2026-05-07 14:06:50,24356.05,24300.0,-1.0,215.25,4975880.0,0.5647,144.3,5967065.0,0.4347
2026-05-07 14:06:50,24356.05,24350.0,ATM,187.9,3418480.0,0.5204,167.5,3330600.0,0.4795
2026-05-07 14:06:50,24356.05,24400.0,+1.0,163.65,7670520.0,0.4758,192.75,4162990.0,0.5244
2026-05-07 14:06:50,24356.05,24450.0,+2.0,140.7,2958735.0,0.4316,220.15,1124045.0,0.5691
2026-05-07 14:06:50,24356.05,24500.0,+3.0,120.45,8502715.0,0.3881,250.45,2282215.0,0.6127
2026-05-07 14:07:53,24362.5,24200.0,-3.0,279.95,2946970.0,0.6524,101.95,5374460.0,0.3435
2026-05-07 14:07:53,24362.5,24250.0,-2.0,248.0,1035450.0,0.61,120.5,2055495.0,0.3868
2026-05-07 14:07:53,24362.5,24300.0,-1.0,218.55,4975880.0,0.5679,140.35,5967065.0,0.4303
2026-05-07 14:07:53,24362.5,24350.0,ATM,191.85,3418480.0,0.5239,163.3,3330600.0,0.4756
2026-05-07 14:07:53,24362.5,24400.0,+1.0,166.5,7670520.0,0.4796,188.2,4162990.0,0.5212
2026-05-07 14:07:53,24362.5,24450.0,+2.0,143.55,2958735.0,0.4349,215.4,1124045.0,0.5674
2026-05-07 14:07:53,24362.5,24500.0,+3.0,123.4,8502715.0,0.3923,244.7,2282215.0,0.6109
2026-05-07 14:08:54,24371.75,24200.0,-3.0,281.75,2944760.0,0.6603,100.4,5392010.0,0.3397
2026-05-07 14:08:54,24371.75,24250.0,-2.0,250.1,1038960.0,0.6179,118.85,2042885.0,0.3817
2026-05-07 14:08:54,24371.75,24300.0,-1.0,220.4,5033015.0,0.5742,138.65,5971940.0,0.4255
2026-05-07 14:08:54,24371.75,24350.0,ATM,193.9,3538145.0,0.5295,160.75,3281265.0,0.4703
2026-05-07 14:08:54,24371.75,24400.0,+1.0,168.0,7720570.0,0.4847,185.8,4086095.0,0.5154
2026-05-07 14:08:54,24371.75,24450.0,+2.0,145.85,2984605.0,0.4401,211.65,1105780.0,0.5603
2026-05-07 14:08:54,24371.75,24500.0,+3.0,124.95,8542560.0,0.3961,241.0,2307500.0,0.6047
2026-05-07 14:09:54,24371.65,24200.0,-3.0,282.0,2944760.0,0.6623,100.7,5392010.0,0.3413
2026-05-07 14:09:54,24371.65,24250.0,-2.0,250.15,1038960.0,0.62,119.05,2042885.0,0.3795
2026-05-07 14:09:54,24371.65,24300.0,-1.0,220.45,5033015.0,0.5715,139.2,5971940.0,0.4274
2026-05-07 14:09:54,24371.65,24350.0,ATM,192.9,3538145.0,0.5321,161.65,3281265.0,0.4678
2026-05-07 14:09:54,24371.65,24400.0,+1.0,167.5,7720570.0,0.4873,186.5,4086095.0,0.5128
2026-05-07 14:09:54,24371.65,24450.0,+2.0,144.6,2984605.0,0.4426,213.05,1105780.0,0.5579
2026-05-07 14:09:54,24371.65,24500.0,+3.0,123.8,8542560.0,0.3985,242.15,2307500.0,0.602
2026-05-07 14:10:55,24372.45,24200.0,-3.0,282.6,2944760.0,0.6644,100.05,5392010.0,0.3356
2026-05-07 14:10:55,24372.45,24250.0,-2.0,251.9,1038960.0,0.6227,118.0,2042885.0,0.3776
2026-05-07 14:10:55,24372.45,24300.0,-1.0,221.95,5033015.0,0.579,137.75,5971940.0,0.421
2026-05-07 14:10:55,24372.45,24350.0,ATM,194.5,3538145.0,0.5343,159.8,3281265.0,0.4656
2026-05-07 14:10:55,24372.45,24400.0,+1.0,169.0,7720570.0,0.4893,184.65,4086095.0,0.5107
2026-05-07 14:10:55,24372.45,24450.0,+2.0,145.8,2984605.0,0.4446,212.25,1105780.0,0.5557
2026-05-07 14:10:55,24372.45,24500.0,+3.0,124.85,8542560.0,0.4004,240.15,2307500.0,0.5999
2026-05-07 14:11:56,24368.7,24200.0,-3.0,282.75,2946775.0,0.6624,99.6,5353920.0,0.3358
2026-05-07 14:11:56,24368.7,24250.0,-2.0,250.75,1053455.0,0.6198,117.35,2019940.0,0.3782
2026-05-07 14:11:56,24368.7,24300.0,-1.0,221.55,5121805.0,0.5773,137.1,5986630.0,0.4219
2026-05-07 14:11:56,24368.7,24350.0,ATM,193.35,3580330.0,0.5329,159.7,3255525.0,0.4668
2026-05-07 14:11:56,24368.7,24400.0,+1.0,168.25,7819890.0,0.4881,184.4,4105920.0,0.5122
2026-05-07 14:11:56,24368.7,24450.0,+2.0,145.25,2988830.0,0.4434,210.75,1095900.0,0.5575
2026-05-07 14:11:56,24368.7,24500.0,+3.0,124.1,8605155.0,0.3995,240.3,2325310.0,0.6022
2026-05-07 14:12:57,24364.45,24200.0,-3.0,281.0,2946775.0,0.6563,100.15,5353920.0,0.3402
2026-05-07 14:12:57,24364.45,24250.0,-2.0,248.05,1053455.0,0.6145,118.1,2019940.0,0.3831
2026-05-07 14:12:57,24364.45,24300.0,-1.0,219.6,5121805.0,0.5712,138.15,5986630.0,0.4273
2026-05-07 14:12:57,24364.45,24350.0,ATM,191.0,3580330.0,0.5269,161.95,3255525.0,0.4726
2026-05-07 14:12:57,24364.45,24400.0,+1.0,167.3,7819890.0,0.4824,185.45,4105920.0,0.5183
2026-05-07 14:12:57,24364.45,24450.0,+2.0,144.25,2988830.0,0.438,213.9,1095900.0,0.5638
2026-05-07 14:12:57,24364.45,24500.0,+3.0,123.0,8605155.0,0.3942,242.9,2325310.0,0.6087
2026-05-07 14:13:58,24369.75,24200.0,-3.0,281.4,2946775.0,0.6605,99.9,5353920.0,0.3381
2026-05-07 14:13:58,24369.75,24250.0,-2.0,249.45,1053455.0,0.6175,117.7,2019940.0,0.3807
2026-05-07 14:13:58,24369.75,24300.0,-1.0,219.3,5121805.0,0.5744,138.05,5986630.0,0.4245
2026-05-07 14:13:58,24369.75,24350.0,ATM,192.5,3580330.0,0.5299,160.55,3255525.0,0.4697
2026-05-07 14:13:58,24369.75,24400.0,+1.0,167.0,7819890.0,0.4851,184.95,4105920.0,0.5153
2026-05-07 14:13:58,24369.75,24450.0,+2.0,143.95,2988830.0,0.4405,212.4,1095900.0,0.5605
2026-05-07 14:13:58,24369.75,24500.0,+3.0,123.55,8605155.0,0.3967,241.95,2325310.0,0.6051
2026-05-07 14:15:00,24362.1,24200.0,-3.0,275.7,2939495.0,0.661,102.6,5363800.0,0.342
2026-05-07 14:15:00,24362.1,24250.0,-2.0,244.0,1053325.0,0.6174,120.85,2018705.0,0.3848
2026-05-07 14:15:00,24362.1,24300.0,-1.0,214.95,5149560.0,0.5725,141.4,6008665.0,0.428
2026-05-07 14:15:00,24362.1,24350.0,ATM,187.7,3624465.0,0.5274,163.9,3242850.0,0.473
2026-05-07 14:15:00,24362.1,24400.0,+1.0,163.0,7864415.0,0.4818,189.6,4150445.0,0.5178
2026-05-07 14:15:00,24362.1,24450.0,+2.0,140.35,3004755.0,0.4369,216.65,1098695.0,0.5627
2026-05-07 14:15:00,24362.1,24500.0,+3.0,120.3,8641685.0,0.3927,246.8,2334930.0,0.6066
2026-05-07 14:16:01,24357.75,24200.0,-3.0,275.1,2939495.0,0.6586,103.7,5363800.0,0.3435
2026-05-07 14:16:01,24357.75,24250.0,-2.0,243.55,1053325.0,0.6151,122.05,2018705.0,0.3855
2026-05-07 14:16:01,24357.75,24300.0,-1.0,214.8,5149560.0,0.5708,142.1,6008665.0,0.4297
2026-05-07 14:16:01,24357.75,24350.0,ATM,187.25,3624465.0,0.5257,165.35,3242850.0,0.4744
2026-05-07 14:16:01,24357.75,24400.0,+1.0,162.6,7864415.0,0.4804,190.6,4150445.0,0.5194
2026-05-07 14:16:01,24357.75,24450.0,+2.0,140.15,3004755.0,0.4355,218.0,1098695.0,0.5641
2026-05-07 14:16:01,24357.75,24500.0,+3.0,119.8,8641685.0,0.3914,248.0,2334930.0,0.6079
2026-05-07 14:17:02,24351.9,24200.0,-3.0,271.25,2939495.0,0.6518,107.25,5363800.0,0.3491
2026-05-07 14:17:02,24351.9,24250.0,-2.0,239.7,1053325.0,0.609,125.9,2018705.0,0.3916
2026-05-07 14:17:02,24351.9,24300.0,-1.0,210.8,5149560.0,0.5611,146.85,6008665.0,0.4386
2026-05-07 14:17:02,24351.9,24350.0,ATM,184.6,3624465.0,0.5164,170.0,3242850.0,0.4836
2026-05-07 14:17:02,24351.9,24400.0,+1.0,160.0,7864415.0,0.4716,195.5,4150445.0,0.5287
2026-05-07 14:17:02,24351.9,24450.0,+2.0,137.45,3004755.0,0.4269,223.15,1098695.0,0.5733
2026-05-07 14:17:02,24351.9,24500.0,+3.0,117.5,8641685.0,0.3833,252.9,2334930.0,0.617
2026-05-07 14:18:04,24342.6,24200.0,-3.0,266.0,2937740.0,0.6435,110.85,5383040.0,0.3588
2026-05-07 14:18:04,24342.6,24250.0,-2.0,235.25,1042990.0,0.6001,130.2,2083900.0,0.4012
2026-05-07 14:18:04,24342.6,24300.0,-1.0,206.45,5085015.0,0.5558,151.35,6024850.0,0.4448
2026-05-07 14:18:04,24342.6,24350.0,ATM,180.55,3581760.0,0.5109,174.75,3317145.0,0.4891
2026-05-07 14:18:04,24342.6,24400.0,+1.0,156.75,7782710.0,0.4639,200.3,4144400.0,0.5362
2026-05-07 14:18:04,24342.6,24450.0,+2.0,134.5,2960620.0,0.4214,229.0,1104155.0,0.5774
2026-05-07 14:18:04,24342.6,24500.0,+3.0,115.0,8708050.0,0.3777,259.3,2336620.0,0.6202
2026-05-07 14:19:05,24345.55,24200.0,-3.0,266.85,2937740.0,0.648,109.85,5383040.0,0.3563
2026-05-07 14:19:05,24345.55,24250.0,-2.0,235.95,1042990.0,0.5992,129.95,2083900.0,0.4012
2026-05-07 14:19:05,24345.55,24300.0,-1.0,206.8,5085015.0,0.5552,150.25,6024850.0,0.4411
2026-05-07 14:19:05,24345.55,24350.0,ATM,181.2,3581760.0,0.5105,173.9,3317145.0,0.4895
2026-05-07 14:19:05,24345.55,24400.0,+1.0,156.9,7782710.0,0.4657,199.4,4144400.0,0.5343
2026-05-07 14:19:05,24345.55,24450.0,+2.0,134.55,2960620.0,0.4212,227.95,1104155.0,0.5786
2026-05-07 14:19:05,24345.55,24500.0,+3.0,114.7,8708050.0,0.3777,258.3,2336620.0,0.6224
2026-05-07 14:20:08,24345.05,24200.0,-3.0,269.6,2937740.0,0.6413,110.55,5383040.0,0.3587
2026-05-07 14:20:08,24345.05,24250.0,-2.0,238.15,1042990.0,0.5992,129.55,2083900.0,0.4009
2026-05-07 14:20:08,24345.05,24300.0,-1.0,210.2,5085015.0,0.5554,150.55,6024850.0,0.4445
2026-05-07 14:20:08,24345.05,24350.0,ATM,184.0,3581760.0,0.5111,173.75,3317145.0,0.4889
2026-05-07 14:20:08,24345.05,24400.0,+1.0,159.35,7782710.0,0.4667,199.7,4144400.0,0.5334
2026-05-07 14:20:08,24345.05,24450.0,+2.0,137.2,2960620.0,0.4228,228.15,1104155.0,0.5775
2026-05-07 14:20:08,24345.05,24500.0,+3.0,117.45,8708050.0,0.3798,258.0,2336620.0,0.6205
2026-05-07 14:21:10,24336.85,24200.0,-3.0,267.75,2941185.0,0.6321,110.6,5382130.0,0.3639
2026-05-07 14:21:10,24336.85,24250.0,-2.0,236.0,1052025.0,0.5911,130.0,2082210.0,0.4077
2026-05-07 14:21:10,24336.85,24300.0,-1.0,208.55,5170100.0,0.547,151.3,6042725.0,0.4517
2026-05-07 14:21:10,24336.85,24350.0,ATM,182.25,3663400.0,0.5032,175.25,3361475.0,0.4969
2026-05-07 14:21:10,24336.85,24400.0,+1.0,157.15,7887230.0,0.4592,202.2,4128865.0,0.5418
2026-05-07 14:21:10,24336.85,24450.0,+2.0,135.0,2992860.0,0.4156,230.55,1097395.0,0.5863
2026-05-07 14:21:10,24336.85,24500.0,+3.0,115.75,8750820.0,0.3731,260.25,2354755.0,0.6298
2026-05-07 14:22:11,24356.05,24200.0,-3.0,272.55,2941185.0,0.6487,105.4,5382130.0,0.3513
2026-05-07 14:22:11,24356.05,24250.0,-2.0,241.35,1052025.0,0.606,123.8,2082210.0,0.3941
2026-05-07 14:22:11,24356.05,24300.0,-1.0,212.3,5170100.0,0.5619,144.75,6042725.0,0.4381
2026-05-07 14:22:11,24356.05,24350.0,ATM,185.2,3663400.0,0.5171,167.9,3361475.0,0.4829
2026-05-07 14:22:11,24356.05,24400.0,+1.0,160.65,7887230.0,0.4721,193.5,4128865.0,0.528
2026-05-07 14:22:11,24356.05,24450.0,+2.0,138.15,2992860.0,0.4276,221.2,1097395.0,0.5725
2026-05-07 14:22:11,24356.05,24500.0,+3.0,118.2,8750820.0,0.3841,250.25,2354755.0,0.6163
2026-05-07 14:23:12,24354.6,24200.0,-3.0,273.35,2941185.0,0.6509,104.0,5382130.0,0.3499
2026-05-07 14:23:12,24354.6,24250.0,-2.0,240.5,1052025.0,0.6071,122.45,2082210.0,0.3924
2026-05-07 14:23:12,24354.6,24300.0,-1.0,213.0,5170100.0,0.563,142.9,6042725.0,0.4369
2026-05-07 14:23:12,24354.6,24350.0,ATM,186.0,3663400.0,0.5182,165.6,3361475.0,0.4817
2026-05-07 14:23:12,24354.6,24400.0,+1.0,161.1,7887230.0,0.4732,190.9,4128865.0,0.527
2026-05-07 14:23:12,24354.6,24450.0,+2.0,138.6,2992860.0,0.4285,218.3,1097395.0,0.5718
2026-05-07 14:23:12,24354.6,24500.0,+3.0,118.4,8750820.0,0.3848,248.4,2354755.0,0.6156
2026-05-07 14:24:13,24361.95,24200.0,-3.0,276.9,2934230.0,0.6532,100.8,5377515.0,0.3448
2026-05-07 14:24:13,24361.95,24250.0,-2.0,245.45,1049685.0,0.6106,119.0,2075190.0,0.3877
2026-05-07 14:24:13,24361.95,24300.0,-1.0,216.5,5222880.0,0.5668,138.9,6063915.0,0.4321
2026-05-07 14:24:13,24361.95,24350.0,ATM,189.2,3703115.0,0.5221,161.8,3255005.0,0.4776
2026-05-07 14:24:13,24361.95,24400.0,+1.0,164.05,7852195.0,0.4771,187.1,4105465.0,0.5234
2026-05-07 14:24:13,24361.95,24450.0,+2.0,141.3,2991300.0,0.4324,214.6,1088945.0,0.5688
2026-05-07 14:24:13,24361.95,24500.0,+3.0,120.95,8697260.0,0.3887,243.75,2327650.0,0.6139
2026-05-07 14:25:14,24364.55,24200.0,-3.0,280.7,2934230.0,0.6562,99.6,5377515.0,0.3384
2026-05-07 14:25:14,24364.55,24250.0,-2.0,249.25,1049685.0,0.6143,116.9,2075190.0,0.3812
2026-05-07 14:25:14,24364.55,24300.0,-1.0,219.1,5222880.0,0.5717,137.15,6063915.0,0.4257
2026-05-07 14:25:14,24364.55,24350.0,ATM,192.2,3703115.0,0.5277,160.0,3255005.0,0.4714
2026-05-07 14:25:14,24364.55,24400.0,+1.0,166.9,7852195.0,0.4833,184.7,4105465.0,0.5177
2026-05-07 14:25:14,24364.55,24450.0,+2.0,144.0,2991300.0,0.4389,211.25,1088945.0,0.564
2026-05-07 14:25:14,24364.55,24500.0,+3.0,123.1,8697260.0,0.3953,239.95,2327650.0,0.6096
2026-05-07 14:26:16,24373.3,24200.0,-3.0,283.4,2934230.0,0.6667,98.6,5377515.0,0.3325
2026-05-07 14:26:16,24373.3,24250.0,-2.0,252.55,1049685.0,0.6306,116.0,2075190.0,0.3711
2026-05-07 14:26:16,24373.3,24300.0,-1.0,221.6,5222880.0,0.5812,136.0,6063915.0,0.4183
2026-05-07 14:26:16,24373.3,24350.0,ATM,194.75,3703115.0,0.5412,157.55,3255005.0,0.4589
2026-05-07 14:26:16,24373.3,24400.0,+1.0,168.85,7852195.0,0.4915,183.2,4105465.0,0.5085
2026-05-07 14:26:16,24373.3,24450.0,+2.0,146.0,2991300.0,0.4506,209.35,1088945.0,0.5488
2026-05-07 14:26:16,24373.3,24500.0,+3.0,125.0,8697260.0,0.4059,238.15,2327650.0,0.5934
2026-05-07 14:27:18,24368.35,24200.0,-3.0,283.75,2914145.0,0.6558,98.4,5341570.0,0.3386
2026-05-07 14:27:18,24368.35,24250.0,-2.0,252.05,1061970.0,0.6146,115.9,2040285.0,0.3817
2026-05-07 14:27:18,24368.35,24300.0,-1.0,221.7,5280990.0,0.5717,136.1,5963360.0,0.426
2026-05-07 14:27:18,24368.35,24350.0,ATM,194.25,3637725.0,0.5276,158.2,3167385.0,0.4716
2026-05-07 14:27:18,24368.35,24400.0,+1.0,169.35,7881640.0,0.4832,182.95,4148040.0,0.5177
2026-05-07 14:27:18,24368.35,24450.0,+2.0,144.45,2999035.0,0.4387,211.2,1065805.0,0.5637
2026-05-07 14:27:18,24368.35,24500.0,+3.0,123.8,8653905.0,0.3952,240.55,2352610.0,0.6092
2026-05-07 14:28:19,24378.85,24250.0,-3.0,252.8,1061970.0,0.6296,114.9,2040285.0,0.372
2026-05-07 14:28:19,24378.85,24300.0,-2.0,223.65,5280990.0,0.5856,134.6,5963360.0,0.4154
2026-05-07 14:28:19,24378.85,24350.0,-1.0,195.5,3637725.0,0.5402,156.5,3167385.0,0.4601
2026-05-07 14:28:19,24378.85,24400.0,ATM,170.45,7881640.0,0.4947,181.15,4148040.0,0.5053
2026-05-07 14:28:19,24378.85,24450.0,+1.0,146.55,2999035.0,0.4492,207.7,1065805.0,0.5501
2026-05-07 14:28:19,24378.85,24500.0,+2.0,125.65,8653905.0,0.4048,237.5,2352610.0,0.5941
2026-05-07 14:28:19,24378.85,24550.0,+3.0,106.9,1860235.0,0.3615,269.1,348270.0,0.6366
2026-05-07 14:29:20,24376.1,24250.0,-3.0,252.55,1061970.0,0.6304,115.35,2040285.0,0.3719
2026-05-07 14:29:20,24376.1,24300.0,-2.0,220.45,5280990.0,0.5857,136.25,5963360.0,0.415
2026-05-07 14:29:20,24376.1,24350.0,-1.0,195.0,3637725.0,0.5406,157.25,3167385.0,0.4598
2026-05-07 14:29:20,24376.1,24400.0,ATM,169.4,7881640.0,0.4951,182.6,4148040.0,0.5048
2026-05-07 14:29:20,24376.1,24450.0,+1.0,145.15,2999035.0,0.4494,209.5,1065805.0,0.5494
2026-05-07 14:29:20,24376.1,24500.0,+2.0,124.6,8653905.0,0.4045,237.6,2352610.0,0.5936
2026-05-07 14:29:20,24376.1,24550.0,+3.0,106.0,1860235.0,0.3614,269.3,348270.0,0.636
2026-05-07 14:30:20,24378.95,24250.0,-3.0,253.25,1067300.0,0.6286,115.2,2056925.0,0.3717
2026-05-07 14:30:20,24378.95,24300.0,-2.0,223.75,5358990.0,0.5846,134.3,5975775.0,0.4152
2026-05-07 14:30:20,24378.95,24350.0,-1.0,195.9,3677050.0,0.5401,156.6,3239535.0,0.4599
2026-05-07 14:30:20,24378.95,24400.0,ATM,170.25,7987785.0,0.4948,180.7,4268290.0,0.5052
2026-05-07 14:30:20,24378.95,24450.0,+1.0,145.9,2967380.0,0.4495,207.9,1072370.0,0.5506
2026-05-07 14:30:20,24378.95,24500.0,+2.0,125.05,8635835.0,0.4047,236.25,2376335.0,0.595
2026-05-07 14:30:20,24378.95,24550.0,+3.0,106.35,1872975.0,0.3615,267.65,369980.0,0.6383
2026-05-07 14:31:22,24366.2,24200.0,-3.0,279.85,2910310.0,0.6636,100.45,5368025.0,0.3357
2026-05-07 14:31:22,24366.2,24250.0,-2.0,247.7,1067300.0,0.6215,118.4,2056925.0,0.3778
2026-05-07 14:31:22,24366.2,24300.0,-1.0,218.8,5358990.0,0.578,138.2,5975775.0,0.4216
2026-05-07 14:31:22,24366.2,24350.0,ATM,191.25,3677050.0,0.5333,160.75,3239535.0,0.4665
2026-05-07 14:31:22,24366.2,24400.0,+1.0,166.05,7987785.0,0.4883,185.95,4268290.0,0.5118
2026-05-07 14:31:22,24366.2,24450.0,+2.0,143.55,2967380.0,0.4436,212.1,1072370.0,0.5573
2026-05-07 14:31:22,24366.2,24500.0,+3.0,122.55,8635835.0,0.3995,241.8,2376335.0,0.6022
2026-05-07 14:32:25,24367.8,24200.0,-3.0,283.05,2910310.0,0.659,98.55,5368025.0,0.3375
2026-05-07 14:32:25,24367.8,24250.0,-2.0,250.8,1067300.0,0.6173,116.5,2056925.0,0.3802
2026-05-07 14:32:25,24367.8,24300.0,-1.0,220.85,5358990.0,0.574,136.0,5975775.0,0.4244
2026-05-07 14:32:25,24367.8,24350.0,ATM,193.35,3677050.0,0.5294,158.0,3239535.0,0.4699
2026-05-07 14:32:25,24367.8,24400.0,+1.0,167.8,7987785.0,0.4847,182.55,4268290.0,0.5159
2026-05-07 14:32:25,24367.8,24450.0,+2.0,144.6,2967380.0,0.4401,209.65,1072370.0,0.562
2026-05-07 14:32:25,24367.8,24500.0,+3.0,123.75,8635835.0,0.396,238.45,2376335.0,0.607
2026-05-07 14:33:28,24368.15,24200.0,-3.0,282.8,2898610.0,0.6611,99.0,5401955.0,0.3357
2026-05-07 14:33:28,24368.15,24250.0,-2.0,250.05,1060800.0,0.6196,116.75,2023905.0,0.3785
2026-05-07 14:33:28,24368.15,24300.0,-1.0,220.45,5226780.0,0.5761,136.2,5977140.0,0.4225
2026-05-07 14:33:28,24368.15,24350.0,ATM,192.55,3568240.0,0.5316,159.2,3261245.0,0.4679
2026-05-07 14:33:28,24368.15,24400.0,+1.0,167.9,7894185.0,0.4867,183.5,4299490.0,0.5137
2026-05-07 14:33:28,24368.15,24450.0,+2.0,143.55,2957630.0,0.4419,210.7,1096745.0,0.5596
2026-05-07 14:33:28,24368.15,24500.0,+3.0,123.6,8454225.0,0.3977,238.25,2258685.0,0.6048
2026-05-07 14:34:28,24384.6,24250.0,-3.0,257.75,1060800.0,0.6331,112.65,2023905.0,0.3681
2026-05-07 14:34:28,24384.6,24300.0,-2.0,226.95,5226780.0,0.5892,132.05,5977140.0,0.4115
2026-05-07 14:34:28,24384.6,24350.0,-1.0,199.5,3568240.0,0.5442,153.8,3261245.0,0.456
2026-05-07 14:34:28,24384.6,24400.0,ATM,172.9,7894185.0,0.4989,178.25,4299490.0,0.5011
2026-05-07 14:34:28,24384.6,24450.0,+1.0,149.2,2957630.0,0.4536,204.6,1096745.0,0.5463
2026-05-07 14:34:28,24384.6,24500.0,+2.0,127.4,8454225.0,0.409,233.35,2258685.0,0.5915
2026-05-07 14:34:28,24384.6,24550.0,+3.0,108.25,1853605.0,0.3651,264.0,362895.0,0.6342
2026-05-07 14:35:29,24367.75,24200.0,-3.0,282.55,2898610.0,0.6585,98.95,5401955.0,0.3361
2026-05-07 14:35:29,24367.75,24250.0,-2.0,250.05,1060800.0,0.6172,117.05,2023905.0,0.379
2026-05-07 14:35:29,24367.75,24300.0,-1.0,220.4,5226780.0,0.574,136.4,5977140.0,0.4234
2026-05-07 14:35:29,24367.75,24350.0,ATM,192.5,3568240.0,0.5301,159.3,3261245.0,0.469
2026-05-07 14:35:29,24367.75,24400.0,+1.0,167.5,7894185.0,0.4856,184.1,4299490.0,0.5152
2026-05-07 14:35:29,24367.75,24450.0,+2.0,144.1,2957630.0,0.4412,211.2,1096745.0,0.5616
2026-05-07 14:35:29,24367.75,24500.0,+3.0,123.0,8454225.0,0.3971,239.55,2258685.0,0.6069
2026-05-07 14:36:31,24361.65,24200.0,-3.0,276.1,2864810.0,0.6541,102.15,5387395.0,0.3468
2026-05-07 14:36:31,24361.65,24250.0,-2.0,243.85,1037855.0,0.6106,120.3,1982695.0,0.3897
2026-05-07 14:36:31,24361.65,24300.0,-1.0,215.3,5184660.0,0.5663,140.7,5925660.0,0.4338
2026-05-07 14:36:31,24361.65,24350.0,ATM,187.8,3541980.0,0.5211,163.4,3286855.0,0.4789
2026-05-07 14:36:31,24361.65,24400.0,+1.0,163.2,7910500.0,0.4757,188.6,4349930.0,0.5242
2026-05-07 14:36:31,24361.65,24450.0,+2.0,140.0,2921555.0,0.4307,215.75,1089985.0,0.5694
2026-05-07 14:36:31,24361.65,24500.0,+3.0,120.0,8405800.0,0.3866,245.2,2232490.0,0.6137
2026-05-07 14:37:32,24363.0,24200.0,-3.0,276.65,2864810.0,0.6557,101.2,5387395.0,0.3429
2026-05-07 14:37:32,24363.0,24250.0,-2.0,244.4,1037855.0,0.6135,119.15,1982695.0,0.3859
2026-05-07 14:37:32,24363.0,24300.0,-1.0,215.85,5184660.0,0.5695,139.35,5925660.0,0.4298
2026-05-07 14:37:32,24363.0,24350.0,ATM,189.0,3541980.0,0.5247,162.3,3286855.0,0.4751
2026-05-07 14:37:32,24363.0,24400.0,+1.0,163.8,7910500.0,0.4796,187.2,4349930.0,0.5207
2026-05-07 14:37:32,24363.0,24450.0,+2.0,140.85,2921555.0,0.4347,214.65,1089985.0,0.5659
2026-05-07 14:37:32,24363.0,24500.0,+3.0,120.35,8405800.0,0.3905,243.3,2232490.0,0.6103
2026-05-07 14:38:32,24362.65,24200.0,-3.0,274.0,2864810.0,0.6595,102.75,5387395.0,0.3422
2026-05-07 14:38:32,24362.65,24250.0,-2.0,242.7,1037855.0,0.6161,121.05,1982695.0,0.3845
2026-05-07 14:38:32,24362.65,24300.0,-1.0,213.75,5184660.0,0.5719,141.7,5925660.0,0.4282
2026-05-07 14:38:32,24362.65,24350.0,ATM,186.85,3541980.0,0.5268,164.2,3286855.0,0.4732
2026-05-07 14:38:32,24362.65,24400.0,+1.0,161.75,7910500.0,0.4814,189.6,4349930.0,0.5184
2026-05-07 14:38:32,24362.65,24450.0,+2.0,139.45,2921555.0,0.4362,217.5,1089985.0,0.5633
2026-05-07 14:38:32,24362.65,24500.0,+3.0,119.1,8405800.0,0.3921,246.9,2232490.0,0.6076
2026-05-07 14:39:33,24359.7,24200.0,-3.0,272.3,2857530.0,0.6556,104.45,5379075.0,0.3466
2026-05-07 14:39:33,24359.7,24250.0,-2.0,241.7,1047020.0,0.6129,123.2,1999595.0,0.3889
2026-05-07 14:39:33,24359.7,24300.0,-1.0,212.65,5134675.0,0.5679,143.65,5926960.0,0.4327
2026-05-07 14:39:33,24359.7,24350.0,ATM,185.85,3494465.0,0.5228,166.7,3276780.0,0.4774
2026-05-07 14:39:33,24359.7,24400.0,+1.0,160.6,7759505.0,0.4774,191.95,4210765.0,0.5224
2026-05-07 14:39:33,24359.7,24450.0,+2.0,138.65,2912325.0,0.4322,219.1,1087450.0,0.567
2026-05-07 14:39:33,24359.7,24500.0,+3.0,118.3,8358740.0,0.3885,249.1,2229955.0,0.611
2026-05-07 14:40:34,24357.85,24200.0,-3.0,272.95,2857530.0,0.6484,104.9,5379075.0,0.3508
2026-05-07 14:40:34,24357.85,24250.0,-2.0,242.65,1047020.0,0.6058,123.1,1999595.0,0.3934
2026-05-07 14:40:34,24357.85,24300.0,-1.0,213.4,5134675.0,0.562,143.6,5926960.0,0.4376
2026-05-07 14:40:34,24357.85,24350.0,ATM,186.7,3494465.0,0.5173,166.85,3276780.0,0.4826
2026-05-07 14:40:34,24357.85,24400.0,+1.0,161.75,7759505.0,0.4724,192.05,4210765.0,0.5279
2026-05-07 14:40:34,24357.85,24450.0,+2.0,139.25,2912325.0,0.4278,219.75,1087450.0,0.5725
2026-05-07 14:40:34,24357.85,24500.0,+3.0,118.95,8358740.0,0.3842,248.95,2229955.0,0.6168
2026-05-07 14:41:34,24360.25,24200.0,-3.0,275.9,2857530.0,0.6532,103.05,5379075.0,0.3455
2026-05-07 14:41:34,24360.25,24250.0,-2.0,244.8,1047020.0,0.6103,121.55,1999595.0,0.388
2026-05-07 14:41:34,24360.25,24300.0,-1.0,215.25,5134675.0,0.5668,141.5,5926960.0,0.4321
2026-05-07 14:41:34,24360.25,24350.0,ATM,188.55,3494465.0,0.5224,164.4,3276780.0,0.4773
2026-05-07 14:41:34,24360.25,24400.0,+1.0,163.1,7759505.0,0.4776,189.4,4210765.0,0.5229
2026-05-07 14:41:34,24360.25,24450.0,+2.0,140.55,2912325.0,0.4331,216.9,1087450.0,0.5682
2026-05-07 14:41:34,24360.25,24500.0,+3.0,120.05,8374665.0,0.3895,246.25,2221895.0,0.6129
2026-05-07 14:42:36,24352.3,24200.0,-3.0,270.75,2841800.0,0.6523,107.2,5328700.0,0.3503
2026-05-07 14:42:36,24352.3,24250.0,-2.0,239.95,1046760.0,0.6088,126.2,1994915.0,0.3926
2026-05-07 14:42:36,24352.3,24300.0,-1.0,210.6,5100940.0,0.5644,147.05,5889585.0,0.4361
2026-05-07 14:42:36,24352.3,24350.0,ATM,184.15,3481985.0,0.5195,170.6,3225430.0,0.4806
2026-05-07 14:42:36,24352.3,24400.0,+1.0,159.65,7764315.0,0.4744,196.2,4137835.0,0.5253
2026-05-07 14:42:36,24352.3,24450.0,+2.0,137.4,2910050.0,0.4297,223.2,1071200.0,0.5695
2026-05-07 14:42:36,24352.3,24500.0,+3.0,117.6,8374665.0,0.3856,253.5,2221895.0,0.6131
2026-05-07 14:43:38,24353.4,24200.0,-3.0,272.35,2841800.0,0.647,107.35,5328700.0,0.3521
2026-05-07 14:43:38,24353.4,24250.0,-2.0,241.3,1046760.0,0.6044,126.15,1994915.0,0.3951
2026-05-07 14:43:38,24353.4,24300.0,-1.0,212.4,5100940.0,0.5607,146.5,5889585.0,0.4389
2026-05-07 14:43:38,24353.4,24350.0,ATM,185.35,3481985.0,0.5164,169.7,3225430.0,0.4836
2026-05-07 14:43:38,24353.4,24400.0,+1.0,160.8,7764315.0,0.4717,195.55,4137835.0,0.5285
2026-05-07 14:43:38,24353.4,24450.0,+2.0,138.75,2910050.0,0.4275,223.65,1071200.0,0.5732
2026-05-07 14:43:38,24353.4,24500.0,+3.0,118.85,8374665.0,0.3844,253.25,2221895.0,0.6174
2026-05-07 14:44:39,24338.75,24200.0,-3.0,263.55,2851160.0,0.6388,113.0,5274100.0,0.3628
2026-05-07 14:44:39,24338.75,24250.0,-2.0,232.4,1052545.0,0.5955,132.2,2006745.0,0.4054
2026-05-07 14:44:39,24338.75,24300.0,-1.0,204.7,5088850.0,0.5512,153.5,5931510.0,0.4492
2026-05-07 14:44:39,24338.75,24350.0,ATM,178.9,3524560.0,0.5065,177.75,3224390.0,0.4935
2026-05-07 14:44:39,24338.75,24400.0,+1.0,155.25,7866690.0,0.4618,204.05,4123990.0,0.5378
2026-05-07 14:44:39,24338.75,24450.0,+2.0,133.55,2957370.0,0.4178,232.85,1048775.0,0.5816
2026-05-07 14:44:39,24338.75,24500.0,+3.0,114.0,8415940.0,0.3748,264.0,2216825.0,0.6244
2026-05-07 14:45:40,24348.25,24200.0,-3.0,267.2,2851160.0,0.6408,107.6,5274100.0,0.3581
2026-05-07 14:45:40,24348.25,24250.0,-2.0,237.25,1052545.0,0.5981,126.8,2006745.0,0.4013
2026-05-07 14:45:40,24348.25,24300.0,-1.0,208.35,5088850.0,0.5542,147.7,5931510.0,0.4455
2026-05-07 14:45:40,24348.25,24350.0,ATM,181.7,3524560.0,0.5095,171.25,3224390.0,0.4905
2026-05-07 14:45:40,24348.25,24400.0,+1.0,157.7,7866690.0,0.4649,197.3,4123990.0,0.5356
2026-05-07 14:45:40,24348.25,24450.0,+2.0,136.0,2957370.0,0.4207,225.9,1048775.0,0.58
2026-05-07 14:45:40,24348.25,24500.0,+3.0,116.05,8415940.0,0.3776,255.55,2216825.0,0.6241
2026-05-07 14:46:41,24341.85,24200.0,-3.0,261.95,2851160.0,0.6361,109.35,5274100.0,0.3633
2026-05-07 14:46:41,24341.85,24250.0,-2.0,230.75,1052545.0,0.5928,128.8,2006745.0,0.4069
2026-05-07 14:46:41,24341.85,24300.0,-1.0,203.1,5088850.0,0.5482,150.25,5931510.0,0.4515
2026-05-07 14:46:41,24341.85,24350.0,ATM,177.55,3524560.0,0.5032,174.0,3224390.0,0.4969
2026-05-07 14:46:41,24341.85,24400.0,+1.0,153.45,7866690.0,0.4583,200.1,4123990.0,0.542
2026-05-07 14:46:41,24341.85,24450.0,+2.0,132.0,2957370.0,0.4139,229.25,1048775.0,0.5866
2026-05-07 14:46:41,24341.85,24500.0,+3.0,112.75,8415940.0,0.3721,259.7,2216825.0,0.6298
2026-05-07 14:47:42,24326.9,24200.0,-3.0,254.95,2822625.0,0.6261,112.4,5320250.0,0.3709
2026-05-07 14:47:42,24326.9,24250.0,-2.0,224.85,1068340.0,0.5826,132.3,1961570.0,0.4153
2026-05-07 14:47:42,24326.9,24300.0,-1.0,197.2,5016180.0,0.5384,154.0,5956795.0,0.4606
2026-05-07 14:47:42,24326.9,24350.0,ATM,171.4,3512080.0,0.4938,178.9,3306550.0,0.5066
2026-05-07 14:47:42,24326.9,24400.0,+1.0,148.4,7806240.0,0.4492,205.7,4185155.0,0.5525
2026-05-07 14:47:42,24326.9,24450.0,+2.0,127.55,2842190.0,0.4056,234.85,1038765.0,0.5979
2026-05-07 14:47:42,24326.9,24500.0,+3.0,108.55,8319480.0,0.3633,266.2,2166775.0,0.6418
2026-05-07 14:48:43,24331.85,24200.0,-3.0,258.1,2822625.0,0.6281,109.9,5320250.0,0.3677
2026-05-07 14:48:43,24331.85,24250.0,-2.0,227.35,1068340.0,0.5864,129.4,1961570.0,0.4123
2026-05-07 14:48:43,24331.85,24300.0,-1.0,198.85,5016180.0,0.5406,151.0,5956795.0,0.458
2026-05-07 14:48:43,24331.85,24350.0,ATM,173.6,3512080.0,0.496,175.25,3306550.0,0.5045
2026-05-07 14:48:43,24331.85,24400.0,+1.0,150.05,7806240.0,0.4514,202.15,4185155.0,0.5508
2026-05-07 14:48:43,24331.85,24450.0,+2.0,128.5,2842190.0,0.4073,230.1,1038765.0,0.5961
2026-05-07 14:48:43,24331.85,24500.0,+3.0,109.75,8319480.0,0.3646,260.7,2166775.0,0.6408
2026-05-07 14:49:44,24328.6,24200.0,-3.0,255.05,2822625.0,0.6259,110.85,5320250.0,0.3701
2026-05-07 14:49:44,24328.6,24250.0,-2.0,225.25,1068340.0,0.5828,130.7,1961570.0,0.4147
2026-05-07 14:49:44,24328.6,24300.0,-1.0,197.0,5016180.0,0.5385,152.5,5956795.0,0.4603
2026-05-07 14:49:44,24328.6,24350.0,ATM,171.25,3512080.0,0.4936,176.4,3306550.0,0.5069
2026-05-07 14:49:44,24328.6,24400.0,+1.0,148.2,7806240.0,0.4487,203.3,4185155.0,0.5532
2026-05-07 14:49:44,24328.6,24450.0,+2.0,126.85,2842190.0,0.4046,232.0,1038765.0,0.5988
2026-05-07 14:49:44,24328.6,24500.0,+3.0,107.75,8319480.0,0.3614,263.25,2166775.0,0.6436
2026-05-07 14:50:46,24340.95,24200.0,-3.0,262.75,2830100.0,0.6359,106.0,5321615.0,0.358
2026-05-07 14:50:46,24340.95,24250.0,-2.0,232.1,1089725.0,0.5936,125.5,1962025.0,0.4027
2026-05-07 14:50:46,24340.95,24300.0,-1.0,203.0,5134545.0,0.5497,146.6,5914870.0,0.4483
2026-05-07 14:50:46,24340.95,24350.0,ATM,176.85,3581045.0,0.5051,170.5,3242720.0,0.4949
2026-05-07 14:50:46,24340.95,24400.0,+1.0,152.85,7888725.0,0.4604,196.15,4160520.0,0.5418
2026-05-07 14:50:46,24340.95,24450.0,+2.0,131.35,2872480.0,0.4162,224.1,1023555.0,0.5878
2026-05-07 14:50:46,24340.95,24500.0,+3.0,111.75,8414575.0,0.3728,255.0,2152670.0,0.6336
2026-05-07 14:51:48,24343.25,24200.0,-3.0,263.95,2830100.0,0.64,105.5,5321615.0,0.3564
2026-05-07 14:51:48,24343.25,24250.0,-2.0,232.95,1089725.0,0.5969,124.35,1962025.0,0.4006
2026-05-07 14:51:48,24343.25,24300.0,-1.0,204.3,5134545.0,0.5529,145.4,5914870.0,0.4461
2026-05-07 14:51:48,24343.25,24350.0,ATM,177.95,3581045.0,0.5077,169.2,3242720.0,0.4922
2026-05-07 14:51:48,24343.25,24400.0,+1.0,154.05,7888725.0,0.4625,195.15,4160520.0,0.5385
2026-05-07 14:51:48,24343.25,24450.0,+2.0,132.3,2872480.0,0.4179,223.3,1023555.0,0.5842
2026-05-07 14:51:48,24343.25,24500.0,+3.0,112.9,8414575.0,0.3741,254.05,2152670.0,0.6291
2026-05-07 14:52:50,24345.45,24200.0,-3.0,263.6,2830100.0,0.6435,105.4,5321615.0,0.3558
2026-05-07 14:52:50,24345.45,24250.0,-2.0,233.05,1089725.0,0.6016,124.0,1962025.0,0.3982
2026-05-07 14:52:50,24345.45,24300.0,-1.0,204.4,5134545.0,0.5566,145.3,5914870.0,0.445
2026-05-07 14:52:50,24345.45,24350.0,ATM,178.2,3581045.0,0.5108,168.9,3242720.0,0.4892
2026-05-07 14:52:50,24345.45,24400.0,+1.0,153.95,7888725.0,0.4651,195.1,4160520.0,0.5351
2026-05-07 14:52:50,24345.45,24450.0,+2.0,132.15,2872480.0,0.42,222.75,1023555.0,0.5804
2026-05-07 14:52:50,24345.45,24500.0,+3.0,112.25,8414575.0,0.3758,253.4,2152670.0,0.6249
2026-05-07 14:53:51,24348.95,24200.0,-3.0,265.25,2844400.0,0.6456,104.25,5331040.0,0.3535
2026-05-07 14:53:51,24348.95,24250.0,-2.0,234.0,1090245.0,0.6019,123.0,1962805.0,0.3974
2026-05-07 14:53:51,24348.95,24300.0,-1.0,205.0,5248490.0,0.5568,144.35,5893485.0,0.4426
2026-05-07 14:53:51,24348.95,24350.0,ATM,178.7,3664570.0,0.5114,167.9,3184480.0,0.4886
2026-05-07 14:53:51,24348.95,24400.0,+1.0,154.75,8024510.0,0.4658,193.75,4192695.0,0.5346
2026-05-07 14:53:51,24348.95,24450.0,+2.0,132.8,2877485.0,0.4208,221.8,1004055.0,0.58
2026-05-07 14:53:51,24348.95,24500.0,+3.0,113.1,8530275.0,0.3767,252.15,2143895.0,0.6246
2026-05-07 14:54:51,24352.75,24200.0,-3.0,267.6,2844400.0,0.6483,103.05,5331040.0,0.3501
2026-05-07 14:54:51,24352.75,24250.0,-2.0,236.3,1090245.0,0.6049,121.85,1962805.0,0.3938
2026-05-07 14:54:51,24352.75,24300.0,-1.0,207.55,5248490.0,0.5606,142.65,5893485.0,0.4389
2026-05-07 14:54:51,24352.75,24350.0,ATM,181.4,3664570.0,0.5152,166.25,3184480.0,0.4847
2026-05-07 14:54:51,24352.75,24400.0,+1.0,157.3,8024510.0,0.4697,191.55,4192695.0,0.5308
2026-05-07 14:54:51,24352.75,24450.0,+2.0,134.85,2877485.0,0.4248,219.7,1004055.0,0.5764
2026-05-07 14:54:51,24352.75,24500.0,+3.0,115.2,8530275.0,0.3806,249.2,2143895.0,0.621
2026-05-07 14:55:52,24349.85,24200.0,-3.0,268.1,2844400.0,0.647,101.9,5331040.0,0.3491
2026-05-07 14:55:52,24349.85,24250.0,-2.0,237.0,1090245.0,0.604,120.55,1962805.0,0.3932
2026-05-07 14:55:52,24349.85,24300.0,-1.0,208.1,5248490.0,0.5599,140.95,5893485.0,0.4386
2026-05-07 14:55:52,24349.85,24350.0,ATM,181.55,3664570.0,0.5147,165.0,3184480.0,0.485
2026-05-07 14:55:52,24349.85,24400.0,+1.0,157.55,8024510.0,0.4695,190.3,4192695.0,0.5316
2026-05-07 14:55:52,24349.85,24450.0,+2.0,135.5,2877485.0,0.4247,218.0,1004055.0,0.5777
2026-05-07 14:55:52,24349.85,24500.0,+3.0,115.85,8530275.0,0.381,248.25,2143895.0,0.6227
2026-05-07 14:56:53,24359.85,24200.0,-3.0,271.9,2826915.0,0.6556,99.8,5323695.0,0.3429
2026-05-07 14:56:53,24359.85,24250.0,-2.0,240.85,1081275.0,0.6122,117.9,1951170.0,0.3865
2026-05-07 14:56:53,24359.85,24300.0,-1.0,211.2,5151055.0,0.5678,138.65,5832645.0,0.4314
2026-05-07 14:56:53,24359.85,24350.0,ATM,184.85,3632525.0,0.5223,161.6,3160820.0,0.4775
2026-05-07 14:56:53,24359.85,24400.0,+1.0,160.0,7974330.0,0.4767,187.1,4151745.0,0.5238
2026-05-07 14:56:53,24359.85,24450.0,+2.0,138.0,2856035.0,0.4315,215.1,1006200.0,0.5696
2026-05-07 14:56:53,24359.85,24500.0,+3.0,117.5,8512205.0,0.3873,244.35,2142790.0,0.6142
2026-05-07 14:57:55,24356.7,24200.0,-3.0,271.2,2826915.0,0.6527,99.0,5323695.0,0.343
2026-05-07 14:57:55,24356.7,24250.0,-2.0,239.95,1081275.0,0.6101,117.8,1951170.0,0.3869
2026-05-07 14:57:55,24356.7,24300.0,-1.0,210.9,5151055.0,0.5657,137.7,5832645.0,0.4326
2026-05-07 14:57:55,24356.7,24350.0,ATM,183.95,3632525.0,0.5205,161.05,3160820.0,0.4791
2026-05-07 14:57:55,24356.7,24400.0,+1.0,158.7,7974330.0,0.475,185.85,4151745.0,0.526
2026-05-07 14:57:55,24356.7,24450.0,+2.0,136.65,2856035.0,0.43,215.0,1006200.0,0.5725
2026-05-07 14:57:55,24356.7,24500.0,+3.0,116.85,8512205.0,0.386,244.7,2142790.0,0.618
2026-05-07 14:58:56,24354.8,24200.0,-3.0,267.5,2826915.0,0.6489,99.65,5323695.0,0.3466
2026-05-07 14:58:56,24354.8,24250.0,-2.0,236.25,1081275.0,0.6061,118.35,1951170.0,0.3909
2026-05-07 14:58:56,24354.8,24300.0,-1.0,207.05,5151055.0,0.5611,138.7,5832645.0,0.4371
2026-05-07 14:58:56,24354.8,24350.0,ATM,180.4,3632525.0,0.5157,162.25,3160820.0,0.484
2026-05-07 14:58:56,24354.8,24400.0,+1.0,156.15,7974330.0,0.47,187.95,4151745.0,0.5312
2026-05-07 14:58:56,24354.8,24450.0,+2.0,134.35,2856035.0,0.4249,216.1,1006200.0,0.5778
2026-05-07 14:58:56,24354.8,24500.0,+3.0,114.7,8512205.0,0.3808,246.1,2142790.0,0.6238
2026-05-07 14:59:57,24353.75,24200.0,-3.0,269.0,2813395.0,0.65,99.65,5305625.0,0.3467
2026-05-07 14:59:57,24353.75,24250.0,-2.0,237.75,1061970.0,0.6066,117.8,1985165.0,0.3909
2026-05-07 14:59:57,24353.75,24300.0,-1.0,208.85,5103735.0,0.5619,138.85,5826730.0,0.4368
2026-05-07 14:59:57,24353.75,24350.0,ATM,181.8,3641430.0,0.5163,161.9,3161925.0,0.4835
2026-05-07 14:59:57,24353.75,24400.0,+1.0,157.3,8018530.0,0.4707,187.45,4195230.0,0.5303
2026-05-07 14:59:57,24353.75,24450.0,+2.0,135.65,2854345.0,0.4255,215.0,1010100.0,0.5767
2026-05-07 14:59:57,24353.75,24500.0,+3.0,115.35,8527675.0,0.3814,245.3,2141880.0,0.6219
2026-05-07 15:00:59,24349.65,24200.0,-3.0,265.65,2813395.0,0.6504,100.1,5305625.0,0.3472
2026-05-07 15:00:59,24349.65,24250.0,-2.0,234.7,1061970.0,0.6058,118.6,1985165.0,0.3918
2026-05-07 15:00:59,24349.65,24300.0,-1.0,205.3,5103735.0,0.5611,139.8,5826730.0,0.4379
2026-05-07 15:00:59,24349.65,24350.0,ATM,179.05,3641430.0,0.5153,163.7,3161925.0,0.4846
2026-05-07 15:00:59,24349.65,24400.0,+1.0,154.8,8018530.0,0.4692,188.9,4195230.0,0.5315
2026-05-07 15:00:59,24349.65,24450.0,+2.0,133.15,2854345.0,0.424,216.75,1010100.0,0.5782
2026-05-07 15:00:59,24349.65,24500.0,+3.0,113.65,8527675.0,0.3799,247.25,2141880.0,0.6243
2026-05-07 15:02:02,24332.5,24200.0,-3.0,264.5,2813395.0,0.6368,99.4,5305625.0,0.3523
2026-05-07 15:02:02,24332.5,24250.0,-2.0,233.75,1061970.0,0.5945,118.35,1985165.0,0.3988
2026-05-07 15:02:02,24332.5,24300.0,-1.0,204.35,5103735.0,0.5505,139.2,5826730.0,0.446
2026-05-07 15:02:02,24332.5,24350.0,ATM,178.55,3641430.0,0.5057,162.9,3161925.0,0.4944
2026-05-07 15:02:02,24332.5,24400.0,+1.0,154.1,8018530.0,0.4609,188.85,4195230.0,0.5429
2026-05-07 15:02:02,24332.5,24450.0,+2.0,132.8,2854345.0,0.4164,217.45,1010100.0,0.5909
2026-05-07 15:02:02,24332.5,24500.0,+3.0,113.2,8527675.0,0.3734,247.8,2141880.0,0.6377
2026-05-07 15:03:03,24328.75,24200.0,-3.0,264.2,2777710.0,0.6291,99.8,5263050.0,0.3582
2026-05-07 15:03:03,24328.75,24250.0,-2.0,232.65,1024855.0,0.5868,118.55,1993420.0,0.4045
2026-05-07 15:03:03,24328.75,24300.0,-1.0,204.7,5114720.0,0.5436,139.35,5813340.0,0.4526
2026-05-07 15:03:03,24328.75,24350.0,ATM,177.7,3587805.0,0.4992,162.75,3009890.0,0.5016
2026-05-07 15:03:03,24328.75,24400.0,+1.0,153.55,7793500.0,0.4548,188.15,4174820.0,0.551
2026-05-07 15:03:03,24328.75,24450.0,+2.0,131.9,2812095.0,0.4107,216.85,987285.0,0.6003
2026-05-07 15:03:03,24328.75,24500.0,+3.0,111.9,8385780.0,0.3675,246.5,2130245.0,0.6483
2026-05-07 15:04:04,24328.45,24200.0,-3.0,259.9,2777710.0,0.6279,101.65,5263050.0,0.3588
2026-05-07 15:04:04,24328.45,24250.0,-2.0,229.35,1024855.0,0.5857,120.2,1993420.0,0.4054
2026-05-07 15:04:04,24328.45,24300.0,-1.0,200.05,5114720.0,0.5421,141.85,5813340.0,0.4537
2026-05-07 15:04:04,24328.45,24350.0,ATM,174.35,3587805.0,0.4975,165.65,3009890.0,0.5034
2026-05-07 15:04:04,24328.45,24400.0,+1.0,150.15,7793500.0,0.4537,192.0,4174820.0,0.5524
2026-05-07 15:04:04,24328.45,24450.0,+2.0,129.2,2812095.0,0.4097,220.2,987285.0,0.6016
2026-05-07 15:04:04,24328.45,24500.0,+3.0,109.55,8385780.0,0.3666,250.3,2130245.0,0.6503
2026-05-07 15:05:04,24341.2,24200.0,-3.0,261.15,2777710.0,0.6392,101.15,5263050.0,0.3557
2026-05-07 15:05:04,24341.2,24250.0,-2.0,229.7,1024855.0,0.5956,120.35,1993420.0,0.4015
2026-05-07 15:05:04,24341.2,24300.0,-1.0,201.25,5114720.0,0.549,141.45,5813340.0,0.4475
2026-05-07 15:05:04,24341.2,24350.0,ATM,175.0,3587805.0,0.5049,165.3,3009890.0,0.4951
2026-05-07 15:05:04,24341.2,24400.0,+1.0,151.3,7793500.0,0.4582,191.7,4174820.0,0.5444
2026-05-07 15:05:04,24341.2,24450.0,+2.0,129.65,2812095.0,0.4135,220.2,987285.0,0.592
2026-05-07 15:05:04,24341.2,24500.0,+3.0,110.25,8385780.0,0.3703,250.1,2130245.0,0.6363
2026-05-07 15:06:06,24339.25,24200.0,-3.0,265.75,2758990.0,0.6375,98.95,5280145.0,0.3512
2026-05-07 15:06:06,24339.25,24250.0,-2.0,234.55,1005745.0,0.5952,117.95,1992705.0,0.3973
2026-05-07 15:06:06,24339.25,24300.0,-1.0,205.2,5088785.0,0.5516,138.75,5786040.0,0.4448
2026-05-07 15:06:06,24339.25,24350.0,ATM,178.95,3627325.0,0.5069,162.45,2953080.0,0.4931
2026-05-07 15:06:06,24339.25,24400.0,+1.0,154.9,7750600.0,0.4622,188.45,4177810.0,0.5418
2026-05-07 15:06:06,24339.25,24450.0,+2.0,133.3,2781220.0,0.4179,216.4,970385.0,0.5898
2026-05-07 15:06:06,24339.25,24500.0,+3.0,113.8,8347430.0,0.3746,246.95,2110355.0,0.6369
2026-05-07 15:07:07,24331.0,24200.0,-3.0,259.85,2758990.0,0.631,102.85,5280145.0,0.3599
2026-05-07 15:07:07,24331.0,24250.0,-2.0,229.5,1005745.0,0.588,122.1,1992705.0,0.4059
2026-05-07 15:07:07,24331.0,24300.0,-1.0,200.35,5088785.0,0.5441,143.65,5786040.0,0.4532
2026-05-07 15:07:07,24331.0,24350.0,ATM,174.9,3627325.0,0.4993,167.5,2953080.0,0.5012
2026-05-07 15:07:07,24331.0,24400.0,+1.0,151.25,7750600.0,0.4546,193.4,4177810.0,0.5493
2026-05-07 15:07:07,24331.0,24450.0,+2.0,129.8,2781220.0,0.4107,223.5,970385.0,0.5971
2026-05-07 15:07:07,24331.0,24500.0,+3.0,110.35,8347430.0,0.3677,253.5,2110355.0,0.6435
2026-05-07 15:08:11,24310.05,24150.0,-3.0,279.8,544375.0,0.6527,94.15,1760395.0,0.3371
2026-05-07 15:08:11,24310.05,24200.0,-2.0,247.0,2758990.0,0.6115,112.1,5280145.0,0.3812
2026-05-07 15:08:11,24310.05,24250.0,-1.0,216.8,1005745.0,0.568,132.0,1992705.0,0.4277
2026-05-07 15:08:11,24310.05,24300.0,ATM,188.95,5088785.0,0.5238,155.0,5786040.0,0.4751
2026-05-07 15:08:11,24310.05,24350.0,+1.0,165.0,3627325.0,0.479,178.8,2953080.0,0.523
2026-05-07 15:08:11,24310.05,24400.0,+2.0,141.75,7750600.0,0.4345,206.75,4177810.0,0.5707
2026-05-07 15:08:11,24310.05,24450.0,+3.0,121.85,2781220.0,0.3912,236.3,970385.0,0.6169
2026-05-07 15:09:11,24319.5,24150.0,-3.0,285.4,536575.0,0.6588,90.95,1753830.0,0.3284
2026-05-07 15:09:11,24319.5,24200.0,-2.0,252.8,2743390.0,0.618,108.45,5239260.0,0.3725
2026-05-07 15:09:11,24319.5,24250.0,-1.0,223.05,981695.0,0.5755,128.1,1965275.0,0.4186
2026-05-07 15:09:11,24319.5,24300.0,ATM,195.1,5165875.0,0.5317,150.75,5775965.0,0.4662
2026-05-07 15:09:11,24319.5,24350.0,+1.0,169.75,3558165.0,0.4875,175.3,2878915.0,0.5143
2026-05-07 15:09:11,24319.5,24400.0,+2.0,146.9,7544095.0,0.4434,202.1,4033055.0,0.5623
2026-05-07 15:09:11,24319.5,24450.0,+3.0,126.55,2693145.0,0.4001,230.8,869245.0,0.6096
2026-05-07 15:10:13,24315.2,24150.0,-3.0,279.15,536575.0,0.6602,93.25,1753830.0,0.3337
2026-05-07 15:10:13,24315.2,24200.0,-2.0,247.5,2743390.0,0.6177,111.15,5239260.0,0.3777
2026-05-07 15:10:13,24315.2,24250.0,-1.0,217.7,981695.0,0.5738,131.5,1965275.0,0.424
2026-05-07 15:10:13,24315.2,24300.0,ATM,190.6,5165875.0,0.5286,154.55,5775965.0,0.4705
2026-05-07 15:10:13,24315.2,24350.0,+1.0,165.4,3558165.0,0.4833,179.25,2878915.0,0.5177
2026-05-07 15:10:13,24315.2,24400.0,+2.0,142.9,7544095.0,0.4384,206.95,4033055.0,0.5644
2026-05-07 15:10:13,24315.2,24450.0,+3.0,123.0,2693145.0,0.3944,236.1,869245.0,0.6097
2026-05-07 15:11:14,24302.4,24150.0,-3.0,275.15,536575.0,0.6491,95.0,1753830.0,0.3386
2026-05-07 15:11:14,24302.4,24200.0,-2.0,243.75,2743390.0,0.6077,113.0,5239260.0,0.3843
2026-05-07 15:11:14,24302.4,24250.0,-1.0,214.5,981695.0,0.5644,133.8,1965275.0,0.431
2026-05-07 15:11:14,24302.4,24300.0,ATM,187.5,5165875.0,0.5198,157.15,5775965.0,0.4793
2026-05-07 15:11:14,24302.4,24350.0,+1.0,162.85,3558165.0,0.4751,182.65,2878915.0,0.5272
2026-05-07 15:11:14,24302.4,24400.0,+2.0,140.55,7544095.0,0.431,210.5,4033055.0,0.5747
2026-05-07 15:11:14,24302.4,24450.0,+3.0,121.0,2693145.0,0.3887,239.95,869245.0,0.6215
2026-05-07 15:12:17,24296.45,24150.0,-3.0,271.95,524615.0,0.6436,97.85,1739725.0,0.346
2026-05-07 15:12:17,24296.45,24200.0,-2.0,239.05,2740335.0,0.6019,116.55,5212025.0,0.3912
2026-05-07 15:12:17,24296.45,24250.0,-1.0,210.75,967395.0,0.5584,137.9,1901900.0,0.4379
2026-05-07 15:12:17,24296.45,24300.0,ATM,183.6,5305105.0,0.5142,160.9,5738980.0,0.4853
2026-05-07 15:12:17,24296.45,24350.0,+1.0,159.6,3575910.0,0.4698,186.85,2806570.0,0.533
2026-05-07 15:12:17,24296.45,24400.0,+2.0,137.55,7468435.0,0.4258,215.1,3930355.0,0.58
2026-05-07 15:12:17,24296.45,24450.0,+3.0,118.8,2644070.0,0.3832,245.9,815360.0,0.6263
2026-05-07 15:13:18,24297.8,24150.0,-3.0,274.5,524615.0,0.6438,94.5,1739725.0,0.3413
2026-05-07 15:13:18,24297.8,24200.0,-2.0,242.75,2740335.0,0.6029,112.25,5212025.0,0.3871
2026-05-07 15:13:18,24297.8,24250.0,-1.0,213.5,967395.0,0.5598,133.7,1901900.0,0.4348
2026-05-07 15:13:18,24297.8,24300.0,ATM,186.35,5305105.0,0.5159,156.5,5738980.0,0.4832
2026-05-07 15:13:18,24297.8,24350.0,+1.0,162.15,3575910.0,0.4717,181.85,2806570.0,0.5321
2026-05-07 15:13:18,24297.8,24400.0,+2.0,140.0,7468435.0,0.4278,209.65,3930355.0,0.5802
2026-05-07 15:13:18,24297.8,24450.0,+3.0,120.5,2644070.0,0.3851,239.6,815360.0,0.6278
2026-05-07 15:14:19,24309.5,24150.0,-3.0,287.85,524615.0,0.65,86.95,1739725.0,0.3269
2026-05-07 15:14:19,24309.5,24200.0,-2.0,255.5,2740335.0,0.6114,104.0,5212025.0,0.3712
2026-05-07 15:14:19,24309.5,24250.0,-1.0,225.35,967395.0,0.5696,123.85,1901900.0,0.4205
2026-05-07 15:14:19,24309.5,24300.0,ATM,197.0,5305105.0,0.5269,145.15,5738980.0,0.47
2026-05-07 15:14:19,24309.5,24350.0,+1.0,171.45,3575910.0,0.4834,169.3,2806570.0,0.5203
2026-05-07 15:14:19,24309.5,24400.0,+2.0,148.35,7468435.0,0.4401,196.35,3930355.0,0.5708
2026-05-07 15:14:19,24309.5,24450.0,+3.0,127.8,2644070.0,0.3974,225.25,815360.0,0.6209
2026-05-07 15:15:20,24304.9,24150.0,-3.0,292.65,512915.0,0.6457,83.7,1700985.0,0.3268
2026-05-07 15:15:20,24304.9,24200.0,-2.0,260.7,2755285.0,0.6071,100.1,5157880.0,0.3724
2026-05-07 15:15:20,24304.9,24250.0,-1.0,230.0,999050.0,0.5663,119.55,1875575.0,0.4214
2026-05-07 15:15:20,24304.9,24300.0,ATM,200.6,5472025.0,0.5243,140.95,5683665.0,0.4721
2026-05-07 15:15:20,24304.9,24350.0,+1.0,175.5,3524430.0,0.4816,163.95,2674750.0,0.5238
2026-05-07 15:15:20,24304.9,24400.0,+2.0,151.2,7338240.0,0.4389,190.85,3679325.0,0.5756
2026-05-07 15:15:20,24304.9,24450.0,+3.0,130.6,2608320.0,0.3964,218.5,785980.0,0.6263
2026-05-07 15:16:21,24318.0,24150.0,-3.0,301.2,512915.0,0.6537,79.4,1700985.0,0.3125
2026-05-07 15:16:21,24318.0,24200.0,-2.0,267.5,2755285.0,0.6167,95.35,5157880.0,0.3582
2026-05-07 15:16:21,24318.0,24250.0,-1.0,236.8,999050.0,0.5767,113.4,1875575.0,0.4069
2026-05-07 15:16:21,24318.0,24300.0,ATM,206.7,5472025.0,0.5356,134.25,5683665.0,0.4577
2026-05-07 15:16:21,24318.0,24350.0,+1.0,180.0,3524430.0,0.4931,157.1,2674750.0,0.5102
2026-05-07 15:16:21,24318.0,24400.0,+2.0,156.1,7338240.0,0.4502,182.9,3679325.0,0.5634
2026-05-07 15:16:21,24318.0,24450.0,+3.0,134.75,2608320.0,0.4079,210.6,785980.0,0.6168
2026-05-07 15:17:22,24320.05,24150.0,-3.0,302.2,512915.0,0.6526,78.1,1700985.0,0.3106
2026-05-07 15:17:22,24320.05,24200.0,-2.0,268.2,2755285.0,0.6161,93.95,5157880.0,0.3573
2026-05-07 15:17:22,24320.05,24250.0,-1.0,237.4,999050.0,0.5762,112.25,1875575.0,0.4061
2026-05-07 15:17:22,24320.05,24300.0,ATM,207.5,5472025.0,0.5353,132.9,5683665.0,0.4579
2026-05-07 15:17:22,24320.05,24350.0,+1.0,180.9,3524430.0,0.4928,155.3,2674750.0,0.5108
2026-05-07 15:17:22,24320.05,24400.0,+2.0,156.3,7338240.0,0.4501,181.65,3679325.0,0.5648
2026-05-07 15:17:22,24320.05,24450.0,+3.0,134.2,2608320.0,0.4075,209.7,785980.0,0.6187
2026-05-07 15:18:24,24314.3,24150.0,-3.0,305.55,498095.0,0.6509,76.7,1645280.0,0.3091
2026-05-07 15:18:24,24314.3,24200.0,-2.0,270.2,2705170.0,0.6143,92.15,5019170.0,0.3561
2026-05-07 15:18:24,24314.3,24250.0,-1.0,239.05,929175.0,0.575,110.45,1628185.0,0.4054
2026-05-07 15:18:24,24314.3,24300.0,ATM,209.4,5423730.0,0.5346,130.85,5575375.0,0.4576
2026-05-07 15:18:24,24314.3,24350.0,+1.0,182.4,3362320.0,0.4928,153.55,2589925.0,0.5112
2026-05-07 15:18:24,24314.3,24400.0,+2.0,158.35,7002515.0,0.4507,178.9,3487965.0,0.5659
2026-05-07 15:18:24,24314.3,24450.0,+3.0,136.3,2494050.0,0.4085,206.95,709865.0,0.6209
2026-05-07 15:19:25,24327.25,24200.0,-3.0,276.15,2705170.0,0.6255,84.95,5019170.0,0.3398
2026-05-07 15:19:25,24327.25,24250.0,-2.0,244.0,929175.0,0.5867,102.4,1628185.0,0.3898
2026-05-07 15:19:25,24327.25,24300.0,-1.0,213.1,5423730.0,0.5462,122.05,5575375.0,0.4423
2026-05-07 15:19:25,24327.25,24350.0,ATM,185.9,3362320.0,0.5039,144.3,2589925.0,0.4969
2026-05-07 15:19:25,24327.25,24400.0,+1.0,160.75,7002515.0,0.461,169.45,3487965.0,0.5527
2026-05-07 15:19:25,24327.25,24450.0,+2.0,138.05,2494050.0,0.4183,195.95,709865.0,0.6106
2026-05-07 15:19:25,24327.25,24500.0,+3.0,118.0,9018295.0,0.3761,225.6,1937260.0,0.6676
2026-05-07 15:20:25,24323.4,24150.0,-3.0,306.75,498095.0,0.6602,73.8,1645280.0,0.3006
2026-05-07 15:20:25,24323.4,24200.0,-2.0,270.15,2705170.0,0.6247,88.95,5019170.0,0.3467
2026-05-07 15:20:25,24323.4,24250.0,-1.0,239.0,929175.0,0.5842,106.35,1628185.0,0.3962
2026-05-07 15:20:25,24323.4,24300.0,ATM,208.15,5423730.0,0.5428,126.75,5575375.0,0.4483
2026-05-07 15:20:25,24323.4,24350.0,+1.0,181.25,3362320.0,0.4999,149.0,2589925.0,0.5019
2026-05-07 15:20:25,24323.4,24400.0,+2.0,156.75,7002515.0,0.4564,174.65,3487965.0,0.5564
2026-05-07 15:20:25,24323.4,24450.0,+3.0,135.8,2494050.0,0.4133,202.0,709865.0,0.6129
2026-05-07 15:21:28,24320.15,24150.0,-3.0,306.1,479115.0,0.6572,75.75,1614015.0,0.3055
2026-05-07 15:21:28,24320.15,24200.0,-2.0,271.35,2678910.0,0.6204,91.05,5053100.0,0.3518
2026-05-07 15:21:28,24320.15,24250.0,-1.0,240.05,879320.0,0.5807,108.8,1597570.0,0.4006
2026-05-07 15:21:28,24320.15,24300.0,ATM,209.4,5287165.0,0.5395,129.2,5479565.0,0.4523
2026-05-07 15:21:28,24320.15,24350.0,+1.0,182.55,3139370.0,0.497,151.6,2552615.0,0.5055
2026-05-07 15:21:28,24320.15,24400.0,+2.0,158.2,6667765.0,0.4541,177.0,3392285.0,0.5597
2026-05-07 15:21:28,24320.15,24450.0,+3.0,136.0,2391220.0,0.4113,204.3,708370.0,0.615
2026-05-07 15:22:29,24318.95,24150.0,-3.0,306.15,479115.0,0.6573,76.8,1614015.0,0.3062
2026-05-07 15:22:29,24318.95,24200.0,-2.0,270.8,2678910.0,0.6203,92.25,5053100.0,0.3519
2026-05-07 15:22:29,24318.95,24250.0,-1.0,239.45,879320.0,0.5808,110.15,1597570.0,0.4007
2026-05-07 15:22:29,24318.95,24300.0,ATM,209.2,5287165.0,0.5397,130.65,5479565.0,0.4523
2026-05-07 15:22:29,24318.95,24350.0,+1.0,182.3,3139370.0,0.4972,153.05,2552615.0,0.5053
2026-05-07 15:22:29,24318.95,24400.0,+2.0,157.5,6667765.0,0.4543,178.85,3392285.0,0.5591
2026-05-07 15:22:29,24318.95,24450.0,+3.0,135.65,2391220.0,0.4118,205.85,708370.0,0.6133
2026-05-07 15:23:30,24320.95,24150.0,-3.0,305.0,479115.0,0.6581,78.0,1614015.0,0.3063
2026-05-07 15:23:30,24320.95,24200.0,-2.0,269.0,2678910.0,0.6214,93.55,5053100.0,0.3518
2026-05-07 15:23:30,24320.95,24250.0,-1.0,237.45,879320.0,0.5814,111.95,1597570.0,0.4013
2026-05-07 15:23:30,24320.95,24300.0,ATM,207.3,5287165.0,0.5403,132.35,5479565.0,0.4519
2026-05-07 15:23:30,24320.95,24350.0,+1.0,180.55,3139370.0,0.4975,154.6,2552615.0,0.5047
2026-05-07 15:23:30,24320.95,24400.0,+2.0,155.6,6667765.0,0.4541,179.9,3392285.0,0.5585
2026-05-07 15:23:30,24320.95,24450.0,+3.0,134.0,2391220.0,0.4112,207.35,708370.0,0.6133
2026-05-07 15:24:31,24316.05,24150.0,-3.0,299.0,475020.0,0.6583,80.0,1614405.0,0.3127
2026-05-07 15:24:31,24316.05,24200.0,-2.0,264.15,2642640.0,0.62,95.9,5117255.0,0.358
2026-05-07 15:24:31,24316.05,24250.0,-1.0,233.55,846105.0,0.579,113.95,1627210.0,0.4064
2026-05-07 15:24:31,24316.05,24300.0,ATM,204.0,5225415.0,0.537,135.05,5534230.0,0.4572
2026-05-07 15:24:31,24316.05,24350.0,+1.0,177.25,3064620.0,0.4936,158.0,2553850.0,0.5091
2026-05-07 15:24:31,24316.05,24400.0,+2.0,152.95,6505265.0,0.4499,183.65,3365115.0,0.5618
2026-05-07 15:24:31,24316.05,24450.0,+3.0,131.45,2399930.0,0.4066,211.4,720980.0,0.6145
2026-05-07 15:25:32,24325.45,24200.0,-3.0,273.05,2642640.0,0.6233,89.7,5117255.0,0.3487
2026-05-07 15:25:32,24325.45,24250.0,-2.0,241.55,846105.0,0.5836,107.3,1627210.0,0.3975
2026-05-07 15:25:32,24325.45,24300.0,-1.0,210.9,5225415.0,0.5425,127.2,5534230.0,0.4488
2026-05-07 15:25:32,24325.45,24350.0,ATM,184.0,3064620.0,0.5,149.25,2553850.0,0.5018
2026-05-07 15:25:32,24325.45,24400.0,+1.0,158.95,6505265.0,0.4568,175.0,3365115.0,0.5559
2026-05-07 15:25:32,24325.45,24450.0,+2.0,136.35,2399930.0,0.4139,200.85,720980.0,0.6107
2026-05-07 15:25:32,24325.45,24500.0,+3.0,115.8,8906625.0,0.3715,230.8,1903135.0,0.6651
2026-05-07 15:26:32,24335.75,24200.0,-3.0,272.0,2642640.0,0.6347,89.95,5117255.0,0.3424
2026-05-07 15:26:32,24335.75,24250.0,-2.0,240.8,846105.0,0.5937,107.9,1627210.0,0.3903
2026-05-07 15:26:32,24335.75,24300.0,-1.0,209.9,5225415.0,0.5517,127.95,5534230.0,0.4402
2026-05-07 15:26:32,24335.75,24350.0,ATM,182.65,3064620.0,0.5079,149.95,2553850.0,0.4919
2026-05-07 15:26:32,24335.75,24400.0,+1.0,158.0,6505265.0,0.4637,174.9,3365115.0,0.5445
2026-05-07 15:26:32,24335.75,24450.0,+2.0,135.6,2399930.0,0.4195,201.95,720980.0,0.5973
2026-05-07 15:26:32,24335.75,24500.0,+3.0,115.0,8906625.0,0.3761,231.9,1903135.0,0.6503
2026-05-07 15:27:35,24335.55,24200.0,-3.0,269.8,2627950.0,0.6332,90.85,5259475.0,0.3453
2026-05-07 15:27:35,24335.55,24250.0,-2.0,238.5,822965.0,0.5918,108.95,1590355.0,0.3932
2026-05-07 15:27:35,24335.55,24300.0,-1.0,208.0,5104775.0,0.5494,129.35,5440955.0,0.4432
2026-05-07 15:27:35,24335.55,24350.0,ATM,181.4,2944825.0,0.5055,151.2,2533375.0,0.4947
2026-05-07 15:27:35,24335.55,24400.0,+1.0,156.2,6251375.0,0.4612,176.8,3345225.0,0.5473
2026-05-07 15:27:35,24335.55,24450.0,+2.0,134.25,2371655.0,0.417,204.1,702585.0,0.6001
2026-05-07 15:27:35,24335.55,24500.0,+3.0,114.0,8789560.0,0.3738,233.3,1866215.0,0.6519
2026-05-07 15:28:36,24335.25,24200.0,-3.0,268.0,2627950.0,0.6367,91.7,5259475.0,0.3464
2026-05-07 15:28:36,24335.25,24250.0,-2.0,237.2,822965.0,0.595,110.05,1590355.0,0.3937
2026-05-07 15:28:36,24335.25,24300.0,-1.0,206.35,5104775.0,0.5515,130.55,5440955.0,0.4428
2026-05-07 15:28:36,24335.25,24350.0,ATM,179.3,2944825.0,0.5067,152.85,2533375.0,0.4934
2026-05-07 15:28:36,24335.25,24400.0,+1.0,154.6,6251375.0,0.4616,177.75,3345225.0,0.5446
2026-05-07 15:28:36,24335.25,24450.0,+2.0,131.65,2371655.0,0.4169,207.9,702585.0,0.596
2026-05-07 15:28:36,24335.25,24500.0,+3.0,111.45,8789560.0,0.3729,237.9,1866215.0,0.6458
2026-05-07 15:29:36,24338.4,24200.0,-3.0,268.9,2627950.0,0.6316,91.05,5259475.0,0.3465
2026-05-07 15:29:36,24338.4,24250.0,-2.0,237.8,822965.0,0.5907,109.5,1590355.0,0.3949
2026-05-07 15:29:36,24338.4,24300.0,-1.0,207.0,5104775.0,0.5482,129.5,5440955.0,0.4447
2026-05-07 15:29:36,24338.4,24350.0,ATM,180.7,2944825.0,0.5042,152.4,2533375.0,0.4962
2026-05-07 15:29:36,24338.4,24400.0,+1.0,155.5,6251375.0,0.46,177.55,3345225.0,0.5487
2026-05-07 15:29:36,24338.4,24450.0,+2.0,133.9,2371655.0,0.4161,205.2,702585.0,0.6005
2026-05-07 15:29:36,24338.4,24500.0,+3.0,113.9,8789560.0,0.3727,234.75,1866215.0,0.6534
