timestamp,open,high,low,close,volume,open_interest
2024-11-14 09:16:00+05:30,63.15,64.2,58.1,60.7,25,238475
2024-11-14 09:17:00+05:30,60.7,60.7,60.7,60.7,0,0
2024-11-14 09:18:00+05:30,60.45,60.45,60.45,60.45,6550,238475
2024-11-14 09:19:00+05:30,61.4,63.05,57.8,63.05,6600,242375
2024-11-14 09:20:00+05:30,61.7,61.7,60.0,60.05,2625,242375
2024-11-14 09:21:00+05:30,59.9,59.9,57.4,58.85,3725,247750
2024-11-14 09:22:00+05:30,59.1,61.05,59.1,61.05,3800,247750
2024-11-14 09:23:00+05:30,61.7,62.15,59.8,61.65,1550,247750
2024-11-14 09:24:00+05:30,61.9,63.5,61.25,61.25,3050,243950
2024-11-14 09:25:00+05:30,60.7,62.75,59.75,62.2,1625,243950
2024-11-14 09:26:00+05:30,61.55,61.55,58.95,58.95,525,243950
2024-11-14 09:27:00+05:30,59.15,59.25,57.85,58.05,2725,243950
2024-11-14 09:28:00+05:30,56.95,57.4,56.3,56.65,2075,246900
2024-11-14 09:29:00+05:30,56.8,57.4,56.1,57.4,1175,246900
2024-11-14 09:30:00+05:30,57.1,57.35,55.0,55.0,1900,246900
2024-11-14 09:31:00+05:30,55.95,56.05,54.6,55.0,4675,246975
2024-11-14 09:32:00+05:30,55.0,55.0,54.0,54.45,550,246975
2024-11-14 09:33:00+05:30,53.45,54.7,53.2,54.65,1500,247650
2024-11-14 09:34:00+05:30,54.85,55.8,53.95,53.95,2025,247650
2024-11-14 09:35:00+05:30,53.45,53.95,52.9,53.8,1800,247650
2024-11-14 09:36:00+05:30,53.0,54.9,53.0,53.65,4325,245000
2024-11-14 09:37:00+05:30,51.8,52.0,51.2,51.35,4625,245000
2024-11-14 09:38:00+05:30,51.25,51.9,51.05,51.25,1575,245000
2024-11-14 09:39:00+05:30,50.7,50.8,50.0,50.45,2125,245000
2024-11-14 09:40:00+05:30,50.6,50.75,49.15,49.7,1375,246125
2024-11-14 09:41:00+05:30,50.0,51.25,47.6,48.2,7300,246125
2024-11-14 09:42:00+05:30,45.75,48.0,45.05,47.2,11550,249050
2024-11-14 09:43:00+05:30,47.8,48.4,47.1,48.4,2175,249050
2024-11-14 09:44:00+05:30,49.8,50.0,48.95,49.5,2900,249050
2024-11-14 09:45:00+05:30,49.85,50.4,49.05,49.5,4250,249000
2024-11-14 09:46:00+05:30,48.5,52.05,48.5,51.75,1875,249000
2024-11-14 09:47:00+05:30,50.95,52.0,50.95,51.25,2200,249000
2024-11-14 09:48:00+05:30,51.65,51.65,49.95,49.95,1825,249000
2024-11-14 09:49:00+05:30,49.45,50.15,48.5,50.15,3700,249300
2024-11-14 09:50:00+05:30,49.15,49.15,48.4,49.15,250,249300
2024-11-14 09:51:00+05:30,48.0,48.15,48.0,48.15,6150,251950
2024-11-14 09:52:00+05:30,48.35,48.35,47.0,47.0,1775,251950
2024-11-14 09:53:00+05:30,46.85,48.0,46.85,47.9,725,251950
2024-11-14 09:54:00+05:30,48.45,48.7,47.9,48.65,350,251950
2024-11-14 09:55:00+05:30,49.25,50.1,49.25,50.1,275,252075
2024-11-14 09:56:00+05:30,50.0,52.55,50.0,52.55,2975,252075
2024-11-14 09:57:00+05:30,52.55,52.6,51.9,52.35,400,250875
2024-11-14 09:58:00+05:30,53.0,53.1,52.4,52.4,1525,250875
2024-11-14 09:59:00+05:30,52.05,52.05,51.55,52.0,250,250875
2024-11-14 10:00:00+05:30,51.0,57.6,51.0,57.6,9225,252625
2024-11-14 10:01:00+05:30,56.75,60.0,56.75,59.2,3800,252625
2024-11-14 10:02:00+05:30,58.3,61.55,58.3,60.95,6250,252625
2024-11-14 10:03:00+05:30,61.45,61.9,60.4,61.55,3175,252625
2024-11-14 10:04:00+05:30,62.6,63.1,62.35,62.35,4425,251550
2024-11-14 10:05:00+05:30,61.8,62.75,61.7,62.55,1400,251550
2024-11-14 10:06:00+05:30,62.75,63.6,61.8,61.8,1525,251550
2024-11-14 10:07:00+05:30,60.85,60.85,58.55,58.55,2025,251775
2024-11-14 10:08:00+05:30,58.55,58.8,56.9,57.0,2700,251775
2024-11-14 10:09:00+05:30,56.4,56.4,56.0,56.0,425,251775
2024-11-14 10:10:00+05:30,55.75,56.15,54.25,54.25,2775,254675
2024-11-14 10:11:00+05:30,53.85,53.85,51.9,52.45,4475,254675
2024-11-14 10:12:00+05:30,52.6,54.3,52.6,54.3,6175,256450
2024-11-14 10:13:00+05:30,54.6,54.65,54.4,54.65,1875,256450
2024-11-14 10:14:00+05:30,53.7,53.75,52.45,52.45,1750,256450
2024-11-14 10:15:00+05:30,52.0,52.0,50.5,50.95,2825,256450
2024-11-14 10:16:00+05:30,51.0,51.0,50.75,50.75,1825,258600
2024-11-14 10:17:00+05:30,51.45,51.45,50.2,50.4,1400,258600
2024-11-14 10:18:00+05:30,50.85,50.85,49.75,50.35,3225,258600
2024-11-14 10:19:00+05:30,50.2,50.2,48.1,48.1,3525,259875
2024-11-14 10:20:00+05:30,48.05,48.4,48.0,48.1,5050,259875
2024-11-14 10:21:00+05:30,48.2,49.0,48.2,48.35,1150,259875
2024-11-14 10:22:00+05:30,47.55,48.6,47.55,48.6,3950,265825
2024-11-14 10:23:00+05:30,48.4,49.0,48.4,48.8,500,265825
2024-11-14 10:24:00+05:30,48.8,48.8,47.95,47.95,1650,265825
2024-11-14 10:25:00+05:30,47.3,47.3,45.45,45.45,550,267325
2024-11-14 10:26:00+05:30,46.0,46.85,46.0,46.35,3725,267325
2024-11-14 10:27:00+05:30,46.1,46.35,45.95,45.95,2075,267325
2024-11-14 10:28:00+05:30,46.15,46.45,46.1,46.45,1450,269825
2024-11-14 10:29:00+05:30,46.5,46.6,46.25,46.3,2525,269825
2024-11-14 10:30:00+05:30,46.05,46.05,45.5,45.5,200,269825
2024-11-14 10:31:00+05:30,47.1,47.1,46.65,46.65,1925,270500
2024-11-14 10:32:00+05:30,46.45,46.5,46.4,46.45,525,270500
2024-11-14 10:33:00+05:30,46.85,46.85,46.0,46.0,750,270500
2024-11-14 10:34:00+05:30,45.75,46.0,45.6,45.75,800,269450
2024-11-14 10:35:00+05:30,45.7,46.0,45.0,45.65,3375,269450
2024-11-14 10:36:00+05:30,45.1,45.1,45.0,45.0,50,269450
2024-11-14 10:37:00+05:30,45.15,45.15,44.95,45.1,400,269775
2024-11-14 10:38:00+05:30,44.45,44.55,44.1,44.1,525,269775
2024-11-14 10:39:00+05:30,44.4,44.4,42.55,43.0,500,269775
2024-11-14 10:40:00+05:30,42.7,42.7,42.45,42.6,4775,269775
2024-11-14 10:41:00+05:30,42.95,43.05,42.8,42.8,4925,269775
2024-11-14 10:42:00+05:30,43.5,43.5,43.2,43.25,2350,269775
2024-11-14 10:43:00+05:30,43.45,43.6,43.3,43.3,450,268175
2024-11-14 10:44:00+05:30,43.45,43.55,43.45,43.55,2950,268175
2024-11-14 10:45:00+05:30,43.4,43.4,42.75,42.75,700,268175
2024-11-14 10:46:00+05:30,42.8,43.35,41.2,41.55,5125,264775
2024-11-14 10:47:00+05:30,42.2,42.75,42.15,42.5,5925,264775
2024-11-14 10:48:00+05:30,42.75,42.8,42.5,42.65,400,264775
2024-11-14 10:49:00+05:30,42.65,42.65,42.65,42.65,0,0
2024-11-14 10:50:00+05:30,42.65,42.65,42.25,42.45,825,265975
2024-11-14 10:51:00+05:30,42.55,42.55,41.05,41.35,2925,265975
2024-11-14 10:52:00+05:30,41.3,41.6,41.3,41.6,1300,266650
2024-11-14 10:53:00+05:30,40.85,40.85,40.85,40.85,125,266650
2024-11-14 10:54:00+05:30,40.29,40.29,40.29,40.29,4125,266650
2024-11-14 10:55:00+05:30,40.29,40.29,40.29,40.29,0,0
2024-11-14 10:56:00+05:30,39.9,39.9,39.9,39.9,1550,268850
2024-11-14 10:57:00+05:30,39.1,39.1,39.1,39.1,4425,268850
2024-11-14 10:58:00+05:30,38.54,38.54,38.54,38.54,2525,268625
2024-11-14 10:59:00+05:30,39.15,39.15,39.15,39.15,1200,268625
2024-11-14 11:00:00+05:30,39.29,39.29,39.29,39.29,125,268625
2024-11-14 11:01:00+05:30,39.29,39.29,39.29,39.29,0,0
2024-11-14 11:02:00+05:30,36.9,36.9,36.9,36.9,4625,269875
2024-11-14 11:03:00+05:30,36.6,36.6,36.6,36.6,4150,269875
2024-11-14 11:04:00+05:30,35.9,35.9,35.9,35.9,4125,272125
2024-11-14 11:05:00+05:30,35.9,35.9,35.9,35.9,0,0
2024-11-14 11:06:00+05:30,34.79,34.79,34.79,34.79,1500,272125
2024-11-14 11:07:00+05:30,34.54,34.54,34.54,34.54,1300,272500
2024-11-14 11:08:00+05:30,33.9,33.9,33.9,33.9,4225,272500
2024-11-14 11:09:00+05:30,33.9,33.9,33.9,33.9,0,0
2024-11-14 11:10:00+05:30,33.65,33.65,33.65,33.65,9175,272600
2024-11-14 11:11:00+05:30,33.65,33.65,33.65,33.65,275,272600
2024-11-14 11:12:00+05:30,33.1,33.1,33.1,33.1,2900,272600
2024-11-14 11:13:00+05:30,33.1,33.1,33.1,33.1,0,0
2024-11-14 11:14:00+05:30,32.0,32.0,32.0,32.0,5775,272750
2024-11-14 11:15:00+05:30,31.65,31.65,31.65,31.65,300,272750
2024-11-14 11:16:00+05:30,33.1,33.1,33.1,33.1,2750,273475
2024-11-14 11:17:00+05:30,33.1,33.1,33.1,33.1,0,0
2024-11-14 11:18:00+05:30,33.1,33.1,33.1,33.1,0,0
2024-11-14 11:19:00+05:30,32.85,32.85,32.85,32.85,425,272550
2024-11-14 11:20:00+05:30,32.4,32.4,32.4,32.4,1225,272550
2024-11-14 11:21:00+05:30,32.9,32.9,32.9,32.9,1350,272550
2024-11-14 11:22:00+05:30,32.9,32.9,32.9,32.9,0,0
2024-11-14 11:23:00+05:30,32.9,32.9,32.9,32.9,0,0
2024-11-14 11:24:00+05:30,32.9,32.9,32.9,32.9,0,0
2024-11-14 11:25:00+05:30,32.9,32.9,32.9,32.9,2600,273100
2024-11-14 11:26:00+05:30,32.9,32.9,32.9,32.9,0,0
2024-11-14 11:27:00+05:30,32.79,32.79,32.79,32.79,2200,273100
2024-11-14 11:28:00+05:30,33.15,33.15,33.15,33.15,1375,273875
2024-11-14 11:29:00+05:30,33.1,33.1,33.1,33.1,750,273875
2024-11-14 11:30:00+05:30,31.75,31.75,31.75,31.75,3500,273875
2024-11-14 11:31:00+05:30,31.15,31.15,31.15,31.15,1400,273725
2024-11-14 11:32:00+05:30,31.15,31.15,31.15,31.15,0,0
2024-11-14 11:33:00+05:30,31.35,31.35,31.35,31.35,700,273725
2024-11-14 11:34:00+05:30,31.6,31.6,31.6,31.6,600,273725
2024-11-14 11:35:00+05:30,33.5,33.5,33.5,33.5,3400,273350
2024-11-14 11:36:00+05:30,33.5,33.5,33.5,33.5,0,0
2024-11-14 11:37:00+05:30,33.0,33.0,33.0,33.0,875,273350
2024-11-14 11:38:00+05:30,32.5,32.5,32.5,32.5,225,274525
2024-11-14 11:39:00+05:30,32.75,32.75,32.75,32.75,150,274525
2024-11-14 11:40:00+05:30,32.75,32.75,32.75,32.75,0,0
2024-11-14 11:41:00+05:30,32.95,32.95,32.95,32.95,275,274425
2024-11-14 11:42:00+05:30,33.35,33.35,33.35,33.35,375,274425
2024-11-14 11:43:00+05:30,33.04,33.04,33.04,33.04,650,274475
2024-11-14 11:44:00+05:30,32.79,32.79,32.79,32.79,475,274475
2024-11-14 11:45:00+05:30,32.79,32.79,32.79,32.79,0,0
2024-11-14 11:46:00+05:30,32.79,32.79,32.79,32.79,0,0
2024-11-14 11:47:00+05:30,32.95,32.95,32.95,32.95,75,274675
2024-11-14 11:48:00+05:30,33.0,33.0,33.0,33.0,2125,274675
2024-11-14 11:49:00+05:30,33.29,33.29,33.29,33.29,300,274675
2024-11-14 11:50:00+05:30,33.29,33.29,33.29,33.29,0,0
2024-11-14 11:51:00+05:30,33.15,33.15,33.15,33.15,325,274675
2024-11-14 11:52:00+05:30,32.65,32.65,32.65,32.65,4650,279050
2024-11-14 11:53:00+05:30,32.0,32.0,32.0,32.0,1300,279050
2024-11-14 11:54:00+05:30,32.0,32.0,32.0,32.0,300,279050
2024-11-14 11:55:00+05:30,32.0,32.0,32.0,32.0,0,0
2024-11-14 11:56:00+05:30,32.0,32.0,32.0,32.0,0,0
2024-11-14 11:57:00+05:30,31.8,31.8,31.8,31.8,325,279025
2024-11-14 11:58:00+05:30,32.79,32.79,32.79,32.79,3575,279850
2024-11-14 11:59:00+05:30,32.79,32.79,32.79,32.79,0,0
2024-11-14 12:00:00+05:30,33.75,33.75,33.75,33.75,725,279850
2024-11-14 12:01:00+05:30,33.4,33.4,33.4,33.4,5375,279800
2024-11-14 12:02:00+05:30,32.79,32.79,32.79,32.79,1700,279800
2024-11-14 12:03:00+05:30,32.79,32.79,32.79,32.79,0,0
2024-11-14 12:04:00+05:30,32.95,32.95,32.95,32.95,675,281675
2024-11-14 12:05:00+05:30,33.04,33.04,33.04,33.04,175,281675
2024-11-14 12:06:00+05:30,34.15,34.15,34.15,34.15,700,281675
2024-11-14 12:07:00+05:30,34.15,34.15,34.15,34.15,0,0
2024-11-14 12:08:00+05:30,33.85,33.85,33.85,33.85,1925,281700
2024-11-14 12:09:00+05:30,33.85,33.85,33.85,33.85,0,0
2024-11-14 12:10:00+05:30,34.0,34.0,34.0,34.0,2500,280750
2024-11-14 12:11:00+05:30,34.1,34.1,34.1,34.1,1025,280750
2024-11-14 12:12:00+05:30,34.1,34.1,34.1,34.1,0,0
2024-11-14 12:13:00+05:30,34.1,34.1,34.1,34.1,0,0
2024-11-14 12:14:00+05:30,37.9,37.9,37.9,37.9,6900,281875
2024-11-14 12:15:00+05:30,37.9,37.9,37.9,37.9,0,0
2024-11-14 12:16:00+05:30,35.04,35.04,35.04,35.04,6050,281875
2024-11-14 12:17:00+05:30,34.9,34.9,34.9,34.9,2800,284425
2024-11-14 12:18:00+05:30,35.4,35.4,35.4,35.4,1525,284425
2024-11-14 12:19:00+05:30,34.5,34.5,34.5,34.5,675,285900
2024-11-14 12:20:00+05:30,34.5,34.5,34.5,34.5,0,0
2024-11-14 12:21:00+05:30,33.75,33.75,33.75,33.75,3825,285900
2024-11-14 12:22:00+05:30,33.75,33.75,33.75,33.75,0,0
2024-11-14 12:23:00+05:30,33.75,33.75,33.75,33.75,0,0
2024-11-14 12:24:00+05:30,33.75,33.75,33.75,33.75,0,0
2024-11-14 12:25:00+05:30,33.5,33.5,33.5,33.5,1775,287225
2024-11-14 12:26:00+05:30,33.4,33.4,33.4,33.4,700,287225
2024-11-14 12:27:00+05:30,33.29,33.29,33.29,33.29,1150,287225
2024-11-14 12:28:00+05:30,33.29,33.29,33.29,33.29,0,0
2024-11-14 12:29:00+05:30,33.1,33.1,33.1,33.1,75,286900
2024-11-14 12:30:00+05:30,33.1,33.1,33.1,33.1,0,0
2024-11-14 12:31:00+05:30,32.1,32.1,32.1,32.1,1175,286900
2024-11-14 12:32:00+05:30,32.1,32.1,32.1,32.1,0,0
2024-11-14 12:33:00+05:30,32.1,32.1,32.1,32.1,0,0
2024-11-14 12:34:00+05:30,32.1,32.1,32.1,32.1,1100,287850
2024-11-14 12:35:00+05:30,32.04,32.04,32.04,32.04,2225,290050
2024-11-14 12:36:00+05:30,32.0,32.0,32.0,32.0,800,290050
2024-11-14 12:37:00+05:30,32.0,32.0,32.0,32.0,0,0
2024-11-14 12:38:00+05:30,31.4,31.4,31.4,31.4,50,292125
2024-11-14 12:39:00+05:30,31.4,31.4,31.4,31.4,0,0
2024-11-14 12:40:00+05:30,31.8,31.8,31.8,31.8,300,292325
2024-11-14 12:41:00+05:30,32.2,32.2,32.2,32.2,625,292325
2024-11-14 12:42:00+05:30,32.2,32.2,32.2,32.2,0,0
2024-11-14 12:43:00+05:30,32.1,32.1,32.1,32.1,2750,292325
2024-11-14 12:44:00+05:30,31.95,31.95,31.95,31.95,425,292325
2024-11-14 12:45:00+05:30,31.85,31.85,31.85,31.85,750,292325
2024-11-14 12:46:00+05:30,31.85,31.85,31.85,31.85,0,0
2024-11-14 12:47:00+05:30,31.55,31.55,31.55,31.55,875,292475
2024-11-14 12:48:00+05:30,31.3,31.3,31.3,31.3,4100,292475
2024-11-14 12:49:00+05:30,31.45,31.45,31.45,31.45,525,292725
2024-11-14 12:50:00+05:30,32.2,32.2,32.2,32.2,425,292725
2024-11-14 12:51:00+05:30,32.2,32.2,32.2,32.2,0,0
2024-11-14 12:52:00+05:30,31.75,31.75,31.75,31.75,1075,292725
2024-11-14 12:53:00+05:30,32.2,32.2,32.2,32.2,275,291975
2024-11-14 12:54:00+05:30,32.7,32.7,32.7,32.7,1050,291975
2024-11-14 12:55:00+05:30,32.7,32.7,32.7,32.7,0,0
2024-11-14 12:56:00+05:30,32.7,32.7,32.7,32.7,0,0
2024-11-14 12:57:00+05:30,32.7,32.7,32.7,32.7,0,0
2024-11-14 12:58:00+05:30,31.4,31.4,31.4,31.4,2675,292350
2024-11-14 12:59:00+05:30,31.4,31.4,31.4,31.4,0,0
2024-11-14 13:00:00+05:30,32.7,32.7,32.7,32.7,4550,292350
2024-11-14 13:01:00+05:30,33.1,33.1,33.1,33.1,475,292475
2024-11-14 13:02:00+05:30,33.1,33.1,33.1,33.1,0,0
2024-11-14 13:03:00+05:30,33.1,33.1,33.1,33.1,0,0
2024-11-14 13:04:00+05:30,33.1,33.1,33.1,33.1,0,0
2024-11-14 13:05:00+05:30,32.79,32.79,32.79,32.79,850,292500
2024-11-14 13:06:00+05:30,32.75,32.75,32.75,32.75,275,292500
2024-11-14 13:07:00+05:30,32.95,32.95,32.95,32.95,1100,292650
2024-11-14 13:08:00+05:30,32.95,32.95,32.95,32.95,0,0
2024-11-14 13:09:00+05:30,32.9,32.9,32.9,32.9,350,292650
2024-11-14 13:10:00+05:30,33.25,33.25,33.25,33.25,1700,293250
2024-11-14 13:11:00+05:30,34.1,34.1,34.1,34.1,1650,293250
2024-11-14 13:12:00+05:30,34.1,34.1,34.1,34.1,0,0
2024-11-14 13:13:00+05:30,34.1,34.1,34.1,34.1,25,293250
2024-11-14 13:14:00+05:30,34.1,34.1,34.1,34.1,0,0
2024-11-14 13:15:00+05:30,34.1,34.1,34.1,34.1,1475,293150
2024-11-14 13:16:00+05:30,34.1,34.1,34.1,34.1,0,0
2024-11-14 13:17:00+05:30,34.1,34.1,34.1,34.1,1325,294600
2024-11-14 13:18:00+05:30,34.1,34.1,34.1,34.1,0,0
2024-11-14 13:19:00+05:30,34.29,34.29,34.29,34.29,100,294650
2024-11-14 13:20:00+05:30,33.7,33.7,33.7,33.7,2250,294650
2024-11-14 13:21:00+05:30,33.7,33.7,33.7,33.7,0,0
2024-11-14 13:22:00+05:30,33.29,33.29,33.29,33.29,3225,294650
2024-11-14 13:23:00+05:30,33.35,33.35,33.35,33.35,1200,296825
2024-11-14 13:24:00+05:30,34.29,34.29,34.29,34.29,3375,296825
2024-11-14 13:25:00+05:30,34.29,34.29,34.29,34.29,0,0
2024-11-14 13:26:00+05:30,34.7,34.7,34.7,34.7,1400,299950
2024-11-14 13:27:00+05:30,36.1,36.1,36.1,36.1,3300,299950
2024-11-14 13:28:00+05:30,36.75,36.75,36.75,36.75,100,299950
2024-11-14 13:29:00+05:30,36.75,36.75,36.75,36.75,0,0
2024-11-14 13:30:00+05:30,36.75,36.75,36.75,36.75,0,0
2024-11-14 13:31:00+05:30,36.75,36.75,36.75,36.75,0,0
2024-11-14 13:32:00+05:30,33.7,33.7,33.7,33.7,1025,299950
2024-11-14 13:33:00+05:30,33.7,33.7,33.7,33.7,0,0
2024-11-14 13:34:00+05:30,33.7,33.7,33.7,33.7,25,299950
2024-11-14 13:35:00+05:30,33.7,33.7,33.7,33.7,0,0
2024-11-14 13:36:00+05:30,33.54,33.54,33.54,33.54,50,300025
2024-11-14 13:37:00+05:30,33.54,33.54,33.54,33.54,0,0
2024-11-14 13:38:00+05:30,33.54,33.54,33.54,33.54,0,0
2024-11-14 13:39:00+05:30,33.54,33.54,33.54,33.54,125,300025
2024-11-14 13:40:00+05:30,32.35,32.35,32.35,32.35,225,299950
2024-11-14 13:41:00+05:30,32.35,32.35,32.35,32.35,0,0
2024-11-14 13:42:00+05:30,32.0,32.0,32.0,32.0,1075,299950
2024-11-14 13:43:00+05:30,32.79,32.79,32.79,32.79,2925,299950
2024-11-14 13:44:00+05:30,32.29,32.29,32.29,32.29,400,299050
2024-11-14 13:45:00+05:30,32.29,32.29,32.29,32.29,0,0
2024-11-14 13:46:00+05:30,32.29,32.29,32.29,32.29,0,0
2024-11-14 13:47:00+05:30,32.5,32.5,32.5,32.5,1525,299050
2024-11-14 13:48:00+05:30,31.6,31.6,31.6,31.6,2300,299050
2024-11-14 13:49:00+05:30,31.6,31.6,31.6,31.6,0,0
2024-11-14 13:50:00+05:30,31.6,31.6,31.6,31.6,0,0
2024-11-14 13:51:00+05:30,31.85,31.85,31.85,31.85,575,299550
2024-11-14 13:52:00+05:30,31.6,31.6,31.6,31.6,650,299650
2024-11-14 13:53:00+05:30,31.4,31.4,31.4,31.4,225,299650
2024-11-14 13:54:00+05:30,31.4,31.4,31.4,31.4,0,0
2024-11-14 13:55:00+05:30,31.4,31.4,31.4,31.4,0,0
2024-11-14 13:56:00+05:30,31.4,31.4,31.4,31.4,0,0
2024-11-14 13:57:00+05:30,31.4,31.4,31.4,31.4,0,0
2024-11-14 13:58:00+05:30,32.25,32.25,32.25,32.25,150,299725
2024-11-14 13:59:00+05:30,31.95,31.95,31.95,31.95,2125,299725
2024-11-14 14:00:00+05:30,31.95,31.95,31.95,31.95,0,0
2024-11-14 14:01:00+05:30,31.95,31.95,31.95,31.95,0,0
2024-11-14 14:02:00+05:30,31.8,31.8,31.8,31.8,125,297675
2024-11-14 14:03:00+05:30,32.1,32.1,32.1,32.1,550,297675
2024-11-14 14:04:00+05:30,32.1,32.1,32.1,32.1,0,0
2024-11-14 14:05:00+05:30,31.55,31.55,31.55,31.55,2375,297850
2024-11-14 14:06:00+05:30,31.1,31.1,31.1,31.1,800,297850
2024-11-14 14:07:00+05:30,30.55,30.55,30.55,30.55,1225,298750
2024-11-14 14:08:00+05:30,30.55,30.55,30.55,30.55,0,0
2024-11-14 14:09:00+05:30,30.55,30.55,30.55,30.55,0,0
2024-11-14 14:10:00+05:30,30.8,30.8,30.8,30.8,300,298750
2024-11-14 14:11:00+05:30,30.8,30.8,30.8,30.8,0,0
2024-11-14 14:12:00+05:30,30.8,30.8,30.8,30.8,0,0
2024-11-14 14:13:00+05:30,30.8,30.8,30.8,30.8,0,0
2024-11-14 14:14:00+05:30,30.8,30.8,30.8,30.8,0,0
2024-11-14 14:15:00+05:30,31.45,31.45,31.45,31.45,225,298850
2024-11-14 14:16:00+05:30,31.35,31.35,31.35,31.35,75,298850
2024-11-14 14:17:00+05:30,31.35,31.35,31.35,31.35,0,0
2024-11-14 14:18:00+05:30,31.15,31.15,31.15,31.15,4050,298850
2024-11-14 14:19:00+05:30,31.15,31.15,31.15,31.15,0,0
2024-11-14 14:20:00+05:30,31.15,31.15,31.15,31.15,0,0
2024-11-14 14:21:00+05:30,30.95,30.95,30.95,30.95,175,299900
2024-11-14 14:22:00+05:30,31.0,31.0,31.0,31.0,50,299900
2024-11-14 14:23:00+05:30,31.1,31.1,31.1,31.1,425,299900
2024-11-14 14:24:00+05:30,30.85,30.85,30.85,30.85,300,299900
2024-11-14 14:25:00+05:30,30.85,30.85,30.85,30.85,0,0
2024-11-14 14:26:00+05:30,31.55,31.55,31.55,31.55,3450,299000
2024-11-14 14:27:00+05:30,30.7,30.7,30.7,30.7,525,299000
2024-11-14 14:28:00+05:30,30.7,30.7,30.7,30.7,0,0
2024-11-14 14:29:00+05:30,30.7,30.7,30.7,30.7,325,296825
2024-11-14 14:30:00+05:30,30.6,30.6,30.6,30.6,275,296825
2024-11-14 14:31:00+05:30,30.4,30.4,30.4,30.4,1650,297825
2024-11-14 14:32:00+05:30,30.75,30.75,30.75,30.75,50,297825
2024-11-14 14:33:00+05:30,30.75,30.75,30.75,30.75,0,0
2024-11-14 14:34:00+05:30,30.65,30.65,30.65,30.65,225,297825
2024-11-14 14:35:00+05:30,30.65,30.65,30.65,30.65,0,0
2024-11-14 14:36:00+05:30,30.65,30.65,30.65,30.65,0,0
2024-11-14 14:37:00+05:30,30.6,30.6,30.6,30.6,475,298000
2024-11-14 14:38:00+05:30,30.75,30.75,30.75,30.75,1250,297800
2024-11-14 14:39:00+05:30,30.75,30.75,30.75,30.75,850,297800
2024-11-14 14:40:00+05:30,30.75,30.75,30.75,30.75,0,0
2024-11-14 14:41:00+05:30,30.75,30.75,30.75,30.75,0,0
2024-11-14 14:42:00+05:30,30.2,30.2,30.2,30.2,1525,297600
2024-11-14 14:43:00+05:30,30.25,30.25,30.25,30.25,900,297600
2024-11-14 14:44:00+05:30,30.25,30.25,30.25,30.25,0,0
2024-11-14 14:45:00+05:30,30.1,30.1,30.1,30.1,1100,298975
2024-11-14 14:46:00+05:30,29.8,29.8,29.8,29.8,4125,298975
2024-11-14 14:47:00+05:30,29.6,29.6,29.6,29.6,7475,303825
2024-11-14 14:48:00+05:30,29.65,29.65,29.65,29.65,175,303825
2024-11-14 14:49:00+05:30,29.65,29.65,29.65,29.65,0,0
2024-11-14 14:50:00+05:30,29.65,29.65,29.65,29.65,0,0
2024-11-14 14:51:00+05:30,29.8,29.8,29.8,29.8,725,305275
2024-11-14 14:52:00+05:30,30.0,30.0,30.0,30.0,1600,305275
2024-11-14 14:53:00+05:30,30.0,30.0,30.0,30.0,0,0
2024-11-14 14:54:00+05:30,29.7,29.7,29.7,29.7,2350,306975
2024-11-14 14:55:00+05:30,29.7,29.7,29.7,29.7,2125,306975
2024-11-14 14:56:00+05:30,29.85,29.85,29.85,29.85,725,308175
2024-11-14 14:57:00+05:30,29.85,29.85,29.85,29.85,1350,308175
2024-11-14 14:58:00+05:30,29.85,29.85,29.85,29.85,0,0
2024-11-14 14:59:00+05:30,29.8,29.8,29.8,29.8,350,308125
2024-11-14 15:00:00+05:30,29.75,29.75,29.75,29.75,1375,308125
2024-11-14 15:01:00+05:30,29.3,29.3,29.3,29.3,1750,308125
2024-11-14 15:02:00+05:30,29.3,29.3,29.3,29.3,0,0
2024-11-14 15:03:00+05:30,28.9,28.9,28.9,28.9,875,307875
2024-11-14 15:04:00+05:30,29.2,29.2,29.2,29.2,925,307875
2024-11-14 15:05:00+05:30,29.25,29.25,29.25,29.25,1150,308175
2024-11-14 15:06:00+05:30,29.25,29.25,29.25,29.25,0,0
2024-11-14 15:07:00+05:30,28.05,28.05,28.05,28.05,3750,308175
2024-11-14 15:08:00+05:30,30.6,30.6,30.6,30.6,2800,309025
2024-11-14 15:09:00+05:30,30.6,30.6,30.6,30.6,0,0
2024-11-14 15:10:00+05:30,30.15,30.15,30.15,30.15,1425,309025
2024-11-14 15:11:00+05:30,31.25,31.25,31.25,31.25,4725,309475
2024-11-14 15:12:00+05:30,31.45,31.45,31.45,31.45,10150,309475
2024-11-14 15:13:00+05:30,31.45,31.45,31.45,31.45,0,0
2024-11-14 15:14:00+05:30,30.8,30.8,30.8,30.8,1350,304900
2024-11-14 15:15:00+05:30,30.95,30.95,30.95,30.95,625,304900
2024-11-14 15:16:00+05:30,30.85,30.85,30.85,30.85,5500,306500
2024-11-14 15:17:00+05:30,30.85,30.85,30.85,30.85,0,0
2024-11-14 15:18:00+05:30,30.3,30.3,30.3,30.3,1025,306500
2024-11-14 15:19:00+05:30,29.8,29.8,29.8,29.8,2100,306500
2024-11-14 15:20:00+05:30,31.0,31.0,31.0,31.0,5150,307750
2024-11-14 15:21:00+05:30,31.0,31.0,31.0,31.0,0,0
2024-11-14 15:22:00+05:30,30.85,30.85,30.85,30.85,2725,307750
2024-11-14 15:23:00+05:30,31.35,31.35,31.35,31.35,4550,308900
2024-11-14 15:24:00+05:30,31.35,31.35,31.35,31.35,0,0
2024-11-14 15:25:00+05:30,31.7,31.7,31.7,31.7,7850,308900
2024-11-14 15:26:00+05:30,32.7,32.7,32.7,32.7,10150,314150
2024-11-14 15:27:00+05:30,33.25,33.25,33.25,33.25,7975,314150
2024-11-14 15:28:00+05:30,33.2,33.45,28.05,33.45,6850,314150
2024-11-14 15:29:00+05:30,33.85,33.85,33.85,33.85,450,312200
2024-11-18 09:15:00+05:30,33.04,36.1,30.0,36.1,4150,311175
2024-11-18 09:16:00+05:30,34.95,36.95,32.4,34.04,16625,311175
2024-11-18 09:17:00+05:30,33.0,33.0,30.75,30.75,2950,311175
2024-11-18 09:18:00+05:30,30.85,31.0,30.0,30.05,2575,311200
2024-11-18 09:19:00+05:30,29.6,29.6,28.6,28.8,3325,311200
2024-11-18 09:20:00+05:30,28.4,28.4,26.7,27.75,7600,311200
2024-11-18 09:21:00+05:30,27.85,27.85,27.1,27.1,7200,312775
2024-11-18 09:22:00+05:30,27.2,27.75,26.55,27.2,8775,312775
2024-11-18 09:23:00+05:30,27.2,27.4,27.0,27.1,2775,312775
2024-11-18 09:24:00+05:30,27.0,27.0,25.55,26.0,17200,310950
2024-11-18 09:25:00+05:30,26.0,26.0,24.5,24.9,16975,310950
2024-11-18 09:26:00+05:30,24.45,24.45,22.95,23.25,27625,310950
2024-11-18 09:27:00+05:30,23.2,24.2,23.2,23.55,14375,306075
2024-11-18 09:28:00+05:30,23.75,23.75,21.85,22.95,17675,306075
2024-11-18 09:29:00+05:30,22.65,22.65,22.0,22.45,4575,306075
2024-11-18 09:30:00+05:30,22.2,23.0,22.2,22.6,8525,307650
2024-11-18 09:31:00+05:30,22.85,22.85,22.2,22.4,19600,307650
2024-11-18 09:32:00+05:30,22.15,22.15,21.3,21.3,3200,307650
2024-11-18 09:33:00+05:30,21.35,21.35,19.39,19.7,14375,303775
2024-11-18 09:34:00+05:30,19.39,19.85,19.3,19.6,22000,303775
2024-11-18 09:35:00+05:30,19.45,19.95,19.0,19.0,9075,303775
2024-11-18 09:36:00+05:30,19.3,19.35,17.8,17.8,12700,315250
2024-11-18 09:37:00+05:30,17.5,17.5,16.75,17.05,7225,315250
2024-11-18 09:38:00+05:30,17.05,17.05,16.5,16.8,5450,315250
2024-11-18 09:39:00+05:30,16.55,17.89,16.3,17.8,26375,314475
2024-11-18 09:40:00+05:30,17.85,17.89,16.14,16.6,16850,314475
2024-11-18 09:41:00+05:30,16.64,18.25,16.55,18.25,13850,314475
2024-11-18 09:42:00+05:30,18.3,18.3,16.95,17.25,8800,310950
2024-11-18 09:43:00+05:30,17.35,17.55,16.85,17.05,9750,310950
2024-11-18 09:44:00+05:30,16.75,17.3,16.3,16.39,7700,310950
2024-11-18 09:45:00+05:30,16.39,16.8,16.3,16.5,12275,319675
2024-11-18 09:46:00+05:30,16.5,17.8,16.5,17.8,7600,319675
2024-11-18 09:47:00+05:30,17.64,18.45,17.25,17.95,12450,319675
2024-11-18 09:48:00+05:30,18.0,18.89,17.45,18.05,10250,320050
2024-11-18 09:49:00+05:30,17.6,18.35,17.39,18.35,3325,320050
2024-11-18 09:50:00+05:30,18.45,18.45,18.1,18.2,4775,320050
2024-11-18 09:51:00+05:30,18.14,18.6,18.14,18.14,2125,319050
2024-11-18 09:52:00+05:30,18.39,18.39,17.75,17.75,925,319050
2024-11-18 09:53:00+05:30,17.8,17.8,16.89,17.1,1250,319050
2024-11-18 09:54:00+05:30,17.1,17.5,16.8,17.39,4500,319400
2024-11-18 09:55:00+05:30,17.35,18.0,17.25,18.0,2850,319400
2024-11-18 09:56:00+05:30,18.05,18.2,17.8,17.8,1000,319400
2024-11-18 09:57:00+05:30,17.64,17.89,17.55,17.55,2775,323500
2024-11-18 09:58:00+05:30,17.39,17.8,17.39,17.7,825,323500
2024-11-18 09:59:00+05:30,17.3,17.75,17.05,17.05,3025,323500
2024-11-18 10:00:00+05:30,16.89,17.55,16.89,17.45,2675,322625
2024-11-18 10:01:00+05:30,17.7,18.7,17.2,18.39,3175,322625
2024-11-18 10:02:00+05:30,18.2,18.85,17.8,18.0,2625,322625
2024-11-18 10:03:00+05:30,18.39,20.0,18.39,20.0,2925,322425
2024-11-18 10:04:00+05:30,20.3,20.8,20.1,20.8,4875,322425
2024-11-18 10:05:00+05:30,20.8,21.65,20.8,21.45,2600,322425
2024-11-18 10:06:00+05:30,20.9,21.15,20.55,21.15,2600,323825
2024-11-18 10:07:00+05:30,21.3,21.6,21.15,21.45,2450,323825
2024-11-18 10:08:00+05:30,21.6,21.8,21.4,21.7,875,323825
2024-11-18 10:09:00+05:30,21.6,23.55,21.55,23.2,12550,324150
2024-11-18 10:10:00+05:30,23.2,24.0,23.2,24.0,2975,324150
2024-11-18 10:11:00+05:30,23.85,24.2,23.6,24.1,7400,324150
2024-11-18 10:12:00+05:30,23.7,24.15,23.7,24.15,2675,322850
2024-11-18 10:13:00+05:30,23.85,24.0,22.7,22.7,12075,322850
2024-11-18 10:14:00+05:30,22.7,22.8,21.95,22.0,5225,322850
2024-11-18 10:15:00+05:30,21.55,21.65,20.35,21.3,17500,322450
2024-11-18 10:16:00+05:30,21.3,21.65,21.1,21.45,1250,322450
2024-11-18 10:17:00+05:30,21.4,22.15,21.4,21.6,1575,322450
2024-11-18 10:18:00+05:30,21.45,21.9,21.4,21.6,575,322250
2024-11-18 10:19:00+05:30,21.6,21.7,20.35,20.8,2650,322250
2024-11-18 10:20:00+05:30,20.9,20.9,20.25,20.25,1650,322250
2024-11-18 10:21:00+05:30,20.7,20.85,19.6,20.0,10225,322425
2024-11-18 10:22:00+05:30,20.2,20.39,20.2,20.39,525,322425
2024-11-18 10:23:00+05:30,20.6,21.3,20.6,21.0,4300,322425
2024-11-18 10:24:00+05:30,21.5,22.4,21.5,21.7,850,322600
2024-11-18 10:25:00+05:30,21.6,21.6,21.1,21.2,4650,322600
2024-11-18 10:26:00+05:30,21.3,21.3,20.7,20.7,8925,322600
2024-11-18 10:27:00+05:30,20.65,20.65,19.8,19.95,3775,322225
2024-11-18 10:28:00+05:30,20.05,20.05,18.89,19.2,4800,322225
2024-11-18 10:29:00+05:30,19.1,19.1,18.8,18.8,2200,322225
2024-11-18 10:30:00+05:30,18.8,19.35,18.64,19.35,10250,321500
2024-11-18 10:31:00+05:30,19.3,19.7,18.8,19.7,5450,321500
2024-11-18 10:32:00+05:30,19.75,19.75,19.05,19.1,9625,321500
2024-11-18 10:33:00+05:30,18.85,18.85,18.5,18.5,3275,315375
2024-11-18 10:34:00+05:30,18.5,18.75,18.35,18.64,400,315375
2024-11-18 10:35:00+05:30,18.2,18.39,18.0,18.3,6625,315375
2024-11-18 10:36:00+05:30,18.05,18.7,17.8,18.7,4050,315050
2024-11-18 10:37:00+05:30,18.55,18.6,18.35,18.39,3825,315050
2024-11-18 10:38:00+05:30,18.45,18.7,18.39,18.64,950,315050
2024-11-18 10:39:00+05:30,18.25,18.45,18.0,18.14,5525,310750
2024-11-18 10:40:00+05:30,18.2,18.39,18.0,18.39,400,310750
2024-11-18 10:41:00+05:30,18.25,18.35,18.25,18.3,800,310750
2024-11-18 10:42:00+05:30,18.05,18.85,18.0,18.14,7975,310225
2024-11-18 10:43:00+05:30,18.1,18.25,17.8,17.89,175,310225
2024-11-18 10:44:00+05:30,17.64,17.89,17.45,17.7,675,310225
2024-11-18 10:45:00+05:30,17.95,17.95,17.14,17.14,12075,310150
2024-11-18 10:46:00+05:30,16.75,17.0,16.6,16.6,4700,310150
2024-11-18 10:47:00+05:30,16.6,17.14,16.1,16.8,8025,310150
2024-11-18 10:48:00+05:30,16.8,17.0,16.3,17.0,13150,310150
2024-11-18 10:49:00+05:30,16.6,17.0,16.35,17.0,4950,303125
2024-11-18 10:50:00+05:30,17.35,17.64,17.35,17.6,2025,303125
2024-11-18 10:51:00+05:30,17.14,17.5,16.6,17.35,13425,296500
2024-11-18 10:52:00+05:30,17.39,17.39,17.25,17.25,850,296500
2024-11-18 10:53:00+05:30,17.25,17.25,16.95,17.05,750,296500
2024-11-18 10:54:00+05:30,16.89,16.89,16.8,16.89,600,296050
2024-11-18 10:55:00+05:30,17.2,17.75,17.2,17.75,975,296050
2024-11-18 10:56:00+05:30,17.6,18.5,17.3,17.39,8150,296050
2024-11-18 10:57:00+05:30,17.6,18.45,17.6,18.14,800,296625
2024-11-18 10:58:00+05:30,17.95,17.95,17.85,17.85,250,296625
2024-11-18 10:59:00+05:30,18.0,18.2,17.95,18.2,400,296625
2024-11-18 11:00:00+05:30,18.0,18.35,17.7,17.7,1275,297350
2024-11-18 11:01:00+05:30,17.6,17.6,17.1,17.14,975,297350
2024-11-18 11:02:00+05:30,17.5,17.5,17.3,17.5,3100,297350
2024-11-18 11:03:00+05:30,17.35,17.35,17.35,17.35,25,297350
2024-11-18 11:04:00+05:30,16.89,17.05,16.85,16.89,1300,297425
2024-11-18 11:05:00+05:30,16.75,16.85,16.5,16.55,375,297425
2024-11-18 11:06:00+05:30,16.55,16.55,16.3,16.39,13900,297200
2024-11-18 11:07:00+05:30,16.55,17.1,16.55,17.0,1525,297200
2024-11-18 11:08:00+05:30,16.75,16.75,16.39,16.39,1300,297200
2024-11-18 11:09:00+05:30,16.55,16.55,16.1,16.3,1400,297200
2024-11-18 11:10:00+05:30,16.0,16.14,15.85,16.14,2000,311300
2024-11-18 11:11:00+05:30,16.25,16.5,16.25,16.5,1400,311300
2024-11-18 11:12:00+05:30,16.5,16.5,16.45,16.5,3825,312225
2024-11-18 11:13:00+05:30,16.5,16.6,16.5,16.6,4650,312225
2024-11-18 11:14:00+05:30,16.45,16.6,16.45,16.6,1400,312225
2024-11-18 11:15:00+05:30,16.5,16.5,16.3,16.3,225,312225
2024-11-18 11:16:00+05:30,16.8,16.8,16.7,16.8,175,312700
2024-11-18 11:17:00+05:30,16.89,17.0,16.89,16.95,400,312700
2024-11-18 11:18:00+05:30,17.0,17.39,17.0,17.3,575,312300
2024-11-18 11:19:00+05:30,17.2,17.39,17.2,17.3,650,312300
2024-11-18 11:20:00+05:30,17.2,17.2,17.1,17.2,325,312300
2024-11-18 11:21:00+05:30,17.5,17.5,17.25,17.25,8275,312300
2024-11-18 11:22:00+05:30,17.14,17.25,16.8,16.95,775,312800
2024-11-18 11:23:00+05:30,17.0,17.0,16.95,16.95,650,312800
2024-11-18 11:24:00+05:30,17.0,17.0,17.0,17.0,325,312800
2024-11-18 11:25:00+05:30,16.7,16.75,16.7,16.75,150,312750
2024-11-18 11:26:00+05:30,16.85,17.3,16.85,17.3,500,312750
2024-11-18 11:27:00+05:30,17.64,18.6,17.64,17.89,1725,312775
2024-11-18 11:28:00+05:30,18.5,19.0,18.3,18.3,575,312775
2024-11-18 11:29:00+05:30,18.1,18.1,17.39,17.85,1850,312775
2024-11-18 11:30:00+05:30,17.75,17.75,17.39,17.39,225,312775
2024-11-18 11:31:00+05:30,17.14,17.85,17.05,17.6,5050,312850
2024-11-18 11:32:00+05:30,17.7,17.7,17.5,17.6,625,312850
2024-11-18 11:33:00+05:30,17.55,17.6,17.14,17.6,2925,313025
2024-11-18 11:34:00+05:30,17.7,17.7,17.7,17.7,175,313025
2024-11-18 11:35:00+05:30,17.1,17.1,17.1,17.1,1525,313025
2024-11-18 11:36:00+05:30,17.14,17.2,17.05,17.1,150,313025
2024-11-18 11:37:00+05:30,17.5,17.5,17.5,17.5,25,313025
2024-11-18 11:38:00+05:30,17.85,17.85,17.25,17.25,150,311700
2024-11-18 11:39:00+05:30,17.25,17.25,17.25,17.25,0,0
2024-11-18 11:40:00+05:30,17.6,17.6,17.6,17.6,50,311750
2024-11-18 11:41:00+05:30,17.5,17.6,17.5,17.6,75,311750
2024-11-18 11:42:00+05:30,17.35,17.35,17.3,17.3,75,311750
2024-11-18 11:43:00+05:30,17.7,18.2,17.7,18.2,1225,311425
2024-11-18 11:44:00+05:30,18.1,18.35,18.05,18.35,775,311425
2024-11-18 11:45:00+05:30,18.45,19.05,18.2,18.5,2100,310825
2024-11-18 11:46:00+05:30,18.6,19.0,18.5,18.5,1025,310825
2024-11-18 11:47:00+05:30,17.95,18.1,17.85,18.05,600,310825
2024-11-18 11:48:00+05:30,18.3,18.3,17.89,17.89,275,311175
2024-11-18 11:49:00+05:30,17.85,17.95,17.25,17.75,1650,311175
2024-11-18 11:50:00+05:30,17.64,17.85,17.45,17.75,575,311175
2024-11-18 11:51:00+05:30,18.0,18.0,17.75,17.95,1000,311075
2024-11-18 11:52:00+05:30,17.7,18.0,17.7,18.0,200,311075
2024-11-18 11:53:00+05:30,18.05,18.45,18.05,18.45,100,311075
2024-11-18 11:54:00+05:30,18.7,18.89,18.64,18.89,775,311075
2024-11-18 11:55:00+05:30,19.0,19.0,18.64,18.7,1550,311075
2024-11-18 11:56:00+05:30,18.55,18.55,17.89,17.89,325,311075
2024-11-18 11:57:00+05:30,17.8,18.3,17.7,18.3,400,310900
2024-11-18 11:58:00+05:30,18.55,19.3,18.5,19.25,2150,310900
2024-11-18 11:59:00+05:30,19.14,19.7,19.1,19.7,1825,310900
2024-11-18 12:00:00+05:30,19.35,20.0,19.05,19.05,4175,310950
2024-11-18 12:01:00+05:30,18.89,19.14,18.85,19.14,1875,310950
2024-11-18 12:02:00+05:30,19.05,19.05,18.85,18.85,5200,310950
2024-11-18 12:03:00+05:30,18.89,19.75,18.85,19.75,1425,310950
2024-11-18 12:04:00+05:30,20.2,20.6,20.05,20.3,4925,312700
2024-11-18 12:05:00+05:30,19.64,20.14,19.5,20.1,1100,312700
2024-11-18 12:06:00+05:30,19.8,20.1,19.7,19.7,2000,311650
2024-11-18 12:07:00+05:30,19.75,19.95,19.6,19.95,725,311650
2024-11-18 12:08:00+05:30,20.05,20.39,20.05,20.39,1075,311650
2024-11-18 12:09:00+05:30,20.45,20.5,19.95,19.95,7675,311650
2024-11-18 12:10:00+05:30,20.0,20.2,19.45,19.64,1225,319075
2024-11-18 12:11:00+05:30,19.89,21.15,19.89,20.35,2250,319075
2024-11-18 12:12:00+05:30,20.45,20.55,20.1,20.39,4725,318500
2024-11-18 12:13:00+05:30,20.55,20.55,20.3,20.3,600,318500
2024-11-18 12:14:00+05:30,20.85,21.05,20.3,20.3,1400,318500
2024-11-18 12:15:00+05:30,20.8,20.9,20.8,20.9,675,318500
2024-11-18 12:16:00+05:30,19.89,19.89,19.5,19.5,375,319100
2024-11-18 12:17:00+05:30,20.1,21.4,20.1,21.3,975,319100
2024-11-18 12:18:00+05:30,21.15,21.4,20.39,20.39,1150,318925
2024-11-18 12:19:00+05:30,20.45,20.6,20.35,20.6,925,318925
2024-11-18 12:20:00+05:30,20.5,20.5,19.39,19.55,450,318925
2024-11-18 12:21:00+05:30,19.55,19.6,19.25,19.39,2875,318925
2024-11-18 12:22:00+05:30,19.39,20.39,19.39,20.14,1725,318950
2024-11-18 12:23:00+05:30,20.35,20.45,19.85,20.45,1900,318950
2024-11-18 12:24:00+05:30,20.25,20.39,20.1,20.39,375,319100
2024-11-18 12:25:00+05:30,20.2,21.65,20.2,21.5,3150,319100
2024-11-18 12:26:00+05:30,21.5,21.9,21.3,21.9,3450,319100
2024-11-18 12:27:00+05:30,22.1,24.45,22.1,24.2,10050,314850
2024-11-18 12:28:00+05:30,24.25,26.55,24.25,26.1,13125,314850
2024-11-18 12:29:00+05:30,26.0,27.35,25.45,27.1,5800,314850
2024-11-18 12:30:00+05:30,27.2,29.5,26.9,29.05,9500,309750
2024-11-18 12:31:00+05:30,29.6,30.1,26.2,26.25,4675,309750
2024-11-18 12:32:00+05:30,26.95,26.95,24.95,25.65,4375,309750
2024-11-18 12:33:00+05:30,25.65,26.05,24.4,24.4,1700,309750
2024-11-18 12:34:00+05:30,24.65,25.7,24.65,25.5,1175,308500
2024-11-18 12:35:00+05:30,25.4,26.45,25.4,25.85,5075,308500
2024-11-18 12:36:00+05:30,25.8,25.85,25.45,25.45,1975,308500
2024-11-18 12:37:00+05:30,26.25,26.25,24.75,24.8,875,307625
2024-11-18 12:38:00+05:30,24.65,24.65,22.85,23.1,3750,307625
2024-11-18 12:39:00+05:30,22.7,23.3,22.7,23.3,4200,307750
2024-11-18 12:40:00+05:30,23.0,23.05,22.9,23.05,750,307750
2024-11-18 12:41:00+05:30,22.8,23.2,22.8,23.1,1475,307750
2024-11-18 12:42:00+05:30,23.55,24.3,23.4,24.3,2500,304575
2024-11-18 12:43:00+05:30,24.2,24.3,23.65,24.3,1425,304575
2024-11-18 12:44:00+05:30,24.95,25.4,24.1,24.1,2575,304575
2024-11-18 12:45:00+05:30,24.0,24.0,23.5,23.9,800,304925
2024-11-18 12:46:00+05:30,24.1,24.1,24.1,24.1,900,304925
2024-11-18 12:47:00+05:30,24.4,25.2,24.4,25.15,2225,304925
2024-11-18 12:48:00+05:30,24.8,25.05,24.6,24.6,300,304925
2024-11-18 12:49:00+05:30,24.95,26.55,24.95,26.35,3025,303775
2024-11-18 12:50:00+05:30,26.1,26.65,24.85,24.85,3525,303775
2024-11-18 12:51:00+05:30,24.9,24.9,23.15,23.2,2225,304950
2024-11-18 12:52:00+05:30,22.8,22.9,21.9,22.75,3275,304950
2024-11-18 12:53:00+05:30,22.4,22.45,22.25,22.35,700,304950
2024-11-18 12:54:00+05:30,22.5,22.55,21.9,22.05,2550,306850
2024-11-18 12:55:00+05:30,20.85,21.9,20.6,21.9,2850,306850
2024-11-18 12:56:00+05:30,22.05,22.05,21.95,21.95,175,306850
2024-11-18 12:57:00+05:30,22.0,22.0,21.15,21.4,1025,306850
2024-11-18 12:58:00+05:30,21.1,21.1,20.8,20.9,975,306225
2024-11-18 12:59:00+05:30,21.1,21.1,19.35,19.55,3550,306225
2024-11-18 13:00:00+05:30,19.75,20.1,19.5,19.8,12300,306225
2024-11-18 13:01:00+05:30,20.39,20.55,20.1,20.55,375,316575
2024-11-18 13:02:00+05:30,20.5,21.0,20.5,21.0,1150,316575
2024-11-18 13:03:00+05:30,20.8,21.25,20.8,21.2,8475,316575
2024-11-18 13:04:00+05:30,21.0,21.0,20.14,20.14,1475,317125
2024-11-18 13:05:00+05:30,20.2,20.55,20.14,20.55,4400,317125
2024-11-18 13:06:00+05:30,20.75,20.75,20.3,20.45,150,317125
2024-11-18 13:07:00+05:30,20.6,20.6,20.55,20.55,500,320200
2024-11-18 13:08:00+05:30,20.75,21.5,20.75,21.4,1125,320200
2024-11-18 13:09:00+05:30,21.5,21.9,21.5,21.85,1250,321000
2024-11-18 13:10:00+05:30,21.8,22.0,21.3,21.3,725,321000
2024-11-18 13:11:00+05:30,20.95,20.95,20.95,20.95,25,321000
2024-11-18 13:12:00+05:30,20.85,20.85,20.3,20.7,825,321000
2024-11-18 13:13:00+05:30,20.45,20.7,20.3,20.6,7075,320475
2024-11-18 13:14:00+05:30,20.8,20.85,20.8,20.85,2000,320475
2024-11-18 13:15:00+05:30,21.15,21.2,20.65,20.65,1175,320475
2024-11-18 13:16:00+05:30,20.2,20.3,19.39,20.3,10925,325325
2024-11-18 13:17:00+05:30,20.25,20.25,20.14,20.14,225,325325
2024-11-18 13:18:00+05:30,19.39,19.39,19.39,19.39,375,325325
2024-11-18 13:19:00+05:30,18.8,19.05,18.7,18.75,12550,326625
2024-11-18 13:20:00+05:30,19.05,19.5,18.89,19.2,12425,326625
2024-11-18 13:21:00+05:30,19.39,19.39,19.1,19.2,1100,326625
2024-11-18 13:22:00+05:30,19.39,19.6,19.3,19.5,1350,325475
2024-11-18 13:23:00+05:30,19.7,19.7,18.95,18.95,750,325475
2024-11-18 13:24:00+05:30,19.64,19.64,19.64,19.64,50,325475
2024-11-18 13:25:00+05:30,18.89,19.05,18.39,18.89,10275,325000
2024-11-18 13:26:00+05:30,18.95,19.14,18.89,18.95,3475,325000
2024-11-18 13:27:00+05:30,18.55,19.5,18.55,19.35,975,325000
2024-11-18 13:28:00+05:30,19.14,19.3,18.8,19.3,1600,325275
2024-11-18 13:29:00+05:30,19.7,19.7,19.25,19.35,1075,325275
2024-11-18 13:30:00+05:30,19.3,19.85,19.25,19.85,375,325275
2024-11-18 13:31:00+05:30,20.0,20.0,19.0,19.0,775,326125
2024-11-18 13:32:00+05:30,18.85,19.35,18.2,19.35,675,326125
2024-11-18 13:33:00+05:30,19.2,19.2,19.1,19.1,125,326125
2024-11-18 13:34:00+05:30,19.3,19.64,19.25,19.5,3250,327025
2024-11-18 13:35:00+05:30,19.6,19.7,19.45,19.55,450,327025
2024-11-18 13:36:00+05:30,19.39,19.5,19.14,19.35,1350,327025
2024-11-18 13:37:00+05:30,18.75,18.8,18.75,18.8,325,328925
2024-11-18 13:38:00+05:30,20.0,20.7,20.0,20.5,10150,328925
2024-11-18 13:39:00+05:30,20.65,21.1,20.45,21.0,9900,328925
2024-11-18 13:40:00+05:30,20.8,20.8,19.39,19.5,14775,330700
2024-11-18 13:41:00+05:30,19.64,19.64,19.3,19.3,5475,330700
2024-11-18 13:42:00+05:30,18.89,19.14,18.89,19.14,475,330700
2024-11-18 13:43:00+05:30,19.14,19.2,19.14,19.2,150,330475
2024-11-18 13:44:00+05:30,18.95,18.95,18.95,18.95,25,330475
2024-11-18 13:45:00+05:30,18.7,19.1,18.7,19.1,1800,330475
2024-11-18 13:46:00+05:30,19.05,19.05,18.89,18.95,525,330350
2024-11-18 13:47:00+05:30,18.95,19.8,18.95,19.5,1825,330350
2024-11-18 13:48:00+05:30,19.64,19.64,19.45,19.45,475,330350
2024-11-18 13:49:00+05:30,19.45,19.75,19.05,19.75,1650,330125
2024-11-18 13:50:00+05:30,19.64,20.1,19.64,20.1,10000,330125
2024-11-18 13:51:00+05:30,19.89,19.95,19.89,19.95,350,330125
2024-11-18 13:52:00+05:30,20.45,20.45,20.45,20.45,200,329950
2024-11-18 13:53:00+05:30,20.25,20.25,20.25,20.25,725,329950
2024-11-18 13:54:00+05:30,20.8,21.0,20.6,20.95,10550,329950
2024-11-18 13:55:00+05:30,20.75,21.0,20.2,20.3,2300,331050
2024-11-18 13:56:00+05:30,20.1,20.35,20.0,20.35,2300,331050
2024-11-18 13:57:00+05:30,20.39,20.39,20.25,20.25,1575,331050
2024-11-18 13:58:00+05:30,20.7,20.7,20.39,20.55,1300,331000
2024-11-18 13:59:00+05:30,20.55,20.55,20.55,20.55,0,0
2024-11-18 14:00:00+05:30,20.5,21.5,20.5,20.9,1825,331000
2024-11-18 14:01:00+05:30,20.5,20.5,20.0,20.1,4975,328950
2024-11-18 14:02:00+05:30,20.0,20.0,19.89,19.89,4750,328950
2024-11-18 14:03:00+05:30,19.85,20.3,19.85,20.25,2150,328950
2024-11-18 14:04:00+05:30,20.6,20.6,19.89,19.89,725,328975
2024-11-18 14:05:00+05:30,19.8,19.85,19.7,19.75,700,328975
2024-11-18 14:06:00+05:30,19.8,19.85,19.75,19.85,525,328975
2024-11-18 14:07:00+05:30,19.39,19.6,19.39,19.6,2725,328175
2024-11-18 14:08:00+05:30,19.64,20.0,19.6,20.0,325,328175
2024-11-18 14:09:00+05:30,20.0,20.0,19.8,19.8,2125,328175
2024-11-18 14:10:00+05:30,19.95,19.95,19.75,19.85,600,328325
2024-11-18 14:11:00+05:30,19.5,19.5,19.3,19.3,9175,328325
2024-11-18 14:12:00+05:30,19.5,19.85,19.5,19.85,350,328325
2024-11-18 14:13:00+05:30,20.0,20.1,19.5,19.5,4850,327275
2024-11-18 14:14:00+05:30,19.5,19.89,19.5,19.64,5025,327275
2024-11-18 14:15:00+05:30,19.8,19.8,19.3,19.3,1075,327275
2024-11-18 14:16:00+05:30,19.14,19.25,19.14,19.2,550,326575
2024-11-18 14:17:00+05:30,19.14,19.2,18.85,19.2,1250,326575
2024-11-18 14:18:00+05:30,19.39,19.39,18.95,18.95,375,326575
2024-11-18 14:19:00+05:30,19.1,19.2,18.7,19.05,875,327525
2024-11-18 14:20:00+05:30,18.8,18.8,18.75,18.8,150,327525
2024-11-18 14:21:00+05:30,18.64,18.8,18.6,18.7,900,327525
2024-11-18 14:22:00+05:30,18.55,18.6,18.39,18.6,1225,327675
2024-11-18 14:23:00+05:30,18.8,18.95,18.75,18.95,4175,327675
2024-11-18 14:24:00+05:30,18.95,18.95,18.1,18.45,6950,327675
2024-11-18 14:25:00+05:30,18.5,18.75,18.5,18.75,675,323000
2024-11-18 14:26:00+05:30,18.45,18.6,18.39,18.45,8825,323000
2024-11-18 14:27:00+05:30,18.45,18.45,18.25,18.25,1250,323000
2024-11-18 14:28:00+05:30,18.0,18.0,16.95,17.3,2600,323375
2024-11-18 14:29:00+05:30,17.3,17.39,16.8,17.39,7400,323375
2024-11-18 14:30:00+05:30,17.39,17.7,17.25,17.7,10325,323375
2024-11-18 14:31:00+05:30,17.45,17.7,17.2,17.7,5050,330225
2024-11-18 14:32:00+05:30,17.5,17.5,17.1,17.1,9325,330225
2024-11-18 14:33:00+05:30,17.1,17.1,16.25,16.25,8875,330225
2024-11-18 14:34:00+05:30,16.1,16.75,16.1,16.5,1100,330675
2024-11-18 14:35:00+05:30,16.55,16.55,16.55,16.55,1175,330675
2024-11-18 14:36:00+05:30,16.7,16.7,16.25,16.3,1850,330675
2024-11-18 14:37:00+05:30,16.45,16.5,16.35,16.5,1325,330500
2024-11-18 14:38:00+05:30,16.39,16.55,16.1,16.35,8625,330500
2024-11-18 14:39:00+05:30,16.7,16.7,16.3,16.45,1375,330500
2024-11-18 14:40:00+05:30,16.39,16.39,16.1,16.1,8725,331600
2024-11-18 14:41:00+05:30,16.05,16.3,16.05,16.3,1700,331600
2024-11-18 14:42:00+05:30,16.39,16.5,16.39,16.45,2725,331600
2024-11-18 14:43:00+05:30,16.45,16.5,16.39,16.5,2100,331150
2024-11-18 14:44:00+05:30,16.5,16.7,16.35,16.35,9700,331150
2024-11-18 14:45:00+05:30,16.45,16.85,16.35,16.7,1400,331150
2024-11-18 14:46:00+05:30,16.75,16.8,16.75,16.8,450,330850
2024-11-18 14:47:00+05:30,16.8,17.8,16.8,16.8,2025,330850
2024-11-18 14:48:00+05:30,17.45,17.64,17.45,17.64,775,330850
2024-11-18 14:49:00+05:30,17.55,17.8,17.5,17.8,900,329750
2024-11-18 14:50:00+05:30,17.35,17.35,17.0,17.0,125,329750
2024-11-18 14:51:00+05:30,17.05,17.05,16.8,17.0,475,329750
2024-11-18 14:52:00+05:30,17.05,17.1,16.85,16.85,350,330300
2024-11-18 14:53:00+05:30,17.1,17.3,17.1,17.25,200,330300
2024-11-18 14:54:00+05:30,17.6,18.0,17.55,18.0,6200,330300
2024-11-18 14:55:00+05:30,18.0,18.0,17.7,17.7,1450,329725
2024-11-18 14:56:00+05:30,17.75,17.75,17.0,17.2,5075,329725
2024-11-18 14:57:00+05:30,16.89,16.89,16.89,16.89,50,329725
2024-11-18 14:58:00+05:30,17.2,17.3,17.2,17.3,600,326925
2024-11-18 14:59:00+05:30,17.14,17.25,16.7,17.05,350,326925
2024-11-18 15:00:00+05:30,16.5,16.85,16.5,16.85,300,326925
2024-11-18 15:01:00+05:30,17.05,17.05,16.7,16.7,200,326925
2024-11-18 15:02:00+05:30,17.14,17.14,16.8,16.8,325,326925
2024-11-18 15:03:00+05:30,17.0,17.0,16.8,17.0,450,326925
2024-11-18 15:04:00+05:30,16.95,17.0,16.5,16.55,7750,326750
2024-11-18 15:05:00+05:30,16.64,16.7,16.64,16.7,175,326750
2024-11-18 15:06:00+05:30,16.7,16.7,16.7,16.7,1800,326750
2024-11-18 15:07:00+05:30,16.6,16.6,16.25,16.39,3150,327700
2024-11-18 15:08:00+05:30,16.39,16.39,16.2,16.3,1550,327700
2024-11-18 15:09:00+05:30,16.39,16.39,16.0,16.2,1800,327700
2024-11-18 15:10:00+05:30,16.3,16.35,16.14,16.25,1775,327675
2024-11-18 15:11:00+05:30,16.25,16.39,16.2,16.39,950,327675
2024-11-18 15:12:00+05:30,16.14,16.39,16.14,16.39,2625,327675
2024-11-18 15:13:00+05:30,16.55,17.05,16.55,16.75,6150,327900
2024-11-18 15:14:00+05:30,16.75,16.95,16.7,16.7,1325,327900
2024-11-18 15:15:00+05:30,16.89,17.35,16.89,17.25,11650,327900
2024-11-18 15:16:00+05:30,17.45,17.45,17.45,17.45,125,327900
2024-11-18 15:17:00+05:30,17.55,17.89,17.55,17.7,675,329775
2024-11-18 15:18:00+05:30,17.64,17.64,16.8,16.8,2925,329775
2024-11-18 15:19:00+05:30,16.89,17.14,16.89,17.14,175,330650
2024-11-18 15:20:00+05:30,17.14,17.14,16.95,16.95,300,330650
2024-11-18 15:21:00+05:30,16.75,17.1,16.75,17.1,2200,330650
2024-11-18 15:22:00+05:30,16.95,17.0,16.89,16.89,275,330650
2024-11-18 15:23:00+05:30,16.89,16.89,16.6,16.6,2850,330650
2024-11-18 15:24:00+05:30,16.6,16.64,16.5,16.5,6875,330650
2024-11-18 15:25:00+05:30,16.64,16.64,16.5,16.5,6650,338900
2024-11-18 15:26:00+05:30,16.5,16.7,16.45,16.7,8225,338900
2024-11-18 15:27:00+05:30,16.5,16.55,16.3,16.39,3675,338900
2024-11-18 15:28:00+05:30,16.39,16.39,16.1,16.1,2825,338400
2024-11-18 15:29:00+05:30,16.1,16.1,15.1,15.45,26300,338400
2024-11-19 09:15:00+05:30,17.39,18.25,15.4,17.14,14500,337575
2024-11-19 09:16:00+05:30,17.25,18.6,17.25,18.39,5125,337575
2024-11-19 09:17:00+05:30,18.3,21.1,18.3,20.95,14450,337575
2024-11-19 09:18:00+05:30,20.65,20.65,19.8,19.85,22325,330625
2024-11-19 09:19:00+05:30,19.39,20.1,19.05,19.89,8500,330625
2024-11-19 09:20:00+05:30,19.55,20.1,19.3,19.95,5050,330625
2024-11-19 09:21:00+05:30,20.3,21.25,20.05,20.25,12800,325700
2024-11-19 09:22:00+05:30,19.85,20.5,19.64,20.14,5225,325700
2024-11-19 09:23:00+05:30,19.8,21.65,19.75,21.3,19825,325700
2024-11-19 09:24:00+05:30,21.6,25.4,21.5,25.35,37000,321700
2024-11-19 09:25:00+05:30,25.4,25.45,23.25,23.9,30000,321700
2024-11-19 09:26:00+05:30,23.8,23.85,22.4,23.4,18250,321700
2024-11-19 09:27:00+05:30,23.55,26.0,23.55,25.8,11275,301400
2024-11-19 09:28:00+05:30,26.0,28.1,25.7,27.8,29800,301400
2024-11-19 09:29:00+05:30,27.55,28.85,27.45,28.1,20700,301400
2024-11-19 09:30:00+05:30,28.25,29.05,25.25,25.7,11625,298325
2024-11-19 09:31:00+05:30,25.85,25.85,24.6,25.05,8050,298325
2024-11-19 09:32:00+05:30,24.5,26.65,24.5,26.65,10000,298325
2024-11-19 09:33:00+05:30,26.55,28.45,24.35,28.45,13500,293300
2024-11-19 09:34:00+05:30,28.1,28.65,27.15,28.0,10800,293300
2024-11-19 09:35:00+05:30,28.0,28.9,27.6,28.9,1900,293300
2024-11-19 09:36:00+05:30,28.75,28.75,27.35,28.5,4650,292750
2024-11-19 09:37:00+05:30,28.45,30.4,28.35,30.3,10375,292750
2024-11-19 09:38:00+05:30,30.4,30.65,29.15,29.7,12075,292750
2024-11-19 09:39:00+05:30,29.7,29.7,28.7,29.7,2775,288300
2024-11-19 09:40:00+05:30,29.5,29.7,29.2,29.35,3375,288300
2024-11-19 09:41:00+05:30,28.9,29.1,27.65,28.15,3050,288300
2024-11-19 09:42:00+05:30,27.65,28.2,26.4,26.65,2675,288700
2024-11-19 09:43:00+05:30,27.05,28.55,27.0,27.95,8525,288700
2024-11-19 09:44:00+05:30,28.3,31.05,28.3,30.85,8175,288700
2024-11-19 09:45:00+05:30,31.05,31.6,30.2,31.4,21000,287775
2024-11-19 09:46:00+05:30,31.85,32.0,30.0,30.0,14625,287775
2024-11-19 09:47:00+05:30,29.1,30.05,28.85,29.65,4725,287775
2024-11-19 09:48:00+05:30,29.55,29.55,27.3,28.3,5200,287775
2024-11-19 09:49:00+05:30,27.0,27.0,25.0,26.25,14175,284825
2024-11-19 09:50:00+05:30,26.2,27.15,24.65,25.15,8600,284825
2024-11-19 09:51:00+05:30,24.9,25.7,23.8,25.05,8250,282050
2024-11-19 09:52:00+05:30,25.25,25.55,24.55,25.4,4425,282050
2024-11-19 09:53:00+05:30,25.7,26.85,25.7,26.85,13575,282050
2024-11-19 09:54:00+05:30,26.9,28.35,26.9,28.05,5750,289150
2024-11-19 09:55:00+05:30,27.6,28.85,26.15,26.2,11850,289150
2024-11-19 09:56:00+05:30,25.95,26.7,25.4,26.7,950,289150
2024-11-19 09:57:00+05:30,26.65,27.35,26.1,26.25,2325,295850
2024-11-19 09:58:00+05:30,26.4,26.95,26.4,26.95,1600,295850
2024-11-19 09:59:00+05:30,26.7,26.75,26.3,26.6,2525,295850
2024-11-19 10:00:00+05:30,27.4,28.35,27.4,27.85,2575,296775
2024-11-19 10:01:00+05:30,27.7,28.45,27.6,27.75,825,296775
2024-11-19 10:02:00+05:30,27.55,27.6,27.15,27.3,1900,296775
2024-11-19 10:03:00+05:30,27.2,28.6,27.2,27.5,2450,296525
2024-11-19 10:04:00+05:30,27.3,27.45,26.65,27.15,4175,296525
2024-11-19 10:05:00+05:30,27.4,28.2,26.75,27.35,11950,296525
2024-11-19 10:06:00+05:30,27.35,28.1,26.9,28.0,6375,300575
2024-11-19 10:07:00+05:30,28.0,28.05,27.3,27.3,2075,300575
2024-11-19 10:08:00+05:30,27.65,28.1,27.5,27.5,1550,300575
2024-11-19 10:09:00+05:30,28.0,28.35,27.35,27.95,3750,299225
2024-11-19 10:10:00+05:30,27.9,28.7,27.8,28.7,6825,299225
2024-11-19 10:11:00+05:30,29.95,29.95,28.7,28.8,13325,299225
2024-11-19 10:12:00+05:30,28.75,28.75,27.7,28.3,1050,303800
2024-11-19 10:13:00+05:30,27.95,28.0,27.05,27.2,17675,303800
2024-11-19 10:14:00+05:30,27.2,27.25,26.65,26.65,700,303800
2024-11-19 10:15:00+05:30,26.65,26.9,25.8,26.4,5700,309525
2024-11-19 10:16:00+05:30,26.15,27.0,26.15,26.7,7900,309525
2024-11-19 10:17:00+05:30,27.0,27.6,27.0,27.55,2100,309525
2024-11-19 10:18:00+05:30,27.7,27.7,27.7,27.7,25,309525
2024-11-19 10:19:00+05:30,27.4,27.4,26.55,26.8,2175,309425
2024-11-19 10:20:00+05:30,26.9,27.65,26.75,27.65,1525,309425
2024-11-19 10:21:00+05:30,27.25,27.6,27.2,27.35,2500,310550
2024-11-19 10:22:00+05:30,27.55,27.75,27.55,27.75,575,310550
2024-11-19 10:23:00+05:30,28.25,28.85,28.05,28.85,2950,310550
2024-11-19 10:24:00+05:30,28.9,29.6,28.7,29.5,3425,312700
2024-11-19 10:25:00+05:30,29.8,35.75,29.8,34.45,21050,312700
2024-11-19 10:26:00+05:30,34.45,35.29,33.35,34.65,11125,312700
2024-11-19 10:27:00+05:30,34.7,35.45,33.95,34.7,6300,315475
2024-11-19 10:28:00+05:30,34.65,35.35,34.65,35.2,3325,315475
2024-11-19 10:29:00+05:30,35.04,35.85,34.79,35.5,11825,315475
2024-11-19 10:30:00+05:30,35.6,36.85,34.54,34.7,21325,320550
2024-11-19 10:31:00+05:30,34.2,34.2,32.45,32.45,14325,320550
2024-11-19 10:32:00+05:30,32.15,32.29,31.65,32.2,8175,320550
2024-11-19 10:33:00+05:30,31.95,31.95,30.15,30.55,9375,325500
2024-11-19 10:34:00+05:30,30.5,30.7,29.35,29.45,4250,325500
2024-11-19 10:35:00+05:30,29.45,31.8,29.45,31.55,13500,325500
2024-11-19 10:36:00+05:30,31.95,32.7,31.35,32.29,3425,327925
2024-11-19 10:37:00+05:30,32.29,32.29,30.6,31.1,2850,327925
2024-11-19 10:38:00+05:30,31.2,32.25,31.2,32.2,1900,327925
2024-11-19 10:39:00+05:30,32.6,32.6,31.7,32.45,425,328775
2024-11-19 10:40:00+05:30,32.65,34.0,32.6,34.0,1425,328775
2024-11-19 10:41:00+05:30,34.0,34.2,33.35,33.35,3725,328775
2024-11-19 10:42:00+05:30,32.54,32.54,31.65,31.65,2600,330675
2024-11-19 10:43:00+05:30,31.7,31.95,31.6,31.6,1025,330675
2024-11-19 10:44:00+05:30,31.2,31.35,29.8,30.35,5475,330675
2024-11-19 10:45:00+05:30,30.6,31.3,30.6,31.15,2500,331125
2024-11-19 10:46:00+05:30,30.8,30.8,29.4,30.2,1025,331125
2024-11-19 10:47:00+05:30,30.45,30.55,30.2,30.35,1275,331125
2024-11-19 10:48:00+05:30,30.45,30.45,29.35,29.5,3350,330475
2024-11-19 10:49:00+05:30,29.1,29.1,27.55,27.9,7025,330475
2024-11-19 10:50:00+05:30,28.05,28.35,27.9,27.9,875,330475
2024-11-19 10:51:00+05:30,27.8,29.15,27.35,28.55,6000,333225
2024-11-19 10:52:00+05:30,28.5,28.75,27.65,27.65,2725,333225
2024-11-19 10:53:00+05:30,27.9,27.9,27.4,27.4,525,333225
2024-11-19 10:54:00+05:30,27.55,28.8,27.55,28.6,425,337950
2024-11-19 10:55:00+05:30,29.7,31.0,29.4,31.0,10275,337950
2024-11-19 10:56:00+05:30,30.6,30.6,29.5,29.5,1825,337950
2024-11-19 10:57:00+05:30,29.3,29.3,28.5,29.15,6425,339275
2024-11-19 10:58:00+05:30,29.65,29.85,29.65,29.75,125,339275
2024-11-19 10:59:00+05:30,29.95,29.95,29.4,29.6,4475,339275
2024-11-19 11:00:00+05:30,29.85,31.15,29.85,31.0,3275,342650
2024-11-19 11:01:00+05:30,30.5,31.55,30.5,31.5,2000,342650
2024-11-19 11:02:00+05:30,31.5,31.65,30.7,30.7,2375,342650
2024-11-19 11:03:00+05:30,30.05,30.95,29.85,30.95,5125,343225
2024-11-19 11:04:00+05:30,31.15,32.29,31.15,31.85,2350,343225
2024-11-19 11:05:00+05:30,31.9,31.9,31.75,31.85,2525,343225
2024-11-19 11:06:00+05:30,32.65,33.0,32.65,32.75,3025,343225
2024-11-19 11:07:00+05:30,32.35,32.85,32.1,32.1,7825,345625
2024-11-19 11:08:00+05:30,32.65,32.95,32.4,32.95,2225,345625
2024-11-19 11:09:00+05:30,33.0,33.54,32.54,33.35,6400,353425
2024-11-19 11:10:00+05:30,33.35,33.4,32.5,33.29,2025,353425
2024-11-19 11:11:00+05:30,33.1,33.1,32.29,32.45,4150,353425
2024-11-19 11:12:00+05:30,32.45,32.45,31.25,31.3,1425,354950
2024-11-19 11:13:00+05:30,31.65,32.5,31.5,32.4,3025,354950
2024-11-19 11:14:00+05:30,32.4,32.45,32.04,32.04,400,354950
2024-11-19 11:15:00+05:30,32.5,32.6,31.45,31.65,4425,355250
2024-11-19 11:16:00+05:30,31.25,31.35,30.85,31.0,6425,355250
2024-11-19 11:17:00+05:30,31.0,31.45,31.0,31.4,475,355250
2024-11-19 11:18:00+05:30,31.35,32.6,31.35,32.1,3825,358725
2024-11-19 11:19:00+05:30,31.55,31.9,31.55,31.8,450,358725
2024-11-19 11:20:00+05:30,32.0,32.0,31.15,31.45,2500,358725
2024-11-19 11:21:00+05:30,31.9,31.9,31.4,31.4,550,358725
2024-11-19 11:22:00+05:30,31.2,32.29,31.2,32.29,1725,358550
2024-11-19 11:23:00+05:30,32.35,33.04,32.35,33.04,1525,358550
2024-11-19 11:24:00+05:30,33.1,33.85,33.1,33.35,5525,361825
2024-11-19 11:25:00+05:30,33.45,34.95,33.45,34.4,13600,361825
2024-11-19 11:26:00+05:30,34.85,36.5,34.85,36.4,9850,361825
2024-11-19 11:27:00+05:30,35.85,36.35,34.2,34.2,6250,373375
2024-11-19 11:28:00+05:30,34.25,34.9,34.0,34.29,3950,373375
2024-11-19 11:29:00+05:30,34.29,35.04,34.04,35.04,2150,373375
2024-11-19 11:30:00+05:30,35.2,36.15,34.75,36.15,3225,373375
2024-11-19 11:31:00+05:30,36.65,36.79,36.0,36.0,5800,374675
2024-11-19 11:32:00+05:30,35.54,36.25,35.54,36.04,1975,374675
2024-11-19 11:33:00+05:30,36.4,37.25,35.85,36.25,4325,374675
2024-11-19 11:34:00+05:30,36.04,38.0,36.0,37.29,16225,373475
2024-11-19 11:35:00+05:30,36.95,37.04,35.25,35.65,8725,373475
2024-11-19 11:36:00+05:30,35.54,37.5,35.54,36.95,1625,372450
2024-11-19 11:37:00+05:30,37.04,38.4,37.04,38.15,2850,372450
2024-11-19 11:38:00+05:30,38.25,38.25,37.6,37.79,3875,372450
2024-11-19 11:39:00+05:30,37.75,38.85,37.75,38.75,6575,377025
2024-11-19 11:40:00+05:30,38.75,38.95,38.25,38.25,2500,377025
2024-11-19 11:41:00+05:30,38.25,38.25,36.6,36.9,4950,377025
2024-11-19 11:42:00+05:30,36.95,37.35,36.7,37.35,500,377025
2024-11-19 11:43:00+05:30,36.79,37.4,36.35,36.79,300,380675
2024-11-19 11:44:00+05:30,37.1,37.5,36.5,37.25,5300,380675
2024-11-19 11:45:00+05:30,36.95,37.35,36.95,37.04,1550,380375
2024-11-19 11:46:00+05:30,37.0,37.29,36.0,36.1,1625,380375
2024-11-19 11:47:00+05:30,36.15,36.25,35.7,36.2,1700,380375
2024-11-19 11:48:00+05:30,37.2,39.2,37.2,38.65,11900,380375
2024-11-19 11:49:00+05:30,38.29,38.85,38.2,38.7,3050,378825
2024-11-19 11:50:00+05:30,38.45,38.45,36.2,36.2,4175,378825
2024-11-19 11:51:00+05:30,36.45,38.0,36.4,37.85,1875,378825
2024-11-19 11:52:00+05:30,37.79,37.79,36.85,36.85,1725,376975
2024-11-19 11:53:00+05:30,36.95,37.15,36.75,36.75,900,376975
2024-11-19 11:54:00+05:30,37.1,37.29,36.54,36.6,2125,379175
2024-11-19 11:55:00+05:30,36.35,36.35,35.54,35.7,2400,379175
2024-11-19 11:56:00+05:30,35.25,35.75,35.0,35.35,10250,379175
2024-11-19 11:57:00+05:30,35.29,35.4,34.2,34.65,1175,379175
2024-11-19 11:58:00+05:30,34.35,35.35,34.35,35.35,1800,379925
2024-11-19 11:59:00+05:30,35.0,35.0,34.1,34.2,3450,379925
2024-11-19 12:00:00+05:30,34.65,34.79,34.54,34.79,3675,379925
2024-11-19 12:01:00+05:30,34.85,35.0,33.5,35.0,3250,378925
2024-11-19 12:02:00+05:30,35.5,35.7,35.29,35.54,900,378925
2024-11-19 12:03:00+05:30,35.75,35.75,34.85,34.85,1650,378925
2024-11-19 12:04:00+05:30,35.9,36.2,35.9,36.2,1550,380425
2024-11-19 12:05:00+05:30,36.1,36.75,36.1,36.6,3675,380425
2024-11-19 12:06:00+05:30,36.85,36.85,34.75,34.95,4800,380425
2024-11-19 12:07:00+05:30,34.95,34.95,33.0,33.2,2275,381250
2024-11-19 12:08:00+05:30,33.35,33.85,33.25,33.35,2600,381250
2024-11-19 12:09:00+05:30,32.85,32.9,32.1,32.4,3825,381250
2024-11-19 12:10:00+05:30,32.4,33.15,32.0,32.65,3350,379500
2024-11-19 12:11:00+05:30,33.15,33.85,33.15,33.85,5450,379500
2024-11-19 12:12:00+05:30,33.7,33.95,33.2,33.35,2550,379500
2024-11-19 12:13:00+05:30,33.54,33.79,33.54,33.79,250,377850
2024-11-19 12:14:00+05:30,33.9,34.95,33.9,34.95,825,377850
2024-11-19 12:15:00+05:30,34.75,35.95,34.75,35.85,700,377850
2024-11-19 12:16:00+05:30,36.0,36.2,36.0,36.2,1750,377600
2024-11-19 12:17:00+05:30,36.15,36.15,35.7,35.95,4325,377600
2024-11-19 12:18:00+05:30,36.04,37.2,36.04,37.0,4450,377600
2024-11-19 12:19:00+05:30,36.85,36.85,35.85,35.85,2450,381775
2024-11-19 12:20:00+05:30,35.7,35.95,35.7,35.9,4325,381775
2024-11-19 12:21:00+05:30,35.9,36.1,35.9,36.0,600,381775
2024-11-19 12:22:00+05:30,35.9,35.9,35.35,35.7,600,380200
2024-11-19 12:23:00+05:30,35.4,35.4,34.29,34.29,1400,380200
2024-11-19 12:24:00+05:30,34.5,35.1,34.25,34.29,2350,380200
2024-11-19 12:25:00+05:30,33.75,34.65,33.75,34.65,1900,381800
2024-11-19 12:26:00+05:30,34.35,34.35,33.15,33.5,9950,381800
2024-11-19 12:27:00+05:30,33.54,33.65,33.25,33.6,400,381800
2024-11-19 12:28:00+05:30,33.6,33.6,32.79,33.1,4675,381000
2024-11-19 12:29:00+05:30,33.2,33.2,32.95,32.95,500,381000
2024-11-19 12:30:00+05:30,32.9,33.1,32.6,32.7,1300,381000
2024-11-19 12:31:00+05:30,32.45,33.45,31.95,33.4,2800,382550
2024-11-19 12:32:00+05:30,33.54,34.0,33.54,33.9,475,382550
2024-11-19 12:33:00+05:30,33.7,33.7,33.0,33.2,725,382550
2024-11-19 12:34:00+05:30,33.15,33.75,32.95,33.4,1925,382325
2024-11-19 12:35:00+05:30,33.6,33.85,32.85,33.4,1775,382325
2024-11-19 12:36:00+05:30,33.5,33.85,33.5,33.65,1450,382325
2024-11-19 12:37:00+05:30,34.1,34.1,33.29,33.29,4925,383225
2024-11-19 12:38:00+05:30,33.04,33.45,33.04,33.29,1325,383225
2024-11-19 12:39:00+05:30,33.29,34.0,33.29,33.45,7125,383225
2024-11-19 12:40:00+05:30,33.65,33.75,33.2,33.2,5975,386550
2024-11-19 12:41:00+05:30,33.04,33.04,32.7,32.95,3950,386550
2024-11-19 12:42:00+05:30,32.9,33.2,32.25,32.5,2225,386550
2024-11-19 12:43:00+05:30,31.2,31.3,30.3,31.3,2550,385350
2024-11-19 12:44:00+05:30,31.1,31.25,30.35,30.8,975,385350
2024-11-19 12:45:00+05:30,30.55,30.8,29.45,29.75,9925,385350
2024-11-19 12:46:00+05:30,29.8,30.25,29.5,29.5,2325,384850
2024-11-19 12:47:00+05:30,29.55,31.1,29.55,31.0,8150,384850
2024-11-19 12:48:00+05:30,31.25,31.85,31.2,31.85,2725,384850
2024-11-19 12:49:00+05:30,32.0,32.9,32.0,32.9,1350,385850
2024-11-19 12:50:00+05:30,32.95,33.6,32.85,33.1,6000,385850
2024-11-19 12:51:00+05:30,32.95,33.0,32.65,33.0,350,385850
2024-11-19 12:52:00+05:30,33.5,33.79,33.15,33.29,2600,386500
2024-11-19 12:53:00+05:30,33.2,33.25,32.45,32.5,3625,386500
2024-11-19 12:54:00+05:30,32.5,33.29,32.5,33.15,725,386500
2024-11-19 12:55:00+05:30,33.2,33.2,32.5,32.54,1300,386325
2024-11-19 12:56:00+05:30,32.4,32.95,32.4,32.95,750,386325
2024-11-19 12:57:00+05:30,33.0,33.5,33.0,33.5,325,386325
2024-11-19 12:58:00+05:30,33.2,33.45,33.1,33.2,775,386950
2024-11-19 12:59:00+05:30,33.2,33.35,33.2,33.35,375,386950
2024-11-19 13:00:00+05:30,33.29,34.2,33.29,33.65,11525,386950
2024-11-19 13:01:00+05:30,33.5,34.29,33.5,34.29,550,389000
2024-11-19 13:02:00+05:30,34.45,34.45,34.15,34.29,850,389000
2024-11-19 13:03:00+05:30,34.35,34.35,33.7,33.75,825,389000
2024-11-19 13:04:00+05:30,33.7,33.7,33.0,33.1,10200,389275
2024-11-19 13:05:00+05:30,33.45,34.0,33.45,33.79,1975,389275
2024-11-19 13:06:00+05:30,33.9,33.9,33.7,33.75,900,389275
2024-11-19 13:07:00+05:30,34.0,34.4,33.9,34.4,8250,388600
2024-11-19 13:08:00+05:30,34.65,34.75,34.5,34.5,675,388600
2024-11-19 13:09:00+05:30,34.4,34.85,34.2,34.2,1325,388600
2024-11-19 13:10:00+05:30,34.15,34.54,34.04,34.45,1450,389350
2024-11-19 13:11:00+05:30,34.79,35.4,33.6,33.6,2875,389350
2024-11-19 13:12:00+05:30,33.85,34.35,33.85,34.35,2250,389350
2024-11-19 13:13:00+05:30,34.6,34.6,33.5,33.65,2350,390775
2024-11-19 13:14:00+05:30,33.7,34.4,33.65,34.2,500,390775
2024-11-19 13:15:00+05:30,34.5,34.5,34.2,34.2,225,390775
2024-11-19 13:16:00+05:30,34.45,34.7,34.0,34.0,1250,391025
2024-11-19 13:17:00+05:30,34.65,34.65,33.6,33.65,350,391025
2024-11-19 13:18:00+05:30,33.79,33.79,33.79,33.79,25,391025
2024-11-19 13:19:00+05:30,33.95,34.25,33.95,34.25,575,391625
2024-11-19 13:20:00+05:30,34.2,34.2,34.04,34.04,2025,391625
2024-11-19 13:21:00+05:30,34.04,34.04,34.0,34.0,50,391625
2024-11-19 13:22:00+05:30,33.2,33.65,33.2,33.4,950,393375
2024-11-19 13:23:00+05:30,33.4,33.4,32.79,32.79,9525,393375
2024-11-19 13:24:00+05:30,32.85,33.2,31.8,31.9,8450,393375
2024-11-19 13:25:00+05:30,31.75,31.75,30.9,31.1,4425,387900
2024-11-19 13:26:00+05:30,31.1,31.4,31.1,31.35,450,387900
2024-11-19 13:27:00+05:30,31.7,31.7,31.45,31.7,375,387900
2024-11-19 13:28:00+05:30,32.1,32.6,32.1,32.45,2025,386450
2024-11-19 13:29:00+05:30,32.1,32.1,32.0,32.0,100,386450
2024-11-19 13:30:00+05:30,31.85,33.25,31.85,33.25,900,386450
2024-11-19 13:31:00+05:30,33.0,33.5,32.9,33.25,5300,386325
2024-11-19 13:32:00+05:30,33.5,34.15,33.5,34.0,3650,386325
2024-11-19 13:33:00+05:30,33.85,33.85,33.85,33.85,225,386325
2024-11-19 13:34:00+05:30,34.1,34.25,33.45,33.7,8275,388725
2024-11-19 13:35:00+05:30,33.95,34.04,33.6,33.85,1850,388725
2024-11-19 13:36:00+05:30,33.85,33.85,33.5,33.54,925,388725
2024-11-19 13:37:00+05:30,32.9,32.9,32.35,32.35,1575,391950
2024-11-19 13:38:00+05:30,32.04,33.15,32.04,33.15,1700,391950
2024-11-19 13:39:00+05:30,33.4,33.79,33.4,33.79,400,391950
2024-11-19 13:40:00+05:30,33.65,34.25,33.65,33.85,1400,393150
2024-11-19 13:41:00+05:30,33.75,33.75,32.85,33.1,1400,393150
2024-11-19 13:42:00+05:30,33.1,33.85,33.1,33.7,3700,393150
2024-11-19 13:43:00+05:30,33.6,33.75,33.4,33.45,825,393875
2024-11-19 13:44:00+05:30,33.04,33.04,32.54,32.95,6275,393875
2024-11-19 13:45:00+05:30,33.0,33.2,33.0,33.0,1700,393875
2024-11-19 13:46:00+05:30,33.2,33.79,33.1,33.29,2575,396250
2024-11-19 13:47:00+05:30,33.5,33.79,33.5,33.79,1250,396250
2024-11-19 13:48:00+05:30,34.04,34.25,33.7,33.7,10125,396250
2024-11-19 13:49:00+05:30,33.6,34.0,33.45,34.0,1025,396450
2024-11-19 13:50:00+05:30,34.2,34.45,34.2,34.4,925,396450
2024-11-19 13:51:00+05:30,34.29,34.45,34.0,34.0,1475,396450
2024-11-19 13:52:00+05:30,33.95,33.95,33.65,33.79,1050,397825
2024-11-19 13:53:00+05:30,33.9,34.6,33.65,34.5,625,397825
2024-11-19 13:54:00+05:30,34.35,34.7,34.25,34.7,2225,397825
2024-11-19 13:55:00+05:30,34.79,35.5,34.79,35.29,525,395825
2024-11-19 13:56:00+05:30,35.04,35.1,34.4,34.4,225,395825
2024-11-19 13:57:00+05:30,34.35,34.65,34.29,34.6,2325,395825
2024-11-19 13:58:00+05:30,34.75,35.0,34.45,34.9,200,396325
2024-11-19 13:59:00+05:30,34.6,34.6,33.85,34.2,4125,396325
2024-11-19 14:00:00+05:30,34.4,34.4,33.75,33.75,275,396325
2024-11-19 14:01:00+05:30,33.35,33.35,32.5,32.75,11600,395625
2024-11-19 14:02:00+05:30,32.6,32.85,32.4,32.6,500,395625
2024-11-19 14:03:00+05:30,32.75,32.75,32.29,32.45,5800,395625
2024-11-19 14:04:00+05:30,32.95,33.15,30.9,30.9,9800,391825
2024-11-19 14:05:00+05:30,30.65,31.05,30.5,30.5,10400,391825
2024-11-19 14:06:00+05:30,30.5,30.5,29.2,29.3,6225,391825
2024-11-19 14:07:00+05:30,29.4,30.0,29.3,29.75,1800,384825
2024-11-19 14:08:00+05:30,29.6,29.95,28.0,29.95,23175,384825
2024-11-19 14:09:00+05:30,30.15,30.15,29.15,29.25,4275,384825
2024-11-19 14:10:00+05:30,29.3,30.1,28.6,28.6,21700,381125
2024-11-19 14:11:00+05:30,28.65,28.85,26.5,26.8,17800,381125
2024-11-19 14:12:00+05:30,27.05,27.95,26.5,27.95,8275,381125
2024-11-19 14:13:00+05:30,28.05,28.25,26.95,27.1,16325,387300
2024-11-19 14:14:00+05:30,27.05,27.6,26.8,27.6,9850,387300
2024-11-19 14:15:00+05:30,28.25,29.25,28.0,28.2,11325,387300
2024-11-19 14:16:00+05:30,28.0,28.0,27.0,27.55,7675,391650
2024-11-19 14:17:00+05:30,27.0,27.9,26.4,27.1,15100,391650
2024-11-19 14:18:00+05:30,27.2,28.55,27.2,28.45,3775,391650
2024-11-19 14:19:00+05:30,28.45,28.85,28.4,28.7,2925,392125
2024-11-19 14:20:00+05:30,28.45,28.45,27.55,27.75,950,392125
2024-11-19 14:21:00+05:30,27.5,27.5,26.8,27.3,2175,392125
2024-11-19 14:22:00+05:30,27.25,27.8,27.0,27.8,3450,390425
2024-11-19 14:23:00+05:30,27.85,27.85,27.0,27.35,850,390425
2024-11-19 14:24:00+05:30,27.05,27.6,26.9,27.15,825,390425
2024-11-19 14:25:00+05:30,27.2,27.2,27.0,27.0,2400,390475
2024-11-19 14:26:00+05:30,26.45,26.9,26.25,26.75,1950,390475
2024-11-19 14:27:00+05:30,26.6,26.65,25.2,25.25,13150,390475
2024-11-19 14:28:00+05:30,25.55,25.6,24.9,25.35,7675,392375
2024-11-19 14:29:00+05:30,25.35,25.7,25.2,25.4,3200,392375
2024-11-19 14:30:00+05:30,25.35,25.35,24.8,24.85,3950,392375
2024-11-19 14:31:00+05:30,25.5,26.0,25.45,25.75,1950,393700
2024-11-19 14:32:00+05:30,25.95,25.95,25.4,25.55,2275,393700
2024-11-19 14:33:00+05:30,25.5,25.5,24.65,25.0,8425,393700
2024-11-19 14:34:00+05:30,25.05,25.05,24.3,24.3,5275,395400
2024-11-19 14:35:00+05:30,24.45,24.55,24.25,24.4,2275,395400
2024-11-19 14:36:00+05:30,23.95,24.7,23.8,24.55,3875,395400
2024-11-19 14:37:00+05:30,24.45,24.45,23.95,23.95,1725,396200
2024-11-19 14:38:00+05:30,24.8,24.95,24.4,24.7,2050,396200
2024-11-19 14:39:00+05:30,24.5,24.8,24.4,24.8,2650,396200
2024-11-19 14:40:00+05:30,24.95,24.95,24.95,24.95,425,396200
2024-11-19 14:41:00+05:30,24.85,25.1,24.4,24.4,800,395875
2024-11-19 14:42:00+05:30,24.0,24.0,23.65,23.9,3000,395875
2024-11-19 14:43:00+05:30,23.95,24.3,23.95,24.25,3775,395575
2024-11-19 14:44:00+05:30,24.25,24.4,24.1,24.4,2375,395575
2024-11-19 14:45:00+05:30,24.2,25.75,24.05,25.65,5900,395575
2024-11-19 14:46:00+05:30,25.3,25.3,24.5,24.75,1925,396450
2024-11-19 14:47:00+05:30,24.75,24.85,23.75,23.75,2075,396450
2024-11-19 14:48:00+05:30,23.7,23.9,23.4,23.65,5075,396450
2024-11-19 14:49:00+05:30,23.6,23.8,23.4,23.4,2350,397550
2024-11-19 14:50:00+05:30,23.55,23.7,21.85,21.95,9125,397550
2024-11-19 14:51:00+05:30,21.8,22.0,20.1,20.39,25225,397550
2024-11-19 14:52:00+05:30,20.6,21.0,19.85,21.0,16375,398550
2024-11-19 14:53:00+05:30,20.6,21.0,20.5,20.7,8925,398550
2024-11-19 14:54:00+05:30,20.8,20.8,19.5,19.6,26650,398550
2024-11-19 14:55:00+05:30,19.05,19.6,18.85,19.25,24125,388450
2024-11-19 14:56:00+05:30,19.25,19.39,18.35,18.64,27725,388450
2024-11-19 14:57:00+05:30,18.85,19.2,17.89,18.5,10500,388450
2024-11-19 14:58:00+05:30,18.25,18.85,18.0,18.3,35750,384600
2024-11-19 14:59:00+05:30,18.3,18.39,17.45,17.89,17900,384600
2024-11-19 15:00:00+05:30,17.75,17.8,16.64,17.35,24300,384600
2024-11-19 15:01:00+05:30,17.5,17.7,17.0,17.3,8325,383425
2024-11-19 15:02:00+05:30,17.5,17.5,16.05,16.45,31550,383425
2024-11-19 15:03:00+05:30,16.3,17.1,14.95,16.0,28150,383425
2024-11-19 15:04:00+05:30,15.95,17.25,15.85,16.5,18275,375650
2024-11-19 15:05:00+05:30,16.55,17.3,16.0,17.3,21350,375650
2024-11-19 15:06:00+05:30,16.95,17.0,16.5,17.0,14775,375650
2024-11-19 15:07:00+05:30,17.05,17.85,16.05,16.7,22725,367700
2024-11-19 15:08:00+05:30,16.7,16.8,16.2,16.2,18575,367700
2024-11-19 15:09:00+05:30,16.05,16.1,15.15,15.35,43450,367700
2024-11-19 15:10:00+05:30,15.2,15.5,14.8,15.2,25850,363225
2024-11-19 15:11:00+05:30,15.1,15.2,13.4,13.6,47000,363225
2024-11-19 15:12:00+05:30,13.5,13.7,12.85,12.95,37825,363225
2024-11-19 15:13:00+05:30,13.0,13.75,12.9,13.75,41850,361750
2024-11-19 15:14:00+05:30,13.8,13.95,13.5,13.95,17700,361750
2024-11-19 15:15:00+05:30,14.05,14.25,12.9,13.05,29600,361750
2024-11-19 15:16:00+05:30,13.0,13.95,12.95,13.95,19900,375200
2024-11-19 15:17:00+05:30,14.0,14.55,13.9,13.9,14575,375200
2024-11-19 15:18:00+05:30,13.95,14.2,13.5,14.2,34600,375200
2024-11-19 15:19:00+05:30,14.5,15.35,14.5,15.0,17025,379000
2024-11-19 15:20:00+05:30,15.2,15.65,15.05,15.45,18275,379000
2024-11-19 15:21:00+05:30,15.2,15.2,14.3,14.35,9300,379000
2024-11-19 15:22:00+05:30,14.45,14.75,14.0,14.75,8175,391750
2024-11-19 15:23:00+05:30,14.65,14.9,14.2,14.35,7200,391750
2024-11-19 15:24:00+05:30,14.45,14.45,12.7,13.1,28525,391750
2024-11-19 15:25:00+05:30,13.0,13.1,11.6,11.95,50350,419325
2024-11-19 15:26:00+05:30,12.0,13.2,11.3,13.2,21225,419325
2024-11-19 15:27:00+05:30,13.3,13.65,12.6,13.05,23525,419325
2024-11-19 15:28:00+05:30,13.05,13.2,12.45,12.45,19000,432375
2024-11-19 15:29:00+05:30,12.6,12.9,12.0,12.85,15650,432375
2024-11-21 09:15:00+05:30,11.9,12.0,8.55,11.4,30775,428150
2024-11-21 09:16:00+05:30,11.2,11.3,10.19,10.6,25875,428150
2024-11-21 09:17:00+05:30,10.75,11.35,10.3,11.1,38900,428150
2024-11-21 09:18:00+05:30,11.05,11.05,9.69,9.69,44950,420275
2024-11-21 09:19:00+05:30,9.9,10.4,9.4,9.44,68900,420275
2024-11-21 09:20:00+05:30,9.5,10.19,9.1,10.0,36550,420275
2024-11-21 09:21:00+05:30,10.19,10.65,10.0,10.5,19850,426125
2024-11-21 09:22:00+05:30,10.45,10.45,9.65,10.1,14375,426125
2024-11-21 09:23:00+05:30,10.05,10.25,9.5,9.5,27750,426125
2024-11-21 09:24:00+05:30,9.5,9.5,8.75,8.9,22525,428125
2024-11-21 09:25:00+05:30,8.85,8.94,8.35,8.35,16625,428125
2024-11-21 09:26:00+05:30,8.4,8.6,8.0,8.19,27725,428125
2024-11-21 09:27:00+05:30,8.3,8.85,8.15,8.85,21050,422975
2024-11-21 09:28:00+05:30,8.85,8.9,7.9,8.25,18150,422975
2024-11-21 09:29:00+05:30,8.25,8.25,7.6,8.0,19350,422975
2024-11-21 09:30:00+05:30,8.15,8.15,7.35,7.5,13850,422450
2024-11-21 09:31:00+05:30,7.35,7.6,7.2,7.3,31925,422450
2024-11-21 09:32:00+05:30,7.2,7.2,6.8,6.8,33625,422450
2024-11-21 09:33:00+05:30,6.85,6.9,6.65,6.7,26475,409575
2024-11-21 09:34:00+05:30,6.7,6.8,6.65,6.8,19325,409575
2024-11-21 09:35:00+05:30,6.8,6.95,6.55,6.6,14400,409575
2024-11-21 09:36:00+05:30,6.5,6.55,6.3,6.4,14475,420775
2024-11-21 09:37:00+05:30,6.4,6.45,6.15,6.2,16275,420775
2024-11-21 09:38:00+05:30,6.1,6.2,6.0,6.2,10400,420775
2024-11-21 09:39:00+05:30,6.15,6.35,6.1,6.2,6700,421900
2024-11-21 09:40:00+05:30,6.2,6.3,5.95,6.05,7975,421900
2024-11-21 09:41:00+05:30,6.05,6.2,5.9,6.15,11850,421900
2024-11-21 09:42:00+05:30,6.3,6.3,6.25,6.3,4525,414850
2024-11-21 09:43:00+05:30,6.3,6.7,6.2,6.7,8200,414850
2024-11-21 09:44:00+05:30,6.8,6.8,6.65,6.65,5025,414850
2024-11-21 09:45:00+05:30,6.5,6.9,6.4,6.85,2950,417125
2024-11-21 09:46:00+05:30,6.95,7.0,6.85,6.95,7550,417125
2024-11-21 09:47:00+05:30,7.05,7.05,6.85,6.9,4850,417125
2024-11-21 09:48:00+05:30,6.9,6.95,6.45,6.45,5275,412300
2024-11-21 09:49:00+05:30,6.5,6.5,6.25,6.25,5775,412300
2024-11-21 09:50:00+05:30,6.25,6.8,6.25,6.5,8300,412300
2024-11-21 09:51:00+05:30,6.5,6.9,6.45,6.9,4475,418300
2024-11-21 09:52:00+05:30,6.9,7.1,6.9,7.0,12250,418300
2024-11-21 09:53:00+05:30,7.0,7.0,6.7,6.75,8025,418300
2024-11-21 09:54:00+05:30,6.75,7.2,6.75,7.1,5325,414225
2024-11-21 09:55:00+05:30,6.95,6.95,6.7,6.7,3350,414225
2024-11-21 09:56:00+05:30,6.6,7.05,6.6,7.05,8650,414225
2024-11-21 09:57:00+05:30,7.1,7.1,6.85,6.85,7175,414250
2024-11-21 09:58:00+05:30,6.8,6.85,6.75,6.85,1350,414250
2024-11-21 09:59:00+05:30,6.8,6.9,6.7,6.8,18725,414250
2024-11-21 10:00:00+05:30,6.7,6.7,6.45,6.45,2250,413375
2024-11-21 10:01:00+05:30,6.4,6.45,6.25,6.35,4100,413375
2024-11-21 10:02:00+05:30,6.5,7.2,6.5,7.15,5000,413375
2024-11-21 10:03:00+05:30,7.2,7.45,6.85,6.9,9175,415775
2024-11-21 10:04:00+05:30,6.9,7.2,6.9,7.2,3225,415775
2024-11-21 10:05:00+05:30,7.2,7.65,7.15,7.65,7575,415775
2024-11-21 10:06:00+05:30,7.65,8.4,7.65,8.3,19775,417950
2024-11-21 10:07:00+05:30,8.0,8.0,7.1,7.1,8625,417950
2024-11-21 10:08:00+05:30,7.15,7.35,7.1,7.1,5125,417950
2024-11-21 10:09:00+05:30,7.05,7.05,6.75,6.8,8925,422000
2024-11-21 10:10:00+05:30,6.8,6.9,6.6,6.6,5775,422000
2024-11-21 10:11:00+05:30,6.8,7.2,6.8,7.2,1375,422000
2024-11-21 10:12:00+05:30,7.35,7.65,7.2,7.65,2400,422000
2024-11-21 10:13:00+05:30,7.4,7.4,7.05,7.1,7125,423775
2024-11-21 10:14:00+05:30,7.0,7.0,6.85,6.9,775,423775
2024-11-21 10:15:00+05:30,6.85,6.9,6.8,6.8,1050,423775
2024-11-21 10:16:00+05:30,6.9,6.95,6.85,6.85,1625,426075
2024-11-21 10:17:00+05:30,7.05,7.05,6.9,6.9,1050,426075
2024-11-21 10:18:00+05:30,7.0,7.0,6.85,6.85,875,426075
2024-11-21 10:19:00+05:30,6.85,6.95,6.85,6.95,3950,426500
2024-11-21 10:20:00+05:30,6.9,7.1,6.9,7.05,4800,426500
2024-11-21 10:21:00+05:30,7.1,7.1,7.0,7.0,425,424700
2024-11-21 10:22:00+05:30,7.1,7.1,7.0,7.0,1475,424700
2024-11-21 10:23:00+05:30,6.9,7.15,6.9,7.15,175,424700
2024-11-21 10:24:00+05:30,7.15,7.45,7.15,7.25,3750,424100
2024-11-21 10:25:00+05:30,7.3,7.3,7.2,7.2,3925,424100
2024-11-21 10:26:00+05:30,7.15,7.15,7.0,7.0,1650,424100
2024-11-21 10:27:00+05:30,7.0,7.0,7.0,7.0,25,427300
2024-11-21 10:28:00+05:30,6.95,7.0,6.95,6.95,350,427300
2024-11-21 10:29:00+05:30,7.1,7.1,6.85,6.95,3650,427300
2024-11-21 10:30:00+05:30,7.0,7.15,7.0,7.1,4800,427300
2024-11-21 10:31:00+05:30,7.1,7.2,6.95,7.2,4375,429575
2024-11-21 10:32:00+05:30,7.1,7.15,7.1,7.15,5250,429575
2024-11-21 10:33:00+05:30,7.1,7.2,7.05,7.15,4075,436150
2024-11-21 10:34:00+05:30,7.0,7.1,6.8,6.8,2400,436150
2024-11-21 10:35:00+05:30,6.85,6.95,6.8,6.95,9125,436150
2024-11-21 10:36:00+05:30,6.95,6.95,6.8,6.8,4450,445100
2024-11-21 10:37:00+05:30,6.8,6.8,6.5,6.5,1375,445100
2024-11-21 10:38:00+05:30,6.5,6.5,6.5,6.5,450,445100
2024-11-21 10:39:00+05:30,6.4,6.5,6.4,6.4,2600,447275
2024-11-21 10:40:00+05:30,6.35,6.4,6.3,6.3,2325,447275
2024-11-21 10:41:00+05:30,6.35,6.35,6.3,6.3,3725,447275
2024-11-21 10:42:00+05:30,6.3,6.4,6.3,6.3,1575,447275
2024-11-21 10:43:00+05:30,6.3,6.35,6.3,6.35,375,448000
2024-11-21 10:44:00+05:30,6.4,6.4,6.4,6.4,2900,448000
2024-11-21 10:45:00+05:30,6.45,6.5,6.45,6.5,650,448000
2024-11-21 10:46:00+05:30,6.5,6.5,6.4,6.4,1800,448375
2024-11-21 10:47:00+05:30,6.5,6.5,6.5,6.5,2675,448375
2024-11-21 10:48:00+05:30,6.5,6.6,6.5,6.55,5025,448375
2024-11-21 10:49:00+05:30,6.55,6.7,6.55,6.7,14150,447800
2024-11-21 10:50:00+05:30,6.6,6.6,6.5,6.5,6000,447800
2024-11-21 10:51:00+05:30,6.5,6.7,6.5,6.65,5175,447800
2024-11-21 10:52:00+05:30,6.65,6.65,6.6,6.6,500,463025
2024-11-21 10:53:00+05:30,6.65,6.65,6.5,6.5,7725,463025
2024-11-21 10:54:00+05:30,6.5,6.6,6.45,6.55,23450,465775
2024-11-21 10:55:00+05:30,6.6,6.6,6.5,6.5,23650,465775
2024-11-21 10:56:00+05:30,6.6,6.7,6.6,6.7,6000,465775
2024-11-21 10:57:00+05:30,6.7,6.7,6.65,6.65,13375,465775
2024-11-21 10:58:00+05:30,6.65,6.75,6.55,6.55,28775,488700
2024-11-21 10:59:00+05:30,6.5,6.5,6.4,6.4,39025,488700
2024-11-21 11:00:00+05:30,6.4,6.4,6.3,6.3,28750,538500
2024-11-21 11:01:00+05:30,6.35,6.45,6.35,6.45,2575,538500
2024-11-21 11:02:00+05:30,6.45,6.45,6.45,6.45,0,0
2024-11-21 11:03:00+05:30,6.55,6.55,6.55,6.55,700,538500
2024-11-21 11:04:00+05:30,6.6,6.65,6.6,6.65,1175,550750
2024-11-21 11:05:00+05:30,6.65,6.65,6.55,6.6,3400,550750
2024-11-21 11:06:00+05:30,6.6,6.6,6.45,6.45,1975,550750
2024-11-21 11:07:00+05:30,6.45,6.5,6.45,6.45,1250,551725
2024-11-21 11:08:00+05:30,6.4,6.45,6.4,6.45,1075,551725
2024-11-21 11:09:00+05:30,6.45,6.45,6.45,6.45,250,551375
2024-11-21 11:10:00+05:30,6.55,6.55,6.5,6.5,425,551375
2024-11-21 11:11:00+05:30,6.45,6.55,6.35,6.4,950,551375
2024-11-21 11:12:00+05:30,6.45,6.45,6.35,6.45,1225,551375
2024-11-21 11:13:00+05:30,6.45,6.6,6.45,6.6,2350,550425
2024-11-21 11:14:00+05:30,6.65,6.7,6.6,6.7,3250,550425
2024-11-21 11:15:00+05:30,6.65,6.7,6.6,6.7,2925,550425
2024-11-21 11:16:00+05:30,6.75,6.75,6.7,6.75,900,547775
2024-11-21 11:17:00+05:30,6.75,6.8,6.65,6.75,825,547775
2024-11-21 11:18:00+05:30,6.75,6.75,6.65,6.65,3075,547775
2024-11-21 11:19:00+05:30,6.8,6.8,6.8,6.8,50,549550
2024-11-21 11:20:00+05:30,6.95,7.1,6.95,7.05,2225,549550
2024-11-21 11:21:00+05:30,7.2,7.2,7.05,7.05,5575,549550
2024-11-21 11:22:00+05:30,7.05,7.05,7.05,7.05,0,0
2024-11-21 11:23:00+05:30,7.15,7.5,7.15,7.35,3250,547750
2024-11-21 11:24:00+05:30,7.35,7.35,7.15,7.15,4575,547750
2024-11-21 11:25:00+05:30,7.05,7.1,7.05,7.1,2625,551400
2024-11-21 11:26:00+05:30,7.1,7.1,6.95,7.0,7800,551400
2024-11-21 11:27:00+05:30,7.0,7.05,6.9,6.9,11500,551400
2024-11-21 11:28:00+05:30,6.95,6.95,6.95,6.95,100,538850
2024-11-21 11:29:00+05:30,7.0,7.05,7.0,7.05,200,538850
2024-11-21 11:30:00+05:30,7.05,7.05,7.0,7.05,425,538850
2024-11-21 11:31:00+05:30,7.0,7.1,7.0,7.05,250,538750
2024-11-21 11:32:00+05:30,7.0,7.0,7.0,7.0,3350,538750
2024-11-21 11:33:00+05:30,7.0,7.05,7.0,7.0,525,538750
2024-11-21 11:34:00+05:30,7.0,7.0,6.9,6.9,1300,538775
2024-11-21 11:35:00+05:30,6.85,6.9,6.85,6.9,925,538775
2024-11-21 11:36:00+05:30,6.85,6.95,6.85,6.95,4875,538775
2024-11-21 11:37:00+05:30,6.9,6.9,6.75,6.75,8425,540000
2024-11-21 11:38:00+05:30,6.75,6.75,6.7,6.75,2400,540000
2024-11-21 11:39:00+05:30,6.75,6.75,6.75,6.75,550,540000
2024-11-21 11:40:00+05:30,6.8,6.8,6.75,6.8,1425,540800
2024-11-21 11:41:00+05:30,6.75,6.75,6.7,6.7,1700,540800
2024-11-21 11:42:00+05:30,6.7,6.85,6.7,6.85,6600,540800
2024-11-21 11:43:00+05:30,6.9,6.9,6.8,6.8,825,539675
2024-11-21 11:44:00+05:30,6.9,6.95,6.9,6.9,950,539675
2024-11-21 11:45:00+05:30,7.05,7.1,7.05,7.1,150,539675
2024-11-21 11:46:00+05:30,7.05,7.1,6.95,7.0,3600,539650
2024-11-21 11:47:00+05:30,7.0,7.05,7.0,7.05,1300,539650
2024-11-21 11:48:00+05:30,7.05,7.05,7.05,7.05,125,539650
2024-11-21 11:49:00+05:30,7.15,7.15,7.1,7.1,3025,537525
2024-11-21 11:50:00+05:30,7.1,7.15,7.1,7.15,3075,537525
2024-11-21 11:51:00+05:30,7.15,7.15,7.15,7.15,175,537525
2024-11-21 11:52:00+05:30,7.15,7.3,7.15,7.2,4450,539925
2024-11-21 11:53:00+05:30,7.2,7.3,7.1,7.1,1075,539925
2024-11-21 11:54:00+05:30,7.15,7.2,7.15,7.15,2875,539925
2024-11-21 11:55:00+05:30,7.2,7.2,7.2,7.2,75,540275
2024-11-21 11:56:00+05:30,7.2,7.2,7.2,7.2,0,0
2024-11-21 11:57:00+05:30,7.35,7.35,7.2,7.2,1350,540275
2024-11-21 11:58:00+05:30,7.3,7.4,7.3,7.4,2100,541225
2024-11-21 11:59:00+05:30,7.6,7.65,7.55,7.65,875,541225
2024-11-21 12:00:00+05:30,7.7,8.19,7.7,8.15,10650,541225
2024-11-21 12:01:00+05:30,8.3,8.35,8.15,8.19,3900,542100
2024-11-21 12:02:00+05:30,8.1,8.44,7.9,8.44,650,542100
2024-11-21 12:03:00+05:30,8.44,8.44,8.15,8.15,3700,542100
2024-11-21 12:04:00+05:30,8.1,8.1,7.85,7.95,6600,541350
2024-11-21 12:05:00+05:30,8.1,8.25,8.05,8.05,6275,541350
2024-11-21 12:06:00+05:30,8.05,8.1,7.4,7.4,8050,541350
2024-11-21 12:07:00+05:30,7.5,7.55,7.5,7.5,850,549275
2024-11-21 12:08:00+05:30,7.45,7.45,7.2,7.2,2000,549275
2024-11-21 12:09:00+05:30,7.3,7.3,7.3,7.3,125,549275
2024-11-21 12:10:00+05:30,7.3,7.3,7.3,7.3,0,0
2024-11-21 12:11:00+05:30,7.3,7.3,7.3,7.3,1250,548750
2024-11-21 12:12:00+05:30,7.2,7.45,7.2,7.35,4375,548750
2024-11-21 12:13:00+05:30,7.4,7.45,7.35,7.35,100,550950
2024-11-21 12:14:00+05:30,7.3,7.3,7.3,7.3,1075,550950
2024-11-21 12:15:00+05:30,7.25,7.4,7.25,7.4,3450,550950
2024-11-21 12:16:00+05:30,7.4,7.4,7.4,7.4,50,553925
2024-11-21 12:17:00+05:30,7.35,7.35,7.35,7.35,50,553925
2024-11-21 12:18:00+05:30,7.4,7.4,7.35,7.35,1100,553925
2024-11-21 12:19:00+05:30,7.4,7.4,7.4,7.4,75,554000
2024-11-21 12:20:00+05:30,7.4,7.4,7.35,7.4,2725,554000
2024-11-21 12:21:00+05:30,7.3,7.5,7.3,7.4,600,554000
2024-11-21 12:22:00+05:30,7.4,7.65,7.35,7.55,5450,556075
2024-11-21 12:23:00+05:30,7.55,7.6,7.4,7.4,4600,556075
2024-11-21 12:24:00+05:30,7.4,7.4,7.25,7.25,1550,556075
2024-11-21 12:25:00+05:30,7.35,7.4,7.35,7.4,350,553250
2024-11-21 12:26:00+05:30,7.3,7.3,7.25,7.25,5000,553250
2024-11-21 12:27:00+05:30,7.3,7.3,7.15,7.25,7950,553250
2024-11-21 12:28:00+05:30,7.15,7.25,7.15,7.15,525,557825
2024-11-21 12:29:00+05:30,7.15,7.2,7.15,7.2,800,557825
2024-11-21 12:30:00+05:30,7.2,7.2,7.0,7.0,4000,557825
2024-11-21 12:31:00+05:30,7.05,7.3,6.85,7.2,15175,561025
2024-11-21 12:32:00+05:30,7.25,7.25,7.2,7.25,2050,561025
2024-11-21 12:33:00+05:30,7.2,7.2,7.0,7.0,2575,561025
2024-11-21 12:34:00+05:30,7.0,7.0,6.95,7.0,325,552950
2024-11-21 12:35:00+05:30,6.95,7.0,6.95,6.95,1925,552950
2024-11-21 12:36:00+05:30,7.0,7.0,7.0,7.0,100,552950
2024-11-21 12:37:00+05:30,6.9,6.9,6.8,6.8,1125,554400
2024-11-21 12:38:00+05:30,6.7,6.7,6.7,6.7,1200,554400
2024-11-21 12:39:00+05:30,6.75,6.75,6.75,6.75,100,554400
2024-11-21 12:40:00+05:30,6.75,6.75,6.65,6.65,125,554425
2024-11-21 12:41:00+05:30,6.65,6.65,6.65,6.65,250,554425
2024-11-21 12:42:00+05:30,6.7,6.7,6.7,6.7,325,554425
2024-11-21 12:43:00+05:30,6.65,6.95,6.65,6.9,5225,554425
2024-11-21 12:44:00+05:30,6.85,6.85,6.7,6.75,1700,554425
2024-11-21 12:45:00+05:30,6.75,6.8,6.7,6.7,75,554425
2024-11-21 12:46:00+05:30,6.7,6.7,6.7,6.7,50,554425
2024-11-21 12:47:00+05:30,6.6,6.7,6.6,6.7,3775,553850
2024-11-21 12:48:00+05:30,6.7,6.7,6.55,6.65,1800,553850
2024-11-21 12:49:00+05:30,6.55,6.8,6.55,6.75,3300,553875
2024-11-21 12:50:00+05:30,6.8,6.8,6.75,6.75,1200,553875
2024-11-21 12:51:00+05:30,6.75,6.8,6.7,6.7,1600,553875
2024-11-21 12:52:00+05:30,6.7,6.75,6.65,6.7,700,553325
2024-11-21 12:53:00+05:30,6.6,6.7,6.6,6.7,550,553325
2024-11-21 12:54:00+05:30,6.6,6.6,6.55,6.55,1000,553325
2024-11-21 12:55:00+05:30,6.55,6.6,6.5,6.6,475,553400
2024-11-21 12:56:00+05:30,6.45,6.5,6.3,6.3,1700,553400
2024-11-21 12:57:00+05:30,6.3,6.8,6.3,6.8,9750,553400
2024-11-21 12:58:00+05:30,6.7,6.75,6.4,6.4,5675,549700
2024-11-21 12:59:00+05:30,6.45,6.45,6.35,6.35,3550,549700
2024-11-21 13:00:00+05:30,6.4,6.95,6.2,6.2,12075,549700
2024-11-21 13:01:00+05:30,6.15,6.15,6.0,6.0,5725,550350
2024-11-21 13:02:00+05:30,6.0,6.15,5.95,6.15,11575,550350
2024-11-21 13:03:00+05:30,6.2,6.2,6.15,6.15,800,550350
2024-11-21 13:04:00+05:30,6.2,6.35,6.2,6.25,975,546200
2024-11-21 13:05:00+05:30,6.25,7.0,6.2,7.0,10675,546200
2024-11-21 13:06:00+05:30,7.1,7.5,7.05,7.2,15375,546200
2024-11-21 13:07:00+05:30,7.15,7.3,6.85,6.85,7950,549275
2024-11-21 13:08:00+05:30,6.85,6.9,6.3,6.55,6250,549275
2024-11-21 13:09:00+05:30,6.6,7.15,6.6,7.0,14950,549275
2024-11-21 13:10:00+05:30,6.95,7.05,6.55,6.6,3100,549325
2024-11-21 13:11:00+05:30,6.65,6.75,6.6,6.75,600,549325
2024-11-21 13:12:00+05:30,6.85,6.85,6.75,6.85,225,549325
2024-11-21 13:13:00+05:30,6.45,6.45,6.15,6.2,21850,553175
2024-11-21 13:14:00+05:30,6.15,6.2,6.1,6.2,675,553175
2024-11-21 13:15:00+05:30,6.25,6.3,6.25,6.3,13150,553175
2024-11-21 13:16:00+05:30,6.2,6.35,6.2,6.35,2375,554825
2024-11-21 13:17:00+05:30,6.35,6.65,6.35,6.65,350,554825
2024-11-21 13:18:00+05:30,6.8,6.9,6.4,6.4,5375,554825
2024-11-21 13:19:00+05:30,6.45,6.5,6.45,6.5,1025,557350
2024-11-21 13:20:00+05:30,6.6,6.6,6.6,6.6,300,557350
2024-11-21 13:21:00+05:30,6.65,6.8,6.65,6.75,5025,557350
2024-11-21 13:22:00+05:30,6.75,6.8,6.7,6.7,2550,557700
2024-11-21 13:23:00+05:30,6.7,6.7,6.7,6.7,600,557700
2024-11-21 13:24:00+05:30,6.6,6.65,6.55,6.55,525,557700
2024-11-21 13:25:00+05:30,6.65,6.7,6.65,6.65,300,557050
2024-11-21 13:26:00+05:30,6.65,6.85,6.65,6.85,3325,557050
2024-11-21 13:27:00+05:30,6.9,6.9,6.85,6.85,475,557050
2024-11-21 13:28:00+05:30,6.9,7.05,6.85,7.0,1575,558200
2024-11-21 13:29:00+05:30,7.05,7.05,6.95,7.0,2925,558200
2024-11-21 13:30:00+05:30,7.05,7.3,7.05,7.1,2475,558200
2024-11-21 13:31:00+05:30,7.05,7.05,7.0,7.0,1500,558450
2024-11-21 13:32:00+05:30,7.0,7.0,6.95,6.95,150,558450
2024-11-21 13:33:00+05:30,7.05,7.05,7.0,7.0,450,558450
2024-11-21 13:34:00+05:30,6.95,6.95,6.9,6.95,750,558950
2024-11-21 13:35:00+05:30,6.95,6.95,6.8,6.85,2050,558950
2024-11-21 13:36:00+05:30,6.7,6.8,6.7,6.8,100,558950
2024-11-21 13:37:00+05:30,6.8,6.9,6.8,6.9,125,558525
2024-11-21 13:38:00+05:30,6.95,7.25,6.75,7.25,7650,558525
2024-11-21 13:39:00+05:30,7.45,7.45,7.1,7.1,4950,558525
2024-11-21 13:40:00+05:30,6.9,7.0,6.9,6.95,275,558075
2024-11-21 13:41:00+05:30,7.0,7.0,6.95,6.95,400,558075
2024-11-21 13:42:00+05:30,7.0,7.0,6.9,6.9,1225,558075
2024-11-21 13:43:00+05:30,6.8,6.85,6.8,6.85,3425,556975
2024-11-21 13:44:00+05:30,6.85,6.85,6.85,6.85,0,0
2024-11-21 13:45:00+05:30,6.85,6.85,6.85,6.85,0,0
2024-11-21 13:46:00+05:30,6.8,6.8,6.7,6.7,1100,556100
2024-11-21 13:47:00+05:30,6.7,6.7,6.7,6.7,300,556100
2024-11-21 13:48:00+05:30,6.7,6.7,6.65,6.7,3800,556100
2024-11-21 13:49:00+05:30,6.9,7.0,6.9,7.0,7075,551400
2024-11-21 13:50:00+05:30,7.0,7.1,7.0,7.0,4475,551400
2024-11-21 13:51:00+05:30,7.0,7.15,7.0,7.15,2300,551400
2024-11-21 13:52:00+05:30,7.0,7.0,6.85,6.9,2175,556650
2024-11-21 13:53:00+05:30,6.9,6.9,6.9,6.9,0,0
2024-11-21 13:54:00+05:30,6.9,6.9,6.9,6.9,0,0
2024-11-21 13:55:00+05:30,6.85,6.85,6.85,6.85,100,556650
2024-11-21 13:56:00+05:30,6.75,6.75,6.65,6.65,2650,556575
2024-11-21 13:57:00+05:30,6.6,6.65,6.6,6.6,2200,556575
2024-11-21 13:58:00+05:30,6.75,6.9,6.65,6.9,6900,555750
2024-11-21 13:59:00+05:30,6.75,6.85,6.75,6.75,1975,555750
2024-11-21 14:00:00+05:30,6.7,7.45,6.7,7.45,14200,555750
2024-11-21 14:01:00+05:30,7.4,7.4,7.15,7.2,2425,553825
2024-11-21 14:02:00+05:30,7.05,7.05,6.85,6.85,1000,553825
2024-11-21 14:03:00+05:30,6.75,6.75,6.75,6.75,350,553825
2024-11-21 14:04:00+05:30,6.75,6.75,6.65,6.65,1825,552100
2024-11-21 14:05:00+05:30,6.75,6.75,6.7,6.7,450,552100
2024-11-21 14:06:00+05:30,6.7,6.75,6.7,6.75,475,552100
2024-11-21 14:07:00+05:30,6.6,6.65,6.6,6.65,1250,551725
2024-11-21 14:08:00+05:30,6.6,6.65,6.45,6.45,2050,551725
2024-11-21 14:09:00+05:30,6.4,6.5,6.4,6.5,1975,551725
2024-11-21 14:10:00+05:30,6.5,6.55,6.5,6.5,350,551475
2024-11-21 14:11:00+05:30,6.5,6.5,6.5,6.5,0,0
2024-11-21 14:12:00+05:30,6.55,6.55,6.5,6.5,1525,551475
2024-11-21 14:13:00+05:30,6.3,6.3,6.15,6.2,275,551600
2024-11-21 14:14:00+05:30,6.25,6.25,6.15,6.15,1975,551600
2024-11-21 14:15:00+05:30,6.05,6.5,6.05,6.45,8200,551600
2024-11-21 14:16:00+05:30,6.55,6.55,6.5,6.55,625,550300
2024-11-21 14:17:00+05:30,6.5,6.5,6.5,6.5,150,550300
2024-11-21 14:18:00+05:30,6.5,6.55,6.4,6.55,575,550300
2024-11-21 14:19:00+05:30,6.55,6.6,6.5,6.6,5125,555750
2024-11-21 14:20:00+05:30,6.6,6.6,6.4,6.45,4975,555750
2024-11-21 14:21:00+05:30,6.45,6.55,6.45,6.5,775,555750
2024-11-21 14:22:00+05:30,6.55,6.6,6.5,6.5,150,556500
2024-11-21 14:23:00+05:30,6.5,6.6,6.5,6.55,775,556500
2024-11-21 14:24:00+05:30,6.5,6.5,6.5,6.5,500,556500
2024-11-21 14:25:00+05:30,6.55,6.65,6.55,6.55,1600,556750
2024-11-21 14:26:00+05:30,6.6,6.65,6.45,6.45,1500,556750
2024-11-21 14:27:00+05:30,6.45,6.45,6.2,6.2,1050,556750
2024-11-21 14:28:00+05:30,6.2,6.2,6.15,6.15,1200,556750
2024-11-21 14:29:00+05:30,6.2,6.2,6.15,6.2,2850,555050
2024-11-21 14:30:00+05:30,6.2,6.25,6.2,6.25,1350,555050
2024-11-21 14:31:00+05:30,6.25,6.35,6.25,6.25,625,553225
2024-11-21 14:32:00+05:30,6.2,6.4,6.1,6.4,2550,553225
2024-11-21 14:33:00+05:30,6.45,6.5,6.45,6.5,450,553225
2024-11-21 14:34:00+05:30,6.4,6.5,6.4,6.45,650,554125
2024-11-21 14:35:00+05:30,6.5,6.5,6.4,6.4,5450,554125
2024-11-21 14:36:00+05:30,6.45,6.45,6.4,6.4,100,554125
2024-11-21 14:37:00+05:30,6.5,6.5,6.4,6.4,550,557475
2024-11-21 14:38:00+05:30,6.35,6.4,6.3,6.3,550,557475
2024-11-21 14:39:00+05:30,6.3,6.3,6.2,6.2,3000,557475
2024-11-21 14:40:00+05:30,6.2,6.25,6.15,6.2,1025,558375
2024-11-21 14:41:00+05:30,6.05,6.15,6.05,6.05,2675,558375
2024-11-21 14:42:00+05:30,6.1,6.2,6.1,6.2,4625,558375
2024-11-21 14:43:00+05:30,6.15,6.25,6.15,6.15,4575,557450
2024-11-21 14:44:00+05:30,6.2,6.35,6.15,6.35,1025,557450
2024-11-21 14:45:00+05:30,6.35,6.45,6.35,6.35,275,557450
2024-11-21 14:46:00+05:30,6.35,6.35,6.15,6.15,625,557450
2024-11-21 14:47:00+05:30,6.15,6.15,6.05,6.05,6175,557275
2024-11-21 14:48:00+05:30,6.15,6.2,6.1,6.2,7375,557275
2024-11-21 14:49:00+05:30,6.2,6.3,6.2,6.25,5400,548150
2024-11-21 14:50:00+05:30,6.25,6.35,6.1,6.1,7425,548150
2024-11-21 14:51:00+05:30,6.2,6.25,6.15,6.25,6350,548150
2024-11-21 14:52:00+05:30,6.25,6.3,6.2,6.3,7875,548150
2024-11-21 14:53:00+05:30,6.2,6.3,6.15,6.15,2200,567000
2024-11-21 14:54:00+05:30,6.25,6.25,6.05,6.05,3650,567000
2024-11-21 14:55:00+05:30,6.05,6.1,6.05,6.1,1250,567950
2024-11-21 14:56:00+05:30,6.1,6.1,6.0,6.0,1975,567950
2024-11-21 14:57:00+05:30,6.0,6.05,5.9,6.05,37325,567950
2024-11-21 14:58:00+05:30,6.05,6.05,5.8,5.85,10150,547225
2024-11-21 14:59:00+05:30,5.8,5.9,5.65,5.85,9000,547225
2024-11-21 15:00:00+05:30,5.8,5.8,5.7,5.7,4550,547225
2024-11-21 15:01:00+05:30,5.55,5.8,5.55,5.75,5800,545000
2024-11-21 15:02:00+05:30,5.75,5.75,5.5,5.5,10225,545000
2024-11-21 15:03:00+05:30,5.5,5.6,5.35,5.6,56425,545000
2024-11-21 15:04:00+05:30,5.55,5.65,5.4,5.6,45400,509850
2024-11-21 15:05:00+05:30,5.6,5.75,5.5,5.55,16800,509850
2024-11-21 15:06:00+05:30,5.55,5.6,5.5,5.6,1725,509850
2024-11-21 15:07:00+05:30,5.6,5.6,5.5,5.5,5700,489300
2024-11-21 15:08:00+05:30,5.55,5.75,5.55,5.65,4375,489300
2024-11-21 15:09:00+05:30,5.7,5.75,5.3,5.35,8750,489300
2024-11-21 15:10:00+05:30,5.5,5.6,5.4,5.6,10125,490575
2024-11-21 15:11:00+05:30,5.6,5.7,5.35,5.45,6675,490575
2024-11-21 15:12:00+05:30,5.5,5.5,5.4,5.45,6925,490575
2024-11-21 15:13:00+05:30,5.4,5.5,5.3,5.5,5375,491375
2024-11-21 15:14:00+05:30,5.5,5.55,5.25,5.4,6725,491375
2024-11-21 15:15:00+05:30,5.4,5.55,5.3,5.35,28075,491375
2024-11-21 15:16:00+05:30,5.35,5.4,5.3,5.3,12325,493575
2024-11-21 15:17:00+05:30,5.3,5.45,5.2,5.2,16100,493575
2024-11-21 15:18:00+05:30,5.2,5.3,5.15,5.3,16150,493575
2024-11-21 15:19:00+05:30,5.3,5.4,5.15,5.2,12875,510125
2024-11-21 15:20:00+05:30,5.25,5.3,5.09,5.09,12450,510125
2024-11-21 15:21:00+05:30,5.05,5.2,5.05,5.15,8475,510125
2024-11-21 15:22:00+05:30,5.25,5.25,5.05,5.2,16850,511275
2024-11-21 15:23:00+05:30,5.3,5.3,5.05,5.2,15925,511275
2024-11-21 15:24:00+05:30,5.15,5.25,5.05,5.25,9100,511275
2024-11-21 15:25:00+05:30,5.25,5.3,5.05,5.05,7125,519950
2024-11-21 15:26:00+05:30,5.05,5.15,5.05,5.05,5100,519950
2024-11-21 15:27:00+05:30,5.09,5.25,5.09,5.25,6925,519950
2024-11-21 15:28:00+05:30,5.25,5.25,5.15,5.2,18725,523000
2024-11-21 15:29:00+05:30,5.2,5.25,5.0,5.09,8950,523000
2024-11-22 09:15:00+05:30,5.55,6.9,5.35,5.95,46675,529325
2024-11-22 09:16:00+05:30,6.15,6.45,5.95,6.0,94500,529325
2024-11-22 09:17:00+05:30,5.9,6.1,5.7,6.1,35875,529325
2024-11-22 09:18:00+05:30,6.1,6.15,5.95,5.95,29700,568500
2024-11-22 09:19:00+05:30,5.9,6.25,5.9,6.15,64275,568500
2024-11-22 09:20:00+05:30,6.1,6.3,6.1,6.25,89675,568500
2024-11-22 09:21:00+05:30,6.3,6.95,6.25,6.45,103900,608650
2024-11-22 09:22:00+05:30,6.45,7.95,6.45,7.95,130625,608650
2024-11-22 09:23:00+05:30,7.95,9.05,7.7,8.8,150350,608650
2024-11-22 09:24:00+05:30,8.9,9.44,7.8,8.15,132425,657700
2024-11-22 09:25:00+05:30,8.0,8.75,8.0,8.5,71000,657700
2024-11-22 09:26:00+05:30,8.44,8.44,7.45,7.45,106800,657700
2024-11-22 09:27:00+05:30,7.5,7.5,7.05,7.35,112975,671025
2024-11-22 09:28:00+05:30,7.45,9.19,7.4,9.19,167750,671025
2024-11-22 09:29:00+05:30,9.15,9.55,7.75,8.6,173325,671025
2024-11-22 09:30:00+05:30,8.55,9.19,8.44,9.15,152975,715300
2024-11-22 09:31:00+05:30,9.15,9.94,8.94,9.55,183200,715300
2024-11-22 09:32:00+05:30,9.5,9.5,8.9,9.15,80675,715300
2024-11-22 09:33:00+05:30,8.94,9.19,8.44,8.75,90550,774925
2024-11-22 09:34:00+05:30,8.8,9.3,8.6,8.85,73100,774925
2024-11-22 09:35:00+05:30,8.94,9.35,8.8,9.05,87750,774925
2024-11-22 09:36:00+05:30,9.1,9.44,9.0,9.15,50125,773850
2024-11-22 09:37:00+05:30,8.9,9.25,8.6,8.9,54475,773850
2024-11-22 09:38:00+05:30,9.05,9.19,8.9,9.15,46550,773850
2024-11-22 09:39:00+05:30,9.05,9.19,6.7,6.9,242675,787450
2024-11-22 09:40:00+05:30,7.05,8.55,6.45,7.9,171600,787450
2024-11-22 09:41:00+05:30,8.15,8.65,8.1,8.19,68725,787450
2024-11-22 09:42:00+05:30,8.1,8.4,7.8,7.8,34400,793850
2024-11-22 09:43:00+05:30,7.85,7.9,7.4,7.4,25775,793850
2024-11-22 09:44:00+05:30,7.4,7.65,7.1,7.45,61475,793850
2024-11-22 09:45:00+05:30,7.25,8.15,7.25,8.0,34200,795600
2024-11-22 09:46:00+05:30,8.05,8.35,7.75,7.8,39950,795600
2024-11-22 09:47:00+05:30,7.75,7.75,6.9,7.1,66325,795600
2024-11-22 09:48:00+05:30,7.15,7.55,7.1,7.3,34575,808750
2024-11-22 09:49:00+05:30,7.25,7.35,6.9,7.05,72125,808750
2024-11-22 09:50:00+05:30,7.15,7.2,6.95,6.95,20600,808750
2024-11-22 09:51:00+05:30,6.95,6.95,6.5,6.55,69850,831775
2024-11-22 09:52:00+05:30,6.55,6.85,6.5,6.7,37400,831775
2024-11-22 09:53:00+05:30,6.7,6.95,6.65,6.85,43450,831775
2024-11-22 09:54:00+05:30,6.85,7.15,6.65,7.15,15875,836925
2024-11-22 09:55:00+05:30,7.2,7.75,7.1,7.45,80675,836925
2024-11-22 09:56:00+05:30,7.35,7.6,7.1,7.4,53200,836925
2024-11-22 09:57:00+05:30,7.35,7.45,7.1,7.3,24050,841200
2024-11-22 09:58:00+05:30,7.4,7.9,7.35,7.75,75600,841200
2024-11-22 09:59:00+05:30,7.7,8.15,7.6,8.15,35850,841200
2024-11-22 10:00:00+05:30,8.15,8.19,7.65,7.75,75025,839775
2024-11-22 10:01:00+05:30,7.85,8.25,7.85,7.95,41700,839775
2024-11-22 10:02:00+05:30,7.95,10.0,7.9,9.65,221975,839775
2024-11-22 10:03:00+05:30,9.6,12.8,9.6,12.0,348475,879850
2024-11-22 10:04:00+05:30,12.15,13.6,11.95,12.75,411925,879850
2024-11-22 10:05:00+05:30,12.85,14.35,12.2,13.45,252850,879850
2024-11-22 10:06:00+05:30,13.75,14.3,11.5,11.9,195500,927300
2024-11-22 10:07:00+05:30,11.9,13.7,11.8,13.5,90100,927300
2024-11-22 10:08:00+05:30,13.8,14.05,12.95,13.95,85775,927300
2024-11-22 10:09:00+05:30,13.85,15.0,12.9,13.45,115675,943925
2024-11-22 10:10:00+05:30,13.45,13.55,12.15,12.15,72350,943925
2024-11-22 10:11:00+05:30,12.2,12.4,11.7,11.75,75675,943925
2024-11-22 10:12:00+05:30,11.8,12.75,11.8,12.6,40150,941700
2024-11-22 10:13:00+05:30,12.75,13.6,12.45,13.0,63300,941700
2024-11-22 10:14:00+05:30,13.3,13.6,12.5,12.55,74700,941700
2024-11-22 10:15:00+05:30,12.55,13.35,12.0,12.05,48550,924300
2024-11-22 10:16:00+05:30,12.3,13.15,12.3,12.8,59225,924300
2024-11-22 10:17:00+05:30,12.85,13.45,12.7,13.1,62175,924300
2024-11-22 10:18:00+05:30,13.15,13.25,12.35,12.6,22225,941825
2024-11-22 10:19:00+05:30,12.8,12.8,12.2,12.4,37600,941825
2024-11-22 10:20:00+05:30,12.5,12.8,12.3,12.65,40350,941825
2024-11-22 10:21:00+05:30,12.55,13.0,12.25,12.25,26650,956300
2024-11-22 10:22:00+05:30,12.05,12.05,10.1,10.65,212275,956300
2024-11-22 10:23:00+05:30,10.85,10.95,10.1,10.35,83350,956300
2024-11-22 10:24:00+05:30,10.5,10.5,9.69,10.05,100750,981175
2024-11-22 10:25:00+05:30,9.94,10.7,9.69,10.7,30750,981175
2024-11-22 10:26:00+05:30,10.65,10.85,9.55,9.9,95300,981175
2024-11-22 10:27:00+05:30,9.8,9.94,9.44,9.85,48050,993125
2024-11-22 10:28:00+05:30,9.65,10.6,9.6,10.5,106400,993125
2024-11-22 10:29:00+05:30,10.65,11.55,10.6,11.45,62675,993125
2024-11-22 10:30:00+05:30,11.4,12.25,11.3,12.2,61775,975825
2024-11-22 10:31:00+05:30,12.3,12.3,11.2,11.5,41250,975825
2024-11-22 10:32:00+05:30,11.4,11.4,10.75,10.95,33775,975825
2024-11-22 10:33:00+05:30,10.85,11.75,10.75,11.7,70100,985250
2024-11-22 10:34:00+05:30,11.65,11.65,11.05,11.2,74275,985250
2024-11-22 10:35:00+05:30,11.05,11.3,10.45,10.9,31875,985250
2024-11-22 10:36:00+05:30,10.95,11.45,10.95,11.15,34525,1019350
2024-11-22 10:37:00+05:30,11.15,11.15,10.85,10.85,40275,1019350
2024-11-22 10:38:00+05:30,10.9,11.4,10.85,11.4,18725,1019350
2024-11-22 10:39:00+05:30,11.35,11.85,11.35,11.65,41650,1047775
2024-11-22 10:40:00+05:30,11.5,11.8,11.5,11.5,19250,1047775
2024-11-22 10:41:00+05:30,11.35,11.35,10.9,11.1,75500,1047775
2024-11-22 10:42:00+05:30,11.3,11.6,11.05,11.15,16450,1040175
2024-11-22 10:43:00+05:30,10.1,11.15,10.0,10.35,100675,1040175
2024-11-22 10:44:00+05:30,10.35,10.75,10.3,10.7,29375,1040175
2024-11-22 10:45:00+05:30,10.55,11.15,10.4,10.9,31050,1028150
2024-11-22 10:46:00+05:30,10.8,10.8,10.19,10.4,49075,1028150
2024-11-22 10:47:00+05:30,10.35,10.35,8.25,8.25,234850,1028150
2024-11-22 10:48:00+05:30,7.95,8.6,7.9,8.6,131225,1015050
2024-11-22 10:49:00+05:30,8.65,8.94,8.55,8.6,67900,1015050
2024-11-22 10:50:00+05:30,8.65,8.8,8.44,8.75,56025,1015050
2024-11-22 10:51:00+05:30,8.94,9.55,8.85,9.5,55825,1012000
2024-11-22 10:52:00+05:30,9.55,9.69,9.25,9.65,59375,1012000
2024-11-22 10:53:00+05:30,9.65,9.65,9.25,9.6,15750,1012000
2024-11-22 10:54:00+05:30,9.55,10.35,9.55,10.3,70200,993450
2024-11-22 10:55:00+05:30,10.6,10.95,10.5,10.5,55850,993450
2024-11-22 10:56:00+05:30,10.45,10.45,9.69,9.94,64500,993450
2024-11-22 10:57:00+05:30,10.0,10.0,9.44,9.55,46400,1020525
2024-11-22 10:58:00+05:30,9.65,9.75,9.5,9.75,4400,1020525
2024-11-22 10:59:00+05:30,9.94,10.4,9.94,10.4,44625,1020525
2024-11-22 11:00:00+05:30,10.5,10.95,10.4,10.5,54800,1015750
2024-11-22 11:01:00+05:30,10.5,10.5,10.0,10.4,23375,1015750
2024-11-22 11:02:00+05:30,10.4,10.85,10.35,10.6,40075,1015750
2024-11-22 11:03:00+05:30,10.55,11.0,10.19,10.9,30350,1021100
2024-11-22 11:04:00+05:30,10.8,10.9,10.45,10.9,22350,1021100
2024-11-22 11:05:00+05:30,10.85,11.1,10.65,11.0,34425,1021100
2024-11-22 11:06:00+05:30,11.0,11.35,10.75,10.85,23200,1022575
2024-11-22 11:07:00+05:30,10.8,10.85,10.3,10.65,43450,1022575
2024-11-22 11:08:00+05:30,10.65,10.9,10.19,10.85,21125,1022575
2024-11-22 11:09:00+05:30,10.85,10.85,10.45,10.45,27050,1043000
2024-11-22 11:10:00+05:30,10.45,10.5,9.9,10.1,47825,1043000
2024-11-22 11:11:00+05:30,10.0,10.15,9.69,9.85,30200,1043000
2024-11-22 11:12:00+05:30,9.85,10.0,9.6,9.9,15450,1045275
2024-11-22 11:13:00+05:30,9.94,10.45,9.94,10.3,25975,1045275
2024-11-22 11:14:00+05:30,10.25,10.65,10.1,10.6,17250,1045275
2024-11-22 11:15:00+05:30,10.5,10.85,10.5,10.7,31575,1048775
2024-11-22 11:16:00+05:30,10.5,10.6,10.0,10.1,35575,1048775
2024-11-22 11:17:00+05:30,10.15,10.25,9.75,9.94,73075,1048775
2024-11-22 11:18:00+05:30,9.85,9.94,9.75,9.75,10450,1087900
2024-11-22 11:19:00+05:30,9.69,9.9,9.65,9.9,16025,1087900
2024-11-22 11:20:00+05:30,9.9,9.9,9.55,9.69,25575,1087900
2024-11-22 11:21:00+05:30,9.65,10.19,9.6,10.1,15325,1087425
2024-11-22 11:22:00+05:30,9.9,9.9,9.3,9.44,16550,1087425
2024-11-22 11:23:00+05:30,9.15,9.44,9.15,9.44,42975,1087425
2024-11-22 11:24:00+05:30,9.5,9.8,9.4,9.44,13800,1087425
2024-11-22 11:25:00+05:30,9.6,9.94,9.55,9.69,24500,1089950
2024-11-22 11:26:00+05:30,9.9,9.9,9.4,9.8,72575,1089950
2024-11-22 11:27:00+05:30,9.85,10.19,9.8,10.0,46075,1101650
2024-11-22 11:28:00+05:30,9.94,10.3,9.9,10.25,13675,1101650
2024-11-22 11:29:00+05:30,10.25,10.3,10.05,10.1,19575,1101650
2024-11-22 11:30:00+05:30,10.25,10.45,10.1,10.45,16450,1102175
2024-11-22 11:31:00+05:30,10.35,10.45,10.25,10.45,13850,1102175
2024-11-22 11:32:00+05:30,10.55,10.7,10.45,10.6,25850,1102175
2024-11-22 11:33:00+05:30,10.5,10.85,10.45,10.8,29300,1112250
2024-11-22 11:34:00+05:30,10.8,10.85,10.3,10.35,15050,1112250
2024-11-22 11:35:00+05:30,10.45,10.5,10.0,10.05,11725,1112250
2024-11-22 11:36:00+05:30,10.1,10.15,9.94,10.1,14050,1118450
2024-11-22 11:37:00+05:30,10.15,10.19,9.5,9.55,71525,1118450
2024-11-22 11:38:00+05:30,9.55,11.8,9.55,11.25,145300,1118450
2024-11-22 11:39:00+05:30,11.35,13.3,11.35,12.75,212000,1114175
2024-11-22 11:40:00+05:30,13.05,13.05,12.15,12.6,87100,1114175
2024-11-22 11:41:00+05:30,12.45,13.2,11.75,11.75,83750,1114175
2024-11-22 11:42:00+05:30,11.8,11.8,11.05,11.15,30800,1123850
2024-11-22 11:43:00+05:30,11.1,11.95,10.9,11.75,41375,1123850
2024-11-22 11:44:00+05:30,11.75,12.1,11.75,12.0,25500,1123850
2024-11-22 11:45:00+05:30,11.9,12.75,11.9,12.75,38625,1132300
2024-11-22 11:46:00+05:30,12.75,13.1,12.4,12.5,36875,1132300
2024-11-22 11:47:00+05:30,12.75,12.75,11.7,11.9,53250,1132300
2024-11-22 11:48:00+05:30,11.9,12.6,11.85,12.45,17600,1123150
2024-11-22 11:49:00+05:30,12.45,12.45,11.9,12.15,20725,1123150
2024-11-22 11:50:00+05:30,12.15,12.75,12.15,12.5,9350,1123150
2024-11-22 11:51:00+05:30,12.55,12.75,12.2,12.55,8050,1125550
2024-11-22 11:52:00+05:30,12.4,12.5,11.75,12.05,21950,1125550
2024-11-22 11:53:00+05:30,12.05,14.5,12.05,13.7,131150,1125550
2024-11-22 11:54:00+05:30,13.6,16.39,13.6,14.45,228700,1064025
2024-11-22 11:55:00+05:30,14.75,15.0,13.55,13.95,85775,1064025
2024-11-22 11:56:00+05:30,13.95,15.4,13.75,14.7,74625,1064025
2024-11-22 11:57:00+05:30,15.05,15.4,13.15,13.35,76725,1098250
2024-11-22 11:58:00+05:30,13.45,13.9,13.3,13.65,37425,1098250
2024-11-22 11:59:00+05:30,13.5,14.7,13.5,14.3,29250,1098250
2024-11-22 12:00:00+05:30,14.25,14.5,13.95,14.25,35400,1122150
2024-11-22 12:01:00+05:30,14.1,14.35,13.75,13.9,23750,1122150
2024-11-22 12:02:00+05:30,13.8,14.2,13.6,13.75,17600,1122150
2024-11-22 12:03:00+05:30,13.85,13.95,13.6,13.95,37200,1127200
2024-11-22 12:04:00+05:30,13.9,15.0,13.9,14.75,62175,1127200
2024-11-22 12:05:00+05:30,15.05,18.64,14.4,17.25,207000,1127200
2024-11-22 12:06:00+05:30,17.39,21.55,17.39,20.7,331725,1055425
2024-11-22 12:07:00+05:30,21.05,24.2,20.75,22.5,480300,1055425
2024-11-22 12:08:00+05:30,22.3,24.6,19.6,20.05,191325,1055425
2024-11-22 12:09:00+05:30,20.2,21.1,19.7,20.85,91050,953400
2024-11-22 12:10:00+05:30,20.95,21.8,18.7,19.39,80425,953400
2024-11-22 12:11:00+05:30,19.3,19.3,17.75,18.35,120775,953400
2024-11-22 12:12:00+05:30,18.3,19.2,17.25,18.25,88750,949775
2024-11-22 12:13:00+05:30,18.1,19.0,17.5,19.0,55000,949775
2024-11-22 12:14:00+05:30,19.0,20.25,18.8,20.25,103975,949775
2024-11-22 12:15:00+05:30,20.5,21.65,20.3,21.1,95975,936475
2024-11-22 12:16:00+05:30,20.8,21.05,19.05,19.85,58850,936475
2024-11-22 12:17:00+05:30,19.85,19.85,18.14,19.64,50775,936475
2024-11-22 12:18:00+05:30,19.64,19.64,18.64,19.0,20275,944975
2024-11-22 12:19:00+05:30,18.8,18.8,17.5,17.89,54775,944975
2024-11-22 12:20:00+05:30,17.89,19.7,17.85,19.6,40025,944975
2024-11-22 12:21:00+05:30,19.45,19.75,19.25,19.39,17050,950175
2024-11-22 12:22:00+05:30,19.35,20.7,18.8,20.2,34425,950175
2024-11-22 12:23:00+05:30,20.05,21.25,19.85,21.1,45050,950175
2024-11-22 12:24:00+05:30,21.05,21.2,19.75,19.75,30700,944325
2024-11-22 12:25:00+05:30,20.0,21.4,19.85,21.05,46400,944325
2024-11-22 12:26:00+05:30,21.05,21.9,20.45,20.95,60225,944325
2024-11-22 12:27:00+05:30,20.6,20.75,19.89,20.6,31775,955900
2024-11-22 12:28:00+05:30,20.45,20.7,20.05,20.5,11775,955900
2024-11-22 12:29:00+05:30,20.3,20.7,19.85,20.45,15650,955900
2024-11-22 12:30:00+05:30,20.3,21.55,20.0,21.3,19075,951850
2024-11-22 12:31:00+05:30,21.5,23.5,21.5,22.8,90625,951850
2024-11-22 12:32:00+05:30,22.75,24.8,22.75,22.95,92575,951850
2024-11-22 12:33:00+05:30,22.9,23.2,21.6,22.6,30150,951850
2024-11-22 12:34:00+05:30,22.6,23.05,21.4,22.4,25025,952625
2024-11-22 12:35:00+05:30,22.25,24.35,22.25,23.1,81175,952625
2024-11-22 12:36:00+05:30,23.1,23.1,21.3,21.75,45950,952625
2024-11-22 12:37:00+05:30,21.8,21.8,20.6,21.1,66025,964450
2024-11-22 12:38:00+05:30,21.35,21.4,19.8,20.7,72675,964450
2024-11-22 12:39:00+05:30,20.39,21.4,20.39,21.0,25475,945725
2024-11-22 12:40:00+05:30,21.05,23.65,21.05,23.55,76975,945725
2024-11-22 12:41:00+05:30,23.6,27.5,23.6,27.0,259600,945725
2024-11-22 12:42:00+05:30,26.9,28.3,25.9,26.15,93000,945725
2024-11-22 12:43:00+05:30,26.4,27.2,24.3,26.35,89050,921250
2024-11-22 12:44:00+05:30,26.15,27.85,24.7,25.15,105400,921250
2024-11-22 12:45:00+05:30,25.4,26.2,25.4,25.65,51700,921250
2024-11-22 12:46:00+05:30,25.55,26.25,24.5,26.25,36675,917750
2024-11-22 12:47:00+05:30,26.25,26.45,24.85,25.5,29975,917750
2024-11-22 12:48:00+05:30,25.45,25.95,24.8,25.25,27000,917750
2024-11-22 12:49:00+05:30,25.25,26.7,23.9,26.35,55250,943250
2024-11-22 12:50:00+05:30,26.5,26.65,25.05,25.05,40875,943250
2024-11-22 12:51:00+05:30,25.4,25.4,23.1,23.55,51575,943250
2024-11-22 12:52:00+05:30,23.55,24.35,23.55,23.95,30200,944525
2024-11-22 12:53:00+05:30,24.15,24.3,23.6,24.15,37400,944525
2024-11-22 12:54:00+05:30,23.95,24.95,23.65,24.8,20900,944525
2024-11-22 12:55:00+05:30,24.7,25.0,24.0,24.95,16200,931250
2024-11-22 12:56:00+05:30,24.7,24.95,23.1,23.75,20250,931250
2024-11-22 12:57:00+05:30,23.65,23.65,21.85,22.1,70425,931250
2024-11-22 12:58:00+05:30,21.6,23.4,21.55,23.2,38050,939325
2024-11-22 12:59:00+05:30,23.2,24.95,23.15,24.9,14775,939325
2024-11-22 13:00:00+05:30,24.7,28.35,24.7,27.65,70225,939325
2024-11-22 13:01:00+05:30,27.95,31.0,26.35,30.6,160425,950075
2024-11-22 13:02:00+05:30,30.25,31.25,29.0,29.6,80750,950075
2024-11-22 13:03:00+05:30,30.55,31.05,29.5,29.8,55925,950075
2024-11-22 13:04:00+05:30,29.7,29.7,28.0,28.75,38000,929950
2024-11-22 13:05:00+05:30,28.9,29.5,27.55,29.2,36925,929950
2024-11-22 13:06:00+05:30,29.15,29.6,28.2,28.5,38025,929950
2024-11-22 13:07:00+05:30,28.8,29.25,27.75,28.25,34500,945175
2024-11-22 13:08:00+05:30,28.3,28.7,27.6,27.95,10050,945175
2024-11-22 13:09:00+05:30,27.75,28.0,25.75,27.85,46000,945175
2024-11-22 13:10:00+05:30,27.8,28.95,27.6,28.65,33675,947700
2024-11-22 13:11:00+05:30,28.4,28.4,27.5,27.6,22775,947700
2024-11-22 13:12:00+05:30,27.5,33.04,27.0,32.1,94925,947700
2024-11-22 13:13:00+05:30,32.0,33.95,31.1,31.1,141875,922950
2024-11-22 13:14:00+05:30,31.1,31.1,27.75,27.75,68500,922950
2024-11-22 13:15:00+05:30,27.3,28.95,27.3,27.95,86050,922950
2024-11-22 13:16:00+05:30,27.9,30.45,27.5,30.45,54675,898825
2024-11-22 13:17:00+05:30,30.85,31.4,29.7,30.2,62575,898825
2024-11-22 13:18:00+05:30,30.2,30.7,29.45,30.05,55625,898825
2024-11-22 13:19:00+05:30,30.15,31.2,29.6,30.3,55900,897375
2024-11-22 13:20:00+05:30,30.35,30.6,26.5,29.05,72875,897375
2024-11-22 13:21:00+05:30,29.2,31.0,29.2,30.6,74775,897375
2024-11-22 13:22:00+05:30,30.25,30.8,28.35,28.85,18275,913750
2024-11-22 13:23:00+05:30,29.1,30.65,28.55,30.55,45475,913750
2024-11-22 13:24:00+05:30,30.7,31.35,29.5,30.0,25475,913750
2024-11-22 13:25:00+05:30,29.85,30.0,28.65,29.65,37200,915300
2024-11-22 13:26:00+05:30,29.55,30.4,29.1,29.5,35475,915300
2024-11-22 13:27:00+05:30,29.2,29.5,27.65,28.05,53175,915300
2024-11-22 13:28:00+05:30,28.0,28.5,27.9,28.35,25375,914475
2024-11-22 13:29:00+05:30,28.25,28.8,26.0,27.75,61825,914475
2024-11-22 13:30:00+05:30,27.6,29.0,27.35,27.7,30600,914475
2024-11-22 13:31:00+05:30,27.55,27.7,26.45,26.7,50500,914875
2024-11-22 13:32:00+05:30,26.35,26.35,22.5,22.5,76950,914875
2024-11-22 13:33:00+05:30,22.4,24.0,20.75,23.9,80575,914875
2024-11-22 13:34:00+05:30,23.95,26.2,23.95,26.15,36400,916400
2024-11-22 13:35:00+05:30,26.4,27.45,25.1,26.8,51350,916400
2024-11-22 13:36:00+05:30,27.05,28.55,26.95,27.0,42700,916400
2024-11-22 13:37:00+05:30,26.85,29.1,26.85,28.1,44950,923425
2024-11-22 13:38:00+05:30,27.6,27.85,25.95,26.95,57400,923425
2024-11-22 13:39:00+05:30,26.9,28.8,26.7,28.75,47700,923425
2024-11-22 13:40:00+05:30,28.25,28.6,26.6,27.4,21550,937000
2024-11-22 13:41:00+05:30,27.5,28.5,27.3,28.15,21125,937000
2024-11-22 13:42:00+05:30,28.05,28.25,26.8,27.5,38175,937000
2024-11-22 13:43:00+05:30,27.4,27.7,26.65,27.35,12075,960725
2024-11-22 13:44:00+05:30,27.45,28.9,27.45,28.5,58175,960725
2024-11-22 13:45:00+05:30,28.25,29.9,27.75,29.85,58650,960725
2024-11-22 13:46:00+05:30,29.5,31.25,29.4,30.0,104475,940675
2024-11-22 13:47:00+05:30,29.85,29.85,28.7,29.3,27300,940675
2024-11-22 13:48:00+05:30,29.2,30.9,29.2,30.7,32200,940675
2024-11-22 13:49:00+05:30,30.75,31.45,29.1,30.2,66850,929575
2024-11-22 13:50:00+05:30,29.95,32.29,29.95,32.15,49025,929575
2024-11-22 13:51:00+05:30,32.1,32.75,31.2,32.75,58675,929575
2024-11-22 13:52:00+05:30,33.2,33.2,30.95,31.9,94625,900000
2024-11-22 13:53:00+05:30,32.15,32.15,29.8,31.25,40325,900000
2024-11-22 13:54:00+05:30,31.75,33.5,31.7,32.45,49275,900000
2024-11-22 13:55:00+05:30,32.45,32.65,30.8,31.9,31275,887575
2024-11-22 13:56:00+05:30,32.4,32.5,31.4,31.6,18350,887575
2024-11-22 13:57:00+05:30,31.7,33.85,31.25,33.85,35925,887575
2024-11-22 13:58:00+05:30,33.85,34.7,32.95,34.6,68900,889700
2024-11-22 13:59:00+05:30,34.29,42.75,34.29,40.85,200075,889700
2024-11-22 14:00:00+05:30,41.45,50.1,40.6,48.65,199375,889700
2024-11-22 14:01:00+05:30,48.85,53.7,47.55,49.3,219475,854250
2024-11-22 14:02:00+05:30,48.55,49.35,44.5,46.85,110300,854250
2024-11-22 14:03:00+05:30,46.95,47.55,45.4,47.05,56000,854250
2024-11-22 14:04:00+05:30,46.5,50.5,46.5,50.4,82100,887225
2024-11-22 14:05:00+05:30,50.2,51.3,48.5,50.8,86050,887225
2024-11-22 14:06:00+05:30,50.5,52.65,49.55,52.45,79450,887225
2024-11-22 14:07:00+05:30,54.4,60.35,54.4,57.65,201725,862075
2024-11-22 14:08:00+05:30,57.45,61.2,56.85,61.2,125825,862075
2024-11-22 14:09:00+05:30,61.45,70.3,61.35,66.8,228075,862075
2024-11-22 14:10:00+05:30,66.84,66.84,59.75,64.09,143625,818900
2024-11-22 14:11:00+05:30,65.0,65.0,62.2,63.0,78125,818900
2024-11-22 14:12:00+05:30,62.5,63.3,58.7,60.75,136750,818900
2024-11-22 14:13:00+05:30,60.9,63.5,60.35,61.2,43325,823775
2024-11-22 14:14:00+05:30,61.45,62.7,55.5,56.4,91025,823775
2024-11-22 14:15:00+05:30,56.15,56.6,49.8,55.95,112400,823775
2024-11-22 14:16:00+05:30,55.4,65.15,55.4,65.15,129025,812050
2024-11-22 14:17:00+05:30,65.8,66.84,63.65,65.4,110675,812050
2024-11-22 14:18:00+05:30,65.95,66.3,61.6,66.0,87350,812050
2024-11-22 14:19:00+05:30,66.34,68.9,64.65,66.25,110950,817950
2024-11-22 14:20:00+05:30,66.8,71.7,64.59,65.2,155450,817950
2024-11-22 14:21:00+05:30,64.9,64.9,61.6,62.2,79625,817950
2024-11-22 14:22:00+05:30,62.2,64.15,57.2,61.75,91250,822525
2024-11-22 14:23:00+05:30,63.0,63.4,60.9,62.2,39425,822525
2024-11-22 14:24:00+05:30,61.75,62.6,60.2,61.0,55450,822525
2024-11-22 14:25:00+05:30,60.9,62.3,57.6,58.2,99800,830875
2024-11-22 14:26:00+05:30,57.05,60.85,55.25,59.25,113000,830875
2024-11-22 14:27:00+05:30,58.75,60.15,56.8,59.0,65325,830875
2024-11-22 14:28:00+05:30,59.2,60.2,57.6,58.2,34275,842850
2024-11-22 14:29:00+05:30,58.3,59.35,54.25,55.95,66700,842850
2024-11-22 14:30:00+05:30,55.25,55.25,47.25,51.95,148400,842850
2024-11-22 14:31:00+05:30,51.9,51.95,41.8,43.0,80025,834025
2024-11-22 14:32:00+05:30,43.8,50.7,43.8,49.0,64150,834025
2024-11-22 14:33:00+05:30,48.8,53.35,47.0,51.7,55250,834025
2024-11-22 14:34:00+05:30,52.3,60.15,51.85,58.7,97725,830625
2024-11-22 14:35:00+05:30,58.25,62.5,57.4,60.25,103900,830625
2024-11-22 14:36:00+05:30,60.0,60.6,54.8,56.0,84950,830625
2024-11-22 14:37:00+05:30,55.45,59.75,55.3,59.0,61400,833575
2024-11-22 14:38:00+05:30,58.55,60.0,56.5,56.5,53975,833575
2024-11-22 14:39:00+05:30,56.2,56.75,52.95,54.4,60550,833575
2024-11-22 14:40:00+05:30,54.45,54.45,49.75,51.4,94825,835325
2024-11-22 14:41:00+05:30,51.6,56.05,51.6,55.75,78225,835325
2024-11-22 14:42:00+05:30,54.9,55.85,53.3,55.2,46525,835325
2024-11-22 14:43:00+05:30,55.25,56.35,54.8,55.7,52375,833550
2024-11-22 14:44:00+05:30,55.85,56.2,53.05,55.05,53575,833550
2024-11-22 14:45:00+05:30,54.45,54.8,52.75,53.4,38975,833550
2024-11-22 14:46:00+05:30,52.65,57.65,50.45,56.0,88025,833425
2024-11-22 14:47:00+05:30,55.9,59.4,55.9,59.3,68850,833425
2024-11-22 14:48:00+05:30,58.4,59.1,56.6,58.4,41925,833425
2024-11-22 14:49:00+05:30,58.7,64.15,58.6,64.05,148850,845400
2024-11-22 14:50:00+05:30,64.0,65.0,58.85,64.25,123925,845400
2024-11-22 14:51:00+05:30,64.5,71.84,64.2,67.5,196725,845400
2024-11-22 14:52:00+05:30,67.34,77.84,66.84,77.7,157550,859350
2024-11-22 14:53:00+05:30,76.4,78.84,68.75,71.95,221850,859350
2024-11-22 14:54:00+05:30,72.09,74.25,69.45,72.7,88625,859350
2024-11-22 14:55:00+05:30,72.15,74.65,70.65,71.7,94250,845700
2024-11-22 14:56:00+05:30,72.05,76.2,71.25,72.84,150500,845700
2024-11-22 14:57:00+05:30,71.84,73.5,70.05,73.4,71300,845700
2024-11-22 14:58:00+05:30,73.0,75.0,72.25,72.25,78575,838800
2024-11-22 14:59:00+05:30,71.7,73.25,62.2,66.0,160275,838800
2024-11-22 15:00:00+05:30,66.59,66.59,62.5,64.3,92850,838800
2024-11-22 15:01:00+05:30,63.9,64.55,58.3,58.3,88075,823225
2024-11-22 15:02:00+05:30,58.1,62.5,54.85,62.25,199525,823225
2024-11-22 15:03:00+05:30,61.75,61.75,56.25,57.9,61775,823225
2024-11-22 15:04:00+05:30,57.5,59.2,55.4,56.05,55475,851825
2024-11-22 15:05:00+05:30,56.35,60.95,56.05,60.95,63075,851825
2024-11-22 15:06:00+05:30,63.0,63.8,59.7,63.0,112125,851825
2024-11-22 15:07:00+05:30,62.8,67.05,61.45,65.84,112275,858975
2024-11-22 15:08:00+05:30,65.75,65.75,62.1,63.55,74925,858975
2024-11-22 15:09:00+05:30,63.75,63.75,59.4,62.7,71100,858975
2024-11-22 15:10:00+05:30,61.95,64.5,61.25,63.75,130375,851225
2024-11-22 15:11:00+05:30,63.3,63.3,59.9,62.5,97000,851225
2024-11-22 15:12:00+05:30,62.2,63.85,62.15,62.75,56675,851225
2024-11-22 15:13:00+05:30,62.25,62.95,59.15,60.25,95325,843900
2024-11-22 15:14:00+05:30,58.4,59.35,57.1,58.55,96075,843900
2024-11-22 15:15:00+05:30,57.4,57.4,46.7,49.0,231025,843900
2024-11-22 15:16:00+05:30,49.75,50.2,42.75,44.25,174000,854200
2024-11-22 15:17:00+05:30,44.75,50.25,44.75,48.7,135000,854200
2024-11-22 15:18:00+05:30,49.0,51.8,48.65,51.8,60700,854200
2024-11-22 15:19:00+05:30,52.0,53.3,50.1,53.3,91925,897800
2024-11-22 15:20:00+05:30,53.3,53.3,48.15,48.15,197850,897800
2024-11-22 15:21:00+05:30,47.85,47.85,46.2,46.25,107575,897800
2024-11-22 15:22:00+05:30,46.25,49.4,45.1,49.4,105850,924950
2024-11-22 15:23:00+05:30,49.35,54.8,49.35,52.45,158250,924950
2024-11-22 15:24:00+05:30,52.35,55.4,51.15,55.4,146175,924950
2024-11-22 15:25:00+05:30,55.15,55.25,50.0,50.0,177125,907200
2024-11-22 15:26:00+05:30,50.6,53.2,50.1,52.85,75750,907200
2024-11-22 15:27:00+05:30,52.65,53.45,52.0,53.05,60750,907200
2024-11-22 15:28:00+05:30,53.05,53.05,51.45,51.65,76100,905900
2024-11-22 15:29:00+05:30,51.8,53.95,51.75,52.95,57525,905900
2024-11-25 09:15:00+05:30,185.0,230.3,159.44,201.2,1327675,888075
2024-11-25 09:16:00+05:30,204.25,214.8,192.2,196.2,737525,888075
2024-11-25 09:17:00+05:30,196.7,201.25,192.4,192.4,367675,1282400
2024-11-25 09:18:00+05:30,194.3,203.4,194.3,201.5,410900,1282400
2024-11-25 09:19:00+05:30,202.5,207.2,202.5,203.1,329425,1282400
2024-11-25 09:20:00+05:30,199.9,206.1,187.4,187.4,390000,1525625
2024-11-25 09:21:00+05:30,185.3,191.0,175.0,175.0,472050,1525625
2024-11-25 09:22:00+05:30,173.5,185.9,171.7,184.8,494575,1525625
2024-11-25 09:23:00+05:30,185.2,189.5,184.5,187.55,462675,1716325
2024-11-25 09:24:00+05:30,186.75,206.65,185.1,204.9,733900,1716325
2024-11-25 09:25:00+05:30,202.5,208.85,190.85,193.8,572700,1716325
2024-11-25 09:26:00+05:30,192.6,195.0,187.9,190.25,284525,1804700
2024-11-25 09:27:00+05:30,189.8,220.1,188.5,220.1,450650,1804700
2024-11-25 09:28:00+05:30,216.6,221.5,205.5,213.8,626075,1804700
2024-11-25 09:29:00+05:30,215.65,220.8,208.85,208.85,354075,1779675
2024-11-25 09:30:00+05:30,210.0,221.45,210.0,212.2,346375,1779675
2024-11-25 09:31:00+05:30,212.55,214.9,200.4,208.0,255375,1779675
2024-11-25 09:32:00+05:30,208.8,209.25,196.1,202.0,190050,1713825
2024-11-25 09:33:00+05:30,201.5,205.2,201.2,204.35,117450,1713825
2024-11-25 09:34:00+05:30,202.8,203.6,186.4,191.1,207350,1713825
2024-11-25 09:35:00+05:30,191.4,194.55,185.45,194.55,207650,1699275
2024-11-25 09:36:00+05:30,194.35,198.1,187.3,190.0,162775,1699275
2024-11-25 09:37:00+05:30,192.0,197.2,190.65,195.9,119250,1699275
2024-11-25 09:38:00+05:30,196.95,204.75,194.2,203.1,215600,1761650
2024-11-25 09:39:00+05:30,205.1,212.35,196.35,197.95,319000,1761650
2024-11-25 09:40:00+05:30,198.3,199.5,191.7,192.0,128475,1761650
2024-11-25 09:41:00+05:30,191.85,205.35,190.45,202.35,228850,1823300
2024-11-25 09:42:00+05:30,201.3,205.65,201.3,203.2,133275,1823300
2024-11-25 09:43:00+05:30,203.0,203.0,194.35,194.55,115125,1823300
2024-11-25 09:44:00+05:30,194.75,195.5,191.6,192.9,88475,1854600
2024-11-25 09:45:00+05:30,194.0,198.25,185.45,185.45,204375,1854600
2024-11-25 09:46:00+05:30,186.2,197.25,181.2,196.9,243425,1854600
2024-11-25 09:47:00+05:30,195.95,200.0,195.9,196.1,126975,1834750
2024-11-25 09:48:00+05:30,197.2,197.95,190.6,190.6,90075,1834750
2024-11-25 09:49:00+05:30,191.6,192.1,187.8,189.8,96500,1834750
2024-11-25 09:50:00+05:30,191.0,191.6,185.45,190.15,115125,1868425
2024-11-25 09:51:00+05:30,190.7,190.7,179.9,185.35,210900,1868425
2024-11-25 09:52:00+05:30,185.05,185.05,174.15,175.35,205875,1868425
2024-11-25 09:53:00+05:30,174.95,184.2,173.55,183.9,182225,1898225
2024-11-25 09:54:00+05:30,184.5,186.05,175.65,177.7,154000,1898225
2024-11-25 09:55:00+05:30,177.9,177.9,163.35,172.05,302125,1898225
2024-11-25 09:56:00+05:30,172.4,173.95,167.4,171.15,173825,1959325
2024-11-25 09:57:00+05:30,170.85,175.1,165.85,175.1,165250,1959325
2024-11-25 09:58:00+05:30,173.55,176.45,170.7,171.7,129700,1959325
2024-11-25 09:59:00+05:30,171.3,171.3,164.35,167.35,130200,2046500
2024-11-25 10:00:00+05:30,168.7,194.45,167.95,193.95,470575,2046500
2024-11-25 10:01:00+05:30,193.05,193.95,179.8,181.75,414025,2046500
2024-11-25 10:02:00+05:30,182.05,185.6,178.5,178.5,144400,2134900
2024-11-25 10:03:00+05:30,178.2,179.85,173.0,178.4,139950,2134900
2024-11-25 10:04:00+05:30,178.8,181.9,173.85,175.4,109125,2134900
2024-11-25 10:05:00+05:30,175.5,178.3,173.6,175.9,106350,2156875
2024-11-25 10:06:00+05:30,176.5,183.0,176.0,180.5,132650,2156875
2024-11-25 10:07:00+05:30,179.55,179.8,176.35,176.35,72925,2156875
2024-11-25 10:08:00+05:30,175.25,175.6,171.15,172.0,161700,2201350
2024-11-25 10:09:00+05:30,172.9,173.85,169.4,169.7,106750,2201350
2024-11-25 10:10:00+05:30,169.25,174.9,168.25,172.4,105300,2201350
2024-11-25 10:11:00+05:30,172.4,176.6,172.4,173.45,102575,2210375
2024-11-25 10:12:00+05:30,173.4,174.95,163.8,163.8,168350,2210375
2024-11-25 10:13:00+05:30,166.15,168.9,164.2,166.95,138275,2210375
2024-11-25 10:14:00+05:30,166.35,170.9,163.25,163.75,119975,2225300
2024-11-25 10:15:00+05:30,163.1,168.65,161.75,168.65,182675,2225300
2024-11-25 10:16:00+05:30,168.4,176.3,168.4,174.05,231450,2225300
2024-11-25 10:17:00+05:30,173.7,184.5,172.7,180.55,292525,2299450
2024-11-25 10:18:00+05:30,181.1,184.05,177.45,178.3,182750,2299450
2024-11-25 10:19:00+05:30,178.0,182.25,174.4,176.4,161275,2299450
2024-11-25 10:20:00+05:30,177.0,182.75,177.0,180.05,151250,2355300
2024-11-25 10:21:00+05:30,179.95,184.4,179.55,180.5,143850,2355300
2024-11-25 10:22:00+05:30,179.15,194.35,179.15,184.05,387200,2355300
2024-11-25 10:23:00+05:30,184.2,190.05,182.2,186.2,129450,2319675
2024-11-25 10:24:00+05:30,186.45,193.75,185.8,193.35,185300,2319675
2024-11-25 10:25:00+05:30,193.0,197.4,189.4,193.3,281300,2319675
2024-11-25 10:26:00+05:30,193.0,200.95,192.85,193.45,233225,2228375
2024-11-25 10:27:00+05:30,192.6,192.65,185.95,192.65,151675,2228375
2024-11-25 10:28:00+05:30,191.75,200.5,191.0,196.6,148425,2228375
2024-11-25 10:29:00+05:30,196.3,200.15,194.95,197.4,129525,2180350
2024-11-25 10:30:00+05:30,198.3,205.6,198.3,203.35,321200,2180350
2024-11-25 10:31:00+05:30,201.45,204.85,200.4,203.85,131400,2180350
2024-11-25 10:32:00+05:30,202.9,205.15,196.1,199.4,124175,2126725
2024-11-25 10:33:00+05:30,198.65,201.9,198.0,198.5,64500,2126725
2024-11-25 10:34:00+05:30,200.15,201.8,193.55,197.0,89000,2126725
2024-11-25 10:35:00+05:30,196.65,205.0,194.35,198.9,106950,2121200
2024-11-25 10:36:00+05:30,200.45,203.1,195.6,197.95,61175,2121200
2024-11-25 10:37:00+05:30,197.85,200.15,191.8,192.0,138125,2121200
2024-11-25 10:38:00+05:30,191.9,194.7,187.0,188.4,117150,2086900
2024-11-25 10:39:00+05:30,188.1,191.35,184.4,185.35,89325,2086900
2024-11-25 10:40:00+05:30,187.25,194.05,187.25,194.0,101250,2086900
2024-11-25 10:41:00+05:30,194.3,195.8,189.25,195.4,96275,2046250
2024-11-25 10:42:00+05:30,198.05,200.75,194.15,199.3,123975,2046250
2024-11-25 10:43:00+05:30,199.25,200.65,190.35,191.95,102800,2046250
2024-11-25 10:44:00+05:30,192.75,195.8,192.0,194.35,36725,2054575
2024-11-25 10:45:00+05:30,195.6,196.0,191.85,193.3,41300,2054575
2024-11-25 10:46:00+05:30,192.6,193.3,189.7,191.95,40250,2054575
2024-11-25 10:47:00+05:30,192.45,198.95,192.45,196.1,58225,2055475
2024-11-25 10:48:00+05:30,196.45,197.8,192.6,195.85,47400,2055475
2024-11-25 10:49:00+05:30,196.35,197.45,194.25,195.1,40975,2055475
2024-11-25 10:50:00+05:30,194.5,196.5,191.45,191.6,47675,2060050
2024-11-25 10:51:00+05:30,192.0,197.2,189.45,195.6,83300,2060050
2024-11-25 10:52:00+05:30,196.3,196.35,192.8,194.05,31225,2060050
2024-11-25 10:53:00+05:30,193.3,193.7,189.45,192.0,41725,2032100
2024-11-25 10:54:00+05:30,193.05,194.75,189.35,190.95,34050,2032100
2024-11-25 10:55:00+05:30,191.4,191.95,188.6,189.65,31975,2032100
2024-11-25 10:56:00+05:30,188.85,188.85,181.75,188.1,136075,2017825
2024-11-25 10:57:00+05:30,188.0,190.8,186.3,190.3,51750,2017825
2024-11-25 10:58:00+05:30,191.45,193.1,188.55,191.65,47425,2017825
2024-11-25 10:59:00+05:30,191.2,191.65,187.75,191.1,28850,2028100
2024-11-25 11:00:00+05:30,190.75,193.75,190.75,192.6,61550,2028100
2024-11-25 11:01:00+05:30,193.3,208.55,193.3,207.25,333050,2028100
2024-11-25 11:02:00+05:30,206.8,215.8,203.55,212.25,302150,1982725
2024-11-25 11:03:00+05:30,212.1,213.8,204.6,205.65,217550,1982725
2024-11-25 11:04:00+05:30,205.9,213.6,205.2,213.3,79575,1982725
2024-11-25 11:05:00+05:30,213.8,221.6,211.6,215.55,372075,1941900
2024-11-25 11:06:00+05:30,217.15,219.0,213.25,213.55,140625,1941900
2024-11-25 11:07:00+05:30,213.0,217.55,210.65,215.8,109325,1941900
2024-11-25 11:08:00+05:30,214.95,217.4,210.8,213.35,72100,1953925
2024-11-25 11:09:00+05:30,213.4,213.5,206.95,208.65,130400,1953925
2024-11-25 11:10:00+05:30,207.55,210.15,207.0,210.05,59725,1953925
2024-11-25 11:11:00+05:30,210.2,211.9,203.2,203.3,93150,1922175
2024-11-25 11:12:00+05:30,203.9,208.1,203.3,203.75,68750,1922175
2024-11-25 11:13:00+05:30,203.9,207.4,201.55,202.8,70275,1922175
2024-11-25 11:14:00+05:30,202.7,207.35,199.05,206.45,108850,1896625
2024-11-25 11:15:00+05:30,206.7,209.8,204.05,208.0,93550,1896625
2024-11-25 11:16:00+05:30,206.95,213.75,206.95,211.75,97000,1896625
2024-11-25 11:17:00+05:30,211.65,214.6,211.0,212.75,66475,1882675
2024-11-25 11:18:00+05:30,212.15,213.5,208.85,210.35,53275,1882675
2024-11-25 11:19:00+05:30,211.5,212.2,209.1,212.05,38375,1882675
2024-11-25 11:20:00+05:30,212.65,215.15,212.65,215.0,77275,1888225
2024-11-25 11:21:00+05:30,214.55,215.8,209.5,215.75,64325,1888225
2024-11-25 11:22:00+05:30,214.2,217.5,214.0,216.4,79825,1888225
2024-11-25 11:23:00+05:30,214.5,214.9,205.95,206.55,92075,1868100
2024-11-25 11:24:00+05:30,207.5,207.5,198.05,199.65,122250,1868100
2024-11-25 11:25:00+05:30,201.0,204.45,193.2,194.25,143075,1868100
2024-11-25 11:26:00+05:30,192.7,193.9,187.6,187.6,156725,1854100
2024-11-25 11:27:00+05:30,189.3,192.25,186.7,187.85,98325,1854100
2024-11-25 11:28:00+05:30,188.25,190.15,186.3,189.65,75025,1854100
2024-11-25 11:29:00+05:30,189.95,196.65,189.25,193.95,96400,1864150
2024-11-25 11:30:00+05:30,192.8,198.0,192.4,197.3,78250,1864150
2024-11-25 11:31:00+05:30,197.05,197.55,194.05,195.8,51525,1864150
2024-11-25 11:32:00+05:30,196.0,197.4,190.2,190.25,43475,1869600
2024-11-25 11:33:00+05:30,190.95,193.9,189.85,190.5,51200,1869600
2024-11-25 11:34:00+05:30,191.4,192.35,187.6,189.6,51450,1869600
2024-11-25 11:35:00+05:30,189.3,190.9,183.25,183.25,67075,1884700
2024-11-25 11:36:00+05:30,184.55,185.25,176.25,176.75,183000,1884700
2024-11-25 11:37:00+05:30,177.3,186.0,177.3,184.2,118000,1884700
2024-11-25 11:38:00+05:30,183.9,185.55,179.85,180.45,35800,1852275
2024-11-25 11:39:00+05:30,180.8,182.95,177.3,179.85,72900,1852275
2024-11-25 11:40:00+05:30,179.85,186.5,178.65,184.2,82200,1852275
2024-11-25 11:41:00+05:30,183.45,184.85,181.0,182.95,32400,1866625
2024-11-25 11:42:00+05:30,182.55,184.45,182.4,184.45,22900,1866625
2024-11-25 11:43:00+05:30,184.4,187.4,181.15,181.45,59250,1866625
2024-11-25 11:44:00+05:30,181.45,183.75,180.5,182.0,32725,1868975
2024-11-25 11:45:00+05:30,182.55,183.0,173.25,176.95,108625,1868975
2024-11-25 11:46:00+05:30,176.1,176.15,172.2,172.55,95050,1868975
2024-11-25 11:47:00+05:30,171.5,174.9,167.6,173.85,177375,1886575
2024-11-25 11:48:00+05:30,173.5,174.75,169.65,173.4,71275,1886575
2024-11-25 11:49:00+05:30,173.65,175.65,172.0,173.7,76600,1886575
2024-11-25 11:50:00+05:30,173.3,174.95,167.65,172.5,99050,1933900
2024-11-25 11:51:00+05:30,170.95,170.95,165.0,166.85,130775,1933900
2024-11-25 11:52:00+05:30,167.0,173.2,167.0,170.5,80750,1933900
2024-11-25 11:53:00+05:30,170.3,173.3,170.15,172.3,47375,1954600
2024-11-25 11:54:00+05:30,172.35,177.0,171.3,172.7,109150,1954600
2024-11-25 11:55:00+05:30,172.0,178.2,170.85,178.2,106950,1954600
2024-11-25 11:56:00+05:30,178.45,179.35,175.6,178.7,149100,1976325
2024-11-25 11:57:00+05:30,179.35,179.85,168.6,171.15,132675,1976325
2024-11-25 11:58:00+05:30,170.7,171.2,167.0,167.55,72525,1976325
2024-11-25 11:59:00+05:30,168.3,169.5,167.2,167.75,39950,1993300
2024-11-25 12:00:00+05:30,166.7,170.95,166.0,170.2,96200,1993300
2024-11-25 12:01:00+05:30,170.1,170.35,162.19,167.25,178625,1993300
2024-11-25 12:02:00+05:30,167.5,167.5,160.25,160.25,140275,2034050
2024-11-25 12:03:00+05:30,161.05,165.6,153.75,164.3,233900,2034050
2024-11-25 12:04:00+05:30,165.35,169.35,164.05,169.35,110975,2034050
2024-11-25 12:05:00+05:30,168.9,171.2,168.4,171.2,171525,2082325
2024-11-25 12:06:00+05:30,172.0,175.15,170.8,175.15,220925,2082325
2024-11-25 12:07:00+05:30,175.75,178.2,175.4,177.5,191975,2082325
2024-11-25 12:08:00+05:30,177.05,181.6,177.05,180.35,225325,2069275
2024-11-25 12:09:00+05:30,179.85,180.0,176.2,177.2,117950,2069275
2024-11-25 12:10:00+05:30,176.35,179.6,175.0,176.8,115975,2069275
2024-11-25 12:11:00+05:30,176.55,184.1,176.5,184.1,196500,2066550
2024-11-25 12:12:00+05:30,183.3,184.6,181.0,184.0,117475,2066550
2024-11-25 12:13:00+05:30,184.0,184.45,181.05,181.45,95525,2066550
2024-11-25 12:14:00+05:30,182.1,182.75,178.7,182.75,70150,2057225
2024-11-25 12:15:00+05:30,182.2,183.5,181.4,183.15,69550,2057225
2024-11-25 12:16:00+05:30,182.95,182.95,174.35,174.35,112325,2057225
2024-11-25 12:17:00+05:30,174.05,178.0,169.25,172.05,154575,2028075
2024-11-25 12:18:00+05:30,172.05,172.65,168.9,171.05,89850,2028075
2024-11-25 12:19:00+05:30,169.75,170.9,164.8,165.15,153400,2028075
2024-11-25 12:20:00+05:30,165.85,171.95,165.7,171.95,82925,2006050
2024-11-25 12:21:00+05:30,172.6,175.0,167.75,169.55,94175,2006050
2024-11-25 12:22:00+05:30,169.35,173.2,168.25,171.2,32275,2006050
2024-11-25 12:23:00+05:30,170.5,170.5,167.95,169.15,60750,2005750
2024-11-25 12:24:00+05:30,170.0,171.05,165.75,167.8,49550,2005750
2024-11-25 12:25:00+05:30,167.7,173.3,167.7,172.65,61625,2005750
2024-11-25 12:26:00+05:30,173.05,173.05,168.5,171.65,45900,2012250
2024-11-25 12:27:00+05:30,171.5,174.65,171.5,172.9,49075,2012250
2024-11-25 12:28:00+05:30,173.5,175.05,171.8,174.1,62900,2012250
2024-11-25 12:29:00+05:30,173.65,174.9,171.55,172.8,42625,2006525
2024-11-25 12:30:00+05:30,171.0,171.0,166.15,167.2,79650,2006525
2024-11-25 12:31:00+05:30,167.15,167.15,161.85,166.6,116075,2006525
2024-11-25 12:32:00+05:30,167.45,172.0,167.4,168.65,86775,2010350
2024-11-25 12:33:00+05:30,169.55,169.55,166.2,168.0,25550,2010350
2024-11-25 12:34:00+05:30,168.05,168.05,164.4,164.4,41225,2010350
2024-11-25 12:35:00+05:30,164.75,168.8,164.2,164.75,54550,2008750
2024-11-25 12:36:00+05:30,164.5,166.45,163.69,165.6,57625,2008750
2024-11-25 12:37:00+05:30,166.2,171.55,165.45,170.8,107425,2008750
2024-11-25 12:38:00+05:30,170.8,175.0,170.2,174.25,95900,2016350
2024-11-25 12:39:00+05:30,174.15,176.7,173.85,175.95,111000,2016350
2024-11-25 12:40:00+05:30,175.55,179.15,175.1,178.9,123050,2016350
2024-11-25 12:41:00+05:30,178.9,179.05,172.65,173.75,98850,2013750
2024-11-25 12:42:00+05:30,173.25,173.25,169.0,171.95,75875,2013750
2024-11-25 12:43:00+05:30,170.85,171.8,168.6,171.8,40125,2013750
2024-11-25 12:44:00+05:30,171.35,173.35,169.3,169.3,41325,2005500
2024-11-25 12:45:00+05:30,170.05,171.9,169.2,171.55,33600,2005500
2024-11-25 12:46:00+05:30,170.85,173.0,169.5,171.0,35200,2005500
2024-11-25 12:47:00+05:30,170.65,171.3,169.25,170.9,29200,1999250
2024-11-25 12:48:00+05:30,170.7,170.95,165.55,167.2,80075,1999250
2024-11-25 12:49:00+05:30,167.2,169.85,165.3,168.0,57475,1999250
2024-11-25 12:50:00+05:30,167.85,168.1,160.5,160.5,152175,1996475
2024-11-25 12:51:00+05:30,160.75,161.1,152.25,159.0,287825,1996475
2024-11-25 12:52:00+05:30,158.05,158.05,149.35,151.9,210950,1996475
2024-11-25 12:53:00+05:30,152.3,152.3,131.69,136.65,432550,2076050
2024-11-25 12:54:00+05:30,137.15,140.05,130.25,130.6,341525,2076050
2024-11-25 12:55:00+05:30,129.19,131.65,120.85,129.75,508675,2076050
2024-11-25 12:56:00+05:30,128.65,131.1,117.2,123.55,454600,2204400
2024-11-25 12:57:00+05:30,122.8,122.8,111.0,111.0,281425,2204400
2024-11-25 12:58:00+05:30,107.15,116.4,105.0,115.35,389525,2204400
2024-11-25 12:59:00+05:30,115.85,117.15,107.25,107.25,256850,2211425
2024-11-25 13:00:00+05:30,105.3,109.7,98.05,109.7,349375,2211425
2024-11-25 13:01:00+05:30,109.8,115.85,107.8,115.85,245800,2211425
2024-11-25 13:02:00+05:30,116.75,116.75,100.2,103.1,267675,2219300
2024-11-25 13:03:00+05:30,104.05,111.35,104.05,107.05,159325,2219300
2024-11-25 13:04:00+05:30,107.2,109.25,103.85,105.45,121425,2219300
2024-11-25 13:05:00+05:30,104.8,107.95,102.05,105.1,118950,2193575
2024-11-25 13:06:00+05:30,106.55,109.5,105.15,108.85,106275,2193575
2024-11-25 13:07:00+05:30,108.2,110.45,106.8,106.8,105850,2193575
2024-11-25 13:08:00+05:30,108.1,108.6,101.0,104.85,117875,2235750
2024-11-25 13:09:00+05:30,104.95,109.3,104.95,105.8,108875,2235750
2024-11-25 13:10:00+05:30,105.7,112.3,105.7,109.25,126350,2235750
2024-11-25 13:11:00+05:30,108.7,119.7,108.7,119.7,322425,2215200
2024-11-25 13:12:00+05:30,120.4,126.2,118.55,121.2,286975,2215200
2024-11-25 13:13:00+05:30,118.9,122.55,113.9,120.4,218200,2215200
2024-11-25 13:14:00+05:30,118.9,119.05,116.3,117.25,94125,2239350
2024-11-25 13:15:00+05:30,116.3,126.45,115.8,121.95,133675,2239350
2024-11-25 13:16:00+05:30,121.6,123.5,117.0,122.05,115300,2239350
2024-11-25 13:17:00+05:30,121.85,123.1,119.95,121.65,76450,2235075
2024-11-25 13:18:00+05:30,119.95,119.95,113.35,118.35,127875,2235075
2024-11-25 13:19:00+05:30,117.75,119.0,115.8,117.25,56200,2235075
2024-11-25 13:20:00+05:30,116.9,119.45,114.1,119.3,87300,2248900
2024-11-25 13:21:00+05:30,121.05,128.9,121.05,125.0,203825,2248900
2024-11-25 13:22:00+05:30,125.45,126.75,122.7,123.4,94075,2248900
2024-11-25 13:23:00+05:30,122.2,122.2,118.3,121.0,93575,2237950
2024-11-25 13:24:00+05:30,120.0,125.9,113.75,124.0,164100,2237950
2024-11-25 13:25:00+05:30,124.4,132.3,122.9,132.3,146875,2237950
2024-11-25 13:26:00+05:30,133.9,138.85,128.75,137.9,467150,2237250
2024-11-25 13:27:00+05:30,137.75,139.6,131.94,133.19,342950,2237250
2024-11-25 13:28:00+05:30,132.9,139.25,132.9,137.55,238975,2237250
2024-11-25 13:29:00+05:30,138.94,139.8,134.4,135.0,189550,2311850
2024-11-25 13:30:00+05:30,134.25,136.19,126.6,129.19,252075,2311850
2024-11-25 13:31:00+05:30,128.44,130.19,127.1,127.15,122225,2311850
2024-11-25 13:32:00+05:30,127.0,127.0,123.25,125.55,215200,2276750
2024-11-25 13:33:00+05:30,125.7,136.44,125.4,131.35,257525,2276750
2024-11-25 13:34:00+05:30,132.05,135.75,131.9,133.5,105825,2276750
2024-11-25 13:35:00+05:30,132.44,134.4,131.94,133.19,123950,2328225
2024-11-25 13:36:00+05:30,131.94,131.94,127.45,127.85,115025,2328225
2024-11-25 13:37:00+05:30,126.85,128.25,125.55,127.75,142325,2328225
2024-11-25 13:38:00+05:30,129.3,129.3,122.45,127.1,111050,2311375
2024-11-25 13:39:00+05:30,127.5,127.5,119.75,123.0,162275,2311375
2024-11-25 13:40:00+05:30,122.7,123.15,118.25,119.85,115350,2311375
2024-11-25 13:41:00+05:30,119.35,120.05,115.5,117.3,130150,2284975
2024-11-25 13:42:00+05:30,117.35,122.95,116.3,119.75,109775,2284975
2024-11-25 13:43:00+05:30,119.0,122.3,117.7,120.85,79525,2284975
2024-11-25 13:44:00+05:30,119.5,120.4,117.8,120.0,36500,2293075
2024-11-25 13:45:00+05:30,119.4,119.4,113.0,117.3,111900,2293075
2024-11-25 13:46:00+05:30,117.0,119.05,115.9,117.8,44775,2293075
2024-11-25 13:47:00+05:30,118.45,121.2,117.0,119.7,86925,2303550
2024-11-25 13:48:00+05:30,120.35,121.7,118.75,120.95,63550,2303550
2024-11-25 13:49:00+05:30,120.8,120.8,116.55,117.4,68300,2303550
2024-11-25 13:50:00+05:30,117.5,122.0,117.3,119.1,56700,2301275
2024-11-25 13:51:00+05:30,117.65,118.4,114.1,114.8,97075,2301275
2024-11-25 13:52:00+05:30,114.3,115.85,111.35,115.85,90700,2301275
2024-11-25 13:53:00+05:30,115.2,115.5,111.55,113.1,50725,2310050
2024-11-25 13:54:00+05:30,112.7,117.15,112.4,116.75,43725,2310050
2024-11-25 13:55:00+05:30,117.1,117.15,108.75,111.55,105850,2310050
2024-11-25 13:56:00+05:30,111.25,111.75,110.0,110.65,62025,2319525
2024-11-25 13:57:00+05:30,110.7,113.25,110.4,113.25,48900,2319525
2024-11-25 13:58:00+05:30,112.5,123.9,112.1,120.55,154700,2319525
2024-11-25 13:59:00+05:30,120.95,123.6,117.7,117.9,92150,2325750
2024-11-25 14:00:00+05:30,116.3,117.5,114.45,114.75,59400,2325750
2024-11-25 14:01:00+05:30,114.45,115.05,110.15,113.2,74100,2325750
2024-11-25 14:02:00+05:30,112.8,122.7,111.0,122.45,91425,2321025
2024-11-25 14:03:00+05:30,121.4,126.35,121.4,124.5,235600,2321025
2024-11-25 14:04:00+05:30,124.95,126.35,119.7,121.45,128725,2321025
2024-11-25 14:05:00+05:30,121.4,122.9,117.7,119.05,100475,2322775
2024-11-25 14:06:00+05:30,120.0,125.8,118.65,122.45,123275,2322775
2024-11-25 14:07:00+05:30,122.9,125.1,120.6,124.0,58375,2322775
2024-11-25 14:08:00+05:30,123.3,129.94,123.3,129.94,109700,2293550
2024-11-25 14:09:00+05:30,129.05,132.6,126.8,127.8,208875,2293550
2024-11-25 14:10:00+05:30,128.6,132.3,127.7,131.8,148150,2293550
2024-11-25 14:11:00+05:30,132.1,132.9,126.95,128.85,163375,2352150
2024-11-25 14:12:00+05:30,129.44,139.35,128.3,133.4,255350,2352150
2024-11-25 14:13:00+05:30,133.0,133.19,129.4,131.19,103275,2352150
2024-11-25 14:14:00+05:30,130.44,130.65,124.4,125.45,126625,2332925
2024-11-25 14:15:00+05:30,127.05,128.9,126.4,128.9,68525,2332925
2024-11-25 14:16:00+05:30,127.75,132.19,127.75,132.19,94300,2332925
2024-11-25 14:17:00+05:30,131.4,133.15,129.85,131.19,105850,2347175
2024-11-25 14:18:00+05:30,131.94,135.4,131.94,133.6,143525,2347175
2024-11-25 14:19:00+05:30,132.35,134.5,130.55,133.85,106125,2347175
2024-11-25 14:20:00+05:30,133.35,134.19,127.3,127.3,152075,2369875
2024-11-25 14:21:00+05:30,127.6,129.35,125.85,127.2,135875,2369875
2024-11-25 14:22:00+05:30,127.5,128.75,122.7,124.7,187575,2369875
2024-11-25 14:23:00+05:30,123.55,123.55,114.0,114.1,240125,2293300
2024-11-25 14:24:00+05:30,113.9,119.65,113.9,119.1,137925,2293300
2024-11-25 14:25:00+05:30,119.45,120.7,117.5,120.7,97300,2293300
2024-11-25 14:26:00+05:30,120.0,127.5,119.15,125.0,166775,2292500
2024-11-25 14:27:00+05:30,125.5,133.0,125.5,132.25,237900,2292500
2024-11-25 14:28:00+05:30,131.55,133.15,129.5,133.15,138575,2292500
2024-11-25 14:29:00+05:30,132.5,133.1,130.35,133.1,103475,2313075
2024-11-25 14:30:00+05:30,132.3,132.3,127.15,127.5,132150,2313075
2024-11-25 14:31:00+05:30,127.4,129.25,124.3,125.1,111425,2313075
2024-11-25 14:32:00+05:30,124.8,124.8,119.65,123.5,164175,2313075
2024-11-25 14:33:00+05:30,124.55,125.95,121.9,122.45,72675,2294425
2024-11-25 14:34:00+05:30,122.2,127.95,118.9,127.25,141975,2294425
2024-11-25 14:35:00+05:30,127.6,129.55,125.75,128.75,128300,2294425
2024-11-25 14:36:00+05:30,129.05,137.55,128.6,137.55,137250,2295525
2024-11-25 14:37:00+05:30,136.75,138.35,132.65,134.35,237200,2295525
2024-11-25 14:38:00+05:30,134.19,151.19,134.19,149.44,668025,2295525
2024-11-25 14:39:00+05:30,150.55,150.55,142.4,145.15,333525,2323625
2024-11-25 14:40:00+05:30,145.3,157.75,144.65,153.5,668775,2323625
2024-11-25 14:41:00+05:30,154.65,157.0,153.0,155.9,399525,2323625
2024-11-25 14:42:00+05:30,156.0,156.0,146.65,149.44,350825,2365025
2024-11-25 14:43:00+05:30,147.65,155.1,147.0,154.75,276500,2365025
2024-11-25 14:44:00+05:30,153.69,155.25,151.65,154.15,220350,2365025
2024-11-25 14:45:00+05:30,154.0,161.1,151.6,160.0,491550,2399725
2024-11-25 14:46:00+05:30,160.69,162.3,158.44,161.4,401575,2399725
2024-11-25 14:47:00+05:30,161.19,161.19,156.5,159.44,270625,2399725
2024-11-25 14:48:00+05:30,159.44,165.9,156.25,161.65,338000,2347450
2024-11-25 14:49:00+05:30,160.75,160.75,153.3,156.75,327800,2347450
2024-11-25 14:50:00+05:30,156.6,156.65,146.69,149.69,358825,2347450
2024-11-25 14:51:00+05:30,148.4,149.35,143.65,147.94,234450,2342500
2024-11-25 14:52:00+05:30,146.9,152.69,145.19,152.69,175175,2342500
2024-11-25 14:53:00+05:30,152.6,155.25,149.75,155.25,232575,2342500
2024-11-25 14:54:00+05:30,154.3,155.65,152.85,155.0,128100,2390200
2024-11-25 14:55:00+05:30,155.3,155.65,146.8,151.69,198700,2390200
2024-11-25 14:56:00+05:30,149.8,150.0,145.69,147.69,125675,2390200
2024-11-25 14:57:00+05:30,147.6,148.9,142.69,142.8,141175,2342975
2024-11-25 14:58:00+05:30,140.6,142.8,133.3,138.5,323450,2342975
2024-11-25 14:59:00+05:30,137.8,142.0,136.44,142.0,160725,2342975
2024-11-25 15:00:00+05:30,142.65,147.9,137.94,142.4,286675,2335800
2024-11-25 15:01:00+05:30,140.0,140.35,128.0,129.94,355925,2335800
2024-11-25 15:02:00+05:30,129.75,129.75,120.5,121.3,278300,2335800
2024-11-25 15:03:00+05:30,121.85,128.55,116.9,122.3,276650,2331600
2024-11-25 15:04:00+05:30,121.95,126.05,118.45,125.1,189100,2331600
2024-11-25 15:05:00+05:30,125.95,126.65,119.25,119.8,244325,2331600
2024-11-25 15:06:00+05:30,120.8,131.0,120.8,130.75,162350,2293250
2024-11-25 15:07:00+05:30,132.05,140.94,132.05,138.19,378400,2293250
2024-11-25 15:08:00+05:30,138.19,144.8,134.5,144.8,270900,2293250
2024-11-25 15:09:00+05:30,143.94,147.05,139.15,147.05,258425,2272525
2024-11-25 15:10:00+05:30,147.9,147.9,138.44,139.69,276200,2272525
2024-11-25 15:11:00+05:30,138.69,140.75,136.75,137.94,152875,2272525
2024-11-25 15:12:00+05:30,137.85,143.19,137.35,141.25,167425,2256625
2024-11-25 15:13:00+05:30,141.5,147.4,138.85,147.35,170200,2256625
2024-11-25 15:14:00+05:30,147.4,148.94,142.25,145.55,171125,2256625
2024-11-25 15:15:00+05:30,146.05,150.3,142.69,149.44,208100,2171350
2024-11-25 15:16:00+05:30,149.25,157.15,147.3,155.0,376450,2171350
2024-11-25 15:17:00+05:30,155.94,158.35,154.44,158.35,292025,2171350
2024-11-25 15:18:00+05:30,159.0,159.94,153.85,157.75,233975,2154175
2024-11-25 15:19:00+05:30,158.19,159.5,154.5,154.5,162350,2154175
2024-11-25 15:20:00+05:30,156.19,156.19,149.4,151.15,209900,2154175
2024-11-25 15:21:00+05:30,151.5,157.65,150.0,157.65,182250,2063325
2024-11-25 15:22:00+05:30,158.0,158.55,156.15,157.19,211300,2063325
2024-11-25 15:23:00+05:30,157.8,159.5,153.69,155.0,219325,2063325
2024-11-25 15:24:00+05:30,156.0,157.69,156.0,157.05,124275,1992975
2024-11-25 15:25:00+05:30,157.6,158.35,155.4,157.75,150000,1992975
2024-11-25 15:26:00+05:30,157.44,159.0,157.3,157.55,147750,1992975
2024-11-25 15:27:00+05:30,157.55,158.69,156.85,158.69,134325,1912750
2024-11-25 15:28:00+05:30,158.19,158.5,156.5,158.0,177075,1912750
2024-11-25 15:29:00+05:30,158.35,162.0,158.35,160.25,258500,1912750
2024-11-26 09:15:00+05:30,181.85,181.85,148.0,148.15,528525,1831800
2024-11-26 09:16:00+05:30,145.75,154.15,145.15,153.25,283900,1831800
2024-11-26 09:17:00+05:30,154.0,161.0,150.65,156.85,305950,1831800
2024-11-26 09:18:00+05:30,155.8,164.35,155.8,157.25,274400,1977075
2024-11-26 09:19:00+05:30,155.9,165.25,155.9,165.25,198725,1977075
2024-11-26 09:20:00+05:30,165.95,166.5,158.75,161.75,228700,1977075
2024-11-26 09:21:00+05:30,162.35,171.1,161.44,169.4,276600,1974775
2024-11-26 09:22:00+05:30,168.85,184.9,168.55,182.35,427625,1974775
2024-11-26 09:23:00+05:30,182.95,183.2,167.2,168.25,333275,1974775
2024-11-26 09:24:00+05:30,166.35,169.65,159.44,166.0,199175,1893025
2024-11-26 09:25:00+05:30,165.5,168.6,155.25,159.8,184475,1893025
2024-11-26 09:26:00+05:30,159.69,162.44,145.0,155.25,277700,1893025
2024-11-26 09:27:00+05:30,157.65,164.35,154.9,158.55,190375,1888900
2024-11-26 09:28:00+05:30,159.15,161.15,157.5,159.69,85700,1888900
2024-11-26 09:29:00+05:30,159.19,161.5,155.44,159.19,102425,1888900
2024-11-26 09:30:00+05:30,160.35,161.69,156.0,157.5,124425,1871700
2024-11-26 09:31:00+05:30,158.44,165.1,157.4,157.9,136850,1871700
2024-11-26 09:32:00+05:30,160.69,165.75,156.35,165.75,96050,1871700
2024-11-26 09:33:00+05:30,165.6,166.25,158.1,163.15,76525,1870875
2024-11-26 09:34:00+05:30,164.55,170.0,164.0,164.0,196950,1870875
2024-11-26 09:35:00+05:30,165.85,167.3,157.5,159.9,152750,1870875
2024-11-26 09:36:00+05:30,160.05,161.15,155.15,158.05,98075,1877875
2024-11-26 09:37:00+05:30,157.75,160.94,155.0,157.85,106600,1877875
2024-11-26 09:38:00+05:30,159.94,163.19,157.0,157.0,69450,1877875
2024-11-26 09:39:00+05:30,157.19,160.0,155.0,155.4,91525,1893800
2024-11-26 09:40:00+05:30,154.75,154.75,141.15,148.4,437750,1893800
2024-11-26 09:41:00+05:30,147.94,152.55,146.35,149.5,174675,1893800
2024-11-26 09:42:00+05:30,149.4,152.15,147.3,150.94,142925,1982575
2024-11-26 09:43:00+05:30,149.75,149.94,141.6,143.1,190225,1982575
2024-11-26 09:44:00+05:30,142.55,144.15,137.1,139.35,227325,1982575
2024-11-26 09:45:00+05:30,138.25,142.75,137.6,138.85,240975,2130600
2024-11-26 09:46:00+05:30,138.6,141.5,135.19,139.9,242050,2130600
2024-11-26 09:47:00+05:30,140.3,140.55,131.1,134.75,357450,2130600
2024-11-26 09:48:00+05:30,134.1,138.4,129.55,132.35,294825,2345950
2024-11-26 09:49:00+05:30,131.94,136.0,127.45,131.75,272875,2345950
2024-11-26 09:50:00+05:30,131.4,137.75,130.0,137.75,362450,2345950
2024-11-26 09:51:00+05:30,139.0,142.25,137.1,138.19,342025,2466550
2024-11-26 09:52:00+05:30,137.69,138.3,133.0,136.65,214350,2466550
2024-11-26 09:53:00+05:30,136.8,137.44,129.55,132.15,208300,2466550
2024-11-26 09:54:00+05:30,131.35,131.69,124.4,125.1,237700,2559325
2024-11-26 09:55:00+05:30,125.75,130.65,125.3,129.85,277800,2559325
2024-11-26 09:56:00+05:30,129.75,129.75,118.05,120.7,359375,2559325
2024-11-26 09:57:00+05:30,119.8,119.85,111.4,115.15,435775,2766725
2024-11-26 09:58:00+05:30,115.25,115.25,104.0,106.95,273200,2766725
2024-11-26 09:59:00+05:30,108.3,111.05,105.5,108.25,315100,2766725
2024-11-26 10:00:00+05:30,108.3,113.2,107.85,112.95,322600,2890925
2024-11-26 10:01:00+05:30,112.95,117.65,112.7,115.15,389600,2890925
2024-11-26 10:02:00+05:30,115.65,130.5,115.65,123.1,706025,2890925
2024-11-26 10:03:00+05:30,123.6,127.75,120.85,124.4,356800,3020200
2024-11-26 10:04:00+05:30,124.15,125.2,119.25,121.2,210725,3020200
2024-11-26 10:05:00+05:30,123.2,127.55,116.9,119.6,422400,3020200
2024-11-26 10:06:00+05:30,117.9,125.2,117.9,121.45,184475,3109750
2024-11-26 10:07:00+05:30,121.9,121.9,115.2,119.25,235250,3109750
2024-11-26 10:08:00+05:30,120.75,122.3,117.95,120.35,151050,3109750
2024-11-26 10:09:00+05:30,120.4,122.7,118.55,122.1,140575,3190275
2024-11-26 10:10:00+05:30,122.05,127.3,119.1,120.0,421875,3190275
2024-11-26 10:11:00+05:30,118.9,121.8,114.15,120.5,237650,3190275
2024-11-26 10:12:00+05:30,120.4,124.8,118.8,123.05,160825,3271700
2024-11-26 10:13:00+05:30,121.7,121.8,115.25,115.3,180150,3271700
2024-11-26 10:14:00+05:30,115.35,118.0,112.5,116.1,244200,3271700
2024-11-26 10:15:00+05:30,114.9,114.9,108.55,111.75,334950,3273375
2024-11-26 10:16:00+05:30,111.55,112.0,97.85,103.5,607275,3273375
2024-11-26 10:17:00+05:30,102.3,106.1,99.05,101.5,382950,3273375
2024-11-26 10:18:00+05:30,101.95,101.95,95.15,98.9,261800,3226925
2024-11-26 10:19:00+05:30,98.45,98.45,93.45,94.7,412300,3226925
2024-11-26 10:20:00+05:30,95.35,96.9,90.55,91.8,323775,3226925
2024-11-26 10:21:00+05:30,91.5,92.85,86.95,91.5,327975,3199825
2024-11-26 10:22:00+05:30,91.45,92.45,87.5,90.25,262175,3199825
2024-11-26 10:23:00+05:30,90.95,95.1,90.3,93.65,205225,3199825
2024-11-26 10:24:00+05:30,94.3,95.75,88.55,89.95,210100,3209750
2024-11-26 10:25:00+05:30,91.3,94.45,90.4,93.1,147275,3209750
2024-11-26 10:26:00+05:30,94.45,96.1,92.9,94.55,141075,3209750
2024-11-26 10:27:00+05:30,94.75,99.9,94.6,96.6,271250,3231800
2024-11-26 10:28:00+05:30,96.35,101.0,94.35,96.45,226325,3231800
2024-11-26 10:29:00+05:30,96.8,101.35,96.2,99.9,213775,3231800
2024-11-26 10:30:00+05:30,99.3,104.75,97.25,99.6,344100,3233875
2024-11-26 10:31:00+05:30,99.85,99.85,96.15,98.0,158025,3233875
2024-11-26 10:32:00+05:30,98.15,98.15,94.25,95.0,175875,3233875
2024-11-26 10:33:00+05:30,95.0,95.3,93.25,93.45,90275,3289775
2024-11-26 10:34:00+05:30,93.3,94.45,91.65,93.45,167900,3289775
2024-11-26 10:35:00+05:30,93.8,94.75,90.95,92.15,136775,3289775
2024-11-26 10:36:00+05:30,91.35,92.4,88.8,92.4,189275,3333750
2024-11-26 10:37:00+05:30,92.2,97.25,92.05,93.15,193875,3333750
2024-11-26 10:38:00+05:30,93.65,98.5,92.65,97.8,178775,3333750
2024-11-26 10:39:00+05:30,97.35,102.75,97.35,101.35,270875,3363825
2024-11-26 10:40:00+05:30,100.9,101.85,97.3,97.3,221875,3363825
2024-11-26 10:41:00+05:30,96.8,100.9,95.55,97.8,175225,3363825
2024-11-26 10:42:00+05:30,97.9,103.45,96.45,102.1,176625,3424400
2024-11-26 10:43:00+05:30,102.45,104.6,97.35,98.7,319075,3424400
2024-11-26 10:44:00+05:30,98.45,100.15,98.45,99.4,92875,3424400
2024-11-26 10:45:00+05:30,99.15,108.05,98.5,107.2,268650,3370275
2024-11-26 10:46:00+05:30,106.95,106.95,104.05,106.35,292075,3370275
2024-11-26 10:47:00+05:30,104.55,107.85,104.15,105.7,231700,3370275
2024-11-26 10:48:00+05:30,106.25,106.95,99.0,99.35,298300,3370275
2024-11-26 10:49:00+05:30,99.1,99.1,95.4,96.8,244300,3467375
2024-11-26 10:50:00+05:30,96.75,100.15,95.85,100.05,158775,3467375
2024-11-26 10:51:00+05:30,100.0,100.4,97.2,99.0,92675,3467375
2024-11-26 10:52:00+05:30,99.1,102.6,98.9,100.35,135025,3436900
2024-11-26 10:53:00+05:30,100.25,110.55,100.25,106.95,405325,3436900
2024-11-26 10:54:00+05:30,107.15,110.75,107.15,108.9,323875,3436900
2024-11-26 10:55:00+05:30,108.6,116.1,108.25,112.7,573375,3476875
2024-11-26 10:56:00+05:30,113.05,113.05,104.05,105.4,371700,3476875
2024-11-26 10:57:00+05:30,105.0,105.15,101.8,101.8,226200,3476875
2024-11-26 10:58:00+05:30,102.65,109.15,102.65,107.4,342875,3457475
2024-11-26 10:59:00+05:30,108.3,108.3,102.35,103.15,180950,3457475
2024-11-26 11:00:00+05:30,103.6,105.5,102.15,102.15,146700,3457475
2024-11-26 11:01:00+05:30,102.15,109.4,102.15,106.0,266700,3589775
2024-11-26 11:02:00+05:30,106.5,106.8,104.35,105.5,115075,3589775
2024-11-26 11:03:00+05:30,105.7,106.45,104.05,105.0,85000,3589775
2024-11-26 11:04:00+05:30,105.15,111.3,104.4,111.0,253375,3622575
2024-11-26 11:05:00+05:30,110.45,111.6,107.9,108.5,252300,3622575
2024-11-26 11:06:00+05:30,108.85,108.85,106.3,107.25,103600,3622575
2024-11-26 11:07:00+05:30,107.0,108.0,103.85,104.0,138475,3569075
2024-11-26 11:08:00+05:30,103.45,103.45,99.25,100.25,348350,3569075
2024-11-26 11:09:00+05:30,100.0,100.55,96.85,98.45,282975,3569075
2024-11-26 11:10:00+05:30,99.0,102.45,96.7,101.6,244000,3554800
2024-11-26 11:11:00+05:30,102.05,105.1,101.0,105.0,287100,3554800
2024-11-26 11:12:00+05:30,104.85,105.45,99.85,100.25,151425,3554800
2024-11-26 11:13:00+05:30,100.0,102.35,97.9,98.3,116825,3568775
2024-11-26 11:14:00+05:30,97.85,98.75,97.35,98.05,109550,3568775
2024-11-26 11:15:00+05:30,97.8,97.8,94.05,95.55,249975,3568775
2024-11-26 11:16:00+05:30,95.5,97.1,93.75,94.15,146575,3602525
2024-11-26 11:17:00+05:30,93.9,95.95,93.15,94.55,100075,3602525
2024-11-26 11:18:00+05:30,94.4,94.4,92.1,92.75,176150,3602525
2024-11-26 11:19:00+05:30,91.8,94.4,91.55,92.1,120350,3611950
2024-11-26 11:20:00+05:30,92.65,95.05,91.25,95.05,142875,3611950
2024-11-26 11:21:00+05:30,95.1,98.35,93.65,95.0,204750,3611950
2024-11-26 11:22:00+05:30,94.7,97.9,94.7,95.55,95900,3580475
2024-11-26 11:23:00+05:30,95.75,97.0,95.1,95.95,51950,3580475
2024-11-26 11:24:00+05:30,94.55,97.1,93.45,96.1,82375,3580475
2024-11-26 11:25:00+05:30,96.25,98.65,94.6,98.15,106550,3595500
2024-11-26 11:26:00+05:30,98.3,101.65,97.3,98.2,233475,3595500
2024-11-26 11:27:00+05:30,99.15,99.8,97.75,98.15,101075,3595500
2024-11-26 11:28:00+05:30,97.8,99.55,96.8,98.4,77275,3604375
2024-11-26 11:29:00+05:30,98.25,99.95,98.0,98.3,75350,3604375
2024-11-26 11:30:00+05:30,98.2,98.2,95.2,96.5,119850,3604375
2024-11-26 11:31:00+05:30,96.25,97.9,96.25,97.2,64575,3610700
2024-11-26 11:32:00+05:30,97.0,102.3,97.0,101.45,141850,3610700
2024-11-26 11:33:00+05:30,101.45,105.25,100.8,104.0,251500,3610700
2024-11-26 11:34:00+05:30,103.8,105.8,103.0,105.8,200300,3598150
2024-11-26 11:35:00+05:30,106.3,108.2,103.9,103.9,243175,3598150
2024-11-26 11:36:00+05:30,104.25,109.35,103.9,106.5,271750,3598150
2024-11-26 11:37:00+05:30,107.45,109.25,106.45,108.35,147375,3571700
2024-11-26 11:38:00+05:30,108.2,112.3,108.2,109.8,260350,3571700
2024-11-26 11:39:00+05:30,109.7,112.0,109.7,111.3,186650,3571700
2024-11-26 11:40:00+05:30,111.3,112.65,109.0,109.65,268650,3587025
2024-11-26 11:41:00+05:30,109.65,114.95,107.75,112.35,312800,3587025
2024-11-26 11:42:00+05:30,111.95,114.9,111.95,113.3,202600,3587025
2024-11-26 11:43:00+05:30,113.65,113.95,110.0,112.2,181625,3610475
2024-11-26 11:44:00+05:30,111.95,112.45,107.8,110.6,214625,3610475
2024-11-26 11:45:00+05:30,110.25,113.0,107.75,110.85,167750,3610475
2024-11-26 11:46:00+05:30,110.2,111.0,108.75,108.9,92300,3546775
2024-11-26 11:47:00+05:30,108.7,111.0,108.05,110.65,118075,3546775
2024-11-26 11:48:00+05:30,111.1,111.95,107.1,107.5,152250,3546775
2024-11-26 11:49:00+05:30,106.6,107.6,103.6,104.65,189125,3580150
2024-11-26 11:50:00+05:30,105.2,107.45,104.65,106.3,87325,3580150
2024-11-26 11:51:00+05:30,106.5,108.0,103.0,104.05,121750,3580150
2024-11-26 11:52:00+05:30,104.2,110.4,103.0,110.1,135400,3585700
2024-11-26 11:53:00+05:30,109.8,109.8,107.35,109.15,128500,3585700
2024-11-26 11:54:00+05:30,108.6,108.65,103.4,103.4,141775,3585700
2024-11-26 11:55:00+05:30,102.85,105.7,101.35,105.7,185100,3594625
2024-11-26 11:56:00+05:30,104.95,105.3,102.0,102.0,116025,3594625
2024-11-26 11:57:00+05:30,102.1,102.1,96.0,97.45,354200,3594625
2024-11-26 11:58:00+05:30,97.0,99.7,96.6,99.7,156275,3656900
2024-11-26 11:59:00+05:30,99.1,99.75,98.35,98.85,112825,3656900
2024-11-26 12:00:00+05:30,98.9,99.6,96.85,97.9,84475,3656900
2024-11-26 12:01:00+05:30,97.4,98.1,96.1,96.25,87050,3742150
2024-11-26 12:02:00+05:30,96.35,96.7,93.8,96.7,211100,3742150
2024-11-26 12:03:00+05:30,96.85,98.6,96.35,97.95,151525,3742150
2024-11-26 12:04:00+05:30,97.8,97.8,93.25,94.95,122075,3723500
2024-11-26 12:05:00+05:30,94.65,95.55,92.4,93.0,135300,3723500
2024-11-26 12:06:00+05:30,93.0,93.95,91.1,92.0,164050,3723500
2024-11-26 12:07:00+05:30,91.75,93.75,91.75,93.25,92150,3787425
2024-11-26 12:08:00+05:30,93.15,93.55,91.45,93.55,85725,3787425
2024-11-26 12:09:00+05:30,93.0,93.3,90.7,92.35,98150,3787425
2024-11-26 12:10:00+05:30,91.6,94.65,91.05,94.0,123750,3780750
2024-11-26 12:11:00+05:30,94.1,96.45,91.45,94.15,161025,3780750
2024-11-26 12:12:00+05:30,93.95,95.2,92.45,94.4,85825,3780750
2024-11-26 12:13:00+05:30,94.2,94.2,86.25,88.45,338300,3759050
2024-11-26 12:14:00+05:30,88.45,92.4,87.6,92.15,237950,3759050
2024-11-26 12:15:00+05:30,92.05,94.75,91.65,93.7,194975,3759050
2024-11-26 12:16:00+05:30,93.25,93.8,91.15,92.1,63200,3757800
2024-11-26 12:17:00+05:30,92.0,92.1,88.55,89.85,104650,3757800
2024-11-26 12:18:00+05:30,89.05,90.0,88.2,89.85,104500,3757800
2024-11-26 12:19:00+05:30,90.4,90.4,87.75,88.1,104075,3751775
2024-11-26 12:20:00+05:30,87.85,87.85,78.05,81.84,737675,3751775
2024-11-26 12:21:00+05:30,81.4,81.4,78.0,80.45,477800,3751775
2024-11-26 12:22:00+05:30,81.75,84.0,81.59,83.35,290300,3656375
2024-11-26 12:23:00+05:30,83.1,84.3,82.7,83.6,135800,3656375
2024-11-26 12:24:00+05:30,83.65,83.75,76.3,79.3,273875,3656375
2024-11-26 12:25:00+05:30,79.5,80.7,78.7,79.75,200025,3604900
2024-11-26 12:26:00+05:30,79.75,82.7,79.4,81.9,136500,3604900
2024-11-26 12:27:00+05:30,81.0,84.25,81.0,82.0,103875,3604900
2024-11-26 12:28:00+05:30,81.5,82.25,79.15,82.1,98250,3613950
2024-11-26 12:29:00+05:30,81.9,81.95,80.4,80.4,81100,3613950
2024-11-26 12:30:00+05:30,79.8,80.55,74.3,75.95,335775,3613950
2024-11-26 12:31:00+05:30,76.34,79.95,76.34,78.9,164250,3620900
2024-11-26 12:32:00+05:30,78.4,81.45,78.09,80.5,113700,3620900
2024-11-26 12:33:00+05:30,80.05,82.2,79.45,80.0,151925,3620900
2024-11-26 12:34:00+05:30,79.4,80.34,78.25,78.75,101100,3621175
2024-11-26 12:35:00+05:30,78.7,79.4,77.3,78.55,98900,3621175
2024-11-26 12:36:00+05:30,78.4,79.45,77.05,79.45,81775,3621175
2024-11-26 12:37:00+05:30,79.7,82.5,79.7,81.09,202600,3612825
2024-11-26 12:38:00+05:30,79.9,81.34,76.65,77.75,173150,3612825
2024-11-26 12:39:00+05:30,77.59,81.3,77.15,79.84,83150,3612825
2024-11-26 12:40:00+05:30,79.8,80.5,78.5,79.5,60675,3512675
2024-11-26 12:41:00+05:30,79.9,81.59,79.7,81.0,74650,3512675
2024-11-26 12:42:00+05:30,81.05,83.0,79.3,79.3,146200,3512675
2024-11-26 12:43:00+05:30,79.2,84.2,78.8,81.75,174200,3508375
2024-11-26 12:44:00+05:30,81.84,84.45,81.25,82.6,144650,3508375
2024-11-26 12:45:00+05:30,82.85,86.35,82.45,85.75,340725,3508375
2024-11-26 12:46:00+05:30,85.95,88.15,85.6,86.0,282700,3521500
2024-11-26 12:47:00+05:30,85.95,85.95,82.7,83.4,171175,3521500
2024-11-26 12:48:00+05:30,83.35,85.55,83.0,84.85,104025,3521500
2024-11-26 12:49:00+05:30,84.4,87.9,83.6,87.7,139575,3510325
2024-11-26 12:50:00+05:30,87.5,88.4,84.65,85.5,168675,3510325
2024-11-26 12:51:00+05:30,85.25,86.9,82.75,86.9,105000,3510325
2024-11-26 12:52:00+05:30,87.15,88.6,86.6,88.05,117375,3489575
2024-11-26 12:53:00+05:30,87.75,89.7,87.3,88.1,160250,3489575
2024-11-26 12:54:00+05:30,87.7,88.7,86.15,86.15,113150,3489575
2024-11-26 12:55:00+05:30,86.05,86.8,84.8,85.4,96700,3447100
2024-11-26 12:56:00+05:30,84.8,92.0,84.8,91.3,246375,3447100
2024-11-26 12:57:00+05:30,91.35,93.8,91.35,91.6,228950,3447100
2024-11-26 12:58:00+05:30,91.3,92.7,88.75,89.45,200375,3420450
2024-11-26 12:59:00+05:30,88.85,88.95,85.95,87.2,145275,3420450
2024-11-26 13:00:00+05:30,86.95,89.75,84.6,86.15,165125,3420450
2024-11-26 13:01:00+05:30,85.05,85.05,82.05,82.95,162050,3450875
2024-11-26 13:02:00+05:30,83.0,85.95,82.3,85.4,180000,3450875
2024-11-26 13:03:00+05:30,85.3,85.85,84.0,85.15,67450,3450875
2024-11-26 13:04:00+05:30,85.15,86.2,84.85,85.6,60675,3430575
2024-11-26 13:05:00+05:30,85.2,85.5,82.65,83.35,65350,3430575
2024-11-26 13:06:00+05:30,83.8,85.3,82.1,84.4,71225,3430575
2024-11-26 13:07:00+05:30,83.95,85.05,81.5,82.1,90300,3441300
2024-11-26 13:08:00+05:30,82.65,84.55,82.0,83.1,92650,3441300
2024-11-26 13:09:00+05:30,83.65,84.5,78.9,79.2,225400,3441300
2024-11-26 13:10:00+05:30,78.65,82.95,78.65,82.5,121050,3445525
2024-11-26 13:11:00+05:30,82.5,82.7,81.2,81.55,82075,3445525
2024-11-26 13:12:00+05:30,81.65,83.4,80.8,83.15,61275,3445525
2024-11-26 13:13:00+05:30,83.0,83.3,79.25,80.55,67700,3441450
2024-11-26 13:14:00+05:30,80.65,82.35,80.05,81.65,47675,3441450
2024-11-26 13:15:00+05:30,81.59,85.9,81.59,85.15,141275,3441450
2024-11-26 13:16:00+05:30,85.2,87.45,85.2,85.7,104025,3419875
2024-11-26 13:17:00+05:30,85.45,88.6,85.45,88.6,115375,3419875
2024-11-26 13:18:00+05:30,88.0,90.4,88.0,88.4,176825,3419875
2024-11-26 13:19:00+05:30,87.85,90.3,87.85,89.1,72875,3432400
2024-11-26 13:20:00+05:30,89.35,92.1,89.0,90.9,194650,3432400
2024-11-26 13:21:00+05:30,90.9,95.35,89.8,93.75,284625,3432400
2024-11-26 13:22:00+05:30,93.0,93.1,90.55,91.0,124700,3438175
2024-11-26 13:23:00+05:30,90.65,91.0,87.0,87.6,147250,3438175
2024-11-26 13:24:00+05:30,87.15,87.3,85.1,85.8,103450,3438175
2024-11-26 13:25:00+05:30,85.55,85.6,83.2,84.3,117425,3437075
2024-11-26 13:26:00+05:30,84.0,84.75,82.45,83.25,120525,3437075
2024-11-26 13:27:00+05:30,82.45,82.55,81.0,82.55,99350,3437075
2024-11-26 13:28:00+05:30,82.35,82.4,80.65,81.5,89325,3435375
2024-11-26 13:29:00+05:30,81.0,82.05,79.2,79.75,101950,3435375
2024-11-26 13:30:00+05:30,79.75,81.25,78.4,80.95,101625,3435375
2024-11-26 13:31:00+05:30,81.15,81.65,79.9,80.65,86600,3459300
2024-11-26 13:32:00+05:30,80.7,80.95,76.8,78.15,152600,3459300
2024-11-26 13:33:00+05:30,78.0,80.55,76.4,80.0,104550,3459300
2024-11-26 13:34:00+05:30,80.0,81.84,79.9,81.45,101400,3488975
2024-11-26 13:35:00+05:30,81.9,83.85,81.75,82.7,140875,3488975
2024-11-26 13:36:00+05:30,82.55,83.1,81.3,81.95,71750,3488975
2024-11-26 13:37:00+05:30,82.3,82.65,75.34,76.95,131250,3472050
2024-11-26 13:38:00+05:30,76.95,77.7,72.25,72.3,250150,3472050
2024-11-26 13:39:00+05:30,73.2,75.0,68.8,74.15,347350,3472050
2024-11-26 13:40:00+05:30,73.8,74.95,72.4,73.25,155075,3456525
2024-11-26 13:41:00+05:30,73.59,76.5,73.59,75.5,143625,3456525
2024-11-26 13:42:00+05:30,75.45,78.75,73.95,78.05,136775,3456525
2024-11-26 13:43:00+05:30,78.25,79.59,76.4,76.65,108700,3434050
2024-11-26 13:44:00+05:30,76.15,78.75,75.8,78.05,72750,3434050
2024-11-26 13:45:00+05:30,78.0,80.2,77.2,78.0,112700,3434050
2024-11-26 13:46:00+05:30,77.95,80.3,76.65,80.0,73400,3419600
2024-11-26 13:47:00+05:30,80.0,80.75,78.8,80.2,88025,3419600
2024-11-26 13:48:00+05:30,80.59,86.7,79.55,85.75,290950,3419600
2024-11-26 13:49:00+05:30,85.4,93.5,85.4,92.7,561675,3389300
2024-11-26 13:50:00+05:30,92.45,94.3,90.3,90.4,350825,3389300
2024-11-26 13:51:00+05:30,90.65,91.0,88.2,91.0,195275,3389300
2024-11-26 13:52:00+05:30,91.15,91.7,86.85,87.8,170850,3406000
2024-11-26 13:53:00+05:30,87.75,89.0,86.0,86.7,110025,3406000
2024-11-26 13:54:00+05:30,86.6,89.8,86.6,88.0,96350,3406000
2024-11-26 13:55:00+05:30,88.0,93.9,87.6,93.65,204825,3429350
2024-11-26 13:56:00+05:30,93.7,101.0,93.6,94.0,537525,3429350
2024-11-26 13:57:00+05:30,94.15,94.15,89.0,89.85,221175,3429350
2024-11-26 13:58:00+05:30,90.1,96.4,90.0,96.4,185025,3414200
2024-11-26 13:59:00+05:30,98.0,102.1,95.95,99.15,421350,3414200
2024-11-26 14:00:00+05:30,99.7,99.7,91.45,92.7,326700,3414200
2024-11-26 14:01:00+05:30,92.1,94.25,91.5,93.0,134050,3416100
2024-11-26 14:02:00+05:30,92.7,95.0,91.0,91.0,139300,3416100
2024-11-26 14:03:00+05:30,90.5,90.85,87.6,89.65,348375,3416100
2024-11-26 14:04:00+05:30,89.35,100.7,89.35,98.85,610975,3487925
2024-11-26 14:05:00+05:30,98.5,100.95,95.6,96.4,507850,3487925
2024-11-26 14:06:00+05:30,96.35,96.35,90.3,91.45,308900,3487925
2024-11-26 14:07:00+05:30,91.35,93.05,89.9,90.6,234050,3530625
2024-11-26 14:08:00+05:30,90.95,91.2,85.7,87.65,301475,3530625
2024-11-26 14:09:00+05:30,87.3,90.4,87.3,89.2,123425,3530625
2024-11-26 14:10:00+05:30,88.8,91.35,88.25,89.85,144300,3526225
2024-11-26 14:11:00+05:30,90.25,93.1,88.05,92.95,147450,3526225
2024-11-26 14:12:00+05:30,92.9,94.35,88.95,90.2,152225,3526225
2024-11-26 14:13:00+05:30,90.2,94.85,90.2,92.5,173325,3522950
2024-11-26 14:14:00+05:30,92.95,95.45,91.5,91.7,121125,3522950
2024-11-26 14:15:00+05:30,91.3,95.0,90.65,93.7,151975,3522950
2024-11-26 14:16:00+05:30,93.25,95.4,92.85,94.5,124650,3494100
2024-11-26 14:17:00+05:30,94.2,97.8,94.2,97.25,178950,3494100
2024-11-26 14:18:00+05:30,96.6,98.45,95.55,97.65,195450,3494100
2024-11-26 14:19:00+05:30,97.7,99.5,96.85,96.9,189125,3508650
2024-11-26 14:20:00+05:30,96.05,98.8,93.45,97.15,245600,3508650
2024-11-26 14:21:00+05:30,97.6,97.65,93.9,94.75,121175,3508650
2024-11-26 14:22:00+05:30,94.9,99.3,94.3,98.4,143150,3500150
2024-11-26 14:23:00+05:30,98.5,101.45,95.0,96.65,358750,3500150
2024-11-26 14:24:00+05:30,95.85,99.55,95.25,99.25,109500,3500150
2024-11-26 14:25:00+05:30,98.6,103.4,97.45,101.0,344300,3462825
2024-11-26 14:26:00+05:30,100.1,100.45,92.25,93.0,327750,3462825
2024-11-26 14:27:00+05:30,93.15,93.9,89.55,90.55,271075,3462825
2024-11-26 14:28:00+05:30,90.35,92.95,90.35,92.65,125675,3506625
2024-11-26 14:29:00+05:30,91.95,92.15,87.15,87.65,211875,3506625
2024-11-26 14:30:00+05:30,88.8,92.65,88.8,92.0,207800,3506625
2024-11-26 14:31:00+05:30,92.05,94.1,91.75,93.25,130025,3463025
2024-11-26 14:32:00+05:30,93.75,96.2,92.5,96.1,172425,3463025
2024-11-26 14:33:00+05:30,95.65,98.15,95.05,95.15,191850,3463025
2024-11-26 14:34:00+05:30,95.25,97.65,94.4,96.55,109325,3436475
2024-11-26 14:35:00+05:30,95.45,98.55,95.45,97.75,110075,3436475
2024-11-26 14:36:00+05:30,97.2,101.1,96.85,100.45,289700,3436475
2024-11-26 14:37:00+05:30,100.1,101.85,98.9,100.65,249600,3409450
2024-11-26 14:38:00+05:30,100.0,108.0,97.7,106.1,590975,3409450
2024-11-26 14:39:00+05:30,105.2,111.6,105.2,108.4,643150,3409450
2024-11-26 14:40:00+05:30,107.0,117.45,106.95,113.7,913225,3292925
2024-11-26 14:41:00+05:30,112.8,115.0,112.05,113.2,471700,3292925
2024-11-26 14:42:00+05:30,113.0,114.4,110.0,114.05,515975,3292925
2024-11-26 14:43:00+05:30,114.35,121.7,114.35,117.9,901075,3243075
2024-11-26 14:44:00+05:30,117.4,122.35,113.8,114.85,807200,3243075
2024-11-26 14:45:00+05:30,114.25,117.9,113.1,113.3,496950,3243075
2024-11-26 14:46:00+05:30,112.15,112.15,107.7,111.15,588875,3344400
2024-11-26 14:47:00+05:30,111.35,113.45,109.35,111.9,254400,3344400
2024-11-26 14:48:00+05:30,111.65,112.0,107.7,109.55,226500,3344400
2024-11-26 14:49:00+05:30,109.35,110.2,106.5,108.1,241875,3386950
2024-11-26 14:50:00+05:30,107.9,114.2,107.4,112.95,367475,3386950
2024-11-26 14:51:00+05:30,112.85,118.5,112.85,116.2,524775,3386950
2024-11-26 14:52:00+05:30,116.4,117.75,111.55,111.6,314200,3407200
2024-11-26 14:53:00+05:30,111.0,111.0,108.05,108.95,240825,3407200
2024-11-26 14:54:00+05:30,108.65,113.0,108.65,111.35,183650,3407200
2024-11-26 14:55:00+05:30,111.55,117.15,111.4,115.6,270500,3456450
2024-11-26 14:56:00+05:30,115.65,116.5,113.25,114.0,257075,3456450
2024-11-26 14:57:00+05:30,114.25,119.95,114.25,119.4,469025,3456450
2024-11-26 14:58:00+05:30,119.9,124.7,119.9,120.25,645650,3347850
2024-11-26 14:59:00+05:30,118.9,118.9,114.6,115.4,443825,3347850
2024-11-26 15:00:00+05:30,113.25,118.8,108.3,108.7,524950,3347850
2024-11-26 15:01:00+05:30,108.2,108.2,98.65,99.65,864075,3310025
2024-11-26 15:02:00+05:30,100.1,100.1,89.65,94.35,616375,3310025
2024-11-26 15:03:00+05:30,94.35,95.75,92.75,95.45,214025,3310025
2024-11-26 15:04:00+05:30,96.0,97.1,94.0,95.0,252900,3417325
2024-11-26 15:05:00+05:30,94.0,94.0,85.65,86.95,401275,3417325
2024-11-26 15:06:00+05:30,86.55,87.05,82.15,85.2,300500,3417325
2024-11-26 15:07:00+05:30,86.0,91.3,85.75,87.0,410600,3388425
2024-11-26 15:08:00+05:30,87.65,90.85,86.3,89.8,173875,3388425
2024-11-26 15:09:00+05:30,90.0,92.3,89.95,91.5,195825,3388425
2024-11-26 15:10:00+05:30,92.0,93.65,88.75,89.5,235425,3340200
2024-11-26 15:11:00+05:30,89.95,93.25,89.95,92.5,151625,3340200
2024-11-26 15:12:00+05:30,92.9,98.1,92.9,97.2,338975,3340200
2024-11-26 15:13:00+05:30,96.7,96.7,92.95,93.0,278775,3284875
2024-11-26 15:14:00+05:30,92.65,98.75,92.65,97.15,261775,3284875
2024-11-26 15:15:00+05:30,99.0,99.4,93.0,94.3,402950,3284875
2024-11-26 15:16:00+05:30,94.4,94.8,93.0,93.45,187775,3139350
2024-11-26 15:17:00+05:30,93.75,95.35,93.5,93.8,158200,3139350
2024-11-26 15:18:00+05:30,93.6,93.6,90.85,90.85,188450,3139350
2024-11-26 15:19:00+05:30,91.75,94.15,91.75,93.2,150700,3039025
2024-11-26 15:20:00+05:30,93.2,93.6,90.4,90.65,217750,3039025
2024-11-26 15:21:00+05:30,90.5,92.95,89.65,92.9,212675,3039025
2024-11-26 15:22:00+05:30,92.75,93.35,88.35,89.95,204925,2940675
2024-11-26 15:23:00+05:30,90.2,92.15,90.2,92.15,87325,2940675
2024-11-26 15:24:00+05:30,92.0,92.0,89.25,90.0,132625,2940675
2024-11-26 15:25:00+05:30,90.2,90.8,89.05,89.4,183725,2875000
2024-11-26 15:26:00+05:30,89.3,89.3,88.05,88.3,102850,2875000
2024-11-26 15:27:00+05:30,88.2,88.6,88.05,88.35,149600,2875000
2024-11-26 15:28:00+05:30,88.15,88.4,86.35,86.7,233200,2771800
2024-11-26 15:29:00+05:30,86.55,87.3,83.85,84.8,243900,2771800
2024-11-27 09:15:00+05:30,86.85,97.3,76.45,78.09,562525,2725025
2024-11-27 09:16:00+05:30,79.55,85.95,79.55,82.95,370650,2725025
2024-11-27 09:17:00+05:30,83.5,85.35,81.75,83.15,261500,2725025
2024-11-27 09:18:00+05:30,84.25,85.65,78.34,81.75,361825,2857475
2024-11-27 09:19:00+05:30,82.65,85.7,80.45,83.9,206825,2857475
2024-11-27 09:20:00+05:30,84.75,85.8,77.84,83.9,558775,2857475
2024-11-27 09:21:00+05:30,84.5,84.5,79.15,80.05,316150,3031350
2024-11-27 09:22:00+05:30,79.0,79.0,74.25,75.05,355950,3031350
2024-11-27 09:23:00+05:30,75.2,76.7,70.0,72.9,339350,3031350
2024-11-27 09:24:00+05:30,71.9,74.75,69.34,74.75,213725,3098900
2024-11-27 09:25:00+05:30,73.9,73.9,70.5,70.5,227200,3098900
2024-11-27 09:26:00+05:30,70.65,76.3,70.45,74.25,218725,3098900
2024-11-27 09:27:00+05:30,73.4,76.5,72.4,73.8,205475,3107700
2024-11-27 09:28:00+05:30,73.25,74.8,70.75,70.75,148475,3107700
2024-11-27 09:29:00+05:30,70.95,71.59,66.2,66.7,283050,3107700
2024-11-27 09:30:00+05:30,64.65,66.65,64.4,66.09,361600,3205425
2024-11-27 09:31:00+05:30,65.4,69.59,62.55,67.2,306450,3205425
2024-11-27 09:32:00+05:30,67.45,69.25,66.5,67.7,151025,3205425
2024-11-27 09:33:00+05:30,67.34,68.09,66.0,66.3,141925,3284550
2024-11-27 09:34:00+05:30,66.25,68.95,64.55,65.59,162275,3284550
2024-11-27 09:35:00+05:30,65.0,67.9,63.35,63.55,205375,3284550
2024-11-27 09:36:00+05:30,64.34,67.95,63.25,67.84,152725,3288400
2024-11-27 09:37:00+05:30,68.4,71.65,67.05,67.59,222875,3288400
2024-11-27 09:38:00+05:30,68.0,68.0,64.5,64.5,134375,3288400
2024-11-27 09:39:00+05:30,64.2,64.2,59.35,59.75,322325,3345500
2024-11-27 09:40:00+05:30,58.9,60.1,56.7,57.05,276825,3345500
2024-11-27 09:41:00+05:30,57.05,58.65,52.75,56.35,272725,3345500
2024-11-27 09:42:00+05:30,56.2,57.2,54.1,55.2,187300,3372550
2024-11-27 09:43:00+05:30,55.45,57.5,54.15,56.45,169925,3372550
2024-11-27 09:44:00+05:30,56.75,59.6,56.75,59.5,182725,3372550
2024-11-27 09:45:00+05:30,59.75,66.0,59.5,64.65,401700,3372350
2024-11-27 09:46:00+05:30,64.95,69.8,64.7,68.15,345575,3372350
2024-11-27 09:47:00+05:30,68.3,70.75,67.3,69.09,206525,3372350
2024-11-27 09:48:00+05:30,68.55,70.25,64.75,65.65,218175,3386525
2024-11-27 09:49:00+05:30,65.09,68.15,65.09,65.7,161850,3386525
2024-11-27 09:50:00+05:30,66.09,83.05,66.09,83.05,717775,3386525
2024-11-27 09:51:00+05:30,83.65,83.65,78.75,81.25,935800,3317175
2024-11-27 09:52:00+05:30,81.45,84.05,79.3,80.09,522925,3317175
2024-11-27 09:53:00+05:30,80.59,90.3,79.84,86.15,699200,3317175
2024-11-27 09:54:00+05:30,84.5,87.4,81.9,85.55,588175,3426275
2024-11-27 09:55:00+05:30,84.5,88.15,81.45,88.15,618300,3426275
2024-11-27 09:56:00+05:30,87.3,87.95,79.25,80.45,506150,3426275
2024-11-27 09:57:00+05:30,80.4,80.4,76.5,77.84,367700,3484175
2024-11-27 09:58:00+05:30,77.15,78.5,72.34,73.84,436450,3484175
2024-11-27 09:59:00+05:30,73.34,74.0,69.3,71.34,376875,3484175
2024-11-27 10:00:00+05:30,70.9,72.9,67.34,69.34,470150,3583300
2024-11-27 10:01:00+05:30,69.05,69.55,64.2,66.15,391375,3583300
2024-11-27 10:02:00+05:30,66.34,70.95,66.34,70.95,263975,3583300
2024-11-27 10:03:00+05:30,70.7,72.75,57.55,61.4,819450,3580000
2024-11-27 10:04:00+05:30,61.55,63.1,60.45,62.4,194725,3580000
2024-11-27 10:05:00+05:30,62.1,63.6,59.75,63.45,270850,3580000
2024-11-27 10:06:00+05:30,63.5,63.95,60.6,61.75,137150,3651325
2024-11-27 10:07:00+05:30,61.95,64.65,61.0,63.7,146875,3651325
2024-11-27 10:08:00+05:30,63.85,67.7,63.45,66.65,284900,3651325
2024-11-27 10:09:00+05:30,66.25,67.5,65.0,65.0,249750,3748125
2024-11-27 10:10:00+05:30,66.05,67.75,63.6,67.34,174575,3748125
2024-11-27 10:11:00+05:30,68.05,69.34,65.75,68.05,230800,3748125
2024-11-27 10:12:00+05:30,68.8,70.05,67.65,69.5,263950,3783450
2024-11-27 10:13:00+05:30,69.59,71.0,67.09,69.45,295000,3783450
2024-11-27 10:14:00+05:30,68.2,72.15,67.8,70.09,235600,3783450
2024-11-27 10:15:00+05:30,70.0,70.0,66.0,66.0,247525,3839500
2024-11-27 10:16:00+05:30,66.4,67.09,64.75,67.0,236875,3839500
2024-11-27 10:17:00+05:30,67.7,68.95,64.7,67.25,187400,3839500
2024-11-27 10:18:00+05:30,67.5,68.25,66.55,68.25,94600,3839500
2024-11-27 10:19:00+05:30,68.2,68.45,65.5,66.84,108725,3870600
2024-11-27 10:20:00+05:30,66.65,67.15,63.65,65.0,182575,3870600
2024-11-27 10:21:00+05:30,64.84,66.05,61.25,61.9,254350,3870600
2024-11-27 10:22:00+05:30,61.15,61.65,59.0,61.65,251400,3909800
2024-11-27 10:23:00+05:30,61.8,62.2,59.95,61.2,98675,3909800
2024-11-27 10:24:00+05:30,61.1,61.1,59.55,60.6,114900,3909800
2024-11-27 10:25:00+05:30,60.95,61.55,54.6,60.75,434075,3955150
2024-11-27 10:26:00+05:30,61.35,63.65,61.2,62.0,194925,3955150
2024-11-27 10:27:00+05:30,62.25,62.75,59.05,60.0,143775,3955150
2024-11-27 10:28:00+05:30,59.8,63.5,59.35,63.5,135575,3931150
2024-11-27 10:29:00+05:30,63.3,64.0,59.65,59.7,154700,3931150
2024-11-27 10:30:00+05:30,59.25,60.45,57.45,59.6,197350,3931150
2024-11-27 10:31:00+05:30,59.05,59.7,57.35,57.7,95250,3923700
2024-11-27 10:32:00+05:30,57.65,59.3,57.5,58.35,85825,3923700
2024-11-27 10:33:00+05:30,58.25,62.1,58.2,61.75,108250,3923700
2024-11-27 10:34:00+05:30,61.9,62.75,58.35,58.35,163150,3962525
2024-11-27 10:35:00+05:30,58.65,60.7,56.95,59.6,213775,3962525
2024-11-27 10:36:00+05:30,59.4,60.0,56.9,58.6,95425,3962525
2024-11-27 10:37:00+05:30,58.4,60.2,57.1,59.35,123025,4022750
2024-11-27 10:38:00+05:30,59.7,61.45,59.7,60.55,137350,4022750
2024-11-27 10:39:00+05:30,60.6,61.4,58.55,59.65,124025,4022750
2024-11-27 10:40:00+05:30,59.45,59.9,57.5,58.55,110650,4064550
2024-11-27 10:41:00+05:30,58.7,60.45,58.5,60.0,94050,4064550
2024-11-27 10:42:00+05:30,60.2,62.45,60.0,62.25,170475,4064550
2024-11-27 10:43:00+05:30,62.3,62.75,58.95,59.75,210300,4095650
2024-11-27 10:44:00+05:30,59.8,61.15,59.65,60.05,92500,4095650
2024-11-27 10:45:00+05:30,60.25,60.45,58.0,59.05,104125,4095650
2024-11-27 10:46:00+05:30,59.1,60.3,56.55,57.1,148325,4096425
2024-11-27 10:47:00+05:30,57.3,57.85,54.55,55.7,231275,4096425
2024-11-27 10:48:00+05:30,56.1,56.1,51.65,53.6,304425,4096425
2024-11-27 10:49:00+05:30,54.0,54.95,51.6,52.2,179450,4090600
2024-11-27 10:50:00+05:30,52.3,52.3,49.75,50.85,302325,4090600
2024-11-27 10:51:00+05:30,50.7,53.05,50.7,52.45,146975,4090600
2024-11-27 10:52:00+05:30,52.15,53.45,51.6,52.9,116925,4107125
2024-11-27 10:53:00+05:30,52.6,52.6,51.0,51.8,184225,4107125
2024-11-27 10:54:00+05:30,52.0,54.55,50.9,54.0,225875,4107125
2024-11-27 10:55:00+05:30,53.9,55.15,53.9,54.8,201300,4097250
2024-11-27 10:56:00+05:30,54.8,56.35,54.8,56.1,161750,4097250
2024-11-27 10:57:00+05:30,56.25,57.2,56.05,57.1,161900,4097250
2024-11-27 10:58:00+05:30,57.5,58.35,55.9,57.85,132075,4113325
2024-11-27 10:59:00+05:30,57.9,60.7,57.5,59.4,182575,4113325
2024-11-27 11:00:00+05:30,58.9,58.9,57.65,58.5,165975,4113325
2024-11-27 11:01:00+05:30,58.7,60.3,58.25,58.7,158750,3994825
2024-11-27 11:02:00+05:30,58.5,60.35,58.2,60.15,97775,3994825
2024-11-27 11:03:00+05:30,60.2,62.3,59.95,61.6,285675,3994825
2024-11-27 11:04:00+05:30,61.85,65.5,61.75,64.5,461450,4026400
2024-11-27 11:05:00+05:30,64.45,65.4,62.0,64.7,273950,4026400
2024-11-27 11:06:00+05:30,65.0,65.75,63.1,65.34,247175,4026400
2024-11-27 11:07:00+05:30,65.25,65.25,63.0,63.15,186350,4057150
2024-11-27 11:08:00+05:30,64.0,64.5,62.55,63.45,137750,4057150
2024-11-27 11:09:00+05:30,63.85,65.45,63.3,64.45,142825,4057150
2024-11-27 11:10:00+05:30,64.5,64.65,63.2,63.7,136125,4124300
2024-11-27 11:11:00+05:30,63.65,63.9,61.6,62.25,175225,4124300
2024-11-27 11:12:00+05:30,61.95,62.25,58.75,59.15,213575,4124300
2024-11-27 11:13:00+05:30,59.1,60.4,58.25,60.4,141750,4112075
2024-11-27 11:14:00+05:30,59.7,60.4,56.75,56.8,187950,4112075
2024-11-27 11:15:00+05:30,56.55,57.2,54.75,55.7,174450,4112075
2024-11-27 11:16:00+05:30,55.5,57.85,55.5,57.5,144975,4110725
2024-11-27 11:17:00+05:30,57.45,59.15,57.35,58.9,121100,4110725
2024-11-27 11:18:00+05:30,58.9,59.5,57.25,57.25,72650,4110725
2024-11-27 11:19:00+05:30,57.25,57.9,56.8,57.6,79150,4162300
2024-11-27 11:20:00+05:30,57.4,59.3,57.4,58.85,129250,4162300
2024-11-27 11:21:00+05:30,58.55,59.8,57.35,57.9,142850,4162300
2024-11-27 11:22:00+05:30,57.7,59.15,57.1,58.95,99050,4219300
2024-11-27 11:23:00+05:30,58.75,59.85,58.2,58.4,128900,4219300
2024-11-27 11:24:00+05:30,58.65,59.35,57.0,57.0,117350,4219300
2024-11-27 11:25:00+05:30,56.5,56.6,55.1,55.35,200775,4244375
2024-11-27 11:26:00+05:30,55.45,56.25,54.85,55.55,89300,4244375
2024-11-27 11:27:00+05:30,55.35,55.9,52.9,55.05,206900,4244375
2024-11-27 11:28:00+05:30,54.7,55.2,53.0,55.2,85250,4209700
2024-11-27 11:29:00+05:30,55.25,59.3,55.25,57.9,236300,4209700
2024-11-27 11:30:00+05:30,58.2,60.35,58.2,58.8,213775,4209700
2024-11-27 11:31:00+05:30,58.7,60.55,58.4,59.85,138425,4273950
2024-11-27 11:32:00+05:30,59.85,61.6,59.3,60.45,159650,4273950
2024-11-27 11:33:00+05:30,60.9,61.5,59.0,60.55,135175,4273950
2024-11-27 11:34:00+05:30,60.55,61.45,57.8,58.5,173725,4260600
2024-11-27 11:35:00+05:30,58.8,61.05,57.9,60.65,130475,4260600
2024-11-27 11:36:00+05:30,61.2,61.85,59.3,61.4,152750,4260600
2024-11-27 11:37:00+05:30,61.35,61.5,60.15,60.75,100250,4312100
2024-11-27 11:38:00+05:30,60.35,63.6,59.6,63.6,256025,4312100
2024-11-27 11:39:00+05:30,64.09,64.84,63.4,64.84,267700,4312100
2024-11-27 11:40:00+05:30,64.9,66.2,61.05,62.75,408325,4292700
2024-11-27 11:41:00+05:30,62.9,64.0,62.6,62.9,151775,4292700
2024-11-27 11:42:00+05:30,62.8,63.25,61.15,63.0,126250,4292700
2024-11-27 11:43:00+05:30,63.2,66.9,62.75,65.8,300050,4306700
2024-11-27 11:44:00+05:30,66.34,67.45,63.15,63.9,269025,4306700
2024-11-27 11:45:00+05:30,63.85,63.85,59.95,60.05,289425,4306700
2024-11-27 11:46:00+05:30,59.6,59.6,57.65,58.05,211650,4271975
2024-11-27 11:47:00+05:30,57.9,58.9,56.55,56.55,213275,4271975
2024-11-27 11:48:00+05:30,56.55,57.2,55.4,55.95,199425,4271975
2024-11-27 11:49:00+05:30,55.6,56.8,54.7,56.15,151750,4192275
2024-11-27 11:50:00+05:30,56.05,58.45,55.95,57.4,183475,4192275
2024-11-27 11:51:00+05:30,57.3,58.0,55.6,56.0,148175,4192275
2024-11-27 11:52:00+05:30,55.75,57.05,55.4,56.65,111900,4198800
2024-11-27 11:53:00+05:30,56.5,56.75,52.7,53.6,354675,4198800
2024-11-27 11:54:00+05:30,53.5,55.0,53.3,54.45,227450,4198800
2024-11-27 11:55:00+05:30,54.1,54.7,52.7,54.7,227225,4271200
2024-11-27 11:56:00+05:30,54.45,56.9,54.1,56.35,188000,4271200
2024-11-27 11:57:00+05:30,56.7,57.4,55.2,56.1,179900,4271200
2024-11-27 11:58:00+05:30,55.9,56.85,55.35,56.55,86550,4273550
2024-11-27 11:59:00+05:30,56.6,61.35,56.55,60.1,206800,4273550
2024-11-27 12:00:00+05:30,60.0,80.8,59.35,80.5,1522200,4273550
2024-11-27 12:01:00+05:30,75.84,79.0,71.65,75.9,881325,3893700
2024-11-27 12:02:00+05:30,75.15,75.95,68.8,70.9,560825,3893700
2024-11-27 12:03:00+05:30,70.2,71.0,59.4,60.6,539475,3893700
2024-11-27 12:04:00+05:30,60.55,60.9,57.0,57.05,418700,3923750
2024-11-27 12:05:00+05:30,56.85,59.5,56.85,59.5,293675,3923750
2024-11-27 12:06:00+05:30,60.0,60.0,55.2,58.5,319825,3923750
2024-11-27 12:07:00+05:30,58.0,59.1,57.7,59.05,178300,4064600
2024-11-27 12:08:00+05:30,59.05,60.5,58.65,60.3,139650,4064600
2024-11-27 12:09:00+05:30,59.95,66.7,59.85,66.7,363575,4064600
2024-11-27 12:10:00+05:30,66.55,69.95,63.7,69.09,470850,4109500
2024-11-27 12:11:00+05:30,69.2,70.5,65.34,68.95,342500,4109500
2024-11-27 12:12:00+05:30,68.84,69.65,66.0,66.0,233600,4109500
2024-11-27 12:13:00+05:30,65.8,66.15,63.55,65.45,273200,4070475
2024-11-27 12:14:00+05:30,65.3,66.2,62.65,65.2,168425,4070475
2024-11-27 12:15:00+05:30,65.0,70.45,64.9,69.0,295325,4070475
2024-11-27 12:16:00+05:30,68.84,74.59,67.8,72.09,373150,4081350
2024-11-27 12:17:00+05:30,71.9,77.34,71.9,74.8,430800,4081350
2024-11-27 12:18:00+05:30,74.2,78.7,74.0,77.4,455375,4081350
2024-11-27 12:19:00+05:30,77.9,78.2,73.5,75.9,411225,3967375
2024-11-27 12:20:00+05:30,75.65,94.6,75.45,94.6,1371225,3967375
2024-11-27 12:21:00+05:30,94.6,107.45,89.25,103.55,1843175,3967375
2024-11-27 12:22:00+05:30,102.1,116.0,102.1,104.0,1418400,3502425
2024-11-27 12:23:00+05:30,104.3,110.7,104.3,110.7,774700,3502425
2024-11-27 12:24:00+05:30,109.25,109.25,100.1,101.8,717700,3502425
2024-11-27 12:25:00+05:30,101.7,105.35,99.1,99.6,864000,3557175
2024-11-27 12:26:00+05:30,99.55,101.65,94.85,95.85,559850,3557175
2024-11-27 12:27:00+05:30,97.25,98.5,92.9,92.9,454975,3557175
2024-11-27 12:28:00+05:30,94.8,99.4,94.15,94.15,479475,3779350
2024-11-27 12:29:00+05:30,94.0,98.0,91.75,98.0,454775,3779350
2024-11-27 12:30:00+05:30,97.65,103.55,97.65,103.0,770625,3779350
2024-11-27 12:31:00+05:30,103.2,108.75,102.05,105.95,863325,4031325
2024-11-27 12:32:00+05:30,105.6,108.5,101.0,108.5,542675,4031325
2024-11-27 12:33:00+05:30,108.7,129.69,108.7,128.9,2351125,4031325
2024-11-27 12:34:00+05:30,127.35,132.44,122.55,127.15,1025225,3613600
2024-11-27 12:35:00+05:30,127.05,129.4,122.25,123.4,531850,3613600
2024-11-27 12:36:00+05:30,123.65,127.35,118.75,119.45,477575,3613600
2024-11-27 12:37:00+05:30,121.0,126.1,120.75,122.2,367825,3645800
2024-11-27 12:38:00+05:30,123.2,129.9,123.2,125.0,585300,3645800
2024-11-27 12:39:00+05:30,123.85,129.9,123.6,127.65,495925,3645800
2024-11-27 12:40:00+05:30,126.85,128.0,123.2,127.7,362175,3708650
2024-11-27 12:41:00+05:30,127.3,137.8,127.25,129.0,1025625,3708650
2024-11-27 12:42:00+05:30,129.4,129.5,123.55,125.1,357400,3708650
2024-11-27 12:43:00+05:30,123.95,125.95,121.4,125.5,246025,3585325
2024-11-27 12:44:00+05:30,124.45,129.0,124.45,126.7,212350,3585325
2024-11-27 12:45:00+05:30,126.15,127.15,123.2,124.8,211375,3585325
2024-11-27 12:46:00+05:30,124.2,124.8,116.35,119.05,391275,3516400
2024-11-27 12:47:00+05:30,119.4,121.9,115.6,121.9,266200,3516400
2024-11-27 12:48:00+05:30,122.8,129.3,122.8,128.65,452600,3516400
2024-11-27 12:49:00+05:30,129.44,138.94,127.2,138.69,483300,3428750
2024-11-27 12:50:00+05:30,139.25,141.0,129.4,130.65,626025,3428750
2024-11-27 12:51:00+05:30,129.8,130.9,123.9,125.2,313450,3428750
2024-11-27 12:52:00+05:30,125.6,127.3,124.0,125.1,138400,3395800
2024-11-27 12:53:00+05:30,125.95,128.8,124.5,127.45,144500,3395800
2024-11-27 12:54:00+05:30,126.35,127.1,122.25,122.25,150600,3395800
2024-11-27 12:55:00+05:30,122.15,125.75,120.65,121.25,212475,3433275
2024-11-27 12:56:00+05:30,121.1,125.65,117.45,125.65,275575,3433275
2024-11-27 12:57:00+05:30,125.65,129.44,125.55,128.3,364925,3433275
2024-11-27 12:58:00+05:30,128.75,131.0,127.25,127.25,227475,3355350
2024-11-27 12:59:00+05:30,127.85,133.25,126.65,133.25,190850,3355350
2024-11-27 13:00:00+05:30,133.4,137.69,132.0,137.1,340950,3355350
2024-11-27 13:01:00+05:30,137.55,143.0,132.1,134.6,537000,3300250
2024-11-27 13:02:00+05:30,131.6,136.85,130.65,130.8,211050,3300250
2024-11-27 13:03:00+05:30,131.1,132.55,125.6,125.8,217125,3300250
2024-11-27 13:04:00+05:30,125.4,129.44,125.4,125.5,134100,3255200
2024-11-27 13:05:00+05:30,125.2,131.55,125.2,126.5,159025,3255200
2024-11-27 13:06:00+05:30,126.55,132.4,126.45,131.9,119525,3255200
2024-11-27 13:07:00+05:30,131.55,133.44,130.1,130.1,143600,3218500
2024-11-27 13:08:00+05:30,130.35,133.9,129.3,133.15,124950,3218500
2024-11-27 13:09:00+05:30,133.44,137.5,133.19,137.05,188125,3218500
2024-11-27 13:10:00+05:30,137.75,147.0,137.19,143.8,449450,3194500
2024-11-27 13:11:00+05:30,143.4,145.4,135.25,135.35,386725,3194500
2024-11-27 13:12:00+05:30,135.19,137.6,133.44,136.0,200125,3194500
2024-11-27 13:13:00+05:30,136.75,138.94,130.25,133.4,216575,3167900
2024-11-27 13:14:00+05:30,133.35,143.35,133.35,142.44,304500,3167900
2024-11-27 13:15:00+05:30,141.19,143.94,139.0,142.0,213200,3167900
2024-11-27 13:16:00+05:30,143.19,145.35,140.8,144.35,242475,3063700
2024-11-27 13:17:00+05:30,144.4,149.65,138.15,140.0,322200,3063700
2024-11-27 13:18:00+05:30,141.0,145.25,139.5,143.0,115650,3063700
2024-11-27 13:19:00+05:30,142.8,144.5,141.0,142.69,100000,3023950
2024-11-27 13:20:00+05:30,142.35,148.4,138.94,142.6,177300,3023950
2024-11-27 13:21:00+05:30,142.6,147.19,141.3,145.55,124700,3023950
2024-11-27 13:22:00+05:30,145.85,145.85,137.5,138.75,149050,2970800
2024-11-27 13:23:00+05:30,137.8,143.85,137.8,143.05,87950,2970800
2024-11-27 13:24:00+05:30,142.55,144.0,135.85,136.5,126000,2970800
2024-11-27 13:25:00+05:30,136.5,143.19,136.5,142.94,119950,2953000
2024-11-27 13:26:00+05:30,143.6,150.69,143.0,146.0,327500,2953000
2024-11-27 13:27:00+05:30,147.3,149.0,142.05,144.85,173475,2953000
2024-11-27 13:28:00+05:30,143.5,144.35,141.94,141.94,162975,2871525
2024-11-27 13:29:00+05:30,142.0,142.0,135.25,135.25,292200,2871525
2024-11-27 13:30:00+05:30,135.5,136.5,123.1,126.1,419075,2871525
2024-11-27 13:31:00+05:30,126.55,127.5,122.45,124.25,177425,2731725
2024-11-27 13:32:00+05:30,124.65,131.94,124.05,131.19,186675,2731725
2024-11-27 13:33:00+05:30,132.5,132.6,126.65,127.4,133625,2731725
2024-11-27 13:34:00+05:30,126.85,129.5,120.0,121.9,179975,2717750
2024-11-27 13:35:00+05:30,121.4,129.05,121.4,129.05,146400,2717750
2024-11-27 13:36:00+05:30,130.25,135.1,130.25,134.44,214975,2717750
2024-11-27 13:37:00+05:30,135.1,140.6,134.0,139.19,186750,2676975
2024-11-27 13:38:00+05:30,139.6,146.65,139.6,145.0,274400,2676975
2024-11-27 13:39:00+05:30,144.5,147.94,141.4,143.1,189075,2676975
2024-11-27 13:40:00+05:30,142.69,144.69,140.44,141.85,117700,2645225
2024-11-27 13:41:00+05:30,141.4,143.1,138.65,141.4,141750,2645225
2024-11-27 13:42:00+05:30,142.69,147.3,142.69,146.0,137950,2645225
2024-11-27 13:43:00+05:30,146.1,158.3,145.19,151.4,403325,2581175
2024-11-27 13:44:00+05:30,153.15,153.25,147.15,147.44,177400,2581175
2024-11-27 13:45:00+05:30,146.19,150.65,143.1,149.5,194000,2581175
2024-11-27 13:46:00+05:30,149.25,151.25,146.55,150.55,86300,2567975
2024-11-27 13:47:00+05:30,149.9,152.25,147.8,149.15,89450,2567975
2024-11-27 13:48:00+05:30,149.8,152.5,149.1,150.05,112950,2567975
2024-11-27 13:49:00+05:30,149.1,152.69,149.1,151.15,104025,2546425
2024-11-27 13:50:00+05:30,151.8,160.65,151.69,159.44,299200,2546425
2024-11-27 13:51:00+05:30,159.9,173.4,159.9,168.35,483225,2546425
2024-11-27 13:52:00+05:30,170.2,171.6,158.0,159.35,320475,2446425
2024-11-27 13:53:00+05:30,160.55,161.75,156.3,156.3,131725,2446425
2024-11-27 13:54:00+05:30,156.8,158.35,152.25,153.6,124275,2446425
2024-11-27 13:55:00+05:30,153.1,155.44,149.25,151.94,139475,2451875
2024-11-27 13:56:00+05:30,151.65,157.65,149.9,157.65,98300,2451875
2024-11-27 13:57:00+05:30,156.85,158.4,138.69,140.8,345825,2451875
2024-11-27 13:58:00+05:30,140.05,140.4,130.35,132.9,318475,2431050
2024-11-27 13:59:00+05:30,132.85,135.3,130.9,132.85,144575,2431050
2024-11-27 14:00:00+05:30,133.65,136.85,131.9,132.0,168900,2431050
2024-11-27 14:01:00+05:30,131.35,131.35,125.4,125.4,285550,2449025
2024-11-27 14:02:00+05:30,127.45,135.8,125.45,133.69,162725,2449025
2024-11-27 14:03:00+05:30,133.15,136.15,129.15,133.9,132000,2449025
2024-11-27 14:04:00+05:30,135.0,136.05,132.0,134.0,108700,2413275
2024-11-27 14:05:00+05:30,133.8,136.35,132.69,136.05,113800,2413275
2024-11-27 14:06:00+05:30,135.8,144.5,135.8,142.9,228650,2413275
2024-11-27 14:07:00+05:30,143.05,144.44,139.1,143.55,146925,2402900
2024-11-27 14:08:00+05:30,143.65,144.44,136.4,137.75,138125,2402900
2024-11-27 14:09:00+05:30,138.1,139.0,135.19,136.94,79275,2402900
2024-11-27 14:10:00+05:30,134.19,135.05,128.19,128.44,195850,2399225
2024-11-27 14:11:00+05:30,127.6,127.7,120.65,120.8,364050,2399225
2024-11-27 14:12:00+05:30,121.2,122.9,114.45,120.7,319550,2399225
2024-11-27 14:13:00+05:30,120.55,123.35,113.9,117.0,283225,2434300
2024-11-27 14:14:00+05:30,116.6,118.6,114.1,115.6,191975,2434300
2024-11-27 14:15:00+05:30,114.55,117.9,106.1,117.7,511425,2434300
2024-11-27 14:16:00+05:30,117.1,118.15,113.95,117.4,270850,2477650
2024-11-27 14:17:00+05:30,118.0,122.15,117.95,121.85,295700,2477650
2024-11-27 14:18:00+05:30,122.0,124.25,115.95,121.35,311200,2477650
2024-11-27 14:19:00+05:30,121.6,124.8,118.5,122.35,275200,2429000
2024-11-27 14:20:00+05:30,121.75,123.3,119.85,120.7,212850,2429000
2024-11-27 14:21:00+05:30,119.65,120.55,117.0,117.9,160350,2429000
2024-11-27 14:22:00+05:30,118.65,121.55,113.25,114.3,199750,2455400
2024-11-27 14:23:00+05:30,114.0,117.5,113.7,117.35,158625,2455400
2024-11-27 14:24:00+05:30,117.35,122.55,117.35,119.95,182400,2455400
2024-11-27 14:25:00+05:30,120.75,125.65,119.3,125.65,238725,2446300
2024-11-27 14:26:00+05:30,125.45,129.5,124.1,125.75,368350,2446300
2024-11-27 14:27:00+05:30,125.1,131.4,125.1,131.4,196500,2446300
2024-11-27 14:28:00+05:30,131.44,133.65,128.1,128.1,272825,2383475
2024-11-27 14:29:00+05:30,128.25,131.0,125.25,130.5,126050,2383475
2024-11-27 14:30:00+05:30,128.8,130.55,126.4,128.55,102775,2383475
2024-11-27 14:31:00+05:30,127.2,127.95,121.8,123.3,164625,2386550
2024-11-27 14:32:00+05:30,123.1,123.2,119.25,120.3,158800,2386550
2024-11-27 14:33:00+05:30,120.95,122.5,118.75,122.1,89175,2386550
2024-11-27 14:34:00+05:30,121.05,126.1,120.0,125.75,139650,2377775
2024-11-27 14:35:00+05:30,125.3,126.0,121.75,122.0,126350,2377775
2024-11-27 14:36:00+05:30,120.4,124.05,119.5,121.3,77650,2377775
2024-11-27 14:37:00+05:30,119.75,120.05,112.3,114.2,212375,2382975
2024-11-27 14:38:00+05:30,112.6,116.1,112.55,115.35,111825,2382975
2024-11-27 14:39:00+05:30,113.7,116.0,112.75,115.25,88250,2382975
2024-11-27 14:40:00+05:30,114.65,117.0,112.2,112.2,110575,2383850
2024-11-27 14:41:00+05:30,112.5,112.95,109.65,112.2,182800,2383850
2024-11-27 14:42:00+05:30,110.95,115.25,109.55,114.45,168050,2383850
2024-11-27 14:43:00+05:30,114.1,114.1,109.05,110.1,113525,2413900
2024-11-27 14:44:00+05:30,109.25,112.3,107.65,112.25,204500,2413900
2024-11-27 14:45:00+05:30,112.55,112.8,106.75,108.95,177800,2413900
2024-11-27 14:46:00+05:30,108.7,114.9,108.1,114.75,207600,2365525
2024-11-27 14:47:00+05:30,115.0,116.75,108.5,111.4,175625,2365525
2024-11-27 14:48:00+05:30,110.25,115.35,110.25,114.2,129300,2365525
2024-11-27 14:49:00+05:30,114.3,114.4,111.05,112.9,91425,2375925
2024-11-27 14:50:00+05:30,112.3,113.7,110.55,111.55,74450,2375925
2024-11-27 14:51:00+05:30,110.35,111.3,107.75,109.35,200075,2375925
2024-11-27 14:52:00+05:30,109.1,110.75,106.6,109.3,127975,2392625
2024-11-27 14:53:00+05:30,109.1,109.1,106.85,108.85,133050,2392625
2024-11-27 14:54:00+05:30,108.85,114.5,106.85,114.5,193600,2392625
2024-11-27 14:55:00+05:30,114.05,116.45,112.5,114.95,261300,2363500
2024-11-27 14:56:00+05:30,113.5,114.05,109.75,113.8,215125,2363500
2024-11-27 14:57:00+05:30,112.95,120.15,112.9,118.4,270550,2363500
2024-11-27 14:58:00+05:30,118.0,118.0,113.1,113.95,194500,2360075
2024-11-27 14:59:00+05:30,114.1,116.1,112.9,113.35,129600,2360075
2024-11-27 15:00:00+05:30,112.0,112.0,98.75,101.0,590975,2360075
2024-11-27 15:01:00+05:30,100.15,103.05,99.35,99.75,267075,2406100
2024-11-27 15:02:00+05:30,98.3,103.1,96.7,97.95,310150,2406100
2024-11-27 15:03:00+05:30,98.6,100.7,96.55,97.85,281025,2406100
2024-11-27 15:04:00+05:30,97.9,99.9,95.15,96.85,313900,2474900
2024-11-27 15:05:00+05:30,96.75,105.3,96.35,104.0,485275,2474900
2024-11-27 15:06:00+05:30,104.65,104.8,98.2,98.85,320350,2474900
2024-11-27 15:07:00+05:30,99.55,99.6,96.4,99.05,196250,2421250
2024-11-27 15:08:00+05:30,98.7,99.4,97.3,97.8,178875,2421250
2024-11-27 15:09:00+05:30,98.15,98.95,94.5,98.95,385650,2421250
2024-11-27 15:10:00+05:30,99.05,104.4,97.4,102.15,385425,2381750
2024-11-27 15:11:00+05:30,102.75,103.85,100.15,101.5,216550,2381750
2024-11-27 15:12:00+05:30,102.0,104.2,100.4,101.35,237475,2381750
2024-11-27 15:13:00+05:30,100.45,103.5,99.75,102.45,166825,2371650
2024-11-27 15:14:00+05:30,102.45,105.45,100.95,104.25,208450,2371650
2024-11-27 15:15:00+05:30,103.5,108.0,103.5,104.4,315175,2371650
2024-11-27 15:16:00+05:30,104.4,104.4,101.2,103.6,140975,2309675
2024-11-27 15:17:00+05:30,103.8,104.55,101.2,102.65,124150,2309675
2024-11-27 15:18:00+05:30,102.9,104.65,101.45,104.35,116375,2309675
2024-11-27 15:19:00+05:30,103.95,104.35,102.35,102.8,144500,2301300
2024-11-27 15:20:00+05:30,103.15,106.25,101.75,105.75,277700,2301300
2024-11-27 15:21:00+05:30,105.7,106.45,104.1,104.25,165000,2301300
2024-11-27 15:22:00+05:30,103.7,104.55,102.45,104.55,195900,2263500
2024-11-27 15:23:00+05:30,104.45,104.9,103.7,104.7,95350,2263500
2024-11-27 15:24:00+05:30,104.7,104.8,103.45,104.55,112325,2263500
2024-11-27 15:25:00+05:30,104.55,105.25,104.3,104.75,154825,2205175
2024-11-27 15:26:00+05:30,104.7,108.7,104.7,108.7,217700,2205175
2024-11-27 15:27:00+05:30,108.35,108.7,106.5,108.65,172900,2205175
2024-11-27 15:28:00+05:30,108.3,108.4,105.7,106.0,203150,2124800
2024-11-27 15:29:00+05:30,106.25,108.6,106.25,107.8,261125,2124800
2024-11-28 09:15:00+05:30,105.0,118.6,95.75,110.1,1067350,2228625
2024-11-28 09:16:00+05:30,105.2,105.2,100.65,103.45,860950,2228625
2024-11-28 09:17:00+05:30,100.6,106.25,100.15,100.7,724475,2228625
2024-11-28 09:18:00+05:30,100.05,111.7,99.8,109.3,1111125,2817175
2024-11-28 09:19:00+05:30,106.8,108.15,99.5,101.8,743225,2817175
2024-11-28 09:20:00+05:30,102.05,102.05,97.3,98.8,842450,2817175
2024-11-28 09:21:00+05:30,96.5,100.65,94.05,98.15,809675,3390600
2024-11-28 09:22:00+05:30,96.95,98.85,91.5,97.0,725125,3390600
2024-11-28 09:23:00+05:30,97.95,103.45,88.0,88.45,1182350,3390600
2024-11-28 09:24:00+05:30,88.9,92.4,87.3,92.1,688825,3814175
2024-11-28 09:25:00+05:30,92.15,96.65,88.2,96.65,918250,3814175
2024-11-28 09:26:00+05:30,95.3,98.0,91.7,93.75,709125,3814175
2024-11-28 09:27:00+05:30,92.0,94.25,89.45,91.05,707275,3926700
2024-11-28 09:28:00+05:30,90.7,91.65,86.1,88.4,635300,3926700
2024-11-28 09:29:00+05:30,89.2,99.4,87.45,87.45,1577125,3926700
2024-11-28 09:30:00+05:30,85.4,85.6,81.15,81.7,1456450,4350325
2024-11-28 09:31:00+05:30,81.95,84.75,77.4,82.4,1360225,4350325
2024-11-28 09:32:00+05:30,81.75,82.9,76.05,77.09,890100,4350325
2024-11-28 09:33:00+05:30,77.84,81.25,77.84,78.59,755725,4827825
2024-11-28 09:34:00+05:30,77.75,92.45,77.75,88.45,1444200,4827825
2024-11-28 09:35:00+05:30,88.1,88.45,83.1,85.7,895200,4827825
2024-11-28 09:36:00+05:30,84.3,89.0,82.8,85.45,928000,5015625
2024-11-28 09:37:00+05:30,84.25,85.1,82.65,84.6,568425,5015625
2024-11-28 09:38:00+05:30,84.8,92.05,84.8,88.35,988850,5015625
2024-11-28 09:39:00+05:30,86.95,92.9,86.95,88.35,617125,5324100
2024-11-28 09:40:00+05:30,89.05,92.9,86.8,87.55,710850,5324100
2024-11-28 09:41:00+05:30,87.75,88.35,83.65,85.4,530050,5324100
2024-11-28 09:42:00+05:30,85.4,86.65,82.1,82.9,598800,5378575
2024-11-28 09:43:00+05:30,82.05,89.8,79.3,85.7,1527425,5378575
2024-11-28 09:44:00+05:30,86.5,88.6,82.75,82.75,736125,5378575
2024-11-28 09:45:00+05:30,84.05,84.05,78.95,80.5,1038500,5700175
2024-11-28 09:46:00+05:30,80.8,82.85,80.8,81.4,590800,5700175
2024-11-28 09:47:00+05:30,81.4,85.0,79.7,85.0,716875,5700175
2024-11-28 09:48:00+05:30,84.9,87.0,81.59,84.1,757400,6035175
2024-11-28 09:49:00+05:30,83.3,88.15,82.4,85.95,726700,6035175
2024-11-28 09:50:00+05:30,84.85,91.75,84.85,91.55,1105025,6035175
2024-11-28 09:51:00+05:30,92.1,115.8,91.7,115.8,4226550,5584900
2024-11-28 09:52:00+05:30,116.25,116.25,96.7,96.7,1917150,5584900
2024-11-28 09:53:00+05:30,98.05,101.85,95.4,97.75,1025575,5584900
2024-11-28 09:54:00+05:30,97.65,101.45,95.15,101.45,683300,5117700
2024-11-28 09:55:00+05:30,101.3,108.65,99.65,108.0,1247500,5117700
2024-11-28 09:56:00+05:30,109.0,110.3,104.85,107.55,947850,5117700
2024-11-28 09:57:00+05:30,106.85,107.0,100.3,106.75,686300,5028525
2024-11-28 09:58:00+05:30,106.65,110.0,103.5,105.0,716750,5028525
2024-11-28 09:59:00+05:30,106.15,110.75,102.05,108.25,682975,5028525
2024-11-28 10:00:00+05:30,109.85,111.65,104.05,111.65,570875,5029325
2024-11-28 10:01:00+05:30,113.15,122.0,110.85,112.4,1698425,5029325
2024-11-28 10:02:00+05:30,112.0,128.0,106.55,125.3,1462400,5029325
2024-11-28 10:03:00+05:30,126.85,132.9,123.55,130.65,1740800,4316950
2024-11-28 10:04:00+05:30,136.1,136.94,119.05,121.3,1147675,4316950
2024-11-28 10:05:00+05:30,119.2,123.05,116.8,118.35,645975,4316950
2024-11-28 10:06:00+05:30,117.75,119.8,111.0,111.25,692900,4179850
2024-11-28 10:07:00+05:30,110.35,113.75,107.9,113.75,601400,4179850
2024-11-28 10:08:00+05:30,114.4,119.2,114.35,117.65,661850,4179850
2024-11-28 10:09:00+05:30,116.85,122.45,116.15,118.25,589400,4248300
2024-11-28 10:10:00+05:30,119.4,123.35,116.0,123.35,491375,4248300
2024-11-28 10:11:00+05:30,122.6,123.35,118.4,121.45,499650,4248300
2024-11-28 10:12:00+05:30,122.1,124.0,118.0,121.45,387275,4241800
2024-11-28 10:13:00+05:30,119.65,119.65,113.2,114.2,536700,4241800
2024-11-28 10:14:00+05:30,113.85,114.5,106.7,110.0,550375,4241800
2024-11-28 10:15:00+05:30,109.25,114.1,102.5,102.5,676350,4282325
2024-11-28 10:16:00+05:30,103.3,103.8,96.3,97.1,796725,4282325
2024-11-28 10:17:00+05:30,96.45,105.5,96.4,99.35,655550,4282325
2024-11-28 10:18:00+05:30,99.6,104.0,99.6,101.25,325100,4418050
2024-11-28 10:19:00+05:30,100.65,105.2,100.3,101.6,304175,4418050
2024-11-28 10:20:00+05:30,100.9,104.35,100.4,104.35,304825,4418050
2024-11-28 10:21:00+05:30,104.4,110.85,102.35,103.35,678775,4373450
2024-11-28 10:22:00+05:30,103.45,103.45,95.7,97.6,627300,4373450
2024-11-28 10:23:00+05:30,98.25,99.3,95.1,96.15,454250,4373450
2024-11-28 10:24:00+05:30,95.5,97.35,92.65,95.9,474925,4510200
2024-11-28 10:25:00+05:30,96.15,100.2,92.35,94.45,485325,4510200
2024-11-28 10:26:00+05:30,95.65,98.5,94.3,96.0,336175,4510200
2024-11-28 10:27:00+05:30,95.45,99.75,95.0,97.95,287100,4562800
2024-11-28 10:28:00+05:30,97.3,98.45,96.45,96.45,200300,4562800
2024-11-28 10:29:00+05:30,93.7,93.7,84.6,86.5,1110225,4562800
2024-11-28 10:30:00+05:30,86.35,87.45,80.55,81.0,1000625,4761400
2024-11-28 10:31:00+05:30,79.2,81.65,75.8,81.45,923775,4761400
2024-11-28 10:32:00+05:30,81.09,81.09,73.15,74.8,1199225,4761400
2024-11-28 10:33:00+05:30,75.7,75.7,55.0,56.0,4637625,5427675
2024-11-28 10:34:00+05:30,55.2,59.7,52.45,59.7,3081325,5427675
2024-11-28 10:35:00+05:30,60.0,62.8,56.65,60.05,2676250,5427675
2024-11-28 10:36:00+05:30,61.15,61.15,56.6,58.45,1470450,6288475
2024-11-28 10:37:00+05:30,57.6,59.9,52.0,57.75,2042650,6288475
2024-11-28 10:38:00+05:30,58.05,58.25,46.35,48.15,2287625,6288475
2024-11-28 10:39:00+05:30,48.8,52.0,43.8,45.75,2064675,6624950
2024-11-28 10:40:00+05:30,45.95,45.95,33.95,34.0,2460650,6624950
2024-11-28 10:41:00+05:30,33.45,33.5,27.45,31.6,2612425,6624950
2024-11-28 10:42:00+05:30,30.75,38.1,30.4,36.45,1757625,6224525
2024-11-28 10:43:00+05:30,36.04,36.85,31.8,34.65,1503200,6224525
2024-11-28 10:44:00+05:30,34.5,37.9,33.2,36.0,1494700,6224525
2024-11-28 10:45:00+05:30,36.4,41.75,34.04,39.15,1467225,6383750
2024-11-28 10:46:00+05:30,38.5,42.25,37.95,40.2,1065575,6383750
2024-11-28 10:47:00+05:30,40.25,41.65,38.54,40.25,869000,6383750
2024-11-28 10:48:00+05:30,39.54,39.54,35.95,36.85,1028150,6575425
2024-11-28 10:49:00+05:30,36.79,37.7,34.65,37.7,1132025,6575425
2024-11-28 10:50:00+05:30,38.0,38.35,34.9,36.35,856600,6575425
2024-11-28 10:51:00+05:30,35.9,38.04,35.7,37.15,691825,6740375
2024-11-28 10:52:00+05:30,37.29,44.3,37.29,39.15,1402625,6740375
2024-11-28 10:53:00+05:30,39.75,40.0,38.29,38.4,447925,6740375
2024-11-28 10:54:00+05:30,37.85,41.45,37.29,39.25,618500,6701225
2024-11-28 10:55:00+05:30,38.54,40.5,37.75,38.1,415375,6701225
2024-11-28 10:56:00+05:30,38.25,38.4,35.0,35.45,711725,6701225
2024-11-28 10:57:00+05:30,35.5,38.65,34.04,34.04,727375,6712200
2024-11-28 10:58:00+05:30,34.15,34.4,30.85,32.85,865850,6712200
2024-11-28 10:59:00+05:30,33.35,37.6,31.55,35.7,879225,6712200
2024-11-28 11:00:00+05:30,36.0,37.2,33.1,34.9,984700,6709975
2024-11-28 11:01:00+05:30,35.25,40.4,33.85,40.4,1032700,6709975
2024-11-28 11:02:00+05:30,41.0,43.4,39.35,41.6,1522125,6709975
2024-11-28 11:03:00+05:30,41.15,42.45,38.1,38.1,741075,6639050
2024-11-28 11:04:00+05:30,38.1,38.1,33.1,33.1,1002175,6639050
2024-11-28 11:05:00+05:30,33.2,34.2,32.0,32.0,774400,6639050
2024-11-28 11:06:00+05:30,31.55,31.85,29.0,29.95,1209050,6803950
2024-11-28 11:07:00+05:30,29.4,30.0,27.2,29.6,896150,6803950
2024-11-28 11:08:00+05:30,29.45,29.95,28.1,28.6,519175,6803950
2024-11-28 11:09:00+05:30,28.8,29.05,26.35,26.55,649450,6818925
2024-11-28 11:10:00+05:30,26.1,29.7,24.9,28.25,1013225,6818925
2024-11-28 11:11:00+05:30,27.85,27.85,26.05,27.05,455700,6818925
2024-11-28 11:12:00+05:30,26.6,27.2,25.55,25.6,567675,6743850
2024-11-28 11:13:00+05:30,26.05,27.3,25.75,27.3,449825,6743850
2024-11-28 11:14:00+05:30,27.3,28.55,27.1,27.15,451075,6743850
2024-11-28 11:15:00+05:30,27.05,27.05,23.4,25.35,765800,6868825
2024-11-28 11:16:00+05:30,24.9,24.9,20.35,21.0,986775,6868825
2024-11-28 11:17:00+05:30,20.95,21.0,18.25,20.2,1451250,6868825
2024-11-28 11:18:00+05:30,20.3,23.65,20.3,23.15,875950,6868825
2024-11-28 11:19:00+05:30,23.2,23.35,20.95,21.3,984575,6876550
2024-11-28 11:20:00+05:30,21.05,22.3,20.1,22.3,684800,6876550
2024-11-28 11:21:00+05:30,22.95,23.55,20.14,20.14,765625,6876550
2024-11-28 11:22:00+05:30,20.0,21.45,20.0,20.39,534475,7022725
2024-11-28 11:23:00+05:30,20.45,20.6,16.5,16.75,1058150,7022725
2024-11-28 11:24:00+05:30,16.6,17.45,16.14,16.3,1088450,7022725
2024-11-28 11:25:00+05:30,16.05,17.8,15.75,16.55,1082075,6966300
2024-11-28 11:26:00+05:30,16.3,17.14,16.3,16.6,508500,6966300
2024-11-28 11:27:00+05:30,16.55,17.35,14.8,16.2,1130600,6966300
2024-11-28 11:28:00+05:30,16.35,18.64,15.8,18.55,1125475,6969950
2024-11-28 11:29:00+05:30,18.39,20.65,18.39,20.2,859150,6969950
2024-11-28 11:30:00+05:30,19.85,20.45,19.0,20.45,772875,6969950
2024-11-28 11:31:00+05:30,20.7,22.25,19.89,21.25,741600,6700125
2024-11-28 11:32:00+05:30,21.35,23.85,21.35,23.65,717025,6700125
2024-11-28 11:33:00+05:30,23.35,23.35,21.2,21.6,700625,6700125
2024-11-28 11:34:00+05:30,21.75,26.95,21.75,25.85,1142850,6660425
2024-11-28 11:35:00+05:30,25.75,25.9,22.6,23.3,1048275,6660425
2024-11-28 11:36:00+05:30,23.3,24.3,22.85,23.55,398275,6660425
2024-11-28 11:37:00+05:30,23.5,24.2,23.3,23.55,343900,6790300
2024-11-28 11:38:00+05:30,23.45,27.05,23.05,27.05,679750,6790300
2024-11-28 11:39:00+05:30,26.25,27.45,24.4,27.3,497950,6790300
2024-11-28 11:40:00+05:30,27.1,28.2,25.2,27.6,681750,6527225
2024-11-28 11:41:00+05:30,27.15,28.05,25.0,27.7,695650,6527225
2024-11-28 11:42:00+05:30,27.5,27.5,23.35,23.85,609075,6527225
2024-11-28 11:43:00+05:30,23.4,23.6,22.1,22.5,404225,6526750
2024-11-28 11:44:00+05:30,22.0,23.05,20.75,22.05,620125,6526750
2024-11-28 11:45:00+05:30,22.3,23.85,20.8,23.0,661400,6526750
2024-11-28 11:46:00+05:30,22.95,25.5,21.45,24.75,684600,6647900
2024-11-28 11:47:00+05:30,24.9,26.6,24.25,25.1,1004300,6647900
2024-11-28 11:48:00+05:30,24.3,26.4,22.85,26.0,865800,6647900
2024-11-28 11:49:00+05:30,25.8,35.0,25.35,35.0,1753125,6638075
2024-11-28 11:50:00+05:30,36.7,43.4,35.1,35.1,3051875,6638075
2024-11-28 11:51:00+05:30,34.2,34.95,31.75,32.29,1165025,6638075
2024-11-28 11:52:00+05:30,32.2,36.0,31.95,35.04,856250,6429850
2024-11-28 11:53:00+05:30,34.65,34.65,29.9,32.54,945275,6429850
2024-11-28 11:54:00+05:30,31.8,31.9,27.55,27.65,791075,6429850
2024-11-28 11:55:00+05:30,27.45,28.0,25.15,25.2,787650,6437150
2024-11-28 11:56:00+05:30,25.7,27.15,23.2,23.25,720200,6437150
2024-11-28 11:57:00+05:30,23.4,24.35,22.7,23.25,523125,6437150
2024-11-28 11:58:00+05:30,23.2,23.7,21.65,21.8,817575,6440625
2024-11-28 11:59:00+05:30,22.0,23.7,21.7,22.9,562800,6440625
2024-11-28 12:00:00+05:30,22.95,23.6,22.45,22.5,352175,6440625
2024-11-28 12:01:00+05:30,22.6,22.6,19.89,19.89,660725,6487950
2024-11-28 12:02:00+05:30,20.0,21.3,19.55,21.3,724300,6487950
2024-11-28 12:03:00+05:30,21.3,21.3,19.7,20.2,315875,6487950
2024-11-28 12:04:00+05:30,20.14,20.35,19.14,19.6,395425,6638575
2024-11-28 12:05:00+05:30,19.45,21.85,19.3,20.7,401525,6638575
2024-11-28 12:06:00+05:30,20.6,22.0,20.6,21.15,355625,6638575
2024-11-28 12:07:00+05:30,21.0,23.45,21.0,22.7,550100,6712050
2024-11-28 12:08:00+05:30,22.5,24.25,21.4,23.7,654225,6712050
2024-11-28 12:09:00+05:30,23.4,25.4,22.95,25.25,657750,6712050
2024-11-28 12:10:00+05:30,25.0,26.5,23.75,25.15,739600,6735400
2024-11-28 12:11:00+05:30,25.05,27.55,25.0,26.7,757275,6735400
2024-11-28 12:12:00+05:30,26.75,27.1,24.25,25.2,538525,6735400
2024-11-28 12:13:00+05:30,25.0,27.9,24.4,27.45,432850,6757700
2024-11-28 12:14:00+05:30,27.55,29.0,24.7,26.85,584675,6757700
2024-11-28 12:15:00+05:30,26.95,27.55,25.35,25.7,392450,6757700
2024-11-28 12:16:00+05:30,25.35,25.4,22.75,23.5,596900,6778100
2024-11-28 12:17:00+05:30,24.0,24.1,21.45,22.1,438375,6778100
2024-11-28 12:18:00+05:30,21.8,22.5,20.85,22.2,474200,6778100
2024-11-28 12:19:00+05:30,22.15,22.6,20.8,22.6,298875,6748525
2024-11-28 12:20:00+05:30,22.85,23.6,20.14,20.35,550600,6748525
2024-11-28 12:21:00+05:30,20.35,21.85,19.85,20.7,605125,6748525
2024-11-28 12:22:00+05:30,20.45,22.55,20.3,21.7,429500,6894375
2024-11-28 12:23:00+05:30,21.5,21.65,18.0,18.0,660175,6894375
2024-11-28 12:24:00+05:30,18.05,18.5,17.89,17.95,455900,6894375
2024-11-28 12:25:00+05:30,18.05,19.6,17.0,17.75,710575,6933000
2024-11-28 12:26:00+05:30,17.85,20.35,17.85,19.7,687675,6933000
2024-11-28 12:27:00+05:30,19.55,19.55,16.14,17.64,1002200,6933000
2024-11-28 12:28:00+05:30,18.3,18.6,16.95,17.3,724575,7033375
2024-11-28 12:29:00+05:30,17.3,18.05,16.89,17.8,524650,7033375
2024-11-28 12:30:00+05:30,17.5,18.55,16.89,18.55,572150,7033375
2024-11-28 12:31:00+05:30,19.0,19.0,15.85,15.85,684650,7132450
2024-11-28 12:32:00+05:30,15.9,15.9,12.75,12.95,1259450,7132450
2024-11-28 12:33:00+05:30,13.05,13.3,12.45,13.25,902725,7132450
2024-11-28 12:34:00+05:30,13.15,13.9,13.05,13.65,726025,7205850
2024-11-28 12:35:00+05:30,13.5,14.3,12.4,12.5,702100,7205850
2024-11-28 12:36:00+05:30,12.45,12.5,11.35,11.9,1151525,7205850
2024-11-28 12:37:00+05:30,11.85,11.85,10.05,11.25,1833000,7156175
2024-11-28 12:38:00+05:30,11.3,11.55,9.5,9.65,1273275,7156175
2024-11-28 12:39:00+05:30,9.6,10.7,9.6,10.25,1220575,7156175
2024-11-28 12:40:00+05:30,10.3,11.0,10.0,10.55,707200,7082200
2024-11-28 12:41:00+05:30,10.35,10.7,10.1,10.65,508050,7082200
2024-11-28 12:42:00+05:30,10.65,11.25,10.65,10.7,634575,7082200
2024-11-28 12:43:00+05:30,10.65,10.9,9.1,10.75,977625,7183650
2024-11-28 12:44:00+05:30,10.65,11.1,10.6,10.6,582100,7183650
2024-11-28 12:45:00+05:30,10.35,10.75,9.55,10.15,859425,7183650
2024-11-28 12:46:00+05:30,10.0,10.3,9.8,10.25,526550,7295875
2024-11-28 12:47:00+05:30,10.25,11.6,10.25,10.95,726325,7295875
2024-11-28 12:48:00+05:30,10.85,11.35,10.6,10.75,360975,7295875
2024-11-28 12:49:00+05:30,10.7,11.3,10.4,10.8,430475,7301625
2024-11-28 12:50:00+05:30,10.65,11.3,10.4,11.0,492525,7301625
2024-11-28 12:51:00+05:30,10.85,11.55,10.0,10.75,764825,7301625
2024-11-28 12:52:00+05:30,10.65,10.8,9.65,9.75,519450,7243575
2024-11-28 12:53:00+05:30,9.85,10.85,9.85,10.85,561025,7243575
2024-11-28 12:54:00+05:30,10.65,10.7,9.94,10.4,463325,7243575
2024-11-28 12:55:00+05:30,10.19,10.8,9.4,9.75,657725,7357800
2024-11-28 12:56:00+05:30,9.85,9.85,8.55,8.55,679175,7357800
2024-11-28 12:57:00+05:30,8.55,8.85,7.85,8.05,987350,7357800
2024-11-28 12:58:00+05:30,7.95,8.9,7.95,8.8,579850,7357025
2024-11-28 12:59:00+05:30,8.65,8.65,7.6,7.65,772300,7357025
2024-11-28 13:00:00+05:30,7.6,7.7,7.2,7.5,821100,7357025
2024-11-28 13:01:00+05:30,7.5,7.95,7.35,7.85,995150,7310350
2024-11-28 13:02:00+05:30,7.8,8.1,7.65,7.9,720800,7310350
2024-11-28 13:03:00+05:30,7.95,8.15,6.55,6.85,938800,7310350
2024-11-28 13:04:00+05:30,6.65,6.7,6.15,6.15,827050,7107500
2024-11-28 13:05:00+05:30,6.1,6.75,6.0,6.3,1009625,7107500
2024-11-28 13:06:00+05:30,6.25,6.45,5.8,5.9,770000,7107500
2024-11-28 13:07:00+05:30,5.85,5.85,5.09,5.15,1011000,7013875
2024-11-28 13:08:00+05:30,5.15,5.2,4.25,4.4,1467725,7013875
2024-11-28 13:09:00+05:30,4.4,5.05,4.4,5.0,1128750,7013875
2024-11-28 13:10:00+05:30,5.05,5.15,4.84,5.0,878450,6934725
2024-11-28 13:11:00+05:30,4.95,5.0,4.45,4.45,918300,6934725
2024-11-28 13:12:00+05:30,4.34,4.84,3.95,4.5,1253200,6934725
2024-11-28 13:13:00+05:30,4.5,4.7,4.5,4.65,555250,6918650
2024-11-28 13:14:00+05:30,4.65,4.65,4.25,4.45,775175,6918650
2024-11-28 13:15:00+05:30,4.4,4.55,4.2,4.3,1030600,6918650
2024-11-28 13:16:00+05:30,4.05,4.05,3.3,3.3,1514600,7018500
2024-11-28 13:17:00+05:30,3.4,3.8,3.25,3.8,854725,7018500
2024-11-28 13:18:00+05:30,3.7,4.25,3.55,4.25,861625,7018500
2024-11-28 13:19:00+05:30,4.2,4.65,4.2,4.59,969475,7007600
2024-11-28 13:20:00+05:30,4.65,4.75,4.25,4.59,678925,7007600
2024-11-28 13:21:00+05:30,4.65,5.6,4.65,5.3,1067125,7007600
2024-11-28 13:22:00+05:30,5.55,6.05,5.55,5.65,1073100,7000225
2024-11-28 13:23:00+05:30,5.65,6.4,5.45,5.5,1159425,7000225
2024-11-28 13:24:00+05:30,5.4,5.4,4.9,4.9,932600,7000225
2024-11-28 13:25:00+05:30,4.95,5.3,4.9,5.25,589800,7039800
2024-11-28 13:26:00+05:30,5.3,6.1,5.15,5.8,887850,7039800
2024-11-28 13:27:00+05:30,6.0,6.0,5.35,5.7,767400,7039800
2024-11-28 13:28:00+05:30,5.55,5.6,4.7,5.35,1061900,7053650
2024-11-28 13:29:00+05:30,5.45,5.8,4.8,4.8,979675,7053650
2024-11-28 13:30:00+05:30,4.84,4.84,4.15,4.2,1171150,7053650
2024-11-28 13:31:00+05:30,4.15,5.3,4.15,5.3,1002650,7119325
2024-11-28 13:32:00+05:30,5.45,5.45,4.8,4.8,1218500,7119325
2024-11-28 13:33:00+05:30,4.9,5.35,4.84,5.15,618375,7119325
2024-11-28 13:34:00+05:30,5.05,6.35,5.05,5.6,1617100,7227125
2024-11-28 13:35:00+05:30,5.5,5.7,5.2,5.7,900575,7227125
2024-11-28 13:36:00+05:30,5.6,5.95,5.25,5.95,892125,7227125
2024-11-28 13:37:00+05:30,5.9,5.9,5.15,5.35,868500,7204725
2024-11-28 13:38:00+05:30,5.35,6.1,5.35,6.0,808875,7204725
2024-11-28 13:39:00+05:30,5.95,6.15,5.55,5.95,670700,7204725
2024-11-28 13:40:00+05:30,6.25,6.75,5.75,6.2,1585450,7159675
2024-11-28 13:41:00+05:30,6.15,7.3,5.9,6.25,1370175,7159675
2024-11-28 13:42:00+05:30,6.2,7.15,6.0,6.8,900650,7159675
2024-11-28 13:43:00+05:30,6.55,7.05,6.35,6.35,706875,7002075
2024-11-28 13:44:00+05:30,6.2,6.2,5.09,5.35,989125,7002075
2024-11-28 13:45:00+05:30,5.3,5.55,5.09,5.4,487600,7002075
2024-11-28 13:46:00+05:30,5.25,5.55,4.84,5.0,603375,7051375
2024-11-28 13:47:00+05:30,5.0,5.5,4.95,5.15,598450,7051375
2024-11-28 13:48:00+05:30,5.15,5.35,3.95,4.05,1149075,7051375
2024-11-28 13:49:00+05:30,4.05,4.45,4.05,4.25,621925,7079175
2024-11-28 13:50:00+05:30,4.25,4.59,4.2,4.59,491675,7079175
2024-11-28 13:51:00+05:30,4.5,5.35,4.5,5.09,702775,7079175
2024-11-28 13:52:00+05:30,5.2,5.55,5.0,5.15,689275,7105600
2024-11-28 13:53:00+05:30,5.25,5.55,5.05,5.3,470275,7105600
2024-11-28 13:54:00+05:30,5.3,6.3,5.3,6.2,694925,7105600
2024-11-28 13:55:00+05:30,6.1,7.05,6.1,6.45,870850,7173150
2024-11-28 13:56:00+05:30,6.3,12.95,6.25,10.65,5041100,7173150
2024-11-28 13:57:00+05:30,10.3,11.05,7.45,8.94,2847850,7173150
2024-11-28 13:58:00+05:30,9.0,16.2,8.55,16.2,3112000,6982750
2024-11-28 13:59:00+05:30,15.6,17.8,13.45,14.6,5463100,6982750
2024-11-28 14:00:00+05:30,13.2,13.2,8.05,8.55,3113600,6982750
2024-11-28 14:01:00+05:30,8.3,8.4,5.9,6.1,2573350,6697800
2024-11-28 14:02:00+05:30,6.25,9.25,6.2,8.85,2988125,6697800
2024-11-28 14:03:00+05:30,8.55,8.55,5.85,6.3,2078475,6697800
2024-11-28 14:04:00+05:30,6.3,8.5,6.05,7.95,2000225,7164825
2024-11-28 14:05:00+05:30,7.9,7.9,5.95,6.95,2116300,7164825
2024-11-28 14:06:00+05:30,7.0,9.85,6.8,8.75,2401975,7164825
2024-11-28 14:07:00+05:30,9.4,9.6,7.85,9.6,2984775,7138125
2024-11-28 14:08:00+05:30,9.6,9.6,7.4,7.75,2557450,7138125
2024-11-28 14:09:00+05:30,7.5,7.85,5.95,5.95,1926850,7138125
2024-11-28 14:10:00+05:30,6.1,6.8,4.9,5.45,2189100,7548625
2024-11-28 14:11:00+05:30,5.4,5.55,4.84,5.05,1398450,7548625
2024-11-28 14:12:00+05:30,5.05,6.45,4.55,6.3,2904850,7548625
2024-11-28 14:13:00+05:30,6.2,6.45,3.3,3.6,4825125,7522100
2024-11-28 14:14:00+05:30,3.45,5.55,3.15,4.7,3505650,7522100
2024-11-28 14:15:00+05:30,4.59,4.59,3.0,3.3,2359100,7522100
2024-11-28 14:16:00+05:30,3.3,3.3,2.6,2.85,2107075,7242300
2024-11-28 14:17:00+05:30,2.65,2.95,2.45,2.6,2544650,7242300
2024-11-28 14:18:00+05:30,2.54,2.95,2.29,2.8,3076000,7242300
2024-11-28 14:19:00+05:30,2.75,3.0,2.4,2.75,2510500,6795600
2024-11-28 14:20:00+05:30,2.75,2.8,2.35,2.35,1492375,6795600
2024-11-28 14:21:00+05:30,2.35,2.85,2.35,2.85,2058650,6795600
2024-11-28 14:22:00+05:30,2.8,3.15,2.65,3.05,1747550,6766300
2024-11-28 14:23:00+05:30,2.95,3.0,2.65,2.75,1732700,6766300
2024-11-28 14:24:00+05:30,2.85,3.15,2.75,2.85,1743750,6766300
2024-11-28 14:25:00+05:30,2.9,4.34,2.8,3.95,4049000,7049775
2024-11-28 14:26:00+05:30,3.7,4.34,3.35,3.55,3600625,7049775
2024-11-28 14:27:00+05:30,3.7,3.75,2.9,3.35,3329075,7049775
2024-11-28 14:28:00+05:30,3.45,3.6,3.1,3.45,2746725,7152975
2024-11-28 14:29:00+05:30,3.7,5.95,3.25,3.3,6190925,7152975
2024-11-28 14:30:00+05:30,3.15,3.7,2.45,3.7,6792525,7152975
2024-11-28 14:31:00+05:30,3.85,3.85,2.54,3.0,7496900,7244150
2024-11-28 14:32:00+05:30,2.9,3.15,2.45,2.7,4566975,7244150
2024-11-28 14:33:00+05:30,2.8,3.0,1.55,1.6,4171550,7244150
2024-11-28 14:34:00+05:30,1.5,1.7,1.2,1.3,3723300,6826975
2024-11-28 14:35:00+05:30,1.3,1.35,1.1,1.3,2931125,6826975
2024-11-28 14:36:00+05:30,1.3,1.3,0.95,1.0,2650150,6826975
2024-11-28 14:37:00+05:30,1.0,1.1,0.9,0.95,2185900,6709925
2024-11-28 14:38:00+05:30,1.0,1.0,0.75,0.8,1257725,6709925
2024-11-28 14:39:00+05:30,0.75,0.75,0.6,0.7,1591325,6709925
2024-11-28 14:40:00+05:30,0.7,0.85,0.7,0.85,1240875,6371150
2024-11-28 14:41:00+05:30,0.85,0.9,0.75,0.8,1447225,6371150
2024-11-28 14:42:00+05:30,0.85,0.95,0.8,0.8,690475,6371150
2024-11-28 14:43:00+05:30,0.8,0.85,0.65,0.65,1088125,6240400
2024-11-28 14:44:00+05:30,0.65,0.75,0.6,0.65,1084500,6240400
2024-11-28 14:45:00+05:30,0.7,0.7,0.6,0.6,714925,6240400
2024-11-28 14:46:00+05:30,0.6,0.65,0.55,0.6,648025,6036675
2024-11-28 14:47:00+05:30,0.6,0.7,0.55,0.65,1370250,6036675
2024-11-28 14:48:00+05:30,0.65,0.65,0.55,0.6,495325,6036675
2024-11-28 14:49:00+05:30,0.6,0.6,0.5,0.5,1134850,5925475
2024-11-28 14:50:00+05:30,0.55,0.6,0.5,0.5,1000425,5925475
2024-11-28 14:51:00+05:30,0.55,0.7,0.5,0.7,1170975,5925475
2024-11-28 14:52:00+05:30,0.7,0.75,0.5,0.5,1630800,6131850
2024-11-28 14:53:00+05:30,0.5,0.6,0.5,0.5,387225,6131850
2024-11-28 14:54:00+05:30,0.5,0.55,0.45,0.5,605825,6131850
2024-11-28 14:55:00+05:30,0.5,0.55,0.45,0.5,687700,6095175
2024-11-28 14:56:00+05:30,0.5,0.5,0.4,0.4,298450,6095175
2024-11-28 14:57:00+05:30,0.45,0.5,0.4,0.5,531975,6095175
2024-11-28 14:58:00+05:30,0.5,0.5,0.4,0.4,243850,6076650
2024-11-28 14:59:00+05:30,0.45,0.55,0.4,0.55,580500,6076650
2024-11-28 15:00:00+05:30,0.5,0.7,0.5,0.55,1517850,6076650
2024-11-28 15:01:00+05:30,0.55,0.55,0.4,0.4,607150,6054450
2024-11-28 15:02:00+05:30,0.45,0.5,0.4,0.4,1182175,6054450
2024-11-28 15:03:00+05:30,0.45,0.45,0.35,0.35,378875,6054450
2024-11-28 15:04:00+05:30,0.4,0.4,0.35,0.4,643700,5873000
2024-11-28 15:05:00+05:30,0.4,0.45,0.35,0.4,594250,5873000
2024-11-28 15:06:00+05:30,0.45,0.45,0.35,0.4,584800,5873000
2024-11-28 15:07:00+05:30,0.4,0.4,0.35,0.35,198925,5639525
2024-11-28 15:08:00+05:30,0.4,0.4,0.35,0.4,196325,5639525
2024-11-28 15:09:00+05:30,0.35,0.4,0.3,0.35,252500,5639525
2024-11-28 15:10:00+05:30,0.35,0.35,0.3,0.3,255075,5563800
2024-11-28 15:11:00+05:30,0.35,0.35,0.25,0.35,646050,5563800
2024-11-28 15:12:00+05:30,0.35,0.35,0.25,0.25,595950,5563800
2024-11-28 15:13:00+05:30,0.25,0.3,0.25,0.25,194200,5253775
2024-11-28 15:14:00+05:30,0.25,0.3,0.25,0.25,124300,5253775
2024-11-28 15:15:00+05:30,0.3,0.3,0.25,0.25,230525,5253775
2024-11-28 15:16:00+05:30,0.3,0.3,0.25,0.25,171650,5312125
2024-11-28 15:17:00+05:30,0.3,0.3,0.2,0.2,456700,5312125
2024-11-28 15:18:00+05:30,0.25,0.25,0.2,0.25,132550,5312125
2024-11-28 15:19:00+05:30,0.25,0.25,0.2,0.2,182150,5293300
2024-11-28 15:20:00+05:30,0.25,0.25,0.15,0.2,369225,5293300
2024-11-28 15:21:00+05:30,0.2,0.2,0.15,0.15,143975,5293300
2024-11-28 15:22:00+05:30,0.15,0.2,0.15,0.15,421125,4982850
2024-11-28 15:23:00+05:30,0.15,0.2,0.15,0.2,221750,4982850
2024-11-28 15:24:00+05:30,0.15,0.15,0.1,0.1,327625,4982850
2024-11-28 15:25:00+05:30,0.15,0.15,0.1,0.1,564350,4662050
2024-11-28 15:26:00+05:30,0.1,0.15,0.1,0.15,238775,4662050
2024-11-28 15:27:00+05:30,0.1,0.2,0.1,0.15,544925,4662050
2024-11-28 15:28:00+05:30,0.15,0.2,0.1,0.15,467050,4207275
2024-11-28 15:29:00+05:30,0.2,0.2,0.1,0.15,469625,4207275
