timestamp,open,high,low,close,volume,open_interest
2025-09-23 09:15:00+05:30,574.95,575.0,574.95,575.0,1800,9300
2025-09-23 09:16:00+05:30,572.65,572.65,572.65,572.65,150,9300
2025-09-23 09:17:00+05:30,572.65,572.65,572.65,572.65,0,9300
2025-09-23 09:18:00+05:30,572.65,572.65,572.65,572.65,0,9300
2025-09-23 09:19:00+05:30,572.65,572.65,572.65,572.65,0,9300
2025-09-23 09:20:00+05:30,567.0,576.3,567.0,576.3,375,9300
2025-09-23 09:21:00+05:30,576.3,576.3,576.3,576.3,0,9300
2025-09-23 09:22:00+05:30,576.3,576.3,576.3,576.3,0,9300
2025-09-23 09:23:00+05:30,566.55,566.55,557.1,557.1,450,9300
2025-09-23 09:24:00+05:30,556.0,556.0,556.0,556.0,75,9300
2025-09-23 09:25:00+05:30,556.25,556.4,556.25,556.4,375,9075
2025-09-23 09:26:00+05:30,553.85,553.85,553.85,553.85,75,9075
2025-09-23 09:27:00+05:30,553.85,553.85,553.85,553.85,0,9075
2025-09-23 09:28:00+05:30,553.85,553.85,553.85,553.85,0,9075
2025-09-23 09:29:00+05:30,553.85,553.85,553.85,553.85,0,9075
2025-09-23 09:30:00+05:30,531.4,531.4,530.85,530.85,225,9150
2025-09-23 09:31:00+05:30,530.85,530.85,530.85,530.85,0,9150
2025-09-23 09:32:00+05:30,530.85,530.85,530.85,530.85,0,9150
2025-09-23 09:33:00+05:30,530.85,530.85,530.85,530.85,0,9150
2025-09-23 09:34:00+05:30,516.35,516.35,516.35,516.35,150,8925
2025-09-23 09:35:00+05:30,516.35,516.35,516.35,516.35,0,8925
2025-09-23 09:36:00+05:30,516.35,516.35,516.35,516.35,0,8925
2025-09-23 09:37:00+05:30,510.0,510.0,510.0,510.0,75,8850
2025-09-23 09:38:00+05:30,510.0,510.0,510.0,510.0,0,8850
2025-09-23 09:39:00+05:30,510.0,510.0,510.0,510.0,0,8850
2025-09-23 09:40:00+05:30,510.0,510.0,510.0,510.0,0,8850
2025-09-23 09:41:00+05:30,522.0,522.0,509.65,509.65,225,8850
2025-09-23 09:42:00+05:30,505.0,505.0,498.0,498.0,300,8850
2025-09-23 09:43:00+05:30,498.0,498.0,498.0,498.0,0,8850
2025-09-23 09:44:00+05:30,496.0,496.0,496.0,496.0,225,8700
2025-09-23 09:45:00+05:30,496.0,496.0,496.0,496.0,0,8700
2025-09-23 09:46:00+05:30,496.0,496.0,496.0,496.0,0,8700
2025-09-23 09:47:00+05:30,496.0,496.0,496.0,496.0,0,8700
2025-09-23 09:48:00+05:30,496.0,496.0,496.0,496.0,0,8700
2025-09-23 09:49:00+05:30,496.0,496.0,496.0,496.0,0,8700
2025-09-23 09:50:00+05:30,496.0,496.0,496.0,496.0,0,8700
2025-09-23 09:51:00+05:30,496.0,496.0,496.0,496.0,0,8700
2025-09-23 09:52:00+05:30,486.45,495.45,486.45,492.25,225,8925
2025-09-23 09:53:00+05:30,497.4,497.4,492.0,492.0,4125,8925
2025-09-23 09:54:00+05:30,492.0,494.0,490.95,490.95,1875,11025
2025-09-23 09:55:00+05:30,489.75,491.0,489.75,491.0,450,11025
2025-09-23 09:56:00+05:30,488.0,488.0,488.0,488.0,75,11025
2025-09-23 09:57:00+05:30,499.7,499.7,499.7,499.7,75,11025
2025-09-23 09:58:00+05:30,500.0,500.0,497.8,497.9,375,11250
2025-09-23 09:59:00+05:30,497.9,497.9,497.9,497.9,0,11250
2025-09-23 10:00:00+05:30,496.0,496.0,496.0,496.0,75,11250
2025-09-23 10:01:00+05:30,496.0,496.0,496.0,496.0,0,11250
2025-09-23 10:02:00+05:30,496.0,496.0,496.0,496.0,0,11250
2025-09-23 10:03:00+05:30,500.0,500.0,500.0,500.0,75,11325
2025-09-23 10:04:00+05:30,500.0,500.0,500.0,500.0,0,11325
2025-09-23 10:05:00+05:30,500.0,500.0,500.0,500.0,0,11325
2025-09-23 10:06:00+05:30,500.0,500.0,500.0,500.0,0,11325
2025-09-23 10:07:00+05:30,508.55,508.55,508.55,508.55,75,11400
2025-09-23 10:08:00+05:30,508.55,508.55,508.55,508.55,0,11400
2025-09-23 10:09:00+05:30,509.5,511.25,509.5,511.25,225,11400
2025-09-23 10:10:00+05:30,513.05,513.05,513.0,513.0,2025,11250
2025-09-23 10:11:00+05:30,498.4,498.4,498.4,498.4,75,11250
2025-09-23 10:12:00+05:30,498.4,498.4,498.4,498.4,0,11250
2025-09-23 10:13:00+05:30,498.4,498.4,498.4,498.4,0,11250
2025-09-23 10:14:00+05:30,498.4,498.4,498.4,498.4,0,11250
2025-09-23 10:15:00+05:30,503.15,503.15,503.15,503.15,75,12600
2025-09-23 10:16:00+05:30,503.15,503.15,503.15,503.15,0,12600
2025-09-23 10:17:00+05:30,503.15,503.15,503.15,503.15,0,12600
2025-09-23 10:18:00+05:30,496.0,496.0,496.0,496.0,75,12675
2025-09-23 10:19:00+05:30,496.0,496.0,496.0,496.0,0,12675
2025-09-23 10:20:00+05:30,492.0,492.0,492.0,492.0,75,12675
2025-09-23 10:21:00+05:30,492.0,492.0,492.0,492.0,0,12675
2025-09-23 10:22:00+05:30,485.0,485.0,485.0,485.0,150,12675
2025-09-23 10:23:00+05:30,485.0,485.0,485.0,485.0,0,12675
2025-09-23 10:24:00+05:30,481.5,481.5,481.5,481.5,75,12675
2025-09-23 10:25:00+05:30,481.5,481.5,481.5,481.5,0,12675
2025-09-23 10:26:00+05:30,481.5,481.5,481.5,481.5,0,12675
2025-09-23 10:27:00+05:30,481.5,481.5,481.5,481.5,0,12675
2025-09-23 10:28:00+05:30,481.5,481.5,481.5,481.5,0,12675
2025-09-23 10:29:00+05:30,498.85,499.45,498.85,499.45,750,12750
2025-09-23 10:30:00+05:30,494.8,494.8,494.8,494.8,150,12750
2025-09-23 10:31:00+05:30,495.0,495.0,495.0,495.0,75,13125
2025-09-23 10:32:00+05:30,495.0,495.0,495.0,495.0,0,13125
2025-09-23 10:33:00+05:30,495.0,495.0,495.0,495.0,0,13125
2025-09-23 10:34:00+05:30,495.0,495.0,495.0,495.0,0,13125
2025-09-23 10:35:00+05:30,491.0,491.0,491.0,491.0,75,13200
2025-09-23 10:36:00+05:30,491.0,491.0,491.0,491.0,0,13200
2025-09-23 10:37:00+05:30,493.3,493.3,493.3,493.3,75,13200
2025-09-23 10:38:00+05:30,499.2,499.2,499.2,499.2,150,13200
2025-09-23 10:39:00+05:30,499.2,499.2,499.2,499.2,0,13200
2025-09-23 10:40:00+05:30,499.2,499.2,499.2,499.2,0,13200
2025-09-23 10:41:00+05:30,499.2,499.2,499.2,499.2,0,13200
2025-09-23 10:42:00+05:30,499.2,499.2,499.2,499.2,0,13200
2025-09-23 10:43:00+05:30,499.2,499.2,499.2,499.2,0,13200
2025-09-23 10:44:00+05:30,499.2,499.2,499.2,499.2,0,13200
2025-09-23 10:45:00+05:30,500.0,500.0,500.0,500.0,75,13200
2025-09-23 10:46:00+05:30,500.0,500.0,500.0,500.0,0,13200
2025-09-23 10:47:00+05:30,499.0,499.0,499.0,499.0,150,13200
2025-09-23 10:48:00+05:30,490.05,490.05,490.05,490.05,150,13200
2025-09-23 10:49:00+05:30,490.05,490.05,490.05,490.05,0,13200
2025-09-23 10:50:00+05:30,490.05,490.05,490.05,490.05,0,13200
2025-09-23 10:51:00+05:30,490.05,490.05,490.05,490.05,0,13200
2025-09-23 10:52:00+05:30,490.05,490.05,490.05,490.05,0,13200
2025-09-23 10:53:00+05:30,490.05,490.05,490.05,490.05,0,13200
2025-09-23 10:54:00+05:30,490.05,490.05,490.05,490.05,0,13200
2025-09-23 10:55:00+05:30,490.05,490.05,490.05,490.05,0,13200
2025-09-23 10:56:00+05:30,490.05,490.05,490.05,490.05,0,13200
2025-09-23 10:57:00+05:30,490.05,490.05,490.05,490.05,0,13200
2025-09-23 10:58:00+05:30,490.0,490.0,490.0,490.0,150,13200
2025-09-23 10:59:00+05:30,490.0,490.0,490.0,490.0,0,13200
2025-09-23 11:00:00+05:30,490.0,490.0,490.0,490.0,0,13200
2025-09-23 11:01:00+05:30,492.0,492.0,492.0,492.0,75,13275
2025-09-23 11:02:00+05:30,492.0,492.0,492.0,492.0,0,13275
2025-09-23 11:03:00+05:30,492.0,492.0,492.0,492.0,0,13275
2025-09-23 11:04:00+05:30,492.0,492.0,492.0,492.0,0,13275
2025-09-23 11:05:00+05:30,492.0,492.0,492.0,492.0,0,13275
2025-09-23 11:06:00+05:30,492.0,492.0,492.0,492.0,0,13275
2025-09-23 11:07:00+05:30,492.0,492.0,492.0,492.0,0,13275
2025-09-23 11:08:00+05:30,492.0,492.0,492.0,492.0,0,13275
2025-09-23 11:09:00+05:30,492.0,492.0,492.0,492.0,0,13275
2025-09-23 11:10:00+05:30,492.0,492.0,492.0,492.0,0,13275
2025-09-23 11:11:00+05:30,492.0,492.0,492.0,492.0,0,13275
2025-09-23 11:12:00+05:30,481.3,481.3,481.3,481.3,150,13275
2025-09-23 11:13:00+05:30,481.3,481.3,481.3,481.3,0,13275
2025-09-23 11:14:00+05:30,475.0,475.0,475.0,475.0,300,13425
2025-09-23 11:15:00+05:30,475.0,475.0,466.95,468.3,525,13425
2025-09-23 11:16:00+05:30,468.3,468.3,468.3,468.3,0,13425
2025-09-23 11:17:00+05:30,468.35,468.35,468.3,468.3,1500,13875
2025-09-23 11:18:00+05:30,465.75,468.0,465.75,468.0,225,13875
2025-09-23 11:19:00+05:30,468.0,468.0,468.0,468.0,0,13875
2025-09-23 11:20:00+05:30,467.6,467.65,467.6,467.65,150,15075
2025-09-23 11:21:00+05:30,477.2,477.25,473.0,473.0,450,15075
2025-09-23 11:22:00+05:30,473.0,473.0,473.0,473.0,0,15075
2025-09-23 11:23:00+05:30,473.85,475.3,473.85,475.3,150,15375
2025-09-23 11:24:00+05:30,475.3,475.3,475.3,475.3,0,15375
2025-09-23 11:25:00+05:30,479.0,479.05,479.0,479.05,150,15525
2025-09-23 11:26:00+05:30,479.05,479.05,479.05,479.05,0,15525
2025-09-23 11:27:00+05:30,479.05,479.05,479.05,479.05,0,15525
2025-09-23 11:28:00+05:30,479.05,479.05,479.05,479.05,0,15525
2025-09-23 11:29:00+05:30,479.05,479.05,479.05,479.05,0,15525
2025-09-23 11:30:00+05:30,479.05,479.05,479.05,479.05,0,15525
2025-09-23 11:31:00+05:30,479.05,479.05,479.05,479.05,0,15525
2025-09-23 11:32:00+05:30,479.05,479.05,479.05,479.05,0,15525
2025-09-23 11:33:00+05:30,479.05,479.05,479.05,479.05,0,15525
2025-09-23 11:34:00+05:30,473.3,473.3,473.3,473.3,75,15600
2025-09-23 11:35:00+05:30,473.3,473.3,473.3,473.3,0,15600
2025-09-23 11:36:00+05:30,473.3,473.3,473.3,473.3,0,15600
2025-09-23 11:37:00+05:30,473.3,473.3,473.3,473.3,0,15600
2025-09-23 11:38:00+05:30,473.3,473.3,473.3,473.3,0,15600
2025-09-23 11:39:00+05:30,473.3,473.3,473.3,473.3,0,15600
2025-09-23 11:40:00+05:30,473.3,473.3,473.3,473.3,0,15600
2025-09-23 11:41:00+05:30,473.3,473.3,473.3,473.3,0,15600
2025-09-23 11:42:00+05:30,473.3,473.3,473.3,473.3,75,15600
2025-09-23 11:43:00+05:30,473.3,473.3,473.3,473.3,0,15600
2025-09-23 11:44:00+05:30,473.3,473.3,473.3,473.3,0,15600
2025-09-23 11:45:00+05:30,480.0,480.0,480.0,480.0,75,15675
2025-09-23 11:46:00+05:30,480.0,480.0,480.0,480.0,0,15675
2025-09-23 11:47:00+05:30,480.0,480.0,480.0,480.0,75,15675
2025-09-23 11:48:00+05:30,480.0,480.0,480.0,480.0,0,15675
2025-09-23 11:49:00+05:30,479.15,479.15,479.15,479.15,75,15750
2025-09-23 11:50:00+05:30,479.15,479.15,479.15,479.15,0,15750
2025-09-23 11:51:00+05:30,479.15,479.15,479.15,479.15,0,15750
2025-09-23 11:52:00+05:30,484.95,484.95,484.95,484.95,150,15750
2025-09-23 11:53:00+05:30,484.95,484.95,484.95,484.95,75,15750
2025-09-23 11:54:00+05:30,484.95,484.95,484.95,484.95,0,15750
2025-09-23 11:55:00+05:30,484.95,484.95,484.95,484.95,0,15750
2025-09-23 11:56:00+05:30,484.95,484.95,484.95,484.95,0,15750
2025-09-23 11:57:00+05:30,484.95,484.95,484.95,484.95,0,15750
2025-09-23 11:58:00+05:30,484.95,484.95,484.95,484.95,0,15750
2025-09-23 11:59:00+05:30,484.95,484.95,484.95,484.95,0,15750
2025-09-23 12:00:00+05:30,485.0,485.0,485.0,485.0,75,15675
2025-09-23 12:01:00+05:30,485.65,485.65,485.65,485.65,75,15600
2025-09-23 12:02:00+05:30,485.65,485.65,485.65,485.65,0,15600
2025-09-23 12:03:00+05:30,485.65,485.65,485.65,485.65,0,15600
2025-09-23 12:04:00+05:30,485.65,485.65,485.65,485.65,0,15600
2025-09-23 12:05:00+05:30,485.65,485.65,485.65,485.65,0,15600
2025-09-23 12:06:00+05:30,485.65,485.65,485.65,485.65,0,15600
2025-09-23 12:07:00+05:30,485.65,485.65,485.65,485.65,0,15600
2025-09-23 12:08:00+05:30,485.65,485.65,485.65,485.65,0,15600
2025-09-23 12:09:00+05:30,485.65,485.65,485.65,485.65,0,15600
2025-09-23 12:10:00+05:30,485.65,485.65,485.65,485.65,0,15600
2025-09-23 12:11:00+05:30,485.65,485.65,485.65,485.65,0,15600
2025-09-23 12:12:00+05:30,496.05,496.05,496.05,496.05,150,15600
2025-09-23 12:13:00+05:30,499.95,500.0,499.95,500.0,1200,15675
2025-09-23 12:14:00+05:30,502.65,505.95,502.35,505.95,1875,15675
2025-09-23 12:15:00+05:30,505.95,505.95,505.95,505.95,0,15675
2025-09-23 12:16:00+05:30,505.0,505.0,505.0,505.0,75,13050
2025-09-23 12:17:00+05:30,505.0,505.0,505.0,505.0,0,13050
2025-09-23 12:18:00+05:30,500.0,500.0,500.0,500.0,75,13050
2025-09-23 12:19:00+05:30,500.0,500.0,500.0,500.0,0,13050
2025-09-23 12:20:00+05:30,500.0,500.0,500.0,500.0,0,13050
2025-09-23 12:21:00+05:30,500.0,500.0,500.0,500.0,0,13050
2025-09-23 12:22:00+05:30,500.0,500.0,500.0,500.0,0,13050
2025-09-23 12:23:00+05:30,500.0,500.0,500.0,500.0,0,13050
2025-09-23 12:24:00+05:30,500.0,500.0,500.0,500.0,0,13050
2025-09-23 12:25:00+05:30,500.0,500.0,500.0,500.0,0,13050
2025-09-23 12:26:00+05:30,509.2,509.2,509.2,509.2,75,12900
2025-09-23 12:27:00+05:30,509.2,509.2,509.2,509.2,0,12900
2025-09-23 12:28:00+05:30,509.2,509.2,509.2,509.2,0,12900
2025-09-23 12:29:00+05:30,509.2,509.2,509.2,509.2,0,12900
2025-09-23 12:30:00+05:30,509.2,509.2,509.2,509.2,0,12900
2025-09-23 12:31:00+05:30,509.2,509.2,509.2,509.2,0,12900
2025-09-23 12:32:00+05:30,509.2,509.2,509.2,509.2,0,12900
2025-09-23 12:33:00+05:30,525.0,525.0,525.0,525.0,75,12900
2025-09-23 12:34:00+05:30,538.0,538.0,538.0,538.0,150,12900
2025-09-23 12:35:00+05:30,538.0,538.0,538.0,538.0,0,12900
2025-09-23 12:36:00+05:30,538.0,538.0,538.0,538.0,0,12900
2025-09-23 12:37:00+05:30,565.0,567.3,564.7,564.7,525,12675
2025-09-23 12:38:00+05:30,560.25,560.25,560.25,560.25,75,12450
2025-09-23 12:39:00+05:30,560.25,560.25,560.25,560.25,0,12450
2025-09-23 12:40:00+05:30,560.25,560.25,560.25,560.25,0,12450
2025-09-23 12:41:00+05:30,560.25,560.25,560.25,560.25,0,12450
2025-09-23 12:42:00+05:30,560.25,560.25,560.25,560.25,0,12450
2025-09-23 12:43:00+05:30,560.25,560.25,560.25,560.25,0,12450
2025-09-23 12:44:00+05:30,560.25,560.25,560.25,560.25,0,12450
2025-09-23 12:45:00+05:30,560.25,560.25,560.25,560.25,0,12450
2025-09-23 12:46:00+05:30,560.25,560.25,560.25,560.25,0,12450
2025-09-23 12:47:00+05:30,560.25,560.25,560.25,560.25,0,12450
2025-09-23 12:48:00+05:30,560.25,560.25,560.25,560.25,0,12450
2025-09-23 12:49:00+05:30,560.25,560.25,560.25,560.25,0,12450
2025-09-23 12:50:00+05:30,560.25,560.25,560.25,560.25,0,12450
2025-09-23 12:51:00+05:30,560.25,560.25,560.25,560.25,0,12450
2025-09-23 12:52:00+05:30,560.25,560.25,560.25,560.25,0,12450
2025-09-23 12:53:00+05:30,560.25,560.25,560.25,560.25,0,12450
2025-09-23 12:54:00+05:30,560.25,560.25,560.25,560.25,0,12450
2025-09-23 12:55:00+05:30,543.6,543.65,543.6,543.65,150,12450
2025-09-23 12:56:00+05:30,543.65,543.65,543.65,543.65,0,12450
2025-09-23 12:57:00+05:30,541.9,541.95,541.9,541.95,225,12450
2025-09-23 12:58:00+05:30,541.95,541.95,541.95,541.95,0,12450
2025-09-23 12:59:00+05:30,541.95,541.95,541.95,541.95,0,12450
2025-09-23 13:00:00+05:30,541.95,541.95,541.95,541.95,0,12450
2025-09-23 13:01:00+05:30,541.95,541.95,541.95,541.95,0,12450
2025-09-23 13:02:00+05:30,541.95,541.95,541.95,541.95,0,12450
2025-09-23 13:03:00+05:30,541.95,541.95,541.95,541.95,0,12450
2025-09-23 13:04:00+05:30,541.95,541.95,541.95,541.95,0,12450
2025-09-23 13:05:00+05:30,541.95,541.95,541.95,541.95,0,12450
2025-09-23 13:06:00+05:30,541.95,541.95,541.95,541.95,0,12450
2025-09-23 13:07:00+05:30,541.95,541.95,541.95,541.95,0,12450
2025-09-23 13:08:00+05:30,541.95,541.95,541.95,541.95,0,12450
2025-09-23 13:09:00+05:30,541.95,541.95,541.95,541.95,0,12450
2025-09-23 13:10:00+05:30,541.95,541.95,541.95,541.95,0,12450
2025-09-23 13:11:00+05:30,541.95,541.95,541.95,541.95,0,12450
2025-09-23 13:12:00+05:30,541.95,541.95,541.95,541.95,0,12450
2025-09-23 13:13:00+05:30,541.95,541.95,541.95,541.95,0,12450
2025-09-23 13:14:00+05:30,541.95,541.95,541.95,541.95,0,12450
2025-09-23 13:15:00+05:30,541.95,541.95,541.95,541.95,0,12450
2025-09-23 13:16:00+05:30,541.95,541.95,541.95,541.95,0,12450
2025-09-23 13:17:00+05:30,549.05,549.05,549.0,549.0,1050,12525
2025-09-23 13:18:00+05:30,549.0,549.0,549.0,549.0,0,12525
2025-09-23 13:19:00+05:30,549.0,549.0,549.0,549.0,0,12525
2025-09-23 13:20:00+05:30,553.95,554.0,553.95,554.0,225,13425
2025-09-23 13:21:00+05:30,554.0,554.4,554.0,554.4,900,13425
2025-09-23 13:22:00+05:30,554.4,554.4,554.4,554.4,0,13425
2025-09-23 13:23:00+05:30,554.4,554.4,554.4,554.4,0,13425
2025-09-23 13:24:00+05:30,554.4,554.4,554.4,554.4,0,13425
2025-09-23 13:25:00+05:30,554.4,554.4,554.4,554.4,0,13425
2025-09-23 13:26:00+05:30,554.4,554.4,554.4,554.4,0,13425
2025-09-23 13:27:00+05:30,554.4,554.4,554.4,554.4,0,13425
2025-09-23 13:28:00+05:30,554.4,554.4,554.4,554.4,0,13425
2025-09-23 13:29:00+05:30,554.4,554.4,554.4,554.4,0,13425
2025-09-23 13:30:00+05:30,554.4,554.4,554.4,554.4,0,13425
2025-09-23 13:31:00+05:30,585.0,590.55,585.0,590.55,900,12450
2025-09-23 13:32:00+05:30,590.55,590.55,590.55,590.55,75,12450
2025-09-23 13:33:00+05:30,590.55,590.55,590.55,590.55,0,12450
2025-09-23 13:34:00+05:30,590.55,590.55,590.55,590.55,0,12450
2025-09-23 13:35:00+05:30,590.55,590.55,590.55,590.55,0,12450
2025-09-23 13:36:00+05:30,577.35,577.35,577.35,577.35,75,13200
2025-09-23 13:37:00+05:30,577.35,577.35,577.35,577.35,0,13200
2025-09-23 13:38:00+05:30,577.35,577.35,577.35,577.35,0,13200
2025-09-23 13:39:00+05:30,577.35,577.35,577.35,577.35,0,13200
2025-09-23 13:40:00+05:30,577.35,577.35,577.35,577.35,0,13200
2025-09-23 13:41:00+05:30,577.35,577.35,577.35,577.35,0,13200
2025-09-23 13:42:00+05:30,577.35,577.35,577.35,577.35,0,13200
2025-09-23 13:43:00+05:30,577.35,577.35,577.35,577.35,0,13200
2025-09-23 13:44:00+05:30,577.35,577.35,577.35,577.35,0,13200
2025-09-23 13:45:00+05:30,577.35,577.35,577.35,577.35,0,13200
2025-09-23 13:46:00+05:30,577.35,577.35,577.35,577.35,0,13200
2025-09-23 13:47:00+05:30,577.35,577.35,577.35,577.35,0,13200
2025-09-23 13:48:00+05:30,577.35,577.35,577.35,577.35,0,13200
2025-09-23 13:49:00+05:30,577.35,577.35,577.35,577.35,0,13200
2025-09-23 13:50:00+05:30,577.35,577.35,577.35,577.35,0,13200
2025-09-23 13:51:00+05:30,577.35,577.35,577.35,577.35,0,13200
2025-09-23 13:52:00+05:30,577.35,577.35,577.35,577.35,0,13200
2025-09-23 13:53:00+05:30,577.35,577.35,577.35,577.35,0,13200
2025-09-23 13:54:00+05:30,577.35,577.35,577.35,577.35,0,13200
2025-09-23 13:55:00+05:30,577.35,577.35,577.35,577.35,0,13200
2025-09-23 13:56:00+05:30,577.35,577.35,577.35,577.35,0,13200
2025-09-23 13:57:00+05:30,577.35,577.35,577.35,577.35,0,13200
2025-09-23 13:58:00+05:30,577.35,577.35,577.35,577.35,0,13200
2025-09-23 13:59:00+05:30,577.35,577.35,577.35,577.35,0,13200
2025-09-23 14:00:00+05:30,577.35,577.35,577.35,577.35,0,13200
2025-09-23 14:01:00+05:30,577.35,577.35,577.35,577.35,0,13200
2025-09-23 14:02:00+05:30,577.35,577.35,577.35,577.35,0,13200
2025-09-23 14:03:00+05:30,577.35,577.35,577.35,577.35,0,13200
2025-09-23 14:04:00+05:30,577.35,577.35,577.35,577.35,0,13200
2025-09-23 14:05:00+05:30,577.35,577.35,577.35,577.35,0,13200
2025-09-23 14:06:00+05:30,584.95,593.3,584.2,588.05,5700,13125
2025-09-23 14:07:00+05:30,591.7,601.1,590.4,601.0,3450,17775
2025-09-23 14:08:00+05:30,601.0,602.0,596.7,602.0,1200,17775
2025-09-23 14:09:00+05:30,602.0,602.0,602.0,602.0,0,17775
2025-09-23 14:10:00+05:30,602.0,602.0,602.0,602.0,0,17775
2025-09-23 14:11:00+05:30,602.0,602.0,602.0,602.0,0,17775
2025-09-23 14:12:00+05:30,587.45,587.45,587.45,587.45,300,19125
2025-09-23 14:13:00+05:30,583.0,583.0,579.8,579.85,1275,19125
2025-09-23 14:14:00+05:30,578.0,578.0,567.8,567.8,525,20400
2025-09-23 14:15:00+05:30,567.8,567.8,567.8,567.8,0,20400
2025-09-23 14:16:00+05:30,567.45,567.45,567.45,567.45,75,20400
2025-09-23 14:17:00+05:30,567.45,567.45,567.45,567.45,0,20400
2025-09-23 14:18:00+05:30,566.2,566.3,566.05,566.05,900,21000
2025-09-23 14:19:00+05:30,569.65,569.65,569.65,569.65,225,21000
2025-09-23 14:20:00+05:30,567.2,567.95,562.6,565.55,3525,21825
2025-09-23 14:21:00+05:30,561.75,566.2,553.3,553.3,1650,21825
2025-09-23 14:22:00+05:30,562.2,562.2,562.2,562.2,450,25875
2025-09-23 14:23:00+05:30,564.0,566.3,564.0,565.95,975,25875
2025-09-23 14:24:00+05:30,569.4,570.4,566.9,569.65,1425,25875
2025-09-23 14:25:00+05:30,572.05,572.05,565.0,566.1,675,29175
2025-09-23 14:26:00+05:30,569.3,569.3,566.95,567.8,750,29175
2025-09-23 14:27:00+05:30,561.0,561.0,561.0,561.0,75,29175
2025-09-23 14:28:00+05:30,561.0,561.0,561.0,561.0,0,29175
2025-09-23 14:29:00+05:30,561.0,561.0,561.0,561.0,0,29175
2025-09-23 14:30:00+05:30,560.0,560.0,552.9,552.9,150,30000
2025-09-23 14:31:00+05:30,552.9,552.9,552.9,552.9,0,30000
2025-09-23 14:32:00+05:30,552.9,552.9,552.9,552.9,0,30000
2025-09-23 14:33:00+05:30,552.9,552.9,552.9,552.9,0,30000
2025-09-23 14:34:00+05:30,552.9,552.9,552.9,552.9,0,30000
2025-09-23 14:35:00+05:30,552.9,552.9,552.9,552.9,0,30000
2025-09-23 14:36:00+05:30,552.9,552.9,552.9,552.9,0,30000
2025-09-23 14:37:00+05:30,568.9,568.9,568.9,568.9,75,30000
2025-09-23 14:38:00+05:30,568.9,568.9,568.9,568.9,0,30000
2025-09-23 14:39:00+05:30,568.9,568.9,568.9,568.9,0,30000
2025-09-23 14:40:00+05:30,568.9,568.9,568.9,568.9,0,30000
2025-09-23 14:41:00+05:30,568.9,568.9,568.9,568.9,0,30000
2025-09-23 14:42:00+05:30,568.9,568.9,568.9,568.9,0,30000
2025-09-23 14:43:00+05:30,569.2,569.25,569.2,569.25,450,30000
2025-09-23 14:44:00+05:30,569.25,569.25,569.25,569.25,0,30000
2025-09-23 14:45:00+05:30,568.0,568.0,568.0,568.0,75,30300
2025-09-23 14:46:00+05:30,568.0,568.0,568.0,568.0,0,30300
2025-09-23 14:47:00+05:30,568.0,568.0,568.0,568.0,0,30300
2025-09-23 14:48:00+05:30,568.0,568.0,568.0,568.0,0,30300
2025-09-23 14:49:00+05:30,568.0,568.0,568.0,568.0,0,30300
2025-09-23 14:50:00+05:30,568.0,568.0,568.0,568.0,0,30300
2025-09-23 14:51:00+05:30,568.0,568.0,568.0,568.0,0,30300
2025-09-23 14:52:00+05:30,568.0,568.0,568.0,568.0,0,30300
2025-09-23 14:53:00+05:30,568.0,568.0,568.0,568.0,0,30300
2025-09-23 14:54:00+05:30,568.0,568.0,568.0,568.0,0,30300
2025-09-23 14:55:00+05:30,568.0,568.0,568.0,568.0,0,30300
2025-09-23 14:56:00+05:30,568.0,568.0,568.0,568.0,0,30300
2025-09-23 14:57:00+05:30,568.0,568.0,568.0,568.0,0,30300
2025-09-23 14:58:00+05:30,568.0,568.0,568.0,568.0,0,30300
2025-09-23 14:59:00+05:30,568.0,568.0,568.0,568.0,0,30300
2025-09-23 15:00:00+05:30,548.0,558.4,548.0,558.4,1875,30300
2025-09-23 15:01:00+05:30,558.4,558.4,558.4,558.4,0,30300
2025-09-23 15:02:00+05:30,543.6,543.6,543.6,543.6,75,30300
2025-09-23 15:03:00+05:30,543.6,543.6,543.6,543.6,0,30300
2025-09-23 15:04:00+05:30,543.6,543.6,543.6,543.6,0,30300
2025-09-23 15:05:00+05:30,543.6,543.6,543.6,543.6,0,30300
2025-09-23 15:06:00+05:30,540.0,540.0,540.0,540.0,75,30225
2025-09-23 15:07:00+05:30,533.25,533.25,533.2,533.2,525,30225
2025-09-23 15:08:00+05:30,534.0,534.0,534.0,534.0,75,30075
2025-09-23 15:09:00+05:30,534.0,534.0,534.0,534.0,0,30075
2025-09-23 15:10:00+05:30,533.8,533.8,533.2,533.2,825,30075
2025-09-23 15:11:00+05:30,533.2,533.2,533.2,533.2,0,30075
2025-09-23 15:12:00+05:30,533.2,533.2,533.2,533.2,0,30075
2025-09-23 15:13:00+05:30,533.2,533.2,533.2,533.2,0,30075
2025-09-23 15:14:00+05:30,533.2,533.2,533.2,533.2,0,30075
2025-09-23 15:15:00+05:30,533.2,533.2,533.2,533.2,0,30075
2025-09-23 15:16:00+05:30,533.2,533.2,533.2,533.2,0,30075
2025-09-23 15:17:00+05:30,533.2,533.2,533.2,533.2,0,30075
2025-09-23 15:18:00+05:30,533.2,533.2,533.2,533.2,0,30075
2025-09-23 15:19:00+05:30,533.2,533.2,533.2,533.2,0,30075
2025-09-23 15:20:00+05:30,533.2,533.2,533.2,533.2,0,30075
2025-09-23 15:21:00+05:30,529.55,532.6,529.55,532.6,225,30075
2025-09-23 15:22:00+05:30,532.6,532.6,532.6,532.6,0,30075
2025-09-23 15:23:00+05:30,532.6,532.6,532.6,532.6,0,30075
2025-09-23 15:24:00+05:30,532.6,532.6,532.6,532.6,0,30075
2025-09-23 15:25:00+05:30,534.7,534.7,534.7,534.7,150,30150
2025-09-23 15:26:00+05:30,534.7,534.7,534.7,534.7,0,30150
2025-09-23 15:27:00+05:30,534.7,534.7,534.7,534.7,0,30150
2025-09-23 15:28:00+05:30,534.7,534.7,534.7,534.7,0,30150
2025-09-23 15:29:00+05:30,534.7,534.7,534.7,534.7,0,30150
2025-09-24 09:15:00+05:30,460.35,467.2,460.35,467.2,150,30150
2025-09-24 09:16:00+05:30,444.45,444.45,443.95,444.0,975,30225
2025-09-24 09:17:00+05:30,443.7,443.95,443.7,443.95,150,30225
2025-09-24 09:18:00+05:30,448.0,448.0,437.1,437.1,675,31125
2025-09-24 09:19:00+05:30,440.0,444.0,437.7,437.7,675,31125
2025-09-24 09:20:00+05:30,435.0,435.0,435.0,435.0,375,31125
2025-09-24 09:21:00+05:30,433.6,436.5,433.6,434.45,450,31650
2025-09-24 09:22:00+05:30,433.1,433.1,427.4,427.4,225,31650
2025-09-24 09:23:00+05:30,430.25,431.3,430.25,431.3,1500,31650
2025-09-24 09:24:00+05:30,431.3,436.15,431.3,436.15,300,31650
2025-09-24 09:25:00+05:30,430.0,430.0,429.1,429.1,750,32475
2025-09-24 09:26:00+05:30,427.2,432.15,425.55,429.25,3150,32475
2025-09-24 09:27:00+05:30,424.05,424.05,424.0,424.0,150,32475
2025-09-24 09:28:00+05:30,432.2,432.2,432.0,432.0,150,36075
2025-09-24 09:29:00+05:30,421.3,421.55,420.2,420.2,225,36075
2025-09-24 09:30:00+05:30,420.05,420.2,413.7,414.0,1725,36750
2025-09-24 09:31:00+05:30,411.7,423.25,411.7,420.85,3600,36750
2025-09-24 09:32:00+05:30,423.55,430.5,423.55,430.5,2475,36750
2025-09-24 09:33:00+05:30,425.0,425.85,422.1,422.1,1200,38625
2025-09-24 09:34:00+05:30,420.55,422.0,420.0,420.0,2625,38625
2025-09-24 09:35:00+05:30,420.0,425.35,419.05,425.35,1350,38625
2025-09-24 09:36:00+05:30,424.05,424.05,419.0,419.0,375,40800
2025-09-24 09:37:00+05:30,422.9,426.6,422.9,426.6,750,40800
2025-09-24 09:38:00+05:30,423.8,424.45,423.0,423.6,2775,40800
2025-09-24 09:39:00+05:30,423.6,423.6,423.6,423.6,0,40800
2025-09-24 09:40:00+05:30,420.0,420.75,420.0,420.75,225,43425
2025-09-24 09:41:00+05:30,417.7,417.7,417.6,417.6,1050,43425
2025-09-24 09:42:00+05:30,417.6,417.6,408.75,408.75,1800,45825
2025-09-24 09:43:00+05:30,408.8,410.7,408.8,409.55,1575,45825
2025-09-24 09:44:00+05:30,414.5,414.8,414.5,414.8,375,45825
2025-09-24 09:45:00+05:30,407.2,408.5,407.15,408.5,225,47250
2025-09-24 09:46:00+05:30,410.55,414.35,410.55,414.35,375,47250
2025-09-24 09:47:00+05:30,417.75,419.0,417.75,419.0,1275,47250
2025-09-24 09:48:00+05:30,420.35,420.35,420.35,420.35,75,47250
2025-09-24 09:49:00+05:30,424.5,426.0,424.5,426.0,150,47850
2025-09-24 09:50:00+05:30,421.5,426.0,420.0,424.95,825,47850
2025-09-24 09:51:00+05:30,424.95,424.95,424.95,424.95,0,47850
2025-09-24 09:52:00+05:30,427.15,429.0,426.25,427.0,1575,47850
2025-09-24 09:53:00+05:30,429.15,429.15,425.65,425.65,150,47850
2025-09-24 09:54:00+05:30,424.7,424.7,424.55,424.55,150,47850
2025-09-24 09:55:00+05:30,427.0,430.0,427.0,428.05,450,48975
2025-09-24 09:56:00+05:30,429.15,430.0,429.15,430.0,825,48975
2025-09-24 09:57:00+05:30,430.55,430.55,430.5,430.5,375,48975
2025-09-24 09:58:00+05:30,434.0,434.0,430.0,430.0,600,49500
2025-09-24 09:59:00+05:30,430.0,435.3,430.0,435.3,900,49500
2025-09-24 10:00:00+05:30,434.25,436.0,434.0,434.05,825,49500
2025-09-24 10:01:00+05:30,433.8,434.9,433.3,434.9,375,49275
2025-09-24 10:02:00+05:30,430.0,430.55,430.0,430.3,1125,49275
2025-09-24 10:03:00+05:30,436.0,439.0,436.0,439.0,825,49425
2025-09-24 10:04:00+05:30,441.05,443.5,440.05,440.05,300,49425
2025-09-24 10:05:00+05:30,441.15,442.65,441.1,442.65,300,49425
2025-09-24 10:06:00+05:30,441.85,441.85,441.85,441.85,150,49275
2025-09-24 10:07:00+05:30,441.85,441.85,441.85,441.85,0,49275
2025-09-24 10:08:00+05:30,439.75,439.75,439.55,439.55,225,49275
2025-09-24 10:09:00+05:30,443.0,444.0,441.05,441.05,675,49725
2025-09-24 10:10:00+05:30,441.05,441.05,441.05,441.05,0,49725
2025-09-24 10:11:00+05:30,446.0,446.0,446.0,446.0,75,49725
2025-09-24 10:12:00+05:30,441.35,441.55,432.55,432.55,900,49725
2025-09-24 10:13:00+05:30,434.15,434.15,434.15,434.15,150,49800
2025-09-24 10:14:00+05:30,434.15,434.15,434.15,434.15,0,49800
2025-09-24 10:15:00+05:30,436.65,439.15,436.1,439.15,1050,49725
2025-09-24 10:16:00+05:30,443.2,445.05,441.8,445.05,675,49725
2025-09-24 10:17:00+05:30,450.95,451.0,446.15,446.15,2700,49725
2025-09-24 10:18:00+05:30,447.0,447.0,444.0,444.0,1575,49725
2025-09-24 10:19:00+05:30,444.0,444.0,444.0,444.0,0,49725
2025-09-24 10:20:00+05:30,444.0,444.0,444.0,444.0,0,49725
2025-09-24 10:21:00+05:30,446.5,446.5,446.5,446.5,75,50850
2025-09-24 10:22:00+05:30,446.5,446.5,446.5,446.5,75,50925
2025-09-24 10:23:00+05:30,446.5,446.5,446.5,446.5,0,50925
2025-09-24 10:24:00+05:30,442.0,442.0,441.05,442.0,375,50925
2025-09-24 10:25:00+05:30,442.0,442.0,442.0,442.0,0,50925
2025-09-24 10:26:00+05:30,444.05,444.05,444.05,444.05,150,50925
2025-09-24 10:27:00+05:30,444.05,444.05,444.05,444.05,0,50925
2025-09-24 10:28:00+05:30,440.5,440.5,440.5,440.5,75,51075
2025-09-24 10:29:00+05:30,439.95,440.0,439.95,440.0,300,51075
2025-09-24 10:30:00+05:30,436.5,436.5,436.5,436.5,150,51075
2025-09-24 10:31:00+05:30,442.0,445.25,442.0,445.25,675,51075
2025-09-24 10:32:00+05:30,445.95,446.0,441.2,441.2,450,51075
2025-09-24 10:33:00+05:30,441.2,441.2,441.2,441.2,0,51075
2025-09-24 10:34:00+05:30,441.15,442.45,441.15,442.45,225,51600
2025-09-24 10:35:00+05:30,442.45,442.45,442.45,442.45,0,51600
2025-09-24 10:36:00+05:30,438.5,438.9,438.5,438.9,1500,51600
2025-09-24 10:37:00+05:30,435.0,435.0,435.0,435.0,225,51600
2025-09-24 10:38:00+05:30,434.55,434.55,434.55,434.55,75,51600
2025-09-24 10:39:00+05:30,434.55,434.55,434.55,434.55,0,51600
2025-09-24 10:40:00+05:30,440.35,440.35,440.35,440.35,75,51675
2025-09-24 10:41:00+05:30,432.0,432.0,429.05,429.05,450,51675
2025-09-24 10:42:00+05:30,430.0,430.0,428.35,428.45,1125,51600
2025-09-24 10:43:00+05:30,428.0,428.0,426.15,426.15,150,51600
2025-09-24 10:44:00+05:30,426.15,426.15,426.15,426.15,0,51600
2025-09-24 10:45:00+05:30,420.0,421.05,420.0,420.5,1125,52275
2025-09-24 10:46:00+05:30,420.4,421.9,419.9,421.9,750,52275
2025-09-24 10:47:00+05:30,420.1,420.1,420.1,420.1,75,52275
2025-09-24 10:48:00+05:30,420.1,420.1,420.1,420.1,0,52275
2025-09-24 10:49:00+05:30,420.1,420.1,420.1,420.1,0,52275
2025-09-24 10:50:00+05:30,417.05,417.05,417.0,417.0,450,52500
2025-09-24 10:51:00+05:30,419.55,419.55,419.55,419.55,150,52950
2025-09-24 10:52:00+05:30,419.55,419.55,419.55,419.55,0,52950
2025-09-24 10:53:00+05:30,419.55,419.55,419.55,419.55,0,52950
2025-09-24 10:54:00+05:30,417.0,417.6,416.95,417.6,900,52950
2025-09-24 10:55:00+05:30,417.6,417.6,417.6,417.6,0,52950
2025-09-24 10:56:00+05:30,420.8,420.9,420.8,420.9,150,53100
2025-09-24 10:57:00+05:30,420.9,420.9,420.9,420.9,0,53100
2025-09-24 10:58:00+05:30,420.9,420.9,420.9,420.9,0,53100
2025-09-24 10:59:00+05:30,420.9,420.9,420.9,420.9,0,53100
2025-09-24 11:00:00+05:30,425.0,425.35,425.0,425.35,150,53100
2025-09-24 11:01:00+05:30,417.0,417.0,410.9,410.95,300,53175
2025-09-24 11:02:00+05:30,411.2,411.2,410.0,410.0,225,53175
2025-09-24 11:03:00+05:30,408.3,408.3,401.1,401.15,1125,53175
2025-09-24 11:04:00+05:30,400.45,400.45,399.75,399.75,150,53250
2025-09-24 11:05:00+05:30,400.0,401.0,399.15,400.4,5025,53250
2025-09-24 11:06:00+05:30,399.0,399.7,396.0,396.2,2400,53250
2025-09-24 11:07:00+05:30,394.6,395.0,394.5,394.5,1200,59625
2025-09-24 11:08:00+05:30,393.0,393.0,390.0,390.0,900,59625
2025-09-24 11:09:00+05:30,389.85,390.6,389.1,389.1,1425,59625
2025-09-24 11:10:00+05:30,394.7,395.0,393.05,395.0,600,61125
2025-09-24 11:11:00+05:30,394.7,398.9,393.85,398.9,525,61125
2025-09-24 11:12:00+05:30,397.85,399.35,396.55,398.9,1725,61125
2025-09-24 11:13:00+05:30,399.05,404.2,399.05,403.0,375,61650
2025-09-24 11:14:00+05:30,403.0,405.05,403.0,405.05,300,61650
2025-09-24 11:15:00+05:30,405.05,405.05,405.05,405.05,0,61650
2025-09-24 11:16:00+05:30,405.0,405.0,403.0,403.3,675,61725
2025-09-24 11:17:00+05:30,403.0,404.15,403.0,404.15,150,61725
2025-09-24 11:18:00+05:30,402.9,402.9,402.05,402.05,900,61725
2025-09-24 11:19:00+05:30,402.05,402.05,402.05,402.05,0,61725
2025-09-24 11:20:00+05:30,402.05,402.05,402.05,402.05,0,61725
2025-09-24 11:21:00+05:30,402.05,402.05,402.05,402.05,0,61725
2025-09-24 11:22:00+05:30,403.1,403.1,403.1,403.1,1800,62250
2025-09-24 11:23:00+05:30,404.0,404.0,404.0,404.0,375,62250
2025-09-24 11:24:00+05:30,404.0,404.0,404.0,404.0,0,62250
2025-09-24 11:25:00+05:30,406.95,406.95,406.6,406.6,150,61950
2025-09-24 11:26:00+05:30,406.9,406.9,406.9,406.9,75,61950
2025-09-24 11:27:00+05:30,408.75,408.75,408.75,408.75,75,61950
2025-09-24 11:28:00+05:30,410.0,410.15,409.2,409.2,825,62250
2025-09-24 11:29:00+05:30,410.4,411.6,410.4,411.6,150,62250
2025-09-24 11:30:00+05:30,412.0,413.25,412.0,413.25,525,62250
2025-09-24 11:31:00+05:30,415.0,415.5,414.0,415.5,2100,62625
2025-09-24 11:32:00+05:30,415.2,415.2,415.2,415.2,375,62625
2025-09-24 11:33:00+05:30,415.4,415.4,415.4,415.4,75,62625
2025-09-24 11:34:00+05:30,415.0,415.0,415.0,415.0,75,62175
2025-09-24 11:35:00+05:30,415.0,415.0,415.0,415.0,0,62175
2025-09-24 11:36:00+05:30,413.55,413.55,413.5,413.5,150,62175
2025-09-24 11:37:00+05:30,413.5,413.5,413.5,413.5,0,62175
2025-09-24 11:38:00+05:30,413.5,413.5,413.5,413.5,0,62175
2025-09-24 11:39:00+05:30,413.5,413.5,413.5,413.5,0,62175
2025-09-24 11:40:00+05:30,415.5,420.0,415.5,420.0,225,62175
2025-09-24 11:41:00+05:30,419.75,419.8,418.0,418.0,675,62175
2025-09-24 11:42:00+05:30,418.0,418.0,418.0,418.0,0,62175
2025-09-24 11:43:00+05:30,411.4,411.4,411.4,411.4,75,61575
2025-09-24 11:44:00+05:30,411.4,411.4,411.4,411.4,0,61575
2025-09-24 11:45:00+05:30,417.0,417.0,416.9,416.9,150,61575
2025-09-24 11:46:00+05:30,416.0,416.0,416.0,416.0,75,61575
2025-09-24 11:47:00+05:30,419.3,419.3,419.3,419.3,150,61500
2025-09-24 11:48:00+05:30,419.0,419.95,418.8,418.8,450,61500
2025-09-24 11:49:00+05:30,419.1,419.1,419.1,419.1,75,61500
2025-09-24 11:50:00+05:30,422.0,422.0,422.0,422.0,75,61500
2025-09-24 11:51:00+05:30,422.0,422.0,421.85,421.85,150,61500
2025-09-24 11:52:00+05:30,421.85,421.85,421.85,421.85,0,61500
2025-09-24 11:53:00+05:30,414.7,414.9,414.7,414.9,150,61500
2025-09-24 11:54:00+05:30,413.95,413.95,413.95,413.95,75,61500
2025-09-24 11:55:00+05:30,420.0,420.0,417.4,417.4,150,61575
2025-09-24 11:56:00+05:30,417.4,417.4,417.4,417.4,0,61575
2025-09-24 11:57:00+05:30,417.3,417.3,417.3,417.3,75,61575
2025-09-24 11:58:00+05:30,417.3,417.3,417.3,417.3,0,61575
2025-09-24 11:59:00+05:30,420.05,420.05,420.05,420.05,75,61575
2025-09-24 12:00:00+05:30,420.05,420.05,420.05,420.05,0,61575
2025-09-24 12:01:00+05:30,420.05,420.05,420.05,420.05,0,61575
2025-09-24 12:02:00+05:30,420.05,420.05,420.05,420.05,0,61575
2025-09-24 12:03:00+05:30,415.0,415.0,415.0,415.0,150,61500
2025-09-24 12:04:00+05:30,409.55,409.55,409.5,409.5,150,61500
2025-09-24 12:05:00+05:30,409.5,409.5,409.5,409.5,0,61500
2025-09-24 12:06:00+05:30,419.25,419.25,411.9,411.9,450,61500
2025-09-24 12:07:00+05:30,411.9,413.55,411.8,413.55,225,61875
2025-09-24 12:08:00+05:30,413.55,413.55,413.55,413.55,0,61875
2025-09-24 12:09:00+05:30,417.2,417.5,417.2,417.5,600,61875
2025-09-24 12:10:00+05:30,419.5,419.5,419.5,419.5,75,61500
2025-09-24 12:11:00+05:30,419.5,419.5,419.5,419.5,0,61500
2025-09-24 12:12:00+05:30,429.55,429.55,426.0,427.5,375,61500
2025-09-24 12:13:00+05:30,428.5,431.65,428.5,431.65,150,61425
2025-09-24 12:14:00+05:30,434.15,434.15,432.2,434.0,450,61425
2025-09-24 12:15:00+05:30,435.0,435.0,435.0,435.0,75,61425
2025-09-24 12:16:00+05:30,435.55,435.55,435.55,435.55,150,61425
2025-09-24 12:17:00+05:30,435.0,436.0,435.0,435.0,600,61425
2025-09-24 12:18:00+05:30,435.9,435.9,435.0,435.0,975,61425
2025-09-24 12:19:00+05:30,435.0,435.0,435.0,435.0,0,61425
2025-09-24 12:20:00+05:30,435.0,435.0,435.0,435.0,0,61425
2025-09-24 12:21:00+05:30,435.1,438.0,435.1,438.0,150,60150
2025-09-24 12:22:00+05:30,442.05,444.55,442.05,444.55,1050,60075
2025-09-24 12:23:00+05:30,443.55,445.0,438.9,438.9,300,60075
2025-09-24 12:24:00+05:30,438.9,438.9,438.9,438.9,0,60075
2025-09-24 12:25:00+05:30,438.65,438.65,437.8,437.8,150,60000
2025-09-24 12:26:00+05:30,437.8,437.8,437.8,437.8,0,60000
2025-09-24 12:27:00+05:30,436.2,436.2,436.2,436.2,750,60000
2025-09-24 12:28:00+05:30,436.2,436.2,436.2,436.2,0,60000
2025-09-24 12:29:00+05:30,436.2,436.2,436.2,436.2,0,60000
2025-09-24 12:30:00+05:30,436.2,436.2,436.2,436.2,0,60000
2025-09-24 12:31:00+05:30,441.0,442.4,441.0,442.4,450,60150
2025-09-24 12:32:00+05:30,442.4,442.4,442.4,442.4,0,60150
2025-09-24 12:33:00+05:30,442.4,442.4,442.4,442.4,0,60150
2025-09-24 12:34:00+05:30,442.4,442.4,442.4,442.4,0,60150
2025-09-24 12:35:00+05:30,440.55,440.55,440.55,440.55,150,60375
2025-09-24 12:36:00+05:30,445.55,445.55,445.55,445.55,150,60375
2025-09-24 12:37:00+05:30,444.85,444.85,444.85,444.85,225,60375
2025-09-24 12:38:00+05:30,440.2,440.2,440.2,440.2,75,60150
2025-09-24 12:39:00+05:30,440.2,440.2,440.2,440.2,0,60150
2025-09-24 12:40:00+05:30,436.1,436.1,436.1,436.1,75,60150
2025-09-24 12:41:00+05:30,436.1,436.1,436.1,436.1,0,60150
2025-09-24 12:42:00+05:30,436.1,436.1,436.1,436.1,0,60150
2025-09-24 12:43:00+05:30,434.85,435.0,434.85,435.0,750,60225
2025-09-24 12:44:00+05:30,434.0,434.0,434.0,434.0,75,60225
2025-09-24 12:45:00+05:30,434.0,434.0,434.0,434.0,0,60225
2025-09-24 12:46:00+05:30,434.0,434.0,434.0,434.0,0,60225
2025-09-24 12:47:00+05:30,426.75,429.95,426.75,429.95,150,60225
2025-09-24 12:48:00+05:30,429.95,429.95,429.95,429.95,0,60225
2025-09-24 12:49:00+05:30,432.2,432.2,432.2,432.2,225,60150
2025-09-24 12:50:00+05:30,432.2,432.2,432.2,432.2,0,60150
2025-09-24 12:51:00+05:30,432.2,432.2,432.2,432.2,0,60150
2025-09-24 12:52:00+05:30,432.2,432.2,432.2,432.2,0,60150
2025-09-24 12:53:00+05:30,440.0,440.0,440.0,440.0,75,60375
2025-09-24 12:54:00+05:30,440.0,440.0,440.0,440.0,0,60375
2025-09-24 12:55:00+05:30,440.0,440.0,440.0,440.0,0,60375
2025-09-24 12:56:00+05:30,440.0,440.0,440.0,440.0,0,60375
2025-09-24 12:57:00+05:30,443.85,443.85,443.85,443.85,75,60375
2025-09-24 12:58:00+05:30,442.6,445.0,442.6,445.0,300,60450
2025-09-24 12:59:00+05:30,444.95,444.95,444.95,444.95,75,60450
2025-09-24 13:00:00+05:30,444.95,453.1,444.95,453.1,5400,60450
2025-09-24 13:01:00+05:30,457.45,457.5,456.95,457.05,1050,60450
2025-09-24 13:02:00+05:30,459.75,459.75,456.55,456.55,225,60450
2025-09-24 13:03:00+05:30,457.2,458.2,457.2,458.2,975,60450
2025-09-24 13:04:00+05:30,456.6,456.6,456.6,456.6,150,60450
2025-09-24 13:05:00+05:30,456.6,456.6,456.6,456.6,0,60450
2025-09-24 13:06:00+05:30,457.95,457.95,457.95,457.95,75,60525
2025-09-24 13:07:00+05:30,456.0,456.0,455.55,455.55,1650,60525
2025-09-24 13:08:00+05:30,459.35,459.35,459.35,459.35,75,60525
2025-09-24 13:09:00+05:30,455.55,455.55,455.55,455.55,300,60525
2025-09-24 13:10:00+05:30,455.55,455.55,455.55,455.55,0,60525
2025-09-24 13:11:00+05:30,455.55,455.55,455.55,455.55,0,60525
2025-09-24 13:12:00+05:30,455.65,455.65,455.65,455.65,150,60750
2025-09-24 13:13:00+05:30,455.65,455.65,455.65,455.65,0,60750
2025-09-24 13:14:00+05:30,466.45,467.6,466.0,466.4,750,60750
2025-09-24 13:15:00+05:30,465.7,465.7,465.0,465.0,225,60750
2025-09-24 13:16:00+05:30,472.0,472.0,471.95,471.95,300,60750
2025-09-24 13:17:00+05:30,475.45,476.9,475.45,475.45,900,59850
2025-09-24 13:18:00+05:30,469.7,469.7,469.7,469.7,75,59850
2025-09-24 13:19:00+05:30,467.85,471.65,467.75,469.65,825,61050
2025-09-24 13:20:00+05:30,469.65,469.65,469.65,469.65,0,61050
2025-09-24 13:21:00+05:30,469.65,469.65,469.65,469.65,0,61050
2025-09-24 13:22:00+05:30,468.75,468.75,468.75,468.75,75,60600
2025-09-24 13:23:00+05:30,468.75,468.75,468.75,468.75,0,60600
2025-09-24 13:24:00+05:30,467.45,467.45,467.45,467.45,225,60600
2025-09-24 13:25:00+05:30,467.45,467.45,467.45,467.45,0,60600
2025-09-24 13:26:00+05:30,467.45,467.45,467.45,467.45,0,60600
2025-09-24 13:27:00+05:30,467.45,467.45,467.45,467.45,0,60600
2025-09-24 13:28:00+05:30,467.45,467.45,467.45,467.45,0,60600
2025-09-24 13:29:00+05:30,467.45,467.45,467.45,467.45,0,60600
2025-09-24 13:30:00+05:30,467.45,467.45,467.45,467.45,0,60600
2025-09-24 13:31:00+05:30,467.45,467.45,467.45,467.45,0,60600
2025-09-24 13:32:00+05:30,463.9,463.9,463.9,463.9,75,60900
2025-09-24 13:33:00+05:30,469.05,469.05,469.05,469.05,75,60900
2025-09-24 13:34:00+05:30,469.05,469.05,469.05,469.05,0,60900
2025-09-24 13:35:00+05:30,469.05,469.05,469.05,469.05,0,60900
2025-09-24 13:36:00+05:30,469.05,469.05,469.05,469.05,0,60900
2025-09-24 13:37:00+05:30,469.05,469.05,469.05,469.05,0,60900
2025-09-24 13:38:00+05:30,471.8,471.8,466.6,466.6,225,60825
2025-09-24 13:39:00+05:30,466.6,466.6,466.6,466.6,0,60825
2025-09-24 13:40:00+05:30,466.6,466.6,466.6,466.6,0,60825
2025-09-24 13:41:00+05:30,466.6,466.6,466.6,466.6,0,60825
2025-09-24 13:42:00+05:30,470.0,470.95,470.0,470.95,300,60900
2025-09-24 13:43:00+05:30,470.95,470.95,470.95,470.95,0,60900
2025-09-24 13:44:00+05:30,470.95,470.95,470.95,470.95,0,60900
2025-09-24 13:45:00+05:30,462.05,462.05,462.05,462.05,75,61125
2025-09-24 13:46:00+05:30,464.25,464.25,461.0,461.0,150,61050
2025-09-24 13:47:00+05:30,458.0,459.9,457.0,457.0,1575,61050
2025-09-24 13:48:00+05:30,457.0,457.0,457.0,457.0,0,61050
2025-09-24 13:49:00+05:30,457.0,457.0,457.0,457.0,0,61050
2025-09-24 13:50:00+05:30,455.45,455.45,452.95,452.95,300,62550
2025-09-24 13:51:00+05:30,452.95,452.95,452.95,452.95,0,62550
2025-09-24 13:52:00+05:30,465.05,465.05,465.05,465.05,75,62550
2025-09-24 13:53:00+05:30,465.05,465.05,465.05,465.05,0,62550
2025-09-24 13:54:00+05:30,465.05,465.05,465.05,465.05,0,62550
2025-09-24 13:55:00+05:30,465.05,465.05,465.05,465.05,0,62550
2025-09-24 13:56:00+05:30,465.05,465.05,465.05,465.05,0,62550
2025-09-24 13:57:00+05:30,465.05,465.05,465.05,465.05,0,62550
2025-09-24 13:58:00+05:30,465.05,465.05,465.05,465.05,0,62550
2025-09-24 13:59:00+05:30,465.05,465.05,465.05,465.05,0,62550
2025-09-24 14:00:00+05:30,452.75,453.9,451.85,451.85,225,62475
2025-09-24 14:01:00+05:30,451.85,451.85,451.85,451.85,0,62475
2025-09-24 14:02:00+05:30,451.85,451.85,451.85,451.85,0,62475
2025-09-24 14:03:00+05:30,451.85,451.85,451.85,451.85,0,62475
2025-09-24 14:04:00+05:30,451.85,451.85,451.85,451.85,0,62475
2025-09-24 14:05:00+05:30,451.85,451.85,451.85,451.85,0,62475
2025-09-24 14:06:00+05:30,454.5,454.5,451.85,451.85,225,62550
2025-09-24 14:07:00+05:30,450.0,450.0,450.0,450.0,150,62550
2025-09-24 14:08:00+05:30,450.0,450.0,450.0,450.0,0,62550
2025-09-24 14:09:00+05:30,450.0,450.0,450.0,450.0,0,62550
2025-09-24 14:10:00+05:30,450.6,450.6,450.6,450.6,75,62550
2025-09-24 14:11:00+05:30,453.25,453.25,453.25,453.25,75,62550
2025-09-24 14:12:00+05:30,450.25,450.25,450.25,450.25,75,62550
2025-09-24 14:13:00+05:30,450.0,450.0,450.0,450.0,75,62550
2025-09-24 14:14:00+05:30,448.9,448.9,448.9,448.9,75,62550
2025-09-24 14:15:00+05:30,450.0,450.0,450.0,450.0,75,62550
2025-09-24 14:16:00+05:30,450.0,450.0,450.0,450.0,75,62550
2025-09-24 14:17:00+05:30,443.45,450.0,443.45,450.0,450,62550
2025-09-24 14:18:00+05:30,450.0,450.0,450.0,450.0,0,62550
2025-09-24 14:19:00+05:30,450.0,450.0,450.0,450.0,0,62550
2025-09-24 14:20:00+05:30,450.0,450.0,450.0,450.0,0,62550
2025-09-24 14:21:00+05:30,440.95,440.95,440.95,440.95,75,62625
2025-09-24 14:22:00+05:30,439.85,439.85,439.85,439.85,75,62625
2025-09-24 14:23:00+05:30,438.2,438.2,435.95,435.95,150,62775
2025-09-24 14:24:00+05:30,435.55,435.55,435.55,435.55,75,62775
2025-09-24 14:25:00+05:30,433.65,435.35,433.6,433.75,825,62775
2025-09-24 14:26:00+05:30,433.75,433.75,433.75,433.75,0,62775
2025-09-24 14:27:00+05:30,438.45,438.45,434.1,434.1,225,62250
2025-09-24 14:28:00+05:30,440.95,440.95,440.95,440.95,75,62250
2025-09-24 14:29:00+05:30,440.95,440.95,440.95,440.95,0,62250
2025-09-24 14:30:00+05:30,437.15,437.15,437.15,437.15,300,62400
2025-09-24 14:31:00+05:30,437.25,437.25,430.0,430.0,225,62100
2025-09-24 14:32:00+05:30,426.5,426.5,423.2,424.95,3150,62100
2025-09-24 14:33:00+05:30,424.95,424.95,424.95,424.95,0,62100
2025-09-24 14:34:00+05:30,423.35,423.35,422.25,422.25,150,63375
2025-09-24 14:35:00+05:30,424.95,427.85,424.95,426.25,225,63375
2025-09-24 14:36:00+05:30,432.05,433.8,432.05,433.7,525,63375
2025-09-24 14:37:00+05:30,435.85,435.85,435.85,435.85,75,63375
2025-09-24 14:38:00+05:30,437.45,437.5,437.45,437.5,375,63000
2025-09-24 14:39:00+05:30,440.0,440.0,437.75,437.75,150,63000
2025-09-24 14:40:00+05:30,437.75,437.75,437.75,437.75,0,63000
2025-09-24 14:41:00+05:30,432.15,432.15,426.7,426.7,2475,63300
2025-09-24 14:42:00+05:30,420.0,420.0,416.45,417.75,900,63300
2025-09-24 14:43:00+05:30,417.75,417.75,417.75,417.75,0,63300
2025-09-24 14:44:00+05:30,421.95,422.7,420.45,422.7,975,62250
2025-09-24 14:45:00+05:30,422.7,422.7,422.7,422.7,0,62250
2025-09-24 14:46:00+05:30,421.0,423.0,421.0,423.0,900,62250
2025-09-24 14:47:00+05:30,422.95,423.15,421.0,421.0,600,62250
2025-09-24 14:48:00+05:30,421.0,421.0,421.0,421.0,0,62250
2025-09-24 14:49:00+05:30,421.0,421.0,421.0,421.0,75,62250
2025-09-24 14:50:00+05:30,422.95,422.95,422.95,422.95,150,63150
2025-09-24 14:51:00+05:30,422.95,422.95,422.95,422.95,0,63150
2025-09-24 14:52:00+05:30,419.0,419.0,419.0,419.0,150,63150
2025-09-24 14:53:00+05:30,422.0,422.0,422.0,422.0,450,63300
2025-09-24 14:54:00+05:30,422.0,422.0,422.0,422.0,0,63300
2025-09-24 14:55:00+05:30,420.85,420.85,420.85,420.85,75,63000
2025-09-24 14:56:00+05:30,420.85,420.85,418.8,418.8,375,63000
2025-09-24 14:57:00+05:30,415.0,415.0,404.5,404.5,5250,63000
2025-09-24 14:58:00+05:30,400.8,401.45,398.55,399.3,1500,63525
2025-09-24 14:59:00+05:30,399.3,399.3,399.3,399.3,375,63525
2025-09-24 15:00:00+05:30,402.35,403.85,401.9,401.9,1425,63525
2025-09-24 15:01:00+05:30,401.15,401.45,390.0,390.0,1800,63525
2025-09-24 15:02:00+05:30,392.0,392.0,392.0,392.0,375,63150
2025-09-24 15:03:00+05:30,393.1,400.0,393.1,400.0,1875,63150
2025-09-24 15:04:00+05:30,403.4,411.15,403.4,409.95,4125,64875
2025-09-24 15:05:00+05:30,409.7,411.75,408.35,408.85,1800,64875
2025-09-24 15:06:00+05:30,410.15,410.15,405.55,405.55,1875,64875
2025-09-24 15:07:00+05:30,407.0,407.55,406.4,407.0,3225,70500
2025-09-24 15:08:00+05:30,407.0,408.0,401.95,403.5,3975,70500
2025-09-24 15:09:00+05:30,404.25,407.0,403.3,407.0,1875,70500
2025-09-24 15:10:00+05:30,404.75,405.05,402.35,402.6,1650,76200
2025-09-24 15:11:00+05:30,403.0,403.0,403.0,403.0,75,76200
2025-09-24 15:12:00+05:30,402.95,402.95,400.9,400.9,3225,76200
2025-09-24 15:13:00+05:30,402.5,402.5,402.5,402.5,75,76200
2025-09-24 15:14:00+05:30,405.0,405.0,405.0,405.0,1350,76500
2025-09-24 15:15:00+05:30,405.15,405.15,405.05,405.05,150,76500
2025-09-24 15:16:00+05:30,401.8,405.05,401.6,405.05,525,76500
2025-09-24 15:17:00+05:30,405.05,405.85,404.3,405.0,1200,78300
2025-09-24 15:18:00+05:30,406.05,406.05,406.05,406.05,75,78300
2025-09-24 15:19:00+05:30,404.3,404.3,404.3,404.3,75,78300
2025-09-24 15:20:00+05:30,406.8,409.6,406.8,406.85,2025,78375
2025-09-24 15:21:00+05:30,406.85,406.85,406.85,406.85,0,78375
2025-09-24 15:22:00+05:30,406.05,407.45,405.7,407.45,750,78375
2025-09-24 15:23:00+05:30,405.0,405.45,405.0,405.25,225,77250
2025-09-24 15:24:00+05:30,405.25,405.25,405.25,405.25,0,77250
2025-09-24 15:25:00+05:30,408.0,408.0,408.0,408.0,75,77250
2025-09-24 15:26:00+05:30,407.1,407.1,406.6,406.6,900,77175
2025-09-24 15:27:00+05:30,406.15,406.5,406.15,406.5,675,77175
2025-09-24 15:28:00+05:30,406.25,406.95,406.0,406.95,600,77175
2025-09-24 15:29:00+05:30,405.85,405.85,404.55,405.05,2025,77175
2025-09-25 09:15:00+05:30,370.05,370.05,351.4,353.7,3225,77625
2025-09-25 09:16:00+05:30,351.35,375.3,351.35,373.1,4650,77625
2025-09-25 09:17:00+05:30,369.0,373.35,366.85,372.85,3075,77625
2025-09-25 09:18:00+05:30,373.55,380.0,366.45,378.7,2400,79500
2025-09-25 09:19:00+05:30,382.75,386.85,376.0,384.95,900,79500
2025-09-25 09:20:00+05:30,382.95,393.8,382.95,393.25,4125,79500
2025-09-25 09:21:00+05:30,392.65,401.85,388.4,400.4,2700,80625
2025-09-25 09:22:00+05:30,397.45,409.8,397.45,409.8,1575,80625
2025-09-25 09:23:00+05:30,406.15,410.65,403.95,410.65,1500,80625
2025-09-25 09:24:00+05:30,409.45,410.85,403.55,410.85,2550,82125
2025-09-25 09:25:00+05:30,412.2,415.0,409.5,412.25,1050,82125
2025-09-25 09:26:00+05:30,413.2,414.6,408.55,411.5,3375,82125
2025-09-25 09:27:00+05:30,408.05,411.15,408.05,410.5,225,81975
2025-09-25 09:28:00+05:30,406.65,406.95,406.65,406.95,450,81975
2025-09-25 09:29:00+05:30,403.75,403.75,396.4,396.4,1425,81975
2025-09-25 09:30:00+05:30,392.85,395.0,388.55,388.55,525,81975
2025-09-25 09:31:00+05:30,396.05,405.15,396.05,405.15,375,82800
2025-09-25 09:32:00+05:30,406.0,407.7,392.8,392.8,2550,82800
2025-09-25 09:33:00+05:30,392.8,392.8,392.6,392.6,600,82875
2025-09-25 09:34:00+05:30,389.9,389.9,389.9,389.9,75,82875
2025-09-25 09:35:00+05:30,389.9,389.95,389.55,389.95,600,82875
2025-09-25 09:36:00+05:30,382.8,382.8,382.8,382.8,150,82875
2025-09-25 09:37:00+05:30,384.65,387.15,384.65,387.15,300,84000
2025-09-25 09:38:00+05:30,395.7,400.15,388.0,388.0,1425,84000
2025-09-25 09:39:00+05:30,393.45,402.0,393.45,402.0,600,84675
2025-09-25 09:40:00+05:30,402.9,402.95,399.75,402.95,1350,84675
2025-09-25 09:41:00+05:30,406.0,406.0,403.55,403.85,1050,84675
2025-09-25 09:42:00+05:30,392.0,392.0,392.0,392.0,75,84675
2025-09-25 09:43:00+05:30,387.6,388.0,382.8,382.8,600,85350
2025-09-25 09:44:00+05:30,382.8,383.75,380.3,380.3,525,85350
2025-09-25 09:45:00+05:30,380.0,380.0,374.3,374.3,2550,86400
2025-09-25 09:46:00+05:30,373.9,376.0,373.9,374.4,525,86400
2025-09-25 09:47:00+05:30,374.5,375.0,370.0,370.2,1500,86400
2025-09-25 09:48:00+05:30,372.25,372.25,370.2,370.2,225,87525
2025-09-25 09:49:00+05:30,374.0,377.95,374.0,377.95,225,87525
2025-09-25 09:50:00+05:30,377.4,377.4,372.45,372.45,1725,87525
2025-09-25 09:51:00+05:30,378.35,379.85,378.35,379.85,225,87975
2025-09-25 09:52:00+05:30,379.85,383.4,377.15,377.15,1575,87975
2025-09-25 09:53:00+05:30,376.65,383.55,376.65,383.5,450,87975
2025-09-25 09:54:00+05:30,381.0,381.0,381.0,381.0,75,87975
2025-09-25 09:55:00+05:30,381.0,381.45,381.0,381.45,975,88200
2025-09-25 09:56:00+05:30,382.0,382.7,381.45,382.7,1275,88200
2025-09-25 09:57:00+05:30,385.0,386.95,383.1,386.6,2400,89625
2025-09-25 09:58:00+05:30,386.6,389.3,386.6,389.3,1050,89625
2025-09-25 09:59:00+05:30,386.5,386.8,386.5,386.8,750,89625
2025-09-25 10:00:00+05:30,382.15,385.15,382.15,385.15,300,89625
2025-09-25 10:01:00+05:30,380.0,382.95,377.85,377.85,225,90300
2025-09-25 10:02:00+05:30,378.95,378.95,378.0,378.0,375,90300
2025-09-25 10:03:00+05:30,373.6,373.6,371.45,371.45,900,90600
2025-09-25 10:04:00+05:30,369.2,370.5,368.7,370.5,2400,90600
2025-09-25 10:05:00+05:30,370.7,370.85,366.0,366.7,1050,90600
2025-09-25 10:06:00+05:30,367.4,367.4,367.2,367.2,675,90600
2025-09-25 10:07:00+05:30,367.0,369.25,367.0,369.25,300,92475
2025-09-25 10:08:00+05:30,369.25,369.25,369.25,369.25,300,92475
2025-09-25 10:09:00+05:30,372.0,372.0,372.0,372.0,75,92475
2025-09-25 10:10:00+05:30,373.0,374.35,372.95,373.7,600,92325
2025-09-25 10:11:00+05:30,373.7,373.7,373.7,373.7,0,92325
2025-09-25 10:12:00+05:30,371.9,373.0,371.7,373.0,1125,92925
2025-09-25 10:13:00+05:30,373.0,373.0,370.0,370.0,150,92925
2025-09-25 10:14:00+05:30,368.45,368.45,365.0,366.1,1800,92925
2025-09-25 10:15:00+05:30,365.0,366.1,365.0,366.1,375,92925
2025-09-25 10:16:00+05:30,366.1,366.1,366.1,366.1,0,92925
2025-09-25 10:17:00+05:30,366.1,366.1,366.1,366.1,0,92925
2025-09-25 10:18:00+05:30,366.1,366.1,366.1,366.1,0,92925
2025-09-25 10:19:00+05:30,369.2,369.2,369.2,369.2,750,93975
2025-09-25 10:20:00+05:30,371.45,374.05,371.45,374.05,300,93975
2025-09-25 10:21:00+05:30,375.85,375.85,375.85,375.85,75,93975
2025-09-25 10:22:00+05:30,375.85,375.85,375.85,375.85,0,93975
2025-09-25 10:23:00+05:30,375.85,375.85,375.85,375.85,0,93975
2025-09-25 10:24:00+05:30,369.55,369.55,369.15,369.55,225,94125
2025-09-25 10:25:00+05:30,370.15,370.45,370.15,370.45,150,94125
2025-09-25 10:26:00+05:30,370.45,370.45,370.45,370.45,0,94125
2025-09-25 10:27:00+05:30,370.45,370.45,370.45,370.45,0,94125
2025-09-25 10:28:00+05:30,370.45,371.05,370.45,371.05,300,94200
2025-09-25 10:29:00+05:30,371.05,371.05,371.05,371.05,0,94200
2025-09-25 10:30:00+05:30,373.45,373.45,373.45,373.45,75,94200
2025-09-25 10:31:00+05:30,378.4,378.4,377.7,377.7,300,94575
2025-09-25 10:32:00+05:30,370.0,370.0,370.0,370.0,75,94575
2025-09-25 10:33:00+05:30,374.0,374.0,366.8,366.8,1800,94575
2025-09-25 10:34:00+05:30,370.0,370.0,368.0,368.0,600,95175
2025-09-25 10:35:00+05:30,362.7,365.0,357.1,357.1,2100,95175
2025-09-25 10:36:00+05:30,356.55,356.55,346.85,346.85,3450,97350
2025-09-25 10:37:00+05:30,346.0,349.9,345.55,349.9,1500,97350
2025-09-25 10:38:00+05:30,351.0,352.5,348.0,348.0,7350,97350
2025-09-25 10:39:00+05:30,347.85,348.2,347.65,348.2,2925,97350
2025-09-25 10:40:00+05:30,349.4,356.15,349.4,354.55,3225,104025
2025-09-25 10:41:00+05:30,353.0,353.1,345.5,345.5,3675,104025
2025-09-25 10:42:00+05:30,346.0,350.0,346.0,350.0,3675,108225
2025-09-25 10:43:00+05:30,347.5,350.0,347.0,347.0,5625,108225
2025-09-25 10:44:00+05:30,346.6,347.1,345.5,346.1,5025,108225
2025-09-25 10:45:00+05:30,345.8,346.7,343.9,345.95,3975,108225
2025-09-25 10:46:00+05:30,345.05,346.3,342.0,344.9,6675,120900
2025-09-25 10:47:00+05:30,344.4,350.55,344.4,348.9,525,120900
2025-09-25 10:48:00+05:30,351.0,351.95,350.2,351.95,375,120900
2025-09-25 10:49:00+05:30,353.8,353.95,351.7,351.7,1425,125625
2025-09-25 10:50:00+05:30,353.9,354.9,353.85,354.9,300,125625
2025-09-25 10:51:00+05:30,355.2,358.25,355.2,358.1,3525,125625
2025-09-25 10:52:00+05:30,358.1,359.0,355.85,358.65,2850,125625
2025-09-25 10:53:00+05:30,357.5,358.2,357.5,358.2,1650,125625
2025-09-25 10:54:00+05:30,358.2,358.2,358.2,358.2,0,125625
2025-09-25 10:55:00+05:30,357.15,357.15,355.0,355.0,150,126900
2025-09-25 10:56:00+05:30,352.1,352.1,350.6,350.6,825,126900
2025-09-25 10:57:00+05:30,350.0,351.3,350.0,351.3,1650,127425
2025-09-25 10:58:00+05:30,353.0,353.0,353.0,353.0,150,127425
2025-09-25 10:59:00+05:30,353.5,353.5,351.5,352.2,750,127425
2025-09-25 11:00:00+05:30,358.6,358.65,355.25,355.25,675,127425
2025-09-25 11:01:00+05:30,350.25,350.25,350.25,350.25,450,128325
2025-09-25 11:02:00+05:30,350.0,350.0,349.05,349.05,150,128325
2025-09-25 11:03:00+05:30,349.05,349.05,348.65,348.65,150,128325
2025-09-25 11:04:00+05:30,352.0,352.0,351.3,351.3,150,128850
2025-09-25 11:05:00+05:30,350.85,350.85,350.5,350.5,750,128850
2025-09-25 11:06:00+05:30,356.6,358.25,356.55,356.55,2100,128850
2025-09-25 11:07:00+05:30,356.05,356.5,354.45,354.45,1650,131475
2025-09-25 11:08:00+05:30,353.6,354.3,353.6,354.0,2100,131475
2025-09-25 11:09:00+05:30,351.65,355.95,351.65,355.95,1725,131475
2025-09-25 11:10:00+05:30,355.95,355.95,355.95,355.95,0,131475
2025-09-25 11:11:00+05:30,358.0,362.85,358.0,362.85,3000,136050
2025-09-25 11:12:00+05:30,362.75,364.9,362.55,364.15,1950,136050
2025-09-25 11:13:00+05:30,364.45,368.0,364.45,365.05,3075,137175
2025-09-25 11:14:00+05:30,368.0,369.0,365.85,366.05,750,137175
2025-09-25 11:15:00+05:30,367.35,369.7,367.35,369.7,150,137175
2025-09-25 11:16:00+05:30,368.65,368.7,364.65,364.65,1200,138450
2025-09-25 11:17:00+05:30,364.1,365.0,364.0,365.0,1200,138450
2025-09-25 11:18:00+05:30,365.0,365.05,365.0,365.05,150,138450
2025-09-25 11:19:00+05:30,365.05,365.05,365.05,365.05,0,138450
2025-09-25 11:20:00+05:30,364.7,365.65,364.7,365.65,225,140475
2025-09-25 11:21:00+05:30,364.4,373.45,364.4,373.45,675,140475
2025-09-25 11:22:00+05:30,376.5,377.0,373.9,377.0,2175,140400
2025-09-25 11:23:00+05:30,376.5,376.8,374.4,374.4,525,140400
2025-09-25 11:24:00+05:30,370.0,370.0,369.9,369.9,150,140400
2025-09-25 11:25:00+05:30,369.9,369.9,368.35,368.35,225,140250
2025-09-25 11:26:00+05:30,366.9,366.9,364.4,364.4,300,140250
2025-09-25 11:27:00+05:30,360.0,360.0,355.5,356.7,1125,140250
2025-09-25 11:28:00+05:30,355.65,357.55,355.0,357.55,525,140250
2025-09-25 11:29:00+05:30,357.95,366.3,357.95,365.0,1350,140250
2025-09-25 11:30:00+05:30,365.0,365.0,365.0,365.0,0,140250
2025-09-25 11:31:00+05:30,360.05,360.05,360.05,360.05,600,140250
2025-09-25 11:32:00+05:30,362.3,362.4,362.3,362.4,150,140250
2025-09-25 11:33:00+05:30,362.4,362.4,362.4,362.4,0,140250
2025-09-25 11:34:00+05:30,362.4,362.4,362.4,362.4,0,140250
2025-09-25 11:35:00+05:30,359.0,359.0,359.0,359.0,75,139650
2025-09-25 11:36:00+05:30,358.8,358.8,356.0,356.45,1800,139650
2025-09-25 11:37:00+05:30,358.0,358.0,358.0,358.0,225,139875
2025-09-25 11:38:00+05:30,356.95,357.25,354.0,354.0,525,139875
2025-09-25 11:39:00+05:30,354.0,354.0,354.0,354.0,75,139875
2025-09-25 11:40:00+05:30,352.65,354.5,352.5,352.55,525,140025
2025-09-25 11:41:00+05:30,350.0,350.0,348.8,348.8,2250,140025
2025-09-25 11:42:00+05:30,347.0,347.4,339.45,339.45,1275,140025
2025-09-25 11:43:00+05:30,338.1,339.85,334.3,339.0,4950,140325
2025-09-25 11:44:00+05:30,339.05,339.05,335.55,337.4,225,140325
2025-09-25 11:45:00+05:30,337.95,338.55,337.95,338.55,900,140325
2025-09-25 11:46:00+05:30,337.4,337.4,335.0,335.0,300,140475
2025-09-25 11:47:00+05:30,337.15,337.9,337.0,337.1,1050,140475
2025-09-25 11:48:00+05:30,340.7,342.9,340.15,342.9,375,140475
2025-09-25 11:49:00+05:30,344.65,345.5,340.6,340.95,2475,141075
2025-09-25 11:50:00+05:30,339.8,341.45,335.0,335.0,1575,141075
2025-09-25 11:51:00+05:30,334.5,334.95,331.85,332.9,6150,141075
2025-09-25 11:52:00+05:30,332.3,334.95,329.5,334.95,5025,142875
2025-09-25 11:53:00+05:30,333.55,337.75,333.55,337.75,1650,142875
2025-09-25 11:54:00+05:30,337.1,338.0,337.1,338.0,150,142875
2025-09-25 11:55:00+05:30,338.5,340.0,338.5,340.0,3600,146625
2025-09-25 11:56:00+05:30,341.0,343.4,338.0,338.25,1725,146625
2025-09-25 11:57:00+05:30,340.1,340.35,339.25,339.25,600,146625
2025-09-25 11:58:00+05:30,342.75,342.75,337.65,337.65,150,146250
2025-09-25 11:59:00+05:30,338.85,340.35,336.45,336.45,300,146250
2025-09-25 12:00:00+05:30,336.45,337.3,334.3,337.3,1350,146250
2025-09-25 12:01:00+05:30,337.05,338.8,337.0,337.05,825,146625
2025-09-25 12:02:00+05:30,337.3,338.1,336.1,336.1,3375,146625
2025-09-25 12:03:00+05:30,334.6,334.6,332.55,332.55,525,146625
2025-09-25 12:04:00+05:30,335.35,335.9,335.35,335.85,375,148725
2025-09-25 12:05:00+05:30,336.6,336.6,334.45,336.1,225,148725
2025-09-25 12:06:00+05:30,335.0,335.65,325.85,328.35,3150,148725
2025-09-25 12:07:00+05:30,325.9,328.95,322.85,322.85,3225,149250
2025-09-25 12:08:00+05:30,323.9,326.45,323.4,325.1,6300,149250
2025-09-25 12:09:00+05:30,323.6,328.95,321.0,324.7,1575,149250
2025-09-25 12:10:00+05:30,325.15,330.0,325.15,330.0,1575,152100
2025-09-25 12:11:00+05:30,331.2,335.45,331.2,332.95,2925,152100
2025-09-25 12:12:00+05:30,332.65,334.25,332.65,334.25,300,152100
2025-09-25 12:13:00+05:30,334.7,334.75,330.35,333.45,2100,151950
2025-09-25 12:14:00+05:30,332.6,332.6,332.4,332.4,525,151950
2025-09-25 12:15:00+05:30,330.0,331.15,330.0,330.85,1275,151950
2025-09-25 12:16:00+05:30,330.6,333.95,330.6,333.95,825,152625
2025-09-25 12:17:00+05:30,331.3,334.95,331.3,334.4,1425,152625
2025-09-25 12:18:00+05:30,335.35,335.35,334.3,335.25,900,152625
2025-09-25 12:19:00+05:30,335.25,335.25,335.25,335.25,0,152625
2025-09-25 12:20:00+05:30,337.25,337.25,335.25,335.7,450,152925
2025-09-25 12:21:00+05:30,335.95,339.0,335.95,338.65,825,152925
2025-09-25 12:22:00+05:30,338.65,342.8,338.65,340.55,2775,152325
2025-09-25 12:23:00+05:30,335.9,336.2,335.5,336.2,975,152325
2025-09-25 12:24:00+05:30,334.0,334.0,328.7,329.35,225,152325
2025-09-25 12:25:00+05:30,329.8,331.0,329.8,330.45,375,152325
2025-09-25 12:26:00+05:30,332.95,332.95,331.85,332.1,1125,152325
2025-09-25 12:27:00+05:30,330.0,330.0,328.4,330.0,300,152325
2025-09-25 12:28:00+05:30,334.75,334.75,332.8,333.0,450,153300
2025-09-25 12:29:00+05:30,334.2,334.2,334.2,334.2,75,153300
2025-09-25 12:30:00+05:30,330.0,330.0,327.5,327.95,1050,153300
2025-09-25 12:31:00+05:30,328.3,330.65,328.3,330.25,300,152700
2025-09-25 12:32:00+05:30,330.8,332.45,330.6,332.45,225,152700
2025-09-25 12:33:00+05:30,332.45,332.45,330.55,330.85,900,152700
2025-09-25 12:34:00+05:30,330.85,331.85,330.0,330.65,450,152850
2025-09-25 12:35:00+05:30,330.85,330.85,330.85,330.85,75,152850
2025-09-25 12:36:00+05:30,334.05,335.6,334.05,335.6,450,152850
2025-09-25 12:37:00+05:30,334.25,334.25,333.2,333.2,1050,153075
2025-09-25 12:38:00+05:30,332.55,333.5,332.55,333.35,300,153075
2025-09-25 12:39:00+05:30,333.15,333.15,333.15,333.15,75,153075
2025-09-25 12:40:00+05:30,335.0,337.05,335.0,337.05,1125,153150
2025-09-25 12:41:00+05:30,335.0,335.0,333.7,333.7,525,153150
2025-09-25 12:42:00+05:30,330.0,330.0,328.9,328.9,600,153150
2025-09-25 12:43:00+05:30,328.8,328.8,320.0,320.0,2100,153675
2025-09-25 12:44:00+05:30,319.25,321.5,318.65,318.95,4950,153675
2025-09-25 12:45:00+05:30,320.45,325.0,320.45,325.0,2700,153675
2025-09-25 12:46:00+05:30,323.7,326.5,323.7,326.2,1125,158100
2025-09-25 12:47:00+05:30,327.0,327.55,326.9,326.9,375,158100
2025-09-25 12:48:00+05:30,325.05,325.05,323.55,323.8,1200,158100
2025-09-25 12:49:00+05:30,323.5,324.25,323.5,324.15,525,158700
2025-09-25 12:50:00+05:30,326.15,328.0,324.2,328.0,900,158700
2025-09-25 12:51:00+05:30,328.5,328.5,328.5,328.5,75,158700
2025-09-25 12:52:00+05:30,328.55,330.4,328.55,329.35,225,160050
2025-09-25 12:53:00+05:30,330.7,333.2,330.6,333.05,1275,160050
2025-09-25 12:54:00+05:30,334.75,334.75,333.65,333.95,1050,160050
2025-09-25 12:55:00+05:30,334.6,334.6,332.0,332.0,525,161550
2025-09-25 12:56:00+05:30,330.5,330.85,329.7,330.85,525,161550
2025-09-25 12:57:00+05:30,334.6,336.45,334.6,336.45,1275,161550
2025-09-25 12:58:00+05:30,339.0,339.0,337.4,338.95,450,161550
2025-09-25 12:59:00+05:30,337.0,337.0,337.0,337.0,300,161550
2025-09-25 13:00:00+05:30,338.65,338.65,337.7,337.7,375,161550
2025-09-25 13:01:00+05:30,337.8,337.8,336.05,337.65,750,161400
2025-09-25 13:02:00+05:30,336.55,342.85,336.55,342.4,1425,161400
2025-09-25 13:03:00+05:30,344.5,345.0,340.55,345.0,1725,161400
2025-09-25 13:04:00+05:30,343.45,345.1,343.45,344.8,1650,160950
2025-09-25 13:05:00+05:30,346.35,349.0,346.15,348.0,1425,160950
2025-09-25 13:06:00+05:30,348.0,349.65,348.0,349.25,525,160950
2025-09-25 13:07:00+05:30,349.55,351.0,347.8,347.8,1575,160575
2025-09-25 13:08:00+05:30,347.2,348.5,347.2,348.5,150,160575
2025-09-25 13:09:00+05:30,350.85,353.2,350.0,350.0,2400,160575
2025-09-25 13:10:00+05:30,352.0,353.35,350.8,351.9,600,160425
2025-09-25 13:11:00+05:30,352.15,352.15,351.5,352.15,750,160425
2025-09-25 13:12:00+05:30,350.35,350.35,348.95,350.2,2025,160425
2025-09-25 13:13:00+05:30,348.4,350.0,348.25,348.25,300,160875
2025-09-25 13:14:00+05:30,345.0,345.0,342.0,342.0,975,160875
2025-09-25 13:15:00+05:30,342.15,343.55,336.25,338.0,1425,160875
2025-09-25 13:16:00+05:30,337.2,338.0,332.45,332.45,1275,162825
2025-09-25 13:17:00+05:30,333.25,334.9,330.85,330.85,1200,162825
2025-09-25 13:18:00+05:30,334.0,335.95,334.0,335.95,675,162825
2025-09-25 13:19:00+05:30,341.1,341.7,341.1,341.65,375,163500
2025-09-25 13:20:00+05:30,342.9,342.9,336.7,336.7,375,163500
2025-09-25 13:21:00+05:30,336.7,336.7,336.7,336.7,0,163500
2025-09-25 13:22:00+05:30,333.5,333.5,331.7,332.45,450,163575
2025-09-25 13:23:00+05:30,331.1,331.1,329.05,329.5,375,163575
2025-09-25 13:24:00+05:30,329.0,329.2,328.25,329.2,525,163575
2025-09-25 13:25:00+05:30,329.15,329.85,328.35,329.85,300,164100
2025-09-25 13:26:00+05:30,329.7,330.3,329.7,330.3,375,164100
2025-09-25 13:27:00+05:30,332.35,332.35,332.3,332.3,150,164100
2025-09-25 13:28:00+05:30,332.95,333.5,330.0,330.45,750,164175
2025-09-25 13:29:00+05:30,331.65,334.15,331.65,333.8,2325,164175
2025-09-25 13:30:00+05:30,333.3,333.55,332.75,332.75,300,164175
2025-09-25 13:31:00+05:30,332.75,334.85,332.45,334.85,450,162225
2025-09-25 13:32:00+05:30,338.45,340.65,337.65,340.65,1800,162225
2025-09-25 13:33:00+05:30,338.5,343.7,338.5,343.0,1425,162225
2025-09-25 13:34:00+05:30,343.7,343.7,343.7,343.7,75,162225
2025-09-25 13:35:00+05:30,336.2,337.1,336.2,337.1,150,162375
2025-09-25 13:36:00+05:30,338.6,338.6,338.6,338.6,1125,162375
2025-09-25 13:37:00+05:30,340.2,340.2,340.2,340.2,75,162375
2025-09-25 13:38:00+05:30,340.8,340.8,340.8,340.8,75,162375
2025-09-25 13:39:00+05:30,340.8,340.8,340.5,340.5,225,162375
2025-09-25 13:40:00+05:30,342.0,342.0,341.25,342.0,300,162375
2025-09-25 13:41:00+05:30,341.45,342.3,341.45,342.3,150,162375
2025-09-25 13:42:00+05:30,342.0,342.0,342.0,342.0,75,162375
2025-09-25 13:43:00+05:30,344.85,345.3,344.85,345.25,525,162075
2025-09-25 13:44:00+05:30,346.0,347.35,346.0,347.35,300,162075
2025-09-25 13:45:00+05:30,347.75,350.0,347.75,350.0,900,162075
2025-09-25 13:46:00+05:30,350.0,352.3,350.0,352.3,900,161475
2025-09-25 13:47:00+05:30,352.3,352.3,352.3,352.3,225,161475
2025-09-25 13:48:00+05:30,351.95,352.25,349.25,349.25,1650,161475
2025-09-25 13:49:00+05:30,352.0,352.0,352.0,352.0,150,161100
2025-09-25 13:50:00+05:30,349.8,351.25,349.8,349.85,525,161100
2025-09-25 13:51:00+05:30,349.85,349.85,349.85,349.85,0,161100
2025-09-25 13:52:00+05:30,344.0,344.0,340.8,342.55,1200,161100
2025-09-25 13:53:00+05:30,345.0,345.0,345.0,345.0,75,161100
2025-09-25 13:54:00+05:30,343.6,343.6,341.55,341.55,225,161100
2025-09-25 13:55:00+05:30,343.0,345.55,343.0,345.55,1725,162225
2025-09-25 13:56:00+05:30,341.75,341.95,341.75,341.95,750,162225
2025-09-25 13:57:00+05:30,338.0,338.0,335.15,335.65,375,162225
2025-09-25 13:58:00+05:30,336.2,337.75,336.0,336.0,1050,162825
2025-09-25 13:59:00+05:30,336.15,338.6,336.15,338.6,375,162825
2025-09-25 14:00:00+05:30,336.9,336.9,336.9,336.9,75,162825
2025-09-25 14:01:00+05:30,333.65,333.65,333.65,333.65,75,162825
2025-09-25 14:02:00+05:30,333.2,333.2,330.75,330.75,300,163050
2025-09-25 14:03:00+05:30,331.6,331.6,330.0,330.0,375,163050
2025-09-25 14:04:00+05:30,331.85,331.85,327.6,328.4,1500,163050
2025-09-25 14:05:00+05:30,332.3,332.45,331.4,331.4,825,163125
2025-09-25 14:06:00+05:30,335.7,336.15,331.0,331.0,1050,163125
2025-09-25 14:07:00+05:30,331.35,332.85,331.25,331.35,675,163800
2025-09-25 14:08:00+05:30,331.35,331.35,331.35,331.35,0,163800
2025-09-25 14:09:00+05:30,327.55,328.45,324.85,326.2,2925,163800
2025-09-25 14:10:00+05:30,326.8,327.45,326.35,327.45,450,164100
2025-09-25 14:11:00+05:30,325.0,325.0,317.05,318.5,5175,164100
2025-09-25 14:12:00+05:30,318.1,320.65,315.7,320.35,6525,164100
2025-09-25 14:13:00+05:30,322.0,324.5,322.0,324.5,1500,167700
2025-09-25 14:14:00+05:30,324.2,325.5,323.0,325.0,1200,167700
2025-09-25 14:15:00+05:30,325.45,329.7,325.45,329.7,6525,167700
2025-09-25 14:16:00+05:30,325.85,327.65,325.85,327.65,450,167700
2025-09-25 14:17:00+05:30,327.5,328.75,327.0,327.0,1200,167475
2025-09-25 14:18:00+05:30,325.0,325.3,324.3,324.8,450,167475
2025-09-25 14:19:00+05:30,324.75,327.0,324.7,326.9,1575,167475
2025-09-25 14:20:00+05:30,327.2,328.1,327.2,328.1,1800,167175
2025-09-25 14:21:00+05:30,328.1,328.1,328.1,328.1,0,167175
2025-09-25 14:22:00+05:30,324.5,328.4,324.5,328.4,300,167100
2025-09-25 14:23:00+05:30,329.95,329.95,329.35,329.55,225,167100
2025-09-25 14:24:00+05:30,325.95,326.0,320.35,321.0,2775,167100
2025-09-25 14:25:00+05:30,321.65,322.7,317.8,322.7,4650,168075
2025-09-25 14:26:00+05:30,323.0,329.85,323.0,329.8,1200,168075
2025-09-25 14:27:00+05:30,330.6,333.15,330.0,331.35,4875,168075
2025-09-25 14:28:00+05:30,325.15,325.55,323.6,323.6,4500,170325
2025-09-25 14:29:00+05:30,323.6,323.6,321.0,321.0,1200,170325
2025-09-25 14:30:00+05:30,320.0,324.8,318.0,324.8,2025,170325
2025-09-25 14:31:00+05:30,323.0,324.05,321.0,321.5,975,169575
2025-09-25 14:32:00+05:30,323.4,323.4,321.3,321.3,825,169575
2025-09-25 14:33:00+05:30,322.8,322.95,319.25,319.25,1050,169575
2025-09-25 14:34:00+05:30,320.0,320.0,316.0,316.0,3825,172425
2025-09-25 14:35:00+05:30,315.0,315.0,310.0,310.0,6825,172425
2025-09-25 14:36:00+05:30,311.15,313.75,306.7,307.85,8175,172425
2025-09-25 14:37:00+05:30,309.2,313.0,308.5,313.0,3000,176400
2025-09-25 14:38:00+05:30,313.35,318.35,313.35,318.0,3075,176400
2025-09-25 14:39:00+05:30,321.0,322.1,318.5,318.5,1500,176400
2025-09-25 14:40:00+05:30,316.0,316.0,315.0,315.9,1425,177525
2025-09-25 14:41:00+05:30,316.65,319.0,316.25,318.5,2100,177525
2025-09-25 14:42:00+05:30,314.6,314.95,314.6,314.95,675,177525
2025-09-25 14:43:00+05:30,314.35,314.65,313.0,313.0,3525,181050
2025-09-25 14:44:00+05:30,313.35,313.35,310.75,311.0,675,181050
2025-09-25 14:45:00+05:30,311.5,311.5,310.0,311.25,2250,181050
2025-09-25 14:46:00+05:30,313.15,314.2,311.0,311.0,1200,182700
2025-09-25 14:47:00+05:30,311.7,311.8,310.0,311.3,3825,182700
2025-09-25 14:48:00+05:30,311.3,311.8,311.0,311.55,1125,182700
2025-09-25 14:49:00+05:30,312.55,315.45,312.35,313.75,1875,186675
2025-09-25 14:50:00+05:30,313.75,314.05,313.75,314.05,225,186675
2025-09-25 14:51:00+05:30,310.0,310.0,303.25,304.15,8175,186675
2025-09-25 14:52:00+05:30,307.2,307.85,306.25,306.85,1575,191625
2025-09-25 14:53:00+05:30,307.45,310.35,307.45,310.15,3375,191625
2025-09-25 14:54:00+05:30,308.65,311.0,307.8,311.0,2550,191625
2025-09-25 14:55:00+05:30,311.0,311.0,307.0,307.15,2625,191625
2025-09-25 14:56:00+05:30,307.15,308.0,306.0,307.0,3525,193575
2025-09-25 14:57:00+05:30,305.0,306.05,302.45,303.45,6225,193575
2025-09-25 14:58:00+05:30,303.45,308.45,303.45,306.15,2775,198150
2025-09-25 14:59:00+05:30,306.05,306.2,302.15,305.0,4500,198150
2025-09-25 15:00:00+05:30,304.3,305.2,298.85,302.65,7125,198150
2025-09-25 15:01:00+05:30,303.05,303.4,301.0,301.0,3450,200550
2025-09-25 15:02:00+05:30,300.0,300.0,290.0,295.6,7425,200550
2025-09-25 15:03:00+05:30,295.2,295.35,288.0,288.0,8925,200550
2025-09-25 15:04:00+05:30,289.45,292.0,287.35,288.5,6750,207000
2025-09-25 15:05:00+05:30,289.9,291.5,285.0,288.75,10650,207000
2025-09-25 15:06:00+05:30,288.85,290.1,285.3,285.3,7425,207000
2025-09-25 15:07:00+05:30,285.45,289.9,283.6,289.7,8775,211350
2025-09-25 15:08:00+05:30,289.1,290.0,285.9,286.0,4950,211350
2025-09-25 15:09:00+05:30,286.35,286.95,285.0,286.95,8025,211350
2025-09-25 15:10:00+05:30,285.0,289.0,285.0,288.0,2475,219075
2025-09-25 15:11:00+05:30,290.0,295.0,289.9,292.6,12600,219075
2025-09-25 15:12:00+05:30,293.0,295.0,291.3,294.2,7050,219075
2025-09-25 15:13:00+05:30,294.8,294.8,285.4,285.4,6675,221175
2025-09-25 15:14:00+05:30,287.2,288.5,284.0,284.9,2700,221175
2025-09-25 15:15:00+05:30,285.4,293.0,285.4,292.4,1650,221175
2025-09-25 15:16:00+05:30,293.25,295.5,293.25,295.35,6975,224400
2025-09-25 15:17:00+05:30,295.0,296.4,294.0,294.55,11475,224400
2025-09-25 15:18:00+05:30,293.75,297.7,292.8,296.5,4800,224400
2025-09-25 15:19:00+05:30,297.4,301.0,297.0,297.0,11625,220725
2025-09-25 15:20:00+05:30,296.75,299.0,294.0,294.0,3975,220725
2025-09-25 15:21:00+05:30,293.85,293.85,291.0,291.0,3225,220725
2025-09-25 15:22:00+05:30,290.0,290.0,286.9,286.9,3225,221475
2025-09-25 15:23:00+05:30,289.0,295.5,288.55,293.85,4350,221475
2025-09-25 15:24:00+05:30,296.3,296.65,292.95,292.95,4725,221475
2025-09-25 15:25:00+05:30,293.1,294.85,292.25,293.15,8100,223575
2025-09-25 15:26:00+05:30,292.75,293.55,292.0,292.2,5025,223575
2025-09-25 15:27:00+05:30,291.4,291.4,288.55,289.95,6450,223575
2025-09-25 15:28:00+05:30,289.75,290.65,288.3,289.1,6000,225825
2025-09-25 15:29:00+05:30,290.0,290.0,285.0,285.05,3525,225825
2025-09-26 09:15:00+05:30,233.85,250.1,231.0,231.25,81675,252000
2025-09-26 09:16:00+05:30,231.0,235.9,225.0,234.95,107775,252000
2025-09-26 09:17:00+05:30,235.15,242.35,231.7,238.0,42825,252000
2025-09-26 09:18:00+05:30,238.0,239.85,230.85,233.8,28350,310425
2025-09-26 09:19:00+05:30,235.5,237.7,225.25,226.6,39300,310425
2025-09-26 09:20:00+05:30,226.45,227.25,214.2,214.2,56475,310425
2025-09-26 09:21:00+05:30,214.0,214.5,208.2,208.95,54300,368400
2025-09-26 09:22:00+05:30,209.7,220.0,209.7,217.45,78375,368400
2025-09-26 09:23:00+05:30,217.0,226.5,215.4,225.1,44550,368400
2025-09-26 09:24:00+05:30,225.5,225.85,222.0,223.75,49950,399825
2025-09-26 09:25:00+05:30,222.5,227.0,221.7,221.7,28500,399825
2025-09-26 09:26:00+05:30,221.0,223.3,215.75,220.3,44775,399825
2025-09-26 09:27:00+05:30,218.45,219.9,211.5,211.5,30450,413100
2025-09-26 09:28:00+05:30,212.05,215.3,208.7,208.7,48825,413100
2025-09-26 09:29:00+05:30,208.95,211.4,208.35,209.0,24825,413100
2025-09-26 09:30:00+05:30,208.5,210.5,202.2,202.5,52725,452325
2025-09-26 09:31:00+05:30,202.65,205.3,199.3,201.9,63300,452325
2025-09-26 09:32:00+05:30,201.2,204.3,199.25,203.4,36900,452325
2025-09-26 09:33:00+05:30,203.0,206.9,202.5,202.5,32850,491175
2025-09-26 09:34:00+05:30,203.0,205.0,202.3,205.0,11625,491175
2025-09-26 09:35:00+05:30,204.4,205.7,202.3,204.15,17625,491175
2025-09-26 09:36:00+05:30,204.05,208.8,203.5,203.5,29775,510375
2025-09-26 09:37:00+05:30,203.0,203.0,194.8,196.35,60300,510375
2025-09-26 09:38:00+05:30,195.9,198.25,194.25,194.6,32625,510375
2025-09-26 09:39:00+05:30,194.0,204.95,193.75,203.65,42600,538950
2025-09-26 09:40:00+05:30,203.6,207.5,201.0,205.35,31650,538950
2025-09-26 09:41:00+05:30,205.0,208.45,203.2,204.45,24975,538950
2025-09-26 09:42:00+05:30,204.6,208.25,204.6,207.0,25350,550950
2025-09-26 09:43:00+05:30,206.95,210.55,205.0,206.4,28875,550950
2025-09-26 09:44:00+05:30,206.6,208.1,204.5,206.7,26325,550950
2025-09-26 09:45:00+05:30,206.7,208.25,204.0,204.1,39450,568875
2025-09-26 09:46:00+05:30,203.9,214.0,203.55,213.55,35325,568875
2025-09-26 09:47:00+05:30,213.45,216.65,212.4,213.4,49950,568875
2025-09-26 09:48:00+05:30,214.2,222.1,212.0,220.3,74175,556275
2025-09-26 09:49:00+05:30,220.0,220.4,217.3,219.45,29550,556275
2025-09-26 09:50:00+05:30,219.3,222.0,217.5,219.0,45675,556275
2025-09-26 09:51:00+05:30,219.05,219.9,215.4,218.55,36150,536550
2025-09-26 09:52:00+05:30,218.0,218.3,210.85,214.2,30450,536550
2025-09-26 09:53:00+05:30,214.4,219.9,213.7,217.65,22425,536550
2025-09-26 09:54:00+05:30,217.15,217.45,212.9,214.35,12450,551850
2025-09-26 09:55:00+05:30,214.6,216.1,209.05,212.6,31200,551850
2025-09-26 09:56:00+05:30,212.6,220.6,212.6,218.0,26625,551850
2025-09-26 09:57:00+05:30,217.0,224.05,216.6,221.8,32325,565125
2025-09-26 09:58:00+05:30,222.0,223.8,219.0,220.65,23925,565125
2025-09-26 09:59:00+05:30,220.25,220.95,215.05,216.5,17775,565125
2025-09-26 10:00:00+05:30,216.8,217.4,208.95,211.65,29475,570150
2025-09-26 10:01:00+05:30,211.8,213.15,209.7,210.0,29925,570150
2025-09-26 10:02:00+05:30,210.0,212.5,209.0,210.4,16125,570150
2025-09-26 10:03:00+05:30,210.0,210.5,206.8,209.95,22725,595875
2025-09-26 10:04:00+05:30,209.45,212.3,208.85,209.05,15450,595875
2025-09-26 10:05:00+05:30,209.45,211.15,207.5,207.6,9300,595875
2025-09-26 10:06:00+05:30,208.45,208.5,205.95,206.15,14175,607350
2025-09-26 10:07:00+05:30,206.15,206.65,203.15,204.8,16650,607350
2025-09-26 10:08:00+05:30,205.05,205.05,202.0,202.55,15375,607350
2025-09-26 10:09:00+05:30,203.8,205.8,202.9,204.0,18525,616650
2025-09-26 10:10:00+05:30,203.7,204.5,202.0,204.35,17400,616650
2025-09-26 10:11:00+05:30,204.35,206.0,203.95,204.8,14400,616650
2025-09-26 10:12:00+05:30,205.25,205.5,202.85,203.0,16200,636975
2025-09-26 10:13:00+05:30,203.0,203.0,200.55,201.2,21675,636975
2025-09-26 10:14:00+05:30,202.0,205.45,202.0,205.45,15825,636975
2025-09-26 10:15:00+05:30,205.2,205.9,202.1,205.85,13725,640200
2025-09-26 10:16:00+05:30,205.5,209.15,204.8,208.0,29400,640200
2025-09-26 10:17:00+05:30,208.8,208.8,206.0,206.9,11175,640200
2025-09-26 10:18:00+05:30,207.1,207.1,198.9,199.35,36600,659775
2025-09-26 10:19:00+05:30,199.5,200.1,197.0,199.2,21900,659775
2025-09-26 10:20:00+05:30,198.15,201.85,198.15,199.35,11625,659775
2025-09-26 10:21:00+05:30,199.0,202.65,198.85,202.05,13425,663075
2025-09-26 10:22:00+05:30,201.3,206.6,201.0,205.5,42900,663075
2025-09-26 10:23:00+05:30,205.25,207.9,204.65,207.45,12375,663075
2025-09-26 10:24:00+05:30,207.5,208.35,206.0,208.0,12525,691875
2025-09-26 10:25:00+05:30,208.2,213.55,208.1,212.5,51000,691875
2025-09-26 10:26:00+05:30,212.5,215.5,212.4,215.3,36675,691875
2025-09-26 10:27:00+05:30,215.25,215.6,213.25,213.25,14175,658500
2025-09-26 10:28:00+05:30,213.6,213.7,210.1,210.1,12825,658500
2025-09-26 10:29:00+05:30,210.0,211.6,206.15,206.85,20250,658500
2025-09-26 10:30:00+05:30,207.0,207.7,202.9,206.0,15600,658725
2025-09-26 10:31:00+05:30,206.5,210.35,206.15,209.3,9975,658725
2025-09-26 10:32:00+05:30,208.35,210.0,203.8,204.2,21600,658725
2025-09-26 10:33:00+05:30,205.2,205.5,203.4,205.45,8925,675075
2025-09-26 10:34:00+05:30,204.95,207.5,204.8,207.5,9825,675075
2025-09-26 10:35:00+05:30,207.3,209.7,206.85,209.45,10125,675075
2025-09-26 10:36:00+05:30,209.7,209.9,205.95,207.25,12300,678150
2025-09-26 10:37:00+05:30,207.65,207.7,205.05,205.55,6075,678150
2025-09-26 10:38:00+05:30,205.7,206.0,204.0,204.5,13425,678150
2025-09-26 10:39:00+05:30,204.9,210.55,204.9,208.65,16500,690150
2025-09-26 10:40:00+05:30,208.05,210.45,207.7,209.25,6750,690150
2025-09-26 10:41:00+05:30,209.0,211.0,208.3,209.25,9225,690150
2025-09-26 10:42:00+05:30,208.8,212.15,208.8,209.75,18600,690225
2025-09-26 10:43:00+05:30,209.8,211.05,209.0,210.05,11925,690225
2025-09-26 10:44:00+05:30,210.15,214.4,209.5,211.75,23175,690225
2025-09-26 10:45:00+05:30,212.05,213.9,209.7,213.3,13800,691350
2025-09-26 10:46:00+05:30,212.95,214.5,207.05,208.0,20925,691350
2025-09-26 10:47:00+05:30,208.55,208.9,205.7,207.3,12300,691350
2025-09-26 10:48:00+05:30,206.55,208.65,205.4,208.45,14925,691350
2025-09-26 10:49:00+05:30,208.65,215.1,208.4,213.05,30375,697125
2025-09-26 10:50:00+05:30,213.5,213.5,209.25,211.2,8100,697125
2025-09-26 10:51:00+05:30,211.3,215.0,211.0,214.2,10125,697125
2025-09-26 10:52:00+05:30,214.15,214.35,210.65,212.25,20925,694800
2025-09-26 10:53:00+05:30,212.65,212.9,211.0,211.2,6900,694800
2025-09-26 10:54:00+05:30,210.65,211.0,205.55,205.55,14850,694800
2025-09-26 10:55:00+05:30,206.1,206.25,203.45,205.4,14025,699525
2025-09-26 10:56:00+05:30,205.05,205.3,201.8,203.7,12300,699525
2025-09-26 10:57:00+05:30,203.15,204.0,200.65,201.2,14475,699525
2025-09-26 10:58:00+05:30,201.25,201.35,198.7,198.7,10350,696900
2025-09-26 10:59:00+05:30,199.0,200.0,197.6,199.0,19575,696900
2025-09-26 11:00:00+05:30,199.0,199.05,195.4,195.5,36975,696900
2025-09-26 11:01:00+05:30,196.1,196.9,191.5,192.4,36825,708750
2025-09-26 11:02:00+05:30,192.65,197.05,192.0,194.9,36075,708750
2025-09-26 11:03:00+05:30,194.95,195.55,194.0,194.8,16425,708750
2025-09-26 11:04:00+05:30,195.4,195.4,193.45,193.85,10200,727575
2025-09-26 11:05:00+05:30,193.35,193.8,189.5,190.95,28200,727575
2025-09-26 11:06:00+05:30,190.75,194.75,190.6,193.3,13950,727575
2025-09-26 11:07:00+05:30,193.65,197.5,193.0,196.0,25350,739575
2025-09-26 11:08:00+05:30,195.5,200.0,195.3,199.0,26100,739575
2025-09-26 11:09:00+05:30,199.15,201.5,198.3,201.4,16350,739575
2025-09-26 11:10:00+05:30,201.6,201.6,199.5,200.05,12300,750375
2025-09-26 11:11:00+05:30,199.8,201.0,198.45,199.3,11775,750375
2025-09-26 11:12:00+05:30,199.35,200.0,198.45,198.45,15450,750375
2025-09-26 11:13:00+05:30,198.1,198.2,195.0,195.75,29175,766650
2025-09-26 11:14:00+05:30,195.75,195.75,192.0,192.0,18525,766650
2025-09-26 11:15:00+05:30,191.7,193.0,190.7,191.05,23475,766650
2025-09-26 11:16:00+05:30,191.0,191.05,188.0,189.2,28350,778125
2025-09-26 11:17:00+05:30,189.4,190.5,188.1,188.7,18150,778125
2025-09-26 11:18:00+05:30,188.85,190.15,187.8,187.9,35550,778125
2025-09-26 11:19:00+05:30,187.8,188.0,185.45,185.45,24825,789975
2025-09-26 11:20:00+05:30,186.15,188.35,184.75,188.3,34125,789975
2025-09-26 11:21:00+05:30,187.65,187.65,185.35,185.85,22650,789975
2025-09-26 11:22:00+05:30,185.85,189.4,185.25,188.8,17175,801675
2025-09-26 11:23:00+05:30,189.2,192.0,188.85,190.15,51225,801675
2025-09-26 11:24:00+05:30,190.2,190.55,188.4,188.7,13425,801675
2025-09-26 11:25:00+05:30,188.3,191.55,188.0,191.2,14325,834975
2025-09-26 11:26:00+05:30,191.5,193.75,191.5,193.2,49575,834975
2025-09-26 11:27:00+05:30,193.4,193.4,190.5,190.6,13800,834975
2025-09-26 11:28:00+05:30,190.6,190.6,187.75,189.25,12375,862575
2025-09-26 11:29:00+05:30,189.6,191.5,189.5,191.25,4050,862575
2025-09-26 11:30:00+05:30,191.25,193.1,187.45,187.45,40500,862575
2025-09-26 11:31:00+05:30,187.45,187.95,182.8,185.0,31800,870900
2025-09-26 11:32:00+05:30,185.25,187.4,183.8,183.8,13875,870900
2025-09-26 11:33:00+05:30,183.8,185.15,182.55,183.4,16050,870900
2025-09-26 11:34:00+05:30,183.85,185.25,182.8,185.0,14025,885375
2025-09-26 11:35:00+05:30,184.6,187.5,184.1,186.7,19200,885375
2025-09-26 11:36:00+05:30,186.25,187.4,185.2,186.25,14775,885375
2025-09-26 11:37:00+05:30,186.25,186.95,184.85,185.0,8850,895200
2025-09-26 11:38:00+05:30,184.1,184.55,183.4,183.85,15225,895200
2025-09-26 11:39:00+05:30,183.45,183.8,180.5,182.3,28800,895200
2025-09-26 11:40:00+05:30,182.8,183.4,181.0,181.2,16200,908625
2025-09-26 11:41:00+05:30,181.65,185.3,181.4,185.0,13200,908625
2025-09-26 11:42:00+05:30,184.0,184.3,181.9,182.6,14400,908625
2025-09-26 11:43:00+05:30,182.75,182.75,180.2,180.65,20325,926025
2025-09-26 11:44:00+05:30,180.6,183.65,180.6,181.85,22275,926025
2025-09-26 11:45:00+05:30,181.6,185.55,181.6,183.7,17700,926025
2025-09-26 11:46:00+05:30,184.15,184.5,180.8,182.8,9975,944850
2025-09-26 11:47:00+05:30,182.65,186.0,182.3,185.5,10800,944850
2025-09-26 11:48:00+05:30,185.1,186.85,184.7,185.65,20100,944850
2025-09-26 11:49:00+05:30,185.65,187.3,185.05,187.3,13125,953325
2025-09-26 11:50:00+05:30,187.45,189.9,186.6,189.6,24600,953325
2025-09-26 11:51:00+05:30,189.55,191.4,189.55,190.35,24825,953325
2025-09-26 11:52:00+05:30,189.35,189.8,187.4,189.8,11100,932475
2025-09-26 11:53:00+05:30,188.9,192.0,188.2,190.9,22050,932475
2025-09-26 11:54:00+05:30,190.7,192.35,190.7,192.05,22425,932475
2025-09-26 11:55:00+05:30,191.7,193.0,190.15,193.0,20925,916575
2025-09-26 11:56:00+05:30,192.85,194.65,191.45,194.65,48000,916575
2025-09-26 11:57:00+05:30,194.85,195.0,191.6,192.0,37725,916575
2025-09-26 11:58:00+05:30,192.05,192.4,191.0,191.15,10275,913650
2025-09-26 11:59:00+05:30,191.05,192.7,189.9,190.65,11100,913650
2025-09-26 12:00:00+05:30,190.95,191.4,188.15,189.3,30750,913650
2025-09-26 12:01:00+05:30,189.05,192.45,188.0,189.95,9000,912450
2025-09-26 12:02:00+05:30,189.6,190.8,188.6,189.7,6075,912450
2025-09-26 12:03:00+05:30,189.0,189.0,184.5,186.95,14925,912450
2025-09-26 12:04:00+05:30,186.65,187.1,185.4,186.45,12750,916950
2025-09-26 12:05:00+05:30,186.1,187.6,185.5,186.25,14925,916950
2025-09-26 12:06:00+05:30,185.25,189.35,184.1,189.35,28575,916950
2025-09-26 12:07:00+05:30,189.5,191.75,188.75,190.0,17250,928125
2025-09-26 12:08:00+05:30,189.6,189.75,187.65,188.5,7125,928125
2025-09-26 12:09:00+05:30,188.25,188.7,187.6,188.7,5325,928125
2025-09-26 12:10:00+05:30,188.4,189.25,187.9,188.1,6150,937050
2025-09-26 12:11:00+05:30,188.1,189.8,188.1,189.8,5925,937050
2025-09-26 12:12:00+05:30,189.7,190.7,188.6,188.65,9600,937050
2025-09-26 12:13:00+05:30,189.4,189.65,188.2,188.2,3975,945525
2025-09-26 12:14:00+05:30,188.0,190.45,186.6,189.05,6150,945525
2025-09-26 12:15:00+05:30,187.9,189.3,187.9,188.8,5250,945525
2025-09-26 12:16:00+05:30,188.85,188.95,185.6,185.75,6525,950100
2025-09-26 12:17:00+05:30,185.75,188.35,185.25,187.4,6000,950100
2025-09-26 12:18:00+05:30,186.35,187.25,186.25,187.2,4725,950100
2025-09-26 12:19:00+05:30,187.0,187.1,183.9,184.2,10425,955950
2025-09-26 12:20:00+05:30,184.25,186.7,184.15,186.7,17250,955950
2025-09-26 12:21:00+05:30,187.0,189.1,186.8,187.95,11175,955950
2025-09-26 12:22:00+05:30,188.35,190.65,188.35,190.5,11700,965175
2025-09-26 12:23:00+05:30,190.5,192.55,189.85,191.9,13350,965175
2025-09-26 12:24:00+05:30,191.75,193.55,191.65,193.55,11100,965175
2025-09-26 12:25:00+05:30,193.75,196.0,193.3,195.0,22800,963750
2025-09-26 12:26:00+05:30,194.75,194.75,190.75,191.35,14475,963750
2025-09-26 12:27:00+05:30,191.55,192.4,190.7,191.3,6000,963750
2025-09-26 12:28:00+05:30,191.3,192.2,189.6,191.7,19350,960075
2025-09-26 12:29:00+05:30,190.6,191.15,188.95,189.25,16575,960075
2025-09-26 12:30:00+05:30,189.2,189.2,183.0,183.0,32175,960075
2025-09-26 12:31:00+05:30,183.3,184.2,179.4,180.65,47250,960675
2025-09-26 12:32:00+05:30,181.1,184.5,180.95,184.25,14850,960675
2025-09-26 12:33:00+05:30,184.0,184.2,182.45,183.05,6075,960675
2025-09-26 12:34:00+05:30,183.75,184.45,183.2,183.3,7950,973650
2025-09-26 12:35:00+05:30,183.3,184.95,182.85,183.15,5325,973650
2025-09-26 12:36:00+05:30,184.35,184.6,183.0,183.45,2775,973650
2025-09-26 12:37:00+05:30,183.2,185.35,183.0,183.8,8775,977700
2025-09-26 12:38:00+05:30,184.05,186.7,184.0,186.6,14025,977700
2025-09-26 12:39:00+05:30,186.8,188.8,186.5,187.85,9000,977700
2025-09-26 12:40:00+05:30,187.35,189.4,187.35,188.2,9225,984600
2025-09-26 12:41:00+05:30,187.0,187.75,186.0,186.0,7425,984600
2025-09-26 12:42:00+05:30,186.0,186.95,184.45,186.9,4350,984600
2025-09-26 12:43:00+05:30,187.2,190.35,187.1,190.0,12000,985650
2025-09-26 12:44:00+05:30,190.1,190.1,188.95,189.85,7800,985650
2025-09-26 12:45:00+05:30,189.7,191.0,189.4,190.8,6825,985650
2025-09-26 12:46:00+05:30,190.0,190.75,188.35,188.95,10125,986925
2025-09-26 12:47:00+05:30,188.9,189.35,187.7,188.55,4125,986925
2025-09-26 12:48:00+05:30,189.2,192.1,189.2,192.05,17400,986925
2025-09-26 12:49:00+05:30,191.7,195.0,191.7,194.3,27750,996525
2025-09-26 12:50:00+05:30,194.55,195.75,193.95,195.35,29625,996525
2025-09-26 12:51:00+05:30,195.95,197.5,193.2,194.6,45825,996525
2025-09-26 12:52:00+05:30,194.6,195.3,192.5,192.65,27000,969825
2025-09-26 12:53:00+05:30,192.85,195.3,192.5,194.6,13050,969825
2025-09-26 12:54:00+05:30,194.2,197.0,193.6,196.8,14850,969825
2025-09-26 12:55:00+05:30,196.7,198.35,195.25,196.85,24675,981675
2025-09-26 12:56:00+05:30,196.75,196.75,193.25,194.9,32250,981675
2025-09-26 12:57:00+05:30,195.0,195.5,192.6,195.05,16500,981675
2025-09-26 12:58:00+05:30,195.5,196.75,193.65,193.9,19050,973425
2025-09-26 12:59:00+05:30,194.3,194.5,191.9,192.5,10800,973425
2025-09-26 13:00:00+05:30,193.0,194.5,191.8,193.8,13200,973425
2025-09-26 13:01:00+05:30,193.95,196.2,193.75,196.15,16050,974325
2025-09-26 13:02:00+05:30,195.65,199.35,194.65,198.8,21075,974325
2025-09-26 13:03:00+05:30,198.9,200.2,197.85,198.0,40125,974325
2025-09-26 13:04:00+05:30,197.65,198.45,195.75,197.55,15075,987300
2025-09-26 13:05:00+05:30,197.0,197.25,194.9,197.0,6825,987300
2025-09-26 13:06:00+05:30,197.0,197.4,194.6,194.9,8175,987300
2025-09-26 13:07:00+05:30,195.6,196.55,195.1,195.7,4725,984975
2025-09-26 13:08:00+05:30,195.1,196.4,193.9,194.95,6750,984975
2025-09-26 13:09:00+05:30,195.4,196.0,193.7,194.9,4425,984975
2025-09-26 13:10:00+05:30,193.65,194.7,190.25,190.7,10875,985050
2025-09-26 13:11:00+05:30,191.0,191.4,186.35,187.0,20475,985050
2025-09-26 13:12:00+05:30,186.6,188.35,185.15,185.15,15300,985050
2025-09-26 13:13:00+05:30,185.05,185.05,181.65,183.45,24750,978225
2025-09-26 13:14:00+05:30,183.95,183.95,179.2,180.0,22650,978225
2025-09-26 13:15:00+05:30,180.3,181.4,173.35,174.85,48450,978225
2025-09-26 13:16:00+05:30,174.85,175.35,172.65,174.6,20025,985050
2025-09-26 13:17:00+05:30,174.4,178.0,173.45,176.9,29250,985050
2025-09-26 13:18:00+05:30,176.0,177.0,173.6,176.3,18300,985050
2025-09-26 13:19:00+05:30,176.35,176.85,175.35,176.65,11700,1002450
2025-09-26 13:20:00+05:30,176.7,176.7,172.3,173.35,67950,1002450
2025-09-26 13:21:00+05:30,173.85,175.6,173.1,175.5,10650,1002450
2025-09-26 13:22:00+05:30,174.65,175.35,174.05,174.2,10350,985725
2025-09-26 13:23:00+05:30,174.5,176.5,174.5,175.75,17775,985725
2025-09-26 13:24:00+05:30,175.35,175.5,173.6,173.6,17325,985725
2025-09-26 13:25:00+05:30,173.25,173.5,169.6,169.6,30525,1002975
2025-09-26 13:26:00+05:30,169.65,171.85,169.5,170.15,17925,1002975
2025-09-26 13:27:00+05:30,170.25,174.4,168.35,173.15,39675,1002975
2025-09-26 13:28:00+05:30,173.1,174.55,172.8,173.45,24150,1005525
2025-09-26 13:29:00+05:30,173.15,173.75,171.65,172.15,9000,1005525
2025-09-26 13:30:00+05:30,171.5,171.6,165.0,165.0,55575,1005525
2025-09-26 13:31:00+05:30,164.8,165.9,159.05,160.65,140175,1078725
2025-09-26 13:32:00+05:30,161.0,161.1,156.15,157.9,41775,1078725
2025-09-26 13:33:00+05:30,157.8,161.35,156.7,159.3,56175,1078725
2025-09-26 13:34:00+05:30,159.2,159.2,155.9,155.9,48600,1123425
2025-09-26 13:35:00+05:30,155.7,160.95,155.7,160.6,56700,1123425
2025-09-26 13:36:00+05:30,160.55,161.5,159.5,160.95,25500,1123425
2025-09-26 13:37:00+05:30,160.75,162.45,159.5,161.2,48150,1132500
2025-09-26 13:38:00+05:30,161.15,162.4,159.5,159.5,25950,1132500
2025-09-26 13:39:00+05:30,159.9,159.9,157.8,158.35,42300,1132500
2025-09-26 13:40:00+05:30,158.25,161.05,157.6,160.65,20700,1148625
2025-09-26 13:41:00+05:30,160.45,161.65,159.45,161.65,24000,1148625
2025-09-26 13:42:00+05:30,161.45,162.3,160.95,161.75,13425,1148625
2025-09-26 13:43:00+05:30,161.35,161.4,158.0,158.95,21825,1162650
2025-09-26 13:44:00+05:30,158.05,159.85,157.55,157.85,18675,1162650
2025-09-26 13:45:00+05:30,157.85,162.5,157.65,162.0,23775,1162650
2025-09-26 13:46:00+05:30,162.6,163.0,161.35,161.35,32700,1168800
2025-09-26 13:47:00+05:30,161.65,162.0,159.95,160.0,7125,1168800
2025-09-26 13:48:00+05:30,160.2,161.55,160.2,160.3,8850,1168800
2025-09-26 13:49:00+05:30,160.1,160.9,158.05,158.05,10650,1170150
2025-09-26 13:50:00+05:30,158.0,158.0,148.2,148.95,107250,1170150
2025-09-26 13:51:00+05:30,148.3,148.7,141.5,142.0,141300,1170150
2025-09-26 13:52:00+05:30,141.95,144.0,140.05,141.55,97200,1175400
2025-09-26 13:53:00+05:30,141.75,144.05,141.2,142.05,111600,1175400
2025-09-26 13:54:00+05:30,142.0,143.85,140.85,140.85,46050,1175400
2025-09-26 13:55:00+05:30,142.1,145.5,141.8,145.45,91350,1209075
2025-09-26 13:56:00+05:30,145.25,146.0,142.65,142.85,20250,1209075
2025-09-26 13:57:00+05:30,142.8,143.1,138.85,138.9,40275,1209075
2025-09-26 13:58:00+05:30,138.75,140.0,132.0,132.0,165075,1225500
2025-09-26 13:59:00+05:30,132.15,138.15,131.9,136.6,154125,1225500
2025-09-26 14:00:00+05:30,136.65,136.75,134.9,136.5,56700,1225500
2025-09-26 14:01:00+05:30,136.4,137.8,133.7,134.25,48825,1234575
2025-09-26 14:02:00+05:30,134.3,138.7,132.1,138.65,75450,1234575
2025-09-26 14:03:00+05:30,138.1,138.3,129.1,129.5,94800,1234575
2025-09-26 14:04:00+05:30,129.95,132.6,129.65,129.85,58575,1232625
2025-09-26 14:05:00+05:30,130.15,132.95,129.45,132.4,93300,1232625
2025-09-26 14:06:00+05:30,132.5,135.0,131.3,131.6,62325,1232625
2025-09-26 14:07:00+05:30,131.65,131.9,127.15,129.0,76650,1234950
2025-09-26 14:08:00+05:30,128.7,131.55,128.55,129.7,74400,1234950
2025-09-26 14:09:00+05:30,129.75,135.55,129.45,135.35,98100,1234950
2025-09-26 14:10:00+05:30,135.05,137.25,134.15,136.35,50850,1275150
2025-09-26 14:11:00+05:30,136.9,137.15,135.1,136.75,21900,1275150
2025-09-26 14:12:00+05:30,136.4,138.4,135.65,136.9,41550,1275150
2025-09-26 14:13:00+05:30,137.15,138.95,136.5,137.15,56625,1320300
2025-09-26 14:14:00+05:30,137.15,137.25,134.55,135.7,32550,1320300
2025-09-26 14:15:00+05:30,135.75,136.2,133.4,133.8,13725,1320300
2025-09-26 14:16:00+05:30,133.85,134.1,131.8,132.45,36900,1307775
2025-09-26 14:17:00+05:30,132.3,132.6,128.3,131.4,40350,1307775
2025-09-26 14:18:00+05:30,131.2,133.05,129.9,131.5,43275,1307775
2025-09-26 14:19:00+05:30,132.0,132.95,131.75,132.95,21525,1307175
2025-09-26 14:20:00+05:30,132.85,133.6,131.8,133.6,15375,1307175
2025-09-26 14:21:00+05:30,133.55,135.0,131.95,132.0,37500,1307175
2025-09-26 14:22:00+05:30,131.85,131.9,128.9,130.05,26175,1302525
2025-09-26 14:23:00+05:30,130.6,132.6,130.25,131.0,30375,1302525
2025-09-26 14:24:00+05:30,130.6,130.6,124.8,124.8,92775,1302525
2025-09-26 14:25:00+05:30,124.75,128.9,124.05,127.8,91200,1329450
2025-09-26 14:26:00+05:30,127.9,132.4,127.25,131.0,66600,1329450
2025-09-26 14:27:00+05:30,130.9,131.8,128.85,129.4,23175,1329450
2025-09-26 14:28:00+05:30,129.5,130.15,128.35,130.15,6900,1338075
2025-09-26 14:29:00+05:30,129.8,131.75,129.5,131.6,12525,1338075
2025-09-26 14:30:00+05:30,131.25,133.5,130.45,133.15,24825,1338075
2025-09-26 14:31:00+05:30,133.35,134.2,131.85,132.0,31725,1341450
2025-09-26 14:32:00+05:30,131.5,132.0,130.0,130.8,37350,1341450
2025-09-26 14:33:00+05:30,130.95,134.15,130.7,134.0,13950,1341450
2025-09-26 14:34:00+05:30,134.0,134.55,131.0,131.15,16125,1339500
2025-09-26 14:35:00+05:30,131.3,133.5,130.65,131.85,20400,1339500
2025-09-26 14:36:00+05:30,132.5,132.75,129.55,130.75,17325,1339500
2025-09-26 14:37:00+05:30,131.15,132.6,130.55,132.25,12975,1347375
2025-09-26 14:38:00+05:30,132.05,137.4,132.05,137.05,53175,1347375
2025-09-26 14:39:00+05:30,137.2,137.3,135.5,136.75,27900,1347375
2025-09-26 14:40:00+05:30,136.8,136.8,134.45,135.35,9600,1331475
2025-09-26 14:41:00+05:30,135.1,137.75,132.7,137.75,17100,1331475
2025-09-26 14:42:00+05:30,137.45,138.4,136.3,136.7,28350,1331475
2025-09-26 14:43:00+05:30,136.3,138.45,136.3,137.0,45075,1325775
2025-09-26 14:44:00+05:30,137.2,138.0,134.65,134.65,13050,1325775
2025-09-26 14:45:00+05:30,134.75,136.4,132.6,133.0,14925,1325775
2025-09-26 14:46:00+05:30,133.0,133.15,129.8,130.5,29400,1331550
2025-09-26 14:47:00+05:30,130.35,131.35,129.15,131.35,15150,1331550
2025-09-26 14:48:00+05:30,131.0,135.55,131.0,133.7,22950,1331550
2025-09-26 14:49:00+05:30,134.0,135.55,133.3,135.2,16425,1347975
2025-09-26 14:50:00+05:30,135.35,137.9,135.1,136.3,15150,1347975
2025-09-26 14:51:00+05:30,136.65,137.55,133.7,134.15,20325,1347975
2025-09-26 14:52:00+05:30,133.7,134.2,130.45,130.55,17025,1348725
2025-09-26 14:53:00+05:30,130.25,130.5,127.8,129.5,53850,1348725
2025-09-26 14:54:00+05:30,129.25,129.35,124.15,125.0,45375,1348725
2025-09-26 14:55:00+05:30,125.5,129.0,125.5,128.4,35625,1386375
2025-09-26 14:56:00+05:30,129.0,129.7,128.1,128.9,16425,1386375
2025-09-26 14:57:00+05:30,129.7,132.0,128.5,130.35,23850,1386375
2025-09-26 14:58:00+05:30,130.35,131.0,129.05,131.0,16050,1379925
2025-09-26 14:59:00+05:30,131.6,131.9,130.5,131.35,10500,1379925
2025-09-26 15:00:00+05:30,130.1,130.55,127.7,128.75,57375,1379925
2025-09-26 15:01:00+05:30,128.55,133.2,128.45,133.2,53400,1384500
2025-09-26 15:02:00+05:30,132.7,137.2,132.7,136.85,72750,1384500
2025-09-26 15:03:00+05:30,136.7,138.45,135.5,138.0,76650,1384500
2025-09-26 15:04:00+05:30,138.05,138.1,134.75,134.85,43650,1314300
2025-09-26 15:05:00+05:30,134.75,135.0,131.0,131.8,47400,1314300
2025-09-26 15:06:00+05:30,131.65,134.55,130.75,134.1,23775,1314300
2025-09-26 15:07:00+05:30,134.1,134.35,130.8,132.5,40050,1358925
2025-09-26 15:08:00+05:30,132.5,132.5,129.15,130.0,24075,1358925
2025-09-26 15:09:00+05:30,130.0,130.05,127.1,127.9,29475,1358925
2025-09-26 15:10:00+05:30,127.95,128.85,126.2,126.25,37500,1377600
2025-09-26 15:11:00+05:30,127.2,128.15,125.85,127.65,26475,1377600
2025-09-26 15:12:00+05:30,128.0,129.9,126.95,128.1,23925,1377600
2025-09-26 15:13:00+05:30,128.05,128.05,125.35,125.8,33375,1391625
2025-09-26 15:14:00+05:30,126.45,127.1,125.0,126.85,27975,1391625
2025-09-26 15:15:00+05:30,126.95,128.05,126.75,127.1,47775,1391625
2025-09-26 15:16:00+05:30,126.95,130.5,126.5,128.0,35250,1383825
2025-09-26 15:17:00+05:30,127.75,128.45,127.2,127.9,20325,1383825
2025-09-26 15:18:00+05:30,127.5,129.35,127.45,128.55,16575,1383825
2025-09-26 15:19:00+05:30,128.5,129.15,127.6,128.1,32850,1365375
2025-09-26 15:20:00+05:30,128.25,129.85,128.25,129.4,33900,1365375
2025-09-26 15:21:00+05:30,129.2,133.1,128.8,132.0,85275,1365375
2025-09-26 15:22:00+05:30,132.0,132.0,128.8,129.85,43950,1329000
2025-09-26 15:23:00+05:30,130.05,130.95,127.6,129.8,77025,1329000
2025-09-26 15:24:00+05:30,129.65,131.4,129.2,130.25,28200,1329000
2025-09-26 15:25:00+05:30,130.6,131.0,129.35,130.4,34950,1342800
2025-09-26 15:26:00+05:30,130.0,130.5,129.6,130.2,15825,1342800
2025-09-26 15:27:00+05:30,130.2,131.0,129.95,130.75,35850,1342800
2025-09-26 15:28:00+05:30,130.85,131.0,130.5,130.75,23025,1321125
2025-09-26 15:29:00+05:30,130.8,132.0,129.1,129.1,109425,1321125
2025-09-29 09:15:00+05:30,175.0,175.0,140.05,153.0,376950,1318200
2025-09-29 09:16:00+05:30,153.6,153.8,140.4,140.8,315675,1318200
2025-09-29 09:17:00+05:30,140.65,142.7,136.1,138.35,174900,1318200
2025-09-29 09:18:00+05:30,138.35,141.5,136.05,141.0,91275,1490700
2025-09-29 09:19:00+05:30,140.8,143.5,137.45,141.75,49275,1490700
2025-09-29 09:20:00+05:30,141.8,148.0,140.75,147.55,92025,1490700
2025-09-29 09:21:00+05:30,147.75,152.15,147.1,150.85,178650,1510575
2025-09-29 09:22:00+05:30,150.45,150.75,142.1,146.4,70650,1510575
2025-09-29 09:23:00+05:30,146.2,146.25,141.1,145.1,138075,1510575
2025-09-29 09:24:00+05:30,145.0,149.25,143.95,149.25,73350,1570800
2025-09-29 09:25:00+05:30,149.15,149.95,146.5,147.35,42600,1570800
2025-09-29 09:26:00+05:30,147.55,147.55,140.6,143.7,88275,1570800
2025-09-29 09:27:00+05:30,143.85,149.2,143.05,147.45,59475,1627575
2025-09-29 09:28:00+05:30,147.8,151.2,147.45,150.6,62100,1627575
2025-09-29 09:29:00+05:30,150.6,152.3,147.75,151.4,66525,1627575
2025-09-29 09:30:00+05:30,151.35,155.0,148.5,149.7,103725,1632225
2025-09-29 09:31:00+05:30,150.0,152.75,146.5,152.55,109950,1632225
2025-09-29 09:32:00+05:30,152.95,154.15,150.75,153.55,55350,1632225
2025-09-29 09:33:00+05:30,153.55,159.0,151.75,156.7,126450,1689450
2025-09-29 09:34:00+05:30,156.45,158.55,155.3,158.2,87450,1689450
2025-09-29 09:35:00+05:30,158.3,163.5,157.1,161.95,153750,1689450
2025-09-29 09:36:00+05:30,161.75,162.25,159.15,159.55,112950,1645875
2025-09-29 09:37:00+05:30,159.6,162.0,159.3,161.4,81675,1645875
2025-09-29 09:38:00+05:30,160.6,161.8,155.85,158.45,70650,1645875
2025-09-29 09:39:00+05:30,157.8,162.0,157.8,158.9,127575,1601325
2025-09-29 09:40:00+05:30,158.85,161.35,155.55,158.55,82200,1601325
2025-09-29 09:41:00+05:30,158.5,162.25,157.25,160.3,41400,1601325
2025-09-29 09:42:00+05:30,160.0,162.5,157.5,159.1,46725,1585575
2025-09-29 09:43:00+05:30,158.25,164.0,157.5,164.0,58950,1585575
2025-09-29 09:44:00+05:30,163.8,166.8,162.6,165.25,188475,1585575
2025-09-29 09:45:00+05:30,165.2,168.0,164.85,166.5,108075,1578300
2025-09-29 09:46:00+05:30,166.4,166.6,161.35,164.75,88500,1578300
2025-09-29 09:47:00+05:30,164.75,165.9,162.45,165.25,54525,1578300
2025-09-29 09:48:00+05:30,165.25,166.2,162.4,163.35,28500,1580775
2025-09-29 09:49:00+05:30,163.3,163.8,160.7,162.85,38550,1580775
2025-09-29 09:50:00+05:30,162.5,163.5,160.15,162.1,27225,1580775
2025-09-29 09:51:00+05:30,161.85,167.05,158.75,164.55,71700,1575000
2025-09-29 09:52:00+05:30,164.65,170.0,163.4,169.45,71625,1575000
2025-09-29 09:53:00+05:30,169.25,170.85,166.5,167.55,87675,1575000
2025-09-29 09:54:00+05:30,168.0,169.65,166.65,169.65,33375,1546500
2025-09-29 09:55:00+05:30,170.0,173.9,169.35,173.9,100725,1546500
2025-09-29 09:56:00+05:30,173.75,175.0,171.6,172.65,84450,1546500
2025-09-29 09:57:00+05:30,172.95,173.9,170.5,173.0,44700,1520850
2025-09-29 09:58:00+05:30,172.7,173.5,171.3,171.85,35475,1520850
2025-09-29 09:59:00+05:30,171.25,172.5,168.2,168.2,48150,1513725
2025-09-29 10:00:00+05:30,168.4,173.55,168.4,173.0,35550,1513725
2025-09-29 10:01:00+05:30,173.05,174.0,169.1,171.75,50775,1513725
2025-09-29 10:02:00+05:30,171.65,174.05,170.3,173.5,32850,1513725
2025-09-29 10:03:00+05:30,173.0,173.25,169.8,171.15,29325,1518225
2025-09-29 10:04:00+05:30,170.8,170.8,166.6,168.55,39750,1518225
2025-09-29 10:05:00+05:30,168.6,170.0,165.9,166.2,26475,1518225
2025-09-29 10:06:00+05:30,166.05,169.3,163.3,168.25,66525,1516875
2025-09-29 10:07:00+05:30,168.6,170.45,167.8,170.0,38625,1516875
2025-09-29 10:08:00+05:30,169.7,170.65,165.0,165.55,44550,1516875
2025-09-29 10:09:00+05:30,165.5,167.55,164.5,165.25,52200,1527525
2025-09-29 10:10:00+05:30,165.65,168.55,165.65,167.7,30000,1527525
2025-09-29 10:11:00+05:30,167.15,171.0,166.6,171.0,33150,1527525
2025-09-29 10:12:00+05:30,171.0,171.2,166.3,170.0,32550,1521300
2025-09-29 10:13:00+05:30,170.2,173.0,169.2,172.5,36000,1521300
2025-09-29 10:14:00+05:30,172.5,173.8,170.4,172.8,43200,1521300
2025-09-29 10:15:00+05:30,172.4,172.65,170.7,171.0,32925,1520100
2025-09-29 10:16:00+05:30,170.9,172.35,169.6,169.6,25950,1520100
2025-09-29 10:17:00+05:30,170.3,174.75,170.0,173.95,53850,1520100
2025-09-29 10:18:00+05:30,173.7,182.8,172.65,182.3,185625,1524900
2025-09-29 10:19:00+05:30,182.6,188.55,181.75,187.95,191625,1524900
2025-09-29 10:20:00+05:30,187.85,189.65,184.05,187.55,102300,1524900
2025-09-29 10:21:00+05:30,188.0,191.15,187.3,189.35,87525,1493475
2025-09-29 10:22:00+05:30,189.3,189.65,183.3,183.6,72000,1493475
2025-09-29 10:23:00+05:30,183.7,188.0,182.3,187.15,56325,1493475
2025-09-29 10:24:00+05:30,187.0,189.0,186.5,187.9,38775,1488975
2025-09-29 10:25:00+05:30,187.8,188.05,183.3,184.7,35925,1488975
2025-09-29 10:26:00+05:30,183.8,185.8,183.4,184.65,42300,1488975
2025-09-29 10:27:00+05:30,184.7,184.95,180.3,181.35,44625,1483350
2025-09-29 10:28:00+05:30,181.8,181.8,177.6,178.7,53925,1483350
2025-09-29 10:29:00+05:30,178.7,181.15,176.25,180.3,42900,1483350
2025-09-29 10:30:00+05:30,180.3,182.0,176.3,176.55,33750,1497675
2025-09-29 10:31:00+05:30,176.0,178.55,175.4,177.7,37350,1497675
2025-09-29 10:32:00+05:30,177.55,178.9,173.8,177.05,40650,1497675
2025-09-29 10:33:00+05:30,177.3,181.8,176.95,181.75,69900,1490775
2025-09-29 10:34:00+05:30,181.6,183.05,178.85,181.3,47550,1490775
2025-09-29 10:35:00+05:30,181.1,182.55,180.0,181.8,18300,1490775
2025-09-29 10:36:00+05:30,181.8,182.9,180.7,181.6,18750,1490775
2025-09-29 10:37:00+05:30,180.5,180.6,172.6,174.5,62100,1491150
2025-09-29 10:38:00+05:30,173.7,174.95,169.75,171.0,60900,1491150
2025-09-29 10:39:00+05:30,171.65,174.8,170.05,173.75,63300,1518225
2025-09-29 10:40:00+05:30,173.9,173.95,170.15,171.0,19950,1518225
2025-09-29 10:41:00+05:30,171.2,171.9,169.05,170.2,32175,1531650
2025-09-29 10:42:00+05:30,170.6,174.2,169.45,172.35,34575,1531650
2025-09-29 10:43:00+05:30,172.0,175.0,171.55,173.95,31950,1531650
2025-09-29 10:44:00+05:30,174.15,176.25,172.15,174.85,54375,1531650
2025-09-29 10:45:00+05:30,175.0,176.1,174.05,174.5,32325,1542900
2025-09-29 10:46:00+05:30,174.6,178.0,174.6,178.0,36525,1542900
2025-09-29 10:47:00+05:30,177.9,178.5,174.55,175.55,25350,1542900
2025-09-29 10:48:00+05:30,174.75,174.75,164.7,167.7,99375,1542900
2025-09-29 10:49:00+05:30,167.4,170.25,167.05,167.05,36675,1554675
2025-09-29 10:50:00+05:30,167.75,169.95,166.6,167.85,45600,1554675
2025-09-29 10:51:00+05:30,167.8,171.5,167.4,170.95,35400,1554675
2025-09-29 10:52:00+05:30,170.4,171.55,169.2,170.1,22575,1562325
2025-09-29 10:53:00+05:30,170.7,171.95,166.7,166.7,22425,1562325
2025-09-29 10:54:00+05:30,166.6,167.25,160.25,160.4,83475,1562325
2025-09-29 10:55:00+05:30,160.1,160.75,155.7,158.9,129900,1566450
2025-09-29 10:56:00+05:30,159.35,163.55,158.75,162.5,49275,1566450
2025-09-29 10:57:00+05:30,162.4,162.95,160.2,161.25,18900,1566450
2025-09-29 10:58:00+05:30,161.0,166.6,159.85,166.05,72750,1597575
2025-09-29 10:59:00+05:30,166.3,167.0,164.3,166.15,38700,1597575
2025-09-29 11:00:00+05:30,166.25,168.75,165.2,168.4,23250,1597575
2025-09-29 11:01:00+05:30,168.0,171.0,166.5,170.0,45750,1610175
2025-09-29 11:02:00+05:30,169.75,171.0,168.4,170.65,23025,1610175
2025-09-29 11:03:00+05:30,170.2,170.55,168.65,170.2,27975,1610175
2025-09-29 11:04:00+05:30,170.1,171.9,169.55,171.7,17400,1622025
2025-09-29 11:05:00+05:30,171.95,175.2,171.95,172.8,57600,1622025
2025-09-29 11:06:00+05:30,172.95,174.85,171.65,173.85,30375,1622025
2025-09-29 11:07:00+05:30,174.2,174.5,170.8,170.9,28125,1617000
2025-09-29 11:08:00+05:30,171.3,171.5,168.75,171.0,31350,1617000
2025-09-29 11:09:00+05:30,170.65,171.5,169.15,169.95,27450,1617000
2025-09-29 11:10:00+05:30,169.45,170.9,168.55,170.65,10425,1593600
2025-09-29 11:11:00+05:30,170.9,171.0,165.75,166.25,24225,1593600
2025-09-29 11:12:00+05:30,166.0,166.4,160.15,160.15,63150,1593600
2025-09-29 11:13:00+05:30,160.35,165.0,160.0,163.25,20850,1584750
2025-09-29 11:14:00+05:30,163.55,164.4,162.9,162.9,16800,1584750
2025-09-29 11:15:00+05:30,162.85,162.95,160.05,160.5,36525,1584750
2025-09-29 11:16:00+05:30,160.1,164.3,160.1,162.3,17775,1582725
2025-09-29 11:17:00+05:30,162.5,164.6,162.0,164.6,23400,1582725
2025-09-29 11:18:00+05:30,163.1,163.55,160.65,162.1,17475,1582725
2025-09-29 11:19:00+05:30,161.7,162.7,161.0,162.6,12300,1586250
2025-09-29 11:20:00+05:30,162.5,164.85,162.5,163.8,13500,1586250
2025-09-29 11:21:00+05:30,163.05,164.35,161.2,163.3,16950,1586250
2025-09-29 11:22:00+05:30,163.2,165.0,163.0,164.55,8400,1590150
2025-09-29 11:23:00+05:30,164.15,164.65,162.65,162.7,9750,1590150
2025-09-29 11:24:00+05:30,162.7,164.0,162.3,163.15,4575,1590150
2025-09-29 11:25:00+05:30,163.95,164.5,162.5,162.65,11400,1591425
2025-09-29 11:26:00+05:30,162.2,163.25,160.65,161.65,15900,1591425
2025-09-29 11:27:00+05:30,161.6,163.95,161.6,163.75,24300,1591425
2025-09-29 11:28:00+05:30,163.3,164.0,159.05,161.25,36975,1592325
2025-09-29 11:29:00+05:30,161.3,161.3,159.05,159.25,26400,1592325
2025-09-29 11:30:00+05:30,159.0,159.45,150.75,150.75,99000,1592325
2025-09-29 11:31:00+05:30,150.9,154.2,148.2,152.3,117975,1583025
2025-09-29 11:32:00+05:30,152.0,152.8,147.45,149.4,68175,1583025
2025-09-29 11:33:00+05:30,148.95,151.9,148.2,149.55,57225,1583025
2025-09-29 11:34:00+05:30,149.0,149.0,146.0,146.05,63000,1636125
2025-09-29 11:35:00+05:30,146.0,146.7,143.3,144.5,78225,1636125
2025-09-29 11:36:00+05:30,144.5,145.05,137.8,139.3,173850,1685550
2025-09-29 11:37:00+05:30,138.85,139.95,136.05,137.85,97425,1685550
2025-09-29 11:38:00+05:30,137.5,137.5,134.1,135.4,75975,1685550
2025-09-29 11:39:00+05:30,134.95,137.15,133.45,135.0,99375,1685550
2025-09-29 11:40:00+05:30,134.95,135.1,127.5,132.65,182325,1740900
2025-09-29 11:41:00+05:30,132.35,132.6,130.2,130.2,59700,1740900
2025-09-29 11:42:00+05:30,130.2,135.85,130.1,134.35,63825,1740900
2025-09-29 11:43:00+05:30,134.8,134.8,131.75,132.75,37125,1800375
2025-09-29 11:44:00+05:30,132.9,136.5,132.0,135.5,57525,1800375
2025-09-29 11:45:00+05:30,135.25,135.65,129.15,129.65,76275,1800375
2025-09-29 11:46:00+05:30,129.95,130.35,126.45,128.4,120375,1857225
2025-09-29 11:47:00+05:30,128.25,132.1,126.55,128.5,138675,1857225
2025-09-29 11:48:00+05:30,128.7,128.75,124.5,125.05,165900,1857225
2025-09-29 11:49:00+05:30,125.4,126.65,124.75,125.05,100050,1804650
2025-09-29 11:50:00+05:30,125.5,128.6,124.55,128.5,74175,1804650
2025-09-29 11:51:00+05:30,128.6,134.15,128.3,133.0,105450,1881150
2025-09-29 11:52:00+05:30,133.0,134.5,131.6,134.3,62925,1881150
2025-09-29 11:53:00+05:30,133.6,135.65,131.2,131.2,38100,1881150
2025-09-29 11:54:00+05:30,132.15,133.4,131.2,132.1,28800,1881150
2025-09-29 11:55:00+05:30,132.3,133.6,131.7,133.0,35850,1900650
2025-09-29 11:56:00+05:30,133.15,134.85,132.35,134.1,36900,1900650
2025-09-29 11:57:00+05:30,134.0,136.8,133.8,136.7,54525,1900650
2025-09-29 11:58:00+05:30,136.8,136.95,134.35,135.1,54975,1941825
2025-09-29 11:59:00+05:30,134.9,135.35,132.0,133.7,43800,1941825
2025-09-29 12:00:00+05:30,133.5,134.4,132.1,133.2,53625,1941825
2025-09-29 12:01:00+05:30,133.05,133.15,128.1,128.45,65175,1974750
2025-09-29 12:02:00+05:30,128.2,128.4,123.55,124.0,107925,1974750
2025-09-29 12:03:00+05:30,123.95,126.8,123.8,125.0,105600,1974750
2025-09-29 12:04:00+05:30,125.9,130.95,125.45,130.5,80475,2061675
2025-09-29 12:05:00+05:30,130.6,131.15,127.6,128.85,33600,2061675
2025-09-29 12:06:00+05:30,128.45,129.0,127.0,128.7,25200,2061675
2025-09-29 12:07:00+05:30,129.0,129.7,126.05,126.05,36300,2079000
2025-09-29 12:08:00+05:30,126.05,127.05,124.7,125.0,48150,2079000
2025-09-29 12:09:00+05:30,125.3,125.35,122.0,122.15,77250,2079000
2025-09-29 12:10:00+05:30,122.5,123.15,119.4,120.4,74325,2130825
2025-09-29 12:11:00+05:30,120.3,123.2,119.9,120.0,51750,2130825
2025-09-29 12:12:00+05:30,120.0,121.1,117.95,118.0,43875,2130825
2025-09-29 12:13:00+05:30,118.1,118.9,117.0,117.7,75900,2184600
2025-09-29 12:14:00+05:30,117.8,120.15,117.25,119.0,51075,2184600
2025-09-29 12:15:00+05:30,119.0,122.55,119.0,121.85,38025,2184600
2025-09-29 12:16:00+05:30,121.8,123.35,121.1,121.15,70350,2224875
2025-09-29 12:17:00+05:30,121.15,122.25,119.1,122.0,81750,2224875
2025-09-29 12:18:00+05:30,122.1,122.95,120.4,121.0,50625,2224875
2025-09-29 12:19:00+05:30,121.45,122.0,119.7,120.75,42075,2319825
2025-09-29 12:20:00+05:30,120.9,122.25,120.35,122.0,22950,2319825
2025-09-29 12:21:00+05:30,121.7,123.5,121.35,123.2,26025,2319825
2025-09-29 12:22:00+05:30,123.0,123.25,121.75,123.25,25425,2309100
2025-09-29 12:23:00+05:30,123.6,124.5,122.35,122.45,29775,2309100
2025-09-29 12:24:00+05:30,122.45,122.95,121.45,122.15,13350,2309100
2025-09-29 12:25:00+05:30,122.45,122.45,120.5,121.35,16575,2310075
2025-09-29 12:26:00+05:30,121.6,123.75,120.95,123.5,15150,2310075
2025-09-29 12:27:00+05:30,123.5,124.85,122.15,124.55,31275,2310075
2025-09-29 12:28:00+05:30,124.45,125.3,123.45,123.45,58275,2330025
2025-09-29 12:29:00+05:30,123.55,123.75,121.05,123.5,50100,2330025
2025-09-29 12:30:00+05:30,123.2,123.85,121.6,121.8,17250,2330025
2025-09-29 12:31:00+05:30,122.0,122.5,117.05,119.35,71550,2357175
2025-09-29 12:32:00+05:30,119.15,123.35,119.15,122.75,48600,2357175
2025-09-29 12:33:00+05:30,122.0,122.05,117.75,118.6,36075,2357175
2025-09-29 12:34:00+05:30,118.45,121.3,117.2,120.3,62850,2378175
2025-09-29 12:35:00+05:30,120.35,121.05,119.1,119.55,21375,2378175
2025-09-29 12:36:00+05:30,119.6,120.6,118.75,118.85,15600,2378175
2025-09-29 12:37:00+05:30,118.8,119.9,113.7,115.75,103350,2380875
2025-09-29 12:38:00+05:30,115.55,116.5,112.1,113.5,99450,2380875
2025-09-29 12:39:00+05:30,113.0,113.0,106.5,107.2,141300,2380875
2025-09-29 12:40:00+05:30,107.35,108.8,105.35,105.35,90675,2386275
2025-09-29 12:41:00+05:30,105.8,108.3,105.25,107.3,64575,2386275
2025-09-29 12:42:00+05:30,107.35,107.8,105.1,105.9,46200,2386275
2025-09-29 12:43:00+05:30,106.25,107.3,103.55,106.65,50325,2357625
2025-09-29 12:44:00+05:30,106.85,107.3,105.4,106.0,45600,2357625
2025-09-29 12:45:00+05:30,106.0,106.25,103.05,104.1,61050,2357625
2025-09-29 12:46:00+05:30,104.2,105.5,103.0,104.5,51225,2372025
2025-09-29 12:47:00+05:30,104.5,107.7,104.3,107.0,102675,2372025
2025-09-29 12:48:00+05:30,106.45,108.65,106.35,106.5,48600,2372025
2025-09-29 12:49:00+05:30,106.7,106.75,104.55,105.35,54150,2380575
2025-09-29 12:50:00+05:30,105.5,108.45,104.9,108.0,29700,2380575
2025-09-29 12:51:00+05:30,107.8,108.0,106.65,107.3,17100,2380575
2025-09-29 12:52:00+05:30,107.2,108.7,106.75,108.65,21825,2376375
2025-09-29 12:53:00+05:30,108.75,109.5,107.55,107.75,24975,2376375
2025-09-29 12:54:00+05:30,107.7,109.3,107.7,109.25,14550,2376375
2025-09-29 12:55:00+05:30,109.25,110.8,109.25,110.8,31500,2373675
2025-09-29 12:56:00+05:30,111.0,112.45,110.65,112.45,41475,2373675
2025-09-29 12:57:00+05:30,112.4,114.95,111.7,114.55,45450,2373675
2025-09-29 12:58:00+05:30,114.85,114.95,111.8,111.85,51150,2367300
2025-09-29 12:59:00+05:30,111.7,112.85,111.5,112.15,30900,2367300
2025-09-29 13:00:00+05:30,112.05,112.5,110.65,111.75,37575,2367300
2025-09-29 13:01:00+05:30,111.65,117.1,111.5,116.9,62325,2352075
2025-09-29 13:02:00+05:30,117.5,119.0,115.3,115.85,52050,2352075
2025-09-29 13:03:00+05:30,116.0,117.95,115.75,117.4,54450,2352075
2025-09-29 13:04:00+05:30,117.8,123.35,117.55,122.9,141900,2385000
2025-09-29 13:05:00+05:30,122.9,123.75,119.15,121.75,71925,2385000
2025-09-29 13:06:00+05:30,121.6,122.0,119.6,120.25,67875,2385000
2025-09-29 13:07:00+05:30,120.0,120.0,115.1,115.3,94575,2339925
2025-09-29 13:08:00+05:30,115.2,120.0,113.75,119.55,54075,2339925
2025-09-29 13:09:00+05:30,119.3,121.0,117.6,120.95,23475,2339925
2025-09-29 13:10:00+05:30,120.85,127.45,120.6,125.35,136275,2330100
2025-09-29 13:11:00+05:30,125.6,126.4,123.35,125.65,104250,2330100
2025-09-29 13:12:00+05:30,125.5,127.05,124.6,124.6,61125,2330100
2025-09-29 13:13:00+05:30,124.75,127.65,123.05,127.65,58125,2320800
2025-09-29 13:14:00+05:30,127.6,131.9,127.6,130.95,108000,2320800
2025-09-29 13:15:00+05:30,130.85,130.85,126.15,128.65,132825,2320800
2025-09-29 13:16:00+05:30,128.8,129.05,123.1,123.3,41925,2347425
2025-09-29 13:17:00+05:30,123.0,126.7,122.55,126.15,47925,2347425
2025-09-29 13:18:00+05:30,126.7,129.3,126.25,128.8,48375,2347425
2025-09-29 13:19:00+05:30,128.6,128.9,124.75,126.5,51675,2365425
2025-09-29 13:20:00+05:30,127.1,128.7,126.35,128.35,15450,2365425
2025-09-29 13:21:00+05:30,128.7,129.5,126.7,126.7,17400,2365425
2025-09-29 13:22:00+05:30,126.75,128.75,125.85,128.35,16725,2380425
2025-09-29 13:23:00+05:30,128.75,133.85,128.75,133.25,105600,2380425
2025-09-29 13:24:00+05:30,133.7,136.0,133.4,135.05,100200,2380425
2025-09-29 13:25:00+05:30,135.5,136.2,130.7,130.8,81000,2394375
2025-09-29 13:26:00+05:30,131.3,132.1,128.25,128.25,48675,2394375
2025-09-29 13:27:00+05:30,128.25,133.35,128.0,132.2,65925,2394375
2025-09-29 13:28:00+05:30,132.05,135.3,131.6,134.7,45075,2401200
2025-09-29 13:29:00+05:30,134.7,136.0,129.95,134.0,36300,2401200
2025-09-29 13:30:00+05:30,134.4,138.4,134.1,137.75,52500,2401200
2025-09-29 13:31:00+05:30,138.15,142.55,137.55,139.65,188100,2377050
2025-09-29 13:32:00+05:30,140.1,141.4,136.6,138.65,75525,2377050
2025-09-29 13:33:00+05:30,138.5,141.1,136.6,141.05,44400,2377050
2025-09-29 13:34:00+05:30,140.75,141.0,137.0,139.35,57675,2362575
2025-09-29 13:35:00+05:30,138.85,140.0,136.85,139.5,31050,2362575
2025-09-29 13:36:00+05:30,139.9,141.8,138.3,140.85,47775,2362575
2025-09-29 13:37:00+05:30,140.2,141.5,138.4,138.45,46275,2356050
2025-09-29 13:38:00+05:30,138.8,139.9,137.05,139.9,57450,2356050
2025-09-29 13:39:00+05:30,140.0,142.0,139.3,140.25,65700,2356050
2025-09-29 13:40:00+05:30,140.4,140.4,134.1,136.3,83775,2305125
2025-09-29 13:41:00+05:30,136.1,137.2,131.25,131.45,64425,2305125
2025-09-29 13:42:00+05:30,131.1,132.25,128.15,129.85,86925,2305125
2025-09-29 13:43:00+05:30,130.0,132.8,129.0,130.0,43800,2262000
2025-09-29 13:44:00+05:30,129.6,130.5,125.0,128.5,72900,2262000
2025-09-29 13:45:00+05:30,128.0,133.25,128.0,131.35,45525,2262000
2025-09-29 13:46:00+05:30,131.05,132.85,129.55,130.55,39600,2246100
2025-09-29 13:47:00+05:30,130.0,131.1,125.0,126.2,33600,2246100
2025-09-29 13:48:00+05:30,125.95,129.75,123.7,129.0,44550,2246100
2025-09-29 13:49:00+05:30,129.0,130.25,127.85,130.05,31875,2256750
2025-09-29 13:50:00+05:30,129.65,130.95,127.55,128.4,24675,2256750
2025-09-29 13:51:00+05:30,128.4,130.7,128.15,130.0,25575,2256750
2025-09-29 13:52:00+05:30,130.2,133.95,129.95,131.8,23250,2271600
2025-09-29 13:53:00+05:30,132.5,132.95,129.6,131.4,17325,2271600
2025-09-29 13:54:00+05:30,131.25,133.55,130.65,131.85,25350,2271600
2025-09-29 13:55:00+05:30,131.85,132.75,129.65,131.95,25725,2268825
2025-09-29 13:56:00+05:30,130.95,134.7,130.6,133.6,29325,2268825
2025-09-29 13:57:00+05:30,133.75,136.8,133.5,136.7,37800,2268825
2025-09-29 13:58:00+05:30,136.8,139.75,136.2,139.75,48225,2264925
2025-09-29 13:59:00+05:30,139.6,139.95,137.8,139.1,30600,2264925
2025-09-29 14:00:00+05:30,139.2,143.6,138.7,142.7,79800,2264925
2025-09-29 14:01:00+05:30,143.0,147.2,142.6,145.85,125775,2239875
2025-09-29 14:02:00+05:30,145.95,147.35,143.8,145.55,135150,2239875
2025-09-29 14:03:00+05:30,145.8,146.9,144.0,145.75,56250,2239875
2025-09-29 14:04:00+05:30,145.8,146.35,143.55,145.05,46425,2232900
2025-09-29 14:05:00+05:30,144.4,146.95,143.55,144.55,41025,2232900
2025-09-29 14:06:00+05:30,144.0,144.15,141.2,141.55,49275,2232900
2025-09-29 14:07:00+05:30,141.2,143.95,140.0,143.9,35775,2224725
2025-09-29 14:08:00+05:30,143.95,145.0,142.05,142.5,40650,2224725
2025-09-29 14:09:00+05:30,142.0,144.5,141.3,141.45,24000,2224725
2025-09-29 14:10:00+05:30,142.0,144.7,141.95,144.7,21900,2225775
2025-09-29 14:11:00+05:30,144.6,145.95,143.15,143.55,29100,2225775
2025-09-29 14:12:00+05:30,143.05,145.9,142.55,145.6,24225,2225775
2025-09-29 14:13:00+05:30,145.95,146.0,142.55,143.35,31275,2220750
2025-09-29 14:14:00+05:30,143.35,144.55,140.1,140.95,22650,2220750
2025-09-29 14:15:00+05:30,141.1,144.45,139.7,140.4,39675,2220750
2025-09-29 14:16:00+05:30,140.7,143.7,137.75,140.25,67800,2223750
2025-09-29 14:17:00+05:30,140.25,142.0,138.0,142.0,42450,2223750
2025-09-29 14:18:00+05:30,142.05,148.85,142.05,147.0,86175,2223750
2025-09-29 14:19:00+05:30,146.5,146.85,143.3,145.15,51750,2246850
2025-09-29 14:20:00+05:30,145.3,151.15,145.25,150.3,91575,2246850
2025-09-29 14:21:00+05:30,150.3,153.0,148.05,150.5,79200,2246850
2025-09-29 14:22:00+05:30,150.6,152.45,150.2,151.55,84675,2255025
2025-09-29 14:23:00+05:30,151.0,152.0,149.45,151.0,46800,2255025
2025-09-29 14:24:00+05:30,150.7,150.75,145.8,146.55,61725,2255025
2025-09-29 14:25:00+05:30,146.4,146.8,141.25,141.85,79725,2219025
2025-09-29 14:26:00+05:30,141.45,143.35,140.85,141.85,32850,2219025
2025-09-29 14:27:00+05:30,141.9,145.95,140.5,145.95,52575,2219025
2025-09-29 14:28:00+05:30,145.75,145.75,142.4,143.3,77475,2237400
2025-09-29 14:29:00+05:30,143.15,146.85,143.1,144.65,25350,2237400
2025-09-29 14:30:00+05:30,144.25,144.4,139.95,140.45,50475,2237400
2025-09-29 14:31:00+05:30,140.8,141.5,135.2,138.75,70875,2213775
2025-09-29 14:32:00+05:30,139.1,140.85,137.7,139.1,59700,2213775
2025-09-29 14:33:00+05:30,139.65,141.35,138.55,141.35,69000,2213775
2025-09-29 14:34:00+05:30,141.75,145.3,140.45,144.0,42300,2227275
2025-09-29 14:35:00+05:30,143.95,146.0,142.5,145.75,29325,2227275
2025-09-29 14:36:00+05:30,146.1,146.1,140.0,144.3,53625,2227275
2025-09-29 14:37:00+05:30,144.7,144.7,140.45,141.0,22725,2228700
2025-09-29 14:38:00+05:30,140.85,142.55,140.7,141.25,19050,2228700
2025-09-29 14:39:00+05:30,141.0,141.6,138.5,140.45,35625,2228700
2025-09-29 14:40:00+05:30,139.3,140.35,137.0,137.0,24975,2251650
2025-09-29 14:41:00+05:30,137.25,137.7,131.8,132.15,56925,2251650
2025-09-29 14:42:00+05:30,132.35,132.6,129.1,130.95,105150,2251650
2025-09-29 14:43:00+05:30,130.4,131.9,128.6,128.65,61725,2261475
2025-09-29 14:44:00+05:30,128.6,129.4,127.55,128.7,96975,2261475
2025-09-29 14:45:00+05:30,128.8,131.0,125.2,125.2,78750,2261475
2025-09-29 14:46:00+05:30,125.1,126.0,121.65,122.65,157125,2336850
2025-09-29 14:47:00+05:30,122.55,125.8,122.15,124.35,42000,2336850
2025-09-29 14:48:00+05:30,124.6,125.25,122.45,122.7,49125,2336850
2025-09-29 14:49:00+05:30,123.0,123.6,120.6,121.15,46800,2359275
2025-09-29 14:50:00+05:30,121.9,123.75,120.6,120.6,28425,2359275
2025-09-29 14:51:00+05:30,120.8,126.5,119.25,124.0,48750,2359275
2025-09-29 14:52:00+05:30,124.0,124.0,120.0,120.7,43725,2370900
2025-09-29 14:53:00+05:30,121.4,124.2,121.05,123.65,42375,2370900
2025-09-29 14:54:00+05:30,123.65,126.75,123.65,125.05,65325,2370900
2025-09-29 14:55:00+05:30,125.95,129.7,125.5,125.6,87450,2383650
2025-09-29 14:56:00+05:30,125.25,127.1,124.5,125.2,45000,2383650
2025-09-29 14:57:00+05:30,125.2,127.55,122.5,122.85,68550,2383650
2025-09-29 14:58:00+05:30,123.25,127.55,123.2,126.4,31425,2386800
2025-09-29 14:59:00+05:30,126.95,127.3,123.7,123.75,50025,2386800
2025-09-29 15:00:00+05:30,123.6,123.8,111.8,112.7,426450,2386800
2025-09-29 15:01:00+05:30,112.25,112.55,107.65,111.0,238575,2393925
2025-09-29 15:02:00+05:30,111.2,112.0,108.5,110.1,126450,2393925
2025-09-29 15:03:00+05:30,110.85,114.0,109.0,111.25,125025,2393925
2025-09-29 15:04:00+05:30,110.75,110.95,107.85,108.6,81825,2416800
2025-09-29 15:05:00+05:30,108.4,113.2,107.85,112.9,124800,2416800
2025-09-29 15:06:00+05:30,112.75,113.5,111.4,113.15,111525,2416800
2025-09-29 15:07:00+05:30,113.4,113.5,110.0,110.75,43425,2469825
2025-09-29 15:08:00+05:30,111.05,111.05,109.05,110.95,55575,2469825
2025-09-29 15:09:00+05:30,110.8,112.7,108.95,111.4,63300,2469825
2025-09-29 15:10:00+05:30,111.85,116.6,110.9,116.6,90075,2533125
2025-09-29 15:11:00+05:30,116.6,117.25,111.9,113.6,70200,2533125
2025-09-29 15:12:00+05:30,113.9,114.75,111.95,114.3,52575,2533125
2025-09-29 15:13:00+05:30,114.8,115.4,113.2,114.1,36600,2534325
2025-09-29 15:14:00+05:30,114.0,115.0,113.45,114.35,27450,2534325
2025-09-29 15:15:00+05:30,114.4,114.45,109.4,110.8,71100,2534325
2025-09-29 15:16:00+05:30,110.7,110.8,109.0,109.75,59475,2494125
2025-09-29 15:17:00+05:30,110.0,111.6,109.0,109.2,55725,2494125
2025-09-29 15:18:00+05:30,109.05,109.3,106.05,108.15,86175,2494125
2025-09-29 15:19:00+05:30,108.05,110.0,107.75,108.95,82125,2455425
2025-09-29 15:20:00+05:30,109.3,110.3,108.65,109.0,38925,2455425
2025-09-29 15:21:00+05:30,109.0,109.4,106.1,107.2,76950,2455425
2025-09-29 15:22:00+05:30,107.1,109.9,105.1,109.6,57300,2409825
2025-09-29 15:23:00+05:30,109.2,111.55,108.85,111.1,82800,2409825
2025-09-29 15:24:00+05:30,111.15,114.6,110.25,114.6,61275,2409825
2025-09-29 15:25:00+05:30,114.4,114.85,112.75,114.05,77025,2378025
2025-09-29 15:26:00+05:30,114.1,114.65,113.45,114.4,54150,2378025
2025-09-29 15:27:00+05:30,114.25,114.6,113.25,114.55,49575,2378025
2025-09-29 15:28:00+05:30,114.6,115.25,113.15,113.75,97050,2356650
2025-09-29 15:29:00+05:30,114.2,115.3,112.0,113.9,117825,2356650
2025-09-30 09:15:00+05:30,115.0,127.2,113.0,121.2,572925,2401125
2025-09-30 09:16:00+05:30,121.15,124.1,116.4,124.1,405675,2401125
2025-09-30 09:17:00+05:30,123.45,123.85,118.0,119.0,240675,2401125
2025-09-30 09:18:00+05:30,118.75,127.0,118.1,125.45,325050,2485125
2025-09-30 09:19:00+05:30,125.5,126.85,122.9,126.3,227100,2485125
2025-09-30 09:20:00+05:30,126.2,133.05,124.05,132.45,321975,2553300
2025-09-30 09:21:00+05:30,132.35,136.35,130.2,131.65,352575,2553300
2025-09-30 09:22:00+05:30,131.9,133.45,123.1,123.1,210675,2553300
2025-09-30 09:23:00+05:30,123.6,125.55,120.5,124.35,167325,2553300
2025-09-30 09:24:00+05:30,124.55,124.95,119.4,122.75,175425,2625900
2025-09-30 09:25:00+05:30,122.25,127.85,122.1,127.25,220650,2625900
2025-09-30 09:26:00+05:30,127.3,128.05,121.0,121.15,248025,2625900
2025-09-30 09:27:00+05:30,121.2,122.5,116.6,117.35,250125,2751225
2025-09-30 09:28:00+05:30,116.9,119.9,116.0,118.35,216525,2751225
2025-09-30 09:29:00+05:30,117.9,118.4,112.15,112.4,236850,2751225
2025-09-30 09:30:00+05:30,112.3,114.85,109.3,110.2,233925,2834325
2025-09-30 09:31:00+05:30,110.0,112.45,109.4,111.2,184200,2834325
2025-09-30 09:32:00+05:30,110.9,115.4,109.9,114.4,158550,2834325
2025-09-30 09:33:00+05:30,114.75,118.6,112.75,117.95,126375,2971575
2025-09-30 09:34:00+05:30,118.15,119.45,113.35,113.6,303000,2971575
2025-09-30 09:35:00+05:30,113.6,115.2,111.1,111.65,111000,2971575
2025-09-30 09:36:00+05:30,111.25,111.75,109.0,109.45,101325,2975850
2025-09-30 09:37:00+05:30,109.85,110.95,108.8,110.45,88050,2975850
2025-09-30 09:38:00+05:30,110.1,114.45,110.1,112.65,114450,2975850
2025-09-30 09:39:00+05:30,112.05,112.05,107.35,108.05,181575,3033900
2025-09-30 09:40:00+05:30,108.25,110.0,107.0,108.5,105075,3033900
2025-09-30 09:41:00+05:30,108.8,108.9,104.75,106.25,229125,3033900
2025-09-30 09:42:00+05:30,106.2,109.95,105.75,108.05,114225,3073800
2025-09-30 09:43:00+05:30,108.1,111.4,108.0,110.65,69075,3073800
2025-09-30 09:44:00+05:30,110.9,111.35,106.35,106.35,98775,3073800
2025-09-30 09:45:00+05:30,106.45,106.7,102.35,104.0,233100,3039525
2025-09-30 09:46:00+05:30,104.05,106.3,103.7,104.5,98250,3039525
2025-09-30 09:47:00+05:30,104.65,108.15,104.4,107.7,98700,3039525
2025-09-30 09:48:00+05:30,107.7,110.8,107.25,109.55,199950,3048975
2025-09-30 09:49:00+05:30,109.05,111.9,108.85,111.5,93975,3048975
2025-09-30 09:50:00+05:30,111.75,112.5,110.0,111.05,123075,3048975
2025-09-30 09:51:00+05:30,111.25,111.8,107.65,108.45,72225,3009075
2025-09-30 09:52:00+05:30,108.7,111.75,108.55,111.3,90225,3009075
2025-09-30 09:53:00+05:30,111.05,111.65,108.95,110.0,41775,3009075
2025-09-30 09:54:00+05:30,110.05,111.15,108.2,108.8,78150,3009075
2025-09-30 09:55:00+05:30,108.0,109.0,107.0,107.15,58500,3032700
2025-09-30 09:56:00+05:30,107.0,108.9,106.5,107.35,45000,3032700
2025-09-30 09:57:00+05:30,107.2,110.25,107.2,109.4,30975,3032700
2025-09-30 09:58:00+05:30,110.0,112.0,109.8,110.75,79500,3052050
2025-09-30 09:59:00+05:30,110.35,111.55,108.5,110.7,36150,3052050
2025-09-30 10:00:00+05:30,110.5,111.65,109.5,111.15,68175,3052050
2025-09-30 10:01:00+05:30,111.1,116.5,110.65,114.1,188475,3078600
2025-09-30 10:02:00+05:30,115.1,116.5,113.3,113.3,118425,3078600
2025-09-30 10:03:00+05:30,113.3,113.95,106.3,106.4,162525,3078600
2025-09-30 10:04:00+05:30,106.2,112.7,105.75,110.05,94200,3108600
2025-09-30 10:05:00+05:30,110.85,112.6,107.5,107.65,95925,3108600
2025-09-30 10:06:00+05:30,108.0,108.1,104.05,104.75,154350,3108600
2025-09-30 10:07:00+05:30,104.95,109.5,104.75,105.8,64950,3168375
2025-09-30 10:08:00+05:30,105.6,106.6,104.1,104.8,65925,3168375
2025-09-30 10:09:00+05:30,104.5,105.1,101.0,102.4,123975,3196200
2025-09-30 10:10:00+05:30,102.0,102.6,100.25,101.15,132975,3196200
2025-09-30 10:11:00+05:30,101.0,103.0,100.2,101.15,65175,3196200
2025-09-30 10:12:00+05:30,101.05,102.0,98.6,101.65,126825,3196200
2025-09-30 10:13:00+05:30,101.9,102.0,99.95,100.0,72900,3244650
2025-09-30 10:14:00+05:30,99.7,100.7,98.0,100.2,89400,3244650
2025-09-30 10:15:00+05:30,100.65,101.55,99.0,101.55,82800,3244650
2025-09-30 10:16:00+05:30,101.4,102.25,100.8,102.0,47175,3287400
2025-09-30 10:17:00+05:30,102.0,102.2,100.0,100.95,63600,3287400
2025-09-30 10:18:00+05:30,100.9,104.55,99.65,104.2,65175,3287400
2025-09-30 10:19:00+05:30,104.65,104.8,102.3,104.3,60225,3278475
2025-09-30 10:20:00+05:30,104.3,104.5,100.9,101.9,32700,3278475
2025-09-30 10:21:00+05:30,102.0,103.25,101.2,102.6,55200,3278475
2025-09-30 10:22:00+05:30,102.0,103.95,101.75,103.75,28575,3287250
2025-09-30 10:23:00+05:30,104.0,105.45,101.8,101.9,52425,3287250
2025-09-30 10:24:00+05:30,102.0,102.1,100.4,101.3,58800,3287250
2025-09-30 10:25:00+05:30,101.5,102.2,99.7,100.7,56250,3299925
2025-09-30 10:26:00+05:30,100.6,100.6,96.35,96.45,139500,3299925
2025-09-30 10:27:00+05:30,96.25,96.45,93.75,93.95,225525,3299925
2025-09-30 10:28:00+05:30,93.9,94.6,93.45,93.8,61875,3298500
2025-09-30 10:29:00+05:30,93.8,95.8,93.0,94.55,114150,3298500
2025-09-30 10:30:00+05:30,94.4,94.6,92.6,94.25,89850,3298500
2025-09-30 10:31:00+05:30,94.2,95.1,93.2,94.2,73275,3316200
2025-09-30 10:32:00+05:30,93.95,94.7,93.2,93.95,32475,3316200
2025-09-30 10:33:00+05:30,93.75,95.0,93.2,94.5,50775,3316200
2025-09-30 10:34:00+05:30,94.55,95.3,94.0,94.65,33750,3332475
2025-09-30 10:35:00+05:30,94.65,94.65,93.55,94.15,34425,3332475
2025-09-30 10:36:00+05:30,94.15,94.6,88.0,88.25,214200,3332475
2025-09-30 10:37:00+05:30,88.0,89.0,86.8,86.85,300525,3291825
2025-09-30 10:38:00+05:30,86.95,87.65,85.2,85.85,166725,3291825
2025-09-30 10:39:00+05:30,85.7,88.25,85.7,87.25,195000,3291825
2025-09-30 10:40:00+05:30,87.35,88.15,86.25,86.85,81525,3346500
2025-09-30 10:41:00+05:30,86.65,89.65,86.45,89.3,130800,3346500
2025-09-30 10:42:00+05:30,89.35,91.5,88.85,91.5,86550,3346500
2025-09-30 10:43:00+05:30,91.5,92.9,91.35,91.55,112950,3360225
2025-09-30 10:44:00+05:30,91.8,92.95,90.6,92.4,78675,3360225
2025-09-30 10:45:00+05:30,92.35,93.25,91.0,92.3,66525,3360225
2025-09-30 10:46:00+05:30,91.95,93.5,91.95,92.45,60450,3341625
2025-09-30 10:47:00+05:30,92.75,93.95,92.1,93.4,37875,3341625
2025-09-30 10:48:00+05:30,93.65,94.1,91.9,92.6,48150,3341625
2025-09-30 10:49:00+05:30,92.2,92.5,89.5,90.0,58125,3318975
2025-09-30 10:50:00+05:30,89.7,92.6,89.55,92.35,59550,3318975
2025-09-30 10:51:00+05:30,92.35,93.4,91.45,92.75,19350,3318975
2025-09-30 10:52:00+05:30,93.0,94.4,91.9,92.7,66300,3330750
2025-09-30 10:53:00+05:30,92.85,95.45,92.3,94.7,74925,3330750
2025-09-30 10:54:00+05:30,94.95,96.6,94.5,96.1,89325,3330750
2025-09-30 10:55:00+05:30,96.2,100.9,95.3,100.85,211575,3356100
2025-09-30 10:56:00+05:30,100.95,103.35,99.3,100.0,336300,3356100
2025-09-30 10:57:00+05:30,100.25,100.55,97.0,97.1,69825,3356100
2025-09-30 10:58:00+05:30,96.95,100.05,96.6,97.8,85275,3349425
2025-09-30 10:59:00+05:30,97.8,99.1,97.55,98.5,41700,3349425
2025-09-30 11:00:00+05:30,98.65,105.15,97.35,102.25,250875,3349425
2025-09-30 11:01:00+05:30,102.2,104.9,101.55,104.1,109350,3357750
2025-09-30 11:02:00+05:30,104.2,104.5,101.35,101.95,112275,3357750
2025-09-30 11:03:00+05:30,102.3,104.9,101.6,102.55,87825,3357750
2025-09-30 11:04:00+05:30,102.75,103.95,102.35,103.75,184500,3386250
2025-09-30 11:05:00+05:30,103.9,104.45,101.0,102.6,98025,3386250
2025-09-30 11:06:00+05:30,102.55,107.3,102.0,106.0,182250,3386250
2025-09-30 11:07:00+05:30,105.95,105.95,101.35,102.65,73875,3312450
2025-09-30 11:08:00+05:30,103.0,103.95,102.35,103.35,27225,3312450
2025-09-30 11:09:00+05:30,103.65,106.45,102.7,105.9,66375,3312450
2025-09-30 11:10:00+05:30,106.0,107.45,105.0,107.45,88125,3314025
2025-09-30 11:11:00+05:30,107.5,109.45,105.0,105.45,100350,3314025
2025-09-30 11:12:00+05:30,105.25,108.45,104.6,108.3,76350,3314025
2025-09-30 11:13:00+05:30,108.0,108.25,105.65,106.8,98625,3315750
2025-09-30 11:14:00+05:30,106.7,108.0,105.05,106.15,54600,3315750
2025-09-30 11:15:00+05:30,105.6,107.3,103.5,105.1,133725,3315750
2025-09-30 11:16:00+05:30,104.6,105.5,102.9,103.35,107550,3329175
2025-09-30 11:17:00+05:30,103.35,104.75,102.2,102.55,37725,3329175
2025-09-30 11:18:00+05:30,102.35,104.5,101.85,103.3,43725,3329175
2025-09-30 11:19:00+05:30,103.45,108.75,102.65,106.85,158175,3306525
2025-09-30 11:20:00+05:30,106.6,114.95,106.4,111.5,284175,3306525
2025-09-30 11:21:00+05:30,112.0,112.0,105.2,107.8,76425,3306525
2025-09-30 11:22:00+05:30,107.7,108.5,100.0,100.05,106650,3292125
2025-09-30 11:23:00+05:30,100.0,100.05,96.15,98.95,167100,3292125
2025-09-30 11:24:00+05:30,99.0,99.7,97.5,97.65,78375,3292125
2025-09-30 11:25:00+05:30,97.5,97.75,94.2,96.55,168225,3318225
2025-09-30 11:26:00+05:30,96.4,97.4,94.7,95.25,51375,3318225
2025-09-30 11:27:00+05:30,95.45,97.15,95.25,96.5,42150,3318225
2025-09-30 11:28:00+05:30,96.85,98.4,96.4,97.5,87450,3344850
2025-09-30 11:29:00+05:30,97.05,99.75,96.5,99.15,65100,3344850
2025-09-30 11:30:00+05:30,99.45,100.65,98.2,98.25,119925,3344850
2025-09-30 11:31:00+05:30,98.0,104.0,96.7,102.7,195675,3375675
2025-09-30 11:32:00+05:30,102.7,103.95,100.55,101.9,80625,3375675
2025-09-30 11:33:00+05:30,101.7,101.8,100.0,100.9,33450,3375675
2025-09-30 11:34:00+05:30,100.55,102.7,100.0,102.7,23850,3432075
2025-09-30 11:35:00+05:30,102.15,104.7,101.75,103.85,69375,3432075
2025-09-30 11:36:00+05:30,103.75,108.2,103.75,105.85,201300,3432075
2025-09-30 11:37:00+05:30,105.9,106.05,102.75,103.05,40875,3445125
2025-09-30 11:38:00+05:30,102.4,104.3,101.3,101.8,58350,3445125
2025-09-30 11:39:00+05:30,101.75,103.3,99.7,99.85,70425,3445125
2025-09-30 11:40:00+05:30,99.7,101.15,97.3,97.4,63600,3421425
2025-09-30 11:41:00+05:30,97.1,100.55,96.9,98.6,64725,3421425
2025-09-30 11:42:00+05:30,98.5,99.25,97.1,98.25,23850,3421425
2025-09-30 11:43:00+05:30,98.4,98.95,97.6,98.0,18975,3413100
2025-09-30 11:44:00+05:30,97.8,97.8,95.55,96.0,120075,3413100
2025-09-30 11:45:00+05:30,96.05,97.85,95.3,96.3,46050,3413100
2025-09-30 11:46:00+05:30,96.5,97.1,96.0,96.0,41775,3434175
2025-09-30 11:47:00+05:30,96.1,98.15,95.75,97.35,35250,3434175
2025-09-30 11:48:00+05:30,97.5,101.2,97.5,98.85,122700,3434175
2025-09-30 11:49:00+05:30,98.85,99.5,98.0,98.5,26475,3478200
2025-09-30 11:50:00+05:30,98.1,100.0,97.65,98.95,64575,3478200
2025-09-30 11:51:00+05:30,98.75,99.3,97.05,97.4,12600,3478200
2025-09-30 11:52:00+05:30,97.25,97.25,94.6,95.45,54075,3475050
2025-09-30 11:53:00+05:30,95.45,96.05,92.95,96.05,76650,3475050
2025-09-30 11:54:00+05:30,96.0,96.9,93.75,94.65,44550,3475050
2025-09-30 11:55:00+05:30,94.7,94.75,92.6,94.4,101550,3482250
2025-09-30 11:56:00+05:30,94.3,94.3,92.4,93.45,33450,3482250
2025-09-30 11:57:00+05:30,93.0,94.25,92.0,93.65,36675,3482250
2025-09-30 11:58:00+05:30,93.7,93.7,90.75,91.5,72975,3523275
2025-09-30 11:59:00+05:30,91.15,92.95,90.45,92.05,46500,3523275
2025-09-30 12:00:00+05:30,92.2,93.0,90.0,90.65,102975,3523275
2025-09-30 12:01:00+05:30,90.9,93.1,90.75,92.55,76275,3584775
2025-09-30 12:02:00+05:30,92.55,96.1,92.25,94.8,82500,3584775
2025-09-30 12:03:00+05:30,95.0,95.5,92.85,94.1,54825,3584775
2025-09-30 12:04:00+05:30,94.9,96.9,94.5,96.15,25500,3634800
2025-09-30 12:05:00+05:30,96.7,99.4,96.2,99.15,111825,3634800
2025-09-30 12:06:00+05:30,99.4,100.7,96.25,97.25,147000,3634800
2025-09-30 12:07:00+05:30,97.8,97.85,95.25,95.95,106950,3606750
2025-09-30 12:08:00+05:30,95.9,98.3,95.0,96.9,27975,3606750
2025-09-30 12:09:00+05:30,97.35,98.5,97.0,98.5,23250,3606750
2025-09-30 12:10:00+05:30,98.4,99.15,97.3,98.45,35400,3617775
2025-09-30 12:11:00+05:30,98.6,99.55,97.15,98.2,55350,3617775
2025-09-30 12:12:00+05:30,97.7,98.55,96.25,96.4,43725,3617775
2025-09-30 12:13:00+05:30,96.2,96.7,94.75,95.7,76275,3601575
2025-09-30 12:14:00+05:30,95.85,98.2,95.6,96.6,30825,3601575
2025-09-30 12:15:00+05:30,96.8,98.4,95.9,95.9,21975,3601575
2025-09-30 12:16:00+05:30,95.85,99.7,95.5,99.4,49125,3630750
2025-09-30 12:17:00+05:30,99.4,102.9,99.2,100.85,171750,3630750
2025-09-30 12:18:00+05:30,101.05,102.55,100.85,101.4,59100,3630750
2025-09-30 12:19:00+05:30,101.45,102.4,99.7,102.2,32625,3619050
2025-09-30 12:20:00+05:30,102.3,103.9,101.15,103.0,79575,3619050
2025-09-30 12:21:00+05:30,103.1,103.15,101.05,102.75,63300,3619050
2025-09-30 12:22:00+05:30,102.9,109.1,102.9,104.85,331350,3565875
2025-09-30 12:23:00+05:30,105.65,105.65,101.8,102.0,74925,3565875
2025-09-30 12:24:00+05:30,101.8,103.5,100.5,102.55,103425,3565875
2025-09-30 12:25:00+05:30,102.55,103.9,99.4,100.05,69825,3597525
2025-09-30 12:26:00+05:30,100.3,106.8,100.05,105.6,132150,3597525
2025-09-30 12:27:00+05:30,106.0,106.8,104.2,105.05,64575,3597525
2025-09-30 12:28:00+05:30,104.4,104.75,102.5,104.4,89325,3630075
2025-09-30 12:29:00+05:30,104.5,104.5,102.25,104.3,45225,3630075
2025-09-30 12:30:00+05:30,103.75,104.5,101.95,104.0,88350,3630075
2025-09-30 12:31:00+05:30,103.85,104.05,101.9,103.0,72450,3609225
2025-09-30 12:32:00+05:30,102.5,108.85,102.5,107.8,216150,3609225
2025-09-30 12:33:00+05:30,108.15,110.25,103.9,104.35,243600,3609225
2025-09-30 12:34:00+05:30,104.15,107.2,103.9,105.4,62025,3627525
2025-09-30 12:35:00+05:30,105.4,106.3,103.35,103.65,54825,3627525
2025-09-30 12:36:00+05:30,103.0,105.7,102.35,105.0,136275,3627525
2025-09-30 12:37:00+05:30,105.3,107.5,104.0,104.25,107025,3704850
2025-09-30 12:38:00+05:30,103.9,103.9,98.05,100.95,244350,3704850
2025-09-30 12:39:00+05:30,101.45,105.9,101.25,105.5,134700,3704850
2025-09-30 12:40:00+05:30,105.05,105.45,100.2,100.5,88725,3696300
2025-09-30 12:41:00+05:30,100.55,102.35,100.0,100.95,55800,3696300
2025-09-30 12:42:00+05:30,101.1,102.35,99.25,99.3,69675,3696300
2025-09-30 12:43:00+05:30,99.45,100.9,96.6,98.15,96150,3724050
2025-09-30 12:44:00+05:30,98.4,100.35,96.95,99.65,40875,3724050
2025-09-30 12:45:00+05:30,99.7,100.15,97.6,99.85,81825,3704775
2025-09-30 12:46:00+05:30,99.65,101.55,99.0,99.6,127275,3704775
2025-09-30 12:47:00+05:30,99.35,99.7,96.6,97.15,39750,3704775
2025-09-30 12:48:00+05:30,96.65,98.8,96.1,98.8,54900,3704775
2025-09-30 12:49:00+05:30,98.95,99.1,96.2,96.9,49650,3730125
2025-09-30 12:50:00+05:30,96.35,97.25,95.2,97.0,50550,3730125
2025-09-30 12:51:00+05:30,97.0,98.2,95.8,98.2,52200,3730125
2025-09-30 12:52:00+05:30,98.65,100.0,98.3,99.45,49050,3765450
2025-09-30 12:53:00+05:30,99.85,100.85,97.75,98.0,32850,3765450
2025-09-30 12:54:00+05:30,97.95,99.7,97.95,99.5,15600,3765450
2025-09-30 12:55:00+05:30,99.5,100.0,98.6,99.75,27825,3767550
2025-09-30 12:56:00+05:30,99.2,99.2,94.1,95.45,108450,3767550
2025-09-30 12:57:00+05:30,95.25,98.95,95.0,98.45,27900,3767550
2025-09-30 12:58:00+05:30,98.5,98.95,95.7,95.9,31575,3777825
2025-09-30 12:59:00+05:30,95.8,99.0,95.8,96.75,21975,3777825
2025-09-30 13:00:00+05:30,97.0,98.55,96.7,98.4,19875,3777825
2025-09-30 13:01:00+05:30,98.9,99.0,93.1,94.7,75375,3783150
2025-09-30 13:02:00+05:30,94.4,95.9,93.05,95.8,88125,3783150
2025-09-30 13:03:00+05:30,95.4,95.4,93.1,93.5,39675,3783150
2025-09-30 13:04:00+05:30,93.75,96.0,92.8,96.0,58350,3822825
2025-09-30 13:05:00+05:30,95.45,97.9,94.5,97.65,47925,3822825
2025-09-30 13:06:00+05:30,97.65,98.05,94.8,95.95,44250,3822825
2025-09-30 13:07:00+05:30,95.7,96.4,94.85,95.0,53850,3853800
2025-09-30 13:08:00+05:30,94.85,98.75,94.85,98.3,26475,3853800
2025-09-30 13:09:00+05:30,98.5,101.3,98.0,101.25,84450,3853800
2025-09-30 13:10:00+05:30,101.1,101.7,99.25,100.15,85275,3852000
2025-09-30 13:11:00+05:30,100.15,105.45,99.9,103.45,222000,3852000
2025-09-30 13:12:00+05:30,103.5,103.8,100.05,100.6,57675,3852000
2025-09-30 13:13:00+05:30,100.75,102.25,100.0,100.0,67425,3835800
2025-09-30 13:14:00+05:30,100.0,100.0,96.5,98.65,98700,3835800
2025-09-30 13:15:00+05:30,98.7,101.85,98.6,100.65,112950,3835800
2025-09-30 13:16:00+05:30,100.75,101.8,98.5,100.1,66600,3842475
2025-09-30 13:17:00+05:30,100.1,104.05,99.75,104.05,72000,3842475
2025-09-30 13:18:00+05:30,103.75,104.3,99.9,100.0,66450,3842475
2025-09-30 13:19:00+05:30,99.9,101.1,98.35,99.75,36525,3802125
2025-09-30 13:20:00+05:30,99.75,100.15,97.8,98.7,28725,3802125
2025-09-30 13:21:00+05:30,98.9,100.2,98.8,98.9,35325,3802125
2025-09-30 13:22:00+05:30,98.5,98.8,97.05,97.35,36000,3819600
2025-09-30 13:23:00+05:30,97.2,97.2,92.6,94.1,95625,3819600
2025-09-30 13:24:00+05:30,93.85,95.95,93.35,94.75,51375,3819600
2025-09-30 13:25:00+05:30,94.75,95.3,93.95,94.9,43650,3839325
2025-09-30 13:26:00+05:30,95.05,96.05,94.55,95.25,23100,3839325
2025-09-30 13:27:00+05:30,95.35,95.4,93.3,93.6,38325,3839325
2025-09-30 13:28:00+05:30,93.5,93.5,88.95,92.3,216975,3860850
2025-09-30 13:29:00+05:30,91.95,93.0,91.6,92.4,30450,3860850
2025-09-30 13:30:00+05:30,92.1,92.75,90.55,91.45,44400,3860850
2025-09-30 13:31:00+05:30,91.2,91.9,89.55,90.95,57675,3877350
2025-09-30 13:32:00+05:30,90.9,91.3,89.5,89.65,70500,3877350
2025-09-30 13:33:00+05:30,89.5,89.85,86.2,86.75,119025,3877350
2025-09-30 13:34:00+05:30,86.5,90.3,86.15,90.3,68475,3902850
2025-09-30 13:35:00+05:30,90.3,90.8,88.2,90.15,57450,3902850
2025-09-30 13:36:00+05:30,90.45,91.85,88.65,91.5,44100,3902850
2025-09-30 13:37:00+05:30,91.9,92.9,90.15,90.85,57900,3924375
2025-09-30 13:38:00+05:30,90.9,91.2,89.3,89.35,28725,3924375
2025-09-30 13:39:00+05:30,89.15,90.15,87.9,89.2,37650,3924375
2025-09-30 13:40:00+05:30,89.4,89.85,88.55,89.45,29475,3937950
2025-09-30 13:41:00+05:30,89.8,90.0,86.8,88.6,52425,3937950
2025-09-30 13:42:00+05:30,88.95,90.45,88.0,89.0,42675,3937950
2025-09-30 13:43:00+05:30,89.05,90.55,88.5,89.5,69075,3939075
2025-09-30 13:44:00+05:30,89.1,90.2,88.8,90.0,11850,3939075
2025-09-30 13:45:00+05:30,89.55,89.9,88.2,89.9,22875,3939075
2025-09-30 13:46:00+05:30,89.5,91.15,89.5,90.9,36750,3947025
2025-09-30 13:47:00+05:30,91.1,91.9,90.0,91.0,45075,3947025
2025-09-30 13:48:00+05:30,91.05,91.5,89.9,91.3,19650,3947025
2025-09-30 13:49:00+05:30,91.45,92.0,90.55,91.0,28350,3959775
2025-09-30 13:50:00+05:30,90.8,92.0,90.1,91.6,40800,3959775
2025-09-30 13:51:00+05:30,91.5,92.4,90.4,90.45,36150,3959775
2025-09-30 13:52:00+05:30,91.15,92.9,90.0,92.75,45525,3966450
2025-09-30 13:53:00+05:30,92.15,92.65,87.7,87.9,58575,3966450
2025-09-30 13:54:00+05:30,87.95,89.25,86.0,86.45,93600,3966450
2025-09-30 13:55:00+05:30,86.3,89.75,83.8,88.9,134625,3959850
2025-09-30 13:56:00+05:30,88.4,89.0,87.35,88.7,41025,3959850
2025-09-30 13:57:00+05:30,88.45,89.0,87.8,88.7,36075,3959850
2025-09-30 13:58:00+05:30,88.4,90.9,88.35,90.35,47625,3971250
2025-09-30 13:59:00+05:30,90.5,90.6,88.55,89.0,16350,3971250
2025-09-30 14:00:00+05:30,89.0,89.65,87.6,88.1,33525,3971250
2025-09-30 14:01:00+05:30,88.25,90.45,88.25,89.9,28575,3976875
2025-09-30 14:02:00+05:30,89.95,90.05,88.8,88.8,24750,3976875
2025-09-30 14:03:00+05:30,89.25,89.8,84.85,85.35,89925,3976875
2025-09-30 14:04:00+05:30,85.15,89.8,85.0,89.7,92775,3968475
2025-09-30 14:05:00+05:30,89.45,90.15,88.35,89.3,58125,3968475
2025-09-30 14:06:00+05:30,89.35,91.15,88.8,89.95,50400,3968475
2025-09-30 14:07:00+05:30,89.95,92.0,89.7,91.05,59475,3973125
2025-09-30 14:08:00+05:30,91.5,91.5,87.7,88.6,51975,3973125
2025-09-30 14:09:00+05:30,88.35,89.4,86.4,86.4,89775,3973125
2025-09-30 14:10:00+05:30,86.2,87.1,81.7,82.7,243900,3965850
2025-09-30 14:11:00+05:30,82.4,82.6,78.9,81.45,394800,3965850
2025-09-30 14:12:00+05:30,81.35,82.7,80.2,80.8,182850,3965850
2025-09-30 14:13:00+05:30,80.65,83.25,80.4,81.7,132075,3987300
2025-09-30 14:14:00+05:30,81.45,84.55,81.25,83.0,162750,3987300
2025-09-30 14:15:00+05:30,83.15,83.15,79.0,79.35,149925,3987300
2025-09-30 14:16:00+05:30,80.15,80.55,78.25,80.2,125775,4040175
2025-09-30 14:17:00+05:30,80.15,81.05,79.85,80.25,59850,4040175
2025-09-30 14:18:00+05:30,80.4,81.1,80.0,80.45,63525,4040175
2025-09-30 14:19:00+05:30,80.35,80.4,75.25,76.3,296400,4066050
2025-09-30 14:20:00+05:30,76.2,76.45,73.95,74.35,384000,4066050
2025-09-30 14:21:00+05:30,74.25,75.4,73.6,74.3,208200,4066050
2025-09-30 14:22:00+05:30,74.4,78.35,72.45,77.6,268050,4102800
2025-09-30 14:23:00+05:30,77.95,82.75,76.95,82.7,235275,4102800
2025-09-30 14:24:00+05:30,82.9,85.25,81.35,81.85,348300,4102800
2025-09-30 14:25:00+05:30,81.45,82.65,78.95,81.5,193425,4102800
2025-09-30 14:26:00+05:30,81.5,84.0,80.4,82.8,107700,4031550
2025-09-30 14:27:00+05:30,82.75,83.55,81.95,83.25,55575,4031550
2025-09-30 14:28:00+05:30,83.3,83.95,81.8,82.45,55200,4031550
2025-09-30 14:29:00+05:30,82.55,83.0,81.3,81.75,68175,4034025
2025-09-30 14:30:00+05:30,81.55,84.95,80.4,82.65,219150,4034025
2025-09-30 14:31:00+05:30,82.9,84.35,81.35,82.1,99975,4034025
2025-09-30 14:32:00+05:30,81.65,83.25,79.7,82.85,116100,4027575
2025-09-30 14:33:00+05:30,83.2,83.4,81.55,82.2,64950,4027575
2025-09-30 14:34:00+05:30,82.35,83.9,82.35,83.35,90600,4027575
2025-09-30 14:35:00+05:30,83.7,89.0,83.15,88.95,295800,4014825
2025-09-30 14:36:00+05:30,89.0,91.95,86.75,88.05,314175,4014825
2025-09-30 14:37:00+05:30,88.15,89.15,83.75,85.3,161700,4014825
2025-09-30 14:38:00+05:30,85.5,87.95,85.0,87.65,75600,4009350
2025-09-30 14:39:00+05:30,87.7,89.55,86.65,89.05,122625,4009350
2025-09-30 14:40:00+05:30,89.2,91.5,88.05,89.3,79350,4009350
2025-09-30 14:41:00+05:30,89.45,91.75,88.35,88.6,170100,4001850
2025-09-30 14:42:00+05:30,88.55,89.25,87.05,88.55,88275,4001850
2025-09-30 14:43:00+05:30,88.6,88.75,86.1,86.35,112875,4001850
2025-09-30 14:44:00+05:30,86.95,89.55,86.6,89.55,78225,3962325
2025-09-30 14:45:00+05:30,89.9,91.9,89.0,90.15,126750,3962325
2025-09-30 14:46:00+05:30,90.8,93.5,90.1,92.0,119400,3962325
2025-09-30 14:47:00+05:30,92.45,92.45,81.5,82.2,238500,3953175
2025-09-30 14:48:00+05:30,82.1,83.4,79.3,82.55,205500,3953175
2025-09-30 14:49:00+05:30,82.7,86.55,82.45,84.0,220200,3953175
2025-09-30 14:50:00+05:30,83.5,83.95,81.15,82.35,84225,3969600
2025-09-30 14:51:00+05:30,82.25,83.0,79.85,82.7,148950,3969600
2025-09-30 14:52:00+05:30,82.4,85.8,82.4,84.45,158175,3969600
2025-09-30 14:53:00+05:30,84.5,85.1,83.55,84.7,82875,3980775
2025-09-30 14:54:00+05:30,85.0,86.9,84.55,84.75,195225,3980775
2025-09-30 14:55:00+05:30,84.5,85.55,82.45,83.55,171525,3980775
2025-09-30 14:56:00+05:30,83.55,86.55,83.0,85.45,61125,3908025
2025-09-30 14:57:00+05:30,85.5,85.9,83.4,85.55,73050,3908025
2025-09-30 14:58:00+05:30,85.15,87.4,84.8,86.5,97500,3908025
2025-09-30 14:59:00+05:30,86.7,87.55,85.35,86.1,111375,3904500
2025-09-30 15:00:00+05:30,86.0,86.35,82.1,84.95,123225,3904500
2025-09-30 15:01:00+05:30,85.25,85.25,81.35,81.6,136575,3904500
2025-09-30 15:02:00+05:30,81.5,82.0,80.8,81.8,96600,3954525
2025-09-30 15:03:00+05:30,81.65,82.45,81.0,81.1,84675,3954525
2025-09-30 15:04:00+05:30,81.3,81.4,79.15,80.15,253650,3954525
2025-09-30 15:05:00+05:30,80.1,80.3,77.7,78.15,111150,3915825
2025-09-30 15:06:00+05:30,78.15,80.35,77.95,79.95,161925,3915825
2025-09-30 15:07:00+05:30,79.95,80.9,76.8,76.8,121200,3915825
2025-09-30 15:08:00+05:30,76.8,77.5,76.25,77.05,172050,3955575
2025-09-30 15:09:00+05:30,77.0,78.3,75.8,78.3,172800,3955575
2025-09-30 15:10:00+05:30,78.15,78.65,77.45,77.65,134925,3955575
2025-09-30 15:11:00+05:30,77.85,78.55,77.4,77.75,93525,3956850
2025-09-30 15:12:00+05:30,77.65,78.8,77.65,78.1,88050,3956850
2025-09-30 15:13:00+05:30,77.9,78.5,77.05,77.35,63750,3956850
2025-09-30 15:14:00+05:30,77.4,78.7,77.2,78.2,109950,3959700
2025-09-30 15:15:00+05:30,78.1,78.5,75.5,75.85,174750,3959700
2025-09-30 15:16:00+05:30,75.7,76.75,75.5,75.8,147300,3959700
2025-09-30 15:17:00+05:30,75.9,76.85,75.9,76.1,127425,4024875
2025-09-30 15:18:00+05:30,76.0,76.5,75.0,75.35,116175,4024875
2025-09-30 15:19:00+05:30,75.4,76.7,75.35,76.55,130875,4024875
2025-09-30 15:20:00+05:30,76.5,77.0,76.2,76.4,141750,4055550
2025-09-30 15:21:00+05:30,76.5,77.9,76.5,77.3,165675,4055550
2025-09-30 15:22:00+05:30,77.25,77.5,75.95,76.75,107100,4055550
2025-09-30 15:23:00+05:30,76.7,77.3,76.25,76.5,121575,4050000
2025-09-30 15:24:00+05:30,76.55,77.75,76.55,77.5,192450,4050000
2025-09-30 15:25:00+05:30,77.5,77.8,76.55,76.7,154575,4050000
2025-09-30 15:26:00+05:30,76.9,77.3,76.4,77.3,108750,4055850
2025-09-30 15:27:00+05:30,77.05,77.55,76.8,77.25,160725,4055850
2025-09-30 15:28:00+05:30,77.05,77.35,76.6,77.1,197700,4055850
2025-09-30 15:29:00+05:30,77.1,78.0,76.6,77.8,227100,3942375
2025-10-01 09:15:00+05:30,74.9,76.65,62.1,65.7,1209000,4172100
2025-10-01 09:16:00+05:30,65.75,66.85,61.2,62.55,913425,4172100
2025-10-01 09:17:00+05:30,62.25,67.8,60.5,67.4,970275,4172100
2025-10-01 09:18:00+05:30,67.5,68.5,63.9,64.35,970725,4924200
2025-10-01 09:19:00+05:30,64.35,65.45,61.35,61.55,657000,4924200
2025-10-01 09:20:00+05:30,61.6,62.9,58.0,62.75,858375,5424000
2025-10-01 09:21:00+05:30,62.75,63.35,60.0,62.4,498450,5424000
2025-10-01 09:22:00+05:30,62.2,64.35,61.0,61.55,503700,5424000
2025-10-01 09:23:00+05:30,61.75,64.3,60.6,63.75,462900,5424000
2025-10-01 09:24:00+05:30,63.75,65.2,62.15,65.2,490875,5619600
2025-10-01 09:25:00+05:30,65.15,67.1,63.95,65.55,634725,5619600
2025-10-01 09:26:00+05:30,65.4,66.85,62.55,66.25,567450,5619600
2025-10-01 09:27:00+05:30,66.15,67.7,65.15,65.7,395475,5642250
2025-10-01 09:28:00+05:30,65.7,69.2,65.55,67.25,528675,5642250
2025-10-01 09:29:00+05:30,67.1,69.2,66.1,67.95,445125,5642250
2025-10-01 09:30:00+05:30,67.8,70.2,66.25,69.25,674850,5757675
2025-10-01 09:31:00+05:30,69.15,69.95,66.7,66.9,566475,5757675
2025-10-01 09:32:00+05:30,66.8,67.95,65.7,67.35,369450,5757675
2025-10-01 09:33:00+05:30,67.25,70.35,67.2,69.3,485100,5876475
2025-10-01 09:34:00+05:30,69.3,72.65,69.1,69.5,532650,5876475
2025-10-01 09:35:00+05:30,69.6,72.0,68.25,68.55,453975,5876475
2025-10-01 09:36:00+05:30,68.55,72.2,68.15,71.85,437175,5996400
2025-10-01 09:37:00+05:30,71.7,72.4,70.5,70.6,415050,5996400
2025-10-01 09:38:00+05:30,70.5,70.75,68.7,70.0,340050,5996400
2025-10-01 09:39:00+05:30,69.95,73.0,69.4,71.95,421650,6112650
2025-10-01 09:40:00+05:30,71.9,72.3,69.5,71.55,315450,6112650
2025-10-01 09:41:00+05:30,71.6,73.8,71.3,72.9,477225,6112650
2025-10-01 09:42:00+05:30,72.75,76.5,72.45,75.15,894075,6108600
2025-10-01 09:43:00+05:30,75.3,81.0,74.4,80.4,909300,6108600
2025-10-01 09:44:00+05:30,80.55,84.9,79.65,81.85,1136700,5947650
2025-10-01 09:45:00+05:30,81.55,83.15,79.25,80.35,682200,5947650
2025-10-01 09:46:00+05:30,80.3,80.75,77.65,78.25,541725,5947650
2025-10-01 09:47:00+05:30,78.15,82.2,77.9,81.65,551475,5947650
2025-10-01 09:48:00+05:30,81.5,86.35,81.35,85.8,962175,6034650
2025-10-01 09:49:00+05:30,86.0,86.6,84.4,85.85,861675,6034650
2025-10-01 09:50:00+05:30,85.65,86.25,78.3,78.65,904650,6034650
2025-10-01 09:51:00+05:30,78.85,79.0,75.0,75.15,800925,6090600
2025-10-01 09:52:00+05:30,75.15,76.25,73.2,74.3,549000,6090600
2025-10-01 09:53:00+05:30,74.1,74.9,72.3,73.45,469275,6090600
2025-10-01 09:54:00+05:30,73.35,79.3,72.6,79.15,746700,6245025
2025-10-01 09:55:00+05:30,79.0,80.55,77.8,78.1,844425,6245025
2025-10-01 09:56:00+05:30,78.2,78.9,75.0,75.8,380625,6245025
2025-10-01 09:57:00+05:30,75.65,77.35,74.35,74.95,284550,6335175
2025-10-01 09:58:00+05:30,74.6,77.5,74.55,77.0,287475,6335175
2025-10-01 09:59:00+05:30,77.0,77.2,75.85,76.9,207675,6335175
2025-10-01 10:00:00+05:30,77.0,79.5,75.0,77.05,339600,6475050
2025-10-01 10:01:00+05:30,77.0,80.3,76.8,78.7,460500,6475050
2025-10-01 10:02:00+05:30,78.75,79.0,75.25,77.6,429000,6475050
2025-10-01 10:03:00+05:30,77.35,77.9,58.55,65.0,2707425,6397425
2025-10-01 10:04:00+05:30,64.75,65.15,57.7,58.2,1579875,6397425
2025-10-01 10:05:00+05:30,58.15,59.2,53.75,54.1,1078500,6397425
2025-10-01 10:06:00+05:30,54.05,57.65,53.0,55.25,1067850,6729600
2025-10-01 10:07:00+05:30,55.25,59.75,53.85,58.9,825150,6729600
2025-10-01 10:08:00+05:30,58.75,65.0,58.6,60.65,1022625,6729600
2025-10-01 10:09:00+05:30,60.65,63.4,59.15,60.2,803400,6986250
2025-10-01 10:10:00+05:30,59.9,61.25,58.3,60.6,496200,6986250
2025-10-01 10:11:00+05:30,60.5,63.2,59.9,62.4,533400,6986250
2025-10-01 10:12:00+05:30,62.5,63.0,59.0,59.8,462750,7121175
2025-10-01 10:13:00+05:30,59.8,61.45,58.65,60.4,370500,7121175
2025-10-01 10:14:00+05:30,60.55,63.55,59.95,61.7,476700,7121175
2025-10-01 10:15:00+05:30,61.7,63.35,60.8,61.2,350025,7159725
2025-10-01 10:16:00+05:30,61.25,63.55,58.75,59.0,764625,7159725
2025-10-01 10:17:00+05:30,58.95,62.7,58.35,62.25,429450,7159725
2025-10-01 10:18:00+05:30,62.15,63.65,61.8,62.8,398325,7301100
2025-10-01 10:19:00+05:30,62.85,63.5,60.5,61.8,398325,7301100
2025-10-01 10:20:00+05:30,61.65,62.9,60.6,62.65,297150,7301100
2025-10-01 10:21:00+05:30,62.5,62.8,57.8,58.5,526575,7395300
2025-10-01 10:22:00+05:30,58.6,59.4,55.75,58.5,645600,7395300
2025-10-01 10:23:00+05:30,58.5,59.3,56.25,58.5,293250,7395300
2025-10-01 10:24:00+05:30,58.5,59.65,57.85,59.35,249900,7389975
2025-10-01 10:25:00+05:30,59.25,60.3,58.35,59.85,379875,7389975
2025-10-01 10:26:00+05:30,59.7,61.15,58.8,59.0,736050,7389975
2025-10-01 10:27:00+05:30,59.05,60.45,58.2,59.8,276300,7806525
2025-10-01 10:28:00+05:30,59.9,63.15,59.6,62.2,549300,7806525
2025-10-01 10:29:00+05:30,62.4,64.3,62.0,63.6,491850,7806525
2025-10-01 10:30:00+05:30,63.7,66.9,63.4,66.5,604200,7852350
2025-10-01 10:31:00+05:30,66.55,74.1,66.2,72.55,1210575,7852350
2025-10-01 10:32:00+05:30,72.7,75.4,72.1,75.3,1172325,7852350
2025-10-01 10:33:00+05:30,75.15,77.0,73.25,74.8,714075,7516125
2025-10-01 10:34:00+05:30,74.8,75.35,70.95,74.7,616125,7516125
2025-10-01 10:35:00+05:30,74.65,75.05,72.35,73.0,540750,7656000
2025-10-01 10:36:00+05:30,72.9,75.25,71.25,71.9,572850,7656000
2025-10-01 10:37:00+05:30,71.95,74.0,71.35,71.4,295950,7656000
2025-10-01 10:38:00+05:30,71.3,72.2,69.4,71.05,541425,7656000
2025-10-01 10:39:00+05:30,71.0,71.0,66.5,66.8,567225,7555275
2025-10-01 10:40:00+05:30,66.8,68.8,65.45,68.35,454575,7555275
2025-10-01 10:41:00+05:30,68.5,70.45,67.8,69.0,385350,7555275
2025-10-01 10:42:00+05:30,68.85,69.0,65.8,66.55,380325,7758975
2025-10-01 10:43:00+05:30,66.55,66.8,63.0,64.35,703275,7758975
2025-10-01 10:44:00+05:30,64.25,64.45,61.05,61.4,1730850,8841375
2025-10-01 10:45:00+05:30,61.35,61.5,58.6,58.95,1483200,8841375
2025-10-01 10:46:00+05:30,58.9,59.95,58.1,59.0,911025,8841375
2025-10-01 10:47:00+05:30,58.85,61.9,58.15,61.9,525975,8841375
2025-10-01 10:48:00+05:30,61.8,62.65,59.2,60.65,430050,9298350
2025-10-01 10:49:00+05:30,60.6,63.2,59.85,62.9,357900,9298350
2025-10-01 10:50:00+05:30,62.95,64.4,61.45,62.3,463650,9298350
2025-10-01 10:51:00+05:30,62.2,63.9,61.1,63.75,249675,9408150
2025-10-01 10:52:00+05:30,63.7,63.75,61.75,63.0,270375,9408150
2025-10-01 10:53:00+05:30,62.85,63.5,61.2,62.75,247425,9408150
2025-10-01 10:54:00+05:30,62.85,64.0,61.9,63.0,294000,9408150
2025-10-01 10:55:00+05:30,63.15,64.65,63.0,64.0,348975,9477150
2025-10-01 10:56:00+05:30,63.75,64.8,62.8,64.15,358875,9477150
2025-10-01 10:57:00+05:30,64.0,64.85,63.1,63.5,218625,9477150
2025-10-01 10:58:00+05:30,63.65,64.55,62.8,63.95,200925,9564000
2025-10-01 10:59:00+05:30,63.9,65.7,63.6,65.2,363675,9564000
2025-10-01 11:00:00+05:30,65.0,65.5,63.15,64.9,365250,9564000
2025-10-01 11:01:00+05:30,65.05,67.0,65.05,66.1,411000,9537150
2025-10-01 11:02:00+05:30,66.05,67.55,66.0,67.0,326700,9537150
2025-10-01 11:03:00+05:30,67.0,70.5,66.95,69.75,548100,9537150
2025-10-01 11:04:00+05:30,69.8,70.9,67.25,67.95,418275,9463875
2025-10-01 11:05:00+05:30,67.9,68.75,66.65,67.0,269625,9463875
2025-10-01 11:06:00+05:30,66.8,67.5,65.2,66.15,293700,9463875
2025-10-01 11:07:00+05:30,66.05,68.85,66.0,68.25,248850,9400350
2025-10-01 11:08:00+05:30,68.35,71.6,68.35,71.25,483600,9400350
2025-10-01 11:09:00+05:30,71.3,73.4,70.85,72.65,430800,9400350
2025-10-01 11:10:00+05:30,72.6,73.1,71.35,71.95,376125,9376500
2025-10-01 11:11:00+05:30,71.85,71.95,69.8,70.95,321525,9376500
2025-10-01 11:12:00+05:30,70.95,77.25,70.45,76.45,805950,9301425
2025-10-01 11:13:00+05:30,76.7,78.3,74.85,75.5,857325,9301425
2025-10-01 11:14:00+05:30,75.4,76.75,74.3,76.45,478125,9301425
2025-10-01 11:15:00+05:30,76.4,84.45,76.35,83.75,1838400,9204750
2025-10-01 11:16:00+05:30,84.0,87.35,83.6,86.15,1570575,9204750
2025-10-01 11:17:00+05:30,86.1,86.8,83.0,86.2,1086900,9204750
2025-10-01 11:18:00+05:30,85.95,88.05,84.7,85.15,1056450,9204750
2025-10-01 11:19:00+05:30,85.15,86.85,82.65,83.65,790725,8980200
2025-10-01 11:20:00+05:30,83.6,90.3,83.2,87.05,1440150,8980200
2025-10-01 11:21:00+05:30,86.8,87.1,81.85,84.3,805425,8980200
2025-10-01 11:22:00+05:30,84.25,87.25,83.85,85.35,550050,8854800
2025-10-01 11:23:00+05:30,85.4,85.8,81.25,82.35,582975,8854800
2025-10-01 11:24:00+05:30,82.45,83.6,81.65,83.0,365850,8854800
2025-10-01 11:25:00+05:30,82.75,84.6,82.5,84.35,356775,9003600
2025-10-01 11:26:00+05:30,84.2,86.65,83.55,86.5,425925,9003600
2025-10-01 11:27:00+05:30,86.5,89.35,86.3,88.05,1252275,8804325
2025-10-01 11:28:00+05:30,88.05,88.8,86.9,87.6,502500,8804325
2025-10-01 11:29:00+05:30,87.55,88.2,85.9,87.8,398250,8804325
2025-10-01 11:30:00+05:30,87.95,94.5,87.7,94.15,1278525,8804325
2025-10-01 11:31:00+05:30,94.15,97.65,93.75,97.15,1621350,8443425
2025-10-01 11:32:00+05:30,97.2,98.25,94.5,96.95,1083675,8443425
2025-10-01 11:33:00+05:30,96.8,99.9,95.6,99.6,1065675,8186700
2025-10-01 11:34:00+05:30,99.6,99.8,96.8,98.2,1025025,8186700
2025-10-01 11:35:00+05:30,98.2,102.4,96.15,98.3,1360650,8186700
2025-10-01 11:36:00+05:30,98.3,98.7,95.05,96.7,776400,8186700
2025-10-01 11:37:00+05:30,96.75,97.75,94.1,94.8,506550,8289900
2025-10-01 11:38:00+05:30,94.95,97.4,93.8,97.1,577050,8289900
2025-10-01 11:39:00+05:30,97.1,99.45,96.85,98.15,650325,8289900
2025-10-01 11:40:00+05:30,98.0,99.2,96.25,96.75,532875,8301825
2025-10-01 11:41:00+05:30,96.75,98.2,96.0,97.05,356775,8301825
2025-10-01 11:42:00+05:30,97.05,104.25,96.6,104.05,1200450,8301825
2025-10-01 11:43:00+05:30,104.1,111.05,103.7,110.35,2115900,8202075
2025-10-01 11:44:00+05:30,110.25,117.8,107.3,117.1,1968000,8202075
2025-10-01 11:45:00+05:30,117.15,118.8,113.25,117.75,1907100,8006925
2025-10-01 11:46:00+05:30,117.75,120.75,115.3,119.25,1653225,8006925
2025-10-01 11:47:00+05:30,119.5,120.0,115.45,117.05,1178850,8006925
2025-10-01 11:48:00+05:30,117.05,122.85,115.65,118.25,1702725,8006925
2025-10-01 11:49:00+05:30,118.3,124.0,116.8,122.05,1493250,7890225
2025-10-01 11:50:00+05:30,122.1,123.0,117.7,122.25,963525,7890225
2025-10-01 11:51:00+05:30,122.25,123.7,120.9,122.95,848250,7890225
2025-10-01 11:52:00+05:30,122.95,123.1,118.0,118.55,715725,7941675
2025-10-01 11:53:00+05:30,118.55,119.85,114.65,118.5,1033725,7941675
2025-10-01 11:54:00+05:30,118.2,120.15,117.3,118.75,539850,7941675
2025-10-01 11:55:00+05:30,118.7,120.2,115.7,120.15,495975,8000625
2025-10-01 11:56:00+05:30,120.1,132.6,119.2,131.35,2363175,8000625
2025-10-01 11:57:00+05:30,131.6,133.15,127.65,130.35,1629975,8000625
2025-10-01 11:58:00+05:30,130.05,131.4,126.0,130.9,878850,7870500
2025-10-01 11:59:00+05:30,130.85,137.65,129.4,133.85,1469550,7870500
2025-10-01 12:00:00+05:30,134.1,134.2,129.6,131.6,984150,7745625
2025-10-01 12:01:00+05:30,131.5,132.6,128.9,129.85,627450,7745625
2025-10-01 12:02:00+05:30,129.8,130.7,126.3,129.8,791625,7745625
2025-10-01 12:03:00+05:30,129.95,131.9,129.0,130.55,728700,7745625
2025-10-01 12:04:00+05:30,130.5,140.45,130.25,140.25,2021400,7747875
2025-10-01 12:05:00+05:30,140.25,144.2,138.75,142.35,2899950,7747875
2025-10-01 12:06:00+05:30,142.45,144.0,135.45,136.0,1798275,7747875
2025-10-01 12:07:00+05:30,135.95,137.8,132.7,133.1,766050,6470775
2025-10-01 12:08:00+05:30,132.9,136.7,131.2,133.85,639150,6470775
2025-10-01 12:09:00+05:30,133.85,136.8,133.25,133.5,426975,6470775
2025-10-01 12:10:00+05:30,133.45,139.7,132.6,139.25,749475,6385650
2025-10-01 12:11:00+05:30,138.95,142.95,137.6,142.75,1076550,6385650
2025-10-01 12:12:00+05:30,142.8,144.5,139.0,140.4,848025,6385650
2025-10-01 12:13:00+05:30,140.6,141.9,139.6,140.25,322275,6459750
2025-10-01 12:14:00+05:30,140.4,141.5,136.4,136.95,552675,6459750
2025-10-01 12:15:00+05:30,137.2,142.0,135.4,136.4,467775,6347775
2025-10-01 12:16:00+05:30,136.4,140.8,136.4,139.3,382350,6347775
2025-10-01 12:17:00+05:30,139.15,139.8,132.75,134.15,687525,6347775
2025-10-01 12:18:00+05:30,134.0,134.6,128.6,132.4,932025,6347775
2025-10-01 12:19:00+05:30,132.0,133.65,128.0,128.65,559050,6075225
2025-10-01 12:20:00+05:30,128.55,130.75,124.0,127.55,861225,6075225
2025-10-01 12:21:00+05:30,127.15,128.65,123.5,124.2,523575,6075225
2025-10-01 12:22:00+05:30,124.0,125.35,122.1,124.35,748200,6042225
2025-10-01 12:23:00+05:30,124.4,126.6,123.5,126.0,497025,6042225
2025-10-01 12:24:00+05:30,125.85,125.85,121.7,122.9,455925,6042225
2025-10-01 12:25:00+05:30,122.95,122.95,116.3,116.7,996675,6132300
2025-10-01 12:26:00+05:30,116.75,123.75,115.35,123.15,1069275,6132300
2025-10-01 12:27:00+05:30,123.15,125.2,121.0,124.5,1044825,6132300
2025-10-01 12:28:00+05:30,124.5,124.95,117.5,120.6,625500,6494400
2025-10-01 12:29:00+05:30,120.45,124.5,120.05,124.3,448800,6494400
2025-10-01 12:30:00+05:30,124.35,124.35,118.5,122.85,387075,6631650
2025-10-01 12:31:00+05:30,122.8,122.9,119.2,119.35,300750,6631650
2025-10-01 12:32:00+05:30,119.55,122.5,119.1,121.25,222525,6631650
2025-10-01 12:33:00+05:30,121.0,122.35,113.3,114.05,810675,6597000
2025-10-01 12:34:00+05:30,114.0,114.85,111.7,114.35,775575,6597000
2025-10-01 12:35:00+05:30,114.25,117.8,113.0,114.4,611625,6597000
2025-10-01 12:36:00+05:30,114.35,115.0,110.0,111.9,569175,6597000
2025-10-01 12:37:00+05:30,111.9,115.4,110.8,115.15,472275,6712050
2025-10-01 12:38:00+05:30,114.9,119.45,114.8,117.9,657975,6712050
2025-10-01 12:39:00+05:30,117.95,121.8,117.7,121.1,794625,6712050
2025-10-01 12:40:00+05:30,121.0,123.35,117.5,123.05,700875,6939600
2025-10-01 12:41:00+05:30,123.05,123.5,115.7,116.2,668175,6939600
2025-10-01 12:42:00+05:30,116.2,118.85,115.8,117.85,336000,6939600
2025-10-01 12:43:00+05:30,117.6,118.8,114.0,114.15,402225,7076325
2025-10-01 12:44:00+05:30,114.4,115.5,107.2,107.8,802575,7076325
2025-10-01 12:45:00+05:30,107.8,110.0,106.3,108.0,618150,7076325
2025-10-01 12:46:00+05:30,107.7,109.25,104.0,104.6,804225,6969600
2025-10-01 12:47:00+05:30,104.45,109.8,104.45,109.7,784050,6969600
2025-10-01 12:48:00+05:30,109.65,114.3,109.4,113.35,938400,6969600
2025-10-01 12:49:00+05:30,113.1,115.0,111.75,112.5,624375,7177125
2025-10-01 12:50:00+05:30,112.65,113.7,110.45,113.4,403800,7177125
2025-10-01 12:51:00+05:30,113.3,113.5,108.15,108.8,445950,7299450
2025-10-01 12:52:00+05:30,108.8,112.45,108.3,111.5,307650,7299450
2025-10-01 12:53:00+05:30,111.5,113.25,111.05,112.85,229425,7299450
2025-10-01 12:54:00+05:30,112.85,113.3,111.2,112.8,266850,7299450
2025-10-01 12:55:00+05:30,112.8,113.1,109.55,110.4,397725,7479150
2025-10-01 12:56:00+05:30,110.45,114.4,110.25,113.3,380625,7479150
2025-10-01 12:57:00+05:30,113.15,113.15,105.1,106.65,797100,7479150
2025-10-01 12:58:00+05:30,106.3,107.0,102.15,102.6,774975,7293300
2025-10-01 12:59:00+05:30,102.4,104.0,100.55,102.1,611400,7293300
2025-10-01 13:00:00+05:30,102.0,104.2,100.35,103.75,559875,7293300
2025-10-01 13:01:00+05:30,103.75,107.0,103.55,105.4,734025,7428825
2025-10-01 13:02:00+05:30,105.4,106.0,101.1,102.8,426000,7428825
2025-10-01 13:03:00+05:30,102.6,102.9,100.25,101.1,345900,7428825
2025-10-01 13:04:00+05:30,101.1,101.75,98.65,99.45,475275,7603275
2025-10-01 13:05:00+05:30,99.55,101.8,99.45,101.8,290325,7603275
2025-10-01 13:06:00+05:30,101.85,103.65,101.05,102.5,453075,7603275
2025-10-01 13:07:00+05:30,102.25,103.3,99.6,102.8,362325,7764525
2025-10-01 13:08:00+05:30,102.7,106.0,102.25,105.1,366450,7764525
2025-10-01 13:09:00+05:30,105.25,106.85,105.05,106.5,490125,7764525
2025-10-01 13:10:00+05:30,106.4,107.45,101.0,101.45,572550,7847775
2025-10-01 13:11:00+05:30,101.5,103.3,101.0,101.9,288150,7847775
2025-10-01 13:12:00+05:30,101.9,103.5,101.0,101.15,242100,7847775
2025-10-01 13:13:00+05:30,101.15,112.5,101.0,111.3,1080150,7911600
2025-10-01 13:14:00+05:30,111.25,111.85,108.9,111.45,658425,7911600
2025-10-01 13:15:00+05:30,111.65,113.2,110.2,111.85,808650,7911600
2025-10-01 13:16:00+05:30,111.85,112.5,104.4,104.95,894600,8207625
2025-10-01 13:17:00+05:30,105.15,107.2,103.35,106.55,573525,8207625
2025-10-01 13:18:00+05:30,106.55,110.0,106.25,108.9,515175,8207625
2025-10-01 13:19:00+05:30,108.9,111.75,108.5,110.4,485025,8118825
2025-10-01 13:20:00+05:30,110.45,111.4,108.2,111.2,355350,8118825
2025-10-01 13:21:00+05:30,111.15,111.95,108.75,111.8,340125,8118825
2025-10-01 13:22:00+05:30,111.55,115.0,111.5,113.2,747300,8122500
2025-10-01 13:23:00+05:30,113.2,116.0,112.55,115.1,584400,8122500
2025-10-01 13:24:00+05:30,115.25,115.35,112.1,114.3,534225,8122500
2025-10-01 13:25:00+05:30,114.15,116.55,113.0,113.65,644250,8160300
2025-10-01 13:26:00+05:30,113.35,118.0,112.7,117.9,583650,8160300
2025-10-01 13:27:00+05:30,117.7,123.3,117.25,122.5,1593525,7797450
2025-10-01 13:28:00+05:30,122.9,126.0,122.35,124.55,1191300,7797450
2025-10-01 13:29:00+05:30,124.6,124.9,121.3,123.65,908775,7797450
2025-10-01 13:30:00+05:30,123.5,125.85,121.65,122.25,881850,7797450
2025-10-01 13:31:00+05:30,122.0,123.0,118.45,121.85,1007925,7732350
2025-10-01 13:32:00+05:30,121.95,122.5,118.9,119.45,383700,7732350
2025-10-01 13:33:00+05:30,119.4,121.35,117.1,120.7,610875,7732350
2025-10-01 13:34:00+05:30,120.8,122.0,119.15,121.25,299850,7796325
2025-10-01 13:35:00+05:30,121.0,124.9,117.85,124.15,664350,7796325
2025-10-01 13:36:00+05:30,124.15,126.0,122.5,123.4,676875,7796325
2025-10-01 13:37:00+05:30,123.45,125.25,121.65,124.45,723375,7873425
2025-10-01 13:38:00+05:30,124.65,124.9,119.4,120.3,569475,7873425
2025-10-01 13:39:00+05:30,120.3,123.85,120.0,121.25,427275,7873425
2025-10-01 13:40:00+05:30,121.35,123.85,120.75,122.25,340125,7957125
2025-10-01 13:41:00+05:30,122.5,124.25,122.25,123.6,368250,7957125
2025-10-01 13:42:00+05:30,123.6,127.0,122.35,125.85,604275,7957125
2025-10-01 13:43:00+05:30,125.85,129.95,121.7,122.15,1026675,7732125
2025-10-01 13:44:00+05:30,122.4,122.85,120.0,120.5,488100,7732125
2025-10-01 13:45:00+05:30,120.2,121.8,118.65,120.5,551175,7732125
2025-10-01 13:46:00+05:30,120.4,121.85,115.4,116.1,741150,7743825
2025-10-01 13:47:00+05:30,116.3,117.9,112.75,114.5,694800,7743825
2025-10-01 13:48:00+05:30,114.1,117.9,113.15,113.7,410250,7743825
2025-10-01 13:49:00+05:30,113.45,114.75,112.3,113.6,384750,7565625
2025-10-01 13:50:00+05:30,113.6,114.8,109.55,111.5,734250,7565625
2025-10-01 13:51:00+05:30,111.75,116.35,110.6,115.0,543900,7565625
2025-10-01 13:52:00+05:30,115.05,117.8,114.75,116.3,621150,7544100
2025-10-01 13:53:00+05:30,116.45,118.65,114.05,115.8,661650,7544100
2025-10-01 13:54:00+05:30,115.55,119.8,115.05,119.7,337725,7544100
2025-10-01 13:55:00+05:30,119.85,120.85,115.7,116.35,591600,7805175
2025-10-01 13:56:00+05:30,116.35,118.4,114.9,118.1,318150,7805175
2025-10-01 13:57:00+05:30,118.3,118.7,113.25,113.75,321600,7764150
2025-10-01 13:58:00+05:30,113.8,116.25,113.35,115.6,327450,7764150
2025-10-01 13:59:00+05:30,115.6,118.2,115.45,117.3,343800,7764150
2025-10-01 14:00:00+05:30,117.25,119.5,116.5,116.5,386100,7764150
2025-10-01 14:01:00+05:30,116.7,121.6,116.05,120.65,636750,7797900
2025-10-01 14:02:00+05:30,120.6,121.2,114.0,115.95,684075,7797900
2025-10-01 14:03:00+05:30,116.0,119.2,115.75,118.75,372300,7797900
2025-10-01 14:04:00+05:30,118.6,121.9,118.0,119.9,469725,7905975
2025-10-01 14:05:00+05:30,120.0,123.9,119.25,123.3,765825,7905975
2025-10-01 14:06:00+05:30,123.55,127.9,122.85,127.0,1263525,7612650
2025-10-01 14:07:00+05:30,127.0,130.7,125.45,129.1,1419675,7612650
2025-10-01 14:08:00+05:30,129.1,130.8,125.85,129.45,915525,7612650
2025-10-01 14:09:00+05:30,129.8,131.95,128.65,131.3,806625,7322625
2025-10-01 14:10:00+05:30,131.3,134.95,126.65,129.5,1412475,7322625
2025-10-01 14:11:00+05:30,129.5,130.5,126.0,127.7,668250,7322625
2025-10-01 14:12:00+05:30,127.7,127.9,122.45,126.95,870675,7322625
2025-10-01 14:13:00+05:30,126.95,127.4,124.45,125.55,383175,7388175
2025-10-01 14:14:00+05:30,125.55,126.85,123.3,125.0,346425,7388175
2025-10-01 14:15:00+05:30,125.2,125.75,119.65,120.1,957375,7388175
2025-10-01 14:16:00+05:30,120.1,121.55,117.5,121.2,907800,7331625
2025-10-01 14:17:00+05:30,121.2,124.8,120.45,122.55,832800,7331625
2025-10-01 14:18:00+05:30,122.2,126.9,122.0,123.6,869925,7331625
2025-10-01 14:19:00+05:30,123.4,129.25,123.35,128.2,737550,7579200
2025-10-01 14:20:00+05:30,128.55,134.45,128.1,133.35,1389675,7579200
2025-10-01 14:21:00+05:30,133.6,137.75,132.75,136.7,1591875,7579200
2025-10-01 14:22:00+05:30,136.5,137.5,131.3,132.15,1056225,7511475
2025-10-01 14:23:00+05:30,132.35,136.4,131.2,136.3,770400,7511475
2025-10-01 14:24:00+05:30,136.3,137.0,134.35,135.8,743100,7539525
2025-10-01 14:25:00+05:30,135.85,138.8,134.75,136.5,965700,7539525
2025-10-01 14:26:00+05:30,136.2,136.5,130.0,130.4,892500,7539525
2025-10-01 14:27:00+05:30,130.5,132.35,128.55,130.7,699750,7539525
2025-10-01 14:28:00+05:30,130.9,140.4,130.2,139.85,1757475,7494975
2025-10-01 14:29:00+05:30,139.85,140.5,135.0,135.9,1019025,7494975
2025-10-01 14:30:00+05:30,135.9,138.35,135.45,137.1,572700,7494975
2025-10-01 14:31:00+05:30,136.9,137.45,131.0,135.4,873825,7225425
2025-10-01 14:32:00+05:30,135.45,137.95,135.05,137.25,405150,7225425
2025-10-01 14:33:00+05:30,137.3,140.85,135.75,136.35,953475,7225425
2025-10-01 14:34:00+05:30,136.6,141.55,136.6,139.15,621375,7125675
2025-10-01 14:35:00+05:30,139.15,145.45,139.05,142.3,1792725,7125675
2025-10-01 14:36:00+05:30,142.4,144.0,140.0,140.35,681000,7125675
2025-10-01 14:37:00+05:30,140.25,142.4,138.35,140.4,611700,6717150
2025-10-01 14:38:00+05:30,140.05,141.9,138.0,141.6,490350,6717150
2025-10-01 14:39:00+05:30,141.65,143.55,138.8,140.25,567150,6717150
2025-10-01 14:40:00+05:30,140.55,144.0,138.6,141.75,614775,6644550
2025-10-01 14:41:00+05:30,141.7,142.4,138.75,139.2,390675,6644550
2025-10-01 14:42:00+05:30,139.2,141.6,137.0,138.95,581550,6644550
2025-10-01 14:43:00+05:30,138.7,147.0,138.55,146.95,1150500,6457575
2025-10-01 14:44:00+05:30,147.0,147.9,143.1,145.2,746250,6457575
2025-10-01 14:45:00+05:30,145.35,146.9,142.6,146.5,521325,6457575
2025-10-01 14:46:00+05:30,146.7,147.0,141.3,144.65,447000,6259950
2025-10-01 14:47:00+05:30,144.55,146.0,141.8,144.5,374475,6259950
2025-10-01 14:48:00+05:30,144.5,146.7,142.0,142.75,585825,6259950
2025-10-01 14:49:00+05:30,142.6,149.35,142.3,149.3,792225,6016575
2025-10-01 14:50:00+05:30,149.3,149.4,143.4,143.8,629475,6016575
2025-10-01 14:51:00+05:30,143.7,145.45,142.75,143.55,289200,6016575
2025-10-01 14:52:00+05:30,143.5,143.6,139.2,140.25,527775,6016575
2025-10-01 14:53:00+05:30,140.1,144.8,139.35,143.65,439800,5880825
2025-10-01 14:54:00+05:30,143.65,145.3,142.9,143.65,286950,5880825
2025-10-01 14:55:00+05:30,143.85,146.55,142.25,145.7,547500,5880825
2025-10-01 14:56:00+05:30,145.75,145.75,136.4,138.45,769725,5694600
2025-10-01 14:57:00+05:30,138.35,138.45,134.2,135.2,711075,5694600
2025-10-01 14:58:00+05:30,135.45,139.5,134.5,139.45,594000,5694600
2025-10-01 14:59:00+05:30,139.5,142.4,138.0,138.85,606675,5609100
2025-10-01 15:00:00+05:30,138.85,143.8,135.3,141.3,773325,5609100
2025-10-01 15:01:00+05:30,141.3,144.5,138.45,143.05,560250,5609100
2025-10-01 15:02:00+05:30,143.35,145.4,140.15,145.15,491250,5422875
2025-10-01 15:03:00+05:30,145.3,146.5,142.3,142.4,455250,5422875
2025-10-01 15:04:00+05:30,142.2,143.1,136.0,138.45,486975,5422875
2025-10-01 15:05:00+05:30,138.45,142.3,138.45,140.0,453000,5377125
2025-10-01 15:06:00+05:30,140.0,140.2,133.9,135.3,441675,5377125
2025-10-01 15:07:00+05:30,135.4,136.95,132.9,133.25,442875,5377125
2025-10-01 15:08:00+05:30,133.35,134.1,130.2,130.65,428175,5272575
2025-10-01 15:09:00+05:30,130.95,134.25,130.6,133.55,257850,5272575
2025-10-01 15:10:00+05:30,133.4,134.2,131.85,133.4,224700,5272575
2025-10-01 15:11:00+05:30,133.4,133.8,130.25,132.2,309600,5249325
2025-10-01 15:12:00+05:30,132.3,134.85,131.3,133.8,307425,5249325
2025-10-01 15:13:00+05:30,133.8,134.4,132.5,133.25,258375,5249325
2025-10-01 15:14:00+05:30,133.25,134.8,130.1,131.3,451200,5165175
2025-10-01 15:15:00+05:30,131.5,137.4,130.0,136.5,781875,5165175
2025-10-01 15:16:00+05:30,136.55,140.0,135.15,139.95,555225,4991550
2025-10-01 15:17:00+05:30,139.8,141.55,137.2,137.3,632325,4991550
2025-10-01 15:18:00+05:30,137.6,138.05,134.6,136.8,342525,4991550
2025-10-01 15:19:00+05:30,137.05,138.0,134.3,136.85,334125,4923675
2025-10-01 15:20:00+05:30,137.0,137.05,132.25,132.5,422100,4923675
2025-10-01 15:21:00+05:30,132.7,135.95,132.0,134.75,365175,4923675
2025-10-01 15:22:00+05:30,134.7,136.85,134.2,136.55,263775,4923675
2025-10-01 15:23:00+05:30,136.8,138.0,135.9,137.2,292125,4828275
2025-10-01 15:24:00+05:30,137.05,138.5,136.0,138.5,291525,4828275
2025-10-01 15:25:00+05:30,138.45,139.5,137.05,139.25,386700,4828275
2025-10-01 15:26:00+05:30,139.25,141.45,138.0,141.35,502350,4712925
2025-10-01 15:27:00+05:30,141.05,141.75,140.3,140.7,338925,4712925
2025-10-01 15:28:00+05:30,140.65,141.15,140.0,140.15,349200,4712925
2025-10-01 15:29:00+05:30,140.2,141.8,140.0,140.7,507000,4442025
2025-10-03 09:15:00+05:30,110.5,123.0,104.2,104.25,3617025,4914975
2025-10-03 09:16:00+05:30,104.25,104.7,94.0,95.4,3573825,4914975
2025-10-03 09:17:00+05:30,95.4,99.4,90.85,90.85,2978400,8310450
2025-10-03 09:18:00+05:30,90.85,93.7,87.3,92.95,3135900,8310450
2025-10-03 09:19:00+05:30,92.95,98.0,90.85,95.35,2928375,8310450
2025-10-03 09:20:00+05:30,95.3,99.65,89.6,98.5,4189875,10627200
2025-10-03 09:21:00+05:30,98.45,103.4,96.65,99.7,4283250,10627200
2025-10-03 09:22:00+05:30,99.6,102.75,92.35,101.5,3527475,10627200
2025-10-03 09:23:00+05:30,101.5,102.95,99.1,102.35,2305200,11678100
2025-10-03 09:24:00+05:30,102.15,103.1,93.25,93.55,2611875,11678100
2025-10-03 09:25:00+05:30,93.5,97.8,90.3,93.45,2858025,11678100
2025-10-03 09:26:00+05:30,93.45,95.95,87.9,88.65,3577050,11678100
2025-10-03 09:27:00+05:30,88.7,89.95,80.75,81.45,3801150,13529175
2025-10-03 09:28:00+05:30,81.3,84.8,78.0,83.4,4550850,13529175
2025-10-03 09:29:00+05:30,83.3,89.5,82.7,89.25,4007100,15953550
2025-10-03 09:30:00+05:30,89.05,89.7,80.6,81.15,2766225,15953550
2025-10-03 09:31:00+05:30,81.15,85.4,80.0,83.55,1689825,15953550
2025-10-03 09:32:00+05:30,83.7,94.3,82.15,93.0,2458425,15953550
2025-10-03 09:33:00+05:30,92.8,95.0,89.3,92.45,3743100,16576800
2025-10-03 09:34:00+05:30,92.25,93.0,84.6,86.3,2443275,16576800
2025-10-03 09:35:00+05:30,86.2,88.0,81.7,83.3,1704375,16711050
2025-10-03 09:36:00+05:30,83.3,85.4,80.1,81.7,1911525,16711050
2025-10-03 09:37:00+05:30,81.7,82.6,80.45,81.2,1071375,16711050
2025-10-03 09:38:00+05:30,81.0,86.75,81.0,86.0,1968000,17784375
2025-10-03 09:39:00+05:30,86.0,89.75,84.2,88.75,2410350,17784375
2025-10-03 09:40:00+05:30,88.55,92.6,87.65,91.65,2616825,17784375
2025-10-03 09:41:00+05:30,91.7,93.4,89.45,92.65,2308875,18031200
2025-10-03 09:42:00+05:30,92.45,92.7,86.65,91.55,2177100,18031200
2025-10-03 09:43:00+05:30,91.55,99.3,90.5,97.85,4018575,18031200
2025-10-03 09:44:00+05:30,97.65,98.0,92.55,95.4,2677950,18031200
2025-10-03 09:45:00+05:30,95.4,97.0,92.65,94.0,2070900,18325725
2025-10-03 09:46:00+05:30,94.2,94.4,87.15,87.65,2962500,18325725
2025-10-03 09:47:00+05:30,87.65,95.9,86.2,94.75,2684025,18619950
2025-10-03 09:48:00+05:30,94.5,96.65,92.8,95.5,1615350,18619950
2025-10-03 09:49:00+05:30,95.7,97.95,94.6,97.55,1700925,18619950
2025-10-03 09:50:00+05:30,97.55,102.4,94.75,101.45,2595450,18488625
2025-10-03 09:51:00+05:30,101.45,103.0,98.75,101.65,3685500,18488625
2025-10-03 09:52:00+05:30,101.7,108.55,101.05,106.35,5300175,18488625
2025-10-03 09:53:00+05:30,106.2,114.35,105.45,109.3,6074550,17147250
2025-10-03 09:54:00+05:30,109.05,112.0,109.05,110.45,2230350,17147250
2025-10-03 09:55:00+05:30,110.45,115.0,108.25,113.9,3048150,17147250
2025-10-03 09:56:00+05:30,113.9,115.65,110.0,114.2,3063750,16516575
2025-10-03 09:57:00+05:30,114.0,118.2,113.6,117.8,3135675,16516575
2025-10-03 09:58:00+05:30,117.8,118.55,112.15,113.5,2263425,16516575
2025-10-03 09:59:00+05:30,113.5,117.85,112.8,115.2,1669725,16159950
2025-10-03 10:00:00+05:30,115.0,118.0,109.0,109.75,2627175,16159950
2025-10-03 10:01:00+05:30,109.75,114.0,108.6,112.7,1927275,16159950
2025-10-03 10:02:00+05:30,112.95,113.85,107.35,107.4,1449900,16159950
2025-10-03 10:03:00+05:30,107.4,108.4,103.55,103.95,2298900,15997125
2025-10-03 10:04:00+05:30,103.95,107.0,103.0,107.0,1499250,15997125
2025-10-03 10:05:00+05:30,107.0,107.8,98.3,101.9,2790300,15997125
2025-10-03 10:06:00+05:30,102.0,107.65,101.0,106.9,1809600,16440600
2025-10-03 10:07:00+05:30,106.9,109.0,104.4,107.0,2042250,16440600
2025-10-03 10:08:00+05:30,107.0,108.3,104.75,106.1,890325,17123250
2025-10-03 10:09:00+05:30,106.05,106.1,97.2,97.35,2555775,17123250
2025-10-03 10:10:00+05:30,97.35,98.4,93.75,94.25,2549925,17123250
2025-10-03 10:11:00+05:30,94.35,99.0,91.8,98.7,2550675,17123250
2025-10-03 10:12:00+05:30,98.65,99.75,92.35,97.55,1692975,16921125
2025-10-03 10:13:00+05:30,97.5,101.15,94.0,95.45,1868700,16921125
2025-10-03 10:14:00+05:30,95.45,97.85,94.0,96.05,983775,16921125
2025-10-03 10:15:00+05:30,95.85,97.85,92.8,93.2,1349400,17528100
2025-10-03 10:16:00+05:30,93.1,93.1,89.55,90.35,2297100,17528100
2025-10-03 10:17:00+05:30,90.25,91.4,88.6,88.9,1364475,17528100
2025-10-03 10:18:00+05:30,89.1,90.7,87.6,88.95,1326375,17770425
2025-10-03 10:19:00+05:30,88.95,93.7,88.9,90.9,2074125,17770425
2025-10-03 10:20:00+05:30,90.9,91.7,87.4,87.45,1311075,17770425
2025-10-03 10:21:00+05:30,87.45,93.45,87.15,92.0,1344750,18403200
2025-10-03 10:22:00+05:30,92.2,95.1,90.25,95.05,1670100,18403200
2025-10-03 10:23:00+05:30,95.1,96.7,92.2,94.0,2057550,18403200
2025-10-03 10:24:00+05:30,93.85,94.2,89.25,90.45,1588425,18497925
2025-10-03 10:25:00+05:30,90.25,91.85,87.75,91.35,1090200,18497925
2025-10-03 10:26:00+05:30,91.45,94.85,89.8,93.8,983850,18497925
2025-10-03 10:27:00+05:30,93.8,95.7,90.65,95.5,1278000,18674400
2025-10-03 10:28:00+05:30,95.55,98.95,94.75,98.85,2323950,18674400
2025-10-03 10:29:00+05:30,98.6,102.5,97.05,102.1,2749950,18558750
2025-10-03 10:30:00+05:30,102.1,105.4,101.0,103.95,3356850,18558750
2025-10-03 10:31:00+05:30,103.95,105.35,99.5,99.55,2421375,18558750
2025-10-03 10:32:00+05:30,99.5,105.85,98.25,105.1,2133150,18558750
2025-10-03 10:33:00+05:30,105.0,106.65,101.5,103.95,1732425,17983950
2025-10-03 10:34:00+05:30,104.0,105.55,102.0,104.85,876975,17983950
2025-10-03 10:35:00+05:30,104.9,105.35,100.8,101.05,1242750,17946675
2025-10-03 10:36:00+05:30,101.25,104.0,100.0,101.85,933900,17946675
2025-10-03 10:37:00+05:30,101.8,102.35,98.7,101.55,1044150,17946675
2025-10-03 10:38:00+05:30,101.6,104.65,98.4,102.0,930600,17946675
2025-10-03 10:39:00+05:30,102.05,105.0,101.3,104.95,1002900,18041850
2025-10-03 10:40:00+05:30,104.85,106.5,103.35,103.65,1462875,18041850
2025-10-03 10:41:00+05:30,103.75,105.25,95.6,96.2,1863750,17603850
2025-10-03 10:42:00+05:30,96.2,99.8,93.1,95.6,1963650,17603850
2025-10-03 10:43:00+05:30,95.8,96.7,88.65,89.35,2455200,17603850
2025-10-03 10:44:00+05:30,89.15,89.55,85.3,86.65,2412075,17603850
2025-10-03 10:45:00+05:30,86.8,88.0,81.65,82.3,2355075,18001650
2025-10-03 10:46:00+05:30,82.2,85.8,81.75,83.75,2315925,18001650
2025-10-03 10:47:00+05:30,83.7,87.45,83.45,87.3,1598850,18001650
2025-10-03 10:48:00+05:30,87.45,89.8,87.1,87.6,2362275,18699525
2025-10-03 10:49:00+05:30,87.6,89.8,87.25,89.05,1185075,18699525
2025-10-03 10:50:00+05:30,89.0,91.5,87.35,89.45,1693725,18699525
2025-10-03 10:51:00+05:30,89.45,91.45,88.05,90.85,1047525,18413625
2025-10-03 10:52:00+05:30,90.85,93.0,90.35,92.7,1515000,18413625
2025-10-03 10:53:00+05:30,92.7,94.15,91.0,92.3,1761825,18413625
2025-10-03 10:54:00+05:30,92.3,94.5,92.0,92.25,820875,18747900
2025-10-03 10:55:00+05:30,92.25,93.0,90.1,92.0,999300,18747900
2025-10-03 10:56:00+05:30,91.95,93.65,91.7,92.75,687675,18747900
2025-10-03 10:57:00+05:30,92.95,93.25,88.85,90.25,1254375,18663075
2025-10-03 10:58:00+05:30,90.25,94.8,89.7,91.85,1117200,18663075
2025-10-03 10:59:00+05:30,91.95,92.7,90.05,91.35,623550,18663075
2025-10-03 11:00:00+05:30,91.45,94.15,89.85,92.75,1136400,18481575
2025-10-03 11:01:00+05:30,92.75,93.7,91.75,93.3,830700,18481575
2025-10-03 11:02:00+05:30,93.15,98.75,93.15,94.45,2669625,18481575
2025-10-03 11:03:00+05:30,94.65,98.45,93.75,96.15,1547700,18778425
2025-10-03 11:04:00+05:30,96.0,96.2,92.85,94.0,1119300,18778425
2025-10-03 11:05:00+05:30,93.9,95.6,90.45,94.9,1354875,18778425
2025-10-03 11:06:00+05:30,94.85,96.65,92.7,96.15,1127250,18747900
2025-10-03 11:07:00+05:30,95.9,98.4,95.2,97.9,1600350,18747900
2025-10-03 11:08:00+05:30,97.85,101.55,97.5,98.6,1757400,18747900
2025-10-03 11:09:00+05:30,98.6,98.95,95.35,96.05,881850,18534900
2025-10-03 11:10:00+05:30,95.8,98.45,94.8,97.8,700950,18534900
2025-10-03 11:11:00+05:30,97.95,99.9,96.6,99.55,1108875,18534900
2025-10-03 11:12:00+05:30,99.6,99.95,96.65,99.0,901425,18792675
2025-10-03 11:13:00+05:30,98.9,99.45,97.3,99.2,635550,18792675
2025-10-03 11:14:00+05:30,99.15,103.8,99.1,103.65,1757025,18328125
2025-10-03 11:15:00+05:30,103.5,109.3,102.6,108.7,2690100,18328125
2025-10-03 11:16:00+05:30,108.85,112.4,107.95,110.8,3717975,18328125
2025-10-03 11:17:00+05:30,110.85,114.2,106.65,109.0,2418075,17383950
2025-10-03 11:18:00+05:30,109.1,109.8,103.55,103.9,1427625,17383950
2025-10-03 11:19:00+05:30,103.7,109.5,103.65,107.0,1125375,17383950
2025-10-03 11:20:00+05:30,107.0,111.65,106.9,110.65,1358775,17383950
2025-10-03 11:21:00+05:30,110.9,112.6,108.8,110.45,1505475,17383950
2025-10-03 11:22:00+05:30,110.35,110.85,105.0,107.45,1317900,17525775
2025-10-03 11:23:00+05:30,107.65,110.7,106.2,107.6,977100,17525775
2025-10-03 11:24:00+05:30,107.55,108.0,102.3,104.95,1475550,17525775
2025-10-03 11:25:00+05:30,104.85,107.75,104.25,104.55,779100,17173575
2025-10-03 11:26:00+05:30,104.55,106.45,101.0,105.9,958350,17173575
2025-10-03 11:27:00+05:30,105.85,107.75,104.5,107.0,825075,17173575
2025-10-03 11:28:00+05:30,106.85,108.15,105.2,106.15,585375,17178900
2025-10-03 11:29:00+05:30,106.1,106.45,98.6,99.4,1564575,17178900
2025-10-03 11:30:00+05:30,99.4,103.5,98.3,100.3,1271325,17178900
2025-10-03 11:31:00+05:30,100.5,104.2,99.0,103.8,777600,17048400
2025-10-03 11:32:00+05:30,103.8,107.8,102.2,106.5,1334475,17048400
2025-10-03 11:33:00+05:30,106.5,108.8,102.5,106.6,1706175,17048400
2025-10-03 11:34:00+05:30,106.6,109.55,105.95,109.0,1152525,17464650
2025-10-03 11:35:00+05:30,109.0,112.55,108.0,111.0,1658475,17464650
2025-10-03 11:36:00+05:30,111.0,111.3,107.5,109.75,1014675,17464650
2025-10-03 11:37:00+05:30,109.8,109.95,106.0,108.95,818700,17108700
2025-10-03 11:38:00+05:30,108.75,109.3,107.0,107.05,372000,17108700
2025-10-03 11:39:00+05:30,107.0,107.3,104.7,106.6,670350,17108700
2025-10-03 11:40:00+05:30,106.35,107.25,103.5,106.7,727725,16937625
2025-10-03 11:41:00+05:30,106.7,108.4,103.35,107.6,659925,16937625
2025-10-03 11:42:00+05:30,107.6,111.45,107.25,110.7,1287900,16937625
2025-10-03 11:43:00+05:30,110.95,112.0,109.95,110.45,1077975,16938300
2025-10-03 11:44:00+05:30,110.45,111.5,105.65,106.8,952950,16938300
2025-10-03 11:45:00+05:30,106.55,107.45,100.3,101.05,1520550,16938300
2025-10-03 11:46:00+05:30,101.05,107.0,101.05,106.6,1028100,16391775
2025-10-03 11:47:00+05:30,106.55,109.8,105.35,107.6,1323975,16391775
2025-10-03 11:48:00+05:30,107.25,108.9,105.05,106.4,685200,16391775
2025-10-03 11:49:00+05:30,106.25,108.25,104.65,107.85,472725,16729650
2025-10-03 11:50:00+05:30,108.0,111.0,107.2,110.5,856725,16729650
2025-10-03 11:51:00+05:30,110.6,111.5,109.25,110.1,856575,16729650
2025-10-03 11:52:00+05:30,110.35,111.5,109.75,110.0,703125,16706100
2025-10-03 11:53:00+05:30,110.05,110.45,107.85,109.35,488475,16706100
2025-10-03 11:54:00+05:30,109.5,110.35,107.4,108.0,358725,16706100
2025-10-03 11:55:00+05:30,108.0,109.0,106.5,107.45,517650,16691100
2025-10-03 11:56:00+05:30,107.45,108.25,104.5,104.7,805350,16691100
2025-10-03 11:57:00+05:30,104.75,105.95,102.15,105.0,1017525,16691100
2025-10-03 11:58:00+05:30,105.0,107.8,104.55,104.75,780825,16394400
2025-10-03 11:59:00+05:30,104.75,106.45,104.05,104.8,388800,16394400
2025-10-03 12:00:00+05:30,104.8,109.25,104.4,108.0,805725,16394400
2025-10-03 12:01:00+05:30,107.85,110.0,107.6,108.75,838950,16726350
2025-10-03 12:02:00+05:30,108.95,110.0,104.65,107.2,981525,16726350
2025-10-03 12:03:00+05:30,107.25,109.0,106.05,107.3,446700,16726350
2025-10-03 12:04:00+05:30,107.05,109.25,105.65,108.8,458175,16770450
2025-10-03 12:05:00+05:30,108.95,119.65,108.15,119.2,3764625,16770450
2025-10-03 12:06:00+05:30,119.25,121.0,117.05,119.75,4787025,15823050
2025-10-03 12:07:00+05:30,119.95,124.9,118.4,119.8,3970950,15823050
2025-10-03 12:08:00+05:30,119.8,122.9,119.0,119.85,2084100,15823050
2025-10-03 12:09:00+05:30,120.1,121.75,118.0,118.7,1162050,14630775
2025-10-03 12:10:00+05:30,118.65,119.5,114.7,116.55,2154450,14630775
2025-10-03 12:11:00+05:30,116.5,118.55,113.35,117.9,1715925,14630775
2025-10-03 12:12:00+05:30,118.15,120.7,116.5,119.65,1634925,14630775
2025-10-03 12:13:00+05:30,119.6,121.3,113.3,114.6,1947150,15182400
2025-10-03 12:14:00+05:30,114.9,117.45,114.2,116.8,825600,15182400
2025-10-03 12:15:00+05:30,116.85,117.3,108.3,108.6,1826250,14675025
2025-10-03 12:16:00+05:30,108.8,109.05,102.65,103.9,3545400,14675025
2025-10-03 12:17:00+05:30,104.05,104.9,101.0,101.5,2178675,14675025
2025-10-03 12:18:00+05:30,101.25,104.0,96.9,98.0,2423775,14814000
2025-10-03 12:19:00+05:30,98.0,101.45,97.9,98.8,1347000,14814000
2025-10-03 12:20:00+05:30,98.85,100.55,97.0,99.05,1866825,14814000
2025-10-03 12:21:00+05:30,99.05,99.65,94.5,97.35,1982250,14814000
2025-10-03 12:22:00+05:30,97.1,101.2,96.9,101.05,1387500,15831075
2025-10-03 12:23:00+05:30,101.05,101.6,96.3,99.8,1244400,15831075
2025-10-03 12:24:00+05:30,99.75,103.4,99.4,100.75,1629825,16382100
2025-10-03 12:25:00+05:30,100.75,102.05,98.35,101.6,989550,16382100
2025-10-03 12:26:00+05:30,101.35,105.35,100.8,103.5,1785000,16382100
2025-10-03 12:27:00+05:30,103.3,104.4,101.45,103.0,957525,16382100
2025-10-03 12:28:00+05:30,103.15,105.75,102.3,104.1,995625,16344150
2025-10-03 12:29:00+05:30,104.1,104.5,102.0,102.0,695400,16344150
2025-10-03 12:30:00+05:30,102.0,104.0,101.25,103.3,545250,16108875
2025-10-03 12:31:00+05:30,103.3,104.2,95.85,95.85,1539225,16108875
2025-10-03 12:32:00+05:30,95.9,96.45,92.15,92.15,2306475,16108875
2025-10-03 12:33:00+05:30,92.25,94.5,90.2,91.5,1663500,15950700
2025-10-03 12:34:00+05:30,91.3,93.45,89.55,92.1,1678425,15950700
2025-10-03 12:35:00+05:30,91.95,95.5,90.6,92.85,1536225,15950700
2025-10-03 12:36:00+05:30,93.1,94.35,91.15,93.55,805725,15950700
2025-10-03 12:37:00+05:30,93.5,96.8,93.3,96.7,1435275,16396275
2025-10-03 12:38:00+05:30,96.5,98.3,96.1,97.9,1253100,16396275
2025-10-03 12:39:00+05:30,97.9,98.95,94.65,95.3,1147800,16396275
2025-10-03 12:40:00+05:30,95.3,96.7,94.7,95.55,472200,16467225
2025-10-03 12:41:00+05:30,95.55,98.0,92.0,92.5,1159725,16467225
2025-10-03 12:42:00+05:30,92.45,95.45,92.3,95.05,648075,16467225
2025-10-03 12:43:00+05:30,94.8,98.0,94.45,97.25,629325,16549050
2025-10-03 12:44:00+05:30,97.3,101.45,97.1,101.4,1485600,16549050
2025-10-03 12:45:00+05:30,101.25,102.0,99.05,102.0,1143450,16549050
2025-10-03 12:46:00+05:30,101.75,104.0,100.55,101.55,1458150,16629825
2025-10-03 12:47:00+05:30,101.5,105.4,101.3,105.15,1426650,16629825
2025-10-03 12:48:00+05:30,104.95,107.7,104.4,105.2,1692975,16618275
2025-10-03 12:49:00+05:30,105.5,106.5,102.4,103.25,1022100,16618275
2025-10-03 12:50:00+05:30,103.25,103.9,100.95,102.4,813975,16618275
2025-10-03 12:51:00+05:30,102.1,105.0,98.2,104.2,1372650,16164600
2025-10-03 12:52:00+05:30,104.05,106.2,103.45,105.8,960675,16164600
2025-10-03 12:53:00+05:30,106.0,107.0,104.7,106.4,806625,16164600
2025-10-03 12:54:00+05:30,106.6,106.8,105.05,105.4,434325,16164600
2025-10-03 12:55:00+05:30,105.25,106.3,103.75,105.35,647175,16104300
2025-10-03 12:56:00+05:30,105.35,105.7,102.0,102.8,768525,16104300
2025-10-03 12:57:00+05:30,102.75,106.2,102.4,104.95,552825,16104300
2025-10-03 12:58:00+05:30,104.95,106.25,103.8,105.55,451350,15956025
2025-10-03 12:59:00+05:30,105.6,106.1,103.8,105.6,482475,15956025
2025-10-03 13:00:00+05:30,105.55,105.55,100.4,101.2,814800,15956025
2025-10-03 13:01:00+05:30,101.15,103.3,97.65,99.9,1112625,15680475
2025-10-03 13:02:00+05:30,99.9,102.6,98.25,99.45,728025,15680475
2025-10-03 13:03:00+05:30,99.3,102.5,98.75,101.35,773025,15680475
2025-10-03 13:04:00+05:30,101.3,104.6,100.95,104.5,626775,15943650
2025-10-03 13:05:00+05:30,104.55,109.0,103.55,107.4,1632000,15943650
2025-10-03 13:06:00+05:30,107.7,111.85,106.8,111.25,1754100,16215375
2025-10-03 13:07:00+05:30,110.9,111.4,107.85,109.15,1175850,16215375
2025-10-03 13:08:00+05:30,109.45,113.7,108.9,112.35,1725675,16215375
2025-10-03 13:09:00+05:30,112.25,112.9,110.3,111.9,1014075,16215375
2025-10-03 13:10:00+05:30,111.7,112.55,109.6,111.3,1004025,15722625
2025-10-03 13:11:00+05:30,111.2,112.5,109.2,112.0,715650,15722625
2025-10-03 13:12:00+05:30,112.0,114.3,110.35,114.2,687075,15722625
2025-10-03 13:13:00+05:30,113.9,117.45,113.5,116.0,1888050,15458175
2025-10-03 13:14:00+05:30,115.8,117.25,114.15,114.5,977475,15458175
2025-10-03 13:15:00+05:30,114.75,115.8,110.2,112.3,1171800,15458175
2025-10-03 13:16:00+05:30,112.3,113.2,110.2,111.25,497625,15042600
2025-10-03 13:17:00+05:30,111.35,112.4,109.85,112.15,678300,15042600
2025-10-03 13:18:00+05:30,111.9,114.0,111.75,113.25,616125,15196650
2025-10-03 13:19:00+05:30,113.15,114.4,111.1,113.0,479100,15196650
2025-10-03 13:20:00+05:30,112.75,114.75,111.75,112.9,588450,15196650
2025-10-03 13:21:00+05:30,113.15,114.0,109.35,110.7,624375,15196650
2025-10-03 13:22:00+05:30,110.65,112.65,109.35,111.7,405450,15081675
2025-10-03 13:23:00+05:30,111.25,111.95,107.15,109.6,654900,15081675
2025-10-03 13:24:00+05:30,109.8,110.5,108.35,108.6,436425,15081675
2025-10-03 13:25:00+05:30,108.65,109.5,102.05,102.95,1496250,14822625
2025-10-03 13:26:00+05:30,102.7,108.0,102.7,105.8,921225,14822625
2025-10-03 13:27:00+05:30,105.95,107.75,104.8,105.4,531300,14877075
2025-10-03 13:28:00+05:30,105.4,107.2,105.1,105.25,351225,14877075
2025-10-03 13:29:00+05:30,105.15,105.35,101.75,102.2,848550,14877075
2025-10-03 13:30:00+05:30,102.2,103.3,100.1,102.55,894450,14877075
2025-10-03 13:31:00+05:30,102.4,104.45,102.05,103.4,555375,14856825
2025-10-03 13:32:00+05:30,103.25,106.6,102.8,103.65,874200,14856825
2025-10-03 13:33:00+05:30,103.5,104.15,101.0,102.45,518550,14856825
2025-10-03 13:34:00+05:30,102.5,103.55,99.6,100.6,672150,14975625
2025-10-03 13:35:00+05:30,100.8,102.55,99.35,101.75,571950,14975625
2025-10-03 13:36:00+05:30,101.65,106.0,101.6,104.45,1150725,14975625
2025-10-03 13:37:00+05:30,104.25,104.65,96.05,96.75,1371825,15209400
2025-10-03 13:38:00+05:30,96.75,99.75,95.7,97.4,1289550,15209400
2025-10-03 13:39:00+05:30,97.2,99.2,96.5,97.9,1843425,15698400
2025-10-03 13:40:00+05:30,97.7,100.75,95.05,97.95,1633650,15698400
2025-10-03 13:41:00+05:30,97.95,100.4,96.65,98.6,1063725,15698400
2025-10-03 13:42:00+05:30,98.45,100.9,97.7,98.9,1684575,15698400
2025-10-03 13:43:00+05:30,98.9,100.4,97.0,99.0,720075,15499050
2025-10-03 13:44:00+05:30,98.9,101.9,98.4,101.25,576825,15499050
2025-10-03 13:45:00+05:30,101.25,104.95,100.45,104.6,1167150,15456225
2025-10-03 13:46:00+05:30,104.6,105.8,102.0,103.7,1445325,15456225
2025-10-03 13:47:00+05:30,103.7,104.0,99.0,99.2,1040925,15456225
2025-10-03 13:48:00+05:30,99.15,100.25,93.6,94.55,1585425,15456225
2025-10-03 13:49:00+05:30,94.5,97.75,94.15,96.35,773475,15339825
2025-10-03 13:50:00+05:30,96.3,97.95,96.05,97.55,485625,15339825
2025-10-03 13:51:00+05:30,97.75,99.6,96.6,97.35,810675,15339825
2025-10-03 13:52:00+05:30,97.25,98.9,97.0,98.35,515400,15533325
2025-10-03 13:53:00+05:30,98.2,101.7,98.05,101.15,652125,15533325
2025-10-03 13:54:00+05:30,101.1,103.35,100.85,103.1,968850,15533325
2025-10-03 13:55:00+05:30,103.1,105.3,102.95,105.3,1397325,15681600
2025-10-03 13:56:00+05:30,105.25,108.0,104.0,106.15,1626300,15681600
2025-10-03 13:57:00+05:30,105.95,107.25,104.35,105.4,903900,15681600
2025-10-03 13:58:00+05:30,105.25,105.5,100.45,101.1,1234275,15004875
2025-10-03 13:59:00+05:30,100.8,103.85,100.0,102.05,767700,15004875
2025-10-03 14:00:00+05:30,102.05,102.65,98.35,100.3,785775,15004875
2025-10-03 14:01:00+05:30,100.35,103.45,100.25,102.7,559500,15039750
2025-10-03 14:02:00+05:30,102.75,104.9,102.25,104.25,764850,15039750
2025-10-03 14:03:00+05:30,104.15,106.5,102.2,105.8,794175,15039750
2025-10-03 14:04:00+05:30,105.7,106.9,105.15,106.2,873675,15167475
2025-10-03 14:05:00+05:30,106.2,107.35,104.15,107.1,883950,15167475
2025-10-03 14:06:00+05:30,106.9,107.9,105.15,106.75,788400,15167475
2025-10-03 14:07:00+05:30,106.9,108.0,104.65,105.35,654225,15303900
2025-10-03 14:08:00+05:30,105.1,105.75,101.2,102.7,861225,15303900
2025-10-03 14:09:00+05:30,102.65,103.7,98.15,98.9,987450,15303900
2025-10-03 14:10:00+05:30,98.9,99.25,96.05,96.3,902025,15042300
2025-10-03 14:11:00+05:30,96.35,98.2,95.35,97.0,916500,15042300
2025-10-03 14:12:00+05:30,97.0,98.75,95.35,96.05,772050,15042300
2025-10-03 14:13:00+05:30,96.0,96.6,94.35,96.25,860850,15335700
2025-10-03 14:14:00+05:30,96.2,96.9,91.05,92.75,1897050,15335700
2025-10-03 14:15:00+05:30,92.6,96.5,92.0,93.95,1761375,15335700
2025-10-03 14:16:00+05:30,94.0,96.3,93.55,94.7,877500,15861450
2025-10-03 14:17:00+05:30,94.85,97.4,94.45,95.75,1090875,15861450
2025-10-03 14:18:00+05:30,96.0,96.15,91.8,93.15,1150125,15861450
2025-10-03 14:19:00+05:30,93.3,95.4,92.6,94.5,744150,15685875
2025-10-03 14:20:00+05:30,94.55,96.95,94.0,95.65,660225,15685875
2025-10-03 14:21:00+05:30,95.7,95.9,93.5,94.1,523725,15685875
2025-10-03 14:22:00+05:30,94.2,95.0,93.1,93.85,359700,15703500
2025-10-03 14:23:00+05:30,93.7,95.4,93.2,95.15,396975,15703500
2025-10-03 14:24:00+05:30,95.15,96.25,92.6,93.55,729975,15703500
2025-10-03 14:25:00+05:30,93.2,94.7,93.15,94.1,300900,15790425
2025-10-03 14:26:00+05:30,94.1,96.2,93.7,95.15,574275,15790425
2025-10-03 14:27:00+05:30,95.45,98.5,95.2,98.3,1312275,15790425
2025-10-03 14:28:00+05:30,98.1,100.9,98.05,100.35,1478175,15744000
2025-10-03 14:29:00+05:30,100.4,100.85,98.5,99.65,988350,15744000
2025-10-03 14:30:00+05:30,99.8,103.6,99.65,102.85,1702425,15322275
2025-10-03 14:31:00+05:30,102.65,104.2,99.75,103.15,1345425,15322275
2025-10-03 14:32:00+05:30,102.9,103.2,101.35,103.0,494025,15322275
2025-10-03 14:33:00+05:30,103.0,104.4,100.5,103.65,907500,15322275
2025-10-03 14:34:00+05:30,103.65,106.0,103.25,105.8,933075,15197700
2025-10-03 14:35:00+05:30,105.8,107.8,105.6,107.5,1301550,15197700
2025-10-03 14:36:00+05:30,107.5,116.0,107.45,115.95,3551700,14443050
2025-10-03 14:37:00+05:30,116.0,125.0,115.5,123.85,5343150,14443050
2025-10-03 14:38:00+05:30,123.95,125.0,117.35,120.5,4284450,14443050
2025-10-03 14:39:00+05:30,120.7,127.0,118.45,125.75,2446200,11914275
2025-10-03 14:40:00+05:30,125.6,130.9,124.8,129.35,3516675,11914275
2025-10-03 14:41:00+05:30,129.35,134.85,127.05,134.75,2755575,11914275
2025-10-03 14:42:00+05:30,134.75,138.0,132.0,135.25,2558775,11914275
2025-10-03 14:43:00+05:30,135.15,135.85,132.3,135.85,1465500,10795500
2025-10-03 14:44:00+05:30,135.5,136.0,133.0,134.95,950175,10795500
2025-10-03 14:45:00+05:30,135.15,142.0,131.1,131.45,2758875,9976500
2025-10-03 14:46:00+05:30,131.15,134.05,129.4,132.4,1571925,9976500
2025-10-03 14:47:00+05:30,132.3,134.75,128.3,132.95,919050,9976500
2025-10-03 14:48:00+05:30,132.55,137.7,132.3,136.75,891450,9976500
2025-10-03 14:49:00+05:30,137.3,137.6,129.0,129.35,1276725,9702750
2025-10-03 14:50:00+05:30,129.6,132.6,129.05,130.0,866250,9702750
2025-10-03 14:51:00+05:30,130.25,136.7,129.5,135.75,1284450,9702750
2025-10-03 14:52:00+05:30,135.7,140.0,135.2,138.15,1295175,9653925
2025-10-03 14:53:00+05:30,138.3,140.4,137.05,138.2,1448175,9653925
2025-10-03 14:54:00+05:30,138.35,140.0,136.0,139.15,848175,9653925
2025-10-03 14:55:00+05:30,139.3,143.0,137.35,139.85,1455450,9310350
2025-10-03 14:56:00+05:30,139.95,140.7,136.95,137.85,626850,9310350
2025-10-03 14:57:00+05:30,138.0,139.8,137.55,138.1,450975,9021975
2025-10-03 14:58:00+05:30,138.1,139.5,133.55,139.0,1099575,9021975
2025-10-03 14:59:00+05:30,138.75,146.9,137.65,145.45,1682025,9021975
2025-10-03 15:00:00+05:30,145.55,150.45,139.65,141.7,2402475,8497050
2025-10-03 15:01:00+05:30,141.95,145.85,140.25,142.8,876825,8497050
2025-10-03 15:02:00+05:30,142.85,149.9,141.5,149.3,1507650,8497050
2025-10-03 15:03:00+05:30,149.7,152.0,147.55,149.6,1555950,7767075
2025-10-03 15:04:00+05:30,149.8,150.6,145.05,148.7,1112625,7767075
2025-10-03 15:05:00+05:30,148.5,155.0,148.2,151.8,1490250,7767075
2025-10-03 15:06:00+05:30,151.55,154.0,150.65,152.05,713475,7767075
2025-10-03 15:07:00+05:30,152.0,154.15,148.7,150.65,733500,7250325
2025-10-03 15:08:00+05:30,150.8,151.55,149.0,151.0,425025,7250325
2025-10-03 15:09:00+05:30,150.75,151.5,146.05,147.55,731550,7250325
2025-10-03 15:10:00+05:30,147.6,147.65,141.65,145.3,1141275,6942450
2025-10-03 15:11:00+05:30,145.55,148.4,142.6,146.85,619425,6942450
2025-10-03 15:12:00+05:30,147.2,148.95,146.15,147.95,440775,6942450
2025-10-03 15:13:00+05:30,147.95,148.4,145.0,146.8,369675,6657600
2025-10-03 15:14:00+05:30,146.7,147.4,144.0,144.6,326475,6657600
2025-10-03 15:15:00+05:30,144.55,145.3,139.25,140.75,991350,6657600
2025-10-03 15:16:00+05:30,140.5,145.4,139.6,144.65,505275,6293025
2025-10-03 15:17:00+05:30,144.45,144.85,141.1,141.1,336900,6293025
2025-10-03 15:18:00+05:30,141.1,144.0,138.15,143.1,462975,6255750
2025-10-03 15:19:00+05:30,143.4,144.0,140.25,141.4,237750,6255750
2025-10-03 15:20:00+05:30,141.3,142.7,138.8,142.55,455400,6255750
2025-10-03 15:21:00+05:30,142.5,151.0,140.6,150.25,781950,6255750
2025-10-03 15:22:00+05:30,150.6,151.4,147.55,151.3,756000,5937225
2025-10-03 15:23:00+05:30,151.3,151.5,145.7,149.15,405600,5937225
2025-10-03 15:24:00+05:30,149.2,149.9,147.1,148.75,246900,5937225
2025-10-03 15:25:00+05:30,148.75,149.95,147.3,147.65,452025,5770575
2025-10-03 15:26:00+05:30,147.95,149.75,147.35,149.05,392775,5770575
2025-10-03 15:27:00+05:30,149.0,149.25,146.05,146.55,393525,5770575
2025-10-03 15:28:00+05:30,146.6,147.3,143.85,144.65,524175,5409075
2025-10-03 15:29:00+05:30,144.95,147.25,142.75,145.75,664725,5409075
2025-10-06 09:15:00+05:30,153.0,153.05,128.0,142.1,1414575,0
2025-10-06 09:16:00+05:30,142.75,146.9,134.5,143.9,1178700,0
2025-10-06 09:17:00+05:30,143.5,159.0,142.05,153.7,1402950,0
2025-10-06 09:18:00+05:30,153.85,159.0,152.7,154.5,941100,0
2025-10-06 09:19:00+05:30,154.55,154.55,143.0,149.1,944850,0
2025-10-06 09:20:00+05:30,149.55,152.9,143.6,144.55,661350,0
2025-10-06 09:21:00+05:30,144.35,145.7,133.5,136.65,1015500,0
2025-10-06 09:22:00+05:30,136.95,147.0,135.1,144.2,1014900,0
2025-10-06 09:23:00+05:30,143.7,155.55,140.0,154.55,1104525,0
2025-10-06 09:24:00+05:30,154.45,154.6,143.45,144.95,809775,0
2025-10-06 09:25:00+05:30,145.0,145.2,136.0,136.55,774225,0
2025-10-06 09:26:00+05:30,136.3,138.15,133.3,137.8,654900,0
2025-10-06 09:27:00+05:30,137.35,141.2,134.25,140.85,537600,0
2025-10-06 09:28:00+05:30,140.65,143.35,136.55,141.0,462225,0
2025-10-06 09:29:00+05:30,141.0,142.0,128.25,129.35,794400,0
2025-10-06 09:30:00+05:30,129.4,129.7,118.0,121.6,1384725,0
2025-10-06 09:31:00+05:30,121.5,134.5,120.8,134.05,1000050,0
2025-10-06 09:32:00+05:30,133.55,138.0,128.6,129.85,1030425,0
2025-10-06 09:33:00+05:30,129.65,140.1,126.55,135.1,873825,0
2025-10-06 09:34:00+05:30,134.9,138.35,129.4,136.55,544275,0
2025-10-06 09:35:00+05:30,136.85,139.25,132.65,139.25,566550,0
2025-10-06 09:36:00+05:30,139.2,146.0,138.2,145.6,1319250,0
2025-10-06 09:37:00+05:30,145.2,146.6,140.25,144.5,880350,0
2025-10-06 09:38:00+05:30,144.55,149.45,143.0,147.05,826575,0
2025-10-06 09:39:00+05:30,147.4,148.3,143.05,145.1,497625,0
2025-10-06 09:40:00+05:30,144.9,153.85,142.0,152.35,883575,0
2025-10-06 09:41:00+05:30,152.35,159.0,151.7,157.0,1392000,0
2025-10-06 09:42:00+05:30,157.0,161.0,154.1,158.0,835800,0
2025-10-06 09:43:00+05:30,158.4,160.65,156.6,158.25,567825,0
2025-10-06 09:44:00+05:30,158.5,162.5,157.0,160.4,546525,0
2025-10-06 09:45:00+05:30,160.75,169.8,158.45,166.25,1238700,0
2025-10-06 09:46:00+05:30,166.85,170.0,162.45,166.8,785175,0
2025-10-06 09:47:00+05:30,166.55,171.7,162.55,164.05,565425,0
2025-10-06 09:48:00+05:30,164.15,173.7,162.1,172.45,528825,0
2025-10-06 09:49:00+05:30,172.6,177.8,168.7,177.55,842025,0
2025-10-06 09:50:00+05:30,177.3,183.0,173.95,176.15,1109025,0
2025-10-06 09:51:00+05:30,176.15,179.6,172.5,173.05,370200,0
2025-10-06 09:52:00+05:30,173.0,177.5,170.35,171.0,348675,0
2025-10-06 09:53:00+05:30,171.3,172.3,165.6,167.7,444075,0
2025-10-06 09:54:00+05:30,167.9,170.1,162.35,163.7,473925,0
2025-10-06 09:55:00+05:30,163.3,168.4,161.8,165.45,383250,0
2025-10-06 09:56:00+05:30,165.4,167.15,163.05,166.85,185250,0
2025-10-06 09:57:00+05:30,167.2,172.0,163.95,170.8,430425,0
2025-10-06 09:58:00+05:30,170.85,174.4,170.0,172.75,480225,0
2025-10-06 09:59:00+05:30,173.2,174.15,170.6,173.6,194700,0
2025-10-06 10:00:00+05:30,173.6,179.8,172.0,176.55,510300,0
2025-10-06 10:01:00+05:30,176.5,179.5,170.6,179.0,484050,0
2025-10-06 10:02:00+05:30,179.5,179.9,173.0,174.45,318150,0
2025-10-06 10:03:00+05:30,174.3,179.9,172.0,179.5,296625,0
2025-10-06 10:04:00+05:30,179.75,183.95,177.05,178.25,503850,0
2025-10-06 10:05:00+05:30,178.15,178.15,169.55,171.3,349425,0
2025-10-06 10:06:00+05:30,171.15,174.8,170.65,173.4,193875,0
2025-10-06 10:07:00+05:30,173.8,179.05,172.15,176.95,221475,0
2025-10-06 10:08:00+05:30,177.35,180.3,175.15,177.1,259650,0
2025-10-06 10:09:00+05:30,177.1,180.0,175.0,178.9,153000,0
2025-10-06 10:10:00+05:30,179.05,180.0,175.75,178.0,202200,0
2025-10-06 10:11:00+05:30,178.6,179.15,173.4,175.55,193650,0
2025-10-06 10:12:00+05:30,175.15,186.5,174.0,185.45,370500,0
2025-10-06 10:13:00+05:30,185.05,193.2,184.3,190.25,889650,0
2025-10-06 10:14:00+05:30,190.35,191.35,186.9,191.2,405825,0
2025-10-06 10:15:00+05:30,191.3,193.65,186.7,188.9,449850,0
2025-10-06 10:16:00+05:30,189.3,192.65,188.0,188.9,251475,0
2025-10-06 10:17:00+05:30,189.15,192.4,188.7,189.4,143625,0
2025-10-06 10:18:00+05:30,189.6,191.2,187.5,189.75,175275,0
2025-10-06 10:19:00+05:30,189.35,192.55,188.65,191.9,137325,0
2025-10-06 10:20:00+05:30,192.3,198.5,190.2,196.3,541800,0
2025-10-06 10:21:00+05:30,196.1,196.95,187.1,193.0,407850,0
2025-10-06 10:22:00+05:30,193.05,195.0,191.75,193.35,185925,0
2025-10-06 10:23:00+05:30,193.3,198.7,192.5,197.05,225525,0
2025-10-06 10:24:00+05:30,196.65,197.4,192.25,194.05,185475,0
2025-10-06 10:25:00+05:30,194.25,199.5,193.2,199.0,163275,0
2025-10-06 10:26:00+05:30,199.05,199.8,192.2,192.7,240675,0
2025-10-06 10:27:00+05:30,193.0,196.55,191.15,194.7,140100,0
2025-10-06 10:28:00+05:30,195.0,196.25,192.0,193.2,71550,0
2025-10-06 10:29:00+05:30,193.5,193.9,188.5,189.7,227100,0
2025-10-06 10:30:00+05:30,189.6,191.1,185.2,189.65,223500,0
2025-10-06 10:31:00+05:30,189.8,197.0,187.65,196.2,304800,0
2025-10-06 10:32:00+05:30,196.8,204.0,195.8,203.45,496725,0
2025-10-06 10:33:00+05:30,202.95,204.0,200.25,203.25,335550,0
2025-10-06 10:34:00+05:30,203.1,203.15,198.25,202.5,158475,0
2025-10-06 10:35:00+05:30,202.1,202.65,197.35,200.15,135075,0
2025-10-06 10:36:00+05:30,200.25,202.25,198.5,200.0,103725,0
2025-10-06 10:37:00+05:30,199.85,209.3,199.85,204.15,417300,0
2025-10-06 10:38:00+05:30,204.55,205.65,201.4,205.5,148275,0
2025-10-06 10:39:00+05:30,205.5,207.75,204.0,204.55,163200,0
2025-10-06 10:40:00+05:30,204.65,206.0,202.1,205.3,127200,0
2025-10-06 10:41:00+05:30,205.1,205.4,200.0,200.85,126075,0
2025-10-06 10:42:00+05:30,201.15,202.35,197.15,199.85,149100,0
2025-10-06 10:43:00+05:30,199.6,202.0,197.65,198.45,102750,0
2025-10-06 10:44:00+05:30,199.0,200.0,196.45,196.8,74700,0
2025-10-06 10:45:00+05:30,196.8,201.35,195.3,197.4,160575,0
2025-10-06 10:46:00+05:30,198.05,200.75,197.25,198.25,67050,0
2025-10-06 10:47:00+05:30,198.65,198.65,193.3,194.85,157350,0
2025-10-06 10:48:00+05:30,194.0,196.5,188.0,192.35,305475,0
2025-10-06 10:49:00+05:30,191.8,196.5,190.1,195.5,146100,0
2025-10-06 10:50:00+05:30,195.0,196.7,191.55,195.75,120075,0
2025-10-06 10:51:00+05:30,196.2,196.2,189.15,192.3,100125,0
2025-10-06 10:52:00+05:30,192.0,192.15,186.6,187.0,113775,0
2025-10-06 10:53:00+05:30,186.85,195.0,186.85,194.8,142200,0
2025-10-06 10:54:00+05:30,194.8,202.0,194.5,201.3,257250,0
2025-10-06 10:55:00+05:30,201.0,204.9,200.6,204.0,224100,0
2025-10-06 10:56:00+05:30,204.9,212.15,204.0,208.4,417975,0
2025-10-06 10:57:00+05:30,208.6,210.25,206.25,208.9,193650,0
2025-10-06 10:58:00+05:30,209.3,210.5,208.0,209.0,152475,0
2025-10-06 10:59:00+05:30,208.55,210.75,205.35,206.1,142275,0
2025-10-06 11:00:00+05:30,205.7,208.5,205.15,206.0,81600,0
2025-10-06 11:01:00+05:30,206.25,207.8,202.25,206.6,130875,0
2025-10-06 11:02:00+05:30,206.3,210.0,205.9,208.85,168000,0
2025-10-06 11:03:00+05:30,208.6,209.0,206.5,207.95,69075,0
2025-10-06 11:04:00+05:30,208.0,208.0,203.25,204.0,93975,0
2025-10-06 11:05:00+05:30,204.45,207.05,203.45,203.9,85125,0
2025-10-06 11:06:00+05:30,203.7,204.8,199.0,199.65,186600,0
2025-10-06 11:07:00+05:30,199.35,207.3,199.3,207.3,164100,0
2025-10-06 11:08:00+05:30,207.5,210.85,204.55,207.0,216825,0
2025-10-06 11:09:00+05:30,206.45,209.0,205.25,208.45,96300,0
2025-10-06 11:10:00+05:30,208.3,209.35,204.05,205.85,101175,0
2025-10-06 11:11:00+05:30,205.25,212.45,205.0,210.65,147150,0
2025-10-06 11:12:00+05:30,210.45,214.9,209.65,213.65,363300,0
2025-10-06 11:13:00+05:30,213.65,215.15,211.65,213.9,254925,0
2025-10-06 11:14:00+05:30,214.0,216.85,212.7,214.95,272625,0
2025-10-06 11:15:00+05:30,215.05,218.55,209.55,211.2,182925,0
2025-10-06 11:16:00+05:30,211.05,211.85,207.95,211.35,146925,0
2025-10-06 11:17:00+05:30,211.9,211.9,207.2,209.35,102000,0
2025-10-06 11:18:00+05:30,209.3,209.3,202.0,204.65,168900,0
2025-10-06 11:19:00+05:30,204.3,211.4,204.1,211.1,184275,0
2025-10-06 11:20:00+05:30,211.3,218.45,209.6,217.4,221175,0
2025-10-06 11:21:00+05:30,217.0,218.35,213.05,213.1,147450,0
2025-10-06 11:22:00+05:30,213.0,216.35,212.9,215.3,67275,0
2025-10-06 11:23:00+05:30,215.0,216.0,213.35,215.0,46650,0
2025-10-06 11:24:00+05:30,215.0,215.5,211.05,213.3,74100,0
2025-10-06 11:25:00+05:30,214.0,215.45,212.5,212.75,46275,0
2025-10-06 11:26:00+05:30,213.2,215.55,211.4,214.8,43350,0
2025-10-06 11:27:00+05:30,214.5,218.75,213.6,218.6,123450,0
2025-10-06 11:28:00+05:30,218.65,230.0,218.65,226.3,400350,0
2025-10-06 11:29:00+05:30,226.65,232.75,225.75,231.8,206700,0
2025-10-06 11:30:00+05:30,231.8,234.0,228.75,231.0,220425,0
2025-10-06 11:31:00+05:30,230.0,231.25,226.35,227.15,113250,0
2025-10-06 11:32:00+05:30,227.2,230.5,227.15,229.65,89400,0
2025-10-06 11:33:00+05:30,230.0,230.8,227.9,230.4,49200,0
2025-10-06 11:34:00+05:30,230.05,230.5,227.0,229.95,90825,0
2025-10-06 11:35:00+05:30,229.5,230.0,223.15,225.9,243975,0
2025-10-06 11:36:00+05:30,225.75,227.3,223.8,226.95,55125,0
2025-10-06 11:37:00+05:30,226.85,227.3,223.2,225.15,71625,0
2025-10-06 11:38:00+05:30,224.0,226.8,223.2,225.0,70575,0
2025-10-06 11:39:00+05:30,224.7,229.3,223.45,229.3,92100,0
2025-10-06 11:40:00+05:30,229.1,238.4,227.85,236.85,280725,0
2025-10-06 11:41:00+05:30,236.45,236.45,230.75,232.7,112950,0
2025-10-06 11:42:00+05:30,232.5,235.0,231.1,234.0,55575,0
2025-10-06 11:43:00+05:30,234.1,234.2,228.85,231.95,97875,0
2025-10-06 11:44:00+05:30,231.5,232.05,229.0,229.25,43950,0
2025-10-06 11:45:00+05:30,229.0,231.85,226.2,226.95,59700,0
2025-10-06 11:46:00+05:30,226.9,227.05,224.35,226.15,99675,0
2025-10-06 11:47:00+05:30,226.15,229.6,223.6,229.05,61125,0
2025-10-06 11:48:00+05:30,229.4,231.5,228.4,230.55,60075,0
2025-10-06 11:49:00+05:30,230.55,230.65,224.55,226.3,98100,0
2025-10-06 11:50:00+05:30,226.1,226.55,218.8,219.2,119925,0
2025-10-06 11:51:00+05:30,219.05,226.65,218.85,226.35,72675,0
2025-10-06 11:52:00+05:30,226.2,226.75,222.0,222.25,59250,0
2025-10-06 11:53:00+05:30,222.5,222.5,216.6,216.8,257175,0
2025-10-06 11:54:00+05:30,216.45,219.95,215.2,215.95,58875,0
2025-10-06 11:55:00+05:30,215.5,220.0,215.4,219.85,71850,0
2025-10-06 11:56:00+05:30,219.5,226.25,219.5,225.55,122175,0
2025-10-06 11:57:00+05:30,225.65,226.25,216.1,218.7,100500,0
2025-10-06 11:58:00+05:30,218.35,219.55,213.45,216.0,91650,0
2025-10-06 11:59:00+05:30,215.8,219.8,214.5,219.7,59850,0
2025-10-06 12:00:00+05:30,219.4,223.15,218.1,219.8,93900,0
2025-10-06 12:01:00+05:30,219.65,228.0,219.65,226.8,150600,0
2025-10-06 12:02:00+05:30,225.8,228.0,225.55,227.05,100575,0
2025-10-06 12:03:00+05:30,227.65,231.5,227.05,230.0,120450,0
2025-10-06 12:04:00+05:30,229.9,229.95,224.7,226.0,60900,0
2025-10-06 12:05:00+05:30,225.5,229.9,225.15,228.75,59175,0
2025-10-06 12:06:00+05:30,228.6,228.6,221.25,227.9,61650,0
2025-10-06 12:07:00+05:30,227.0,228.75,225.55,227.2,30450,0
2025-10-06 12:08:00+05:30,227.5,228.0,224.8,227.85,31425,0
2025-10-06 12:09:00+05:30,227.9,228.0,226.0,227.0,28800,0
2025-10-06 12:10:00+05:30,227.3,228.75,225.5,228.2,31875,0
2025-10-06 12:11:00+05:30,228.0,228.5,224.45,224.45,55650,0
2025-10-06 12:12:00+05:30,225.05,227.9,222.35,227.9,50550,0
2025-10-06 12:13:00+05:30,227.85,229.2,225.4,229.0,51000,0
2025-10-06 12:14:00+05:30,228.45,233.4,227.95,233.2,99075,0
2025-10-06 12:15:00+05:30,233.3,239.4,230.15,238.25,211575,0
2025-10-06 12:16:00+05:30,238.75,239.05,234.5,234.95,116025,0
2025-10-06 12:17:00+05:30,234.9,234.9,228.5,231.5,102675,0
2025-10-06 12:18:00+05:30,230.5,235.4,229.15,233.85,70575,0
2025-10-06 12:19:00+05:30,234.0,236.55,233.85,235.2,55800,0
2025-10-06 12:20:00+05:30,235.9,237.4,234.5,236.45,35475,0
2025-10-06 12:21:00+05:30,236.65,237.0,232.0,232.6,45525,0
2025-10-06 12:22:00+05:30,233.05,235.2,230.35,234.4,58275,0
2025-10-06 12:23:00+05:30,234.5,236.2,231.6,236.2,50025,0
2025-10-06 12:24:00+05:30,236.0,236.8,234.45,236.0,38400,0
2025-10-06 12:25:00+05:30,235.9,235.9,230.6,233.05,45150,0
2025-10-06 12:26:00+05:30,233.9,236.0,233.05,234.85,25800,0
2025-10-06 12:27:00+05:30,235.0,235.2,231.6,231.75,31050,0
2025-10-06 12:28:00+05:30,232.2,234.5,231.45,232.75,40800,0
2025-10-06 12:29:00+05:30,232.9,234.45,229.8,231.05,49425,0
2025-10-06 12:30:00+05:30,231.7,233.0,225.15,226.45,78150,0
2025-10-06 12:31:00+05:30,226.7,227.85,224.6,225.4,85875,0
2025-10-06 12:32:00+05:30,225.95,228.0,223.25,225.0,64575,0
2025-10-06 12:33:00+05:30,224.55,227.55,222.5,227.0,73425,0
2025-10-06 12:34:00+05:30,227.0,230.0,226.0,229.2,66750,0
2025-10-06 12:35:00+05:30,229.7,229.85,226.5,227.4,40500,0
2025-10-06 12:36:00+05:30,227.1,230.15,226.0,230.0,31050,0
2025-10-06 12:37:00+05:30,229.4,230.0,225.8,226.0,38700,0
2025-10-06 12:38:00+05:30,226.0,228.5,225.0,227.0,36825,0
2025-10-06 12:39:00+05:30,226.25,229.6,225.25,229.1,24225,0
2025-10-06 12:40:00+05:30,228.9,235.0,228.9,231.7,127575,0
2025-10-06 12:41:00+05:30,231.65,232.8,227.4,229.3,55875,0
2025-10-06 12:42:00+05:30,229.0,235.8,227.2,234.6,93150,0
2025-10-06 12:43:00+05:30,234.8,237.85,233.65,237.05,72825,0
2025-10-06 12:44:00+05:30,237.1,237.3,232.0,235.05,59175,0
2025-10-06 12:45:00+05:30,235.0,238.2,234.8,238.0,123000,0
2025-10-06 12:46:00+05:30,238.5,245.4,237.3,239.6,245100,0
2025-10-06 12:47:00+05:30,239.35,241.65,237.85,239.8,81300,0
2025-10-06 12:48:00+05:30,239.85,240.2,235.8,235.8,48375,0
2025-10-06 12:49:00+05:30,235.85,240.0,235.8,239.9,38325,0
2025-10-06 12:50:00+05:30,239.45,246.7,239.05,245.65,92775,0
2025-10-06 12:51:00+05:30,245.8,248.9,242.45,248.0,120375,0
2025-10-06 12:52:00+05:30,247.35,248.8,245.65,247.1,104025,0
2025-10-06 12:53:00+05:30,246.95,247.05,242.4,245.0,103125,0
2025-10-06 12:54:00+05:30,244.55,246.35,243.0,245.7,44925,0
2025-10-06 12:55:00+05:30,245.3,250.8,244.2,248.4,88275,0
2025-10-06 12:56:00+05:30,248.2,252.5,247.45,249.7,118875,0
2025-10-06 12:57:00+05:30,249.7,254.7,248.5,253.35,79200,0
2025-10-06 12:58:00+05:30,253.25,258.45,253.1,254.5,172800,0
2025-10-06 12:59:00+05:30,255.05,259.0,253.5,258.7,100200,0
2025-10-06 13:00:00+05:30,257.9,260.85,255.85,259.3,106425,0
2025-10-06 13:01:00+05:30,259.7,265.0,256.6,264.6,104100,0
2025-10-06 13:02:00+05:30,264.45,265.95,261.0,263.7,120450,0
2025-10-06 13:03:00+05:30,263.6,263.8,260.0,262.5,70425,0
2025-10-06 13:04:00+05:30,262.6,266.7,262.0,265.95,121050,0
2025-10-06 13:05:00+05:30,266.5,270.5,263.65,265.85,131550,0
2025-10-06 13:06:00+05:30,265.5,266.5,263.0,265.0,47775,0
2025-10-06 13:07:00+05:30,264.8,271.95,263.6,270.1,103950,0
2025-10-06 13:08:00+05:30,270.7,274.8,269.4,273.95,95250,0
2025-10-06 13:09:00+05:30,274.0,279.2,274.0,278.65,125025,0
2025-10-06 13:10:00+05:30,277.45,277.8,270.2,273.8,107250,0
2025-10-06 13:11:00+05:30,274.0,274.4,270.7,272.2,53325,0
2025-10-06 13:12:00+05:30,271.8,276.6,270.0,276.2,102600,0
2025-10-06 13:13:00+05:30,276.2,283.6,274.9,276.3,149775,0
2025-10-06 13:14:00+05:30,276.2,280.3,275.2,278.4,82050,0
2025-10-06 13:15:00+05:30,278.5,280.8,275.0,278.0,75150,0
2025-10-06 13:16:00+05:30,277.6,278.85,271.6,275.9,71250,0
2025-10-06 13:17:00+05:30,275.75,277.8,274.2,277.0,37275,0
2025-10-06 13:18:00+05:30,276.8,276.8,271.7,275.5,43200,0
2025-10-06 13:19:00+05:30,275.0,276.35,273.0,274.15,22200,0
2025-10-06 13:20:00+05:30,273.25,275.85,271.2,275.5,30525,0
2025-10-06 13:21:00+05:30,275.8,276.6,272.5,273.75,25125,0
2025-10-06 13:22:00+05:30,273.85,277.35,273.85,276.65,21375,0
2025-10-06 13:23:00+05:30,276.1,277.75,272.05,274.65,21600,0
2025-10-06 13:24:00+05:30,273.85,275.55,272.25,272.7,17775,0
2025-10-06 13:25:00+05:30,272.9,276.95,272.4,275.95,22575,0
2025-10-06 13:26:00+05:30,275.95,278.35,274.6,278.25,36600,0
2025-10-06 13:27:00+05:30,278.4,281.6,277.8,279.3,58275,0
2025-10-06 13:28:00+05:30,279.6,279.6,277.05,278.3,25950,0
2025-10-06 13:29:00+05:30,278.95,296.65,277.0,296.25,151275,0
2025-10-06 13:30:00+05:30,297.0,308.0,295.65,305.0,197475,0
2025-10-06 13:31:00+05:30,304.0,309.75,301.85,308.9,134100,0
2025-10-06 13:32:00+05:30,309.95,311.0,305.1,309.2,78375,0
2025-10-06 13:33:00+05:30,309.85,319.0,308.6,315.5,111675,0
2025-10-06 13:34:00+05:30,316.0,318.3,311.3,312.25,104925,0
2025-10-06 13:35:00+05:30,312.45,315.8,312.0,314.95,69000,0
2025-10-06 13:36:00+05:30,315.0,317.0,312.3,316.55,54375,0
2025-10-06 13:37:00+05:30,316.15,320.0,310.0,313.35,79800,0
2025-10-06 13:38:00+05:30,313.85,316.0,311.5,313.85,44925,0
2025-10-06 13:39:00+05:30,313.95,318.0,312.6,313.65,75675,0
2025-10-06 13:40:00+05:30,313.3,316.3,311.05,313.75,33900,0
2025-10-06 13:41:00+05:30,313.3,313.95,310.5,313.35,42675,0
2025-10-06 13:42:00+05:30,312.85,312.85,307.45,309.75,59550,0
2025-10-06 13:43:00+05:30,310.3,311.0,306.15,308.25,46575,0
2025-10-06 13:44:00+05:30,307.15,308.55,304.05,305.55,53550,0
2025-10-06 13:45:00+05:30,305.0,306.85,302.05,304.0,57825,0
2025-10-06 13:46:00+05:30,304.0,309.85,304.0,307.15,87450,0
2025-10-06 13:47:00+05:30,307.35,308.3,302.25,304.95,50100,0
2025-10-06 13:48:00+05:30,303.45,304.05,300.1,303.0,42225,0
2025-10-06 13:49:00+05:30,301.9,301.9,286.75,286.75,125700,0
2025-10-06 13:50:00+05:30,286.25,289.0,278.7,285.7,153675,0
2025-10-06 13:51:00+05:30,285.25,288.75,279.0,279.0,99675,0
2025-10-06 13:52:00+05:30,278.55,282.75,275.55,282.75,120300,0
2025-10-06 13:53:00+05:30,282.4,294.95,282.4,293.95,176550,0
2025-10-06 13:54:00+05:30,294.0,299.05,290.1,294.0,127050,0
2025-10-06 13:55:00+05:30,293.9,297.2,292.4,295.9,43500,0
2025-10-06 13:56:00+05:30,295.8,296.6,291.15,291.15,33900,0
2025-10-06 13:57:00+05:30,291.0,299.0,289.55,297.3,56400,0
2025-10-06 13:58:00+05:30,297.95,298.65,295.0,295.0,35025,0
2025-10-06 13:59:00+05:30,295.0,299.9,293.25,297.25,53625,0
2025-10-06 14:00:00+05:30,297.85,302.0,295.0,297.85,51075,0
2025-10-06 14:01:00+05:30,296.9,301.8,294.7,300.2,50400,0
2025-10-06 14:02:00+05:30,299.7,301.95,296.0,299.0,52650,0
2025-10-06 14:03:00+05:30,298.6,304.2,297.35,299.25,66750,0
2025-10-06 14:04:00+05:30,298.05,298.45,287.15,287.7,77250,0
2025-10-06 14:05:00+05:30,288.15,292.3,284.1,286.55,81600,0
2025-10-06 14:06:00+05:30,285.75,291.65,284.35,285.3,26550,0
2025-10-06 14:07:00+05:30,285.0,290.0,280.45,288.95,47775,0
2025-10-06 14:08:00+05:30,289.0,292.5,287.45,291.3,45225,0
2025-10-06 14:09:00+05:30,290.95,290.95,283.0,284.75,59850,0
2025-10-06 14:10:00+05:30,284.65,285.75,280.0,280.45,71625,0
2025-10-06 14:11:00+05:30,280.3,285.8,280.0,284.75,25575,0
2025-10-06 14:12:00+05:30,283.2,287.45,283.05,287.2,25425,0
2025-10-06 14:13:00+05:30,287.8,289.9,285.15,287.7,25725,0
2025-10-06 14:14:00+05:30,287.0,288.0,285.0,285.75,9900,0
2025-10-06 14:15:00+05:30,285.9,287.65,281.3,282.0,74850,0
2025-10-06 14:16:00+05:30,282.55,287.45,281.9,286.45,21525,0
2025-10-06 14:17:00+05:30,287.0,287.65,279.75,280.05,35325,0
2025-10-06 14:18:00+05:30,279.0,281.15,273.35,276.35,93900,0
2025-10-06 14:19:00+05:30,276.25,283.7,274.85,280.7,58800,0
2025-10-06 14:20:00+05:30,281.0,285.55,280.55,284.35,41925,0
2025-10-06 14:21:00+05:30,284.65,290.15,283.55,288.85,54750,0
2025-10-06 14:22:00+05:30,288.85,292.6,282.9,286.25,66450,0
2025-10-06 14:23:00+05:30,286.15,290.0,286.15,288.1,30600,0
2025-10-06 14:24:00+05:30,287.45,289.0,283.15,288.4,26775,0
2025-10-06 14:25:00+05:30,288.65,294.4,287.7,292.6,62850,0
2025-10-06 14:26:00+05:30,293.7,294.0,288.8,291.7,33300,0
2025-10-06 14:27:00+05:30,291.1,293.5,289.0,289.7,29100,0
2025-10-06 14:28:00+05:30,290.1,290.1,278.95,282.5,51825,0
2025-10-06 14:29:00+05:30,282.45,284.75,275.8,279.2,68025,0
2025-10-06 14:30:00+05:30,278.65,287.5,278.4,285.5,63000,0
2025-10-06 14:31:00+05:30,284.9,292.0,284.9,286.4,65025,0
2025-10-06 14:32:00+05:30,286.3,291.95,284.65,288.9,35850,0
2025-10-06 14:33:00+05:30,288.95,294.0,282.9,285.3,49500,0
2025-10-06 14:34:00+05:30,285.6,290.35,285.6,289.7,21825,0
2025-10-06 14:35:00+05:30,289.45,292.0,287.8,291.25,28575,0
2025-10-06 14:36:00+05:30,292.0,296.9,292.0,295.3,67275,0
2025-10-06 14:37:00+05:30,296.2,296.2,290.5,291.5,38850,0
2025-10-06 14:38:00+05:30,291.0,293.1,288.35,292.9,33450,0
2025-10-06 14:39:00+05:30,292.05,295.6,291.55,294.2,31950,0
2025-10-06 14:40:00+05:30,294.3,296.0,291.25,292.6,26625,0
2025-10-06 14:41:00+05:30,291.85,294.55,290.1,292.15,12975,0
2025-10-06 14:42:00+05:30,291.7,292.45,289.15,290.05,27975,0
2025-10-06 14:43:00+05:30,290.0,291.45,286.05,290.0,30450,0
2025-10-06 14:44:00+05:30,290.4,291.45,288.55,290.9,20550,0
2025-10-06 14:45:00+05:30,289.85,294.6,287.4,287.75,34050,0
2025-10-06 14:46:00+05:30,288.3,289.15,284.65,284.65,27075,0
2025-10-06 14:47:00+05:30,285.1,287.7,282.25,283.4,29850,0
2025-10-06 14:48:00+05:30,282.95,285.8,280.0,285.2,44100,0
2025-10-06 14:49:00+05:30,285.2,289.0,281.3,286.1,26475,0
2025-10-06 14:50:00+05:30,286.35,288.3,283.15,283.15,25350,0
2025-10-06 14:51:00+05:30,283.1,297.3,283.0,296.35,58575,0
2025-10-06 14:52:00+05:30,296.85,307.55,295.55,304.15,160875,0
2025-10-06 14:53:00+05:30,304.15,312.7,301.35,308.25,115650,0
2025-10-06 14:54:00+05:30,308.55,309.0,297.6,302.25,112875,0
2025-10-06 14:55:00+05:30,302.7,307.0,302.45,304.3,52650,0
2025-10-06 14:56:00+05:30,303.35,306.0,303.05,304.75,35400,0
2025-10-06 14:57:00+05:30,304.8,306.95,304.0,306.6,36000,0
2025-10-06 14:58:00+05:30,306.35,306.55,300.8,303.0,38175,0
2025-10-06 14:59:00+05:30,302.05,305.35,300.7,305.35,20025,0
2025-10-06 15:00:00+05:30,306.0,307.25,297.65,298.65,120525,0
2025-10-06 15:01:00+05:30,300.15,301.7,294.8,297.2,45375,0
2025-10-06 15:02:00+05:30,297.15,302.5,297.0,297.65,24300,0
2025-10-06 15:03:00+05:30,297.75,301.5,297.45,299.0,20325,0
2025-10-06 15:04:00+05:30,299.45,299.55,291.6,292.85,78000,0
2025-10-06 15:05:00+05:30,293.55,300.5,292.8,299.8,52425,0
2025-10-06 15:06:00+05:30,300.0,310.0,299.8,308.4,103650,0
2025-10-06 15:07:00+05:30,309.0,309.0,304.25,305.85,41025,0
2025-10-06 15:08:00+05:30,306.85,309.8,305.35,308.3,47775,0
2025-10-06 15:09:00+05:30,309.8,310.0,306.0,307.0,32475,0
2025-10-06 15:10:00+05:30,306.0,308.0,304.1,307.1,28950,0
2025-10-06 15:11:00+05:30,308.0,308.95,304.6,305.4,29775,0
2025-10-06 15:12:00+05:30,305.9,306.65,302.85,304.35,42525,0
2025-10-06 15:13:00+05:30,304.0,306.45,303.05,304.1,22200,0
2025-10-06 15:14:00+05:30,303.7,305.0,301.0,301.8,58875,0
2025-10-06 15:15:00+05:30,301.7,310.95,301.4,309.4,84675,0
2025-10-06 15:16:00+05:30,309.35,309.35,304.7,307.6,44100,0
2025-10-06 15:17:00+05:30,306.95,308.0,304.3,306.55,22650,0
2025-10-06 15:18:00+05:30,306.55,307.85,304.0,307.85,51150,0
2025-10-06 15:19:00+05:30,307.85,309.0,306.0,308.65,29250,0
2025-10-06 15:20:00+05:30,308.05,308.95,306.15,306.75,27000,0
2025-10-06 15:21:00+05:30,307.4,308.6,305.3,307.0,37125,0
2025-10-06 15:22:00+05:30,307.85,307.85,302.75,304.75,33600,0
2025-10-06 15:23:00+05:30,304.6,307.5,304.05,305.65,26100,0
2025-10-06 15:24:00+05:30,306.75,306.8,302.25,303.2,42825,0
2025-10-06 15:25:00+05:30,303.0,304.8,301.0,304.0,74250,0
2025-10-06 15:26:00+05:30,304.0,305.4,303.3,304.65,31650,0
2025-10-06 15:27:00+05:30,304.75,305.8,304.0,304.95,41475,0
2025-10-06 15:28:00+05:30,305.0,305.0,301.65,301.95,69300,0
2025-10-06 15:29:00+05:30,301.95,302.0,294.7,296.75,99825,0
2025-10-07 09:15:00+05:30,298.0,327.95,290.0,321.95,121200,0
2025-10-07 09:16:00+05:30,321.5,325.65,316.0,324.7,62700,0
2025-10-07 09:17:00+05:30,324.55,328.0,305.2,305.8,160200,0
2025-10-07 09:18:00+05:30,305.0,308.65,295.1,299.05,78150,0
2025-10-07 09:19:00+05:30,299.75,300.8,289.7,293.75,114000,0
2025-10-07 09:20:00+05:30,292.65,304.95,290.45,296.35,89400,0
2025-10-07 09:21:00+05:30,295.5,311.55,293.9,309.9,90825,0
2025-10-07 09:22:00+05:30,309.4,321.6,305.4,319.15,95625,0
2025-10-07 09:23:00+05:30,319.95,324.4,316.55,318.85,133050,0
2025-10-07 09:24:00+05:30,316.55,318.5,308.0,315.25,48825,0
2025-10-07 09:25:00+05:30,313.9,321.0,309.9,321.0,37275,0
2025-10-07 09:26:00+05:30,320.75,322.0,309.0,310.2,68175,0
2025-10-07 09:27:00+05:30,309.0,312.7,301.0,308.65,113250,0
2025-10-07 09:28:00+05:30,308.5,319.0,306.8,317.4,112575,0
2025-10-07 09:29:00+05:30,318.0,326.35,317.6,324.85,53250,0
2025-10-07 09:30:00+05:30,325.1,329.65,315.0,317.8,48750,0
2025-10-07 09:31:00+05:30,315.25,327.9,313.7,326.65,55500,0
2025-10-07 09:32:00+05:30,326.4,332.0,323.7,327.05,61050,0
2025-10-07 09:33:00+05:30,326.3,328.55,318.1,327.55,49725,0
2025-10-07 09:34:00+05:30,327.05,327.75,322.0,326.25,26700,0
2025-10-07 09:35:00+05:30,326.2,327.75,320.1,327.0,23925,0
2025-10-07 09:36:00+05:30,327.7,328.9,320.15,327.15,22050,0
2025-10-07 09:37:00+05:30,327.15,338.9,325.45,335.8,58650,0
2025-10-07 09:38:00+05:30,335.65,342.15,334.7,336.85,54450,0
2025-10-07 09:39:00+05:30,338.85,341.6,338.3,340.8,48600,0
2025-10-07 09:40:00+05:30,340.45,349.2,340.45,349.2,137625,0
2025-10-07 09:41:00+05:30,349.8,352.45,344.7,347.8,166050,0
2025-10-07 09:42:00+05:30,347.8,349.7,342.55,345.2,35025,0
2025-10-07 09:43:00+05:30,344.45,349.0,343.0,348.45,59250,0
2025-10-07 09:44:00+05:30,348.25,356.5,348.25,355.0,86775,0
2025-10-07 09:45:00+05:30,355.7,359.6,351.95,354.6,144450,0
2025-10-07 09:46:00+05:30,353.9,355.7,352.1,353.0,40725,0
2025-10-07 09:47:00+05:30,353.25,368.2,351.25,367.65,69825,0
2025-10-07 09:48:00+05:30,368.05,379.0,368.0,376.05,172800,0
2025-10-07 09:49:00+05:30,377.75,378.65,373.65,376.2,53475,0
2025-10-07 09:50:00+05:30,375.2,378.8,372.85,377.0,17775,0
2025-10-07 09:51:00+05:30,377.65,399.7,377.0,394.7,52950,0
2025-10-07 09:52:00+05:30,396.2,396.45,385.15,388.7,36600,0
2025-10-07 09:53:00+05:30,388.7,392.9,387.0,392.9,13800,0
2025-10-07 09:54:00+05:30,393.2,397.55,391.05,394.35,40575,0
2025-10-07 09:55:00+05:30,395.0,409.65,391.55,407.55,47700,0
2025-10-07 09:56:00+05:30,408.4,408.6,401.55,406.05,44475,0
2025-10-07 09:57:00+05:30,405.45,410.5,403.7,405.75,27600,0
2025-10-07 09:58:00+05:30,405.5,406.6,388.8,394.0,31200,0
2025-10-07 09:59:00+05:30,394.9,399.6,393.6,394.0,19425,0
2025-10-07 10:00:00+05:30,395.55,404.0,393.35,402.6,10425,0
2025-10-07 10:01:00+05:30,402.9,405.0,400.55,405.0,16725,0
2025-10-07 10:02:00+05:30,405.0,410.95,405.0,408.8,46950,0
2025-10-07 10:03:00+05:30,409.0,412.0,403.45,409.95,39600,0
2025-10-07 10:04:00+05:30,411.25,411.35,403.85,406.3,9075,0
2025-10-07 10:05:00+05:30,407.95,407.95,402.05,405.65,7275,0
2025-10-07 10:06:00+05:30,404.65,408.4,400.05,407.3,7275,0
2025-10-07 10:07:00+05:30,407.0,408.75,401.65,407.35,8100,0
2025-10-07 10:08:00+05:30,406.2,410.0,405.0,405.0,12225,0
2025-10-07 10:09:00+05:30,404.0,405.95,402.85,403.0,8100,0
2025-10-07 10:10:00+05:30,402.0,408.85,401.65,408.6,10875,0
2025-10-07 10:11:00+05:30,407.4,407.45,397.05,400.8,13200,0
2025-10-07 10:12:00+05:30,400.85,409.9,400.85,405.35,6150,0
2025-10-07 10:13:00+05:30,405.0,410.0,405.0,405.65,11100,0
2025-10-07 10:14:00+05:30,404.15,404.75,395.4,401.05,8250,0
2025-10-07 10:15:00+05:30,401.5,407.0,401.5,404.6,9075,0
2025-10-07 10:16:00+05:30,403.6,403.6,393.45,398.35,11775,0
2025-10-07 10:17:00+05:30,397.05,402.35,393.0,397.1,4275,0
2025-10-07 10:18:00+05:30,394.9,398.15,391.2,395.3,3600,0
2025-10-07 10:19:00+05:30,397.65,401.05,397.65,398.0,1950,0
2025-10-07 10:20:00+05:30,395.55,402.95,395.45,401.3,2850,0
2025-10-07 10:21:00+05:30,402.0,404.35,395.95,396.7,5250,0
2025-10-07 10:22:00+05:30,395.0,397.95,393.45,396.85,2025,0
2025-10-07 10:23:00+05:30,396.6,396.85,384.0,391.35,13575,0
2025-10-07 10:24:00+05:30,390.9,394.7,386.1,392.1,7875,0
2025-10-07 10:25:00+05:30,392.15,396.9,390.95,392.4,7575,0
2025-10-07 10:26:00+05:30,392.2,392.35,385.8,386.15,9075,0
2025-10-07 10:27:00+05:30,388.5,388.5,385.6,387.85,2775,0
2025-10-07 10:28:00+05:30,386.85,390.4,383.3,390.4,11325,0
2025-10-07 10:29:00+05:30,390.3,392.3,386.1,391.05,8475,0
2025-10-07 10:30:00+05:30,392.45,411.0,389.45,405.2,15675,0
2025-10-07 10:31:00+05:30,403.6,405.15,386.4,387.35,27675,0
2025-10-07 10:32:00+05:30,388.35,397.15,388.25,390.0,7725,0
2025-10-07 10:33:00+05:30,390.0,393.15,387.65,391.95,22725,0
2025-10-07 10:34:00+05:30,391.75,393.7,389.35,389.35,10350,0
2025-10-07 10:35:00+05:30,387.2,389.4,380.75,380.75,13275,0
2025-10-07 10:36:00+05:30,380.0,382.65,373.15,381.5,25950,0
2025-10-07 10:37:00+05:30,381.95,388.15,379.2,388.0,6450,0
2025-10-07 10:38:00+05:30,389.05,394.95,387.2,393.75,21825,0
2025-10-07 10:39:00+05:30,391.0,398.0,390.7,397.8,6825,0
2025-10-07 10:40:00+05:30,398.05,400.55,393.15,398.3,8475,0
2025-10-07 10:41:00+05:30,398.0,398.7,394.9,395.1,4650,0
2025-10-07 10:42:00+05:30,393.85,393.85,385.2,390.2,4950,0
2025-10-07 10:43:00+05:30,390.5,390.75,387.5,387.5,7725,0
2025-10-07 10:44:00+05:30,385.25,386.2,381.0,385.8,5625,0
2025-10-07 10:45:00+05:30,384.85,388.2,383.0,383.0,4575,0
2025-10-07 10:46:00+05:30,382.7,384.1,379.05,379.6,6675,0
2025-10-07 10:47:00+05:30,380.05,386.7,380.05,385.35,1875,0
2025-10-07 10:48:00+05:30,387.65,387.65,382.0,382.0,1500,0
2025-10-07 10:49:00+05:30,383.65,385.0,378.8,378.8,3000,0
2025-10-07 10:50:00+05:30,379.0,383.7,378.0,380.8,5175,0
2025-10-07 10:51:00+05:30,379.0,379.0,376.0,376.0,4875,0
2025-10-07 10:52:00+05:30,375.0,381.2,373.0,381.2,4050,0
2025-10-07 10:53:00+05:30,380.0,380.0,371.0,372.0,29925,0
2025-10-07 10:54:00+05:30,371.0,378.1,371.0,378.1,7050,0
2025-10-07 10:55:00+05:30,377.65,378.55,372.9,374.0,22650,0
2025-10-07 10:56:00+05:30,376.5,376.9,368.9,375.0,22200,0
2025-10-07 10:57:00+05:30,376.0,382.95,376.0,381.6,23850,0
2025-10-07 10:58:00+05:30,381.35,381.35,374.6,374.8,3225,0
2025-10-07 10:59:00+05:30,374.0,374.0,362.15,369.25,12450,0
2025-10-07 11:00:00+05:30,370.1,373.7,367.75,368.45,3300,0
2025-10-07 11:01:00+05:30,369.3,373.9,369.3,372.6,3450,0
2025-10-07 11:02:00+05:30,371.25,371.25,360.0,361.85,8925,0
2025-10-07 11:03:00+05:30,360.45,360.95,356.5,360.25,12525,0
2025-10-07 11:04:00+05:30,361.0,367.85,360.0,367.85,6675,0
2025-10-07 11:05:00+05:30,368.65,372.3,367.2,370.55,4800,0
2025-10-07 11:06:00+05:30,370.65,372.3,367.6,368.55,3450,0
2025-10-07 11:07:00+05:30,369.95,379.75,369.95,378.65,14100,0
2025-10-07 11:08:00+05:30,378.15,378.35,372.95,376.4,3675,0
2025-10-07 11:09:00+05:30,375.8,379.0,373.65,374.95,8025,0
2025-10-07 11:10:00+05:30,376.15,376.75,362.55,362.55,8100,0
2025-10-07 11:11:00+05:30,361.1,366.1,354.45,357.35,28275,0
2025-10-07 11:12:00+05:30,357.4,361.8,356.85,360.2,4500,0
2025-10-07 11:13:00+05:30,360.1,365.35,360.1,364.1,8175,0
2025-10-07 11:14:00+05:30,364.15,364.75,360.95,362.65,3750,0
2025-10-07 11:15:00+05:30,361.9,363.0,359.35,359.85,9900,0
2025-10-07 11:16:00+05:30,361.95,365.25,361.95,362.45,5325,0
2025-10-07 11:17:00+05:30,362.15,367.15,361.1,365.85,9525,0
2025-10-07 11:18:00+05:30,364.5,365.35,356.45,357.25,11400,0
2025-10-07 11:19:00+05:30,355.1,356.2,347.5,350.7,37800,0
2025-10-07 11:20:00+05:30,350.0,352.45,347.15,350.0,9300,0
2025-10-07 11:21:00+05:30,348.0,348.0,328.75,335.0,45525,0
2025-10-07 11:22:00+05:30,332.15,340.45,332.0,340.45,18975,0
2025-10-07 11:23:00+05:30,338.9,342.6,326.0,328.45,15900,0
2025-10-07 11:24:00+05:30,326.65,327.1,311.0,313.2,35700,0
2025-10-07 11:25:00+05:30,312.05,323.8,312.05,322.35,40500,0
2025-10-07 11:26:00+05:30,323.0,329.6,321.15,326.9,23175,0
2025-10-07 11:27:00+05:30,326.9,326.9,317.0,320.0,17625,0
2025-10-07 11:28:00+05:30,320.8,331.0,320.7,331.0,15525,0
2025-10-07 11:29:00+05:30,330.15,338.2,330.15,337.05,16725,0
2025-10-07 11:30:00+05:30,336.45,337.5,329.75,331.4,12300,0
2025-10-07 11:31:00+05:30,331.1,332.95,326.3,327.2,10200,0
2025-10-07 11:32:00+05:30,328.15,331.65,325.0,325.1,7050,0
2025-10-07 11:33:00+05:30,325.0,329.8,324.5,328.85,6150,0
2025-10-07 11:34:00+05:30,328.7,331.75,323.0,331.75,10575,0
2025-10-07 11:35:00+05:30,331.95,332.0,298.0,298.0,41100,0
2025-10-07 11:36:00+05:30,299.15,313.9,295.95,313.2,32700,0
2025-10-07 11:37:00+05:30,313.15,316.85,308.85,314.7,21525,0
2025-10-07 11:38:00+05:30,312.7,313.9,309.15,310.45,34500,0
2025-10-07 11:39:00+05:30,310.65,315.4,309.35,315.4,8700,0
2025-10-07 11:40:00+05:30,312.5,318.25,310.55,314.55,18150,0
2025-10-07 11:41:00+05:30,313.3,313.3,306.55,311.0,6750,0
2025-10-07 11:42:00+05:30,311.0,316.1,311.0,312.15,9825,0
2025-10-07 11:43:00+05:30,315.0,321.5,315.0,316.45,15075,0
2025-10-07 11:44:00+05:30,316.7,320.9,315.0,320.0,21000,0
2025-10-07 11:45:00+05:30,320.5,334.0,320.0,333.25,20550,0
2025-10-07 11:46:00+05:30,332.2,333.0,317.45,320.4,12225,0
2025-10-07 11:47:00+05:30,318.6,324.15,317.0,320.45,7800,0
2025-10-07 11:48:00+05:30,319.9,320.75,306.05,311.35,16875,0
2025-10-07 11:49:00+05:30,311.55,320.5,311.45,320.5,8100,0
2025-10-07 11:50:00+05:30,320.2,329.0,319.5,328.45,7800,0
2025-10-07 11:51:00+05:30,328.0,328.0,315.75,317.9,11700,0
2025-10-07 11:52:00+05:30,320.0,325.85,317.8,325.85,8550,0
2025-10-07 11:53:00+05:30,325.35,328.0,320.85,322.5,4500,0
2025-10-07 11:54:00+05:30,323.6,323.6,319.95,322.3,3825,0
2025-10-07 11:55:00+05:30,322.65,328.4,321.35,327.85,7425,0
2025-10-07 11:56:00+05:30,324.3,329.5,323.75,329.0,9900,0
2025-10-07 11:57:00+05:30,328.65,330.8,326.45,330.5,16425,0
2025-10-07 11:58:00+05:30,330.05,330.1,326.75,326.75,4800,0
2025-10-07 11:59:00+05:30,327.9,331.8,325.7,331.8,6075,0
2025-10-07 12:00:00+05:30,331.9,347.6,331.0,345.55,23400,0
2025-10-07 12:01:00+05:30,345.6,348.85,343.0,345.65,19725,0
2025-10-07 12:02:00+05:30,346.0,355.4,346.0,354.3,18075,0
2025-10-07 12:03:00+05:30,355.0,362.7,351.25,362.7,25500,0
2025-10-07 12:04:00+05:30,362.7,362.9,356.5,359.9,9750,0
2025-10-07 12:05:00+05:30,360.0,372.25,359.95,371.0,20850,0
2025-10-07 12:06:00+05:30,371.0,379.0,370.0,379.0,19800,0
2025-10-07 12:07:00+05:30,379.2,380.1,371.4,375.0,8850,0
2025-10-07 12:08:00+05:30,375.0,375.0,365.05,368.2,8250,0
2025-10-07 12:09:00+05:30,368.0,373.0,368.0,372.4,5175,0
2025-10-07 12:10:00+05:30,372.2,376.4,370.0,372.85,7275,0
2025-10-07 12:11:00+05:30,374.65,374.65,366.15,368.45,12300,0
2025-10-07 12:12:00+05:30,368.0,370.35,358.35,359.0,13425,0
2025-10-07 12:13:00+05:30,358.0,365.65,358.0,363.5,5100,0
2025-10-07 12:14:00+05:30,363.0,363.0,359.4,362.0,2325,0
2025-10-07 12:15:00+05:30,362.3,364.5,360.75,364.5,2175,0
2025-10-07 12:16:00+05:30,363.65,364.3,357.6,358.0,3750,0
2025-10-07 12:17:00+05:30,357.95,358.8,349.2,351.7,15300,0
2025-10-07 12:18:00+05:30,355.0,356.7,348.0,350.65,6750,0
2025-10-07 12:19:00+05:30,349.5,355.0,349.45,353.4,3000,0
2025-10-07 12:20:00+05:30,353.0,353.0,348.7,350.05,3150,0
2025-10-07 12:21:00+05:30,350.6,361.25,350.0,361.25,5100,0
2025-10-07 12:22:00+05:30,360.65,361.35,355.85,357.0,4725,0
2025-10-07 12:23:00+05:30,357.9,359.15,354.0,355.95,3225,0
2025-10-07 12:24:00+05:30,357.0,361.0,357.0,359.75,3525,0
2025-10-07 12:25:00+05:30,359.1,361.1,357.1,361.0,2025,0
2025-10-07 12:26:00+05:30,362.05,370.0,361.25,368.85,9150,0
2025-10-07 12:27:00+05:30,370.0,371.35,368.0,368.3,9975,0
2025-10-07 12:28:00+05:30,368.0,372.0,366.7,371.6,5625,0
2025-10-07 12:29:00+05:30,370.05,372.0,368.7,370.8,4650,0
2025-10-07 12:30:00+05:30,369.9,373.3,368.0,371.0,8475,0
2025-10-07 12:31:00+05:30,370.95,371.45,360.2,361.4,14175,0
2025-10-07 12:32:00+05:30,361.55,368.85,360.7,367.55,7575,0
2025-10-07 12:33:00+05:30,365.05,369.1,361.3,365.0,7575,0
2025-10-07 12:34:00+05:30,364.25,367.0,363.7,367.0,6375,0
2025-10-07 12:35:00+05:30,368.65,368.65,364.2,366.3,1650,0
2025-10-07 12:36:00+05:30,366.6,369.9,366.45,367.4,2925,0
2025-10-07 12:37:00+05:30,367.1,372.0,366.8,371.0,9825,0
2025-10-07 12:38:00+05:30,372.0,375.9,371.2,373.0,9375,0
2025-10-07 12:39:00+05:30,371.65,373.3,370.0,373.3,4800,0
2025-10-07 12:40:00+05:30,370.05,374.05,370.0,372.5,4875,0
2025-10-07 12:41:00+05:30,372.45,373.35,370.85,372.7,750,0
2025-10-07 12:42:00+05:30,373.2,379.0,372.55,379.0,4425,0
2025-10-07 12:43:00+05:30,378.35,378.4,373.4,373.55,3225,0
2025-10-07 12:44:00+05:30,372.45,376.95,371.05,372.15,17175,0
2025-10-07 12:45:00+05:30,373.75,377.0,373.7,376.25,4125,0
2025-10-07 12:46:00+05:30,374.25,375.0,372.2,375.0,1575,0
2025-10-07 12:47:00+05:30,375.0,376.0,371.0,372.5,3150,0
2025-10-07 12:48:00+05:30,373.6,375.6,369.2,374.3,4725,0
2025-10-07 12:49:00+05:30,374.0,375.0,371.5,375.0,2325,0
2025-10-07 12:50:00+05:30,373.15,373.15,363.4,370.7,8925,0
2025-10-07 12:51:00+05:30,369.2,370.0,364.25,368.55,2325,0
2025-10-07 12:52:00+05:30,368.75,371.0,365.0,365.1,1950,0
2025-10-07 12:53:00+05:30,366.65,375.5,366.65,375.1,5625,0
2025-10-07 12:54:00+05:30,375.0,380.0,373.55,376.9,6975,0
2025-10-07 12:55:00+05:30,376.0,378.2,369.6,371.0,5700,0
2025-10-07 12:56:00+05:30,370.95,376.1,369.25,375.7,4425,0
2025-10-07 12:57:00+05:30,377.2,386.4,376.05,381.2,9300,0
2025-10-07 12:58:00+05:30,383.5,385.0,379.4,381.3,18150,0
2025-10-07 12:59:00+05:30,382.0,385.35,382.0,384.25,3750,0
2025-10-07 13:00:00+05:30,385.0,386.05,380.0,383.5,6825,0
2025-10-07 13:01:00+05:30,384.0,397.5,383.8,396.55,14400,0
2025-10-07 13:02:00+05:30,396.75,396.75,390.8,392.65,12975,0
2025-10-07 13:03:00+05:30,392.55,394.9,391.45,393.5,3300,0
2025-10-07 13:04:00+05:30,394.75,399.0,391.6,396.95,4575,0
2025-10-07 13:05:00+05:30,395.85,398.75,392.95,395.0,11700,0
2025-10-07 13:06:00+05:30,395.0,396.4,393.6,395.0,4875,0
2025-10-07 13:07:00+05:30,395.3,396.0,393.45,393.45,3150,0
2025-10-07 13:08:00+05:30,393.0,394.75,390.75,391.0,8250,0
2025-10-07 13:09:00+05:30,391.7,405.75,391.35,404.5,9600,0
2025-10-07 13:10:00+05:30,405.15,405.15,395.7,398.7,9675,0
2025-10-07 13:11:00+05:30,398.0,405.25,397.0,399.4,7050,0
2025-10-07 13:12:00+05:30,398.35,398.5,394.75,397.9,2400,0
2025-10-07 13:13:00+05:30,397.0,398.4,393.45,397.4,2250,0
2025-10-07 13:14:00+05:30,396.4,401.8,395.9,401.55,4875,0
2025-10-07 13:15:00+05:30,401.75,413.8,400.0,405.1,23625,0
2025-10-07 13:16:00+05:30,405.1,408.0,402.0,403.0,8775,0
2025-10-07 13:17:00+05:30,403.4,408.6,403.0,407.75,7200,0
2025-10-07 13:18:00+05:30,407.5,408.25,404.9,407.0,13875,0
2025-10-07 13:19:00+05:30,406.25,406.85,403.95,404.7,7425,0
2025-10-07 13:20:00+05:30,402.5,406.1,401.85,406.0,2625,0
2025-10-07 13:21:00+05:30,405.15,406.4,405.0,405.0,900,0
2025-10-07 13:22:00+05:30,405.0,405.0,400.0,404.0,7200,0
2025-10-07 13:23:00+05:30,404.65,407.0,403.8,403.8,3975,0
2025-10-07 13:24:00+05:30,404.8,404.95,398.9,403.0,3000,0
2025-10-07 13:25:00+05:30,403.0,403.0,396.6,398.45,1725,0
2025-10-07 13:26:00+05:30,400.0,405.0,399.9,405.0,3675,0
2025-10-07 13:27:00+05:30,403.7,406.0,401.35,402.5,8175,0
2025-10-07 13:28:00+05:30,405.0,405.65,404.75,405.0,2100,0
2025-10-07 13:29:00+05:30,404.45,404.45,401.5,402.7,6975,0
2025-10-07 13:30:00+05:30,403.1,404.25,402.75,403.75,1500,0
2025-10-07 13:31:00+05:30,403.85,406.0,402.0,403.1,2100,0
2025-10-07 13:32:00+05:30,403.0,403.0,392.5,393.1,24450,0
2025-10-07 13:33:00+05:30,392.0,392.0,380.0,385.1,30525,0
2025-10-07 13:34:00+05:30,385.25,385.35,379.25,384.3,7800,0
2025-10-07 13:35:00+05:30,384.8,387.5,381.65,381.9,4275,0
2025-10-07 13:36:00+05:30,383.75,388.8,375.65,387.95,8475,0
2025-10-07 13:37:00+05:30,387.55,395.6,386.4,393.2,12450,0
2025-10-07 13:38:00+05:30,394.05,395.35,389.05,391.1,10575,0
2025-10-07 13:39:00+05:30,393.45,400.75,392.95,400.75,8025,0
2025-10-07 13:40:00+05:30,402.2,418.7,401.3,418.7,33075,0
2025-10-07 13:41:00+05:30,418.7,420.5,411.1,413.0,13500,0
2025-10-07 13:42:00+05:30,414.25,416.3,413.0,414.4,5475,0
2025-10-07 13:43:00+05:30,415.0,416.0,414.35,416.0,5625,0
2025-10-07 13:44:00+05:30,416.8,424.85,416.0,423.05,13350,0
2025-10-07 13:45:00+05:30,425.0,428.0,421.85,424.6,8850,0
2025-10-07 13:46:00+05:30,424.0,424.0,418.2,420.05,5100,0
2025-10-07 13:47:00+05:30,418.3,419.0,412.35,416.15,8325,0
2025-10-07 13:48:00+05:30,416.65,417.6,415.0,417.0,3975,0
2025-10-07 13:49:00+05:30,417.7,419.0,415.0,415.3,2100,0
2025-10-07 13:50:00+05:30,415.45,416.2,408.75,415.95,5550,0
2025-10-07 13:51:00+05:30,415.5,417.65,412.95,412.95,3450,0
2025-10-07 13:52:00+05:30,412.95,413.35,401.45,405.35,6450,0
2025-10-07 13:53:00+05:30,407.1,412.6,405.7,411.95,5475,0
2025-10-07 13:54:00+05:30,413.0,414.4,408.7,408.7,5925,0
2025-10-07 13:55:00+05:30,410.0,411.85,406.0,407.4,3600,0
2025-10-07 13:56:00+05:30,407.6,410.55,403.8,409.75,7125,0
2025-10-07 13:57:00+05:30,407.25,409.95,405.0,408.4,1875,0
2025-10-07 13:58:00+05:30,408.0,411.55,406.85,406.85,2325,0
2025-10-07 13:59:00+05:30,405.0,405.0,397.9,399.5,22650,0
2025-10-07 14:00:00+05:30,400.3,408.7,400.1,406.0,3750,0
2025-10-07 14:01:00+05:30,404.0,413.55,404.0,413.55,5325,0
2025-10-07 14:02:00+05:30,411.8,411.8,406.8,407.4,1200,0
2025-10-07 14:03:00+05:30,409.0,410.95,407.4,409.9,4350,0
2025-10-07 14:04:00+05:30,411.0,412.45,410.0,411.45,1875,0
2025-10-07 14:05:00+05:30,410.0,411.65,407.0,407.0,3525,0
2025-10-07 14:06:00+05:30,405.6,407.8,404.25,406.65,3525,0
2025-10-07 14:07:00+05:30,408.0,408.0,404.0,404.0,1725,0
2025-10-07 14:08:00+05:30,405.65,411.75,403.2,411.75,3600,0
2025-10-07 14:09:00+05:30,410.7,421.1,410.7,418.6,6450,0
2025-10-07 14:10:00+05:30,418.65,418.65,406.25,406.25,2400,0
2025-10-07 14:11:00+05:30,406.2,409.8,399.2,400.1,6900,0
2025-10-07 14:12:00+05:30,398.7,400.35,394.1,398.3,24825,0
2025-10-07 14:13:00+05:30,400.0,405.5,399.1,405.45,3300,0
2025-10-07 14:14:00+05:30,406.8,416.0,406.8,413.95,5250,0
2025-10-07 14:15:00+05:30,414.0,422.1,413.9,414.6,23475,0
2025-10-07 14:16:00+05:30,414.75,414.8,404.0,404.0,17175,0
2025-10-07 14:17:00+05:30,407.2,407.7,400.15,403.65,14175,0
2025-10-07 14:18:00+05:30,405.0,408.1,405.0,407.9,900,0
2025-10-07 14:19:00+05:30,406.3,407.0,405.0,405.7,1950,0
2025-10-07 14:20:00+05:30,403.0,403.0,392.5,395.9,9750,0
2025-10-07 14:21:00+05:30,395.75,399.4,393.6,394.8,2475,0
2025-10-07 14:22:00+05:30,397.2,398.75,396.0,398.75,1800,0
2025-10-07 14:23:00+05:30,399.05,400.05,398.15,399.35,2250,0
2025-10-07 14:24:00+05:30,399.5,403.0,396.25,396.25,4050,0
2025-10-07 14:25:00+05:30,399.0,399.35,391.3,394.0,3000,0
2025-10-07 14:26:00+05:30,392.8,392.8,385.2,390.95,12300,0
2025-10-07 14:27:00+05:30,389.3,389.4,380.0,382.2,9150,0
2025-10-07 14:28:00+05:30,380.85,380.85,366.75,368.9,30750,0
2025-10-07 14:29:00+05:30,368.9,371.65,357.35,366.15,22725,0
2025-10-07 14:30:00+05:30,365.75,373.45,365.4,369.95,10425,0
2025-10-07 14:31:00+05:30,370.35,376.3,359.25,361.8,17325,0
2025-10-07 14:32:00+05:30,361.55,366.9,359.1,362.0,30900,0
2025-10-07 14:33:00+05:30,361.9,369.05,361.9,364.3,9150,0
2025-10-07 14:34:00+05:30,362.65,372.9,353.85,353.85,17400,0
2025-10-07 14:35:00+05:30,355.1,355.1,338.1,340.05,38925,0
2025-10-07 14:36:00+05:30,340.0,343.0,328.6,341.3,46275,0
2025-10-07 14:37:00+05:30,341.3,347.5,339.65,344.9,30825,0
2025-10-07 14:38:00+05:30,345.85,347.25,338.65,342.0,7500,0
2025-10-07 14:39:00+05:30,340.0,344.0,335.55,338.3,21525,0
2025-10-07 14:40:00+05:30,340.2,342.75,333.75,342.05,31875,0
2025-10-07 14:41:00+05:30,338.35,338.35,322.55,331.95,25575,0
2025-10-07 14:42:00+05:30,332.0,347.95,330.5,345.55,23325,0
2025-10-07 14:43:00+05:30,342.3,351.45,335.05,337.0,28500,0
2025-10-07 14:44:00+05:30,337.5,340.55,331.85,333.1,18675,0
2025-10-07 14:45:00+05:30,333.25,341.3,331.75,339.7,9075,0
2025-10-07 14:46:00+05:30,341.75,345.0,339.6,342.6,6825,0
2025-10-07 14:47:00+05:30,342.25,342.45,337.0,341.9,7125,0
2025-10-07 14:48:00+05:30,342.0,352.6,341.75,352.25,8550,0
2025-10-07 14:49:00+05:30,352.5,354.0,341.55,354.0,5775,0
2025-10-07 14:50:00+05:30,352.85,356.2,347.4,351.7,8325,0
2025-10-07 14:51:00+05:30,354.0,358.25,352.6,356.85,14100,0
2025-10-07 14:52:00+05:30,357.6,357.6,342.05,343.15,12600,0
2025-10-07 14:53:00+05:30,341.0,345.0,336.85,341.65,11850,0
2025-10-07 14:54:00+05:30,339.75,340.05,335.75,337.7,5100,0
2025-10-07 14:55:00+05:30,339.7,341.85,336.0,340.65,7125,0
2025-10-07 14:56:00+05:30,340.05,342.0,337.4,338.5,12450,0
2025-10-07 14:57:00+05:30,335.05,340.25,333.35,340.25,7350,0
2025-10-07 14:58:00+05:30,340.0,342.15,338.0,340.3,5100,0
2025-10-07 14:59:00+05:30,340.95,346.0,336.75,336.75,8775,0
2025-10-07 15:00:00+05:30,335.8,335.8,323.35,329.45,19575,0
2025-10-07 15:01:00+05:30,329.05,330.0,323.6,326.9,9150,0
2025-10-07 15:02:00+05:30,326.1,330.9,321.1,323.85,17400,0
2025-10-07 15:03:00+05:30,323.6,328.8,323.5,327.15,14175,0
2025-10-07 15:04:00+05:30,326.55,327.55,321.5,324.55,12000,0
2025-10-07 15:05:00+05:30,324.3,329.7,323.1,323.7,16200,0
2025-10-07 15:06:00+05:30,323.0,325.65,317.65,318.0,20025,0
2025-10-07 15:07:00+05:30,317.0,319.45,312.55,316.4,46200,0
2025-10-07 15:08:00+05:30,316.4,318.2,313.0,314.5,19800,0
2025-10-07 15:09:00+05:30,314.4,317.05,312.2,313.7,20775,0
2025-10-07 15:10:00+05:30,313.5,313.5,310.55,310.7,12375,0
2025-10-07 15:11:00+05:30,310.05,310.1,306.05,306.9,13125,0
2025-10-07 15:12:00+05:30,308.0,308.4,304.0,304.55,11475,0
2025-10-07 15:13:00+05:30,304.45,305.9,302.0,304.9,9150,0
2025-10-07 15:14:00+05:30,304.5,305.1,302.5,303.1,14475,0
2025-10-07 15:15:00+05:30,303.95,308.05,302.25,305.0,19350,0
2025-10-07 15:16:00+05:30,305.7,309.0,305.7,306.65,13650,0
2025-10-07 15:17:00+05:30,306.6,307.95,304.75,306.0,15225,0
2025-10-07 15:18:00+05:30,305.85,306.3,304.3,306.0,9600,0
2025-10-07 15:19:00+05:30,306.0,307.8,305.55,306.95,8700,0
2025-10-07 15:20:00+05:30,306.6,307.9,305.8,307.6,22125,0
2025-10-07 15:21:00+05:30,307.8,308.3,306.0,307.1,16200,0
2025-10-07 15:22:00+05:30,306.95,307.1,305.45,305.95,10650,0
2025-10-07 15:23:00+05:30,305.95,306.5,305.55,306.5,6000,0
2025-10-07 15:24:00+05:30,306.0,306.6,306.0,306.05,11475,0
2025-10-07 15:25:00+05:30,306.05,307.25,305.9,307.25,19500,0
2025-10-07 15:26:00+05:30,307.4,307.9,306.6,307.5,10500,0
2025-10-07 15:27:00+05:30,307.5,308.05,307.05,307.6,7500,0
2025-10-07 15:28:00+05:30,307.6,308.65,307.6,307.6,18750,0
2025-10-07 15:29:00+05:30,308.4,308.55,307.5,307.65,26625,0
