timestamp,open,high,low,close,volume,open_interest
2025-08-19 09:15:00+05:30,384.8,384.8,384.75,384.75,750,32250
2025-08-19 09:16:00+05:30,380.15,380.15,380.15,380.15,150,32250
2025-08-19 09:17:00+05:30,380.15,380.15,380.15,380.15,0,32250
2025-08-19 09:18:00+05:30,395.0,395.0,395.0,395.0,450,32250
2025-08-19 09:19:00+05:30,392.2,392.2,392.1,392.1,375,32250
2025-08-19 09:20:00+05:30,380.0,380.0,380.0,380.0,75,32250
2025-08-19 09:21:00+05:30,380.0,380.0,380.0,380.0,0,32250
2025-08-19 09:22:00+05:30,380.0,380.0,380.0,380.0,0,32250
2025-08-19 09:23:00+05:30,380.0,380.0,380.0,380.0,0,32250
2025-08-19 09:24:00+05:30,399.0,401.7,398.2,401.7,450,31350
2025-08-19 09:25:00+05:30,401.7,401.7,401.7,401.7,0,31350
2025-08-19 09:26:00+05:30,403.45,403.8,403.45,403.8,300,31350
2025-08-19 09:27:00+05:30,401.95,401.95,397.15,397.4,1425,31575
2025-08-19 09:28:00+05:30,397.4,397.4,397.4,397.4,0,31575
2025-08-19 09:29:00+05:30,397.4,397.4,397.4,397.4,0,31575
2025-08-19 09:30:00+05:30,392.15,392.95,392.15,392.95,750,31575
2025-08-19 09:31:00+05:30,392.95,392.95,392.95,392.95,0,31575
2025-08-19 09:32:00+05:30,392.3,394.4,391.1,391.1,225,30975
2025-08-19 09:33:00+05:30,388.3,391.4,388.3,391.4,1800,30975
2025-08-19 09:34:00+05:30,387.85,387.85,387.85,387.85,75,29550
2025-08-19 09:35:00+05:30,387.85,387.85,387.85,387.85,0,29550
2025-08-19 09:36:00+05:30,381.0,381.0,381.0,381.0,150,29550
2025-08-19 09:37:00+05:30,381.0,381.0,381.0,381.0,0,29550
2025-08-19 09:38:00+05:30,378.75,378.75,378.75,378.75,75,29775
2025-08-19 09:39:00+05:30,378.75,378.75,378.75,378.75,0,29775
2025-08-19 09:40:00+05:30,376.25,383.8,376.15,383.8,600,29775
2025-08-19 09:41:00+05:30,383.8,383.8,383.8,383.8,0,29775
2025-08-19 09:42:00+05:30,383.8,383.8,383.8,383.8,0,29775
2025-08-19 09:43:00+05:30,383.8,383.8,383.8,383.8,0,29775
2025-08-19 09:44:00+05:30,383.8,383.8,383.8,383.8,0,29775
2025-08-19 09:45:00+05:30,367.1,367.1,367.1,367.1,150,30375
2025-08-19 09:46:00+05:30,368.4,370.0,368.4,370.0,525,30375
2025-08-19 09:47:00+05:30,373.9,373.9,373.9,373.9,75,30375
2025-08-19 09:48:00+05:30,373.9,373.9,373.9,373.9,0,30375
2025-08-19 09:49:00+05:30,373.9,373.9,373.9,373.9,0,30375
2025-08-19 09:50:00+05:30,379.0,379.0,379.0,379.0,75,31050
2025-08-19 09:51:00+05:30,379.0,379.0,379.0,379.0,0,31050
2025-08-19 09:52:00+05:30,389.0,392.8,389.0,392.8,525,30975
2025-08-19 09:53:00+05:30,390.0,390.0,390.0,390.0,75,30975
2025-08-19 09:54:00+05:30,386.0,386.0,386.0,386.0,75,30600
2025-08-19 09:55:00+05:30,386.0,386.0,386.0,386.0,0,30600
2025-08-19 09:56:00+05:30,386.6,386.6,386.6,386.6,75,30600
2025-08-19 09:57:00+05:30,386.6,386.6,386.6,386.6,0,30600
2025-08-19 09:58:00+05:30,387.4,387.4,387.4,387.4,675,30675
2025-08-19 09:59:00+05:30,387.0,387.0,387.0,387.0,75,30675
2025-08-19 10:00:00+05:30,387.0,387.0,387.0,387.0,75,30675
2025-08-19 10:01:00+05:30,384.55,384.55,384.55,384.55,150,30525
2025-08-19 10:02:00+05:30,382.0,386.7,382.0,386.7,150,30525
2025-08-19 10:03:00+05:30,382.55,382.55,380.0,380.0,150,30825
2025-08-19 10:04:00+05:30,381.9,381.9,381.9,381.9,75,30825
2025-08-19 10:05:00+05:30,381.9,381.9,381.9,381.9,0,30825
2025-08-19 10:06:00+05:30,381.9,381.9,381.9,381.9,0,30825
2025-08-19 10:07:00+05:30,380.0,380.0,377.0,377.0,150,30825
2025-08-19 10:08:00+05:30,379.5,379.5,379.5,379.5,75,30825
2025-08-19 10:09:00+05:30,379.5,379.5,379.5,379.5,0,30825
2025-08-19 10:10:00+05:30,379.5,379.5,379.5,379.5,0,30825
2025-08-19 10:11:00+05:30,384.9,387.0,384.9,387.0,225,31050
2025-08-19 10:12:00+05:30,387.0,387.0,387.0,387.0,0,31050
2025-08-19 10:13:00+05:30,387.0,387.0,387.0,387.0,0,31050
2025-08-19 10:14:00+05:30,387.0,387.0,387.0,387.0,0,31050
2025-08-19 10:15:00+05:30,397.0,397.0,397.0,397.0,150,31050
2025-08-19 10:16:00+05:30,389.0,389.0,389.0,389.0,150,31050
2025-08-19 10:17:00+05:30,389.55,389.55,389.55,389.55,75,31050
2025-08-19 10:18:00+05:30,395.1,395.1,395.1,395.1,300,31200
2025-08-19 10:19:00+05:30,395.1,395.1,395.1,395.1,0,31200
2025-08-19 10:20:00+05:30,395.1,395.1,395.1,395.1,0,31200
2025-08-19 10:21:00+05:30,395.1,395.1,395.1,395.1,0,31200
2025-08-19 10:22:00+05:30,397.0,397.0,397.0,397.0,300,31200
2025-08-19 10:23:00+05:30,397.0,397.0,397.0,397.0,0,31200
2025-08-19 10:24:00+05:30,397.0,397.0,397.0,397.0,0,31200
2025-08-19 10:25:00+05:30,397.0,397.0,397.0,397.0,0,31200
2025-08-19 10:26:00+05:30,397.0,397.0,397.0,397.0,0,31200
2025-08-19 10:27:00+05:30,397.0,397.0,397.0,397.0,0,31200
2025-08-19 10:28:00+05:30,397.0,397.0,397.0,397.0,0,31200
2025-08-19 10:29:00+05:30,392.95,392.95,392.45,392.45,750,31500
2025-08-19 10:30:00+05:30,390.0,390.0,389.05,390.0,600,31500
2025-08-19 10:31:00+05:30,389.95,390.0,389.95,390.0,1425,32550
2025-08-19 10:32:00+05:30,391.0,392.0,391.0,392.0,600,32550
2025-08-19 10:33:00+05:30,393.0,396.0,393.0,396.0,1275,32550
2025-08-19 10:34:00+05:30,394.5,394.5,394.5,394.5,75,35100
2025-08-19 10:35:00+05:30,394.5,394.5,393.5,393.5,225,35100
2025-08-19 10:36:00+05:30,393.5,393.5,393.5,393.5,0,35100
2025-08-19 10:37:00+05:30,384.45,384.45,384.45,384.45,150,35175
2025-08-19 10:38:00+05:30,383.0,383.0,382.6,382.6,375,35175
2025-08-19 10:39:00+05:30,385.8,385.8,385.3,385.3,150,35175
2025-08-19 10:40:00+05:30,385.3,385.3,385.3,385.3,0,35175
2025-08-19 10:41:00+05:30,385.3,385.3,385.3,385.3,0,35175
2025-08-19 10:42:00+05:30,390.0,390.0,390.0,390.0,300,35175
2025-08-19 10:43:00+05:30,390.0,390.0,390.0,390.0,0,35175
2025-08-19 10:44:00+05:30,392.0,394.0,392.0,394.0,600,35475
2025-08-19 10:45:00+05:30,396.0,398.0,396.0,398.0,675,36375
2025-08-19 10:46:00+05:30,398.0,399.0,398.0,399.0,450,36375
2025-08-19 10:47:00+05:30,399.0,399.0,399.0,399.0,0,36375
2025-08-19 10:48:00+05:30,395.0,395.0,395.0,395.0,300,36375
2025-08-19 10:49:00+05:30,395.0,395.0,395.0,395.0,0,36375
2025-08-19 10:50:00+05:30,395.0,395.0,395.0,395.0,0,36375
2025-08-19 10:51:00+05:30,397.0,397.0,397.0,397.0,150,37125
2025-08-19 10:52:00+05:30,396.0,396.0,396.0,396.0,300,37050
2025-08-19 10:53:00+05:30,396.0,396.0,396.0,396.0,0,37050
2025-08-19 10:54:00+05:30,396.0,396.0,396.0,396.0,0,37050
2025-08-19 10:55:00+05:30,396.0,396.0,396.0,396.0,0,37050
2025-08-19 10:56:00+05:30,396.0,396.0,396.0,396.0,0,37050
2025-08-19 10:57:00+05:30,395.6,399.0,395.6,399.0,450,37275
2025-08-19 10:58:00+05:30,399.0,399.0,399.0,399.0,0,37275
2025-08-19 10:59:00+05:30,399.0,399.0,399.0,399.0,0,37275
2025-08-19 11:00:00+05:30,399.0,399.0,399.0,399.0,0,37275
2025-08-19 11:01:00+05:30,398.7,400.5,398.7,400.5,675,37425
2025-08-19 11:02:00+05:30,400.95,401.0,400.55,400.55,525,37425
2025-08-19 11:03:00+05:30,400.55,400.55,400.55,400.55,0,37425
2025-08-19 11:04:00+05:30,401.5,401.5,400.0,400.0,2025,38100
2025-08-19 11:05:00+05:30,400.0,400.0,400.0,400.0,0,38100
2025-08-19 11:06:00+05:30,401.5,403.2,401.5,403.2,525,38100
2025-08-19 11:07:00+05:30,403.2,403.2,403.2,403.2,0,38100
2025-08-19 11:08:00+05:30,403.2,403.2,403.2,403.2,0,38100
2025-08-19 11:09:00+05:30,405.8,406.65,405.8,406.65,150,39300
2025-08-19 11:10:00+05:30,406.65,406.65,406.65,406.65,0,39300
2025-08-19 11:11:00+05:30,406.45,407.45,406.4,407.45,375,39300
2025-08-19 11:12:00+05:30,404.95,404.95,404.85,404.85,300,39300
2025-08-19 11:13:00+05:30,404.85,404.85,404.85,404.85,0,39300
2025-08-19 11:14:00+05:30,404.85,404.85,404.85,404.85,0,39300
2025-08-19 11:15:00+05:30,404.85,404.85,404.85,404.85,0,39300
2025-08-19 11:16:00+05:30,401.8,401.8,400.25,400.25,150,39450
2025-08-19 11:17:00+05:30,400.35,400.35,398.05,398.05,300,39450
2025-08-19 11:18:00+05:30,404.25,406.85,404.25,405.15,300,39375
2025-08-19 11:19:00+05:30,404.8,404.8,404.8,404.8,75,39375
2025-08-19 11:20:00+05:30,406.95,406.95,406.95,406.95,75,39375
2025-08-19 11:21:00+05:30,406.95,406.95,406.95,406.95,0,39375
2025-08-19 11:22:00+05:30,406.95,406.95,406.95,406.95,0,39375
2025-08-19 11:23:00+05:30,406.95,406.95,406.95,406.95,0,39375
2025-08-19 11:24:00+05:30,406.95,406.95,406.95,406.95,0,39375
2025-08-19 11:25:00+05:30,406.95,406.95,406.95,406.95,0,39375
2025-08-19 11:26:00+05:30,400.1,400.1,396.75,396.75,300,39600
2025-08-19 11:27:00+05:30,396.75,396.75,396.75,396.75,0,39600
2025-08-19 11:28:00+05:30,396.75,396.75,396.75,396.75,0,39600
2025-08-19 11:29:00+05:30,396.75,396.75,396.75,396.75,0,39600
2025-08-19 11:30:00+05:30,407.0,407.0,407.0,407.0,150,39450
2025-08-19 11:31:00+05:30,407.0,407.0,407.0,407.0,0,39450
2025-08-19 11:32:00+05:30,407.0,407.0,407.0,407.0,0,39450
2025-08-19 11:33:00+05:30,407.0,407.0,407.0,407.0,0,39450
2025-08-19 11:34:00+05:30,403.5,403.5,403.5,403.5,525,39300
2025-08-19 11:35:00+05:30,403.5,403.5,403.5,403.5,0,39300
2025-08-19 11:36:00+05:30,406.9,406.9,406.9,406.9,300,39450
2025-08-19 11:37:00+05:30,410.0,410.0,410.0,410.0,150,39450
2025-08-19 11:38:00+05:30,410.0,410.0,410.0,410.0,0,39450
2025-08-19 11:39:00+05:30,411.65,411.65,411.65,411.65,75,39450
2025-08-19 11:40:00+05:30,411.65,411.65,411.65,411.65,0,39450
2025-08-19 11:41:00+05:30,410.0,410.0,410.0,410.0,75,39225
2025-08-19 11:42:00+05:30,419.1,419.1,419.05,419.05,150,39225
2025-08-19 11:43:00+05:30,415.35,415.35,415.35,415.35,150,39300
2025-08-19 11:44:00+05:30,415.35,415.35,415.35,415.35,0,39300
2025-08-19 11:45:00+05:30,415.35,415.35,415.35,415.35,0,39300
2025-08-19 11:46:00+05:30,415.35,415.35,415.35,415.35,0,39300
2025-08-19 11:47:00+05:30,415.35,415.35,415.35,415.35,0,39300
2025-08-19 11:48:00+05:30,419.4,419.65,419.1,419.65,225,39450
2025-08-19 11:49:00+05:30,421.5,421.5,421.5,421.5,75,39450
2025-08-19 11:50:00+05:30,421.5,421.5,421.5,421.5,0,39450
2025-08-19 11:51:00+05:30,422.0,422.0,422.0,422.0,75,39450
2025-08-19 11:52:00+05:30,422.0,422.0,422.0,422.0,75,39375
2025-08-19 11:53:00+05:30,422.0,422.0,422.0,422.0,0,39375
2025-08-19 11:54:00+05:30,422.0,422.0,422.0,422.0,0,39375
2025-08-19 11:55:00+05:30,422.0,422.0,422.0,422.0,0,39375
2025-08-19 11:56:00+05:30,422.0,422.65,422.0,422.65,150,39375
2025-08-19 11:57:00+05:30,422.65,422.65,422.65,422.65,0,39375
2025-08-19 11:58:00+05:30,422.65,422.65,422.65,422.65,0,39375
2025-08-19 11:59:00+05:30,422.65,422.65,422.65,422.65,0,39375
2025-08-19 12:00:00+05:30,422.65,422.65,422.65,422.65,0,39375
2025-08-19 12:01:00+05:30,421.85,422.6,421.85,422.6,150,39300
2025-08-19 12:02:00+05:30,422.6,422.6,422.6,422.6,75,39300
2025-08-19 12:03:00+05:30,421.65,421.65,421.65,421.65,150,39300
2025-08-19 12:04:00+05:30,421.65,421.65,421.65,421.65,0,39300
2025-08-19 12:05:00+05:30,421.65,421.65,421.65,421.65,0,39300
2025-08-19 12:06:00+05:30,421.65,421.65,421.65,421.65,0,39300
2025-08-19 12:07:00+05:30,421.65,421.65,421.65,421.65,0,39300
2025-08-19 12:08:00+05:30,421.65,421.65,421.65,421.65,0,39300
2025-08-19 12:09:00+05:30,421.65,421.65,421.65,421.65,0,39300
2025-08-19 12:10:00+05:30,421.65,421.65,421.65,421.65,0,39300
2025-08-19 12:11:00+05:30,421.65,421.65,421.65,421.65,0,39300
2025-08-19 12:12:00+05:30,429.55,431.8,429.55,431.8,600,39075
2025-08-19 12:13:00+05:30,431.4,431.4,431.4,431.4,375,39150
2025-08-19 12:14:00+05:30,431.4,431.4,431.4,431.4,0,39150
2025-08-19 12:15:00+05:30,434.2,434.2,434.2,434.2,75,39150
2025-08-19 12:16:00+05:30,434.8,434.8,434.65,434.65,450,39375
2025-08-19 12:17:00+05:30,438.75,439.75,437.5,437.5,300,39375
2025-08-19 12:18:00+05:30,439.75,448.35,439.75,448.35,750,39375
2025-08-19 12:19:00+05:30,448.35,448.35,448.35,448.35,0,39375
2025-08-19 12:20:00+05:30,450.8,456.05,449.85,456.05,750,39300
2025-08-19 12:21:00+05:30,456.2,459.85,455.8,459.65,1200,39300
2025-08-19 12:22:00+05:30,458.7,459.4,452.7,452.75,375,39150
2025-08-19 12:23:00+05:30,451.9,451.9,449.35,449.35,150,39150
2025-08-19 12:24:00+05:30,446.0,448.8,444.0,444.0,750,39150
2025-08-19 12:25:00+05:30,444.05,445.95,444.05,445.95,150,39600
2025-08-19 12:26:00+05:30,448.45,450.0,448.25,450.0,750,39600
2025-08-19 12:27:00+05:30,454.85,454.85,454.85,454.85,75,39600
2025-08-19 12:28:00+05:30,454.65,454.65,454.35,454.35,675,38775
2025-08-19 12:29:00+05:30,454.35,454.35,454.35,454.35,0,38775
2025-08-19 12:30:00+05:30,453.45,453.45,453.45,453.45,75,38775
2025-08-19 12:31:00+05:30,458.65,458.65,458.65,458.65,75,38325
2025-08-19 12:32:00+05:30,458.65,458.65,458.65,458.65,0,38325
2025-08-19 12:33:00+05:30,453.25,453.25,453.25,453.25,75,38325
2025-08-19 12:34:00+05:30,453.25,453.25,453.25,453.25,0,38325
2025-08-19 12:35:00+05:30,453.25,453.25,453.25,453.25,0,38325
2025-08-19 12:36:00+05:30,458.35,462.4,458.35,462.25,375,38325
2025-08-19 12:37:00+05:30,460.0,460.0,460.0,460.0,75,38325
2025-08-19 12:38:00+05:30,460.0,460.0,460.0,460.0,0,38325
2025-08-19 12:39:00+05:30,452.65,452.65,452.65,452.65,75,38100
2025-08-19 12:40:00+05:30,455.0,455.0,455.0,455.0,300,38100
2025-08-19 12:41:00+05:30,451.4,451.4,450.0,450.0,450,38100
2025-08-19 12:42:00+05:30,450.0,450.0,450.0,450.0,0,38100
2025-08-19 12:43:00+05:30,450.0,450.0,450.0,450.0,0,38100
2025-08-19 12:44:00+05:30,444.95,444.95,444.95,444.95,75,38550
2025-08-19 12:45:00+05:30,444.95,444.95,444.95,444.95,0,38550
2025-08-19 12:46:00+05:30,440.05,440.05,440.0,440.0,375,38550
2025-08-19 12:47:00+05:30,440.0,440.0,440.0,440.0,0,38550
2025-08-19 12:48:00+05:30,440.4,440.4,440.4,440.4,75,38550
2025-08-19 12:49:00+05:30,440.4,440.4,440.4,440.4,0,38550
2025-08-19 12:50:00+05:30,443.45,443.45,443.0,443.0,150,38475
2025-08-19 12:51:00+05:30,443.0,443.0,443.0,443.0,0,38475
2025-08-19 12:52:00+05:30,443.15,443.15,443.15,443.15,75,38475
2025-08-19 12:53:00+05:30,443.15,443.15,443.15,443.15,0,38475
2025-08-19 12:54:00+05:30,443.15,443.15,443.15,443.15,0,38475
2025-08-19 12:55:00+05:30,443.15,443.15,443.15,443.15,0,38475
2025-08-19 12:56:00+05:30,443.15,443.15,443.15,443.15,0,38475
2025-08-19 12:57:00+05:30,443.15,443.15,443.15,443.15,0,38475
2025-08-19 12:58:00+05:30,443.15,443.15,443.15,443.15,0,38475
2025-08-19 12:59:00+05:30,443.15,443.15,443.15,443.15,0,38475
2025-08-19 13:00:00+05:30,443.15,443.15,443.15,443.15,0,38475
2025-08-19 13:01:00+05:30,444.0,444.0,444.0,444.0,75,38475
2025-08-19 13:02:00+05:30,444.0,444.0,444.0,444.0,0,38475
2025-08-19 13:03:00+05:30,444.0,444.0,444.0,444.0,0,38475
2025-08-19 13:04:00+05:30,444.0,444.0,444.0,444.0,0,38475
2025-08-19 13:05:00+05:30,444.0,444.0,444.0,444.0,0,38475
2025-08-19 13:06:00+05:30,444.0,444.0,444.0,444.0,0,38475
2025-08-19 13:07:00+05:30,445.2,445.2,445.2,445.2,75,38550
2025-08-19 13:08:00+05:30,445.2,445.2,445.2,445.2,0,38550
2025-08-19 13:09:00+05:30,445.2,445.2,445.2,445.2,0,38550
2025-08-19 13:10:00+05:30,445.2,445.2,445.2,445.2,0,38550
2025-08-19 13:11:00+05:30,445.2,445.2,445.2,445.2,0,38550
2025-08-19 13:12:00+05:30,445.2,445.2,445.2,445.2,0,38550
2025-08-19 13:13:00+05:30,445.2,445.2,445.2,445.2,0,38550
2025-08-19 13:14:00+05:30,445.2,445.2,445.2,445.2,0,38550
2025-08-19 13:15:00+05:30,445.2,445.2,445.2,445.2,0,38550
2025-08-19 13:16:00+05:30,449.8,449.8,449.2,449.2,375,38550
2025-08-19 13:17:00+05:30,449.2,449.2,449.2,449.2,0,38550
2025-08-19 13:18:00+05:30,449.2,449.2,449.2,449.2,0,38550
2025-08-19 13:19:00+05:30,449.2,449.2,449.2,449.2,0,38550
2025-08-19 13:20:00+05:30,449.2,449.2,449.2,449.2,0,38550
2025-08-19 13:21:00+05:30,449.2,449.2,449.2,449.2,0,38550
2025-08-19 13:22:00+05:30,449.2,449.2,449.2,449.2,0,38550
2025-08-19 13:23:00+05:30,449.2,449.2,449.2,449.2,0,38550
2025-08-19 13:24:00+05:30,449.2,449.2,449.2,449.2,0,38550
2025-08-19 13:25:00+05:30,449.2,449.2,449.2,449.2,0,38550
2025-08-19 13:26:00+05:30,449.2,449.2,449.2,449.2,0,38550
2025-08-19 13:27:00+05:30,449.2,449.2,449.2,449.2,0,38550
2025-08-19 13:28:00+05:30,449.2,449.2,449.2,449.2,0,38550
2025-08-19 13:29:00+05:30,440.15,440.15,440.15,440.15,75,38550
2025-08-19 13:30:00+05:30,440.15,440.15,440.15,440.15,0,38550
2025-08-19 13:31:00+05:30,440.15,440.15,440.15,440.15,0,38550
2025-08-19 13:32:00+05:30,440.15,440.15,440.15,440.15,0,38550
2025-08-19 13:33:00+05:30,433.85,435.35,433.05,433.1,450,38475
2025-08-19 13:34:00+05:30,431.7,431.7,431.7,431.7,150,38625
2025-08-19 13:35:00+05:30,431.7,431.7,431.7,431.7,0,38625
2025-08-19 13:36:00+05:30,431.7,431.7,431.7,431.7,0,38625
2025-08-19 13:37:00+05:30,431.7,431.7,431.7,431.7,0,38625
2025-08-19 13:38:00+05:30,433.3,434.05,433.3,434.05,300,38775
2025-08-19 13:39:00+05:30,434.05,434.05,434.05,434.05,0,38775
2025-08-19 13:40:00+05:30,426.25,426.25,426.25,426.25,75,39075
2025-08-19 13:41:00+05:30,426.25,426.25,426.25,426.25,0,39075
2025-08-19 13:42:00+05:30,426.25,426.25,426.25,426.25,0,39075
2025-08-19 13:43:00+05:30,431.5,431.5,431.5,431.5,75,39075
2025-08-19 13:44:00+05:30,431.5,431.5,431.5,431.5,0,39075
2025-08-19 13:45:00+05:30,437.1,437.1,437.1,437.1,450,39075
2025-08-19 13:46:00+05:30,437.1,437.1,437.1,437.1,0,39075
2025-08-19 13:47:00+05:30,437.1,437.1,437.1,437.1,0,39075
2025-08-19 13:48:00+05:30,437.1,437.1,437.1,437.1,0,39075
2025-08-19 13:49:00+05:30,437.1,437.1,437.1,437.1,0,39075
2025-08-19 13:50:00+05:30,437.1,437.1,437.1,437.1,0,39075
2025-08-19 13:51:00+05:30,437.1,437.1,437.1,437.1,0,39075
2025-08-19 13:52:00+05:30,425.0,425.0,425.0,425.0,375,38925
2025-08-19 13:53:00+05:30,425.0,425.0,425.0,425.0,0,38925
2025-08-19 13:54:00+05:30,422.75,424.8,422.75,424.8,300,38925
2025-08-19 13:55:00+05:30,425.0,425.1,425.0,425.1,300,39525
2025-08-19 13:56:00+05:30,425.1,425.1,425.1,425.1,0,39525
2025-08-19 13:57:00+05:30,425.1,425.1,425.1,425.1,0,39525
2025-08-19 13:58:00+05:30,425.1,425.1,425.1,425.1,0,39525
2025-08-19 13:59:00+05:30,419.55,419.55,419.55,419.55,150,39675
2025-08-19 14:00:00+05:30,419.55,419.55,419.55,419.55,0,39675
2025-08-19 14:01:00+05:30,419.55,419.55,419.55,419.55,0,39675
2025-08-19 14:02:00+05:30,419.55,419.55,419.55,419.55,0,39675
2025-08-19 14:03:00+05:30,419.55,419.55,419.55,419.55,0,39675
2025-08-19 14:04:00+05:30,419.55,419.55,419.55,419.55,0,39675
2025-08-19 14:05:00+05:30,419.55,419.55,419.55,419.55,0,39675
2025-08-19 14:06:00+05:30,419.55,419.55,419.55,419.55,0,39675
2025-08-19 14:07:00+05:30,406.8,406.8,405.6,405.6,375,39675
2025-08-19 14:08:00+05:30,405.6,405.6,405.6,405.6,0,39675
2025-08-19 14:09:00+05:30,410.0,410.0,410.0,410.0,75,39675
2025-08-19 14:10:00+05:30,407.1,407.1,407.1,407.1,225,39675
2025-08-19 14:11:00+05:30,410.0,410.0,410.0,410.0,300,39675
2025-08-19 14:12:00+05:30,410.0,410.0,410.0,410.0,0,39675
2025-08-19 14:13:00+05:30,410.0,410.0,410.0,410.0,0,39675
2025-08-19 14:14:00+05:30,413.0,413.0,413.0,413.0,450,39900
2025-08-19 14:15:00+05:30,411.4,411.4,411.4,411.4,75,39900
2025-08-19 14:16:00+05:30,411.4,411.4,411.4,411.4,0,39900
2025-08-19 14:17:00+05:30,411.4,411.4,411.4,411.4,0,39900
2025-08-19 14:18:00+05:30,419.0,419.0,419.0,419.0,300,39825
2025-08-19 14:19:00+05:30,419.0,419.0,419.0,419.0,0,39825
2025-08-19 14:20:00+05:30,419.0,419.0,419.0,419.0,0,39825
2025-08-19 14:21:00+05:30,419.0,419.0,419.0,419.0,0,39825
2025-08-19 14:22:00+05:30,419.0,419.0,419.0,419.0,0,39825
2025-08-19 14:23:00+05:30,426.85,426.85,426.7,426.7,975,40125
2025-08-19 14:24:00+05:30,430.0,430.0,430.0,430.0,150,40125
2025-08-19 14:25:00+05:30,430.0,430.0,430.0,430.0,150,40125
2025-08-19 14:26:00+05:30,430.0,430.0,430.0,430.0,0,40125
2025-08-19 14:27:00+05:30,437.2,437.2,436.7,436.7,450,40125
2025-08-19 14:28:00+05:30,436.0,440.75,436.0,440.75,675,40125
2025-08-19 14:29:00+05:30,440.75,440.75,440.75,440.75,0,40125
2025-08-19 14:30:00+05:30,440.75,440.75,440.75,440.75,0,40125
2025-08-19 14:31:00+05:30,440.75,440.75,440.75,440.75,0,40125
2025-08-19 14:32:00+05:30,440.75,440.75,440.75,440.75,0,40125
2025-08-19 14:33:00+05:30,432.9,432.9,432.9,432.9,375,40275
2025-08-19 14:34:00+05:30,440.0,440.0,440.0,440.0,300,39900
2025-08-19 14:35:00+05:30,440.0,440.0,440.0,440.0,0,39900
2025-08-19 14:36:00+05:30,450.0,450.0,450.0,450.0,150,39900
2025-08-19 14:37:00+05:30,450.0,450.0,450.0,450.0,0,39900
2025-08-19 14:38:00+05:30,450.0,450.0,450.0,450.0,0,39900
2025-08-19 14:39:00+05:30,447.15,447.15,447.15,447.15,75,39525
2025-08-19 14:40:00+05:30,447.15,447.15,447.15,447.15,0,39525
2025-08-19 14:41:00+05:30,447.15,447.15,447.15,447.15,0,39525
2025-08-19 14:42:00+05:30,450.0,450.45,450.0,450.45,375,39450
2025-08-19 14:43:00+05:30,440.0,440.0,440.0,440.0,75,39525
2025-08-19 14:44:00+05:30,440.0,440.0,440.0,440.0,0,39525
2025-08-19 14:45:00+05:30,432.95,432.95,428.5,430.8,600,39525
2025-08-19 14:46:00+05:30,430.8,430.8,430.8,430.8,0,39525
2025-08-19 14:47:00+05:30,430.8,430.8,430.8,430.8,0,39525
2025-08-19 14:48:00+05:30,430.8,430.8,430.8,430.8,0,39525
2025-08-19 14:49:00+05:30,430.8,430.8,430.8,430.8,0,39525
2025-08-19 14:50:00+05:30,430.8,430.8,430.8,430.8,0,39525
2025-08-19 14:51:00+05:30,430.8,430.8,430.8,430.8,0,39525
2025-08-19 14:52:00+05:30,429.0,429.0,426.55,426.55,300,39600
2025-08-19 14:53:00+05:30,431.4,432.5,431.0,431.35,5700,39600
2025-08-19 14:54:00+05:30,431.5,431.65,430.5,431.3,2850,39600
2025-08-19 14:55:00+05:30,431.4,432.2,430.75,431.7,2775,46500
2025-08-19 14:56:00+05:30,431.7,431.7,431.7,431.7,0,46500
2025-08-19 14:57:00+05:30,431.7,431.7,431.7,431.7,0,46500
2025-08-19 14:58:00+05:30,431.7,431.7,431.7,431.7,0,46500
2025-08-19 14:59:00+05:30,431.7,431.7,431.7,431.7,0,46500
2025-08-19 15:00:00+05:30,431.7,431.7,431.7,431.7,0,46500
2025-08-19 15:01:00+05:30,431.7,431.7,431.7,431.7,0,46500
2025-08-19 15:02:00+05:30,434.0,435.45,433.8,435.45,375,48225
2025-08-19 15:03:00+05:30,435.6,435.6,435.6,435.6,75,48225
2025-08-19 15:04:00+05:30,433.85,433.85,433.35,433.35,150,48375
2025-08-19 15:05:00+05:30,433.35,433.35,433.35,433.35,0,48375
2025-08-19 15:06:00+05:30,433.35,433.35,433.35,433.35,0,48375
2025-08-19 15:07:00+05:30,429.95,429.95,429.95,429.95,75,48300
2025-08-19 15:08:00+05:30,429.95,429.95,429.95,429.95,0,48300
2025-08-19 15:09:00+05:30,429.95,429.95,429.95,429.95,0,48300
2025-08-19 15:10:00+05:30,431.2,431.2,431.2,431.2,150,48225
2025-08-19 15:11:00+05:30,431.2,431.2,431.2,431.2,0,48225
2025-08-19 15:12:00+05:30,431.2,431.2,431.2,431.2,0,48225
2025-08-19 15:13:00+05:30,430.35,430.35,430.2,430.25,1350,48225
2025-08-19 15:14:00+05:30,429.25,429.85,429.05,429.85,1200,48225
2025-08-19 15:15:00+05:30,429.85,429.85,429.85,429.85,0,48225
2025-08-19 15:16:00+05:30,433.4,433.75,430.75,430.75,3975,51600
2025-08-19 15:17:00+05:30,432.45,432.45,432.45,432.45,75,51600
2025-08-19 15:18:00+05:30,432.4,432.95,432.4,432.95,450,51600
2025-08-19 15:19:00+05:30,434.2,434.2,434.0,434.0,450,53250
2025-08-19 15:20:00+05:30,433.5,435.2,433.5,433.75,1050,53250
2025-08-19 15:21:00+05:30,433.75,433.75,433.75,433.75,0,53250
2025-08-19 15:22:00+05:30,433.6,433.6,433.05,433.2,1500,53775
2025-08-19 15:23:00+05:30,433.2,433.2,433.2,433.2,0,53775
2025-08-19 15:24:00+05:30,438.45,438.45,438.45,438.45,75,53775
2025-08-19 15:25:00+05:30,439.85,439.85,439.05,439.05,675,54600
2025-08-19 15:26:00+05:30,439.05,439.05,439.05,439.05,0,54600
2025-08-19 15:27:00+05:30,434.35,436.75,434.25,436.75,375,54600
2025-08-19 15:28:00+05:30,436.95,436.95,435.7,435.7,225,54900
2025-08-19 15:29:00+05:30,436.7,436.95,436.7,436.95,150,54900
2025-08-20 09:16:00+05:30,399.95,399.95,395.0,395.0,150,54825
2025-08-20 09:17:00+05:30,395.0,395.0,395.0,395.0,0,54825
2025-08-20 09:18:00+05:30,395.0,395.0,395.0,395.0,0,54825
2025-08-20 09:19:00+05:30,386.05,387.4,386.05,387.4,150,54900
2025-08-20 09:20:00+05:30,382.7,382.7,382.7,382.7,75,54900
2025-08-20 09:21:00+05:30,382.7,382.7,382.7,382.7,0,54900
2025-08-20 09:22:00+05:30,382.7,382.7,382.7,382.7,0,54900
2025-08-20 09:23:00+05:30,382.7,382.7,382.7,382.7,0,54900
2025-08-20 09:24:00+05:30,382.7,382.7,382.7,382.7,0,54900
2025-08-20 09:25:00+05:30,385.0,385.0,385.0,385.0,375,55050
2025-08-20 09:26:00+05:30,385.0,385.0,385.0,385.0,0,55050
2025-08-20 09:27:00+05:30,385.0,385.0,385.0,385.0,0,55050
2025-08-20 09:28:00+05:30,385.05,385.05,380.05,380.05,150,55050
2025-08-20 09:29:00+05:30,380.0,383.7,380.0,383.7,300,55050
2025-08-20 09:30:00+05:30,383.3,383.3,382.55,382.55,150,55050
2025-08-20 09:31:00+05:30,382.55,382.55,382.55,382.55,0,55050
2025-08-20 09:32:00+05:30,382.55,382.55,382.55,382.55,0,55050
2025-08-20 09:33:00+05:30,385.0,385.0,385.0,385.0,225,54975
2025-08-20 09:34:00+05:30,385.0,385.0,385.0,385.0,0,54975
2025-08-20 09:35:00+05:30,390.0,390.0,390.0,390.0,75,54825
2025-08-20 09:36:00+05:30,391.95,391.95,391.95,391.95,75,54825
2025-08-20 09:37:00+05:30,391.95,391.95,391.95,391.95,0,54825
2025-08-20 09:38:00+05:30,391.95,391.95,391.95,391.95,0,54825
2025-08-20 09:39:00+05:30,391.95,391.95,391.95,391.95,0,54825
2025-08-20 09:40:00+05:30,391.95,391.95,391.95,391.95,75,54825
2025-08-20 09:41:00+05:30,391.95,391.95,391.95,391.95,375,54825
2025-08-20 09:42:00+05:30,391.95,391.95,391.95,391.95,0,54825
2025-08-20 09:43:00+05:30,393.35,393.35,393.3,393.3,300,55200
2025-08-20 09:44:00+05:30,393.3,393.3,393.3,393.3,0,55200
2025-08-20 09:45:00+05:30,393.3,393.3,393.3,393.3,0,55200
2025-08-20 09:46:00+05:30,405.9,405.9,405.9,405.9,300,55500
2025-08-20 09:47:00+05:30,407.75,407.75,407.3,407.3,1500,55500
2025-08-20 09:48:00+05:30,407.0,407.0,406.5,407.0,675,57150
2025-08-20 09:49:00+05:30,414.0,414.0,414.0,414.0,300,57150
2025-08-20 09:50:00+05:30,411.05,417.15,411.0,416.0,2400,57150
2025-08-20 09:51:00+05:30,406.1,406.1,406.0,406.0,300,60150
2025-08-20 09:52:00+05:30,408.0,408.0,402.5,402.55,450,60150
2025-08-20 09:53:00+05:30,402.55,402.55,402.55,402.55,0,60150
2025-08-20 09:54:00+05:30,402.55,402.55,402.55,402.55,0,60150
2025-08-20 09:55:00+05:30,398.0,398.0,398.0,398.0,75,60750
2025-08-20 09:56:00+05:30,395.8,396.05,395.4,395.9,600,60750
2025-08-20 09:57:00+05:30,397.75,397.75,397.7,397.7,300,60750
2025-08-20 09:58:00+05:30,406.05,406.05,405.95,405.95,150,61650
2025-08-20 09:59:00+05:30,405.95,405.95,405.95,405.95,0,61650
2025-08-20 10:00:00+05:30,412.45,412.45,411.15,411.15,675,62100
2025-08-20 10:01:00+05:30,408.7,411.25,408.65,411.25,675,62100
2025-08-20 10:02:00+05:30,412.2,413.2,412.2,413.2,150,62100
2025-08-20 10:03:00+05:30,414.95,414.95,414.95,414.95,75,62100
2025-08-20 10:04:00+05:30,416.0,420.0,416.0,420.0,150,62325
2025-08-20 10:05:00+05:30,418.0,418.25,418.0,418.25,225,62325
2025-08-20 10:06:00+05:30,414.2,414.2,414.2,414.2,150,62325
2025-08-20 10:07:00+05:30,414.2,414.2,414.2,414.2,0,62325
2025-08-20 10:08:00+05:30,414.2,414.2,414.2,414.2,0,62325
2025-08-20 10:09:00+05:30,414.2,414.2,414.2,414.2,0,62325
2025-08-20 10:10:00+05:30,414.2,414.2,414.2,414.2,0,62325
2025-08-20 10:11:00+05:30,414.2,414.2,414.2,414.2,0,62325
2025-08-20 10:12:00+05:30,414.2,414.2,414.2,414.2,0,62325
2025-08-20 10:13:00+05:30,414.2,414.2,414.2,414.2,0,62325
2025-08-20 10:14:00+05:30,414.2,414.2,414.2,414.2,0,62325
2025-08-20 10:15:00+05:30,414.2,414.2,414.2,414.2,0,62325
2025-08-20 10:16:00+05:30,414.2,414.2,414.2,414.2,0,62325
2025-08-20 10:17:00+05:30,414.2,414.2,414.2,414.2,0,62325
2025-08-20 10:18:00+05:30,426.8,426.8,426.8,426.8,75,62325
2025-08-20 10:19:00+05:30,426.8,426.8,426.8,426.8,0,62325
2025-08-20 10:20:00+05:30,426.8,426.8,426.8,426.8,0,62325
2025-08-20 10:21:00+05:30,426.8,426.8,426.8,426.8,0,62325
2025-08-20 10:22:00+05:30,426.8,426.8,426.8,426.8,0,62325
2025-08-20 10:23:00+05:30,426.8,426.8,426.8,426.8,0,62325
2025-08-20 10:24:00+05:30,426.8,426.8,426.8,426.8,0,62325
2025-08-20 10:25:00+05:30,426.8,426.8,426.8,426.8,0,62325
2025-08-20 10:26:00+05:30,422.6,422.6,422.6,422.6,75,62400
2025-08-20 10:27:00+05:30,422.6,422.6,422.6,422.6,0,62400
2025-08-20 10:28:00+05:30,422.65,424.1,422.65,423.85,300,62400
2025-08-20 10:29:00+05:30,423.85,423.85,423.85,423.85,0,62400
2025-08-20 10:30:00+05:30,423.85,423.85,423.85,423.85,0,62400
2025-08-20 10:31:00+05:30,424.25,424.25,423.4,423.4,225,62400
2025-08-20 10:32:00+05:30,423.4,423.4,423.4,423.4,0,62400
2025-08-20 10:33:00+05:30,423.4,423.4,423.4,423.4,0,62400
2025-08-20 10:34:00+05:30,431.0,431.0,431.0,431.0,150,62400
2025-08-20 10:35:00+05:30,431.0,431.0,431.0,431.0,0,62400
2025-08-20 10:36:00+05:30,435.1,435.1,435.1,435.1,75,62400
2025-08-20 10:37:00+05:30,435.1,435.1,435.1,435.1,0,62400
2025-08-20 10:38:00+05:30,435.1,435.1,435.1,435.1,0,62400
2025-08-20 10:39:00+05:30,435.1,435.1,435.1,435.1,0,62400
2025-08-20 10:40:00+05:30,435.1,435.1,435.1,435.1,0,62400
2025-08-20 10:41:00+05:30,435.1,435.1,435.1,435.1,0,62400
2025-08-20 10:42:00+05:30,435.1,435.1,435.1,435.1,0,62400
2025-08-20 10:43:00+05:30,441.85,441.85,441.85,441.85,75,62400
2025-08-20 10:44:00+05:30,442.8,443.5,440.15,440.15,300,62400
2025-08-20 10:45:00+05:30,440.15,440.15,440.15,440.15,0,62400
2025-08-20 10:46:00+05:30,436.0,436.0,434.25,434.25,150,62400
2025-08-20 10:47:00+05:30,434.25,434.25,434.25,434.25,0,62400
2025-08-20 10:48:00+05:30,434.25,434.25,434.25,434.25,0,62400
2025-08-20 10:49:00+05:30,434.25,434.25,434.25,434.25,0,62400
2025-08-20 10:50:00+05:30,434.25,434.25,434.25,434.25,0,62400
2025-08-20 10:51:00+05:30,434.25,434.25,434.25,434.25,0,62400
2025-08-20 10:52:00+05:30,434.25,434.25,434.25,434.25,0,62400
2025-08-20 10:53:00+05:30,434.25,434.25,434.25,434.25,0,62400
2025-08-20 10:54:00+05:30,434.25,434.25,434.25,434.25,0,62400
2025-08-20 10:55:00+05:30,430.0,430.0,430.0,430.0,75,62400
2025-08-20 10:56:00+05:30,430.0,430.0,430.0,430.0,0,62400
2025-08-20 10:57:00+05:30,430.0,430.0,430.0,430.0,0,62400
2025-08-20 10:58:00+05:30,430.0,430.0,430.0,430.0,0,62400
2025-08-20 10:59:00+05:30,430.0,430.0,430.0,430.0,0,62400
2025-08-20 11:00:00+05:30,420.6,420.6,420.6,420.6,75,62400
2025-08-20 11:01:00+05:30,420.6,420.6,420.6,420.6,0,62400
2025-08-20 11:02:00+05:30,425.25,425.25,425.25,425.25,75,62400
2025-08-20 11:03:00+05:30,425.25,425.25,425.25,425.25,0,62400
2025-08-20 11:04:00+05:30,425.25,425.25,425.25,425.25,0,62400
2025-08-20 11:05:00+05:30,431.65,431.7,431.65,431.7,150,62400
2025-08-20 11:06:00+05:30,431.7,431.7,431.7,431.7,0,62400
2025-08-20 11:07:00+05:30,431.7,431.7,431.7,431.7,0,62400
2025-08-20 11:08:00+05:30,431.7,431.7,431.7,431.7,0,62400
2025-08-20 11:09:00+05:30,431.7,431.7,431.7,431.7,0,62400
2025-08-20 11:10:00+05:30,440.1,440.1,438.3,438.3,225,62400
2025-08-20 11:11:00+05:30,438.3,438.3,438.3,438.3,0,62400
2025-08-20 11:12:00+05:30,444.0,451.0,444.0,451.0,1425,62400
2025-08-20 11:13:00+05:30,454.75,454.75,454.75,454.75,75,62400
2025-08-20 11:14:00+05:30,457.3,457.3,457.0,457.1,300,62400
2025-08-20 11:15:00+05:30,454.75,454.75,454.75,454.75,75,62400
2025-08-20 11:16:00+05:30,454.75,454.75,454.75,454.75,0,62400
2025-08-20 11:17:00+05:30,454.75,454.75,454.75,454.75,0,62400
2025-08-20 11:18:00+05:30,454.75,454.75,454.75,454.75,0,62400
2025-08-20 11:19:00+05:30,454.75,454.75,454.75,454.75,0,62400
2025-08-20 11:20:00+05:30,454.75,454.75,454.75,454.75,0,62400
2025-08-20 11:21:00+05:30,454.75,454.75,454.75,454.75,0,62400
2025-08-20 11:22:00+05:30,454.75,454.75,454.75,454.75,0,62400
2025-08-20 11:23:00+05:30,454.75,454.75,454.75,454.75,0,62400
2025-08-20 11:24:00+05:30,443.4,443.4,443.35,443.35,150,62400
2025-08-20 11:25:00+05:30,443.35,443.35,443.35,443.35,0,62400
2025-08-20 11:26:00+05:30,443.35,443.35,443.35,443.35,0,62400
2025-08-20 11:27:00+05:30,443.35,443.35,443.35,443.35,0,62400
2025-08-20 11:28:00+05:30,450.0,450.0,450.0,450.0,150,62400
2025-08-20 11:29:00+05:30,450.0,450.0,450.0,450.0,0,62400
2025-08-20 11:30:00+05:30,450.0,450.0,450.0,450.0,0,62400
2025-08-20 11:31:00+05:30,450.0,450.0,450.0,450.0,0,62400
2025-08-20 11:32:00+05:30,450.0,450.0,450.0,450.0,0,62400
2025-08-20 11:33:00+05:30,457.5,457.5,457.5,457.5,75,62400
2025-08-20 11:34:00+05:30,457.5,457.5,457.5,457.5,0,62400
2025-08-20 11:35:00+05:30,457.5,457.5,457.5,457.5,0,62400
2025-08-20 11:36:00+05:30,457.5,457.5,457.5,457.5,0,62400
2025-08-20 11:37:00+05:30,457.5,457.5,457.5,457.5,0,62400
2025-08-20 11:38:00+05:30,457.5,457.5,457.5,457.5,0,62400
2025-08-20 11:39:00+05:30,457.5,457.5,457.5,457.5,0,62400
2025-08-20 11:40:00+05:30,457.5,457.5,457.5,457.5,0,62400
2025-08-20 11:41:00+05:30,449.4,449.4,449.4,449.4,75,62325
2025-08-20 11:42:00+05:30,449.4,449.4,449.4,449.4,0,62325
2025-08-20 11:43:00+05:30,449.4,449.4,449.4,449.4,0,62325
2025-08-20 11:44:00+05:30,449.4,449.4,449.4,449.4,0,62325
2025-08-20 11:45:00+05:30,449.4,449.4,449.4,449.4,0,62325
2025-08-20 11:46:00+05:30,449.4,449.4,449.4,449.4,0,62325
2025-08-20 11:47:00+05:30,449.4,449.4,449.4,449.4,0,62325
2025-08-20 11:48:00+05:30,448.15,448.15,446.45,447.6,1575,62325
2025-08-20 11:49:00+05:30,447.6,447.6,447.6,447.6,0,62325
2025-08-20 11:50:00+05:30,450.75,450.75,450.15,450.3,1050,63900
2025-08-20 11:51:00+05:30,450.95,450.95,450.9,450.9,150,63900
2025-08-20 11:52:00+05:30,450.9,450.9,450.9,450.9,0,63900
2025-08-20 11:53:00+05:30,450.9,450.9,450.9,450.9,0,63900
2025-08-20 11:54:00+05:30,450.9,450.9,450.9,450.9,0,63900
2025-08-20 11:55:00+05:30,450.9,450.9,450.9,450.9,0,63900
2025-08-20 11:56:00+05:30,450.8,450.8,450.8,450.8,150,64950
2025-08-20 11:57:00+05:30,450.8,450.8,450.8,450.8,0,64950
2025-08-20 11:58:00+05:30,464.25,465.95,463.55,463.55,300,64950
2025-08-20 11:59:00+05:30,463.55,463.55,463.55,463.55,0,64950
2025-08-20 12:00:00+05:30,463.55,463.55,463.55,463.55,0,64950
2025-08-20 12:01:00+05:30,463.55,463.55,463.55,463.55,0,64950
2025-08-20 12:02:00+05:30,463.55,463.55,463.55,463.55,0,64950
2025-08-20 12:03:00+05:30,463.55,463.55,463.55,463.55,0,64950
2025-08-20 12:04:00+05:30,461.5,461.5,461.5,461.5,75,64950
2025-08-20 12:05:00+05:30,461.5,461.5,461.5,461.5,0,64950
2025-08-20 12:06:00+05:30,461.5,461.5,461.5,461.5,0,64950
2025-08-20 12:07:00+05:30,461.5,461.5,461.5,461.5,0,64950
2025-08-20 12:08:00+05:30,461.5,461.5,461.5,461.5,0,64950
2025-08-20 12:09:00+05:30,461.5,461.5,461.5,461.5,0,64950
2025-08-20 12:10:00+05:30,461.5,461.5,461.5,461.5,0,64950
2025-08-20 12:11:00+05:30,461.5,461.5,461.5,461.5,0,64950
2025-08-20 12:12:00+05:30,470.6,470.6,470.6,470.6,75,64950
2025-08-20 12:13:00+05:30,470.6,470.6,470.6,470.6,0,64950
2025-08-20 12:14:00+05:30,470.6,470.6,470.6,470.6,0,64950
2025-08-20 12:15:00+05:30,470.6,470.6,470.6,470.6,0,64950
2025-08-20 12:16:00+05:30,470.6,470.6,470.6,470.6,0,64950
2025-08-20 12:17:00+05:30,470.6,470.6,470.6,470.6,0,64950
2025-08-20 12:18:00+05:30,470.6,470.6,470.6,470.6,0,64950
2025-08-20 12:19:00+05:30,470.6,470.6,470.6,470.6,0,64950
2025-08-20 12:20:00+05:30,470.6,470.6,470.6,470.6,0,64950
2025-08-20 12:21:00+05:30,470.6,470.6,470.6,470.6,0,64950
2025-08-20 12:22:00+05:30,465.4,465.6,464.95,464.95,225,64875
2025-08-20 12:23:00+05:30,465.25,465.25,465.25,465.25,75,64875
2025-08-20 12:24:00+05:30,465.25,465.25,465.25,465.25,0,64875
2025-08-20 12:25:00+05:30,470.7,470.7,469.5,469.5,150,65175
2025-08-20 12:26:00+05:30,469.5,469.5,469.5,469.5,0,65175
2025-08-20 12:27:00+05:30,469.5,469.5,469.5,469.5,0,65175
2025-08-20 12:28:00+05:30,464.0,464.0,464.0,464.0,75,65175
2025-08-20 12:29:00+05:30,464.0,464.0,464.0,464.0,0,65175
2025-08-20 12:30:00+05:30,465.95,465.95,465.95,465.95,75,65175
2025-08-20 12:31:00+05:30,465.95,465.95,465.95,465.95,0,65175
2025-08-20 12:32:00+05:30,466.15,466.4,466.15,466.4,150,65175
2025-08-20 12:33:00+05:30,466.4,466.4,466.4,466.4,0,65175
2025-08-20 12:34:00+05:30,466.4,466.4,466.4,466.4,0,65175
2025-08-20 12:35:00+05:30,469.0,469.0,469.0,469.0,75,65025
2025-08-20 12:36:00+05:30,469.0,469.0,469.0,469.0,0,65025
2025-08-20 12:37:00+05:30,469.0,469.0,469.0,469.0,0,65025
2025-08-20 12:38:00+05:30,471.65,471.65,471.65,471.65,75,64950
2025-08-20 12:39:00+05:30,469.0,473.45,469.0,473.45,150,64950
2025-08-20 12:40:00+05:30,471.95,472.2,471.95,472.2,150,64875
2025-08-20 12:41:00+05:30,472.2,472.2,472.2,472.2,0,64875
2025-08-20 12:42:00+05:30,469.0,469.0,469.0,469.0,75,64875
2025-08-20 12:43:00+05:30,469.0,469.0,469.0,469.0,0,64875
2025-08-20 12:44:00+05:30,469.0,469.0,469.0,469.0,0,64875
2025-08-20 12:45:00+05:30,469.0,469.0,469.0,469.0,0,64875
2025-08-20 12:46:00+05:30,469.0,469.0,469.0,469.0,0,64875
2025-08-20 12:47:00+05:30,469.0,469.0,469.0,469.0,0,64875
2025-08-20 12:48:00+05:30,469.0,469.0,469.0,469.0,0,64875
2025-08-20 12:49:00+05:30,473.7,475.25,473.7,475.25,375,64725
2025-08-20 12:50:00+05:30,475.25,475.25,475.25,475.25,0,64725
2025-08-20 12:51:00+05:30,475.25,475.25,475.25,475.25,0,64725
2025-08-20 12:52:00+05:30,475.35,475.4,475.35,475.4,150,64425
2025-08-20 12:53:00+05:30,476.25,476.25,476.25,476.25,750,64425
2025-08-20 12:54:00+05:30,476.45,476.45,476.45,476.45,75,64425
2025-08-20 12:55:00+05:30,477.75,477.95,477.75,477.95,375,63525
2025-08-20 12:56:00+05:30,477.95,477.95,477.95,477.95,0,63525
2025-08-20 12:57:00+05:30,477.95,477.95,477.95,477.95,0,63525
2025-08-20 12:58:00+05:30,476.95,476.95,476.95,476.95,150,63150
2025-08-20 12:59:00+05:30,476.9,477.5,476.9,477.5,675,63150
2025-08-20 13:00:00+05:30,477.85,477.85,476.9,476.9,375,63150
2025-08-20 13:01:00+05:30,475.7,475.7,475.7,475.7,75,61950
2025-08-20 13:02:00+05:30,474.35,477.9,474.35,477.9,750,61950
2025-08-20 13:03:00+05:30,478.2,478.2,476.7,476.7,600,61950
2025-08-20 13:04:00+05:30,476.7,478.7,476.7,478.7,600,61050
2025-08-20 13:05:00+05:30,478.7,478.7,478.7,478.7,0,61050
2025-08-20 13:06:00+05:30,479.0,479.85,479.0,479.85,300,61050
2025-08-20 13:07:00+05:30,479.85,479.85,479.85,479.85,0,61050
2025-08-20 13:08:00+05:30,470.0,472.7,470.0,471.95,600,60525
2025-08-20 13:09:00+05:30,471.95,471.95,471.95,471.95,0,60525
2025-08-20 13:10:00+05:30,467.25,469.85,466.15,469.85,750,60000
2025-08-20 13:11:00+05:30,470.65,470.65,470.65,470.65,75,60000
2025-08-20 13:12:00+05:30,466.95,469.2,466.95,469.2,450,60000
2025-08-20 13:13:00+05:30,469.8,469.8,469.8,469.8,75,58800
2025-08-20 13:14:00+05:30,469.8,469.8,469.8,469.8,0,58800
2025-08-20 13:15:00+05:30,469.8,470.05,469.8,470.05,225,58800
2025-08-20 13:16:00+05:30,471.0,473.15,471.0,471.6,225,58575
2025-08-20 13:17:00+05:30,471.6,471.6,471.6,471.6,0,58575
2025-08-20 13:18:00+05:30,471.6,471.6,471.6,471.6,0,58575
2025-08-20 13:19:00+05:30,471.6,471.6,471.6,471.6,0,58575
2025-08-20 13:20:00+05:30,471.6,471.6,471.6,471.6,0,58575
2025-08-20 13:21:00+05:30,471.6,471.6,471.6,471.6,0,58575
2025-08-20 13:22:00+05:30,471.6,471.6,471.6,471.6,0,58575
2025-08-20 13:23:00+05:30,471.6,471.6,471.6,471.6,0,58575
2025-08-20 13:24:00+05:30,471.6,471.6,471.6,471.6,0,58575
2025-08-20 13:25:00+05:30,471.6,471.6,471.6,471.6,0,58575
2025-08-20 13:26:00+05:30,454.0,454.0,454.0,454.0,75,58425
2025-08-20 13:27:00+05:30,454.0,454.0,454.0,454.0,75,58425
2025-08-20 13:28:00+05:30,454.0,454.0,454.0,454.0,0,58425
2025-08-20 13:29:00+05:30,454.35,454.35,454.3,454.3,150,58425
2025-08-20 13:30:00+05:30,459.0,459.0,459.0,459.0,75,58425
2025-08-20 13:31:00+05:30,459.0,459.0,459.0,459.0,0,58425
2025-08-20 13:32:00+05:30,459.0,459.0,459.0,459.0,0,58425
2025-08-20 13:33:00+05:30,459.0,459.0,459.0,459.0,0,58425
2025-08-20 13:34:00+05:30,459.0,459.0,459.0,459.0,0,58425
2025-08-20 13:35:00+05:30,469.7,469.7,469.7,469.7,75,58500
2025-08-20 13:36:00+05:30,469.7,469.7,469.7,469.7,0,58500
2025-08-20 13:37:00+05:30,469.7,469.7,469.7,469.7,0,58500
2025-08-20 13:38:00+05:30,469.7,469.7,469.7,469.7,0,58500
2025-08-20 13:39:00+05:30,469.7,469.7,469.7,469.7,0,58500
2025-08-20 13:40:00+05:30,470.6,470.6,470.6,470.6,300,58500
2025-08-20 13:41:00+05:30,472.15,472.15,472.15,472.15,75,58500
2025-08-20 13:42:00+05:30,472.0,472.0,472.0,472.0,75,58500
2025-08-20 13:43:00+05:30,468.3,468.3,468.3,468.3,150,58725
2025-08-20 13:44:00+05:30,468.3,468.3,468.3,468.3,0,58725
2025-08-20 13:45:00+05:30,468.3,468.3,468.3,468.3,0,58725
2025-08-20 13:46:00+05:30,468.3,468.3,468.3,468.3,0,58725
2025-08-20 13:47:00+05:30,468.3,468.3,468.3,468.3,0,58725
2025-08-20 13:48:00+05:30,468.3,468.3,468.3,468.3,0,58725
2025-08-20 13:49:00+05:30,468.3,468.3,468.3,468.3,0,58725
2025-08-20 13:50:00+05:30,472.2,472.2,472.2,472.2,75,58875
2025-08-20 13:51:00+05:30,475.85,475.85,475.85,475.85,75,58875
2025-08-20 13:52:00+05:30,474.25,477.1,474.25,477.1,225,59025
2025-08-20 13:53:00+05:30,477.1,477.1,477.1,477.1,0,59025
2025-08-20 13:54:00+05:30,477.1,477.1,477.1,477.1,0,59025
2025-08-20 13:55:00+05:30,477.1,477.1,477.1,477.1,0,59025
2025-08-20 13:56:00+05:30,477.1,477.1,477.1,477.1,0,59025
2025-08-20 13:57:00+05:30,477.1,477.1,477.1,477.1,0,59025
2025-08-20 13:58:00+05:30,473.2,476.65,473.2,476.65,450,59025
2025-08-20 13:59:00+05:30,476.65,476.65,476.65,476.65,0,59025
2025-08-20 14:00:00+05:30,478.0,478.0,478.0,478.0,75,59025
2025-08-20 14:01:00+05:30,480.0,480.0,480.0,480.0,150,59025
2025-08-20 14:02:00+05:30,480.0,480.0,480.0,480.0,0,59025
2025-08-20 14:03:00+05:30,482.2,482.2,482.2,482.2,300,59025
2025-08-20 14:04:00+05:30,482.2,482.2,482.2,482.2,0,59025
2025-08-20 14:05:00+05:30,484.05,484.75,484.0,484.75,675,59175
2025-08-20 14:06:00+05:30,484.75,484.75,484.75,484.75,0,59175
2025-08-20 14:07:00+05:30,488.35,488.35,488.35,488.35,75,58500
2025-08-20 14:08:00+05:30,490.0,490.0,490.0,490.0,75,58500
2025-08-20 14:09:00+05:30,484.1,484.1,484.05,484.05,825,58500
2025-08-20 14:10:00+05:30,486.15,488.05,486.1,488.05,300,58350
2025-08-20 14:11:00+05:30,488.05,488.05,488.05,488.05,0,58350
2025-08-20 14:12:00+05:30,486.7,488.2,486.7,487.5,525,58350
2025-08-20 14:13:00+05:30,487.5,487.5,487.5,487.5,0,58350
2025-08-20 14:14:00+05:30,482.85,482.85,482.8,482.8,150,58050
2025-08-20 14:15:00+05:30,480.0,480.0,480.0,480.0,75,58050
2025-08-20 14:16:00+05:30,480.0,480.0,480.0,480.0,0,58050
2025-08-20 14:17:00+05:30,480.0,480.0,480.0,480.0,0,58050
2025-08-20 14:18:00+05:30,481.45,481.45,481.4,481.4,150,58125
2025-08-20 14:19:00+05:30,481.4,481.4,481.4,481.4,0,58125
2025-08-20 14:20:00+05:30,481.4,481.4,481.4,481.4,0,58125
2025-08-20 14:21:00+05:30,483.6,483.6,480.0,480.0,600,58275
2025-08-20 14:22:00+05:30,480.0,480.0,480.0,480.0,0,58275
2025-08-20 14:23:00+05:30,484.1,484.1,481.25,481.9,825,58875
2025-08-20 14:24:00+05:30,481.0,481.0,481.0,481.0,75,58875
2025-08-20 14:25:00+05:30,476.65,476.65,475.45,475.45,300,58950
2025-08-20 14:26:00+05:30,478.0,480.0,478.0,480.0,1050,58950
2025-08-20 14:27:00+05:30,480.0,480.0,480.0,480.0,0,58950
2025-08-20 14:28:00+05:30,480.0,480.0,480.0,480.0,0,58950
2025-08-20 14:29:00+05:30,480.3,480.3,480.3,480.3,300,59925
2025-08-20 14:30:00+05:30,473.65,474.15,473.65,474.15,825,59925
2025-08-20 14:31:00+05:30,471.75,476.0,471.4,476.0,450,60600
2025-08-20 14:32:00+05:30,476.85,476.85,476.85,476.85,75,60600
2025-08-20 14:33:00+05:30,476.95,480.8,476.95,480.8,375,60600
2025-08-20 14:34:00+05:30,480.8,480.8,480.8,480.8,0,60600
2025-08-20 14:35:00+05:30,480.8,480.8,480.8,480.8,0,60600
2025-08-20 14:36:00+05:30,482.4,482.4,482.4,482.4,75,60375
2025-08-20 14:37:00+05:30,482.4,482.4,482.4,482.4,0,60375
2025-08-20 14:38:00+05:30,482.95,482.95,482.95,482.95,150,60450
2025-08-20 14:39:00+05:30,482.95,482.95,482.95,482.95,0,60450
2025-08-20 14:40:00+05:30,482.95,482.95,482.95,482.95,0,60450
2025-08-20 14:41:00+05:30,485.0,485.0,485.0,485.0,150,60600
2025-08-20 14:42:00+05:30,483.1,483.5,483.1,483.5,150,60600
2025-08-20 14:43:00+05:30,483.5,483.5,483.5,483.5,0,60600
2025-08-20 14:44:00+05:30,482.85,482.85,482.85,482.85,75,60750
2025-08-20 14:45:00+05:30,483.55,483.55,483.15,483.15,300,60750
2025-08-20 14:46:00+05:30,483.15,483.15,483.15,483.15,0,60750
2025-08-20 14:47:00+05:30,483.15,483.15,483.15,483.15,0,60750
2025-08-20 14:48:00+05:30,483.15,483.15,483.15,483.15,0,60750
2025-08-20 14:49:00+05:30,483.15,483.15,483.15,483.15,0,60750
2025-08-20 14:50:00+05:30,483.15,483.15,483.15,483.15,0,60750
2025-08-20 14:51:00+05:30,483.15,483.15,483.15,483.15,0,60750
2025-08-20 14:52:00+05:30,487.0,487.0,487.0,487.0,150,60825
2025-08-20 14:53:00+05:30,487.0,487.0,487.0,487.0,0,60825
2025-08-20 14:54:00+05:30,487.0,487.0,487.0,487.0,0,60825
2025-08-20 14:55:00+05:30,487.0,487.0,487.0,487.0,0,60825
2025-08-20 14:56:00+05:30,487.0,487.0,487.0,487.0,0,60825
2025-08-20 14:57:00+05:30,487.0,487.0,487.0,487.0,0,60825
2025-08-20 14:58:00+05:30,481.05,481.05,481.05,481.05,75,60825
2025-08-20 14:59:00+05:30,484.5,484.5,484.5,484.5,300,60825
2025-08-20 15:00:00+05:30,484.5,484.5,484.5,484.5,0,60825
2025-08-20 15:01:00+05:30,484.5,484.5,484.5,484.5,0,60825
2025-08-20 15:02:00+05:30,484.5,484.5,484.5,484.5,0,60825
2025-08-20 15:03:00+05:30,484.5,484.5,484.5,484.5,0,60825
2025-08-20 15:04:00+05:30,479.55,479.55,479.55,479.55,75,61050
2025-08-20 15:05:00+05:30,479.55,479.55,479.55,479.55,0,61050
2025-08-20 15:06:00+05:30,480.0,480.0,480.0,480.0,75,61050
2025-08-20 15:07:00+05:30,480.0,480.0,480.0,480.0,0,61050
2025-08-20 15:08:00+05:30,480.0,480.0,480.0,480.0,0,61050
2025-08-20 15:09:00+05:30,480.0,480.0,480.0,480.0,0,61050
2025-08-20 15:10:00+05:30,482.05,482.05,482.05,482.05,150,61050
2025-08-20 15:11:00+05:30,477.75,477.75,477.65,477.65,300,60900
2025-08-20 15:12:00+05:30,477.35,477.35,477.35,477.35,150,60900
2025-08-20 15:13:00+05:30,477.7,477.7,475.8,475.8,225,60975
2025-08-20 15:14:00+05:30,475.8,475.8,475.8,475.8,0,60975
2025-08-20 15:15:00+05:30,475.25,475.25,475.25,475.25,75,60975
2025-08-20 15:16:00+05:30,473.9,476.0,473.9,474.9,600,60975
2025-08-20 15:17:00+05:30,474.9,474.9,474.9,474.9,0,60975
2025-08-20 15:18:00+05:30,474.9,474.9,474.9,474.9,0,60975
2025-08-20 15:19:00+05:30,472.9,477.5,472.9,477.5,300,61050
2025-08-20 15:20:00+05:30,470.0,473.45,470.0,472.95,375,61050
2025-08-20 15:21:00+05:30,473.05,473.05,473.05,473.05,75,61050
2025-08-20 15:22:00+05:30,473.05,473.05,473.05,473.05,0,61050
2025-08-20 15:23:00+05:30,473.05,473.05,473.05,473.05,0,61050
2025-08-20 15:24:00+05:30,472.9,473.0,472.9,472.95,1200,60975
2025-08-20 15:25:00+05:30,472.9,473.0,472.1,472.1,1200,60600
2025-08-20 15:26:00+05:30,471.55,471.55,471.35,471.35,225,60600
2025-08-20 15:27:00+05:30,471.35,471.35,471.35,471.35,0,60600
2025-08-20 15:28:00+05:30,472.0,472.0,472.0,472.0,75,60600
2025-08-20 15:29:00+05:30,472.0,472.0,472.0,472.0,150,60675
2025-08-21 09:15:00+05:30,467.05,505.7,467.05,505.7,375,60675
2025-08-21 09:16:00+05:30,503.75,503.75,503.75,503.75,75,60675
2025-08-21 09:17:00+05:30,503.75,503.75,503.75,503.75,0,60675
2025-08-21 09:18:00+05:30,503.75,503.75,503.75,503.75,0,60675
2025-08-21 09:19:00+05:30,495.0,495.0,495.0,495.0,150,60750
2025-08-21 09:20:00+05:30,496.0,496.0,496.0,496.0,375,60750
2025-08-21 09:21:00+05:30,494.0,494.0,494.0,494.0,300,60750
2025-08-21 09:22:00+05:30,494.0,494.0,494.0,494.0,0,60750
2025-08-21 09:23:00+05:30,490.15,490.15,490.15,490.15,75,61425
2025-08-21 09:24:00+05:30,490.15,490.15,490.15,490.15,0,61425
2025-08-21 09:25:00+05:30,485.0,485.0,483.65,483.65,150,61425
2025-08-21 09:26:00+05:30,489.65,489.65,488.0,488.0,375,61425
2025-08-21 09:27:00+05:30,488.0,488.0,488.0,488.0,0,61425
2025-08-21 09:28:00+05:30,483.7,483.7,482.25,482.25,300,61800
2025-08-21 09:29:00+05:30,482.25,482.25,482.25,482.25,0,61800
2025-08-21 09:30:00+05:30,482.25,482.25,482.25,482.25,0,61800
2025-08-21 09:31:00+05:30,486.8,486.8,486.8,486.8,75,62025
2025-08-21 09:32:00+05:30,497.25,497.25,497.25,497.25,75,62025
2025-08-21 09:33:00+05:30,497.25,497.25,497.25,497.25,0,62025
2025-08-21 09:34:00+05:30,497.25,497.25,497.25,497.25,0,62025
2025-08-21 09:35:00+05:30,494.1,494.1,488.4,488.4,300,61950
2025-08-21 09:36:00+05:30,484.85,484.85,484.85,484.85,75,61875
2025-08-21 09:37:00+05:30,484.85,484.85,484.85,484.85,0,61875
2025-08-21 09:38:00+05:30,484.85,484.85,484.85,484.85,0,61875
2025-08-21 09:39:00+05:30,476.0,476.0,475.9,475.9,300,61875
2025-08-21 09:40:00+05:30,476.9,476.9,476.9,476.9,225,61875
2025-08-21 09:41:00+05:30,474.5,474.5,474.5,474.5,75,61875
2025-08-21 09:42:00+05:30,474.5,474.5,474.5,474.5,0,61875
2025-08-21 09:43:00+05:30,477.25,477.25,477.25,477.25,75,61725
2025-08-21 09:44:00+05:30,477.25,477.25,477.25,477.25,0,61725
2025-08-21 09:45:00+05:30,477.25,477.25,477.25,477.25,0,61725
2025-08-21 09:46:00+05:30,477.25,477.25,477.25,477.25,0,61725
2025-08-21 09:47:00+05:30,477.25,477.25,477.25,477.25,0,61725
2025-08-21 09:48:00+05:30,477.25,477.25,477.25,477.25,0,61725
2025-08-21 09:49:00+05:30,477.25,477.25,477.25,477.25,0,61725
2025-08-21 09:50:00+05:30,477.25,477.25,477.25,477.25,0,61725
2025-08-21 09:51:00+05:30,498.9,498.95,498.9,498.95,150,61725
2025-08-21 09:52:00+05:30,498.4,498.4,498.4,498.4,75,61725
2025-08-21 09:53:00+05:30,500.0,500.35,498.0,498.0,1875,61725
2025-08-21 09:54:00+05:30,498.0,498.0,498.0,498.0,0,61725
2025-08-21 09:55:00+05:30,503.75,503.75,502.0,502.0,150,63600
2025-08-21 09:56:00+05:30,502.0,502.0,502.0,502.0,0,63600
2025-08-21 09:57:00+05:30,502.0,502.0,502.0,502.0,0,63600
2025-08-21 09:58:00+05:30,502.0,502.0,502.0,502.0,0,63600
2025-08-21 09:59:00+05:30,502.0,502.0,502.0,502.0,0,63600
2025-08-21 10:00:00+05:30,513.95,513.95,513.95,513.95,75,63600
2025-08-21 10:01:00+05:30,514.15,518.2,514.15,518.2,600,63600
2025-08-21 10:02:00+05:30,517.1,518.45,517.1,518.45,150,63600
2025-08-21 10:03:00+05:30,523.0,523.0,522.5,522.5,225,63600
2025-08-21 10:04:00+05:30,531.0,533.0,531.0,533.0,450,63375
2025-08-21 10:05:00+05:30,538.8,543.45,538.8,543.45,1800,63375
2025-08-21 10:06:00+05:30,539.5,540.3,539.5,540.3,225,63375
2025-08-21 10:07:00+05:30,529.2,530.4,529.15,530.4,225,63300
2025-08-21 10:08:00+05:30,524.1,524.1,524.1,524.1,75,63300
2025-08-21 10:09:00+05:30,526.0,526.0,526.0,526.0,75,63300
2025-08-21 10:10:00+05:30,526.0,526.0,526.0,526.0,0,63300
2025-08-21 10:11:00+05:30,526.0,526.0,526.0,526.0,0,63300
2025-08-21 10:12:00+05:30,526.0,526.0,526.0,526.0,0,63300
2025-08-21 10:13:00+05:30,526.0,526.0,526.0,526.0,0,63300
2025-08-21 10:14:00+05:30,524.1,531.5,523.9,525.15,4950,63300
2025-08-21 10:15:00+05:30,525.15,525.15,525.15,525.15,0,63300
2025-08-21 10:16:00+05:30,525.15,525.15,525.15,525.15,0,63300
2025-08-21 10:17:00+05:30,524.85,530.05,524.85,530.05,2475,63900
2025-08-21 10:18:00+05:30,530.05,530.05,530.05,530.05,0,63900
2025-08-21 10:19:00+05:30,536.25,536.25,536.25,536.25,75,66225
2025-08-21 10:20:00+05:30,536.25,536.25,536.25,536.25,0,66225
2025-08-21 10:21:00+05:30,536.25,536.25,536.25,536.25,0,66225
2025-08-21 10:22:00+05:30,536.25,536.25,536.25,536.25,0,66225
2025-08-21 10:23:00+05:30,536.25,536.25,536.25,536.25,0,66225
2025-08-21 10:24:00+05:30,536.25,536.25,536.25,536.25,0,66225
2025-08-21 10:25:00+05:30,536.25,536.25,536.25,536.25,0,66225
2025-08-21 10:26:00+05:30,536.25,536.25,536.25,536.25,0,66225
2025-08-21 10:27:00+05:30,536.25,536.25,536.25,536.25,0,66225
2025-08-21 10:28:00+05:30,536.25,536.25,536.25,536.25,0,66225
2025-08-21 10:29:00+05:30,535.0,535.0,535.0,535.0,75,66225
2025-08-21 10:30:00+05:30,538.2,538.2,538.2,538.2,75,66225
2025-08-21 10:31:00+05:30,539.65,539.65,539.65,539.65,75,66225
2025-08-21 10:32:00+05:30,539.65,539.65,539.65,539.65,0,66225
2025-08-21 10:33:00+05:30,539.65,539.65,539.65,539.65,0,66225
2025-08-21 10:34:00+05:30,542.1,542.1,542.1,542.1,75,66300
2025-08-21 10:35:00+05:30,542.1,542.1,542.1,542.1,0,66300
2025-08-21 10:36:00+05:30,539.0,539.0,532.5,532.5,150,66300
2025-08-21 10:37:00+05:30,536.35,536.35,535.9,536.25,600,66150
2025-08-21 10:38:00+05:30,536.25,536.25,536.25,536.25,0,66150
2025-08-21 10:39:00+05:30,536.25,536.25,535.65,535.65,300,66150
2025-08-21 10:40:00+05:30,536.95,537.0,536.95,537.0,675,67050
2025-08-21 10:41:00+05:30,537.0,538.6,537.0,538.6,3750,67050
2025-08-21 10:42:00+05:30,538.6,538.6,538.6,538.6,0,67050
2025-08-21 10:43:00+05:30,538.6,538.6,538.6,538.6,0,67050
2025-08-21 10:44:00+05:30,538.6,538.6,538.6,538.6,0,67050
2025-08-21 10:45:00+05:30,538.6,538.6,538.6,538.6,0,67050
2025-08-21 10:46:00+05:30,536.0,536.0,534.95,535.5,10800,66675
2025-08-21 10:47:00+05:30,535.5,535.5,535.5,535.5,0,66675
2025-08-21 10:48:00+05:30,535.5,535.5,535.5,535.5,0,66675
2025-08-21 10:49:00+05:30,535.5,535.5,535.5,535.5,0,66675
2025-08-21 10:50:00+05:30,535.5,535.5,535.5,535.5,0,66675
2025-08-21 10:51:00+05:30,535.5,535.5,535.5,535.5,0,66675
2025-08-21 10:52:00+05:30,535.5,535.5,535.5,535.5,0,66675
2025-08-21 10:53:00+05:30,535.5,535.5,535.5,535.5,0,66675
2025-08-21 10:54:00+05:30,535.5,535.5,535.5,535.5,0,66675
2025-08-21 10:55:00+05:30,535.5,535.5,535.5,535.5,0,66675
2025-08-21 10:56:00+05:30,535.5,535.5,535.5,535.5,0,66675
2025-08-21 10:57:00+05:30,535.5,535.5,535.5,535.5,0,66675
2025-08-21 10:58:00+05:30,531.8,531.8,531.8,531.8,75,68100
2025-08-21 10:59:00+05:30,531.8,531.8,531.8,531.8,0,68100
2025-08-21 11:00:00+05:30,531.8,531.8,531.8,531.8,0,68100
2025-08-21 11:01:00+05:30,531.8,531.8,531.8,531.8,0,68100
2025-08-21 11:02:00+05:30,531.8,531.8,531.8,531.8,0,68100
2025-08-21 11:03:00+05:30,525.0,525.0,525.0,525.0,75,68100
2025-08-21 11:04:00+05:30,525.25,525.25,524.05,524.05,150,68100
2025-08-21 11:05:00+05:30,521.0,521.0,521.0,521.0,75,68100
2025-08-21 11:06:00+05:30,526.05,526.05,526.05,526.05,150,68100
2025-08-21 11:07:00+05:30,526.05,526.05,526.05,526.05,0,68100
2025-08-21 11:08:00+05:30,526.05,526.05,526.05,526.05,0,68100
2025-08-21 11:09:00+05:30,526.05,526.05,526.05,526.05,0,68100
2025-08-21 11:10:00+05:30,528.55,528.55,528.55,528.55,75,68025
2025-08-21 11:11:00+05:30,528.55,528.55,528.55,528.55,0,68025
2025-08-21 11:12:00+05:30,529.3,529.3,529.3,529.3,75,68025
2025-08-21 11:13:00+05:30,529.3,529.3,529.3,529.3,0,68025
2025-08-21 11:14:00+05:30,529.3,529.3,529.3,529.3,0,68025
2025-08-21 11:15:00+05:30,529.3,529.3,529.3,529.3,0,68025
2025-08-21 11:16:00+05:30,527.0,527.0,527.0,527.0,75,68100
2025-08-21 11:17:00+05:30,527.0,527.0,527.0,527.0,0,68100
2025-08-21 11:18:00+05:30,527.0,527.0,527.0,527.0,0,68100
2025-08-21 11:19:00+05:30,534.55,539.8,534.55,534.6,2550,68100
2025-08-21 11:20:00+05:30,534.35,534.85,534.35,534.6,5100,68100
2025-08-21 11:21:00+05:30,534.6,534.6,534.6,534.6,0,68100
2025-08-21 11:22:00+05:30,534.6,534.6,534.6,534.6,0,68100
2025-08-21 11:23:00+05:30,534.6,534.6,534.6,534.6,0,68100
2025-08-21 11:24:00+05:30,534.6,534.6,534.6,534.6,0,68100
2025-08-21 11:25:00+05:30,534.6,534.6,534.6,534.6,0,68100
2025-08-21 11:26:00+05:30,534.6,534.6,534.6,534.6,0,68100
2025-08-21 11:27:00+05:30,530.4,531.8,530.3,530.3,300,63750
2025-08-21 11:28:00+05:30,530.3,530.3,530.3,530.3,0,63750
2025-08-21 11:29:00+05:30,530.3,530.3,530.3,530.3,0,63750
2025-08-21 11:30:00+05:30,530.3,530.3,530.3,530.3,0,63750
2025-08-21 11:31:00+05:30,524.75,526.4,524.6,526.4,1500,63600
2025-08-21 11:32:00+05:30,523.0,523.0,518.2,518.2,150,63600
2025-08-21 11:33:00+05:30,523.8,523.8,523.8,523.8,75,63600
2025-08-21 11:34:00+05:30,523.65,523.7,523.65,523.7,150,64800
2025-08-21 11:35:00+05:30,523.7,523.7,523.7,523.7,0,64800
2025-08-21 11:36:00+05:30,523.75,523.75,523.75,523.75,75,64800
2025-08-21 11:37:00+05:30,523.75,523.75,523.75,523.75,0,64800
2025-08-21 11:38:00+05:30,527.05,527.05,527.05,527.05,150,64800
2025-08-21 11:39:00+05:30,527.0,527.0,527.0,527.0,75,64800
2025-08-21 11:40:00+05:30,527.0,527.0,527.0,527.0,0,64800
2025-08-21 11:41:00+05:30,527.45,527.45,527.35,527.35,1500,64650
2025-08-21 11:42:00+05:30,527.35,527.35,527.35,527.35,0,64650
2025-08-21 11:43:00+05:30,527.35,527.35,527.35,527.35,0,64650
2025-08-21 11:44:00+05:30,527.35,527.35,527.35,527.35,0,64650
2025-08-21 11:45:00+05:30,527.35,527.35,527.35,527.35,0,64650
2025-08-21 11:46:00+05:30,527.35,527.35,527.35,527.35,0,64650
2025-08-21 11:47:00+05:30,527.35,527.35,527.35,527.35,0,64650
2025-08-21 11:48:00+05:30,527.35,527.35,527.35,527.35,0,64650
2025-08-21 11:49:00+05:30,527.35,527.35,527.35,527.35,0,64650
2025-08-21 11:50:00+05:30,520.15,520.15,518.15,518.45,1050,64650
2025-08-21 11:51:00+05:30,518.45,518.45,518.45,518.45,0,64650
2025-08-21 11:52:00+05:30,518.0,518.0,518.0,518.0,75,64125
2025-08-21 11:53:00+05:30,518.0,518.0,518.0,518.0,0,64125
2025-08-21 11:54:00+05:30,512.0,514.1,512.0,514.1,150,64125
2025-08-21 11:55:00+05:30,511.85,511.85,511.85,511.85,75,64050
2025-08-21 11:56:00+05:30,515.35,522.4,514.6,514.6,4050,64050
2025-08-21 11:57:00+05:30,515.45,515.45,515.45,515.45,75,64050
2025-08-21 11:58:00+05:30,515.45,515.45,515.45,515.45,0,64050
2025-08-21 11:59:00+05:30,515.45,515.45,515.45,515.45,0,64050
2025-08-21 12:00:00+05:30,515.45,515.45,515.45,515.45,0,64050
2025-08-21 12:01:00+05:30,515.45,515.45,515.45,515.45,0,64050
2025-08-21 12:02:00+05:30,515.45,515.45,515.45,515.45,0,64050
2025-08-21 12:03:00+05:30,513.6,514.6,513.55,514.55,1350,64275
2025-08-21 12:04:00+05:30,519.65,519.65,519.65,519.65,75,65475
2025-08-21 12:05:00+05:30,519.65,519.65,519.65,519.65,0,65475
2025-08-21 12:06:00+05:30,519.65,519.65,519.65,519.65,0,65475
2025-08-21 12:07:00+05:30,519.65,519.65,519.65,519.65,0,65475
2025-08-21 12:08:00+05:30,519.65,519.65,519.65,519.65,0,65475
2025-08-21 12:09:00+05:30,520.85,520.85,520.85,520.85,75,65550
2025-08-21 12:10:00+05:30,520.85,520.85,520.85,520.85,0,65550
2025-08-21 12:11:00+05:30,520.85,520.85,520.85,520.85,0,65550
2025-08-21 12:12:00+05:30,520.85,520.85,520.85,520.85,0,65550
2025-08-21 12:13:00+05:30,519.7,519.7,519.7,519.7,75,65550
2025-08-21 12:14:00+05:30,515.85,515.85,515.85,515.85,75,65550
2025-08-21 12:15:00+05:30,515.85,515.85,515.85,515.85,0,65550
2025-08-21 12:16:00+05:30,515.85,515.85,515.85,515.85,0,65550
2025-08-21 12:17:00+05:30,514.05,514.05,514.05,514.05,150,65475
2025-08-21 12:18:00+05:30,514.05,514.05,514.05,514.05,0,65475
2025-08-21 12:19:00+05:30,510.2,510.2,510.2,510.2,75,65550
2025-08-21 12:20:00+05:30,510.2,510.2,510.2,510.2,0,65550
2025-08-21 12:21:00+05:30,510.2,510.2,510.2,510.2,0,65550
2025-08-21 12:22:00+05:30,510.2,510.2,510.2,510.2,0,65550
2025-08-21 12:23:00+05:30,510.2,510.2,510.2,510.2,0,65550
2025-08-21 12:24:00+05:30,510.2,510.2,510.2,510.2,0,65550
2025-08-21 12:25:00+05:30,514.2,514.2,514.2,514.2,75,65625
2025-08-21 12:26:00+05:30,514.2,514.2,514.2,514.2,0,65625
2025-08-21 12:27:00+05:30,510.3,513.65,510.25,513.65,225,65625
2025-08-21 12:28:00+05:30,505.45,505.45,505.45,505.45,75,65550
2025-08-21 12:29:00+05:30,503.0,504.2,503.0,504.2,300,65550
2025-08-21 12:30:00+05:30,504.2,504.2,504.2,504.2,0,65550
2025-08-21 12:31:00+05:30,497.75,498.45,497.75,498.45,150,65550
2025-08-21 12:32:00+05:30,499.95,505.9,499.95,505.9,525,65700
2025-08-21 12:33:00+05:30,509.0,514.2,509.0,514.2,150,65700
2025-08-21 12:34:00+05:30,509.95,509.95,509.95,509.95,75,65700
2025-08-21 12:35:00+05:30,509.95,509.95,509.95,509.95,0,65700
2025-08-21 12:36:00+05:30,509.95,509.95,509.95,509.95,0,65700
2025-08-21 12:37:00+05:30,519.25,521.0,519.25,521.0,600,66225
2025-08-21 12:38:00+05:30,521.0,521.0,521.0,521.0,0,66225
2025-08-21 12:39:00+05:30,521.0,521.0,521.0,521.0,0,66225
2025-08-21 12:40:00+05:30,521.0,521.0,521.0,521.0,0,66225
2025-08-21 12:41:00+05:30,521.0,521.0,521.0,521.0,0,66225
2025-08-21 12:42:00+05:30,521.0,521.0,521.0,521.0,0,66225
2025-08-21 12:43:00+05:30,521.0,521.0,521.0,521.0,0,66225
2025-08-21 12:44:00+05:30,521.0,521.0,521.0,521.0,0,66225
2025-08-21 12:45:00+05:30,521.0,521.0,521.0,521.0,0,66225
2025-08-21 12:46:00+05:30,521.0,521.0,521.0,521.0,0,66225
2025-08-21 12:47:00+05:30,521.0,521.0,521.0,521.0,0,66225
2025-08-21 12:48:00+05:30,521.0,521.0,521.0,521.0,0,66225
2025-08-21 12:49:00+05:30,529.0,529.0,525.4,525.4,225,66525
2025-08-21 12:50:00+05:30,525.4,525.4,525.4,525.4,0,66525
2025-08-21 12:51:00+05:30,522.2,522.2,518.9,518.9,1500,66525
2025-08-21 12:52:00+05:30,518.9,518.9,518.9,518.9,0,66525
2025-08-21 12:53:00+05:30,515.55,515.55,515.35,515.35,150,66525
2025-08-21 12:54:00+05:30,515.35,515.35,515.35,515.35,0,66525
2025-08-21 12:55:00+05:30,516.1,516.1,516.1,516.1,75,66525
2025-08-21 12:56:00+05:30,516.1,516.1,516.1,516.1,0,66525
2025-08-21 12:57:00+05:30,515.25,515.25,515.25,515.25,150,66525
2025-08-21 12:58:00+05:30,515.25,515.25,515.25,515.25,0,66525
2025-08-21 12:59:00+05:30,515.25,515.25,515.25,515.25,0,66525
2025-08-21 13:00:00+05:30,515.25,515.25,515.25,515.25,0,66525
2025-08-21 13:01:00+05:30,515.9,515.9,515.9,515.9,600,66525
2025-08-21 13:02:00+05:30,515.9,515.9,515.9,515.9,0,66525
2025-08-21 13:03:00+05:30,515.9,515.9,515.9,515.9,0,66525
2025-08-21 13:04:00+05:30,515.9,515.9,515.9,515.9,0,66525
2025-08-21 13:05:00+05:30,515.9,515.9,515.9,515.9,0,66525
2025-08-21 13:06:00+05:30,515.9,515.9,515.9,515.9,0,66525
2025-08-21 13:07:00+05:30,515.9,515.9,515.9,515.9,0,66525
2025-08-21 13:08:00+05:30,515.9,515.9,515.9,515.9,0,66525
2025-08-21 13:09:00+05:30,515.9,515.9,515.9,515.9,0,66525
2025-08-21 13:10:00+05:30,515.9,515.9,515.9,515.9,0,66525
2025-08-21 13:11:00+05:30,515.9,515.9,515.9,515.9,0,66525
2025-08-21 13:12:00+05:30,515.9,515.9,515.9,515.9,0,66525
2025-08-21 13:13:00+05:30,515.9,515.9,515.9,515.9,0,66525
2025-08-21 13:14:00+05:30,515.9,515.9,515.9,515.9,0,66525
2025-08-21 13:15:00+05:30,515.9,515.9,515.9,515.9,0,66525
2025-08-21 13:16:00+05:30,515.9,515.9,515.9,515.9,0,66525
2025-08-21 13:17:00+05:30,515.9,515.9,515.9,515.9,0,66525
2025-08-21 13:18:00+05:30,515.9,515.9,515.9,515.9,0,66525
2025-08-21 13:19:00+05:30,515.9,515.9,515.9,515.9,0,66525
2025-08-21 13:20:00+05:30,515.9,515.9,515.9,515.9,0,66525
2025-08-21 13:21:00+05:30,515.9,515.9,515.9,515.9,0,66525
2025-08-21 13:22:00+05:30,515.9,515.9,515.9,515.9,0,66525
2025-08-21 13:23:00+05:30,515.9,515.9,515.9,515.9,0,66525
2025-08-21 13:24:00+05:30,515.9,515.9,515.9,515.9,0,66525
2025-08-21 13:25:00+05:30,515.9,515.9,515.9,515.9,0,66525
2025-08-21 13:26:00+05:30,515.9,515.9,515.9,515.9,0,66525
2025-08-21 13:27:00+05:30,515.9,515.9,515.9,515.9,0,66525
2025-08-21 13:28:00+05:30,508.55,508.55,508.55,508.55,75,65925
2025-08-21 13:29:00+05:30,508.55,508.55,508.55,508.55,0,65925
2025-08-21 13:30:00+05:30,508.0,508.0,508.0,508.0,1800,65925
2025-08-21 13:31:00+05:30,508.0,508.0,508.0,508.0,0,65925
2025-08-21 13:32:00+05:30,508.0,508.0,508.0,508.0,0,65925
2025-08-21 13:33:00+05:30,507.25,507.25,503.0,503.0,2175,65850
2025-08-21 13:34:00+05:30,503.0,503.0,503.0,503.0,0,65850
2025-08-21 13:35:00+05:30,503.0,503.0,503.0,503.0,0,65850
2025-08-21 13:36:00+05:30,503.0,503.0,503.0,503.0,0,65850
2025-08-21 13:37:00+05:30,503.0,503.0,503.0,503.0,0,65850
2025-08-21 13:38:00+05:30,503.0,503.0,503.0,503.0,0,65850
2025-08-21 13:39:00+05:30,500.0,500.0,500.0,500.0,75,67950
2025-08-21 13:40:00+05:30,495.6,496.35,495.6,495.7,2175,67950
2025-08-21 13:41:00+05:30,490.0,490.0,486.95,486.95,300,67950
2025-08-21 13:42:00+05:30,485.1,485.1,485.1,485.1,75,67950
2025-08-21 13:43:00+05:30,485.1,485.1,485.1,485.1,0,67950
2025-08-21 13:44:00+05:30,485.1,485.1,485.1,485.1,0,67950
2025-08-21 13:45:00+05:30,485.1,485.1,485.1,485.1,0,67950
2025-08-21 13:46:00+05:30,485.1,485.1,485.1,485.1,0,67950
2025-08-21 13:47:00+05:30,485.1,485.1,485.1,485.1,0,67950
2025-08-21 13:48:00+05:30,485.1,485.1,485.1,485.1,0,67950
2025-08-21 13:49:00+05:30,485.1,485.1,485.1,485.1,0,67950
2025-08-21 13:50:00+05:30,485.1,485.1,485.1,485.1,0,67950
2025-08-21 13:51:00+05:30,509.15,509.15,509.15,509.15,75,69975
2025-08-21 13:52:00+05:30,509.15,509.15,509.15,509.15,0,69975
2025-08-21 13:53:00+05:30,514.3,514.3,514.3,514.3,75,70050
2025-08-21 13:54:00+05:30,514.3,514.3,514.3,514.3,0,70050
2025-08-21 13:55:00+05:30,514.3,514.3,514.3,514.3,0,70050
2025-08-21 13:56:00+05:30,514.3,514.3,514.3,514.3,0,70050
2025-08-21 13:57:00+05:30,514.3,514.3,514.3,514.3,0,70050
2025-08-21 13:58:00+05:30,514.3,514.3,514.3,514.3,0,70050
2025-08-21 13:59:00+05:30,513.5,513.5,513.5,513.5,150,70050
2025-08-21 14:00:00+05:30,513.5,513.5,513.5,513.5,0,70050
2025-08-21 14:01:00+05:30,513.5,513.5,513.5,513.5,0,70050
2025-08-21 14:02:00+05:30,521.1,521.1,521.1,521.1,750,70200
2025-08-21 14:03:00+05:30,522.75,522.8,518.0,518.0,225,70200
2025-08-21 14:04:00+05:30,518.0,518.0,518.0,518.0,0,70200
2025-08-21 14:05:00+05:30,518.0,518.0,518.0,518.0,0,70200
2025-08-21 14:06:00+05:30,518.0,518.0,518.0,518.0,0,70200
2025-08-21 14:07:00+05:30,518.0,518.0,518.0,518.0,0,70200
2025-08-21 14:08:00+05:30,518.0,518.0,518.0,518.0,0,70200
2025-08-21 14:09:00+05:30,518.0,518.0,518.0,518.0,0,70200
2025-08-21 14:10:00+05:30,520.35,520.4,520.35,520.4,150,69375
2025-08-21 14:11:00+05:30,520.4,520.4,520.4,520.4,0,69375
2025-08-21 14:12:00+05:30,520.4,520.4,520.4,520.4,0,69375
2025-08-21 14:13:00+05:30,520.4,520.4,520.4,520.4,0,69375
2025-08-21 14:14:00+05:30,520.4,520.4,520.4,520.4,0,69375
2025-08-21 14:15:00+05:30,528.2,529.0,528.2,529.0,525,69375
2025-08-21 14:16:00+05:30,530.0,539.75,530.0,533.35,2700,69375
2025-08-21 14:17:00+05:30,535.6,535.6,535.6,535.6,150,69375
2025-08-21 14:18:00+05:30,535.6,535.6,535.6,535.6,0,69375
2025-08-21 14:19:00+05:30,530.0,530.0,530.0,530.0,75,69375
2025-08-21 14:20:00+05:30,532.4,532.4,532.4,532.4,75,69450
2025-08-21 14:21:00+05:30,532.4,532.4,532.4,532.4,0,69450
2025-08-21 14:22:00+05:30,526.5,526.5,526.45,526.45,150,69375
2025-08-21 14:23:00+05:30,526.45,526.45,526.45,526.45,0,69375
2025-08-21 14:24:00+05:30,526.45,526.45,526.45,526.45,0,69375
2025-08-21 14:25:00+05:30,528.5,528.5,528.5,528.5,75,69375
2025-08-21 14:26:00+05:30,528.5,528.5,528.5,528.5,0,69375
2025-08-21 14:27:00+05:30,523.95,523.95,523.95,523.95,75,69375
2025-08-21 14:28:00+05:30,523.9,524.9,523.85,524.9,450,69375
2025-08-21 14:29:00+05:30,525.65,526.55,525.4,526.55,3375,69525
2025-08-21 14:30:00+05:30,526.55,526.55,526.55,526.55,0,69525
2025-08-21 14:31:00+05:30,526.55,526.55,526.55,526.55,0,69525
2025-08-21 14:32:00+05:30,520.0,520.0,520.0,520.0,150,67650
2025-08-21 14:33:00+05:30,524.5,524.5,524.5,524.5,75,67650
2025-08-21 14:34:00+05:30,524.5,524.5,524.5,524.5,0,67650
2025-08-21 14:35:00+05:30,524.5,524.5,524.5,524.5,0,67650
2025-08-21 14:36:00+05:30,512.7,513.0,512.7,513.0,150,67800
2025-08-21 14:37:00+05:30,510.4,510.4,510.2,510.2,1800,67950
2025-08-21 14:38:00+05:30,510.2,510.2,510.2,510.2,0,67950
2025-08-21 14:39:00+05:30,511.7,511.7,511.5,511.55,825,67950
2025-08-21 14:40:00+05:30,514.05,514.05,514.05,514.05,75,67275
2025-08-21 14:41:00+05:30,514.05,514.05,514.05,514.05,0,67275
2025-08-21 14:42:00+05:30,514.05,514.05,514.05,514.05,0,67275
2025-08-21 14:43:00+05:30,514.05,514.05,514.05,514.05,0,67275
2025-08-21 14:44:00+05:30,514.0,514.0,514.0,514.0,75,67350
2025-08-21 14:45:00+05:30,509.0,509.0,509.0,509.0,150,67350
2025-08-21 14:46:00+05:30,515.0,516.65,515.0,516.65,375,67350
2025-08-21 14:47:00+05:30,516.65,516.65,516.65,516.65,0,67350
2025-08-21 14:48:00+05:30,516.65,516.65,516.65,516.65,0,67350
2025-08-21 14:49:00+05:30,510.6,510.6,510.6,510.6,75,67575
2025-08-21 14:50:00+05:30,509.0,509.0,509.0,509.0,450,67575
2025-08-21 14:51:00+05:30,511.35,511.45,511.35,511.45,750,67575
2025-08-21 14:52:00+05:30,510.6,510.6,510.6,510.6,450,67575
2025-08-21 14:53:00+05:30,510.0,510.6,510.0,510.6,975,67575
2025-08-21 14:54:00+05:30,509.0,509.0,506.75,506.75,600,67575
2025-08-21 14:55:00+05:30,509.0,509.0,509.0,509.0,150,67575
2025-08-21 14:56:00+05:30,508.1,508.1,508.1,508.1,75,68700
2025-08-21 14:57:00+05:30,508.1,508.1,508.1,508.1,0,68700
2025-08-21 14:58:00+05:30,508.1,508.1,508.1,508.1,0,68700
2025-08-21 14:59:00+05:30,512.5,512.5,512.5,512.5,75,68700
2025-08-21 15:00:00+05:30,505.0,505.0,505.0,505.0,225,68700
2025-08-21 15:01:00+05:30,504.75,504.8,504.75,504.8,600,68625
2025-08-21 15:02:00+05:30,504.8,504.8,504.8,504.8,0,68625
2025-08-21 15:03:00+05:30,506.0,506.05,506.0,506.0,1575,68625
2025-08-21 15:04:00+05:30,506.0,506.0,506.0,506.0,0,68625
2025-08-21 15:05:00+05:30,506.0,506.0,506.0,506.0,0,68625
2025-08-21 15:06:00+05:30,506.0,506.0,506.0,506.0,75,66525
2025-08-21 15:07:00+05:30,501.4,501.4,498.85,499.6,450,66600
2025-08-21 15:08:00+05:30,501.95,501.95,501.95,501.95,75,66600
2025-08-21 15:09:00+05:30,501.95,501.95,501.95,501.95,0,66600
2025-08-21 15:10:00+05:30,498.8,498.8,498.25,498.3,225,66600
2025-08-21 15:11:00+05:30,498.3,498.3,498.3,498.3,0,66600
2025-08-21 15:12:00+05:30,502.05,502.05,501.0,501.0,300,66375
2025-08-21 15:13:00+05:30,501.0,503.0,501.0,503.0,300,66450
2025-08-21 15:14:00+05:30,503.0,503.0,503.0,503.0,0,66450
2025-08-21 15:15:00+05:30,503.0,503.0,503.0,503.0,0,66450
2025-08-21 15:16:00+05:30,503.0,503.0,503.0,503.0,0,66450
2025-08-21 15:17:00+05:30,503.0,503.0,503.0,503.0,0,66450
2025-08-21 15:18:00+05:30,503.0,503.0,503.0,503.0,0,66450
2025-08-21 15:19:00+05:30,496.85,496.85,496.75,496.8,375,66525
2025-08-21 15:20:00+05:30,492.9,492.95,492.8,492.8,375,66525
2025-08-21 15:21:00+05:30,492.75,492.75,488.6,491.7,750,66525
2025-08-21 15:22:00+05:30,491.7,491.7,491.7,491.7,0,66525
2025-08-21 15:23:00+05:30,490.0,490.0,489.15,490.0,450,66525
2025-08-21 15:24:00+05:30,490.0,490.0,490.0,490.0,75,66525
2025-08-21 15:25:00+05:30,490.0,490.0,490.0,490.0,0,66525
2025-08-21 15:26:00+05:30,487.05,488.0,487.05,488.0,3525,66300
2025-08-21 15:27:00+05:30,486.6,486.6,486.5,486.5,1500,66300
2025-08-21 15:28:00+05:30,485.05,486.0,485.0,486.0,3225,66075
2025-08-21 15:29:00+05:30,487.45,487.5,485.25,485.55,2250,66075
2025-08-22 09:16:00+05:30,437.9,437.9,433.2,434.5,1125,66825
2025-08-22 09:17:00+05:30,430.0,430.55,425.0,429.0,900,66825
2025-08-22 09:18:00+05:30,423.0,423.0,423.0,423.0,75,67275
2025-08-22 09:19:00+05:30,421.6,423.1,420.0,420.0,450,67275
2025-08-22 09:20:00+05:30,412.25,412.25,412.25,412.25,75,67275
2025-08-22 09:21:00+05:30,414.6,414.6,407.0,407.0,525,67350
2025-08-22 09:22:00+05:30,410.9,415.8,410.5,415.8,375,67350
2025-08-22 09:23:00+05:30,419.15,419.15,412.85,412.95,2325,67350
2025-08-22 09:24:00+05:30,408.0,410.8,406.0,406.0,1575,68400
2025-08-22 09:25:00+05:30,404.05,409.9,404.0,404.0,1500,68400
2025-08-22 09:26:00+05:30,402.25,403.0,402.15,402.55,600,68400
2025-08-22 09:27:00+05:30,405.7,408.9,404.85,408.75,2250,70050
2025-08-22 09:28:00+05:30,409.55,409.55,403.25,403.25,450,70050
2025-08-22 09:29:00+05:30,400.55,400.55,395.0,395.0,900,70050
2025-08-22 09:30:00+05:30,393.7,393.7,391.5,393.2,450,70200
2025-08-22 09:31:00+05:30,390.0,390.0,373.05,373.05,1050,70200
2025-08-22 09:32:00+05:30,372.95,378.0,372.8,375.0,4800,70200
2025-08-22 09:33:00+05:30,376.2,378.5,375.3,376.3,2550,73650
2025-08-22 09:34:00+05:30,374.0,384.0,373.6,384.0,5475,73650
2025-08-22 09:35:00+05:30,382.05,388.35,382.0,384.25,3225,73650
2025-08-22 09:36:00+05:30,383.7,383.7,379.05,382.0,2850,80625
2025-08-22 09:37:00+05:30,385.0,385.0,376.85,376.95,2475,80625
2025-08-22 09:38:00+05:30,375.25,379.7,375.0,375.0,2175,80625
2025-08-22 09:39:00+05:30,377.3,380.8,376.85,376.85,1125,84975
2025-08-22 09:40:00+05:30,375.8,382.35,375.8,382.35,600,84975
2025-08-22 09:41:00+05:30,383.0,389.25,382.35,387.95,1425,84975
2025-08-22 09:42:00+05:30,387.6,388.25,385.35,385.45,675,85575
2025-08-22 09:43:00+05:30,382.0,382.0,382.0,382.0,150,85575
2025-08-22 09:44:00+05:30,382.0,382.0,382.0,382.0,0,85575
2025-08-22 09:45:00+05:30,390.0,390.0,384.55,385.9,600,85500
2025-08-22 09:46:00+05:30,385.5,390.05,385.5,388.05,450,85500
2025-08-22 09:47:00+05:30,388.05,388.05,388.05,388.05,0,85500
2025-08-22 09:48:00+05:30,383.1,383.1,380.0,382.0,675,85125
2025-08-22 09:49:00+05:30,380.0,380.3,380.0,380.05,2100,85125
2025-08-22 09:50:00+05:30,378.35,378.35,376.2,376.7,525,85125
2025-08-22 09:51:00+05:30,375.0,375.25,369.7,372.45,1275,84750
2025-08-22 09:52:00+05:30,380.1,384.0,380.05,381.55,975,84750
2025-08-22 09:53:00+05:30,387.75,387.75,387.2,387.2,600,84750
2025-08-22 09:54:00+05:30,387.4,387.4,381.1,381.1,300,84150
2025-08-22 09:55:00+05:30,380.0,380.0,366.7,367.3,2775,84150
2025-08-22 09:56:00+05:30,368.0,373.3,368.0,372.4,3150,84150
2025-08-22 09:57:00+05:30,370.0,370.6,369.0,370.6,675,87150
2025-08-22 09:58:00+05:30,370.95,382.15,370.95,382.15,3825,87150
2025-08-22 09:59:00+05:30,380.0,380.0,373.45,373.45,1500,87150
2025-08-22 10:00:00+05:30,370.5,372.45,370.5,372.45,1425,88950
2025-08-22 10:01:00+05:30,373.0,373.0,366.8,366.8,3150,88950
2025-08-22 10:02:00+05:30,366.5,370.0,362.0,363.0,2175,88950
2025-08-22 10:03:00+05:30,361.05,367.0,361.05,367.0,3600,92475
2025-08-22 10:04:00+05:30,370.85,375.6,369.3,375.6,1950,92475
2025-08-22 10:05:00+05:30,374.15,377.7,370.7,377.65,1725,92475
2025-08-22 10:06:00+05:30,379.0,379.0,373.8,373.8,2250,95400
2025-08-22 10:07:00+05:30,375.1,378.75,375.0,378.75,900,95400
2025-08-22 10:08:00+05:30,376.05,380.0,375.45,380.0,1200,95400
2025-08-22 10:09:00+05:30,379.1,379.5,377.0,378.35,1050,96600
2025-08-22 10:10:00+05:30,377.65,377.65,377.65,377.65,75,96600
2025-08-22 10:11:00+05:30,377.65,377.65,377.65,377.65,0,96600
2025-08-22 10:12:00+05:30,377.65,377.65,377.65,377.65,0,96600
2025-08-22 10:13:00+05:30,378.8,378.8,378.8,378.8,75,96600
2025-08-22 10:14:00+05:30,372.6,372.6,371.1,371.1,450,96600
2025-08-22 10:15:00+05:30,370.0,370.25,366.3,368.0,1725,96900
2025-08-22 10:16:00+05:30,367.65,368.25,360.0,362.7,5550,96900
2025-08-22 10:17:00+05:30,364.45,364.45,351.0,356.65,4500,96900
2025-08-22 10:18:00+05:30,354.4,354.6,351.0,351.0,975,99900
2025-08-22 10:19:00+05:30,350.0,354.9,350.0,353.5,2025,99900
2025-08-22 10:20:00+05:30,354.9,355.95,353.55,354.0,900,99900
2025-08-22 10:21:00+05:30,351.65,352.9,351.2,352.9,1050,101250
2025-08-22 10:22:00+05:30,350.7,351.95,345.85,347.0,2775,101250
2025-08-22 10:23:00+05:30,347.0,348.3,345.0,348.1,1050,101250
2025-08-22 10:24:00+05:30,345.9,349.05,345.9,349.05,2250,103275
2025-08-22 10:25:00+05:30,346.5,348.0,345.0,348.0,1125,103275
2025-08-22 10:26:00+05:30,348.0,353.5,348.0,353.5,3150,103275
2025-08-22 10:27:00+05:30,356.55,358.25,354.05,357.95,1425,104025
2025-08-22 10:28:00+05:30,356.2,357.3,356.2,357.3,300,104025
2025-08-22 10:29:00+05:30,358.0,359.4,355.0,355.0,750,104025
2025-08-22 10:30:00+05:30,354.45,354.45,354.0,354.0,225,104025
2025-08-22 10:31:00+05:30,355.0,355.0,349.0,349.8,1125,104025
2025-08-22 10:32:00+05:30,351.1,351.1,350.0,350.1,975,104025
2025-08-22 10:33:00+05:30,349.05,353.25,349.05,353.25,225,104025
2025-08-22 10:34:00+05:30,349.0,350.05,349.0,350.05,300,104175
2025-08-22 10:35:00+05:30,350.05,350.05,350.05,350.05,75,104175
2025-08-22 10:36:00+05:30,353.55,355.1,353.55,355.1,150,104175
2025-08-22 10:37:00+05:30,354.35,354.55,354.35,354.55,150,104175
2025-08-22 10:38:00+05:30,349.0,350.6,349.0,350.6,225,104175
2025-08-22 10:39:00+05:30,346.95,347.85,346.95,347.05,3075,104175
2025-08-22 10:40:00+05:30,345.0,345.0,340.0,342.05,3525,103800
2025-08-22 10:41:00+05:30,340.45,340.55,336.8,336.8,900,103800
2025-08-22 10:42:00+05:30,338.7,340.8,338.7,340.5,3150,105975
2025-08-22 10:43:00+05:30,343.05,343.05,343.0,343.0,300,105975
2025-08-22 10:44:00+05:30,343.0,343.0,343.0,343.0,0,105975
2025-08-22 10:45:00+05:30,340.0,340.0,340.0,340.0,75,105975
2025-08-22 10:46:00+05:30,346.2,347.0,346.2,347.0,2850,108825
2025-08-22 10:47:00+05:30,343.95,343.95,343.95,343.95,75,108825
2025-08-22 10:48:00+05:30,337.95,338.0,334.0,334.0,825,109125
2025-08-22 10:49:00+05:30,337.75,339.15,337.75,339.15,150,109125
2025-08-22 10:50:00+05:30,341.0,341.0,339.25,339.25,450,109125
2025-08-22 10:51:00+05:30,338.5,344.0,338.2,343.35,1650,109800
2025-08-22 10:52:00+05:30,342.0,342.0,340.9,340.9,825,109800
2025-08-22 10:53:00+05:30,344.0,344.0,344.0,344.0,225,109800
2025-08-22 10:54:00+05:30,340.0,340.0,340.0,340.0,75,109800
2025-08-22 10:55:00+05:30,340.65,340.65,337.6,337.6,600,110100
2025-08-22 10:56:00+05:30,337.6,337.6,337.6,337.6,0,110100
2025-08-22 10:57:00+05:30,338.9,338.9,338.05,338.2,375,110550
2025-08-22 10:58:00+05:30,340.95,341.1,340.95,341.1,750,110550
2025-08-22 10:59:00+05:30,341.1,341.1,341.1,341.1,0,110550
2025-08-22 11:00:00+05:30,343.1,343.1,332.1,332.1,2175,110925
2025-08-22 11:01:00+05:30,335.75,337.95,330.95,337.85,1500,110925
2025-08-22 11:02:00+05:30,338.45,345.6,338.45,345.55,1200,110925
2025-08-22 11:03:00+05:30,345.55,348.0,345.3,345.85,750,111300
2025-08-22 11:04:00+05:30,347.0,347.0,347.0,347.0,300,111300
2025-08-22 11:05:00+05:30,344.15,347.0,344.15,346.5,4875,111300
2025-08-22 11:06:00+05:30,344.85,344.85,344.85,344.85,225,111300
2025-08-22 11:07:00+05:30,343.05,347.5,343.0,347.4,1725,111750
2025-08-22 11:08:00+05:30,344.85,349.0,344.8,348.5,600,111750
2025-08-22 11:09:00+05:30,349.0,351.95,349.0,349.7,3825,113325
2025-08-22 11:10:00+05:30,349.7,349.7,347.95,348.0,450,113325
2025-08-22 11:11:00+05:30,347.0,347.3,346.0,346.0,3225,113325
2025-08-22 11:12:00+05:30,346.0,346.0,343.0,343.0,1275,114300
2025-08-22 11:13:00+05:30,342.8,342.8,340.0,340.85,1275,114300
2025-08-22 11:14:00+05:30,341.1,341.2,338.0,339.0,2775,114300
2025-08-22 11:15:00+05:30,340.0,340.0,339.35,339.35,1425,114300
2025-08-22 11:16:00+05:30,336.85,336.85,333.2,334.55,1875,115500
2025-08-22 11:17:00+05:30,334.55,334.55,328.0,332.6,6075,115500
2025-08-22 11:18:00+05:30,334.0,338.0,334.0,336.0,3675,115500
2025-08-22 11:19:00+05:30,338.05,342.0,337.85,342.0,375,121500
2025-08-22 11:20:00+05:30,341.4,345.4,341.4,345.4,675,121500
2025-08-22 11:21:00+05:30,345.4,349.3,345.4,349.2,4725,121425
2025-08-22 11:22:00+05:30,351.1,353.25,349.15,349.15,900,121425
2025-08-22 11:23:00+05:30,348.05,348.4,347.3,348.4,1200,121425
2025-08-22 11:24:00+05:30,350.85,351.0,349.9,349.9,1725,121425
2025-08-22 11:25:00+05:30,349.65,349.65,346.85,346.85,150,122550
2025-08-22 11:26:00+05:30,346.85,346.85,346.85,346.85,0,122550
2025-08-22 11:27:00+05:30,348.6,348.6,348.6,348.6,75,122550
2025-08-22 11:28:00+05:30,348.6,348.6,348.6,348.6,0,122550
2025-08-22 11:29:00+05:30,348.6,348.6,348.6,348.6,0,122550
2025-08-22 11:30:00+05:30,352.0,352.0,352.0,352.0,450,122625
2025-08-22 11:31:00+05:30,352.0,352.0,346.35,346.35,825,122550
2025-08-22 11:32:00+05:30,345.0,345.75,345.0,345.75,300,122550
2025-08-22 11:33:00+05:30,345.75,345.75,345.75,345.75,0,122550
2025-08-22 11:34:00+05:30,345.75,345.75,345.75,345.75,0,122550
2025-08-22 11:35:00+05:30,348.75,348.75,345.75,346.35,900,122775
2025-08-22 11:36:00+05:30,345.85,347.25,345.85,347.0,1050,122325
2025-08-22 11:37:00+05:30,347.1,347.1,347.0,347.0,675,122325
2025-08-22 11:38:00+05:30,348.0,353.0,348.0,352.9,975,122325
2025-08-22 11:39:00+05:30,354.9,355.0,353.3,353.7,7875,122325
2025-08-22 11:40:00+05:30,354.95,356.0,354.95,356.0,525,123600
2025-08-22 11:41:00+05:30,356.75,357.6,356.1,356.1,1125,123600
2025-08-22 11:42:00+05:30,355.35,356.2,355.35,356.2,225,123600
2025-08-22 11:43:00+05:30,353.0,356.15,352.0,356.15,750,123150
2025-08-22 11:44:00+05:30,356.8,356.95,354.8,356.7,2175,123150
2025-08-22 11:45:00+05:30,356.7,358.05,356.7,358.05,225,123150
2025-08-22 11:46:00+05:30,356.25,360.0,355.55,355.55,4800,123075
2025-08-22 11:47:00+05:30,358.0,360.0,358.0,358.85,375,123075
2025-08-22 11:48:00+05:30,358.0,358.0,358.0,358.0,75,123075
2025-08-22 11:49:00+05:30,358.0,358.0,358.0,358.0,0,123075
2025-08-22 11:50:00+05:30,356.2,356.2,352.85,353.2,300,122700
2025-08-22 11:51:00+05:30,357.45,358.85,357.45,357.65,225,122700
2025-08-22 11:52:00+05:30,357.7,357.7,353.4,356.9,525,122775
2025-08-22 11:53:00+05:30,356.05,359.0,355.85,359.0,1050,122775
2025-08-22 11:54:00+05:30,358.0,358.0,358.0,358.0,300,122775
2025-08-22 11:55:00+05:30,359.7,359.7,358.65,358.65,150,122850
2025-08-22 11:56:00+05:30,355.0,357.0,355.0,357.0,150,122850
2025-08-22 11:57:00+05:30,357.0,357.0,357.0,357.0,0,122850
2025-08-22 11:58:00+05:30,358.95,362.35,358.9,362.35,375,122775
2025-08-22 11:59:00+05:30,362.35,362.35,359.8,359.9,450,122775
2025-08-22 12:00:00+05:30,362.75,363.0,358.0,358.0,2400,122775
2025-08-22 12:01:00+05:30,358.0,358.0,358.0,358.0,0,122775
2025-08-22 12:02:00+05:30,354.05,354.05,351.8,351.85,300,120675
2025-08-22 12:03:00+05:30,350.55,350.55,350.55,350.55,150,120675
2025-08-22 12:04:00+05:30,358.1,362.0,357.9,362.0,2700,120450
2025-08-22 12:05:00+05:30,361.15,361.15,355.95,355.95,675,120450
2025-08-22 12:06:00+05:30,355.6,355.6,352.0,352.0,300,120450
2025-08-22 12:07:00+05:30,352.7,352.7,346.7,347.6,525,121275
2025-08-22 12:08:00+05:30,348.0,350.4,347.55,349.2,8775,121275
2025-08-22 12:09:00+05:30,351.3,352.75,351.25,352.45,1350,125250
2025-08-22 12:10:00+05:30,352.45,352.45,352.45,352.45,0,125250
2025-08-22 12:11:00+05:30,350.0,351.05,343.35,343.35,1650,125250
2025-08-22 12:12:00+05:30,343.1,344.25,340.75,342.85,2625,125250
2025-08-22 12:13:00+05:30,342.75,342.75,340.6,341.2,300,125550
2025-08-22 12:14:00+05:30,343.1,343.1,342.3,342.7,300,125550
2025-08-22 12:15:00+05:30,342.25,342.25,341.45,341.45,225,125550
2025-08-22 12:16:00+05:30,341.0,345.05,341.0,344.8,525,125850
2025-08-22 12:17:00+05:30,342.6,342.85,340.65,340.65,1050,125850
2025-08-22 12:18:00+05:30,340.0,340.4,338.75,340.0,2175,125850
2025-08-22 12:19:00+05:30,340.0,340.25,339.7,339.7,375,126375
2025-08-22 12:20:00+05:30,340.85,340.9,340.85,340.9,300,126375
2025-08-22 12:21:00+05:30,343.0,343.0,342.65,342.7,225,126450
2025-08-22 12:22:00+05:30,340.9,341.1,339.75,339.75,750,126450
2025-08-22 12:23:00+05:30,341.4,341.4,341.35,341.35,150,126450
2025-08-22 12:24:00+05:30,334.5,335.85,334.0,335.85,525,126450
2025-08-22 12:25:00+05:30,335.5,335.5,335.5,335.5,150,126300
2025-08-22 12:26:00+05:30,340.4,340.45,340.4,340.45,150,126300
2025-08-22 12:27:00+05:30,340.3,343.0,340.25,343.0,375,126300
2025-08-22 12:28:00+05:30,341.65,341.8,341.65,341.8,525,126300
2025-08-22 12:29:00+05:30,343.95,346.0,343.95,346.0,300,126300
2025-08-22 12:30:00+05:30,345.7,346.1,343.95,343.95,825,126300
2025-08-22 12:31:00+05:30,345.1,345.1,345.05,345.1,975,126525
2025-08-22 12:32:00+05:30,342.2,342.35,339.45,339.45,1125,126525
2025-08-22 12:33:00+05:30,343.6,346.65,343.55,346.0,3975,126525
2025-08-22 12:34:00+05:30,348.0,348.0,348.0,348.0,150,125700
2025-08-22 12:35:00+05:30,348.55,348.55,348.55,348.55,75,125700
2025-08-22 12:36:00+05:30,348.55,348.55,348.55,348.55,0,125700
2025-08-22 12:37:00+05:30,345.5,346.1,345.5,346.1,225,125700
2025-08-22 12:38:00+05:30,340.0,340.0,338.95,338.95,375,125700
2025-08-22 12:39:00+05:30,338.95,338.95,338.95,338.95,0,125700
2025-08-22 12:40:00+05:30,338.25,338.25,335.0,335.0,150,125850
2025-08-22 12:41:00+05:30,335.5,335.5,335.5,335.5,75,125850
2025-08-22 12:42:00+05:30,335.5,335.5,335.5,335.5,0,125850
2025-08-22 12:43:00+05:30,335.5,335.5,335.5,335.5,0,125850
2025-08-22 12:44:00+05:30,342.0,342.0,342.0,342.0,150,125850
2025-08-22 12:45:00+05:30,342.0,342.0,342.0,342.0,0,125850
2025-08-22 12:46:00+05:30,343.15,343.15,343.1,343.1,150,125700
2025-08-22 12:47:00+05:30,341.4,341.4,341.4,341.4,150,125700
2025-08-22 12:48:00+05:30,342.35,342.35,342.0,342.0,150,125700
2025-08-22 12:49:00+05:30,343.85,343.9,343.85,343.9,225,125700
2025-08-22 12:50:00+05:30,342.15,342.15,341.75,341.75,150,125700
2025-08-22 12:51:00+05:30,341.75,341.75,341.75,341.75,75,125700
2025-08-22 12:52:00+05:30,341.75,341.75,341.75,341.75,0,125700
2025-08-22 12:53:00+05:30,341.75,341.75,341.75,341.75,0,125700
2025-08-22 12:54:00+05:30,343.5,343.5,343.2,343.35,300,126000
2025-08-22 12:55:00+05:30,343.35,343.35,343.35,343.35,0,126000
2025-08-22 12:56:00+05:30,339.35,339.35,339.35,339.35,75,126000
2025-08-22 12:57:00+05:30,339.35,339.35,339.35,339.35,0,126000
2025-08-22 12:58:00+05:30,336.0,336.0,336.0,336.0,225,126000
2025-08-22 12:59:00+05:30,337.0,338.0,337.0,338.0,300,126000
2025-08-22 13:00:00+05:30,338.0,338.0,338.0,338.0,0,126000
2025-08-22 13:01:00+05:30,338.0,338.0,338.0,338.0,0,126000
2025-08-22 13:02:00+05:30,340.85,341.1,340.85,341.1,225,126075
2025-08-22 13:03:00+05:30,341.1,341.1,341.1,341.1,0,126075
2025-08-22 13:04:00+05:30,341.1,341.1,341.1,341.1,0,126075
2025-08-22 13:05:00+05:30,334.05,336.0,334.0,336.0,450,126075
2025-08-22 13:06:00+05:30,336.0,336.0,336.0,336.0,0,126075
2025-08-22 13:07:00+05:30,335.95,336.1,335.15,335.15,375,126000
2025-08-22 13:08:00+05:30,335.15,335.15,335.15,335.15,0,126000
2025-08-22 13:09:00+05:30,335.15,335.15,335.15,335.15,0,126000
2025-08-22 13:10:00+05:30,336.8,336.8,336.8,336.8,75,125925
2025-08-22 13:11:00+05:30,336.8,336.8,336.8,336.8,0,125925
2025-08-22 13:12:00+05:30,341.4,342.05,338.6,338.85,2850,125925
2025-08-22 13:13:00+05:30,338.85,338.85,338.85,338.85,0,125925
2025-08-22 13:14:00+05:30,338.85,338.85,338.85,338.85,0,125925
2025-08-22 13:15:00+05:30,341.3,341.95,341.2,341.95,1125,126225
2025-08-22 13:16:00+05:30,341.95,341.95,341.95,341.95,0,126225
2025-08-22 13:17:00+05:30,341.95,341.95,341.95,341.95,0,126225
2025-08-22 13:18:00+05:30,341.95,341.95,341.95,341.95,0,126225
2025-08-22 13:19:00+05:30,341.0,341.0,341.0,341.0,300,126750
2025-08-22 13:20:00+05:30,342.0,342.0,340.6,340.8,450,126750
2025-08-22 13:21:00+05:30,341.0,341.15,341.0,341.0,2475,126750
2025-08-22 13:22:00+05:30,344.3,344.9,344.3,344.9,225,125625
2025-08-22 13:23:00+05:30,345.45,347.85,345.45,347.5,825,125625
2025-08-22 13:24:00+05:30,349.0,349.9,349.0,349.9,375,125625
2025-08-22 13:25:00+05:30,349.75,349.75,349.75,349.75,75,125925
2025-08-22 13:26:00+05:30,353.0,355.0,352.9,355.0,750,125925
2025-08-22 13:27:00+05:30,354.5,354.5,354.1,354.1,1650,125925
2025-08-22 13:28:00+05:30,351.3,351.3,351.3,351.3,75,124350
2025-08-22 13:29:00+05:30,351.3,351.3,351.3,351.3,0,124350
2025-08-22 13:30:00+05:30,350.3,350.3,350.0,350.0,300,124350
2025-08-22 13:31:00+05:30,350.0,350.0,350.0,350.0,0,124350
2025-08-22 13:32:00+05:30,350.0,352.0,350.0,350.7,2850,124350
2025-08-22 13:33:00+05:30,348.9,348.9,348.9,348.9,75,124350
2025-08-22 13:34:00+05:30,351.95,351.95,351.95,351.95,75,124275
2025-08-22 13:35:00+05:30,356.0,356.3,356.0,356.3,225,124275
2025-08-22 13:36:00+05:30,356.8,360.25,356.8,360.25,225,124275
2025-08-22 13:37:00+05:30,360.6,365.05,358.8,362.05,3750,124275
2025-08-22 13:38:00+05:30,361.8,362.0,360.15,360.15,450,124275
2025-08-22 13:39:00+05:30,357.7,357.7,357.7,357.7,75,124275
2025-08-22 13:40:00+05:30,357.65,361.65,356.65,361.65,1350,123975
2025-08-22 13:41:00+05:30,362.2,362.85,361.15,361.4,900,123975
2025-08-22 13:42:00+05:30,361.4,361.4,361.4,361.4,0,123975
2025-08-22 13:43:00+05:30,356.6,356.6,356.6,356.6,75,123825
2025-08-22 13:44:00+05:30,356.6,356.6,356.6,356.6,0,123825
2025-08-22 13:45:00+05:30,354.65,354.65,354.65,354.65,75,123825
2025-08-22 13:46:00+05:30,351.85,351.85,349.1,349.1,150,123825
2025-08-22 13:47:00+05:30,349.9,350.35,349.9,350.35,225,123825
2025-08-22 13:48:00+05:30,352.25,352.25,352.2,352.2,300,123825
2025-08-22 13:49:00+05:30,352.2,352.2,352.2,352.2,0,123825
2025-08-22 13:50:00+05:30,353.25,353.5,352.95,352.95,225,123750
2025-08-22 13:51:00+05:30,352.95,352.95,352.95,352.95,0,123750
2025-08-22 13:52:00+05:30,350.55,350.55,350.55,350.55,75,123900
2025-08-22 13:53:00+05:30,352.7,353.2,350.1,350.1,750,123900
2025-08-22 13:54:00+05:30,351.85,351.85,351.85,351.85,75,123900
2025-08-22 13:55:00+05:30,351.65,354.1,351.65,353.0,375,124350
2025-08-22 13:56:00+05:30,352.9,353.2,348.6,348.6,900,124350
2025-08-22 13:57:00+05:30,347.9,347.9,347.9,347.9,75,124350
2025-08-22 13:58:00+05:30,346.6,348.6,345.8,348.5,675,125025
2025-08-22 13:59:00+05:30,347.65,347.65,345.6,345.6,675,125025
2025-08-22 14:00:00+05:30,342.15,342.55,341.0,341.0,900,125025
2025-08-22 14:01:00+05:30,342.75,342.75,342.75,342.75,75,125775
2025-08-22 14:02:00+05:30,340.0,340.0,340.0,340.0,75,125775
2025-08-22 14:03:00+05:30,340.0,340.0,340.0,340.0,0,125775
2025-08-22 14:04:00+05:30,339.55,339.9,337.9,339.1,1125,125700
2025-08-22 14:05:00+05:30,338.6,342.15,338.6,340.85,600,125700
2025-08-22 14:06:00+05:30,340.0,340.0,340.0,340.0,300,125700
2025-08-22 14:07:00+05:30,343.95,345.25,343.95,345.25,150,125550
2025-08-22 14:08:00+05:30,345.25,345.25,345.25,345.25,0,125550
2025-08-22 14:09:00+05:30,345.25,345.25,345.25,345.25,0,125550
2025-08-22 14:10:00+05:30,345.25,345.25,345.25,345.25,0,125550
2025-08-22 14:11:00+05:30,345.25,345.25,345.25,345.25,0,125550
2025-08-22 14:12:00+05:30,344.9,344.9,343.2,343.2,300,125625
2025-08-22 14:13:00+05:30,342.15,342.15,340.05,340.05,300,125700
2025-08-22 14:14:00+05:30,339.5,339.5,339.45,339.45,225,125700
2025-08-22 14:15:00+05:30,337.05,337.75,333.2,337.0,1725,125700
2025-08-22 14:16:00+05:30,336.15,336.15,336.15,336.15,75,125025
2025-08-22 14:17:00+05:30,336.65,336.65,334.15,334.15,150,125025
2025-08-22 14:18:00+05:30,333.0,333.0,325.0,330.2,600,125025
2025-08-22 14:19:00+05:30,327.4,330.0,327.35,330.0,3900,125100
2025-08-22 14:20:00+05:30,328.0,331.0,328.0,328.65,600,125100
2025-08-22 14:21:00+05:30,328.9,328.9,328.9,328.9,75,125100
2025-08-22 14:22:00+05:30,328.8,328.8,328.8,328.8,75,125100
2025-08-22 14:23:00+05:30,328.8,328.8,328.8,328.8,75,124725
2025-08-22 14:24:00+05:30,325.6,325.6,320.65,323.55,9000,124725
2025-08-22 14:25:00+05:30,320.8,322.2,319.25,320.15,2700,125175
2025-08-22 14:26:00+05:30,323.3,323.3,322.05,323.0,975,125175
2025-08-22 14:27:00+05:30,322.2,327.35,322.0,327.35,1125,125175
2025-08-22 14:28:00+05:30,327.8,329.8,327.8,329.65,600,126075
2025-08-22 14:29:00+05:30,329.0,330.3,329.0,330.1,900,126075
2025-08-22 14:30:00+05:30,330.1,330.1,330.1,330.1,0,126075
2025-08-22 14:31:00+05:30,325.0,325.25,324.95,325.25,675,126375
2025-08-22 14:32:00+05:30,321.6,321.6,321.55,321.55,375,126375
2025-08-22 14:33:00+05:30,321.0,321.0,308.0,313.0,4500,126375
2025-08-22 14:34:00+05:30,311.15,314.0,311.15,313.8,3975,129000
2025-08-22 14:35:00+05:30,311.3,316.5,311.3,316.3,600,129000
2025-08-22 14:36:00+05:30,311.9,315.1,311.9,312.0,1425,129000
2025-08-22 14:37:00+05:30,312.0,313.3,306.25,313.1,13200,131100
2025-08-22 14:38:00+05:30,311.8,314.65,311.5,313.65,3000,131100
2025-08-22 14:39:00+05:30,314.5,316.7,314.35,316.45,1650,131100
2025-08-22 14:40:00+05:30,315.75,316.6,313.45,316.6,1725,135000
2025-08-22 14:41:00+05:30,317.4,319.0,316.4,319.0,2850,135000
2025-08-22 14:42:00+05:30,319.25,319.25,318.25,318.25,825,135000
2025-08-22 14:43:00+05:30,316.05,316.3,316.05,316.3,150,134625
2025-08-22 14:44:00+05:30,313.05,313.05,313.0,313.0,600,134625
2025-08-22 14:45:00+05:30,317.15,319.9,317.15,319.85,3000,134625
2025-08-22 14:46:00+05:30,317.4,318.2,313.65,313.65,5250,134625
2025-08-22 14:47:00+05:30,313.4,313.4,311.25,311.4,675,132225
2025-08-22 14:48:00+05:30,311.1,314.35,311.1,314.2,1050,132225
2025-08-22 14:49:00+05:30,315.0,315.0,315.0,315.0,600,131400
2025-08-22 14:50:00+05:30,316.2,317.1,316.1,316.35,825,131400
2025-08-22 14:51:00+05:30,314.1,316.25,314.05,316.25,825,131400
2025-08-22 14:52:00+05:30,316.25,317.8,316.0,317.8,2475,132375
2025-08-22 14:53:00+05:30,317.8,323.0,317.8,323.0,6000,132375
2025-08-22 14:54:00+05:30,323.6,323.9,319.45,322.25,1875,132375
2025-08-22 14:55:00+05:30,322.3,324.4,321.9,324.0,900,131475
2025-08-22 14:56:00+05:30,324.0,324.0,324.0,324.0,0,131475
2025-08-22 14:57:00+05:30,324.0,324.25,321.0,322.0,1650,131475
2025-08-22 14:58:00+05:30,320.0,320.7,320.0,320.7,375,132525
2025-08-22 14:59:00+05:30,323.5,323.5,318.5,319.5,5100,132525
2025-08-22 15:00:00+05:30,320.5,320.7,311.2,311.2,7200,132525
2025-08-22 15:01:00+05:30,311.95,313.65,308.85,313.1,8250,126525
2025-08-22 15:02:00+05:30,313.2,313.45,310.45,310.45,1500,126525
2025-08-22 15:03:00+05:30,310.75,312.2,310.25,310.5,1125,126525
2025-08-22 15:04:00+05:30,311.0,311.0,310.5,310.5,450,125325
2025-08-22 15:05:00+05:30,314.05,318.1,314.05,316.0,3450,125325
2025-08-22 15:06:00+05:30,313.0,313.0,313.0,313.0,300,125325
2025-08-22 15:07:00+05:30,313.25,313.3,313.0,313.0,300,126525
2025-08-22 15:08:00+05:30,312.45,312.45,310.2,310.75,1350,126525
2025-08-22 15:09:00+05:30,311.35,311.95,311.35,311.45,375,126525
2025-08-22 15:10:00+05:30,313.95,314.0,312.0,312.0,1575,125925
2025-08-22 15:11:00+05:30,312.5,312.5,312.45,312.45,375,125925
2025-08-22 15:12:00+05:30,312.85,312.9,310.0,310.0,900,125925
2025-08-22 15:13:00+05:30,311.0,312.2,309.4,312.2,7500,129075
2025-08-22 15:14:00+05:30,312.65,314.0,311.3,314.0,1950,129075
2025-08-22 15:15:00+05:30,316.65,317.2,315.15,315.15,600,129075
2025-08-22 15:16:00+05:30,316.8,319.9,314.1,314.1,1500,130275
2025-08-22 15:17:00+05:30,316.3,317.4,315.25,317.4,825,130275
2025-08-22 15:18:00+05:30,317.0,317.4,315.1,315.25,1875,130275
2025-08-22 15:19:00+05:30,315.65,315.75,315.1,315.1,525,129450
2025-08-22 15:20:00+05:30,316.85,316.85,315.4,315.4,2400,129450
2025-08-22 15:21:00+05:30,316.0,316.15,316.0,316.15,300,129450
2025-08-22 15:22:00+05:30,314.55,314.55,314.0,314.0,375,128475
2025-08-22 15:23:00+05:30,315.1,315.8,314.15,315.8,2025,128475
2025-08-22 15:24:00+05:30,316.4,316.4,313.6,313.6,375,128475
2025-08-22 15:25:00+05:30,313.8,313.9,311.9,311.9,1725,128175
2025-08-22 15:26:00+05:30,312.8,313.35,310.9,312.05,1050,128175
2025-08-22 15:27:00+05:30,312.9,313.6,312.25,312.45,825,128175
2025-08-22 15:28:00+05:30,312.75,312.9,311.95,312.5,5325,128400
2025-08-22 15:29:00+05:30,312.95,313.05,310.2,310.3,3675,128400
2025-08-25 09:15:00+05:30,336.9,346.6,330.45,333.05,15375,128400
2025-08-25 09:16:00+05:30,334.95,338.45,329.05,329.3,1875,128400
2025-08-25 09:17:00+05:30,330.3,337.25,327.0,336.25,3450,128400
2025-08-25 09:18:00+05:30,337.85,338.2,325.0,327.85,7425,127500
2025-08-25 09:19:00+05:30,327.4,327.4,323.0,324.85,2100,127500
2025-08-25 09:20:00+05:30,326.2,326.2,323.0,325.45,600,127500
2025-08-25 09:21:00+05:30,327.15,336.9,326.25,333.65,2100,130275
2025-08-25 09:22:00+05:30,332.9,332.9,323.05,323.05,1350,130275
2025-08-25 09:23:00+05:30,326.05,332.5,326.05,332.0,3600,130275
2025-08-25 09:24:00+05:30,330.45,335.7,330.35,335.7,1275,131925
2025-08-25 09:25:00+05:30,334.9,334.9,333.45,333.45,450,131925
2025-08-25 09:26:00+05:30,328.65,333.05,327.2,333.0,525,131925
2025-08-25 09:27:00+05:30,338.8,343.75,337.4,337.4,9300,132225
2025-08-25 09:28:00+05:30,340.85,344.25,340.65,344.25,3375,132225
2025-08-25 09:29:00+05:30,344.25,346.85,342.4,344.55,975,132225
2025-08-25 09:30:00+05:30,348.0,348.0,343.1,343.85,1350,131475
2025-08-25 09:31:00+05:30,345.0,346.1,345.0,345.0,1425,131475
2025-08-25 09:32:00+05:30,344.15,344.15,340.05,340.05,900,131475
2025-08-25 09:33:00+05:30,340.55,343.7,339.0,343.7,2250,130650
2025-08-25 09:34:00+05:30,347.0,351.05,346.9,350.2,4050,130650
2025-08-25 09:35:00+05:30,354.15,354.15,350.0,354.0,525,130650
2025-08-25 09:36:00+05:30,353.15,355.55,353.15,354.95,1200,132825
2025-08-25 09:37:00+05:30,355.1,355.1,353.45,353.45,1125,132825
2025-08-25 09:38:00+05:30,352.65,357.25,352.6,356.8,1050,132825
2025-08-25 09:39:00+05:30,359.0,362.0,359.0,360.0,2400,133725
2025-08-25 09:40:00+05:30,360.6,363.25,357.5,363.25,3975,133725
2025-08-25 09:41:00+05:30,364.0,364.0,359.0,359.0,2175,133725
2025-08-25 09:42:00+05:30,357.35,360.9,357.2,360.9,3225,132450
2025-08-25 09:43:00+05:30,360.9,365.0,360.9,365.0,525,132450
2025-08-25 09:44:00+05:30,364.15,364.15,363.05,363.3,300,132450
2025-08-25 09:45:00+05:30,362.1,362.15,358.0,358.25,975,130650
2025-08-25 09:46:00+05:30,358.0,358.0,351.95,351.95,600,130650
2025-08-25 09:47:00+05:30,350.0,353.5,350.0,350.0,600,130650
2025-08-25 09:48:00+05:30,348.0,350.9,347.0,350.9,525,130875
2025-08-25 09:49:00+05:30,352.25,352.25,347.5,348.25,1125,130875
2025-08-25 09:50:00+05:30,341.2,348.0,341.2,348.0,300,130875
2025-08-25 09:51:00+05:30,345.6,345.6,340.6,340.6,1425,131550
2025-08-25 09:52:00+05:30,342.5,342.5,340.05,340.1,750,131550
2025-08-25 09:53:00+05:30,341.95,345.0,341.95,342.85,825,131550
2025-08-25 09:54:00+05:30,342.5,346.0,342.0,346.0,600,131850
2025-08-25 09:55:00+05:30,350.4,351.3,340.0,340.75,900,131850
2025-08-25 09:56:00+05:30,342.45,342.45,339.8,340.1,600,131850
2025-08-25 09:57:00+05:30,344.2,345.95,343.4,343.45,975,132000
2025-08-25 09:58:00+05:30,336.0,336.0,329.4,329.4,450,132000
2025-08-25 09:59:00+05:30,331.9,331.95,328.8,328.8,450,132000
2025-08-25 10:00:00+05:30,331.0,334.25,330.55,330.55,1350,132600
2025-08-25 10:01:00+05:30,330.0,330.45,328.2,328.2,1425,132600
2025-08-25 10:02:00+05:30,335.15,335.15,328.4,328.4,375,132600
2025-08-25 10:03:00+05:30,327.05,329.9,324.6,329.9,2700,132300
2025-08-25 10:04:00+05:30,329.35,330.0,329.35,330.0,825,132300
2025-08-25 10:05:00+05:30,322.8,323.5,322.7,323.5,1200,132300
2025-08-25 10:06:00+05:30,321.45,321.45,315.0,316.65,2325,133050
2025-08-25 10:07:00+05:30,318.1,318.4,318.1,318.4,150,133050
2025-08-25 10:08:00+05:30,318.15,318.15,316.5,316.5,1200,133050
2025-08-25 10:09:00+05:30,320.7,320.7,314.5,315.85,1950,133050
2025-08-25 10:10:00+05:30,315.95,316.9,315.25,316.9,975,133050
2025-08-25 10:11:00+05:30,317.25,318.95,317.15,317.15,300,133050
2025-08-25 10:12:00+05:30,319.5,319.55,315.8,315.8,600,133650
2025-08-25 10:13:00+05:30,315.0,315.0,312.4,312.4,1425,133650
2025-08-25 10:14:00+05:30,313.0,317.5,310.65,317.5,1500,133650
2025-08-25 10:15:00+05:30,313.5,314.35,313.5,313.7,1050,134775
2025-08-25 10:16:00+05:30,312.45,312.45,307.4,309.6,1350,134775
2025-08-25 10:17:00+05:30,309.05,313.5,309.05,313.5,975,134775
2025-08-25 10:18:00+05:30,315.0,320.95,312.95,320.95,1500,135225
2025-08-25 10:19:00+05:30,324.2,325.65,322.65,325.65,2325,135225
2025-08-25 10:20:00+05:30,326.15,331.7,326.15,328.9,2175,135225
2025-08-25 10:21:00+05:30,324.2,324.7,323.85,324.25,2100,135225
2025-08-25 10:22:00+05:30,329.45,329.55,328.1,328.1,900,135675
2025-08-25 10:23:00+05:30,330.25,333.9,330.25,333.9,1200,135675
2025-08-25 10:24:00+05:30,331.05,331.85,331.05,331.7,1125,136275
2025-08-25 10:25:00+05:30,332.1,332.1,330.0,330.85,825,136275
2025-08-25 10:26:00+05:30,332.0,332.0,327.95,327.95,150,136275
2025-08-25 10:27:00+05:30,326.1,326.1,325.05,325.05,1200,136275
2025-08-25 10:28:00+05:30,323.85,323.85,322.35,322.35,600,135825
2025-08-25 10:29:00+05:30,320.0,320.0,316.45,317.0,1650,135825
2025-08-25 10:30:00+05:30,319.95,319.95,319.8,319.8,300,135975
2025-08-25 10:31:00+05:30,328.65,336.0,328.65,335.0,600,135975
2025-08-25 10:32:00+05:30,333.5,334.2,331.9,332.4,825,135975
2025-08-25 10:33:00+05:30,330.0,334.0,330.0,334.0,900,136125
2025-08-25 10:34:00+05:30,335.0,335.0,334.4,334.4,375,136125
2025-08-25 10:35:00+05:30,336.0,336.0,336.0,336.0,675,136125
2025-08-25 10:36:00+05:30,336.9,338.85,336.9,336.95,600,135975
2025-08-25 10:37:00+05:30,339.0,340.0,338.5,340.0,825,135975
2025-08-25 10:38:00+05:30,341.9,343.65,341.9,343.65,150,135975
2025-08-25 10:39:00+05:30,342.85,342.85,342.8,342.8,150,135525
2025-08-25 10:40:00+05:30,342.1,342.1,341.45,341.65,2475,135525
2025-08-25 10:41:00+05:30,342.5,342.55,340.0,340.0,1125,135525
2025-08-25 10:42:00+05:30,338.85,341.6,338.85,341.6,300,136650
2025-08-25 10:43:00+05:30,340.9,340.9,338.6,339.35,450,136650
2025-08-25 10:44:00+05:30,335.5,336.0,334.0,336.0,825,136650
2025-08-25 10:45:00+05:30,335.25,339.75,335.25,339.65,225,136200
2025-08-25 10:46:00+05:30,339.9,339.95,339.9,339.95,150,136200
2025-08-25 10:47:00+05:30,338.85,341.0,338.85,341.0,675,136200
2025-08-25 10:48:00+05:30,338.75,338.95,336.3,336.3,600,136200
2025-08-25 10:49:00+05:30,336.0,336.0,336.0,336.0,300,136200
2025-08-25 10:50:00+05:30,342.55,342.55,341.3,341.3,375,136200
2025-08-25 10:51:00+05:30,342.75,345.0,342.75,343.8,600,136200
2025-08-25 10:52:00+05:30,341.95,341.95,339.8,339.8,225,136275
2025-08-25 10:53:00+05:30,342.55,348.7,342.55,348.7,15225,136275
2025-08-25 10:54:00+05:30,348.0,348.0,346.8,346.95,1275,145650
2025-08-25 10:55:00+05:30,344.95,344.95,344.85,344.85,150,145650
2025-08-25 10:56:00+05:30,341.8,341.8,338.95,338.95,375,145650
2025-08-25 10:57:00+05:30,342.75,342.75,342.75,342.75,75,145575
2025-08-25 10:58:00+05:30,342.75,345.95,342.75,345.95,225,145575
2025-08-25 10:59:00+05:30,346.05,346.05,345.05,345.05,3600,145575
2025-08-25 11:00:00+05:30,344.25,345.6,342.0,342.0,3300,147750
2025-08-25 11:01:00+05:30,339.15,339.15,339.15,339.15,300,147750
2025-08-25 11:02:00+05:30,346.45,347.45,346.45,347.45,600,147750
2025-08-25 11:03:00+05:30,348.45,348.45,348.35,348.35,375,147675
2025-08-25 11:04:00+05:30,350.0,352.0,348.9,352.0,1800,147675
2025-08-25 11:05:00+05:30,353.4,353.75,351.25,351.25,375,147675
2025-08-25 11:06:00+05:30,350.0,350.0,349.0,349.0,150,147675
2025-08-25 11:07:00+05:30,353.65,353.65,353.35,353.35,150,146400
2025-08-25 11:08:00+05:30,353.2,353.2,353.2,353.2,75,146400
2025-08-25 11:09:00+05:30,350.9,350.9,350.0,350.0,450,146400
2025-08-25 11:10:00+05:30,349.7,349.7,349.7,349.7,75,146400
2025-08-25 11:11:00+05:30,345.0,346.25,345.0,346.25,375,146400
2025-08-25 11:12:00+05:30,341.35,346.2,341.35,346.2,375,146400
2025-08-25 11:13:00+05:30,346.05,346.3,346.05,346.3,1950,146400
2025-08-25 11:14:00+05:30,346.3,346.3,346.3,346.3,0,146400
2025-08-25 11:15:00+05:30,346.5,346.5,346.5,346.5,225,146400
2025-08-25 11:16:00+05:30,349.55,354.8,349.55,354.8,225,148275
2025-08-25 11:17:00+05:30,352.0,352.0,352.0,352.0,75,148275
2025-08-25 11:18:00+05:30,345.55,345.75,345.55,345.75,375,148350
2025-08-25 11:19:00+05:30,348.35,348.7,348.35,348.7,225,148350
2025-08-25 11:20:00+05:30,348.7,348.7,348.7,348.7,0,148350
2025-08-25 11:21:00+05:30,344.7,344.7,344.7,344.7,75,148350
2025-08-25 11:22:00+05:30,342.8,342.8,342.0,342.8,975,148050
2025-08-25 11:23:00+05:30,342.95,342.95,342.7,342.7,150,148050
2025-08-25 11:24:00+05:30,344.1,345.0,343.9,345.0,975,147975
2025-08-25 11:25:00+05:30,345.0,345.0,345.0,345.0,0,147975
2025-08-25 11:26:00+05:30,350.35,351.4,350.35,351.05,750,147975
2025-08-25 11:27:00+05:30,345.15,345.15,345.1,345.1,150,147975
2025-08-25 11:28:00+05:30,345.1,345.1,345.1,345.1,0,147975
2025-08-25 11:29:00+05:30,345.1,345.1,345.1,345.1,0,147975
2025-08-25 11:30:00+05:30,345.1,345.1,345.1,345.1,0,147975
2025-08-25 11:31:00+05:30,350.3,350.3,347.1,348.2,2850,147600
2025-08-25 11:32:00+05:30,348.2,348.2,348.2,348.2,0,147600
2025-08-25 11:33:00+05:30,350.0,350.0,350.0,350.0,75,147600
2025-08-25 11:34:00+05:30,349.15,349.2,349.15,349.2,375,148200
2025-08-25 11:35:00+05:30,349.0,350.0,349.0,349.0,450,148200
2025-08-25 11:36:00+05:30,350.1,350.1,350.1,350.1,75,148200
2025-08-25 11:37:00+05:30,350.1,350.1,350.1,350.1,0,148200
2025-08-25 11:38:00+05:30,347.5,347.5,347.5,347.5,75,148575
2025-08-25 11:39:00+05:30,345.0,345.0,344.35,344.35,525,148350
2025-08-25 11:40:00+05:30,344.35,344.35,344.35,344.35,0,148350
2025-08-25 11:41:00+05:30,344.35,344.35,344.35,344.35,0,148350
2025-08-25 11:42:00+05:30,344.35,344.35,344.35,344.35,0,148350
2025-08-25 11:43:00+05:30,348.65,349.85,347.05,349.85,375,148350
2025-08-25 11:44:00+05:30,349.4,350.0,349.4,350.0,150,148350
2025-08-25 11:45:00+05:30,352.0,368.0,352.0,364.4,18825,144750
2025-08-25 11:46:00+05:30,359.2,359.2,359.2,359.2,75,144750
2025-08-25 11:47:00+05:30,358.3,358.3,352.05,354.15,4425,144750
2025-08-25 11:48:00+05:30,354.3,356.05,348.2,348.2,2250,139575
2025-08-25 11:49:00+05:30,348.2,348.2,348.2,348.2,0,139575
2025-08-25 11:50:00+05:30,348.95,349.95,348.45,348.45,600,139575
2025-08-25 11:51:00+05:30,351.6,351.6,351.6,351.6,75,139575
2025-08-25 11:52:00+05:30,352.05,352.05,352.05,352.05,75,139575
2025-08-25 11:53:00+05:30,352.05,352.05,352.05,352.05,0,139575
2025-08-25 11:54:00+05:30,355.1,355.1,354.7,354.7,150,139575
2025-08-25 11:55:00+05:30,354.8,354.8,354.7,354.7,225,139650
2025-08-25 11:56:00+05:30,356.55,356.55,356.55,356.55,75,139650
2025-08-25 11:57:00+05:30,356.55,356.55,356.55,356.55,0,139650
2025-08-25 11:58:00+05:30,359.8,360.0,359.8,360.0,900,139800
2025-08-25 11:59:00+05:30,363.55,363.55,363.55,363.55,75,139800
2025-08-25 12:00:00+05:30,363.55,363.55,363.55,363.55,0,139800
2025-08-25 12:01:00+05:30,362.25,362.25,359.75,362.0,4650,139125
2025-08-25 12:02:00+05:30,362.0,364.0,362.0,364.0,225,139125
2025-08-25 12:03:00+05:30,364.9,364.9,364.35,364.35,150,139125
2025-08-25 12:04:00+05:30,365.8,368.8,365.8,368.8,375,138375
2025-08-25 12:05:00+05:30,366.55,366.55,366.5,366.5,1575,138375
2025-08-25 12:06:00+05:30,368.6,370.0,367.95,370.0,525,138000
2025-08-25 12:07:00+05:30,370.0,370.0,370.0,370.0,75,138000
2025-08-25 12:08:00+05:30,369.65,369.65,369.3,369.3,1575,138000
2025-08-25 12:09:00+05:30,369.1,371.1,369.1,371.1,1350,140025
2025-08-25 12:10:00+05:30,370.1,370.15,368.45,369.5,900,140025
2025-08-25 12:11:00+05:30,367.55,368.4,367.55,368.4,150,140025
2025-08-25 12:12:00+05:30,368.4,368.4,368.4,368.4,0,140025
2025-08-25 12:13:00+05:30,365.55,365.55,365.0,365.0,1050,140025
2025-08-25 12:14:00+05:30,369.65,370.0,369.65,370.0,300,140025
2025-08-25 12:15:00+05:30,370.0,370.0,370.0,370.0,750,140025
2025-08-25 12:16:00+05:30,372.25,376.0,370.8,370.8,450,140100
2025-08-25 12:17:00+05:30,369.7,371.3,369.7,371.15,450,140100
2025-08-25 12:18:00+05:30,375.45,375.45,375.45,375.45,75,140100
2025-08-25 12:19:00+05:30,375.85,380.3,375.65,379.95,1575,140100
2025-08-25 12:20:00+05:30,379.5,379.9,379.05,379.05,825,140100
2025-08-25 12:21:00+05:30,373.45,375.0,373.45,375.0,300,140175
2025-08-25 12:22:00+05:30,375.0,375.0,375.0,375.0,0,140175
2025-08-25 12:23:00+05:30,371.85,372.8,371.85,372.8,3000,140175
2025-08-25 12:24:00+05:30,374.9,374.9,374.85,374.85,150,140175
2025-08-25 12:25:00+05:30,374.85,374.85,374.85,374.85,0,140175
2025-08-25 12:26:00+05:30,375.55,375.55,375.55,375.55,75,137325
2025-08-25 12:27:00+05:30,379.05,379.05,379.05,379.05,75,137400
2025-08-25 12:28:00+05:30,378.35,378.35,376.0,376.0,450,137400
2025-08-25 12:29:00+05:30,374.5,374.5,374.5,374.5,75,137400
2025-08-25 12:30:00+05:30,374.5,374.5,374.5,374.5,0,137400
2025-08-25 12:31:00+05:30,374.5,375.7,374.5,375.7,1800,137400
2025-08-25 12:32:00+05:30,377.0,378.0,377.0,378.0,675,137400
2025-08-25 12:33:00+05:30,378.0,379.8,378.0,379.8,1650,135000
2025-08-25 12:34:00+05:30,379.0,379.0,379.0,379.0,75,135000
2025-08-25 12:35:00+05:30,379.0,379.0,379.0,379.0,0,135000
2025-08-25 12:36:00+05:30,380.0,380.0,380.0,380.0,75,135000
2025-08-25 12:37:00+05:30,377.45,377.45,377.45,377.45,75,135000
2025-08-25 12:38:00+05:30,379.4,379.4,379.4,379.4,75,135000
2025-08-25 12:39:00+05:30,375.0,376.0,373.75,376.0,975,135000
2025-08-25 12:40:00+05:30,373.0,373.0,371.6,372.25,3075,134925
2025-08-25 12:41:00+05:30,372.25,372.25,372.25,372.25,0,134925
2025-08-25 12:42:00+05:30,372.25,372.25,372.25,372.25,0,134925
2025-08-25 12:43:00+05:30,372.25,372.25,372.25,372.25,0,134925
2025-08-25 12:44:00+05:30,376.75,376.75,376.75,376.75,75,135750
2025-08-25 12:45:00+05:30,376.4,378.1,376.4,377.05,450,135900
2025-08-25 12:46:00+05:30,379.0,380.7,379.0,379.4,1200,135900
2025-08-25 12:47:00+05:30,379.05,379.05,379.05,379.05,150,135900
2025-08-25 12:48:00+05:30,381.95,381.95,380.85,380.85,300,135900
2025-08-25 12:49:00+05:30,380.65,380.65,380.65,380.65,75,135900
2025-08-25 12:50:00+05:30,381.95,382.15,379.7,379.7,750,135900
2025-08-25 12:51:00+05:30,382.25,384.8,381.6,383.65,900,135900
2025-08-25 12:52:00+05:30,384.0,384.0,383.5,383.9,525,135075
2025-08-25 12:53:00+05:30,379.95,379.95,377.3,377.3,150,135075
2025-08-25 12:54:00+05:30,377.3,377.3,377.3,377.3,0,135075
2025-08-25 12:55:00+05:30,377.3,377.3,377.3,377.3,0,135075
2025-08-25 12:56:00+05:30,380.05,380.05,380.05,380.05,75,135075
2025-08-25 12:57:00+05:30,380.95,380.95,379.55,379.55,450,135075
2025-08-25 12:58:00+05:30,379.55,379.55,379.55,379.55,0,135075
2025-08-25 12:59:00+05:30,378.55,378.8,377.5,377.5,525,135150
2025-08-25 13:00:00+05:30,377.95,380.35,377.95,380.35,525,135150
2025-08-25 13:01:00+05:30,380.85,380.85,380.85,380.85,75,135225
2025-08-25 13:02:00+05:30,380.7,381.45,380.7,381.45,150,135225
2025-08-25 13:03:00+05:30,382.2,382.2,382.2,382.2,75,135225
2025-08-25 13:04:00+05:30,381.95,381.95,381.95,381.95,75,135300
2025-08-25 13:05:00+05:30,381.95,381.95,381.25,381.25,300,135300
2025-08-25 13:06:00+05:30,381.25,381.25,381.25,381.25,0,135300
2025-08-25 13:07:00+05:30,381.25,381.25,378.65,378.65,300,135225
2025-08-25 13:08:00+05:30,380.35,380.35,380.0,380.0,150,135225
2025-08-25 13:09:00+05:30,380.6,380.6,380.6,380.6,75,135225
2025-08-25 13:10:00+05:30,380.6,380.6,380.6,380.6,0,135225
2025-08-25 13:11:00+05:30,380.6,380.6,380.6,380.6,75,135300
2025-08-25 13:12:00+05:30,382.7,385.0,382.35,382.4,1200,135225
2025-08-25 13:13:00+05:30,382.4,382.4,382.4,382.4,0,135225
2025-08-25 13:14:00+05:30,382.4,382.4,382.4,382.4,0,135225
2025-08-25 13:15:00+05:30,382.5,382.5,382.5,382.5,75,135225
2025-08-25 13:16:00+05:30,378.35,380.8,378.35,380.8,150,135375
2025-08-25 13:17:00+05:30,379.6,379.6,379.6,379.6,75,135375
2025-08-25 13:18:00+05:30,378.0,379.95,378.0,379.95,525,135375
2025-08-25 13:19:00+05:30,373.75,374.25,373.75,374.25,150,134850
2025-08-25 13:20:00+05:30,373.4,374.5,372.0,372.0,675,134850
2025-08-25 13:21:00+05:30,370.0,370.0,370.0,370.0,450,134850
2025-08-25 13:22:00+05:30,371.0,371.0,366.45,368.0,1200,134700
2025-08-25 13:23:00+05:30,368.0,368.0,368.0,368.0,0,134700
2025-08-25 13:24:00+05:30,368.65,368.65,368.65,368.65,75,134700
2025-08-25 13:25:00+05:30,370.75,370.75,370.75,370.75,75,135225
2025-08-25 13:26:00+05:30,373.0,376.15,373.0,376.15,975,135225
2025-08-25 13:27:00+05:30,369.85,369.85,369.85,369.85,75,135225
2025-08-25 13:28:00+05:30,367.1,367.1,367.1,367.1,75,134475
2025-08-25 13:29:00+05:30,368.0,368.0,366.25,366.25,300,134475
2025-08-25 13:30:00+05:30,367.05,367.3,367.0,367.25,525,134700
2025-08-25 13:31:00+05:30,371.45,371.45,371.45,371.45,75,134700
2025-08-25 13:32:00+05:30,375.0,375.0,375.0,375.0,900,134700
2025-08-25 13:33:00+05:30,375.0,375.0,375.0,375.0,150,134700
2025-08-25 13:34:00+05:30,375.0,375.0,375.0,375.0,0,134700
2025-08-25 13:35:00+05:30,375.0,375.0,375.0,375.0,0,134700
2025-08-25 13:36:00+05:30,376.8,378.0,376.8,378.0,225,134025
2025-08-25 13:37:00+05:30,378.0,379.95,378.0,379.95,450,133950
2025-08-25 13:38:00+05:30,380.8,380.8,379.95,379.95,1200,133950
2025-08-25 13:39:00+05:30,379.95,379.95,379.95,379.95,0,133950
2025-08-25 13:40:00+05:30,379.95,379.95,379.95,379.95,0,133950
2025-08-25 13:41:00+05:30,379.95,379.95,379.95,379.95,0,133950
2025-08-25 13:42:00+05:30,379.95,379.95,379.95,379.95,0,133950
2025-08-25 13:43:00+05:30,379.0,379.0,379.0,379.0,75,134625
2025-08-25 13:44:00+05:30,379.0,379.0,379.0,379.0,0,134625
2025-08-25 13:45:00+05:30,376.45,376.45,376.45,376.45,75,134625
2025-08-25 13:46:00+05:30,379.1,379.1,379.05,379.05,750,134775
2025-08-25 13:47:00+05:30,380.1,380.1,380.1,380.1,750,134775
2025-08-25 13:48:00+05:30,384.45,388.0,383.5,384.7,4350,134775
2025-08-25 13:49:00+05:30,384.1,387.1,384.1,386.65,525,136350
2025-08-25 13:50:00+05:30,387.1,390.35,387.0,390.35,750,136350
2025-08-25 13:51:00+05:30,390.25,390.3,387.0,387.0,750,136350
2025-08-25 13:52:00+05:30,388.65,388.65,388.65,388.65,75,136800
2025-08-25 13:53:00+05:30,384.65,384.95,384.0,384.0,750,136800
2025-08-25 13:54:00+05:30,389.0,389.0,389.0,389.0,975,136800
2025-08-25 13:55:00+05:30,388.7,389.8,388.0,389.0,9075,138375
2025-08-25 13:56:00+05:30,390.25,390.25,385.7,385.7,900,138375
2025-08-25 13:57:00+05:30,387.6,388.7,387.1,388.7,1650,138375
2025-08-25 13:58:00+05:30,388.55,388.55,385.65,385.65,2700,148800
2025-08-25 13:59:00+05:30,384.85,385.6,384.85,385.3,900,148800
2025-08-25 14:00:00+05:30,384.65,386.5,384.65,386.5,300,148800
2025-08-25 14:01:00+05:30,387.0,387.2,387.0,387.2,525,148500
2025-08-25 14:02:00+05:30,387.2,387.2,387.2,387.2,0,148500
2025-08-25 14:03:00+05:30,384.2,384.9,384.2,384.9,225,148500
2025-08-25 14:04:00+05:30,383.0,383.0,383.0,383.0,75,148500
2025-08-25 14:05:00+05:30,381.5,387.15,381.5,387.15,1350,148425
2025-08-25 14:06:00+05:30,388.0,388.0,387.0,387.0,375,148425
2025-08-25 14:07:00+05:30,385.25,387.2,385.25,387.2,375,150000
2025-08-25 14:08:00+05:30,387.2,387.2,387.2,387.2,0,150000
2025-08-25 14:09:00+05:30,387.2,387.2,387.2,387.2,0,150000
2025-08-25 14:10:00+05:30,386.1,386.1,386.05,386.05,375,150300
2025-08-25 14:11:00+05:30,386.05,386.05,386.05,386.05,0,150300
2025-08-25 14:12:00+05:30,387.4,387.4,385.8,385.8,225,150300
2025-08-25 14:13:00+05:30,380.85,380.85,380.0,380.0,675,150300
2025-08-25 14:14:00+05:30,380.9,380.9,374.85,375.0,1650,150300
2025-08-25 14:15:00+05:30,379.2,381.55,379.2,381.55,225,150300
2025-08-25 14:16:00+05:30,387.3,387.3,385.9,385.9,375,150525
2025-08-25 14:17:00+05:30,388.05,388.05,379.05,379.05,825,150525
2025-08-25 14:18:00+05:30,374.8,374.8,371.45,371.45,300,150525
2025-08-25 14:19:00+05:30,371.8,373.0,370.0,370.05,2325,150600
2025-08-25 14:20:00+05:30,366.95,366.95,364.95,364.95,225,150600
2025-08-25 14:21:00+05:30,364.3,364.3,359.85,359.85,525,150600
2025-08-25 14:22:00+05:30,359.85,359.85,359.85,359.85,0,150600
2025-08-25 14:23:00+05:30,359.85,360.55,358.2,360.55,450,152400
2025-08-25 14:24:00+05:30,360.0,360.0,360.0,360.0,150,152400
2025-08-25 14:25:00+05:30,361.8,361.8,360.8,360.85,2100,152550
2025-08-25 14:26:00+05:30,366.15,366.15,362.0,362.0,300,152550
2025-08-25 14:27:00+05:30,364.55,364.55,362.0,362.15,375,152550
2025-08-25 14:28:00+05:30,363.55,363.55,363.45,363.45,150,152550
2025-08-25 14:29:00+05:30,362.85,362.85,362.85,362.85,75,152550
2025-08-25 14:30:00+05:30,360.95,360.95,360.95,360.95,225,152550
2025-08-25 14:31:00+05:30,358.65,359.0,356.7,356.7,600,152700
2025-08-25 14:32:00+05:30,354.65,356.0,354.05,356.0,975,152700
2025-08-25 14:33:00+05:30,356.0,358.8,356.0,358.8,1050,152700
2025-08-25 14:34:00+05:30,356.2,356.2,356.2,356.2,75,152850
2025-08-25 14:35:00+05:30,354.0,354.4,352.0,354.0,2550,152850
2025-08-25 14:36:00+05:30,352.35,354.35,351.7,352.4,2175,152850
2025-08-25 14:37:00+05:30,351.95,355.0,349.75,355.0,825,153675
2025-08-25 14:38:00+05:30,356.85,357.3,356.8,357.3,375,153675
2025-08-25 14:39:00+05:30,356.0,356.0,354.25,354.25,1425,153675
2025-08-25 14:40:00+05:30,352.8,353.45,347.0,347.0,1050,153225
2025-08-25 14:41:00+05:30,346.0,348.8,346.0,348.0,1425,153225
2025-08-25 14:42:00+05:30,352.3,353.15,351.9,351.9,375,153225
2025-08-25 14:43:00+05:30,352.0,352.0,349.5,350.9,525,153600
2025-08-25 14:44:00+05:30,350.75,351.45,350.7,351.45,300,153600
2025-08-25 14:45:00+05:30,351.45,351.45,351.45,351.45,75,153600
2025-08-25 14:46:00+05:30,354.0,354.0,353.15,353.15,1800,153750
2025-08-25 14:47:00+05:30,355.0,359.45,355.0,359.45,1350,153750
2025-08-25 14:48:00+05:30,358.95,363.4,358.95,363.25,2025,153750
2025-08-25 14:49:00+05:30,360.3,360.3,359.5,359.5,1800,153750
2025-08-25 14:50:00+05:30,362.0,362.0,362.0,362.0,750,155100
2025-08-25 14:51:00+05:30,363.05,365.15,363.05,365.15,2775,155100
2025-08-25 14:52:00+05:30,365.15,365.15,365.15,365.15,0,155100
2025-08-25 14:53:00+05:30,365.15,365.15,365.15,365.15,0,155100
2025-08-25 14:54:00+05:30,365.4,365.45,365.4,365.45,300,154875
2025-08-25 14:55:00+05:30,364.6,364.6,364.6,364.6,75,154875
2025-08-25 14:56:00+05:30,371.0,373.9,371.0,373.9,900,154875
2025-08-25 14:57:00+05:30,374.5,374.5,372.0,372.0,525,154875
2025-08-25 14:58:00+05:30,369.0,369.4,367.95,367.95,750,154650
2025-08-25 14:59:00+05:30,367.95,367.95,367.95,367.95,0,154650
2025-08-25 15:00:00+05:30,364.9,364.9,364.25,364.25,225,154650
2025-08-25 15:01:00+05:30,359.5,359.9,355.05,355.05,675,154650
2025-08-25 15:02:00+05:30,356.05,357.8,354.25,354.25,675,154650
2025-08-25 15:03:00+05:30,355.75,355.75,355.3,355.3,600,154650
2025-08-25 15:04:00+05:30,357.45,357.5,356.0,356.0,375,155175
2025-08-25 15:05:00+05:30,357.15,357.15,357.15,357.15,75,155175
2025-08-25 15:06:00+05:30,356.0,356.15,351.7,351.7,675,155175
2025-08-25 15:07:00+05:30,353.0,353.6,353.0,353.6,375,155325
2025-08-25 15:08:00+05:30,351.35,351.35,351.35,351.35,75,155325
2025-08-25 15:09:00+05:30,351.35,351.35,351.35,351.35,0,155325
2025-08-25 15:10:00+05:30,350.0,353.6,350.0,353.6,375,155400
2025-08-25 15:11:00+05:30,354.0,354.0,348.85,348.85,3000,155400
2025-08-25 15:12:00+05:30,347.85,349.05,347.85,349.05,150,155400
2025-08-25 15:13:00+05:30,349.9,349.9,348.8,348.85,450,156075
2025-08-25 15:14:00+05:30,350.0,351.0,348.65,348.65,1950,156075
2025-08-25 15:15:00+05:30,352.0,352.0,352.0,352.0,300,156075
2025-08-25 15:16:00+05:30,354.0,356.15,354.0,355.1,675,156675
2025-08-25 15:17:00+05:30,355.75,358.75,355.6,358.75,675,156675
2025-08-25 15:18:00+05:30,357.4,357.4,357.4,357.4,75,156675
2025-08-25 15:19:00+05:30,356.7,356.7,356.7,356.7,75,156900
2025-08-25 15:20:00+05:30,357.1,357.25,354.5,354.6,3375,156900
2025-08-25 15:21:00+05:30,354.6,354.6,354.6,354.6,0,156900
2025-08-25 15:22:00+05:30,355.3,357.7,354.35,357.7,750,155850
2025-08-25 15:23:00+05:30,357.45,361.0,357.45,359.85,900,155850
2025-08-25 15:24:00+05:30,358.65,359.2,358.55,358.75,1800,155850
2025-08-25 15:25:00+05:30,357.75,357.75,357.7,357.7,225,154725
2025-08-25 15:26:00+05:30,357.7,361.0,357.45,361.0,3600,154725
2025-08-25 15:27:00+05:30,360.75,360.75,359.1,359.85,1200,154725
2025-08-25 15:28:00+05:30,360.0,360.0,359.65,359.65,225,155175
2025-08-25 15:29:00+05:30,359.6,359.6,359.6,359.6,300,155175
2025-08-26 09:15:00+05:30,292.1,298.75,287.25,289.85,10125,155925
2025-08-26 09:16:00+05:30,286.15,286.15,275.95,277.35,11775,155925
2025-08-26 09:17:00+05:30,276.4,276.4,266.45,266.55,14625,155925
2025-08-26 09:18:00+05:30,263.9,264.5,258.1,258.1,6075,168675
2025-08-26 09:19:00+05:30,257.45,260.8,255.0,255.0,12375,168675
2025-08-26 09:20:00+05:30,252.7,252.7,241.95,242.75,24150,168675
2025-08-26 09:21:00+05:30,243.2,243.5,234.0,234.0,9525,191325
2025-08-26 09:22:00+05:30,231.55,231.8,218.2,219.05,16575,191325
2025-08-26 09:23:00+05:30,220.35,229.2,219.05,224.7,16875,191325
2025-08-26 09:24:00+05:30,223.8,224.5,218.35,223.9,21225,208275
2025-08-26 09:25:00+05:30,223.95,230.65,223.25,223.55,21675,208275
2025-08-26 09:26:00+05:30,222.1,224.6,222.0,223.0,12450,208275
2025-08-26 09:27:00+05:30,225.9,227.7,221.85,222.0,7275,218475
2025-08-26 09:28:00+05:30,221.55,225.0,220.5,225.0,7725,218475
2025-08-26 09:29:00+05:30,226.0,230.0,221.75,221.75,16275,218475
2025-08-26 09:30:00+05:30,221.0,222.9,214.5,215.3,22200,221850
2025-08-26 09:31:00+05:30,215.0,215.95,212.65,214.55,23625,221850
2025-08-26 09:32:00+05:30,214.9,221.95,214.2,219.4,10050,221850
2025-08-26 09:33:00+05:30,218.55,219.7,216.0,216.35,7725,229725
2025-08-26 09:34:00+05:30,217.6,218.7,213.2,217.75,7575,229725
2025-08-26 09:35:00+05:30,216.85,218.0,212.2,212.9,13125,229725
2025-08-26 09:36:00+05:30,212.85,213.1,206.2,206.4,25350,243150
2025-08-26 09:37:00+05:30,206.0,206.0,196.2,196.2,36600,243150
2025-08-26 09:38:00+05:30,196.0,199.6,196.0,196.9,18750,243150
2025-08-26 09:39:00+05:30,196.35,203.25,196.35,202.3,16500,261750
2025-08-26 09:40:00+05:30,202.25,202.9,198.6,201.4,14700,261750
2025-08-26 09:41:00+05:30,201.85,212.0,201.85,209.45,42300,261750
2025-08-26 09:42:00+05:30,209.5,212.95,205.0,206.0,39375,282000
2025-08-26 09:43:00+05:30,205.7,206.75,199.6,199.85,19500,282000
2025-08-26 09:44:00+05:30,200.25,201.85,194.9,199.65,45975,282000
2025-08-26 09:45:00+05:30,199.35,202.8,195.1,201.0,42225,313575
2025-08-26 09:46:00+05:30,201.45,203.9,199.7,203.45,12825,313575
2025-08-26 09:47:00+05:30,203.7,209.55,203.6,205.45,46275,313575
2025-08-26 09:48:00+05:30,205.5,205.5,201.5,201.5,21525,333375
2025-08-26 09:49:00+05:30,201.2,207.35,201.0,206.9,18825,333375
2025-08-26 09:50:00+05:30,206.8,208.35,203.9,205.1,15300,333375
2025-08-26 09:51:00+05:30,204.3,206.35,201.0,206.35,7125,339450
2025-08-26 09:52:00+05:30,205.85,210.6,205.85,209.25,14100,339450
2025-08-26 09:53:00+05:30,209.7,210.0,204.8,205.95,9900,339450
2025-08-26 09:54:00+05:30,208.15,210.0,205.95,205.95,12225,346800
2025-08-26 09:55:00+05:30,206.5,210.45,205.0,210.0,18750,346800
2025-08-26 09:56:00+05:30,210.2,211.0,207.8,208.8,5325,346800
2025-08-26 09:57:00+05:30,208.9,210.15,207.0,207.7,8175,351525
2025-08-26 09:58:00+05:30,207.9,211.75,207.7,211.75,19800,351525
2025-08-26 09:59:00+05:30,211.9,212.6,210.5,211.05,12975,351525
2025-08-26 10:00:00+05:30,212.0,212.0,205.1,206.0,15600,338775
2025-08-26 10:01:00+05:30,205.6,210.8,204.1,209.35,14325,338775
2025-08-26 10:02:00+05:30,209.75,210.0,206.7,208.25,12075,338775
2025-08-26 10:03:00+05:30,208.95,211.5,208.45,211.5,22200,344100
2025-08-26 10:04:00+05:30,211.3,215.75,211.3,214.8,18600,344100
2025-08-26 10:05:00+05:30,214.3,214.6,208.85,208.9,6900,344100
2025-08-26 10:06:00+05:30,208.6,211.3,207.85,210.5,12825,344625
2025-08-26 10:07:00+05:30,211.0,214.05,211.0,212.7,8775,344625
2025-08-26 10:08:00+05:30,213.55,216.8,213.2,215.2,13575,344625
2025-08-26 10:09:00+05:30,215.55,216.8,211.15,212.0,14550,347925
2025-08-26 10:10:00+05:30,213.0,213.6,210.05,213.6,9825,347925
2025-08-26 10:11:00+05:30,213.6,215.9,213.0,213.8,9600,347925
2025-08-26 10:12:00+05:30,214.9,214.9,210.9,212.7,4275,344775
2025-08-26 10:13:00+05:30,212.5,212.55,209.4,210.3,9525,344775
2025-08-26 10:14:00+05:30,209.35,211.6,207.15,211.6,10125,344775
2025-08-26 10:15:00+05:30,211.0,211.0,202.0,203.3,17775,346350
2025-08-26 10:16:00+05:30,202.0,206.65,200.45,206.1,18000,346350
2025-08-26 10:17:00+05:30,206.5,215.5,205.9,214.9,27825,346350
2025-08-26 10:18:00+05:30,215.2,217.6,211.6,212.15,17625,357375
2025-08-26 10:19:00+05:30,212.15,217.7,212.15,216.0,18150,357375
2025-08-26 10:20:00+05:30,216.1,217.7,213.25,215.0,9525,357375
2025-08-26 10:21:00+05:30,215.95,215.95,213.7,215.0,5625,363000
2025-08-26 10:22:00+05:30,216.0,218.2,215.1,215.8,7050,363000
2025-08-26 10:23:00+05:30,216.9,217.15,214.75,214.75,2925,363000
2025-08-26 10:24:00+05:30,214.0,217.5,214.0,217.5,3000,361725
2025-08-26 10:25:00+05:30,216.0,217.1,215.0,216.6,3150,361725
2025-08-26 10:26:00+05:30,217.0,217.0,214.25,214.25,7650,361725
2025-08-26 10:27:00+05:30,214.0,214.0,208.0,209.0,12975,356700
2025-08-26 10:28:00+05:30,208.0,213.2,207.0,210.0,8025,356700
2025-08-26 10:29:00+05:30,210.2,211.8,209.5,210.6,2250,356700
2025-08-26 10:30:00+05:30,210.6,214.4,210.6,213.0,3225,360225
2025-08-26 10:31:00+05:30,212.7,212.7,207.65,209.0,5100,360225
2025-08-26 10:32:00+05:30,209.55,209.55,206.6,207.3,4800,360225
2025-08-26 10:33:00+05:30,206.7,207.0,205.5,206.9,7350,362025
2025-08-26 10:34:00+05:30,206.0,206.85,202.0,203.0,15075,362025
2025-08-26 10:35:00+05:30,203.4,207.8,202.7,205.0,27225,362025
2025-08-26 10:36:00+05:30,204.55,205.2,202.45,205.0,7575,374925
2025-08-26 10:37:00+05:30,204.95,206.0,204.0,205.0,5850,374925
2025-08-26 10:38:00+05:30,205.0,206.85,203.4,205.8,6150,374925
2025-08-26 10:39:00+05:30,206.25,207.2,205.0,207.2,2475,382350
2025-08-26 10:40:00+05:30,207.3,207.7,202.85,203.4,7800,382350
2025-08-26 10:41:00+05:30,203.35,205.1,202.9,204.7,4950,382350
2025-08-26 10:42:00+05:30,206.0,206.0,204.0,205.7,6225,391050
2025-08-26 10:43:00+05:30,206.1,206.1,203.0,203.0,4950,391050
2025-08-26 10:44:00+05:30,203.0,204.45,202.6,204.3,4875,391050
2025-08-26 10:45:00+05:30,203.1,203.1,200.65,200.65,9000,396675
2025-08-26 10:46:00+05:30,200.5,200.8,198.0,199.75,20550,396675
2025-08-26 10:47:00+05:30,199.3,201.3,198.6,198.6,15075,396675
2025-08-26 10:48:00+05:30,198.8,200.5,198.0,199.0,15900,405000
2025-08-26 10:49:00+05:30,198.85,198.85,195.1,196.0,17400,405000
2025-08-26 10:50:00+05:30,195.85,197.8,195.6,196.8,12825,405000
2025-08-26 10:51:00+05:30,196.3,199.4,195.0,198.8,16800,402750
2025-08-26 10:52:00+05:30,199.0,199.25,195.55,195.9,7050,402750
2025-08-26 10:53:00+05:30,195.75,197.65,195.6,197.35,3975,402750
2025-08-26 10:54:00+05:30,197.8,199.15,197.0,197.0,7050,411525
2025-08-26 10:55:00+05:30,197.1,201.0,196.85,200.2,8925,411525
2025-08-26 10:56:00+05:30,200.8,202.05,199.2,201.1,23925,411525
2025-08-26 10:57:00+05:30,200.7,204.05,200.7,203.5,16275,424875
2025-08-26 10:58:00+05:30,204.35,205.95,202.6,203.75,27000,424875
2025-08-26 10:59:00+05:30,203.2,209.0,203.2,209.0,15750,424875
2025-08-26 11:00:00+05:30,208.9,210.0,207.25,209.8,12750,424725
2025-08-26 11:01:00+05:30,209.0,214.8,208.75,214.8,32325,424725
2025-08-26 11:02:00+05:30,214.8,218.0,214.5,215.5,24000,424725
2025-08-26 11:03:00+05:30,216.8,217.4,213.5,216.2,12225,422700
2025-08-26 11:04:00+05:30,216.7,217.55,213.0,213.0,17925,422700
2025-08-26 11:05:00+05:30,213.8,217.75,213.3,217.5,7575,422700
2025-08-26 11:06:00+05:30,217.1,217.5,214.35,215.0,11775,419925
2025-08-26 11:07:00+05:30,214.65,215.55,209.05,209.6,10125,419925
2025-08-26 11:08:00+05:30,209.6,211.1,206.85,210.8,19425,419925
2025-08-26 11:09:00+05:30,211.0,212.0,207.9,208.7,9600,420300
2025-08-26 11:10:00+05:30,209.2,212.0,208.8,211.75,5100,420300
2025-08-26 11:11:00+05:30,211.45,213.9,210.5,211.5,8850,420300
2025-08-26 11:12:00+05:30,210.4,214.0,208.65,211.85,10350,428400
2025-08-26 11:13:00+05:30,211.2,211.25,209.1,209.4,1875,428400
2025-08-26 11:14:00+05:30,210.0,212.2,209.1,211.9,2325,428400
2025-08-26 11:15:00+05:30,211.65,214.55,211.05,214.55,3900,431625
2025-08-26 11:16:00+05:30,214.6,218.8,214.55,217.55,27900,431625
2025-08-26 11:17:00+05:30,217.55,218.35,214.4,214.6,18075,431625
2025-08-26 11:18:00+05:30,214.6,214.6,214.0,214.6,3750,435900
2025-08-26 11:19:00+05:30,215.0,218.0,214.5,217.75,9300,435900
2025-08-26 11:20:00+05:30,217.65,222.9,217.65,219.5,28350,435900
2025-08-26 11:21:00+05:30,220.0,223.0,219.3,219.3,13500,429900
2025-08-26 11:22:00+05:30,220.9,221.2,215.7,216.5,5700,429900
2025-08-26 11:23:00+05:30,216.4,218.0,216.3,217.4,2475,429900
2025-08-26 11:24:00+05:30,216.5,219.0,216.4,217.0,2550,429825
2025-08-26 11:25:00+05:30,218.5,220.45,217.3,219.9,9900,429825
2025-08-26 11:26:00+05:30,221.2,224.0,220.5,221.8,12675,429825
2025-08-26 11:27:00+05:30,222.1,225.0,222.0,222.6,17400,430500
2025-08-26 11:28:00+05:30,223.0,227.3,223.0,226.4,23175,430500
2025-08-26 11:29:00+05:30,227.8,228.9,223.35,224.7,26325,430500
2025-08-26 11:30:00+05:30,224.65,229.65,224.65,229.65,33450,417150
2025-08-26 11:31:00+05:30,229.3,229.3,226.0,227.0,14475,417150
2025-08-26 11:32:00+05:30,227.25,227.4,224.7,225.0,7050,417150
2025-08-26 11:33:00+05:30,224.0,226.55,220.8,221.75,11100,417075
2025-08-26 11:34:00+05:30,221.4,223.1,221.4,222.25,6225,417075
2025-08-26 11:35:00+05:30,222.0,229.85,222.0,224.5,10650,417075
2025-08-26 11:36:00+05:30,224.05,226.4,223.0,223.65,3075,417300
2025-08-26 11:37:00+05:30,224.2,224.35,220.0,221.4,4800,417300
2025-08-26 11:38:00+05:30,221.35,221.35,212.45,215.1,19800,417300
2025-08-26 11:39:00+05:30,215.0,215.9,211.6,212.15,9225,417450
2025-08-26 11:40:00+05:30,211.6,214.25,209.7,213.65,16650,417450
2025-08-26 11:41:00+05:30,213.0,213.0,209.8,210.65,5625,417450
2025-08-26 11:42:00+05:30,209.65,209.65,205.0,207.0,13875,423750
2025-08-26 11:43:00+05:30,207.0,208.75,205.95,208.3,4875,423750
2025-08-26 11:44:00+05:30,208.75,212.05,208.75,211.55,8625,423750
2025-08-26 11:45:00+05:30,211.8,212.95,210.6,210.7,7125,428250
2025-08-26 11:46:00+05:30,210.0,212.2,210.0,212.1,5100,428250
2025-08-26 11:47:00+05:30,211.7,214.9,211.7,214.15,5250,428250
2025-08-26 11:48:00+05:30,214.25,214.95,212.35,213.2,6525,428250
2025-08-26 11:49:00+05:30,212.25,212.5,208.75,211.6,11925,429900
2025-08-26 11:50:00+05:30,213.5,213.6,209.9,209.95,2925,429900
2025-08-26 11:51:00+05:30,209.7,209.8,205.55,206.4,14475,429900
2025-08-26 11:52:00+05:30,207.7,210.2,207.6,210.2,12450,425325
2025-08-26 11:53:00+05:30,209.75,212.7,209.75,211.9,3750,425325
2025-08-26 11:54:00+05:30,211.25,212.5,206.85,206.9,5850,428475
2025-08-26 11:55:00+05:30,207.7,207.9,205.9,206.35,3675,428475
2025-08-26 11:56:00+05:30,207.0,208.0,205.85,207.9,7800,428475
2025-08-26 11:57:00+05:30,207.9,207.9,206.15,206.95,7275,428475
2025-08-26 11:58:00+05:30,207.05,207.4,205.95,207.4,4875,436500
2025-08-26 11:59:00+05:30,209.7,211.25,206.5,210.8,5025,436500
2025-08-26 12:00:00+05:30,210.8,210.85,208.0,209.2,2100,440850
2025-08-26 12:01:00+05:30,209.4,211.5,209.4,211.0,2775,440850
2025-08-26 12:02:00+05:30,211.3,212.3,210.7,210.7,2775,440850
2025-08-26 12:03:00+05:30,208.7,210.7,208.7,210.25,2100,439200
2025-08-26 12:04:00+05:30,210.25,210.6,208.6,208.9,1350,439200
2025-08-26 12:05:00+05:30,210.0,214.3,210.0,211.0,6900,439200
2025-08-26 12:06:00+05:30,210.3,210.55,209.75,210.55,2250,439200
2025-08-26 12:07:00+05:30,209.2,210.4,209.2,210.0,1200,441300
2025-08-26 12:08:00+05:30,209.55,209.6,207.25,207.4,5475,441300
2025-08-26 12:09:00+05:30,207.0,207.1,204.35,205.5,14025,441300
2025-08-26 12:10:00+05:30,204.1,204.2,201.4,201.8,12300,443400
2025-08-26 12:11:00+05:30,202.0,205.0,200.5,205.0,19500,443400
2025-08-26 12:12:00+05:30,204.55,204.9,201.5,202.45,4050,449475
2025-08-26 12:13:00+05:30,203.35,203.8,202.6,203.2,4275,449475
2025-08-26 12:14:00+05:30,202.05,206.8,202.05,206.8,11400,449475
2025-08-26 12:15:00+05:30,206.9,211.2,206.75,211.2,9525,448425
2025-08-26 12:16:00+05:30,210.05,210.05,206.95,207.7,8775,448425
2025-08-26 12:17:00+05:30,208.0,208.0,204.0,204.5,4800,448425
2025-08-26 12:18:00+05:30,204.1,208.0,203.4,208.0,8400,448425
2025-08-26 12:19:00+05:30,208.5,210.8,208.5,210.8,5100,449925
2025-08-26 12:20:00+05:30,210.7,211.0,209.05,210.3,7500,449925
2025-08-26 12:21:00+05:30,209.85,212.4,209.15,212.4,8550,449925
2025-08-26 12:22:00+05:30,211.6,212.5,209.6,211.4,7875,448875
2025-08-26 12:23:00+05:30,211.4,211.6,210.0,210.0,1425,448875
2025-08-26 12:24:00+05:30,211.0,211.1,210.45,210.45,1425,448875
2025-08-26 12:25:00+05:30,210.7,210.7,206.3,206.3,5250,453525
2025-08-26 12:26:00+05:30,206.65,206.65,204.75,205.25,6450,453525
2025-08-26 12:27:00+05:30,205.0,206.85,204.25,204.55,4875,453525
2025-08-26 12:28:00+05:30,205.1,207.25,205.0,207.2,1200,453225
2025-08-26 12:29:00+05:30,207.5,207.5,204.0,204.0,2550,453225
2025-08-26 12:30:00+05:30,204.4,204.55,201.1,201.5,9300,453225
2025-08-26 12:31:00+05:30,201.4,203.1,200.8,200.8,6000,456675
2025-08-26 12:32:00+05:30,201.4,201.6,195.5,196.3,12900,456675
2025-08-26 12:33:00+05:30,196.2,197.45,194.15,195.0,16725,456675
2025-08-26 12:34:00+05:30,194.8,197.45,194.7,196.5,9075,466125
2025-08-26 12:35:00+05:30,196.4,199.25,196.2,198.05,17400,466125
2025-08-26 12:36:00+05:30,198.1,198.1,195.5,196.3,3600,466125
2025-08-26 12:37:00+05:30,196.0,197.1,196.0,196.5,4575,473475
2025-08-26 12:38:00+05:30,197.35,198.0,196.5,197.8,3450,473475
2025-08-26 12:39:00+05:30,197.95,198.1,192.15,194.9,12600,473475
2025-08-26 12:40:00+05:30,195.95,197.55,195.8,196.5,8400,475425
2025-08-26 12:41:00+05:30,197.0,197.0,192.2,193.9,8175,475425
2025-08-26 12:42:00+05:30,192.5,193.3,187.3,189.0,23475,475425
2025-08-26 12:43:00+05:30,189.2,193.3,187.7,192.9,24150,490050
2025-08-26 12:44:00+05:30,192.8,196.9,191.85,195.7,20775,490050
2025-08-26 12:45:00+05:30,194.65,196.0,193.1,193.1,7875,490050
2025-08-26 12:46:00+05:30,193.95,195.45,193.8,195.45,2475,499950
2025-08-26 12:47:00+05:30,196.0,196.7,192.7,193.65,12450,499950
2025-08-26 12:48:00+05:30,193.65,195.75,193.65,195.0,3675,499950
2025-08-26 12:49:00+05:30,195.2,195.7,193.5,195.0,4650,506475
2025-08-26 12:50:00+05:30,195.4,197.9,194.8,197.25,6525,506475
2025-08-26 12:51:00+05:30,196.9,197.4,196.5,197.2,8175,506475
2025-08-26 12:52:00+05:30,197.0,198.15,196.8,197.9,7800,505575
2025-08-26 12:53:00+05:30,197.85,199.4,197.0,197.0,3975,505575
2025-08-26 12:54:00+05:30,197.55,198.3,195.0,195.0,6450,505575
2025-08-26 12:55:00+05:30,194.5,195.9,193.1,193.6,6450,510525
2025-08-26 12:56:00+05:30,193.6,197.45,193.6,197.45,4875,510525
2025-08-26 12:57:00+05:30,197.95,199.75,197.45,198.95,3900,510525
2025-08-26 12:58:00+05:30,199.6,199.75,197.5,197.5,900,515775
2025-08-26 12:59:00+05:30,197.5,200.0,197.4,200.0,6075,515775
2025-08-26 13:00:00+05:30,200.0,200.5,199.0,199.2,3075,515775
2025-08-26 13:01:00+05:30,199.7,202.9,199.7,202.65,8475,513600
2025-08-26 13:02:00+05:30,202.9,204.85,201.5,203.0,18150,513600
2025-08-26 13:03:00+05:30,203.8,205.5,203.2,203.2,17775,513600
2025-08-26 13:04:00+05:30,203.6,203.6,202.0,203.0,3300,513225
2025-08-26 13:05:00+05:30,203.05,205.5,203.0,205.5,3975,513225
2025-08-26 13:06:00+05:30,204.65,205.5,202.45,203.15,8025,513225
2025-08-26 13:07:00+05:30,203.0,204.3,203.0,203.9,2850,511575
2025-08-26 13:08:00+05:30,203.85,206.5,201.75,206.5,8700,511575
2025-08-26 13:09:00+05:30,206.7,206.75,204.8,204.8,11700,511575
2025-08-26 13:10:00+05:30,205.55,206.0,205.3,205.95,2925,511950
2025-08-26 13:11:00+05:30,206.0,207.0,204.0,204.7,4650,511950
2025-08-26 13:12:00+05:30,205.0,205.8,204.5,205.1,2250,511950
2025-08-26 13:13:00+05:30,205.3,205.3,200.9,201.1,6225,508425
2025-08-26 13:14:00+05:30,200.2,204.0,199.9,202.4,8100,508425
2025-08-26 13:15:00+05:30,202.4,202.9,199.0,199.0,2025,508425
2025-08-26 13:16:00+05:30,198.9,200.9,198.2,200.8,3825,506700
2025-08-26 13:17:00+05:30,200.65,202.5,200.35,201.55,5325,506700
2025-08-26 13:18:00+05:30,200.9,204.15,200.9,203.9,6225,506700
2025-08-26 13:19:00+05:30,204.0,204.5,203.05,203.7,5850,509850
2025-08-26 13:20:00+05:30,203.45,204.65,202.35,204.0,3600,509850
2025-08-26 13:21:00+05:30,203.95,204.8,202.95,202.95,2400,509850
2025-08-26 13:22:00+05:30,203.5,205.9,202.5,205.0,7050,512325
2025-08-26 13:23:00+05:30,204.3,204.9,203.8,203.8,2025,512325
2025-08-26 13:24:00+05:30,205.0,207.65,205.0,207.25,5400,512325
2025-08-26 13:25:00+05:30,207.4,209.55,207.15,207.65,8250,505725
2025-08-26 13:26:00+05:30,206.3,211.15,206.3,209.6,15150,505725
2025-08-26 13:27:00+05:30,209.3,212.85,206.75,206.9,11850,505725
2025-08-26 13:28:00+05:30,207.6,207.6,205.6,206.55,8775,510000
2025-08-26 13:29:00+05:30,206.3,206.3,202.75,204.6,19725,510000
2025-08-26 13:30:00+05:30,204.25,207.0,204.25,207.0,2250,510000
2025-08-26 13:31:00+05:30,207.0,209.05,206.3,206.3,5925,513750
2025-08-26 13:32:00+05:30,207.1,207.1,204.8,205.9,4950,513750
2025-08-26 13:33:00+05:30,207.0,207.0,205.85,206.2,7875,513750
2025-08-26 13:34:00+05:30,206.45,210.0,206.3,209.85,6750,513225
2025-08-26 13:35:00+05:30,209.15,210.85,207.5,207.5,11175,513225
2025-08-26 13:36:00+05:30,208.9,209.05,208.1,208.45,2775,513225
2025-08-26 13:37:00+05:30,208.5,209.0,205.1,205.2,5775,514875
2025-08-26 13:38:00+05:30,206.0,206.35,204.7,205.65,5175,514875
2025-08-26 13:39:00+05:30,204.4,207.25,204.4,207.0,1575,514875
2025-08-26 13:40:00+05:30,206.65,208.0,206.3,208.0,6750,517050
2025-08-26 13:41:00+05:30,208.8,209.55,207.5,209.55,3225,517050
2025-08-26 13:42:00+05:30,210.0,210.95,209.9,210.0,9150,517050
2025-08-26 13:43:00+05:30,210.75,214.15,210.45,213.1,31800,516150
2025-08-26 13:44:00+05:30,213.35,213.75,212.1,213.25,4425,516150
2025-08-26 13:45:00+05:30,212.85,213.05,207.0,207.2,11925,516150
2025-08-26 13:46:00+05:30,207.35,212.25,207.2,212.1,6300,506775
2025-08-26 13:47:00+05:30,211.2,211.2,207.7,207.75,5700,506775
2025-08-26 13:48:00+05:30,207.0,209.4,205.1,205.1,9150,506775
2025-08-26 13:49:00+05:30,206.5,207.5,206.0,206.25,7350,513600
2025-08-26 13:50:00+05:30,207.1,207.5,205.1,205.1,5775,513600
2025-08-26 13:51:00+05:30,205.2,205.7,204.7,205.35,6750,513600
2025-08-26 13:52:00+05:30,206.05,208.1,206.05,207.0,1650,515400
2025-08-26 13:53:00+05:30,206.45,207.45,206.45,207.0,2100,515400
2025-08-26 13:54:00+05:30,207.45,209.0,207.45,208.05,2925,515400
2025-08-26 13:55:00+05:30,207.9,209.3,206.9,209.2,2100,515700
2025-08-26 13:56:00+05:30,209.0,209.0,206.45,206.45,1275,515700
2025-08-26 13:57:00+05:30,207.8,207.8,207.0,207.8,975,515700
2025-08-26 13:58:00+05:30,208.0,209.0,205.35,206.1,1650,513975
2025-08-26 13:59:00+05:30,206.55,208.75,206.5,207.95,1725,513975
2025-08-26 14:00:00+05:30,208.05,208.5,207.4,208.45,1575,513975
2025-08-26 14:01:00+05:30,209.0,209.0,207.55,208.2,4800,514200
2025-08-26 14:02:00+05:30,208.0,209.6,208.0,208.5,5625,514200
2025-08-26 14:03:00+05:30,208.5,209.1,205.0,206.15,3375,514200
2025-08-26 14:04:00+05:30,206.2,206.9,206.0,206.9,4800,512100
2025-08-26 14:05:00+05:30,208.15,208.45,206.85,207.95,2850,512100
2025-08-26 14:06:00+05:30,209.0,210.45,206.2,206.2,2325,512100
2025-08-26 14:07:00+05:30,207.3,207.3,205.0,205.0,3975,512775
2025-08-26 14:08:00+05:30,204.5,205.8,203.2,203.3,5700,512775
2025-08-26 14:09:00+05:30,203.0,204.7,201.75,203.7,6975,512775
2025-08-26 14:10:00+05:30,203.9,204.0,198.95,198.95,14550,510450
2025-08-26 14:11:00+05:30,198.95,199.8,196.6,198.3,7425,510450
2025-08-26 14:12:00+05:30,198.0,198.5,194.75,195.45,34125,510450
2025-08-26 14:13:00+05:30,195.9,198.75,194.25,198.75,12375,520800
2025-08-26 14:14:00+05:30,198.6,199.6,195.8,196.4,6900,520800
2025-08-26 14:15:00+05:30,196.8,198.35,194.0,195.0,6975,520800
2025-08-26 14:16:00+05:30,194.9,196.45,192.3,192.6,17775,529125
2025-08-26 14:17:00+05:30,192.35,193.1,190.4,191.2,17100,529125
2025-08-26 14:18:00+05:30,190.15,194.8,190.0,193.4,17325,529125
2025-08-26 14:19:00+05:30,194.0,194.6,189.0,190.7,10500,534300
2025-08-26 14:20:00+05:30,190.35,192.7,189.75,190.6,11625,534300
2025-08-26 14:21:00+05:30,190.6,192.3,187.65,187.65,13650,534300
2025-08-26 14:22:00+05:30,187.8,189.55,187.45,188.0,6900,542175
2025-08-26 14:23:00+05:30,188.85,189.95,188.0,189.35,5850,542175
2025-08-26 14:24:00+05:30,189.0,189.5,187.6,189.2,2775,542175
2025-08-26 14:25:00+05:30,189.1,190.2,182.0,182.95,25275,541500
2025-08-26 14:26:00+05:30,182.95,183.5,180.05,182.6,47100,541500
2025-08-26 14:27:00+05:30,183.05,185.75,182.6,184.4,22050,541500
2025-08-26 14:28:00+05:30,184.1,191.9,184.1,191.55,34200,547275
2025-08-26 14:29:00+05:30,190.75,194.85,190.7,192.7,28875,547275
2025-08-26 14:30:00+05:30,192.5,193.5,189.4,189.6,40800,547275
2025-08-26 14:31:00+05:30,189.55,190.55,187.6,189.4,15675,557625
2025-08-26 14:32:00+05:30,188.7,189.0,184.25,185.0,16875,557625
2025-08-26 14:33:00+05:30,185.6,188.2,185.6,187.85,6750,557625
2025-08-26 14:34:00+05:30,187.8,188.5,185.0,186.5,14700,564150
2025-08-26 14:35:00+05:30,187.8,189.5,185.3,188.8,33150,564150
2025-08-26 14:36:00+05:30,189.2,190.3,188.4,189.0,4425,564150
2025-08-26 14:37:00+05:30,188.1,188.8,186.8,188.1,5025,583875
2025-08-26 14:38:00+05:30,187.75,189.65,186.95,187.8,3525,583875
2025-08-26 14:39:00+05:30,188.9,194.0,188.9,193.65,12450,583875
2025-08-26 14:40:00+05:30,192.5,193.7,189.05,191.0,7125,585600
2025-08-26 14:41:00+05:30,191.3,191.95,190.6,191.4,1875,585600
2025-08-26 14:42:00+05:30,191.6,191.8,190.1,191.8,5250,585600
2025-08-26 14:43:00+05:30,191.8,192.0,190.2,192.0,9750,587550
2025-08-26 14:44:00+05:30,191.4,191.4,190.0,191.0,1950,587550
2025-08-26 14:45:00+05:30,191.3,192.2,190.65,191.8,7425,587550
2025-08-26 14:46:00+05:30,192.2,192.65,186.95,189.1,18450,585750
2025-08-26 14:47:00+05:30,188.35,191.25,187.4,188.85,19425,585750
2025-08-26 14:48:00+05:30,188.5,190.8,188.5,190.2,7125,585750
2025-08-26 14:49:00+05:30,189.9,192.2,189.9,191.75,12075,590625
2025-08-26 14:50:00+05:30,191.9,192.1,190.75,190.8,6900,590625
2025-08-26 14:51:00+05:30,190.8,190.8,187.0,188.2,6375,590625
2025-08-26 14:52:00+05:30,187.9,189.35,187.55,189.25,3450,593775
2025-08-26 14:53:00+05:30,189.8,189.9,185.45,185.85,13425,593775
2025-08-26 14:54:00+05:30,186.7,190.3,185.65,188.6,12750,593775
2025-08-26 14:55:00+05:30,188.55,189.6,187.4,187.55,3975,594525
2025-08-26 14:56:00+05:30,187.2,187.95,186.8,187.1,2625,594525
2025-08-26 14:57:00+05:30,186.6,186.6,184.3,186.4,16650,594525
2025-08-26 14:58:00+05:30,187.0,187.65,184.35,184.35,4350,595050
2025-08-26 14:59:00+05:30,185.3,186.55,183.75,184.55,12450,595050
2025-08-26 15:00:00+05:30,184.2,185.5,179.55,180.0,39225,595050
2025-08-26 15:01:00+05:30,179.9,181.7,176.5,177.0,21075,584025
2025-08-26 15:02:00+05:30,177.3,177.3,170.1,174.3,43275,584025
2025-08-26 15:03:00+05:30,173.8,173.8,167.6,169.3,36900,584025
2025-08-26 15:04:00+05:30,169.3,169.4,162.3,166.7,51675,611850
2025-08-26 15:05:00+05:30,167.25,169.85,164.7,167.25,48375,611850
2025-08-26 15:06:00+05:30,167.45,172.4,167.1,171.85,44925,611850
2025-08-26 15:07:00+05:30,170.95,172.5,168.25,171.85,43650,625950
2025-08-26 15:08:00+05:30,172.25,173.55,169.6,170.1,30300,625950
2025-08-26 15:09:00+05:30,170.55,170.85,168.3,170.85,23925,625950
2025-08-26 15:10:00+05:30,171.0,171.1,166.3,166.4,31650,637350
2025-08-26 15:11:00+05:30,166.8,167.65,162.45,162.6,47175,637350
2025-08-26 15:12:00+05:30,163.0,163.7,160.05,162.0,36600,637350
2025-08-26 15:13:00+05:30,162.4,162.85,158.85,159.45,77850,679275
2025-08-26 15:14:00+05:30,159.45,161.75,158.35,161.65,48375,679275
2025-08-26 15:15:00+05:30,161.95,170.0,161.95,167.6,96000,679275
2025-08-26 15:16:00+05:30,168.5,169.65,165.5,166.1,58125,694425
2025-08-26 15:17:00+05:30,166.1,168.25,164.6,166.9,42000,694425
2025-08-26 15:18:00+05:30,166.95,166.95,164.5,164.8,59025,694425
2025-08-26 15:19:00+05:30,164.85,166.5,162.0,162.0,48975,738150
2025-08-26 15:20:00+05:30,162.4,164.6,162.4,164.4,44775,738150
2025-08-26 15:21:00+05:30,164.15,165.2,162.9,163.25,45225,738150
2025-08-26 15:22:00+05:30,163.2,164.65,162.0,162.3,57000,777750
2025-08-26 15:23:00+05:30,162.2,163.4,162.2,162.5,48225,777750
2025-08-26 15:24:00+05:30,162.4,163.65,162.05,163.1,38475,777750
2025-08-26 15:25:00+05:30,163.15,164.9,162.5,163.45,53025,803025
2025-08-26 15:26:00+05:30,163.3,165.0,162.7,164.05,50475,803025
2025-08-26 15:27:00+05:30,164.65,165.05,164.1,164.4,51150,803025
2025-08-26 15:28:00+05:30,164.45,165.0,164.0,164.5,47025,829050
2025-08-26 15:29:00+05:30,164.1,164.9,162.85,163.1,58650,829050
2025-08-28 09:15:00+05:30,152.0,152.0,95.0,95.05,523275,943200
2025-08-28 09:16:00+05:30,94.95,97.35,89.7,90.35,496425,943200
2025-08-28 09:17:00+05:30,90.15,92.1,87.0,88.4,405150,943200
2025-08-28 09:18:00+05:30,88.0,90.85,87.0,87.65,260550,1458825
2025-08-28 09:19:00+05:30,87.65,91.45,86.8,88.2,195075,1458825
2025-08-28 09:20:00+05:30,88.25,89.75,84.6,88.0,252525,1458825
2025-08-28 09:21:00+05:30,87.9,89.4,82.2,82.55,269475,1779450
2025-08-28 09:22:00+05:30,82.6,84.05,78.4,78.8,225825,1779450
2025-08-28 09:23:00+05:30,78.75,79.0,75.15,76.35,269025,1779450
2025-08-28 09:24:00+05:30,75.9,78.1,74.6,75.2,257100,1972875
2025-08-28 09:25:00+05:30,74.9,78.0,73.0,77.45,300075,1972875
2025-08-28 09:26:00+05:30,77.6,82.25,77.4,79.05,287100,1972875
2025-08-28 09:27:00+05:30,78.65,79.8,76.0,76.35,222525,2263350
2025-08-28 09:28:00+05:30,76.45,77.55,74.6,74.6,201600,2263350
2025-08-28 09:29:00+05:30,74.55,77.95,74.55,76.45,101175,2263350
2025-08-28 09:30:00+05:30,76.35,76.35,74.15,75.4,131625,2344200
2025-08-28 09:31:00+05:30,75.6,76.0,73.8,75.0,285825,2344200
2025-08-28 09:32:00+05:30,75.2,78.5,73.0,77.05,204750,2344200
2025-08-28 09:33:00+05:30,77.0,77.65,72.75,73.3,216150,2416650
2025-08-28 09:34:00+05:30,73.35,75.75,72.8,74.2,149700,2416650
2025-08-28 09:35:00+05:30,74.2,78.0,73.4,77.0,150975,2416650
2025-08-28 09:36:00+05:30,77.0,78.25,74.35,75.1,99075,2465100
2025-08-28 09:37:00+05:30,74.8,76.4,74.05,75.6,44775,2465100
2025-08-28 09:38:00+05:30,76.0,78.0,74.8,77.35,56475,2465100
2025-08-28 09:39:00+05:30,77.55,79.7,77.05,78.75,133725,2484225
2025-08-28 09:40:00+05:30,78.5,88.0,78.45,86.25,273000,2484225
2025-08-28 09:41:00+05:30,86.0,87.0,81.5,85.8,156900,2484225
2025-08-28 09:42:00+05:30,85.75,87.1,82.6,82.6,165150,2474475
2025-08-28 09:43:00+05:30,82.65,85.2,80.55,84.65,166575,2474475
2025-08-28 09:44:00+05:30,84.75,86.0,83.3,84.6,79125,2474475
2025-08-28 09:45:00+05:30,84.6,89.9,82.3,87.85,162600,2472900
2025-08-28 09:46:00+05:30,87.6,89.2,84.45,84.8,191325,2472900
2025-08-28 09:47:00+05:30,84.8,85.2,81.5,83.65,133875,2472900
2025-08-28 09:48:00+05:30,83.65,84.25,78.75,79.5,101925,2437200
2025-08-28 09:49:00+05:30,79.25,82.7,78.2,82.7,61500,2437200
2025-08-28 09:50:00+05:30,82.45,83.75,81.0,81.35,44100,2437200
2025-08-28 09:51:00+05:30,81.75,85.0,81.3,84.55,57375,2462625
2025-08-28 09:52:00+05:30,84.2,92.5,83.15,89.0,156525,2462625
2025-08-28 09:53:00+05:30,89.7,92.2,87.55,87.75,162300,2462625
2025-08-28 09:54:00+05:30,87.75,90.8,86.4,90.55,150000,2524575
2025-08-28 09:55:00+05:30,90.8,90.8,86.8,87.6,101475,2524575
2025-08-28 09:56:00+05:30,87.15,89.5,84.65,87.45,92250,2524575
2025-08-28 09:57:00+05:30,87.6,88.9,83.35,86.5,71850,2528100
2025-08-28 09:58:00+05:30,87.0,88.65,85.35,87.05,42525,2528100
2025-08-28 09:59:00+05:30,86.5,88.85,86.0,88.5,34500,2528100
2025-08-28 10:00:00+05:30,88.55,90.0,85.65,86.35,82125,2535525
2025-08-28 10:01:00+05:30,86.3,88.45,83.45,87.0,75225,2535525
2025-08-28 10:02:00+05:30,87.15,88.45,84.6,84.6,42225,2535525
2025-08-28 10:03:00+05:30,85.0,91.95,84.95,90.5,110850,2533875
2025-08-28 10:04:00+05:30,90.5,92.0,89.5,90.25,116175,2533875
2025-08-28 10:05:00+05:30,90.35,91.5,88.7,89.6,95700,2533875
2025-08-28 10:06:00+05:30,89.35,91.7,88.1,90.2,79050,2511000
2025-08-28 10:07:00+05:30,90.45,92.65,87.05,87.45,139425,2511000
2025-08-28 10:08:00+05:30,87.35,89.15,86.2,87.0,108000,2511000
2025-08-28 10:09:00+05:30,87.0,87.1,83.55,85.05,109500,2548575
2025-08-28 10:10:00+05:30,85.0,85.0,81.55,84.4,79875,2548575
2025-08-28 10:11:00+05:30,84.4,86.35,83.75,85.0,48000,2548575
2025-08-28 10:12:00+05:30,85.35,87.55,84.5,84.6,42150,2571825
2025-08-28 10:13:00+05:30,84.5,85.9,82.1,82.2,57150,2571825
2025-08-28 10:14:00+05:30,82.2,83.5,80.25,80.6,162225,2571825
2025-08-28 10:15:00+05:30,80.95,82.35,79.5,81.35,186375,2730075
2025-08-28 10:16:00+05:30,81.45,83.75,80.5,82.8,66825,2730075
2025-08-28 10:17:00+05:30,83.35,83.9,81.45,83.1,41400,2730075
2025-08-28 10:18:00+05:30,83.1,83.2,77.2,77.4,78375,2779500
2025-08-28 10:19:00+05:30,77.45,78.45,75.0,75.8,140175,2779500
2025-08-28 10:20:00+05:30,76.2,77.15,74.6,74.85,162300,2779500
2025-08-28 10:21:00+05:30,75.1,77.25,73.75,76.75,93075,2815050
2025-08-28 10:22:00+05:30,76.4,78.0,74.8,77.5,85800,2815050
2025-08-28 10:23:00+05:30,77.65,78.4,76.3,77.85,65850,2815050
2025-08-28 10:24:00+05:30,78.0,79.2,77.35,78.3,52800,2854800
2025-08-28 10:25:00+05:30,78.0,80.95,77.5,80.95,43425,2854800
2025-08-28 10:26:00+05:30,81.0,83.0,80.0,80.3,82275,2854800
2025-08-28 10:27:00+05:30,80.0,82.9,80.0,82.5,69300,2880450
2025-08-28 10:28:00+05:30,82.3,84.2,81.95,83.4,84450,2880450
2025-08-28 10:29:00+05:30,83.2,84.65,82.55,84.05,59100,2880450
2025-08-28 10:30:00+05:30,84.1,84.7,83.2,84.0,43575,2895525
2025-08-28 10:31:00+05:30,84.05,85.0,82.55,84.15,55875,2895525
2025-08-28 10:32:00+05:30,84.1,87.3,83.9,87.15,118650,2895525
2025-08-28 10:33:00+05:30,87.15,88.95,86.9,88.65,105450,2925375
2025-08-28 10:34:00+05:30,88.7,96.85,88.55,96.4,269250,2925375
2025-08-28 10:35:00+05:30,96.7,99.4,93.7,96.2,204375,2925375
2025-08-28 10:36:00+05:30,96.4,104.95,96.05,99.85,362025,2842875
2025-08-28 10:37:00+05:30,100.3,100.4,95.4,96.25,106050,2842875
2025-08-28 10:38:00+05:30,96.6,97.4,95.0,96.0,83550,2842875
2025-08-28 10:39:00+05:30,96.45,97.0,89.8,90.9,109800,2869950
2025-08-28 10:40:00+05:30,90.6,93.85,89.25,93.85,103350,2869950
2025-08-28 10:41:00+05:30,94.0,95.2,91.6,92.25,69750,2869950
2025-08-28 10:42:00+05:30,92.2,93.6,87.8,87.95,133350,2896500
2025-08-28 10:43:00+05:30,87.8,92.2,86.65,91.2,68625,2896500
2025-08-28 10:44:00+05:30,91.35,92.95,89.15,89.55,33900,2896500
2025-08-28 10:45:00+05:30,89.7,92.85,89.7,92.0,40200,2907675
2025-08-28 10:46:00+05:30,91.8,95.3,91.6,94.3,67200,2907675
2025-08-28 10:47:00+05:30,95.0,99.65,93.85,98.85,123600,2907675
2025-08-28 10:48:00+05:30,99.0,108.0,98.7,106.35,362250,2913975
2025-08-28 10:49:00+05:30,107.0,109.8,104.35,107.45,265200,2913975
2025-08-28 10:50:00+05:30,108.0,108.15,104.35,106.15,162825,2913975
2025-08-28 10:51:00+05:30,106.55,106.7,99.15,99.45,144825,2859450
2025-08-28 10:52:00+05:30,99.75,102.8,97.95,99.8,107325,2859450
2025-08-28 10:53:00+05:30,99.8,100.7,96.5,99.8,87600,2859450
2025-08-28 10:54:00+05:30,99.65,103.65,99.65,102.3,78300,2856450
2025-08-28 10:55:00+05:30,102.0,102.55,98.35,101.0,77925,2856450
2025-08-28 10:56:00+05:30,101.0,104.0,100.4,104.0,62175,2856450
2025-08-28 10:57:00+05:30,104.0,107.75,102.85,107.35,108900,2877600
2025-08-28 10:58:00+05:30,107.55,120.0,107.5,117.7,497325,2877600
2025-08-28 10:59:00+05:30,117.8,119.0,111.35,113.5,194550,2877600
2025-08-28 11:00:00+05:30,113.65,114.75,105.3,105.65,202575,2841600
2025-08-28 11:01:00+05:30,105.1,108.5,104.1,107.8,175125,2841600
2025-08-28 11:02:00+05:30,107.95,109.5,107.2,108.15,125325,2841600
2025-08-28 11:03:00+05:30,107.95,109.5,106.45,109.3,71550,2895450
2025-08-28 11:04:00+05:30,109.05,113.0,107.0,108.35,151350,2895450
2025-08-28 11:05:00+05:30,108.35,124.8,108.35,124.3,301950,2895450
2025-08-28 11:06:00+05:30,124.6,127.7,121.3,126.0,400425,2821275
2025-08-28 11:07:00+05:30,126.15,126.25,112.2,113.2,335700,2821275
2025-08-28 11:08:00+05:30,112.7,117.75,112.3,114.0,185325,2821275
2025-08-28 11:09:00+05:30,114.0,114.0,110.6,113.55,131100,2920950
2025-08-28 11:10:00+05:30,113.95,114.85,109.05,109.35,132450,2920950
2025-08-28 11:11:00+05:30,109.3,110.4,105.6,109.0,128850,2920950
2025-08-28 11:12:00+05:30,109.0,112.6,108.05,110.85,101700,2941500
2025-08-28 11:13:00+05:30,110.15,113.95,109.7,112.65,99750,2941500
2025-08-28 11:14:00+05:30,112.55,112.75,109.4,111.0,60600,2941500
2025-08-28 11:15:00+05:30,111.05,112.75,109.2,111.5,63075,2970600
2025-08-28 11:16:00+05:30,111.65,112.5,109.0,110.0,42525,2970600
2025-08-28 11:17:00+05:30,110.05,113.65,108.25,113.55,84150,2970600
2025-08-28 11:18:00+05:30,113.4,114.8,109.25,112.15,105975,2999100
2025-08-28 11:19:00+05:30,112.3,112.5,106.5,108.6,127800,2999100
2025-08-28 11:20:00+05:30,108.85,114.45,108.8,113.85,80325,2999100
2025-08-28 11:21:00+05:30,114.0,114.85,109.75,113.0,65700,2988675
2025-08-28 11:22:00+05:30,113.0,113.0,108.25,112.05,73725,2988675
2025-08-28 11:23:00+05:30,111.9,116.45,110.7,115.65,87000,2988675
2025-08-28 11:24:00+05:30,115.55,116.75,112.4,112.9,106050,2981100
2025-08-28 11:25:00+05:30,112.8,115.75,112.75,115.15,74100,2981100
2025-08-28 11:26:00+05:30,115.1,115.1,109.1,109.1,86025,2981100
2025-08-28 11:27:00+05:30,109.0,110.1,106.1,108.4,83550,2993400
2025-08-28 11:28:00+05:30,108.35,111.3,107.2,109.2,54825,2993400
2025-08-28 11:29:00+05:30,109.25,109.65,104.45,104.9,90450,2993400
2025-08-28 11:30:00+05:30,105.0,107.55,103.55,106.0,80175,3014325
2025-08-28 11:31:00+05:30,106.0,110.45,105.1,109.9,57675,3014325
2025-08-28 11:32:00+05:30,110.4,114.3,108.65,113.95,93525,3014325
2025-08-28 11:33:00+05:30,114.0,116.9,112.65,113.7,130875,2991675
2025-08-28 11:34:00+05:30,113.75,118.0,113.4,117.55,102675,2991675
2025-08-28 11:35:00+05:30,117.95,121.45,115.4,115.6,222000,2991675
2025-08-28 11:36:00+05:30,116.0,120.6,115.0,120.35,70425,2963775
2025-08-28 11:37:00+05:30,120.3,120.45,115.2,116.45,58725,2963775
2025-08-28 11:38:00+05:30,116.0,116.9,112.15,116.4,126375,2963775
2025-08-28 11:39:00+05:30,116.55,116.6,108.5,109.8,127125,3006375
2025-08-28 11:40:00+05:30,109.35,114.35,109.35,110.85,68925,3006375
2025-08-28 11:41:00+05:30,110.45,113.05,109.25,110.5,43275,3006375
2025-08-28 11:42:00+05:30,110.3,112.45,108.45,109.25,39675,3019200
2025-08-28 11:43:00+05:30,109.6,112.1,108.15,110.65,45375,3019200
2025-08-28 11:44:00+05:30,110.4,111.3,108.5,109.0,26025,3019200
2025-08-28 11:45:00+05:30,108.8,110.7,107.9,108.1,53100,3031725
2025-08-28 11:46:00+05:30,108.1,110.75,106.55,109.6,53250,3031725
2025-08-28 11:47:00+05:30,109.8,112.65,108.8,109.25,62400,3031725
2025-08-28 11:48:00+05:30,109.2,110.75,107.45,110.7,52800,3044925
2025-08-28 11:49:00+05:30,110.05,112.5,109.2,110.0,42825,3044925
2025-08-28 11:50:00+05:30,110.55,113.35,109.5,111.8,62250,3044925
2025-08-28 11:51:00+05:30,111.4,111.95,107.3,109.0,69750,3062925
2025-08-28 11:52:00+05:30,109.9,111.1,108.8,110.9,49350,3062925
2025-08-28 11:53:00+05:30,111.35,111.4,106.6,106.85,67125,3062925
2025-08-28 11:54:00+05:30,106.75,108.0,97.7,98.25,269550,3124350
2025-08-28 11:55:00+05:30,98.2,98.3,93.9,96.7,239100,3124350
2025-08-28 11:56:00+05:30,96.7,98.75,93.2,93.45,98250,3124350
2025-08-28 11:57:00+05:30,93.5,95.8,93.0,94.75,101100,3204375
2025-08-28 11:58:00+05:30,95.0,96.05,91.3,92.7,98175,3204375
2025-08-28 11:59:00+05:30,92.6,95.25,92.05,93.9,120975,3204375
2025-08-28 12:00:00+05:30,93.65,94.9,91.25,94.35,156150,3335175
2025-08-28 12:01:00+05:30,94.0,94.2,89.2,90.2,141750,3335175
2025-08-28 12:02:00+05:30,90.0,91.4,87.75,88.75,121800,3335175
2025-08-28 12:03:00+05:30,88.65,91.9,87.6,91.75,104700,3335175
2025-08-28 12:04:00+05:30,91.95,93.2,91.25,92.4,77475,3392025
2025-08-28 12:05:00+05:30,92.3,94.5,92.15,94.3,89550,3392025
2025-08-28 12:06:00+05:30,94.5,94.8,92.45,94.3,76125,3392025
2025-08-28 12:07:00+05:30,94.2,97.35,93.65,96.1,120225,3423750
2025-08-28 12:08:00+05:30,96.35,96.7,91.25,91.95,121875,3423750
2025-08-28 12:09:00+05:30,92.0,94.1,91.75,93.3,75450,3423750
2025-08-28 12:10:00+05:30,93.35,94.25,91.55,92.6,57900,3466275
2025-08-28 12:11:00+05:30,92.95,96.0,92.2,93.8,58275,3466275
2025-08-28 12:12:00+05:30,93.95,94.0,91.0,91.45,66225,3466275
2025-08-28 12:13:00+05:30,91.2,93.85,91.2,93.4,51000,3511050
2025-08-28 12:14:00+05:30,93.4,94.75,92.0,93.4,35175,3511050
2025-08-28 12:15:00+05:30,93.5,96.8,92.4,94.3,74100,3511050
2025-08-28 12:16:00+05:30,93.4,93.4,88.7,88.85,100125,3504225
2025-08-28 12:17:00+05:30,89.5,90.45,87.1,88.55,122625,3504225
2025-08-28 12:18:00+05:30,88.5,88.55,84.6,85.05,150900,3504225
2025-08-28 12:19:00+05:30,85.4,85.4,83.1,84.0,89025,3553200
2025-08-28 12:20:00+05:30,84.0,86.0,83.8,85.35,75675,3553200
2025-08-28 12:21:00+05:30,85.25,85.7,81.3,81.45,97425,3553200
2025-08-28 12:22:00+05:30,81.2,82.65,77.45,77.7,162750,3586875
2025-08-28 12:23:00+05:30,77.55,78.0,75.45,75.95,264825,3586875
2025-08-28 12:24:00+05:30,76.05,77.1,74.75,75.95,208950,3586875
2025-08-28 12:25:00+05:30,76.0,76.45,75.0,76.45,204075,3614100
2025-08-28 12:26:00+05:30,76.5,79.9,76.0,78.3,169725,3614100
2025-08-28 12:27:00+05:30,78.05,78.65,76.4,77.25,78900,3614100
2025-08-28 12:28:00+05:30,77.05,78.75,76.95,78.2,77400,3601800
2025-08-28 12:29:00+05:30,78.0,79.5,77.85,78.55,86250,3601800
2025-08-28 12:30:00+05:30,78.4,79.3,77.1,77.65,56700,3601800
2025-08-28 12:31:00+05:30,77.7,78.5,76.4,76.75,55275,3635100
2025-08-28 12:32:00+05:30,76.95,78.25,76.65,77.25,80400,3635100
2025-08-28 12:33:00+05:30,77.3,79.7,76.25,79.7,74475,3635100
2025-08-28 12:34:00+05:30,79.75,79.85,77.5,77.95,90975,3641475
2025-08-28 12:35:00+05:30,77.45,79.2,76.75,78.3,86700,3641475
2025-08-28 12:36:00+05:30,78.7,78.7,77.2,78.3,29475,3641475
2025-08-28 12:37:00+05:30,78.1,78.35,76.0,76.6,59475,3653850
2025-08-28 12:38:00+05:30,76.6,77.95,75.6,77.85,88725,3653850
2025-08-28 12:39:00+05:30,77.85,78.7,76.9,77.2,51075,3653850
2025-08-28 12:40:00+05:30,77.1,77.45,74.25,75.5,95925,3641550
2025-08-28 12:41:00+05:30,75.6,77.4,74.3,76.95,67725,3641550
2025-08-28 12:42:00+05:30,76.9,77.25,75.75,76.75,32250,3641550
2025-08-28 12:43:00+05:30,76.5,77.8,75.3,76.0,58350,3679275
2025-08-28 12:44:00+05:30,75.85,77.0,74.45,74.95,52500,3679275
2025-08-28 12:45:00+05:30,74.7,78.4,74.7,77.85,57225,3679275
2025-08-28 12:46:00+05:30,78.0,78.75,77.6,78.65,48150,3652800
2025-08-28 12:47:00+05:30,78.65,78.7,77.55,77.85,45000,3652800
2025-08-28 12:48:00+05:30,77.7,78.55,76.4,77.0,73200,3652800
2025-08-28 12:49:00+05:30,76.6,77.45,75.95,77.15,41775,3623325
2025-08-28 12:50:00+05:30,77.15,78.75,76.55,77.85,75825,3623325
2025-08-28 12:51:00+05:30,77.95,78.5,76.25,77.0,23400,3623325
2025-08-28 12:52:00+05:30,77.25,78.2,76.7,76.9,15450,3588225
2025-08-28 12:53:00+05:30,76.95,79.0,76.0,78.95,44850,3588225
2025-08-28 12:54:00+05:30,78.85,79.6,77.15,77.4,64650,3588225
2025-08-28 12:55:00+05:30,77.4,78.4,76.5,77.25,39450,3571200
2025-08-28 12:56:00+05:30,76.9,78.7,76.7,78.45,40275,3571200
2025-08-28 12:57:00+05:30,78.5,78.65,77.25,77.85,33825,3571200
2025-08-28 12:58:00+05:30,77.7,77.7,75.3,75.3,27150,3561150
2025-08-28 12:59:00+05:30,75.3,75.5,69.55,72.65,321525,3561150
2025-08-28 13:00:00+05:30,72.25,72.6,69.35,69.6,183750,3561150
2025-08-28 13:01:00+05:30,69.45,70.2,67.95,68.2,192375,3474825
2025-08-28 13:02:00+05:30,67.95,69.85,67.45,68.4,169800,3474825
2025-08-28 13:03:00+05:30,68.45,68.75,67.6,68.2,135600,3474825
2025-08-28 13:04:00+05:30,68.15,69.15,67.3,69.05,98025,3507900
2025-08-28 13:05:00+05:30,68.9,69.75,68.1,68.1,65625,3507900
2025-08-28 13:06:00+05:30,68.0,68.4,63.2,64.9,192450,3507900
2025-08-28 13:07:00+05:30,64.9,65.45,62.4,64.4,177675,3513150
2025-08-28 13:08:00+05:30,64.4,64.5,62.6,63.8,100425,3513150
2025-08-28 13:09:00+05:30,63.65,64.9,62.7,64.5,107400,3513150
2025-08-28 13:10:00+05:30,64.5,66.35,64.35,65.5,112125,3525300
2025-08-28 13:11:00+05:30,65.8,67.55,65.25,66.65,75375,3525300
2025-08-28 13:12:00+05:30,66.95,68.55,66.5,67.95,82950,3525300
2025-08-28 13:13:00+05:30,68.15,69.95,67.75,69.4,97275,3484725
2025-08-28 13:14:00+05:30,69.5,70.15,68.7,69.3,76125,3484725
2025-08-28 13:15:00+05:30,69.4,70.0,68.5,69.45,73050,3484725
2025-08-28 13:16:00+05:30,69.75,70.45,69.35,70.4,64725,3507975
2025-08-28 13:17:00+05:30,70.4,70.85,68.5,69.45,61725,3507975
2025-08-28 13:18:00+05:30,69.45,69.45,67.2,67.3,45900,3507975
2025-08-28 13:19:00+05:30,67.55,69.0,67.3,68.65,44925,3488775
2025-08-28 13:20:00+05:30,68.95,68.95,66.95,67.3,43500,3488775
2025-08-28 13:21:00+05:30,67.2,67.2,65.7,66.45,82725,3488775
2025-08-28 13:22:00+05:30,66.55,67.25,65.85,66.9,33675,3515100
2025-08-28 13:23:00+05:30,66.95,67.85,66.45,66.9,57300,3515100
2025-08-28 13:24:00+05:30,66.75,67.5,66.5,67.4,29325,3515100
2025-08-28 13:25:00+05:30,67.45,69.45,67.0,69.0,40575,3528975
2025-08-28 13:26:00+05:30,69.0,70.35,68.6,69.25,68775,3528975
2025-08-28 13:27:00+05:30,69.4,69.5,68.25,68.55,41925,3528975
2025-08-28 13:28:00+05:30,68.5,68.7,66.7,67.75,39150,3538425
2025-08-28 13:29:00+05:30,67.65,69.0,67.45,68.15,27825,3538425
2025-08-28 13:30:00+05:30,68.25,68.5,67.2,67.45,20625,3538425
2025-08-28 13:31:00+05:30,67.55,68.4,67.0,67.6,22500,3534825
2025-08-28 13:32:00+05:30,67.75,67.75,66.6,66.7,18150,3534825
2025-08-28 13:33:00+05:30,66.5,66.7,63.4,63.75,80850,3534825
2025-08-28 13:34:00+05:30,63.65,64.0,61.9,62.2,98325,3544500
2025-08-28 13:35:00+05:30,62.45,62.6,61.85,62.35,76950,3544500
2025-08-28 13:36:00+05:30,62.6,65.0,62.5,64.85,75450,3544500
2025-08-28 13:37:00+05:30,65.0,65.8,64.0,64.8,44475,3561150
2025-08-28 13:38:00+05:30,64.7,66.8,64.7,66.7,30375,3561150
2025-08-28 13:39:00+05:30,67.0,68.7,66.65,67.95,64575,3561150
2025-08-28 13:40:00+05:30,68.0,70.5,67.95,69.8,79350,3555075
2025-08-28 13:41:00+05:30,69.85,69.85,66.9,67.75,40125,3555075
2025-08-28 13:42:00+05:30,67.75,68.5,66.6,67.45,58500,3555075
2025-08-28 13:43:00+05:30,67.3,69.75,66.8,69.25,41625,3536325
2025-08-28 13:44:00+05:30,69.05,69.25,67.7,68.0,19800,3536325
2025-08-28 13:45:00+05:30,68.1,69.15,67.75,68.25,27150,3536325
2025-08-28 13:46:00+05:30,68.25,68.95,66.35,67.45,41400,3540900
2025-08-28 13:47:00+05:30,67.3,69.2,66.75,69.2,41325,3540900
2025-08-28 13:48:00+05:30,68.95,69.5,68.3,68.8,52500,3540900
2025-08-28 13:49:00+05:30,68.6,69.0,67.5,67.75,62850,3559950
2025-08-28 13:50:00+05:30,67.6,68.0,66.8,67.05,27450,3559950
2025-08-28 13:51:00+05:30,67.3,67.8,66.55,66.8,22950,3559950
2025-08-28 13:52:00+05:30,66.8,66.8,64.0,64.9,63225,3564675
2025-08-28 13:53:00+05:30,64.7,65.15,63.8,64.9,55725,3564675
2025-08-28 13:54:00+05:30,64.65,65.75,64.5,65.7,66825,3564675
2025-08-28 13:55:00+05:30,65.0,66.5,65.0,65.5,139725,3600225
2025-08-28 13:56:00+05:30,65.55,65.85,64.8,64.95,30525,3600225
2025-08-28 13:57:00+05:30,64.95,65.6,64.65,64.9,28950,3600225
2025-08-28 13:58:00+05:30,64.9,65.25,64.35,65.25,70575,3665025
2025-08-28 13:59:00+05:30,65.25,65.5,64.5,65.2,27375,3665025
2025-08-28 14:00:00+05:30,65.3,69.2,65.25,68.8,82650,3665025
2025-08-28 14:01:00+05:30,69.0,69.05,66.8,67.4,58950,3639525
2025-08-28 14:02:00+05:30,67.25,68.05,67.0,67.3,61875,3639525
2025-08-28 14:03:00+05:30,67.2,67.2,64.95,65.15,48675,3639525
2025-08-28 14:04:00+05:30,65.2,65.35,63.2,64.0,69300,3672600
2025-08-28 14:05:00+05:30,64.0,66.2,63.5,66.2,32775,3672600
2025-08-28 14:06:00+05:30,66.2,69.45,65.85,68.5,119025,3672600
2025-08-28 14:07:00+05:30,68.65,69.9,68.25,69.75,105225,3695325
2025-08-28 14:08:00+05:30,69.85,70.4,68.85,69.5,77100,3695325
2025-08-28 14:09:00+05:30,69.25,69.8,67.65,69.8,42075,3695325
2025-08-28 14:10:00+05:30,69.8,74.3,69.75,71.55,250350,3671550
2025-08-28 14:11:00+05:30,71.65,75.0,71.65,73.4,171450,3671550
2025-08-28 14:12:00+05:30,73.75,76.0,73.15,74.05,193800,3671550
2025-08-28 14:13:00+05:30,73.75,74.3,70.35,72.2,105750,3586725
2025-08-28 14:14:00+05:30,72.4,74.0,71.0,72.9,71025,3586725
2025-08-28 14:15:00+05:30,72.7,74.25,71.8,74.05,102900,3586725
2025-08-28 14:16:00+05:30,74.25,74.5,71.3,72.3,87525,3565200
2025-08-28 14:17:00+05:30,72.2,75.55,71.0,75.2,119700,3565200
2025-08-28 14:18:00+05:30,74.9,75.5,72.5,74.35,76050,3565200
2025-08-28 14:19:00+05:30,74.45,75.2,73.15,73.55,48075,3580425
2025-08-28 14:20:00+05:30,73.55,74.15,72.1,73.15,63450,3580425
2025-08-28 14:21:00+05:30,73.4,75.35,73.4,75.15,57525,3580425
2025-08-28 14:22:00+05:30,75.05,75.75,72.7,73.5,87900,3590925
2025-08-28 14:23:00+05:30,73.5,79.75,73.4,77.35,262050,3590925
2025-08-28 14:24:00+05:30,77.45,77.95,75.9,77.8,93150,3590925
2025-08-28 14:25:00+05:30,77.8,77.9,74.4,74.7,102300,3554475
2025-08-28 14:26:00+05:30,74.8,75.05,70.25,71.2,177525,3554475
2025-08-28 14:27:00+05:30,71.4,71.45,65.65,68.1,286725,3554475
2025-08-28 14:28:00+05:30,68.1,70.15,67.05,69.95,102375,3573075
2025-08-28 14:29:00+05:30,70.2,73.7,70.2,70.95,130200,3573075
2025-08-28 14:30:00+05:30,71.05,71.2,68.35,68.9,79275,3573075
2025-08-28 14:31:00+05:30,68.7,71.8,68.25,70.5,50025,3613200
2025-08-28 14:32:00+05:30,70.4,71.8,66.8,67.25,72300,3613200
2025-08-28 14:33:00+05:30,67.25,67.7,66.05,66.6,61800,3613200
2025-08-28 14:34:00+05:30,66.55,67.05,64.35,64.95,115200,3611325
2025-08-28 14:35:00+05:30,65.05,66.85,64.2,64.9,91650,3611325
2025-08-28 14:36:00+05:30,64.55,68.2,64.5,66.85,115125,3611325
2025-08-28 14:37:00+05:30,66.95,67.9,65.35,67.0,124950,3638850
2025-08-28 14:38:00+05:30,66.65,66.7,64.2,65.4,69225,3638850
2025-08-28 14:39:00+05:30,65.35,66.95,64.9,66.6,51750,3638850
2025-08-28 14:40:00+05:30,66.7,66.7,63.4,63.7,64200,3687375
2025-08-28 14:41:00+05:30,63.8,65.35,63.8,65.0,63900,3687375
2025-08-28 14:42:00+05:30,64.9,66.0,64.75,65.5,78375,3687375
2025-08-28 14:43:00+05:30,65.4,65.5,61.4,62.0,163425,3740400
2025-08-28 14:44:00+05:30,62.3,64.05,61.85,63.2,120375,3740400
2025-08-28 14:45:00+05:30,63.1,63.15,59.6,61.6,356250,3740400
2025-08-28 14:46:00+05:30,61.6,61.8,59.65,60.9,218175,3837225
2025-08-28 14:47:00+05:30,61.0,62.55,58.7,61.3,284325,3837225
2025-08-28 14:48:00+05:30,61.0,62.05,59.6,60.1,223575,3837225
2025-08-28 14:49:00+05:30,60.0,60.5,58.65,59.2,234675,3930225
2025-08-28 14:50:00+05:30,59.1,60.45,58.0,59.95,215100,3930225
2025-08-28 14:51:00+05:30,60.0,60.1,57.8,58.55,152925,3930225
2025-08-28 14:52:00+05:30,58.6,60.65,58.45,60.15,102375,4016175
2025-08-28 14:53:00+05:30,60.25,61.75,58.3,58.75,137475,4016175
2025-08-28 14:54:00+05:30,58.35,62.0,58.15,59.35,147900,4016175
2025-08-28 14:55:00+05:30,59.5,61.0,58.55,59.0,73500,4018275
2025-08-28 14:56:00+05:30,59.05,60.35,58.15,60.25,221400,4018275
2025-08-28 14:57:00+05:30,60.4,62.0,59.5,60.65,152025,4018275
2025-08-28 14:58:00+05:30,60.9,61.7,60.0,60.1,144825,4178325
2025-08-28 14:59:00+05:30,60.25,60.75,59.25,60.35,99525,4178325
2025-08-28 15:00:00+05:30,60.4,61.5,54.9,55.5,289650,4178325
2025-08-28 15:01:00+05:30,55.3,56.45,55.1,55.6,211050,4233000
2025-08-28 15:02:00+05:30,55.6,57.9,55.45,57.1,140925,4233000
2025-08-28 15:03:00+05:30,57.15,57.5,55.65,55.75,107175,4233000
2025-08-28 15:04:00+05:30,55.9,56.1,55.25,55.4,149325,4240950
2025-08-28 15:05:00+05:30,55.35,55.95,53.6,54.25,279750,4240950
2025-08-28 15:06:00+05:30,54.4,54.65,54.05,54.2,116175,4240950
2025-08-28 15:07:00+05:30,54.3,54.35,53.4,53.6,170025,4385850
2025-08-28 15:08:00+05:30,53.6,54.05,52.8,53.2,281550,4385850
2025-08-28 15:09:00+05:30,53.2,53.2,51.2,51.35,285150,4385850
2025-08-28 15:10:00+05:30,51.2,53.25,51.1,52.45,271575,4548225
2025-08-28 15:11:00+05:30,52.5,52.55,51.55,51.55,173325,4548225
2025-08-28 15:12:00+05:30,51.6,53.2,51.4,52.7,256500,4548225
2025-08-28 15:13:00+05:30,52.85,53.7,52.2,52.6,121650,4619100
2025-08-28 15:14:00+05:30,52.6,53.5,52.45,53.35,127500,4619100
2025-08-28 15:15:00+05:30,53.3,54.05,53.0,53.2,192075,4619100
2025-08-28 15:16:00+05:30,53.1,54.0,53.1,53.45,123300,4638975
2025-08-28 15:17:00+05:30,53.6,54.05,53.45,53.5,189825,4638975
2025-08-28 15:18:00+05:30,53.35,53.9,53.2,53.2,166425,4638975
2025-08-28 15:19:00+05:30,53.4,53.45,52.2,52.45,193050,4675950
2025-08-28 15:20:00+05:30,52.65,53.15,52.2,52.85,200475,4675950
2025-08-28 15:21:00+05:30,53.05,53.65,52.8,53.0,220800,4675950
2025-08-28 15:22:00+05:30,53.0,53.5,52.35,52.85,227700,4725225
2025-08-28 15:23:00+05:30,52.65,53.0,52.0,52.7,215250,4725225
2025-08-28 15:24:00+05:30,52.65,53.25,52.5,52.85,203925,4725225
2025-08-28 15:25:00+05:30,53.0,53.75,52.85,53.15,260850,4815150
2025-08-28 15:26:00+05:30,53.3,53.45,52.55,53.15,235725,4815150
2025-08-28 15:27:00+05:30,53.15,53.45,52.9,53.45,183225,4815150
2025-08-28 15:28:00+05:30,53.2,53.45,52.7,53.05,292950,4903275
2025-08-28 15:29:00+05:30,53.1,54.05,52.9,54.0,323700,4903275
2025-08-29 09:15:00+05:30,30.0,65.0,30.0,60.25,3030375,5016450
2025-08-29 09:16:00+05:30,60.55,62.8,56.6,60.95,2220975,5016450
2025-08-29 09:17:00+05:30,60.95,62.2,57.0,60.2,1523100,6378975
2025-08-29 09:18:00+05:30,60.25,65.55,57.0,57.75,1867575,6378975
2025-08-29 09:19:00+05:30,57.65,58.8,46.85,47.6,2468775,6378975
2025-08-29 09:20:00+05:30,47.65,53.2,46.2,52.1,1784925,7512900
2025-08-29 09:21:00+05:30,52.0,56.35,51.25,55.1,1362450,7512900
2025-08-29 09:22:00+05:30,55.0,56.2,52.35,55.35,1057200,7512900
2025-08-29 09:23:00+05:30,55.5,56.7,50.5,54.8,1012875,7941825
2025-08-29 09:24:00+05:30,55.0,56.6,52.3,55.9,832650,7941825
2025-08-29 09:25:00+05:30,55.9,57.65,52.05,52.6,1053300,7941825
2025-08-29 09:26:00+05:30,52.45,54.1,50.95,53.15,854325,7941825
2025-08-29 09:27:00+05:30,53.25,54.15,51.05,52.7,497775,8352600
2025-08-29 09:28:00+05:30,52.85,54.15,50.8,51.55,570300,8352600
2025-08-29 09:29:00+05:30,51.5,53.5,50.25,51.15,500850,8352600
2025-08-29 09:30:00+05:30,51.1,52.2,45.9,47.95,1476375,8616375
2025-08-29 09:31:00+05:30,47.95,49.35,46.0,46.7,1501650,8616375
2025-08-29 09:32:00+05:30,46.8,47.5,45.15,45.8,693150,9913350
2025-08-29 09:33:00+05:30,45.9,47.35,43.8,44.15,1107225,9913350
2025-08-29 09:34:00+05:30,44.25,44.3,41.15,41.4,1388100,9913350
2025-08-29 09:35:00+05:30,41.5,42.35,39.45,39.6,1088400,9913350
2025-08-29 09:36:00+05:30,39.75,39.95,37.0,37.3,2291625,10280700
2025-08-29 09:37:00+05:30,37.15,41.8,36.3,41.55,1197375,10280700
2025-08-29 09:38:00+05:30,41.65,47.1,41.05,41.05,2258175,10280700
2025-08-29 09:39:00+05:30,41.1,44.75,39.95,43.9,975000,11040675
2025-08-29 09:40:00+05:30,44.0,48.0,43.85,46.35,1106325,11040675
2025-08-29 09:41:00+05:30,46.6,47.2,42.9,44.95,903000,11040675
2025-08-29 09:42:00+05:30,44.95,46.45,41.4,42.75,962475,11342025
2025-08-29 09:43:00+05:30,42.75,43.2,40.05,40.35,583875,11342025
2025-08-29 09:44:00+05:30,40.2,42.2,39.85,40.35,494550,11342025
2025-08-29 09:45:00+05:30,40.35,41.35,38.0,38.55,861375,11400900
2025-08-29 09:46:00+05:30,38.3,40.6,36.65,36.9,633675,11400900
2025-08-29 09:47:00+05:30,36.95,39.5,36.35,39.25,636300,11400900
2025-08-29 09:48:00+05:30,39.35,39.5,37.0,37.15,459375,11598825
2025-08-29 09:49:00+05:30,37.2,37.95,35.45,35.85,759075,11598825
2025-08-29 09:50:00+05:30,35.9,37.8,35.75,37.25,549300,11957250
2025-08-29 09:51:00+05:30,37.25,38.65,36.8,37.15,485250,11957250
2025-08-29 09:52:00+05:30,37.05,38.6,36.9,37.15,363675,11957250
2025-08-29 09:53:00+05:30,37.2,38.5,36.25,38.05,353925,12028725
2025-08-29 09:54:00+05:30,38.05,38.5,36.8,37.25,315300,12028725
2025-08-29 09:55:00+05:30,37.2,39.25,37.15,39.15,356775,12028725
2025-08-29 09:56:00+05:30,39.15,41.05,37.9,38.1,733500,12028725
2025-08-29 09:57:00+05:30,38.1,40.85,37.8,39.05,509325,12046725
2025-08-29 09:58:00+05:30,39.0,40.25,35.85,36.4,640875,12046725
2025-08-29 09:59:00+05:30,36.35,37.6,35.6,36.3,367650,12046725
2025-08-29 10:00:00+05:30,36.25,36.95,33.3,34.25,962100,12176925
2025-08-29 10:01:00+05:30,34.35,35.35,33.8,34.65,694350,12176925
2025-08-29 10:02:00+05:30,34.65,35.6,33.8,34.85,523575,12176925
2025-08-29 10:03:00+05:30,34.8,36.35,32.8,33.45,682725,12294975
2025-08-29 10:04:00+05:30,33.55,33.55,31.85,32.7,836550,12294975
2025-08-29 10:05:00+05:30,32.65,34.6,32.0,33.7,561975,12294975
2025-08-29 10:06:00+05:30,33.65,34.1,32.2,32.75,469875,12510150
2025-08-29 10:07:00+05:30,32.8,33.35,31.7,32.9,450375,12510150
2025-08-29 10:08:00+05:30,32.65,32.9,31.45,32.6,1045800,12510150
2025-08-29 10:09:00+05:30,32.55,33.3,31.85,33.2,391125,12886050
2025-08-29 10:10:00+05:30,33.1,34.65,31.8,32.2,600000,12886050
2025-08-29 10:11:00+05:30,32.1,33.05,31.8,32.55,305250,12886050
2025-08-29 10:12:00+05:30,32.45,34.45,32.35,33.8,393975,13052025
2025-08-29 10:13:00+05:30,33.8,33.8,32.65,33.4,254100,13052025
2025-08-29 10:14:00+05:30,33.5,33.7,32.0,32.95,339375,13052025
2025-08-29 10:15:00+05:30,33.0,33.4,31.65,33.1,459225,13185600
2025-08-29 10:16:00+05:30,33.2,35.2,32.55,34.0,800925,13185600
2025-08-29 10:17:00+05:30,34.05,35.6,33.8,34.2,547200,13185600
2025-08-29 10:18:00+05:30,34.05,35.95,33.85,35.55,426825,13392975
2025-08-29 10:19:00+05:30,35.55,36.9,34.75,36.7,653175,13392975
2025-08-29 10:20:00+05:30,36.55,37.5,35.9,35.95,704475,13392975
2025-08-29 10:21:00+05:30,35.95,39.1,35.65,38.5,694950,13383975
2025-08-29 10:22:00+05:30,38.5,40.1,37.55,38.25,1102950,13383975
2025-08-29 10:23:00+05:30,38.25,40.0,37.9,39.5,443475,13383975
2025-08-29 10:24:00+05:30,39.45,40.55,39.25,40.0,793350,13317750
2025-08-29 10:25:00+05:30,40.0,40.2,38.9,39.0,615300,13317750
2025-08-29 10:26:00+05:30,39.0,39.2,37.25,38.85,562875,13317750
2025-08-29 10:27:00+05:30,38.85,41.4,38.25,40.2,706950,13173600
2025-08-29 10:28:00+05:30,40.1,40.3,38.25,38.7,472275,13173600
2025-08-29 10:29:00+05:30,38.65,38.9,35.45,38.65,718800,13173600
2025-08-29 10:30:00+05:30,38.65,40.0,38.0,39.7,553800,13235025
2025-08-29 10:31:00+05:30,39.7,42.6,39.45,41.3,1172175,13235025
2025-08-29 10:32:00+05:30,41.25,42.4,40.3,41.75,717525,13235025
2025-08-29 10:33:00+05:30,41.6,42.25,40.5,41.1,674850,13279125
2025-08-29 10:34:00+05:30,41.15,43.0,40.9,42.1,575550,13279125
2025-08-29 10:35:00+05:30,42.05,42.65,40.85,42.45,608625,13279125
2025-08-29 10:36:00+05:30,42.6,42.75,40.75,41.9,513900,13474500
2025-08-29 10:37:00+05:30,41.9,43.7,41.65,43.25,1073925,13474500
2025-08-29 10:38:00+05:30,43.3,44.2,41.35,43.6,836625,13474500
2025-08-29 10:39:00+05:30,43.75,44.95,43.25,44.75,739575,13381350
2025-08-29 10:40:00+05:30,44.75,49.8,44.75,47.95,2465100,13381350
2025-08-29 10:41:00+05:30,47.9,49.9,47.05,47.5,1109325,13381350
2025-08-29 10:42:00+05:30,47.45,48.25,43.3,48.2,1493475,12791325
2025-08-29 10:43:00+05:30,48.15,48.4,47.05,47.25,759900,12791325
2025-08-29 10:44:00+05:30,47.15,47.95,45.8,46.75,734850,12791325
2025-08-29 10:45:00+05:30,46.85,47.35,43.8,45.9,785400,12786375
2025-08-29 10:46:00+05:30,45.8,46.4,43.05,44.5,739275,12786375
2025-08-29 10:47:00+05:30,44.5,46.45,44.5,45.95,466350,12786375
2025-08-29 10:48:00+05:30,45.9,47.45,44.55,45.1,604950,12797925
2025-08-29 10:49:00+05:30,45.1,45.85,43.8,44.6,384075,12797925
2025-08-29 10:50:00+05:30,44.65,44.75,43.15,44.5,487800,12797925
2025-08-29 10:51:00+05:30,44.5,44.85,42.45,44.4,546225,12905775
2025-08-29 10:52:00+05:30,44.45,46.0,44.25,45.3,543150,12905775
2025-08-29 10:53:00+05:30,45.25,45.6,43.15,44.6,417600,12905775
2025-08-29 10:54:00+05:30,44.55,44.65,42.5,42.95,399750,12977925
2025-08-29 10:55:00+05:30,42.85,43.6,39.4,39.55,1270275,12977925
2025-08-29 10:56:00+05:30,39.5,41.45,38.3,40.1,779400,12977925
2025-08-29 10:57:00+05:30,40.25,41.05,38.7,38.85,515550,12856875
2025-08-29 10:58:00+05:30,38.7,40.5,38.0,40.35,445725,12856875
2025-08-29 10:59:00+05:30,40.35,41.0,38.35,38.6,348975,12856875
2025-08-29 11:00:00+05:30,38.35,40.45,38.05,39.0,409200,12873075
2025-08-29 11:01:00+05:30,39.0,42.95,39.0,42.4,654150,12873075
2025-08-29 11:02:00+05:30,42.35,44.15,41.35,43.65,840750,12873075
2025-08-29 11:03:00+05:30,43.65,46.55,42.75,46.25,1002675,13091175
2025-08-29 11:04:00+05:30,46.25,47.95,45.75,46.65,1071150,13091175
2025-08-29 11:05:00+05:30,46.65,47.0,44.55,45.5,624150,13091175
2025-08-29 11:06:00+05:30,45.55,46.55,44.0,44.1,399600,13124700
2025-08-29 11:07:00+05:30,44.15,44.2,41.2,41.9,836100,13124700
2025-08-29 11:08:00+05:30,41.9,42.65,40.45,41.35,417750,13095600
2025-08-29 11:09:00+05:30,41.3,42.8,41.25,42.3,234750,13095600
2025-08-29 11:10:00+05:30,42.4,44.9,42.2,43.7,497250,13095600
2025-08-29 11:11:00+05:30,43.75,46.6,43.75,46.2,577050,13095600
2025-08-29 11:12:00+05:30,46.3,51.3,46.15,48.35,1640100,13005150
2025-08-29 11:13:00+05:30,48.3,49.75,48.0,48.8,758700,13005150
2025-08-29 11:14:00+05:30,48.8,48.85,44.4,46.6,998850,12992550
2025-08-29 11:15:00+05:30,46.6,47.3,44.0,44.65,626850,12992550
2025-08-29 11:16:00+05:30,44.6,45.05,43.15,45.0,533475,12992550
2025-08-29 11:17:00+05:30,45.0,47.35,44.8,46.95,519750,12992550
2025-08-29 11:18:00+05:30,46.8,47.75,44.8,45.15,505425,13080225
2025-08-29 11:19:00+05:30,45.2,45.45,43.35,45.3,456675,13080225
2025-08-29 11:20:00+05:30,45.3,45.5,43.3,43.7,283725,13080225
2025-08-29 11:21:00+05:30,43.6,44.05,41.75,43.15,624225,13074825
2025-08-29 11:22:00+05:30,43.1,43.7,41.15,41.75,362625,13074825
2025-08-29 11:23:00+05:30,41.7,42.5,40.55,42.5,471225,13074825
2025-08-29 11:24:00+05:30,42.5,43.45,41.55,41.65,403500,13156800
2025-08-29 11:25:00+05:30,41.55,43.35,41.1,42.9,339600,13156800
2025-08-29 11:26:00+05:30,42.9,45.15,41.8,44.8,510525,13156800
2025-08-29 11:27:00+05:30,44.7,45.8,43.3,44.65,432225,13271850
2025-08-29 11:28:00+05:30,44.65,46.4,44.45,46.15,540450,13271850
2025-08-29 11:29:00+05:30,46.05,46.35,44.75,46.1,382050,13271850
2025-08-29 11:30:00+05:30,46.2,48.7,45.85,47.05,843825,13349775
2025-08-29 11:31:00+05:30,47.15,47.7,46.05,46.25,624900,13349775
2025-08-29 11:32:00+05:30,46.25,48.0,45.5,47.3,480375,13349775
2025-08-29 11:33:00+05:30,47.15,47.6,44.0,45.7,819075,13543125
2025-08-29 11:34:00+05:30,45.55,47.0,45.5,46.5,435900,13543125
2025-08-29 11:35:00+05:30,46.5,47.6,45.7,46.55,528675,13543125
2025-08-29 11:36:00+05:30,46.5,47.4,44.8,47.25,609300,13626525
2025-08-29 11:37:00+05:30,47.15,47.3,44.65,44.9,407250,13626525
2025-08-29 11:38:00+05:30,44.9,45.95,43.0,45.8,670275,13626525
2025-08-29 11:39:00+05:30,45.8,46.65,44.65,45.6,539325,13596600
2025-08-29 11:40:00+05:30,45.75,45.75,43.3,44.85,433500,13596600
2025-08-29 11:41:00+05:30,44.9,46.55,43.95,46.05,350025,13596600
2025-08-29 11:42:00+05:30,46.1,47.05,45.1,46.8,397200,13735875
2025-08-29 11:43:00+05:30,46.8,47.95,46.0,46.75,565500,13735875
2025-08-29 11:44:00+05:30,46.7,47.95,45.0,46.0,811125,13735875
2025-08-29 11:45:00+05:30,46.0,48.5,45.95,46.5,904350,13824450
2025-08-29 11:46:00+05:30,46.6,47.35,45.5,45.8,391725,13824450
2025-08-29 11:47:00+05:30,45.8,45.95,44.6,45.6,393675,13824450
2025-08-29 11:48:00+05:30,45.5,46.95,45.15,45.5,300300,13882350
2025-08-29 11:49:00+05:30,45.5,47.0,44.35,46.95,320100,13882350
2025-08-29 11:50:00+05:30,46.9,47.5,46.0,46.75,850650,13882350
2025-08-29 11:51:00+05:30,46.65,47.0,45.05,45.95,519675,14141025
2025-08-29 11:52:00+05:30,45.95,45.95,44.45,45.2,568050,14141025
2025-08-29 11:53:00+05:30,45.1,45.1,42.25,43.4,1071075,14141025
2025-08-29 11:54:00+05:30,43.25,43.5,41.5,42.65,1159950,14054475
2025-08-29 11:55:00+05:30,42.65,43.45,40.45,40.65,818850,14054475
2025-08-29 11:56:00+05:30,40.8,42.25,40.1,40.95,545100,14054475
2025-08-29 11:57:00+05:30,40.85,43.0,40.5,42.9,460725,13951050
2025-08-29 11:58:00+05:30,42.75,43.65,40.7,41.5,444900,13951050
2025-08-29 11:59:00+05:30,41.5,41.8,37.5,39.3,1194450,13951050
2025-08-29 12:00:00+05:30,39.35,40.0,38.3,38.35,595725,13893975
2025-08-29 12:01:00+05:30,38.4,39.5,37.05,37.65,674550,13893975
2025-08-29 12:02:00+05:30,37.6,37.9,36.2,36.6,626925,13893975
2025-08-29 12:03:00+05:30,36.6,39.0,35.85,37.7,766950,13844850
2025-08-29 12:04:00+05:30,37.8,38.9,37.6,38.6,553950,13844850
2025-08-29 12:05:00+05:30,38.6,38.9,37.5,37.9,431325,13841100
2025-08-29 12:06:00+05:30,37.95,40.5,37.4,40.4,673650,13841100
2025-08-29 12:07:00+05:30,40.4,41.05,39.25,40.65,891000,13841100
2025-08-29 12:08:00+05:30,40.6,41.3,37.1,37.2,772800,13841100
2025-08-29 12:09:00+05:30,37.25,38.9,37.1,38.0,409425,14065500
2025-08-29 12:10:00+05:30,38.0,38.6,36.8,36.9,496950,14065500
2025-08-29 12:11:00+05:30,36.85,39.4,36.8,38.3,492375,14065500
2025-08-29 12:12:00+05:30,38.4,40.3,37.75,40.25,421425,14130825
2025-08-29 12:13:00+05:30,40.4,40.8,39.6,40.6,638475,14130825
2025-08-29 12:14:00+05:30,40.55,41.6,40.05,40.65,1039350,14130825
2025-08-29 12:15:00+05:30,40.55,41.5,39.7,39.95,524625,14184900
2025-08-29 12:16:00+05:30,39.85,40.4,38.85,39.8,339450,14184900
2025-08-29 12:17:00+05:30,39.75,40.35,38.0,39.8,445275,14184900
2025-08-29 12:18:00+05:30,39.65,40.8,38.85,40.75,364725,14237850
2025-08-29 12:19:00+05:30,40.7,40.9,38.9,39.05,280875,14237850
2025-08-29 12:20:00+05:30,38.9,39.4,37.35,37.45,458250,14238900
2025-08-29 12:21:00+05:30,37.45,38.0,36.6,36.95,610875,14238900
2025-08-29 12:22:00+05:30,36.95,37.4,35.4,36.0,751875,14238900
2025-08-29 12:23:00+05:30,35.95,37.5,35.9,37.15,471675,14238900
2025-08-29 12:24:00+05:30,37.25,38.4,36.95,38.0,403050,14125200
2025-08-29 12:25:00+05:30,37.9,39.6,37.3,39.25,440100,14125200
2025-08-29 12:26:00+05:30,39.4,39.4,36.95,37.15,400050,14125200
2025-08-29 12:27:00+05:30,37.15,37.7,36.15,36.35,264825,14116875
2025-08-29 12:28:00+05:30,36.35,36.5,34.5,34.8,740400,14116875
2025-08-29 12:29:00+05:30,34.9,35.85,34.7,35.3,623925,14160525
2025-08-29 12:30:00+05:30,35.3,36.25,34.75,36.1,582525,14160525
2025-08-29 12:31:00+05:30,36.05,36.65,34.6,34.8,474750,14160525
2025-08-29 12:32:00+05:30,34.75,36.1,34.15,34.6,428025,14194575
2025-08-29 12:33:00+05:30,34.6,34.8,32.65,33.25,788850,14194575
2025-08-29 12:34:00+05:30,33.25,33.95,32.5,33.9,529575,14194575
2025-08-29 12:35:00+05:30,33.9,36.8,33.8,36.65,733500,14194575
2025-08-29 12:36:00+05:30,36.6,36.75,34.6,34.75,607425,14392200
2025-08-29 12:37:00+05:30,34.8,36.2,34.6,35.4,274200,14392200
2025-08-29 12:38:00+05:30,35.35,35.45,33.45,33.45,408375,14465025
2025-08-29 12:39:00+05:30,33.55,34.7,33.1,34.4,367125,14465025
2025-08-29 12:40:00+05:30,34.4,36.25,34.35,35.65,457575,14465025
2025-08-29 12:41:00+05:30,35.6,37.05,35.55,36.7,475050,14426475
2025-08-29 12:42:00+05:30,36.75,37.75,36.65,36.95,592050,14426475
2025-08-29 12:43:00+05:30,37.05,37.7,36.5,37.0,529800,14426475
2025-08-29 12:44:00+05:30,36.95,37.4,35.9,36.4,502725,14426475
2025-08-29 12:45:00+05:30,36.25,38.25,36.2,37.9,576750,14523450
2025-08-29 12:46:00+05:30,37.85,38.9,37.0,37.35,573825,14523450
2025-08-29 12:47:00+05:30,37.45,37.85,35.25,36.1,545325,14523450
2025-08-29 12:48:00+05:30,36.2,37.2,35.1,36.9,401250,14552400
2025-08-29 12:49:00+05:30,36.85,37.85,36.2,37.45,307875,14552400
2025-08-29 12:50:00+05:30,37.35,37.5,36.35,36.5,287850,14552400
2025-08-29 12:51:00+05:30,36.55,37.15,35.7,37.05,286650,14601675
2025-08-29 12:52:00+05:30,37.05,37.65,36.65,37.5,512400,14601675
2025-08-29 12:53:00+05:30,37.55,37.55,35.95,36.1,416925,14601675
2025-08-29 12:54:00+05:30,36.2,36.2,34.2,34.7,732150,14277000
2025-08-29 12:55:00+05:30,34.65,35.6,34.2,34.8,473475,14277000
2025-08-29 12:56:00+05:30,34.9,36.0,34.45,35.8,259125,14277000
2025-08-29 12:57:00+05:30,35.85,35.85,33.35,33.5,543375,14301750
2025-08-29 12:58:00+05:30,33.5,33.55,31.5,32.1,841050,14301750
2025-08-29 12:59:00+05:30,32.0,32.1,30.65,31.55,893775,14399325
2025-08-29 13:00:00+05:30,31.6,32.05,30.85,31.25,584475,14399325
2025-08-29 13:01:00+05:30,31.1,31.9,30.1,31.15,747525,14399325
2025-08-29 13:02:00+05:30,31.25,31.65,30.6,31.2,451875,14399325
2025-08-29 13:03:00+05:30,31.15,31.15,29.75,30.1,796425,14612100
2025-08-29 13:04:00+05:30,30.1,30.55,29.45,30.25,516225,14612100
2025-08-29 13:05:00+05:30,30.2,31.95,29.65,31.15,668025,14612100
2025-08-29 13:06:00+05:30,31.25,31.75,30.2,30.55,432150,14689350
2025-08-29 13:07:00+05:30,30.45,30.5,29.15,29.9,460950,14689350
2025-08-29 13:08:00+05:30,29.85,30.15,28.35,28.9,715275,14689350
2025-08-29 13:09:00+05:30,29.0,29.65,28.8,29.4,613950,14742525
2025-08-29 13:10:00+05:30,29.4,30.3,28.75,29.9,433725,14742525
2025-08-29 13:11:00+05:30,29.9,30.15,28.25,28.45,429975,14742525
2025-08-29 13:12:00+05:30,28.35,29.95,28.1,29.0,1366275,14711250
2025-08-29 13:13:00+05:30,28.95,29.15,27.65,28.0,1067850,14711250
2025-08-29 13:14:00+05:30,28.1,29.0,27.1,27.15,2257950,13459725
2025-08-29 13:15:00+05:30,27.1,28.7,26.8,27.85,921750,13459725
2025-08-29 13:16:00+05:30,27.85,29.75,27.5,29.0,558375,13459725
2025-08-29 13:17:00+05:30,29.0,29.25,27.75,28.0,476925,13459725
2025-08-29 13:18:00+05:30,27.85,29.25,27.75,28.8,365775,13379700
2025-08-29 13:19:00+05:30,28.7,29.75,28.25,29.7,395550,13379700
2025-08-29 13:20:00+05:30,29.7,30.6,29.05,29.95,908850,13423500
2025-08-29 13:21:00+05:30,29.9,30.1,29.05,29.9,354075,13423500
2025-08-29 13:22:00+05:30,29.9,29.9,27.85,28.95,707250,13423500
2025-08-29 13:23:00+05:30,29.05,29.45,28.45,28.65,252900,13423500
2025-08-29 13:24:00+05:30,28.65,29.85,28.3,29.75,243600,13456050
2025-08-29 13:25:00+05:30,29.7,30.0,28.6,29.15,401850,13456050
2025-08-29 13:26:00+05:30,29.15,29.8,28.8,29.65,194475,13456050
2025-08-29 13:27:00+05:30,29.8,29.9,29.0,29.1,183825,13445325
2025-08-29 13:28:00+05:30,29.1,30.0,29.1,29.75,256800,13445325
2025-08-29 13:29:00+05:30,29.75,30.7,29.6,29.8,500700,13445325
2025-08-29 13:30:00+05:30,29.85,30.3,28.7,29.15,540375,13526925
2025-08-29 13:31:00+05:30,29.15,29.9,28.7,29.65,238425,13526925
2025-08-29 13:32:00+05:30,29.55,30.05,28.55,28.9,328500,13526925
2025-08-29 13:33:00+05:30,28.9,29.85,28.45,28.6,258750,13482450
2025-08-29 13:34:00+05:30,28.6,29.1,28.05,28.35,323625,13482450
2025-08-29 13:35:00+05:30,28.35,29.3,28.15,28.75,250725,13482450
2025-08-29 13:36:00+05:30,28.65,29.2,28.4,28.95,243975,13352175
2025-08-29 13:37:00+05:30,28.95,29.75,28.9,29.3,234375,13352175
2025-08-29 13:38:00+05:30,29.3,29.8,28.7,29.0,205350,13352175
2025-08-29 13:39:00+05:30,28.95,29.25,27.85,28.15,319200,13352175
2025-08-29 13:40:00+05:30,28.25,29.55,28.2,29.45,328875,13293900
2025-08-29 13:41:00+05:30,29.35,29.75,28.55,28.8,200925,13293900
2025-08-29 13:42:00+05:30,28.7,29.3,28.6,28.75,116850,13293900
2025-08-29 13:43:00+05:30,28.7,28.75,28.25,28.35,166125,13225875
2025-08-29 13:44:00+05:30,28.45,28.45,27.55,27.9,414675,13225875
2025-08-29 13:45:00+05:30,27.95,28.1,27.3,27.45,271500,13225875
2025-08-29 13:46:00+05:30,27.4,28.35,27.25,28.15,394800,13230600
2025-08-29 13:47:00+05:30,28.05,28.05,26.55,27.0,441525,13230600
2025-08-29 13:48:00+05:30,27.1,27.9,27.0,27.05,188175,13230600
2025-08-29 13:49:00+05:30,27.1,27.35,26.95,27.05,205425,13104075
2025-08-29 13:50:00+05:30,27.1,28.2,26.9,27.9,280350,13104075
2025-08-29 13:51:00+05:30,27.8,28.85,27.3,28.6,411225,13104075
2025-08-29 13:52:00+05:30,28.6,29.45,28.15,29.2,555900,13075200
2025-08-29 13:53:00+05:30,29.2,29.25,26.95,27.45,496650,13075200
2025-08-29 13:54:00+05:30,27.45,27.5,25.0,26.3,1060875,13048500
2025-08-29 13:55:00+05:30,26.25,26.95,25.5,25.8,542325,13048500
2025-08-29 13:56:00+05:30,25.7,25.9,24.85,25.25,962025,13048500
2025-08-29 13:57:00+05:30,25.2,25.2,23.85,24.05,1004175,13048500
2025-08-29 13:58:00+05:30,24.05,24.9,23.35,24.25,782475,13020975
2025-08-29 13:59:00+05:30,24.35,24.55,23.25,23.65,509475,13020975
2025-08-29 14:00:00+05:30,23.5,24.1,23.4,23.7,649800,13020975
2025-08-29 14:01:00+05:30,23.6,24.4,23.1,24.25,582225,13044300
2025-08-29 14:02:00+05:30,24.3,24.65,23.8,24.65,260550,13044300
2025-08-29 14:03:00+05:30,24.65,25.35,23.95,24.85,512400,13044300
2025-08-29 14:04:00+05:30,24.85,25.15,24.35,24.75,684300,13042275
2025-08-29 14:05:00+05:30,24.7,25.1,24.35,24.35,368475,13042275
2025-08-29 14:06:00+05:30,24.35,25.2,24.05,25.15,389475,13042275
2025-08-29 14:07:00+05:30,25.15,25.95,24.8,25.9,261075,13368225
2025-08-29 14:08:00+05:30,25.85,26.8,25.2,26.65,455325,13368225
2025-08-29 14:09:00+05:30,26.7,27.0,26.2,26.65,707625,13368225
2025-08-29 14:10:00+05:30,26.65,28.55,26.55,28.25,880875,13315875
2025-08-29 14:11:00+05:30,28.3,30.0,27.85,28.35,1245675,13315875
2025-08-29 14:12:00+05:30,28.25,28.95,27.55,28.8,577500,13315875
2025-08-29 14:13:00+05:30,28.7,30.0,28.65,29.8,705900,13523700
2025-08-29 14:14:00+05:30,29.85,30.15,28.85,29.25,779550,13523700
2025-08-29 14:15:00+05:30,29.2,29.75,28.4,29.2,491400,13523700
2025-08-29 14:16:00+05:30,29.15,30.35,28.8,30.3,456300,13460175
2025-08-29 14:17:00+05:30,30.2,30.25,28.25,29.0,447975,13460175
2025-08-29 14:18:00+05:30,29.1,29.65,28.4,29.05,417300,13460175
2025-08-29 14:19:00+05:30,29.1,29.65,28.65,29.4,325275,13413450
2025-08-29 14:20:00+05:30,29.45,29.65,27.85,28.4,620250,13413450
2025-08-29 14:21:00+05:30,28.3,38.9,28.3,33.3,4627050,12863550
2025-08-29 14:22:00+05:30,33.3,35.9,31.45,35.25,2218350,12863550
2025-08-29 14:23:00+05:30,35.25,35.95,32.2,32.5,2192100,12863550
2025-08-29 14:24:00+05:30,32.55,32.7,29.3,31.35,2011200,12555225
2025-08-29 14:25:00+05:30,31.3,31.85,27.4,27.4,1612725,12555225
2025-08-29 14:26:00+05:30,27.4,27.7,24.1,24.15,3121200,12555225
2025-08-29 14:27:00+05:30,24.15,26.0,23.45,24.65,2078850,12555225
2025-08-29 14:28:00+05:30,24.55,25.3,23.95,24.25,944175,12759075
2025-08-29 14:29:00+05:30,24.35,24.6,21.55,23.6,1789650,12759075
2025-08-29 14:30:00+05:30,23.6,25.2,23.1,24.5,1073625,12759075
2025-08-29 14:31:00+05:30,24.6,24.75,23.15,24.05,541800,12801150
2025-08-29 14:32:00+05:30,24.1,24.65,23.35,23.9,457800,12801150
2025-08-29 14:33:00+05:30,23.8,24.5,22.85,23.0,449325,12801150
2025-08-29 14:34:00+05:30,23.05,24.0,22.95,23.65,432075,12928275
2025-08-29 14:35:00+05:30,23.65,24.15,23.4,23.55,351675,12928275
2025-08-29 14:36:00+05:30,23.5,23.9,22.8,23.8,494325,12928275
2025-08-29 14:37:00+05:30,23.85,23.85,22.6,22.65,366975,12904650
2025-08-29 14:38:00+05:30,22.7,22.9,20.3,21.05,1573725,12904650
2025-08-29 14:39:00+05:30,21.1,21.3,19.45,20.15,1142250,12904650
2025-08-29 14:40:00+05:30,20.05,20.3,19.1,20.1,741225,12609675
2025-08-29 14:41:00+05:30,20.0,20.9,19.7,20.15,958275,12609675
2025-08-29 14:42:00+05:30,20.2,20.45,19.55,19.95,534600,12609675
2025-08-29 14:43:00+05:30,19.95,20.4,19.4,19.75,1026300,12587250
2025-08-29 14:44:00+05:30,19.8,20.85,19.6,20.75,449100,12587250
2025-08-29 14:45:00+05:30,20.65,21.4,20.4,21.2,746700,12587250
2025-08-29 14:46:00+05:30,21.25,22.55,21.1,21.75,857400,12333375
2025-08-29 14:47:00+05:30,21.75,22.1,21.1,21.75,528975,12333375
2025-08-29 14:48:00+05:30,21.8,22.65,21.35,21.55,515700,12219825
2025-08-29 14:49:00+05:30,21.55,21.8,20.85,21.45,511350,12219825
2025-08-29 14:50:00+05:30,21.55,22.0,21.35,21.5,362025,12219825
2025-08-29 14:51:00+05:30,21.5,21.55,20.5,20.7,470475,12219825
2025-08-29 14:52:00+05:30,20.8,21.45,20.1,20.45,372450,12045750
2025-08-29 14:53:00+05:30,20.45,21.65,20.4,21.5,396525,12045750
2025-08-29 14:54:00+05:30,21.5,22.5,21.45,22.25,638400,12045750
2025-08-29 14:55:00+05:30,22.25,23.15,22.05,22.5,615075,11992050
2025-08-29 14:56:00+05:30,22.5,23.65,22.5,23.1,894225,11992050
2025-08-29 14:57:00+05:30,23.1,23.75,22.5,23.5,653475,11992050
2025-08-29 14:58:00+05:30,23.55,24.45,23.05,24.45,698025,12094650
2025-08-29 14:59:00+05:30,24.45,25.8,24.05,24.8,1106400,12094650
2025-08-29 15:00:00+05:30,24.9,25.4,21.9,22.35,1438275,12094650
2025-08-29 15:01:00+05:30,22.35,23.0,21.8,22.3,599775,11798775
2025-08-29 15:02:00+05:30,22.2,22.55,21.3,21.65,566625,11798775
2025-08-29 15:03:00+05:30,21.7,22.0,21.2,21.25,580425,11798775
2025-08-29 15:04:00+05:30,21.35,21.4,20.0,20.1,778425,11737125
2025-08-29 15:05:00+05:30,20.2,21.15,20.2,20.7,579150,11737125
2025-08-29 15:06:00+05:30,20.65,21.1,20.25,20.55,656325,11737125
2025-08-29 15:07:00+05:30,20.5,20.75,19.2,19.7,1022550,11655225
2025-08-29 15:08:00+05:30,19.7,19.95,18.8,19.05,831900,11655225
2025-08-29 15:09:00+05:30,19.0,19.3,17.5,18.0,1290000,11655225
2025-08-29 15:10:00+05:30,18.05,18.8,17.75,18.35,1068825,11417100
2025-08-29 15:11:00+05:30,18.3,18.65,17.85,18.25,854100,11417100
2025-08-29 15:12:00+05:30,18.2,18.8,17.75,18.05,1216800,11417100
2025-08-29 15:13:00+05:30,18.0,18.8,17.9,18.1,865350,11063550
2025-08-29 15:14:00+05:30,18.2,18.7,18.15,18.55,829875,11063550
2025-08-29 15:15:00+05:30,18.65,20.3,18.6,19.95,1527750,11063550
2025-08-29 15:16:00+05:30,19.9,20.55,19.1,19.4,929025,10738200
2025-08-29 15:17:00+05:30,19.45,20.15,19.45,19.65,675600,10738200
2025-08-29 15:18:00+05:30,19.75,20.3,19.4,19.75,1134975,10738200
2025-08-29 15:19:00+05:30,19.85,20.45,19.45,19.5,842625,10635900
2025-08-29 15:20:00+05:30,19.55,20.3,19.3,19.4,1107150,10635900
2025-08-29 15:21:00+05:30,19.4,21.0,19.4,20.25,939000,10635900
2025-08-29 15:22:00+05:30,20.35,20.55,19.75,20.35,557775,10419750
2025-08-29 15:23:00+05:30,20.35,20.7,19.5,19.75,712125,10419750
2025-08-29 15:24:00+05:30,19.75,20.6,19.7,20.45,505200,10419750
2025-08-29 15:25:00+05:30,20.45,21.15,20.4,20.9,950250,10195425
2025-08-29 15:26:00+05:30,20.85,20.95,20.05,20.4,651525,10195425
2025-08-29 15:27:00+05:30,20.45,21.0,20.35,20.95,902625,10300950
2025-08-29 15:28:00+05:30,21.0,21.1,20.6,20.9,900825,10300950
2025-08-29 15:29:00+05:30,20.95,21.0,20.0,20.1,855525,10300950
2025-09-01 09:15:00+05:30,19.9,25.75,15.0,24.4,3683325,9825525
2025-09-01 09:16:00+05:30,24.4,24.6,19.75,22.3,3271350,9825525
2025-09-01 09:17:00+05:30,22.15,22.35,19.5,21.9,2176125,9825525
2025-09-01 09:18:00+05:30,21.9,23.0,20.05,20.15,2282475,11445300
2025-09-01 09:19:00+05:30,20.05,21.25,19.65,20.75,1793325,11445300
2025-09-01 09:20:00+05:30,20.8,21.75,19.05,19.25,1905975,11445300
2025-09-01 09:21:00+05:30,19.25,19.55,17.4,18.75,2374950,11994975
2025-09-01 09:22:00+05:30,18.7,21.4,18.6,21.1,1670775,11994975
2025-09-01 09:23:00+05:30,21.05,22.3,20.1,21.3,1552425,12446175
2025-09-01 09:24:00+05:30,21.25,21.45,19.7,20.65,1104450,12446175
2025-09-01 09:25:00+05:30,20.55,20.65,18.7,20.4,1361700,12446175
2025-09-01 09:26:00+05:30,20.4,20.6,18.7,18.85,1206750,12446175
2025-09-01 09:27:00+05:30,18.85,19.6,18.0,18.25,1331475,13007925
2025-09-01 09:28:00+05:30,18.25,18.8,16.95,17.5,1588500,13007925
2025-09-01 09:29:00+05:30,17.5,19.2,17.35,19.05,1213275,13248750
2025-09-01 09:30:00+05:30,19.15,19.4,17.8,19.35,1158075,13248750
2025-09-01 09:31:00+05:30,19.35,21.8,18.6,19.05,2114700,13248750
2025-09-01 09:32:00+05:30,19.15,19.25,17.45,18.85,1347375,13248750
2025-09-01 09:33:00+05:30,18.8,20.5,18.6,20.45,1017825,13515525
2025-09-01 09:34:00+05:30,20.45,22.0,20.0,21.65,1964325,13515525
2025-09-01 09:35:00+05:30,21.55,21.85,19.55,20.1,1396275,13515525
2025-09-01 09:36:00+05:30,20.05,21.4,19.9,20.6,1001850,13372575
2025-09-01 09:37:00+05:30,20.5,21.1,19.35,20.15,1205100,13372575
2025-09-01 09:38:00+05:30,20.15,20.55,19.0,19.25,1007625,13840275
2025-09-01 09:39:00+05:30,19.25,19.9,18.15,18.15,1208850,13840275
2025-09-01 09:40:00+05:30,18.15,18.7,17.05,18.1,1770600,13840275
2025-09-01 09:41:00+05:30,18.1,18.7,16.8,17.85,1270575,13840275
2025-09-01 09:42:00+05:30,17.85,18.6,17.0,17.1,597225,14070675
2025-09-01 09:43:00+05:30,17.1,18.8,17.05,18.15,666900,14070675
2025-09-01 09:44:00+05:30,18.2,19.15,17.4,19.15,900075,14070675
2025-09-01 09:45:00+05:30,19.1,20.1,18.0,19.9,1191450,14175750
2025-09-01 09:46:00+05:30,19.95,20.65,19.2,19.4,1186575,14175750
2025-09-01 09:47:00+05:30,19.3,19.85,18.4,19.3,910800,14175750
2025-09-01 09:48:00+05:30,19.3,19.75,18.95,19.4,704925,14399625
2025-09-01 09:49:00+05:30,19.4,20.15,17.3,17.95,1308075,14399625
2025-09-01 09:50:00+05:30,18.0,18.8,17.6,18.75,597900,14399625
2025-09-01 09:51:00+05:30,18.75,19.8,18.05,19.65,863550,14534925
2025-09-01 09:52:00+05:30,19.65,20.75,19.5,19.8,1381575,14534925
2025-09-01 09:53:00+05:30,19.85,21.25,19.4,20.9,1209150,14534925
2025-09-01 09:54:00+05:30,20.9,21.2,20.15,20.95,1397475,14524350
2025-09-01 09:55:00+05:30,20.95,21.1,18.9,19.05,1752225,14524350
2025-09-01 09:56:00+05:30,19.05,19.3,17.5,18.7,1463250,14524350
2025-09-01 09:57:00+05:30,18.7,19.35,17.9,18.55,775500,14641650
2025-09-01 09:58:00+05:30,18.55,19.2,17.8,19.1,729000,14641650
2025-09-01 09:59:00+05:30,19.15,19.45,17.7,18.2,757200,14641650
2025-09-01 10:00:00+05:30,18.2,18.9,17.7,18.8,700425,14796825
2025-09-01 10:01:00+05:30,18.8,18.85,17.8,18.05,411375,14796825
2025-09-01 10:02:00+05:30,18.0,19.4,17.6,18.8,798525,14796825
2025-09-01 10:03:00+05:30,18.7,18.8,17.7,18.35,596400,14811750
2025-09-01 10:04:00+05:30,18.45,18.6,16.7,17.45,1350450,14811750
2025-09-01 10:05:00+05:30,17.35,17.65,16.7,17.6,805575,14811750
2025-09-01 10:06:00+05:30,17.6,17.9,16.5,16.8,874200,15047850
2025-09-01 10:07:00+05:30,16.8,17.3,16.7,17.05,554025,15047850
2025-09-01 10:08:00+05:30,17.0,17.15,16.35,17.05,711525,15047850
2025-09-01 10:09:00+05:30,16.95,17.85,16.85,17.2,755400,14979150
2025-09-01 10:10:00+05:30,17.1,17.5,15.3,16.55,1898925,14979150
2025-09-01 10:11:00+05:30,16.45,17.1,16.2,16.7,668400,14979150
2025-09-01 10:12:00+05:30,16.65,16.95,15.75,15.8,737775,15024600
2025-09-01 10:13:00+05:30,15.8,16.05,15.35,15.9,602025,15024600
2025-09-01 10:14:00+05:30,15.85,16.25,15.25,15.55,688575,15024600
2025-09-01 10:15:00+05:30,15.45,16.15,15.15,16.0,719550,15162225
2025-09-01 10:16:00+05:30,15.95,16.5,15.35,16.5,528675,15162225
2025-09-01 10:17:00+05:30,16.4,16.75,15.45,16.15,826500,15087375
2025-09-01 10:18:00+05:30,16.1,16.4,15.3,15.65,537975,15087375
2025-09-01 10:19:00+05:30,15.65,15.65,14.1,14.45,1924050,15087375
2025-09-01 10:20:00+05:30,14.5,14.85,14.1,14.75,919425,15087375
2025-09-01 10:21:00+05:30,14.8,14.9,13.85,14.15,1223625,14970375
2025-09-01 10:22:00+05:30,14.15,14.2,13.1,13.45,1653900,14970375
2025-09-01 10:23:00+05:30,13.45,14.25,13.3,13.95,666900,14970375
2025-09-01 10:24:00+05:30,14.0,14.5,13.65,14.25,993750,14778900
2025-09-01 10:25:00+05:30,14.25,15.45,14.0,14.8,1650150,14778900
2025-09-01 10:26:00+05:30,14.7,14.8,13.95,14.55,1013100,14778900
2025-09-01 10:27:00+05:30,14.5,15.7,14.5,15.4,1166850,15075225
2025-09-01 10:28:00+05:30,15.5,16.15,15.35,15.7,984450,15075225
2025-09-01 10:29:00+05:30,15.65,16.05,14.8,15.15,872700,15075225
2025-09-01 10:30:00+05:30,15.15,15.4,14.35,14.75,705600,15257700
2025-09-01 10:31:00+05:30,14.75,15.05,12.75,13.25,1725225,15257700
2025-09-01 10:32:00+05:30,13.3,13.85,12.95,13.0,785625,15257700
2025-09-01 10:33:00+05:30,13.05,13.2,12.5,12.9,940350,15242700
2025-09-01 10:34:00+05:30,12.95,13.25,12.65,13.05,1016100,15242700
2025-09-01 10:35:00+05:30,13.0,13.55,12.9,13.3,486075,15242700
2025-09-01 10:36:00+05:30,13.3,13.85,13.0,13.2,742800,15315225
2025-09-01 10:37:00+05:30,13.25,13.7,12.95,13.6,611175,15315225
2025-09-01 10:38:00+05:30,13.65,13.85,13.05,13.2,484725,15315225
2025-09-01 10:39:00+05:30,13.25,13.4,12.6,13.15,617175,15407625
2025-09-01 10:40:00+05:30,13.15,13.35,12.85,13.2,428625,15407625
2025-09-01 10:41:00+05:30,13.2,13.7,12.95,13.35,510375,15407625
2025-09-01 10:42:00+05:30,13.4,13.85,13.0,13.8,405600,15563400
2025-09-01 10:43:00+05:30,13.8,14.6,13.75,14.4,854250,15563400
2025-09-01 10:44:00+05:30,14.5,15.15,13.95,14.8,763650,15558600
2025-09-01 10:45:00+05:30,14.75,16.1,14.6,15.95,1159350,15558600
2025-09-01 10:46:00+05:30,15.9,16.75,15.5,16.05,1695225,15558600
2025-09-01 10:47:00+05:30,16.15,16.3,15.6,15.8,801000,15558600
2025-09-01 10:48:00+05:30,15.85,15.9,15.05,15.1,805125,15539700
2025-09-01 10:49:00+05:30,15.1,16.05,15.1,15.9,422100,15539700
2025-09-01 10:50:00+05:30,15.85,16.15,15.55,15.95,483600,15539700
2025-09-01 10:51:00+05:30,15.95,16.2,14.65,14.85,862800,15574275
2025-09-01 10:52:00+05:30,14.85,15.1,14.45,15.0,546900,15574275
2025-09-01 10:53:00+05:30,14.9,15.4,13.8,13.8,748800,15574275
2025-09-01 10:54:00+05:30,13.8,14.3,13.15,14.25,1005525,15450750
2025-09-01 10:55:00+05:30,14.25,14.7,13.65,13.9,489000,15450750
2025-09-01 10:56:00+05:30,13.85,15.0,13.5,14.8,536475,15450750
2025-09-01 10:57:00+05:30,14.75,15.8,14.3,15.65,732825,15516375
2025-09-01 10:58:00+05:30,15.75,16.0,15.25,15.45,789450,15516375
2025-09-01 10:59:00+05:30,15.45,16.4,15.35,16.0,661875,15516375
2025-09-01 11:00:00+05:30,15.95,17.15,15.95,16.7,1448250,15685125
2025-09-01 11:01:00+05:30,16.65,16.7,15.5,16.25,857925,15685125
2025-09-01 11:02:00+05:30,16.3,16.7,15.7,15.85,540075,15685125
2025-09-01 11:03:00+05:30,15.85,16.4,15.65,16.25,358800,15804225
2025-09-01 11:04:00+05:30,16.3,16.5,16.0,16.45,546975,15804225
2025-09-01 11:05:00+05:30,16.5,16.6,15.6,15.75,568425,15804225
2025-09-01 11:06:00+05:30,15.75,16.05,14.35,15.1,1091100,15746100
2025-09-01 11:07:00+05:30,15.1,15.7,14.8,15.3,567900,15746100
2025-09-01 11:08:00+05:30,15.25,15.25,14.5,14.9,396975,15746100
2025-09-01 11:09:00+05:30,14.95,15.5,14.75,15.25,287850,15756600
2025-09-01 11:10:00+05:30,15.25,15.85,15.1,15.15,390900,15756600
2025-09-01 11:11:00+05:30,15.15,15.5,14.9,15.35,295350,15756600
2025-09-01 11:12:00+05:30,15.4,15.7,14.9,15.2,320400,15752250
2025-09-01 11:13:00+05:30,15.1,16.15,15.1,15.95,411750,15752250
2025-09-01 11:14:00+05:30,16.0,16.4,15.3,15.55,513300,15752250
2025-09-01 11:15:00+05:30,15.55,15.75,14.6,15.0,645375,15879225
2025-09-01 11:16:00+05:30,15.0,15.5,14.8,15.0,266550,15879225
2025-09-01 11:17:00+05:30,15.05,16.0,15.05,15.95,290175,15923400
2025-09-01 11:18:00+05:30,15.95,16.1,15.05,15.3,456225,15923400
2025-09-01 11:19:00+05:30,15.4,15.95,15.25,15.65,267150,15923400
2025-09-01 11:20:00+05:30,15.65,15.95,15.2,15.95,303300,15923400
2025-09-01 11:21:00+05:30,15.85,16.15,15.0,15.35,655125,16076175
2025-09-01 11:22:00+05:30,15.35,15.5,14.75,15.05,456450,16076175
2025-09-01 11:23:00+05:30,14.9,15.45,14.6,15.2,381450,16076175
2025-09-01 11:24:00+05:30,15.2,15.55,14.8,15.05,341550,16152450
2025-09-01 11:25:00+05:30,15.0,15.75,14.95,15.65,380025,16152450
2025-09-01 11:26:00+05:30,15.7,16.1,15.05,15.6,568800,16152450
2025-09-01 11:27:00+05:30,15.65,16.0,15.6,15.9,250050,16131525
2025-09-01 11:28:00+05:30,16.0,16.3,15.35,15.55,517050,16131525
2025-09-01 11:29:00+05:30,15.55,16.6,15.55,15.85,983550,16131525
2025-09-01 11:30:00+05:30,15.8,16.1,15.0,15.9,578700,16050450
2025-09-01 11:31:00+05:30,15.95,16.95,15.9,16.7,1173150,16050450
2025-09-01 11:32:00+05:30,16.75,16.75,14.4,14.95,1400175,16050450
2025-09-01 11:33:00+05:30,14.95,15.2,14.6,14.85,374025,16170000
2025-09-01 11:34:00+05:30,14.85,14.9,13.7,14.7,1317450,16170000
2025-09-01 11:35:00+05:30,14.7,14.95,14.5,14.7,371475,16170000
2025-09-01 11:36:00+05:30,14.6,14.8,14.05,14.3,376800,16068600
2025-09-01 11:37:00+05:30,14.4,14.45,13.85,14.2,434700,16068600
2025-09-01 11:38:00+05:30,14.25,14.3,13.75,13.9,339075,16068600
2025-09-01 11:39:00+05:30,14.0,14.45,14.0,14.35,366300,16047825
2025-09-01 11:40:00+05:30,14.35,14.75,14.0,14.6,462675,16047825
2025-09-01 11:41:00+05:30,14.55,14.8,14.0,14.15,311850,16047825
2025-09-01 11:42:00+05:30,14.1,14.35,13.85,14.3,330300,16104225
2025-09-01 11:43:00+05:30,14.25,14.35,13.25,13.45,582000,16104225
2025-09-01 11:44:00+05:30,13.5,14.2,13.25,13.9,470475,16104225
2025-09-01 11:45:00+05:30,13.9,14.25,13.15,13.55,659700,15976950
2025-09-01 11:46:00+05:30,13.55,13.75,13.2,13.45,507675,15976950
2025-09-01 11:47:00+05:30,13.5,13.5,12.6,12.65,1007550,15976950
2025-09-01 11:48:00+05:30,12.65,13.1,12.35,12.95,804525,15633300
2025-09-01 11:49:00+05:30,12.9,13.15,12.1,12.2,833025,15633300
2025-09-01 11:50:00+05:30,12.25,12.8,12.2,12.75,579525,15633300
2025-09-01 11:51:00+05:30,12.7,12.9,12.3,12.5,578775,15844050
2025-09-01 11:52:00+05:30,12.45,12.7,12.1,12.6,469725,15844050
2025-09-01 11:53:00+05:30,12.6,12.75,12.1,12.25,419250,15844050
2025-09-01 11:54:00+05:30,12.2,12.55,11.8,12.35,856050,15854475
2025-09-01 11:55:00+05:30,12.35,12.55,12.1,12.2,378900,15854475
2025-09-01 11:56:00+05:30,12.2,12.5,12.0,12.2,406875,15854475
2025-09-01 11:57:00+05:30,12.25,12.85,12.2,12.7,455400,15879150
2025-09-01 11:58:00+05:30,12.75,12.95,12.35,12.35,529575,15879150
2025-09-01 11:59:00+05:30,12.45,12.65,12.15,12.3,292200,15879150
2025-09-01 12:00:00+05:30,12.3,13.1,12.2,12.95,420825,15787350
2025-09-01 12:01:00+05:30,12.95,13.35,12.8,13.35,688500,15787350
2025-09-01 12:02:00+05:30,13.25,13.65,13.05,13.3,1165125,15787350
2025-09-01 12:03:00+05:30,13.3,13.5,12.7,13.05,622875,15982575
2025-09-01 12:04:00+05:30,13.05,13.15,12.65,12.75,361650,15982575
2025-09-01 12:05:00+05:30,12.65,13.5,12.55,13.45,479700,15982575
2025-09-01 12:06:00+05:30,13.4,14.0,13.2,13.95,490950,16013700
2025-09-01 12:07:00+05:30,13.95,14.15,13.3,13.65,646425,16013700
2025-09-01 12:08:00+05:30,13.65,14.1,13.65,14.0,440025,16013700
2025-09-01 12:09:00+05:30,14.0,14.25,13.55,14.05,519150,16153725
2025-09-01 12:10:00+05:30,14.05,14.1,13.8,13.8,273600,16153725
2025-09-01 12:11:00+05:30,13.85,14.0,13.7,13.7,168375,16215150
2025-09-01 12:12:00+05:30,13.75,13.95,13.5,13.9,279000,16215150
2025-09-01 12:13:00+05:30,13.85,14.3,13.7,13.95,505650,16215150
2025-09-01 12:14:00+05:30,14.0,14.85,14.0,14.3,684150,16215150
2025-09-01 12:15:00+05:30,14.3,14.65,14.05,14.35,417375,16202250
2025-09-01 12:16:00+05:30,14.4,15.0,14.35,14.7,516975,16202250
2025-09-01 12:17:00+05:30,14.75,14.8,14.1,14.4,790500,16202250
2025-09-01 12:18:00+05:30,14.35,14.65,14.3,14.5,334950,16131150
2025-09-01 12:19:00+05:30,14.55,14.95,14.3,14.35,398175,16131150
2025-09-01 12:20:00+05:30,14.35,14.6,13.8,14.0,539775,16131150
2025-09-01 12:21:00+05:30,14.0,14.9,13.9,14.65,413625,16131150
2025-09-01 12:22:00+05:30,14.6,15.55,14.55,15.05,657600,16091625
2025-09-01 12:23:00+05:30,15.05,15.85,15.05,15.75,601425,16091625
2025-09-01 12:24:00+05:30,15.75,17.3,15.55,17.1,1576425,16091625
2025-09-01 12:25:00+05:30,17.1,19.0,16.8,17.4,2870100,15997050
2025-09-01 12:26:00+05:30,17.4,17.9,16.5,17.85,1103175,15997050
2025-09-01 12:27:00+05:30,17.85,18.35,17.5,18.15,1614000,15997050
2025-09-01 12:28:00+05:30,18.2,20.65,18.15,20.4,3496350,16102275
2025-09-01 12:29:00+05:30,20.45,20.75,19.25,20.15,2511225,16102275
2025-09-01 12:30:00+05:30,20.1,20.6,19.35,19.95,1578900,16102275
2025-09-01 12:31:00+05:30,19.9,20.4,17.75,19.05,2507850,15988575
2025-09-01 12:32:00+05:30,19.0,19.15,17.3,17.6,1225575,15988575
2025-09-01 12:33:00+05:30,17.6,18.45,17.35,18.2,731175,15988575
2025-09-01 12:34:00+05:30,18.1,19.5,18.1,19.35,923400,16086450
2025-09-01 12:35:00+05:30,19.35,19.5,18.05,18.4,1140225,16086450
2025-09-01 12:36:00+05:30,18.35,18.7,16.8,16.95,1561200,16086450
2025-09-01 12:37:00+05:30,16.95,18.7,16.8,18.35,1025250,16249200
2025-09-01 12:38:00+05:30,18.35,19.5,18.35,19.35,922575,16249200
2025-09-01 12:39:00+05:30,19.4,20.5,18.5,18.8,1575300,16249200
2025-09-01 12:40:00+05:30,18.8,19.65,18.75,18.95,711150,16452225
2025-09-01 12:41:00+05:30,18.95,19.85,18.8,19.05,804750,16452225
2025-09-01 12:42:00+05:30,19.0,19.35,17.7,18.2,1167825,16452225
2025-09-01 12:43:00+05:30,18.2,18.3,17.5,17.85,706875,16540950
2025-09-01 12:44:00+05:30,17.8,18.2,17.3,18.15,554400,16540950
2025-09-01 12:45:00+05:30,18.15,18.3,16.85,17.55,1041525,16540950
2025-09-01 12:46:00+05:30,17.55,18.7,17.4,18.55,780825,16439550
2025-09-01 12:47:00+05:30,18.5,18.8,17.5,18.55,661950,16439550
2025-09-01 12:48:00+05:30,18.45,19.25,18.25,19.0,718200,16439550
2025-09-01 12:49:00+05:30,19.05,19.6,18.4,18.4,1489950,16491150
2025-09-01 12:50:00+05:30,18.4,18.75,17.1,17.1,1143825,16491150
2025-09-01 12:51:00+05:30,17.1,17.95,16.8,17.85,767100,16491150
2025-09-01 12:52:00+05:30,17.85,18.0,17.2,17.8,373950,16506000
2025-09-01 12:53:00+05:30,17.7,17.9,17.0,17.8,627000,16506000
2025-09-01 12:54:00+05:30,17.85,18.3,17.5,17.6,676425,16506000
2025-09-01 12:55:00+05:30,17.6,17.75,15.5,16.7,1934700,16769625
2025-09-01 12:56:00+05:30,16.75,17.45,16.2,16.55,647475,16769625
2025-09-01 12:57:00+05:30,16.55,17.35,15.9,17.0,657525,16769625
2025-09-01 12:58:00+05:30,17.0,17.65,16.75,17.2,447825,16712325
2025-09-01 12:59:00+05:30,17.25,18.4,17.1,18.2,769500,16712325
2025-09-01 13:00:00+05:30,18.2,18.9,17.95,18.75,774675,16712325
2025-09-01 13:01:00+05:30,18.75,19.85,17.65,18.0,1730775,16793475
2025-09-01 13:02:00+05:30,17.9,18.2,17.45,18.1,709350,16793475
2025-09-01 13:03:00+05:30,18.15,18.65,18.05,18.6,736575,16793475
2025-09-01 13:04:00+05:30,18.6,19.75,18.15,19.25,1043175,16983150
2025-09-01 13:05:00+05:30,19.25,19.5,18.6,19.0,1166025,16983150
2025-09-01 13:06:00+05:30,18.9,19.4,18.5,19.25,849375,16983150
2025-09-01 13:07:00+05:30,19.2,21.3,19.15,21.15,3182925,16915125
2025-09-01 13:08:00+05:30,21.2,21.2,19.6,19.85,2388900,16915125
2025-09-01 13:09:00+05:30,19.85,20.95,19.8,20.1,1453050,16915125
2025-09-01 13:10:00+05:30,20.0,20.65,19.7,20.05,1413150,16885275
2025-09-01 13:11:00+05:30,20.15,20.5,19.15,19.25,1314525,16885275
2025-09-01 13:12:00+05:30,19.25,20.2,18.7,20.05,1222350,16885275
2025-09-01 13:13:00+05:30,20.0,20.2,19.1,19.35,733125,16646025
2025-09-01 13:14:00+05:30,19.3,20.2,18.8,20.2,1178925,16646025
2025-09-01 13:15:00+05:30,20.15,20.3,19.5,20.3,1017375,16646025
2025-09-01 13:16:00+05:30,20.1,20.75,19.9,20.45,1197675,16785450
2025-09-01 13:17:00+05:30,20.45,20.7,19.2,19.45,1294800,16785450
2025-09-01 13:18:00+05:30,19.45,20.1,18.95,19.45,740475,16956225
2025-09-01 13:19:00+05:30,19.45,19.95,19.1,19.9,472875,16956225
2025-09-01 13:20:00+05:30,19.8,20.0,19.4,20.0,499725,16956225
2025-09-01 13:21:00+05:30,20.0,20.6,19.85,20.55,824100,16956225
2025-09-01 13:22:00+05:30,20.5,20.65,19.45,19.7,699600,17007675
2025-09-01 13:23:00+05:30,19.75,20.0,18.0,18.8,1273875,17007675
2025-09-01 13:24:00+05:30,18.7,18.95,18.0,18.65,1089675,17007675
2025-09-01 13:25:00+05:30,18.6,18.6,17.0,17.25,1522200,17144625
2025-09-01 13:26:00+05:30,17.3,18.45,16.85,18.4,1033275,17144625
2025-09-01 13:27:00+05:30,18.4,18.4,17.35,18.15,810600,17144625
2025-09-01 13:28:00+05:30,18.15,19.7,18.05,19.4,1212300,17177550
2025-09-01 13:29:00+05:30,19.35,19.9,18.85,19.75,948750,17177550
2025-09-01 13:30:00+05:30,19.7,21.9,19.55,21.65,2525775,16829475
2025-09-01 13:31:00+05:30,21.7,24.0,21.3,23.05,4993725,16829475
2025-09-01 13:32:00+05:30,23.0,23.8,22.35,22.95,2594700,16829475
2025-09-01 13:33:00+05:30,23.0,24.1,22.5,22.9,2703900,16829475
2025-09-01 13:34:00+05:30,22.8,23.15,21.8,22.95,1816125,16671600
2025-09-01 13:35:00+05:30,22.9,23.05,21.7,22.05,1492500,16671600
2025-09-01 13:36:00+05:30,21.95,23.15,21.85,22.6,1490400,16671600
2025-09-01 13:37:00+05:30,22.6,22.75,21.55,21.8,1023375,17029500
2025-09-01 13:38:00+05:30,21.7,22.6,21.7,22.15,743550,17029500
2025-09-01 13:39:00+05:30,22.15,23.0,21.85,22.9,935475,17029500
2025-09-01 13:40:00+05:30,22.9,23.0,21.8,21.95,1164675,17265300
2025-09-01 13:41:00+05:30,21.95,22.1,20.8,21.05,1797450,17265300
2025-09-01 13:42:00+05:30,21.05,21.15,19.7,21.0,2197875,17265300
2025-09-01 13:43:00+05:30,21.0,21.65,20.1,20.4,1371825,16957425
2025-09-01 13:44:00+05:30,20.35,20.9,20.1,20.6,605250,16957425
2025-09-01 13:45:00+05:30,20.6,21.4,20.15,21.2,941925,16957425
2025-09-01 13:46:00+05:30,21.2,21.95,21.15,21.85,837675,17190600
2025-09-01 13:47:00+05:30,21.85,22.15,19.55,20.15,1663650,17190600
2025-09-01 13:48:00+05:30,20.1,21.1,19.55,21.0,989250,17010000
2025-09-01 13:49:00+05:30,21.0,21.2,20.6,21.15,546675,17010000
2025-09-01 13:50:00+05:30,21.05,22.0,21.05,21.65,896100,17010000
2025-09-01 13:51:00+05:30,21.75,22.6,20.55,22.5,1319925,17038275
2025-09-01 13:52:00+05:30,22.45,23.3,21.75,22.0,1902225,17038275
2025-09-01 13:53:00+05:30,22.05,22.35,21.1,21.55,836250,17038275
2025-09-01 13:54:00+05:30,21.45,21.6,20.35,21.4,1115400,17130150
2025-09-01 13:55:00+05:30,21.4,21.8,20.8,21.6,577350,17130150
2025-09-01 13:56:00+05:30,21.65,22.4,21.35,22.25,753675,17130150
2025-09-01 13:57:00+05:30,22.2,22.3,21.25,21.4,713550,17130150
2025-09-01 13:58:00+05:30,21.4,22.15,21.3,21.45,530475,17313300
2025-09-01 13:59:00+05:30,21.5,21.85,20.9,21.5,703725,17313300
2025-09-01 14:00:00+05:30,21.45,22.4,21.25,21.7,871125,17313300
2025-09-01 14:01:00+05:30,21.7,22.5,21.35,22.05,889050,17287575
2025-09-01 14:02:00+05:30,22.05,22.25,21.5,22.1,659025,17287575
2025-09-01 14:03:00+05:30,22.05,23.5,22.05,22.95,1929225,17287575
2025-09-01 14:04:00+05:30,22.8,23.95,22.45,23.4,1895475,17014275
2025-09-01 14:05:00+05:30,23.3,23.95,22.55,22.75,1878150,17014275
2025-09-01 14:06:00+05:30,22.7,23.85,22.25,23.25,1146900,17014275
2025-09-01 14:07:00+05:30,23.25,23.3,22.25,23.1,997650,17362050
2025-09-01 14:08:00+05:30,23.1,23.85,22.55,23.8,865650,17362050
2025-09-01 14:09:00+05:30,23.7,26.9,23.7,26.0,5340375,17362050
2025-09-01 14:10:00+05:30,25.9,26.4,25.35,26.1,2279925,16288575
2025-09-01 14:11:00+05:30,26.05,26.35,24.1,25.05,2363100,16288575
2025-09-01 14:12:00+05:30,25.05,26.3,24.65,25.9,1442025,16288575
2025-09-01 14:13:00+05:30,25.85,25.95,24.4,25.35,1612125,16258725
2025-09-01 14:14:00+05:30,25.35,27.8,25.0,26.15,2601450,16258725
2025-09-01 14:15:00+05:30,26.1,26.4,24.7,25.6,2171250,16258725
2025-09-01 14:16:00+05:30,25.6,25.8,23.5,24.4,2062800,16405425
2025-09-01 14:17:00+05:30,24.3,25.25,24.2,25.0,959625,16405425
2025-09-01 14:18:00+05:30,24.9,25.0,23.55,24.6,1068075,16405425
2025-09-01 14:19:00+05:30,24.6,24.75,23.75,24.2,598350,16463250
2025-09-01 14:20:00+05:30,24.1,25.0,24.1,24.75,764775,16463250
2025-09-01 14:21:00+05:30,24.75,24.85,22.8,23.8,1644450,16463250
2025-09-01 14:22:00+05:30,23.85,24.5,23.45,24.45,633975,16513800
2025-09-01 14:23:00+05:30,24.5,25.25,24.1,24.55,1182000,16513800
2025-09-01 14:24:00+05:30,24.45,24.75,23.9,24.2,564975,16513800
2025-09-01 14:25:00+05:30,24.2,24.8,24.0,24.7,493575,16497675
2025-09-01 14:26:00+05:30,24.65,24.75,23.2,23.3,982200,16497675
2025-09-01 14:27:00+05:30,23.25,23.6,21.75,22.2,2481600,16497675
2025-09-01 14:28:00+05:30,22.15,23.05,21.95,22.2,1134600,16219650
2025-09-01 14:29:00+05:30,22.25,22.45,21.2,22.4,1543125,16219650
2025-09-01 14:30:00+05:30,22.35,23.8,22.15,23.55,1690800,16219650
2025-09-01 14:31:00+05:30,23.6,25.0,23.4,24.45,2323050,16134450
2025-09-01 14:32:00+05:30,24.45,24.45,23.05,24.05,1113675,16134450
2025-09-01 14:33:00+05:30,24.0,26.0,23.85,25.95,1872225,16061700
2025-09-01 14:34:00+05:30,25.95,26.8,25.25,26.55,2366625,16061700
2025-09-01 14:35:00+05:30,26.55,27.3,25.5,26.0,2292450,16061700
2025-09-01 14:36:00+05:30,26.05,26.1,24.85,25.9,1200000,16061700
2025-09-01 14:37:00+05:30,25.95,26.25,25.35,25.65,828525,16006650
2025-09-01 14:38:00+05:30,25.55,26.0,24.45,24.9,1185375,16006650
2025-09-01 14:39:00+05:30,24.95,26.45,24.7,26.3,1230225,16006650
2025-09-01 14:40:00+05:30,26.35,26.55,25.9,26.2,1085400,15898200
2025-09-01 14:41:00+05:30,26.2,27.7,25.75,26.35,1968375,15898200
2025-09-01 14:42:00+05:30,26.35,26.9,24.3,24.75,1998525,15898200
2025-09-01 14:43:00+05:30,24.8,25.9,24.15,25.75,1248375,15767475
2025-09-01 14:44:00+05:30,25.8,25.95,25.05,25.85,661125,15767475
2025-09-01 14:45:00+05:30,25.85,26.4,25.45,26.05,884400,15767475
2025-09-01 14:46:00+05:30,26.1,26.6,25.5,26.1,820050,15760875
2025-09-01 14:47:00+05:30,26.05,26.05,24.8,25.65,997050,15760875
2025-09-01 14:48:00+05:30,25.65,26.3,25.35,26.0,631125,15760875
2025-09-01 14:49:00+05:30,26.1,26.15,25.05,25.75,593775,15874125
2025-09-01 14:50:00+05:30,25.7,26.2,25.1,25.5,767250,15874125
2025-09-01 14:51:00+05:30,25.5,25.85,24.3,25.75,1144575,15874125
2025-09-01 14:52:00+05:30,25.75,26.15,25.25,25.6,942375,15913200
2025-09-01 14:53:00+05:30,25.6,26.6,25.25,26.3,1092450,15913200
2025-09-01 14:54:00+05:30,26.2,26.55,25.55,25.65,1046250,15802875
2025-09-01 14:55:00+05:30,25.7,27.4,25.4,27.1,2032350,15802875
2025-09-01 14:56:00+05:30,27.15,27.45,26.2,26.95,1717650,15802875
2025-09-01 14:57:00+05:30,26.8,31.95,26.7,31.6,5313975,15097275
2025-09-01 14:58:00+05:30,31.55,32.7,30.15,30.7,4945050,15097275
2025-09-01 14:59:00+05:30,30.8,32.0,30.0,31.3,2741175,15097275
2025-09-01 15:00:00+05:30,31.3,32.8,28.15,28.15,5118450,14996550
2025-09-01 15:01:00+05:30,28.15,28.45,26.45,27.85,3647175,14996550
2025-09-01 15:02:00+05:30,27.8,28.5,25.75,26.0,2647725,14996550
2025-09-01 15:03:00+05:30,26.0,26.8,24.3,26.5,3071400,14996550
2025-09-01 15:04:00+05:30,26.5,28.6,26.3,27.85,2704350,14817900
2025-09-01 15:05:00+05:30,27.85,29.25,27.65,28.65,2567700,14817900
2025-09-01 15:06:00+05:30,28.6,29.3,27.6,28.65,2037900,14817900
2025-09-01 15:07:00+05:30,28.55,29.25,28.2,28.8,1365675,14669250
2025-09-01 15:08:00+05:30,28.8,29.15,27.4,28.75,1389525,14669250
2025-09-01 15:09:00+05:30,28.75,29.7,28.25,29.6,1428300,14669250
2025-09-01 15:10:00+05:30,29.6,30.2,28.75,29.05,2604225,14324475
2025-09-01 15:11:00+05:30,29.05,29.85,28.5,29.1,1499025,14324475
2025-09-01 15:12:00+05:30,29.15,29.45,27.75,28.8,1804800,14324475
2025-09-01 15:13:00+05:30,28.75,29.25,28.15,28.35,1150800,14378325
2025-09-01 15:14:00+05:30,28.3,28.6,27.35,28.4,1344300,14378325
2025-09-01 15:15:00+05:30,28.35,28.35,27.1,28.2,1573575,14378325
2025-09-01 15:16:00+05:30,28.2,29.2,27.9,28.7,1464675,13772475
2025-09-01 15:17:00+05:30,28.7,29.1,28.2,28.6,1142100,13772475
2025-09-01 15:18:00+05:30,28.6,28.9,27.9,28.35,962025,13772475
2025-09-01 15:19:00+05:30,28.35,29.25,28.1,29.0,1389450,13629525
2025-09-01 15:20:00+05:30,29.0,29.0,28.15,28.6,1475100,13629525
2025-09-01 15:21:00+05:30,28.7,28.75,28.0,28.25,1160625,13629525
2025-09-01 15:22:00+05:30,28.25,28.35,27.0,27.4,1540275,13264575
2025-09-01 15:23:00+05:30,27.4,27.9,27.2,27.25,852525,13264575
2025-09-01 15:24:00+05:30,27.2,27.5,26.5,26.9,1547925,13264575
2025-09-01 15:25:00+05:30,27.0,27.3,26.1,26.3,2223975,12640950
2025-09-01 15:26:00+05:30,26.35,27.45,25.5,27.05,1876800,12640950
2025-09-01 15:27:00+05:30,27.15,27.7,26.95,27.55,1458600,12380250
2025-09-01 15:28:00+05:30,27.55,27.9,26.55,27.25,1947825,12380250
2025-09-01 15:29:00+05:30,27.25,27.95,27.0,27.3,2879925,12380250
2025-09-02 09:15:00+05:30,28.0,38.55,23.95,36.4,15164850,13000875
2025-09-02 09:16:00+05:30,36.3,37.8,32.4,32.55,10631850,13000875
2025-09-02 09:17:00+05:30,32.55,33.1,28.1,29.95,9017400,21168975
2025-09-02 09:18:00+05:30,29.85,31.45,27.3,30.25,7660425,21168975
2025-09-02 09:19:00+05:30,30.15,30.4,28.0,28.05,5604225,21168975
2025-09-02 09:20:00+05:30,28.0,28.15,24.75,25.4,9031050,21168975
2025-09-02 09:21:00+05:30,25.3,25.65,20.0,21.5,9681150,26005425
2025-09-02 09:22:00+05:30,21.4,24.3,20.5,22.4,6265650,26005425
2025-09-02 09:23:00+05:30,22.4,23.6,21.3,21.85,4212225,26005425
2025-09-02 09:24:00+05:30,21.85,22.75,21.0,21.3,3674475,28434900
2025-09-02 09:25:00+05:30,21.2,23.45,21.0,21.5,6149100,28434900
2025-09-02 09:26:00+05:30,21.5,22.55,19.3,19.55,5396325,29996775
2025-09-02 09:27:00+05:30,19.65,22.25,18.1,20.35,6591375,29996775
2025-09-02 09:28:00+05:30,20.3,22.85,19.15,19.9,5394900,29996775
2025-09-02 09:29:00+05:30,19.9,22.3,19.1,22.05,4357425,32765850
2025-09-02 09:30:00+05:30,22.0,24.85,21.0,24.25,8645550,32765850
2025-09-02 09:31:00+05:30,24.25,28.8,24.05,26.7,13149450,32765850
2025-09-02 09:32:00+05:30,26.6,27.35,24.75,25.6,7026675,32896800
2025-09-02 09:33:00+05:30,25.55,27.9,24.8,26.35,6482100,32896800
2025-09-02 09:34:00+05:30,26.25,27.65,25.75,27.15,5390925,32896800
2025-09-02 09:35:00+05:30,27.2,28.6,25.8,26.95,7151925,32896800
2025-09-02 09:36:00+05:30,26.9,28.8,26.1,27.95,6932250,34392975
2025-09-02 09:37:00+05:30,27.85,31.2,27.7,30.4,11012025,34392975
2025-09-02 09:38:00+05:30,30.4,32.55,29.8,30.1,11665800,33306450
2025-09-02 09:39:00+05:30,30.15,31.75,28.8,31.4,6907125,33306450
2025-09-02 09:40:00+05:30,31.45,34.5,29.6,30.9,12472200,33306450
2025-09-02 09:41:00+05:30,30.8,31.5,28.1,29.5,7401900,33196950
2025-09-02 09:42:00+05:30,29.4,30.4,27.35,29.9,6318000,33196950
2025-09-02 09:43:00+05:30,29.95,32.3,29.65,31.0,7040700,33196950
2025-09-02 09:44:00+05:30,31.0,33.6,30.3,32.65,6825300,31489125
2025-09-02 09:45:00+05:30,32.65,38.35,32.3,36.2,15565275,31489125
2025-09-02 09:46:00+05:30,36.2,39.65,32.7,34.5,11377200,31489125
2025-09-02 09:47:00+05:30,34.5,36.2,33.85,35.75,5662950,30978825
2025-09-02 09:48:00+05:30,35.75,38.4,34.55,37.4,7527300,30978825
2025-09-02 09:49:00+05:30,37.3,38.95,35.55,38.55,8047725,30978825
2025-09-02 09:50:00+05:30,38.7,39.85,36.75,38.15,8073525,29981775
2025-09-02 09:51:00+05:30,38.15,45.0,37.0,44.35,12207825,29981775
2025-09-02 09:52:00+05:30,44.4,54.0,43.75,51.0,19323900,29981775
2025-09-02 09:53:00+05:30,51.0,56.5,49.15,52.35,10239000,24384375
2025-09-02 09:54:00+05:30,52.4,53.0,49.5,51.9,5939550,24384375
2025-09-02 09:55:00+05:30,51.75,51.9,45.3,47.8,7803675,24384375
2025-09-02 09:56:00+05:30,47.75,51.15,46.65,50.15,5602050,24129825
2025-09-02 09:57:00+05:30,50.2,63.0,50.0,58.9,15646275,24129825
2025-09-02 09:58:00+05:30,58.75,59.9,55.85,58.65,6863550,24129825
2025-09-02 09:59:00+05:30,58.6,60.85,56.8,58.8,4956150,22319850
2025-09-02 10:00:00+05:30,58.8,62.95,58.45,58.7,6625050,22319850
2025-09-02 10:01:00+05:30,58.7,66.55,58.0,63.35,10042875,22319850
2025-09-02 10:02:00+05:30,63.35,71.8,63.3,70.2,9117300,19072950
2025-09-02 10:03:00+05:30,70.2,72.5,67.35,70.3,4866450,19072950
2025-09-02 10:04:00+05:30,70.35,78.8,69.05,78.8,5775825,19072950
2025-09-02 10:05:00+05:30,78.8,80.0,69.0,71.95,7260525,19072950
2025-09-02 10:06:00+05:30,72.0,73.0,69.0,71.2,2871975,16826175
2025-09-02 10:07:00+05:30,71.4,75.95,71.05,73.15,3636525,16826175
2025-09-02 10:08:00+05:30,73.0,78.7,70.1,78.45,3461400,16691700
2025-09-02 10:09:00+05:30,78.35,80.0,72.0,74.7,3980325,16691700
2025-09-02 10:10:00+05:30,74.7,75.0,66.0,70.8,4390050,16691700
2025-09-02 10:11:00+05:30,70.75,73.85,68.65,72.5,2642250,16691700
2025-09-02 10:12:00+05:30,72.5,73.45,67.0,67.55,2645400,16713300
2025-09-02 10:13:00+05:30,67.5,67.6,61.4,62.0,4839375,16713300
2025-09-02 10:14:00+05:30,62.0,65.65,58.95,64.8,4230525,17057025
2025-09-02 10:15:00+05:30,64.8,67.0,62.4,65.0,3456675,17057025
2025-09-02 10:16:00+05:30,64.9,65.7,59.8,61.7,2443125,17057025
2025-09-02 10:17:00+05:30,61.6,63.55,58.8,60.9,2089575,17057025
2025-09-02 10:18:00+05:30,60.9,60.9,55.2,60.1,4330350,17670075
2025-09-02 10:19:00+05:30,60.25,63.9,59.65,62.65,3117825,17670075
2025-09-02 10:20:00+05:30,62.7,69.7,60.0,67.5,5461200,18660300
2025-09-02 10:21:00+05:30,67.5,70.0,59.0,60.05,5229225,18660300
2025-09-02 10:22:00+05:30,60.2,60.2,55.0,57.0,3998025,18660300
2025-09-02 10:23:00+05:30,57.0,61.35,55.0,60.6,2692125,18900675
2025-09-02 10:24:00+05:30,60.6,62.8,56.7,57.4,2437950,18900675
2025-09-02 10:25:00+05:30,57.35,61.5,56.8,59.4,1955025,18900675
2025-09-02 10:26:00+05:30,59.4,61.45,56.0,61.2,2087250,18900675
2025-09-02 10:27:00+05:30,61.3,66.9,59.25,66.65,3906975,19149450
2025-09-02 10:28:00+05:30,66.85,68.3,63.05,64.45,3427350,19149450
2025-09-02 10:29:00+05:30,64.45,72.0,63.9,66.5,4721775,18746625
2025-09-02 10:30:00+05:30,66.5,70.35,63.75,66.3,3509850,18746625
2025-09-02 10:31:00+05:30,66.2,73.2,66.0,71.35,4265475,18746625
2025-09-02 10:32:00+05:30,71.25,72.3,64.2,66.4,3162750,18746625
2025-09-02 10:33:00+05:30,66.35,66.35,58.0,59.8,4223475,18270075
2025-09-02 10:34:00+05:30,59.6,59.75,53.0,55.4,5462025,18270075
2025-09-02 10:35:00+05:30,55.2,56.95,51.65,54.4,3867150,19491825
2025-09-02 10:36:00+05:30,54.2,54.6,48.1,51.15,4742550,19491825
2025-09-02 10:37:00+05:30,51.3,57.95,49.8,57.55,4906350,19491825
2025-09-02 10:38:00+05:30,57.55,62.2,56.35,60.05,5934975,19891275
2025-09-02 10:39:00+05:30,60.0,60.5,54.3,56.6,3330525,19891275
2025-09-02 10:40:00+05:30,56.65,61.9,56.1,60.9,3178725,19891275
2025-09-02 10:41:00+05:30,61.0,63.9,59.65,63.3,3481725,19587825
2025-09-02 10:42:00+05:30,63.35,65.55,62.0,65.05,3083775,19587825
2025-09-02 10:43:00+05:30,65.05,68.35,64.9,66.6,3534075,19587825
2025-09-02 10:44:00+05:30,66.6,69.85,66.0,68.25,2848875,18177975
2025-09-02 10:45:00+05:30,68.35,69.8,64.9,65.45,2857650,18177975
2025-09-02 10:46:00+05:30,65.5,69.45,62.75,64.65,2917800,18177975
2025-09-02 10:47:00+05:30,64.3,65.15,61.25,65.0,1831800,18642975
2025-09-02 10:48:00+05:30,65.0,66.2,61.0,63.3,1850925,18642975
2025-09-02 10:49:00+05:30,63.3,65.65,61.7,65.1,1114800,18642975
2025-09-02 10:50:00+05:30,65.1,65.5,58.9,59.0,2070075,18642975
2025-09-02 10:51:00+05:30,59.2,62.0,58.65,60.25,1777050,18618375
2025-09-02 10:52:00+05:30,60.25,64.0,58.0,63.15,2071200,18618375
2025-09-02 10:53:00+05:30,63.1,66.4,61.75,65.6,2282100,18618375
2025-09-02 10:54:00+05:30,65.75,67.4,62.15,66.65,2571600,18858750
2025-09-02 10:55:00+05:30,66.75,69.25,64.0,68.9,2833500,18858750
2025-09-02 10:56:00+05:30,68.95,69.95,66.8,68.95,2416575,18858750
2025-09-02 10:57:00+05:30,68.9,69.95,64.0,65.95,2574375,18394500
2025-09-02 10:58:00+05:30,66.0,66.95,64.2,66.1,1185825,18394500
2025-09-02 10:59:00+05:30,65.9,69.85,65.7,68.4,2024625,17655375
2025-09-02 11:00:00+05:30,68.25,73.9,67.65,69.15,4006200,17655375
2025-09-02 11:01:00+05:30,69.1,71.0,65.1,70.8,2879100,17655375
2025-09-02 11:02:00+05:30,70.8,73.2,65.8,69.1,3360975,17655375
2025-09-02 11:03:00+05:30,69.1,70.35,66.85,67.65,1602525,18191775
2025-09-02 11:04:00+05:30,67.65,67.65,58.3,59.0,4681050,18191775
2025-09-02 11:05:00+05:30,58.95,66.0,57.0,64.5,3947925,18191775
2025-09-02 11:06:00+05:30,64.5,66.4,62.6,64.2,2235000,18838425
2025-09-02 11:07:00+05:30,64.2,68.4,63.6,66.95,2044500,18838425
2025-09-02 11:08:00+05:30,66.8,71.35,66.35,70.85,2720250,18032550
2025-09-02 11:09:00+05:30,71.0,72.0,67.65,71.15,3201750,18032550
2025-09-02 11:10:00+05:30,71.05,72.35,69.1,69.65,2755125,18032550
2025-09-02 11:11:00+05:30,69.7,70.55,63.3,64.4,3329850,18032550
2025-09-02 11:12:00+05:30,64.6,64.75,57.0,60.15,4507875,18144150
2025-09-02 11:13:00+05:30,60.0,63.65,59.65,61.45,2979975,18144150
2025-09-02 11:14:00+05:30,61.3,63.7,60.3,62.6,1715025,18144150
2025-09-02 11:15:00+05:30,62.8,63.2,57.1,61.55,2635200,18992400
2025-09-02 11:16:00+05:30,61.3,62.15,59.6,60.5,1167975,18992400
2025-09-02 11:17:00+05:30,60.5,62.45,58.85,59.15,1382250,18992400
2025-09-02 11:18:00+05:30,59.0,60.3,56.6,59.85,2186550,19660500
2025-09-02 11:19:00+05:30,59.95,60.0,55.6,59.5,2034300,19660500
2025-09-02 11:20:00+05:30,59.45,60.1,56.8,57.95,1336725,19660500
2025-09-02 11:21:00+05:30,57.8,58.8,54.65,55.8,2622075,19967625
2025-09-02 11:22:00+05:30,55.95,55.95,50.0,52.75,4304775,19967625
2025-09-02 11:23:00+05:30,52.65,56.5,51.6,54.95,2927700,19967625
2025-09-02 11:24:00+05:30,54.8,56.15,51.35,52.45,2097000,21279900
2025-09-02 11:25:00+05:30,52.4,57.45,52.0,55.65,2622225,21279900
2025-09-02 11:26:00+05:30,55.65,58.5,55.4,58.35,2157600,21122700
2025-09-02 11:27:00+05:30,58.4,61.45,52.95,54.65,4583925,21122700
2025-09-02 11:28:00+05:30,54.6,60.45,53.55,58.65,2434650,21122700
2025-09-02 11:29:00+05:30,58.6,60.0,55.35,56.45,1892475,21122700
2025-09-02 11:30:00+05:30,56.45,58.3,54.1,56.85,1904400,21189150
2025-09-02 11:31:00+05:30,56.75,60.15,56.6,58.2,1848900,21189150
2025-09-02 11:32:00+05:30,58.25,61.0,58.1,59.55,1858950,21189150
2025-09-02 11:33:00+05:30,59.6,67.2,59.35,64.8,4970775,19684500
2025-09-02 11:34:00+05:30,64.8,66.75,63.05,66.6,2841225,19684500
2025-09-02 11:35:00+05:30,66.6,66.85,62.3,64.8,2092650,19684500
2025-09-02 11:36:00+05:30,64.75,67.95,64.05,65.15,2484750,18954900
2025-09-02 11:37:00+05:30,65.3,67.25,64.35,65.2,1753425,18954900
2025-09-02 11:38:00+05:30,65.05,68.0,64.85,65.85,1689675,19159125
2025-09-02 11:39:00+05:30,65.65,68.0,64.15,67.55,1589850,19159125
2025-09-02 11:40:00+05:30,67.75,69.0,64.0,65.55,2895300,19159125
2025-09-02 11:41:00+05:30,65.45,66.0,58.65,59.2,3090900,18902175
2025-09-02 11:42:00+05:30,59.05,64.5,58.5,63.0,2348250,18902175
2025-09-02 11:43:00+05:30,63.0,65.8,62.65,63.15,1766475,18902175
2025-09-02 11:44:00+05:30,63.0,65.4,62.25,62.6,1074975,18902175
2025-09-02 11:45:00+05:30,62.45,64.25,60.15,64.2,1626075,19148850
2025-09-02 11:46:00+05:30,64.2,66.85,63.35,66.4,1765500,19148850
2025-09-02 11:47:00+05:30,66.35,66.95,58.8,60.35,2663550,19289700
2025-09-02 11:48:00+05:30,60.2,61.2,56.75,57.75,2537925,19289700
2025-09-02 11:49:00+05:30,57.9,61.65,56.0,61.3,2170050,19289700
2025-09-02 11:50:00+05:30,61.25,62.0,59.2,59.3,1292475,19289700
2025-09-02 11:51:00+05:30,59.3,61.9,57.45,60.65,1299525,19914975
2025-09-02 11:52:00+05:30,60.85,60.85,58.7,60.25,684375,19914975
2025-09-02 11:53:00+05:30,60.1,60.6,58.2,59.6,739500,19914975
2025-09-02 11:54:00+05:30,59.55,61.2,58.0,58.05,1152375,20172225
2025-09-02 11:55:00+05:30,58.0,59.5,56.65,58.9,1480950,20172225
2025-09-02 11:56:00+05:30,59.0,61.85,57.7,61.2,1586700,20172225
2025-09-02 11:57:00+05:30,61.3,63.45,60.1,60.4,2225700,20151750
2025-09-02 11:58:00+05:30,60.3,60.75,55.6,56.75,2618700,20151750
2025-09-02 11:59:00+05:30,56.75,57.95,55.5,57.4,1675725,20471550
2025-09-02 12:00:00+05:30,57.4,61.45,56.3,60.6,2631300,20471550
2025-09-02 12:01:00+05:30,60.45,60.95,55.0,56.4,2329650,20471550
2025-09-02 12:02:00+05:30,56.25,57.25,55.0,55.95,1606500,20471550
2025-09-02 12:03:00+05:30,56.0,57.0,55.0,55.75,1487775,21417150
2025-09-02 12:04:00+05:30,55.9,58.8,54.15,58.7,2393550,21417150
2025-09-02 12:05:00+05:30,58.55,59.6,54.5,57.85,2304750,20800350
2025-09-02 12:06:00+05:30,57.9,61.2,57.15,60.1,2198325,20800350
2025-09-02 12:07:00+05:30,60.1,60.25,56.6,57.95,1284750,20800350
2025-09-02 12:08:00+05:30,57.9,57.95,53.6,54.95,2179200,20800350
2025-09-02 12:09:00+05:30,54.7,56.6,53.6,56.25,1700100,21369150
2025-09-02 12:10:00+05:30,56.25,56.35,52.05,52.45,2027475,21369150
2025-09-02 12:11:00+05:30,52.25,54.5,50.6,53.3,2975925,21369150
2025-09-02 12:12:00+05:30,53.4,54.3,50.9,53.65,1800375,22205025
2025-09-02 12:13:00+05:30,53.7,55.35,50.55,52.6,2114025,22205025
2025-09-02 12:14:00+05:30,52.6,54.95,50.95,54.25,1563000,22370100
2025-09-02 12:15:00+05:30,54.25,55.0,52.8,54.75,1412250,22370100
2025-09-02 12:16:00+05:30,54.75,54.9,46.3,46.35,3462750,22370100
2025-09-02 12:17:00+05:30,46.4,49.35,43.75,45.25,5948175,23162775
2025-09-02 12:18:00+05:30,45.25,48.75,43.2,46.9,4428000,23162775
2025-09-02 12:19:00+05:30,46.95,47.1,44.2,46.7,2443350,23162775
2025-09-02 12:20:00+05:30,46.65,48.95,45.0,46.6,2432550,23162775
2025-09-02 12:21:00+05:30,46.65,48.75,45.0,48.6,2023500,23989875
2025-09-02 12:22:00+05:30,48.75,49.75,46.5,49.15,2144625,23989875
2025-09-02 12:23:00+05:30,49.25,55.3,48.5,55.2,4922550,22969200
2025-09-02 12:24:00+05:30,55.05,57.65,54.35,55.45,5090250,22969200
2025-09-02 12:25:00+05:30,55.3,60.65,55.05,60.3,4649925,22969200
2025-09-02 12:26:00+05:30,60.2,62.5,57.3,58.7,4851450,22969200
2025-09-02 12:27:00+05:30,58.7,62.0,58.35,61.0,2764200,21828000
2025-09-02 12:28:00+05:30,60.9,63.8,59.0,60.6,2871225,21828000
2025-09-02 12:29:00+05:30,60.7,62.75,58.8,62.05,1877850,21828000
2025-09-02 12:30:00+05:30,62.15,63.0,60.65,61.25,2051625,21196125
2025-09-02 12:31:00+05:30,61.05,65.0,60.6,61.05,3697275,21196125
2025-09-02 12:32:00+05:30,61.25,63.85,59.2,63.0,2651850,20663625
2025-09-02 12:33:00+05:30,63.0,70.0,62.85,68.65,5229750,20663625
2025-09-02 12:34:00+05:30,68.85,69.6,65.0,66.6,4782075,20663625
2025-09-02 12:35:00+05:30,66.75,67.95,63.85,65.5,2704050,20663625
2025-09-02 12:36:00+05:30,65.3,67.0,63.1,65.5,2400450,20385150
2025-09-02 12:37:00+05:30,65.5,67.9,64.05,67.55,2340900,20385150
2025-09-02 12:38:00+05:30,67.55,75.0,66.6,71.5,6717000,19419300
2025-09-02 12:39:00+05:30,71.5,73.45,69.15,72.6,3710850,19419300
2025-09-02 12:40:00+05:30,72.4,73.0,69.2,70.85,3582375,19419300
2025-09-02 12:41:00+05:30,70.8,72.45,70.0,71.95,1728000,18068550
2025-09-02 12:42:00+05:30,72.0,76.0,70.3,74.75,3138075,18068550
2025-09-02 12:43:00+05:30,75.0,75.35,68.0,69.45,3828825,18068550
2025-09-02 12:44:00+05:30,69.25,70.7,63.4,64.0,3774150,18068550
2025-09-02 12:45:00+05:30,63.7,65.0,60.05,60.3,3479325,18067125
2025-09-02 12:46:00+05:30,60.2,62.95,57.6,62.0,4038600,18067125
2025-09-02 12:47:00+05:30,62.1,67.55,61.05,66.6,3368025,18067125
2025-09-02 12:48:00+05:30,66.55,68.55,65.6,67.15,3086700,18814050
2025-09-02 12:49:00+05:30,67.15,68.7,64.7,66.3,2548050,18814050
2025-09-02 12:50:00+05:30,66.0,66.6,63.4,66.15,1647450,18814050
2025-09-02 12:51:00+05:30,66.05,67.25,62.55,65.6,1652925,18814050
2025-09-02 12:52:00+05:30,65.5,67.0,63.75,64.15,1143750,18411150
2025-09-02 12:53:00+05:30,64.15,65.6,63.0,63.95,982500,18411150
2025-09-02 12:54:00+05:30,63.85,64.7,62.0,64.25,1395675,18411150
2025-09-02 12:55:00+05:30,64.25,66.0,63.1,65.25,1209000,18506550
2025-09-02 12:56:00+05:30,65.4,66.4,63.35,65.0,1017075,18506550
2025-09-02 12:57:00+05:30,65.0,66.0,63.7,64.35,833850,18506550
2025-09-02 12:58:00+05:30,64.05,66.45,63.7,63.95,1002825,18522525
2025-09-02 12:59:00+05:30,63.9,66.7,63.65,66.35,1108050,18522525
2025-09-02 13:00:00+05:30,66.35,66.4,63.5,64.45,1342575,18266850
2025-09-02 13:01:00+05:30,64.6,65.0,60.0,63.25,2633925,18266850
2025-09-02 13:02:00+05:30,63.2,66.75,62.65,64.85,2462025,18266850
2025-09-02 13:03:00+05:30,64.7,65.15,61.25,63.3,1483125,18266850
2025-09-02 13:04:00+05:30,63.35,64.2,60.95,62.15,1197900,18184725
2025-09-02 13:05:00+05:30,61.75,62.95,60.0,62.65,1459200,18184725
2025-09-02 13:06:00+05:30,62.8,63.25,58.25,59.45,1815375,18606225
2025-09-02 13:07:00+05:30,59.3,59.8,56.0,57.65,2696250,18606225
2025-09-02 13:08:00+05:30,57.7,58.0,53.55,55.55,2694075,18606225
2025-09-02 13:09:00+05:30,55.4,58.3,54.8,57.85,1892775,18911775
2025-09-02 13:10:00+05:30,57.9,59.3,55.15,55.55,1898475,18911775
2025-09-02 13:11:00+05:30,55.55,55.8,45.65,47.6,6499125,18911775
2025-09-02 13:12:00+05:30,47.55,51.7,45.0,51.2,5958600,20441400
2025-09-02 13:13:00+05:30,51.15,51.3,47.0,48.55,3026850,20441400
2025-09-02 13:14:00+05:30,48.45,51.2,47.85,50.0,2226300,20441400
2025-09-02 13:15:00+05:30,49.85,50.1,46.0,47.9,2795025,21881550
2025-09-02 13:16:00+05:30,47.8,51.8,47.05,48.75,3521175,21881550
2025-09-02 13:17:00+05:30,48.75,50.25,48.45,49.15,1537425,21881550
2025-09-02 13:18:00+05:30,49.05,49.05,35.6,36.4,11573850,23087175
2025-09-02 13:19:00+05:30,36.35,40.2,35.1,36.15,6774975,23087175
2025-09-02 13:20:00+05:30,36.15,37.35,29.1,30.55,11539425,23087175
2025-09-02 13:21:00+05:30,30.45,30.75,25.2,28.9,13185600,26346000
2025-09-02 13:22:00+05:30,28.9,31.3,26.6,28.75,9334950,26346000
2025-09-02 13:23:00+05:30,28.7,28.7,26.0,27.95,6167700,26346000
2025-09-02 13:24:00+05:30,27.85,27.85,22.2,24.15,12820800,30548175
2025-09-02 13:25:00+05:30,24.1,28.9,20.4,28.2,15747300,30548175
2025-09-02 13:26:00+05:30,28.2,30.9,21.85,22.6,14791200,30548175
2025-09-02 13:27:00+05:30,22.6,25.45,21.8,23.35,6863625,33604950
2025-09-02 13:28:00+05:30,23.25,25.25,22.8,24.0,5421375,33604950
2025-09-02 13:29:00+05:30,24.0,25.0,21.7,24.0,5892525,33604950
2025-09-02 13:30:00+05:30,23.95,26.6,22.6,26.4,5979900,34850550
2025-09-02 13:31:00+05:30,26.3,29.95,24.4,28.0,9741450,34850550
2025-09-02 13:32:00+05:30,27.9,31.5,26.8,30.2,10455900,34850550
2025-09-02 13:33:00+05:30,30.15,34.7,28.05,31.5,13571475,34473225
2025-09-02 13:34:00+05:30,31.5,33.0,27.0,29.2,9939600,34473225
2025-09-02 13:35:00+05:30,29.2,31.35,27.05,30.6,6594375,34473225
2025-09-02 13:36:00+05:30,30.7,32.45,27.75,31.35,7250400,34499325
2025-09-02 13:37:00+05:30,31.45,33.2,27.65,28.95,8531775,34499325
2025-09-02 13:38:00+05:30,28.85,28.9,22.6,23.7,11921175,34499325
2025-09-02 13:39:00+05:30,23.6,25.75,21.8,25.0,7726650,35879250
2025-09-02 13:40:00+05:30,24.9,25.0,15.85,16.6,17259225,35879250
2025-09-02 13:41:00+05:30,16.6,16.65,9.75,10.55,26385900,35879250
2025-09-02 13:42:00+05:30,10.5,10.55,8.8,9.45,20403900,41553450
2025-09-02 13:43:00+05:30,9.45,9.95,8.3,9.5,13679325,41553450
2025-09-02 13:44:00+05:30,9.5,10.7,9.15,9.4,11595375,41553450
2025-09-02 13:45:00+05:30,9.45,10.0,8.45,9.7,9864450,44744700
2025-09-02 13:46:00+05:30,9.7,10.3,8.6,9.2,8839800,44744700
2025-09-02 13:47:00+05:30,9.2,10.15,8.6,8.7,8141625,44744700
2025-09-02 13:48:00+05:30,8.75,9.5,7.65,8.6,11170875,44744700
2025-09-02 13:49:00+05:30,8.6,10.3,8.4,9.4,9921375,47124000
2025-09-02 13:50:00+05:30,9.35,10.1,8.7,9.15,8557650,47124000
2025-09-02 13:51:00+05:30,9.1,9.8,8.75,9.6,5400375,48740400
2025-09-02 13:52:00+05:30,9.65,10.25,8.8,9.2,6948600,48740400
2025-09-02 13:53:00+05:30,9.2,9.5,5.3,6.2,18816150,48740400
2025-09-02 13:54:00+05:30,6.2,6.25,4.35,4.45,22375200,45591975
2025-09-02 13:55:00+05:30,4.5,4.55,3.55,3.65,23259825,45591975
2025-09-02 13:56:00+05:30,3.65,4.1,3.4,3.75,17896125,45591975
2025-09-02 13:57:00+05:30,3.7,4.2,3.65,4.05,12109950,45591975
2025-09-02 13:58:00+05:30,4.0,4.7,3.9,4.1,7478925,43341675
2025-09-02 13:59:00+05:30,4.1,4.15,2.9,3.4,13478550,43341675
2025-09-02 14:00:00+05:30,3.45,3.8,3.1,3.35,8959800,42184650
2025-09-02 14:01:00+05:30,3.35,4.0,3.2,3.85,6766875,42184650
2025-09-02 14:02:00+05:30,3.85,4.0,3.0,3.05,7728525,42184650
2025-09-02 14:03:00+05:30,3.0,3.05,2.45,2.45,12821025,40628175
2025-09-02 14:04:00+05:30,2.45,3.0,2.3,3.0,11670450,40628175
2025-09-02 14:05:00+05:30,3.0,3.15,2.7,3.05,7332675,40628175
2025-09-02 14:06:00+05:30,3.05,3.1,2.4,2.9,6141300,39487200
2025-09-02 14:07:00+05:30,2.9,2.9,2.45,2.7,5112075,39487200
2025-09-02 14:08:00+05:30,2.7,3.15,2.7,2.8,5036550,39487200
2025-09-02 14:09:00+05:30,2.8,3.45,2.75,3.25,5531250,39487200
2025-09-02 14:10:00+05:30,3.25,4.0,2.95,3.85,7568100,38304975
2025-09-02 14:11:00+05:30,3.9,4.0,2.7,3.15,9943950,38304975
2025-09-02 14:12:00+05:30,3.15,3.35,2.75,2.9,5585700,38304975
2025-09-02 14:13:00+05:30,2.85,3.45,2.8,3.05,4383000,38228775
2025-09-02 14:14:00+05:30,3.1,3.4,2.9,3.05,3874875,38228775
2025-09-02 14:15:00+05:30,3.1,3.7,2.95,3.35,4009125,38228775
2025-09-02 14:16:00+05:30,3.4,3.55,3.1,3.45,3388725,37329150
2025-09-02 14:17:00+05:30,3.45,3.6,3.1,3.35,3646350,37329150
2025-09-02 14:18:00+05:30,3.35,3.65,2.85,2.9,4550925,37103325
2025-09-02 14:19:00+05:30,2.95,3.45,2.85,3.15,3674100,37103325
2025-09-02 14:20:00+05:30,3.1,5.25,3.1,4.1,11790900,37103325
2025-09-02 14:21:00+05:30,4.1,4.55,3.15,3.9,9078150,37103325
2025-09-02 14:22:00+05:30,3.85,4.25,3.3,3.95,7375800,36788250
2025-09-02 14:23:00+05:30,3.9,3.95,2.6,2.75,8749125,36788250
2025-09-02 14:24:00+05:30,2.75,2.75,1.55,1.75,14368275,36722025
2025-09-02 14:25:00+05:30,1.8,1.9,1.45,1.5,7747275,36722025
2025-09-02 14:26:00+05:30,1.5,1.75,1.35,1.65,11217600,36722025
2025-09-02 14:27:00+05:30,1.7,1.7,1.35,1.45,5461875,36722025
2025-09-02 14:28:00+05:30,1.45,1.65,1.4,1.4,7320450,33871650
2025-09-02 14:29:00+05:30,1.4,1.5,1.15,1.35,7898250,33871650
2025-09-02 14:30:00+05:30,1.35,1.4,1.25,1.4,4112925,33871650
2025-09-02 14:31:00+05:30,1.4,1.4,1.2,1.25,3775125,33042150
2025-09-02 14:32:00+05:30,1.3,1.5,1.25,1.45,3924075,33042150
2025-09-02 14:33:00+05:30,1.45,1.6,1.2,1.2,4937625,33042150
2025-09-02 14:34:00+05:30,1.25,1.25,1.1,1.15,4781325,32293275
2025-09-02 14:35:00+05:30,1.15,1.3,1.1,1.25,3936600,32293275
2025-09-02 14:36:00+05:30,1.25,1.8,1.1,1.65,9651900,32293275
2025-09-02 14:37:00+05:30,1.6,2.9,1.6,2.15,17760000,30316875
2025-09-02 14:38:00+05:30,2.2,2.3,1.4,1.7,11221350,30316875
2025-09-02 14:39:00+05:30,1.65,1.9,1.35,1.4,8177925,30316875
2025-09-02 14:40:00+05:30,1.45,2.1,1.3,2.05,9325275,31249650
2025-09-02 14:41:00+05:30,2.05,2.1,1.55,1.8,9254775,31249650
2025-09-02 14:42:00+05:30,1.75,1.9,1.4,1.6,7557900,31249650
2025-09-02 14:43:00+05:30,1.55,1.95,1.4,1.85,7532175,31347525
2025-09-02 14:44:00+05:30,1.85,1.95,1.4,1.6,10231125,31347525
2025-09-02 14:45:00+05:30,1.55,2.9,1.5,2.65,16836375,31972500
2025-09-02 14:46:00+05:30,2.6,2.85,2.0,2.1,13001475,31972500
2025-09-02 14:47:00+05:30,2.1,2.8,1.5,1.55,12537150,31972500
2025-09-02 14:48:00+05:30,1.55,1.75,1.15,1.25,10695000,32247225
2025-09-02 14:49:00+05:30,1.25,1.4,1.15,1.2,8563275,32247225
2025-09-02 14:50:00+05:30,1.2,1.35,0.95,1.1,8757450,32247225
2025-09-02 14:51:00+05:30,1.1,1.15,0.5,0.5,11446950,28960800
2025-09-02 14:52:00+05:30,0.5,0.55,0.4,0.4,7250325,28960800
2025-09-02 14:53:00+05:30,0.45,0.5,0.3,0.3,5223900,28960800
2025-09-02 14:54:00+05:30,0.35,0.35,0.25,0.3,4621275,28960800
2025-09-02 14:55:00+05:30,0.35,0.4,0.3,0.3,2295525,26259450
2025-09-02 14:56:00+05:30,0.35,0.4,0.3,0.4,3189525,26259450
2025-09-02 14:57:00+05:30,0.4,0.4,0.3,0.35,1830450,26259450
2025-09-02 14:58:00+05:30,0.35,0.35,0.25,0.3,5692425,26081475
2025-09-02 14:59:00+05:30,0.35,0.45,0.3,0.4,3638550,26081475
2025-09-02 15:00:00+05:30,0.45,0.55,0.4,0.45,5675475,25632000
2025-09-02 15:01:00+05:30,0.5,0.6,0.3,0.35,3631950,25632000
2025-09-02 15:02:00+05:30,0.35,0.35,0.3,0.3,1759200,25632000
2025-09-02 15:03:00+05:30,0.35,0.35,0.25,0.25,1959375,25632000
2025-09-02 15:04:00+05:30,0.25,0.3,0.2,0.2,2109225,25450650
2025-09-02 15:05:00+05:30,0.2,0.25,0.15,0.2,2727150,25450650
2025-09-02 15:06:00+05:30,0.15,0.2,0.15,0.15,1253175,25450650
2025-09-02 15:07:00+05:30,0.2,0.2,0.15,0.15,1861650,24182175
2025-09-02 15:08:00+05:30,0.15,0.2,0.15,0.2,1078125,24182175
2025-09-02 15:09:00+05:30,0.15,0.2,0.15,0.15,706425,24182175
2025-09-02 15:10:00+05:30,0.15,0.2,0.15,0.2,1009050,23531400
2025-09-02 15:11:00+05:30,0.15,0.2,0.15,0.15,1237650,23531400
2025-09-02 15:12:00+05:30,0.2,0.2,0.1,0.1,2729475,23531400
2025-09-02 15:13:00+05:30,0.15,0.15,0.1,0.15,1487550,22327725
2025-09-02 15:14:00+05:30,0.15,0.15,0.1,0.1,958050,22327725
2025-09-02 15:15:00+05:30,0.1,0.15,0.1,0.15,1887900,22327725
2025-09-02 15:16:00+05:30,0.1,0.15,0.1,0.1,965475,21788850
2025-09-02 15:17:00+05:30,0.15,0.15,0.05,0.1,3763350,21788850
2025-09-02 15:18:00+05:30,0.05,0.1,0.05,0.05,793200,21788850
2025-09-02 15:19:00+05:30,0.05,0.1,0.05,0.1,917925,20675925
2025-09-02 15:20:00+05:30,0.1,0.1,0.05,0.1,1048350,20675925
2025-09-02 15:21:00+05:30,0.1,0.1,0.05,0.1,634725,19131600
2025-09-02 15:22:00+05:30,0.1,0.1,0.05,0.05,614100,19131600
2025-09-02 15:23:00+05:30,0.05,0.1,0.05,0.05,536400,19131600
2025-09-02 15:24:00+05:30,0.05,0.1,0.05,0.1,584850,19131600
2025-09-02 15:25:00+05:30,0.1,0.1,0.05,0.05,772650,18449550
2025-09-02 15:26:00+05:30,0.1,0.1,0.05,0.05,609975,18449550
2025-09-02 15:27:00+05:30,0.1,0.1,0.05,0.05,2940525,18449550
2025-09-02 15:28:00+05:30,0.05,0.05,0.05,0.05,289800,16349625
2025-09-02 15:29:00+05:30,0.05,0.05,0.05,0.05,211875,16349625
