timestamp,open,high,low,close,volume,open_interest
2025-12-23 09:15:00+05:30,89.7,89.7,77.09,82.05,33995,657540
2025-12-23 09:16:00+05:30,83.15,90.8,83.15,88.0,31525,661960
2025-12-23 09:17:00+05:30,88.05,92.1,88.05,89.7,24570,661960
2025-12-23 09:18:00+05:30,89.7,89.7,85.5,87.75,15405,661960
2025-12-23 09:19:00+05:30,87.35,88.6,86.35,86.35,9555,663715
2025-12-23 09:20:00+05:30,86.15,88.0,85.2,86.35,51025,663715
2025-12-23 09:21:00+05:30,85.6,86.6,83.55,84.55,14105,663715
2025-12-23 09:22:00+05:30,84.55,89.1,84.2,88.8,15080,666900
2025-12-23 09:23:00+05:30,89.0,89.15,87.55,87.65,14105,666900
2025-12-23 09:24:00+05:30,87.55,90.25,87.55,90.2,8580,666900
2025-12-23 09:25:00+05:30,90.1,92.2,89.55,90.85,15080,668850
2025-12-23 09:26:00+05:30,90.5,91.3,89.7,90.15,7865,668850
2025-12-23 09:27:00+05:30,90.8,92.95,90.8,91.2,16120,668850
2025-12-23 09:28:00+05:30,91.75,91.75,89.25,89.25,7865,673140
2025-12-23 09:29:00+05:30,90.0,90.2,88.7,90.2,5395,673140
2025-12-23 09:30:00+05:30,90.4,92.4,90.2,91.2,19045,673140
2025-12-23 09:31:00+05:30,92.05,93.1,90.25,90.45,15795,676455
2025-12-23 09:32:00+05:30,91.1,92.85,90.95,92.75,16835,676455
2025-12-23 09:33:00+05:30,92.7,93.05,91.95,92.05,12090,676455
2025-12-23 09:34:00+05:30,91.55,91.9,91.15,91.2,10270,677820
2025-12-23 09:35:00+05:30,91.35,92.1,91.35,91.4,4745,677820
2025-12-23 09:36:00+05:30,90.5,90.7,89.35,89.35,5005,677820
2025-12-23 09:37:00+05:30,88.85,90.2,87.65,90.2,11375,681005
2025-12-23 09:38:00+05:30,90.2,91.0,88.8,90.35,3705,681005
2025-12-23 09:39:00+05:30,90.0,91.15,89.75,89.95,5460,681005
2025-12-23 09:40:00+05:30,91.0,91.65,89.6,89.85,7605,684970
2025-12-23 09:41:00+05:30,89.9,91.4,89.4,90.45,5590,684970
2025-12-23 09:42:00+05:30,90.3,91.4,90.3,90.8,6500,684970
2025-12-23 09:43:00+05:30,91.45,94.65,91.0,94.3,20670,689975
2025-12-23 09:44:00+05:30,94.25,94.75,93.1,93.1,11505,689975
2025-12-23 09:45:00+05:30,93.2,95.0,91.45,92.9,18330,689975
2025-12-23 09:46:00+05:30,93.25,93.5,92.8,93.0,8580,686530
2025-12-23 09:47:00+05:30,92.8,93.05,90.7,90.7,10140,686530
2025-12-23 09:48:00+05:30,91.15,91.15,88.55,89.55,10595,686530
2025-12-23 09:49:00+05:30,89.55,91.2,89.0,91.0,8060,691600
2025-12-23 09:50:00+05:30,91.35,92.2,90.7,91.0,5070,691600
2025-12-23 09:51:00+05:30,90.95,90.95,89.55,90.65,3445,691600
2025-12-23 09:52:00+05:30,91.0,91.2,89.85,90.2,12610,697580
2025-12-23 09:53:00+05:30,89.8,90.0,89.0,90.0,2145,697580
2025-12-23 09:54:00+05:30,89.7,89.7,88.45,88.55,10725,697580
2025-12-23 09:55:00+05:30,88.55,89.45,85.85,85.85,9360,701155
2025-12-23 09:56:00+05:30,85.5,85.5,83.25,83.25,14560,701155
2025-12-23 09:57:00+05:30,83.1,83.35,80.15,80.95,15600,701155
2025-12-23 09:58:00+05:30,81.15,81.15,79.2,79.59,14495,708435
2025-12-23 09:59:00+05:30,80.15,80.8,79.8,80.15,4745,708435
2025-12-23 10:00:00+05:30,80.3,80.45,79.45,80.45,23400,708435
2025-12-23 10:01:00+05:30,80.0,80.0,78.3,78.55,11830,729105
2025-12-23 10:02:00+05:30,79.05,79.55,77.8,78.45,7995,729105
2025-12-23 10:03:00+05:30,78.05,78.55,77.8,78.4,5590,729105
2025-12-23 10:04:00+05:30,77.95,78.84,77.95,78.8,9035,726765
2025-12-23 10:05:00+05:30,78.95,78.95,78.2,78.55,4745,726765
2025-12-23 10:06:00+05:30,78.75,79.8,78.75,79.0,9685,726765
2025-12-23 10:07:00+05:30,79.05,80.0,78.9,79.09,8970,727155
2025-12-23 10:08:00+05:30,78.95,79.05,77.45,77.65,15600,727155
2025-12-23 10:09:00+05:30,78.05,78.5,77.59,78.05,5915,727155
2025-12-23 10:10:00+05:30,78.05,78.59,77.75,77.75,4940,735605
2025-12-23 10:11:00+05:30,78.2,78.45,76.7,76.84,7930,735605
2025-12-23 10:12:00+05:30,76.75,76.75,76.0,76.0,11505,735605
2025-12-23 10:13:00+05:30,76.45,77.65,75.45,77.3,9750,734565
2025-12-23 10:14:00+05:30,77.4,78.9,77.4,78.9,9490,734565
2025-12-23 10:15:00+05:30,78.45,79.2,78.45,79.0,11440,734565
2025-12-23 10:16:00+05:30,79.0,79.0,78.25,78.25,5330,736905
2025-12-23 10:17:00+05:30,78.25,79.09,78.25,79.09,3575,736905
2025-12-23 10:18:00+05:30,79.15,79.5,79.0,79.5,2015,736905
2025-12-23 10:19:00+05:30,80.05,81.55,80.05,81.34,7150,736125
2025-12-23 10:20:00+05:30,81.3,82.15,81.05,81.9,8970,736125
2025-12-23 10:21:00+05:30,82.1,82.4,81.0,81.0,10790,736125
2025-12-23 10:22:00+05:30,81.05,81.8,81.0,81.75,4160,739635
2025-12-23 10:23:00+05:30,81.45,81.7,81.25,81.65,3315,739635
2025-12-23 10:24:00+05:30,81.9,81.9,81.05,81.3,6955,739635
2025-12-23 10:25:00+05:30,81.2,81.2,79.45,80.8,2145,739700
2025-12-23 10:26:00+05:30,81.05,81.4,79.9,79.9,2405,739700
2025-12-23 10:27:00+05:30,79.75,81.4,79.75,81.4,3965,739700
2025-12-23 10:28:00+05:30,81.0,82.6,81.0,82.45,3055,737165
2025-12-23 10:29:00+05:30,81.59,81.59,80.0,80.0,2145,737165
2025-12-23 10:30:00+05:30,80.15,80.45,80.05,80.25,780,737165
2025-12-23 10:31:00+05:30,80.5,81.0,79.84,81.0,2405,736645
2025-12-23 10:32:00+05:30,80.8,80.9,79.45,79.5,1820,736645
2025-12-23 10:33:00+05:30,79.45,80.59,79.45,80.55,2015,736645
2025-12-23 10:34:00+05:30,80.5,81.9,80.5,81.9,1820,739245
2025-12-23 10:35:00+05:30,82.0,82.0,80.84,81.2,2600,739245
2025-12-23 10:36:00+05:30,81.8,82.35,81.8,82.35,1560,739245
2025-12-23 10:37:00+05:30,82.5,82.6,81.59,82.5,2990,738010
2025-12-23 10:38:00+05:30,82.5,82.5,81.5,81.9,8645,738010
2025-12-23 10:39:00+05:30,81.15,81.15,80.59,80.59,1170,738010
2025-12-23 10:40:00+05:30,81.2,81.34,80.84,80.95,585,743470
2025-12-23 10:41:00+05:30,80.3,80.3,78.34,78.9,2145,743470
2025-12-23 10:42:00+05:30,78.84,78.84,78.05,78.15,2405,743470
2025-12-23 10:43:00+05:30,78.09,78.9,78.05,78.9,3185,744640
2025-12-23 10:44:00+05:30,79.0,79.0,77.75,77.75,3510,744640
2025-12-23 10:45:00+05:30,78.0,78.45,77.59,78.45,3315,744640
2025-12-23 10:46:00+05:30,78.05,78.15,77.4,77.9,845,745615
2025-12-23 10:47:00+05:30,78.55,78.55,77.9,77.9,585,745615
2025-12-23 10:48:00+05:30,77.9,79.25,77.9,79.25,1040,745615
2025-12-23 10:49:00+05:30,79.2,79.55,78.8,78.8,1625,745940
2025-12-23 10:50:00+05:30,79.0,79.0,78.05,78.05,4485,745940
2025-12-23 10:51:00+05:30,78.0,78.25,77.4,77.5,2535,745940
2025-12-23 10:52:00+05:30,77.55,78.15,77.4,78.0,3185,746980
2025-12-23 10:53:00+05:30,78.15,78.34,77.95,78.2,4550,746980
2025-12-23 10:54:00+05:30,78.09,79.2,78.09,79.2,4485,746980
2025-12-23 10:55:00+05:30,78.45,78.5,78.15,78.4,845,751465
2025-12-23 10:56:00+05:30,78.55,79.2,78.55,79.2,1300,751465
2025-12-23 10:57:00+05:30,79.0,79.0,78.4,78.5,3640,751465
2025-12-23 10:58:00+05:30,78.0,78.55,78.0,78.3,260,753025
2025-12-23 10:59:00+05:30,78.4,78.75,78.34,78.55,520,753025
2025-12-23 11:00:00+05:30,78.59,78.7,77.59,77.59,1235,753025
2025-12-23 11:01:00+05:30,78.05,78.05,77.4,77.59,910,753805
2025-12-23 11:02:00+05:30,77.65,78.4,77.0,77.95,9945,753805
2025-12-23 11:03:00+05:30,78.05,78.4,77.59,77.59,3315,753805
2025-12-23 11:04:00+05:30,78.25,78.75,78.0,78.0,3510,759720
2025-12-23 11:05:00+05:30,77.9,77.9,77.34,77.45,1690,759720
2025-12-23 11:06:00+05:30,77.25,77.8,77.25,77.75,2340,759720
2025-12-23 11:07:00+05:30,77.3,77.59,77.2,77.59,1430,763230
2025-12-23 11:08:00+05:30,77.75,78.0,77.5,77.5,4290,763230
2025-12-23 11:09:00+05:30,77.3,77.45,76.55,76.95,1950,763230
2025-12-23 11:10:00+05:30,76.95,76.95,75.8,75.8,2795,764335
2025-12-23 11:11:00+05:30,76.3,76.8,76.3,76.65,6110,764335
2025-12-23 11:12:00+05:30,76.65,77.05,76.34,76.5,4615,764335
2025-12-23 11:13:00+05:30,76.84,76.95,76.65,76.95,1755,764335
2025-12-23 11:14:00+05:30,76.59,76.95,76.5,76.95,3120,762970
2025-12-23 11:15:00+05:30,76.8,77.0,76.45,76.95,3575,762970
2025-12-23 11:16:00+05:30,77.0,77.4,77.0,77.0,3055,765570
2025-12-23 11:17:00+05:30,77.15,77.45,76.8,77.0,3510,765570
2025-12-23 11:18:00+05:30,77.0,77.0,76.05,76.75,4160,765570
2025-12-23 11:19:00+05:30,76.45,76.7,75.5,76.09,1040,767390
2025-12-23 11:20:00+05:30,76.2,76.55,76.09,76.2,2015,767390
2025-12-23 11:21:00+05:30,76.15,76.5,75.84,76.0,4875,767390
2025-12-23 11:22:00+05:30,76.15,76.5,76.0,76.2,1170,767390
2025-12-23 11:23:00+05:30,76.15,76.84,76.15,76.84,5070,767780
2025-12-23 11:24:00+05:30,76.5,76.5,76.3,76.3,650,767780
2025-12-23 11:25:00+05:30,76.3,76.3,76.0,76.09,975,770185
2025-12-23 11:26:00+05:30,76.09,77.05,75.2,77.05,3315,770185
2025-12-23 11:27:00+05:30,77.0,77.34,76.8,77.15,2145,770185
2025-12-23 11:28:00+05:30,77.2,78.0,76.8,78.0,2665,772135
2025-12-23 11:29:00+05:30,78.0,78.2,77.25,77.4,2405,772135
2025-12-23 11:30:00+05:30,77.0,77.2,77.0,77.2,585,772135
2025-12-23 11:31:00+05:30,77.59,78.3,77.3,78.3,7800,775060
2025-12-23 11:32:00+05:30,78.2,78.34,77.55,78.34,2470,775060
2025-12-23 11:33:00+05:30,78.4,78.4,77.84,78.0,3055,775060
2025-12-23 11:34:00+05:30,78.05,78.45,78.0,78.09,7735,776035
2025-12-23 11:35:00+05:30,78.5,79.3,78.2,79.3,4290,776035
2025-12-23 11:36:00+05:30,79.3,79.84,78.7,78.7,3120,776035
2025-12-23 11:37:00+05:30,78.7,78.9,78.34,78.8,1950,776035
2025-12-23 11:38:00+05:30,78.9,79.8,78.9,79.8,1495,772785
2025-12-23 11:39:00+05:30,79.4,79.75,79.0,79.75,3900,772785
2025-12-23 11:40:00+05:30,80.0,80.59,80.0,80.2,5460,775385
2025-12-23 11:41:00+05:30,80.55,80.65,80.09,80.09,2600,775385
2025-12-23 11:42:00+05:30,80.0,80.45,80.0,80.09,1820,775385
2025-12-23 11:43:00+05:30,79.95,80.59,78.95,80.59,5980,775970
2025-12-23 11:44:00+05:30,80.7,80.7,80.55,80.55,3510,775970
2025-12-23 11:45:00+05:30,80.4,80.75,80.4,80.59,3575,775970
2025-12-23 11:46:00+05:30,81.0,81.65,80.05,80.05,3510,775970
2025-12-23 11:47:00+05:30,79.95,80.05,79.59,80.05,1105,774280
2025-12-23 11:48:00+05:30,80.25,80.8,80.25,80.8,1625,774280
2025-12-23 11:49:00+05:30,80.84,81.0,80.09,80.09,4030,775190
2025-12-23 11:50:00+05:30,80.25,80.25,79.45,79.8,2925,775190
2025-12-23 11:51:00+05:30,79.8,79.8,79.25,79.25,325,775190
2025-12-23 11:52:00+05:30,79.0,79.15,78.0,78.0,1690,774670
2025-12-23 11:53:00+05:30,77.8,78.3,77.05,77.3,6240,774670
2025-12-23 11:54:00+05:30,77.3,77.59,77.0,77.25,3185,774670
2025-12-23 11:55:00+05:30,77.3,78.0,77.3,78.0,1300,774670
2025-12-23 11:56:00+05:30,77.95,78.25,77.3,77.34,2080,775125
2025-12-23 11:57:00+05:30,77.4,77.4,77.09,77.2,2015,775125
2025-12-23 11:58:00+05:30,77.09,77.75,77.09,77.75,585,775125
2025-12-23 11:59:00+05:30,78.59,78.59,77.75,77.75,2795,776100
2025-12-23 12:00:00+05:30,77.7,77.7,77.15,77.15,130,776100
2025-12-23 12:01:00+05:30,77.09,77.5,76.84,76.84,1755,775450
2025-12-23 12:02:00+05:30,76.84,77.15,76.84,76.95,455,775450
2025-12-23 12:03:00+05:30,76.8,77.05,76.7,76.7,2535,775450
2025-12-23 12:04:00+05:30,76.5,76.5,76.0,76.25,1690,775515
2025-12-23 12:05:00+05:30,76.3,76.7,76.2,76.34,845,775515
2025-12-23 12:06:00+05:30,76.4,76.75,76.2,76.2,2470,775515
2025-12-23 12:07:00+05:30,76.2,76.4,76.2,76.4,1690,775515
2025-12-23 12:08:00+05:30,76.3,76.3,76.2,76.3,1495,777725
2025-12-23 12:09:00+05:30,76.3,76.34,76.0,76.3,3185,777725
2025-12-23 12:10:00+05:30,76.0,76.25,75.9,76.05,6240,777725
2025-12-23 12:11:00+05:30,76.3,76.34,75.0,75.84,3835,780845
2025-12-23 12:12:00+05:30,75.3,75.34,74.55,75.0,10790,780845
2025-12-23 12:13:00+05:30,75.25,76.2,75.25,76.2,1300,780845
2025-12-23 12:14:00+05:30,76.2,76.95,76.2,76.8,3185,789815
2025-12-23 12:15:00+05:30,76.59,76.8,76.25,76.59,1560,789815
2025-12-23 12:16:00+05:30,76.3,76.3,76.3,76.3,130,789815
2025-12-23 12:17:00+05:30,76.5,76.84,76.5,76.84,2860,789230
2025-12-23 12:18:00+05:30,76.84,76.95,76.59,76.95,2405,789230
2025-12-23 12:19:00+05:30,77.15,77.15,76.75,76.8,1560,789230
2025-12-23 12:20:00+05:30,76.5,76.5,75.65,76.25,3055,786825
2025-12-23 12:21:00+05:30,76.25,76.4,76.25,76.3,2275,786825
2025-12-23 12:22:00+05:30,76.2,76.25,75.95,75.95,585,786825
2025-12-23 12:23:00+05:30,76.25,76.5,76.25,76.5,520,790205
2025-12-23 12:24:00+05:30,76.5,76.84,76.05,76.05,1105,790205
2025-12-23 12:25:00+05:30,76.25,76.5,76.2,76.2,585,790205
2025-12-23 12:26:00+05:30,76.4,76.4,76.15,76.15,455,791050
2025-12-23 12:27:00+05:30,76.15,76.55,76.05,76.55,585,791050
2025-12-23 12:28:00+05:30,76.4,77.05,76.4,77.05,4160,791050
2025-12-23 12:29:00+05:30,77.09,77.2,77.0,77.0,1560,791700
2025-12-23 12:30:00+05:30,76.84,77.4,76.75,77.34,2145,791700
2025-12-23 12:31:00+05:30,77.34,77.7,76.8,77.15,3055,791700
2025-12-23 12:32:00+05:30,76.7,77.0,76.7,76.84,3120,794430
2025-12-23 12:33:00+05:30,76.65,76.65,75.9,76.3,2210,794430
2025-12-23 12:34:00+05:30,76.05,76.65,76.0,76.59,3510,794430
2025-12-23 12:35:00+05:30,76.09,76.3,76.09,76.25,455,794170
2025-12-23 12:36:00+05:30,76.05,76.05,75.5,75.9,2795,794170
2025-12-23 12:37:00+05:30,75.65,75.84,75.5,75.8,845,794170
2025-12-23 12:38:00+05:30,75.59,75.9,75.59,75.7,780,796835
2025-12-23 12:39:00+05:30,75.84,76.0,75.75,75.8,2015,796835
2025-12-23 12:40:00+05:30,75.8,75.8,75.09,75.34,1300,796835
2025-12-23 12:41:00+05:30,75.7,76.15,75.59,75.8,1430,798980
2025-12-23 12:42:00+05:30,76.09,76.09,75.59,75.95,1625,798980
2025-12-23 12:43:00+05:30,76.5,76.5,75.75,75.84,1495,798980
2025-12-23 12:44:00+05:30,76.34,76.4,76.05,76.05,780,798135
2025-12-23 12:45:00+05:30,76.05,76.09,76.0,76.05,780,798135
2025-12-23 12:46:00+05:30,76.0,76.15,76.0,76.15,260,798135
2025-12-23 12:47:00+05:30,75.75,75.95,75.5,75.95,3055,799110
2025-12-23 12:48:00+05:30,75.9,75.9,75.65,75.65,1365,799110
2025-12-23 12:49:00+05:30,75.95,76.09,75.95,76.09,1950,799110
2025-12-23 12:50:00+05:30,75.95,75.95,75.55,75.8,650,798525
2025-12-23 12:51:00+05:30,75.55,76.0,75.55,75.55,455,798525
2025-12-23 12:52:00+05:30,75.55,75.9,75.55,75.9,1430,798525
2025-12-23 12:53:00+05:30,76.34,76.34,75.59,75.59,1495,798850
2025-12-23 12:54:00+05:30,75.95,75.95,75.25,75.25,7215,798850
2025-12-23 12:55:00+05:30,75.59,75.7,75.45,75.7,2600,798850
2025-12-23 12:56:00+05:30,75.55,75.59,75.15,75.59,2535,805870
2025-12-23 12:57:00+05:30,75.34,75.75,75.34,75.59,390,805870
2025-12-23 12:58:00+05:30,75.75,75.84,75.4,75.84,3250,805870
2025-12-23 12:59:00+05:30,75.25,75.45,75.15,75.34,5785,808925
2025-12-23 13:00:00+05:30,75.34,75.5,74.2,74.2,9945,808925
2025-12-23 13:01:00+05:30,74.55,74.75,73.65,74.34,13520,808925
2025-12-23 13:02:00+05:30,74.25,75.09,74.15,74.9,7800,830505
2025-12-23 13:03:00+05:30,74.7,74.84,74.4,74.55,4030,830505
2025-12-23 13:04:00+05:30,74.59,75.0,74.59,74.84,2470,830505
2025-12-23 13:05:00+05:30,75.0,75.2,74.8,75.15,3250,837720
2025-12-23 13:06:00+05:30,75.45,75.45,74.59,74.84,8775,837720
2025-12-23 13:07:00+05:30,75.05,75.05,74.65,74.95,6305,837720
2025-12-23 13:08:00+05:30,75.0,75.05,74.95,75.05,2600,845910
2025-12-23 13:09:00+05:30,75.05,75.2,74.75,74.8,6240,845910
2025-12-23 13:10:00+05:30,74.59,74.7,74.15,74.5,520,845910
2025-12-23 13:11:00+05:30,74.75,74.95,74.65,74.75,1170,851955
2025-12-23 13:12:00+05:30,74.9,74.9,74.59,74.9,715,851955
2025-12-23 13:13:00+05:30,74.9,75.0,74.9,75.0,3965,851955
2025-12-23 13:14:00+05:30,75.2,75.7,74.84,75.7,2210,853450
2025-12-23 13:15:00+05:30,75.65,75.65,75.3,75.4,2600,853450
2025-12-23 13:16:00+05:30,75.7,75.7,74.5,74.5,3055,853450
2025-12-23 13:17:00+05:30,74.5,74.65,74.0,74.45,3835,854035
2025-12-23 13:18:00+05:30,74.34,74.75,74.34,74.75,1040,854035
2025-12-23 13:19:00+05:30,74.95,75.05,74.75,74.75,1495,854035
2025-12-23 13:20:00+05:30,75.0,75.0,74.7,74.9,1235,859040
2025-12-23 13:21:00+05:30,74.9,75.15,74.9,75.0,4810,859040
2025-12-23 13:22:00+05:30,75.09,75.09,74.95,74.95,325,859040
2025-12-23 13:23:00+05:30,75.0,75.05,74.9,75.05,1170,863785
2025-12-23 13:24:00+05:30,75.15,75.2,75.05,75.2,455,863785
2025-12-23 13:25:00+05:30,75.4,75.4,74.8,75.09,1430,863785
2025-12-23 13:26:00+05:30,75.0,75.0,74.7,75.0,1560,863590
2025-12-23 13:27:00+05:30,75.2,75.2,74.8,74.8,1820,863590
2025-12-23 13:28:00+05:30,74.8,74.84,74.8,74.84,195,863590
2025-12-23 13:29:00+05:30,74.5,74.84,74.3,74.45,2275,863525
2025-12-23 13:30:00+05:30,74.95,74.95,74.45,74.59,845,863525
2025-12-23 13:31:00+05:30,74.7,75.0,74.65,75.0,1430,863525
2025-12-23 13:32:00+05:30,75.0,75.15,74.45,74.45,5590,859170
2025-12-23 13:33:00+05:30,74.59,74.84,74.45,74.8,2470,859170
2025-12-23 13:34:00+05:30,74.7,74.8,74.3,74.59,1105,859170
2025-12-23 13:35:00+05:30,74.5,74.84,74.34,74.84,1300,856895
2025-12-23 13:36:00+05:30,74.8,74.8,74.4,74.4,845,856895
2025-12-23 13:37:00+05:30,74.5,74.5,74.5,74.5,260,856895
2025-12-23 13:38:00+05:30,74.5,74.7,74.34,74.45,910,856700
2025-12-23 13:39:00+05:30,74.59,75.15,74.34,75.09,3965,856700
2025-12-23 13:40:00+05:30,74.95,75.0,74.59,74.95,1495,856700
2025-12-23 13:41:00+05:30,75.0,75.84,74.95,75.84,1755,852670
2025-12-23 13:42:00+05:30,75.2,75.2,74.65,74.65,1430,852670
2025-12-23 13:43:00+05:30,74.4,75.05,74.25,74.95,3705,852670
2025-12-23 13:44:00+05:30,74.8,75.25,74.59,74.84,3185,854425
2025-12-23 13:45:00+05:30,74.84,75.05,74.65,75.05,1365,854425
2025-12-23 13:46:00+05:30,74.95,74.95,74.55,74.55,520,854425
2025-12-23 13:47:00+05:30,74.84,74.84,74.25,74.4,1495,856115
2025-12-23 13:48:00+05:30,74.5,74.59,74.0,74.0,4615,856115
2025-12-23 13:49:00+05:30,74.09,74.55,73.25,74.45,2470,856115
2025-12-23 13:50:00+05:30,74.5,74.8,74.4,74.7,3575,859950
2025-12-23 13:51:00+05:30,74.3,74.5,74.09,74.4,585,859950
2025-12-23 13:52:00+05:30,74.09,74.5,73.95,73.95,1495,859950
2025-12-23 13:53:00+05:30,74.4,74.4,74.0,74.05,1755,861185
2025-12-23 13:54:00+05:30,74.09,74.3,73.75,73.75,2535,861185
2025-12-23 13:55:00+05:30,73.9,73.9,71.84,72.55,5915,861185
2025-12-23 13:56:00+05:30,72.25,72.84,71.9,72.84,6500,868075
2025-12-23 13:57:00+05:30,72.9,73.55,72.9,73.55,12740,868075
2025-12-23 13:58:00+05:30,73.59,73.7,72.84,73.5,4030,868075
2025-12-23 13:59:00+05:30,73.09,73.8,72.65,72.8,1885,869895
2025-12-23 14:00:00+05:30,72.9,73.34,72.5,73.15,8710,869895
2025-12-23 14:01:00+05:30,73.5,74.0,73.09,73.25,11830,869895
2025-12-23 14:02:00+05:30,73.4,73.7,73.2,73.3,5525,881400
2025-12-23 14:03:00+05:30,73.65,73.65,72.75,72.8,4680,881400
2025-12-23 14:04:00+05:30,72.8,73.09,72.59,72.95,2340,881400
2025-12-23 14:05:00+05:30,73.0,73.4,72.9,73.25,2600,883350
2025-12-23 14:06:00+05:30,73.34,73.75,73.34,73.7,1495,883350
2025-12-23 14:07:00+05:30,73.7,73.8,73.09,73.75,4095,883350
2025-12-23 14:08:00+05:30,73.8,73.8,73.05,73.05,6305,885885
2025-12-23 14:09:00+05:30,73.25,73.9,73.25,73.8,5720,885885
2025-12-23 14:10:00+05:30,73.8,73.9,73.09,73.45,4160,885885
2025-12-23 14:11:00+05:30,73.3,73.8,72.84,73.8,6110,893230
2025-12-23 14:12:00+05:30,73.75,73.84,73.5,73.5,650,893230
2025-12-23 14:13:00+05:30,73.55,73.95,73.34,73.7,975,893230
2025-12-23 14:14:00+05:30,73.3,73.5,71.3,71.5,7020,895765
2025-12-23 14:15:00+05:30,71.2,71.75,68.8,69.05,22750,895765
2025-12-23 14:16:00+05:30,69.3,69.65,69.09,69.65,11375,895765
2025-12-23 14:17:00+05:30,69.45,69.7,68.8,69.0,10465,903370
2025-12-23 14:18:00+05:30,68.8,69.0,66.84,67.45,12285,903370
2025-12-23 14:19:00+05:30,67.05,68.5,66.95,68.34,26585,903370
2025-12-23 14:20:00+05:30,68.34,68.65,68.0,68.45,11830,936520
2025-12-23 14:21:00+05:30,68.45,68.95,67.84,68.7,4810,936520
2025-12-23 14:22:00+05:30,68.7,69.05,68.5,69.05,9555,936520
2025-12-23 14:23:00+05:30,68.95,68.95,67.84,67.95,6955,942955
2025-12-23 14:24:00+05:30,67.95,68.4,67.9,68.0,7345,942955
2025-12-23 14:25:00+05:30,68.0,68.2,67.59,67.59,10855,942955
2025-12-23 14:26:00+05:30,67.3,68.4,67.25,68.25,15015,960765
2025-12-23 14:27:00+05:30,68.25,68.55,67.84,68.4,5200,960765
2025-12-23 14:28:00+05:30,68.65,68.95,68.4,68.95,5915,960765
2025-12-23 14:29:00+05:30,69.2,69.25,68.7,69.09,6955,962650
2025-12-23 14:30:00+05:30,68.7,69.15,68.3,69.05,9035,962650
2025-12-23 14:31:00+05:30,69.09,69.59,69.0,69.4,8515,962650
2025-12-23 14:32:00+05:30,69.4,69.9,69.05,69.8,2145,966290
2025-12-23 14:33:00+05:30,69.65,71.45,69.65,70.55,11440,966290
2025-12-23 14:34:00+05:30,70.45,71.34,70.0,70.9,3640,966290
2025-12-23 14:35:00+05:30,70.65,71.34,70.65,70.75,5785,969865
2025-12-23 14:36:00+05:30,70.34,71.05,70.05,70.45,1885,969865
2025-12-23 14:37:00+05:30,70.8,71.2,70.5,70.95,4290,969865
2025-12-23 14:38:00+05:30,70.84,70.84,70.09,70.25,4810,973570
2025-12-23 14:39:00+05:30,70.2,71.25,70.2,70.4,8385,973570
2025-12-23 14:40:00+05:30,70.3,70.95,70.2,70.84,12415,973570
2025-12-23 14:41:00+05:30,70.9,73.34,70.84,72.8,14690,975260
2025-12-23 14:42:00+05:30,73.59,73.59,72.59,73.15,8970,975260
2025-12-23 14:43:00+05:30,73.65,74.09,72.95,73.59,10855,975260
2025-12-23 14:44:00+05:30,74.15,75.2,73.84,75.09,20995,979550
2025-12-23 14:45:00+05:30,74.8,76.7,74.8,76.2,31720,979550
2025-12-23 14:46:00+05:30,75.84,75.95,73.75,74.3,9165,979550
2025-12-23 14:47:00+05:30,74.0,75.0,73.59,75.0,5265,976105
2025-12-23 14:48:00+05:30,75.0,75.0,74.15,74.34,6695,976105
2025-12-23 14:49:00+05:30,74.09,74.45,73.4,73.55,7280,976105
2025-12-23 14:50:00+05:30,73.34,75.3,73.34,75.05,9815,988325
2025-12-23 14:51:00+05:30,75.2,75.2,74.7,75.09,11505,988325
2025-12-23 14:52:00+05:30,75.3,75.3,74.05,74.5,7605,988325
2025-12-23 14:53:00+05:30,74.7,74.7,74.05,74.2,4940,1001715
2025-12-23 14:54:00+05:30,74.05,74.9,74.05,74.55,2665,1001715
2025-12-23 14:55:00+05:30,74.3,74.84,74.05,74.55,5915,1001715
2025-12-23 14:56:00+05:30,74.34,74.75,74.25,74.55,7085,1008150
2025-12-23 14:57:00+05:30,74.7,75.4,74.7,75.25,7215,1008150
2025-12-23 14:58:00+05:30,74.7,74.7,74.09,74.5,8515,1008150
2025-12-23 14:59:00+05:30,73.65,73.75,72.55,72.9,9490,1012765
2025-12-23 15:00:00+05:30,72.34,72.34,70.34,71.3,7215,1012765
2025-12-23 15:01:00+05:30,70.8,73.4,70.8,72.45,6630,1012765
2025-12-23 15:02:00+05:30,72.3,73.05,72.3,73.0,6110,1014715
2025-12-23 15:03:00+05:30,73.25,76.0,73.09,75.4,18135,1014715
2025-12-23 15:04:00+05:30,75.65,75.75,74.09,74.09,10075,1014715
2025-12-23 15:05:00+05:30,74.8,75.65,74.65,75.65,10985,1023360
2025-12-23 15:06:00+05:30,75.59,76.05,75.25,75.75,8840,1023360
2025-12-23 15:07:00+05:30,75.75,76.0,75.34,76.0,13130,1023360
2025-12-23 15:08:00+05:30,76.0,76.0,75.2,75.25,19695,1014390
2025-12-23 15:09:00+05:30,74.84,75.15,74.4,74.75,5850,1014390
2025-12-23 15:10:00+05:30,74.65,75.15,74.55,74.84,5980,1014390
2025-12-23 15:11:00+05:30,74.84,74.95,74.55,74.8,6760,1021865
2025-12-23 15:12:00+05:30,74.55,74.95,74.55,74.75,7865,1021865
2025-12-23 15:13:00+05:30,74.65,75.0,74.65,74.95,4680,1021865
2025-12-23 15:14:00+05:30,74.84,75.2,74.8,75.05,11245,1027325
2025-12-23 15:15:00+05:30,75.59,75.59,74.59,74.7,10465,1027325
2025-12-23 15:16:00+05:30,74.65,74.95,74.59,74.7,2535,1027325
2025-12-23 15:17:00+05:30,74.84,74.9,74.55,74.55,2015,1027325
2025-12-23 15:18:00+05:30,74.55,75.0,74.09,74.95,20085,1029795
2025-12-23 15:19:00+05:30,75.09,75.3,74.8,75.3,17485,1029795
2025-12-23 15:20:00+05:30,75.4,75.45,75.05,75.15,9100,1024660
2025-12-23 15:21:00+05:30,75.09,75.3,74.8,74.95,9750,1024660
2025-12-23 15:22:00+05:30,75.09,75.5,74.65,75.5,9620,1024660
2025-12-23 15:23:00+05:30,75.15,75.59,75.15,75.55,9230,1024660
2025-12-23 15:24:00+05:30,75.34,75.7,75.2,75.45,12870,1037660
2025-12-23 15:25:00+05:30,75.34,76.09,75.3,76.0,14560,1037660
2025-12-23 15:26:00+05:30,76.0,76.8,75.95,76.5,9230,1050010
2025-12-23 15:27:00+05:30,76.55,76.9,76.15,76.25,16380,1050010
2025-12-23 15:28:00+05:30,76.4,76.75,76.4,76.65,6955,1050010
2025-12-23 15:29:00+05:30,76.8,78.34,76.4,77.8,26975,1056445
2025-12-24 09:15:00+05:30,81.0,83.45,75.09,78.45,80275,1053585
2025-12-24 09:16:00+05:30,79.55,79.8,75.0,75.95,56225,1083940
2025-12-24 09:17:00+05:30,74.34,77.0,72.5,72.5,40950,1083940
2025-12-24 09:18:00+05:30,72.4,72.4,68.7,70.09,59735,1083940
2025-12-24 09:19:00+05:30,69.0,69.0,66.55,67.5,73840,1135810
2025-12-24 09:20:00+05:30,66.9,67.95,66.2,67.95,27690,1135810
2025-12-24 09:21:00+05:30,67.3,67.3,64.95,65.5,36725,1135810
2025-12-24 09:22:00+05:30,65.3,67.65,65.0,67.65,32955,1171235
2025-12-24 09:23:00+05:30,67.4,68.25,65.8,66.05,47385,1171235
2025-12-24 09:24:00+05:30,65.5,65.5,63.85,64.0,47645,1171235
2025-12-24 09:25:00+05:30,64.09,64.09,61.85,62.65,47905,1211665
2025-12-24 09:26:00+05:30,62.6,63.2,61.8,62.35,27560,1211665
2025-12-24 09:27:00+05:30,61.65,62.35,60.9,62.35,13715,1211665
2025-12-24 09:28:00+05:30,62.25,62.25,60.85,61.45,19825,1225445
2025-12-24 09:29:00+05:30,61.3,62.2,61.15,61.75,13455,1225445
2025-12-24 09:30:00+05:30,61.6,62.1,60.9,61.85,17940,1225445
2025-12-24 09:31:00+05:30,61.75,62.0,60.1,61.4,25805,1240655
2025-12-24 09:32:00+05:30,61.35,61.55,60.4,60.85,27430,1240655
2025-12-24 09:33:00+05:30,60.8,60.95,58.1,58.85,63830,1240655
2025-12-24 09:34:00+05:30,58.85,59.95,58.7,59.9,27300,1238380
2025-12-24 09:35:00+05:30,59.65,61.05,59.3,61.05,26780,1238380
2025-12-24 09:36:00+05:30,61.05,61.4,59.95,61.4,24700,1238380
2025-12-24 09:37:00+05:30,61.15,61.6,60.3,61.6,84240,1236495
2025-12-24 09:38:00+05:30,61.7,62.3,61.0,61.85,17745,1236495
2025-12-24 09:39:00+05:30,61.8,62.8,61.75,62.0,18785,1236495
2025-12-24 09:40:00+05:30,62.35,63.3,61.2,61.9,28145,1241045
2025-12-24 09:41:00+05:30,62.25,63.0,61.9,62.65,11895,1241045
2025-12-24 09:42:00+05:30,62.9,63.4,61.65,62.4,20670,1241045
2025-12-24 09:43:00+05:30,61.7,63.4,61.4,62.25,8060,1239940
2025-12-24 09:44:00+05:30,62.15,62.15,60.2,60.45,18330,1239940
2025-12-24 09:45:00+05:30,60.2,61.85,59.5,61.2,17290,1239940
2025-12-24 09:46:00+05:30,60.65,62.9,60.05,62.9,8320,1236690
2025-12-24 09:47:00+05:30,62.75,63.7,62.05,63.65,18850,1236690
2025-12-24 09:48:00+05:30,63.65,64.0,62.4,62.55,15600,1236690
2025-12-24 09:49:00+05:30,62.8,63.5,62.25,63.25,4940,1233700
2025-12-24 09:50:00+05:30,63.0,63.35,62.0,62.15,16770,1233700
2025-12-24 09:51:00+05:30,62.15,62.45,59.7,59.7,18395,1233700
2025-12-24 09:52:00+05:30,59.9,60.7,58.55,58.75,30875,1240460
2025-12-24 09:53:00+05:30,59.05,61.5,59.0,60.95,21710,1240460
2025-12-24 09:54:00+05:30,60.85,60.95,59.8,60.25,8515,1240460
2025-12-24 09:55:00+05:30,60.2,61.25,60.2,60.6,3835,1235585
2025-12-24 09:56:00+05:30,61.1,61.55,60.65,61.5,3120,1235585
2025-12-24 09:57:00+05:30,61.05,61.6,60.0,60.5,11115,1235585
2025-12-24 09:58:00+05:30,59.95,60.3,58.7,58.7,16120,1239160
2025-12-24 09:59:00+05:30,58.75,59.5,58.75,59.5,12415,1239160
2025-12-24 10:00:00+05:30,59.4,60.0,59.0,59.35,4940,1239160
2025-12-24 10:01:00+05:30,59.3,60.35,59.05,59.2,9230,1241500
2025-12-24 10:02:00+05:30,59.3,60.0,59.0,59.9,7800,1241500
2025-12-24 10:03:00+05:30,59.8,60.35,59.4,60.35,10920,1241500
2025-12-24 10:04:00+05:30,60.55,61.05,60.5,60.95,8450,1242800
2025-12-24 10:05:00+05:30,60.75,61.2,60.3,60.45,5655,1242800
2025-12-24 10:06:00+05:30,60.65,61.2,59.8,61.2,15275,1242800
2025-12-24 10:07:00+05:30,61.0,61.05,59.95,60.2,9685,1246895
2025-12-24 10:08:00+05:30,60.15,61.7,60.1,60.2,13455,1246895
2025-12-24 10:09:00+05:30,60.75,60.8,59.4,59.65,7800,1246895
2025-12-24 10:10:00+05:30,59.8,59.8,57.65,58.05,23790,1249755
2025-12-24 10:11:00+05:30,58.1,59.05,57.5,57.65,11375,1249755
2025-12-24 10:12:00+05:30,57.35,58.75,57.05,58.4,10725,1249755
2025-12-24 10:13:00+05:30,58.3,58.7,56.5,56.95,13000,1244165
2025-12-24 10:14:00+05:30,56.7,57.45,55.8,56.8,16640,1244165
2025-12-24 10:15:00+05:30,56.95,57.1,55.15,55.75,42510,1244165
2025-12-24 10:16:00+05:30,55.75,56.45,55.3,55.65,24310,1226745
2025-12-24 10:17:00+05:30,55.3,56.55,55.15,56.35,20410,1226745
2025-12-24 10:18:00+05:30,56.15,56.2,55.5,55.75,10205,1226745
2025-12-24 10:19:00+05:30,55.95,56.7,55.95,56.7,11960,1216345
2025-12-24 10:20:00+05:30,56.65,57.1,56.4,57.1,10270,1216345
2025-12-24 10:21:00+05:30,56.8,57.0,56.1,56.65,6955,1216345
2025-12-24 10:22:00+05:30,56.45,57.1,56.25,56.7,3250,1222910
2025-12-24 10:23:00+05:30,56.6,57.0,56.45,57.0,4875,1222910
2025-12-24 10:24:00+05:30,56.5,57.3,56.5,57.05,6955,1222910
2025-12-24 10:25:00+05:30,57.05,57.45,56.7,57.05,7800,1227525
2025-12-24 10:26:00+05:30,56.95,57.15,56.45,56.6,11570,1227525
2025-12-24 10:27:00+05:30,56.15,57.05,56.05,56.85,5200,1227525
2025-12-24 10:28:00+05:30,56.8,56.8,56.3,56.4,4355,1230970
2025-12-24 10:29:00+05:30,56.35,56.65,56.15,56.35,5785,1230970
2025-12-24 10:30:00+05:30,56.25,56.35,55.8,55.95,8580,1230970
2025-12-24 10:31:00+05:30,56.1,56.55,55.6,56.5,7150,1228825
2025-12-24 10:32:00+05:30,56.75,56.9,56.05,56.75,3900,1228825
2025-12-24 10:33:00+05:30,56.8,56.9,56.15,56.55,5135,1228825
2025-12-24 10:34:00+05:30,56.5,56.7,56.25,56.35,2860,1225380
2025-12-24 10:35:00+05:30,56.3,56.4,55.65,56.25,6825,1225380
2025-12-24 10:36:00+05:30,56.2,57.55,56.2,57.15,1950,1225380
2025-12-24 10:37:00+05:30,57.1,57.8,56.8,57.8,8645,1225250
2025-12-24 10:38:00+05:30,57.8,58.25,57.55,58.1,6175,1225250
2025-12-24 10:39:00+05:30,58.25,58.25,57.5,57.7,7280,1225250
2025-12-24 10:40:00+05:30,57.8,58.2,57.6,57.6,3120,1235390
2025-12-24 10:41:00+05:30,57.65,58.2,57.3,57.95,5330,1235390
2025-12-24 10:42:00+05:30,57.9,58.0,57.5,57.6,4485,1235390
2025-12-24 10:43:00+05:30,57.75,58.2,57.4,57.6,7540,1233765
2025-12-24 10:44:00+05:30,57.8,58.8,57.7,58.65,3120,1233765
2025-12-24 10:45:00+05:30,58.45,58.8,58.15,58.4,10205,1233765
2025-12-24 10:46:00+05:30,58.4,59.3,58.4,58.65,7150,1230190
2025-12-24 10:47:00+05:30,58.85,59.5,58.45,59.5,2925,1230190
2025-12-24 10:48:00+05:30,59.6,61.05,59.6,61.0,15340,1230190
2025-12-24 10:49:00+05:30,60.6,60.8,59.5,59.7,8580,1221220
2025-12-24 10:50:00+05:30,60.0,61.0,59.85,60.45,9815,1221220
2025-12-24 10:51:00+05:30,60.6,61.95,60.45,61.65,8840,1221220
2025-12-24 10:52:00+05:30,61.55,61.85,61.1,61.4,6695,1220245
2025-12-24 10:53:00+05:30,61.7,61.7,60.65,60.8,10985,1220245
2025-12-24 10:54:00+05:30,60.9,63.1,60.7,62.0,26260,1220245
2025-12-24 10:55:00+05:30,61.75,62.6,61.55,62.5,6955,1220310
2025-12-24 10:56:00+05:30,62.15,62.15,60.05,60.05,5720,1220310
2025-12-24 10:57:00+05:30,60.35,60.8,59.35,59.35,10010,1220310
2025-12-24 10:58:00+05:30,59.3,59.3,58.6,59.15,7865,1215240
2025-12-24 10:59:00+05:30,58.8,60.4,58.65,59.7,4225,1215240
2025-12-24 11:00:00+05:30,59.7,59.95,59.0,59.95,5395,1215240
2025-12-24 11:01:00+05:30,59.7,60.0,59.25,60.0,1625,1214785
2025-12-24 11:02:00+05:30,60.0,63.0,60.0,63.0,14170,1214785
2025-12-24 11:03:00+05:30,63.05,63.3,61.5,61.9,9295,1214785
2025-12-24 11:04:00+05:30,62.2,62.45,61.15,61.65,8645,1210885
2025-12-24 11:05:00+05:30,61.45,61.55,60.5,60.75,5005,1210885
2025-12-24 11:06:00+05:30,60.5,61.15,60.0,60.9,7540,1210885
2025-12-24 11:07:00+05:30,61.35,61.9,60.6,60.95,2600,1213875
2025-12-24 11:08:00+05:30,60.7,61.3,60.0,61.3,7735,1213875
2025-12-24 11:09:00+05:30,61.0,61.2,60.45,61.0,1560,1213875
2025-12-24 11:10:00+05:30,61.2,61.95,60.9,61.65,1495,1212055
2025-12-24 11:11:00+05:30,61.5,61.95,61.25,61.75,4225,1212055
2025-12-24 11:12:00+05:30,61.45,61.5,59.8,60.0,6370,1212055
2025-12-24 11:13:00+05:30,60.0,60.05,58.75,58.75,9945,1219140
2025-12-24 11:14:00+05:30,58.35,59.25,58.25,58.75,8580,1219140
2025-12-24 11:15:00+05:30,59.35,59.35,58.5,58.5,4290,1219140
2025-12-24 11:16:00+05:30,58.7,59.25,58.0,58.25,5785,1224730
2025-12-24 11:17:00+05:30,58.8,59.35,58.5,58.9,3250,1224730
2025-12-24 11:18:00+05:30,58.35,58.95,58.35,58.85,3380,1224730
2025-12-24 11:19:00+05:30,59.15,59.55,58.2,58.45,6500,1225770
2025-12-24 11:20:00+05:30,58.55,58.55,57.85,57.85,2535,1225770
2025-12-24 11:21:00+05:30,57.5,57.85,57.05,57.05,5720,1225770
2025-12-24 11:22:00+05:30,56.85,57.2,56.6,56.6,7605,1231620
2025-12-24 11:23:00+05:30,56.4,56.45,55.7,55.95,13715,1231620
2025-12-24 11:24:00+05:30,56.0,57.1,56.0,56.95,11505,1231620
2025-12-24 11:25:00+05:30,57.15,58.3,57.15,58.3,15210,1243060
2025-12-24 11:26:00+05:30,57.8,59.1,57.6,58.45,14040,1243060
2025-12-24 11:27:00+05:30,58.25,58.45,57.75,58.45,7735,1243060
2025-12-24 11:28:00+05:30,58.55,59.0,57.5,57.5,1820,1255540
2025-12-24 11:29:00+05:30,58.0,58.0,56.95,57.15,17680,1255540
2025-12-24 11:30:00+05:30,57.05,57.5,57.05,57.25,6305,1255540
2025-12-24 11:31:00+05:30,57.05,58.1,57.05,58.1,6825,1253915
2025-12-24 11:32:00+05:30,57.7,57.7,56.7,57.0,9165,1253915
2025-12-24 11:33:00+05:30,57.3,57.5,56.6,57.2,14170,1253915
2025-12-24 11:34:00+05:30,56.95,57.15,56.4,57.05,19500,1242995
2025-12-24 11:35:00+05:30,57.0,57.45,56.8,57.45,3705,1242995
2025-12-24 11:36:00+05:30,57.45,57.75,57.35,57.5,5135,1242995
2025-12-24 11:37:00+05:30,57.4,58.0,57.2,58.0,1235,1246050
2025-12-24 11:38:00+05:30,58.1,58.4,57.7,58.15,4355,1246050
2025-12-24 11:39:00+05:30,58.25,58.9,57.9,58.9,21385,1246050
2025-12-24 11:40:00+05:30,58.65,58.9,58.35,58.85,1365,1248910
2025-12-24 11:41:00+05:30,59.1,59.65,58.65,58.65,7670,1248910
2025-12-24 11:42:00+05:30,58.65,60.9,58.65,60.9,36595,1248910
2025-12-24 11:43:00+05:30,60.75,62.75,60.5,62.75,26650,1279980
2025-12-24 11:44:00+05:30,62.7,63.45,62.5,63.15,26000,1279980
2025-12-24 11:45:00+05:30,63.35,63.9,62.05,63.2,13390,1279980
2025-12-24 11:46:00+05:30,63.35,63.75,62.5,63.35,16185,1266980
2025-12-24 11:47:00+05:30,63.25,63.85,62.7,62.85,15405,1266980
2025-12-24 11:48:00+05:30,63.15,63.4,62.6,63.0,10010,1266980
2025-12-24 11:49:00+05:30,62.2,62.6,61.3,62.55,11245,1269905
2025-12-24 11:50:00+05:30,62.6,62.75,61.85,61.85,5330,1269905
2025-12-24 11:51:00+05:30,62.05,63.0,62.0,62.45,8645,1269905
2025-12-24 11:52:00+05:30,62.35,63.1,62.0,62.95,8580,1271400
2025-12-24 11:53:00+05:30,62.6,62.9,62.1,62.45,15210,1271400
2025-12-24 11:54:00+05:30,62.25,62.3,61.6,61.75,4810,1271400
2025-12-24 11:55:00+05:30,61.6,61.6,60.25,60.5,14430,1278550
2025-12-24 11:56:00+05:30,60.6,61.0,60.3,61.0,3965,1278550
2025-12-24 11:57:00+05:30,60.75,61.45,60.55,61.05,4810,1278550
2025-12-24 11:58:00+05:30,61.4,61.6,59.6,59.6,13065,1277315
2025-12-24 11:59:00+05:30,59.6,60.9,59.6,60.5,24830,1277315
2025-12-24 12:00:00+05:30,61.0,61.0,60.35,60.65,2275,1277315
2025-12-24 12:01:00+05:30,60.55,62.3,60.55,62.05,7410,1284595
2025-12-24 12:02:00+05:30,61.85,62.05,60.0,60.2,3965,1284595
2025-12-24 12:03:00+05:30,60.15,60.45,60.0,60.35,6565,1284595
2025-12-24 12:04:00+05:30,60.2,60.35,59.5,60.1,1300,1285115
2025-12-24 12:05:00+05:30,59.95,60.0,58.95,59.35,4680,1285115
2025-12-24 12:06:00+05:30,60.0,60.2,59.5,59.6,2210,1285115
2025-12-24 12:07:00+05:30,59.5,60.0,58.95,60.0,2405,1285180
2025-12-24 12:08:00+05:30,60.0,60.8,60.0,60.8,3445,1285180
2025-12-24 12:09:00+05:30,60.7,61.35,60.4,60.7,5915,1285180
2025-12-24 12:10:00+05:30,60.65,61.15,60.3,60.3,1365,1289210
2025-12-24 12:11:00+05:30,60.0,61.4,60.0,61.4,2470,1289210
2025-12-24 12:12:00+05:30,61.3,61.3,60.5,60.55,2275,1289210
2025-12-24 12:13:00+05:30,60.25,60.6,59.45,59.7,3640,1289210
2025-12-24 12:14:00+05:30,59.9,59.95,59.25,59.7,2860,1289210
2025-12-24 12:15:00+05:30,59.8,59.9,59.5,59.6,1950,1289210
2025-12-24 12:16:00+05:30,59.9,60.1,58.4,58.95,6760,1290185
2025-12-24 12:17:00+05:30,58.75,59.65,58.65,59.5,2665,1290185
2025-12-24 12:18:00+05:30,59.25,59.25,57.35,57.35,6240,1290185
2025-12-24 12:19:00+05:30,57.25,58.75,57.25,58.75,6500,1293955
2025-12-24 12:20:00+05:30,58.8,59.65,58.8,59.4,6435,1293955
2025-12-24 12:21:00+05:30,59.0,59.05,58.05,58.3,7020,1293955
2025-12-24 12:22:00+05:30,58.8,59.55,58.8,59.3,3965,1293955
2025-12-24 12:23:00+05:30,59.5,59.8,59.1,59.6,3900,1295645
2025-12-24 12:24:00+05:30,59.75,59.9,59.35,59.35,2860,1295645
2025-12-24 12:25:00+05:30,59.5,59.7,58.45,58.45,390,1293630
2025-12-24 12:26:00+05:30,58.45,58.55,56.9,56.95,10400,1293630
2025-12-24 12:27:00+05:30,57.3,57.55,56.75,57.55,10075,1293630
2025-12-24 12:28:00+05:30,57.75,58.25,57.65,58.25,1885,1293630
2025-12-24 12:29:00+05:30,58.35,58.55,57.6,57.6,4940,1301105
2025-12-24 12:30:00+05:30,57.5,57.95,57.45,57.45,3900,1301105
2025-12-24 12:31:00+05:30,57.4,57.4,56.5,56.55,7085,1301105
2025-12-24 12:32:00+05:30,56.55,56.7,55.8,56.55,6500,1302860
2025-12-24 12:33:00+05:30,56.5,57.35,56.3,57.3,2795,1302860
2025-12-24 12:34:00+05:30,57.2,57.45,57.0,57.45,3640,1303835
2025-12-24 12:35:00+05:30,57.3,57.35,57.0,57.0,1820,1303835
2025-12-24 12:36:00+05:30,57.0,57.1,56.3,57.1,5330,1303835
2025-12-24 12:37:00+05:30,57.0,57.75,57.0,57.25,2990,1303835
2025-12-24 12:38:00+05:30,57.05,57.85,56.95,57.85,4745,1304030
2025-12-24 12:39:00+05:30,57.65,59.0,57.65,58.5,8190,1304030
2025-12-24 12:40:00+05:30,58.5,59.0,58.5,59.0,4160,1304030
2025-12-24 12:41:00+05:30,58.95,59.85,58.5,59.15,4615,1301690
2025-12-24 12:42:00+05:30,59.25,60.25,59.25,60.1,6305,1301690
2025-12-24 12:43:00+05:30,59.9,60.0,58.7,58.75,7605,1301690
2025-12-24 12:44:00+05:30,58.35,59.55,58.35,59.25,3510,1305135
2025-12-24 12:45:00+05:30,59.55,59.65,59.05,59.35,6695,1305135
2025-12-24 12:46:00+05:30,59.65,59.85,59.3,59.3,3185,1305135
2025-12-24 12:47:00+05:30,59.2,59.55,58.85,59.55,7800,1302860
2025-12-24 12:48:00+05:30,59.35,59.55,58.3,58.45,6110,1302860
2025-12-24 12:49:00+05:30,58.8,60.05,58.8,59.9,6110,1302860
2025-12-24 12:50:00+05:30,59.95,60.1,59.55,59.8,5785,1308190
2025-12-24 12:51:00+05:30,60.05,60.4,59.0,59.3,9750,1308190
2025-12-24 12:52:00+05:30,59.35,60.05,59.35,60.05,2535,1308190
2025-12-24 12:53:00+05:30,59.75,59.8,59.25,59.25,1950,1305330
2025-12-24 12:54:00+05:30,59.5,60.0,59.05,60.0,1430,1305330
2025-12-24 12:55:00+05:30,59.1,59.8,59.0,59.8,2860,1305330
2025-12-24 12:56:00+05:30,59.6,60.35,59.5,59.5,4485,1306110
2025-12-24 12:57:00+05:30,59.0,59.6,59.0,59.25,2730,1306110
2025-12-24 12:58:00+05:30,59.1,59.2,58.45,58.8,7085,1306110
2025-12-24 12:59:00+05:30,59.05,59.4,58.8,58.95,8320,1307605
2025-12-24 13:00:00+05:30,59.1,61.05,59.1,60.3,16510,1307605
2025-12-24 13:01:00+05:30,60.4,61.1,59.2,60.6,13520,1307605
2025-12-24 13:02:00+05:30,60.2,61.3,60.0,61.3,3640,1310725
2025-12-24 13:03:00+05:30,61.0,61.0,59.6,59.9,10010,1310725
2025-12-24 13:04:00+05:30,59.4,60.4,59.35,59.35,6630,1310725
2025-12-24 13:05:00+05:30,59.8,61.55,59.7,60.65,10205,1317030
2025-12-24 13:06:00+05:30,61.0,61.9,60.65,61.2,8320,1317030
2025-12-24 13:07:00+05:30,61.25,61.25,60.25,60.75,7410,1317030
2025-12-24 13:08:00+05:30,61.3,61.8,61.1,61.15,7020,1316185
2025-12-24 13:09:00+05:30,62.35,62.4,61.05,61.05,12740,1316185
2025-12-24 13:10:00+05:30,60.9,62.1,60.9,62.1,3965,1316185
2025-12-24 13:11:00+05:30,61.25,62.7,61.15,62.2,8840,1309685
2025-12-24 13:12:00+05:30,62.15,62.95,61.1,61.95,11570,1309685
2025-12-24 13:13:00+05:30,61.9,62.1,60.8,61.5,6240,1309685
2025-12-24 13:14:00+05:30,61.2,61.55,60.4,61.55,8710,1319825
2025-12-24 13:15:00+05:30,61.9,62.55,61.3,62.25,7865,1319825
2025-12-24 13:16:00+05:30,62.05,62.05,60.9,61.5,9425,1319825
2025-12-24 13:17:00+05:30,61.3,62.25,61.05,61.8,4225,1328405
2025-12-24 13:18:00+05:30,62.15,62.8,61.55,62.1,4095,1328405
2025-12-24 13:19:00+05:30,62.0,62.6,61.7,62.3,6890,1328405
2025-12-24 13:20:00+05:30,62.6,62.8,61.45,61.45,7410,1331720
2025-12-24 13:21:00+05:30,60.95,62.35,60.6,62.05,8970,1331720
2025-12-24 13:22:00+05:30,62.2,62.7,62.15,62.5,7150,1331720
2025-12-24 13:23:00+05:30,62.5,63.65,62.5,62.85,17485,1327170
2025-12-24 13:24:00+05:30,63.0,63.1,62.2,63.1,6630,1327170
2025-12-24 13:25:00+05:30,63.05,64.0,63.05,63.4,9750,1327170
2025-12-24 13:26:00+05:30,63.7,63.7,62.3,63.15,7085,1325610
2025-12-24 13:27:00+05:30,63.2,63.2,62.1,62.85,2730,1325610
2025-12-24 13:28:00+05:30,63.0,63.25,62.55,63.25,3575,1325610
2025-12-24 13:29:00+05:30,63.5,63.7,63.1,63.55,5395,1321840
2025-12-24 13:30:00+05:30,63.5,64.59,63.5,64.05,10270,1321840
2025-12-24 13:31:00+05:30,64.2,65.0,63.6,64.84,15470,1321840
2025-12-24 13:32:00+05:30,65.4,68.84,65.4,68.4,48685,1317290
2025-12-24 13:33:00+05:30,68.3,69.45,67.15,67.75,18850,1317290
2025-12-24 13:34:00+05:30,67.2,67.55,65.75,67.0,16965,1317290
2025-12-24 13:35:00+05:30,66.4,67.09,66.0,67.09,12805,1296945
2025-12-24 13:36:00+05:30,67.34,67.8,66.3,66.75,40235,1296945
2025-12-24 13:37:00+05:30,66.55,67.25,66.25,66.65,6955,1296945
2025-12-24 13:38:00+05:30,67.0,67.09,65.9,65.95,5850,1325610
2025-12-24 13:39:00+05:30,65.8,67.4,65.45,67.05,27365,1325610
2025-12-24 13:40:00+05:30,67.0,67.25,66.45,67.25,16965,1325610
2025-12-24 13:41:00+05:30,67.25,67.55,66.8,67.5,9555,1341145
2025-12-24 13:42:00+05:30,67.5,68.65,67.5,68.3,14430,1341145
2025-12-24 13:43:00+05:30,68.34,68.34,66.5,66.65,17095,1341145
2025-12-24 13:44:00+05:30,66.65,66.65,65.59,65.59,9880,1344265
2025-12-24 13:45:00+05:30,66.05,67.0,65.8,66.59,7280,1344265
2025-12-24 13:46:00+05:30,66.75,67.5,66.4,66.45,27625,1344265
2025-12-24 13:47:00+05:30,66.15,67.8,66.15,67.25,4680,1365130
2025-12-24 13:48:00+05:30,67.2,67.5,66.65,67.0,4615,1365130
2025-12-24 13:49:00+05:30,67.0,67.0,65.9,65.9,10595,1365130
2025-12-24 13:50:00+05:30,66.25,66.5,65.65,65.9,5720,1376700
2025-12-24 13:51:00+05:30,65.8,65.9,63.55,63.55,15795,1376700
2025-12-24 13:52:00+05:30,63.5,64.15,63.0,64.09,9880,1376700
2025-12-24 13:53:00+05:30,64.2,64.2,63.35,63.7,3185,1371305
2025-12-24 13:54:00+05:30,63.15,63.6,63.1,63.1,12870,1371305
2025-12-24 13:55:00+05:30,63.0,63.5,62.8,63.5,3640,1371305
2025-12-24 13:56:00+05:30,63.35,66.3,63.35,66.3,7670,1373190
2025-12-24 13:57:00+05:30,66.05,68.45,66.05,66.9,14040,1373190
2025-12-24 13:58:00+05:30,66.9,67.3,66.4,66.59,13975,1373190
2025-12-24 13:59:00+05:30,66.8,67.2,66.45,67.15,6565,1359410
2025-12-24 14:00:00+05:30,67.5,67.9,66.7,67.25,5460,1359410
2025-12-24 14:01:00+05:30,68.09,68.95,67.59,67.8,11960,1359410
2025-12-24 14:02:00+05:30,68.2,68.2,66.9,67.05,41665,1354925
2025-12-24 14:03:00+05:30,67.2,68.09,67.15,68.09,6045,1354925
2025-12-24 14:04:00+05:30,68.09,68.34,66.7,67.05,8190,1354925
2025-12-24 14:05:00+05:30,67.4,67.4,66.4,67.09,13065,1333670
2025-12-24 14:06:00+05:30,67.2,67.95,66.5,67.05,7020,1333670
2025-12-24 14:07:00+05:30,67.4,67.9,67.0,67.9,5915,1333670
2025-12-24 14:08:00+05:30,67.75,67.95,67.0,67.2,10660,1333410
2025-12-24 14:09:00+05:30,67.34,67.34,65.3,65.75,13130,1333410
2025-12-24 14:10:00+05:30,65.75,67.65,65.3,66.9,12415,1333410
2025-12-24 14:11:00+05:30,67.09,67.2,66.15,66.45,12415,1323920
2025-12-24 14:12:00+05:30,66.15,67.0,66.15,66.65,6045,1323920
2025-12-24 14:13:00+05:30,66.8,66.8,66.3,66.59,3185,1323920
2025-12-24 14:14:00+05:30,66.3,66.55,65.8,65.9,2925,1321840
2025-12-24 14:15:00+05:30,65.9,66.4,65.9,66.4,2470,1321840
2025-12-24 14:16:00+05:30,66.09,66.09,64.4,65.2,6045,1321840
2025-12-24 14:17:00+05:30,65.0,66.3,65.0,65.15,4290,1321190
2025-12-24 14:18:00+05:30,64.9,65.5,64.8,65.5,1950,1321190
2025-12-24 14:19:00+05:30,65.2,66.15,65.2,66.0,2795,1321190
2025-12-24 14:20:00+05:30,65.95,67.25,65.95,67.2,5525,1320865
2025-12-24 14:21:00+05:30,67.15,67.59,66.8,67.4,10400,1320865
2025-12-24 14:22:00+05:30,67.2,68.55,67.0,68.34,6045,1320865
2025-12-24 14:23:00+05:30,68.4,69.0,67.8,69.0,7670,1324700
2025-12-24 14:24:00+05:30,69.34,69.59,67.15,67.4,14170,1324700
2025-12-24 14:25:00+05:30,67.55,69.9,67.4,68.75,13455,1324700
2025-12-24 14:26:00+05:30,68.59,72.59,68.59,70.55,68185,1301365
2025-12-24 14:27:00+05:30,70.7,71.0,69.25,70.2,38220,1301365
2025-12-24 14:28:00+05:30,69.9,70.2,69.3,69.8,10595,1301365
2025-12-24 14:29:00+05:30,69.5,69.65,67.75,68.45,14690,1285050
2025-12-24 14:30:00+05:30,68.2,68.9,66.2,67.09,15665,1285050
2025-12-24 14:31:00+05:30,67.0,68.9,66.84,68.8,12480,1285050
2025-12-24 14:32:00+05:30,68.34,69.25,68.09,68.8,6825,1274650
2025-12-24 14:33:00+05:30,68.95,68.95,67.9,68.09,3055,1274650
2025-12-24 14:34:00+05:30,67.2,68.7,67.2,68.65,8580,1274650
2025-12-24 14:35:00+05:30,68.55,69.0,68.34,68.95,5005,1275690
2025-12-24 14:36:00+05:30,68.8,70.8,68.75,69.95,12610,1275690
2025-12-24 14:37:00+05:30,70.0,70.75,69.65,69.95,15145,1275690
2025-12-24 14:38:00+05:30,69.95,70.3,69.4,69.4,18070,1275820
2025-12-24 14:39:00+05:30,69.3,69.5,68.0,68.25,8775,1275820
2025-12-24 14:40:00+05:30,68.7,69.05,67.65,68.55,16835,1275820
2025-12-24 14:41:00+05:30,68.5,69.15,68.4,68.84,7605,1277315
2025-12-24 14:42:00+05:30,68.9,69.5,68.5,68.5,6630,1277315
2025-12-24 14:43:00+05:30,69.0,69.0,68.25,68.59,4225,1277315
2025-12-24 14:44:00+05:30,68.25,68.4,67.15,67.34,8255,1279590
2025-12-24 14:45:00+05:30,67.15,67.65,66.09,67.65,16835,1279590
2025-12-24 14:46:00+05:30,67.34,67.34,66.45,66.59,8450,1279590
2025-12-24 14:47:00+05:30,66.09,66.3,65.7,65.7,3640,1286935
2025-12-24 14:48:00+05:30,65.84,67.65,65.4,67.65,30810,1286935
2025-12-24 14:49:00+05:30,67.8,68.75,67.7,68.55,38155,1286935
2025-12-24 14:50:00+05:30,68.7,69.4,68.2,69.05,7280,1319110
2025-12-24 14:51:00+05:30,69.0,70.15,68.8,70.15,17550,1319110
2025-12-24 14:52:00+05:30,69.95,69.95,68.5,69.45,6955,1319110
2025-12-24 14:53:00+05:30,69.59,69.75,69.3,69.5,5395,1327625
2025-12-24 14:54:00+05:30,69.95,69.95,67.59,67.59,11375,1327625
2025-12-24 14:55:00+05:30,68.0,68.09,67.05,67.95,4485,1327625
2025-12-24 14:56:00+05:30,67.8,67.8,66.75,67.3,4030,1330355
2025-12-24 14:57:00+05:30,66.7,68.65,66.7,67.59,3185,1330355
2025-12-24 14:58:00+05:30,67.34,67.34,66.59,66.8,18135,1330355
2025-12-24 14:59:00+05:30,66.8,66.8,65.75,66.15,15990,1337440
2025-12-24 15:00:00+05:30,65.15,66.4,64.2,66.2,20475,1337440
2025-12-24 15:01:00+05:30,66.09,67.25,66.05,67.09,11115,1337440
2025-12-24 15:02:00+05:30,67.05,67.75,66.8,67.4,15730,1340625
2025-12-24 15:03:00+05:30,67.45,68.0,65.4,66.0,11245,1340625
2025-12-24 15:04:00+05:30,66.05,66.9,65.59,65.59,3770,1340625
2025-12-24 15:05:00+05:30,65.15,65.8,64.65,64.65,17550,1333020
2025-12-24 15:06:00+05:30,64.5,65.05,64.0,64.0,13585,1333020
2025-12-24 15:07:00+05:30,64.3,65.75,64.25,65.45,9295,1333020
2025-12-24 15:08:00+05:30,65.3,65.7,64.84,64.95,11505,1330355
2025-12-24 15:09:00+05:30,65.25,65.45,64.95,65.45,31005,1330355
2025-12-24 15:10:00+05:30,65.55,65.7,65.25,65.7,18525,1330355
2025-12-24 15:11:00+05:30,65.7,66.15,65.5,65.5,34125,1317875
2025-12-24 15:12:00+05:30,65.15,65.75,65.15,65.65,15795,1317875
2025-12-24 15:13:00+05:30,65.55,65.9,65.45,65.5,8970,1317875
2025-12-24 15:14:00+05:30,65.75,65.95,65.2,65.25,13260,1319565
2025-12-24 15:15:00+05:30,65.45,66.2,65.4,66.0,26455,1319565
2025-12-24 15:16:00+05:30,66.15,66.55,66.0,66.09,16185,1319565
2025-12-24 15:17:00+05:30,65.8,66.15,65.7,66.0,31590,1330030
2025-12-24 15:18:00+05:30,65.84,66.15,65.7,65.75,7865,1330030
2025-12-24 15:19:00+05:30,65.5,66.0,65.34,65.84,14300,1330030
2025-12-24 15:20:00+05:30,65.7,65.8,64.8,65.05,25545,1336660
2025-12-24 15:21:00+05:30,65.45,66.0,65.34,65.9,17810,1336660
2025-12-24 15:22:00+05:30,65.84,66.15,65.7,66.09,18525,1336660
2025-12-24 15:23:00+05:30,66.0,66.09,65.2,65.45,15210,1341015
2025-12-24 15:24:00+05:30,65.65,66.4,65.34,66.2,23010,1341015
2025-12-24 15:25:00+05:30,66.25,66.65,66.05,66.55,27300,1341015
2025-12-24 15:26:00+05:30,66.45,66.5,66.0,66.0,19175,1346540
2025-12-24 15:27:00+05:30,66.05,66.34,66.0,66.25,19110,1346540
2025-12-24 15:28:00+05:30,66.2,66.55,66.2,66.3,19175,1346540
2025-12-24 15:29:00+05:30,66.34,66.45,65.3,65.3,45825,1344330
2025-12-26 09:15:00+05:30,72.15,83.95,72.15,80.0,191360,1336075
2025-12-26 09:16:00+05:30,80.25,80.55,74.65,75.15,131885,1348100
2025-12-26 09:17:00+05:30,75.59,76.4,72.95,75.95,96590,1348100
2025-12-26 09:18:00+05:30,75.25,76.5,71.95,72.7,53625,1348100
2025-12-26 09:19:00+05:30,72.15,74.15,71.59,73.95,74165,1344330
2025-12-26 09:20:00+05:30,73.65,75.55,73.34,73.7,51350,1344330
2025-12-26 09:21:00+05:30,73.4,75.3,72.75,75.3,29900,1344330
2025-12-26 09:22:00+05:30,75.0,76.59,73.5,74.84,37115,1336920
2025-12-26 09:23:00+05:30,74.75,75.75,73.0,74.55,35685,1336920
2025-12-26 09:24:00+05:30,74.2,74.2,71.09,71.3,29900,1336920
2025-12-26 09:25:00+05:30,71.84,72.75,69.7,71.55,53690,1357005
2025-12-26 09:26:00+05:30,71.2,72.45,70.4,71.9,33410,1357005
2025-12-26 09:27:00+05:30,71.3,72.7,70.75,72.4,13975,1357005
2025-12-26 09:28:00+05:30,72.59,73.05,70.05,70.4,27040,1371370
2025-12-26 09:29:00+05:30,70.8,73.55,70.65,71.3,33605,1371370
2025-12-26 09:30:00+05:30,71.2,73.0,70.65,72.3,23790,1371370
2025-12-26 09:31:00+05:30,72.5,73.95,72.25,73.7,40235,1384110
2025-12-26 09:32:00+05:30,74.0,76.59,73.3,76.05,65845,1384110
2025-12-26 09:33:00+05:30,76.2,77.05,75.09,76.09,35555,1384110
2025-12-26 09:34:00+05:30,76.09,76.65,75.3,76.09,22230,1363375
2025-12-26 09:35:00+05:30,75.5,78.0,75.4,77.45,42900,1363375
2025-12-26 09:36:00+05:30,77.25,77.84,76.8,77.8,43420,1363375
2025-12-26 09:37:00+05:30,77.55,79.4,77.34,79.4,46995,1358565
2025-12-26 09:38:00+05:30,79.0,79.5,78.3,79.4,49660,1358565
2025-12-26 09:39:00+05:30,79.59,80.3,79.45,79.84,60645,1358565
2025-12-26 09:40:00+05:30,80.05,81.15,80.05,80.95,72085,1369030
2025-12-26 09:41:00+05:30,81.45,81.5,79.3,80.05,76830,1369030
2025-12-26 09:42:00+05:30,79.95,82.1,79.34,81.9,63180,1369030
2025-12-26 09:43:00+05:30,81.84,84.75,81.84,83.95,71760,1398215
2025-12-26 09:44:00+05:30,84.05,84.45,82.15,83.2,70980,1398215
2025-12-26 09:45:00+05:30,83.15,83.25,81.59,81.9,39910,1398215
2025-12-26 09:46:00+05:30,82.25,83.3,82.15,83.3,28145,1400295
2025-12-26 09:47:00+05:30,83.3,84.0,82.6,83.35,24505,1400295
2025-12-26 09:48:00+05:30,83.25,83.75,82.4,82.8,21125,1400295
2025-12-26 09:49:00+05:30,82.6,82.8,80.05,80.75,52195,1411085
2025-12-26 09:50:00+05:30,80.3,81.95,79.34,81.95,34905,1411085
2025-12-26 09:51:00+05:30,81.84,84.0,81.84,84.0,39845,1411085
2025-12-26 09:52:00+05:30,85.05,86.1,84.75,85.75,83915,1399840
2025-12-26 09:53:00+05:30,86.55,88.55,85.95,86.1,69355,1399840
2025-12-26 09:54:00+05:30,86.45,86.45,85.15,86.0,49855,1399840
2025-12-26 09:55:00+05:30,86.0,86.1,84.85,85.5,32370,1396655
2025-12-26 09:56:00+05:30,85.65,86.15,84.25,85.15,24440,1396655
2025-12-26 09:57:00+05:30,85.25,85.7,84.1,84.4,13455,1396655
2025-12-26 09:58:00+05:30,84.5,84.5,82.3,82.3,30030,1403025
2025-12-26 09:59:00+05:30,82.5,82.7,80.5,82.35,27690,1403025
2025-12-26 10:00:00+05:30,81.75,82.7,80.9,82.65,29315,1403025
2025-12-26 10:01:00+05:30,82.75,84.5,82.5,83.95,24115,1413750
2025-12-26 10:02:00+05:30,83.4,84.55,82.55,84.4,26780,1413750
2025-12-26 10:03:00+05:30,84.7,84.7,82.0,82.95,22295,1413750
2025-12-26 10:04:00+05:30,82.65,83.15,80.2,80.25,30225,1424930
2025-12-26 10:05:00+05:30,80.25,81.4,79.0,80.5,32370,1424930
2025-12-26 10:06:00+05:30,80.8,80.8,78.95,79.09,8190,1424930
2025-12-26 10:07:00+05:30,79.15,80.65,78.9,80.45,13650,1435135
2025-12-26 10:08:00+05:30,80.55,80.55,78.09,79.45,11440,1435135
2025-12-26 10:09:00+05:30,79.55,81.2,79.55,81.2,10010,1435135
2025-12-26 10:10:00+05:30,81.25,82.35,80.55,82.35,26000,1438255
2025-12-26 10:11:00+05:30,82.3,82.8,80.45,80.65,18720,1438255
2025-12-26 10:12:00+05:30,81.0,81.75,79.4,79.4,16250,1438255
2025-12-26 10:13:00+05:30,79.59,80.05,78.65,79.05,25025,1451255
2025-12-26 10:14:00+05:30,78.84,80.09,78.84,80.09,6955,1451255
2025-12-26 10:15:00+05:30,80.59,81.0,79.9,81.0,21515,1451255
2025-12-26 10:16:00+05:30,79.9,80.34,79.2,80.25,10725,1462240
2025-12-26 10:17:00+05:30,80.15,81.3,80.0,80.34,14755,1462240
2025-12-26 10:18:00+05:30,80.3,80.75,79.8,80.45,8710,1462240
2025-12-26 10:19:00+05:30,80.15,80.25,78.75,79.75,19695,1474980
2025-12-26 10:20:00+05:30,79.4,80.09,79.34,79.65,12545,1474980
2025-12-26 10:21:00+05:30,80.05,80.4,78.65,79.65,32500,1474980
2025-12-26 10:22:00+05:30,79.2,80.65,78.7,80.3,17680,1489020
2025-12-26 10:23:00+05:30,80.7,80.95,79.9,79.95,41015,1489020
2025-12-26 10:24:00+05:30,79.95,80.34,79.55,80.15,18915,1489020
2025-12-26 10:25:00+05:30,80.25,80.8,79.5,80.0,62140,1497015
2025-12-26 10:26:00+05:30,80.09,80.25,79.2,79.95,11245,1497015
2025-12-26 10:27:00+05:30,80.25,80.25,79.0,79.3,9555,1497015
2025-12-26 10:28:00+05:30,79.59,79.7,77.4,77.4,39455,1484665
2025-12-26 10:29:00+05:30,77.4,77.8,75.45,75.45,41925,1484665
2025-12-26 10:30:00+05:30,75.4,77.25,74.75,77.25,55900,1484665
2025-12-26 10:31:00+05:30,77.15,77.34,75.59,75.9,24245,1488825
2025-12-26 10:32:00+05:30,76.09,77.9,76.09,77.5,9620,1488825
2025-12-26 10:33:00+05:30,77.3,77.3,76.15,76.65,10140,1488825
2025-12-26 10:34:00+05:30,76.65,77.95,76.65,77.65,4680,1498055
2025-12-26 10:35:00+05:30,77.59,78.55,77.59,77.8,14365,1498055
2025-12-26 10:36:00+05:30,77.59,77.65,77.0,77.65,5980,1498055
2025-12-26 10:37:00+05:30,77.34,78.65,77.05,78.2,30355,1504165
2025-12-26 10:38:00+05:30,78.0,78.95,78.0,78.5,9945,1504165
2025-12-26 10:39:00+05:30,78.2,78.5,76.5,76.5,7475,1504165
2025-12-26 10:40:00+05:30,76.5,77.0,75.0,76.59,24765,1523470
2025-12-26 10:41:00+05:30,76.59,77.7,76.59,77.0,6890,1523470
2025-12-26 10:42:00+05:30,76.75,76.8,75.7,76.3,9165,1523470
2025-12-26 10:43:00+05:30,76.2,77.84,75.75,77.84,13390,1524965
2025-12-26 10:44:00+05:30,77.59,77.65,76.9,77.15,6565,1524965
2025-12-26 10:45:00+05:30,77.59,78.34,77.0,77.95,25285,1524965
2025-12-26 10:46:00+05:30,77.9,77.9,77.0,77.55,5850,1511185
2025-12-26 10:47:00+05:30,77.09,77.4,76.84,76.95,3965,1511185
2025-12-26 10:48:00+05:30,76.5,76.8,76.0,76.5,5720,1511185
2025-12-26 10:49:00+05:30,76.7,77.8,76.5,76.5,11310,1509690
2025-12-26 10:50:00+05:30,76.4,77.55,76.4,77.55,3445,1509690
2025-12-26 10:51:00+05:30,77.3,78.09,77.3,77.95,6110,1509690
2025-12-26 10:52:00+05:30,77.59,77.65,76.65,76.75,10400,1513655
2025-12-26 10:53:00+05:30,76.25,76.59,75.75,76.2,11570,1513655
2025-12-26 10:54:00+05:30,76.25,76.65,75.8,76.45,5785,1513655
2025-12-26 10:55:00+05:30,76.5,77.0,76.3,76.7,6110,1521715
2025-12-26 10:56:00+05:30,76.45,78.55,76.45,77.5,22100,1521715
2025-12-26 10:57:00+05:30,77.95,78.0,77.09,77.4,7605,1521715
2025-12-26 10:58:00+05:30,77.59,77.65,75.65,75.84,15470,1531205
2025-12-26 10:59:00+05:30,75.95,76.34,74.09,76.34,19630,1531205
2025-12-26 11:00:00+05:30,76.05,76.84,76.05,76.8,6955,1531205
2025-12-26 11:01:00+05:30,76.7,76.8,75.0,75.25,24050,1538810
2025-12-26 11:02:00+05:30,75.25,76.8,75.25,76.55,5330,1538810
2025-12-26 11:03:00+05:30,76.0,76.8,75.5,76.2,14105,1538810
2025-12-26 11:04:00+05:30,76.4,76.65,75.95,76.65,7410,1550965
2025-12-26 11:05:00+05:30,76.34,77.5,76.34,77.4,22620,1550965
2025-12-26 11:06:00+05:30,77.25,78.0,77.0,77.65,17095,1550965
2025-12-26 11:07:00+05:30,78.09,79.25,78.05,79.25,38090,1532180
2025-12-26 11:08:00+05:30,79.8,80.55,79.34,80.5,27495,1532180
2025-12-26 11:09:00+05:30,80.15,81.4,79.55,81.4,19175,1532180
2025-12-26 11:10:00+05:30,81.5,81.8,80.34,81.0,24960,1529385
2025-12-26 11:11:00+05:30,80.8,82.0,80.75,81.95,32305,1529385
2025-12-26 11:12:00+05:30,82.05,83.75,82.05,83.65,47255,1529385
2025-12-26 11:13:00+05:30,83.95,84.15,83.1,83.1,51285,1513330
2025-12-26 11:14:00+05:30,83.25,83.25,81.25,82.1,28340,1513330
2025-12-26 11:15:00+05:30,82.25,83.55,82.1,83.55,17355,1513330
2025-12-26 11:16:00+05:30,83.8,84.3,83.05,83.95,19565,1514240
2025-12-26 11:17:00+05:30,83.75,83.95,82.75,83.5,17420,1514240
2025-12-26 11:18:00+05:30,83.5,83.5,82.4,83.2,19630,1514240
2025-12-26 11:19:00+05:30,83.15,83.5,82.65,83.15,13715,1512745
2025-12-26 11:20:00+05:30,83.3,83.9,82.85,83.5,15600,1512745
2025-12-26 11:21:00+05:30,83.0,83.45,82.85,83.0,18135,1512745
2025-12-26 11:22:00+05:30,82.75,83.25,82.75,83.25,18330,1511705
2025-12-26 11:23:00+05:30,83.0,84.3,82.8,84.2,17290,1511705
2025-12-26 11:24:00+05:30,83.85,84.3,82.35,82.75,25025,1511705
2025-12-26 11:25:00+05:30,83.0,83.05,82.0,82.4,12480,1522820
2025-12-26 11:26:00+05:30,82.3,82.5,81.25,82.5,16965,1522820
2025-12-26 11:27:00+05:30,82.15,82.5,81.8,82.15,18850,1522820
2025-12-26 11:28:00+05:30,81.95,82.5,81.8,82.05,13780,1512940
2025-12-26 11:29:00+05:30,82.3,82.7,81.45,81.8,9360,1512940
2025-12-26 11:30:00+05:30,81.9,82.75,81.55,82.7,4680,1512940
2025-12-26 11:31:00+05:30,82.7,83.2,82.2,82.75,10530,1517880
2025-12-26 11:32:00+05:30,82.55,84.15,82.45,84.15,15860,1517880
2025-12-26 11:33:00+05:30,84.15,84.3,83.0,83.0,12090,1517880
2025-12-26 11:34:00+05:30,83.3,84.0,82.6,83.4,19565,1521650
2025-12-26 11:35:00+05:30,83.05,83.9,83.05,83.7,19370,1521650
2025-12-26 11:36:00+05:30,83.75,83.9,82.55,82.55,20865,1521650
2025-12-26 11:37:00+05:30,82.7,83.5,82.5,82.6,11635,1530815
2025-12-26 11:38:00+05:30,82.6,83.45,82.6,83.0,9360,1530815
2025-12-26 11:39:00+05:30,83.0,83.15,82.7,83.1,4810,1530815
2025-12-26 11:40:00+05:30,83.1,83.45,82.1,82.9,25350,1529255
2025-12-26 11:41:00+05:30,83.0,83.4,82.8,83.0,7540,1529255
2025-12-26 11:42:00+05:30,83.25,83.7,82.85,83.2,7865,1529255
2025-12-26 11:43:00+05:30,82.95,83.45,82.55,83.4,14235,1521390
2025-12-26 11:44:00+05:30,83.2,83.4,82.2,82.75,7540,1521390
2025-12-26 11:45:00+05:30,82.9,83.1,82.5,82.9,14560,1521390
2025-12-26 11:46:00+05:30,82.9,83.4,82.8,83.0,18005,1535040
2025-12-26 11:47:00+05:30,82.95,83.4,82.85,83.2,5980,1535040
2025-12-26 11:48:00+05:30,83.2,83.4,82.85,83.05,4095,1535040
2025-12-26 11:49:00+05:30,82.9,83.1,82.55,82.7,12090,1533740
2025-12-26 11:50:00+05:30,82.65,83.0,81.95,82.25,15795,1533740
2025-12-26 11:51:00+05:30,82.5,82.5,81.95,82.25,10725,1533740
2025-12-26 11:52:00+05:30,82.4,82.45,81.45,82.45,9945,1523600
2025-12-26 11:53:00+05:30,82.3,82.85,81.9,81.9,6760,1523600
2025-12-26 11:54:00+05:30,81.55,82.0,81.55,81.8,9750,1523600
2025-12-26 11:55:00+05:30,81.65,81.9,81.2,81.34,11960,1527435
2025-12-26 11:56:00+05:30,80.95,81.75,80.05,80.55,47450,1527435
2025-12-26 11:57:00+05:30,80.59,80.59,79.15,79.15,28015,1527435
2025-12-26 11:58:00+05:30,79.15,80.25,78.7,79.95,40625,1553110
2025-12-26 11:59:00+05:30,80.3,80.3,79.59,80.0,10725,1553110
2025-12-26 12:00:00+05:30,80.09,81.0,79.2,80.65,19435,1553110
2025-12-26 12:01:00+05:30,80.59,80.75,79.9,80.75,14950,1560195
2025-12-26 12:02:00+05:30,80.95,81.0,80.15,80.59,9100,1560195
2025-12-26 12:03:00+05:30,80.7,81.0,80.15,80.59,9295,1560195
2025-12-26 12:04:00+05:30,80.65,81.95,80.65,81.8,31915,1569620
2025-12-26 12:05:00+05:30,81.59,82.9,80.75,81.4,13455,1569620
2025-12-26 12:06:00+05:30,81.4,82.75,80.59,82.35,11440,1569620
2025-12-26 12:07:00+05:30,81.84,82.65,81.15,81.3,10660,1575275
2025-12-26 12:08:00+05:30,81.75,82.1,81.4,81.45,8450,1575275
2025-12-26 12:09:00+05:30,81.4,81.7,81.0,81.7,9360,1575275
2025-12-26 12:10:00+05:30,81.55,81.75,80.59,81.5,6565,1575275
2025-12-26 12:11:00+05:30,81.55,81.59,81.25,81.34,3250,1578720
2025-12-26 12:12:00+05:30,81.09,81.2,80.15,80.7,7345,1578720
2025-12-26 12:13:00+05:30,80.55,81.45,80.05,80.15,3965,1578850
2025-12-26 12:14:00+05:30,80.2,80.34,79.45,79.55,8125,1578850
2025-12-26 12:15:00+05:30,79.65,81.0,79.65,80.59,7735,1578850
2025-12-26 12:16:00+05:30,80.4,80.8,80.2,80.5,3055,1578850
2025-12-26 12:17:00+05:30,80.5,81.25,80.4,81.09,2860,1580930
2025-12-26 12:18:00+05:30,81.05,81.05,80.25,80.25,3185,1580930
2025-12-26 12:19:00+05:30,80.75,80.84,79.55,80.15,7995,1580930
2025-12-26 12:20:00+05:30,80.5,80.65,79.95,80.25,2275,1582490
2025-12-26 12:21:00+05:30,81.0,81.8,80.5,81.09,7085,1582490
2025-12-26 12:22:00+05:30,80.9,84.05,80.65,84.05,31720,1582490
2025-12-26 12:23:00+05:30,83.65,84.05,81.84,81.84,22620,1579890
2025-12-26 12:24:00+05:30,81.7,82.4,81.55,82.2,6630,1579890
2025-12-26 12:25:00+05:30,82.5,82.85,81.7,82.0,8580,1579890
2025-12-26 12:26:00+05:30,82.1,82.25,80.4,80.8,9685,1580735
2025-12-26 12:27:00+05:30,80.8,81.34,80.5,81.34,2795,1580735
2025-12-26 12:28:00+05:30,81.3,82.3,81.25,82.3,5850,1580735
2025-12-26 12:29:00+05:30,81.8,82.1,81.55,81.95,2015,1585480
2025-12-26 12:30:00+05:30,81.7,83.0,81.55,83.0,6435,1585480
2025-12-26 12:31:00+05:30,83.0,83.8,82.9,83.55,13000,1585480
2025-12-26 12:32:00+05:30,83.95,85.95,83.95,85.7,72345,1580865
2025-12-26 12:33:00+05:30,85.8,89.5,85.2,88.2,110955,1580865
2025-12-26 12:34:00+05:30,87.7,88.05,87.15,87.75,49660,1580865
2025-12-26 12:35:00+05:30,87.95,89.65,87.8,89.3,59670,1588600
2025-12-26 12:36:00+05:30,89.05,90.9,88.5,90.9,43290,1588600
2025-12-26 12:37:00+05:30,90.65,91.55,89.35,90.3,72345,1588600
2025-12-26 12:38:00+05:30,90.35,90.9,89.7,89.95,40885,1582945
2025-12-26 12:39:00+05:30,89.75,90.35,89.0,89.0,47710,1582945
2025-12-26 12:40:00+05:30,89.1,89.4,88.6,89.4,30550,1582945
2025-12-26 12:41:00+05:30,89.35,91.3,89.1,91.3,59085,1611285
2025-12-26 12:42:00+05:30,90.95,91.2,90.3,90.5,69940,1611285
2025-12-26 12:43:00+05:30,90.15,90.4,89.55,90.05,46865,1611285
2025-12-26 12:44:00+05:30,89.95,90.75,89.7,90.25,25545,1671995
2025-12-26 12:45:00+05:30,90.1,90.85,89.7,89.7,18135,1671995
2025-12-26 12:46:00+05:30,89.8,90.15,89.1,89.45,31460,1671995
2025-12-26 12:47:00+05:30,89.2,89.75,89.0,89.65,24115,1687270
2025-12-26 12:48:00+05:30,89.55,90.0,89.35,89.75,10205,1687270
2025-12-26 12:49:00+05:30,89.7,89.8,88.75,89.3,23335,1687270
2025-12-26 12:50:00+05:30,89.5,89.6,89.1,89.4,26390,1683305
2025-12-26 12:51:00+05:30,89.5,90.15,89.25,89.5,36010,1683305
2025-12-26 12:52:00+05:30,89.0,89.3,88.45,88.8,24830,1683305
2025-12-26 12:53:00+05:30,88.6,89.05,88.15,88.95,29705,1712815
2025-12-26 12:54:00+05:30,88.6,89.25,88.5,88.7,8060,1712815
2025-12-26 12:55:00+05:30,88.3,88.75,88.15,88.55,6435,1712815
2025-12-26 12:56:00+05:30,88.25,88.6,88.15,88.35,8125,1703065
2025-12-26 12:57:00+05:30,88.7,89.1,88.45,88.85,10335,1703065
2025-12-26 12:58:00+05:30,88.75,88.95,88.4,88.7,4875,1703065
2025-12-26 12:59:00+05:30,88.65,88.75,88.4,88.5,11115,1705795
2025-12-26 13:00:00+05:30,88.65,88.7,88.05,88.55,9230,1705795
2025-12-26 13:01:00+05:30,88.75,88.8,87.0,87.9,22880,1705795
2025-12-26 13:02:00+05:30,87.95,89.0,87.55,88.7,13910,1712035
2025-12-26 13:03:00+05:30,88.9,89.25,87.8,88.85,17550,1712035
2025-12-26 13:04:00+05:30,89.0,89.35,88.0,88.35,10010,1712035
2025-12-26 13:05:00+05:30,88.75,89.35,88.5,89.35,13845,1715805
2025-12-26 13:06:00+05:30,89.2,90.15,88.1,88.1,24440,1715805
2025-12-26 13:07:00+05:30,88.25,88.8,87.25,87.45,29380,1715805
2025-12-26 13:08:00+05:30,87.9,88.3,87.35,87.65,6435,1712685
2025-12-26 13:09:00+05:30,87.65,88.65,87.55,87.65,20345,1712685
2025-12-26 13:10:00+05:30,88.0,88.0,86.8,87.35,13065,1712685
2025-12-26 13:11:00+05:30,87.35,88.1,87.05,87.2,12805,1712295
2025-12-26 13:12:00+05:30,86.8,87.55,86.8,87.15,8905,1712295
2025-12-26 13:13:00+05:30,87.2,87.5,86.25,87.5,11570,1712295
2025-12-26 13:14:00+05:30,86.55,86.9,85.4,85.6,13130,1712620
2025-12-26 13:15:00+05:30,85.15,85.7,84.65,84.9,31135,1712620
2025-12-26 13:16:00+05:30,84.7,86.0,84.55,85.95,24375,1712620
2025-12-26 13:17:00+05:30,85.85,86.6,85.55,86.4,41795,1725620
2025-12-26 13:18:00+05:30,86.75,87.9,86.75,87.8,8515,1725620
2025-12-26 13:19:00+05:30,87.8,87.8,85.9,85.9,12220,1725620
2025-12-26 13:20:00+05:30,86.35,87.0,86.1,86.75,9100,1741480
2025-12-26 13:21:00+05:30,86.25,86.45,84.75,85.4,29965,1741480
2025-12-26 13:22:00+05:30,85.5,85.9,84.25,84.8,15860,1741480
2025-12-26 13:23:00+05:30,84.6,85.45,84.6,84.95,7670,1724645
2025-12-26 13:24:00+05:30,85.0,85.8,85.0,85.6,6695,1724645
2025-12-26 13:25:00+05:30,85.55,86.0,85.2,85.6,4160,1724645
2025-12-26 13:26:00+05:30,85.55,85.95,85.35,85.7,8190,1727635
2025-12-26 13:27:00+05:30,85.75,85.9,85.05,85.35,5395,1727635
2025-12-26 13:28:00+05:30,85.0,85.0,83.6,84.2,20280,1727635
2025-12-26 13:29:00+05:30,84.1,84.9,83.45,84.4,15340,1731340
2025-12-26 13:30:00+05:30,84.8,84.85,84.0,84.0,11245,1731340
2025-12-26 13:31:00+05:30,84.15,84.95,84.0,84.05,11440,1731340
2025-12-26 13:32:00+05:30,83.7,84.4,83.7,84.0,9230,1735825
2025-12-26 13:33:00+05:30,83.9,84.5,83.75,84.5,8645,1735825
2025-12-26 13:34:00+05:30,84.2,84.85,84.2,84.55,10205,1735825
2025-12-26 13:35:00+05:30,84.5,85.7,84.45,85.2,20345,1739920
2025-12-26 13:36:00+05:30,85.5,86.0,85.35,85.85,8905,1739920
2025-12-26 13:37:00+05:30,85.75,86.5,85.25,86.5,11245,1739920
2025-12-26 13:38:00+05:30,86.2,86.2,84.7,84.7,9685,1755650
2025-12-26 13:39:00+05:30,84.95,85.25,84.75,84.9,4160,1755650
2025-12-26 13:40:00+05:30,84.8,86.1,84.8,85.5,16640,1755650
2025-12-26 13:41:00+05:30,85.85,86.0,85.2,85.4,10010,1757925
2025-12-26 13:42:00+05:30,85.45,86.05,85.1,86.05,3055,1757925
2025-12-26 13:43:00+05:30,85.8,86.0,84.8,84.85,11050,1757925
2025-12-26 13:44:00+05:30,85.0,85.15,84.6,84.7,12155,1765010
2025-12-26 13:45:00+05:30,84.7,84.8,84.05,84.4,10595,1765010
2025-12-26 13:46:00+05:30,84.2,85.3,84.15,85.3,7085,1765010
2025-12-26 13:47:00+05:30,85.05,85.4,85.05,85.2,7410,1766700
2025-12-26 13:48:00+05:30,85.4,85.4,84.4,84.85,17875,1766700
2025-12-26 13:49:00+05:30,84.95,85.0,84.4,84.7,5005,1766700
2025-12-26 13:50:00+05:30,84.75,85.4,84.75,85.4,9880,1762410
2025-12-26 13:51:00+05:30,85.4,85.9,85.0,85.4,12805,1762410
2025-12-26 13:52:00+05:30,85.7,87.0,85.55,86.2,15210,1762410
2025-12-26 13:53:00+05:30,86.35,86.7,85.85,86.4,8385,1774630
2025-12-26 13:54:00+05:30,87.7,88.45,87.3,87.3,24505,1774630
2025-12-26 13:55:00+05:30,86.85,88.15,86.8,88.15,11180,1774630
2025-12-26 13:56:00+05:30,87.8,87.95,87.3,87.6,13000,1780675
2025-12-26 13:57:00+05:30,87.55,87.75,85.45,85.95,18980,1780675
2025-12-26 13:58:00+05:30,85.65,86.5,85.65,86.05,15145,1780675
2025-12-26 13:59:00+05:30,86.15,86.15,85.45,85.65,13585,1789320
2025-12-26 14:00:00+05:30,85.75,85.85,84.15,85.6,11700,1789320
2025-12-26 14:01:00+05:30,85.3,85.9,85.0,85.15,6695,1789320
2025-12-26 14:02:00+05:30,85.2,85.45,85.05,85.25,3770,1787435
2025-12-26 14:03:00+05:30,85.25,85.5,84.95,85.05,9360,1787435
2025-12-26 14:04:00+05:30,85.85,85.85,84.5,84.85,6890,1787435
2025-12-26 14:05:00+05:30,85.3,85.7,85.0,85.3,8775,1788735
2025-12-26 14:06:00+05:30,85.35,85.85,85.35,85.75,5590,1788735
2025-12-26 14:07:00+05:30,85.8,87.45,85.75,86.2,34515,1788735
2025-12-26 14:08:00+05:30,86.0,87.0,86.0,87.0,8060,1801930
2025-12-26 14:09:00+05:30,87.25,87.8,87.25,87.8,16835,1801930
2025-12-26 14:10:00+05:30,87.7,90.1,87.65,88.75,106860,1801930
2025-12-26 14:11:00+05:30,88.7,88.7,87.35,87.55,15535,1775865
2025-12-26 14:12:00+05:30,87.5,87.9,87.15,87.6,12935,1775865
2025-12-26 14:13:00+05:30,87.6,88.6,87.55,87.9,33410,1775865
2025-12-26 14:14:00+05:30,88.0,88.0,86.25,86.3,18720,1786460
2025-12-26 14:15:00+05:30,86.75,87.3,86.4,87.2,7345,1786460
2025-12-26 14:16:00+05:30,87.45,87.65,87.0,87.65,16835,1786460
2025-12-26 14:17:00+05:30,87.5,88.5,87.25,88.0,13650,1793610
2025-12-26 14:18:00+05:30,88.4,90.6,88.15,89.8,40430,1793610
2025-12-26 14:19:00+05:30,90.4,90.5,89.5,90.0,44005,1793610
2025-12-26 14:20:00+05:30,90.05,90.25,89.7,90.05,36400,1785290
2025-12-26 14:21:00+05:30,91.0,91.8,90.3,90.3,67080,1785290
2025-12-26 14:22:00+05:30,90.3,91.0,90.1,90.7,19565,1785290
2025-12-26 14:23:00+05:30,90.9,91.5,90.25,91.4,30225,1769885
2025-12-26 14:24:00+05:30,91.25,91.3,90.7,90.9,18135,1769885
2025-12-26 14:25:00+05:30,91.35,91.85,90.85,91.15,31720,1769885
2025-12-26 14:26:00+05:30,91.35,91.65,91.0,91.1,33345,1782560
2025-12-26 14:27:00+05:30,91.0,91.25,90.2,90.85,47515,1782560
2025-12-26 14:28:00+05:30,90.5,90.5,89.65,90.1,35165,1782560
2025-12-26 14:29:00+05:30,90.3,90.3,88.15,88.3,22360,1781325
2025-12-26 14:30:00+05:30,89.05,89.35,88.55,88.9,22815,1781325
2025-12-26 14:31:00+05:30,88.7,90.0,88.7,89.75,23465,1781325
2025-12-26 14:32:00+05:30,90.0,90.35,89.75,89.95,32370,1787045
2025-12-26 14:33:00+05:30,90.2,91.4,89.85,91.1,31265,1787045
2025-12-26 14:34:00+05:30,91.1,91.5,90.8,91.25,37050,1787045
2025-12-26 14:35:00+05:30,91.0,91.45,90.8,91.45,24115,1803880
2025-12-26 14:36:00+05:30,91.4,91.6,89.85,90.6,18655,1803880
2025-12-26 14:37:00+05:30,90.6,90.8,90.0,90.65,23595,1803880
2025-12-26 14:38:00+05:30,90.15,90.7,90.0,90.45,22555,1799265
2025-12-26 14:39:00+05:30,90.4,90.95,90.1,90.6,20410,1799265
2025-12-26 14:40:00+05:30,90.45,90.95,90.1,90.9,15340,1799265
2025-12-26 14:41:00+05:30,91.0,91.35,90.55,90.9,16705,1780350
2025-12-26 14:42:00+05:30,90.85,90.85,90.1,90.55,7735,1780350
2025-12-26 14:43:00+05:30,90.75,91.0,90.35,90.95,7475,1780350
2025-12-26 14:44:00+05:30,90.75,91.0,90.35,90.55,15275,1774760
2025-12-26 14:45:00+05:30,90.3,91.0,90.1,90.15,11050,1774760
2025-12-26 14:46:00+05:30,89.8,90.75,89.8,90.45,9100,1774760
2025-12-26 14:47:00+05:30,90.8,91.05,90.4,90.7,26455,1770405
2025-12-26 14:48:00+05:30,90.75,90.9,90.4,90.8,8320,1770405
2025-12-26 14:49:00+05:30,90.75,91.45,90.45,91.35,17225,1770405
2025-12-26 14:50:00+05:30,91.35,91.7,91.1,91.25,20605,1750255
2025-12-26 14:51:00+05:30,91.2,91.95,91.05,91.5,25480,1750255
2025-12-26 14:52:00+05:30,91.4,91.65,90.0,90.25,24960,1750255
2025-12-26 14:53:00+05:30,90.35,90.6,90.05,90.4,13130,1745705
2025-12-26 14:54:00+05:30,90.25,90.95,90.05,90.7,10595,1745705
2025-12-26 14:55:00+05:30,90.95,90.95,90.35,90.55,6955,1745705
2025-12-26 14:56:00+05:30,90.4,90.8,90.4,90.55,11505,1744665
2025-12-26 14:57:00+05:30,90.6,90.6,89.9,89.95,25155,1744665
2025-12-26 14:58:00+05:30,90.0,90.4,89.1,89.5,37050,1744665
2025-12-26 14:59:00+05:30,89.55,89.55,85.3,85.3,68575,1735825
2025-12-26 15:00:00+05:30,85.25,87.4,85.25,87.1,30095,1735825
2025-12-26 15:01:00+05:30,88.0,88.0,85.0,86.3,34190,1735825
2025-12-26 15:02:00+05:30,86.7,87.1,85.15,86.0,24830,1735695
2025-12-26 15:03:00+05:30,86.25,86.6,86.0,86.5,19825,1735695
2025-12-26 15:04:00+05:30,86.35,86.95,86.35,86.7,17940,1735695
2025-12-26 15:05:00+05:30,87.1,87.15,86.2,86.8,7540,1733680
2025-12-26 15:06:00+05:30,86.75,86.9,86.65,86.7,4745,1733680
2025-12-26 15:07:00+05:30,86.85,87.9,86.65,87.75,13520,1733680
2025-12-26 15:08:00+05:30,88.0,88.15,86.55,87.0,21515,1727765
2025-12-26 15:09:00+05:30,86.85,86.85,86.0,86.2,13130,1727765
2025-12-26 15:10:00+05:30,86.5,86.65,86.05,86.5,13845,1727765
2025-12-26 15:11:00+05:30,86.35,86.65,86.25,86.45,10985,1723670
2025-12-26 15:12:00+05:30,86.55,86.65,86.3,86.6,7995,1723670
2025-12-26 15:13:00+05:30,86.5,87.0,86.3,86.95,26195,1723670
2025-12-26 15:14:00+05:30,86.85,86.95,86.15,86.25,20345,1721590
2025-12-26 15:15:00+05:30,86.15,87.65,86.15,87.3,35815,1721590
2025-12-26 15:16:00+05:30,87.65,88.1,87.4,87.7,34580,1721590
2025-12-26 15:17:00+05:30,88.1,88.2,87.8,87.95,22295,1725490
2025-12-26 15:18:00+05:30,88.0,88.1,87.2,87.55,13455,1725490
2025-12-26 15:19:00+05:30,87.4,87.45,87.05,87.3,18980,1725490
2025-12-26 15:20:00+05:30,87.1,87.3,86.55,86.7,28080,1721980
2025-12-26 15:21:00+05:30,86.7,86.7,86.1,86.3,47645,1721980
2025-12-26 15:22:00+05:30,86.3,86.9,86.1,86.75,24570,1721980
2025-12-26 15:23:00+05:30,86.65,86.95,86.55,86.75,13585,1718730
2025-12-26 15:24:00+05:30,86.75,86.95,86.55,86.65,12675,1718730
2025-12-26 15:25:00+05:30,87.0,87.0,86.65,86.9,18590,1718730
2025-12-26 15:26:00+05:30,86.7,86.85,86.3,86.65,38155,1713725
2025-12-26 15:27:00+05:30,86.7,86.9,86.4,86.9,31590,1713725
2025-12-26 15:28:00+05:30,86.55,86.95,86.55,86.8,61165,1713725
2025-12-26 15:29:00+05:30,86.85,87.0,85.95,86.05,71175,1704755
2025-12-29 09:15:00+05:30,85.0,86.3,77.4,80.75,212420,1684800
2025-12-29 09:16:00+05:30,78.4,82.2,78.4,79.95,111540,1759355
2025-12-29 09:17:00+05:30,80.59,83.95,80.59,82.6,106080,1759355
2025-12-29 09:18:00+05:30,82.25,82.45,79.65,80.3,105170,1759355
2025-12-29 09:19:00+05:30,80.0,84.25,79.95,84.25,70915,1785615
2025-12-29 09:20:00+05:30,82.45,83.85,80.59,82.45,114530,1785615
2025-12-29 09:21:00+05:30,81.7,82.4,79.95,82.15,77675,1785615
2025-12-29 09:22:00+05:30,82.1,82.1,79.95,79.95,43420,1857765
2025-12-29 09:23:00+05:30,80.05,80.15,77.34,78.2,90805,1857765
2025-12-29 09:24:00+05:30,78.25,79.8,76.59,78.2,55120,1857765
2025-12-29 09:25:00+05:30,78.59,79.25,77.2,77.5,70070,1928095
2025-12-29 09:26:00+05:30,77.5,78.25,75.05,76.0,79040,1928095
2025-12-29 09:27:00+05:30,76.4,77.9,75.75,77.9,28015,1928095
2025-12-29 09:28:00+05:30,78.09,78.09,74.05,74.2,75790,1981265
2025-12-29 09:29:00+05:30,74.15,77.3,73.9,76.5,40755,1981265
2025-12-29 09:30:00+05:30,76.55,77.7,74.59,74.84,60125,1981265
2025-12-29 09:31:00+05:30,74.84,75.45,73.65,74.84,108745,2017990
2025-12-29 09:32:00+05:30,74.45,75.0,70.75,70.95,81705,2017990
2025-12-29 09:33:00+05:30,70.9,71.09,69.0,70.15,96850,2017990
2025-12-29 09:34:00+05:30,70.2,70.34,68.65,68.9,73775,2082210
2025-12-29 09:35:00+05:30,68.55,69.09,67.45,69.05,86970,2082210
2025-12-29 09:36:00+05:30,69.2,69.25,67.5,67.95,53040,2082210
2025-12-29 09:37:00+05:30,67.75,68.95,67.34,68.7,87230,2137915
2025-12-29 09:38:00+05:30,68.9,70.2,68.84,70.2,46150,2137915
2025-12-29 09:39:00+05:30,69.95,70.0,68.8,69.0,65325,2137915
2025-12-29 09:40:00+05:30,68.9,69.59,68.59,69.45,19045,2214355
2025-12-29 09:41:00+05:30,69.4,69.9,68.8,69.09,30680,2214355
2025-12-29 09:42:00+05:30,69.0,69.5,68.4,69.05,51415,2214355
2025-12-29 09:43:00+05:30,69.4,69.65,68.34,68.59,21125,2245295
2025-12-29 09:44:00+05:30,68.5,68.5,67.45,67.8,39065,2245295
2025-12-29 09:45:00+05:30,68.0,68.05,66.25,66.95,68445,2245295
2025-12-29 09:46:00+05:30,66.65,67.9,65.8,67.9,62725,2293785
2025-12-29 09:47:00+05:30,67.7,68.95,67.5,68.75,26000,2293785
2025-12-29 09:48:00+05:30,68.8,68.95,68.0,68.5,48165,2293785
2025-12-29 09:49:00+05:30,68.9,69.2,68.2,69.2,27430,2310035
2025-12-29 09:50:00+05:30,69.0,69.65,69.0,69.2,34905,2310035
2025-12-29 09:51:00+05:30,69.2,69.9,69.05,69.25,69550,2310035
2025-12-29 09:52:00+05:30,69.45,70.2,69.2,70.0,65520,2317900
2025-12-29 09:53:00+05:30,69.59,70.59,69.0,70.59,49985,2317900
2025-12-29 09:54:00+05:30,70.34,74.3,70.34,74.15,111280,2317900
2025-12-29 09:55:00+05:30,73.5,77.34,73.5,76.65,138710,2253940
2025-12-29 09:56:00+05:30,76.3,77.4,75.59,76.7,68575,2253940
2025-12-29 09:57:00+05:30,77.0,77.84,75.8,77.84,58695,2253940
2025-12-29 09:58:00+05:30,77.65,83.0,77.05,82.9,150150,2205710
2025-12-29 09:59:00+05:30,83.35,85.45,82.85,85.45,185315,2205710
2025-12-29 10:00:00+05:30,85.45,86.65,85.3,85.95,164515,2205710
2025-12-29 10:01:00+05:30,86.0,86.6,82.3,84.15,141765,2183545
2025-12-29 10:02:00+05:30,84.25,84.8,82.75,84.8,122590,2183545
2025-12-29 10:03:00+05:30,84.9,85.75,84.5,85.5,97305,2183545
2025-12-29 10:04:00+05:30,85.5,86.15,84.65,86.0,110890,2213965
2025-12-29 10:05:00+05:30,87.25,87.3,85.05,85.05,91065,2213965
2025-12-29 10:06:00+05:30,84.8,86.0,84.8,84.85,58630,2213965
2025-12-29 10:07:00+05:30,84.6,85.35,84.15,85.15,39455,2251730
2025-12-29 10:08:00+05:30,85.05,85.6,84.5,84.95,38220,2251730
2025-12-29 10:09:00+05:30,85.2,85.6,84.35,84.35,22490,2251730
2025-12-29 10:10:00+05:30,84.25,84.8,83.4,83.8,48230,2260765
2025-12-29 10:11:00+05:30,84.2,84.2,83.3,83.9,37505,2260765
2025-12-29 10:12:00+05:30,83.7,84.8,83.7,84.25,36075,2260765
2025-12-29 10:13:00+05:30,84.1,85.5,84.1,84.75,28665,2274740
2025-12-29 10:14:00+05:30,84.9,85.75,84.2,84.3,35490,2274740
2025-12-29 10:15:00+05:30,84.75,86.4,84.75,85.9,72800,2274740
2025-12-29 10:16:00+05:30,85.95,86.8,85.25,86.4,59410,2280525
2025-12-29 10:17:00+05:30,86.2,87.0,85.6,86.4,50375,2280525
2025-12-29 10:18:00+05:30,86.6,89.0,86.4,86.9,129155,2280525
2025-12-29 10:19:00+05:30,86.9,88.25,86.4,88.0,78000,2351700
2025-12-29 10:20:00+05:30,87.85,90.0,87.25,87.6,144300,2351700
2025-12-29 10:21:00+05:30,87.4,87.85,86.5,87.3,39650,2351700
2025-12-29 10:22:00+05:30,87.8,87.8,85.6,86.5,67925,2332395
2025-12-29 10:23:00+05:30,86.55,87.0,86.15,86.5,31980,2332395
2025-12-29 10:24:00+05:30,86.4,86.4,84.5,85.0,50245,2332395
2025-12-29 10:25:00+05:30,84.7,85.8,84.3,85.75,41730,2327650
2025-12-29 10:26:00+05:30,86.2,86.75,85.75,86.25,31850,2327650
2025-12-29 10:27:00+05:30,86.0,86.55,85.8,86.0,26260,2327650
2025-12-29 10:28:00+05:30,86.4,86.45,85.55,86.1,17680,2336425
2025-12-29 10:29:00+05:30,85.7,86.4,85.5,86.4,22945,2336425
2025-12-29 10:30:00+05:30,86.55,88.0,86.5,87.95,66495,2336425
2025-12-29 10:31:00+05:30,88.4,88.45,86.6,88.45,66560,2386020
2025-12-29 10:32:00+05:30,88.2,89.75,88.2,89.4,90415,2386020
2025-12-29 10:33:00+05:30,89.5,89.95,88.2,88.8,98020,2386020
2025-12-29 10:34:00+05:30,88.55,89.35,88.3,88.7,31590,2339090
2025-12-29 10:35:00+05:30,88.75,89.2,88.2,88.65,53430,2339090
2025-12-29 10:36:00+05:30,88.65,88.95,87.9,88.6,36270,2339090
2025-12-29 10:37:00+05:30,88.65,89.4,88.2,88.9,53560,2345005
2025-12-29 10:38:00+05:30,89.3,90.4,89.2,89.3,46020,2345005
2025-12-29 10:39:00+05:30,89.4,89.6,88.2,89.15,40690,2345005
2025-12-29 10:40:00+05:30,89.2,91.15,89.1,89.75,48880,2333955
2025-12-29 10:41:00+05:30,89.65,91.25,89.65,91.0,68380,2333955
2025-12-29 10:42:00+05:30,91.1,97.0,90.95,95.9,141180,2333955
2025-12-29 10:43:00+05:30,96.8,96.8,94.5,95.1,110695,2303275
2025-12-29 10:44:00+05:30,95.4,96.55,95.3,96.5,78000,2303275
2025-12-29 10:45:00+05:30,96.6,98.0,95.8,96.45,105430,2303275
2025-12-29 10:46:00+05:30,96.55,97.3,96.05,97.0,57850,2299310
2025-12-29 10:47:00+05:30,96.9,97.55,96.4,96.65,64350,2299310
2025-12-29 10:48:00+05:30,96.3,96.3,95.1,95.7,48620,2299310
2025-12-29 10:49:00+05:30,95.95,96.65,95.65,96.0,53300,2341950
2025-12-29 10:50:00+05:30,96.1,96.9,95.3,96.65,72345,2341950
2025-12-29 10:51:00+05:30,96.9,96.9,93.65,94.35,106340,2341950
2025-12-29 10:52:00+05:30,94.05,94.75,93.5,93.85,76570,2343055
2025-12-29 10:53:00+05:30,93.95,94.7,93.55,94.4,61490,2343055
2025-12-29 10:54:00+05:30,94.15,94.7,93.8,94.6,47320,2343055
2025-12-29 10:55:00+05:30,94.6,94.8,94.1,94.8,27300,2356055
2025-12-29 10:56:00+05:30,94.45,95.35,94.3,94.6,47060,2356055
2025-12-29 10:57:00+05:30,93.85,95.1,93.75,95.05,57395,2356055
2025-12-29 10:58:00+05:30,95.0,96.2,94.9,96.0,73255,2331550
2025-12-29 10:59:00+05:30,96.0,96.75,95.55,96.75,49010,2331550
2025-12-29 11:00:00+05:30,96.5,97.1,96.05,96.6,50895,2331550
2025-12-29 11:01:00+05:30,96.95,97.5,96.55,96.95,55965,2355340
2025-12-29 11:02:00+05:30,97.0,98.9,96.65,98.8,60840,2355340
2025-12-29 11:03:00+05:30,99.0,104.0,98.75,101.85,256100,2355340
2025-12-29 11:04:00+05:30,101.3,103.3,101.05,103.1,94770,2325635
2025-12-29 11:05:00+05:30,103.3,103.95,102.55,103.25,90415,2325635
2025-12-29 11:06:00+05:30,103.95,105.75,103.1,104.6,96590,2325635
2025-12-29 11:07:00+05:30,104.85,108.0,104.25,106.1,217230,2346435
2025-12-29 11:08:00+05:30,106.0,106.3,103.5,104.45,182130,2346435
2025-12-29 11:09:00+05:30,104.8,104.8,103.6,104.7,55900,2346435
2025-12-29 11:10:00+05:30,104.7,105.6,104.2,105.0,69290,2438215
2025-12-29 11:11:00+05:30,105.2,105.75,104.7,105.35,31720,2438215
2025-12-29 11:12:00+05:30,105.1,105.85,104.35,104.55,76310,2438215
2025-12-29 11:13:00+05:30,104.6,104.75,103.9,104.3,59865,2462655
2025-12-29 11:14:00+05:30,104.4,105.15,104.25,104.75,52715,2462655
2025-12-29 11:15:00+05:30,104.5,105.5,104.5,105.05,39845,2462655
2025-12-29 11:16:00+05:30,105.5,105.5,104.2,105.2,47255,2447250
2025-12-29 11:17:00+05:30,105.4,105.85,105.0,105.65,59215,2447250
2025-12-29 11:18:00+05:30,105.85,107.5,105.3,107.5,142545,2447250
2025-12-29 11:19:00+05:30,108.7,108.85,106.9,107.15,101790,2404025
2025-12-29 11:20:00+05:30,107.0,109.2,107.0,107.65,111800,2404025
2025-12-29 11:21:00+05:30,108.0,109.25,107.6,109.15,82875,2404025
2025-12-29 11:22:00+05:30,108.8,109.35,107.5,108.35,55835,2476565
2025-12-29 11:23:00+05:30,108.5,110.0,108.2,110.0,86450,2476565
2025-12-29 11:24:00+05:30,110.9,111.25,109.2,109.8,99190,2476565
2025-12-29 11:25:00+05:30,110.25,110.35,109.1,109.25,40950,2454855
2025-12-29 11:26:00+05:30,109.1,109.25,108.0,108.35,78065,2454855
2025-12-29 11:27:00+05:30,108.0,108.35,106.05,106.05,72735,2454855
2025-12-29 11:28:00+05:30,106.2,106.7,105.75,106.1,47710,2410590
2025-12-29 11:29:00+05:30,105.75,106.3,105.2,106.3,80145,2410590
2025-12-29 11:30:00+05:30,106.25,107.25,105.85,107.0,25155,2410590
2025-12-29 11:31:00+05:30,107.1,107.6,106.1,107.3,46020,2428985
2025-12-29 11:32:00+05:30,107.7,108.0,107.35,107.5,22815,2428985
2025-12-29 11:33:00+05:30,108.0,108.9,107.55,107.55,68185,2428985
2025-12-29 11:34:00+05:30,107.6,108.0,106.3,106.75,25805,2463110
2025-12-29 11:35:00+05:30,106.8,107.4,106.5,106.6,28730,2463110
2025-12-29 11:36:00+05:30,107.0,107.0,106.35,106.35,21125,2463110
2025-12-29 11:37:00+05:30,106.4,107.5,106.15,106.65,33215,2470780
2025-12-29 11:38:00+05:30,106.45,107.0,106.4,106.9,31070,2470780
2025-12-29 11:39:00+05:30,106.65,107.0,106.5,106.55,21060,2470780
2025-12-29 11:40:00+05:30,106.75,106.8,106.05,106.65,15990,2478320
2025-12-29 11:41:00+05:30,106.6,106.95,105.8,105.95,16250,2478320
2025-12-29 11:42:00+05:30,106.1,106.1,104.65,105.25,47580,2478320
2025-12-29 11:43:00+05:30,105.2,105.2,103.55,103.8,41665,2463045
2025-12-29 11:44:00+05:30,104.0,104.5,103.55,103.95,42185,2463045
2025-12-29 11:45:00+05:30,103.7,104.5,103.65,103.7,64935,2463045
2025-12-29 11:46:00+05:30,104.0,104.0,100.3,100.5,63115,2430870
2025-12-29 11:47:00+05:30,100.15,100.9,99.5,99.8,99905,2430870
2025-12-29 11:48:00+05:30,99.9,100.0,99.05,99.15,42705,2430870
2025-12-29 11:49:00+05:30,99.35,99.35,97.75,99.0,58045,2427945
2025-12-29 11:50:00+05:30,98.95,99.85,98.75,99.85,18785,2427945
2025-12-29 11:51:00+05:30,100.0,101.1,99.55,101.1,36335,2427945
2025-12-29 11:52:00+05:30,100.95,103.05,100.95,102.55,64350,2469805
2025-12-29 11:53:00+05:30,102.6,102.75,101.7,101.95,59865,2469805
2025-12-29 11:54:00+05:30,102.1,102.65,101.75,102.5,22945,2469805
2025-12-29 11:55:00+05:30,102.6,103.15,101.95,103.0,28925,2475200
2025-12-29 11:56:00+05:30,103.05,103.95,102.5,103.4,26000,2475200
2025-12-29 11:57:00+05:30,103.85,105.2,103.4,105.0,52065,2475200
2025-12-29 11:58:00+05:30,104.9,105.2,103.9,103.9,40885,2496000
2025-12-29 11:59:00+05:30,103.75,105.0,103.75,105.0,18915,2496000
2025-12-29 12:00:00+05:30,104.4,105.4,103.8,103.95,74360,2496000
2025-12-29 12:01:00+05:30,104.2,104.2,103.0,103.2,11960,2538120
2025-12-29 12:02:00+05:30,103.5,104.0,103.3,103.5,25415,2538120
2025-12-29 12:03:00+05:30,103.75,105.8,103.65,105.6,33345,2538120
2025-12-29 12:04:00+05:30,105.95,106.8,105.7,106.6,45045,2538120
2025-12-29 12:05:00+05:30,106.45,107.0,106.45,106.95,34385,2555540
2025-12-29 12:06:00+05:30,106.95,107.35,106.6,107.1,36725,2555540
2025-12-29 12:07:00+05:30,106.95,107.15,106.0,106.25,22880,2555085
2025-12-29 12:08:00+05:30,106.5,106.5,103.8,103.85,46085,2555085
2025-12-29 12:09:00+05:30,103.85,103.9,102.05,102.3,47580,2555085
2025-12-29 12:10:00+05:30,102.45,102.5,100.65,100.65,106990,2585310
2025-12-29 12:11:00+05:30,100.95,102.7,100.9,102.7,53690,2585310
2025-12-29 12:12:00+05:30,102.45,103.05,102.15,102.8,23205,2585310
2025-12-29 12:13:00+05:30,102.8,102.85,101.9,102.2,21385,2617160
2025-12-29 12:14:00+05:30,102.15,102.85,102.05,102.1,16965,2617160
2025-12-29 12:15:00+05:30,102.45,102.55,101.5,102.35,39325,2617160
2025-12-29 12:16:00+05:30,102.7,103.25,102.3,102.6,18655,2629900
2025-12-29 12:17:00+05:30,102.5,102.9,102.5,102.5,15275,2629900
2025-12-29 12:18:00+05:30,102.2,102.9,102.2,102.5,9620,2629900
2025-12-29 12:19:00+05:30,102.5,103.5,102.4,103.5,19695,2629900
2025-12-29 12:20:00+05:30,103.5,104.95,103.5,104.95,52650,2645045
2025-12-29 12:21:00+05:30,104.85,106.1,104.85,105.65,73905,2645045
2025-12-29 12:22:00+05:30,105.4,106.6,105.35,106.15,24765,2645045
2025-12-29 12:23:00+05:30,106.3,110.0,106.15,109.75,97045,2667535
2025-12-29 12:24:00+05:30,109.8,109.9,108.4,109.6,56680,2667535
2025-12-29 12:25:00+05:30,109.6,110.55,109.2,109.9,113685,2667535
2025-12-29 12:26:00+05:30,109.9,110.15,108.55,108.55,70785,2647710
2025-12-29 12:27:00+05:30,108.8,109.95,108.3,109.95,43290,2647710
2025-12-29 12:28:00+05:30,110.0,110.0,107.9,107.9,37635,2647710
2025-12-29 12:29:00+05:30,107.9,108.75,107.9,108.5,30290,2649205
2025-12-29 12:30:00+05:30,108.3,108.9,107.15,107.15,23725,2649205
2025-12-29 12:31:00+05:30,106.8,107.45,106.3,107.4,36725,2649205
2025-12-29 12:32:00+05:30,107.7,108.5,107.05,108.0,16835,2652325
2025-12-29 12:33:00+05:30,108.0,108.85,107.85,108.65,20995,2652325
2025-12-29 12:34:00+05:30,108.55,113.55,108.55,112.25,130065,2652325
2025-12-29 12:35:00+05:30,110.65,112.35,110.55,111.35,75465,2651545
2025-12-29 12:36:00+05:30,111.25,111.75,111.0,111.55,23400,2651545
2025-12-29 12:37:00+05:30,111.25,111.75,110.35,110.35,36790,2651545
2025-12-29 12:38:00+05:30,110.3,110.85,109.05,110.85,50830,2675790
2025-12-29 12:39:00+05:30,110.95,112.25,110.7,112.25,36595,2675790
2025-12-29 12:40:00+05:30,112.05,112.85,111.8,111.9,64740,2675790
2025-12-29 12:41:00+05:30,112.2,113.05,112.1,112.5,64155,2676895
2025-12-29 12:42:00+05:30,112.8,113.75,112.0,112.05,62790,2676895
2025-12-29 12:43:00+05:30,112.45,112.7,111.75,112.7,29640,2676895
2025-12-29 12:44:00+05:30,112.75,113.0,112.25,112.6,31395,2695680
2025-12-29 12:45:00+05:30,112.4,114.2,112.4,113.95,60385,2695680
2025-12-29 12:46:00+05:30,113.35,113.4,111.35,111.45,40300,2695680
2025-12-29 12:47:00+05:30,111.9,112.3,111.55,111.95,17355,2702050
2025-12-29 12:48:00+05:30,112.0,112.4,111.9,112.2,14950,2702050
2025-12-29 12:49:00+05:30,112.4,113.85,112.2,112.9,37700,2702050
2025-12-29 12:50:00+05:30,112.5,113.75,112.5,113.6,26130,2694185
2025-12-29 12:51:00+05:30,114.0,114.85,113.3,114.1,65000,2694185
2025-12-29 12:52:00+05:30,113.9,114.1,113.5,113.6,18135,2694185
2025-12-29 12:53:00+05:30,113.95,114.55,113.6,113.65,40105,2716610
2025-12-29 12:54:00+05:30,113.8,114.2,113.0,113.6,18135,2716610
2025-12-29 12:55:00+05:30,113.3,113.8,112.7,112.7,25610,2716610
2025-12-29 12:56:00+05:30,112.85,113.1,111.85,112.25,30420,2709005
2025-12-29 12:57:00+05:30,112.3,113.25,111.5,111.5,28080,2709005
2025-12-29 12:58:00+05:30,111.5,111.8,111.25,111.55,27495,2709005
2025-12-29 12:59:00+05:30,111.5,111.7,110.5,111.3,29250,2706470
2025-12-29 13:00:00+05:30,111.6,112.0,111.1,111.95,26585,2706470
2025-12-29 13:01:00+05:30,111.25,111.9,111.05,111.45,17485,2706470
2025-12-29 13:02:00+05:30,111.5,111.7,110.95,111.05,21710,2715570
2025-12-29 13:03:00+05:30,110.65,111.3,109.25,109.55,48750,2715570
2025-12-29 13:04:00+05:30,109.45,109.9,109.05,109.05,27820,2715570
2025-12-29 13:05:00+05:30,109.45,109.8,108.8,109.6,24635,2722980
2025-12-29 13:06:00+05:30,109.45,109.8,109.0,109.45,16445,2722980
2025-12-29 13:07:00+05:30,109.7,111.2,109.2,111.2,24310,2722980
2025-12-29 13:08:00+05:30,111.3,111.7,110.05,110.05,29185,2722200
2025-12-29 13:09:00+05:30,110.35,111.0,110.2,110.85,16835,2722200
2025-12-29 13:10:00+05:30,110.65,111.6,110.55,111.45,20930,2722200
2025-12-29 13:11:00+05:30,111.3,112.45,111.0,111.3,56290,2735785
2025-12-29 13:12:00+05:30,111.5,112.0,111.1,111.1,34580,2735785
2025-12-29 13:13:00+05:30,111.3,113.0,111.0,113.0,42900,2735785
2025-12-29 13:14:00+05:30,112.5,117.6,112.5,116.45,136890,2732015
2025-12-29 13:15:00+05:30,116.55,117.4,115.55,117.25,82355,2732015
2025-12-29 13:16:00+05:30,116.95,119.8,116.75,119.15,95420,2732015
2025-12-29 13:17:00+05:30,119.85,120.35,118.6,119.15,106340,2661230
2025-12-29 13:18:00+05:30,119.25,121.0,119.25,119.4,73775,2661230
2025-12-29 13:19:00+05:30,119.6,119.95,118.0,119.05,52065,2661230
2025-12-29 13:20:00+05:30,119.1,119.55,118.65,119.35,29380,2647060
2025-12-29 13:21:00+05:30,119.2,119.4,118.45,118.8,27365,2647060
2025-12-29 13:22:00+05:30,118.8,119.6,118.75,119.05,22165,2647060
2025-12-29 13:23:00+05:30,118.95,119.5,118.6,118.6,24505,2641405
2025-12-29 13:24:00+05:30,118.7,119.65,118.6,119.2,20930,2641405
2025-12-29 13:25:00+05:30,119.3,119.45,118.7,118.95,21450,2641405
2025-12-29 13:26:00+05:30,119.0,119.0,118.1,118.55,15275,2629445
2025-12-29 13:27:00+05:30,118.25,119.25,118.25,118.55,21385,2629445
2025-12-29 13:28:00+05:30,118.35,118.5,116.55,117.85,42965,2629445
2025-12-29 13:29:00+05:30,117.7,118.95,117.7,118.95,24440,2632305
2025-12-29 13:30:00+05:30,118.85,118.85,117.7,118.6,19370,2632305
2025-12-29 13:31:00+05:30,118.5,119.75,118.4,119.5,27950,2632305
2025-12-29 13:32:00+05:30,119.05,119.75,118.85,118.85,19240,2642380
2025-12-29 13:33:00+05:30,119.1,119.6,119.0,119.6,11440,2642380
2025-12-29 13:34:00+05:30,119.35,119.55,119.05,119.2,12480,2642380
2025-12-29 13:35:00+05:30,119.5,121.25,119.1,121.2,39650,2644980
2025-12-29 13:36:00+05:30,121.05,122.4,120.75,121.0,49530,2644980
2025-12-29 13:37:00+05:30,120.8,130.55,120.7,129.19,164905,2644980
2025-12-29 13:38:00+05:30,129.05,129.05,125.05,127.9,109915,2594085
2025-12-29 13:39:00+05:30,127.9,134.0,127.5,131.3,113880,2594085
2025-12-29 13:40:00+05:30,131.35,132.3,130.3,131.19,129220,2594085
2025-12-29 13:41:00+05:30,131.6,131.75,128.85,130.85,112060,2587065
2025-12-29 13:42:00+05:30,130.75,130.8,129.4,129.69,53885,2587065
2025-12-29 13:43:00+05:30,129.55,129.9,127.75,128.69,70135,2587065
2025-12-29 13:44:00+05:30,128.94,129.1,127.85,127.85,49920,2597465
2025-12-29 13:45:00+05:30,128.25,128.69,125.75,126.15,39390,2597465
2025-12-29 13:46:00+05:30,126.0,126.2,123.05,123.05,64480,2597465
2025-12-29 13:47:00+05:30,123.25,124.95,123.25,124.5,35685,2590120
2025-12-29 13:48:00+05:30,124.6,124.8,122.4,122.4,37960,2590120
2025-12-29 13:49:00+05:30,122.7,123.65,122.1,122.1,27300,2590120
2025-12-29 13:50:00+05:30,122.1,123.8,122.1,123.8,27560,2595970
2025-12-29 13:51:00+05:30,123.45,123.8,122.0,122.5,31915,2595970
2025-12-29 13:52:00+05:30,122.35,123.2,121.25,121.55,19240,2595970
2025-12-29 13:53:00+05:30,121.25,121.25,118.75,119.15,57460,2591355
2025-12-29 13:54:00+05:30,119.3,119.65,117.1,119.2,49530,2591355
2025-12-29 13:55:00+05:30,119.3,120.8,119.0,120.8,52715,2591355
2025-12-29 13:56:00+05:30,120.75,122.35,120.5,121.3,52195,2611050
2025-12-29 13:57:00+05:30,121.6,123.0,121.25,123.0,33995,2611050
2025-12-29 13:58:00+05:30,123.0,123.0,121.8,122.0,31070,2611050
2025-12-29 13:59:00+05:30,122.1,122.7,121.95,122.5,41730,2632500
2025-12-29 14:00:00+05:30,122.95,123.5,122.4,122.9,27170,2632500
2025-12-29 14:01:00+05:30,123.2,123.75,121.85,121.9,48295,2632500
2025-12-29 14:02:00+05:30,121.7,122.3,120.75,122.3,28860,2631850
2025-12-29 14:03:00+05:30,122.2,122.6,121.55,121.75,20345,2631850
2025-12-29 14:04:00+05:30,121.55,122.5,121.55,122.0,24960,2631850
2025-12-29 14:05:00+05:30,122.0,122.25,120.0,120.35,35945,2639520
2025-12-29 14:06:00+05:30,120.65,121.2,119.5,120.95,32240,2639520
2025-12-29 14:07:00+05:30,120.5,121.25,120.4,120.9,36075,2639520
2025-12-29 14:08:00+05:30,120.85,122.1,120.85,121.4,20020,2666625
2025-12-29 14:09:00+05:30,121.5,121.5,119.55,119.55,44070,2666625
2025-12-29 14:10:00+05:30,119.1,120.35,118.55,120.05,59800,2666625
2025-12-29 14:11:00+05:30,120.25,121.0,120.25,120.6,15210,2674555
2025-12-29 14:12:00+05:30,120.75,121.2,120.4,120.9,39260,2674555
2025-12-29 14:13:00+05:30,120.85,121.8,120.6,121.5,18200,2674555
2025-12-29 14:14:00+05:30,121.65,123.0,121.65,123.0,51025,2670525
2025-12-29 14:15:00+05:30,123.3,126.6,123.3,126.6,84955,2670525
2025-12-29 14:16:00+05:30,126.5,127.6,126.1,127.3,76570,2670525
2025-12-29 14:17:00+05:30,127.6,129.0,127.35,129.0,81185,2653560
2025-12-29 14:18:00+05:30,128.5,130.25,128.5,130.0,70330,2653560
2025-12-29 14:19:00+05:30,130.05,130.69,128.75,129.05,63895,2653560
2025-12-29 14:20:00+05:30,129.55,129.55,127.5,128.85,57590,2640105
2025-12-29 14:21:00+05:30,129.15,129.15,127.0,128.15,54730,2640105
2025-12-29 14:22:00+05:30,128.4,129.35,127.4,127.75,28340,2640105
2025-12-29 14:23:00+05:30,127.8,128.05,119.1,119.1,80990,2674945
2025-12-29 14:24:00+05:30,119.3,119.3,115.9,116.0,134095,2674945
2025-12-29 14:25:00+05:30,115.75,117.05,113.1,113.45,111345,2674945
2025-12-29 14:26:00+05:30,113.4,113.4,112.05,113.4,117845,2638805
2025-12-29 14:27:00+05:30,113.95,113.95,111.05,112.15,80405,2638805
2025-12-29 14:28:00+05:30,112.15,117.05,112.15,116.8,121940,2638805
2025-12-29 14:29:00+05:30,117.7,118.0,116.6,118.0,67015,2622360
2025-12-29 14:30:00+05:30,117.7,119.95,117.6,119.6,72345,2622360
2025-12-29 14:31:00+05:30,119.1,119.5,117.85,117.85,46215,2622360
2025-12-29 14:32:00+05:30,117.85,118.15,117.1,117.85,47320,2620475
2025-12-29 14:33:00+05:30,118.05,118.05,115.7,116.15,58500,2620475
2025-12-29 14:34:00+05:30,116.15,116.5,115.55,116.5,34970,2620475
2025-12-29 14:35:00+05:30,116.45,119.95,116.45,119.35,57850,2620540
2025-12-29 14:36:00+05:30,119.5,122.0,119.4,121.5,73255,2620540
2025-12-29 14:37:00+05:30,121.9,122.3,120.75,121.65,53755,2620540
2025-12-29 14:38:00+05:30,121.7,121.95,120.3,121.1,18590,2589145
2025-12-29 14:39:00+05:30,120.9,121.55,120.6,120.65,15210,2589145
2025-12-29 14:40:00+05:30,121.2,122.1,120.8,122.1,27040,2589145
2025-12-29 14:41:00+05:30,122.4,126.2,122.0,126.2,69550,2583035
2025-12-29 14:42:00+05:30,126.15,127.6,124.95,125.4,69030,2583035
2025-12-29 14:43:00+05:30,125.2,127.35,125.15,127.35,67795,2583035
2025-12-29 14:44:00+05:30,126.5,126.95,124.8,125.3,44135,2592590
2025-12-29 14:45:00+05:30,125.35,127.0,125.25,127.0,44005,2592590
2025-12-29 14:46:00+05:30,127.0,129.0,127.0,127.55,62985,2592590
2025-12-29 14:47:00+05:30,127.25,128.15,124.8,125.3,58175,2603055
2025-12-29 14:48:00+05:30,124.65,125.9,124.1,125.7,50440,2603055
2025-12-29 14:49:00+05:30,125.5,126.05,124.1,124.9,60840,2603055
2025-12-29 14:50:00+05:30,124.55,128.4,124.2,127.5,69030,2614430
2025-12-29 14:51:00+05:30,127.5,128.5,126.7,126.7,40625,2614430
2025-12-29 14:52:00+05:30,126.45,127.05,125.15,126.05,34060,2614430
2025-12-29 14:53:00+05:30,125.6,126.05,124.7,126.05,22295,2622230
2025-12-29 14:54:00+05:30,126.4,130.44,126.4,129.35,142155,2622230
2025-12-29 14:55:00+05:30,128.69,129.1,126.4,127.85,86320,2622230
2025-12-29 14:56:00+05:30,127.95,128.3,125.85,126.5,44330,2647905
2025-12-29 14:57:00+05:30,126.0,126.3,123.1,123.1,73320,2647905
2025-12-29 14:58:00+05:30,124.15,125.5,122.75,123.7,42900,2647905
2025-12-29 14:59:00+05:30,122.35,124.5,121.25,124.5,40560,2651610
2025-12-29 15:00:00+05:30,123.6,124.7,121.4,122.95,78520,2651610
2025-12-29 15:01:00+05:30,122.75,126.7,122.75,124.2,72865,2651610
2025-12-29 15:02:00+05:30,124.2,125.1,123.55,123.55,39000,2647320
2025-12-29 15:03:00+05:30,123.5,123.5,121.4,122.5,66560,2647320
2025-12-29 15:04:00+05:30,122.95,123.85,120.45,120.75,78390,2647320
2025-12-29 15:05:00+05:30,121.0,121.65,119.3,121.15,64610,2617550
2025-12-29 15:06:00+05:30,121.25,122.6,120.95,122.25,52650,2617550
2025-12-29 15:07:00+05:30,122.1,123.25,121.55,122.9,60970,2617550
2025-12-29 15:08:00+05:30,123.5,123.9,122.15,122.95,46735,2569125
2025-12-29 15:09:00+05:30,122.6,123.25,122.6,122.9,29445,2569125
2025-12-29 15:10:00+05:30,122.95,123.25,121.1,121.35,30550,2569125
2025-12-29 15:11:00+05:30,121.3,122.6,121.15,122.35,46540,2566330
2025-12-29 15:12:00+05:30,122.45,122.45,121.05,121.45,26520,2566330
2025-12-29 15:13:00+05:30,121.15,122.0,121.1,122.0,69030,2566330
2025-12-29 15:14:00+05:30,122.0,122.0,120.55,120.7,46605,2557360
2025-12-29 15:15:00+05:30,121.4,123.1,121.4,122.5,78845,2557360
2025-12-29 15:16:00+05:30,122.25,122.3,121.5,121.8,46020,2557360
2025-12-29 15:17:00+05:30,121.9,122.0,120.6,121.05,30160,2518490
2025-12-29 15:18:00+05:30,121.0,121.65,121.0,121.0,46670,2518490
2025-12-29 15:19:00+05:30,120.95,121.45,120.15,121.3,42510,2518490
2025-12-29 15:20:00+05:30,121.45,121.45,119.5,119.6,71825,2506205
2025-12-29 15:21:00+05:30,119.4,119.4,117.75,118.6,44460,2506205
2025-12-29 15:22:00+05:30,118.95,119.05,117.45,118.45,42770,2506205
2025-12-29 15:23:00+05:30,118.95,119.5,118.5,119.5,50765,2496585
2025-12-29 15:24:00+05:30,119.6,119.6,117.55,118.0,57265,2496585
2025-12-29 15:25:00+05:30,117.95,119.45,117.6,119.3,57460,2496585
2025-12-29 15:26:00+05:30,119.05,119.95,119.0,119.65,48880,2503345
2025-12-29 15:27:00+05:30,119.4,120.3,119.35,119.95,61360,2503345
2025-12-29 15:28:00+05:30,119.95,120.3,119.55,120.0,56680,2503345
2025-12-29 15:29:00+05:30,120.0,120.25,119.25,119.4,77350,2499250
2025-12-30 09:15:00+05:30,122.4,148.65,122.4,144.94,447785,2473250
2025-12-30 09:16:00+05:30,146.35,146.35,141.05,143.3,182585,2499510
2025-12-30 09:17:00+05:30,142.65,142.75,138.25,140.15,172250,2499510
2025-12-30 09:18:00+05:30,140.3,147.0,138.05,146.15,225940,2499510
2025-12-30 09:19:00+05:30,145.15,146.69,143.4,144.1,142610,2561520
2025-12-30 09:20:00+05:30,144.1,154.94,144.1,153.15,371020,2561520
2025-12-30 09:21:00+05:30,151.85,156.9,151.85,156.15,201825,2561520
2025-12-30 09:22:00+05:30,155.4,155.94,154.0,154.0,143130,2490345
2025-12-30 09:23:00+05:30,154.19,155.15,152.05,154.94,120705,2490345
2025-12-30 09:24:00+05:30,155.6,156.19,154.0,154.85,132210,2490345
2025-12-30 09:25:00+05:30,154.5,155.9,153.05,153.35,67665,2524925
2025-12-30 09:26:00+05:30,153.25,158.0,152.69,156.5,111540,2524925
2025-12-30 09:27:00+05:30,156.75,159.55,155.69,158.4,111800,2524925
2025-12-30 09:28:00+05:30,158.19,158.69,154.6,156.25,120770,2560155
2025-12-30 09:29:00+05:30,156.35,157.5,155.0,156.15,80210,2560155
2025-12-30 09:30:00+05:30,156.4,156.8,155.0,156.0,66885,2560155
2025-12-30 09:31:00+05:30,155.69,156.19,154.44,156.0,54925,2608580
2025-12-30 09:32:00+05:30,155.69,156.69,153.35,153.35,64285,2608580
2025-12-30 09:33:00+05:30,153.85,154.85,152.05,152.05,96915,2608580
2025-12-30 09:34:00+05:30,152.1,152.1,139.5,139.5,220675,2651025
2025-12-30 09:35:00+05:30,137.85,142.75,137.85,138.35,138190,2651025
2025-12-30 09:36:00+05:30,138.8,143.44,136.65,141.75,99710,2651025
2025-12-30 09:37:00+05:30,141.25,143.0,139.55,142.35,76115,2615795
2025-12-30 09:38:00+05:30,141.35,142.9,140.1,140.5,66820,2615795
2025-12-30 09:39:00+05:30,140.3,141.15,130.65,130.65,205660,2615795
2025-12-30 09:40:00+05:30,133.25,133.9,130.75,133.3,101595,2617940
2025-12-30 09:41:00+05:30,132.94,136.19,132.3,134.8,75595,2617940
2025-12-30 09:42:00+05:30,134.55,134.55,130.19,131.05,61620,2617940
2025-12-30 09:43:00+05:30,130.9,130.9,125.6,125.6,144885,2672345
2025-12-30 09:44:00+05:30,125.0,126.45,124.5,125.7,119795,2672345
2025-12-30 09:45:00+05:30,126.2,130.35,125.1,130.35,122395,2672345
2025-12-30 09:46:00+05:30,131.0,135.5,131.0,135.19,161395,2765815
2025-12-30 09:47:00+05:30,135.55,139.8,134.8,137.9,156585,2765815
2025-12-30 09:48:00+05:30,138.8,142.0,136.25,142.0,138320,2765815
2025-12-30 09:49:00+05:30,141.69,144.44,140.65,143.1,171405,2794805
2025-12-30 09:50:00+05:30,142.8,143.85,140.65,141.65,102765,2794805
2025-12-30 09:51:00+05:30,141.65,141.65,128.5,129.85,163735,2794805
2025-12-30 09:52:00+05:30,129.55,129.55,122.35,126.65,185900,2796040
2025-12-30 09:53:00+05:30,126.8,131.3,126.4,128.19,103285,2796040
2025-12-30 09:54:00+05:30,128.3,129.8,126.0,126.0,64350,2796040
2025-12-30 09:55:00+05:30,126.7,127.5,116.3,119.65,184730,2808065
2025-12-30 09:56:00+05:30,121.45,124.35,120.65,122.85,129610,2808065
2025-12-30 09:57:00+05:30,122.6,122.75,119.9,122.0,107315,2808065
2025-12-30 09:58:00+05:30,122.7,124.9,121.95,124.35,76440,2902055
2025-12-30 09:59:00+05:30,124.9,129.0,124.65,128.0,89375,2902055
2025-12-30 10:00:00+05:30,127.8,129.0,126.2,128.0,65650,2902055
2025-12-30 10:01:00+05:30,128.6,133.4,127.85,131.94,121030,2944110
2025-12-30 10:02:00+05:30,130.85,130.85,124.65,125.6,88205,2944110
2025-12-30 10:03:00+05:30,126.2,128.65,125.85,127.8,40300,2944110
2025-12-30 10:04:00+05:30,125.95,129.0,125.95,128.44,32370,2955680
2025-12-30 10:05:00+05:30,128.65,130.0,127.45,129.15,48945,2955680
2025-12-30 10:06:00+05:30,129.25,132.6,128.69,132.15,58045,2955680
2025-12-30 10:07:00+05:30,132.15,132.15,129.15,130.94,60515,2960165
2025-12-30 10:08:00+05:30,130.9,133.0,130.0,132.25,64870,2960165
2025-12-30 10:09:00+05:30,132.3,134.75,131.6,132.0,67470,2960165
2025-12-30 10:10:00+05:30,131.94,133.0,130.44,132.44,60450,2988375
2025-12-30 10:11:00+05:30,132.05,132.19,129.15,130.35,39000,2988375
2025-12-30 10:12:00+05:30,130.25,130.44,124.05,124.05,67080,2988375
2025-12-30 10:13:00+05:30,124.4,126.0,122.6,122.85,61945,2995850
2025-12-30 10:14:00+05:30,122.6,126.0,120.8,124.6,97435,2995850
2025-12-30 10:15:00+05:30,124.05,124.5,121.2,121.7,45500,2995850
2025-12-30 10:16:00+05:30,121.3,121.95,118.5,120.7,115960,2982395
2025-12-30 10:17:00+05:30,120.45,121.35,118.8,119.65,59995,2982395
2025-12-30 10:18:00+05:30,119.05,119.85,118.2,119.35,106990,2982395
2025-12-30 10:19:00+05:30,119.35,120.15,117.9,117.9,69875,3055195
2025-12-30 10:20:00+05:30,117.7,117.9,115.15,116.45,139620,3055195
2025-12-30 10:21:00+05:30,115.8,117.8,113.05,117.05,171600,3055195
2025-12-30 10:22:00+05:30,117.05,117.05,114.55,116.5,90025,3053375
2025-12-30 10:23:00+05:30,116.25,116.7,114.6,115.0,75660,3053375
2025-12-30 10:24:00+05:30,114.35,115.15,108.6,109.25,167115,3053375
2025-12-30 10:25:00+05:30,108.95,111.55,108.15,110.3,152945,3124875
2025-12-30 10:26:00+05:30,110.4,112.2,110.4,111.55,88140,3124875
2025-12-30 10:27:00+05:30,111.6,112.0,110.15,111.4,58760,3124875
2025-12-30 10:28:00+05:30,110.95,112.15,110.55,110.55,63115,3193905
2025-12-30 10:29:00+05:30,110.95,112.5,110.7,111.55,60190,3193905
2025-12-30 10:30:00+05:30,111.6,111.6,109.0,111.25,92040,3193905
2025-12-30 10:31:00+05:30,110.55,111.7,109.6,111.55,63115,3261505
2025-12-30 10:32:00+05:30,111.55,112.5,110.35,111.7,76115,3261505
2025-12-30 10:33:00+05:30,111.7,112.35,110.55,111.0,56940,3261505
2025-12-30 10:34:00+05:30,110.85,111.5,109.35,110.8,87425,3290820
2025-12-30 10:35:00+05:30,111.25,113.65,110.6,113.5,57590,3290820
2025-12-30 10:36:00+05:30,113.6,117.0,112.8,116.75,174460,3290820
2025-12-30 10:37:00+05:30,116.45,118.95,115.15,118.95,135265,3289715
2025-12-30 10:38:00+05:30,118.0,119.4,117.65,118.8,110565,3289715
2025-12-30 10:39:00+05:30,118.75,119.5,117.55,118.35,99190,3289715
2025-12-30 10:40:00+05:30,118.6,120.25,117.85,118.95,78065,3313895
2025-12-30 10:41:00+05:30,119.25,120.6,118.45,118.75,69030,3313895
2025-12-30 10:42:00+05:30,119.0,123.1,118.75,123.1,95160,3313895
2025-12-30 10:43:00+05:30,122.55,122.85,120.55,120.9,86320,3312595
2025-12-30 10:44:00+05:30,121.1,122.75,119.0,122.05,76960,3312595
2025-12-30 10:45:00+05:30,121.6,125.25,121.6,124.4,132210,3312595
2025-12-30 10:46:00+05:30,124.45,127.15,122.7,122.95,116805,3324880
2025-12-30 10:47:00+05:30,123.3,126.0,123.3,124.95,63180,3324880
2025-12-30 10:48:00+05:30,125.2,126.7,124.2,126.5,61880,3324880
2025-12-30 10:49:00+05:30,126.7,126.7,120.4,121.6,108485,3336125
2025-12-30 10:50:00+05:30,121.35,123.65,120.75,121.7,50115,3336125
2025-12-30 10:51:00+05:30,121.65,125.65,119.6,125.6,89635,3336125
2025-12-30 10:52:00+05:30,125.25,129.0,125.25,127.75,123045,3412630
2025-12-30 10:53:00+05:30,128.25,130.0,127.2,130.0,101530,3412630
2025-12-30 10:54:00+05:30,129.6,131.94,128.85,131.94,141375,3412630
2025-12-30 10:55:00+05:30,131.44,132.69,131.0,132.0,160485,3369730
2025-12-30 10:56:00+05:30,131.6,131.8,129.5,130.0,131430,3369730
2025-12-30 10:57:00+05:30,129.44,130.85,126.85,128.3,120380,3369730
2025-12-30 10:58:00+05:30,128.25,129.75,128.0,129.75,50440,3460925
2025-12-30 10:59:00+05:30,130.05,131.94,129.55,130.94,85800,3460925
2025-12-30 11:00:00+05:30,131.1,131.25,128.35,128.35,93925,3460925
2025-12-30 11:01:00+05:30,128.44,132.3,128.44,132.3,75010,3509415
2025-12-30 11:02:00+05:30,130.9,131.55,129.3,129.3,52455,3509415
2025-12-30 11:03:00+05:30,128.75,131.35,128.5,130.8,46020,3509415
2025-12-30 11:04:00+05:30,130.75,131.69,130.5,131.25,36205,3522610
2025-12-30 11:05:00+05:30,131.1,131.25,126.85,129.1,95615,3522610
2025-12-30 11:06:00+05:30,129.35,132.85,128.15,130.25,63440,3522610
2025-12-30 11:07:00+05:30,130.05,131.4,129.6,130.5,28600,3531320
2025-12-30 11:08:00+05:30,130.5,131.5,129.55,129.9,25545,3531320
2025-12-30 11:09:00+05:30,129.69,131.19,129.44,130.8,31265,3531320
2025-12-30 11:10:00+05:30,130.75,134.0,130.65,133.69,94120,3532620
2025-12-30 11:11:00+05:30,137.05,141.0,134.69,135.3,281255,3532620
2025-12-30 11:12:00+05:30,135.75,137.5,133.0,134.19,98020,3532620
2025-12-30 11:13:00+05:30,134.69,135.0,130.55,134.65,87165,3490045
2025-12-30 11:14:00+05:30,134.4,135.1,134.0,134.8,34970,3490045
2025-12-30 11:15:00+05:30,134.05,135.8,133.9,134.0,46865,3490045
2025-12-30 11:16:00+05:30,133.35,134.35,131.05,131.5,51090,3502980
2025-12-30 11:17:00+05:30,131.55,133.15,129.9,132.55,60710,3502980
2025-12-30 11:18:00+05:30,131.85,133.19,131.85,132.4,40495,3502980
2025-12-30 11:19:00+05:30,133.05,134.25,131.3,133.85,41600,3530215
2025-12-30 11:20:00+05:30,133.9,134.85,132.3,132.9,40755,3530215
2025-12-30 11:21:00+05:30,132.9,134.65,131.55,134.4,41860,3530215
2025-12-30 11:22:00+05:30,134.44,134.6,132.8,134.15,54145,3576950
2025-12-30 11:23:00+05:30,134.5,137.69,134.35,137.0,136305,3576950
2025-12-30 11:24:00+05:30,136.65,137.69,135.3,136.35,86190,3576950
2025-12-30 11:25:00+05:30,136.0,137.44,135.44,135.44,76700,3670030
2025-12-30 11:26:00+05:30,135.5,137.75,135.0,136.5,79430,3670030
2025-12-30 11:27:00+05:30,136.0,138.3,135.25,136.65,45565,3670030
2025-12-30 11:28:00+05:30,136.6,136.9,134.65,136.9,47125,3714490
2025-12-30 11:29:00+05:30,136.94,137.9,136.3,137.85,33865,3714490
2025-12-30 11:30:00+05:30,137.65,139.85,137.65,139.85,89375,3714490
2025-12-30 11:31:00+05:30,139.5,140.19,135.9,136.3,100750,3696355
2025-12-30 11:32:00+05:30,136.3,138.05,134.8,137.94,71110,3696355
2025-12-30 11:33:00+05:30,137.9,140.65,137.9,140.65,112060,3696355
2025-12-30 11:34:00+05:30,139.94,146.25,139.85,145.15,208715,3705780
2025-12-30 11:35:00+05:30,144.94,146.94,142.55,144.19,169130,3705780
2025-12-30 11:36:00+05:30,144.69,144.69,142.44,142.8,66235,3705780
2025-12-30 11:37:00+05:30,143.25,143.5,140.44,142.3,68055,3732040
2025-12-30 11:38:00+05:30,142.4,143.35,141.65,142.65,154115,3732040
2025-12-30 11:39:00+05:30,142.65,143.5,141.55,142.35,72280,3732040
2025-12-30 11:40:00+05:30,142.1,143.44,141.3,141.3,71695,3754465
2025-12-30 11:41:00+05:30,141.05,141.05,137.69,137.69,85865,3754465
2025-12-30 11:42:00+05:30,137.19,137.44,134.19,134.6,114205,3754465
2025-12-30 11:43:00+05:30,135.0,137.0,134.9,136.25,49010,3732170
2025-12-30 11:44:00+05:30,135.94,136.65,135.1,135.85,105170,3732170
2025-12-30 11:45:00+05:30,135.5,135.65,131.0,131.4,163150,3732170
2025-12-30 11:46:00+05:30,131.94,135.9,131.5,135.9,87165,3758560
2025-12-30 11:47:00+05:30,135.69,137.0,135.0,136.1,103155,3758560
2025-12-30 11:48:00+05:30,135.8,136.3,135.4,135.65,34190,3758560
2025-12-30 11:49:00+05:30,135.4,136.94,135.05,136.5,36465,3749655
2025-12-30 11:50:00+05:30,136.55,139.0,136.0,137.55,44135,3749655
2025-12-30 11:51:00+05:30,137.65,139.5,136.9,137.0,52910,3749655
2025-12-30 11:52:00+05:30,137.75,141.0,137.5,140.9,70655,3792815
2025-12-30 11:53:00+05:30,140.3,140.3,138.94,139.85,44915,3792815
2025-12-30 11:54:00+05:30,140.0,142.0,139.44,141.4,78325,3792815
2025-12-30 11:55:00+05:30,141.8,143.75,141.4,143.4,102765,3792815
2025-12-30 11:56:00+05:30,143.15,143.94,142.75,142.75,66040,3774615
2025-12-30 11:57:00+05:30,143.3,144.5,142.69,144.5,43875,3774615
2025-12-30 11:58:00+05:30,144.94,145.3,143.3,143.6,112515,3774615
2025-12-30 11:59:00+05:30,142.6,142.94,141.35,142.3,40690,3766815
2025-12-30 12:00:00+05:30,142.05,142.69,139.3,141.69,56030,3766815
2025-12-30 12:01:00+05:30,141.75,145.0,141.75,145.0,89180,3766815
2025-12-30 12:02:00+05:30,145.0,145.05,142.6,143.69,34060,3793075
2025-12-30 12:03:00+05:30,143.94,145.5,143.35,145.5,60515,3793075
2025-12-30 12:04:00+05:30,145.3,146.0,144.8,145.75,35620,3793075
2025-12-30 12:05:00+05:30,145.65,146.0,144.5,144.94,40560,3825965
2025-12-30 12:06:00+05:30,144.9,144.9,142.19,144.69,41990,3825965
2025-12-30 12:07:00+05:30,144.75,145.85,144.19,144.85,37505,3825965
2025-12-30 12:08:00+05:30,144.75,144.75,143.15,143.94,26715,3833960
2025-12-30 12:09:00+05:30,143.9,143.9,139.05,140.5,74230,3833960
2025-12-30 12:10:00+05:30,140.15,142.44,139.5,142.44,45045,3833960
2025-12-30 12:11:00+05:30,142.35,144.75,142.1,143.85,48490,3844945
2025-12-30 12:12:00+05:30,144.0,145.69,143.65,145.4,59215,3844945
2025-12-30 12:13:00+05:30,145.4,149.25,145.4,148.69,121160,3844945
2025-12-30 12:14:00+05:30,149.0,149.8,147.65,148.0,60190,3827330
2025-12-30 12:15:00+05:30,148.3,149.35,145.65,145.65,73775,3827330
2025-12-30 12:16:00+05:30,145.55,146.9,145.0,145.44,48685,3827330
2025-12-30 12:17:00+05:30,145.8,148.15,145.6,146.75,76440,3869125
2025-12-30 12:18:00+05:30,146.8,147.0,145.44,146.6,33865,3869125
2025-12-30 12:19:00+05:30,146.8,146.9,145.5,145.5,26195,3869125
2025-12-30 12:20:00+05:30,145.75,146.25,144.44,145.19,30615,3870100
2025-12-30 12:21:00+05:30,144.85,146.0,144.69,145.65,23985,3870100
2025-12-30 12:22:00+05:30,146.0,147.8,146.0,147.8,31005,3870100
2025-12-30 12:23:00+05:30,147.85,148.0,147.0,147.5,36010,3884465
2025-12-30 12:24:00+05:30,147.75,148.9,147.4,147.9,45500,3884465
2025-12-30 12:25:00+05:30,148.19,148.65,147.8,147.8,30355,3884465
2025-12-30 12:26:00+05:30,147.15,147.25,145.6,146.0,38870,3863340
2025-12-30 12:27:00+05:30,146.35,148.25,145.85,147.75,31980,3863340
2025-12-30 12:28:00+05:30,147.8,148.35,147.44,148.15,14755,3863340
2025-12-30 12:29:00+05:30,148.15,149.5,147.94,148.05,45890,3855410
2025-12-30 12:30:00+05:30,147.55,148.15,146.5,147.8,40560,3855410
2025-12-30 12:31:00+05:30,147.65,148.4,146.5,147.5,21060,3855410
2025-12-30 12:32:00+05:30,147.4,148.1,146.69,147.0,22425,3849365
2025-12-30 12:33:00+05:30,146.9,147.69,143.9,143.9,34580,3849365
2025-12-30 12:34:00+05:30,144.25,146.5,141.8,146.5,68185,3849365
2025-12-30 12:35:00+05:30,146.4,147.8,145.8,147.0,38545,3848520
2025-12-30 12:36:00+05:30,146.9,147.1,144.35,144.69,38025,3848520
2025-12-30 12:37:00+05:30,144.69,144.69,141.0,141.0,58110,3848520
2025-12-30 12:38:00+05:30,139.0,141.94,139.0,141.19,83915,3865680
2025-12-30 12:39:00+05:30,141.6,142.8,140.6,140.69,36400,3865680
2025-12-30 12:40:00+05:30,140.0,141.9,139.35,141.9,81055,3865680
2025-12-30 12:41:00+05:30,141.85,142.4,140.69,142.25,21255,3870360
2025-12-30 12:42:00+05:30,142.25,142.65,140.8,141.8,24960,3870360
2025-12-30 12:43:00+05:30,141.9,144.4,141.1,142.94,31850,3870360
2025-12-30 12:44:00+05:30,142.55,143.75,142.55,143.3,26520,3884465
2025-12-30 12:45:00+05:30,143.05,144.75,142.94,144.0,31395,3884465
2025-12-30 12:46:00+05:30,144.19,144.65,142.44,143.44,28925,3884465
2025-12-30 12:47:00+05:30,143.15,143.35,142.0,142.44,20865,3887325
2025-12-30 12:48:00+05:30,141.75,141.75,136.69,136.94,104065,3887325
2025-12-30 12:49:00+05:30,137.0,138.05,136.5,137.0,36010,3887325
2025-12-30 12:50:00+05:30,137.44,139.75,136.8,138.8,36335,3915795
2025-12-30 12:51:00+05:30,138.85,141.5,138.8,141.44,40755,3915795
2025-12-30 12:52:00+05:30,141.5,142.9,140.6,141.44,45500,3915795
2025-12-30 12:53:00+05:30,141.65,142.19,138.65,138.94,39325,3924830
2025-12-30 12:54:00+05:30,138.3,139.9,137.65,139.69,39650,3924830
2025-12-30 12:55:00+05:30,140.0,140.8,138.35,138.85,20540,3924830
2025-12-30 12:56:00+05:30,139.25,140.69,138.5,140.69,12870,3928990
2025-12-30 12:57:00+05:30,140.4,142.94,140.1,142.94,27950,3928990
2025-12-30 12:58:00+05:30,142.25,145.25,142.19,145.25,59345,3928990
2025-12-30 12:59:00+05:30,145.6,145.94,144.15,145.4,55445,3923335
2025-12-30 13:00:00+05:30,145.6,145.65,142.85,144.1,35685,3923335
2025-12-30 13:01:00+05:30,144.05,145.69,143.35,145.1,18590,3923335
2025-12-30 13:02:00+05:30,145.6,147.05,145.25,146.9,40885,3953625
2025-12-30 13:03:00+05:30,146.6,146.6,145.3,145.69,66820,3953625
2025-12-30 13:04:00+05:30,145.6,147.85,145.25,146.8,89765,3953625
2025-12-30 13:05:00+05:30,147.0,147.69,146.5,147.69,64610,4012060
2025-12-30 13:06:00+05:30,147.65,147.69,145.1,146.0,31135,4012060
2025-12-30 13:07:00+05:30,146.19,147.69,145.05,147.1,45695,4012060
2025-12-30 13:08:00+05:30,147.25,147.6,146.3,147.15,25220,4069455
2025-12-30 13:09:00+05:30,147.3,147.5,146.9,146.9,33280,4069455
2025-12-30 13:10:00+05:30,147.3,152.19,146.69,150.94,131430,4069455
2025-12-30 13:11:00+05:30,151.0,151.0,148.65,150.15,54080,4051450
2025-12-30 13:12:00+05:30,149.85,150.25,146.15,146.55,56485,4051450
2025-12-30 13:13:00+05:30,146.0,146.0,143.1,143.35,40820,4051450
2025-12-30 13:14:00+05:30,143.9,146.4,143.9,146.4,20085,4062695
2025-12-30 13:15:00+05:30,146.1,146.55,144.15,144.25,39845,4062695
2025-12-30 13:16:00+05:30,144.05,146.19,144.05,144.8,26455,4062695
2025-12-30 13:17:00+05:30,144.3,145.69,143.35,145.0,16055,4065945
2025-12-30 13:18:00+05:30,145.1,146.4,144.25,144.25,30810,4065945
2025-12-30 13:19:00+05:30,144.6,145.0,142.6,142.65,40105,4065945
2025-12-30 13:20:00+05:30,142.65,144.65,141.6,144.0,44005,4065555
2025-12-30 13:21:00+05:30,143.8,144.85,143.19,144.35,27495,4065555
2025-12-30 13:22:00+05:30,144.1,144.85,142.6,144.44,20995,4065555
2025-12-30 13:23:00+05:30,144.15,145.9,144.05,144.55,25350,4059835
2025-12-30 13:24:00+05:30,144.6,145.75,144.5,144.5,34515,4059835
2025-12-30 13:25:00+05:30,144.69,146.25,144.35,144.6,31525,4059835
2025-12-30 13:26:00+05:30,145.25,145.69,144.6,144.65,14625,4074005
2025-12-30 13:27:00+05:30,144.94,145.25,139.8,141.05,62595,4074005
2025-12-30 13:28:00+05:30,141.55,142.5,138.55,141.15,69485,4074005
2025-12-30 13:29:00+05:30,141.05,142.55,141.05,142.0,28730,4038190
2025-12-30 13:30:00+05:30,141.4,141.94,140.0,140.0,27365,4038190
2025-12-30 13:31:00+05:30,140.19,140.6,138.8,138.8,65195,4038190
2025-12-30 13:32:00+05:30,137.75,137.75,133.69,133.69,99125,4029870
2025-12-30 13:33:00+05:30,133.69,135.35,132.8,133.5,60905,4029870
2025-12-30 13:34:00+05:30,133.6,133.8,131.94,131.94,63050,4029870
2025-12-30 13:35:00+05:30,131.8,132.94,130.25,130.44,75855,3996265
2025-12-30 13:36:00+05:30,130.9,131.25,125.15,126.45,194415,3996265
2025-12-30 13:37:00+05:30,126.5,128.8,126.0,128.44,84240,3996265
2025-12-30 13:38:00+05:30,128.75,131.05,128.75,130.0,98020,3970005
2025-12-30 13:39:00+05:30,130.6,131.15,130.0,130.1,55120,3970005
2025-12-30 13:40:00+05:30,130.75,130.75,127.0,127.0,38415,3970005
2025-12-30 13:41:00+05:30,126.1,127.1,124.2,125.05,75855,3998410
2025-12-30 13:42:00+05:30,125.2,126.95,124.0,124.55,59215,3998410
2025-12-30 13:43:00+05:30,122.25,122.25,116.6,117.15,226395,3998410
2025-12-30 13:44:00+05:30,116.65,119.1,115.6,118.05,169390,4005820
2025-12-30 13:45:00+05:30,117.15,117.15,106.45,111.15,303030,4005820
2025-12-30 13:46:00+05:30,110.6,115.3,110.5,113.85,126620,4005820
2025-12-30 13:47:00+05:30,113.3,113.4,109.2,109.2,147030,4013230
2025-12-30 13:48:00+05:30,108.95,111.6,108.95,111.55,220350,4013230
2025-12-30 13:49:00+05:30,111.25,113.2,110.05,112.95,161265,4013230
2025-12-30 13:50:00+05:30,113.25,116.0,112.05,116.0,150345,4021290
2025-12-30 13:51:00+05:30,115.75,120.5,115.35,119.95,164970,4021290
2025-12-30 13:52:00+05:30,120.2,120.2,117.0,117.4,129155,4021290
2025-12-30 13:53:00+05:30,117.35,117.55,114.45,116.8,99385,4030585
2025-12-30 13:54:00+05:30,116.95,118.85,116.8,118.7,86060,4030585
2025-12-30 13:55:00+05:30,118.1,118.7,116.95,117.5,98410,4030585
2025-12-30 13:56:00+05:30,117.5,119.35,117.25,118.25,77025,4065035
2025-12-30 13:57:00+05:30,117.85,119.5,117.85,118.35,71305,4065035
2025-12-30 13:58:00+05:30,118.4,119.1,116.2,116.3,54600,4065035
2025-12-30 13:59:00+05:30,116.7,119.5,116.7,117.7,53235,4067505
2025-12-30 14:00:00+05:30,117.7,118.0,115.55,115.7,52585,4067505
2025-12-30 14:01:00+05:30,115.1,120.15,114.05,118.25,140465,4067505
2025-12-30 14:02:00+05:30,118.55,119.85,116.5,117.0,61100,4100265
2025-12-30 14:03:00+05:30,117.2,118.35,116.5,117.25,50830,4100265
2025-12-30 14:04:00+05:30,117.25,117.25,114.75,115.85,53755,4100265
2025-12-30 14:05:00+05:30,115.95,117.6,115.75,117.25,28730,4122690
2025-12-30 14:06:00+05:30,117.6,120.0,117.6,117.95,55380,4122690
2025-12-30 14:07:00+05:30,118.5,119.5,117.65,119.3,22880,4122690
2025-12-30 14:08:00+05:30,119.75,122.5,118.25,118.25,100360,4125680
2025-12-30 14:09:00+05:30,118.15,119.9,118.15,119.55,44395,4125680
2025-12-30 14:10:00+05:30,119.35,119.35,116.15,116.85,45110,4125680
2025-12-30 14:11:00+05:30,117.35,118.65,117.05,117.5,34970,4151940
2025-12-30 14:12:00+05:30,118.35,118.45,117.1,117.75,25610,4151940
2025-12-30 14:13:00+05:30,117.55,117.9,112.65,117.6,117130,4151940
2025-12-30 14:14:00+05:30,117.45,118.0,115.9,115.9,57135,4182230
2025-12-30 14:15:00+05:30,115.3,116.05,113.35,113.8,77805,4182230
2025-12-30 14:16:00+05:30,112.95,113.2,109.65,109.85,158665,4182230
2025-12-30 14:17:00+05:30,109.8,110.6,108.95,110.6,163670,4226495
2025-12-30 14:18:00+05:30,110.3,112.4,109.75,110.25,89700,4226495
2025-12-30 14:19:00+05:30,110.5,114.2,110.5,113.3,76245,4226495
2025-12-30 14:20:00+05:30,114.15,116.75,113.15,116.1,132535,4239235
2025-12-30 14:21:00+05:30,116.2,118.65,115.55,118.3,102310,4239235
2025-12-30 14:22:00+05:30,118.1,118.85,117.05,118.0,71175,4239235
2025-12-30 14:23:00+05:30,117.7,118.9,117.2,118.9,67990,4221360
2025-12-30 14:24:00+05:30,118.9,123.55,118.75,119.75,166400,4221360
2025-12-30 14:25:00+05:30,120.7,126.3,120.0,125.0,149955,4221360
2025-12-30 14:26:00+05:30,124.7,125.65,123.75,124.3,149045,4209725
2025-12-30 14:27:00+05:30,124.3,125.3,122.25,123.0,112450,4209725
2025-12-30 14:28:00+05:30,122.85,124.45,122.45,122.7,73645,4209725
2025-12-30 14:29:00+05:30,122.9,123.65,121.7,123.65,72215,4229095
2025-12-30 14:30:00+05:30,123.35,124.05,118.8,122.1,191750,4229095
2025-12-30 14:31:00+05:30,121.75,122.3,117.75,117.75,66885,4229095
2025-12-30 14:32:00+05:30,117.1,119.45,116.25,118.0,78000,4197765
2025-12-30 14:33:00+05:30,117.4,119.9,117.4,118.05,42055,4197765
2025-12-30 14:34:00+05:30,118.05,118.55,116.15,117.4,73255,4197765
2025-12-30 14:35:00+05:30,117.4,119.05,117.4,119.0,41470,4219670
2025-12-30 14:36:00+05:30,118.8,121.5,118.8,120.2,73320,4219670
2025-12-30 14:37:00+05:30,120.45,123.4,120.45,122.8,102700,4219670
2025-12-30 14:38:00+05:30,122.7,123.65,120.4,121.55,66950,4266470
2025-12-30 14:39:00+05:30,121.65,121.65,118.85,118.85,58370,4266470
2025-12-30 14:40:00+05:30,119.4,122.6,119.25,122.6,114530,4266470
2025-12-30 14:41:00+05:30,122.6,123.35,122.0,122.55,95550,4340960
2025-12-30 14:42:00+05:30,122.15,122.85,119.05,119.5,61425,4340960
2025-12-30 14:43:00+05:30,119.6,119.6,114.35,114.35,134940,4340960
2025-12-30 14:44:00+05:30,114.2,117.5,113.9,115.55,91975,4342390
2025-12-30 14:45:00+05:30,116.35,119.55,115.75,118.3,164255,4342390
2025-12-30 14:46:00+05:30,117.55,119.6,117.05,118.55,62790,4342390
2025-12-30 14:47:00+05:30,118.6,118.6,115.0,115.0,51090,4342715
2025-12-30 14:48:00+05:30,114.85,116.55,114.6,116.2,72150,4342715
2025-12-30 14:49:00+05:30,116.55,116.55,112.55,112.55,162110,4342715
2025-12-30 14:50:00+05:30,113.0,113.45,111.65,113.05,106340,4368130
2025-12-30 14:51:00+05:30,113.2,113.4,111.15,113.4,80730,4368130
2025-12-30 14:52:00+05:30,112.8,115.45,112.8,114.45,70655,4368130
2025-12-30 14:53:00+05:30,114.7,116.25,114.4,115.1,122330,4418635
2025-12-30 14:54:00+05:30,115.5,116.0,114.25,115.0,62855,4418635
2025-12-30 14:55:00+05:30,115.3,115.3,114.0,114.35,60190,4418635
2025-12-30 14:56:00+05:30,114.4,115.25,110.5,111.6,115700,4429945
2025-12-30 14:57:00+05:30,111.6,114.8,111.35,114.75,73580,4429945
2025-12-30 14:58:00+05:30,114.6,116.6,114.5,115.0,93665,4429945
2025-12-30 14:59:00+05:30,114.55,115.75,112.65,114.8,74295,4436120
2025-12-30 15:00:00+05:30,115.45,118.95,114.5,118.75,225875,4436120
2025-12-30 15:01:00+05:30,118.05,119.55,117.55,119.2,195910,4436120
2025-12-30 15:02:00+05:30,119.15,119.15,116.35,116.35,125385,4500275
2025-12-30 15:03:00+05:30,116.9,117.25,114.1,117.15,118625,4500275
2025-12-30 15:04:00+05:30,117.0,117.0,113.1,114.05,102895,4500275
2025-12-30 15:05:00+05:30,115.25,115.25,113.15,113.85,91065,4537260
2025-12-30 15:06:00+05:30,113.9,114.05,109.9,110.0,149695,4537260
2025-12-30 15:07:00+05:30,110.3,114.0,109.2,113.8,142870,4537260
2025-12-30 15:08:00+05:30,113.55,114.05,110.25,110.25,86450,4528745
2025-12-30 15:09:00+05:30,110.15,113.25,110.1,112.9,86125,4528745
2025-12-30 15:10:00+05:30,113.1,113.8,111.7,112.45,79040,4528745
2025-12-30 15:11:00+05:30,112.4,112.55,111.7,112.35,44265,4554550
2025-12-30 15:12:00+05:30,112.8,113.25,111.4,111.65,106210,4554550
2025-12-30 15:13:00+05:30,111.8,111.8,110.35,110.6,128050,4554550
2025-12-30 15:14:00+05:30,110.9,110.9,109.15,109.15,115570,4554550
2025-12-30 15:15:00+05:30,109.2,109.7,107.35,108.1,167635,4524715
2025-12-30 15:16:00+05:30,108.15,108.2,106.95,107.9,82420,4524715
2025-12-30 15:17:00+05:30,107.8,107.9,104.2,105.15,186615,4524715
2025-12-30 15:18:00+05:30,105.1,105.1,103.15,104.75,161980,4517110
2025-12-30 15:19:00+05:30,104.95,106.5,104.95,106.1,191620,4517110
2025-12-30 15:20:00+05:30,106.05,106.95,105.5,106.95,144170,4517110
2025-12-30 15:21:00+05:30,106.95,107.85,106.8,107.35,170885,4638595
2025-12-30 15:22:00+05:30,107.35,107.35,106.6,106.85,69615,4638595
2025-12-30 15:23:00+05:30,106.9,107.1,105.55,105.8,110500,4638595
2025-12-30 15:24:00+05:30,105.65,106.25,104.65,104.85,84760,4727645
2025-12-30 15:25:00+05:30,104.7,104.9,103.3,103.35,127660,4727645
2025-12-30 15:26:00+05:30,103.5,103.5,101.0,101.6,182975,4727645
2025-12-30 15:27:00+05:30,101.65,102.0,100.55,101.55,157105,4718025
2025-12-30 15:28:00+05:30,101.65,102.15,101.1,102.1,246805,4718025
2025-12-30 15:29:00+05:30,102.15,102.75,101.25,102.65,358280,4718025
2025-12-31 09:15:00+05:30,97.25,108.6,81.0,83.85,2283125,5340660
2025-12-31 09:16:00+05:30,82.55,87.05,81.34,81.34,2129465,5340660
2025-12-31 09:17:00+05:30,81.75,83.0,80.25,83.0,1330095,5340660
2025-12-31 09:18:00+05:30,83.35,84.25,81.2,81.34,1459315,7622420
2025-12-31 09:19:00+05:30,80.8,82.35,80.65,81.84,924235,7622420
2025-12-31 09:20:00+05:30,81.3,83.9,80.5,81.2,1288365,7622420
2025-12-31 09:21:00+05:30,81.2,84.6,81.2,82.35,1280175,8764860
2025-12-31 09:22:00+05:30,83.2,83.2,81.75,82.4,628420,8764860
2025-12-31 09:23:00+05:30,82.75,86.4,82.75,85.05,1591980,8764860
2025-12-31 09:24:00+05:30,85.05,86.75,84.15,85.8,1162590,9314890
2025-12-31 09:25:00+05:30,86.7,95.3,86.15,95.3,3445455,9314890
2025-12-31 09:26:00+05:30,95.35,95.35,92.15,94.65,2889575,9314890
2025-12-31 09:27:00+05:30,95.45,98.25,83.05,83.05,3725930,9659455
2025-12-31 09:28:00+05:30,83.0,83.0,78.9,80.5,2398370,9659455
2025-12-31 09:29:00+05:30,80.95,81.2,76.65,78.45,1761695,9659455
2025-12-31 09:30:00+05:30,78.8,80.5,76.45,78.25,1298115,10191090
2025-12-31 09:31:00+05:30,78.45,79.5,74.75,76.7,1491165,10191090
2025-12-31 09:32:00+05:30,76.0,79.2,75.8,77.84,1080365,10191090
2025-12-31 09:33:00+05:30,78.0,80.95,78.0,78.65,1517750,10902190
2025-12-31 09:34:00+05:30,78.0,83.85,78.0,83.85,1672190,10902190
2025-12-31 09:35:00+05:30,84.1,89.05,84.1,89.05,3710980,10902190
2025-12-31 09:36:00+05:30,89.1,89.1,83.6,84.6,1919905,11234925
2025-12-31 09:37:00+05:30,84.35,86.45,81.45,84.4,1351415,11234925
2025-12-31 09:38:00+05:30,83.75,84.15,81.05,83.6,1099475,11234925
2025-12-31 09:39:00+05:30,83.1,83.75,79.9,83.25,1139060,11394695
2025-12-31 09:40:00+05:30,82.4,85.05,81.34,82.9,917020,11394695
2025-12-31 09:41:00+05:30,82.9,85.35,81.75,84.45,1046045,11394695
2025-12-31 09:42:00+05:30,83.9,86.2,82.1,84.5,1146860,11722230
2025-12-31 09:43:00+05:30,84.75,89.9,84.75,89.55,2667990,11722230
2025-12-31 09:44:00+05:30,89.65,97.25,89.65,95.85,3716375,11722230
2025-12-31 09:45:00+05:30,96.25,97.5,91.75,93.2,2741440,11198460
2025-12-31 09:46:00+05:30,93.55,93.75,88.9,92.7,1734850,11198460
2025-12-31 09:47:00+05:30,91.5,93.35,90.35,92.9,1026220,11198460
2025-12-31 09:48:00+05:30,93.3,94.75,91.4,92.4,1132885,11504610
2025-12-31 09:49:00+05:30,91.85,92.0,89.4,90.6,903240,11504610
2025-12-31 09:50:00+05:30,90.0,91.0,86.5,86.5,1384695,11504610
2025-12-31 09:51:00+05:30,87.0,89.5,86.65,87.3,899340,11682190
2025-12-31 09:52:00+05:30,86.7,89.05,84.0,88.9,1404520,11682190
2025-12-31 09:53:00+05:30,88.1,88.95,85.7,86.95,871585,11682190
2025-12-31 09:54:00+05:30,87.5,88.4,86.15,87.2,493545,11991265
2025-12-31 09:55:00+05:30,86.45,90.75,86.3,87.95,1073410,11991265
2025-12-31 09:56:00+05:30,88.3,90.0,85.8,85.8,1014520,11991265
2025-12-31 09:57:00+05:30,85.85,89.45,85.0,87.5,939120,12175800
2025-12-31 09:58:00+05:30,87.5,87.5,80.55,80.55,1982240,12175800
2025-12-31 09:59:00+05:30,80.45,84.7,79.4,84.15,1563770,12175800
2025-12-31 10:00:00+05:30,84.8,90.85,83.4,89.25,2210195,11949600
2025-12-31 10:01:00+05:30,88.95,90.15,87.0,88.5,1123525,11949600
2025-12-31 10:02:00+05:30,88.85,88.85,80.4,82.0,1771380,11949600
2025-12-31 10:03:00+05:30,81.34,83.35,79.59,83.2,1029015,12095850
2025-12-31 10:04:00+05:30,82.4,89.4,82.4,89.0,1301820,12095850
2025-12-31 10:05:00+05:30,89.45,92.85,88.2,90.65,2547610,12095850
2025-12-31 10:06:00+05:30,90.05,90.9,87.25,87.4,982540,12418055
2025-12-31 10:07:00+05:30,86.5,88.0,81.75,83.55,1494025,12418055
2025-12-31 10:08:00+05:30,84.0,84.0,80.84,80.9,887575,12418055
2025-12-31 10:09:00+05:30,81.25,82.7,80.2,80.3,970190,12480130
2025-12-31 10:10:00+05:30,80.45,81.9,80.0,80.59,984880,12480130
2025-12-31 10:11:00+05:30,80.55,81.8,80.4,80.65,593385,12480130
2025-12-31 10:12:00+05:30,81.05,81.7,80.45,80.84,514865,12902175
2025-12-31 10:13:00+05:30,80.7,81.34,80.45,80.5,418665,12902175
2025-12-31 10:14:00+05:30,79.9,80.3,78.34,79.3,1300975,12902175
2025-12-31 10:15:00+05:30,78.4,78.4,76.2,78.2,1502020,12702755
2025-12-31 10:16:00+05:30,78.5,78.8,76.5,76.59,719550,12702755
2025-12-31 10:17:00+05:30,76.45,77.09,75.0,76.84,942045,12702755
2025-12-31 10:18:00+05:30,76.7,77.95,76.0,76.0,620490,13315770
2025-12-31 10:19:00+05:30,76.05,77.0,74.2,74.8,702910,13315770
2025-12-31 10:20:00+05:30,75.65,76.09,74.84,75.2,742365,13315770
2025-12-31 10:21:00+05:30,75.0,75.2,73.55,75.2,837590,13737035
2025-12-31 10:22:00+05:30,74.65,75.34,73.84,74.15,636155,13737035
2025-12-31 10:23:00+05:30,74.34,75.0,72.9,74.9,981305,13737035
2025-12-31 10:24:00+05:30,75.0,76.3,73.25,73.7,1187745,14461135
2025-12-31 10:25:00+05:30,73.55,75.3,73.4,75.15,472550,14461135
2025-12-31 10:26:00+05:30,74.84,75.55,74.0,74.59,521300,14461135
2025-12-31 10:27:00+05:30,74.5,74.9,73.95,74.2,276315,14785355
2025-12-31 10:28:00+05:30,74.0,74.5,72.34,73.84,776490,14785355
2025-12-31 10:29:00+05:30,73.9,74.05,71.8,72.3,805285,14785355
2025-12-31 10:30:00+05:30,72.2,72.95,71.0,71.45,976300,14986010
2025-12-31 10:31:00+05:30,71.45,72.15,66.09,66.34,2239770,14986010
2025-12-31 10:32:00+05:30,66.15,66.5,65.0,65.45,1912105,14986010
2025-12-31 10:33:00+05:30,65.2,66.0,64.4,65.55,1398605,15560415
2025-12-31 10:34:00+05:30,65.84,65.9,64.9,65.8,902525,15560415
2025-12-31 10:35:00+05:30,65.55,66.95,65.15,65.95,1192360,15560415
2025-12-31 10:36:00+05:30,66.0,66.5,65.5,66.3,564590,16429790
2025-12-31 10:37:00+05:30,66.09,67.7,65.8,66.4,847990,16429790
2025-12-31 10:38:00+05:30,66.55,66.75,65.75,66.65,515255,16429790
2025-12-31 10:39:00+05:30,66.9,67.2,66.34,66.59,501215,16823430
2025-12-31 10:40:00+05:30,66.84,67.75,65.05,65.3,922155,16823430
2025-12-31 10:41:00+05:30,65.4,65.4,60.0,60.25,2780960,16823430
2025-12-31 10:42:00+05:30,60.0,60.95,59.0,60.25,1607905,16826680
2025-12-31 10:43:00+05:30,60.45,61.55,60.45,61.2,791115,16826680
2025-12-31 10:44:00+05:30,61.15,61.55,60.75,60.8,765570,16826680
2025-12-31 10:45:00+05:30,60.05,61.5,59.85,61.4,876980,16826680
2025-12-31 10:46:00+05:30,61.4,61.7,60.65,60.95,621075,17363775
2025-12-31 10:47:00+05:30,61.15,63.1,61.1,63.1,913575,17363775
2025-12-31 10:48:00+05:30,63.0,64.95,62.7,64.95,1176955,17363775
2025-12-31 10:49:00+05:30,64.65,64.8,63.0,63.25,898235,17678505
2025-12-31 10:50:00+05:30,63.35,64.59,63.35,64.59,660920,17678505
2025-12-31 10:51:00+05:30,64.55,64.55,62.0,62.55,902980,17678505
2025-12-31 10:52:00+05:30,62.4,62.6,61.0,61.0,806000,17974320
2025-12-31 10:53:00+05:30,61.6,61.6,59.55,60.0,1017445,17974320
2025-12-31 10:54:00+05:30,59.85,61.7,59.85,61.35,461890,17974320
2025-12-31 10:55:00+05:30,61.35,62.2,61.15,61.7,370175,18437185
2025-12-31 10:56:00+05:30,61.85,62.85,61.8,62.5,481975,18437185
2025-12-31 10:57:00+05:30,62.1,62.5,61.05,61.1,426205,18437185
2025-12-31 10:58:00+05:30,61.15,61.65,60.3,60.4,406965,18682235
2025-12-31 10:59:00+05:30,60.4,61.15,60.4,60.95,356265,18682235
2025-12-31 11:00:00+05:30,61.0,61.4,60.7,60.7,348530,18682235
2025-12-31 11:01:00+05:30,60.55,61.55,60.2,60.85,648765,18860075
2025-12-31 11:02:00+05:30,60.85,61.25,60.1,60.7,405860,18860075
2025-12-31 11:03:00+05:30,60.7,60.95,60.0,60.3,506935,18860075
2025-12-31 11:04:00+05:30,60.1,60.55,59.6,59.85,599950,18988580
2025-12-31 11:05:00+05:30,59.9,60.35,58.65,60.25,1101425,18988580
2025-12-31 11:06:00+05:30,60.35,60.65,59.35,60.0,438945,18988580
2025-12-31 11:07:00+05:30,60.05,60.6,59.15,60.3,344045,19228755
2025-12-31 11:08:00+05:30,60.3,61.55,60.0,60.65,555620,19228755
2025-12-31 11:09:00+05:30,60.75,62.5,60.75,61.1,774215,19228755
2025-12-31 11:10:00+05:30,61.4,61.6,60.7,60.85,368095,19446700
2025-12-31 11:11:00+05:30,61.0,61.9,60.05,61.9,490555,19446700
2025-12-31 11:12:00+05:30,61.65,62.0,60.6,61.35,334750,19446700
2025-12-31 11:13:00+05:30,61.35,62.05,61.05,61.1,448695,19540105
2025-12-31 11:14:00+05:30,60.95,61.05,59.5,59.8,656045,19540105
2025-12-31 11:15:00+05:30,59.6,60.5,58.2,59.1,1332240,19540105
2025-12-31 11:16:00+05:30,59.2,59.85,58.35,59.05,606645,19560060
2025-12-31 11:17:00+05:30,59.0,59.65,57.65,58.05,915005,19560060
2025-12-31 11:18:00+05:30,57.9,59.6,57.7,59.2,574535,19560060
2025-12-31 11:19:00+05:30,59.1,59.85,58.0,58.9,589550,19883565
2025-12-31 11:20:00+05:30,59.0,60.85,59.0,60.75,662480,19883565
2025-12-31 11:21:00+05:30,61.0,61.3,60.3,61.3,754065,19883565
2025-12-31 11:22:00+05:30,61.15,61.65,60.4,61.0,569725,20152080
2025-12-31 11:23:00+05:30,61.15,61.5,60.85,61.05,461435,20152080
2025-12-31 11:24:00+05:30,61.25,62.85,61.0,62.3,1353755,20152080
2025-12-31 11:25:00+05:30,62.15,62.3,60.7,62.15,738725,19996275
2025-12-31 11:26:00+05:30,62.15,62.4,61.6,62.0,652665,19996275
2025-12-31 11:27:00+05:30,62.05,62.1,61.35,61.85,298610,19996275
2025-12-31 11:28:00+05:30,61.9,62.65,61.6,62.3,643695,19858670
2025-12-31 11:29:00+05:30,62.5,62.65,61.85,62.15,936325,19858670
2025-12-31 11:30:00+05:30,62.6,62.9,61.65,61.7,1170780,19858670
2025-12-31 11:31:00+05:30,61.85,62.75,61.4,61.65,563030,19317805
2025-12-31 11:32:00+05:30,61.8,62.15,61.5,61.7,324610,19317805
2025-12-31 11:33:00+05:30,61.65,61.65,59.65,60.6,947830,19317805
2025-12-31 11:34:00+05:30,60.55,60.65,59.8,59.8,346450,19149975
2025-12-31 11:35:00+05:30,59.95,59.95,58.0,58.15,700700,19149975
2025-12-31 11:36:00+05:30,57.95,58.45,56.35,56.5,1313065,19149975
2025-12-31 11:37:00+05:30,56.25,57.45,55.95,56.6,652925,18783700
2025-12-31 11:38:00+05:30,56.75,57.05,55.65,56.4,623805,18783700
2025-12-31 11:39:00+05:30,56.5,56.5,55.8,55.85,423735,18783700
2025-12-31 11:40:00+05:30,55.75,56.0,53.2,55.6,1405820,18876715
2025-12-31 11:41:00+05:30,55.4,55.45,54.8,55.0,456300,18876715
2025-12-31 11:42:00+05:30,55.1,55.15,53.9,54.5,475215,18876715
2025-12-31 11:43:00+05:30,54.45,55.0,53.95,54.1,422695,18892705
2025-12-31 11:44:00+05:30,54.1,54.3,53.8,54.25,283725,18892705
2025-12-31 11:45:00+05:30,54.2,55.2,54.0,54.95,533585,18892705
2025-12-31 11:46:00+05:30,54.95,55.45,54.55,55.2,480350,19146205
2025-12-31 11:47:00+05:30,54.8,54.8,54.0,54.45,351390,19146205
2025-12-31 11:48:00+05:30,54.35,54.7,54.0,54.45,278980,19146205
2025-12-31 11:49:00+05:30,54.5,54.5,53.65,53.85,407745,19357130
2025-12-31 11:50:00+05:30,53.8,54.45,53.55,53.7,473265,19357130
2025-12-31 11:51:00+05:30,53.65,54.2,53.0,53.5,700115,19357130
2025-12-31 11:52:00+05:30,53.5,54.1,52.8,53.7,457275,19234215
2025-12-31 11:53:00+05:30,53.8,53.9,53.25,53.45,296335,19234215
2025-12-31 11:54:00+05:30,53.25,53.85,53.25,53.8,218660,19234215
2025-12-31 11:55:00+05:30,53.85,54.9,53.75,54.9,469430,19363370
2025-12-31 11:56:00+05:30,54.75,54.75,52.3,52.8,635895,19363370
2025-12-31 11:57:00+05:30,52.75,54.0,52.75,54.0,271375,19363370
2025-12-31 11:58:00+05:30,54.0,54.2,53.45,53.95,210015,19446180
2025-12-31 11:59:00+05:30,54.05,54.4,53.8,54.2,188370,19446180
2025-12-31 12:00:00+05:30,54.25,54.55,54.0,54.35,263640,19446180
2025-12-31 12:01:00+05:30,54.45,54.75,53.25,53.55,614770,19651580
2025-12-31 12:02:00+05:30,53.2,54.05,52.05,54.0,559650,19651580
2025-12-31 12:03:00+05:30,53.7,53.95,52.55,52.65,304005,19651580
2025-12-31 12:04:00+05:30,52.65,53.0,52.15,52.95,335400,19594900
2025-12-31 12:05:00+05:30,53.0,53.55,52.95,52.95,304785,19594900
2025-12-31 12:06:00+05:30,53.05,53.05,52.2,52.4,248625,19594900
2025-12-31 12:07:00+05:30,52.4,52.6,49.7,50.8,1216020,19723730
2025-12-31 12:08:00+05:30,50.8,51.5,50.05,50.05,629590,19723730
2025-12-31 12:09:00+05:30,49.35,50.5,48.75,50.25,1136200,19723730
2025-12-31 12:10:00+05:30,50.5,51.35,50.45,50.75,482560,19454305
2025-12-31 12:11:00+05:30,50.65,51.3,50.4,50.4,351130,19454305
2025-12-31 12:12:00+05:30,50.5,50.7,48.7,49.45,541060,19454305
2025-12-31 12:13:00+05:30,49.45,49.85,47.4,48.75,1010035,19567015
2025-12-31 12:14:00+05:30,49.05,49.75,48.85,49.35,429455,19567015
2025-12-31 12:15:00+05:30,49.25,49.85,48.95,49.8,341900,19567015
2025-12-31 12:16:00+05:30,49.85,49.85,49.35,49.8,366665,19659965
2025-12-31 12:17:00+05:30,49.8,50.7,49.8,50.65,478530,19659965
2025-12-31 12:18:00+05:30,50.5,50.6,49.6,49.8,503880,19659965
2025-12-31 12:19:00+05:30,49.7,50.2,49.7,49.85,356980,19761495
2025-12-31 12:20:00+05:30,49.8,49.95,49.0,49.65,447655,19761495
2025-12-31 12:21:00+05:30,49.55,49.95,49.05,49.2,261495,19761495
2025-12-31 12:22:00+05:30,49.1,49.85,48.8,48.9,288990,19758570
2025-12-31 12:23:00+05:30,49.05,49.1,48.3,48.5,351130,19758570
2025-12-31 12:24:00+05:30,48.25,48.65,47.95,48.25,539370,19758570
2025-12-31 12:25:00+05:30,48.2,49.45,48.2,49.45,360685,19889155
2025-12-31 12:26:00+05:30,49.4,49.6,49.0,49.5,265070,19889155
2025-12-31 12:27:00+05:30,49.45,49.5,48.55,48.95,280670,19889155
2025-12-31 12:28:00+05:30,48.85,49.4,48.55,49.2,159445,19888895
2025-12-31 12:29:00+05:30,49.05,49.25,48.75,49.1,242190,19888895
2025-12-31 12:30:00+05:30,49.0,49.6,49.0,49.55,346645,19888895
2025-12-31 12:31:00+05:30,49.4,49.5,48.4,48.95,409565,19950840
2025-12-31 12:32:00+05:30,48.6,49.1,48.2,49.05,477815,19950840
2025-12-31 12:33:00+05:30,49.15,49.15,46.85,48.05,892580,19950840
2025-12-31 12:34:00+05:30,48.15,48.85,47.85,47.9,551785,20021300
2025-12-31 12:35:00+05:30,47.9,48.75,47.4,48.7,537160,20021300
2025-12-31 12:36:00+05:30,48.55,48.65,47.95,48.0,411645,20021300
2025-12-31 12:37:00+05:30,47.9,48.35,47.45,48.15,306670,19975150
2025-12-31 12:38:00+05:30,48.25,48.25,47.7,48.15,238355,19975150
2025-12-31 12:39:00+05:30,48.15,48.35,47.6,47.6,185185,19975150
2025-12-31 12:40:00+05:30,47.45,47.55,46.7,47.2,620620,20044635
2025-12-31 12:41:00+05:30,47.5,48.1,47.35,47.45,558155,20044635
2025-12-31 12:42:00+05:30,47.35,47.75,46.85,47.25,350285,20044635
2025-12-31 12:43:00+05:30,47.2,47.75,46.5,46.75,361010,20131215
2025-12-31 12:44:00+05:30,46.7,47.05,44.6,45.1,1066065,20131215
2025-12-31 12:45:00+05:30,44.75,46.0,44.75,45.0,1030120,20131215
2025-12-31 12:46:00+05:30,45.1,45.55,44.1,44.5,947765,20188935
2025-12-31 12:47:00+05:30,44.6,44.85,43.55,43.95,1096745,20188935
2025-12-31 12:48:00+05:30,44.0,44.25,42.65,42.8,900900,20188935
2025-12-31 12:49:00+05:30,43.05,43.05,42.0,42.85,1067365,20128745
2025-12-31 12:50:00+05:30,42.7,43.4,42.5,43.15,609960,20128745
2025-12-31 12:51:00+05:30,43.1,43.1,42.65,42.65,434135,20128745
2025-12-31 12:52:00+05:30,42.6,42.7,41.65,41.85,806130,19955910
2025-12-31 12:53:00+05:30,41.75,42.4,41.5,41.6,836680,19955910
2025-12-31 12:54:00+05:30,41.45,42.25,41.45,41.9,494650,19955910
2025-12-31 12:55:00+05:30,41.9,41.9,40.75,41.0,727220,19981650
2025-12-31 12:56:00+05:30,41.0,41.3,40.35,40.65,566865,19981650
2025-12-31 12:57:00+05:30,40.65,40.65,39.35,39.9,1182675,19981650
2025-12-31 12:58:00+05:30,40.0,40.25,39.85,40.1,742560,19988085
2025-12-31 12:59:00+05:30,40.04,40.65,40.04,40.4,514410,19988085
2025-12-31 13:00:00+05:30,39.9,40.2,39.85,40.15,440505,19988085
2025-12-31 13:01:00+05:30,39.79,40.6,39.7,40.6,350350,19987890
2025-12-31 13:02:00+05:30,40.54,41.2,40.45,41.05,726635,19987890
2025-12-31 13:03:00+05:30,41.1,41.2,40.5,40.75,362830,19987890
2025-12-31 13:04:00+05:30,40.65,41.2,40.54,41.2,280995,20215390
2025-12-31 13:05:00+05:30,41.15,41.4,41.05,41.4,311350,20215390
2025-12-31 13:06:00+05:30,41.5,42.0,41.25,42.0,602420,20215390
2025-12-31 13:07:00+05:30,41.9,42.0,41.4,41.5,415870,20377045
2025-12-31 13:08:00+05:30,41.5,41.65,41.35,41.6,179075,20377045
2025-12-31 13:09:00+05:30,41.55,41.6,40.95,41.0,440700,20377045
2025-12-31 13:10:00+05:30,41.0,41.45,40.79,41.35,294450,20065500
2025-12-31 13:11:00+05:30,41.25,41.7,41.25,41.3,206960,20065500
2025-12-31 13:12:00+05:30,41.4,41.4,40.9,41.0,200070,20065500
2025-12-31 13:13:00+05:30,41.05,41.05,40.29,40.4,454155,19991530
2025-12-31 13:14:00+05:30,40.5,40.79,40.35,40.5,264615,19991530
2025-12-31 13:15:00+05:30,40.29,41.25,40.2,41.1,365040,19991530
2025-12-31 13:16:00+05:30,41.2,41.6,41.15,41.25,345930,20000045
2025-12-31 13:17:00+05:30,41.2,41.75,41.2,41.7,204555,20000045
2025-12-31 13:18:00+05:30,41.7,41.95,41.45,41.65,338195,20000045
2025-12-31 13:19:00+05:30,41.8,42.0,41.6,41.85,199290,20067060
2025-12-31 13:20:00+05:30,41.8,41.8,41.3,41.35,248430,20067060
2025-12-31 13:21:00+05:30,41.35,41.55,41.25,41.45,175630,20067060
2025-12-31 13:22:00+05:30,41.5,41.5,40.75,40.79,255385,19972810
2025-12-31 13:23:00+05:30,40.79,41.05,40.75,40.79,176865,19972810
2025-12-31 13:24:00+05:30,40.9,41.15,40.5,41.1,246480,19972810
2025-12-31 13:25:00+05:30,41.15,41.25,41.0,41.15,152815,19882720
2025-12-31 13:26:00+05:30,41.2,41.2,40.65,40.79,132730,19882720
2025-12-31 13:27:00+05:30,40.9,40.9,40.5,40.7,135915,19882720
2025-12-31 13:28:00+05:30,40.7,40.79,39.9,40.04,381225,19900140
2025-12-31 13:29:00+05:30,40.04,41.0,40.04,40.85,329940,19900140
2025-12-31 13:30:00+05:30,40.7,40.7,39.45,40.1,349310,19900140
2025-12-31 13:31:00+05:30,40.04,40.25,39.7,40.1,237445,19935370
2025-12-31 13:32:00+05:30,40.15,40.25,39.9,40.15,166075,19935370
2025-12-31 13:33:00+05:30,40.45,41.25,40.25,41.2,315315,19935370
2025-12-31 13:34:00+05:30,41.35,41.8,41.25,41.65,450125,19989060
2025-12-31 13:35:00+05:30,41.6,41.85,41.5,41.6,540605,19989060
2025-12-31 13:36:00+05:30,41.75,42.15,41.55,42.05,505310,19989060
2025-12-31 13:37:00+05:30,42.05,42.75,41.85,42.7,540410,20241455
2025-12-31 13:38:00+05:30,42.7,43.45,42.45,43.45,797095,20241455
2025-12-31 13:39:00+05:30,43.4,43.75,42.6,42.6,674960,20241455
2025-12-31 13:40:00+05:30,42.55,42.55,42.0,42.3,520390,20355010
2025-12-31 13:41:00+05:30,42.3,42.3,41.4,41.4,324025,20355010
2025-12-31 13:42:00+05:30,41.35,41.75,40.85,41.45,465985,20355010
2025-12-31 13:43:00+05:30,41.55,41.75,41.2,41.45,306735,20171775
2025-12-31 13:44:00+05:30,41.45,41.6,40.85,40.95,266565,20171775
2025-12-31 13:45:00+05:30,41.05,41.05,40.4,40.6,357045,20171775
2025-12-31 13:46:00+05:30,40.65,41.2,40.5,40.6,158275,20184125
2025-12-31 13:47:00+05:30,40.6,40.6,39.45,39.54,582790,20184125
2025-12-31 13:48:00+05:30,39.45,40.2,39.04,40.0,386100,20184125
2025-12-31 13:49:00+05:30,39.95,40.04,39.7,39.7,130650,20145710
2025-12-31 13:50:00+05:30,39.7,39.79,39.4,39.7,165425,20145710
2025-12-31 13:51:00+05:30,39.5,39.7,38.5,39.45,427310,20145710
2025-12-31 13:52:00+05:30,39.45,39.9,39.35,39.7,272935,20099105
2025-12-31 13:53:00+05:30,39.6,39.79,39.2,39.45,207610,20099105
2025-12-31 13:54:00+05:30,39.65,39.65,39.25,39.54,160550,20099105
2025-12-31 13:55:00+05:30,39.45,39.7,39.29,39.5,219635,20247825
2025-12-31 13:56:00+05:30,39.5,39.54,38.45,38.54,329290,20247825
2025-12-31 13:57:00+05:30,38.25,39.15,37.79,38.0,580905,20247825
2025-12-31 13:58:00+05:30,37.9,37.9,36.54,37.5,1015170,20131280
2025-12-31 13:59:00+05:30,37.5,38.6,37.1,38.54,554840,20131280
2025-12-31 14:00:00+05:30,38.4,38.75,38.1,38.75,384150,20131280
2025-12-31 14:01:00+05:30,38.7,38.9,38.25,38.9,271245,20151820
2025-12-31 14:02:00+05:30,38.65,39.54,38.6,39.04,578630,20151820
2025-12-31 14:03:00+05:30,39.04,39.04,38.5,38.79,287235,20151820
2025-12-31 14:04:00+05:30,38.75,38.85,38.35,38.65,261365,20274930
2025-12-31 14:05:00+05:30,38.54,38.95,38.5,38.75,144495,20274930
2025-12-31 14:06:00+05:30,38.75,38.79,38.35,38.35,204685,20274930
2025-12-31 14:07:00+05:30,38.35,38.4,37.95,37.95,305760,20174570
2025-12-31 14:08:00+05:30,37.95,38.7,37.9,38.5,249015,20174570
2025-12-31 14:09:00+05:30,38.35,38.7,38.15,38.25,190255,20174570
2025-12-31 14:10:00+05:30,38.15,38.29,37.79,38.2,214370,20174570
2025-12-31 14:11:00+05:30,38.25,38.4,38.1,38.35,165100,20100210
2025-12-31 14:12:00+05:30,38.35,38.35,37.9,38.29,177645,20100210
2025-12-31 14:13:00+05:30,38.4,38.4,37.95,38.04,141245,20100210
2025-12-31 14:14:00+05:30,38.15,38.5,37.95,38.5,95030,20081100
2025-12-31 14:15:00+05:30,38.4,39.35,38.2,39.25,336830,20081100
2025-12-31 14:16:00+05:30,39.29,39.54,38.95,39.0,305175,20081100
2025-12-31 14:17:00+05:30,39.0,39.7,39.0,39.4,205920,20123545
2025-12-31 14:18:00+05:30,39.29,39.54,39.1,39.15,183560,20123545
2025-12-31 14:19:00+05:30,39.04,39.4,39.0,39.15,158665,20123545
2025-12-31 14:20:00+05:30,39.2,39.7,38.75,39.35,255905,20066410
2025-12-31 14:21:00+05:30,39.35,39.54,38.95,38.95,180960,20066410
2025-12-31 14:22:00+05:30,38.9,39.4,38.45,39.4,284960,20066410
2025-12-31 14:23:00+05:30,39.25,40.2,39.15,40.15,464750,19969365
2025-12-31 14:24:00+05:30,40.1,40.15,39.4,39.4,472420,19969365
2025-12-31 14:25:00+05:30,39.04,39.29,38.45,39.25,540735,19969365
2025-12-31 14:26:00+05:30,39.25,39.4,38.79,39.4,192140,20005505
2025-12-31 14:27:00+05:30,39.45,39.5,39.04,39.2,160680,20005505
2025-12-31 14:28:00+05:30,39.1,39.29,38.79,38.9,128635,20005505
2025-12-31 14:29:00+05:30,38.95,39.6,38.79,39.6,197600,19957080
2025-12-31 14:30:00+05:30,39.29,39.75,38.95,39.45,221585,19957080
2025-12-31 14:31:00+05:30,39.5,39.54,38.85,39.0,172770,19957080
2025-12-31 14:32:00+05:30,39.29,39.54,38.95,39.25,132210,19900985
2025-12-31 14:33:00+05:30,38.9,39.4,38.75,39.29,136110,19900985
2025-12-31 14:34:00+05:30,39.35,39.6,38.9,39.29,205660,19900985
2025-12-31 14:35:00+05:30,39.35,39.45,38.75,38.85,220610,19891105
2025-12-31 14:36:00+05:30,38.95,39.15,38.5,38.54,220870,19891105
2025-12-31 14:37:00+05:30,38.7,38.95,38.25,38.35,311155,19891105
2025-12-31 14:38:00+05:30,38.25,38.54,38.1,38.15,266630,19877780
2025-12-31 14:39:00+05:30,38.2,38.25,37.2,37.2,573105,19877780
2025-12-31 14:40:00+05:30,37.2,38.1,37.2,37.75,322725,19877780
2025-12-31 14:41:00+05:30,37.6,37.7,37.0,37.0,343525,19676930
2025-12-31 14:42:00+05:30,37.04,37.35,36.0,36.6,666770,19676930
2025-12-31 14:43:00+05:30,36.6,36.7,36.1,36.6,309270,19676930
2025-12-31 14:44:00+05:30,36.5,37.1,36.29,36.7,411190,19385275
2025-12-31 14:45:00+05:30,36.95,38.7,36.95,37.54,716625,19385275
2025-12-31 14:46:00+05:30,37.5,37.6,36.9,37.0,275990,19385275
2025-12-31 14:47:00+05:30,37.0,37.35,36.75,37.2,440960,19084260
2025-12-31 14:48:00+05:30,37.29,37.75,37.2,37.29,497770,19084260
2025-12-31 14:49:00+05:30,37.2,37.5,37.1,37.25,314600,19084260
2025-12-31 14:50:00+05:30,37.35,37.7,37.15,37.45,736060,19144125
2025-12-31 14:51:00+05:30,37.45,37.6,37.2,37.45,621530,19144125
2025-12-31 14:52:00+05:30,37.4,38.0,37.4,37.75,319345,19144125
2025-12-31 14:53:00+05:30,37.79,37.79,37.29,37.4,200005,19363760
2025-12-31 14:54:00+05:30,37.5,37.5,36.6,37.0,306150,19363760
2025-12-31 14:55:00+05:30,37.04,37.1,36.6,37.1,270010,19363760
2025-12-31 14:56:00+05:30,37.0,37.0,36.6,36.95,226135,19235840
2025-12-31 14:57:00+05:30,36.85,37.15,36.75,37.0,176995,19235840
2025-12-31 14:58:00+05:30,37.0,37.35,36.9,36.95,187070,19235840
2025-12-31 14:59:00+05:30,37.1,37.45,36.79,36.9,223210,19123520
2025-12-31 15:00:00+05:30,37.0,38.65,37.0,38.25,794950,19123520
2025-12-31 15:01:00+05:30,38.25,38.45,38.1,38.29,459745,19123520
2025-12-31 15:02:00+05:30,38.4,39.29,38.35,39.15,799435,18886270
2025-12-31 15:03:00+05:30,39.25,39.9,39.25,39.7,804635,18886270
2025-12-31 15:04:00+05:30,39.65,40.15,39.54,39.85,726700,18886270
2025-12-31 15:05:00+05:30,39.79,41.0,39.7,39.7,882895,18351775
2025-12-31 15:06:00+05:30,39.75,40.15,39.2,39.95,742105,18351775
2025-12-31 15:07:00+05:30,39.95,41.35,39.85,40.7,726245,18351775
2025-12-31 15:08:00+05:30,40.7,40.7,39.29,39.79,634660,17983550
2025-12-31 15:09:00+05:30,39.54,39.79,38.79,39.75,462020,17983550
2025-12-31 15:10:00+05:30,40.15,40.7,40.1,40.4,539110,17983550
2025-12-31 15:11:00+05:30,40.7,42.35,40.5,42.25,1117480,17726475
2025-12-31 15:12:00+05:30,42.5,42.9,41.8,42.65,930995,17726475
2025-12-31 15:13:00+05:30,42.8,42.8,41.2,41.25,636545,17726475
2025-12-31 15:14:00+05:30,41.95,42.35,40.7,40.7,954525,17125875
2025-12-31 15:15:00+05:30,41.25,41.3,38.4,38.7,1314040,17125875
2025-12-31 15:16:00+05:30,38.7,39.54,38.6,38.9,529230,17125875
2025-12-31 15:17:00+05:30,38.75,38.9,38.35,38.35,461240,16439930
2025-12-31 15:18:00+05:30,38.4,39.04,38.1,38.1,318890,16439930
2025-12-31 15:19:00+05:30,38.2,39.5,38.2,39.29,328185,16439930
2025-12-31 15:20:00+05:30,39.9,41.9,39.85,41.9,795990,16145740
2025-12-31 15:21:00+05:30,41.95,42.3,40.95,41.35,844675,16145740
2025-12-31 15:22:00+05:30,41.15,41.6,40.2,41.05,845650,16145740
2025-12-31 15:23:00+05:30,41.2,41.25,40.4,40.4,480025,15289170
2025-12-31 15:24:00+05:30,40.65,41.25,40.45,41.15,560235,15289170
2025-12-31 15:25:00+05:30,41.1,41.35,40.29,40.75,503945,15289170
2025-12-31 15:26:00+05:30,40.75,40.85,38.45,38.54,641810,14698450
2025-12-31 15:27:00+05:30,38.85,40.2,38.79,39.9,421460,14698450
2025-12-31 15:28:00+05:30,40.04,40.15,39.7,39.75,675350,14698450
2025-12-31 15:29:00+05:30,39.79,39.79,37.25,38.2,984945,13902330
2026-01-01 09:15:00+05:30,36.79,41.8,25.0,27.5,1372150,13762450
2026-01-01 09:16:00+05:30,27.6,31.75,27.5,28.3,1324050,13762450
2026-01-01 09:17:00+05:30,28.85,29.35,27.4,27.7,700310,13762450
2026-01-01 09:18:00+05:30,28.45,30.0,28.1,29.9,605150,14125735
2026-01-01 09:19:00+05:30,29.95,33.0,29.95,32.04,962065,14125735
2026-01-01 09:20:00+05:30,32.6,32.6,30.35,30.45,1579760,14125735
2026-01-01 09:21:00+05:30,30.5,30.7,27.8,29.2,1222390,14637350
2026-01-01 09:22:00+05:30,29.1,31.15,28.55,30.7,731250,14637350
2026-01-01 09:23:00+05:30,30.85,31.85,30.45,31.85,708045,14637350
2026-01-01 09:24:00+05:30,31.9,32.1,30.35,31.65,588250,14939470
2026-01-01 09:25:00+05:30,31.9,31.9,30.7,30.7,516620,14939470
2026-01-01 09:26:00+05:30,30.7,34.9,30.05,34.9,977470,14939470
2026-01-01 09:27:00+05:30,34.6,35.0,32.4,33.04,954395,14939470
2026-01-01 09:28:00+05:30,32.7,32.95,29.1,29.1,717340,14958710
2026-01-01 09:29:00+05:30,29.05,29.95,27.4,27.7,1198080,14958710
2026-01-01 09:30:00+05:30,28.25,29.15,27.5,27.5,725075,14958710
2026-01-01 09:31:00+05:30,27.55,30.85,27.15,28.85,768495,15015715
2026-01-01 09:32:00+05:30,28.7,29.5,28.1,29.15,485160,15015715
2026-01-01 09:33:00+05:30,29.2,30.65,28.6,30.3,471770,15015715
2026-01-01 09:34:00+05:30,30.2,30.4,28.75,29.0,360620,15154360
2026-01-01 09:35:00+05:30,29.05,29.75,28.4,28.6,308555,15154360
2026-01-01 09:36:00+05:30,28.4,30.75,28.25,30.75,353340,15154360
2026-01-01 09:37:00+05:30,30.9,31.85,29.95,30.25,585065,15191085
2026-01-01 09:38:00+05:30,29.95,31.45,29.75,31.15,278135,15191085
2026-01-01 09:39:00+05:30,31.0,31.8,30.5,30.65,314795,15191085
2026-01-01 09:40:00+05:30,30.8,31.25,28.6,28.6,379470,15293980
2026-01-01 09:41:00+05:30,28.45,29.2,27.9,28.3,526240,15293980
2026-01-01 09:42:00+05:30,28.35,30.35,28.2,29.9,343460,15293980
2026-01-01 09:43:00+05:30,29.95,29.95,26.85,26.95,757510,15357290
2026-01-01 09:44:00+05:30,27.1,27.5,26.5,27.35,446810,15357290
2026-01-01 09:45:00+05:30,27.35,29.1,27.25,28.8,338325,15357290
2026-01-01 09:46:00+05:30,28.55,29.8,28.55,29.5,405860,15467595
2026-01-01 09:47:00+05:30,29.75,30.4,29.1,29.1,409370,15467595
2026-01-01 09:48:00+05:30,28.9,28.9,27.65,28.2,286715,15467595
2026-01-01 09:49:00+05:30,28.1,28.4,25.8,26.2,570765,15442570
2026-01-01 09:50:00+05:30,26.2,26.55,25.55,25.7,493090,15442570
2026-01-01 09:51:00+05:30,25.95,26.8,25.75,26.0,320775,15442570
2026-01-01 09:52:00+05:30,25.95,26.0,25.25,25.35,551850,15627495
2026-01-01 09:53:00+05:30,25.15,26.5,25.15,26.4,343980,15627495
2026-01-01 09:54:00+05:30,26.35,26.8,25.8,25.8,315965,15627495
2026-01-01 09:55:00+05:30,25.75,26.85,25.75,26.05,258765,15692625
2026-01-01 09:56:00+05:30,26.05,26.5,25.45,26.5,239070,15692625
2026-01-01 09:57:00+05:30,26.3,27.5,26.15,27.5,322855,15692625
2026-01-01 09:58:00+05:30,27.8,31.6,27.8,31.4,1001585,15658955
2026-01-01 09:59:00+05:30,31.1,32.9,30.75,31.4,1290120,15658955
2026-01-01 10:00:00+05:30,31.35,32.1,29.85,29.85,580515,15658955
2026-01-01 10:01:00+05:30,30.15,31.45,29.05,31.25,517790,15296515
2026-01-01 10:02:00+05:30,31.25,31.65,29.1,29.25,370110,15296515
2026-01-01 10:03:00+05:30,29.5,30.8,29.35,30.05,227110,15296515
2026-01-01 10:04:00+05:30,30.0,30.0,28.15,29.1,372970,15372955
2026-01-01 10:05:00+05:30,28.75,29.3,28.05,28.8,194610,15372955
2026-01-01 10:06:00+05:30,28.7,30.2,28.65,28.7,235040,15372955
2026-01-01 10:07:00+05:30,28.8,30.25,27.45,28.05,387985,15443415
2026-01-01 10:08:00+05:30,27.85,28.35,27.5,28.25,237900,15443415
2026-01-01 10:09:00+05:30,28.25,30.4,28.2,30.2,290095,15443415
2026-01-01 10:10:00+05:30,30.45,31.8,30.2,30.55,659425,15452320
2026-01-01 10:11:00+05:30,30.45,32.2,30.45,32.2,362635,15452320
2026-01-01 10:12:00+05:30,31.95,32.7,31.7,32.4,546715,15452320
2026-01-01 10:13:00+05:30,32.35,32.54,31.25,31.9,575640,15484820
2026-01-01 10:14:00+05:30,31.75,31.85,30.9,31.4,324155,15484820
2026-01-01 10:15:00+05:30,31.45,33.1,31.3,31.9,653770,15484820
2026-01-01 10:16:00+05:30,31.9,34.7,31.6,33.65,753805,15474745
2026-01-01 10:17:00+05:30,33.29,34.15,32.5,33.95,581880,15474745
2026-01-01 10:18:00+05:30,34.04,35.5,33.6,35.5,815165,15474745
2026-01-01 10:19:00+05:30,35.5,36.54,34.65,35.29,1022060,15230345
2026-01-01 10:20:00+05:30,35.04,36.54,34.79,36.2,523835,15230345
2026-01-01 10:21:00+05:30,36.15,38.1,35.75,38.1,949585,15230345
2026-01-01 10:22:00+05:30,37.75,38.7,37.15,38.25,713245,15105805
2026-01-01 10:23:00+05:30,38.15,38.45,36.4,36.4,799955,15105805
2026-01-01 10:24:00+05:30,36.35,36.85,34.5,34.5,723710,15105805
2026-01-01 10:25:00+05:30,34.54,34.6,32.65,32.75,625950,14772030
2026-01-01 10:26:00+05:30,32.65,32.95,31.8,32.4,799695,14772030
2026-01-01 10:27:00+05:30,32.15,33.45,31.45,33.45,517595,14772030
2026-01-01 10:28:00+05:30,33.25,33.45,32.04,32.35,326040,14876290
2026-01-01 10:29:00+05:30,32.1,32.6,30.3,30.3,374855,14876290
2026-01-01 10:30:00+05:30,30.1,30.8,29.1,30.8,512655,14876290
2026-01-01 10:31:00+05:30,30.45,32.04,30.4,31.8,423540,14909245
2026-01-01 10:32:00+05:30,31.85,32.2,29.3,29.3,487175,14909245
2026-01-01 10:33:00+05:30,29.1,29.4,28.6,28.65,405860,14909245
2026-01-01 10:34:00+05:30,28.5,28.5,27.55,27.95,527215,14995890
2026-01-01 10:35:00+05:30,27.8,27.95,26.8,26.8,489710,14995890
2026-01-01 10:36:00+05:30,26.95,28.3,26.45,27.7,433420,14995890
2026-01-01 10:37:00+05:30,27.75,29.0,27.75,28.45,281970,15114320
2026-01-01 10:38:00+05:30,28.45,29.2,28.25,28.95,211575,15114320
2026-01-01 10:39:00+05:30,29.0,29.0,28.0,28.65,267280,15114320
2026-01-01 10:40:00+05:30,28.6,30.65,28.6,30.65,400075,15209090
2026-01-01 10:41:00+05:30,30.6,30.85,28.5,28.75,442845,15209090
2026-01-01 10:42:00+05:30,28.65,29.45,28.15,28.75,205335,15209090
2026-01-01 10:43:00+05:30,28.7,29.2,27.65,28.15,250185,15362555
2026-01-01 10:44:00+05:30,28.4,28.55,27.75,28.2,136955,15362555
2026-01-01 10:45:00+05:30,28.05,28.05,26.75,27.4,416910,15362555
2026-01-01 10:46:00+05:30,27.15,27.15,25.7,25.7,704080,15444065
2026-01-01 10:47:00+05:30,25.55,26.4,25.5,25.85,533195,15444065
2026-01-01 10:48:00+05:30,25.85,26.2,24.9,26.05,650520,15444065
2026-01-01 10:49:00+05:30,25.95,26.15,24.75,25.05,442000,15729610
2026-01-01 10:50:00+05:30,25.05,25.45,24.5,25.25,541840,15729610
2026-01-01 10:51:00+05:30,25.2,25.35,24.85,25.0,363415,15729610
2026-01-01 10:52:00+05:30,24.9,25.8,24.9,25.3,332800,15923375
2026-01-01 10:53:00+05:30,25.25,25.55,24.8,24.8,215605,15923375
2026-01-01 10:54:00+05:30,25.0,25.4,24.6,25.2,221715,15923375
2026-01-01 10:55:00+05:30,25.25,25.85,25.1,25.35,249405,16094975
2026-01-01 10:56:00+05:30,25.45,25.75,25.35,25.6,135980,16094975
2026-01-01 10:57:00+05:30,25.65,26.0,25.3,25.5,267085,16094975
2026-01-01 10:58:00+05:30,25.5,26.0,25.05,25.15,217620,16257540
2026-01-01 10:59:00+05:30,25.25,25.9,25.2,25.6,115180,16257540
2026-01-01 11:00:00+05:30,25.7,25.95,25.45,25.6,138905,16257540
2026-01-01 11:01:00+05:30,25.5,25.8,24.0,24.5,545285,16333785
2026-01-01 11:02:00+05:30,24.55,24.7,23.7,24.1,309595,16333785
2026-01-01 11:03:00+05:30,24.5,25.25,24.4,25.1,229060,16333785
2026-01-01 11:04:00+05:30,25.15,26.1,25.0,25.7,313300,16388710
2026-01-01 11:05:00+05:30,25.75,25.85,25.15,25.5,152685,16388710
2026-01-01 11:06:00+05:30,25.65,26.7,25.5,26.0,328835,16388710
2026-01-01 11:07:00+05:30,26.15,26.3,25.35,25.35,250965,16423550
2026-01-01 11:08:00+05:30,25.4,26.15,25.3,26.15,148850,16423550
2026-01-01 11:09:00+05:30,26.4,26.4,25.8,25.85,163410,16423550
2026-01-01 11:10:00+05:30,25.75,26.55,25.7,26.2,220220,16457220
2026-01-01 11:11:00+05:30,26.3,26.55,25.8,26.0,232505,16457220
2026-01-01 11:12:00+05:30,25.95,26.0,24.25,24.25,379535,16457220
2026-01-01 11:13:00+05:30,24.4,24.8,24.0,24.3,284375,16405870
2026-01-01 11:14:00+05:30,24.45,25.0,24.0,25.0,372125,16405870
2026-01-01 11:15:00+05:30,24.95,25.65,24.8,25.25,185900,16405870
2026-01-01 11:16:00+05:30,25.25,26.65,25.25,25.25,270335,16339245
2026-01-01 11:17:00+05:30,25.4,26.05,25.3,25.9,93860,16339245
2026-01-01 11:18:00+05:30,25.65,25.65,24.8,25.15,195130,16339245
2026-01-01 11:19:00+05:30,25.3,25.35,24.5,24.65,114855,16420495
2026-01-01 11:20:00+05:30,24.75,25.15,24.7,24.85,85475,16420495
2026-01-01 11:21:00+05:30,24.8,25.1,23.75,24.05,317460,16420495
2026-01-01 11:22:00+05:30,24.1,25.45,24.1,25.45,204100,16428425
2026-01-01 11:23:00+05:30,25.45,25.5,24.8,25.45,134095,16428425
2026-01-01 11:24:00+05:30,25.5,25.9,24.6,24.85,162955,16428425
2026-01-01 11:25:00+05:30,24.75,25.7,24.75,25.45,106795,16444350
2026-01-01 11:26:00+05:30,25.5,25.55,24.3,24.65,164970,16444350
2026-01-01 11:27:00+05:30,24.65,24.65,24.15,24.6,144495,16444350
2026-01-01 11:28:00+05:30,24.55,24.55,23.6,24.55,295880,16574935
2026-01-01 11:29:00+05:30,24.65,25.3,24.65,25.3,153855,16574935
2026-01-01 11:30:00+05:30,25.35,26.05,25.2,25.6,247260,16574935
2026-01-01 11:31:00+05:30,25.4,25.65,24.5,25.05,180375,16504475
2026-01-01 11:32:00+05:30,25.0,25.95,25.0,25.85,160940,16504475
2026-01-01 11:33:00+05:30,25.8,26.75,25.8,26.7,359255,16504475
2026-01-01 11:34:00+05:30,26.75,26.9,26.45,26.45,241605,16443570
2026-01-01 11:35:00+05:30,26.75,27.45,26.65,26.95,465335,16443570
2026-01-01 11:36:00+05:30,27.1,27.45,26.35,26.65,392340,16443570
2026-01-01 11:37:00+05:30,26.8,26.8,25.7,25.75,232960,16505060
2026-01-01 11:38:00+05:30,25.65,26.2,25.25,25.85,200850,16505060
2026-01-01 11:39:00+05:30,26.1,26.7,25.85,26.5,161460,16505060
2026-01-01 11:40:00+05:30,26.35,26.6,26.05,26.3,117195,16466775
2026-01-01 11:41:00+05:30,26.35,27.1,25.7,27.1,173030,16466775
2026-01-01 11:42:00+05:30,27.25,27.75,26.75,27.75,285805,16466775
2026-01-01 11:43:00+05:30,27.7,29.3,27.55,29.3,645125,16400735
2026-01-01 11:44:00+05:30,29.2,30.0,28.7,30.0,683605,16400735
2026-01-01 11:45:00+05:30,29.85,30.05,29.2,29.5,714480,16400735
2026-01-01 11:46:00+05:30,29.3,30.3,29.15,29.95,413660,16268200
2026-01-01 11:47:00+05:30,30.05,30.65,30.0,30.15,452920,16268200
2026-01-01 11:48:00+05:30,30.4,30.4,29.2,29.6,279370,16268200
2026-01-01 11:49:00+05:30,29.4,29.95,28.85,29.75,250380,16198520
2026-01-01 11:50:00+05:30,29.7,30.3,29.5,29.75,272935,16198520
2026-01-01 11:51:00+05:30,29.8,32.0,29.6,29.95,498875,16198520
2026-01-01 11:52:00+05:30,29.95,30.9,28.85,30.65,319995,16091660
2026-01-01 11:53:00+05:30,30.85,31.3,30.05,30.05,438100,16091660
2026-01-01 11:54:00+05:30,30.25,30.25,28.35,28.45,306475,16091660
2026-01-01 11:55:00+05:30,28.4,29.35,28.1,28.55,296660,16042650
2026-01-01 11:56:00+05:30,28.45,29.8,28.3,29.0,177255,16042650
2026-01-01 11:57:00+05:30,29.05,29.4,28.6,28.95,142350,16042650
2026-01-01 11:58:00+05:30,29.0,29.4,28.65,28.95,126230,16095690
2026-01-01 11:59:00+05:30,28.75,28.75,27.45,27.8,382200,16095690
2026-01-01 12:00:00+05:30,27.65,28.1,27.05,27.45,363285,16095690
2026-01-01 12:01:00+05:30,27.25,28.1,26.55,28.0,296790,15953795
2026-01-01 12:02:00+05:30,28.0,28.6,27.05,27.05,228995,15953795
2026-01-01 12:03:00+05:30,27.1,29.0,27.1,28.7,269815,15953795
2026-01-01 12:04:00+05:30,28.7,29.8,28.7,29.25,283010,15949895
2026-01-01 12:05:00+05:30,29.2,29.65,28.8,29.65,244400,15949895
2026-01-01 12:06:00+05:30,29.4,29.4,28.4,29.05,184210,15949895
2026-01-01 12:07:00+05:30,29.35,29.65,28.9,29.5,185575,16075150
2026-01-01 12:08:00+05:30,29.65,33.04,29.5,33.0,822705,16075150
2026-01-01 12:09:00+05:30,32.35,32.45,31.25,31.45,473135,16075150
2026-01-01 12:10:00+05:30,31.25,31.45,30.3,30.95,393835,15956330
2026-01-01 12:11:00+05:30,30.8,31.3,30.35,30.5,186290,15956330
2026-01-01 12:12:00+05:30,30.2,31.1,29.8,30.9,263900,15956330
2026-01-01 12:13:00+05:30,30.9,31.25,30.5,31.2,178230,16015740
2026-01-01 12:14:00+05:30,31.2,32.25,30.7,32.15,348010,16015740
2026-01-01 12:15:00+05:30,32.15,33.65,32.1,33.25,772785,16015740
2026-01-01 12:16:00+05:30,33.25,33.29,31.6,33.15,593320,15896660
2026-01-01 12:17:00+05:30,33.1,33.79,32.95,33.4,470990,15896660
2026-01-01 12:18:00+05:30,33.6,34.79,32.6,32.85,759850,15896660
2026-01-01 12:19:00+05:30,32.9,33.4,30.8,30.8,593905,15798575
2026-01-01 12:20:00+05:30,30.95,32.54,30.5,31.5,535275,15798575
2026-01-01 12:21:00+05:30,31.5,31.8,30.7,30.95,194350,15798575
2026-01-01 12:22:00+05:30,30.85,31.05,30.35,30.45,262340,15789085
2026-01-01 12:23:00+05:30,30.65,31.85,30.2,31.3,249730,15789085
2026-01-01 12:24:00+05:30,31.25,31.35,30.6,30.95,125450,15789085
2026-01-01 12:25:00+05:30,31.0,31.3,29.75,29.75,225290,15778945
2026-01-01 12:26:00+05:30,29.65,29.85,29.0,29.1,453765,15778945
2026-01-01 12:27:00+05:30,29.25,29.35,28.4,29.35,319735,15778945
2026-01-01 12:28:00+05:30,29.25,29.25,28.15,28.35,228345,15683915
2026-01-01 12:29:00+05:30,28.0,29.15,28.0,28.95,312715,15683915
2026-01-01 12:30:00+05:30,28.85,29.8,28.75,29.35,291525,15683915
2026-01-01 12:31:00+05:30,29.8,31.05,29.5,29.5,481390,15669030
2026-01-01 12:32:00+05:30,29.05,29.5,28.7,28.95,255190,15669030
2026-01-01 12:33:00+05:30,28.85,29.5,28.45,28.9,143390,15669030
2026-01-01 12:34:00+05:30,28.9,29.0,28.0,28.0,164515,15727205
2026-01-01 12:35:00+05:30,28.4,28.95,28.0,28.75,191165,15727205
2026-01-01 12:36:00+05:30,28.65,29.75,28.5,28.8,267150,15727205
2026-01-01 12:37:00+05:30,28.7,29.6,28.4,29.3,193440,15767570
2026-01-01 12:38:00+05:30,29.3,31.1,29.3,31.0,397865,15767570
2026-01-01 12:39:00+05:30,31.55,31.55,30.45,31.05,483665,15767570
2026-01-01 12:40:00+05:30,30.95,31.45,29.7,30.5,342225,15752295
2026-01-01 12:41:00+05:30,30.5,31.3,30.45,31.3,195780,15752295
2026-01-01 12:42:00+05:30,31.25,31.25,29.35,29.7,277875,15752295
2026-01-01 12:43:00+05:30,29.5,30.25,29.45,30.25,145340,15752295
2026-01-01 12:44:00+05:30,30.25,31.0,29.95,30.15,210925,15831985
2026-01-01 12:45:00+05:30,30.25,30.25,28.5,28.8,276055,15831985
2026-01-01 12:46:00+05:30,28.7,28.8,27.9,28.15,323115,15795910
2026-01-01 12:47:00+05:30,28.2,29.05,27.95,28.1,178750,15795910
2026-01-01 12:48:00+05:30,28.0,28.35,26.8,27.3,397150,15795910
2026-01-01 12:49:00+05:30,27.3,27.65,27.05,27.3,171015,15795910
2026-01-01 12:50:00+05:30,27.45,28.5,27.45,28.5,251745,15834845
2026-01-01 12:51:00+05:30,28.25,28.7,27.65,28.05,254540,15834845
2026-01-01 12:52:00+05:30,27.95,28.7,27.9,28.7,134680,15834845
2026-01-01 12:53:00+05:30,28.8,29.0,28.35,28.7,182455,15850445
2026-01-01 12:54:00+05:30,28.65,28.65,27.85,28.15,138255,15850445
2026-01-01 12:55:00+05:30,28.05,28.65,27.5,27.6,149565,15850445
2026-01-01 12:56:00+05:30,27.45,27.6,27.0,27.25,233155,15896920
2026-01-01 12:57:00+05:30,27.25,27.65,26.75,26.85,196690,15896920
2026-01-01 12:58:00+05:30,27.0,27.2,26.3,27.2,264225,15896920
2026-01-01 12:59:00+05:30,27.15,27.55,26.85,27.05,145015,15876770
2026-01-01 13:00:00+05:30,26.95,27.2,26.5,26.95,193635,15876770
2026-01-01 13:01:00+05:30,27.1,27.75,27.0,27.4,184340,15876770
2026-01-01 13:02:00+05:30,27.45,27.55,26.75,27.25,189475,15949180
2026-01-01 13:03:00+05:30,27.25,27.25,26.5,26.7,82615,15949180
2026-01-01 13:04:00+05:30,26.5,27.0,26.35,26.7,107185,15949180
2026-01-01 13:05:00+05:30,26.75,27.1,26.5,27.05,84370,15974270
2026-01-01 13:06:00+05:30,27.05,27.05,26.1,26.5,129025,15974270
2026-01-01 13:07:00+05:30,26.5,26.8,25.7,26.0,253435,15974270
2026-01-01 13:08:00+05:30,25.9,26.55,25.9,26.5,156910,15967380
2026-01-01 13:09:00+05:30,26.35,27.15,26.1,26.3,358800,15967380
2026-01-01 13:10:00+05:30,26.25,26.55,25.8,26.55,144950,15967380
2026-01-01 13:11:00+05:30,26.5,27.3,26.5,27.15,222430,15928055
2026-01-01 13:12:00+05:30,27.1,28.15,27.05,27.55,222235,15928055
2026-01-01 13:13:00+05:30,27.55,27.75,27.05,27.3,155610,15928055
2026-01-01 13:14:00+05:30,27.35,27.35,26.2,26.3,155350,15965885
2026-01-01 13:15:00+05:30,26.4,26.6,25.35,25.35,262860,15965885
2026-01-01 13:16:00+05:30,25.3,25.5,25.0,25.5,353275,15965885
2026-01-01 13:17:00+05:30,25.35,25.75,25.1,25.1,192660,16028935
2026-01-01 13:18:00+05:30,25.25,25.75,25.2,25.25,113490,16028935
2026-01-01 13:19:00+05:30,25.3,25.9,25.0,25.2,272025,16028935
2026-01-01 13:20:00+05:30,25.1,26.2,25.05,26.1,288665,16011645
2026-01-01 13:21:00+05:30,25.95,27.05,25.75,27.0,251030,16011645
2026-01-01 13:22:00+05:30,26.9,28.45,26.9,28.35,373750,16011645
2026-01-01 13:23:00+05:30,28.4,29.25,28.3,29.05,608010,15844985
2026-01-01 13:24:00+05:30,29.15,29.5,28.45,29.4,529425,15844985
2026-01-01 13:25:00+05:30,29.35,29.35,28.7,28.75,259610,15844985
2026-01-01 13:26:00+05:30,28.85,29.25,28.0,28.2,372320,15967185
2026-01-01 13:27:00+05:30,28.35,28.35,27.3,27.3,260455,15967185
2026-01-01 13:28:00+05:30,27.45,27.45,26.75,26.9,266240,15967185
2026-01-01 13:29:00+05:30,26.9,27.05,26.2,26.75,232960,15858115
2026-01-01 13:30:00+05:30,26.6,26.7,26.05,26.45,216190,15858115
2026-01-01 13:31:00+05:30,26.25,26.65,25.85,26.5,279370,15858115
2026-01-01 13:32:00+05:30,26.5,26.9,26.0,26.4,187395,15914080
2026-01-01 13:33:00+05:30,26.5,27.1,26.25,26.9,178945,15914080
2026-01-01 13:34:00+05:30,26.85,27.6,26.8,27.5,202735,15914080
2026-01-01 13:35:00+05:30,27.2,27.3,26.35,26.6,237705,16036865
2026-01-01 13:36:00+05:30,26.8,26.8,25.85,25.85,187330,16036865
2026-01-01 13:37:00+05:30,25.95,26.95,25.85,26.95,137410,16036865
2026-01-01 13:38:00+05:30,26.85,27.7,26.85,27.5,289900,16012360
2026-01-01 13:39:00+05:30,27.7,27.85,26.7,27.0,269230,16012360
2026-01-01 13:40:00+05:30,26.85,27.7,26.85,27.65,124410,16012360
2026-01-01 13:41:00+05:30,27.7,28.0,27.4,27.5,166335,16134820
2026-01-01 13:42:00+05:30,27.6,27.6,27.2,27.3,90610,16134820
2026-01-01 13:43:00+05:30,27.15,27.15,26.4,26.85,128895,16134820
2026-01-01 13:44:00+05:30,26.8,27.05,26.5,26.6,86710,16205020
2026-01-01 13:45:00+05:30,26.5,26.8,26.0,26.75,231530,16205020
2026-01-01 13:46:00+05:30,26.8,27.5,26.65,27.5,141570,16205020
2026-01-01 13:47:00+05:30,27.6,28.1,27.4,27.95,343850,16151005
2026-01-01 13:48:00+05:30,27.85,27.85,27.2,27.4,147160,16151005
2026-01-01 13:49:00+05:30,27.25,27.95,26.85,26.85,182260,16151005
2026-01-01 13:50:00+05:30,27.0,27.0,26.25,26.8,359645,16083990
2026-01-01 13:51:00+05:30,26.75,27.2,26.3,26.3,160485,16083990
2026-01-01 13:52:00+05:30,26.3,26.65,25.8,26.6,280345,16083990
2026-01-01 13:53:00+05:30,26.6,27.35,26.35,26.7,257595,16064490
2026-01-01 13:54:00+05:30,26.55,26.6,26.1,26.2,120575,16064490
2026-01-01 13:55:00+05:30,26.2,26.6,25.85,26.45,145600,16064490
2026-01-01 13:56:00+05:30,26.65,26.65,26.2,26.3,107705,16080610
2026-01-01 13:57:00+05:30,26.3,26.5,25.65,25.75,163150,16080610
2026-01-01 13:58:00+05:30,25.6,26.8,25.5,26.8,207415,16080610
2026-01-01 13:59:00+05:30,26.75,26.9,26.2,26.35,120380,16047525
2026-01-01 14:00:00+05:30,26.25,26.6,25.55,26.3,183495,16047525
2026-01-01 14:01:00+05:30,26.2,26.7,25.65,25.75,158340,16047525
2026-01-01 14:02:00+05:30,25.95,25.95,25.1,25.8,280215,16110510
2026-01-01 14:03:00+05:30,25.65,25.75,24.4,24.75,386425,16110510
2026-01-01 14:04:00+05:30,24.8,24.8,24.0,24.05,444860,16110510
2026-01-01 14:05:00+05:30,24.0,24.5,22.8,24.5,693680,16216460
2026-01-01 14:06:00+05:30,24.6,24.6,23.95,24.2,407160,16216460
2026-01-01 14:07:00+05:30,24.35,24.7,23.95,24.45,233805,16216460
2026-01-01 14:08:00+05:30,24.4,24.5,23.9,24.25,272350,16234205
2026-01-01 14:09:00+05:30,24.4,24.8,24.1,24.6,444405,16234205
2026-01-01 14:10:00+05:30,24.65,24.8,24.4,24.4,234910,16234205
2026-01-01 14:11:00+05:30,24.55,24.55,23.75,23.75,292435,16307005
2026-01-01 14:12:00+05:30,23.85,24.2,23.6,24.1,367055,16307005
2026-01-01 14:13:00+05:30,24.05,24.15,23.6,23.9,323310,16307005
2026-01-01 14:14:00+05:30,23.75,24.0,23.3,23.9,180570,16375645
2026-01-01 14:15:00+05:30,24.0,24.4,23.7,23.75,117910,16375645
2026-01-01 14:16:00+05:30,23.75,24.1,23.15,23.4,236340,16375645
2026-01-01 14:17:00+05:30,23.4,23.65,23.0,23.1,400530,16424590
2026-01-01 14:18:00+05:30,23.25,23.45,23.0,23.1,150605,16424590
2026-01-01 14:19:00+05:30,23.05,23.2,22.6,23.1,301990,16424590
2026-01-01 14:20:00+05:30,23.0,23.25,22.3,22.5,426270,16396120
2026-01-01 14:21:00+05:30,22.35,23.65,22.1,23.6,908765,16396120
2026-01-01 14:22:00+05:30,23.65,24.8,23.65,24.2,653640,16396120
2026-01-01 14:23:00+05:30,24.25,24.25,23.7,24.05,223535,16453905
2026-01-01 14:24:00+05:30,23.9,24.05,23.45,23.75,221000,16453905
2026-01-01 14:25:00+05:30,23.6,24.25,23.6,23.7,156910,16453905
2026-01-01 14:26:00+05:30,23.9,24.25,23.85,24.0,137995,16557060
2026-01-01 14:27:00+05:30,24.15,24.4,23.95,24.35,147290,16557060
2026-01-01 14:28:00+05:30,24.35,24.4,23.55,23.7,207545,16557060
2026-01-01 14:29:00+05:30,23.85,24.45,23.65,24.45,151580,16563365
2026-01-01 14:30:00+05:30,24.3,24.35,23.9,24.1,182845,16563365
2026-01-01 14:31:00+05:30,24.05,24.55,24.0,24.35,142220,16563365
2026-01-01 14:32:00+05:30,24.4,24.9,24.2,24.6,268840,16358940
2026-01-01 14:33:00+05:30,24.55,24.55,23.65,23.65,200135,16358940
2026-01-01 14:34:00+05:30,23.65,23.75,23.0,23.0,191815,16358940
2026-01-01 14:35:00+05:30,23.0,23.5,23.0,23.5,183495,16315845
2026-01-01 14:36:00+05:30,23.4,23.95,23.4,23.95,145210,16315845
2026-01-01 14:37:00+05:30,23.9,24.0,23.5,24.0,83850,16315845
2026-01-01 14:38:00+05:30,24.0,24.45,23.65,23.9,196495,16226080
2026-01-01 14:39:00+05:30,24.05,24.3,23.75,23.9,99970,16226080
2026-01-01 14:40:00+05:30,23.8,24.35,23.75,24.35,136630,16226080
2026-01-01 14:41:00+05:30,24.3,24.55,24.05,24.25,124540,16228615
2026-01-01 14:42:00+05:30,24.15,24.45,24.0,24.15,125710,16228615
2026-01-01 14:43:00+05:30,24.2,24.45,23.9,24.05,153790,16228615
2026-01-01 14:44:00+05:30,24.1,24.45,23.95,24.2,110500,16298555
2026-01-01 14:45:00+05:30,24.45,24.75,24.35,24.6,232765,16298555
2026-01-01 14:46:00+05:30,24.6,24.85,24.3,24.4,144690,16298555
2026-01-01 14:47:00+05:30,24.3,24.65,23.95,24.55,166075,16281850
2026-01-01 14:48:00+05:30,24.55,24.75,24.35,24.65,121160,16281850
2026-01-01 14:49:00+05:30,24.6,25.2,24.5,25.2,266500,16281850
2026-01-01 14:50:00+05:30,25.25,26.1,25.25,25.35,470730,16159650
2026-01-01 14:51:00+05:30,25.55,25.6,24.8,24.9,242125,16159650
2026-01-01 14:52:00+05:30,24.9,25.1,24.1,24.55,251875,16159650
2026-01-01 14:53:00+05:30,24.7,24.7,24.3,24.35,158015,16081325
2026-01-01 14:54:00+05:30,24.25,24.95,24.25,24.75,143390,16081325
2026-01-01 14:55:00+05:30,24.85,24.9,24.4,24.75,197535,16081325
2026-01-01 14:56:00+05:30,24.7,25.4,24.55,25.1,178880,16103620
2026-01-01 14:57:00+05:30,25.2,25.25,24.8,25.1,157495,16103620
2026-01-01 14:58:00+05:30,25.0,25.0,24.2,24.35,222820,16103620
2026-01-01 14:59:00+05:30,24.7,25.05,24.5,24.7,166920,15982070
2026-01-01 15:00:00+05:30,24.65,25.35,24.3,25.0,287105,15982070
2026-01-01 15:01:00+05:30,25.0,25.2,24.5,25.05,282165,15982070
2026-01-01 15:02:00+05:30,25.0,25.75,24.9,25.75,284375,15870270
2026-01-01 15:03:00+05:30,25.8,26.45,25.75,26.3,406120,15870270
2026-01-01 15:04:00+05:30,26.2,26.25,24.4,24.4,383760,15870270
2026-01-01 15:05:00+05:30,24.7,25.65,24.7,25.55,263120,15812550
2026-01-01 15:06:00+05:30,25.5,25.8,25.4,25.8,184925,15812550
2026-01-01 15:07:00+05:30,25.8,25.85,25.55,25.55,105560,15812550
2026-01-01 15:08:00+05:30,25.55,25.7,25.2,25.55,184015,15780375
2026-01-01 15:09:00+05:30,25.55,25.95,25.5,25.8,377000,15780375
2026-01-01 15:10:00+05:30,25.95,27.3,25.95,27.3,590720,15780375
2026-01-01 15:11:00+05:30,27.1,27.45,26.7,27.05,470730,15522065
2026-01-01 15:12:00+05:30,27.05,27.35,26.9,27.2,344045,15522065
2026-01-01 15:13:00+05:30,27.35,27.45,26.9,27.05,311610,15522065
2026-01-01 15:14:00+05:30,27.15,27.3,26.75,27.05,307125,15644850
2026-01-01 15:15:00+05:30,27.2,27.45,26.3,26.55,725270,15644850
2026-01-01 15:16:00+05:30,26.45,26.95,26.35,26.9,316940,15644850
2026-01-01 15:17:00+05:30,27.0,27.35,26.9,27.35,446420,15601430
2026-01-01 15:18:00+05:30,27.2,27.2,26.5,26.65,394160,15601430
2026-01-01 15:19:00+05:30,26.7,26.7,25.75,26.05,535405,15601430
2026-01-01 15:20:00+05:30,26.25,26.8,26.15,26.5,360620,15608255
2026-01-01 15:21:00+05:30,26.6,26.8,26.35,26.5,373035,15608255
2026-01-01 15:22:00+05:30,26.45,26.55,26.05,26.4,304720,15608255
2026-01-01 15:23:00+05:30,26.55,26.55,26.1,26.3,342095,15527330
2026-01-01 15:24:00+05:30,26.4,26.6,26.15,26.5,672555,15527330
2026-01-01 15:25:00+05:30,26.7,27.2,26.65,26.85,530400,15527330
2026-01-01 15:26:00+05:30,26.95,26.95,26.6,26.65,285350,15442180
2026-01-01 15:27:00+05:30,26.75,26.75,26.05,26.1,320450,15442180
2026-01-01 15:28:00+05:30,26.35,26.5,26.1,26.35,482235,15442180
2026-01-01 15:29:00+05:30,26.35,26.4,25.85,26.15,776100,15401555
2026-01-02 09:15:00+05:30,21.0,23.0,15.0,16.5,2649335,15638480
2026-01-02 09:16:00+05:30,16.89,17.5,16.39,17.05,1980745,15638480
2026-01-02 09:17:00+05:30,17.0,17.1,16.35,16.8,1334710,15638480
2026-01-02 09:18:00+05:30,16.7,17.55,16.7,17.5,1119755,15638480
2026-01-02 09:19:00+05:30,17.55,17.55,16.6,16.64,898690,16642990
2026-01-02 09:20:00+05:30,16.89,16.89,16.1,16.14,2218970,16642990
2026-01-02 09:21:00+05:30,16.14,16.75,16.14,16.6,880945,16642990
2026-01-02 09:22:00+05:30,16.55,16.64,15.2,15.55,1139320,17155840
2026-01-02 09:23:00+05:30,15.6,15.9,15.3,15.35,861510,17155840
2026-01-02 09:24:00+05:30,15.25,15.5,15.1,15.25,831935,17155840
2026-01-02 09:25:00+05:30,15.3,16.05,15.3,16.0,760565,17587635
2026-01-02 09:26:00+05:30,15.65,16.0,15.5,15.55,600535,17587635
2026-01-02 09:27:00+05:30,15.5,15.6,15.0,15.0,690820,17587635
2026-01-02 09:28:00+05:30,15.05,15.05,14.35,14.6,1331980,18088720
2026-01-02 09:29:00+05:30,14.55,14.65,14.2,14.45,1341145,18088720
2026-01-02 09:30:00+05:30,14.4,14.8,14.4,14.5,820495,18088720
2026-01-02 09:31:00+05:30,14.55,14.7,14.4,14.55,687440,18315245
2026-01-02 09:32:00+05:30,14.55,14.6,13.7,13.8,999635,18315245
2026-01-02 09:33:00+05:30,13.8,13.95,13.7,13.7,1150890,18315245
2026-01-02 09:34:00+05:30,13.7,14.15,13.65,14.15,771810,18567705
2026-01-02 09:35:00+05:30,14.0,14.4,13.95,14.4,590070,18567705
2026-01-02 09:36:00+05:30,14.3,14.4,14.05,14.1,572065,18567705
2026-01-02 09:37:00+05:30,14.05,14.05,13.55,13.75,639405,18787470
2026-01-02 09:38:00+05:30,13.7,14.0,13.65,13.9,424125,18787470
2026-01-02 09:39:00+05:30,13.95,14.0,13.55,13.6,395265,18787470
2026-01-02 09:40:00+05:30,13.55,13.65,13.35,13.45,644800,18942690
2026-01-02 09:41:00+05:30,13.5,13.55,12.5,12.6,1190800,18942690
2026-01-02 09:42:00+05:30,12.6,12.6,11.8,12.25,1485705,18942690
2026-01-02 09:43:00+05:30,12.25,12.25,11.95,12.15,960700,18994170
2026-01-02 09:44:00+05:30,12.05,12.1,11.9,12.0,876135,18994170
2026-01-02 09:45:00+05:30,11.95,12.2,11.95,12.15,1127555,18994170
2026-01-02 09:46:00+05:30,12.2,12.25,12.1,12.2,754455,18897515
2026-01-02 09:47:00+05:30,12.15,12.25,11.95,12.2,768430,18897515
2026-01-02 09:48:00+05:30,12.2,12.25,11.9,12.05,1251380,18897515
2026-01-02 09:49:00+05:30,12.05,12.15,12.0,12.05,433485,18989685
2026-01-02 09:50:00+05:30,12.0,12.0,11.85,12.0,481520,18989685
2026-01-02 09:51:00+05:30,12.0,12.0,11.8,11.85,518635,18989685
2026-01-02 09:52:00+05:30,11.75,11.85,11.45,11.6,950105,18998330
2026-01-02 09:53:00+05:30,11.65,11.95,11.65,11.75,614965,18998330
2026-01-02 09:54:00+05:30,11.75,11.95,11.65,11.9,735475,18998330
2026-01-02 09:55:00+05:30,11.95,12.1,11.85,11.95,604890,18976425
2026-01-02 09:56:00+05:30,11.95,12.1,11.9,12.05,457990,18976425
2026-01-02 09:57:00+05:30,12.05,12.2,12.0,12.1,417365,18976425
2026-01-02 09:58:00+05:30,12.15,12.15,12.05,12.1,413855,19006715
2026-01-02 09:59:00+05:30,12.05,12.1,12.0,12.1,488475,19006715
2026-01-02 10:00:00+05:30,12.1,12.2,12.0,12.15,490815,19006715
2026-01-02 10:01:00+05:30,12.2,12.2,12.05,12.1,312455,19296745
2026-01-02 10:02:00+05:30,12.1,12.15,11.85,11.95,538785,19296745
2026-01-02 10:03:00+05:30,11.95,12.0,11.9,12.0,524355,19296745
2026-01-02 10:04:00+05:30,11.95,12.0,11.9,11.95,410020,19372405
2026-01-02 10:05:00+05:30,11.85,12.0,11.85,11.95,378950,19372405
2026-01-02 10:06:00+05:30,12.0,12.05,11.9,12.05,249080,19372405
2026-01-02 10:07:00+05:30,12.0,12.1,12.0,12.05,321295,19310590
2026-01-02 10:08:00+05:30,12.05,12.15,12.0,12.15,367250,19310590
2026-01-02 10:09:00+05:30,12.1,12.15,12.05,12.1,306800,19310590
2026-01-02 10:10:00+05:30,12.1,12.1,11.9,12.0,457535,19526715
2026-01-02 10:11:00+05:30,11.95,12.0,11.9,11.9,174850,19526715
2026-01-02 10:12:00+05:30,12.0,12.0,11.7,11.75,440635,19526715
2026-01-02 10:13:00+05:30,11.7,11.75,11.6,11.6,268645,19308250
2026-01-02 10:14:00+05:30,11.6,11.65,11.05,11.25,737945,19308250
2026-01-02 10:15:00+05:30,11.3,11.55,11.1,11.25,717795,19308250
2026-01-02 10:16:00+05:30,11.2,11.45,11.2,11.4,414570,19092775
2026-01-02 10:17:00+05:30,11.35,11.5,11.35,11.4,195260,19092775
2026-01-02 10:18:00+05:30,11.5,11.8,11.45,11.65,467805,19092775
2026-01-02 10:19:00+05:30,11.7,11.75,11.6,11.75,314145,19072885
2026-01-02 10:20:00+05:30,11.65,11.7,11.55,11.55,225615,19072885
2026-01-02 10:21:00+05:30,11.6,11.6,11.5,11.5,176670,19072885
2026-01-02 10:22:00+05:30,11.45,11.65,11.45,11.55,235170,19140810
2026-01-02 10:23:00+05:30,11.6,11.65,11.55,11.65,199810,19140810
2026-01-02 10:24:00+05:30,11.6,11.65,11.4,11.5,345215,19140810
2026-01-02 10:25:00+05:30,11.55,11.6,11.45,11.6,175370,19303310
2026-01-02 10:26:00+05:30,11.55,11.6,11.45,11.55,150800,19303310
2026-01-02 10:27:00+05:30,11.55,11.7,11.5,11.7,140790,19303310
2026-01-02 10:28:00+05:30,11.6,11.7,11.5,11.7,131625,19381115
2026-01-02 10:29:00+05:30,11.7,11.8,11.6,11.8,173355,19381115
2026-01-02 10:30:00+05:30,11.7,11.9,11.7,11.8,277485,19381115
2026-01-02 10:31:00+05:30,11.7,11.8,11.65,11.65,164255,19486545
2026-01-02 10:32:00+05:30,11.65,11.8,11.65,11.8,161720,19486545
2026-01-02 10:33:00+05:30,11.75,11.9,11.75,11.9,211185,19486545
2026-01-02 10:34:00+05:30,11.9,11.9,11.75,11.8,207740,19459960
2026-01-02 10:35:00+05:30,11.8,11.8,11.6,11.6,280215,19459960
2026-01-02 10:36:00+05:30,11.65,11.65,11.3,11.35,333710,19459960
2026-01-02 10:37:00+05:30,11.4,11.55,11.35,11.4,244660,19428305
2026-01-02 10:38:00+05:30,11.35,11.35,11.25,11.25,167895,19428305
2026-01-02 10:39:00+05:30,11.3,11.45,11.2,11.2,129480,19428305
2026-01-02 10:40:00+05:30,11.25,11.4,11.2,11.4,163605,19381830
2026-01-02 10:41:00+05:30,11.35,11.35,11.2,11.2,175175,19381830
2026-01-02 10:42:00+05:30,11.1,11.3,11.0,11.25,387920,19381830
2026-01-02 10:43:00+05:30,11.35,11.4,11.25,11.3,159185,19374290
2026-01-02 10:44:00+05:30,11.35,11.4,11.3,11.4,115830,19374290
2026-01-02 10:45:00+05:30,11.35,11.4,11.3,11.3,95095,19374290
2026-01-02 10:46:00+05:30,11.3,11.35,11.25,11.25,102180,19454630
2026-01-02 10:47:00+05:30,11.25,11.25,11.05,11.1,150085,19454630
2026-01-02 10:48:00+05:30,11.15,11.15,11.0,11.05,231595,19454630
2026-01-02 10:49:00+05:30,11.05,11.15,11.0,11.1,204620,19443320
2026-01-02 10:50:00+05:30,11.1,11.1,10.85,10.95,444405,19443320
2026-01-02 10:51:00+05:30,10.9,11.0,10.9,10.95,313430,19443320
2026-01-02 10:52:00+05:30,10.95,11.05,10.95,11.0,137605,19299020
2026-01-02 10:53:00+05:30,11.05,11.1,11.0,11.05,164060,19299020
2026-01-02 10:54:00+05:30,11.05,11.05,11.0,11.05,78585,19299020
2026-01-02 10:55:00+05:30,11.05,11.05,10.95,11.05,75660,19284005
2026-01-02 10:56:00+05:30,11.0,11.15,11.0,11.1,247130,19284005
2026-01-02 10:57:00+05:30,11.05,11.1,11.0,11.0,87295,19284005
2026-01-02 10:58:00+05:30,11.05,11.05,11.0,11.0,73645,19321055
2026-01-02 10:59:00+05:30,11.0,11.0,10.8,10.8,227045,19321055
2026-01-02 11:00:00+05:30,10.8,10.85,10.75,10.85,204490,19321055
2026-01-02 11:01:00+05:30,10.8,10.9,10.75,10.8,210795,19245655
2026-01-02 11:02:00+05:30,10.9,11.05,10.85,11.05,205335,19245655
2026-01-02 11:03:00+05:30,11.05,11.15,11.0,11.0,181090,19245655
2026-01-02 11:04:00+05:30,11.1,11.1,10.95,11.0,157170,19201520
2026-01-02 11:05:00+05:30,10.95,11.05,10.95,10.95,101075,19201520
2026-01-02 11:06:00+05:30,10.95,11.1,10.95,11.0,91065,19201520
2026-01-02 11:07:00+05:30,11.0,11.2,11.0,11.2,165490,19207890
2026-01-02 11:08:00+05:30,11.2,11.25,11.1,11.2,175565,19207890
2026-01-02 11:09:00+05:30,11.25,11.25,11.05,11.05,130715,19207890
2026-01-02 11:10:00+05:30,11.1,11.2,11.05,11.1,142805,19234865
2026-01-02 11:11:00+05:30,11.1,11.25,11.05,11.25,82225,19234865
2026-01-02 11:12:00+05:30,11.15,11.2,11.05,11.05,206050,19234865
2026-01-02 11:13:00+05:30,11.15,11.15,10.95,10.95,241410,19307405
2026-01-02 11:14:00+05:30,11.0,11.0,10.8,10.9,270660,19307405
2026-01-02 11:15:00+05:30,10.9,10.9,10.55,10.65,335270,19307405
2026-01-02 11:16:00+05:30,10.6,10.7,10.6,10.6,231920,19273215
2026-01-02 11:17:00+05:30,10.65,10.65,10.35,10.45,256035,19273215
2026-01-02 11:18:00+05:30,10.35,10.4,10.25,10.3,431925,19273215
2026-01-02 11:19:00+05:30,10.3,10.35,10.25,10.35,174915,19307080
2026-01-02 11:20:00+05:30,10.35,10.35,10.19,10.25,208325,19307080
2026-01-02 11:21:00+05:30,10.3,10.3,9.94,10.1,647465,19307080
2026-01-02 11:22:00+05:30,10.1,10.4,10.1,10.35,302380,19293365
2026-01-02 11:23:00+05:30,10.35,10.35,10.25,10.3,142740,19293365
2026-01-02 11:24:00+05:30,10.3,10.3,10.15,10.19,200070,19293365
2026-01-02 11:25:00+05:30,10.25,10.25,10.15,10.15,156260,19317480
2026-01-02 11:26:00+05:30,10.05,10.15,10.05,10.1,288925,19317480
2026-01-02 11:27:00+05:30,10.15,10.19,10.05,10.15,110890,19317480
2026-01-02 11:28:00+05:30,10.19,10.19,10.0,10.05,239330,19308575
2026-01-02 11:29:00+05:30,10.05,10.1,9.9,9.94,328250,19308575
2026-01-02 11:30:00+05:30,9.9,10.0,9.85,9.9,289575,19308575
2026-01-02 11:31:00+05:30,9.94,9.94,9.6,9.75,488215,19153810
2026-01-02 11:32:00+05:30,9.75,9.85,9.69,9.85,431470,19153810
2026-01-02 11:33:00+05:30,9.85,9.9,9.8,9.85,292695,19153810
2026-01-02 11:34:00+05:30,9.85,9.9,9.8,9.8,230035,19168435
2026-01-02 11:35:00+05:30,9.75,9.94,9.75,9.9,325845,19168435
2026-01-02 11:36:00+05:30,9.85,9.94,9.8,9.85,269295,19168435
2026-01-02 11:37:00+05:30,9.85,9.9,9.8,9.85,292175,19119360
2026-01-02 11:38:00+05:30,9.8,9.85,9.69,9.75,236925,19119360
2026-01-02 11:39:00+05:30,9.8,9.8,9.65,9.69,223665,19119360
2026-01-02 11:40:00+05:30,9.75,9.9,9.75,9.85,194805,19211985
2026-01-02 11:41:00+05:30,9.85,9.85,9.75,9.85,306670,19211985
2026-01-02 11:42:00+05:30,9.8,9.9,9.8,9.8,180440,19211985
2026-01-02 11:43:00+05:30,9.85,9.94,9.75,9.8,224380,19252155
2026-01-02 11:44:00+05:30,9.85,9.94,9.8,9.9,227760,19252155
2026-01-02 11:45:00+05:30,9.9,10.0,9.9,9.9,226525,19252155
2026-01-02 11:46:00+05:30,9.94,10.0,9.9,9.94,288470,19180720
2026-01-02 11:47:00+05:30,9.94,9.94,9.85,9.94,132600,19180720
2026-01-02 11:48:00+05:30,9.94,9.94,9.8,9.9,136175,19180720
2026-01-02 11:49:00+05:30,9.85,9.9,9.8,9.8,133705,19218875
2026-01-02 11:50:00+05:30,9.85,9.94,9.8,9.9,108290,19218875
2026-01-02 11:51:00+05:30,9.9,9.94,9.8,9.85,103025,19218875
2026-01-02 11:52:00+05:30,9.8,9.85,9.75,9.8,246090,19220370
2026-01-02 11:53:00+05:30,9.8,9.9,9.8,9.8,172640,19220370
2026-01-02 11:54:00+05:30,9.8,9.85,9.75,9.8,150215,19220370
2026-01-02 11:55:00+05:30,9.85,9.9,9.8,9.8,116740,19145100
2026-01-02 11:56:00+05:30,9.8,9.85,9.75,9.8,112515,19145100
2026-01-02 11:57:00+05:30,9.75,9.8,9.69,9.75,161655,19145100
2026-01-02 11:58:00+05:30,9.75,9.8,9.65,9.69,375050,19223360
2026-01-02 11:59:00+05:30,9.75,9.8,9.69,9.69,161655,19223360
2026-01-02 12:00:00+05:30,9.69,9.75,9.69,9.69,129935,19223360
2026-01-02 12:01:00+05:30,9.69,9.75,9.69,9.69,85345,19183970
2026-01-02 12:02:00+05:30,9.75,9.85,9.69,9.75,323440,19183970
2026-01-02 12:03:00+05:30,9.8,9.8,9.65,9.65,233935,19183970
2026-01-02 12:04:00+05:30,9.6,9.69,9.6,9.65,170690,19173895
2026-01-02 12:05:00+05:30,9.65,9.75,9.6,9.69,124735,19173895
2026-01-02 12:06:00+05:30,9.65,9.75,9.65,9.69,82615,19173895
2026-01-02 12:07:00+05:30,9.69,9.8,9.69,9.69,58500,19154395
2026-01-02 12:08:00+05:30,9.75,9.75,9.69,9.69,151255,19154395
2026-01-02 12:09:00+05:30,9.65,9.8,9.65,9.8,147225,19154395
2026-01-02 12:10:00+05:30,9.8,9.8,9.69,9.75,102765,19151470
2026-01-02 12:11:00+05:30,9.75,9.8,9.69,9.75,103155,19151470
2026-01-02 12:12:00+05:30,9.69,9.8,9.69,9.75,103090,19151470
2026-01-02 12:13:00+05:30,9.75,9.75,9.65,9.69,134485,19203535
2026-01-02 12:14:00+05:30,9.65,9.69,9.6,9.65,109525,19203535
2026-01-02 12:15:00+05:30,9.65,9.8,9.65,9.69,101855,19203535
2026-01-02 12:16:00+05:30,9.75,9.8,9.69,9.75,99775,19204055
2026-01-02 12:17:00+05:30,9.69,9.8,9.69,9.8,72995,19204055
2026-01-02 12:18:00+05:30,9.8,9.8,9.75,9.8,107315,19204055
2026-01-02 12:19:00+05:30,9.75,9.85,9.75,9.85,125710,19199700
2026-01-02 12:20:00+05:30,9.75,9.8,9.65,9.75,200980,19199700
2026-01-02 12:21:00+05:30,9.69,9.75,9.6,9.6,112255,19199700
2026-01-02 12:22:00+05:30,9.6,9.65,9.5,9.55,196625,19124235
2026-01-02 12:23:00+05:30,9.6,9.65,9.5,9.55,130585,19124235
2026-01-02 12:24:00+05:30,9.5,9.55,9.4,9.4,228475,19124235
2026-01-02 12:25:00+05:30,9.4,9.5,9.3,9.4,172445,19097000
2026-01-02 12:26:00+05:30,9.44,9.5,9.4,9.44,98670,19097000
2026-01-02 12:27:00+05:30,9.44,9.5,9.35,9.4,142350,19097000
2026-01-02 12:28:00+05:30,9.35,9.44,9.35,9.35,161070,19113445
2026-01-02 12:29:00+05:30,9.35,9.4,9.25,9.4,144885,19113445
2026-01-02 12:30:00+05:30,9.4,9.4,9.3,9.3,103415,19113445
2026-01-02 12:31:00+05:30,9.3,9.35,9.25,9.25,147745,19132815
2026-01-02 12:32:00+05:30,9.19,9.25,9.1,9.15,390260,19132815
2026-01-02 12:33:00+05:30,9.15,9.19,9.05,9.1,229710,19132815
2026-01-02 12:34:00+05:30,9.0,9.1,8.8,9.0,856635,18909410
2026-01-02 12:35:00+05:30,9.1,9.15,9.05,9.15,215280,18909410
2026-01-02 12:36:00+05:30,9.1,9.19,9.1,9.19,198120,18909410
2026-01-02 12:37:00+05:30,9.19,9.3,9.15,9.19,244465,18909410
2026-01-02 12:38:00+05:30,9.15,9.3,9.15,9.3,189150,18895890
2026-01-02 12:39:00+05:30,9.3,9.35,9.25,9.25,532675,18895890
2026-01-02 12:40:00+05:30,9.35,9.35,9.19,9.19,146900,18846360
2026-01-02 12:41:00+05:30,9.19,9.3,9.19,9.25,474305,18846360
2026-01-02 12:42:00+05:30,9.25,9.3,9.15,9.19,179075,18846360
2026-01-02 12:43:00+05:30,9.19,9.25,9.15,9.25,73320,18846360
2026-01-02 12:44:00+05:30,9.25,9.25,9.15,9.15,75530,18850000
2026-01-02 12:45:00+05:30,9.15,9.19,9.1,9.1,117325,18850000
2026-01-02 12:46:00+05:30,9.1,9.15,9.1,9.15,92625,18850000
2026-01-02 12:47:00+05:30,9.15,9.19,9.1,9.15,116350,18858645
2026-01-02 12:48:00+05:30,9.19,9.4,9.19,9.35,168740,18858645
2026-01-02 12:49:00+05:30,9.35,9.5,9.35,9.44,227955,18858645
2026-01-02 12:50:00+05:30,9.4,9.44,9.3,9.4,145795,18897385
2026-01-02 12:51:00+05:30,9.4,9.44,9.3,9.44,107445,18897385
2026-01-02 12:52:00+05:30,9.44,9.5,9.44,9.44,96460,18897385
2026-01-02 12:53:00+05:30,9.4,9.5,9.35,9.44,85540,18973305
2026-01-02 12:54:00+05:30,9.44,9.5,9.4,9.44,91975,18973305
2026-01-02 12:55:00+05:30,9.44,9.5,9.4,9.44,223600,18973305
2026-01-02 12:56:00+05:30,9.44,9.5,9.4,9.44,112060,19077565
2026-01-02 12:57:00+05:30,9.44,9.5,9.35,9.4,94705,19077565
2026-01-02 12:58:00+05:30,9.44,9.44,9.35,9.4,92300,19077565
2026-01-02 12:59:00+05:30,9.4,9.44,9.3,9.35,62530,19061315
2026-01-02 13:00:00+05:30,9.35,9.44,9.35,9.44,118040,19061315
2026-01-02 13:01:00+05:30,9.4,9.44,9.3,9.35,130845,19061315
2026-01-02 13:02:00+05:30,9.44,9.44,9.3,9.35,192335,19047275
2026-01-02 13:03:00+05:30,9.4,9.4,9.19,9.19,140985,19047275
2026-01-02 13:04:00+05:30,9.19,9.25,9.15,9.15,224380,19047275
2026-01-02 13:05:00+05:30,9.19,9.19,9.05,9.05,171925,19039540
2026-01-02 13:06:00+05:30,9.05,9.19,9.05,9.15,100295,19039540
2026-01-02 13:07:00+05:30,9.1,9.15,9.1,9.1,40820,19039540
2026-01-02 13:08:00+05:30,9.15,9.15,9.1,9.1,56810,19002880
2026-01-02 13:09:00+05:30,9.15,9.15,9.05,9.15,47970,19002880
2026-01-02 13:10:00+05:30,9.1,9.15,9.05,9.1,93860,19002880
2026-01-02 13:11:00+05:30,9.1,9.1,9.0,9.05,273975,18979610
2026-01-02 13:12:00+05:30,9.0,9.1,8.94,8.94,233090,18979610
2026-01-02 13:13:00+05:30,8.94,9.0,8.9,8.9,123760,18979610
2026-01-02 13:14:00+05:30,8.9,8.94,8.75,8.85,231660,18994430
2026-01-02 13:15:00+05:30,8.9,8.9,8.75,8.8,127855,18994430
2026-01-02 13:16:00+05:30,8.8,8.9,8.69,8.75,220935,18994430
2026-01-02 13:17:00+05:30,8.69,8.8,8.69,8.75,92690,18959070
2026-01-02 13:18:00+05:30,8.75,8.75,8.65,8.69,95615,18959070
2026-01-02 13:19:00+05:30,8.69,8.75,8.69,8.69,63505,18959070
2026-01-02 13:20:00+05:30,8.65,8.75,8.6,8.75,137670,18988450
2026-01-02 13:21:00+05:30,8.75,8.75,8.65,8.65,115635,18988450
2026-01-02 13:22:00+05:30,8.65,8.69,8.55,8.69,243945,18988450
2026-01-02 13:23:00+05:30,8.69,8.75,8.6,8.75,129155,18960890
2026-01-02 13:24:00+05:30,8.75,8.85,8.75,8.8,135915,18960890
2026-01-02 13:25:00+05:30,8.85,8.85,8.75,8.8,125450,18960890
2026-01-02 13:26:00+05:30,8.8,9.0,8.8,8.9,179140,18958420
2026-01-02 13:27:00+05:30,8.94,9.0,8.9,8.94,175240,18958420
2026-01-02 13:28:00+05:30,8.94,9.0,8.9,9.0,123240,18958420
2026-01-02 13:29:00+05:30,8.94,9.05,8.9,9.05,149175,19049615
2026-01-02 13:30:00+05:30,9.0,9.1,9.0,9.1,114725,19049615
2026-01-02 13:31:00+05:30,9.1,9.1,9.0,9.05,150085,19049615
2026-01-02 13:32:00+05:30,9.1,9.1,9.0,9.0,64870,19022445
2026-01-02 13:33:00+05:30,9.05,9.1,8.94,8.94,78455,19022445
2026-01-02 13:34:00+05:30,8.94,9.0,8.9,8.94,109980,19022445
2026-01-02 13:35:00+05:30,8.94,9.0,8.9,8.9,125645,19107140
2026-01-02 13:36:00+05:30,8.9,8.94,8.85,8.85,81835,19107140
2026-01-02 13:37:00+05:30,8.85,9.0,8.85,8.9,76635,19107140
2026-01-02 13:38:00+05:30,8.9,9.1,8.9,9.05,196365,19114095
2026-01-02 13:39:00+05:30,9.1,9.1,9.0,9.05,112710,19114095
2026-01-02 13:40:00+05:30,9.05,9.1,8.94,9.0,128115,19114095
2026-01-02 13:41:00+05:30,8.94,9.05,8.9,9.0,69875,19078085
2026-01-02 13:42:00+05:30,9.0,9.05,8.94,9.0,85085,19078085
2026-01-02 13:43:00+05:30,8.94,9.05,8.94,9.0,80860,19078085
2026-01-02 13:44:00+05:30,9.0,9.05,8.94,9.0,96720,19076785
2026-01-02 13:45:00+05:30,8.94,9.0,8.9,8.94,86125,19076785
2026-01-02 13:46:00+05:30,9.0,9.0,8.9,8.94,65910,19076785
2026-01-02 13:47:00+05:30,9.0,9.05,8.94,9.05,54275,19103305
2026-01-02 13:48:00+05:30,9.0,9.05,8.94,9.0,51545,19103305
2026-01-02 13:49:00+05:30,9.05,9.1,9.0,9.0,80730,19103305
2026-01-02 13:50:00+05:30,8.94,9.1,8.94,9.05,93340,19112925
2026-01-02 13:51:00+05:30,9.0,9.05,8.94,9.0,74490,19112925
2026-01-02 13:52:00+05:30,9.0,9.05,8.94,8.94,68055,19112925
2026-01-02 13:53:00+05:30,9.0,9.0,8.85,8.9,183690,19080295
2026-01-02 13:54:00+05:30,8.9,9.05,8.9,9.05,129220,19080295
2026-01-02 13:55:00+05:30,9.0,9.05,8.94,9.0,87425,19080295
2026-01-02 13:56:00+05:30,9.0,9.05,8.94,8.94,104910,19161415
2026-01-02 13:57:00+05:30,8.94,9.05,8.94,9.05,107250,19161415
2026-01-02 13:58:00+05:30,9.05,9.1,9.0,9.05,119145,19161415
2026-01-02 13:59:00+05:30,9.05,9.1,9.0,9.05,144755,19130670
2026-01-02 14:00:00+05:30,9.05,9.05,8.85,8.9,106925,19130670
2026-01-02 14:01:00+05:30,8.9,8.94,8.85,8.85,104000,19130670
2026-01-02 14:02:00+05:30,8.9,8.9,8.8,8.9,85865,19178640
2026-01-02 14:03:00+05:30,8.85,8.94,8.85,8.9,109265,19178640
2026-01-02 14:04:00+05:30,8.9,8.94,8.85,8.9,87295,19178640
2026-01-02 14:05:00+05:30,8.9,8.94,8.8,8.85,230815,19237920
2026-01-02 14:06:00+05:30,8.85,8.85,8.8,8.8,81445,19237920
2026-01-02 14:07:00+05:30,8.8,8.85,8.75,8.75,110565,19237920
2026-01-02 14:08:00+05:30,8.75,8.8,8.69,8.69,82485,19256315
2026-01-02 14:09:00+05:30,8.75,8.75,8.6,8.69,106275,19256315
2026-01-02 14:10:00+05:30,8.69,8.75,8.6,8.69,163410,19256315
2026-01-02 14:11:00+05:30,8.69,8.69,8.55,8.55,102830,19236100
2026-01-02 14:12:00+05:30,8.55,8.65,8.55,8.65,84175,19236100
2026-01-02 14:13:00+05:30,8.6,8.65,8.6,8.6,47645,19236100
2026-01-02 14:14:00+05:30,8.6,8.65,8.55,8.65,64155,19271785
2026-01-02 14:15:00+05:30,8.6,8.65,8.44,8.5,139685,19271785
2026-01-02 14:16:00+05:30,8.5,8.55,8.44,8.44,105625,19271785
2026-01-02 14:17:00+05:30,8.5,8.5,8.35,8.44,93860,19229730
2026-01-02 14:18:00+05:30,8.5,8.5,8.3,8.35,245245,19229730
2026-01-02 14:19:00+05:30,8.4,8.44,8.25,8.35,356655,19229730
2026-01-02 14:20:00+05:30,8.35,8.35,8.05,8.1,458705,19213935
2026-01-02 14:21:00+05:30,8.1,8.15,7.95,8.0,357240,19213935
2026-01-02 14:22:00+05:30,8.05,8.05,7.85,7.9,292240,19213935
2026-01-02 14:23:00+05:30,7.95,7.95,7.8,7.85,162435,19171750
2026-01-02 14:24:00+05:30,7.85,7.85,7.7,7.75,267475,19171750
2026-01-02 14:25:00+05:30,7.75,7.9,7.65,7.75,361400,19171750
2026-01-02 14:26:00+05:30,7.75,7.75,7.65,7.7,197990,19111885
2026-01-02 14:27:00+05:30,7.65,7.7,7.6,7.65,172510,19111885
2026-01-02 14:28:00+05:30,7.65,7.75,7.65,7.7,197535,19111885
2026-01-02 14:29:00+05:30,7.7,7.85,7.65,7.85,310245,19013410
2026-01-02 14:30:00+05:30,7.85,8.15,7.8,8.15,328835,19013410
2026-01-02 14:31:00+05:30,8.15,8.19,8.05,8.19,260715,19013410
2026-01-02 14:32:00+05:30,8.15,8.4,8.15,8.25,348595,19005740
2026-01-02 14:33:00+05:30,8.25,8.4,8.25,8.4,360165,19005740
2026-01-02 14:34:00+05:30,8.4,8.5,8.3,8.35,326040,19005740
2026-01-02 14:35:00+05:30,8.3,8.6,8.3,8.6,238810,18994040
2026-01-02 14:36:00+05:30,8.55,8.65,8.4,8.4,272675,18994040
2026-01-02 14:37:00+05:30,8.44,8.6,8.44,8.55,127725,18994040
2026-01-02 14:38:00+05:30,8.5,8.55,8.5,8.5,155415,19038370
2026-01-02 14:39:00+05:30,8.5,8.55,8.35,8.5,238030,19038370
2026-01-02 14:40:00+05:30,8.55,8.69,8.4,8.4,307840,19038370
2026-01-02 14:41:00+05:30,8.35,8.44,8.35,8.35,209105,18996055
2026-01-02 14:42:00+05:30,8.35,8.35,8.15,8.25,290810,18996055
2026-01-02 14:43:00+05:30,8.25,8.3,8.19,8.25,126555,18996055
2026-01-02 14:44:00+05:30,8.25,8.5,8.19,8.5,251485,18840705
2026-01-02 14:45:00+05:30,8.55,8.69,8.5,8.5,427505,18840705
2026-01-02 14:46:00+05:30,8.5,8.6,8.44,8.55,123435,18840705
2026-01-02 14:47:00+05:30,8.6,8.69,8.55,8.6,106080,18768685
2026-01-02 14:48:00+05:30,8.65,8.65,8.4,8.44,492375,18768685
2026-01-02 14:49:00+05:30,8.4,8.5,8.3,8.3,243620,18768685
2026-01-02 14:50:00+05:30,8.19,8.19,7.9,7.95,556010,18419570
2026-01-02 14:51:00+05:30,7.9,7.9,7.45,7.45,682110,18419570
2026-01-02 14:52:00+05:30,7.5,7.75,7.5,7.65,314470,18419570
2026-01-02 14:53:00+05:30,7.7,7.7,7.55,7.65,237510,18322460
2026-01-02 14:54:00+05:30,7.6,7.65,7.55,7.55,190710,18322460
2026-01-02 14:55:00+05:30,7.55,7.6,7.25,7.35,419250,18322460
2026-01-02 14:56:00+05:30,7.35,7.4,7.2,7.4,439985,18320835
2026-01-02 14:57:00+05:30,7.4,7.4,7.15,7.25,371020,18320835
2026-01-02 14:58:00+05:30,7.3,7.35,7.2,7.25,237900,18320835
2026-01-02 14:59:00+05:30,7.25,7.35,7.2,7.2,287430,18250245
2026-01-02 15:00:00+05:30,7.1,7.15,6.9,6.95,688350,18250245
2026-01-02 15:01:00+05:30,7.05,7.05,7.0,7.0,464165,18250245
2026-01-02 15:02:00+05:30,7.05,7.05,6.9,7.05,444665,18132790
2026-01-02 15:03:00+05:30,7.05,7.1,7.0,7.1,294190,18132790
2026-01-02 15:04:00+05:30,7.05,7.1,6.95,7.05,302380,18132790
2026-01-02 15:05:00+05:30,7.1,7.1,7.0,7.0,477945,18049785
2026-01-02 15:06:00+05:30,6.95,7.0,6.9,7.0,490165,18049785
2026-01-02 15:07:00+05:30,7.0,7.1,7.0,7.05,339885,18049785
2026-01-02 15:08:00+05:30,7.1,7.2,7.1,7.15,405145,18025345
2026-01-02 15:09:00+05:30,7.1,7.15,7.05,7.05,259740,18025345
2026-01-02 15:10:00+05:30,7.15,7.15,6.95,7.15,830505,18025345
2026-01-02 15:11:00+05:30,7.15,7.15,7.05,7.15,647400,18048420
2026-01-02 15:12:00+05:30,7.1,7.2,7.1,7.2,910455,18048420
2026-01-02 15:13:00+05:30,7.2,7.25,7.15,7.2,605215,18048420
2026-01-02 15:14:00+05:30,7.3,7.45,7.25,7.45,470145,17986670
2026-01-02 15:15:00+05:30,7.55,7.7,7.5,7.65,642005,17986670
2026-01-02 15:16:00+05:30,7.7,7.75,7.6,7.75,519415,17986670
2026-01-02 15:17:00+05:30,7.8,7.9,7.8,7.9,726050,18012930
2026-01-02 15:18:00+05:30,7.85,7.85,7.7,7.7,781105,18012930
2026-01-02 15:19:00+05:30,7.75,7.75,7.6,7.7,566410,18012930
2026-01-02 15:20:00+05:30,7.8,7.9,7.8,7.85,854880,18207670
2026-01-02 15:21:00+05:30,7.85,8.0,7.85,7.85,568230,18207670
2026-01-02 15:22:00+05:30,7.9,7.9,7.65,7.9,714480,18207670
2026-01-02 15:23:00+05:30,8.0,8.0,7.65,7.65,631215,18229640
2026-01-02 15:24:00+05:30,7.65,7.85,7.6,7.7,612690,18229640
2026-01-02 15:25:00+05:30,7.8,7.95,7.8,7.9,1087840,18229640
2026-01-02 15:26:00+05:30,7.9,7.9,7.7,7.7,1127360,18368740
2026-01-02 15:27:00+05:30,7.8,7.85,7.6,7.6,971165,18368740
2026-01-02 15:28:00+05:30,7.75,7.75,7.2,7.35,1253005,18368740
2026-01-02 15:29:00+05:30,7.5,7.75,7.0,7.0,1144000,18258630
2026-01-05 09:15:00+05:30,4.09,6.5,4.09,6.05,3353805,17686565
2026-01-05 09:16:00+05:30,5.9,6.45,5.8,6.1,2755415,18007405
2026-01-05 09:17:00+05:30,6.0,6.05,5.3,5.3,2068820,18007405
2026-01-05 09:18:00+05:30,5.3,5.6,5.05,5.15,1749280,18007405
2026-01-05 09:19:00+05:30,5.3,5.4,5.09,5.3,1156610,18626140
2026-01-05 09:20:00+05:30,5.45,5.9,5.35,5.8,1854775,18626140
2026-01-05 09:21:00+05:30,6.1,6.45,5.55,5.6,2198690,18626140
2026-01-05 09:22:00+05:30,5.6,5.65,5.3,5.4,1098045,18544370
2026-01-05 09:23:00+05:30,5.4,6.1,5.4,6.1,1022515,18544370
2026-01-05 09:24:00+05:30,6.1,6.3,5.9,6.15,1662505,18544370
2026-01-05 09:25:00+05:30,6.05,6.3,5.8,5.85,1702090,18518370
2026-01-05 09:26:00+05:30,5.8,5.85,5.45,5.55,1065025,18518370
2026-01-05 09:27:00+05:30,5.6,6.3,5.6,6.2,1340170,18518370
2026-01-05 09:28:00+05:30,6.25,6.5,5.85,6.45,1129830,18502185
2026-01-05 09:29:00+05:30,6.25,6.8,6.1,6.2,1278095,18502185
2026-01-05 09:30:00+05:30,6.25,6.45,6.15,6.3,1143935,18502185
2026-01-05 09:31:00+05:30,6.25,6.95,6.2,6.9,957905,18527015
2026-01-05 09:32:00+05:30,6.9,7.1,6.65,6.7,1101620,18527015
2026-01-05 09:33:00+05:30,6.7,6.9,6.6,6.8,686270,18527015
2026-01-05 09:34:00+05:30,6.9,7.3,6.85,6.85,1439035,18845125
2026-01-05 09:35:00+05:30,6.9,7.05,6.65,7.05,1330095,18845125
2026-01-05 09:36:00+05:30,7.05,7.8,7.05,7.3,1285570,18845125
2026-01-05 09:37:00+05:30,7.25,7.35,7.05,7.2,598845,18910710
2026-01-05 09:38:00+05:30,7.2,7.2,6.85,7.1,874250,18910710
2026-01-05 09:39:00+05:30,7.05,7.05,6.8,6.9,635050,18910710
2026-01-05 09:40:00+05:30,6.85,6.85,6.05,6.05,1596010,19010940
2026-01-05 09:41:00+05:30,6.05,6.65,6.05,6.45,1204645,19010940
2026-01-05 09:42:00+05:30,6.45,6.45,6.15,6.2,501995,19010940
2026-01-05 09:43:00+05:30,6.2,6.7,6.2,6.55,596570,18407220
2026-01-05 09:44:00+05:30,6.55,7.05,6.55,6.6,735930,18407220
2026-01-05 09:45:00+05:30,6.55,6.7,6.3,6.7,568035,18407220
2026-01-05 09:46:00+05:30,6.6,6.7,6.25,6.25,373165,18519605
2026-01-05 09:47:00+05:30,6.35,6.5,6.05,6.4,615810,18519605
2026-01-05 09:48:00+05:30,6.3,6.45,6.15,6.3,483730,18519605
2026-01-05 09:49:00+05:30,6.25,6.25,5.7,5.7,897910,18608980
2026-01-05 09:50:00+05:30,5.7,5.7,5.3,5.45,1175330,18608980
2026-01-05 09:51:00+05:30,5.4,6.05,5.35,6.0,833560,18608980
2026-01-05 09:52:00+05:30,6.05,6.4,6.05,6.05,676390,18577715
2026-01-05 09:53:00+05:30,6.05,6.1,5.6,5.8,588185,18577715
2026-01-05 09:54:00+05:30,5.75,5.85,5.45,5.45,524745,18577715
2026-01-05 09:55:00+05:30,5.5,5.6,5.35,5.4,512460,18712980
2026-01-05 09:56:00+05:30,5.35,5.35,5.09,5.15,971880,18712980
2026-01-05 09:57:00+05:30,5.15,5.25,5.09,5.2,714805,18712980
2026-01-05 09:58:00+05:30,5.2,5.4,5.2,5.4,605345,18891210
2026-01-05 09:59:00+05:30,5.35,5.4,5.09,5.25,587665,18891210
2026-01-05 10:00:00+05:30,5.3,5.4,5.15,5.35,458835,18891210
2026-01-05 10:01:00+05:30,5.35,5.5,5.3,5.45,479830,18967910
2026-01-05 10:02:00+05:30,5.5,5.7,5.4,5.65,626535,18967910
2026-01-05 10:03:00+05:30,5.6,5.65,5.35,5.55,534040,18967910
2026-01-05 10:04:00+05:30,5.55,5.85,5.55,5.8,701805,18975580
2026-01-05 10:05:00+05:30,5.9,5.95,5.6,5.6,775840,18975580
2026-01-05 10:06:00+05:30,5.55,5.55,5.05,5.05,888030,18975580
2026-01-05 10:07:00+05:30,5.05,5.15,5.0,5.05,969735,19090370
2026-01-05 10:08:00+05:30,5.05,5.05,4.84,4.95,1062490,19090370
2026-01-05 10:09:00+05:30,4.9,5.0,4.9,5.0,812175,19090370
2026-01-05 10:10:00+05:30,4.95,5.0,4.9,4.95,825240,18921370
2026-01-05 10:11:00+05:30,4.95,5.05,4.95,5.0,447590,18921370
2026-01-05 10:12:00+05:30,5.0,5.09,5.0,5.09,551395,18921370
2026-01-05 10:13:00+05:30,5.05,5.09,5.0,5.05,452790,18867615
2026-01-05 10:14:00+05:30,5.0,5.09,5.0,5.09,581165,18867615
2026-01-05 10:15:00+05:30,5.09,5.15,5.0,5.05,386035,18867615
2026-01-05 10:16:00+05:30,5.09,5.09,5.0,5.05,710580,18975255
2026-01-05 10:17:00+05:30,5.0,5.09,4.95,5.0,272415,18975255
2026-01-05 10:18:00+05:30,5.0,5.05,4.84,4.84,716170,18975255
2026-01-05 10:19:00+05:30,4.84,5.0,4.84,4.95,834405,18871060
2026-01-05 10:20:00+05:30,5.0,5.15,5.0,5.09,553605,18871060
2026-01-05 10:21:00+05:30,5.09,5.25,5.09,5.2,817700,18871060
2026-01-05 10:22:00+05:30,5.15,5.35,5.15,5.35,440505,18477225
2026-01-05 10:23:00+05:30,5.3,5.35,5.25,5.3,367445,18477225
2026-01-05 10:24:00+05:30,5.25,5.4,5.25,5.3,576225,18477225
2026-01-05 10:25:00+05:30,5.3,5.3,5.25,5.25,566865,18496335
2026-01-05 10:26:00+05:30,5.25,5.35,5.25,5.3,403650,18496335
2026-01-05 10:27:00+05:30,5.3,5.3,5.2,5.25,497575,18496335
2026-01-05 10:28:00+05:30,5.2,5.25,5.2,5.25,248560,18315960
2026-01-05 10:29:00+05:30,5.25,5.25,5.2,5.25,403000,18315960
2026-01-05 10:30:00+05:30,5.2,5.3,5.2,5.2,456560,18315960
2026-01-05 10:31:00+05:30,5.25,5.25,5.05,5.09,253890,18191095
2026-01-05 10:32:00+05:30,5.09,5.15,5.09,5.09,213330,18191095
2026-01-05 10:33:00+05:30,5.09,5.09,5.05,5.05,354510,18191095
2026-01-05 10:34:00+05:30,5.05,5.15,5.05,5.15,201500,18125510
2026-01-05 10:35:00+05:30,5.15,5.15,5.05,5.09,148265,18125510
2026-01-05 10:36:00+05:30,5.09,5.09,5.0,5.09,183950,18125510
2026-01-05 10:37:00+05:30,5.05,5.09,4.9,5.0,306865,18069935
2026-01-05 10:38:00+05:30,4.9,4.95,4.7,4.75,335530,18069935
2026-01-05 10:39:00+05:30,4.75,4.8,4.7,4.8,520195,18069935
2026-01-05 10:40:00+05:30,4.8,4.9,4.75,4.9,244725,17945135
2026-01-05 10:41:00+05:30,4.84,5.0,4.84,5.0,237705,17945135
2026-01-05 10:42:00+05:30,5.0,5.09,4.95,5.09,494715,17945135
2026-01-05 10:43:00+05:30,5.09,5.3,5.09,5.15,539695,18075135
2026-01-05 10:44:00+05:30,5.2,5.2,5.05,5.05,347685,18075135
2026-01-05 10:45:00+05:30,5.0,5.15,5.0,5.05,340210,18075135
2026-01-05 10:46:00+05:30,5.05,5.05,4.9,5.0,299260,18340335
2026-01-05 10:47:00+05:30,5.0,5.15,5.0,5.15,209950,18340335
2026-01-05 10:48:00+05:30,5.09,5.09,4.95,5.05,223340,18340335
2026-01-05 10:49:00+05:30,5.05,5.05,4.95,5.0,334425,18415475
2026-01-05 10:50:00+05:30,4.95,5.0,4.9,5.0,153140,18415475
2026-01-05 10:51:00+05:30,5.0,5.0,4.95,5.0,104130,18415475
2026-01-05 10:52:00+05:30,4.95,5.0,4.95,5.0,239460,18449860
2026-01-05 10:53:00+05:30,5.0,5.0,4.95,4.95,127725,18449860
2026-01-05 10:54:00+05:30,4.95,4.95,4.9,4.95,201175,18449860
2026-01-05 10:55:00+05:30,4.9,4.95,4.9,4.95,148525,18363150
2026-01-05 10:56:00+05:30,4.95,4.95,4.9,4.95,121095,18363150
2026-01-05 10:57:00+05:30,4.95,5.0,4.84,4.84,185510,18363150
2026-01-05 10:58:00+05:30,4.84,4.84,4.8,4.8,102635,18318365
2026-01-05 10:59:00+05:30,4.84,4.95,4.8,4.9,133315,18318365
2026-01-05 11:00:00+05:30,4.9,5.0,4.9,4.95,226525,18318365
2026-01-05 11:01:00+05:30,4.95,5.0,4.9,4.9,78585,18337540
2026-01-05 11:02:00+05:30,4.95,4.95,4.84,4.84,213785,18337540
2026-01-05 11:03:00+05:30,4.84,4.9,4.8,4.84,205595,18337540
2026-01-05 11:04:00+05:30,4.84,4.9,4.8,4.84,139880,18384210
2026-01-05 11:05:00+05:30,4.84,4.9,4.8,4.84,164905,18384210
2026-01-05 11:06:00+05:30,4.9,4.9,4.8,4.8,134290,18384210
2026-01-05 11:07:00+05:30,4.84,4.95,4.8,4.84,221715,18348330
2026-01-05 11:08:00+05:30,4.84,4.95,4.84,4.84,163280,18348330
2026-01-05 11:09:00+05:30,4.84,4.95,4.84,4.95,140985,18348330
2026-01-05 11:10:00+05:30,4.95,4.95,4.9,4.9,196300,18398510
2026-01-05 11:11:00+05:30,4.95,4.95,4.8,4.84,141960,18398510
2026-01-05 11:12:00+05:30,4.84,4.9,4.8,4.84,79885,18398510
2026-01-05 11:13:00+05:30,4.84,4.84,4.75,4.84,106990,18407805
2026-01-05 11:14:00+05:30,4.8,4.9,4.8,4.84,340275,18407805
2026-01-05 11:15:00+05:30,4.84,4.9,4.8,4.84,119340,18407805
2026-01-05 11:16:00+05:30,4.84,4.95,4.84,4.95,109720,18416645
2026-01-05 11:17:00+05:30,4.95,5.0,4.9,4.95,205400,18416645
2026-01-05 11:18:00+05:30,4.95,5.0,4.9,4.95,112190,18416645
2026-01-05 11:19:00+05:30,4.95,5.05,4.95,5.05,103415,18414890
2026-01-05 11:20:00+05:30,5.0,5.05,4.95,4.95,126425,18414890
2026-01-05 11:21:00+05:30,4.95,5.09,4.95,5.05,171470,18414890
2026-01-05 11:22:00+05:30,5.05,5.15,5.05,5.15,278200,18455710
2026-01-05 11:23:00+05:30,5.2,5.7,5.15,5.55,1000480,18455710
2026-01-05 11:24:00+05:30,5.6,5.7,5.35,5.7,836680,18455710
2026-01-05 11:25:00+05:30,5.65,5.8,5.35,5.4,659750,18492370
2026-01-05 11:26:00+05:30,5.4,5.65,5.3,5.65,816530,18492370
2026-01-05 11:27:00+05:30,5.65,5.8,5.3,5.35,809965,18492370
2026-01-05 11:28:00+05:30,5.4,5.4,5.2,5.25,288795,18503940
2026-01-05 11:29:00+05:30,5.45,5.45,5.15,5.25,373230,18503940
2026-01-05 11:30:00+05:30,5.09,5.2,5.0,5.15,508885,18503940
2026-01-05 11:31:00+05:30,5.15,5.15,4.9,5.0,504205,18519930
2026-01-05 11:32:00+05:30,5.05,5.25,4.84,5.25,294970,18519930
2026-01-05 11:33:00+05:30,5.3,5.5,5.2,5.45,407810,18519930
2026-01-05 11:34:00+05:30,5.45,5.55,5.35,5.5,476970,18551845
2026-01-05 11:35:00+05:30,5.45,5.6,5.2,5.2,566345,18551845
2026-01-05 11:36:00+05:30,5.2,5.25,5.09,5.2,370045,18551845
2026-01-05 11:37:00+05:30,5.15,5.25,5.09,5.2,170885,18704790
2026-01-05 11:38:00+05:30,5.3,5.35,5.15,5.25,222235,18704790
2026-01-05 11:39:00+05:30,5.2,5.3,5.09,5.15,182260,18704790
2026-01-05 11:40:00+05:30,5.09,5.15,4.95,5.09,257985,18775770
2026-01-05 11:41:00+05:30,5.09,5.15,4.9,4.9,169260,18775770
2026-01-05 11:42:00+05:30,4.9,4.95,4.7,4.95,449995,18775770
2026-01-05 11:43:00+05:30,4.95,5.0,4.8,4.8,322075,18747690
2026-01-05 11:44:00+05:30,4.75,4.84,4.59,4.59,309400,18747690
2026-01-05 11:45:00+05:30,4.59,4.75,4.59,4.75,282815,18747690
2026-01-05 11:46:00+05:30,4.75,4.9,4.75,4.84,257725,18569265
2026-01-05 11:47:00+05:30,4.84,4.84,4.7,4.7,144040,18569265
2026-01-05 11:48:00+05:30,4.75,4.8,4.59,4.75,75205,18569265
2026-01-05 11:49:00+05:30,4.75,4.75,4.59,4.59,423670,18618080
2026-01-05 11:50:00+05:30,4.59,4.7,4.55,4.65,425750,18618080
2026-01-05 11:51:00+05:30,4.65,4.84,4.59,4.8,195845,18618080
2026-01-05 11:52:00+05:30,4.84,5.05,4.8,5.0,234000,18696405
2026-01-05 11:53:00+05:30,5.05,5.09,4.9,5.0,212485,18696405
2026-01-05 11:54:00+05:30,5.0,5.09,4.9,5.0,209560,18696405
2026-01-05 11:55:00+05:30,5.09,5.09,4.84,4.84,159315,18720975
2026-01-05 11:56:00+05:30,4.8,4.9,4.75,4.9,182325,18720975
2026-01-05 11:57:00+05:30,4.9,5.05,4.84,4.95,215540,18720975
2026-01-05 11:58:00+05:30,4.95,4.95,4.65,4.65,547495,18830695
2026-01-05 11:59:00+05:30,4.65,4.84,4.65,4.8,331110,18830695
2026-01-05 12:00:00+05:30,4.75,4.84,4.7,4.8,95225,18830695
2026-01-05 12:01:00+05:30,4.9,5.15,4.84,5.15,338325,18765175
2026-01-05 12:02:00+05:30,5.15,5.35,5.09,5.09,398125,18765175
2026-01-05 12:03:00+05:30,5.09,5.3,5.05,5.09,198900,18765175
2026-01-05 12:04:00+05:30,5.09,5.09,5.0,5.05,137540,18753670
2026-01-05 12:05:00+05:30,5.09,5.09,4.95,5.05,157365,18753670
2026-01-05 12:06:00+05:30,5.09,5.09,4.8,4.8,216580,18753670
2026-01-05 12:07:00+05:30,4.8,5.09,4.8,5.05,292630,18731765
2026-01-05 12:08:00+05:30,5.05,5.3,5.0,5.15,451295,18731765
2026-01-05 12:09:00+05:30,5.15,5.15,5.05,5.05,146705,18731765
2026-01-05 12:10:00+05:30,5.05,5.05,4.84,4.95,285415,18687825
2026-01-05 12:11:00+05:30,4.95,5.05,4.9,4.95,205855,18687825
2026-01-05 12:12:00+05:30,5.0,5.0,4.7,4.75,425295,18687825
2026-01-05 12:13:00+05:30,4.7,4.84,4.7,4.75,263185,18734950
2026-01-05 12:14:00+05:30,4.8,4.84,4.7,4.7,125450,18734950
2026-01-05 12:15:00+05:30,4.7,4.84,4.7,4.84,278265,18734950
2026-01-05 12:16:00+05:30,4.84,4.84,4.75,4.75,99190,18782205
2026-01-05 12:17:00+05:30,4.75,4.8,4.65,4.75,262665,18782205
2026-01-05 12:18:00+05:30,4.8,4.8,4.7,4.75,162240,18782205
2026-01-05 12:19:00+05:30,4.7,4.8,4.7,4.75,434460,18787535
2026-01-05 12:20:00+05:30,4.75,4.8,4.7,4.75,108030,18787535
2026-01-05 12:21:00+05:30,4.75,4.75,4.65,4.7,152880,18787535
2026-01-05 12:22:00+05:30,4.75,4.8,4.7,4.8,219050,18827640
2026-01-05 12:23:00+05:30,4.84,4.95,4.8,4.9,133705,18827640
2026-01-05 12:24:00+05:30,4.9,4.9,4.75,4.75,190385,18827640
2026-01-05 12:25:00+05:30,4.8,4.84,4.75,4.75,113230,18892900
2026-01-05 12:26:00+05:30,4.8,4.8,4.7,4.75,122265,18892900
2026-01-05 12:27:00+05:30,4.7,4.75,4.7,4.7,129935,18892900
2026-01-05 12:28:00+05:30,4.75,4.8,4.7,4.8,107185,18881005
2026-01-05 12:29:00+05:30,4.8,4.8,4.65,4.65,175045,18881005
2026-01-05 12:30:00+05:30,4.65,4.65,4.34,4.45,857610,18881005
2026-01-05 12:31:00+05:30,4.45,4.55,4.4,4.55,389805,18931770
2026-01-05 12:32:00+05:30,4.5,4.55,4.45,4.55,194675,18931770
2026-01-05 12:33:00+05:30,4.55,4.59,4.5,4.55,210535,18931770
2026-01-05 12:34:00+05:30,4.55,4.59,4.5,4.59,292045,18875870
2026-01-05 12:35:00+05:30,4.59,4.59,4.45,4.55,196950,18875870
2026-01-05 12:36:00+05:30,4.55,4.55,4.45,4.45,244075,18875870
2026-01-05 12:37:00+05:30,4.45,4.5,4.4,4.45,290225,18792995
2026-01-05 12:38:00+05:30,4.34,4.45,4.34,4.45,434590,18792995
2026-01-05 12:39:00+05:30,4.45,4.5,4.34,4.5,152100,18792995
2026-01-05 12:40:00+05:30,4.55,4.59,4.5,4.55,126230,18800340
2026-01-05 12:41:00+05:30,4.55,4.55,4.45,4.55,150215,18800340
2026-01-05 12:42:00+05:30,4.5,4.65,4.5,4.59,153465,18800340
2026-01-05 12:43:00+05:30,4.65,4.7,4.59,4.65,369915,18800340
2026-01-05 12:44:00+05:30,4.65,4.7,4.55,4.55,103480,18785065
2026-01-05 12:45:00+05:30,4.55,4.7,4.55,4.7,138710,18785065
2026-01-05 12:46:00+05:30,4.7,4.7,4.55,4.59,95940,18785065
2026-01-05 12:47:00+05:30,4.59,4.7,4.5,4.65,91130,18807815
2026-01-05 12:48:00+05:30,4.7,4.7,4.55,4.55,117390,18807815
2026-01-05 12:49:00+05:30,4.55,4.59,4.4,4.4,151840,18807815
2026-01-05 12:50:00+05:30,4.4,4.45,4.3,4.3,417105,18849935
2026-01-05 12:51:00+05:30,4.34,4.34,4.15,4.15,383955,18849935
2026-01-05 12:52:00+05:30,4.2,4.25,4.15,4.25,600340,18849935
2026-01-05 12:53:00+05:30,4.25,4.3,4.2,4.3,456105,18731830
2026-01-05 12:54:00+05:30,4.25,4.3,4.2,4.2,102180,18731830
2026-01-05 12:55:00+05:30,4.2,4.25,4.15,4.25,121420,18731830
2026-01-05 12:56:00+05:30,4.25,4.3,4.25,4.3,169650,18675345
2026-01-05 12:57:00+05:30,4.3,4.3,4.25,4.25,62855,18675345
2026-01-05 12:58:00+05:30,4.3,4.5,4.25,4.5,310635,18675345
2026-01-05 12:59:00+05:30,4.5,4.55,4.4,4.45,235235,18716035
2026-01-05 13:00:00+05:30,4.5,4.5,4.4,4.5,292955,18716035
2026-01-05 13:01:00+05:30,4.5,4.5,4.4,4.45,135395,18716035
2026-01-05 13:02:00+05:30,4.4,4.55,4.4,4.55,85020,18794945
2026-01-05 13:03:00+05:30,4.55,4.65,4.5,4.5,252330,18794945
2026-01-05 13:04:00+05:30,4.55,4.59,4.5,4.59,180310,18794945
2026-01-05 13:05:00+05:30,4.59,4.65,4.55,4.59,285025,18800600
2026-01-05 13:06:00+05:30,4.55,4.75,4.55,4.7,395915,18800600
2026-01-05 13:07:00+05:30,4.7,4.7,4.59,4.65,167050,18800600
2026-01-05 13:08:00+05:30,4.7,4.8,4.65,4.8,162305,18874180
2026-01-05 13:09:00+05:30,4.8,4.84,4.7,4.84,272480,18874180
2026-01-05 13:10:00+05:30,4.84,4.95,4.75,4.9,352040,18874180
2026-01-05 13:11:00+05:30,4.84,5.0,4.84,4.95,369785,18880810
2026-01-05 13:12:00+05:30,4.9,5.09,4.84,5.0,539110,18880810
2026-01-05 13:13:00+05:30,5.0,5.0,4.7,4.75,808990,18880810
2026-01-05 13:14:00+05:30,4.75,4.9,4.7,4.9,350545,18845190
2026-01-05 13:15:00+05:30,5.09,5.09,4.9,4.95,840840,18845190
2026-01-05 13:16:00+05:30,4.9,5.15,4.9,5.09,753090,18845190
2026-01-05 13:17:00+05:30,5.09,5.3,5.09,5.3,578825,18862350
2026-01-05 13:18:00+05:30,5.3,5.3,5.0,5.09,697710,18862350
2026-01-05 13:19:00+05:30,5.09,5.09,4.95,5.0,377130,18862350
2026-01-05 13:20:00+05:30,5.05,5.09,4.9,4.95,258310,18805345
2026-01-05 13:21:00+05:30,4.95,5.25,4.9,5.2,239850,18805345
2026-01-05 13:22:00+05:30,5.15,5.15,4.9,4.95,211900,18805345
2026-01-05 13:23:00+05:30,4.95,4.95,4.8,4.9,206115,18687045
2026-01-05 13:24:00+05:30,4.84,4.9,4.59,4.59,548730,18687045
2026-01-05 13:25:00+05:30,4.59,4.7,4.5,4.59,567710,18687045
2026-01-05 13:26:00+05:30,4.65,4.84,4.5,4.84,419120,18660265
2026-01-05 13:27:00+05:30,4.8,4.8,4.65,4.7,299585,18660265
2026-01-05 13:28:00+05:30,4.75,5.15,4.75,5.15,286975,18660265
2026-01-05 13:29:00+05:30,5.15,5.4,5.05,5.05,630435,18652595
2026-01-05 13:30:00+05:30,4.95,5.2,4.95,5.09,548405,18652595
2026-01-05 13:31:00+05:30,5.15,5.2,4.9,4.9,462540,18652595
2026-01-05 13:32:00+05:30,4.9,5.15,4.84,5.09,579085,18704790
2026-01-05 13:33:00+05:30,5.05,5.09,4.9,4.95,334360,18704790
2026-01-05 13:34:00+05:30,4.9,5.05,4.9,5.05,413855,18704790
2026-01-05 13:35:00+05:30,5.05,5.09,4.9,4.95,414505,18864495
2026-01-05 13:36:00+05:30,4.95,5.15,4.95,5.09,379665,18864495
2026-01-05 13:37:00+05:30,5.05,5.15,4.9,5.05,521755,18864495
2026-01-05 13:38:00+05:30,5.0,5.09,4.95,5.0,486135,18893225
2026-01-05 13:39:00+05:30,5.05,5.15,5.0,5.09,321555,18893225
2026-01-05 13:40:00+05:30,5.05,5.15,4.9,5.0,579085,18893225
2026-01-05 13:41:00+05:30,5.0,5.05,4.84,4.95,268970,19111560
2026-01-05 13:42:00+05:30,4.9,4.95,4.75,4.8,473785,19111560
2026-01-05 13:43:00+05:30,4.8,4.8,4.65,4.75,311675,19111560
2026-01-05 13:44:00+05:30,4.59,4.59,4.4,4.4,733980,19223165
2026-01-05 13:45:00+05:30,4.45,4.8,4.45,4.75,485875,19223165
2026-01-05 13:46:00+05:30,4.8,4.95,4.7,4.84,610545,19223165
2026-01-05 13:47:00+05:30,4.84,4.95,4.75,4.84,290160,19085820
2026-01-05 13:48:00+05:30,4.8,4.9,4.75,4.84,281125,19085820
2026-01-05 13:49:00+05:30,4.84,5.5,4.84,5.5,712465,19085820
2026-01-05 13:50:00+05:30,5.55,6.3,5.55,6.3,1945450,19009510
2026-01-05 13:51:00+05:30,6.2,6.45,5.65,5.7,1656655,19009510
2026-01-05 13:52:00+05:30,5.65,6.0,5.65,6.0,1337050,19009510
2026-01-05 13:53:00+05:30,6.0,6.2,5.9,6.15,828295,18611905
2026-01-05 13:54:00+05:30,6.1,6.1,5.8,5.8,731900,18611905
2026-01-05 13:55:00+05:30,5.8,5.8,5.55,5.7,1093755,18611905
2026-01-05 13:56:00+05:30,5.7,5.7,5.55,5.6,522860,18654350
2026-01-05 13:57:00+05:30,5.6,6.0,5.55,5.65,1032200,18654350
2026-01-05 13:58:00+05:30,5.6,5.75,5.55,5.75,522080,18654350
2026-01-05 13:59:00+05:30,5.7,6.05,5.65,6.05,904670,18665530
2026-01-05 14:00:00+05:30,5.95,6.5,5.8,5.95,1717560,18665530
2026-01-05 14:01:00+05:30,6.0,6.7,6.0,6.55,1621880,18665530
2026-01-05 14:02:00+05:30,6.55,7.85,6.55,7.7,2845050,18340985
2026-01-05 14:03:00+05:30,7.85,9.15,7.5,8.85,2654340,18340985
2026-01-05 14:04:00+05:30,8.65,8.8,8.1,8.25,2583685,18340985
2026-01-05 14:05:00+05:30,8.3,10.45,8.25,9.85,3489005,18565755
2026-01-05 14:06:00+05:30,9.65,9.65,8.3,8.3,3380455,18565755
2026-01-05 14:07:00+05:30,8.25,8.9,8.1,8.9,1864915,18565755
2026-01-05 14:08:00+05:30,8.85,9.1,8.5,9.0,1624480,18260190
2026-01-05 14:09:00+05:30,9.05,9.35,8.6,8.65,1761890,18260190
2026-01-05 14:10:00+05:30,8.6,9.0,8.19,8.6,1384630,18260190
2026-01-05 14:11:00+05:30,8.55,8.8,8.3,8.65,1268475,18529355
2026-01-05 14:12:00+05:30,8.75,8.75,8.0,8.05,1284270,18529355
2026-01-05 14:13:00+05:30,8.05,8.65,7.95,8.35,1353690,18529355
2026-01-05 14:14:00+05:30,8.44,8.44,7.95,8.35,776165,18493150
2026-01-05 14:15:00+05:30,8.25,8.4,7.7,7.9,846625,18493150
2026-01-05 14:16:00+05:30,7.95,8.0,7.2,7.3,1486160,18493150
2026-01-05 14:17:00+05:30,7.35,8.0,7.25,8.0,1015430,18296005
2026-01-05 14:18:00+05:30,7.9,8.15,7.85,8.1,909415,18296005
2026-01-05 14:19:00+05:30,8.15,8.35,7.95,8.25,691730,18296005
2026-01-05 14:20:00+05:30,8.25,8.55,8.05,8.19,1104870,18665465
2026-01-05 14:21:00+05:30,8.19,8.69,8.19,8.5,1419145,18665465
2026-01-05 14:22:00+05:30,8.4,8.65,8.19,8.19,1137370,18665465
2026-01-05 14:23:00+05:30,8.1,8.1,7.55,7.6,1160185,19035055
2026-01-05 14:24:00+05:30,7.7,7.7,6.65,6.75,2027415,19035055
2026-01-05 14:25:00+05:30,6.7,7.15,6.55,6.75,1415245,19035055
2026-01-05 14:26:00+05:30,6.8,7.45,6.65,7.45,926445,18459805
2026-01-05 14:27:00+05:30,7.4,7.4,6.75,6.8,831090,18459805
2026-01-05 14:28:00+05:30,6.95,7.1,6.5,6.5,739960,18459805
2026-01-05 14:29:00+05:30,6.55,7.2,6.15,7.1,984100,18607160
2026-01-05 14:30:00+05:30,7.0,7.0,6.4,6.4,736125,18607160
2026-01-05 14:31:00+05:30,6.55,6.65,6.1,6.1,813085,18607160
2026-01-05 14:32:00+05:30,6.0,6.1,5.75,5.95,1385540,18468775
2026-01-05 14:33:00+05:30,5.95,6.15,5.6,5.9,1006915,18468775
2026-01-05 14:34:00+05:30,5.75,5.95,5.65,5.7,651885,18468775
2026-01-05 14:35:00+05:30,5.7,6.15,5.6,6.1,714025,18314140
2026-01-05 14:36:00+05:30,6.1,6.2,5.85,5.85,666315,18314140
2026-01-05 14:37:00+05:30,5.8,6.35,5.65,6.35,663390,18314140
2026-01-05 14:38:00+05:30,6.45,6.85,6.3,6.85,935805,18350930
2026-01-05 14:39:00+05:30,6.8,6.8,6.2,6.55,784485,18350930
2026-01-05 14:40:00+05:30,6.55,6.6,6.0,6.0,577655,18350930
2026-01-05 14:41:00+05:30,6.0,6.0,5.35,5.65,1361490,18349500
2026-01-05 14:42:00+05:30,5.6,5.7,5.45,5.55,795860,18349500
2026-01-05 14:43:00+05:30,5.55,5.75,5.09,5.09,901420,18349500
2026-01-05 14:44:00+05:30,5.15,5.5,5.15,5.25,1159275,18238870
2026-01-05 14:45:00+05:30,5.3,5.65,5.3,5.4,706615,18238870
2026-01-05 14:46:00+05:30,5.45,5.5,5.0,5.3,874315,18238870
2026-01-05 14:47:00+05:30,5.25,5.5,5.15,5.5,602160,18070195
2026-01-05 14:48:00+05:30,5.45,5.5,5.3,5.35,383305,18070195
2026-01-05 14:49:00+05:30,5.3,5.5,5.25,5.35,347555,18070195
2026-01-05 14:50:00+05:30,5.3,5.5,5.2,5.25,315510,18068830
2026-01-05 14:51:00+05:30,5.3,5.3,4.34,4.34,1643135,18068830
2026-01-05 14:52:00+05:30,4.34,4.8,4.25,4.7,1958710,18068830
2026-01-05 14:53:00+05:30,4.7,4.95,4.7,4.95,1304550,17733040
2026-01-05 14:54:00+05:30,4.95,5.15,4.95,5.0,1138410,17733040
2026-01-05 14:55:00+05:30,5.05,5.3,4.9,5.3,623805,17733040
2026-01-05 14:56:00+05:30,5.25,5.3,5.05,5.05,609505,17762095
2026-01-05 14:57:00+05:30,5.0,5.09,4.8,4.9,793000,17762095
2026-01-05 14:58:00+05:30,4.95,5.09,4.95,5.05,405470,17762095
2026-01-05 14:59:00+05:30,4.95,5.05,4.65,4.84,783770,17772430
2026-01-05 15:00:00+05:30,4.65,5.35,4.65,5.25,2069210,17772430
2026-01-05 15:01:00+05:30,5.25,5.6,5.2,5.55,1100320,17772430
2026-01-05 15:02:00+05:30,5.3,5.6,5.25,5.6,702390,17824690
2026-01-05 15:03:00+05:30,5.5,5.55,4.95,5.09,1040715,17824690
2026-01-05 15:04:00+05:30,5.09,5.35,5.05,5.35,703950,17824690
2026-01-05 15:05:00+05:30,5.35,5.9,5.35,5.9,1220180,17724850
2026-01-05 15:06:00+05:30,5.8,5.8,5.5,5.6,756535,17724850
2026-01-05 15:07:00+05:30,5.65,6.3,5.6,6.3,1070875,17724850
2026-01-05 15:08:00+05:30,6.2,6.65,6.2,6.35,844155,17697615
2026-01-05 15:09:00+05:30,6.3,6.3,5.9,6.1,726895,17697615
2026-01-05 15:10:00+05:30,6.05,6.5,6.05,6.45,832390,17697615
2026-01-05 15:11:00+05:30,6.45,6.65,6.2,6.5,736645,17673565
2026-01-05 15:12:00+05:30,6.5,6.8,6.3,6.8,653835,17673565
2026-01-05 15:13:00+05:30,6.75,6.85,6.05,6.05,945425,17673565
2026-01-05 15:14:00+05:30,6.15,6.15,5.75,6.1,1079975,17672785
2026-01-05 15:15:00+05:30,6.0,6.45,6.0,6.4,1040195,17672785
2026-01-05 15:16:00+05:30,6.45,6.55,6.35,6.5,941590,17672785
2026-01-05 15:17:00+05:30,6.5,6.5,6.05,6.25,722865,17853160
2026-01-05 15:18:00+05:30,6.2,6.3,5.7,5.8,1105975,17853160
2026-01-05 15:19:00+05:30,5.9,5.9,5.45,5.75,969410,17853160
2026-01-05 15:20:00+05:30,5.8,6.2,5.65,6.2,668135,17618965
2026-01-05 15:21:00+05:30,6.0,6.2,6.0,6.1,671645,17618965
2026-01-05 15:22:00+05:30,6.05,6.15,5.95,6.05,1266005,17618965
2026-01-05 15:23:00+05:30,6.15,6.2,6.05,6.1,804505,17453410
2026-01-05 15:24:00+05:30,6.1,6.1,5.6,5.9,975780,17453410
2026-01-05 15:25:00+05:30,5.9,6.0,5.5,5.5,1060605,17453410
2026-01-05 15:26:00+05:30,5.45,5.7,5.4,5.6,982995,17386460
2026-01-05 15:27:00+05:30,5.65,5.8,5.65,5.75,597350,17386460
2026-01-05 15:28:00+05:30,5.75,5.75,5.55,5.65,1094015,17386460
2026-01-05 15:29:00+05:30,5.7,5.7,5.2,5.2,1288105,17363190
2026-01-06 09:15:00+05:30,6.0,6.1,2.65,2.85,8666060,17159415
2026-01-06 09:16:00+05:30,2.9,3.1,2.6,2.95,7104175,17569890
2026-01-06 09:17:00+05:30,2.85,2.9,2.65,2.7,4011150,17569890
2026-01-06 09:18:00+05:30,2.65,2.65,2.45,2.65,3515005,17569890
2026-01-06 09:19:00+05:30,2.65,3.5,2.54,3.35,3522675,18211115
2026-01-06 09:20:00+05:30,3.35,3.6,3.05,3.15,3351465,18211115
2026-01-06 09:21:00+05:30,3.1,3.3,2.9,3.3,2186535,18211115
2026-01-06 09:22:00+05:30,3.25,3.55,3.05,3.2,2212015,18846230
2026-01-06 09:23:00+05:30,3.2,3.35,3.05,3.1,1518660,18846230
2026-01-06 09:24:00+05:30,3.15,3.4,3.05,3.1,1708850,18846230
2026-01-06 09:25:00+05:30,3.0,3.4,3.0,3.25,2265380,19204250
2026-01-06 09:26:00+05:30,3.2,3.55,3.2,3.4,1916915,19204250
2026-01-06 09:27:00+05:30,3.35,3.4,3.05,3.1,1525615,19204250
2026-01-06 09:28:00+05:30,3.05,4.15,3.05,4.09,3487705,19401980
2026-01-06 09:29:00+05:30,4.05,4.3,3.9,3.9,3355950,19401980
2026-01-06 09:30:00+05:30,4.05,4.05,3.55,3.6,2755805,19401980
2026-01-06 09:31:00+05:30,3.65,3.65,3.35,3.6,2245555,19583785
2026-01-06 09:32:00+05:30,3.65,3.75,2.95,3.15,3045705,19583785
2026-01-06 09:33:00+05:30,3.05,3.1,2.35,2.4,3810560,19583785
2026-01-06 09:34:00+05:30,2.35,2.5,2.29,2.35,2666365,19893575
2026-01-06 09:35:00+05:30,2.4,2.4,2.1,2.15,3048955,19893575
2026-01-06 09:36:00+05:30,2.2,2.29,2.2,2.29,1688505,19893575
2026-01-06 09:37:00+05:30,2.25,2.5,2.25,2.45,1800435,20084870
2026-01-06 09:38:00+05:30,2.4,2.54,2.25,2.54,1735370,20084870
2026-01-06 09:39:00+05:30,2.45,2.6,2.35,2.45,2268435,20084870
2026-01-06 09:40:00+05:30,2.4,2.6,2.25,2.25,1881750,20195760
2026-01-06 09:41:00+05:30,2.29,2.35,2.25,2.25,1453270,20195760
2026-01-06 09:42:00+05:30,2.35,2.54,2.29,2.4,1592695,20195760
2026-01-06 09:43:00+05:30,2.4,2.45,2.25,2.35,1319630,20479030
2026-01-06 09:44:00+05:30,2.4,2.4,2.2,2.2,1158170,20479030
2026-01-06 09:45:00+05:30,2.25,2.25,2.0,2.0,2781610,20479030
2026-01-06 09:46:00+05:30,2.0,2.04,1.9,1.95,1871805,20319650
2026-01-06 09:47:00+05:30,1.95,1.95,1.85,1.95,1274130,20319650
2026-01-06 09:48:00+05:30,1.9,1.95,1.9,1.9,836355,20319650
2026-01-06 09:49:00+05:30,1.95,2.0,1.9,1.9,791765,20201870
2026-01-06 09:50:00+05:30,1.95,1.95,1.9,1.95,671385,20201870
2026-01-06 09:51:00+05:30,1.9,1.95,1.9,1.9,912275,20201870
2026-01-06 09:52:00+05:30,1.95,1.95,1.85,1.9,631280,20509385
2026-01-06 09:53:00+05:30,1.85,1.9,1.7,1.7,1611805,20509385
2026-01-06 09:54:00+05:30,1.7,1.75,1.65,1.7,1052870,20509385
2026-01-06 09:55:00+05:30,1.65,1.7,1.6,1.65,1070160,20389265
2026-01-06 09:56:00+05:30,1.65,1.7,1.6,1.65,1552070,20389265
2026-01-06 09:57:00+05:30,1.65,1.7,1.65,1.7,1271855,20389265
2026-01-06 09:58:00+05:30,1.65,1.7,1.65,1.7,691080,19850415
2026-01-06 09:59:00+05:30,1.75,1.75,1.65,1.7,1689545,19850415
2026-01-06 10:00:00+05:30,1.7,1.8,1.65,1.8,2225925,19850415
2026-01-06 10:01:00+05:30,1.75,1.8,1.7,1.8,1694615,19625125
2026-01-06 10:02:00+05:30,1.7,1.75,1.65,1.7,1041950,19625125
2026-01-06 10:03:00+05:30,1.65,1.7,1.6,1.65,895505,19625125
2026-01-06 10:04:00+05:30,1.6,1.7,1.6,1.7,927940,19756295
2026-01-06 10:05:00+05:30,1.65,1.75,1.65,1.75,1085760,19756295
2026-01-06 10:06:00+05:30,1.7,1.75,1.7,1.7,673075,19756295
2026-01-06 10:07:00+05:30,1.7,1.8,1.7,1.8,694070,19983340
2026-01-06 10:08:00+05:30,1.8,1.8,1.75,1.8,697775,19983340
2026-01-06 10:09:00+05:30,1.8,1.9,1.75,1.85,1843660,19983340
2026-01-06 10:10:00+05:30,1.85,1.95,1.8,1.85,690950,20230405
2026-01-06 10:11:00+05:30,1.9,1.9,1.85,1.85,274950,20230405
2026-01-06 10:12:00+05:30,1.9,1.9,1.85,1.85,230490,20230405
2026-01-06 10:13:00+05:30,1.85,1.85,1.7,1.75,735215,20360730
2026-01-06 10:14:00+05:30,1.75,1.75,1.7,1.7,392535,20360730
2026-01-06 10:15:00+05:30,1.75,1.75,1.7,1.75,209885,20360730
2026-01-06 10:16:00+05:30,1.65,1.7,1.65,1.65,511680,20327970
2026-01-06 10:17:00+05:30,1.65,1.7,1.5,1.55,920985,20327970
2026-01-06 10:18:00+05:30,1.55,1.55,1.5,1.55,561665,20327970
2026-01-06 10:19:00+05:30,1.55,1.65,1.5,1.65,717665,20032610
2026-01-06 10:20:00+05:30,1.65,1.7,1.55,1.65,1126320,20032610
2026-01-06 10:21:00+05:30,1.6,1.75,1.55,1.55,904800,20032610
2026-01-06 10:22:00+05:30,1.6,1.65,1.55,1.6,479960,19972615
2026-01-06 10:23:00+05:30,1.6,1.65,1.55,1.65,983125,19972615
2026-01-06 10:24:00+05:30,1.65,1.7,1.6,1.7,836940,19972615
2026-01-06 10:25:00+05:30,1.65,1.7,1.6,1.7,627250,19933940
2026-01-06 10:26:00+05:30,1.7,1.7,1.65,1.7,364780,19933940
2026-01-06 10:27:00+05:30,1.7,1.7,1.65,1.65,415285,19933940
2026-01-06 10:28:00+05:30,1.7,1.7,1.55,1.6,592475,20175220
2026-01-06 10:29:00+05:30,1.6,1.6,1.55,1.6,236600,20175220
2026-01-06 10:30:00+05:30,1.6,1.6,1.5,1.55,825435,20175220
2026-01-06 10:31:00+05:30,1.55,1.6,1.45,1.5,1052155,19913985
2026-01-06 10:32:00+05:30,1.45,1.5,1.4,1.45,864630,19913985
2026-01-06 10:33:00+05:30,1.5,1.55,1.45,1.5,713570,19913985
2026-01-06 10:34:00+05:30,1.5,1.5,1.4,1.45,556790,19758245
2026-01-06 10:35:00+05:30,1.45,1.5,1.4,1.45,667355,19758245
2026-01-06 10:36:00+05:30,1.45,1.6,1.4,1.5,791765,19758245
2026-01-06 10:37:00+05:30,1.5,1.75,1.5,1.75,1401205,19616935
2026-01-06 10:38:00+05:30,1.75,1.75,1.55,1.55,1235975,19616935
2026-01-06 10:39:00+05:30,1.5,1.55,1.45,1.5,823030,19616935
2026-01-06 10:40:00+05:30,1.5,1.75,1.45,1.6,1696890,19541470
2026-01-06 10:41:00+05:30,1.55,1.6,1.5,1.5,735670,19541470
2026-01-06 10:42:00+05:30,1.5,1.5,1.4,1.4,333775,19541470
2026-01-06 10:43:00+05:30,1.4,1.55,1.4,1.5,602810,19563375
2026-01-06 10:44:00+05:30,1.55,1.6,1.5,1.55,597675,19563375
2026-01-06 10:45:00+05:30,1.5,1.55,1.45,1.45,291330,19563375
2026-01-06 10:46:00+05:30,1.5,1.55,1.45,1.45,621335,19492655
2026-01-06 10:47:00+05:30,1.5,1.5,1.4,1.4,350740,19492655
2026-01-06 10:48:00+05:30,1.4,1.45,1.35,1.4,774865,19492655
2026-01-06 10:49:00+05:30,1.4,1.5,1.4,1.5,881790,19435845
2026-01-06 10:50:00+05:30,1.45,1.5,1.35,1.4,499785,19435845
2026-01-06 10:51:00+05:30,1.4,1.45,1.4,1.4,423280,19435845
2026-01-06 10:52:00+05:30,1.4,1.45,1.35,1.4,589680,19364930
2026-01-06 10:53:00+05:30,1.4,1.45,1.3,1.35,538915,19364930
2026-01-06 10:54:00+05:30,1.35,1.35,1.25,1.3,576810,19364930
2026-01-06 10:55:00+05:30,1.25,1.35,1.25,1.3,1293370,19319235
2026-01-06 10:56:00+05:30,1.3,1.35,1.25,1.35,417235,19319235
2026-01-06 10:57:00+05:30,1.3,1.35,1.25,1.3,338780,19319235
2026-01-06 10:58:00+05:30,1.3,1.4,1.25,1.35,312845,19216665
2026-01-06 10:59:00+05:30,1.4,1.45,1.3,1.35,774540,19216665
2026-01-06 11:00:00+05:30,1.35,1.4,1.3,1.35,989495,19216665
2026-01-06 11:01:00+05:30,1.35,1.35,1.3,1.3,348400,19080490
2026-01-06 11:02:00+05:30,1.35,1.35,1.3,1.3,540085,19080490
2026-01-06 11:03:00+05:30,1.3,1.35,1.25,1.25,461695,19080490
2026-01-06 11:04:00+05:30,1.25,1.3,1.14,1.14,887705,19163040
2026-01-06 11:05:00+05:30,1.2,1.2,1.14,1.14,522600,19163040
2026-01-06 11:06:00+05:30,1.2,1.2,1.14,1.14,461045,19163040
2026-01-06 11:07:00+05:30,1.14,1.14,1.1,1.1,478335,18839015
2026-01-06 11:08:00+05:30,1.1,1.14,1.1,1.1,202670,18839015
2026-01-06 11:09:00+05:30,1.1,1.1,1.05,1.05,588705,18839015
2026-01-06 11:10:00+05:30,1.05,1.1,1.0,1.05,1966835,18649670
2026-01-06 11:11:00+05:30,1.05,1.14,1.05,1.1,1257750,18649670
2026-01-06 11:12:00+05:30,1.1,1.25,1.1,1.2,917410,18649670
2026-01-06 11:13:00+05:30,1.2,1.3,1.14,1.14,1590875,18608980
2026-01-06 11:14:00+05:30,1.2,1.2,1.1,1.2,1024465,18608980
2026-01-06 11:15:00+05:30,1.2,1.3,1.14,1.3,1814345,18608980
2026-01-06 11:16:00+05:30,1.3,1.65,1.3,1.65,4099290,18470205
2026-01-06 11:17:00+05:30,1.75,2.0,1.75,1.9,4845165,18470205
2026-01-06 11:18:00+05:30,1.9,1.95,1.8,1.9,3438240,18470205
2026-01-06 11:19:00+05:30,1.9,1.95,1.8,1.9,3502200,18625295
2026-01-06 11:20:00+05:30,1.9,2.29,1.9,2.04,4572815,18625295
2026-01-06 11:21:00+05:30,2.04,2.25,1.95,2.25,4524195,18625295
2026-01-06 11:22:00+05:30,2.15,2.5,2.1,2.1,4195100,18736055
2026-01-06 11:23:00+05:30,2.1,2.1,1.85,2.04,3517735,18736055
2026-01-06 11:24:00+05:30,2.04,2.1,1.8,1.8,2727205,18736055
2026-01-06 11:25:00+05:30,1.8,2.0,1.7,2.0,3579875,18961410
2026-01-06 11:26:00+05:30,2.0,2.0,1.55,1.55,2443025,18961410
2026-01-06 11:27:00+05:30,1.55,1.6,1.45,1.45,2677675,18961410
2026-01-06 11:28:00+05:30,1.5,1.55,1.45,1.55,1612975,18953480
2026-01-06 11:29:00+05:30,1.55,1.55,1.35,1.35,1590550,18953480
2026-01-06 11:30:00+05:30,1.4,1.4,1.3,1.35,1151670,18953480
2026-01-06 11:31:00+05:30,1.3,1.45,1.3,1.4,962195,18744765
2026-01-06 11:32:00+05:30,1.45,1.45,1.35,1.4,883545,18744765
2026-01-06 11:33:00+05:30,1.4,1.4,1.3,1.35,1155180,18744765
2026-01-06 11:34:00+05:30,1.35,1.4,1.14,1.25,1001130,18737225
2026-01-06 11:35:00+05:30,1.25,1.3,1.2,1.3,850135,18737225
2026-01-06 11:36:00+05:30,1.3,1.35,1.25,1.3,570180,18737225
2026-01-06 11:37:00+05:30,1.3,1.3,1.14,1.14,808860,18792345
2026-01-06 11:38:00+05:30,1.2,1.2,1.1,1.14,1436240,18792345
2026-01-06 11:39:00+05:30,1.14,1.2,1.14,1.2,274170,18792345
2026-01-06 11:40:00+05:30,1.2,1.2,1.14,1.2,265005,18686655
2026-01-06 11:41:00+05:30,1.14,1.2,1.1,1.14,762515,18686655
2026-01-06 11:42:00+05:30,1.14,1.14,1.1,1.14,589680,18686655
2026-01-06 11:43:00+05:30,1.1,1.14,1.05,1.05,1055080,18599490
2026-01-06 11:44:00+05:30,1.05,1.1,1.0,1.0,875420,18599490
2026-01-06 11:45:00+05:30,1.0,1.05,1.0,1.0,1353430,18599490
2026-01-06 11:46:00+05:30,1.05,1.1,1.0,1.05,762450,18641610
2026-01-06 11:47:00+05:30,1.05,1.05,0.95,0.95,601900,18641610
2026-01-06 11:48:00+05:30,0.95,1.0,0.9,0.95,1016470,18641610
2026-01-06 11:49:00+05:30,0.95,0.95,0.9,0.9,464490,18655065
2026-01-06 11:50:00+05:30,0.9,0.95,0.9,0.95,705510,18655065
2026-01-06 11:51:00+05:30,0.95,0.95,0.9,0.95,394160,18655065
2026-01-06 11:52:00+05:30,0.9,0.95,0.9,0.95,325325,18570175
2026-01-06 11:53:00+05:30,0.95,0.95,0.9,0.95,333190,18570175
2026-01-06 11:54:00+05:30,0.9,0.95,0.9,0.95,757835,18570175
2026-01-06 11:55:00+05:30,0.9,0.95,0.9,0.95,383695,18323955
2026-01-06 11:56:00+05:30,1.0,1.0,0.9,0.9,370110,18323955
2026-01-06 11:57:00+05:30,0.95,0.95,0.9,0.9,225615,18323955
2026-01-06 11:58:00+05:30,0.9,1.0,0.9,1.0,750945,18199220
2026-01-06 11:59:00+05:30,0.95,1.0,0.9,0.9,386100,18199220
2026-01-06 12:00:00+05:30,0.9,1.0,0.9,1.0,1092065,18199220
2026-01-06 12:01:00+05:30,1.0,1.1,0.95,1.05,958165,18372055
2026-01-06 12:02:00+05:30,1.05,1.05,1.0,1.0,422370,18372055
2026-01-06 12:03:00+05:30,1.05,1.05,0.9,0.9,666900,18372055
2026-01-06 12:04:00+05:30,0.9,0.95,0.9,0.9,245635,18462210
2026-01-06 12:05:00+05:30,0.9,1.0,0.9,0.95,502840,18462210
2026-01-06 12:06:00+05:30,0.95,1.05,0.95,1.0,774800,18462210
2026-01-06 12:07:00+05:30,1.05,1.1,1.0,1.1,1088295,18398510
2026-01-06 12:08:00+05:30,1.1,1.2,1.1,1.2,1962480,18398510
2026-01-06 12:09:00+05:30,1.14,1.14,1.05,1.1,1217580,18398510
2026-01-06 12:10:00+05:30,1.05,1.1,1.05,1.05,581165,18208190
2026-01-06 12:11:00+05:30,1.05,1.1,1.05,1.05,522925,18208190
2026-01-06 12:12:00+05:30,1.05,1.1,1.0,1.05,344565,18208190
2026-01-06 12:13:00+05:30,1.0,1.05,0.9,0.9,688740,18175820
2026-01-06 12:14:00+05:30,0.95,0.95,0.9,0.95,317395,18175820
2026-01-06 12:15:00+05:30,0.9,1.0,0.9,0.95,800410,18175820
2026-01-06 12:16:00+05:30,0.95,1.05,0.95,1.05,514995,18172765
2026-01-06 12:17:00+05:30,1.05,1.05,0.95,1.0,158015,18172765
2026-01-06 12:18:00+05:30,1.0,1.0,0.95,1.0,175110,18172765
2026-01-06 12:19:00+05:30,0.95,1.0,0.9,0.95,541320,18280535
2026-01-06 12:20:00+05:30,0.95,1.0,0.9,0.95,291980,18280535
2026-01-06 12:21:00+05:30,1.0,1.2,1.0,1.14,1805635,18280535
2026-01-06 12:22:00+05:30,1.1,1.25,1.1,1.25,882310,18295290
2026-01-06 12:23:00+05:30,1.2,1.25,1.14,1.2,1021215,18295290
2026-01-06 12:24:00+05:30,1.2,1.3,1.2,1.25,2562560,18295290
2026-01-06 12:25:00+05:30,1.3,1.35,1.25,1.25,528580,18052320
2026-01-06 12:26:00+05:30,1.3,1.35,1.2,1.2,1468285,18052320
2026-01-06 12:27:00+05:30,1.25,1.25,1.1,1.1,1196195,18052320
2026-01-06 12:28:00+05:30,1.14,1.14,1.0,1.05,940680,18059535
2026-01-06 12:29:00+05:30,1.0,1.05,0.9,1.0,1460875,18059535
2026-01-06 12:30:00+05:30,0.95,1.05,0.95,1.0,1123005,18059535
2026-01-06 12:31:00+05:30,1.05,1.05,0.95,0.95,423540,18323175
2026-01-06 12:32:00+05:30,0.95,1.0,0.9,0.95,761085,18323175
2026-01-06 12:33:00+05:30,0.95,0.95,0.85,0.9,1010815,18323175
2026-01-06 12:34:00+05:30,0.9,0.95,0.85,0.9,625625,18323175
2026-01-06 12:35:00+05:30,0.85,0.9,0.75,0.85,2149160,18155410
2026-01-06 12:36:00+05:30,0.85,0.85,0.8,0.85,116415,18155410
2026-01-06 12:37:00+05:30,0.85,0.85,0.8,0.85,424450,18155410
2026-01-06 12:38:00+05:30,0.85,0.9,0.8,0.85,386295,17846920
2026-01-06 12:39:00+05:30,0.9,0.9,0.8,0.8,224315,17846920
2026-01-06 12:40:00+05:30,0.8,0.85,0.75,0.8,297245,17846920
2026-01-06 12:41:00+05:30,0.8,0.85,0.8,0.85,446680,17867005
2026-01-06 12:42:00+05:30,0.8,0.85,0.75,0.75,319800,17867005
2026-01-06 12:43:00+05:30,0.75,0.85,0.75,0.85,451230,17867005
2026-01-06 12:44:00+05:30,0.8,0.85,0.75,0.75,264615,17665375
2026-01-06 12:45:00+05:30,0.8,0.8,0.75,0.75,224965,17665375
2026-01-06 12:46:00+05:30,0.75,0.85,0.75,0.8,270205,17665375
2026-01-06 12:47:00+05:30,0.8,0.85,0.75,0.8,501735,17478565
2026-01-06 12:48:00+05:30,0.75,0.85,0.75,0.8,530075,17478565
2026-01-06 12:49:00+05:30,0.8,0.85,0.75,0.75,529685,17478565
2026-01-06 12:50:00+05:30,0.75,0.8,0.7,0.75,1190930,17478240
2026-01-06 12:51:00+05:30,0.75,0.8,0.7,0.7,346320,17478240
2026-01-06 12:52:00+05:30,0.75,0.75,0.65,0.7,793195,17478240
2026-01-06 12:53:00+05:30,0.7,0.7,0.65,0.7,335270,17441385
2026-01-06 12:54:00+05:30,0.65,0.7,0.65,0.65,292435,17441385
2026-01-06 12:55:00+05:30,0.65,0.7,0.65,0.65,459160,17441385
2026-01-06 12:56:00+05:30,0.65,0.7,0.65,0.65,286065,17273230
2026-01-06 12:57:00+05:30,0.7,0.7,0.6,0.65,997815,17273230
2026-01-06 12:58:00+05:30,0.65,0.7,0.6,0.7,1092195,17273230
2026-01-06 12:59:00+05:30,0.65,0.7,0.65,0.7,916955,16975140
2026-01-06 13:00:00+05:30,0.7,0.75,0.7,0.75,501020,16975140
2026-01-06 13:01:00+05:30,0.7,0.85,0.7,0.8,1242150,16975140
2026-01-06 13:02:00+05:30,0.75,0.8,0.65,0.65,805610,16986840
2026-01-06 13:03:00+05:30,0.7,0.7,0.65,0.65,665145,16986840
2026-01-06 13:04:00+05:30,0.7,0.7,0.65,0.65,347815,16986840
2026-01-06 13:05:00+05:30,0.65,0.7,0.65,0.65,275210,17060875
2026-01-06 13:06:00+05:30,0.7,0.7,0.65,0.65,418340,17060875
2026-01-06 13:07:00+05:30,0.65,0.7,0.65,0.7,137020,17060875
2026-01-06 13:08:00+05:30,0.7,0.7,0.6,0.6,841945,17169685
2026-01-06 13:09:00+05:30,0.65,0.65,0.6,0.65,360165,17169685
2026-01-06 13:10:00+05:30,0.6,0.65,0.6,0.6,223600,17169685
2026-01-06 13:11:00+05:30,0.6,0.65,0.6,0.6,607425,17077775
2026-01-06 13:12:00+05:30,0.65,0.65,0.6,0.6,244465,17077775
2026-01-06 13:13:00+05:30,0.6,0.65,0.55,0.55,269360,17077775
2026-01-06 13:14:00+05:30,0.6,0.65,0.55,0.6,1003795,16770000
2026-01-06 13:15:00+05:30,0.6,0.65,0.6,0.6,610285,16770000
2026-01-06 13:16:00+05:30,0.6,0.65,0.6,0.6,502580,16770000
2026-01-06 13:17:00+05:30,0.6,0.65,0.6,0.65,286390,16740295
2026-01-06 13:18:00+05:30,0.65,0.65,0.55,0.6,946400,16740295
2026-01-06 13:19:00+05:30,0.6,0.65,0.6,0.65,234325,16740295
2026-01-06 13:20:00+05:30,0.6,0.65,0.6,0.65,141635,16609060
2026-01-06 13:21:00+05:30,0.6,0.65,0.6,0.65,447070,16609060
2026-01-06 13:22:00+05:30,0.65,0.65,0.6,0.6,208260,16609060
2026-01-06 13:23:00+05:30,0.65,0.65,0.6,0.65,381355,16587155
2026-01-06 13:24:00+05:30,0.6,0.7,0.6,0.65,330200,16587155
2026-01-06 13:25:00+05:30,0.65,0.65,0.6,0.6,335530,16587155
2026-01-06 13:26:00+05:30,0.6,0.7,0.6,0.7,722540,16730870
2026-01-06 13:27:00+05:30,0.65,0.7,0.6,0.6,365235,16730870
2026-01-06 13:28:00+05:30,0.6,0.7,0.6,0.7,516555,16730870
2026-01-06 13:29:00+05:30,0.65,0.75,0.6,0.65,988390,16623555
2026-01-06 13:30:00+05:30,0.6,0.7,0.6,0.65,518050,16623555
2026-01-06 13:31:00+05:30,0.7,0.8,0.65,0.75,1004250,16623555
2026-01-06 13:32:00+05:30,0.75,0.8,0.7,0.75,402870,16673605
2026-01-06 13:33:00+05:30,0.7,0.8,0.7,0.75,496600,16673605
2026-01-06 13:34:00+05:30,0.8,0.85,0.6,0.65,2034045,16673605
2026-01-06 13:35:00+05:30,0.65,0.65,0.55,0.6,1569880,16445130
2026-01-06 13:36:00+05:30,0.6,0.65,0.6,0.65,418340,16445130
2026-01-06 13:37:00+05:30,0.6,0.65,0.6,0.6,751465,16445130
2026-01-06 13:38:00+05:30,0.6,0.65,0.55,0.6,682890,16245320
2026-01-06 13:39:00+05:30,0.55,0.6,0.55,0.6,1032525,16245320
2026-01-06 13:40:00+05:30,0.6,0.6,0.55,0.55,137605,16245320
2026-01-06 13:41:00+05:30,0.55,0.6,0.55,0.6,257205,16078725
2026-01-06 13:42:00+05:30,0.6,0.6,0.55,0.55,161200,16078725
2026-01-06 13:43:00+05:30,0.55,0.6,0.5,0.5,719225,16078725
2026-01-06 13:44:00+05:30,0.5,0.55,0.5,0.5,294515,16171675
2026-01-06 13:45:00+05:30,0.5,0.55,0.5,0.5,722475,16171675
2026-01-06 13:46:00+05:30,0.5,0.55,0.5,0.5,565305,16171675
2026-01-06 13:47:00+05:30,0.55,0.55,0.5,0.5,467025,16323775
2026-01-06 13:48:00+05:30,0.5,0.6,0.5,0.55,1335165,16323775
2026-01-06 13:49:00+05:30,0.5,0.55,0.5,0.5,656435,16323775
2026-01-06 13:50:00+05:30,0.55,0.55,0.45,0.45,842725,16619395
2026-01-06 13:51:00+05:30,0.5,0.5,0.45,0.45,259415,16619395
2026-01-06 13:52:00+05:30,0.5,0.5,0.45,0.5,237770,16619395
2026-01-06 13:53:00+05:30,0.5,0.6,0.45,0.55,1291875,16104595
2026-01-06 13:54:00+05:30,0.55,0.6,0.5,0.6,907400,16104595
2026-01-06 13:55:00+05:30,0.5,0.55,0.5,0.5,1116245,16104595
2026-01-06 13:56:00+05:30,0.5,0.55,0.5,0.55,329940,15717390
2026-01-06 13:57:00+05:30,0.55,0.55,0.5,0.55,569530,15717390
2026-01-06 13:58:00+05:30,0.5,0.55,0.5,0.55,329615,15717390
2026-01-06 13:59:00+05:30,0.55,0.55,0.5,0.55,269100,15654340
2026-01-06 14:00:00+05:30,0.55,0.6,0.5,0.5,902460,15654340
2026-01-06 14:01:00+05:30,0.55,0.55,0.5,0.55,232960,15654340
2026-01-06 14:02:00+05:30,0.55,0.55,0.45,0.5,660010,15884310
2026-01-06 14:03:00+05:30,0.5,0.5,0.45,0.45,465985,15884310
2026-01-06 14:04:00+05:30,0.45,0.55,0.45,0.55,533065,15884310
2026-01-06 14:05:00+05:30,0.55,0.55,0.5,0.5,515515,16073135
2026-01-06 14:06:00+05:30,0.5,0.5,0.45,0.5,517725,16073135
2026-01-06 14:07:00+05:30,0.45,0.5,0.45,0.45,295555,16073135
2026-01-06 14:08:00+05:30,0.5,0.5,0.45,0.5,342615,15846350
2026-01-06 14:09:00+05:30,0.5,0.6,0.45,0.55,2503150,15846350
2026-01-06 14:10:00+05:30,0.6,0.65,0.45,0.55,2918110,15846350
2026-01-06 14:11:00+05:30,0.55,0.55,0.45,0.5,1469130,15062125
2026-01-06 14:12:00+05:30,0.5,0.6,0.45,0.55,1193530,15062125
2026-01-06 14:13:00+05:30,0.6,0.7,0.55,0.7,1297595,15062125
2026-01-06 14:14:00+05:30,0.65,0.7,0.6,0.6,761215,14947595
2026-01-06 14:15:00+05:30,0.6,0.6,0.5,0.55,943670,14947595
2026-01-06 14:16:00+05:30,0.6,0.6,0.55,0.55,483275,14947595
2026-01-06 14:17:00+05:30,0.55,0.6,0.45,0.5,842855,15231515
2026-01-06 14:18:00+05:30,0.5,0.55,0.45,0.55,640575,15231515
2026-01-06 14:19:00+05:30,0.5,0.55,0.45,0.45,407225,15231515
2026-01-06 14:20:00+05:30,0.5,0.55,0.45,0.55,900770,15362945
2026-01-06 14:21:00+05:30,0.55,0.6,0.5,0.6,683930,15362945
2026-01-06 14:22:00+05:30,0.55,0.6,0.5,0.6,965510,15362945
2026-01-06 14:23:00+05:30,0.55,0.55,0.45,0.45,729625,15301780
2026-01-06 14:24:00+05:30,0.5,0.5,0.35,0.4,2347930,15301780
2026-01-06 14:25:00+05:30,0.45,0.45,0.35,0.4,1145300,15301780
2026-01-06 14:26:00+05:30,0.4,0.4,0.35,0.4,486330,15201355
2026-01-06 14:27:00+05:30,0.4,0.45,0.35,0.45,917995,15201355
2026-01-06 14:28:00+05:30,0.4,0.45,0.4,0.45,1081860,15201355
2026-01-06 14:29:00+05:30,0.45,0.45,0.35,0.35,484250,15042625
2026-01-06 14:30:00+05:30,0.35,0.45,0.35,0.45,688740,15042625
2026-01-06 14:31:00+05:30,0.4,0.45,0.4,0.45,800800,15042625
2026-01-06 14:32:00+05:30,0.4,0.45,0.4,0.4,268190,15140450
2026-01-06 14:33:00+05:30,0.45,0.5,0.4,0.45,502515,15140450
2026-01-06 14:34:00+05:30,0.5,0.5,0.4,0.4,449865,15140450
2026-01-06 14:35:00+05:30,0.45,0.45,0.4,0.45,254475,15219230
2026-01-06 14:36:00+05:30,0.4,0.5,0.4,0.45,299715,15219230
2026-01-06 14:37:00+05:30,0.45,0.5,0.45,0.45,247195,15219230
2026-01-06 14:38:00+05:30,0.5,0.5,0.45,0.5,221065,15308150
2026-01-06 14:39:00+05:30,0.45,0.5,0.4,0.4,555815,15308150
2026-01-06 14:40:00+05:30,0.45,0.45,0.3,0.3,817050,15308150
2026-01-06 14:41:00+05:30,0.3,0.35,0.3,0.3,427440,15351765
2026-01-06 14:42:00+05:30,0.35,0.35,0.3,0.3,886340,15351765
2026-01-06 14:43:00+05:30,0.3,0.3,0.25,0.3,1209975,15351765
2026-01-06 14:44:00+05:30,0.25,0.3,0.25,0.3,993850,14933750
2026-01-06 14:45:00+05:30,0.25,0.3,0.2,0.25,1592825,14933750
2026-01-06 14:46:00+05:30,0.25,0.25,0.2,0.2,653965,14933750
2026-01-06 14:47:00+05:30,0.25,0.25,0.2,0.2,461955,14410630
2026-01-06 14:48:00+05:30,0.25,0.25,0.15,0.15,1305655,14410630
2026-01-06 14:49:00+05:30,0.2,0.2,0.15,0.15,689585,14410630
2026-01-06 14:50:00+05:30,0.2,0.2,0.15,0.2,1342510,14016080
2026-01-06 14:51:00+05:30,0.2,0.25,0.2,0.25,566865,14016080
2026-01-06 14:52:00+05:30,0.2,0.25,0.2,0.2,559130,14016080
2026-01-06 14:53:00+05:30,0.25,0.25,0.2,0.25,297245,13742885
2026-01-06 14:54:00+05:30,0.2,0.25,0.2,0.25,695500,13742885
2026-01-06 14:55:00+05:30,0.25,0.35,0.2,0.35,2189005,13742885
2026-01-06 14:56:00+05:30,0.3,0.35,0.25,0.25,1279980,14699490
2026-01-06 14:57:00+05:30,0.25,0.3,0.25,0.3,1157130,14699490
2026-01-06 14:58:00+05:30,0.25,0.3,0.25,0.25,507130,14699490
2026-01-06 14:59:00+05:30,0.3,0.3,0.2,0.25,450450,14990170
2026-01-06 15:00:00+05:30,0.25,0.25,0.2,0.2,933400,14990170
2026-01-06 15:01:00+05:30,0.25,0.25,0.2,0.2,1102855,14990170
2026-01-06 15:02:00+05:30,0.25,0.25,0.15,0.15,903630,14623635
2026-01-06 15:03:00+05:30,0.2,0.2,0.15,0.15,606255,14623635
2026-01-06 15:04:00+05:30,0.15,0.2,0.15,0.15,940615,14623635
2026-01-06 15:05:00+05:30,0.2,0.2,0.1,0.15,1033630,14577030
2026-01-06 15:06:00+05:30,0.15,0.15,0.1,0.1,478075,14577030
2026-01-06 15:07:00+05:30,0.15,0.15,0.1,0.1,1538225,14577030
2026-01-06 15:08:00+05:30,0.1,0.15,0.05,0.1,1312155,14298765
2026-01-06 15:09:00+05:30,0.05,0.1,0.05,0.05,416130,14298765
2026-01-06 15:10:00+05:30,0.05,0.1,0.05,0.05,585910,14298765
2026-01-06 15:11:00+05:30,0.05,0.1,0.05,0.05,308165,13784485
2026-01-06 15:12:00+05:30,0.1,0.1,0.05,0.1,336765,13784485
2026-01-06 15:13:00+05:30,0.05,0.1,0.05,0.05,236210,13784485
2026-01-06 15:14:00+05:30,0.1,0.1,0.05,0.1,236795,13746720
2026-01-06 15:15:00+05:30,0.1,0.1,0.05,0.05,419250,13746720
2026-01-06 15:16:00+05:30,0.1,0.1,0.05,0.1,211640,13746720
2026-01-06 15:17:00+05:30,0.05,0.1,0.05,0.05,353600,13681070
2026-01-06 15:18:00+05:30,0.1,0.1,0.05,0.05,238030,13681070
2026-01-06 15:19:00+05:30,0.05,0.1,0.05,0.1,264485,13681070
2026-01-06 15:20:00+05:30,0.05,0.1,0.05,0.05,616980,13615875
2026-01-06 15:21:00+05:30,0.1,0.1,0.05,0.05,503880,13615875
2026-01-06 15:22:00+05:30,0.05,0.1,0.05,0.05,676455,13615875
2026-01-06 15:23:00+05:30,0.05,0.1,0.05,0.05,725400,12890150
2026-01-06 15:24:00+05:30,0.05,0.1,0.05,0.05,322335,12890150
2026-01-06 15:25:00+05:30,0.05,0.1,0.05,0.05,1118520,12890150
2026-01-06 15:26:00+05:30,0.05,0.1,0.05,0.05,754390,11965265
2026-01-06 15:27:00+05:30,0.05,0.05,0.05,0.05,45630,11965265
2026-01-06 15:28:00+05:30,0.05,0.05,0.05,0.05,306865,11965265
2026-01-06 15:29:00+05:30,0.05,0.1,0.05,0.1,127075,11654305
