timestamp,open,high,low,close,volume,open_interest
2026-02-16 09:39:00+05:30,580.7,580.7,580.7,580.7,65,2405
2026-02-16 09:40:00+05:30,580.7,580.7,580.7,580.7,0,2405
2026-02-16 09:41:00+05:30,580.7,580.7,580.7,580.7,0,2405
2026-02-16 09:42:00+05:30,580.7,580.7,580.7,580.7,0,2405
2026-02-16 09:43:00+05:30,580.7,580.7,580.7,580.7,0,2405
2026-02-16 09:44:00+05:30,580.7,580.7,580.7,580.7,0,2405
2026-02-16 09:45:00+05:30,580.7,580.7,580.7,580.7,0,2405
2026-02-16 09:46:00+05:30,580.7,580.7,580.7,580.7,0,2405
2026-02-16 09:47:00+05:30,580.7,580.7,580.7,580.7,0,2405
2026-02-16 09:48:00+05:30,580.7,580.7,580.7,580.7,0,2405
2026-02-16 09:49:00+05:30,580.7,580.7,580.7,580.7,0,2405
2026-02-16 09:50:00+05:30,580.7,580.7,580.7,580.7,0,2405
2026-02-16 09:51:00+05:30,580.7,580.7,580.7,580.7,0,2405
2026-02-16 09:52:00+05:30,580.7,580.7,580.7,580.7,0,2405
2026-02-16 09:53:00+05:30,580.7,580.7,580.7,580.7,0,2405
2026-02-16 09:54:00+05:30,580.7,580.7,580.7,580.7,0,2405
2026-02-16 09:55:00+05:30,580.7,580.7,580.7,580.7,0,2405
2026-02-16 09:56:00+05:30,580.7,580.7,580.7,580.7,0,2405
2026-02-16 09:57:00+05:30,580.7,580.7,580.7,580.7,0,2405
2026-02-16 09:58:00+05:30,580.7,580.7,580.7,580.7,0,2405
2026-02-16 09:59:00+05:30,580.7,580.7,580.7,580.7,0,2405
2026-02-16 10:00:00+05:30,580.7,580.7,580.7,580.7,0,2405
2026-02-16 10:01:00+05:30,580.7,580.7,580.7,580.7,0,2405
2026-02-16 10:02:00+05:30,580.7,580.7,580.7,580.7,0,2405
2026-02-16 10:03:00+05:30,580.7,580.7,580.7,580.7,0,2405
2026-02-16 10:04:00+05:30,580.7,580.7,580.7,580.7,0,2405
2026-02-16 10:05:00+05:30,638.75,638.75,638.75,638.75,65,2470
2026-02-16 10:06:00+05:30,638.75,638.75,638.75,638.75,0,2470
2026-02-16 10:07:00+05:30,638.75,638.75,638.75,638.75,0,2470
2026-02-16 10:08:00+05:30,638.75,638.75,638.75,638.75,0,2470
2026-02-16 10:09:00+05:30,638.75,638.75,638.75,638.75,0,2470
2026-02-16 10:10:00+05:30,638.75,638.75,638.75,638.75,0,2470
2026-02-16 10:11:00+05:30,638.75,638.75,638.75,638.75,0,2470
2026-02-16 10:12:00+05:30,638.75,638.75,638.75,638.75,0,2470
2026-02-16 10:13:00+05:30,638.75,638.75,638.75,638.75,0,2470
2026-02-16 10:14:00+05:30,638.75,638.75,638.75,638.75,0,2470
2026-02-16 10:15:00+05:30,664.1,664.15,664.1,664.15,195,2470
2026-02-16 10:16:00+05:30,664.15,664.15,664.15,664.15,0,2470
2026-02-16 10:17:00+05:30,654.15,654.15,654.15,654.15,65,2665
2026-02-16 10:18:00+05:30,654.15,654.15,654.15,654.15,0,2665
2026-02-16 10:19:00+05:30,654.15,654.15,654.15,654.15,0,2665
2026-02-16 10:20:00+05:30,654.15,654.15,654.15,654.15,0,2665
2026-02-16 10:21:00+05:30,654.15,654.15,654.15,654.15,0,2665
2026-02-16 10:22:00+05:30,654.15,654.15,654.15,654.15,0,2665
2026-02-16 10:23:00+05:30,654.15,654.15,654.15,654.15,0,2665
2026-02-16 10:24:00+05:30,654.15,654.15,654.15,654.15,0,2665
2026-02-16 10:25:00+05:30,654.15,654.15,654.15,654.15,0,2665
2026-02-16 10:26:00+05:30,654.15,654.15,654.15,654.15,0,2665
2026-02-16 10:27:00+05:30,654.15,654.15,654.15,654.15,0,2665
2026-02-16 10:28:00+05:30,654.15,654.15,654.15,654.15,0,2665
2026-02-16 10:29:00+05:30,654.15,654.15,654.15,654.15,0,2665
2026-02-16 10:30:00+05:30,654.15,654.15,654.15,654.15,0,2665
2026-02-16 10:31:00+05:30,654.15,654.15,654.15,654.15,0,2665
2026-02-16 10:32:00+05:30,654.15,654.15,654.15,654.15,0,2665
2026-02-16 10:33:00+05:30,654.15,654.15,654.15,654.15,0,2665
2026-02-16 10:34:00+05:30,654.15,654.15,654.15,654.15,0,2665
2026-02-16 10:35:00+05:30,654.15,654.15,654.15,654.15,0,2665
2026-02-16 10:36:00+05:30,654.15,654.15,654.15,654.15,0,2665
2026-02-16 10:37:00+05:30,654.15,654.15,654.15,654.15,0,2665
2026-02-16 10:38:00+05:30,654.15,654.15,654.15,654.15,0,2665
2026-02-16 10:39:00+05:30,654.15,654.15,654.15,654.15,0,2665
2026-02-16 10:40:00+05:30,636.8,636.8,636.8,636.8,65,2665
2026-02-16 10:41:00+05:30,642.6,642.6,642.6,642.6,65,2665
2026-02-16 10:42:00+05:30,642.6,642.6,642.6,642.6,0,2665
2026-02-16 10:43:00+05:30,642.6,642.6,642.6,642.6,0,2665
2026-02-16 10:44:00+05:30,642.6,642.6,642.6,642.6,0,2665
2026-02-16 10:45:00+05:30,639.0,639.0,639.0,639.0,65,2665
2026-02-16 10:46:00+05:30,635.8,635.8,635.8,635.8,65,2665
2026-02-16 10:47:00+05:30,641.05,641.05,641.05,641.05,65,2665
2026-02-16 10:48:00+05:30,643.8,643.8,643.8,643.8,65,2665
2026-02-16 10:49:00+05:30,643.8,643.8,643.8,643.8,0,2665
2026-02-16 10:50:00+05:30,643.8,643.8,643.8,643.8,0,2665
2026-02-16 10:51:00+05:30,643.8,643.8,643.8,643.8,0,2665
2026-02-16 10:52:00+05:30,643.8,643.8,643.8,643.8,0,2665
2026-02-16 10:53:00+05:30,643.8,643.8,643.8,643.8,0,2665
2026-02-16 10:54:00+05:30,643.8,643.8,643.8,643.8,0,2665
2026-02-16 10:55:00+05:30,643.8,643.8,643.8,643.8,0,2665
2026-02-16 10:56:00+05:30,643.8,643.8,643.8,643.8,0,2665
2026-02-16 10:57:00+05:30,643.8,643.8,643.8,643.8,0,2665
2026-02-16 10:58:00+05:30,643.8,643.8,643.8,643.8,0,2665
2026-02-16 10:59:00+05:30,643.8,643.8,643.8,643.8,0,2665
2026-02-16 11:00:00+05:30,643.8,643.8,643.8,643.8,0,2665
2026-02-16 11:01:00+05:30,643.8,643.8,643.8,643.8,0,2665
2026-02-16 11:02:00+05:30,643.8,643.8,643.8,643.8,0,2665
2026-02-16 11:03:00+05:30,643.8,643.8,643.8,643.8,0,2665
2026-02-16 11:04:00+05:30,643.8,643.8,643.8,643.8,0,2665
2026-02-16 11:05:00+05:30,638.75,638.75,638.75,638.75,65,2665
2026-02-16 11:06:00+05:30,638.75,638.75,638.75,638.75,0,2665
2026-02-16 11:07:00+05:30,638.75,638.75,638.75,638.75,0,2665
2026-02-16 11:08:00+05:30,640.45,640.45,640.45,640.45,65,2665
2026-02-16 11:09:00+05:30,640.45,640.45,640.45,640.45,0,2665
2026-02-16 11:10:00+05:30,640.45,640.45,640.45,640.45,0,2665
2026-02-16 11:11:00+05:30,640.45,640.45,640.45,640.45,0,2665
2026-02-16 11:12:00+05:30,640.45,640.45,640.45,640.45,0,2665
2026-02-16 11:13:00+05:30,640.45,640.45,640.45,640.45,0,2665
2026-02-16 11:14:00+05:30,640.45,640.45,640.45,640.45,0,2665
2026-02-16 11:15:00+05:30,640.45,640.45,640.45,640.45,0,2665
2026-02-16 11:16:00+05:30,640.45,640.45,640.45,640.45,0,2665
2026-02-16 11:17:00+05:30,640.45,640.45,640.45,640.45,0,2665
2026-02-16 11:18:00+05:30,640.45,640.45,640.45,640.45,0,2665
2026-02-16 11:19:00+05:30,640.45,640.45,640.45,640.45,0,2665
2026-02-16 11:20:00+05:30,640.45,640.45,640.45,640.45,0,2665
2026-02-16 11:21:00+05:30,640.45,640.45,640.45,640.45,0,2665
2026-02-16 11:22:00+05:30,640.45,640.45,640.45,640.45,0,2665
2026-02-16 11:23:00+05:30,644.85,644.85,644.85,644.85,65,2730
2026-02-16 11:24:00+05:30,644.85,644.85,644.85,644.85,0,2730
2026-02-16 11:25:00+05:30,644.85,644.85,644.85,644.85,0,2730
2026-02-16 11:26:00+05:30,644.85,644.85,644.85,644.85,0,2730
2026-02-16 11:27:00+05:30,644.85,644.85,644.85,644.85,0,2730
2026-02-16 11:28:00+05:30,644.85,644.85,644.85,644.85,0,2730
2026-02-16 11:29:00+05:30,644.85,644.85,644.85,644.85,0,2730
2026-02-16 11:30:00+05:30,644.85,644.85,644.85,644.85,0,2730
2026-02-16 11:31:00+05:30,644.85,644.85,644.85,644.85,0,2730
2026-02-16 11:32:00+05:30,636.55,636.55,636.55,636.55,65,2795
2026-02-16 11:33:00+05:30,636.55,636.55,636.55,636.55,0,2795
2026-02-16 11:34:00+05:30,636.55,636.55,636.55,636.55,0,2795
2026-02-16 11:35:00+05:30,636.55,636.55,636.55,636.55,0,2795
2026-02-16 11:36:00+05:30,636.55,636.55,636.55,636.55,0,2795
2026-02-16 11:37:00+05:30,636.55,636.55,636.55,636.55,0,2795
2026-02-16 11:38:00+05:30,636.55,636.55,636.55,636.55,0,2795
2026-02-16 11:39:00+05:30,636.55,636.55,636.55,636.55,0,2795
2026-02-16 11:40:00+05:30,636.55,636.55,636.55,636.55,0,2795
2026-02-16 11:41:00+05:30,636.55,636.55,636.55,636.55,0,2795
2026-02-16 11:42:00+05:30,636.55,636.55,636.55,636.55,0,2795
2026-02-16 11:43:00+05:30,636.55,636.55,636.55,636.55,0,2795
2026-02-16 11:44:00+05:30,636.55,636.55,636.55,636.55,0,2795
2026-02-16 11:45:00+05:30,636.55,636.55,636.55,636.55,0,2795
2026-02-16 11:46:00+05:30,636.55,636.55,636.55,636.55,0,2795
2026-02-16 11:47:00+05:30,636.55,636.55,636.55,636.55,0,2795
2026-02-16 11:48:00+05:30,636.55,636.55,636.55,636.55,0,2795
2026-02-16 11:49:00+05:30,636.55,636.55,636.55,636.55,0,2795
2026-02-16 11:50:00+05:30,636.55,636.55,636.55,636.55,0,2795
2026-02-16 11:51:00+05:30,636.55,636.55,636.55,636.55,0,2795
2026-02-16 11:52:00+05:30,636.55,636.55,636.55,636.55,0,2795
2026-02-16 11:53:00+05:30,636.55,636.55,636.55,636.55,0,2795
2026-02-16 11:54:00+05:30,636.55,636.55,636.55,636.55,0,2795
2026-02-16 11:55:00+05:30,636.55,636.55,636.55,636.55,0,2795
2026-02-16 11:56:00+05:30,636.55,636.55,636.55,636.55,0,2795
2026-02-16 11:57:00+05:30,636.55,636.55,636.55,636.55,0,2795
2026-02-16 11:58:00+05:30,636.55,636.55,636.55,636.55,0,2795
2026-02-16 11:59:00+05:30,636.55,636.55,636.55,636.55,0,2795
2026-02-16 12:00:00+05:30,636.55,636.55,636.55,636.55,0,2795
2026-02-16 12:01:00+05:30,636.55,636.55,636.55,636.55,0,2795
2026-02-16 12:02:00+05:30,636.55,636.55,636.55,636.55,0,2795
2026-02-16 12:03:00+05:30,636.55,636.55,636.55,636.55,0,2795
2026-02-16 12:04:00+05:30,636.55,636.55,636.55,636.55,0,2795
2026-02-16 12:05:00+05:30,636.55,636.55,636.55,636.55,0,2795
2026-02-16 12:06:00+05:30,636.55,636.55,636.55,636.55,0,2795
2026-02-16 12:07:00+05:30,636.55,636.55,636.55,636.55,0,2795
2026-02-16 12:08:00+05:30,636.55,636.55,636.55,636.55,0,2795
2026-02-16 12:09:00+05:30,636.55,636.55,636.55,636.55,0,2795
2026-02-16 12:10:00+05:30,636.55,636.55,636.55,636.55,0,2795
2026-02-16 12:11:00+05:30,636.55,636.55,636.55,636.55,0,2795
2026-02-16 12:12:00+05:30,636.55,636.55,636.55,636.55,0,2795
2026-02-16 12:13:00+05:30,636.55,636.55,636.55,636.55,0,2795
2026-02-16 12:14:00+05:30,636.55,636.55,636.55,636.55,0,2795
2026-02-16 12:15:00+05:30,636.55,636.55,636.55,636.55,0,2795
2026-02-16 12:16:00+05:30,636.55,636.55,636.55,636.55,0,2795
2026-02-16 12:17:00+05:30,636.55,636.55,636.55,636.55,0,2795
2026-02-16 12:18:00+05:30,650.2,650.2,650.1,650.1,260,2860
2026-02-16 12:19:00+05:30,650.1,650.1,650.1,650.1,0,2860
2026-02-16 12:20:00+05:30,650.1,650.1,650.1,650.1,0,2860
2026-02-16 12:21:00+05:30,650.1,650.1,650.1,650.1,0,2860
2026-02-16 12:22:00+05:30,650.1,650.1,650.1,650.1,0,2860
2026-02-16 12:23:00+05:30,650.1,650.1,650.1,650.1,0,2860
2026-02-16 12:24:00+05:30,650.1,650.1,650.1,650.1,0,2860
2026-02-16 12:25:00+05:30,650.1,650.1,650.1,650.1,0,2860
2026-02-16 12:26:00+05:30,650.1,650.1,650.1,650.1,0,2860
2026-02-16 12:27:00+05:30,650.1,650.1,650.1,650.1,0,2860
2026-02-16 12:28:00+05:30,650.1,650.1,650.1,650.1,0,2860
2026-02-16 12:29:00+05:30,650.1,650.1,650.1,650.1,0,2860
2026-02-16 12:30:00+05:30,650.1,650.1,650.1,650.1,0,2860
2026-02-16 12:31:00+05:30,650.1,650.1,650.1,650.1,0,2860
2026-02-16 12:32:00+05:30,650.1,650.1,650.1,650.1,0,2860
2026-02-16 12:33:00+05:30,650.1,650.1,650.1,650.1,0,2860
2026-02-16 12:34:00+05:30,650.1,650.1,650.1,650.1,0,2860
2026-02-16 12:35:00+05:30,650.1,650.1,650.1,650.1,0,2860
2026-02-16 12:36:00+05:30,650.1,650.1,650.1,650.1,0,2860
2026-02-16 12:37:00+05:30,650.1,650.1,650.1,650.1,0,2860
2026-02-16 12:38:00+05:30,650.1,650.1,650.1,650.1,0,2860
2026-02-16 12:39:00+05:30,650.1,650.1,650.1,650.1,0,2860
2026-02-16 12:40:00+05:30,650.1,650.1,650.1,650.1,0,2860
2026-02-16 12:41:00+05:30,650.1,650.1,650.1,650.1,0,2860
2026-02-16 12:42:00+05:30,650.1,650.1,650.1,650.1,0,2860
2026-02-16 12:43:00+05:30,650.1,650.1,650.1,650.1,0,2860
2026-02-16 12:44:00+05:30,650.1,650.1,650.1,650.1,0,2860
2026-02-16 12:45:00+05:30,650.1,650.1,650.1,650.1,0,2860
2026-02-16 12:46:00+05:30,650.1,650.1,650.1,650.1,0,2860
2026-02-16 12:47:00+05:30,650.1,650.1,650.1,650.1,0,2860
2026-02-16 12:48:00+05:30,650.1,650.1,650.1,650.1,0,2860
2026-02-16 12:49:00+05:30,650.1,650.1,650.1,650.1,0,2860
2026-02-16 12:50:00+05:30,650.1,650.1,650.1,650.1,0,2860
2026-02-16 12:51:00+05:30,650.1,650.1,650.1,650.1,0,2860
2026-02-16 12:52:00+05:30,650.1,650.1,650.1,650.1,0,2860
2026-02-16 12:53:00+05:30,650.1,650.1,650.1,650.1,0,2860
2026-02-16 12:54:00+05:30,650.1,650.1,650.1,650.1,0,2860
2026-02-16 12:55:00+05:30,650.1,650.1,650.1,650.1,0,2860
2026-02-16 12:56:00+05:30,650.1,650.1,650.1,650.1,0,2860
2026-02-16 12:57:00+05:30,650.1,650.1,650.1,650.1,0,2860
2026-02-16 12:58:00+05:30,650.1,650.1,650.1,650.1,0,2860
2026-02-16 12:59:00+05:30,650.1,650.1,650.1,650.1,0,2860
2026-02-16 13:00:00+05:30,650.1,650.1,650.1,650.1,0,2860
2026-02-16 13:01:00+05:30,650.1,650.1,650.1,650.1,0,2860
2026-02-16 13:02:00+05:30,650.1,650.1,650.1,650.1,0,2860
2026-02-16 13:03:00+05:30,650.1,650.1,650.1,650.1,0,2860
2026-02-16 13:04:00+05:30,650.1,650.1,650.1,650.1,0,2860
2026-02-16 13:05:00+05:30,650.1,650.1,650.1,650.1,0,2860
2026-02-16 13:06:00+05:30,650.1,650.1,650.1,650.1,0,2860
2026-02-16 13:07:00+05:30,650.1,650.1,650.1,650.1,0,2860
2026-02-16 13:08:00+05:30,650.1,650.1,650.1,650.1,0,2860
2026-02-16 13:09:00+05:30,650.1,650.1,650.1,650.1,0,2860
2026-02-16 13:10:00+05:30,650.1,650.1,650.1,650.1,0,2860
2026-02-16 13:11:00+05:30,650.1,650.1,650.1,650.1,0,2860
2026-02-16 13:12:00+05:30,650.1,650.1,650.1,650.1,0,2860
2026-02-16 13:13:00+05:30,650.1,650.1,650.1,650.1,0,2860
2026-02-16 13:14:00+05:30,650.1,650.1,650.1,650.1,0,2860
2026-02-16 13:15:00+05:30,650.1,650.1,650.1,650.1,0,2860
2026-02-16 13:16:00+05:30,650.1,650.1,650.1,650.1,0,2860
2026-02-16 13:17:00+05:30,650.1,650.1,650.1,650.1,0,2860
2026-02-16 13:18:00+05:30,650.1,650.1,650.1,650.1,0,2860
2026-02-16 13:19:00+05:30,650.1,650.1,650.1,650.1,0,2860
2026-02-16 13:20:00+05:30,650.1,650.1,650.1,650.1,0,2860
2026-02-16 13:21:00+05:30,650.1,650.1,650.1,650.1,0,2860
2026-02-16 13:22:00+05:30,650.1,650.1,650.1,650.1,0,2860
2026-02-16 13:23:00+05:30,650.1,650.1,650.1,650.1,0,2860
2026-02-16 13:24:00+05:30,650.1,650.1,650.1,650.1,0,2860
2026-02-16 13:25:00+05:30,650.1,650.1,650.1,650.1,0,2860
2026-02-16 13:26:00+05:30,650.1,650.1,650.1,650.1,0,2860
2026-02-16 13:27:00+05:30,650.1,650.1,650.1,650.1,0,2860
2026-02-16 13:28:00+05:30,650.1,650.1,650.1,650.1,0,2860
2026-02-16 13:29:00+05:30,650.1,650.1,650.1,650.1,0,2860
2026-02-16 13:30:00+05:30,650.1,650.1,650.1,650.1,0,2860
2026-02-16 13:31:00+05:30,650.1,650.1,650.1,650.1,0,2860
2026-02-16 13:32:00+05:30,650.1,650.1,650.1,650.1,0,2860
2026-02-16 13:33:00+05:30,650.1,650.1,650.1,650.1,0,2860
2026-02-16 13:34:00+05:30,650.1,650.1,650.1,650.1,0,2860
2026-02-16 13:35:00+05:30,650.1,650.1,650.1,650.1,0,2860
2026-02-16 13:36:00+05:30,650.1,650.1,650.1,650.1,0,2860
2026-02-16 13:37:00+05:30,650.1,650.1,650.1,650.1,0,2860
2026-02-16 13:38:00+05:30,650.1,650.1,650.1,650.1,0,2860
2026-02-16 13:39:00+05:30,650.1,650.1,650.1,650.1,0,2860
2026-02-16 13:40:00+05:30,650.1,650.1,650.1,650.1,0,2860
2026-02-16 13:41:00+05:30,650.1,650.1,650.1,650.1,0,2860
2026-02-16 13:42:00+05:30,650.1,650.1,650.1,650.1,0,2860
2026-02-16 13:43:00+05:30,650.1,650.1,650.1,650.1,0,2860
2026-02-16 13:44:00+05:30,650.1,650.1,650.1,650.1,0,2860
2026-02-16 13:45:00+05:30,650.1,650.1,650.1,650.1,0,2860
2026-02-16 13:46:00+05:30,650.1,650.1,650.1,650.1,0,2860
2026-02-16 13:47:00+05:30,650.1,650.1,650.1,650.1,0,2860
2026-02-16 13:48:00+05:30,650.1,650.1,650.1,650.1,0,2860
2026-02-16 13:49:00+05:30,650.1,650.1,650.1,650.1,0,2860
2026-02-16 13:50:00+05:30,650.1,650.1,650.1,650.1,0,2860
2026-02-16 13:51:00+05:30,650.1,650.1,650.1,650.1,0,2860
2026-02-16 13:52:00+05:30,650.1,650.1,650.1,650.1,0,2860
2026-02-16 13:53:00+05:30,650.1,650.1,650.1,650.1,0,2860
2026-02-16 13:54:00+05:30,650.1,650.1,650.1,650.1,0,2860
2026-02-16 13:55:00+05:30,650.1,650.1,650.1,650.1,0,2860
2026-02-16 13:56:00+05:30,650.1,650.1,650.1,650.1,0,2860
2026-02-16 13:57:00+05:30,650.1,650.1,650.1,650.1,0,2860
2026-02-16 13:58:00+05:30,650.1,650.1,650.1,650.1,0,2860
2026-02-16 13:59:00+05:30,650.1,650.1,650.1,650.1,0,2860
2026-02-16 14:00:00+05:30,650.1,650.1,650.1,650.1,0,2860
2026-02-16 14:01:00+05:30,650.1,650.1,650.1,650.1,0,2860
2026-02-16 14:02:00+05:30,650.1,650.1,650.1,650.1,0,2860
2026-02-16 14:03:00+05:30,650.1,650.1,650.1,650.1,0,2860
2026-02-16 14:04:00+05:30,650.1,650.1,650.1,650.1,0,2860
2026-02-16 14:05:00+05:30,650.1,650.1,650.1,650.1,0,2860
2026-02-16 14:06:00+05:30,650.1,650.1,650.1,650.1,0,2860
2026-02-16 14:07:00+05:30,650.1,650.1,650.1,650.1,0,2860
2026-02-16 14:08:00+05:30,650.1,650.1,650.1,650.1,0,2860
2026-02-16 14:09:00+05:30,650.1,650.1,650.1,650.1,0,2860
2026-02-16 14:10:00+05:30,650.1,650.1,650.1,650.1,0,2860
2026-02-16 14:11:00+05:30,650.1,650.1,650.1,650.1,0,2860
2026-02-16 14:12:00+05:30,650.1,650.1,650.1,650.1,0,2860
2026-02-16 14:13:00+05:30,650.1,650.1,650.1,650.1,0,2860
2026-02-16 14:14:00+05:30,650.1,650.1,650.1,650.1,0,2860
2026-02-16 14:15:00+05:30,650.1,650.1,650.1,650.1,0,2860
2026-02-16 14:16:00+05:30,650.1,650.1,650.1,650.1,0,2860
2026-02-16 14:17:00+05:30,650.1,650.1,650.1,650.1,0,2860
2026-02-16 14:18:00+05:30,650.1,650.1,650.1,650.1,0,2860
2026-02-16 14:19:00+05:30,650.1,650.1,650.1,650.1,0,2860
2026-02-16 14:20:00+05:30,650.1,650.1,650.1,650.1,0,2860
2026-02-16 14:21:00+05:30,650.1,650.1,650.1,650.1,0,2860
2026-02-16 14:22:00+05:30,650.1,650.1,650.1,650.1,0,2860
2026-02-16 14:23:00+05:30,650.1,650.1,650.1,650.1,0,2860
2026-02-16 14:24:00+05:30,650.1,650.1,650.1,650.1,0,2860
2026-02-16 14:25:00+05:30,650.1,650.1,650.1,650.1,0,2860
2026-02-16 14:26:00+05:30,650.1,650.1,650.1,650.1,0,2860
2026-02-16 14:27:00+05:30,650.1,650.1,650.1,650.1,0,2860
2026-02-16 14:28:00+05:30,650.1,650.1,650.1,650.1,0,2860
2026-02-16 14:29:00+05:30,650.1,650.1,650.1,650.1,0,2860
2026-02-16 14:30:00+05:30,650.1,650.1,650.1,650.1,0,2860
2026-02-16 14:31:00+05:30,650.1,650.1,650.1,650.1,0,2860
2026-02-16 14:32:00+05:30,650.1,650.1,650.1,650.1,0,2860
2026-02-16 14:33:00+05:30,650.1,650.1,650.1,650.1,0,2860
2026-02-16 14:34:00+05:30,650.1,650.1,650.1,650.1,0,2860
2026-02-16 14:35:00+05:30,650.1,650.1,650.1,650.1,0,2860
2026-02-16 14:36:00+05:30,650.1,650.1,650.1,650.1,0,2860
2026-02-16 14:37:00+05:30,650.1,650.1,650.1,650.1,0,2860
2026-02-16 14:38:00+05:30,650.1,650.1,650.1,650.1,0,2860
2026-02-16 14:39:00+05:30,650.1,650.1,650.1,650.1,0,2860
2026-02-16 14:40:00+05:30,650.1,650.1,650.1,650.1,0,2860
2026-02-16 14:41:00+05:30,650.1,650.1,650.1,650.1,0,2860
2026-02-16 14:42:00+05:30,650.1,650.1,650.1,650.1,0,2860
2026-02-16 14:43:00+05:30,650.1,650.1,650.1,650.1,0,2860
2026-02-16 14:44:00+05:30,650.1,650.1,650.1,650.1,0,2860
2026-02-16 14:45:00+05:30,650.1,650.1,650.1,650.1,0,2860
2026-02-16 14:46:00+05:30,650.1,650.1,650.1,650.1,0,2860
2026-02-16 14:47:00+05:30,650.1,650.1,650.1,650.1,0,2860
2026-02-16 14:48:00+05:30,650.1,650.1,650.1,650.1,0,2860
2026-02-16 14:49:00+05:30,650.1,650.1,650.1,650.1,0,2860
2026-02-16 14:50:00+05:30,650.1,650.1,650.1,650.1,0,2860
2026-02-16 14:51:00+05:30,650.1,650.1,650.1,650.1,0,2860
2026-02-16 14:52:00+05:30,650.1,650.1,650.1,650.1,0,2860
2026-02-16 14:53:00+05:30,650.1,650.1,650.1,650.1,0,2860
2026-02-16 14:54:00+05:30,650.1,650.1,650.1,650.1,0,2860
2026-02-16 14:55:00+05:30,650.1,650.1,650.1,650.1,0,2860
2026-02-16 14:56:00+05:30,650.1,650.1,650.1,650.1,0,2860
2026-02-16 14:57:00+05:30,650.1,650.1,650.1,650.1,0,2860
2026-02-16 14:58:00+05:30,650.1,650.1,650.1,650.1,0,2860
2026-02-16 14:59:00+05:30,650.1,650.1,650.1,650.1,0,2860
2026-02-16 15:00:00+05:30,650.1,650.1,650.1,650.1,0,2860
2026-02-16 15:01:00+05:30,650.1,650.1,650.1,650.1,0,2860
2026-02-16 15:02:00+05:30,650.1,650.1,650.1,650.1,0,2860
2026-02-16 15:03:00+05:30,650.1,650.1,650.1,650.1,0,2860
2026-02-16 15:04:00+05:30,650.1,650.1,650.1,650.1,0,2860
2026-02-16 15:05:00+05:30,650.1,650.1,650.1,650.1,0,2860
2026-02-16 15:06:00+05:30,650.1,650.1,650.1,650.1,0,2860
2026-02-16 15:07:00+05:30,650.1,650.1,650.1,650.1,0,2860
2026-02-16 15:08:00+05:30,650.1,650.1,650.1,650.1,0,2860
2026-02-16 15:09:00+05:30,650.1,650.1,650.1,650.1,0,2860
2026-02-16 15:10:00+05:30,650.1,650.1,650.1,650.1,0,2860
2026-02-16 15:11:00+05:30,650.1,650.1,650.1,650.1,0,2860
2026-02-16 15:12:00+05:30,650.1,650.1,650.1,650.1,0,2860
2026-02-16 15:13:00+05:30,650.1,650.1,650.1,650.1,0,2860
2026-02-16 15:14:00+05:30,650.1,650.1,650.1,650.1,0,2860
2026-02-16 15:15:00+05:30,650.1,650.1,650.1,650.1,0,2860
2026-02-16 15:16:00+05:30,650.1,650.1,650.1,650.1,0,2860
2026-02-16 15:17:00+05:30,650.1,650.1,650.1,650.1,0,2860
2026-02-16 15:18:00+05:30,650.1,650.1,650.1,650.1,0,2860
2026-02-16 15:19:00+05:30,650.1,650.1,650.1,650.1,0,2860
2026-02-16 15:20:00+05:30,650.1,650.1,650.1,650.1,0,2860
2026-02-16 15:21:00+05:30,650.1,650.1,650.1,650.1,0,2860
2026-02-16 15:22:00+05:30,650.1,650.1,650.1,650.1,0,2860
2026-02-16 15:23:00+05:30,650.1,650.1,650.1,650.1,0,2860
2026-02-16 15:24:00+05:30,650.1,650.1,650.1,650.1,0,2860
2026-02-16 15:25:00+05:30,650.1,650.1,650.1,650.1,0,2860
2026-02-16 15:26:00+05:30,650.1,650.1,650.1,650.1,0,2860
2026-02-16 15:27:00+05:30,650.1,650.1,650.1,650.1,0,2860
2026-02-16 15:28:00+05:30,650.1,650.1,650.1,650.1,0,2860
2026-02-16 15:29:00+05:30,650.1,650.1,650.1,650.1,0,2860
2026-02-17 13:56:00+05:30,782.0,782.0,782.0,782.0,65,2795
2026-02-17 13:57:00+05:30,782.0,782.0,782.0,782.0,0,2795
2026-02-17 13:58:00+05:30,782.0,782.0,782.0,782.0,0,2795
2026-02-17 13:59:00+05:30,782.0,782.0,782.0,782.0,0,2795
2026-02-17 14:00:00+05:30,782.0,782.0,782.0,782.0,0,2795
2026-02-17 14:01:00+05:30,782.0,782.0,782.0,782.0,0,2795
2026-02-17 14:02:00+05:30,782.0,782.0,782.0,782.0,0,2795
2026-02-17 14:03:00+05:30,782.0,782.0,782.0,782.0,0,2795
2026-02-17 14:04:00+05:30,782.0,782.0,782.0,782.0,0,2795
2026-02-17 14:05:00+05:30,782.0,782.0,782.0,782.0,0,2795
2026-02-17 14:06:00+05:30,782.0,782.0,782.0,782.0,0,2795
2026-02-17 14:07:00+05:30,782.0,782.0,782.0,782.0,0,2795
2026-02-17 14:08:00+05:30,782.0,782.0,782.0,782.0,0,2795
2026-02-17 14:09:00+05:30,782.0,782.0,782.0,782.0,0,2795
2026-02-17 14:10:00+05:30,782.0,782.0,782.0,782.0,0,2795
2026-02-17 14:11:00+05:30,782.0,782.0,782.0,782.0,0,2795
2026-02-17 14:12:00+05:30,782.0,782.0,782.0,782.0,0,2795
2026-02-17 14:13:00+05:30,782.0,782.0,782.0,782.0,0,2795
2026-02-17 14:14:00+05:30,782.0,782.0,782.0,782.0,0,2795
2026-02-17 14:15:00+05:30,782.0,782.0,782.0,782.0,0,2795
2026-02-17 14:16:00+05:30,782.0,782.0,782.0,782.0,0,2795
2026-02-17 14:17:00+05:30,782.0,782.0,782.0,782.0,0,2795
2026-02-17 14:18:00+05:30,782.0,782.0,782.0,782.0,0,2795
2026-02-17 14:19:00+05:30,782.0,782.0,782.0,782.0,0,2795
2026-02-17 14:20:00+05:30,782.0,782.0,782.0,782.0,0,2795
2026-02-17 14:21:00+05:30,782.0,782.0,782.0,782.0,0,2795
2026-02-17 14:22:00+05:30,782.0,782.0,782.0,782.0,0,2795
2026-02-17 14:23:00+05:30,782.0,782.0,782.0,782.0,0,2795
2026-02-17 14:24:00+05:30,782.0,782.0,782.0,782.0,0,2795
2026-02-17 14:25:00+05:30,782.0,782.0,782.0,782.0,0,2795
2026-02-17 14:26:00+05:30,782.0,782.0,782.0,782.0,0,2795
2026-02-17 14:27:00+05:30,782.0,782.0,782.0,782.0,0,2795
2026-02-17 14:28:00+05:30,782.0,782.0,782.0,782.0,0,2795
2026-02-17 14:29:00+05:30,782.0,782.0,782.0,782.0,0,2795
2026-02-17 14:30:00+05:30,782.0,782.0,782.0,782.0,0,2795
2026-02-17 14:31:00+05:30,782.0,782.0,782.0,782.0,0,2795
2026-02-17 14:32:00+05:30,730.95,730.95,730.2,730.2,780,2730
2026-02-17 14:33:00+05:30,753.55,753.65,753.55,753.65,260,2600
2026-02-17 14:34:00+05:30,753.65,753.65,753.65,753.65,0,2600
2026-02-17 14:35:00+05:30,753.65,753.65,753.65,753.65,0,2600
2026-02-17 14:36:00+05:30,753.65,753.65,753.65,753.65,0,2600
2026-02-17 14:37:00+05:30,753.65,753.65,753.65,753.65,0,2600
2026-02-17 14:38:00+05:30,753.65,753.65,753.65,753.65,0,2600
2026-02-17 14:39:00+05:30,753.65,753.65,753.65,753.65,0,2600
2026-02-17 14:40:00+05:30,753.65,753.65,753.65,753.65,0,2600
2026-02-17 14:41:00+05:30,753.65,753.65,753.65,753.65,0,2600
2026-02-17 14:42:00+05:30,753.65,753.65,753.65,753.65,0,2600
2026-02-17 14:43:00+05:30,753.65,753.65,753.65,753.65,0,2600
2026-02-17 14:44:00+05:30,753.65,753.65,753.65,753.65,0,2600
2026-02-17 14:45:00+05:30,753.65,753.65,753.65,753.65,0,2600
2026-02-17 14:46:00+05:30,753.65,753.65,753.65,753.65,0,2600
2026-02-17 14:47:00+05:30,753.65,753.65,753.65,753.65,0,2600
2026-02-17 14:48:00+05:30,753.65,753.65,753.65,753.65,0,2600
2026-02-17 14:49:00+05:30,753.65,753.65,753.65,753.65,0,2600
2026-02-17 14:50:00+05:30,753.65,753.65,753.65,753.65,0,2600
2026-02-17 14:51:00+05:30,753.65,753.65,753.65,753.65,0,2600
2026-02-17 14:52:00+05:30,753.65,753.65,753.65,753.65,0,2600
2026-02-17 14:53:00+05:30,753.65,753.65,753.65,753.65,0,2600
2026-02-17 14:54:00+05:30,753.65,753.65,753.65,753.65,0,2600
2026-02-17 14:55:00+05:30,753.65,753.65,753.65,753.65,0,2600
2026-02-17 14:56:00+05:30,753.65,753.65,753.65,753.65,0,2600
2026-02-17 14:57:00+05:30,753.65,753.65,753.65,753.65,0,2600
2026-02-17 14:58:00+05:30,753.65,753.65,753.65,753.65,0,2600
2026-02-17 14:59:00+05:30,753.65,753.65,753.65,753.65,0,2600
2026-02-17 15:00:00+05:30,753.65,753.65,753.65,753.65,0,2600
2026-02-17 15:01:00+05:30,753.65,753.65,753.65,753.65,0,2600
2026-02-17 15:02:00+05:30,753.65,753.65,753.65,753.65,0,2600
2026-02-17 15:03:00+05:30,753.65,753.65,753.65,753.65,0,2600
2026-02-17 15:04:00+05:30,753.65,753.65,753.65,753.65,0,2600
2026-02-17 15:05:00+05:30,753.65,753.65,753.65,753.65,0,2600
2026-02-17 15:06:00+05:30,753.65,753.65,753.65,753.65,0,2600
2026-02-17 15:07:00+05:30,753.65,753.65,753.65,753.65,0,2600
2026-02-17 15:08:00+05:30,753.65,753.65,753.65,753.65,0,2600
2026-02-17 15:09:00+05:30,753.65,753.65,753.65,753.65,0,2600
2026-02-17 15:10:00+05:30,753.65,753.65,753.65,753.65,0,2600
2026-02-17 15:11:00+05:30,753.65,753.65,753.65,753.65,0,2600
2026-02-17 15:12:00+05:30,753.65,753.65,753.65,753.65,0,2600
2026-02-17 15:13:00+05:30,753.65,753.65,753.65,753.65,0,2600
2026-02-17 15:14:00+05:30,753.65,753.65,753.65,753.65,0,2600
2026-02-17 15:15:00+05:30,753.65,753.65,753.65,753.65,0,2600
2026-02-17 15:16:00+05:30,753.65,753.65,753.65,753.65,0,2600
2026-02-17 15:17:00+05:30,753.65,753.65,753.65,753.65,0,2600
2026-02-17 15:18:00+05:30,753.65,753.65,753.65,753.65,0,2600
2026-02-17 15:19:00+05:30,753.65,753.65,753.65,753.65,0,2600
2026-02-17 15:20:00+05:30,753.65,753.65,753.65,753.65,0,2600
2026-02-17 15:21:00+05:30,753.65,753.65,753.65,753.65,0,2600
2026-02-17 15:22:00+05:30,753.65,753.65,753.65,753.65,0,2600
2026-02-17 15:23:00+05:30,753.65,753.65,753.65,753.65,0,2600
2026-02-17 15:24:00+05:30,753.65,753.65,753.65,753.65,0,2600
2026-02-17 15:25:00+05:30,753.65,753.65,753.65,753.65,0,2600
2026-02-17 15:26:00+05:30,753.65,753.65,753.65,753.65,0,2600
2026-02-17 15:27:00+05:30,753.65,753.65,753.65,753.65,0,2600
2026-02-17 15:28:00+05:30,753.65,753.65,753.65,753.65,0,2600
2026-02-17 15:29:00+05:30,753.65,753.65,753.65,753.65,0,2600
2026-02-18 09:23:00+05:30,754.55,754.55,749.0,749.0,130,2665
2026-02-18 09:24:00+05:30,749.0,749.0,749.0,749.0,0,2665
2026-02-18 09:25:00+05:30,749.0,749.0,749.0,749.0,0,2665
2026-02-18 09:26:00+05:30,749.0,749.0,749.0,749.0,0,2665
2026-02-18 09:27:00+05:30,749.0,749.0,749.0,749.0,0,2665
2026-02-18 09:28:00+05:30,749.0,749.0,749.0,749.0,0,2665
2026-02-18 09:29:00+05:30,754.1,754.1,754.1,754.1,65,2665
2026-02-18 09:30:00+05:30,756.95,756.95,756.95,756.95,65,2665
2026-02-18 09:31:00+05:30,756.95,756.95,756.95,756.95,0,2665
2026-02-18 09:32:00+05:30,758.85,758.85,758.85,758.85,65,2600
2026-02-18 09:33:00+05:30,758.85,758.85,758.85,758.85,0,2600
2026-02-18 09:34:00+05:30,758.85,758.85,758.85,758.85,0,2600
2026-02-18 09:35:00+05:30,758.85,758.85,758.85,758.85,0,2600
2026-02-18 09:36:00+05:30,758.85,758.85,758.85,758.85,0,2600
2026-02-18 09:37:00+05:30,758.85,758.85,758.85,758.85,0,2600
2026-02-18 09:38:00+05:30,758.85,758.85,758.85,758.85,0,2600
2026-02-18 09:39:00+05:30,758.85,758.85,758.85,758.85,0,2600
2026-02-18 09:40:00+05:30,758.85,758.85,758.85,758.85,0,2600
2026-02-18 09:41:00+05:30,758.85,758.85,758.85,758.85,0,2600
2026-02-18 09:42:00+05:30,758.85,758.85,758.85,758.85,0,2600
2026-02-18 09:43:00+05:30,758.85,758.85,758.85,758.85,0,2600
2026-02-18 09:44:00+05:30,758.85,758.85,758.85,758.85,0,2600
2026-02-18 09:45:00+05:30,758.85,758.85,758.85,758.85,0,2600
2026-02-18 09:46:00+05:30,758.85,758.85,758.85,758.85,0,2600
2026-02-18 09:47:00+05:30,758.85,758.85,758.85,758.85,0,2600
2026-02-18 09:48:00+05:30,758.85,758.85,758.85,758.85,0,2600
2026-02-18 09:49:00+05:30,758.85,758.85,758.85,758.85,0,2600
2026-02-18 09:50:00+05:30,758.85,758.85,758.85,758.85,0,2600
2026-02-18 09:51:00+05:30,758.85,758.85,758.85,758.85,0,2600
2026-02-18 09:52:00+05:30,758.85,758.85,758.85,758.85,0,2600
2026-02-18 09:53:00+05:30,758.85,758.85,758.85,758.85,0,2600
2026-02-18 09:54:00+05:30,758.85,758.85,758.85,758.85,0,2600
2026-02-18 09:55:00+05:30,758.85,758.85,758.85,758.85,0,2600
2026-02-18 09:56:00+05:30,758.85,758.85,758.85,758.85,0,2600
2026-02-18 09:57:00+05:30,758.85,758.85,758.85,758.85,0,2600
2026-02-18 09:58:00+05:30,758.85,758.85,758.85,758.85,0,2600
2026-02-18 09:59:00+05:30,758.85,758.85,758.85,758.85,0,2600
2026-02-18 10:00:00+05:30,758.85,758.85,758.85,758.85,0,2600
2026-02-18 10:01:00+05:30,758.85,758.85,758.85,758.85,0,2600
2026-02-18 10:02:00+05:30,758.85,758.85,758.85,758.85,0,2600
2026-02-18 10:03:00+05:30,758.85,758.85,758.85,758.85,0,2600
2026-02-18 10:04:00+05:30,758.85,758.85,758.85,758.85,0,2600
2026-02-18 10:05:00+05:30,758.85,758.85,758.85,758.85,0,2600
2026-02-18 10:06:00+05:30,758.85,758.85,758.85,758.85,0,2600
2026-02-18 10:07:00+05:30,758.85,758.85,758.85,758.85,0,2600
2026-02-18 10:08:00+05:30,758.85,758.85,758.85,758.85,0,2600
2026-02-18 10:09:00+05:30,758.85,758.85,758.85,758.85,0,2600
2026-02-18 10:10:00+05:30,758.85,758.85,758.85,758.85,0,2600
2026-02-18 10:11:00+05:30,758.85,758.85,758.85,758.85,0,2600
2026-02-18 10:12:00+05:30,758.85,758.85,758.85,758.85,0,2600
2026-02-18 10:13:00+05:30,758.85,758.85,758.85,758.85,0,2600
2026-02-18 10:14:00+05:30,758.85,758.85,758.85,758.85,0,2600
2026-02-18 10:15:00+05:30,758.85,758.85,758.85,758.85,0,2600
2026-02-18 10:16:00+05:30,758.85,758.85,758.85,758.85,0,2600
2026-02-18 10:17:00+05:30,758.85,758.85,758.85,758.85,0,2600
2026-02-18 10:18:00+05:30,758.85,758.85,758.85,758.85,0,2600
2026-02-18 10:19:00+05:30,758.85,758.85,758.85,758.85,0,2600
2026-02-18 10:20:00+05:30,758.85,758.85,758.85,758.85,0,2600
2026-02-18 10:21:00+05:30,758.85,758.85,758.85,758.85,0,2600
2026-02-18 10:22:00+05:30,758.85,758.85,758.85,758.85,0,2600
2026-02-18 10:23:00+05:30,758.85,758.85,758.85,758.85,0,2600
2026-02-18 10:24:00+05:30,758.85,758.85,758.85,758.85,0,2600
2026-02-18 10:25:00+05:30,758.85,758.85,758.85,758.85,0,2600
2026-02-18 10:26:00+05:30,758.85,758.85,758.85,758.85,0,2600
2026-02-18 10:27:00+05:30,758.85,758.85,758.85,758.85,0,2600
2026-02-18 10:28:00+05:30,758.85,758.85,758.85,758.85,0,2600
2026-02-18 10:29:00+05:30,758.85,758.85,758.85,758.85,0,2600
2026-02-18 10:30:00+05:30,758.85,758.85,758.85,758.85,0,2600
2026-02-18 10:31:00+05:30,758.85,758.85,758.85,758.85,0,2600
2026-02-18 10:32:00+05:30,758.85,758.85,758.85,758.85,0,2600
2026-02-18 10:33:00+05:30,758.85,758.85,758.85,758.85,0,2600
2026-02-18 10:34:00+05:30,758.85,758.85,758.85,758.85,0,2600
2026-02-18 10:35:00+05:30,758.85,758.85,758.85,758.85,0,2600
2026-02-18 10:36:00+05:30,758.85,758.85,758.85,758.85,0,2600
2026-02-18 10:37:00+05:30,758.85,758.85,758.85,758.85,0,2600
2026-02-18 10:38:00+05:30,758.85,758.85,758.85,758.85,0,2600
2026-02-18 10:39:00+05:30,758.85,758.85,758.85,758.85,0,2600
2026-02-18 10:40:00+05:30,758.85,758.85,758.85,758.85,0,2600
2026-02-18 10:41:00+05:30,758.85,758.85,758.85,758.85,0,2600
2026-02-18 10:42:00+05:30,707.95,707.95,707.95,707.95,65,2600
2026-02-18 10:43:00+05:30,707.95,707.95,707.95,707.95,0,2600
2026-02-18 10:44:00+05:30,707.95,707.95,707.95,707.95,0,2600
2026-02-18 10:45:00+05:30,707.95,707.95,707.95,707.95,0,2600
2026-02-18 10:46:00+05:30,707.95,707.95,707.95,707.95,0,2600
2026-02-18 10:47:00+05:30,707.95,707.95,707.95,707.95,0,2600
2026-02-18 10:48:00+05:30,707.95,707.95,707.95,707.95,0,2600
2026-02-18 10:49:00+05:30,707.95,707.95,707.95,707.95,0,2600
2026-02-18 10:50:00+05:30,707.95,707.95,707.95,707.95,0,2600
2026-02-18 10:51:00+05:30,707.95,707.95,707.95,707.95,0,2600
2026-02-18 10:52:00+05:30,707.95,707.95,707.95,707.95,0,2600
2026-02-18 10:53:00+05:30,707.95,707.95,707.95,707.95,0,2600
2026-02-18 10:54:00+05:30,707.95,707.95,707.95,707.95,0,2600
2026-02-18 10:55:00+05:30,707.95,707.95,707.95,707.95,0,2600
2026-02-18 10:56:00+05:30,707.95,707.95,707.95,707.95,0,2600
2026-02-18 10:57:00+05:30,707.95,707.95,707.95,707.95,0,2600
2026-02-18 10:58:00+05:30,707.95,707.95,707.95,707.95,0,2600
2026-02-18 10:59:00+05:30,707.95,707.95,707.95,707.95,0,2600
2026-02-18 11:00:00+05:30,707.95,707.95,707.95,707.95,0,2600
2026-02-18 11:01:00+05:30,707.95,707.95,707.95,707.95,0,2600
2026-02-18 11:02:00+05:30,707.95,707.95,707.95,707.95,0,2600
2026-02-18 11:03:00+05:30,707.95,707.95,707.95,707.95,0,2600
2026-02-18 11:04:00+05:30,707.95,707.95,707.95,707.95,0,2600
2026-02-18 11:05:00+05:30,707.95,707.95,707.95,707.95,0,2600
2026-02-18 11:06:00+05:30,707.95,707.95,707.95,707.95,0,2600
2026-02-18 11:07:00+05:30,707.95,707.95,707.95,707.95,0,2600
2026-02-18 11:08:00+05:30,707.95,707.95,707.95,707.95,0,2600
2026-02-18 11:09:00+05:30,707.95,707.95,707.95,707.95,0,2600
2026-02-18 11:10:00+05:30,707.95,707.95,707.95,707.95,0,2600
2026-02-18 11:11:00+05:30,707.95,707.95,707.95,707.95,0,2600
2026-02-18 11:12:00+05:30,707.95,707.95,707.95,707.95,0,2600
2026-02-18 11:13:00+05:30,736.15,739.1,736.15,739.1,130,2600
2026-02-18 11:14:00+05:30,739.1,739.1,739.1,739.1,0,2600
2026-02-18 11:15:00+05:30,739.1,739.1,739.1,739.1,0,2600
2026-02-18 11:16:00+05:30,739.1,739.1,739.1,739.1,0,2600
2026-02-18 11:17:00+05:30,727.5,727.5,727.5,727.5,65,2470
2026-02-18 11:18:00+05:30,727.5,727.5,727.5,727.5,0,2470
2026-02-18 11:19:00+05:30,727.5,727.5,727.5,727.5,0,2470
2026-02-18 11:20:00+05:30,727.5,727.5,727.5,727.5,0,2470
2026-02-18 11:21:00+05:30,727.5,727.5,727.5,727.5,0,2470
2026-02-18 11:22:00+05:30,727.5,727.5,727.5,727.5,0,2470
2026-02-18 11:23:00+05:30,727.5,727.5,727.5,727.5,0,2470
2026-02-18 11:24:00+05:30,727.5,727.5,727.5,727.5,0,2470
2026-02-18 11:25:00+05:30,727.5,727.5,727.5,727.5,0,2470
2026-02-18 11:26:00+05:30,727.5,727.5,727.5,727.5,0,2470
2026-02-18 11:27:00+05:30,727.5,727.5,727.5,727.5,0,2470
2026-02-18 11:28:00+05:30,727.5,727.5,727.5,727.5,0,2470
2026-02-18 11:29:00+05:30,727.5,727.5,727.5,727.5,0,2470
2026-02-18 11:30:00+05:30,727.5,727.5,727.5,727.5,0,2470
2026-02-18 11:31:00+05:30,727.5,727.5,727.5,727.5,0,2470
2026-02-18 11:32:00+05:30,727.5,727.5,727.5,727.5,0,2470
2026-02-18 11:33:00+05:30,727.5,727.5,727.5,727.5,0,2470
2026-02-18 11:34:00+05:30,727.5,727.5,727.5,727.5,0,2470
2026-02-18 11:35:00+05:30,727.5,727.5,727.5,727.5,0,2470
2026-02-18 11:36:00+05:30,727.5,727.5,727.5,727.5,0,2470
2026-02-18 11:37:00+05:30,727.5,727.5,727.5,727.5,0,2470
2026-02-18 11:38:00+05:30,727.5,727.5,727.5,727.5,0,2470
2026-02-18 11:39:00+05:30,727.5,727.5,727.5,727.5,0,2470
2026-02-18 11:40:00+05:30,727.5,727.5,727.5,727.5,0,2470
2026-02-18 11:41:00+05:30,727.5,727.5,727.5,727.5,0,2470
2026-02-18 11:42:00+05:30,727.5,727.5,727.5,727.5,0,2470
2026-02-18 11:43:00+05:30,727.5,727.5,727.5,727.5,0,2470
2026-02-18 11:44:00+05:30,727.5,727.5,727.5,727.5,0,2470
2026-02-18 11:45:00+05:30,727.5,727.5,727.5,727.5,0,2470
2026-02-18 11:46:00+05:30,727.5,727.5,727.5,727.5,0,2470
2026-02-18 11:47:00+05:30,727.5,727.5,727.5,727.5,0,2470
2026-02-18 11:48:00+05:30,727.5,727.5,727.5,727.5,0,2470
2026-02-18 11:49:00+05:30,727.5,727.5,727.5,727.5,0,2470
2026-02-18 11:50:00+05:30,727.5,727.5,727.5,727.5,0,2470
2026-02-18 11:51:00+05:30,727.5,727.5,727.5,727.5,0,2470
2026-02-18 11:52:00+05:30,727.5,727.5,727.5,727.5,0,2470
2026-02-18 11:53:00+05:30,727.5,727.5,727.5,727.5,0,2470
2026-02-18 11:54:00+05:30,727.5,727.5,727.5,727.5,0,2470
2026-02-18 11:55:00+05:30,727.5,727.5,727.5,727.5,0,2470
2026-02-18 11:56:00+05:30,727.5,727.5,727.5,727.5,0,2470
2026-02-18 11:57:00+05:30,727.5,727.5,727.5,727.5,0,2470
2026-02-18 11:58:00+05:30,727.5,727.5,727.5,727.5,0,2470
2026-02-18 11:59:00+05:30,727.5,727.5,727.5,727.5,0,2470
2026-02-18 12:00:00+05:30,727.5,727.5,727.5,727.5,0,2470
2026-02-18 12:01:00+05:30,727.5,727.5,727.5,727.5,0,2470
2026-02-18 12:02:00+05:30,727.5,727.5,727.5,727.5,0,2470
2026-02-18 12:03:00+05:30,727.5,727.5,727.5,727.5,0,2470
2026-02-18 12:04:00+05:30,727.5,727.5,727.5,727.5,0,2470
2026-02-18 12:05:00+05:30,727.5,727.5,727.5,727.5,0,2470
2026-02-18 12:06:00+05:30,727.5,727.5,727.5,727.5,0,2470
2026-02-18 12:07:00+05:30,727.5,727.5,727.5,727.5,0,2470
2026-02-18 12:08:00+05:30,727.5,727.5,727.5,727.5,0,2470
2026-02-18 12:09:00+05:30,727.5,727.5,727.5,727.5,0,2470
2026-02-18 12:10:00+05:30,727.5,727.5,727.5,727.5,0,2470
2026-02-18 12:11:00+05:30,727.5,727.5,727.5,727.5,0,2470
2026-02-18 12:12:00+05:30,727.5,727.5,727.5,727.5,0,2470
2026-02-18 12:13:00+05:30,727.5,727.5,727.5,727.5,0,2470
2026-02-18 12:14:00+05:30,727.5,727.5,727.5,727.5,0,2470
2026-02-18 12:15:00+05:30,727.5,727.5,727.5,727.5,0,2470
2026-02-18 12:16:00+05:30,727.5,727.5,727.5,727.5,0,2470
2026-02-18 12:17:00+05:30,727.5,727.5,727.5,727.5,0,2470
2026-02-18 12:18:00+05:30,727.5,727.5,727.5,727.5,0,2470
2026-02-18 12:19:00+05:30,727.5,727.5,727.5,727.5,0,2470
2026-02-18 12:20:00+05:30,727.5,727.5,727.5,727.5,0,2470
2026-02-18 12:21:00+05:30,727.5,727.5,727.5,727.5,0,2470
2026-02-18 12:22:00+05:30,727.5,727.5,727.5,727.5,0,2470
2026-02-18 12:23:00+05:30,727.5,727.5,727.5,727.5,0,2470
2026-02-18 12:24:00+05:30,727.5,727.5,727.5,727.5,0,2470
2026-02-18 12:25:00+05:30,727.5,727.5,727.5,727.5,0,2470
2026-02-18 12:26:00+05:30,727.5,727.5,727.5,727.5,0,2470
2026-02-18 12:27:00+05:30,727.5,727.5,727.5,727.5,0,2470
2026-02-18 12:28:00+05:30,727.5,727.5,727.5,727.5,0,2470
2026-02-18 12:29:00+05:30,727.5,727.5,727.5,727.5,0,2470
2026-02-18 12:30:00+05:30,727.5,727.5,727.5,727.5,0,2470
2026-02-18 12:31:00+05:30,727.5,727.5,727.5,727.5,0,2470
2026-02-18 12:32:00+05:30,727.5,727.5,727.5,727.5,0,2470
2026-02-18 12:33:00+05:30,727.5,727.5,727.5,727.5,0,2470
2026-02-18 12:34:00+05:30,727.5,727.5,727.5,727.5,0,2470
2026-02-18 12:35:00+05:30,727.5,727.5,727.5,727.5,0,2470
2026-02-18 12:36:00+05:30,727.5,727.5,727.5,727.5,0,2470
2026-02-18 12:37:00+05:30,727.5,727.5,727.5,727.5,0,2470
2026-02-18 12:38:00+05:30,727.5,727.5,727.5,727.5,0,2470
2026-02-18 12:39:00+05:30,727.5,727.5,727.5,727.5,0,2470
2026-02-18 12:40:00+05:30,727.5,727.5,727.5,727.5,0,2470
2026-02-18 12:41:00+05:30,727.5,727.5,727.5,727.5,0,2470
2026-02-18 12:42:00+05:30,727.5,727.5,727.5,727.5,0,2470
2026-02-18 12:43:00+05:30,727.5,727.5,727.5,727.5,0,2470
2026-02-18 12:44:00+05:30,727.5,727.5,727.5,727.5,0,2470
2026-02-18 12:45:00+05:30,727.5,727.5,727.5,727.5,0,2470
2026-02-18 12:46:00+05:30,727.5,727.5,727.5,727.5,0,2470
2026-02-18 12:47:00+05:30,727.5,727.5,727.5,727.5,0,2470
2026-02-18 12:48:00+05:30,727.5,727.5,727.5,727.5,0,2470
2026-02-18 12:49:00+05:30,727.5,727.5,727.5,727.5,0,2470
2026-02-18 12:50:00+05:30,727.5,727.5,727.5,727.5,0,2470
2026-02-18 12:51:00+05:30,727.5,727.5,727.5,727.5,0,2470
2026-02-18 12:52:00+05:30,727.5,727.5,727.5,727.5,0,2470
2026-02-18 12:53:00+05:30,727.5,727.5,727.5,727.5,0,2470
2026-02-18 12:54:00+05:30,727.5,727.5,727.5,727.5,0,2470
2026-02-18 12:55:00+05:30,727.5,727.5,727.5,727.5,0,2470
2026-02-18 12:56:00+05:30,727.5,727.5,727.5,727.5,0,2470
2026-02-18 12:57:00+05:30,727.5,727.5,727.5,727.5,0,2470
2026-02-18 12:58:00+05:30,727.5,727.5,727.5,727.5,0,2470
2026-02-18 12:59:00+05:30,727.5,727.5,727.5,727.5,0,2470
2026-02-18 13:00:00+05:30,727.5,727.5,727.5,727.5,0,2470
2026-02-18 13:01:00+05:30,776.3,776.3,773.75,773.75,130,2535
2026-02-18 13:02:00+05:30,773.75,773.75,773.75,773.75,0,2535
2026-02-18 13:03:00+05:30,773.75,773.75,773.75,773.75,0,2535
2026-02-18 13:04:00+05:30,773.75,773.75,773.75,773.75,0,2535
2026-02-18 13:05:00+05:30,773.75,773.75,773.75,773.75,0,2535
2026-02-18 13:06:00+05:30,773.75,773.75,773.75,773.75,0,2535
2026-02-18 13:07:00+05:30,773.75,773.75,773.75,773.75,0,2535
2026-02-18 13:08:00+05:30,773.75,773.75,773.75,773.75,0,2535
2026-02-18 13:09:00+05:30,773.75,773.75,773.75,773.75,0,2535
2026-02-18 13:10:00+05:30,773.75,773.75,773.75,773.75,0,2535
2026-02-18 13:11:00+05:30,773.75,773.75,773.75,773.75,0,2535
2026-02-18 13:12:00+05:30,773.75,773.75,773.75,773.75,0,2535
2026-02-18 13:13:00+05:30,773.75,773.75,773.75,773.75,0,2535
2026-02-18 13:14:00+05:30,773.75,773.75,773.75,773.75,0,2535
2026-02-18 13:15:00+05:30,773.75,773.75,773.75,773.75,0,2535
2026-02-18 13:16:00+05:30,773.75,773.75,773.75,773.75,0,2535
2026-02-18 13:17:00+05:30,773.75,773.75,773.75,773.75,0,2535
2026-02-18 13:18:00+05:30,773.75,773.75,773.75,773.75,0,2535
2026-02-18 13:19:00+05:30,773.75,773.75,773.75,773.75,0,2535
2026-02-18 13:20:00+05:30,773.75,773.75,773.75,773.75,0,2535
2026-02-18 13:21:00+05:30,773.75,773.75,773.75,773.75,0,2535
2026-02-18 13:22:00+05:30,773.75,773.75,773.75,773.75,0,2535
2026-02-18 13:23:00+05:30,773.75,773.75,773.75,773.75,0,2535
2026-02-18 13:24:00+05:30,773.75,773.75,773.75,773.75,0,2535
2026-02-18 13:25:00+05:30,773.75,773.75,773.75,773.75,0,2535
2026-02-18 13:26:00+05:30,773.75,773.75,773.75,773.75,0,2535
2026-02-18 13:27:00+05:30,773.75,773.75,773.75,773.75,0,2535
2026-02-18 13:28:00+05:30,773.75,773.75,773.75,773.75,0,2535
2026-02-18 13:29:00+05:30,773.75,773.75,773.75,773.75,0,2535
2026-02-18 13:30:00+05:30,773.75,773.75,773.75,773.75,0,2535
2026-02-18 13:31:00+05:30,773.75,773.75,773.75,773.75,0,2535
2026-02-18 13:32:00+05:30,773.75,773.75,773.75,773.75,0,2535
2026-02-18 13:33:00+05:30,773.75,773.75,773.75,773.75,0,2535
2026-02-18 13:34:00+05:30,773.75,773.75,773.75,773.75,0,2535
2026-02-18 13:35:00+05:30,773.75,773.75,773.75,773.75,0,2535
2026-02-18 13:36:00+05:30,773.75,773.75,773.75,773.75,0,2535
2026-02-18 13:37:00+05:30,773.75,773.75,773.75,773.75,0,2535
2026-02-18 13:38:00+05:30,773.75,773.75,773.75,773.75,0,2535
2026-02-18 13:39:00+05:30,773.75,773.75,773.75,773.75,0,2535
2026-02-18 13:40:00+05:30,773.75,773.75,773.75,773.75,0,2535
2026-02-18 13:41:00+05:30,767.65,767.65,767.65,767.65,65,2470
2026-02-18 13:42:00+05:30,767.65,767.65,767.65,767.65,0,2470
2026-02-18 13:43:00+05:30,767.65,767.65,767.65,767.65,0,2470
2026-02-18 13:44:00+05:30,767.65,767.65,767.65,767.65,0,2470
2026-02-18 13:45:00+05:30,767.65,767.65,767.65,767.65,0,2470
2026-02-18 13:46:00+05:30,767.65,767.65,767.65,767.65,0,2470
2026-02-18 13:47:00+05:30,767.65,767.65,767.65,767.65,0,2470
2026-02-18 13:48:00+05:30,767.65,767.65,767.65,767.65,0,2470
2026-02-18 13:49:00+05:30,772.4,772.4,772.4,772.4,65,2405
2026-02-18 13:50:00+05:30,772.4,772.4,772.4,772.4,0,2405
2026-02-18 13:51:00+05:30,772.4,772.4,772.4,772.4,0,2405
2026-02-18 13:52:00+05:30,772.4,772.4,772.4,772.4,0,2405
2026-02-18 13:53:00+05:30,772.4,772.4,772.4,772.4,0,2405
2026-02-18 13:54:00+05:30,772.4,772.4,772.4,772.4,0,2405
2026-02-18 13:55:00+05:30,772.4,772.4,772.4,772.4,0,2405
2026-02-18 13:56:00+05:30,772.4,772.4,772.4,772.4,0,2405
2026-02-18 13:57:00+05:30,772.4,772.4,772.4,772.4,0,2405
2026-02-18 13:58:00+05:30,772.4,772.4,772.4,772.4,0,2405
2026-02-18 13:59:00+05:30,772.4,772.4,772.4,772.4,0,2405
2026-02-18 14:00:00+05:30,772.4,772.4,772.4,772.4,0,2405
2026-02-18 14:01:00+05:30,772.4,772.4,772.4,772.4,0,2405
2026-02-18 14:02:00+05:30,772.4,772.4,772.4,772.4,0,2405
2026-02-18 14:03:00+05:30,772.4,772.4,772.4,772.4,0,2405
2026-02-18 14:04:00+05:30,772.4,772.4,772.4,772.4,0,2405
2026-02-18 14:05:00+05:30,772.4,772.4,772.4,772.4,0,2405
2026-02-18 14:06:00+05:30,772.4,772.4,772.4,772.4,0,2405
2026-02-18 14:07:00+05:30,772.4,772.4,772.4,772.4,0,2405
2026-02-18 14:08:00+05:30,772.4,772.4,772.4,772.4,0,2405
2026-02-18 14:09:00+05:30,772.4,772.4,772.4,772.4,0,2405
2026-02-18 14:10:00+05:30,772.4,772.4,772.4,772.4,0,2405
2026-02-18 14:11:00+05:30,772.4,772.4,772.4,772.4,0,2405
2026-02-18 14:12:00+05:30,792.4,806.0,792.35,805.95,1430,2405
2026-02-18 14:13:00+05:30,805.95,805.95,805.95,805.95,0,2405
2026-02-18 14:14:00+05:30,805.95,805.95,805.95,805.95,0,2405
2026-02-18 14:15:00+05:30,805.95,805.95,805.95,805.95,0,2405
2026-02-18 14:16:00+05:30,805.95,805.95,805.95,805.95,0,2405
2026-02-18 14:17:00+05:30,805.95,805.95,805.95,805.95,0,2405
2026-02-18 14:18:00+05:30,805.95,805.95,805.95,805.95,0,2405
2026-02-18 14:19:00+05:30,814.25,814.25,814.25,814.25,65,3120
2026-02-18 14:20:00+05:30,814.25,814.25,814.25,814.25,0,3120
2026-02-18 14:21:00+05:30,814.25,814.25,814.25,814.25,0,3120
2026-02-18 14:22:00+05:30,814.25,814.25,814.25,814.25,0,3120
2026-02-18 14:23:00+05:30,814.25,814.25,814.25,814.25,0,3120
2026-02-18 14:24:00+05:30,835.85,835.85,835.1,835.1,130,3120
2026-02-18 14:25:00+05:30,835.1,835.1,835.1,835.1,0,3120
2026-02-18 14:26:00+05:30,835.1,835.1,835.1,835.1,0,3120
2026-02-18 14:27:00+05:30,835.1,835.1,835.1,835.1,0,3120
2026-02-18 14:28:00+05:30,835.1,835.1,835.1,835.1,0,3120
2026-02-18 14:29:00+05:30,835.1,835.1,835.1,835.1,0,3120
2026-02-18 14:30:00+05:30,835.1,835.1,835.1,835.1,0,3120
2026-02-18 14:31:00+05:30,835.1,835.1,835.1,835.1,0,3120
2026-02-18 14:32:00+05:30,835.1,835.1,835.1,835.1,0,3120
2026-02-18 14:33:00+05:30,835.1,835.1,835.1,835.1,0,3120
2026-02-18 14:34:00+05:30,835.1,835.1,835.1,835.1,0,3120
2026-02-18 14:35:00+05:30,835.1,835.1,835.1,835.1,0,3120
2026-02-18 14:36:00+05:30,835.1,835.1,835.1,835.1,0,3120
2026-02-18 14:37:00+05:30,835.1,835.1,835.1,835.1,0,3120
2026-02-18 14:38:00+05:30,835.1,835.1,835.1,835.1,0,3120
2026-02-18 14:39:00+05:30,835.1,835.1,835.1,835.1,0,3120
2026-02-18 14:40:00+05:30,835.1,835.1,835.1,835.1,0,3120
2026-02-18 14:41:00+05:30,835.1,835.1,835.1,835.1,0,3120
2026-02-18 14:42:00+05:30,835.1,835.1,835.1,835.1,0,3120
2026-02-18 14:43:00+05:30,835.1,835.1,835.1,835.1,0,3120
2026-02-18 14:44:00+05:30,835.1,835.1,835.1,835.1,0,3120
2026-02-18 14:45:00+05:30,835.1,835.1,835.1,835.1,0,3120
2026-02-18 14:46:00+05:30,835.1,835.1,835.1,835.1,0,3120
2026-02-18 14:47:00+05:30,835.1,835.1,835.1,835.1,0,3120
2026-02-18 14:48:00+05:30,835.1,835.1,835.1,835.1,0,3120
2026-02-18 14:49:00+05:30,835.1,835.1,835.1,835.1,0,3120
2026-02-18 14:50:00+05:30,835.1,835.1,835.1,835.1,0,3120
2026-02-18 14:51:00+05:30,835.1,835.1,835.1,835.1,0,3120
2026-02-18 14:52:00+05:30,835.1,835.1,835.1,835.1,0,3120
2026-02-18 14:53:00+05:30,835.1,835.1,835.1,835.1,0,3120
2026-02-18 14:54:00+05:30,835.1,835.1,835.1,835.1,0,3120
2026-02-18 14:55:00+05:30,835.1,835.1,835.1,835.1,0,3120
2026-02-18 14:56:00+05:30,835.1,835.1,835.1,835.1,0,3120
2026-02-18 14:57:00+05:30,835.1,835.1,835.1,835.1,0,3120
2026-02-18 14:58:00+05:30,835.1,835.1,835.1,835.1,0,3120
2026-02-18 14:59:00+05:30,835.1,835.1,835.1,835.1,0,3120
2026-02-18 15:00:00+05:30,832.1,832.6,832.1,832.6,1300,3055
2026-02-18 15:01:00+05:30,848.4,848.4,848.4,848.4,65,3055
2026-02-18 15:02:00+05:30,848.4,848.4,848.4,848.4,0,3055
2026-02-18 15:03:00+05:30,848.4,848.4,848.4,848.4,0,3055
2026-02-18 15:04:00+05:30,848.4,848.4,848.4,848.4,0,3055
2026-02-18 15:05:00+05:30,848.4,848.4,848.4,848.4,0,3055
2026-02-18 15:06:00+05:30,848.4,848.4,848.4,848.4,0,3055
2026-02-18 15:07:00+05:30,848.4,848.4,848.4,848.4,0,3055
2026-02-18 15:08:00+05:30,844.3,844.3,844.3,844.3,65,2665
2026-02-18 15:09:00+05:30,844.3,844.3,844.3,844.3,0,2665
2026-02-18 15:10:00+05:30,844.3,844.3,844.3,844.3,0,2665
2026-02-18 15:11:00+05:30,844.3,844.3,844.3,844.3,0,2665
2026-02-18 15:12:00+05:30,844.3,844.3,844.3,844.3,0,2665
2026-02-18 15:13:00+05:30,844.3,844.3,844.3,844.3,0,2665
2026-02-18 15:14:00+05:30,844.3,844.3,844.3,844.3,0,2665
2026-02-18 15:15:00+05:30,845.15,845.15,845.15,845.15,65,2600
2026-02-18 15:16:00+05:30,845.15,845.15,845.15,845.15,0,2600
2026-02-18 15:17:00+05:30,845.15,845.15,845.15,845.15,0,2600
2026-02-18 15:18:00+05:30,845.15,845.15,845.15,845.15,0,2600
2026-02-18 15:19:00+05:30,845.15,845.15,845.15,845.15,0,2600
2026-02-18 15:20:00+05:30,845.15,845.15,845.15,845.15,0,2600
2026-02-18 15:21:00+05:30,845.15,845.15,845.15,845.15,0,2600
2026-02-18 15:22:00+05:30,845.15,845.15,845.15,845.15,0,2600
2026-02-18 15:23:00+05:30,845.15,845.15,845.15,845.15,0,2600
2026-02-18 15:24:00+05:30,845.15,845.15,845.15,845.15,0,2600
2026-02-18 15:25:00+05:30,845.15,845.15,845.15,845.15,0,2600
2026-02-18 15:26:00+05:30,845.15,845.15,845.15,845.15,0,2600
2026-02-18 15:27:00+05:30,845.15,845.15,845.15,845.15,0,2600
2026-02-18 15:28:00+05:30,845.15,845.15,845.15,845.15,0,2600
2026-02-18 15:29:00+05:30,845.15,845.15,845.15,845.15,0,2600
2026-02-19 14:01:00+05:30,615.0,615.0,615.0,615.0,975,2535
2026-02-19 14:02:00+05:30,615.0,615.0,615.0,615.0,0,2535
2026-02-19 14:03:00+05:30,615.0,615.0,615.0,615.0,0,2535
2026-02-19 14:04:00+05:30,615.0,615.0,615.0,615.0,0,2535
2026-02-19 14:05:00+05:30,615.0,615.0,615.0,615.0,0,2535
2026-02-19 14:06:00+05:30,615.0,615.0,615.0,615.0,0,2535
2026-02-19 14:07:00+05:30,615.0,615.0,615.0,615.0,0,2535
2026-02-19 14:08:00+05:30,615.0,615.0,615.0,615.0,0,2535
2026-02-19 14:09:00+05:30,615.0,615.0,615.0,615.0,0,2535
2026-02-19 14:10:00+05:30,615.0,615.0,615.0,615.0,0,2535
2026-02-19 14:11:00+05:30,615.0,615.0,615.0,615.0,0,2535
2026-02-19 14:12:00+05:30,615.0,615.0,615.0,615.0,0,2535
2026-02-19 14:13:00+05:30,615.0,615.0,615.0,615.0,0,2535
2026-02-19 14:14:00+05:30,615.0,615.0,615.0,615.0,0,2535
2026-02-19 14:15:00+05:30,615.0,615.0,615.0,615.0,0,2535
2026-02-19 14:16:00+05:30,615.0,615.0,615.0,615.0,0,2535
2026-02-19 14:17:00+05:30,615.0,615.0,615.0,615.0,0,2535
2026-02-19 14:18:00+05:30,615.0,615.0,615.0,615.0,0,2535
2026-02-19 14:19:00+05:30,615.0,615.0,615.0,615.0,0,2535
2026-02-19 14:20:00+05:30,615.0,615.0,615.0,615.0,0,2535
2026-02-19 14:21:00+05:30,615.0,615.0,615.0,615.0,0,2535
2026-02-19 14:22:00+05:30,615.0,615.0,615.0,615.0,0,2535
2026-02-19 14:23:00+05:30,615.0,615.0,615.0,615.0,0,2535
2026-02-19 14:24:00+05:30,615.0,615.0,615.0,615.0,0,2535
2026-02-19 14:25:00+05:30,615.0,615.0,615.0,615.0,0,2535
2026-02-19 14:26:00+05:30,615.0,615.0,615.0,615.0,0,2535
2026-02-19 14:27:00+05:30,615.0,615.0,615.0,615.0,0,2535
2026-02-19 14:28:00+05:30,615.0,615.0,615.0,615.0,0,2535
2026-02-19 14:29:00+05:30,615.0,615.0,615.0,615.0,0,2535
2026-02-19 14:30:00+05:30,615.0,615.0,615.0,615.0,0,2535
2026-02-19 14:31:00+05:30,615.0,615.0,615.0,615.0,0,2535
2026-02-19 14:32:00+05:30,615.0,615.0,615.0,615.0,0,2535
2026-02-19 14:33:00+05:30,615.0,615.0,615.0,615.0,0,2535
2026-02-19 14:34:00+05:30,615.0,615.0,615.0,615.0,0,2535
2026-02-19 14:35:00+05:30,615.0,615.0,615.0,615.0,0,2535
2026-02-19 14:36:00+05:30,615.0,615.0,615.0,615.0,0,2535
2026-02-19 14:37:00+05:30,615.0,615.0,615.0,615.0,0,2535
2026-02-19 14:38:00+05:30,615.0,615.0,615.0,615.0,0,2535
2026-02-19 14:39:00+05:30,615.0,615.0,615.0,615.0,0,2535
2026-02-19 14:40:00+05:30,615.0,615.0,615.0,615.0,0,2535
2026-02-19 14:41:00+05:30,615.0,615.0,615.0,615.0,0,2535
2026-02-19 14:42:00+05:30,615.0,615.0,615.0,615.0,0,2535
2026-02-19 14:43:00+05:30,615.0,615.0,615.0,615.0,0,2535
2026-02-19 14:44:00+05:30,615.0,615.0,615.0,615.0,0,2535
2026-02-19 14:45:00+05:30,615.0,615.0,615.0,615.0,0,2535
2026-02-19 14:46:00+05:30,615.0,615.0,615.0,615.0,0,2535
2026-02-19 14:47:00+05:30,615.0,615.0,615.0,615.0,0,2535
2026-02-19 14:48:00+05:30,566.7,566.7,566.7,566.7,65,2405
2026-02-19 14:49:00+05:30,566.7,566.7,566.7,566.7,0,2405
2026-02-19 14:50:00+05:30,578.5,578.5,578.5,578.5,65,2405
2026-02-19 14:51:00+05:30,577.85,577.85,577.85,577.85,65,2340
2026-02-19 14:52:00+05:30,577.85,577.85,577.85,577.85,0,2340
2026-02-19 14:53:00+05:30,577.85,577.85,577.85,577.85,0,2340
2026-02-19 14:54:00+05:30,577.85,577.85,577.85,577.85,0,2340
2026-02-19 14:55:00+05:30,577.85,577.85,577.85,577.85,0,2340
2026-02-19 14:56:00+05:30,577.85,577.85,577.85,577.85,0,2340
2026-02-19 14:57:00+05:30,577.85,577.85,577.85,577.85,0,2340
2026-02-19 14:58:00+05:30,577.85,577.85,577.85,577.85,0,2340
2026-02-19 14:59:00+05:30,577.85,577.85,577.85,577.85,0,2340
2026-02-19 15:00:00+05:30,577.85,577.85,577.85,577.85,0,2340
2026-02-19 15:01:00+05:30,577.85,577.85,577.85,577.85,0,2340
2026-02-19 15:02:00+05:30,577.85,577.85,577.85,577.85,0,2340
2026-02-19 15:03:00+05:30,577.85,577.85,577.85,577.85,0,2340
2026-02-19 15:04:00+05:30,577.85,577.85,577.85,577.85,0,2340
2026-02-19 15:05:00+05:30,577.85,577.85,577.85,577.85,0,2340
2026-02-19 15:06:00+05:30,577.85,577.85,577.85,577.85,0,2340
2026-02-19 15:07:00+05:30,577.85,577.85,577.85,577.85,0,2340
2026-02-19 15:08:00+05:30,577.85,577.85,577.85,577.85,0,2340
2026-02-19 15:09:00+05:30,577.85,577.85,577.85,577.85,0,2340
2026-02-19 15:10:00+05:30,577.85,577.85,577.85,577.85,0,2340
2026-02-19 15:11:00+05:30,577.85,577.85,577.85,577.85,0,2340
2026-02-19 15:12:00+05:30,577.85,577.85,577.85,577.85,0,2340
2026-02-19 15:13:00+05:30,577.85,577.85,577.85,577.85,0,2340
2026-02-19 15:14:00+05:30,577.85,577.85,577.85,577.85,0,2340
2026-02-19 15:15:00+05:30,577.85,577.85,577.85,577.85,0,2340
2026-02-19 15:16:00+05:30,577.85,577.85,577.85,577.85,0,2340
2026-02-19 15:17:00+05:30,577.85,577.85,577.85,577.85,0,2340
2026-02-19 15:18:00+05:30,577.85,577.85,577.85,577.85,0,2340
2026-02-19 15:19:00+05:30,577.85,577.85,577.85,577.85,0,2340
2026-02-19 15:20:00+05:30,577.85,577.85,577.85,577.85,0,2340
2026-02-19 15:21:00+05:30,577.85,577.85,577.85,577.85,0,2340
2026-02-19 15:22:00+05:30,577.85,577.85,577.85,577.85,0,2340
2026-02-19 15:23:00+05:30,577.85,577.85,577.85,577.85,0,2340
2026-02-19 15:24:00+05:30,577.85,577.85,577.85,577.85,0,2340
2026-02-19 15:25:00+05:30,577.85,577.85,577.85,577.85,0,2340
2026-02-19 15:26:00+05:30,577.85,577.85,577.85,577.85,0,2340
2026-02-19 15:27:00+05:30,577.85,577.85,577.85,577.85,0,2340
2026-02-19 15:28:00+05:30,577.85,577.85,577.85,577.85,0,2340
2026-02-19 15:29:00+05:30,577.85,577.85,577.85,577.85,0,2340
2026-02-20 09:16:00+05:30,547.95,547.95,547.95,547.95,65,2275
2026-02-20 09:17:00+05:30,533.0,533.0,533.0,533.0,65,2275
2026-02-20 09:18:00+05:30,527.3,527.3,527.3,527.3,260,2275
2026-02-20 09:19:00+05:30,527.3,527.3,527.3,527.3,0,2275
2026-02-20 09:20:00+05:30,527.3,527.3,527.3,527.3,0,2275
2026-02-20 09:21:00+05:30,527.3,527.3,527.3,527.3,0,2275
2026-02-20 09:22:00+05:30,527.3,527.3,527.3,527.3,0,2275
2026-02-20 09:23:00+05:30,535.0,536.0,535.0,536.0,325,2405
2026-02-20 09:24:00+05:30,522.95,522.95,522.95,522.95,65,2405
2026-02-20 09:25:00+05:30,522.95,522.95,522.95,522.95,0,2405
2026-02-20 09:26:00+05:30,522.95,522.95,522.95,522.95,0,2405
2026-02-20 09:27:00+05:30,522.95,522.95,522.95,522.95,0,2405
2026-02-20 09:28:00+05:30,505.05,505.05,504.5,504.5,325,2730
2026-02-20 09:29:00+05:30,483.0,483.0,476.0,476.0,195,2730
2026-02-20 09:30:00+05:30,476.0,476.0,476.0,476.0,0,2730
2026-02-20 09:31:00+05:30,476.0,476.0,476.0,476.0,0,2730
2026-02-20 09:32:00+05:30,508.0,512.4,508.0,512.4,130,2340
2026-02-20 09:33:00+05:30,512.4,512.4,512.4,512.4,0,2340
2026-02-20 09:34:00+05:30,512.4,512.4,512.4,512.4,0,2340
2026-02-20 09:35:00+05:30,512.4,512.4,512.4,512.4,0,2340
2026-02-20 09:36:00+05:30,512.4,512.4,512.4,512.4,0,2340
2026-02-20 09:37:00+05:30,512.4,512.4,512.4,512.4,0,2340
2026-02-20 09:38:00+05:30,512.4,512.4,512.4,512.4,0,2340
2026-02-20 09:39:00+05:30,512.4,512.4,512.4,512.4,0,2340
2026-02-20 09:40:00+05:30,528.0,528.0,528.0,528.0,65,2340
2026-02-20 09:41:00+05:30,532.0,532.0,532.0,532.0,65,2340
2026-02-20 09:42:00+05:30,532.0,532.0,532.0,532.0,0,2340
2026-02-20 09:43:00+05:30,532.0,532.0,532.0,532.0,0,2340
2026-02-20 09:44:00+05:30,532.0,532.0,532.0,532.0,0,2340
2026-02-20 09:45:00+05:30,557.0,557.95,557.0,557.95,520,2470
2026-02-20 09:46:00+05:30,557.95,557.95,557.95,557.95,0,2470
2026-02-20 09:47:00+05:30,557.95,557.95,557.95,557.95,0,2470
2026-02-20 09:48:00+05:30,570.0,570.0,569.0,569.0,260,2535
2026-02-20 09:49:00+05:30,569.0,569.0,569.0,569.0,0,2535
2026-02-20 09:50:00+05:30,569.0,569.0,569.0,569.0,0,2535
2026-02-20 09:51:00+05:30,569.0,569.0,569.0,569.0,0,2535
2026-02-20 09:52:00+05:30,569.0,569.0,569.0,569.0,0,2535
2026-02-20 09:53:00+05:30,569.0,569.0,569.0,569.0,0,2535
2026-02-20 09:54:00+05:30,569.0,569.0,569.0,569.0,0,2535
2026-02-20 09:55:00+05:30,569.0,569.0,569.0,569.0,0,2535
2026-02-20 09:56:00+05:30,569.0,569.0,569.0,569.0,0,2535
2026-02-20 09:57:00+05:30,569.0,569.0,569.0,569.0,0,2535
2026-02-20 09:58:00+05:30,569.0,569.0,569.0,569.0,0,2535
2026-02-20 09:59:00+05:30,582.7,582.7,581.9,581.9,130,2535
2026-02-20 10:00:00+05:30,587.85,587.85,574.15,576.05,650,2535
2026-02-20 10:01:00+05:30,580.4,584.0,580.4,581.05,390,3055
2026-02-20 10:02:00+05:30,577.6,577.6,577.6,577.6,65,3055
2026-02-20 10:03:00+05:30,581.2,581.25,581.2,581.25,130,3055
2026-02-20 10:04:00+05:30,569.0,575.0,569.0,571.0,780,3510
2026-02-20 10:05:00+05:30,575.7,575.7,575.7,575.7,65,3510
2026-02-20 10:06:00+05:30,577.95,577.95,577.95,577.95,65,3510
2026-02-20 10:07:00+05:30,577.95,577.95,577.95,577.95,0,3510
2026-02-20 10:08:00+05:30,577.95,577.95,577.95,577.95,0,3510
2026-02-20 10:09:00+05:30,546.75,546.8,546.75,546.8,130,3965
2026-02-20 10:10:00+05:30,546.8,546.8,546.8,546.8,0,3965
2026-02-20 10:11:00+05:30,564.0,570.0,564.0,570.0,455,4030
2026-02-20 10:12:00+05:30,570.0,570.0,570.0,570.0,0,4030
2026-02-20 10:13:00+05:30,568.0,568.0,568.0,568.0,65,4485
2026-02-20 10:14:00+05:30,568.0,568.0,568.0,568.0,0,4485
2026-02-20 10:15:00+05:30,568.0,568.0,568.0,568.0,0,4485
2026-02-20 10:16:00+05:30,568.0,568.0,568.0,568.0,0,4485
2026-02-20 10:17:00+05:30,580.3,580.3,580.3,580.3,65,4550
2026-02-20 10:18:00+05:30,590.0,590.0,590.0,590.0,65,4550
2026-02-20 10:19:00+05:30,602.75,602.75,602.75,602.75,65,4550
2026-02-20 10:20:00+05:30,599.5,599.5,598.75,598.75,130,4550
2026-02-20 10:21:00+05:30,604.55,604.7,604.55,604.7,390,4550
2026-02-20 10:22:00+05:30,610.0,610.0,610.0,610.0,390,4810
2026-02-20 10:23:00+05:30,610.0,610.0,610.0,610.0,0,4810
2026-02-20 10:24:00+05:30,610.0,610.0,610.0,610.0,0,4810
2026-02-20 10:25:00+05:30,610.0,610.0,610.0,610.0,0,4810
2026-02-20 10:26:00+05:30,610.0,610.0,610.0,610.0,0,4810
2026-02-20 10:27:00+05:30,624.0,624.0,624.0,624.0,650,4875
2026-02-20 10:28:00+05:30,624.0,624.0,624.0,624.0,0,4875
2026-02-20 10:29:00+05:30,624.0,624.0,624.0,624.0,0,4875
2026-02-20 10:30:00+05:30,624.0,624.0,624.0,624.0,0,4875
2026-02-20 10:31:00+05:30,624.0,624.0,624.0,624.0,0,4875
2026-02-20 10:32:00+05:30,624.0,624.0,624.0,624.0,0,4875
2026-02-20 10:33:00+05:30,624.0,624.0,624.0,624.0,0,4875
2026-02-20 10:34:00+05:30,624.0,624.0,624.0,624.0,0,4875
2026-02-20 10:35:00+05:30,638.9,646.0,635.95,635.95,260,5135
2026-02-20 10:36:00+05:30,635.85,637.35,635.85,637.3,260,5135
2026-02-20 10:37:00+05:30,635.65,635.65,635.65,635.65,65,5135
2026-02-20 10:38:00+05:30,635.65,635.65,635.65,635.65,0,5135
2026-02-20 10:39:00+05:30,635.65,635.65,635.65,635.65,0,5135
2026-02-20 10:40:00+05:30,635.65,635.65,635.65,635.65,0,5135
2026-02-20 10:41:00+05:30,635.65,635.65,635.65,635.65,0,5135
2026-02-20 10:42:00+05:30,659.0,659.0,659.0,659.0,65,5265
2026-02-20 10:43:00+05:30,659.0,659.0,659.0,659.0,0,5265
2026-02-20 10:44:00+05:30,659.0,659.0,659.0,659.0,0,5265
2026-02-20 10:45:00+05:30,659.0,659.0,659.0,659.0,0,5265
2026-02-20 10:46:00+05:30,659.0,659.0,659.0,659.0,0,5265
2026-02-20 10:47:00+05:30,659.0,659.0,659.0,659.0,0,5265
2026-02-20 10:48:00+05:30,659.0,659.0,659.0,659.0,0,5265
2026-02-20 10:49:00+05:30,659.0,659.0,659.0,659.0,0,5265
2026-02-20 10:50:00+05:30,659.0,659.0,659.0,659.0,0,5265
2026-02-20 10:51:00+05:30,659.0,659.0,659.0,659.0,0,5265
2026-02-20 10:52:00+05:30,659.0,659.0,659.0,659.0,0,5265
2026-02-20 10:53:00+05:30,659.0,659.0,659.0,659.0,0,5265
2026-02-20 10:54:00+05:30,659.0,659.0,659.0,659.0,0,5265
2026-02-20 10:55:00+05:30,659.0,659.0,659.0,659.0,0,5265
2026-02-20 10:56:00+05:30,659.0,659.0,659.0,659.0,0,5265
2026-02-20 10:57:00+05:30,659.0,659.0,659.0,659.0,0,5265
2026-02-20 10:58:00+05:30,659.0,659.0,659.0,659.0,0,5265
2026-02-20 10:59:00+05:30,651.0,651.0,651.0,651.0,65,5265
2026-02-20 11:00:00+05:30,655.0,655.0,655.0,655.0,65,5265
2026-02-20 11:01:00+05:30,655.0,655.0,655.0,655.0,0,5265
2026-02-20 11:02:00+05:30,655.0,655.0,655.0,655.0,0,5265
2026-02-20 11:03:00+05:30,655.0,655.0,655.0,655.0,0,5265
2026-02-20 11:04:00+05:30,651.4,651.4,651.4,651.4,65,5265
2026-02-20 11:05:00+05:30,651.4,651.4,651.4,651.4,0,5265
2026-02-20 11:06:00+05:30,651.4,651.4,651.4,651.4,0,5265
2026-02-20 11:07:00+05:30,651.4,651.4,651.4,651.4,0,5265
2026-02-20 11:08:00+05:30,651.4,651.4,651.4,651.4,0,5265
2026-02-20 11:09:00+05:30,651.4,651.4,651.4,651.4,0,5265
2026-02-20 11:10:00+05:30,651.4,651.4,651.4,651.4,0,5265
2026-02-20 11:11:00+05:30,651.4,651.4,651.4,651.4,0,5265
2026-02-20 11:12:00+05:30,651.4,651.4,651.4,651.4,0,5265
2026-02-20 11:13:00+05:30,651.4,651.4,651.4,651.4,0,5265
2026-02-20 11:14:00+05:30,651.4,651.4,651.4,651.4,0,5265
2026-02-20 11:15:00+05:30,651.4,651.4,651.4,651.4,0,5265
2026-02-20 11:16:00+05:30,651.4,651.4,651.4,651.4,0,5265
2026-02-20 11:17:00+05:30,651.4,651.4,651.4,651.4,0,5265
2026-02-20 11:18:00+05:30,651.4,651.4,651.4,651.4,0,5265
2026-02-20 11:19:00+05:30,651.4,651.4,651.4,651.4,0,5265
2026-02-20 11:20:00+05:30,651.4,651.4,651.4,651.4,0,5265
2026-02-20 11:21:00+05:30,651.4,651.4,651.4,651.4,0,5265
2026-02-20 11:22:00+05:30,651.4,651.4,651.4,651.4,0,5265
2026-02-20 11:23:00+05:30,651.4,651.4,651.4,651.4,0,5265
2026-02-20 11:24:00+05:30,651.4,651.4,651.4,651.4,0,5265
2026-02-20 11:25:00+05:30,651.4,651.4,651.4,651.4,0,5265
2026-02-20 11:26:00+05:30,651.4,651.4,651.4,651.4,0,5265
2026-02-20 11:27:00+05:30,651.4,651.4,651.4,651.4,0,5265
2026-02-20 11:28:00+05:30,651.4,651.4,651.4,651.4,0,5265
2026-02-20 11:29:00+05:30,651.4,651.4,651.4,651.4,0,5265
2026-02-20 11:30:00+05:30,651.4,651.4,651.4,651.4,0,5265
2026-02-20 11:31:00+05:30,651.4,651.4,651.4,651.4,0,5265
2026-02-20 11:32:00+05:30,651.4,651.4,651.4,651.4,0,5265
2026-02-20 11:33:00+05:30,651.4,651.4,651.4,651.4,0,5265
2026-02-20 11:34:00+05:30,651.4,651.4,651.4,651.4,0,5265
2026-02-20 11:35:00+05:30,651.4,651.4,651.4,651.4,0,5265
2026-02-20 11:36:00+05:30,651.4,651.4,651.4,651.4,0,5265
2026-02-20 11:37:00+05:30,651.4,651.4,651.4,651.4,0,5265
2026-02-20 11:38:00+05:30,651.4,651.4,651.4,651.4,0,5265
2026-02-20 11:39:00+05:30,651.4,651.4,651.4,651.4,0,5265
2026-02-20 11:40:00+05:30,651.4,651.4,651.4,651.4,0,5265
2026-02-20 11:41:00+05:30,651.4,651.4,651.4,651.4,0,5265
2026-02-20 11:42:00+05:30,651.4,651.4,651.4,651.4,0,5265
2026-02-20 11:43:00+05:30,651.4,651.4,651.4,651.4,0,5265
2026-02-20 11:44:00+05:30,651.4,651.4,651.4,651.4,0,5265
2026-02-20 11:45:00+05:30,651.4,651.4,651.4,651.4,0,5265
2026-02-20 11:46:00+05:30,675.5,681.0,675.5,681.0,130,5265
2026-02-20 11:47:00+05:30,681.0,681.0,681.0,681.0,0,5265
2026-02-20 11:48:00+05:30,666.8,666.8,666.25,666.25,195,5265
2026-02-20 11:49:00+05:30,666.25,666.25,666.25,666.25,0,5265
2026-02-20 11:50:00+05:30,666.25,666.25,666.25,666.25,0,5265
2026-02-20 11:51:00+05:30,666.25,666.25,666.25,666.25,0,5265
2026-02-20 11:52:00+05:30,666.25,666.25,666.25,666.25,0,5265
2026-02-20 11:53:00+05:30,666.25,666.25,666.25,666.25,0,5265
2026-02-20 11:54:00+05:30,666.25,666.25,666.25,666.25,0,5265
2026-02-20 11:55:00+05:30,666.25,666.25,666.25,666.25,0,5265
2026-02-20 11:56:00+05:30,661.65,661.7,661.65,661.7,260,5330
2026-02-20 11:57:00+05:30,661.7,661.7,661.7,661.7,0,5330
2026-02-20 11:58:00+05:30,661.7,661.7,661.7,661.7,0,5330
2026-02-20 11:59:00+05:30,661.7,661.7,661.7,661.7,0,5330
2026-02-20 12:00:00+05:30,661.7,661.7,661.7,661.7,0,5330
2026-02-20 12:01:00+05:30,661.7,661.7,661.7,661.7,0,5330
2026-02-20 12:02:00+05:30,661.7,661.7,661.7,661.7,0,5330
2026-02-20 12:03:00+05:30,661.7,661.7,661.7,661.7,0,5330
2026-02-20 12:04:00+05:30,661.7,661.7,661.7,661.7,0,5330
2026-02-20 12:05:00+05:30,661.7,661.7,661.7,661.7,0,5330
2026-02-20 12:06:00+05:30,661.7,661.7,661.7,661.7,0,5330
2026-02-20 12:07:00+05:30,661.7,661.7,661.7,661.7,0,5330
2026-02-20 12:08:00+05:30,661.7,661.7,661.7,661.7,0,5330
2026-02-20 12:09:00+05:30,661.7,661.7,661.7,661.7,0,5330
2026-02-20 12:10:00+05:30,661.7,661.7,661.7,661.7,0,5330
2026-02-20 12:11:00+05:30,661.7,661.7,661.7,661.7,0,5330
2026-02-20 12:12:00+05:30,661.7,661.7,661.7,661.7,0,5330
2026-02-20 12:13:00+05:30,661.7,661.7,661.7,661.7,0,5330
2026-02-20 12:14:00+05:30,661.7,661.7,661.7,661.7,0,5330
2026-02-20 12:15:00+05:30,661.7,661.7,661.7,661.7,0,5330
2026-02-20 12:16:00+05:30,681.0,681.0,681.0,681.0,130,5135
2026-02-20 12:17:00+05:30,681.0,681.0,681.0,681.0,0,5135
2026-02-20 12:18:00+05:30,681.0,681.0,681.0,681.0,0,5135
2026-02-20 12:19:00+05:30,681.0,681.0,681.0,681.0,0,5135
2026-02-20 12:20:00+05:30,681.0,681.0,681.0,681.0,0,5135
2026-02-20 12:21:00+05:30,700.6,700.6,700.6,700.6,65,5005
2026-02-20 12:22:00+05:30,700.6,700.6,700.6,700.6,0,5005
2026-02-20 12:23:00+05:30,700.6,700.6,700.6,700.6,0,5005
2026-02-20 12:24:00+05:30,700.6,700.6,700.6,700.6,0,5005
2026-02-20 12:25:00+05:30,700.6,700.6,700.6,700.6,0,5005
2026-02-20 12:26:00+05:30,700.6,700.6,700.6,700.6,0,5005
2026-02-20 12:27:00+05:30,700.6,700.6,700.6,700.6,0,5005
2026-02-20 12:28:00+05:30,700.6,700.6,700.6,700.6,0,5005
2026-02-20 12:29:00+05:30,700.6,700.6,700.6,700.6,0,5005
2026-02-20 12:30:00+05:30,700.6,700.6,700.6,700.6,0,5005
2026-02-20 12:31:00+05:30,700.6,700.6,700.6,700.6,0,5005
2026-02-20 12:32:00+05:30,700.6,700.6,700.6,700.6,0,5005
2026-02-20 12:33:00+05:30,700.6,700.6,700.6,700.6,0,5005
2026-02-20 12:34:00+05:30,700.6,700.6,700.6,700.6,0,5005
2026-02-20 12:35:00+05:30,700.6,700.6,700.6,700.6,0,5005
2026-02-20 12:36:00+05:30,700.6,700.6,700.6,700.6,0,5005
2026-02-20 12:37:00+05:30,700.6,700.6,700.6,700.6,0,5005
2026-02-20 12:38:00+05:30,700.6,700.6,700.6,700.6,0,5005
2026-02-20 12:39:00+05:30,697.45,697.45,697.45,697.45,65,5005
2026-02-20 12:40:00+05:30,697.45,697.45,697.45,697.45,0,5005
2026-02-20 12:41:00+05:30,697.45,697.45,697.45,697.45,0,5005
2026-02-20 12:42:00+05:30,697.45,697.45,697.45,697.45,0,5005
2026-02-20 12:43:00+05:30,697.45,697.45,697.45,697.45,0,5005
2026-02-20 12:44:00+05:30,697.45,697.45,697.45,697.45,0,5005
2026-02-20 12:45:00+05:30,697.45,697.45,697.45,697.45,0,5005
2026-02-20 12:46:00+05:30,697.45,697.45,697.45,697.45,0,5005
2026-02-20 12:47:00+05:30,697.45,697.45,697.45,697.45,0,5005
2026-02-20 12:48:00+05:30,697.45,697.45,697.45,697.45,0,5005
2026-02-20 12:49:00+05:30,697.45,697.45,697.45,697.45,0,5005
2026-02-20 12:50:00+05:30,697.45,697.45,697.45,697.45,0,5005
2026-02-20 12:51:00+05:30,697.45,697.45,697.45,697.45,0,5005
2026-02-20 12:52:00+05:30,697.45,697.45,697.45,697.45,0,5005
2026-02-20 12:53:00+05:30,697.45,697.45,697.45,697.45,0,5005
2026-02-20 12:54:00+05:30,697.45,697.45,697.45,697.45,0,5005
2026-02-20 12:55:00+05:30,697.45,697.45,697.45,697.45,0,5005
2026-02-20 12:56:00+05:30,697.45,697.45,697.45,697.45,0,5005
2026-02-20 12:57:00+05:30,697.45,697.45,697.45,697.45,0,5005
2026-02-20 12:58:00+05:30,646.8,646.8,646.8,646.8,65,4940
2026-02-20 12:59:00+05:30,646.8,646.8,646.8,646.8,0,4940
2026-02-20 13:00:00+05:30,670.1,670.1,670.1,670.1,65,4875
2026-02-20 13:01:00+05:30,670.1,670.1,670.1,670.1,0,4875
2026-02-20 13:02:00+05:30,670.1,670.1,670.1,670.1,0,4875
2026-02-20 13:03:00+05:30,670.1,670.1,670.1,670.1,0,4875
2026-02-20 13:04:00+05:30,670.1,670.1,670.1,670.1,0,4875
2026-02-20 13:05:00+05:30,670.1,670.1,670.1,670.1,0,4875
2026-02-20 13:06:00+05:30,670.1,670.1,670.1,670.1,0,4875
2026-02-20 13:07:00+05:30,670.1,670.1,670.1,670.1,0,4875
2026-02-20 13:08:00+05:30,670.1,670.1,670.1,670.1,0,4875
2026-02-20 13:09:00+05:30,628.3,628.3,628.3,628.3,65,4810
2026-02-20 13:10:00+05:30,628.3,628.3,628.3,628.3,0,4810
2026-02-20 13:11:00+05:30,628.3,628.3,628.3,628.3,0,4810
2026-02-20 13:12:00+05:30,609.6,609.6,609.5,609.5,130,4810
2026-02-20 13:13:00+05:30,609.5,609.5,609.5,609.5,0,4810
2026-02-20 13:14:00+05:30,609.5,609.5,609.5,609.5,0,4810
2026-02-20 13:15:00+05:30,609.5,609.5,609.5,609.5,0,4810
2026-02-20 13:16:00+05:30,609.5,609.5,609.5,609.5,0,4810
2026-02-20 13:17:00+05:30,609.5,609.5,609.5,609.5,0,4810
2026-02-20 13:18:00+05:30,609.5,609.5,609.5,609.5,0,4810
2026-02-20 13:19:00+05:30,609.5,609.5,609.5,609.5,0,4810
2026-02-20 13:20:00+05:30,609.5,609.5,609.5,609.5,0,4810
2026-02-20 13:21:00+05:30,609.5,609.5,609.5,609.5,0,4810
2026-02-20 13:22:00+05:30,609.5,609.5,609.5,609.5,0,4810
2026-02-20 13:23:00+05:30,609.5,609.5,609.5,609.5,0,4810
2026-02-20 13:24:00+05:30,609.5,609.5,609.5,609.5,0,4810
2026-02-20 13:25:00+05:30,609.5,609.5,609.5,609.5,0,4810
2026-02-20 13:26:00+05:30,609.5,609.5,609.5,609.5,0,4810
2026-02-20 13:27:00+05:30,609.5,609.5,609.5,609.5,0,4810
2026-02-20 13:28:00+05:30,609.5,609.5,609.5,609.5,0,4810
2026-02-20 13:29:00+05:30,609.5,609.5,609.5,609.5,0,4810
2026-02-20 13:30:00+05:30,609.5,609.5,609.5,609.5,0,4810
2026-02-20 13:31:00+05:30,609.5,609.5,609.5,609.5,0,4810
2026-02-20 13:32:00+05:30,609.5,609.5,609.5,609.5,0,4810
2026-02-20 13:33:00+05:30,609.5,609.5,609.5,609.5,0,4810
2026-02-20 13:34:00+05:30,609.5,609.5,609.5,609.5,0,4810
2026-02-20 13:35:00+05:30,609.5,609.5,609.5,609.5,0,4810
2026-02-20 13:36:00+05:30,609.5,609.5,609.5,609.5,0,4810
2026-02-20 13:37:00+05:30,609.5,609.5,609.5,609.5,0,4810
2026-02-20 13:38:00+05:30,609.5,609.5,609.5,609.5,0,4810
2026-02-20 13:39:00+05:30,641.45,641.45,641.45,641.45,65,4680
2026-02-20 13:40:00+05:30,641.45,641.45,641.45,641.45,0,4680
2026-02-20 13:41:00+05:30,641.45,641.45,641.45,641.45,0,4680
2026-02-20 13:42:00+05:30,622.45,622.45,622.45,622.45,65,4615
2026-02-20 13:43:00+05:30,622.45,622.45,622.45,622.45,0,4615
2026-02-20 13:44:00+05:30,622.45,622.45,622.45,622.45,0,4615
2026-02-20 13:45:00+05:30,640.2,640.5,640.2,640.5,325,4680
2026-02-20 13:46:00+05:30,640.5,640.5,640.5,640.5,0,4680
2026-02-20 13:47:00+05:30,640.5,640.5,640.5,640.5,0,4680
2026-02-20 13:48:00+05:30,640.5,640.5,640.5,640.5,0,4680
2026-02-20 13:49:00+05:30,640.5,640.5,640.5,640.5,0,4680
2026-02-20 13:50:00+05:30,640.5,640.5,640.5,640.5,0,4680
2026-02-20 13:51:00+05:30,640.5,640.5,640.5,640.5,0,4680
2026-02-20 13:52:00+05:30,640.5,640.5,640.5,640.5,0,4680
2026-02-20 13:53:00+05:30,640.5,640.5,640.5,640.5,0,4680
2026-02-20 13:54:00+05:30,640.5,640.5,640.5,640.5,0,4680
2026-02-20 13:55:00+05:30,640.5,640.5,640.5,640.5,0,4680
2026-02-20 13:56:00+05:30,640.5,640.5,640.5,640.5,0,4680
2026-02-20 13:57:00+05:30,640.5,640.5,640.5,640.5,0,4680
2026-02-20 13:58:00+05:30,640.5,640.5,640.5,640.5,0,4680
2026-02-20 13:59:00+05:30,640.5,640.5,640.5,640.5,0,4680
2026-02-20 14:00:00+05:30,640.5,640.5,640.5,640.5,0,4680
2026-02-20 14:01:00+05:30,640.5,640.5,640.5,640.5,0,4680
2026-02-20 14:02:00+05:30,640.5,640.5,640.5,640.5,0,4680
2026-02-20 14:03:00+05:30,640.5,640.5,640.5,640.5,0,4680
2026-02-20 14:04:00+05:30,640.5,640.5,640.5,640.5,0,4680
2026-02-20 14:05:00+05:30,640.5,640.5,640.5,640.5,0,4680
2026-02-20 14:06:00+05:30,640.5,640.5,640.5,640.5,0,4680
2026-02-20 14:07:00+05:30,640.5,640.5,640.5,640.5,0,4680
2026-02-20 14:08:00+05:30,640.5,640.5,640.5,640.5,0,4680
2026-02-20 14:09:00+05:30,640.5,640.5,640.5,640.5,0,4680
2026-02-20 14:10:00+05:30,659.6,659.6,659.6,659.6,65,5005
2026-02-20 14:11:00+05:30,659.6,659.6,659.6,659.6,0,5005
2026-02-20 14:12:00+05:30,659.6,659.6,659.6,659.6,0,5005
2026-02-20 14:13:00+05:30,659.6,659.6,659.6,659.6,0,5005
2026-02-20 14:14:00+05:30,662.55,662.55,662.55,662.55,130,5005
2026-02-20 14:15:00+05:30,662.55,662.55,662.55,662.55,0,5005
2026-02-20 14:16:00+05:30,662.55,662.55,662.55,662.55,0,5005
2026-02-20 14:17:00+05:30,662.55,662.55,662.55,662.55,0,5005
2026-02-20 14:18:00+05:30,662.55,662.55,662.55,662.55,0,5005
2026-02-20 14:19:00+05:30,662.55,662.55,662.55,662.55,0,5005
2026-02-20 14:20:00+05:30,662.55,662.55,662.55,662.55,0,5005
2026-02-20 14:21:00+05:30,662.55,662.55,662.55,662.55,0,5005
2026-02-20 14:22:00+05:30,662.55,662.55,662.55,662.55,0,5005
2026-02-20 14:23:00+05:30,671.45,671.45,671.45,671.45,65,5005
2026-02-20 14:24:00+05:30,671.45,671.45,671.45,671.45,0,5005
2026-02-20 14:25:00+05:30,671.45,671.45,671.45,671.45,0,5005
2026-02-20 14:26:00+05:30,671.45,671.45,671.45,671.45,0,5005
2026-02-20 14:27:00+05:30,671.45,671.45,671.45,671.45,0,5005
2026-02-20 14:28:00+05:30,671.45,671.45,671.45,671.45,0,5005
2026-02-20 14:29:00+05:30,671.45,671.45,671.45,671.45,0,5005
2026-02-20 14:30:00+05:30,671.45,671.45,671.45,671.45,0,5005
2026-02-20 14:31:00+05:30,671.45,671.45,671.45,671.45,0,5005
2026-02-20 14:32:00+05:30,671.45,671.45,671.45,671.45,0,5005
2026-02-20 14:33:00+05:30,671.45,671.45,671.45,671.45,0,5005
2026-02-20 14:34:00+05:30,671.45,671.45,671.45,671.45,0,5005
2026-02-20 14:35:00+05:30,671.45,671.45,671.45,671.45,0,5005
2026-02-20 14:36:00+05:30,671.45,671.45,671.45,671.45,0,5005
2026-02-20 14:37:00+05:30,671.45,671.45,671.45,671.45,0,5005
2026-02-20 14:38:00+05:30,671.45,671.45,671.45,671.45,0,5005
2026-02-20 14:39:00+05:30,671.45,671.45,671.45,671.45,0,5005
2026-02-20 14:40:00+05:30,671.45,671.45,671.45,671.45,0,5005
2026-02-20 14:41:00+05:30,671.45,671.45,671.45,671.45,0,5005
2026-02-20 14:42:00+05:30,671.45,671.45,671.45,671.45,0,5005
2026-02-20 14:43:00+05:30,671.45,671.45,671.45,671.45,0,5005
2026-02-20 14:44:00+05:30,671.45,671.45,671.45,671.45,0,5005
2026-02-20 14:45:00+05:30,671.45,671.45,671.45,671.45,0,5005
2026-02-20 14:46:00+05:30,671.45,671.45,671.45,671.45,0,5005
2026-02-20 14:47:00+05:30,671.45,671.45,671.45,671.45,0,5005
2026-02-20 14:48:00+05:30,671.45,671.45,671.45,671.45,0,5005
2026-02-20 14:49:00+05:30,671.45,671.45,671.45,671.45,0,5005
2026-02-20 14:50:00+05:30,671.45,671.45,671.45,671.45,0,5005
2026-02-20 14:51:00+05:30,671.45,671.45,671.45,671.45,0,5005
2026-02-20 14:52:00+05:30,671.45,671.45,671.45,671.45,0,5005
2026-02-20 14:53:00+05:30,671.45,671.45,671.45,671.45,0,5005
2026-02-20 14:54:00+05:30,671.45,671.45,671.45,671.45,0,5005
2026-02-20 14:55:00+05:30,671.45,671.45,671.45,671.45,0,5005
2026-02-20 14:56:00+05:30,671.45,671.45,671.45,671.45,0,5005
2026-02-20 14:57:00+05:30,671.45,671.45,671.45,671.45,0,5005
2026-02-20 14:58:00+05:30,671.45,671.45,671.45,671.45,0,5005
2026-02-20 14:59:00+05:30,671.45,671.45,671.45,671.45,0,5005
2026-02-20 15:00:00+05:30,671.45,671.45,671.45,671.45,0,5005
2026-02-20 15:01:00+05:30,671.45,671.45,671.45,671.45,0,5005
2026-02-20 15:02:00+05:30,671.45,671.45,671.45,671.45,0,5005
2026-02-20 15:03:00+05:30,671.45,671.45,671.45,671.45,0,5005
2026-02-20 15:04:00+05:30,671.45,671.45,671.45,671.45,0,5005
2026-02-20 15:05:00+05:30,652.2,652.2,652.2,652.2,130,5005
2026-02-20 15:06:00+05:30,652.2,652.2,652.2,652.2,0,5070
2026-02-20 15:07:00+05:30,652.2,652.2,652.2,652.2,0,5070
2026-02-20 15:08:00+05:30,652.2,652.2,652.2,652.2,0,5070
2026-02-20 15:09:00+05:30,652.2,652.2,652.2,652.2,0,5070
2026-02-20 15:10:00+05:30,652.2,652.2,652.2,652.2,0,5070
2026-02-20 15:11:00+05:30,652.2,652.2,652.2,652.2,0,5070
2026-02-20 15:12:00+05:30,652.2,652.2,652.2,652.2,0,5070
2026-02-20 15:13:00+05:30,652.2,652.2,652.2,652.2,0,5070
2026-02-20 15:14:00+05:30,652.2,652.2,652.2,652.2,0,5070
2026-02-20 15:15:00+05:30,652.2,652.2,652.2,652.2,0,5070
2026-02-20 15:16:00+05:30,652.2,652.2,652.2,652.2,0,5070
2026-02-20 15:17:00+05:30,652.2,652.2,652.2,652.2,0,5070
2026-02-20 15:18:00+05:30,652.2,652.2,652.2,652.2,0,5070
2026-02-20 15:19:00+05:30,652.2,652.2,652.2,652.2,0,5070
2026-02-20 15:20:00+05:30,652.2,652.2,652.2,652.2,0,5070
2026-02-20 15:21:00+05:30,652.2,652.2,652.2,652.2,0,5070
2026-02-20 15:22:00+05:30,652.2,652.2,652.2,652.2,0,5070
2026-02-20 15:23:00+05:30,652.2,652.2,652.2,652.2,0,5070
2026-02-20 15:24:00+05:30,625.0,625.0,625.0,625.0,65,5070
2026-02-20 15:25:00+05:30,625.0,625.0,625.0,625.0,0,5070
2026-02-20 15:26:00+05:30,625.0,625.0,625.0,625.0,0,5070
2026-02-20 15:27:00+05:30,625.0,625.0,625.0,625.0,0,5070
2026-02-20 15:28:00+05:30,625.0,625.0,625.0,625.0,0,5070
2026-02-20 15:29:00+05:30,625.0,625.0,625.0,625.0,0,5070
2026-02-23 09:16:00+05:30,699.95,700.0,699.95,700.0,130,5070
2026-02-23 09:17:00+05:30,706.95,730.75,706.95,730.75,130,5070
2026-02-23 09:18:00+05:30,720.5,720.5,720.5,720.5,65,5070
2026-02-23 09:19:00+05:30,720.5,720.5,720.5,720.5,0,5070
2026-02-23 09:20:00+05:30,720.5,720.5,720.5,720.5,0,5070
2026-02-23 09:21:00+05:30,755.0,755.0,755.0,755.0,65,5265
2026-02-23 09:22:00+05:30,755.0,755.0,755.0,755.0,0,5265
2026-02-23 09:23:00+05:30,755.0,755.0,755.0,755.0,0,5265
2026-02-23 09:24:00+05:30,762.0,769.0,762.0,766.25,325,5265
2026-02-23 09:25:00+05:30,766.25,766.25,766.25,766.25,0,5265
2026-02-23 09:26:00+05:30,766.25,766.25,766.25,766.25,0,5265
2026-02-23 09:27:00+05:30,766.25,766.25,766.25,766.25,0,5265
2026-02-23 09:28:00+05:30,766.25,766.25,766.25,766.25,0,5265
2026-02-23 09:29:00+05:30,780.0,780.0,780.0,780.0,130,5070
2026-02-23 09:30:00+05:30,788.55,791.7,788.55,791.7,130,5070
2026-02-23 09:31:00+05:30,791.7,791.7,791.7,791.7,0,5070
2026-02-23 09:32:00+05:30,791.7,791.7,791.7,791.7,0,5070
2026-02-23 09:33:00+05:30,775.35,778.2,775.3,778.2,195,5070
2026-02-23 09:34:00+05:30,775.0,775.0,774.3,774.3,1105,5135
2026-02-23 09:35:00+05:30,774.3,774.3,774.3,774.3,0,5135
2026-02-23 09:36:00+05:30,774.3,774.3,774.3,774.3,0,5135
2026-02-23 09:37:00+05:30,774.3,774.3,774.3,774.3,0,5135
2026-02-23 09:38:00+05:30,774.3,774.3,774.3,774.3,0,5135
2026-02-23 09:39:00+05:30,774.3,774.3,774.3,774.3,0,5135
2026-02-23 09:40:00+05:30,774.3,774.3,774.3,774.3,0,5135
2026-02-23 09:41:00+05:30,774.3,774.3,774.3,774.3,0,5135
2026-02-23 09:42:00+05:30,774.3,774.3,774.3,774.3,0,5135
2026-02-23 09:43:00+05:30,774.3,774.3,774.3,774.3,0,5135
2026-02-23 09:44:00+05:30,774.3,774.3,774.3,774.3,0,5135
2026-02-23 09:45:00+05:30,774.3,774.3,774.3,774.3,0,5135
2026-02-23 09:46:00+05:30,774.3,774.3,774.3,774.3,0,5135
2026-02-23 09:47:00+05:30,778.3,778.7,778.3,778.7,130,5135
2026-02-23 09:48:00+05:30,778.7,778.7,778.7,778.7,0,5135
2026-02-23 09:49:00+05:30,778.7,778.7,778.7,778.7,0,5135
2026-02-23 09:50:00+05:30,778.7,778.7,778.7,778.7,0,5135
2026-02-23 09:51:00+05:30,778.7,778.7,778.7,778.7,0,5135
2026-02-23 09:52:00+05:30,778.7,778.7,778.7,778.7,0,5135
2026-02-23 09:53:00+05:30,778.7,778.7,778.7,778.7,0,5135
2026-02-23 09:54:00+05:30,778.7,778.7,778.7,778.7,0,5135
2026-02-23 09:55:00+05:30,778.7,778.7,778.7,778.7,0,5135
2026-02-23 09:56:00+05:30,761.3,761.3,761.3,761.3,65,5265
2026-02-23 09:57:00+05:30,761.3,761.3,761.3,761.3,0,5265
2026-02-23 09:58:00+05:30,761.3,761.3,761.3,761.3,0,5265
2026-02-23 09:59:00+05:30,761.3,761.3,761.3,761.3,0,5265
2026-02-23 10:00:00+05:30,761.3,761.3,761.3,761.3,0,5265
2026-02-23 10:01:00+05:30,761.3,761.3,761.3,761.3,0,5265
2026-02-23 10:02:00+05:30,761.3,761.3,761.3,761.3,0,5265
2026-02-23 10:03:00+05:30,761.3,761.3,761.3,761.3,0,5265
2026-02-23 10:04:00+05:30,761.3,761.3,761.3,761.3,0,5265
2026-02-23 10:05:00+05:30,761.3,761.3,761.3,761.3,0,5265
2026-02-23 10:06:00+05:30,761.3,761.3,761.3,761.3,0,5265
2026-02-23 10:07:00+05:30,761.3,761.3,761.3,761.3,0,5265
2026-02-23 10:08:00+05:30,761.3,761.3,761.3,761.3,0,5265
2026-02-23 10:09:00+05:30,761.3,761.3,761.3,761.3,0,5265
2026-02-23 10:10:00+05:30,761.3,761.3,761.3,761.3,0,5265
2026-02-23 10:11:00+05:30,761.3,761.3,761.3,761.3,0,5265
2026-02-23 10:12:00+05:30,761.3,761.3,761.3,761.3,0,5265
2026-02-23 10:13:00+05:30,761.3,761.3,761.3,761.3,0,5265
2026-02-23 10:14:00+05:30,761.3,761.3,761.3,761.3,0,5265
2026-02-23 10:15:00+05:30,761.3,761.3,761.3,761.3,0,5265
2026-02-23 10:16:00+05:30,761.3,761.3,761.3,761.3,0,5265
2026-02-23 10:17:00+05:30,761.3,761.3,761.3,761.3,0,5265
2026-02-23 10:18:00+05:30,761.3,761.3,761.3,761.3,0,5265
2026-02-23 10:19:00+05:30,761.3,761.3,761.3,761.3,0,5265
2026-02-23 10:20:00+05:30,761.3,761.3,761.3,761.3,0,5265
2026-02-23 10:21:00+05:30,761.3,761.3,761.3,761.3,0,5265
2026-02-23 10:22:00+05:30,761.3,761.3,761.3,761.3,0,5265
2026-02-23 10:23:00+05:30,761.3,761.3,761.3,761.3,0,5265
2026-02-23 10:24:00+05:30,761.3,761.3,761.3,761.3,0,5265
2026-02-23 10:25:00+05:30,761.3,761.3,761.3,761.3,0,5265
2026-02-23 10:26:00+05:30,761.3,761.3,761.3,761.3,0,5265
2026-02-23 10:27:00+05:30,740.3,740.3,740.3,740.3,65,5330
2026-02-23 10:28:00+05:30,740.3,740.3,740.3,740.3,0,5330
2026-02-23 10:29:00+05:30,740.3,740.3,740.3,740.3,0,5330
2026-02-23 10:30:00+05:30,740.3,740.3,740.3,740.3,0,5330
2026-02-23 10:31:00+05:30,740.3,740.3,740.3,740.3,0,5330
2026-02-23 10:32:00+05:30,740.3,740.3,740.3,740.3,0,5330
2026-02-23 10:33:00+05:30,740.3,740.3,740.3,740.3,0,5330
2026-02-23 10:34:00+05:30,740.3,740.3,740.3,740.3,0,5330
2026-02-23 10:35:00+05:30,740.3,740.3,740.3,740.3,0,5330
2026-02-23 10:36:00+05:30,740.3,740.3,740.3,740.3,0,5330
2026-02-23 10:37:00+05:30,740.3,740.3,740.3,740.3,0,5330
2026-02-23 10:38:00+05:30,740.3,740.3,740.3,740.3,0,5330
2026-02-23 10:39:00+05:30,740.3,740.3,740.3,740.3,0,5330
2026-02-23 10:40:00+05:30,740.3,740.3,740.3,740.3,0,5330
2026-02-23 10:41:00+05:30,740.3,740.3,740.3,740.3,0,5330
2026-02-23 10:42:00+05:30,740.3,740.3,740.3,740.3,0,5330
2026-02-23 10:43:00+05:30,740.3,740.3,740.3,740.3,0,5330
2026-02-23 10:44:00+05:30,740.3,740.3,740.3,740.3,0,5330
2026-02-23 10:45:00+05:30,740.3,740.3,740.3,740.3,0,5330
2026-02-23 10:46:00+05:30,740.3,740.3,740.3,740.3,0,5330
2026-02-23 10:47:00+05:30,740.3,740.3,740.3,740.3,0,5330
2026-02-23 10:48:00+05:30,740.3,740.3,740.3,740.3,0,5330
2026-02-23 10:49:00+05:30,740.3,740.3,740.3,740.3,0,5330
2026-02-23 10:50:00+05:30,740.3,740.3,740.3,740.3,0,5330
2026-02-23 10:51:00+05:30,740.3,740.3,740.3,740.3,0,5330
2026-02-23 10:52:00+05:30,740.3,740.3,740.3,740.3,0,5330
2026-02-23 10:53:00+05:30,740.3,740.3,740.3,740.3,0,5330
2026-02-23 10:54:00+05:30,740.3,740.3,740.3,740.3,0,5330
2026-02-23 10:55:00+05:30,740.3,740.3,740.3,740.3,0,5330
2026-02-23 10:56:00+05:30,740.3,740.3,740.3,740.3,0,5330
2026-02-23 10:57:00+05:30,740.3,740.3,740.3,740.3,0,5330
2026-02-23 10:58:00+05:30,740.3,740.3,740.3,740.3,0,5330
2026-02-23 10:59:00+05:30,740.3,740.3,740.3,740.3,0,5330
2026-02-23 11:00:00+05:30,740.3,740.3,740.3,740.3,0,5330
2026-02-23 11:01:00+05:30,740.3,740.3,740.3,740.3,0,5330
2026-02-23 11:02:00+05:30,740.3,740.3,740.3,740.3,0,5330
2026-02-23 11:03:00+05:30,740.3,740.3,740.3,740.3,0,5330
2026-02-23 11:04:00+05:30,740.3,740.3,740.3,740.3,0,5330
2026-02-23 11:05:00+05:30,740.3,740.3,740.3,740.3,0,5330
2026-02-23 11:06:00+05:30,740.3,740.3,740.3,740.3,0,5330
2026-02-23 11:07:00+05:30,740.3,740.3,740.3,740.3,0,5330
2026-02-23 11:08:00+05:30,740.3,740.3,740.3,740.3,0,5330
2026-02-23 11:09:00+05:30,740.3,740.3,740.3,740.3,0,5330
2026-02-23 11:10:00+05:30,740.3,740.3,740.3,740.3,0,5330
2026-02-23 11:11:00+05:30,740.3,740.3,740.3,740.3,0,5330
2026-02-23 11:12:00+05:30,740.3,740.3,740.3,740.3,0,5330
2026-02-23 11:13:00+05:30,740.3,740.3,740.3,740.3,0,5330
2026-02-23 11:14:00+05:30,740.3,740.3,740.3,740.3,0,5330
2026-02-23 11:15:00+05:30,740.3,740.3,740.3,740.3,0,5330
2026-02-23 11:16:00+05:30,740.3,740.3,740.3,740.3,0,5330
2026-02-23 11:17:00+05:30,740.3,740.3,740.3,740.3,0,5330
2026-02-23 11:18:00+05:30,740.3,740.3,740.3,740.3,0,5330
2026-02-23 11:19:00+05:30,740.3,740.3,740.3,740.3,0,5330
2026-02-23 11:20:00+05:30,740.3,740.3,740.3,740.3,0,5330
2026-02-23 11:21:00+05:30,740.3,740.3,740.3,740.3,0,5330
2026-02-23 11:22:00+05:30,740.3,740.3,740.3,740.3,0,5330
2026-02-23 11:23:00+05:30,740.3,740.3,740.3,740.3,0,5330
2026-02-23 11:24:00+05:30,740.3,740.3,740.3,740.3,0,5330
2026-02-23 11:25:00+05:30,740.3,740.3,740.3,740.3,0,5330
2026-02-23 11:26:00+05:30,740.3,740.3,740.3,740.3,0,5330
2026-02-23 11:27:00+05:30,740.3,740.3,740.3,740.3,0,5330
2026-02-23 11:28:00+05:30,740.3,740.3,740.3,740.3,0,5330
2026-02-23 11:29:00+05:30,740.3,740.3,740.3,740.3,0,5330
2026-02-23 11:30:00+05:30,740.3,740.3,740.3,740.3,0,5330
2026-02-23 11:31:00+05:30,688.25,688.25,688.25,688.25,130,5395
2026-02-23 11:32:00+05:30,688.25,688.25,688.25,688.25,0,5395
2026-02-23 11:33:00+05:30,688.25,688.25,688.25,688.25,0,5395
2026-02-23 11:34:00+05:30,688.25,688.25,688.25,688.25,0,5395
2026-02-23 11:35:00+05:30,688.25,688.25,688.25,688.25,0,5395
2026-02-23 11:36:00+05:30,688.25,688.25,688.25,688.25,0,5395
2026-02-23 11:37:00+05:30,688.25,688.25,688.25,688.25,0,5395
2026-02-23 11:38:00+05:30,688.25,688.25,688.25,688.25,0,5395
2026-02-23 11:39:00+05:30,688.25,688.25,688.25,688.25,0,5395
2026-02-23 11:40:00+05:30,688.25,688.25,688.25,688.25,0,5395
2026-02-23 11:41:00+05:30,688.25,688.25,688.25,688.25,0,5395
2026-02-23 11:42:00+05:30,688.25,688.25,688.25,688.25,0,5395
2026-02-23 11:43:00+05:30,688.25,688.25,688.25,688.25,0,5395
2026-02-23 11:44:00+05:30,688.25,688.25,688.25,688.25,0,5395
2026-02-23 11:45:00+05:30,688.25,688.25,688.25,688.25,0,5395
2026-02-23 11:46:00+05:30,688.25,688.25,688.25,688.25,0,5395
2026-02-23 11:47:00+05:30,688.25,688.25,688.25,688.25,0,5395
2026-02-23 11:48:00+05:30,688.25,688.25,688.25,688.25,0,5395
2026-02-23 11:49:00+05:30,688.25,688.25,688.25,688.25,0,5395
2026-02-23 11:50:00+05:30,688.25,688.25,688.25,688.25,0,5395
2026-02-23 11:51:00+05:30,664.0,664.0,664.0,664.0,195,5525
2026-02-23 11:52:00+05:30,664.0,664.0,664.0,664.0,0,5525
2026-02-23 11:53:00+05:30,693.25,693.25,693.25,693.25,65,5720
2026-02-23 11:54:00+05:30,693.25,693.25,693.25,693.25,0,5720
2026-02-23 11:55:00+05:30,693.25,693.25,693.25,693.25,0,5720
2026-02-23 11:56:00+05:30,693.25,693.25,693.25,693.25,0,5720
2026-02-23 11:57:00+05:30,693.25,693.25,693.25,693.25,0,5720
2026-02-23 11:58:00+05:30,693.25,693.25,693.25,693.25,0,5720
2026-02-23 11:59:00+05:30,693.25,693.25,693.25,693.25,0,5720
2026-02-23 12:00:00+05:30,693.25,693.25,693.25,693.25,0,5720
2026-02-23 12:01:00+05:30,693.25,693.25,693.25,693.25,0,5720
2026-02-23 12:02:00+05:30,688.7,688.7,688.7,688.7,195,5720
2026-02-23 12:03:00+05:30,688.7,688.7,688.7,688.7,0,5720
2026-02-23 12:04:00+05:30,688.7,688.7,688.7,688.7,0,5720
2026-02-23 12:05:00+05:30,688.7,688.7,688.7,688.7,0,5720
2026-02-23 12:06:00+05:30,688.7,688.7,688.7,688.7,0,5720
2026-02-23 12:07:00+05:30,688.7,688.7,688.7,688.7,0,5720
2026-02-23 12:08:00+05:30,688.7,688.7,688.7,688.7,0,5720
2026-02-23 12:09:00+05:30,688.7,688.7,688.7,688.7,0,5720
2026-02-23 12:10:00+05:30,688.7,688.7,688.7,688.7,0,5720
2026-02-23 12:11:00+05:30,688.7,688.7,688.7,688.7,0,5720
2026-02-23 12:12:00+05:30,688.7,688.7,688.7,688.7,0,5720
2026-02-23 12:13:00+05:30,688.7,688.7,688.7,688.7,0,5720
2026-02-23 12:14:00+05:30,688.7,688.7,688.7,688.7,0,5720
2026-02-23 12:15:00+05:30,688.7,688.7,688.7,688.7,0,5720
2026-02-23 12:16:00+05:30,688.7,688.7,688.7,688.7,0,5720
2026-02-23 12:17:00+05:30,705.15,705.15,705.15,705.15,65,5720
2026-02-23 12:18:00+05:30,705.15,705.15,705.15,705.15,0,5720
2026-02-23 12:19:00+05:30,705.15,705.15,705.15,705.15,0,5720
2026-02-23 12:20:00+05:30,705.15,705.15,705.15,705.15,0,5720
2026-02-23 12:21:00+05:30,702.0,702.0,702.0,702.0,130,5720
2026-02-23 12:22:00+05:30,702.0,702.0,702.0,702.0,0,5720
2026-02-23 12:23:00+05:30,702.0,702.0,702.0,702.0,0,5720
2026-02-23 12:24:00+05:30,702.0,702.0,702.0,702.0,0,5720
2026-02-23 12:25:00+05:30,702.0,702.0,702.0,702.0,0,5720
2026-02-23 12:26:00+05:30,702.0,702.0,702.0,702.0,0,5720
2026-02-23 12:27:00+05:30,702.0,702.0,702.0,702.0,0,5720
2026-02-23 12:28:00+05:30,702.0,702.0,702.0,702.0,0,5720
2026-02-23 12:29:00+05:30,684.0,684.0,684.0,684.0,195,5850
2026-02-23 12:30:00+05:30,684.0,684.0,684.0,684.0,0,5850
2026-02-23 12:31:00+05:30,684.0,684.0,684.0,684.0,0,5850
2026-02-23 12:32:00+05:30,684.0,684.0,684.0,684.0,0,5850
2026-02-23 12:33:00+05:30,684.0,684.0,684.0,684.0,0,5850
2026-02-23 12:34:00+05:30,684.0,684.0,684.0,684.0,0,5850
2026-02-23 12:35:00+05:30,684.0,684.0,684.0,684.0,0,5850
2026-02-23 12:36:00+05:30,684.0,684.0,684.0,684.0,0,5850
2026-02-23 12:37:00+05:30,683.0,683.0,683.0,683.0,195,5915
2026-02-23 12:38:00+05:30,683.0,683.0,683.0,683.0,0,5915
2026-02-23 12:39:00+05:30,683.0,683.0,683.0,683.0,0,5915
2026-02-23 12:40:00+05:30,689.45,689.45,689.3,689.3,195,6110
2026-02-23 12:41:00+05:30,689.3,689.3,689.3,689.3,0,6110
2026-02-23 12:42:00+05:30,689.3,689.3,689.3,689.3,0,6110
2026-02-23 12:43:00+05:30,689.3,689.3,689.3,689.3,0,6110
2026-02-23 12:44:00+05:30,689.3,689.3,689.3,689.3,0,6110
2026-02-23 12:45:00+05:30,707.45,707.45,707.45,707.45,65,6175
2026-02-23 12:46:00+05:30,707.45,707.45,707.45,707.45,0,6175
2026-02-23 12:47:00+05:30,707.45,707.45,707.45,707.45,0,6175
2026-02-23 12:48:00+05:30,707.45,707.45,707.45,707.45,0,6175
2026-02-23 12:49:00+05:30,707.45,707.45,707.45,707.45,0,6175
2026-02-23 12:50:00+05:30,687.55,687.55,687.55,687.55,130,6175
2026-02-23 12:51:00+05:30,687.55,687.55,687.55,687.55,0,6175
2026-02-23 12:52:00+05:30,687.55,687.55,687.55,687.55,0,6175
2026-02-23 12:53:00+05:30,687.55,687.55,687.55,687.55,0,6175
2026-02-23 12:54:00+05:30,687.55,687.55,687.55,687.55,0,6175
2026-02-23 12:55:00+05:30,687.55,687.55,687.55,687.55,0,6175
2026-02-23 12:56:00+05:30,687.55,687.55,687.55,687.55,0,6175
2026-02-23 12:57:00+05:30,687.55,687.55,687.55,687.55,0,6175
2026-02-23 12:58:00+05:30,687.55,687.55,687.55,687.55,0,6175
2026-02-23 12:59:00+05:30,687.55,687.55,687.55,687.55,0,6175
2026-02-23 13:00:00+05:30,687.55,687.55,687.55,687.55,0,6175
2026-02-23 13:01:00+05:30,664.0,664.0,664.0,664.0,130,6305
2026-02-23 13:02:00+05:30,664.0,664.0,664.0,664.0,0,6305
2026-02-23 13:03:00+05:30,660.35,660.35,660.35,660.35,65,6435
2026-02-23 13:04:00+05:30,660.35,660.35,660.35,660.35,0,6435
2026-02-23 13:05:00+05:30,660.35,660.35,660.35,660.35,0,6435
2026-02-23 13:06:00+05:30,660.35,660.35,660.35,660.35,0,6435
2026-02-23 13:07:00+05:30,660.35,660.35,660.35,660.35,0,6435
2026-02-23 13:08:00+05:30,660.35,660.35,660.35,660.35,0,6435
2026-02-23 13:09:00+05:30,660.35,660.35,660.35,660.35,0,6435
2026-02-23 13:10:00+05:30,660.35,660.35,660.35,660.35,0,6435
2026-02-23 13:11:00+05:30,660.35,660.35,660.35,660.35,0,6435
2026-02-23 13:12:00+05:30,660.35,660.35,660.35,660.35,0,6435
2026-02-23 13:13:00+05:30,665.0,665.0,665.0,665.0,65,6500
2026-02-23 13:14:00+05:30,665.0,665.0,665.0,665.0,0,6500
2026-02-23 13:15:00+05:30,665.0,665.0,665.0,665.0,0,6500
2026-02-23 13:16:00+05:30,654.85,655.15,654.85,655.15,260,6500
2026-02-23 13:17:00+05:30,655.15,655.15,655.15,655.15,0,6500
2026-02-23 13:18:00+05:30,655.15,655.15,655.15,655.15,0,6500
2026-02-23 13:19:00+05:30,655.15,655.15,655.15,655.15,0,6500
2026-02-23 13:20:00+05:30,655.15,655.15,655.15,655.15,0,6500
2026-02-23 13:21:00+05:30,675.0,675.0,675.0,675.0,65,6760
2026-02-23 13:22:00+05:30,675.0,675.0,675.0,675.0,0,6760
2026-02-23 13:23:00+05:30,675.0,675.0,675.0,675.0,0,6760
2026-02-23 13:24:00+05:30,675.0,675.0,675.0,675.0,0,6760
2026-02-23 13:25:00+05:30,675.0,675.0,675.0,675.0,0,6760
2026-02-23 13:26:00+05:30,675.0,675.0,675.0,675.0,0,6760
2026-02-23 13:27:00+05:30,675.0,675.0,675.0,675.0,0,6760
2026-02-23 13:28:00+05:30,675.0,675.0,675.0,675.0,0,6760
2026-02-23 13:29:00+05:30,675.0,675.0,675.0,675.0,0,6760
2026-02-23 13:30:00+05:30,681.6,681.6,681.6,681.6,65,6695
2026-02-23 13:31:00+05:30,681.6,681.6,681.6,681.6,0,6695
2026-02-23 13:32:00+05:30,676.2,676.2,676.15,676.15,260,6695
2026-02-23 13:33:00+05:30,676.15,676.15,676.15,676.15,0,6695
2026-02-23 13:34:00+05:30,676.15,676.15,676.15,676.15,0,6695
2026-02-23 13:35:00+05:30,676.15,676.15,676.15,676.15,0,6695
2026-02-23 13:36:00+05:30,676.15,676.15,676.15,676.15,0,6695
2026-02-23 13:37:00+05:30,670.9,670.9,670.85,670.85,130,6825
2026-02-23 13:38:00+05:30,670.85,670.85,670.85,670.85,0,6825
2026-02-23 13:39:00+05:30,670.85,670.85,670.85,670.85,0,6825
2026-02-23 13:40:00+05:30,670.85,670.85,670.85,670.85,0,6825
2026-02-23 13:41:00+05:30,670.85,670.85,670.85,670.85,0,6825
2026-02-23 13:42:00+05:30,670.85,670.85,670.85,670.85,0,6825
2026-02-23 13:43:00+05:30,670.85,670.85,670.85,670.85,0,6825
2026-02-23 13:44:00+05:30,670.85,670.85,670.85,670.85,0,6825
2026-02-23 13:45:00+05:30,670.85,670.85,670.85,670.85,0,6825
2026-02-23 13:46:00+05:30,670.85,670.85,670.85,670.85,0,6825
2026-02-23 13:47:00+05:30,670.85,670.85,670.85,670.85,0,6825
2026-02-23 13:48:00+05:30,670.85,670.85,670.85,670.85,0,6825
2026-02-23 13:49:00+05:30,683.9,683.9,683.65,683.65,195,6955
2026-02-23 13:50:00+05:30,683.65,683.65,683.65,683.65,0,6955
2026-02-23 13:51:00+05:30,683.65,683.65,683.65,683.65,0,6955
2026-02-23 13:52:00+05:30,683.65,683.65,683.65,683.65,0,6955
2026-02-23 13:53:00+05:30,683.65,683.65,683.65,683.65,0,6955
2026-02-23 13:54:00+05:30,683.65,683.65,683.65,683.65,0,6955
2026-02-23 13:55:00+05:30,683.65,683.65,683.65,683.65,0,6955
2026-02-23 13:56:00+05:30,683.65,683.65,683.65,683.65,0,6955
2026-02-23 13:57:00+05:30,683.65,683.65,683.65,683.65,0,6955
2026-02-23 13:58:00+05:30,683.65,683.65,683.65,683.65,0,6955
2026-02-23 13:59:00+05:30,683.65,683.65,683.65,683.65,0,6955
2026-02-23 14:00:00+05:30,683.65,683.65,683.65,683.65,0,6955
2026-02-23 14:01:00+05:30,683.65,683.65,683.65,683.65,0,6955
2026-02-23 14:02:00+05:30,683.65,683.65,683.65,683.65,0,6955
2026-02-23 14:03:00+05:30,683.65,683.65,683.65,683.65,0,6955
2026-02-23 14:04:00+05:30,683.65,683.65,683.65,683.65,0,6955
2026-02-23 14:05:00+05:30,652.0,652.0,647.0,647.0,130,6825
2026-02-23 14:06:00+05:30,647.0,647.0,647.0,647.0,0,6825
2026-02-23 14:07:00+05:30,647.0,647.0,647.0,647.0,0,6825
2026-02-23 14:08:00+05:30,647.0,647.0,647.0,647.0,0,6825
2026-02-23 14:09:00+05:30,654.0,654.0,651.0,651.0,130,6890
2026-02-23 14:10:00+05:30,650.0,650.0,650.0,650.0,65,6890
2026-02-23 14:11:00+05:30,650.0,650.0,650.0,650.0,0,6890
2026-02-23 14:12:00+05:30,650.0,650.0,650.0,650.0,0,6890
2026-02-23 14:13:00+05:30,650.0,650.0,650.0,650.0,0,6890
2026-02-23 14:14:00+05:30,650.0,650.0,650.0,650.0,0,6890
2026-02-23 14:15:00+05:30,650.0,650.0,650.0,650.0,0,6890
2026-02-23 14:16:00+05:30,650.0,650.0,650.0,650.0,0,6890
2026-02-23 14:17:00+05:30,650.0,650.0,650.0,650.0,0,6890
2026-02-23 14:18:00+05:30,650.0,650.0,650.0,650.0,0,6890
2026-02-23 14:19:00+05:30,650.0,650.0,650.0,650.0,0,6890
2026-02-23 14:20:00+05:30,650.0,650.0,650.0,650.0,0,6890
2026-02-23 14:21:00+05:30,650.0,650.0,650.0,650.0,0,6890
2026-02-23 14:22:00+05:30,650.0,650.0,650.0,650.0,0,6890
2026-02-23 14:23:00+05:30,650.0,650.0,650.0,650.0,0,6890
2026-02-23 14:24:00+05:30,650.0,650.0,650.0,650.0,0,6890
2026-02-23 14:25:00+05:30,669.0,669.0,669.0,669.0,65,7085
2026-02-23 14:26:00+05:30,669.0,669.0,669.0,669.0,0,7085
2026-02-23 14:27:00+05:30,669.0,669.0,669.0,669.0,0,7085
2026-02-23 14:28:00+05:30,669.0,669.0,669.0,669.0,0,7085
2026-02-23 14:29:00+05:30,669.0,669.0,669.0,669.0,0,7085
2026-02-23 14:30:00+05:30,669.0,669.0,669.0,669.0,0,7085
2026-02-23 14:31:00+05:30,718.4,718.4,718.4,718.4,65,7150
2026-02-23 14:32:00+05:30,713.55,713.55,713.55,713.55,65,7150
2026-02-23 14:33:00+05:30,713.55,713.55,713.55,713.55,0,7150
2026-02-23 14:34:00+05:30,718.25,718.25,718.25,718.25,65,7150
2026-02-23 14:35:00+05:30,718.25,718.25,718.25,718.25,0,7150
2026-02-23 14:36:00+05:30,718.25,718.25,718.25,718.25,0,7150
2026-02-23 14:37:00+05:30,718.25,718.25,718.25,718.25,0,7150
2026-02-23 14:38:00+05:30,718.25,718.25,718.25,718.25,0,7150
2026-02-23 14:39:00+05:30,718.25,718.25,718.25,718.25,0,7150
2026-02-23 14:40:00+05:30,718.25,718.25,718.25,718.25,0,7150
2026-02-23 14:41:00+05:30,718.25,718.25,718.25,718.25,0,7150
2026-02-23 14:42:00+05:30,718.25,718.25,718.25,718.25,0,7150
2026-02-23 14:43:00+05:30,718.25,718.25,718.25,718.25,0,7150
2026-02-23 14:44:00+05:30,688.0,700.8,688.0,700.8,260,7280
2026-02-23 14:45:00+05:30,697.2,699.95,697.2,699.95,130,7280
2026-02-23 14:46:00+05:30,699.95,699.95,699.95,699.95,0,7280
2026-02-23 14:47:00+05:30,699.95,699.95,699.95,699.95,0,7280
2026-02-23 14:48:00+05:30,699.95,699.95,699.95,699.95,0,7280
2026-02-23 14:49:00+05:30,720.2,720.2,720.2,720.2,65,7150
2026-02-23 14:50:00+05:30,720.2,720.2,720.2,720.2,0,7150
2026-02-23 14:51:00+05:30,720.2,720.2,720.2,720.2,0,7150
2026-02-23 14:52:00+05:30,720.2,720.2,720.2,720.2,0,7150
2026-02-23 14:53:00+05:30,720.2,720.2,720.2,720.2,0,7150
2026-02-23 14:54:00+05:30,720.2,720.2,720.2,720.2,0,7150
2026-02-23 14:55:00+05:30,720.2,720.2,720.2,720.2,0,7150
2026-02-23 14:56:00+05:30,720.2,720.2,720.2,720.2,0,7150
2026-02-23 14:57:00+05:30,720.2,720.2,720.2,720.2,0,7150
2026-02-23 14:58:00+05:30,720.2,720.2,720.2,720.2,0,7150
2026-02-23 14:59:00+05:30,720.2,720.2,720.2,720.2,0,7150
2026-02-23 15:00:00+05:30,710.05,710.05,710.05,710.05,65,7085
2026-02-23 15:01:00+05:30,721.7,721.7,721.7,721.7,65,7085
2026-02-23 15:02:00+05:30,722.05,733.5,722.05,733.5,130,7085
2026-02-23 15:03:00+05:30,733.5,733.5,733.5,733.5,0,7085
2026-02-23 15:04:00+05:30,733.5,733.5,733.5,733.5,0,7085
2026-02-23 15:05:00+05:30,733.5,733.5,733.5,733.5,0,7085
2026-02-23 15:06:00+05:30,733.5,733.5,733.5,733.5,0,7085
2026-02-23 15:07:00+05:30,733.5,733.5,733.5,733.5,0,7085
2026-02-23 15:08:00+05:30,733.5,733.5,733.5,733.5,0,7085
2026-02-23 15:09:00+05:30,733.5,733.5,733.5,733.5,0,7085
2026-02-23 15:10:00+05:30,733.5,733.5,733.5,733.5,0,7085
2026-02-23 15:11:00+05:30,733.5,733.5,733.5,733.5,0,7085
2026-02-23 15:12:00+05:30,733.5,733.5,733.5,733.5,0,7085
2026-02-23 15:13:00+05:30,724.15,724.15,724.15,724.15,65,7085
2026-02-23 15:14:00+05:30,724.15,724.15,724.15,724.15,0,7085
2026-02-23 15:15:00+05:30,724.15,724.15,724.15,724.15,0,7085
2026-02-23 15:16:00+05:30,724.15,724.15,724.15,724.15,0,7085
2026-02-23 15:17:00+05:30,724.15,724.15,724.15,724.15,0,7085
2026-02-23 15:18:00+05:30,724.15,724.15,724.15,724.15,0,7085
2026-02-23 15:19:00+05:30,724.15,724.15,724.15,724.15,0,7085
2026-02-23 15:20:00+05:30,724.15,724.15,724.15,724.15,0,7085
2026-02-23 15:21:00+05:30,724.15,724.15,724.15,724.15,0,7085
2026-02-23 15:22:00+05:30,716.05,716.05,716.05,716.05,65,7085
2026-02-23 15:23:00+05:30,717.0,717.0,713.65,713.65,325,7085
2026-02-23 15:24:00+05:30,713.65,713.65,713.65,713.65,0,7085
2026-02-23 15:25:00+05:30,713.65,713.65,713.65,713.65,0,7085
2026-02-23 15:26:00+05:30,713.65,713.65,713.65,713.65,0,7085
2026-02-23 15:27:00+05:30,713.65,713.65,713.65,713.65,0,7085
2026-02-23 15:28:00+05:30,713.65,713.65,713.65,713.65,0,7085
2026-02-23 15:29:00+05:30,715.95,715.95,705.45,715.65,520,7410
2026-02-24 09:23:00+05:30,582.95,592.7,582.3,582.3,325,7670
2026-02-24 09:24:00+05:30,582.0,582.0,578.1,578.1,130,7670
2026-02-24 09:25:00+05:30,578.1,578.1,578.1,578.1,0,7670
2026-02-24 09:26:00+05:30,579.0,583.75,579.0,583.75,195,7930
2026-02-24 09:27:00+05:30,593.65,593.65,593.65,593.65,130,7930
2026-02-24 09:28:00+05:30,593.65,593.65,593.65,593.65,0,7930
2026-02-24 09:29:00+05:30,580.7,580.7,580.7,580.7,65,7930
2026-02-24 09:30:00+05:30,579.25,579.8,576.75,576.75,195,7930
2026-02-24 09:31:00+05:30,576.75,576.75,576.75,576.75,0,7930
2026-02-24 09:32:00+05:30,576.75,576.75,576.75,576.75,0,7930
2026-02-24 09:33:00+05:30,576.75,576.75,576.75,576.75,0,7930
2026-02-24 09:34:00+05:30,547.55,547.55,547.55,547.55,65,7930
2026-02-24 09:35:00+05:30,547.7,547.7,547.7,547.7,65,7930
2026-02-24 09:36:00+05:30,553.65,553.65,553.65,553.65,65,7930
2026-02-24 09:37:00+05:30,558.35,558.35,556.4,556.4,130,7930
2026-02-24 09:38:00+05:30,545.75,545.75,545.75,545.75,65,7930
2026-02-24 09:39:00+05:30,546.3,546.3,546.3,546.3,65,7930
2026-02-24 09:40:00+05:30,546.3,546.3,546.3,546.3,0,7930
2026-02-24 09:41:00+05:30,546.3,546.3,546.3,546.3,0,7930
2026-02-24 09:42:00+05:30,541.8,541.8,541.8,541.8,65,7930
2026-02-24 09:43:00+05:30,541.8,541.8,541.8,541.8,0,7930
2026-02-24 09:44:00+05:30,535.0,535.0,535.0,535.0,65,7930
2026-02-24 09:45:00+05:30,533.8,533.8,533.5,533.5,260,7930
2026-02-24 09:46:00+05:30,533.5,533.5,533.5,533.5,0,7930
2026-02-24 09:47:00+05:30,533.5,533.5,533.5,533.5,0,7930
2026-02-24 09:48:00+05:30,533.5,533.5,533.5,533.5,0,7930
2026-02-24 09:49:00+05:30,533.5,533.5,533.5,533.5,0,7930
2026-02-24 09:50:00+05:30,533.5,533.5,533.5,533.5,0,7930
2026-02-24 09:51:00+05:30,533.5,533.5,533.5,533.5,0,7930
2026-02-24 09:52:00+05:30,545.0,545.0,545.0,545.0,65,7930
2026-02-24 09:53:00+05:30,545.0,545.0,545.0,545.0,0,7930
2026-02-24 09:54:00+05:30,546.65,546.65,546.6,546.6,130,7995
2026-02-24 09:55:00+05:30,546.6,546.6,546.6,546.6,0,7995
2026-02-24 09:56:00+05:30,546.6,546.6,546.6,546.6,0,7995
2026-02-24 09:57:00+05:30,546.6,546.6,546.6,546.6,0,7995
2026-02-24 09:58:00+05:30,546.6,546.6,546.6,546.6,0,7995
2026-02-24 09:59:00+05:30,546.6,546.6,546.6,546.6,0,7995
2026-02-24 10:00:00+05:30,546.6,546.6,546.6,546.6,0,7995
2026-02-24 10:01:00+05:30,546.6,546.6,546.6,546.6,0,7995
2026-02-24 10:02:00+05:30,546.6,546.6,546.6,546.6,0,7995
2026-02-24 10:03:00+05:30,546.6,546.6,546.6,546.6,0,7995
2026-02-24 10:04:00+05:30,546.6,546.6,546.6,546.6,0,7995
2026-02-24 10:05:00+05:30,553.55,553.55,553.55,553.55,65,8060
2026-02-24 10:06:00+05:30,553.55,553.55,553.55,553.55,0,8060
2026-02-24 10:07:00+05:30,553.55,553.55,553.55,553.55,0,8060
2026-02-24 10:08:00+05:30,553.55,553.55,553.55,553.55,0,8060
2026-02-24 10:09:00+05:30,553.55,553.55,553.55,553.55,0,8060
2026-02-24 10:10:00+05:30,553.55,553.55,553.55,553.55,0,8060
2026-02-24 10:11:00+05:30,553.55,553.55,553.55,553.55,0,8060
2026-02-24 10:12:00+05:30,553.55,553.55,553.55,553.55,0,8060
2026-02-24 10:13:00+05:30,553.55,553.55,553.55,553.55,0,8060
2026-02-24 10:14:00+05:30,553.55,553.55,553.55,553.55,0,8060
2026-02-24 10:15:00+05:30,553.55,553.55,553.55,553.55,0,8060
2026-02-24 10:16:00+05:30,553.55,553.55,553.55,553.55,0,8060
2026-02-24 10:17:00+05:30,553.55,553.55,553.55,553.55,0,8060
2026-02-24 10:18:00+05:30,522.9,522.9,522.9,522.9,65,8060
2026-02-24 10:19:00+05:30,534.1,534.1,534.1,534.1,65,8060
2026-02-24 10:20:00+05:30,539.0,539.0,539.0,539.0,130,8125
2026-02-24 10:21:00+05:30,535.8,535.8,535.8,535.8,65,8125
2026-02-24 10:22:00+05:30,535.8,535.8,535.8,535.8,0,8125
2026-02-24 10:23:00+05:30,535.8,535.8,535.8,535.8,0,8125
2026-02-24 10:24:00+05:30,535.8,535.8,535.8,535.8,0,8125
2026-02-24 10:25:00+05:30,535.8,535.8,535.8,535.8,0,8125
2026-02-24 10:26:00+05:30,535.8,535.8,535.8,535.8,0,8125
2026-02-24 10:27:00+05:30,526.7,526.7,526.7,526.7,65,8125
2026-02-24 10:28:00+05:30,526.7,526.7,526.7,526.7,0,8125
2026-02-24 10:29:00+05:30,526.7,526.7,526.7,526.7,0,8125
2026-02-24 10:30:00+05:30,526.7,526.7,526.7,526.7,0,8125
2026-02-24 10:31:00+05:30,526.7,526.7,526.7,526.7,0,8125
2026-02-24 10:32:00+05:30,542.0,542.0,542.0,542.0,65,8190
2026-02-24 10:33:00+05:30,542.0,542.0,542.0,542.0,0,8190
2026-02-24 10:34:00+05:30,532.3,532.3,532.3,532.3,65,8190
2026-02-24 10:35:00+05:30,543.05,543.05,543.05,543.05,65,8255
2026-02-24 10:36:00+05:30,543.05,543.05,543.05,543.05,0,8255
2026-02-24 10:37:00+05:30,543.05,543.05,543.05,543.05,0,8255
2026-02-24 10:38:00+05:30,543.05,543.05,543.05,543.05,0,8255
2026-02-24 10:39:00+05:30,543.05,543.05,543.05,543.05,0,8255
2026-02-24 10:40:00+05:30,536.35,536.35,536.35,536.35,65,8320
2026-02-24 10:41:00+05:30,536.35,536.35,536.35,536.35,0,8320
2026-02-24 10:42:00+05:30,536.35,536.35,536.35,536.35,0,8320
2026-02-24 10:43:00+05:30,536.35,536.35,536.35,536.35,0,8320
2026-02-24 10:44:00+05:30,536.35,536.35,536.35,536.35,0,8320
2026-02-24 10:45:00+05:30,527.25,527.25,527.25,527.25,65,8255
2026-02-24 10:46:00+05:30,527.25,527.25,527.25,527.25,0,8255
2026-02-24 10:47:00+05:30,527.25,527.25,527.25,527.25,0,8255
2026-02-24 10:48:00+05:30,514.9,514.9,514.9,514.9,65,8320
2026-02-24 10:49:00+05:30,514.9,514.9,514.9,514.9,0,8320
2026-02-24 10:50:00+05:30,514.9,514.9,514.9,514.9,0,8320
2026-02-24 10:51:00+05:30,514.9,514.9,514.9,514.9,0,8320
2026-02-24 10:52:00+05:30,509.3,509.3,509.3,509.3,65,8255
2026-02-24 10:53:00+05:30,496.6,500.0,496.6,496.7,195,8190
2026-02-24 10:54:00+05:30,496.7,496.7,496.7,496.7,0,8190
2026-02-24 10:55:00+05:30,496.7,496.7,496.7,496.7,0,8190
2026-02-24 10:56:00+05:30,509.1,509.1,509.1,509.1,65,8255
2026-02-24 10:57:00+05:30,509.1,509.1,509.1,509.1,0,8255
2026-02-24 10:58:00+05:30,509.1,509.1,509.1,509.1,0,8255
2026-02-24 10:59:00+05:30,509.1,509.1,509.1,509.1,0,8255
2026-02-24 11:00:00+05:30,512.0,512.0,511.95,511.95,260,8190
2026-02-24 11:01:00+05:30,514.1,518.25,509.05,518.25,1625,8190
2026-02-24 11:02:00+05:30,519.5,519.5,519.5,519.5,65,9555
2026-02-24 11:03:00+05:30,519.5,519.5,519.5,519.5,0,9555
2026-02-24 11:04:00+05:30,519.5,519.5,519.5,519.5,0,9555
2026-02-24 11:05:00+05:30,519.5,519.5,519.5,519.5,0,9555
2026-02-24 11:06:00+05:30,517.0,517.0,517.0,517.0,65,9620
2026-02-24 11:07:00+05:30,518.8,518.8,518.8,518.8,65,9620
2026-02-24 11:08:00+05:30,518.8,518.8,518.8,518.8,0,9620
2026-02-24 11:09:00+05:30,518.8,518.8,518.8,518.8,0,9620
2026-02-24 11:10:00+05:30,518.8,518.8,518.8,518.8,0,9620
2026-02-24 11:11:00+05:30,518.8,518.8,518.8,518.8,0,9620
2026-02-24 11:12:00+05:30,518.8,518.8,518.8,518.8,0,9620
2026-02-24 11:13:00+05:30,540.55,540.55,540.55,540.55,65,9750
2026-02-24 11:14:00+05:30,540.55,540.55,540.55,540.55,325,9750
2026-02-24 11:15:00+05:30,540.55,540.55,540.55,540.55,0,9750
2026-02-24 11:16:00+05:30,540.55,540.55,540.55,540.55,130,9750
2026-02-24 11:17:00+05:30,531.1,531.2,531.1,531.2,130,10010
2026-02-24 11:18:00+05:30,531.2,531.2,531.2,531.2,0,10010
2026-02-24 11:19:00+05:30,544.6,545.2,544.6,545.2,130,10010
2026-02-24 11:20:00+05:30,545.2,545.2,545.2,545.2,0,10010
2026-02-24 11:21:00+05:30,545.2,545.2,545.2,545.2,0,10010
2026-02-24 11:22:00+05:30,547.6,551.0,547.6,551.0,195,10270
2026-02-24 11:23:00+05:30,551.0,551.0,551.0,551.0,0,10270
2026-02-24 11:24:00+05:30,551.0,551.0,551.0,551.0,0,10270
2026-02-24 11:25:00+05:30,539.75,539.75,539.75,539.75,65,10335
2026-02-24 11:26:00+05:30,539.75,539.75,539.75,539.75,0,10335
2026-02-24 11:27:00+05:30,543.4,543.4,543.4,543.4,65,10335
2026-02-24 11:28:00+05:30,543.4,543.4,543.4,543.4,0,10335
2026-02-24 11:29:00+05:30,549.75,549.75,549.75,549.75,65,10335
2026-02-24 11:30:00+05:30,549.75,549.75,549.75,549.75,0,10335
2026-02-24 11:31:00+05:30,549.75,549.75,549.75,549.75,0,10335
2026-02-24 11:32:00+05:30,549.75,549.75,549.75,549.75,0,10335
2026-02-24 11:33:00+05:30,549.75,549.75,549.75,549.75,0,10335
2026-02-24 11:34:00+05:30,549.75,549.75,549.75,549.75,0,10335
2026-02-24 11:35:00+05:30,549.75,549.75,549.75,549.75,0,10335
2026-02-24 11:36:00+05:30,549.75,549.75,549.75,549.75,0,10335
2026-02-24 11:37:00+05:30,539.95,539.95,539.95,539.95,65,10400
2026-02-24 11:38:00+05:30,539.95,539.95,539.95,539.95,0,10400
2026-02-24 11:39:00+05:30,550.0,550.0,550.0,550.0,65,10400
2026-02-24 11:40:00+05:30,550.0,550.0,550.0,550.0,0,10400
2026-02-24 11:41:00+05:30,550.0,550.0,550.0,550.0,0,10400
2026-02-24 11:42:00+05:30,550.0,550.0,550.0,550.0,0,10400
2026-02-24 11:43:00+05:30,529.4,529.4,529.3,529.3,195,10400
2026-02-24 11:44:00+05:30,529.3,529.3,529.3,529.3,0,10400
2026-02-24 11:45:00+05:30,529.3,529.3,529.3,529.3,0,10400
2026-02-24 11:46:00+05:30,529.3,529.3,529.3,529.3,0,10400
2026-02-24 11:47:00+05:30,529.3,529.3,529.3,529.3,0,10400
2026-02-24 11:48:00+05:30,529.3,529.3,529.3,529.3,0,10400
2026-02-24 11:49:00+05:30,529.3,529.3,529.3,529.3,0,10400
2026-02-24 11:50:00+05:30,529.3,529.3,529.3,529.3,0,10400
2026-02-24 11:51:00+05:30,529.3,529.3,529.3,529.3,0,10400
2026-02-24 11:52:00+05:30,529.3,529.3,529.3,529.3,0,10400
2026-02-24 11:53:00+05:30,529.3,529.3,529.3,529.3,0,10400
2026-02-24 11:54:00+05:30,529.3,529.3,529.3,529.3,0,10400
2026-02-24 11:55:00+05:30,529.3,529.3,529.3,529.3,0,10400
2026-02-24 11:56:00+05:30,529.3,529.3,529.3,529.3,0,10400
2026-02-24 11:57:00+05:30,529.3,529.3,529.3,529.3,0,10400
2026-02-24 11:58:00+05:30,529.3,529.3,529.3,529.3,0,10400
2026-02-24 11:59:00+05:30,529.3,529.3,529.3,529.3,0,10400
2026-02-24 12:00:00+05:30,529.3,529.3,529.3,529.3,0,10400
2026-02-24 12:01:00+05:30,496.35,500.0,496.3,500.0,455,10205
2026-02-24 12:02:00+05:30,496.95,497.6,496.55,497.3,390,10270
2026-02-24 12:03:00+05:30,496.0,496.0,491.6,491.6,260,10270
2026-02-24 12:04:00+05:30,491.6,491.6,491.6,491.6,0,10270
2026-02-24 12:05:00+05:30,491.6,491.6,491.6,491.6,0,10270
2026-02-24 12:06:00+05:30,491.6,491.6,491.6,491.6,0,10270
2026-02-24 12:07:00+05:30,506.8,506.9,506.8,506.9,195,10205
2026-02-24 12:08:00+05:30,506.9,506.9,506.9,506.9,0,10205
2026-02-24 12:09:00+05:30,495.85,495.85,493.0,493.0,650,10335
2026-02-24 12:10:00+05:30,493.0,493.0,493.0,493.0,0,10335
2026-02-24 12:11:00+05:30,492.95,492.95,492.95,492.95,195,10335
2026-02-24 12:12:00+05:30,484.65,487.35,480.0,487.35,650,10335
2026-02-24 12:13:00+05:30,495.35,495.4,495.35,495.4,130,10335
2026-02-24 12:14:00+05:30,495.4,495.4,495.4,495.4,0,10335
2026-02-24 12:15:00+05:30,495.4,495.4,495.4,495.4,0,10335
2026-02-24 12:16:00+05:30,492.15,493.7,492.15,493.7,390,10530
2026-02-24 12:17:00+05:30,493.1,493.1,493.1,493.1,65,10790
2026-02-24 12:18:00+05:30,493.1,493.1,493.1,493.1,0,10790
2026-02-24 12:19:00+05:30,493.1,493.1,493.1,493.1,0,10790
2026-02-24 12:20:00+05:30,483.2,483.2,475.8,475.8,325,10790
2026-02-24 12:21:00+05:30,475.8,475.8,475.8,475.8,0,10790
2026-02-24 12:22:00+05:30,475.8,475.8,475.8,475.8,0,10790
2026-02-24 12:23:00+05:30,475.8,475.8,475.8,475.8,0,10790
2026-02-24 12:24:00+05:30,475.8,475.8,475.8,475.8,0,10790
2026-02-24 12:25:00+05:30,470.45,470.5,470.45,470.5,195,10595
2026-02-24 12:26:00+05:30,470.5,470.5,470.5,470.5,0,10595
2026-02-24 12:27:00+05:30,470.5,470.5,470.5,470.5,0,10595
2026-02-24 12:28:00+05:30,466.05,466.05,465.05,465.05,650,10595
2026-02-24 12:29:00+05:30,472.05,472.05,472.05,472.05,65,11050
2026-02-24 12:30:00+05:30,472.05,472.05,472.05,472.05,0,11050
2026-02-24 12:31:00+05:30,472.05,472.05,472.05,472.05,0,11050
2026-02-24 12:32:00+05:30,472.05,472.05,472.05,472.05,0,11050
2026-02-24 12:33:00+05:30,472.05,472.05,472.05,472.05,0,11050
2026-02-24 12:34:00+05:30,472.05,472.05,472.05,472.05,0,11050
2026-02-24 12:35:00+05:30,472.05,472.05,472.05,472.05,0,11050
2026-02-24 12:36:00+05:30,472.05,472.05,472.05,472.05,0,11050
2026-02-24 12:37:00+05:30,472.05,472.05,472.05,472.05,0,11050
2026-02-24 12:38:00+05:30,472.05,472.05,472.05,472.05,0,11050
2026-02-24 12:39:00+05:30,472.05,472.05,472.05,472.05,0,11050
2026-02-24 12:40:00+05:30,472.0,472.0,472.0,472.0,65,11115
2026-02-24 12:41:00+05:30,472.0,472.0,472.0,472.0,65,11115
2026-02-24 12:42:00+05:30,470.0,471.0,470.0,471.0,130,11115
2026-02-24 12:43:00+05:30,469.8,469.8,469.5,469.5,130,11115
2026-02-24 12:44:00+05:30,467.95,470.25,466.0,466.0,195,11505
2026-02-24 12:45:00+05:30,465.5,465.5,464.0,464.45,195,11505
2026-02-24 12:46:00+05:30,464.35,464.35,460.0,460.0,260,11505
2026-02-24 12:47:00+05:30,457.35,457.35,450.0,450.0,455,11960
2026-02-24 12:48:00+05:30,450.0,450.0,450.0,450.0,0,11960
2026-02-24 12:49:00+05:30,450.0,450.0,450.0,450.0,0,11960
2026-02-24 12:50:00+05:30,450.0,452.0,450.0,452.0,1040,12350
2026-02-24 12:51:00+05:30,455.95,456.0,452.3,452.3,260,12350
2026-02-24 12:52:00+05:30,452.3,452.3,452.3,452.3,0,12350
2026-02-24 12:53:00+05:30,452.3,452.3,452.3,452.3,0,12350
2026-02-24 12:54:00+05:30,456.7,456.7,456.7,456.7,65,13000
2026-02-24 12:55:00+05:30,456.7,456.7,456.7,456.7,0,13000
2026-02-24 12:56:00+05:30,463.0,463.0,463.0,463.0,65,13065
2026-02-24 12:57:00+05:30,465.0,465.8,465.0,465.8,650,13065
2026-02-24 12:58:00+05:30,465.8,465.8,465.8,465.8,0,13065
2026-02-24 12:59:00+05:30,465.8,465.8,465.8,465.8,0,13065
2026-02-24 13:00:00+05:30,465.8,465.8,465.8,465.8,0,13065
2026-02-24 13:01:00+05:30,465.8,465.8,465.8,465.8,0,13065
2026-02-24 13:02:00+05:30,465.8,465.8,465.8,465.8,0,13065
2026-02-24 13:03:00+05:30,469.55,469.55,469.15,469.15,390,13585
2026-02-24 13:04:00+05:30,476.0,476.0,476.0,476.0,65,13585
2026-02-24 13:05:00+05:30,475.0,475.0,474.15,474.15,780,13585
2026-02-24 13:06:00+05:30,474.15,474.15,474.15,474.15,0,13585
2026-02-24 13:07:00+05:30,474.15,474.15,474.15,474.15,0,13585
2026-02-24 13:08:00+05:30,474.15,474.15,474.15,474.15,0,13585
2026-02-24 13:09:00+05:30,476.8,476.8,476.8,476.8,65,12870
2026-02-24 13:10:00+05:30,476.8,476.8,476.8,476.8,0,12870
2026-02-24 13:11:00+05:30,476.8,476.8,476.8,476.8,0,12870
2026-02-24 13:12:00+05:30,480.0,480.0,480.0,480.0,325,12805
2026-02-24 13:13:00+05:30,480.0,480.0,480.0,480.0,0,12805
2026-02-24 13:14:00+05:30,480.0,480.0,480.0,480.0,0,12805
2026-02-24 13:15:00+05:30,480.0,480.0,480.0,480.0,0,12805
2026-02-24 13:16:00+05:30,480.0,480.0,480.0,480.0,0,12805
2026-02-24 13:17:00+05:30,480.0,480.0,480.0,480.0,0,12805
2026-02-24 13:18:00+05:30,479.0,479.0,479.0,479.0,130,13065
2026-02-24 13:19:00+05:30,479.0,479.0,479.0,479.0,0,13065
2026-02-24 13:20:00+05:30,479.0,479.0,479.0,479.0,0,13065
2026-02-24 13:21:00+05:30,479.0,479.0,479.0,479.0,0,13065
2026-02-24 13:22:00+05:30,479.0,479.0,479.0,479.0,0,13065
2026-02-24 13:23:00+05:30,479.0,479.0,479.0,479.0,0,13065
2026-02-24 13:24:00+05:30,479.0,479.0,479.0,479.0,0,13065
2026-02-24 13:25:00+05:30,479.0,479.0,479.0,479.0,0,13065
2026-02-24 13:26:00+05:30,460.95,460.95,460.95,460.95,65,13065
2026-02-24 13:27:00+05:30,460.95,460.95,460.95,460.95,0,13065
2026-02-24 13:28:00+05:30,460.95,460.95,460.95,460.95,0,13065
2026-02-24 13:29:00+05:30,460.0,460.0,449.9,449.9,195,13065
2026-02-24 13:30:00+05:30,444.0,444.0,440.0,440.0,325,13195
2026-02-24 13:31:00+05:30,429.25,430.15,429.25,430.15,130,13195
2026-02-24 13:32:00+05:30,430.15,430.15,430.15,430.15,0,13195
2026-02-24 13:33:00+05:30,418.5,420.0,416.85,416.95,780,13455
2026-02-24 13:34:00+05:30,417.0,417.0,417.0,417.0,65,13455
2026-02-24 13:35:00+05:30,417.0,417.0,417.0,417.0,0,13455
2026-02-24 13:36:00+05:30,416.9,416.9,415.2,415.2,195,14105
2026-02-24 13:37:00+05:30,415.2,415.2,415.2,415.2,0,14105
2026-02-24 13:38:00+05:30,430.85,430.85,430.85,430.85,65,14105
2026-02-24 13:39:00+05:30,440.95,448.95,440.95,448.95,130,14105
2026-02-24 13:40:00+05:30,441.1,443.9,441.1,443.9,130,14105
2026-02-24 13:41:00+05:30,437.75,437.75,433.4,433.4,455,13975
2026-02-24 13:42:00+05:30,436.85,436.85,436.85,436.85,65,13975
2026-02-24 13:43:00+05:30,432.95,432.95,432.95,432.95,65,13975
2026-02-24 13:44:00+05:30,432.95,432.95,432.95,432.95,0,13975
2026-02-24 13:45:00+05:30,432.95,432.95,432.95,432.95,0,13975
2026-02-24 13:46:00+05:30,432.95,432.95,432.95,432.95,0,13975
2026-02-24 13:47:00+05:30,441.3,441.3,441.3,441.3,65,14040
2026-02-24 13:48:00+05:30,437.05,437.05,437.05,437.05,65,13975
2026-02-24 13:49:00+05:30,437.05,437.05,437.05,437.05,0,13975
2026-02-24 13:50:00+05:30,435.5,435.5,435.5,435.5,65,13975
2026-02-24 13:51:00+05:30,433.0,433.0,433.0,433.0,65,13975
2026-02-24 13:52:00+05:30,433.0,433.0,433.0,433.0,0,13975
2026-02-24 13:53:00+05:30,443.0,443.0,443.0,443.0,65,13975
2026-02-24 13:54:00+05:30,443.0,443.0,443.0,443.0,0,13975
2026-02-24 13:55:00+05:30,450.0,460.0,450.0,460.0,585,14105
2026-02-24 13:56:00+05:30,461.25,464.1,459.65,464.1,325,13780
2026-02-24 13:57:00+05:30,463.1,463.1,463.1,463.1,65,13780
2026-02-24 13:58:00+05:30,468.4,468.4,460.55,460.55,260,13780
2026-02-24 13:59:00+05:30,460.65,460.65,460.55,460.55,260,13780
2026-02-24 14:00:00+05:30,462.55,464.05,462.55,464.05,130,13520
2026-02-24 14:01:00+05:30,459.0,459.0,459.0,459.0,65,13520
2026-02-24 14:02:00+05:30,454.0,464.45,454.0,464.45,130,13520
2026-02-24 14:03:00+05:30,464.45,464.45,464.45,464.45,0,13520
2026-02-24 14:04:00+05:30,464.45,464.45,464.45,464.45,0,13520
2026-02-24 14:05:00+05:30,452.0,452.0,452.0,452.0,130,13520
2026-02-24 14:06:00+05:30,448.5,448.5,448.5,448.5,65,13520
2026-02-24 14:07:00+05:30,459.45,459.45,459.0,459.0,130,13520
2026-02-24 14:08:00+05:30,459.0,459.0,459.0,459.0,0,13520
2026-02-24 14:09:00+05:30,464.0,469.0,464.0,469.0,325,13585
2026-02-24 14:10:00+05:30,469.0,469.0,469.0,469.0,65,13585
2026-02-24 14:11:00+05:30,471.05,481.85,471.05,479.05,260,13585
2026-02-24 14:12:00+05:30,480.05,480.05,480.05,480.05,65,13455
2026-02-24 14:13:00+05:30,480.05,480.05,480.05,480.05,0,13455
2026-02-24 14:14:00+05:30,486.45,486.45,484.4,484.4,130,13325
2026-02-24 14:15:00+05:30,484.4,484.4,484.4,484.4,0,13325
2026-02-24 14:16:00+05:30,484.4,484.4,480.45,480.45,130,13325
2026-02-24 14:17:00+05:30,465.6,472.25,465.6,471.5,650,13325
2026-02-24 14:18:00+05:30,471.5,471.5,471.5,471.5,0,13325
2026-02-24 14:19:00+05:30,478.0,478.0,475.0,475.0,195,13715
2026-02-24 14:20:00+05:30,473.0,473.0,473.0,473.0,65,13715
2026-02-24 14:21:00+05:30,476.0,476.0,476.0,476.0,65,13910
2026-02-24 14:22:00+05:30,472.7,472.9,472.7,472.9,195,13910
2026-02-24 14:23:00+05:30,472.4,472.4,459.2,459.2,195,13910
2026-02-24 14:24:00+05:30,457.8,457.9,457.8,457.9,195,13910
2026-02-24 14:25:00+05:30,460.8,468.0,458.0,468.0,845,13910
2026-02-24 14:26:00+05:30,467.1,467.1,466.5,466.5,910,13520
2026-02-24 14:27:00+05:30,468.65,468.65,468.65,468.65,65,13520
2026-02-24 14:28:00+05:30,474.85,474.85,469.9,469.9,130,13520
2026-02-24 14:29:00+05:30,469.9,469.9,469.9,469.9,0,13520
2026-02-24 14:30:00+05:30,469.9,469.9,469.9,469.9,0,13520
2026-02-24 14:31:00+05:30,469.9,469.9,469.9,469.9,0,13520
2026-02-24 14:32:00+05:30,469.9,469.9,469.9,469.9,0,13520
2026-02-24 14:33:00+05:30,469.9,469.9,469.9,469.9,0,13520
2026-02-24 14:34:00+05:30,469.9,469.9,469.9,469.9,0,13520
2026-02-24 14:35:00+05:30,460.85,460.9,460.85,460.9,130,13780
2026-02-24 14:36:00+05:30,463.75,463.75,463.7,463.7,130,13845
2026-02-24 14:37:00+05:30,467.2,467.35,467.2,467.35,260,13845
2026-02-24 14:38:00+05:30,472.65,472.85,472.65,472.85,130,13845
2026-02-24 14:39:00+05:30,476.0,476.0,466.55,466.55,780,14040
2026-02-24 14:40:00+05:30,466.55,466.55,466.55,466.55,0,14040
2026-02-24 14:41:00+05:30,466.55,466.55,466.55,466.55,0,14040
2026-02-24 14:42:00+05:30,466.55,466.55,466.55,466.55,0,14040
2026-02-24 14:43:00+05:30,466.55,466.55,466.55,466.55,0,14040
2026-02-24 14:44:00+05:30,466.55,466.55,466.55,466.55,0,14040
2026-02-24 14:45:00+05:30,450.0,450.0,450.0,450.0,65,14040
2026-02-24 14:46:00+05:30,443.9,443.9,443.9,443.9,65,14040
2026-02-24 14:47:00+05:30,456.4,456.4,456.4,456.4,65,14040
2026-02-24 14:48:00+05:30,456.4,456.4,456.4,456.4,0,14040
2026-02-24 14:49:00+05:30,450.3,450.3,450.25,450.25,130,14105
2026-02-24 14:50:00+05:30,450.25,450.25,450.25,450.25,0,14105
2026-02-24 14:51:00+05:30,472.0,472.0,472.0,472.0,65,14235
2026-02-24 14:52:00+05:30,472.0,472.0,472.0,472.0,0,14235
2026-02-24 14:53:00+05:30,472.0,472.0,472.0,472.0,0,14235
2026-02-24 14:54:00+05:30,473.45,473.45,473.45,473.45,65,14235
2026-02-24 14:55:00+05:30,473.45,473.45,473.45,473.45,0,14235
2026-02-24 14:56:00+05:30,474.25,476.0,474.25,476.0,455,14235
2026-02-24 14:57:00+05:30,476.0,476.0,476.0,476.0,0,14235
2026-02-24 14:58:00+05:30,476.0,476.0,476.0,476.0,0,14235
2026-02-24 14:59:00+05:30,476.5,482.0,475.3,480.1,1300,14105
2026-02-24 15:00:00+05:30,480.1,480.1,480.1,480.1,0,14105
2026-02-24 15:01:00+05:30,480.1,480.1,480.1,480.1,0,14105
2026-02-24 15:02:00+05:30,470.0,470.0,463.65,463.65,130,14625
2026-02-24 15:03:00+05:30,460.1,460.1,460.1,460.1,65,14560
2026-02-24 15:04:00+05:30,460.1,460.1,460.1,460.1,0,14560
2026-02-24 15:05:00+05:30,460.1,460.1,460.1,460.1,0,14560
2026-02-24 15:06:00+05:30,465.0,470.85,465.0,470.85,130,14560
2026-02-24 15:07:00+05:30,458.05,459.0,458.05,459.0,130,14560
2026-02-24 15:08:00+05:30,459.0,459.0,459.0,459.0,0,14560
2026-02-24 15:09:00+05:30,459.0,459.0,459.0,459.0,0,14560
2026-02-24 15:10:00+05:30,465.05,467.9,465.05,467.9,130,14560
2026-02-24 15:11:00+05:30,467.9,467.9,467.9,467.9,0,14560
2026-02-24 15:12:00+05:30,467.9,467.9,467.9,467.9,0,14560
2026-02-24 15:13:00+05:30,467.9,467.9,467.9,467.9,0,14560
2026-02-24 15:14:00+05:30,470.0,470.0,470.0,470.0,65,14625
2026-02-24 15:15:00+05:30,470.0,470.0,470.0,470.0,0,14625
2026-02-24 15:16:00+05:30,464.0,464.0,463.0,463.0,455,14625
2026-02-24 15:17:00+05:30,465.05,466.5,465.05,466.5,130,14625
2026-02-24 15:18:00+05:30,469.0,473.0,469.0,473.0,260,14690
2026-02-24 15:19:00+05:30,473.0,473.0,473.0,473.0,0,14690
2026-02-24 15:20:00+05:30,473.0,473.0,473.0,473.0,0,14690
2026-02-24 15:21:00+05:30,479.35,479.35,475.8,475.8,455,14820
2026-02-24 15:22:00+05:30,476.45,481.3,476.4,481.3,260,14820
2026-02-24 15:23:00+05:30,478.15,478.9,478.05,478.7,780,14820
2026-02-24 15:24:00+05:30,480.5,480.5,480.45,480.45,195,15535
2026-02-24 15:25:00+05:30,479.4,479.4,479.4,479.4,130,15535
2026-02-24 15:26:00+05:30,483.8,483.8,478.5,478.5,650,15535
2026-02-24 15:27:00+05:30,481.1,484.75,481.1,484.75,910,15535
2026-02-24 15:28:00+05:30,482.0,490.15,482.0,484.5,1105,15535
2026-02-24 15:29:00+05:30,485.7,486.7,485.7,486.7,520,15535
2026-02-25 09:15:00+05:30,525.54,572.45,525.5,555.45,5005,15795
2026-02-25 09:16:00+05:30,566.85,568.29,550.6,555.29,975,15795
2026-02-25 09:17:00+05:30,557.95,568.2,557.95,568.2,130,15795
2026-02-25 09:18:00+05:30,566.04,566.04,565.79,565.79,130,15795
2026-02-25 09:19:00+05:30,562.0,571.45,562.0,571.45,260,15340
2026-02-25 09:20:00+05:30,579.54,582.7,572.5,572.5,195,15340
2026-02-25 09:21:00+05:30,582.0,582.65,581.79,582.65,910,15340
2026-02-25 09:22:00+05:30,587.9,588.0,586.95,588.0,195,15535
2026-02-25 09:23:00+05:30,580.65,583.79,580.65,583.79,130,15535
2026-02-25 09:24:00+05:30,587.25,589.15,580.79,589.15,390,15535
2026-02-25 09:25:00+05:30,589.15,589.15,589.15,589.15,0,15535
2026-02-25 09:26:00+05:30,592.2,592.35,592.2,592.35,195,15470
2026-02-25 09:27:00+05:30,603.25,609.54,603.25,607.54,650,15470
2026-02-25 09:28:00+05:30,610.29,610.75,607.65,607.65,260,15925
2026-02-25 09:29:00+05:30,600.45,607.25,600.45,602.95,780,15925
2026-02-25 09:30:00+05:30,608.6,608.6,591.65,600.79,455,15925
2026-02-25 09:31:00+05:30,601.54,601.54,595.2,596.15,390,16380
2026-02-25 09:32:00+05:30,590.95,590.95,587.85,588.6,455,16380
2026-02-25 09:33:00+05:30,591.2,595.95,587.6,587.85,455,16380
2026-02-25 09:34:00+05:30,590.79,599.95,590.79,599.85,1105,16510
2026-02-25 09:35:00+05:30,594.95,600.4,593.85,600.4,910,16510
2026-02-25 09:36:00+05:30,598.54,600.15,594.25,598.6,910,16510
2026-02-25 09:37:00+05:30,592.29,601.9,592.29,601.9,585,18915
2026-02-25 09:38:00+05:30,593.15,593.5,588.9,588.9,585,18915
2026-02-25 09:39:00+05:30,588.9,588.9,588.9,588.9,0,18915
2026-02-25 09:40:00+05:30,597.75,597.75,597.2,597.2,195,20345
2026-02-25 09:41:00+05:30,595.65,595.65,588.9,588.9,260,20345
2026-02-25 09:42:00+05:30,587.0,588.35,586.25,587.54,715,20345
2026-02-25 09:43:00+05:30,581.79,581.79,581.79,581.79,130,20995
2026-02-25 09:44:00+05:30,576.95,576.95,576.95,576.95,130,20995
2026-02-25 09:45:00+05:30,577.9,581.75,577.9,581.75,130,20995
2026-02-25 09:46:00+05:30,588.2,589.2,587.85,588.9,325,21060
2026-02-25 09:47:00+05:30,589.95,596.54,589.5,596.54,390,21060
2026-02-25 09:48:00+05:30,589.25,589.5,588.6,589.5,910,21060
2026-02-25 09:49:00+05:30,594.65,594.65,588.45,589.54,195,21450
2026-02-25 09:50:00+05:30,591.2,591.2,587.35,588.35,195,21450
2026-02-25 09:51:00+05:30,590.95,590.95,590.95,590.95,65,21450
2026-02-25 09:52:00+05:30,590.95,590.95,590.95,590.95,0,21450
2026-02-25 09:53:00+05:30,584.5,584.5,584.5,584.5,65,21580
2026-02-25 09:54:00+05:30,581.4,581.4,581.4,581.4,65,21580
2026-02-25 09:55:00+05:30,590.1,592.7,590.1,592.7,260,21580
2026-02-25 09:56:00+05:30,588.79,596.0,588.79,596.0,325,21580
2026-02-25 09:57:00+05:30,596.75,600.0,596.75,600.0,195,21580
2026-02-25 09:58:00+05:30,609.85,613.54,609.85,610.2,585,21905
2026-02-25 09:59:00+05:30,613.5,614.9,611.04,613.25,390,21905
2026-02-25 10:00:00+05:30,616.1,616.1,616.1,616.1,65,21905
2026-02-25 10:01:00+05:30,618.7,621.9,616.75,616.75,585,21840
2026-02-25 10:02:00+05:30,615.25,617.6,615.25,617.6,130,21840
2026-02-25 10:03:00+05:30,623.0,623.29,619.95,623.29,520,21840
2026-02-25 10:04:00+05:30,627.5,627.5,625.54,625.54,260,22230
2026-02-25 10:05:00+05:30,627.1,628.04,626.1,628.04,260,22230
2026-02-25 10:06:00+05:30,630.95,631.1,630.65,631.1,195,22230
2026-02-25 10:07:00+05:30,635.75,635.75,632.2,632.2,195,22425
2026-02-25 10:08:00+05:30,632.7,632.7,632.45,632.54,195,22425
2026-02-25 10:09:00+05:30,633.6,633.79,631.2,633.79,2080,22425
2026-02-25 10:10:00+05:30,629.04,629.75,628.9,629.75,780,24115
2026-02-25 10:11:00+05:30,632.25,633.1,630.04,630.04,975,24115
2026-02-25 10:12:00+05:30,630.25,633.35,629.35,633.25,2535,24115
2026-02-25 10:13:00+05:30,634.9,639.6,634.9,639.6,650,25935
2026-02-25 10:14:00+05:30,639.6,640.0,638.29,640.0,260,25935
2026-02-25 10:15:00+05:30,642.5,648.85,642.29,648.85,715,25935
2026-02-25 10:16:00+05:30,651.54,658.75,651.54,658.75,2275,26390
2026-02-25 10:17:00+05:30,663.9,664.5,663.7,663.7,195,26390
2026-02-25 10:18:00+05:30,661.25,661.65,660.85,661.6,390,26390
2026-02-25 10:19:00+05:30,652.75,652.75,652.75,652.75,65,26390
2026-02-25 10:20:00+05:30,646.54,646.54,646.54,646.54,130,26845
2026-02-25 10:21:00+05:30,647.2,647.2,646.79,646.79,520,26845
2026-02-25 10:22:00+05:30,649.25,652.1,649.25,652.1,455,27300
2026-02-25 10:23:00+05:30,652.1,652.1,652.1,652.1,0,27300
2026-02-25 10:24:00+05:30,652.1,652.1,652.1,652.1,0,27300
2026-02-25 10:25:00+05:30,652.1,652.1,652.1,652.1,0,27300
2026-02-25 10:26:00+05:30,647.1,649.0,647.1,648.25,455,27365
2026-02-25 10:27:00+05:30,650.9,650.9,648.35,650.29,780,27365
2026-02-25 10:28:00+05:30,650.29,650.29,650.29,650.29,0,27365
2026-02-25 10:29:00+05:30,650.29,650.29,650.29,650.29,0,27365
2026-02-25 10:30:00+05:30,650.0,650.0,650.0,650.0,260,28535
2026-02-25 10:31:00+05:30,647.25,648.29,647.25,648.29,130,28275
2026-02-25 10:32:00+05:30,651.29,651.29,651.29,651.29,65,28275
2026-02-25 10:33:00+05:30,651.29,651.29,651.29,651.29,0,28275
2026-02-25 10:34:00+05:30,651.29,651.29,651.29,651.29,0,28275
2026-02-25 10:35:00+05:30,651.29,651.29,651.29,651.29,0,28275
2026-02-25 10:36:00+05:30,658.5,659.85,658.35,659.7,260,28470
2026-02-25 10:37:00+05:30,649.9,649.9,649.9,649.9,65,28600
2026-02-25 10:38:00+05:30,649.9,649.9,649.9,649.9,0,28600
2026-02-25 10:39:00+05:30,642.9,642.9,640.75,640.75,390,28600
2026-02-25 10:40:00+05:30,640.75,640.75,640.75,640.75,0,28600
2026-02-25 10:41:00+05:30,640.75,640.75,640.75,640.75,0,28600
2026-02-25 10:42:00+05:30,643.4,643.4,643.4,643.4,130,28990
2026-02-25 10:43:00+05:30,639.95,640.9,637.95,640.75,260,28990
2026-02-25 10:44:00+05:30,638.95,638.95,638.95,638.95,65,29250
2026-02-25 10:45:00+05:30,638.35,638.35,638.35,638.35,65,29250
2026-02-25 10:46:00+05:30,639.0,639.0,639.0,639.0,130,29250
2026-02-25 10:47:00+05:30,639.15,639.15,639.15,639.15,130,29315
2026-02-25 10:48:00+05:30,639.15,639.15,639.15,639.15,0,29315
2026-02-25 10:49:00+05:30,639.15,639.15,639.15,639.15,0,29315
2026-02-25 10:50:00+05:30,633.1,633.1,633.1,633.1,65,29315
2026-02-25 10:51:00+05:30,636.95,639.0,636.95,637.4,390,29315
2026-02-25 10:52:00+05:30,637.4,637.4,637.4,637.4,0,29315
2026-02-25 10:53:00+05:30,630.29,630.35,630.29,630.35,130,29510
2026-02-25 10:54:00+05:30,630.35,630.35,630.35,630.35,0,29510
2026-02-25 10:55:00+05:30,630.35,630.35,630.35,630.35,0,29510
2026-02-25 10:56:00+05:30,625.2,625.35,623.0,623.0,715,29445
2026-02-25 10:57:00+05:30,630.95,631.4,630.95,631.4,325,29445
2026-02-25 10:58:00+05:30,631.4,631.4,631.4,631.4,0,29445
2026-02-25 10:59:00+05:30,631.4,631.4,631.4,631.4,0,29445
2026-02-25 11:00:00+05:30,631.4,631.4,631.4,631.4,0,29445
2026-02-25 11:01:00+05:30,629.85,629.85,629.85,629.85,65,28860
2026-02-25 11:02:00+05:30,629.85,629.85,629.85,629.85,0,28860
2026-02-25 11:03:00+05:30,628.2,628.2,628.2,628.2,65,28925
2026-02-25 11:04:00+05:30,629.54,629.54,629.54,629.54,65,28925
2026-02-25 11:05:00+05:30,620.15,620.15,620.15,620.15,65,28925
2026-02-25 11:06:00+05:30,620.15,620.15,620.15,620.15,0,28925
2026-02-25 11:07:00+05:30,620.15,620.15,620.15,620.15,0,28925
2026-02-25 11:08:00+05:30,620.15,620.15,620.15,620.15,0,28925
2026-02-25 11:09:00+05:30,620.15,620.15,620.15,620.15,0,28925
2026-02-25 11:10:00+05:30,620.15,620.15,620.15,620.15,0,28925
2026-02-25 11:11:00+05:30,620.15,620.15,620.15,620.15,0,28925
2026-02-25 11:12:00+05:30,620.15,620.15,620.15,620.15,0,28925
2026-02-25 11:13:00+05:30,620.2,620.2,618.5,618.5,390,28925
2026-02-25 11:14:00+05:30,618.5,618.5,618.5,618.5,0,28925
2026-02-25 11:15:00+05:30,621.45,621.45,621.45,621.45,65,28925
2026-02-25 11:16:00+05:30,621.45,621.45,621.45,621.45,0,28925
2026-02-25 11:17:00+05:30,621.45,621.45,621.45,621.45,0,28925
2026-02-25 11:18:00+05:30,621.45,621.45,621.45,621.45,0,28925
2026-02-25 11:19:00+05:30,621.45,621.45,621.45,621.45,0,28925
2026-02-25 11:20:00+05:30,621.45,621.45,621.45,621.45,0,28925
2026-02-25 11:21:00+05:30,621.45,621.45,621.45,621.45,0,28925
2026-02-25 11:22:00+05:30,610.0,610.0,610.0,610.0,65,28600
2026-02-25 11:23:00+05:30,610.29,610.29,610.29,610.29,65,28665
2026-02-25 11:24:00+05:30,610.29,610.29,610.29,610.29,0,28665
2026-02-25 11:25:00+05:30,610.29,610.29,610.29,610.29,0,28665
2026-02-25 11:26:00+05:30,620.04,620.15,617.79,617.79,715,28600
2026-02-25 11:27:00+05:30,616.0,616.0,616.0,616.0,195,28600
2026-02-25 11:28:00+05:30,616.0,616.0,616.0,616.0,0,28600
2026-02-25 11:29:00+05:30,616.0,616.0,616.0,616.0,0,28600
2026-02-25 11:30:00+05:30,616.0,616.0,616.0,616.0,0,28600
2026-02-25 11:31:00+05:30,616.0,616.0,616.0,616.0,0,28600
2026-02-25 11:32:00+05:30,616.0,616.0,616.0,616.0,0,28600
2026-02-25 11:33:00+05:30,613.45,613.5,613.45,613.5,325,29315
2026-02-25 11:34:00+05:30,613.5,613.5,613.5,613.5,0,29315
2026-02-25 11:35:00+05:30,617.04,617.04,617.04,617.04,65,29380
2026-02-25 11:36:00+05:30,619.1,619.9,619.1,619.9,260,29380
2026-02-25 11:37:00+05:30,619.9,619.9,619.9,619.9,0,29380
2026-02-25 11:38:00+05:30,616.04,616.04,616.04,616.04,130,29185
2026-02-25 11:39:00+05:30,616.04,616.04,616.04,616.04,0,29185
2026-02-25 11:40:00+05:30,613.65,613.65,612.95,612.95,130,29185
2026-02-25 11:41:00+05:30,612.95,612.95,612.95,612.95,0,29185
2026-02-25 11:42:00+05:30,612.95,612.95,612.95,612.95,0,29185
2026-02-25 11:43:00+05:30,612.95,612.95,612.95,612.95,0,29185
2026-02-25 11:44:00+05:30,612.95,612.95,612.95,612.95,0,29185
2026-02-25 11:45:00+05:30,612.95,612.95,612.95,612.95,0,29185
2026-02-25 11:46:00+05:30,612.95,612.95,612.95,612.95,0,29185
2026-02-25 11:47:00+05:30,623.95,626.45,622.2,622.2,390,29250
2026-02-25 11:48:00+05:30,619.54,619.54,619.54,619.54,65,29250
2026-02-25 11:49:00+05:30,619.54,619.54,619.54,619.54,0,29250
2026-02-25 11:50:00+05:30,619.54,619.54,619.54,619.54,0,29250
2026-02-25 11:51:00+05:30,619.54,619.54,619.54,619.54,0,29250
2026-02-25 11:52:00+05:30,617.29,617.29,617.29,617.29,65,29445
2026-02-25 11:53:00+05:30,617.29,617.29,617.29,617.29,0,29445
2026-02-25 11:54:00+05:30,617.29,617.29,617.29,617.29,0,29445
2026-02-25 11:55:00+05:30,605.25,605.25,605.25,605.25,260,29445
2026-02-25 11:56:00+05:30,605.25,605.25,605.25,605.25,0,29445
2026-02-25 11:57:00+05:30,604.35,604.35,604.35,604.35,65,29185
2026-02-25 11:58:00+05:30,604.35,604.35,604.35,604.35,0,29185
2026-02-25 11:59:00+05:30,596.04,596.04,596.04,596.04,65,29250
2026-02-25 12:00:00+05:30,596.04,596.04,596.04,596.04,0,29250
2026-02-25 12:01:00+05:30,596.04,596.04,596.04,596.04,0,29250
2026-02-25 12:02:00+05:30,596.04,596.04,596.04,596.04,0,29250
2026-02-25 12:03:00+05:30,604.15,612.1,604.15,612.1,325,29315
2026-02-25 12:04:00+05:30,609.79,609.79,609.79,609.79,65,29315
2026-02-25 12:05:00+05:30,610.35,610.35,610.29,610.29,130,29445
2026-02-25 12:06:00+05:30,610.29,610.29,610.29,610.29,0,29445
2026-02-25 12:07:00+05:30,610.29,610.29,610.29,610.29,0,29445
2026-02-25 12:08:00+05:30,606.29,606.29,606.29,606.29,65,29445
2026-02-25 12:09:00+05:30,606.29,606.29,606.29,606.29,0,29445
2026-02-25 12:10:00+05:30,609.9,609.9,609.9,609.9,65,29445
2026-02-25 12:11:00+05:30,609.9,609.9,609.9,609.9,0,29445
2026-02-25 12:12:00+05:30,612.25,612.75,612.25,612.75,260,29445
2026-02-25 12:13:00+05:30,612.75,612.75,612.75,612.75,0,29445
2026-02-25 12:14:00+05:30,612.75,612.75,612.75,612.75,0,29445
2026-02-25 12:15:00+05:30,612.75,612.75,612.75,612.75,0,29445
2026-02-25 12:16:00+05:30,612.75,612.75,612.75,612.75,0,29445
2026-02-25 12:17:00+05:30,612.75,612.75,612.75,612.75,0,29445
2026-02-25 12:18:00+05:30,612.75,612.75,612.75,612.75,0,29445
2026-02-25 12:19:00+05:30,612.75,612.75,612.75,612.75,0,29445
2026-02-25 12:20:00+05:30,608.54,608.54,608.54,608.54,65,29445
2026-02-25 12:21:00+05:30,608.54,608.54,608.54,608.54,0,29445
2026-02-25 12:22:00+05:30,608.54,608.54,608.54,608.54,0,29445
2026-02-25 12:23:00+05:30,595.85,600.45,595.85,600.45,195,29510
2026-02-25 12:24:00+05:30,599.25,599.25,599.25,599.25,65,29510
2026-02-25 12:25:00+05:30,599.25,599.25,599.25,599.25,0,29510
2026-02-25 12:26:00+05:30,599.25,599.25,599.25,599.25,0,29510
2026-02-25 12:27:00+05:30,598.2,598.2,598.2,598.2,65,29510
2026-02-25 12:28:00+05:30,598.2,598.2,598.2,598.2,0,29510
2026-02-25 12:29:00+05:30,598.2,598.2,598.2,598.2,0,29510
2026-02-25 12:30:00+05:30,598.2,598.2,598.2,598.2,0,29510
2026-02-25 12:31:00+05:30,592.25,594.6,590.0,590.0,520,29380
2026-02-25 12:32:00+05:30,588.79,588.79,580.0,580.0,1040,29640
2026-02-25 12:33:00+05:30,566.45,566.45,557.0,557.0,195,29640
2026-02-25 12:34:00+05:30,542.25,544.29,538.79,538.79,650,29900
2026-02-25 12:35:00+05:30,533.0,533.0,527.4,527.4,130,29900
2026-02-25 12:36:00+05:30,528.54,528.54,514.75,514.75,845,29900
2026-02-25 12:37:00+05:30,516.25,521.04,512.0,517.1,2470,30485
2026-02-25 12:38:00+05:30,513.9,529.75,513.9,529.0,2015,30485
2026-02-25 12:39:00+05:30,527.0,527.0,525.45,525.45,195,30485
2026-02-25 12:40:00+05:30,526.54,526.54,520.0,520.0,195,30485
2026-02-25 12:41:00+05:30,526.6,526.6,523.85,525.04,325,31655
2026-02-25 12:42:00+05:30,520.0,521.29,517.15,521.29,585,31655
2026-02-25 12:43:00+05:30,522.1,522.1,515.04,515.04,520,31655
2026-02-25 12:44:00+05:30,517.35,517.95,504.15,506.95,1040,31720
2026-02-25 12:45:00+05:30,499.1,499.95,494.45,495.35,1560,31720
2026-02-25 12:46:00+05:30,495.9,500.15,491.8,494.1,1820,31720
2026-02-25 12:47:00+05:30,496.05,500.65,489.15,490.2,1625,32565
2026-02-25 12:48:00+05:30,490.5,490.75,480.85,482.2,1690,32565
2026-02-25 12:49:00+05:30,481.9,481.9,473.45,473.45,845,33540
2026-02-25 12:50:00+05:30,470.8,490.6,470.25,482.25,715,33540
2026-02-25 12:51:00+05:30,480.2,483.6,480.15,482.4,585,33540
2026-02-25 12:52:00+05:30,490.25,493.65,490.25,493.45,1625,33540
2026-02-25 12:53:00+05:30,492.9,493.7,490.25,493.0,715,33995
2026-02-25 12:54:00+05:30,486.45,486.45,486.45,486.45,130,33995
2026-02-25 12:55:00+05:30,484.1,492.0,481.4,492.0,715,33995
2026-02-25 12:56:00+05:30,489.75,491.85,489.5,490.95,780,33995
2026-02-25 12:57:00+05:30,485.2,485.2,481.3,481.3,390,33995
2026-02-25 12:58:00+05:30,481.5,482.1,475.7,476.75,520,33995
2026-02-25 12:59:00+05:30,479.35,479.45,476.6,479.2,585,33150
2026-02-25 13:00:00+05:30,476.75,476.75,463.0,464.05,650,33150
2026-02-25 13:01:00+05:30,467.95,468.25,457.2,458.45,910,33150
2026-02-25 13:02:00+05:30,461.15,461.15,455.85,455.85,715,33280
2026-02-25 13:03:00+05:30,456.95,464.55,456.95,461.9,4355,33280
2026-02-25 13:04:00+05:30,470.4,474.1,470.35,472.7,975,33280
2026-02-25 13:05:00+05:30,470.6,470.6,466.35,466.35,325,32890
2026-02-25 13:06:00+05:30,460.75,478.95,460.75,478.35,2275,32890
2026-02-25 13:07:00+05:30,477.6,477.75,472.0,472.0,845,32890
2026-02-25 13:08:00+05:30,472.0,472.0,472.0,472.0,0,32890
2026-02-25 13:09:00+05:30,472.0,472.0,472.0,472.0,0,32890
2026-02-25 13:10:00+05:30,472.0,472.0,472.0,472.0,0,32890
2026-02-25 13:11:00+05:30,483.45,483.75,479.45,479.45,910,32890
2026-02-25 13:12:00+05:30,479.55,482.4,479.15,481.8,975,32890
2026-02-25 13:13:00+05:30,482.7,482.7,474.6,475.05,325,32890
2026-02-25 13:14:00+05:30,475.05,475.05,475.05,475.05,0,32890
2026-02-25 13:15:00+05:30,471.75,475.0,471.4,475.0,1885,33085
2026-02-25 13:16:00+05:30,474.85,479.7,470.2,479.7,2990,33085
2026-02-25 13:17:00+05:30,476.95,477.05,474.8,477.05,390,32305
2026-02-25 13:18:00+05:30,477.05,477.05,477.05,477.05,0,32305
2026-02-25 13:19:00+05:30,484.35,485.95,484.35,485.8,3250,32305
2026-02-25 13:20:00+05:30,486.95,487.15,485.0,485.0,585,32890
2026-02-25 13:21:00+05:30,481.95,481.95,480.35,480.35,520,32890
2026-02-25 13:22:00+05:30,479.25,479.25,476.4,476.4,455,32890
2026-02-25 13:23:00+05:30,474.15,474.15,474.15,474.15,65,32760
2026-02-25 13:24:00+05:30,467.25,467.25,466.85,466.85,390,32760
2026-02-25 13:25:00+05:30,468.0,468.05,468.0,468.05,260,32760
2026-02-25 13:26:00+05:30,460.0,460.0,460.0,460.0,195,32825
2026-02-25 13:27:00+05:30,454.2,454.2,446.6,446.6,390,32825
2026-02-25 13:28:00+05:30,467.4,468.75,462.95,464.2,520,32825
2026-02-25 13:29:00+05:30,466.15,469.45,466.15,469.45,195,32825
2026-02-25 13:30:00+05:30,476.85,476.85,475.5,475.5,520,33085
2026-02-25 13:31:00+05:30,479.05,479.55,477.9,479.55,650,33085
2026-02-25 13:32:00+05:30,473.3,473.3,470.7,470.7,130,33280
2026-02-25 13:33:00+05:30,470.7,470.7,470.7,470.7,0,33280
2026-02-25 13:34:00+05:30,470.35,470.35,470.35,470.35,65,33280
2026-02-25 13:35:00+05:30,469.9,469.9,469.9,469.9,195,33150
2026-02-25 13:36:00+05:30,474.2,474.75,472.1,474.65,520,33150
2026-02-25 13:37:00+05:30,475.65,476.55,474.3,475.8,390,33150
2026-02-25 13:38:00+05:30,479.05,479.05,472.25,472.25,195,32955
2026-02-25 13:39:00+05:30,470.95,471.55,468.75,468.75,650,32955
2026-02-25 13:40:00+05:30,471.75,471.75,471.75,471.75,65,32955
2026-02-25 13:41:00+05:30,465.95,466.7,465.95,466.65,390,33280
2026-02-25 13:42:00+05:30,474.6,474.75,470.0,470.0,650,33280
2026-02-25 13:43:00+05:30,470.0,470.0,470.0,470.0,0,33280
2026-02-25 13:44:00+05:30,470.0,470.0,470.0,470.0,0,33280
2026-02-25 13:45:00+05:30,462.85,462.85,459.1,459.8,780,33085
2026-02-25 13:46:00+05:30,464.25,464.25,462.3,462.3,455,33085
2026-02-25 13:47:00+05:30,461.0,461.0,461.0,461.0,65,33085
2026-02-25 13:48:00+05:30,477.4,480.1,477.4,478.5,325,32760
2026-02-25 13:49:00+05:30,478.5,478.5,478.5,478.5,0,32760
2026-02-25 13:50:00+05:30,478.4,479.7,477.3,479.7,195,32825
2026-02-25 13:51:00+05:30,474.2,474.2,473.55,473.55,390,32825
2026-02-25 13:52:00+05:30,473.6,475.55,473.6,475.55,260,32825
2026-02-25 13:53:00+05:30,475.2,479.8,475.2,479.8,195,32305
2026-02-25 13:54:00+05:30,482.05,482.05,482.05,482.05,65,32305
2026-02-25 13:55:00+05:30,476.9,476.9,476.9,476.9,65,32305
2026-02-25 13:56:00+05:30,476.9,476.9,476.9,476.9,0,32305
2026-02-25 13:57:00+05:30,476.9,476.9,476.9,476.9,0,32305
2026-02-25 13:58:00+05:30,481.9,481.9,481.9,481.9,65,32370
2026-02-25 13:59:00+05:30,475.0,475.1,475.0,475.1,130,32435
2026-02-25 14:00:00+05:30,479.85,479.85,479.85,479.85,325,32435
2026-02-25 14:01:00+05:30,468.35,475.0,466.2,472.15,845,32435
2026-02-25 14:02:00+05:30,471.05,471.05,471.05,471.05,65,32565
2026-02-25 14:03:00+05:30,457.75,457.75,453.6,454.05,2080,32565
2026-02-25 14:04:00+05:30,453.2,457.2,451.0,457.2,2340,32565
2026-02-25 14:05:00+05:30,459.9,461.6,459.9,461.6,520,34580
2026-02-25 14:06:00+05:30,461.7,461.7,459.2,459.2,260,34580
2026-02-25 14:07:00+05:30,446.65,450.0,445.8,450.0,650,34580
2026-02-25 14:08:00+05:30,459.2,459.2,459.2,459.2,130,34970
2026-02-25 14:09:00+05:30,455.0,455.0,455.0,455.0,65,34970
2026-02-25 14:10:00+05:30,454.0,454.0,454.0,454.0,195,34970
2026-02-25 14:11:00+05:30,463.9,471.2,463.7,471.2,390,35165
2026-02-25 14:12:00+05:30,472.0,475.9,472.0,475.9,260,35165
2026-02-25 14:13:00+05:30,469.65,469.65,469.65,469.65,65,35165
2026-02-25 14:14:00+05:30,466.8,469.45,466.8,469.45,260,35165
2026-02-25 14:15:00+05:30,469.45,469.45,469.45,469.45,0,35165
2026-02-25 14:16:00+05:30,472.9,472.9,472.8,472.8,130,35165
2026-02-25 14:17:00+05:30,474.85,479.0,473.75,479.0,6630,35295
2026-02-25 14:18:00+05:30,479.3,489.75,478.7,489.75,6890,35295
2026-02-25 14:19:00+05:30,492.9,498.05,490.15,492.0,1495,35295
2026-02-25 14:20:00+05:30,490.0,494.8,490.0,494.8,455,30745
2026-02-25 14:21:00+05:30,493.25,493.25,493.25,493.25,65,30745
2026-02-25 14:22:00+05:30,495.65,499.6,492.35,492.35,780,30745
2026-02-25 14:23:00+05:30,491.35,496.7,489.3,496.7,910,30745
2026-02-25 14:24:00+05:30,488.8,488.8,482.35,482.4,325,30745
2026-02-25 14:25:00+05:30,480.65,483.7,476.9,476.9,390,30745
2026-02-25 14:26:00+05:30,476.9,476.9,476.9,476.9,0,30745
2026-02-25 14:27:00+05:30,480.85,480.85,474.7,474.7,325,30875
2026-02-25 14:28:00+05:30,471.35,473.9,466.1,468.3,780,30875
2026-02-25 14:29:00+05:30,466.4,472.3,466.4,472.3,455,31070
2026-02-25 14:30:00+05:30,473.45,473.95,473.45,473.95,260,31070
2026-02-25 14:31:00+05:30,478.85,488.25,478.85,486.2,845,31070
2026-02-25 14:32:00+05:30,486.25,487.6,485.7,485.7,780,31070
2026-02-25 14:33:00+05:30,480.15,480.15,480.15,480.15,65,31265
2026-02-25 14:34:00+05:30,482.1,482.1,480.65,480.65,195,31265
2026-02-25 14:35:00+05:30,486.2,486.2,482.6,482.6,130,31265
2026-02-25 14:36:00+05:30,482.6,482.6,482.6,482.6,0,31265
2026-02-25 14:37:00+05:30,486.55,486.55,485.0,485.45,260,31265
2026-02-25 14:38:00+05:30,485.2,485.2,485.2,485.2,65,31265
2026-02-25 14:39:00+05:30,485.2,485.2,485.2,485.2,0,31265
2026-02-25 14:40:00+05:30,485.2,485.2,485.2,485.2,0,31265
2026-02-25 14:41:00+05:30,480.0,482.95,480.0,482.3,325,31330
2026-02-25 14:42:00+05:30,481.2,481.25,470.0,470.0,520,31330
2026-02-25 14:43:00+05:30,472.3,479.0,470.3,478.95,520,31330
2026-02-25 14:44:00+05:30,475.0,479.0,475.0,479.0,325,31720
2026-02-25 14:45:00+05:30,482.0,482.0,482.0,482.0,65,31720
2026-02-25 14:46:00+05:30,482.0,482.0,482.0,482.0,0,31720
2026-02-25 14:47:00+05:30,471.45,471.5,467.15,467.15,325,31590
2026-02-25 14:48:00+05:30,466.0,466.0,460.0,460.0,325,31590
2026-02-25 14:49:00+05:30,462.5,465.7,460.8,460.8,260,31590
2026-02-25 14:50:00+05:30,461.55,461.55,461.55,461.55,130,31590
2026-02-25 14:51:00+05:30,460.65,460.7,459.2,460.7,390,31590
2026-02-25 14:52:00+05:30,463.4,463.4,457.55,457.55,650,31590
2026-02-25 14:53:00+05:30,453.75,454.4,453.75,454.4,130,31590
2026-02-25 14:54:00+05:30,457.15,464.3,456.85,464.15,390,31655
2026-02-25 14:55:00+05:30,469.55,469.55,469.5,469.5,195,31655
2026-02-25 14:56:00+05:30,469.5,469.5,469.5,469.5,0,31655
2026-02-25 14:57:00+05:30,465.0,465.0,460.15,460.15,195,32240
2026-02-25 14:58:00+05:30,469.4,470.95,469.25,470.95,325,32240
2026-02-25 14:59:00+05:30,470.95,470.95,470.95,470.95,0,32240
2026-02-25 15:00:00+05:30,486.0,500.45,486.0,495.0,975,31980
2026-02-25 15:01:00+05:30,493.95,493.95,481.7,492.15,845,31980
2026-02-25 15:02:00+05:30,498.65,501.0,496.05,501.0,1105,31980
2026-02-25 15:03:00+05:30,503.0,503.0,499.2,501.85,390,31135
2026-02-25 15:04:00+05:30,509.95,509.95,500.7,500.7,325,31135
2026-02-25 15:05:00+05:30,489.2,489.2,486.85,486.85,195,31135
2026-02-25 15:06:00+05:30,490.9,491.15,485.95,491.15,455,30745
2026-02-25 15:07:00+05:30,491.65,501.65,491.65,501.0,260,30745
2026-02-25 15:08:00+05:30,503.05,503.55,499.6,499.65,455,30745
2026-02-25 15:09:00+05:30,493.1,493.15,489.35,489.7,585,30290
2026-02-25 15:10:00+05:30,489.7,489.7,489.7,489.7,0,30290
2026-02-25 15:11:00+05:30,481.5,482.3,481.5,481.8,325,30030
2026-02-25 15:12:00+05:30,481.8,481.8,481.8,481.8,0,30030
2026-02-25 15:13:00+05:30,489.35,492.0,485.15,492.0,585,30030
2026-02-25 15:14:00+05:30,486.25,487.25,485.3,487.25,455,30030
2026-02-25 15:15:00+05:30,488.45,490.3,488.45,489.5,325,30030
2026-02-25 15:16:00+05:30,486.45,487.05,486.45,487.05,130,30030
2026-02-25 15:17:00+05:30,492.1,492.1,489.05,490.85,260,30095
2026-02-25 15:18:00+05:30,487.8,489.1,487.35,488.35,520,30095
2026-02-25 15:19:00+05:30,488.35,488.35,488.35,488.35,0,30095
2026-02-25 15:20:00+05:30,493.65,493.65,490.15,490.15,260,30095
2026-02-25 15:21:00+05:30,488.65,488.65,488.65,488.65,65,30290
2026-02-25 15:22:00+05:30,494.0,494.0,492.45,492.45,260,30290
2026-02-25 15:23:00+05:30,490.65,492.6,490.65,492.6,325,30290
2026-02-25 15:24:00+05:30,489.85,492.1,489.2,489.55,715,30615
2026-02-25 15:25:00+05:30,490.9,490.9,490.35,490.35,130,30615
2026-02-25 15:26:00+05:30,491.8,493.9,491.8,493.9,260,30355
2026-02-25 15:27:00+05:30,490.9,491.05,490.9,491.05,195,30355
2026-02-25 15:28:00+05:30,490.85,491.15,490.85,491.15,195,30355
2026-02-25 15:29:00+05:30,492.55,494.9,491.65,493.05,1755,29900
2026-02-26 09:15:00+05:30,545.45,560.0,545.45,560.0,2470,27040
2026-02-26 09:16:00+05:30,555.25,555.25,538.25,542.0,1430,27040
2026-02-26 09:17:00+05:30,535.35,535.35,535.35,535.35,195,27040
2026-02-26 09:18:00+05:30,546.5,546.5,525.75,526.1,520,26260
2026-02-26 09:19:00+05:30,535.5,535.65,535.5,535.65,195,26260
2026-02-26 09:20:00+05:30,533.75,537.05,530.95,530.95,260,26260
2026-02-26 09:21:00+05:30,520.1,520.1,511.7,511.7,195,26260
2026-02-26 09:22:00+05:30,511.75,511.75,500.9,508.8,650,26585
2026-02-26 09:23:00+05:30,508.6,516.95,508.1,516.95,520,26585
2026-02-26 09:24:00+05:30,503.45,503.45,501.2,501.9,260,26585
2026-02-26 09:25:00+05:30,502.0,506.25,499.0,499.0,260,26975
2026-02-26 09:26:00+05:30,506.35,506.35,506.35,506.35,65,26975
2026-02-26 09:27:00+05:30,504.55,510.95,504.35,510.95,260,26975
2026-02-26 09:28:00+05:30,512.6,512.6,503.2,503.2,195,27170
2026-02-26 09:29:00+05:30,506.2,506.2,506.2,506.2,65,27170
2026-02-26 09:30:00+05:30,505.75,512.6,505.75,512.6,325,27170
2026-02-26 09:31:00+05:30,500.0,500.0,491.95,491.95,130,27300
2026-02-26 09:32:00+05:30,498.45,498.45,498.45,498.45,65,27300
2026-02-26 09:33:00+05:30,505.0,509.8,503.15,509.8,195,27300
2026-02-26 09:34:00+05:30,511.35,511.35,511.35,511.35,65,27495
2026-02-26 09:35:00+05:30,521.7,521.7,521.7,521.7,65,27495
2026-02-26 09:36:00+05:30,527.9,530.4,526.2,530.4,390,27495
2026-02-26 09:37:00+05:30,528.35,532.85,528.35,532.85,195,27560
2026-02-26 09:38:00+05:30,537.65,542.5,537.65,542.05,650,27560
2026-02-26 09:39:00+05:30,548.1,548.1,542.85,544.9,455,27560
2026-02-26 09:40:00+05:30,554.3,554.4,553.75,553.75,325,27755
2026-02-26 09:41:00+05:30,555.2,555.2,548.6,548.6,130,27755
2026-02-26 09:42:00+05:30,540.45,547.35,540.45,547.35,195,27755
2026-02-26 09:43:00+05:30,540.45,543.15,540.45,543.15,130,27755
2026-02-26 09:44:00+05:30,555.9,555.9,555.0,555.0,260,28145
2026-02-26 09:45:00+05:30,557.15,563.0,555.45,563.0,325,28145
2026-02-26 09:46:00+05:30,554.0,554.0,544.3,547.65,715,28080
2026-02-26 09:47:00+05:30,546.0,556.4,546.0,554.15,390,28080
2026-02-26 09:48:00+05:30,558.75,560.8,558.75,560.8,130,28080
2026-02-26 09:49:00+05:30,555.0,555.0,555.0,555.0,65,28080
2026-02-26 09:50:00+05:30,555.0,555.0,555.0,555.0,0,28080
2026-02-26 09:51:00+05:30,546.75,546.75,546.75,546.75,65,28080
2026-02-26 09:52:00+05:30,550.0,550.0,550.0,550.0,130,27690
2026-02-26 09:53:00+05:30,536.8,536.8,529.05,529.05,455,27690
2026-02-26 09:54:00+05:30,529.55,529.55,507.5,507.5,715,27690
2026-02-26 09:55:00+05:30,504.8,508.25,495.25,496.2,585,27950
2026-02-26 09:56:00+05:30,514.25,514.35,510.6,513.4,650,27950
2026-02-26 09:57:00+05:30,512.1,512.1,508.0,508.0,130,27950
2026-02-26 09:58:00+05:30,500.0,500.0,500.0,500.0,65,28665
2026-02-26 09:59:00+05:30,496.6,496.8,496.6,496.8,325,28665
2026-02-26 10:00:00+05:30,515.0,515.0,508.35,508.35,260,28665
2026-02-26 10:01:00+05:30,513.8,523.65,513.8,523.65,130,28340
2026-02-26 10:02:00+05:30,523.65,523.65,523.65,523.65,0,28340
2026-02-26 10:03:00+05:30,520.75,530.3,520.75,530.3,975,28340
2026-02-26 10:04:00+05:30,529.55,540.0,529.55,540.0,520,28210
2026-02-26 10:05:00+05:30,540.8,540.8,537.5,537.5,130,28210
2026-02-26 10:06:00+05:30,549.15,549.15,549.15,549.15,65,28210
2026-02-26 10:07:00+05:30,559.95,561.5,559.4,559.95,325,28470
2026-02-26 10:08:00+05:30,562.25,562.25,552.6,557.15,455,28470
2026-02-26 10:09:00+05:30,559.15,559.15,552.8,557.2,390,28470
2026-02-26 10:10:00+05:30,557.2,557.2,557.2,557.2,0,28470
2026-02-26 10:11:00+05:30,575.55,575.55,571.15,571.15,390,28470
2026-02-26 10:12:00+05:30,560.9,564.1,560.9,564.1,130,28470
2026-02-26 10:13:00+05:30,564.1,564.1,564.1,564.1,0,28470
2026-02-26 10:14:00+05:30,561.4,561.4,558.05,558.95,260,28535
2026-02-26 10:15:00+05:30,559.7,562.5,559.7,562.5,325,28535
2026-02-26 10:16:00+05:30,546.95,546.95,544.1,545.65,325,28535
2026-02-26 10:17:00+05:30,553.95,555.45,553.95,555.45,130,28535
2026-02-26 10:18:00+05:30,555.45,555.45,555.45,555.45,0,28535
2026-02-26 10:19:00+05:30,555.45,555.45,555.45,555.45,0,28535
2026-02-26 10:20:00+05:30,555.45,555.45,555.45,555.45,0,28535
2026-02-26 10:21:00+05:30,539.2,543.55,538.9,541.75,520,28600
2026-02-26 10:22:00+05:30,544.45,544.45,539.3,539.3,195,28730
2026-02-26 10:23:00+05:30,539.3,539.3,539.3,539.3,0,28730
2026-02-26 10:24:00+05:30,534.8,534.8,534.8,534.8,130,28730
2026-02-26 10:25:00+05:30,534.8,534.8,534.8,534.8,0,28730
2026-02-26 10:26:00+05:30,539.85,541.85,539.85,541.3,390,28925
2026-02-26 10:27:00+05:30,540.7,540.9,540.7,540.9,195,28925
2026-02-26 10:28:00+05:30,540.9,540.9,540.9,540.9,0,28925
2026-02-26 10:29:00+05:30,515.45,519.35,515.45,519.35,390,29250
2026-02-26 10:30:00+05:30,520.6,520.7,519.55,520.7,195,29250
2026-02-26 10:31:00+05:30,522.8,523.65,521.8,521.8,260,29250
2026-02-26 10:32:00+05:30,528.95,528.95,528.95,528.95,65,29250
2026-02-26 10:33:00+05:30,522.0,523.45,521.05,523.45,195,29250
2026-02-26 10:34:00+05:30,538.6,538.6,538.6,538.6,65,29250
2026-02-26 10:35:00+05:30,519.35,519.35,519.3,519.3,130,29315
2026-02-26 10:36:00+05:30,527.05,527.05,521.15,521.15,195,29315
2026-02-26 10:37:00+05:30,520.3,524.7,517.7,524.7,390,29510
2026-02-26 10:38:00+05:30,514.9,514.9,514.9,514.9,65,29510
2026-02-26 10:39:00+05:30,517.4,517.45,517.4,517.45,585,29510
2026-02-26 10:40:00+05:30,517.0,517.0,517.0,517.0,65,29510
2026-02-26 10:41:00+05:30,516.5,516.5,515.65,515.65,260,29510
2026-02-26 10:42:00+05:30,515.65,515.65,515.65,515.65,0,29510
2026-02-26 10:43:00+05:30,528.2,528.2,528.2,528.2,65,29510
2026-02-26 10:44:00+05:30,528.2,528.2,528.2,528.2,0,29510
2026-02-26 10:45:00+05:30,528.2,528.2,528.2,528.2,0,29510
2026-02-26 10:46:00+05:30,525.4,525.4,524.8,524.8,130,29640
2026-02-26 10:47:00+05:30,526.9,526.9,525.15,525.15,195,29705
2026-02-26 10:48:00+05:30,535.25,535.25,535.25,535.25,65,29705
2026-02-26 10:49:00+05:30,536.6,536.6,536.6,536.6,130,29900
2026-02-26 10:50:00+05:30,533.6,533.6,533.6,533.6,65,29900
2026-02-26 10:51:00+05:30,533.75,535.1,533.1,535.1,455,29900
2026-02-26 10:52:00+05:30,531.2,531.2,521.2,521.2,260,30225
2026-02-26 10:53:00+05:30,521.2,521.2,521.2,521.2,0,30225
2026-02-26 10:54:00+05:30,521.0,521.0,520.45,520.45,130,30225
2026-02-26 10:55:00+05:30,514.95,514.95,514.95,514.95,65,30225
2026-02-26 10:56:00+05:30,505.0,505.8,500.0,505.4,520,30290
2026-02-26 10:57:00+05:30,501.6,509.55,500.75,509.55,325,30290
2026-02-26 10:58:00+05:30,509.55,509.55,509.55,509.55,0,30290
2026-02-26 10:59:00+05:30,498.05,500.45,498.05,499.1,780,30810
2026-02-26 11:00:00+05:30,496.65,496.65,494.0,494.0,390,30810
2026-02-26 11:01:00+05:30,489.1,489.45,480.8,489.15,715,32045
2026-02-26 11:02:00+05:30,486.6,494.25,486.55,494.25,260,32045
2026-02-26 11:03:00+05:30,496.3,502.15,495.7,502.15,650,32045
2026-02-26 11:04:00+05:30,506.35,510.6,504.75,508.1,585,32175
2026-02-26 11:05:00+05:30,502.2,502.2,502.2,502.2,260,32175
2026-02-26 11:06:00+05:30,502.2,502.2,502.2,502.2,0,32175
2026-02-26 11:07:00+05:30,502.2,502.2,502.2,502.2,0,32175
2026-02-26 11:08:00+05:30,505.05,505.05,504.35,504.35,260,32630
2026-02-26 11:09:00+05:30,504.35,504.35,504.35,504.35,0,32630
2026-02-26 11:10:00+05:30,502.45,510.4,502.45,510.4,325,32370
2026-02-26 11:11:00+05:30,510.4,510.4,510.4,510.4,0,32370
2026-02-26 11:12:00+05:30,510.4,510.4,510.4,510.4,0,32370
2026-02-26 11:13:00+05:30,510.4,510.4,510.4,510.4,0,32370
2026-02-26 11:14:00+05:30,510.4,510.4,510.4,510.4,0,32370
2026-02-26 11:15:00+05:30,513.65,513.65,513.65,513.65,65,32370
2026-02-26 11:16:00+05:30,510.2,510.2,510.2,510.2,65,32435
2026-02-26 11:17:00+05:30,512.5,512.5,512.5,512.5,195,32435
2026-02-26 11:18:00+05:30,521.3,526.4,521.3,523.5,390,32435
2026-02-26 11:19:00+05:30,527.4,527.4,526.75,526.75,260,32435
2026-02-26 11:20:00+05:30,519.55,522.05,519.55,522.05,130,32175
2026-02-26 11:21:00+05:30,519.45,519.8,519.45,519.8,195,32175
2026-02-26 11:22:00+05:30,525.55,525.55,523.8,523.8,260,32175
2026-02-26 11:23:00+05:30,523.8,523.8,523.8,523.8,0,32175
2026-02-26 11:24:00+05:30,530.7,530.75,529.9,529.9,455,32305
2026-02-26 11:25:00+05:30,539.95,555.0,539.95,555.0,130,32240
2026-02-26 11:26:00+05:30,557.0,563.6,556.0,563.6,390,32240
2026-02-26 11:27:00+05:30,561.85,562.3,544.0,545.95,1170,32240
2026-02-26 11:28:00+05:30,545.95,545.95,545.95,545.95,0,32240
2026-02-26 11:29:00+05:30,529.3,529.3,529.3,529.3,65,32240
2026-02-26 11:30:00+05:30,525.2,525.2,525.2,525.2,65,32240
2026-02-26 11:31:00+05:30,525.3,530.6,525.3,530.6,325,32240
2026-02-26 11:32:00+05:30,527.25,527.25,527.25,527.25,65,32110
2026-02-26 11:33:00+05:30,527.25,527.25,527.25,527.25,0,32110
2026-02-26 11:34:00+05:30,527.25,527.25,527.25,527.25,0,32110
2026-02-26 11:35:00+05:30,527.25,527.25,527.25,527.25,0,32110
2026-02-26 11:36:00+05:30,510.15,510.15,510.15,510.15,65,31590
2026-02-26 11:37:00+05:30,514.0,514.0,506.0,507.9,520,31850
2026-02-26 11:38:00+05:30,505.15,505.15,500.85,500.85,715,31850
2026-02-26 11:39:00+05:30,499.4,499.4,494.2,496.75,650,31850
2026-02-26 11:40:00+05:30,496.25,496.25,481.2,481.2,195,32760
2026-02-26 11:41:00+05:30,477.95,478.75,477.95,478.0,195,32760
2026-02-26 11:42:00+05:30,471.45,474.05,465.7,465.9,2470,32760
2026-02-26 11:43:00+05:30,467.55,467.9,467.55,467.9,520,32760
2026-02-26 11:44:00+05:30,466.35,466.6,459.15,459.15,780,32955
2026-02-26 11:45:00+05:30,460.35,464.3,450.0,464.0,2080,32955
2026-02-26 11:46:00+05:30,462.5,466.15,462.5,466.15,130,34775
2026-02-26 11:47:00+05:30,466.15,466.15,463.1,464.95,715,34775
2026-02-26 11:48:00+05:30,471.05,473.9,471.05,473.4,455,34775
2026-02-26 11:49:00+05:30,472.0,472.05,469.85,472.05,260,34060
2026-02-26 11:50:00+05:30,469.4,474.4,469.4,473.65,195,34060
2026-02-26 11:51:00+05:30,471.05,471.9,470.15,471.9,195,34060
2026-02-26 11:52:00+05:30,473.95,475.05,473.95,474.1,390,34125
2026-02-26 11:53:00+05:30,471.8,471.8,460.0,460.0,520,34125
2026-02-26 11:54:00+05:30,460.95,462.2,459.05,462.2,325,34125
2026-02-26 11:55:00+05:30,462.95,462.95,460.0,460.0,390,34125
2026-02-26 11:56:00+05:30,459.1,459.1,450.0,450.0,520,33670
2026-02-26 11:57:00+05:30,449.55,451.25,446.6,446.6,1365,33670
2026-02-26 11:58:00+05:30,448.5,458.0,448.35,453.05,455,33605
2026-02-26 11:59:00+05:30,453.0,453.0,450.0,450.0,325,33605
2026-02-26 12:00:00+05:30,448.95,454.7,448.95,454.7,520,33605
2026-02-26 12:01:00+05:30,450.0,450.0,446.7,449.55,585,33670
2026-02-26 12:02:00+05:30,449.85,461.3,449.55,457.4,975,33670
2026-02-26 12:03:00+05:30,451.15,451.15,451.15,451.15,65,33670
2026-02-26 12:04:00+05:30,457.65,457.65,457.65,457.65,65,33670
2026-02-26 12:05:00+05:30,458.3,459.75,458.3,459.75,455,33605
2026-02-26 12:06:00+05:30,460.2,460.2,457.0,457.0,260,33605
2026-02-26 12:07:00+05:30,457.0,457.0,457.0,457.0,0,33605
2026-02-26 12:08:00+05:30,457.8,462.5,457.8,462.5,130,33800
2026-02-26 12:09:00+05:30,460.0,460.0,460.0,460.0,130,33800
2026-02-26 12:10:00+05:30,458.15,458.15,458.15,458.15,65,33800
2026-02-26 12:11:00+05:30,457.9,457.9,457.5,457.5,130,33930
2026-02-26 12:12:00+05:30,457.5,457.5,457.5,457.5,0,33930
2026-02-26 12:13:00+05:30,455.05,456.2,448.05,448.05,325,33670
2026-02-26 12:14:00+05:30,452.35,452.35,452.35,452.35,65,33670
2026-02-26 12:15:00+05:30,449.75,449.75,449.3,449.3,130,33670
2026-02-26 12:16:00+05:30,454.5,454.5,454.5,454.5,65,33735
2026-02-26 12:17:00+05:30,455.75,455.75,453.45,453.45,130,33735
2026-02-26 12:18:00+05:30,451.7,453.25,451.7,453.25,130,33735
2026-02-26 12:19:00+05:30,450.35,450.35,438.85,448.5,1560,34515
2026-02-26 12:20:00+05:30,447.15,447.3,431.85,431.85,1170,34515
2026-02-26 12:21:00+05:30,438.55,438.9,428.35,428.55,1300,34515
2026-02-26 12:22:00+05:30,429.8,433.65,411.0,411.0,7085,36465
2026-02-26 12:23:00+05:30,411.45,413.25,406.1,413.25,2015,36465
2026-02-26 12:24:00+05:30,423.85,427.85,423.85,424.05,1105,36465
2026-02-26 12:25:00+05:30,425.85,432.45,423.3,432.45,2860,41210
2026-02-26 12:26:00+05:30,431.65,433.6,422.0,422.0,650,41210
2026-02-26 12:27:00+05:30,425.9,429.65,424.65,424.75,585,41210
2026-02-26 12:28:00+05:30,423.3,423.8,417.95,419.95,1495,41210
2026-02-26 12:29:00+05:30,419.95,424.15,418.0,420.8,1495,40625
2026-02-26 12:30:00+05:30,428.2,432.9,428.2,432.9,325,40625
2026-02-26 12:31:00+05:30,428.5,428.5,428.05,428.1,455,40625
2026-02-26 12:32:00+05:30,427.8,427.8,419.9,421.2,2145,39845
2026-02-26 12:33:00+05:30,419.65,423.75,417.55,422.95,910,39845
2026-02-26 12:34:00+05:30,423.0,423.0,419.9,421.4,325,39845
2026-02-26 12:35:00+05:30,422.0,422.0,422.0,422.0,65,39650
2026-02-26 12:36:00+05:30,426.5,433.65,426.5,428.3,1105,39650
2026-02-26 12:37:00+05:30,431.75,433.15,430.4,433.15,975,39650
2026-02-26 12:38:00+05:30,432.65,435.4,432.65,435.4,780,39195
2026-02-26 12:39:00+05:30,433.3,433.3,430.65,430.65,325,39195
2026-02-26 12:40:00+05:30,429.35,429.35,429.35,429.35,65,39195
2026-02-26 12:41:00+05:30,440.0,440.0,440.0,440.0,65,38610
2026-02-26 12:42:00+05:30,444.05,444.05,439.6,439.6,195,38610
2026-02-26 12:43:00+05:30,439.75,441.95,439.7,441.95,390,38610
2026-02-26 12:44:00+05:30,443.6,444.6,443.6,443.65,1040,38545
2026-02-26 12:45:00+05:30,442.65,443.65,434.45,434.45,1625,38545
2026-02-26 12:46:00+05:30,435.05,435.3,432.05,434.2,650,37960
2026-02-26 12:47:00+05:30,439.2,439.2,437.9,439.1,455,37960
2026-02-26 12:48:00+05:30,441.5,441.5,440.55,440.55,130,37960
2026-02-26 12:49:00+05:30,434.3,438.8,433.75,438.8,195,37895
2026-02-26 12:50:00+05:30,438.15,438.85,432.95,437.15,325,37895
2026-02-26 12:51:00+05:30,435.65,437.8,435.65,437.6,195,37895
2026-02-26 12:52:00+05:30,433.7,434.9,433.7,434.9,130,37895
2026-02-26 12:53:00+05:30,434.9,434.9,434.9,434.9,0,37895
2026-02-26 12:54:00+05:30,434.9,434.9,434.9,434.9,0,37895
2026-02-26 12:55:00+05:30,430.4,430.4,424.4,424.45,390,37700
2026-02-26 12:56:00+05:30,420.5,421.45,417.85,417.85,910,37765
2026-02-26 12:57:00+05:30,416.95,419.6,416.95,419.6,455,37765
2026-02-26 12:58:00+05:30,423.1,423.1,417.1,418.2,650,37765
2026-02-26 12:59:00+05:30,416.1,418.0,416.1,417.35,325,37895
2026-02-26 13:00:00+05:30,417.95,426.95,417.95,426.2,1040,37895
2026-02-26 13:01:00+05:30,431.45,431.45,427.15,428.3,780,37895
2026-02-26 13:02:00+05:30,425.4,425.4,425.4,425.4,65,37895
2026-02-26 13:03:00+05:30,425.4,425.4,422.8,422.8,975,37960
2026-02-26 13:04:00+05:30,435.0,437.25,435.0,437.25,1040,37960
2026-02-26 13:05:00+05:30,440.2,440.2,438.0,438.0,195,38220
2026-02-26 13:06:00+05:30,429.15,437.1,429.15,437.1,325,38220
2026-02-26 13:07:00+05:30,437.1,437.1,437.1,437.1,0,38220
2026-02-26 13:08:00+05:30,437.1,437.1,437.1,437.1,0,38220
2026-02-26 13:09:00+05:30,429.3,429.3,429.3,429.3,65,38090
2026-02-26 13:10:00+05:30,428.6,428.6,426.25,426.25,195,38090
2026-02-26 13:11:00+05:30,423.65,423.65,422.0,422.0,130,38220
2026-02-26 13:12:00+05:30,423.55,423.55,423.55,423.55,65,38220
2026-02-26 13:13:00+05:30,423.55,423.55,423.55,423.55,0,38220
2026-02-26 13:14:00+05:30,427.75,427.75,422.0,422.0,195,38220
2026-02-26 13:15:00+05:30,421.5,422.15,418.1,418.1,2730,38220
2026-02-26 13:16:00+05:30,420.35,420.35,418.65,419.1,325,38220
2026-02-26 13:17:00+05:30,410.0,410.0,396.55,396.55,1560,40755
2026-02-26 13:18:00+05:30,402.05,402.05,402.05,402.05,65,40755
2026-02-26 13:19:00+05:30,402.05,402.05,402.05,402.05,0,40755
2026-02-26 13:20:00+05:30,411.2,411.5,411.2,411.5,260,41145
2026-02-26 13:21:00+05:30,410.25,410.25,406.0,407.3,715,41145
2026-02-26 13:22:00+05:30,407.85,420.0,407.85,420.0,1430,41145
2026-02-26 13:23:00+05:30,421.4,422.8,418.9,418.9,2730,40950
2026-02-26 13:24:00+05:30,424.1,424.1,424.1,424.1,65,40950
2026-02-26 13:25:00+05:30,424.1,424.1,424.1,424.1,65,40950
2026-02-26 13:26:00+05:30,422.15,432.0,421.95,431.55,780,42185
2026-02-26 13:27:00+05:30,430.2,434.15,428.25,431.05,2210,42185
2026-02-26 13:28:00+05:30,427.15,428.45,421.5,422.0,3315,42185
2026-02-26 13:29:00+05:30,421.25,422.85,421.25,422.85,130,42185
2026-02-26 13:30:00+05:30,420.65,420.65,420.35,420.35,390,40495
2026-02-26 13:31:00+05:30,424.95,424.95,424.95,424.95,65,40495
2026-02-26 13:32:00+05:30,434.0,434.0,434.0,434.0,65,40300
2026-02-26 13:33:00+05:30,428.75,429.1,424.2,424.2,780,40300
2026-02-26 13:34:00+05:30,423.2,423.2,421.95,421.95,130,40300
2026-02-26 13:35:00+05:30,422.3,422.3,422.3,422.3,130,40625
2026-02-26 13:36:00+05:30,427.45,430.0,427.45,429.35,585,40625
2026-02-26 13:37:00+05:30,433.1,435.0,431.0,433.55,1105,40625
2026-02-26 13:38:00+05:30,433.55,433.55,433.55,433.55,0,40625
2026-02-26 13:39:00+05:30,429.4,433.0,429.4,433.0,130,41080
2026-02-26 13:40:00+05:30,432.55,434.1,430.0,430.0,195,41080
2026-02-26 13:41:00+05:30,428.6,429.85,428.6,429.85,195,41080
2026-02-26 13:42:00+05:30,432.2,435.25,432.2,435.25,130,41080
2026-02-26 13:43:00+05:30,431.15,433.8,431.15,433.8,260,41080
2026-02-26 13:44:00+05:30,433.15,433.15,433.15,433.15,130,41080
2026-02-26 13:45:00+05:30,433.4,435.45,430.25,433.45,5200,41080
2026-02-26 13:46:00+05:30,426.05,426.05,421.4,423.3,1365,41080
2026-02-26 13:47:00+05:30,424.05,424.05,418.05,418.05,585,40885
2026-02-26 13:48:00+05:30,420.2,420.2,420.2,420.2,130,40885
2026-02-26 13:49:00+05:30,420.2,422.0,418.0,418.0,390,40885
2026-02-26 13:50:00+05:30,418.35,419.0,417.15,418.05,715,40885
2026-02-26 13:51:00+05:30,418.0,433.0,418.0,433.0,780,40885
2026-02-26 13:52:00+05:30,420.65,430.45,419.7,430.45,390,40885
2026-02-26 13:53:00+05:30,431.5,433.1,430.5,433.1,2600,41080
2026-02-26 13:54:00+05:30,429.05,429.05,427.55,427.55,130,41080
2026-02-26 13:55:00+05:30,430.9,430.9,429.8,429.8,195,41080
2026-02-26 13:56:00+05:30,433.0,433.0,426.7,428.8,715,39195
2026-02-26 13:57:00+05:30,428.95,428.95,425.35,426.3,585,39195
2026-02-26 13:58:00+05:30,428.25,428.25,422.75,422.75,1690,39195
2026-02-26 13:59:00+05:30,419.6,419.6,417.65,417.65,195,40560
2026-02-26 14:00:00+05:30,422.8,422.8,422.75,422.75,130,40560
2026-02-26 14:01:00+05:30,425.7,425.7,425.7,425.7,65,40560
2026-02-26 14:02:00+05:30,425.7,425.7,425.7,425.7,0,40560
2026-02-26 14:03:00+05:30,414.1,414.1,408.1,412.2,390,40495
2026-02-26 14:04:00+05:30,413.9,413.9,413.9,413.9,65,40495
2026-02-26 14:05:00+05:30,406.15,407.25,406.15,407.25,130,40560
2026-02-26 14:06:00+05:30,403.5,403.85,398.05,400.95,2535,40560
2026-02-26 14:07:00+05:30,400.55,401.55,398.25,401.5,585,40560
2026-02-26 14:08:00+05:30,399.6,420.75,399.6,420.75,325,40365
2026-02-26 14:09:00+05:30,421.2,425.0,418.35,425.0,390,40365
2026-02-26 14:10:00+05:30,428.1,433.3,428.1,431.75,650,40365
2026-02-26 14:11:00+05:30,431.75,431.75,428.3,429.45,2925,39975
2026-02-26 14:12:00+05:30,433.45,433.45,433.45,433.45,130,39975
2026-02-26 14:13:00+05:30,438.75,443.3,438.75,443.3,1040,39975
2026-02-26 14:14:00+05:30,443.3,443.3,443.3,443.3,0,39975
2026-02-26 14:15:00+05:30,443.3,443.3,443.3,443.3,0,39975
2026-02-26 14:16:00+05:30,449.3,449.3,434.55,434.55,1755,40365
2026-02-26 14:17:00+05:30,432.5,435.4,432.5,435.4,325,39845
2026-02-26 14:18:00+05:30,442.45,442.45,438.5,438.5,585,39845
2026-02-26 14:19:00+05:30,433.65,433.65,432.3,432.3,130,39845
2026-02-26 14:20:00+05:30,435.4,438.1,433.8,433.8,260,39910
2026-02-26 14:21:00+05:30,433.8,433.8,433.8,433.8,0,39910
2026-02-26 14:22:00+05:30,433.8,433.8,433.8,433.8,0,39910
2026-02-26 14:23:00+05:30,424.1,424.1,422.15,423.55,650,39910
2026-02-26 14:24:00+05:30,423.05,423.05,423.05,423.05,65,40365
2026-02-26 14:25:00+05:30,419.35,419.35,419.35,419.35,65,40365
2026-02-26 14:26:00+05:30,420.5,422.35,419.4,422.35,650,40365
2026-02-26 14:27:00+05:30,420.95,422.45,418.9,418.9,260,40365
2026-02-26 14:28:00+05:30,426.95,431.85,426.95,430.25,2015,40365
2026-02-26 14:29:00+05:30,430.25,430.25,430.25,430.25,845,40365
2026-02-26 14:30:00+05:30,430.25,430.25,430.25,430.25,130,39650
2026-02-26 14:31:00+05:30,427.95,427.95,427.3,427.3,130,39650
2026-02-26 14:32:00+05:30,425.5,429.25,425.5,429.25,195,39650
2026-02-26 14:33:00+05:30,437.8,437.8,437.8,437.8,130,39650
2026-02-26 14:34:00+05:30,450.0,450.0,447.7,450.0,1170,39650
2026-02-26 14:35:00+05:30,451.85,457.1,448.65,448.65,3835,37375
2026-02-26 14:36:00+05:30,453.75,458.35,453.3,453.3,1625,37375
2026-02-26 14:37:00+05:30,457.2,463.1,457.2,459.5,2470,37375
2026-02-26 14:38:00+05:30,459.5,459.5,459.5,459.5,0,37375
2026-02-26 14:39:00+05:30,463.55,463.55,462.9,462.9,130,37050
2026-02-26 14:40:00+05:30,460.35,475.0,460.35,470.95,1430,37050
2026-02-26 14:41:00+05:30,473.1,480.0,473.1,478.75,585,37115
2026-02-26 14:42:00+05:30,480.95,482.0,476.3,478.4,780,37115
2026-02-26 14:43:00+05:30,481.5,485.0,480.4,484.7,780,37115
2026-02-26 14:44:00+05:30,487.4,490.7,487.4,490.7,195,36530
2026-02-26 14:45:00+05:30,502.5,510.6,490.7,490.7,1235,36530
2026-02-26 14:46:00+05:30,487.85,497.5,486.45,497.5,715,36530
2026-02-26 14:47:00+05:30,497.65,497.65,497.5,497.5,520,36855
2026-02-26 14:48:00+05:30,490.75,494.95,490.75,494.95,195,36855
2026-02-26 14:49:00+05:30,489.0,489.5,485.5,485.5,975,36855
2026-02-26 14:50:00+05:30,494.3,497.2,494.3,495.5,260,36725
2026-02-26 14:51:00+05:30,482.05,483.95,479.35,480.65,1365,36725
2026-02-26 14:52:00+05:30,478.8,482.4,472.3,481.6,845,36725
2026-02-26 14:53:00+05:30,478.95,495.15,478.95,495.15,975,38415
2026-02-26 14:54:00+05:30,484.3,486.2,484.3,486.15,195,38415
2026-02-26 14:55:00+05:30,482.85,488.95,482.85,488.8,260,38415
2026-02-26 14:56:00+05:30,482.9,483.05,482.9,483.05,130,38415
2026-02-26 14:57:00+05:30,474.1,488.1,474.1,483.55,1170,38220
2026-02-26 14:58:00+05:30,483.15,483.3,477.6,477.75,910,38220
2026-02-26 14:59:00+05:30,477.75,477.75,477.75,477.75,0,38220
2026-02-26 15:00:00+05:30,485.0,494.2,482.5,483.55,2470,39065
2026-02-26 15:01:00+05:30,494.75,495.2,485.75,489.6,2080,39065
2026-02-26 15:02:00+05:30,484.4,484.4,474.95,474.95,130,39065
2026-02-26 15:03:00+05:30,474.95,474.95,474.95,474.95,0,39065
2026-02-26 15:04:00+05:30,484.7,484.7,481.45,481.8,650,38350
2026-02-26 15:05:00+05:30,473.5,482.0,473.45,482.0,390,37895
2026-02-26 15:06:00+05:30,482.0,482.0,482.0,482.0,0,37895
2026-02-26 15:07:00+05:30,478.3,478.3,478.3,478.3,130,37895
2026-02-26 15:08:00+05:30,478.3,478.3,478.3,478.3,0,37895
2026-02-26 15:09:00+05:30,478.3,478.3,478.3,478.3,0,37895
2026-02-26 15:10:00+05:30,482.55,485.55,482.55,485.55,390,37830
2026-02-26 15:11:00+05:30,480.35,480.35,480.35,480.35,65,37830
2026-02-26 15:12:00+05:30,482.55,485.1,482.55,485.1,195,37570
2026-02-26 15:13:00+05:30,485.1,485.1,485.1,485.1,0,37570
2026-02-26 15:14:00+05:30,477.0,477.0,471.4,471.4,260,37570
2026-02-26 15:15:00+05:30,471.35,478.7,471.35,478.7,585,37505
2026-02-26 15:16:00+05:30,481.0,481.0,478.7,479.2,455,37505
2026-02-26 15:17:00+05:30,479.2,479.2,479.2,479.2,0,37505
2026-02-26 15:18:00+05:30,485.55,485.55,485.55,485.55,130,37570
2026-02-26 15:19:00+05:30,485.55,485.55,485.55,485.55,0,37570
2026-02-26 15:20:00+05:30,485.15,485.95,484.1,484.1,195,37570
2026-02-26 15:21:00+05:30,485.95,488.35,485.95,487.0,2340,37635
2026-02-26 15:22:00+05:30,482.65,486.9,482.65,486.45,585,37635
2026-02-26 15:23:00+05:30,486.35,486.9,486.35,486.9,130,37635
2026-02-26 15:24:00+05:30,483.85,484.55,482.0,484.55,195,35685
2026-02-26 15:25:00+05:30,482.55,482.55,482.55,482.55,130,35685
2026-02-26 15:26:00+05:30,483.2,484.95,483.15,483.15,2925,35685
2026-02-26 15:27:00+05:30,478.7,483.7,478.7,483.7,390,33540
2026-02-26 15:28:00+05:30,483.45,483.8,482.65,482.65,455,33540
2026-02-26 15:29:00+05:30,484.95,487.6,484.5,487.6,585,33475
2026-02-27 09:15:00+05:30,401.2,401.2,367.05,376.4,5720,32370
2026-02-27 09:16:00+05:30,375.1,388.65,368.55,381.45,7410,32370
2026-02-27 09:17:00+05:30,384.15,390.75,377.05,377.25,4290,32370
2026-02-27 09:18:00+05:30,377.1,377.15,365.85,365.85,2795,35945
2026-02-27 09:19:00+05:30,373.75,383.35,372.45,372.45,7930,35945
2026-02-27 09:20:00+05:30,368.4,378.4,360.0,373.35,2275,35945
2026-02-27 09:21:00+05:30,379.0,384.9,373.3,373.3,3185,35945
2026-02-27 09:22:00+05:30,379.95,384.45,378.3,379.0,2600,39520
2026-02-27 09:23:00+05:30,382.0,382.75,375.2,378.15,2795,39520
2026-02-27 09:24:00+05:30,379.75,383.75,368.45,368.6,4485,39520
2026-02-27 09:25:00+05:30,376.7,388.9,376.35,381.95,4030,39260
2026-02-27 09:26:00+05:30,379.95,379.95,363.95,368.25,1690,39260
2026-02-27 09:27:00+05:30,366.45,368.25,363.0,366.05,1755,39260
2026-02-27 09:28:00+05:30,369.6,372.2,360.3,360.3,2665,38740
2026-02-27 09:29:00+05:30,360.3,361.0,345.0,345.0,3380,38740
2026-02-27 09:30:00+05:30,346.5,358.2,342.4,356.8,3380,38740
2026-02-27 09:31:00+05:30,352.5,353.35,347.45,353.1,2925,40625
2026-02-27 09:32:00+05:30,357.0,363.75,353.75,356.3,2730,40625
2026-02-27 09:33:00+05:30,358.6,358.95,349.8,349.8,1040,40625
2026-02-27 09:34:00+05:30,350.5,353.95,344.9,344.9,1235,42705
2026-02-27 09:35:00+05:30,344.65,344.8,336.2,342.15,1885,42705
2026-02-27 09:36:00+05:30,340.0,342.9,334.25,338.75,3640,42705
2026-02-27 09:37:00+05:30,343.0,345.2,336.85,341.1,2470,43810
2026-02-27 09:38:00+05:30,340.5,347.1,340.0,347.1,2665,43810
2026-02-27 09:39:00+05:30,349.95,359.3,349.95,359.05,2145,43810
2026-02-27 09:40:00+05:30,361.55,362.1,351.8,354.35,2015,46085
2026-02-27 09:41:00+05:30,354.15,354.3,348.9,349.35,2470,46085
2026-02-27 09:42:00+05:30,348.95,348.95,338.75,341.05,3250,46085
2026-02-27 09:43:00+05:30,341.7,347.25,341.5,346.2,1950,48815
2026-02-27 09:44:00+05:30,344.6,344.6,342.05,342.05,975,48815
2026-02-27 09:45:00+05:30,341.55,341.55,335.0,336.8,5590,48815
2026-02-27 09:46:00+05:30,338.35,342.05,335.0,342.05,1950,53495
2026-02-27 09:47:00+05:30,341.9,342.9,338.25,339.45,2600,53495
2026-02-27 09:48:00+05:30,338.0,338.7,334.0,336.55,1040,53495
2026-02-27 09:49:00+05:30,335.85,335.85,330.0,330.05,3900,55185
2026-02-27 09:50:00+05:30,330.35,330.95,324.4,326.75,4875,55185
2026-02-27 09:51:00+05:30,328.65,336.95,325.0,334.45,3185,55185
2026-02-27 09:52:00+05:30,335.5,336.45,327.0,327.0,2210,59865
2026-02-27 09:53:00+05:30,325.0,325.75,317.25,325.75,3315,59865
2026-02-27 09:54:00+05:30,323.75,323.75,319.6,320.0,1950,59865
2026-02-27 09:55:00+05:30,325.65,332.15,325.2,328.55,2860,64025
2026-02-27 09:56:00+05:30,327.3,327.55,324.3,324.3,1170,64025
2026-02-27 09:57:00+05:30,320.95,322.65,317.0,319.95,6435,64025
2026-02-27 09:58:00+05:30,323.85,324.25,318.5,320.75,3965,63570
2026-02-27 09:59:00+05:30,325.0,325.8,318.55,318.55,1820,63570
2026-02-27 10:00:00+05:30,317.25,320.05,314.45,320.05,8125,63570
2026-02-27 10:01:00+05:30,320.05,320.05,312.9,314.3,3315,69485
2026-02-27 10:02:00+05:30,313.95,319.35,313.1,315.0,5590,69485
2026-02-27 10:03:00+05:30,315.95,319.15,309.85,319.15,2795,69485
2026-02-27 10:04:00+05:30,320.0,323.05,314.35,314.35,2275,75140
2026-02-27 10:05:00+05:30,313.65,314.1,308.0,309.9,9880,75140
2026-02-27 10:06:00+05:30,309.6,310.3,303.0,304.65,11180,75140
2026-02-27 10:07:00+05:30,304.7,316.2,298.55,315.05,7540,78065
2026-02-27 10:08:00+05:30,314.9,318.2,310.0,310.0,11115,78065
2026-02-27 10:09:00+05:30,309.4,313.85,308.6,309.65,4160,78065
2026-02-27 10:10:00+05:30,313.15,314.25,309.65,314.25,2275,80795
2026-02-27 10:11:00+05:30,313.25,318.15,313.25,315.15,4745,80795
2026-02-27 10:12:00+05:30,315.5,315.5,311.3,314.45,2860,80795
2026-02-27 10:13:00+05:30,313.65,313.65,308.7,308.7,5395,84760
2026-02-27 10:14:00+05:30,310.35,310.35,306.45,309.65,2015,84760
2026-02-27 10:15:00+05:30,308.9,309.65,304.0,304.0,1690,84760
2026-02-27 10:16:00+05:30,300.8,305.1,296.05,298.05,7085,85020
2026-02-27 10:17:00+05:30,297.4,306.85,293.8,293.8,5655,85020
2026-02-27 10:18:00+05:30,295.55,300.45,295.5,300.45,2860,85020
2026-02-27 10:19:00+05:30,298.55,298.55,290.55,294.3,7800,88465
2026-02-27 10:20:00+05:30,294.25,297.75,288.3,290.3,7280,88465
2026-02-27 10:21:00+05:30,290.3,292.65,284.7,287.4,13910,88465
2026-02-27 10:22:00+05:30,284.5,291.2,283.15,290.2,18135,96980
2026-02-27 10:23:00+05:30,293.0,303.95,293.0,301.35,13390,96980
2026-02-27 10:24:00+05:30,302.0,306.35,298.5,298.9,5200,96980
2026-02-27 10:25:00+05:30,304.3,312.0,304.3,312.0,7215,104975
2026-02-27 10:26:00+05:30,312.3,312.3,307.55,308.75,6110,104975
2026-02-27 10:27:00+05:30,305.0,305.75,300.8,300.8,4875,104975
2026-02-27 10:28:00+05:30,305.55,317.25,305.55,314.9,6370,102830
2026-02-27 10:29:00+05:30,314.9,317.2,308.85,311.5,4615,102830
2026-02-27 10:30:00+05:30,313.0,314.5,308.0,308.0,5655,102830
2026-02-27 10:31:00+05:30,312.55,319.0,311.65,317.35,3380,103415
2026-02-27 10:32:00+05:30,316.2,322.0,315.95,322.0,7475,103415
2026-02-27 10:33:00+05:30,321.25,322.4,312.05,315.0,10530,103415
2026-02-27 10:34:00+05:30,312.8,314.6,310.05,312.55,2795,100035
2026-02-27 10:35:00+05:30,312.45,318.85,308.7,318.85,1820,100035
2026-02-27 10:36:00+05:30,319.75,326.95,318.65,325.9,9425,100035
2026-02-27 10:37:00+05:30,326.5,331.8,323.95,326.85,14755,94770
2026-02-27 10:38:00+05:30,328.8,328.8,318.0,318.2,5915,94770
2026-02-27 10:39:00+05:30,319.45,319.45,315.5,315.5,1430,94770
2026-02-27 10:40:00+05:30,315.55,321.1,311.2,312.75,3640,94640
2026-02-27 10:41:00+05:30,312.35,312.35,306.05,306.6,4355,94640
2026-02-27 10:42:00+05:30,307.9,312.95,307.9,310.55,3120,94640
2026-02-27 10:43:00+05:30,309.3,309.3,302.9,306.0,5785,98800
2026-02-27 10:44:00+05:30,308.0,308.95,304.35,304.35,3835,98800
2026-02-27 10:45:00+05:30,304.0,307.15,300.75,300.75,4615,98800
2026-02-27 10:46:00+05:30,302.35,304.55,299.45,299.5,5135,101075
2026-02-27 10:47:00+05:30,299.0,308.6,297.2,307.6,9230,101075
2026-02-27 10:48:00+05:30,306.9,310.0,305.0,310.0,5070,101075
2026-02-27 10:49:00+05:30,310.55,315.0,309.35,311.3,3770,103935
2026-02-27 10:50:00+05:30,309.6,312.75,303.35,303.35,5135,103935
2026-02-27 10:51:00+05:30,303.5,307.15,300.55,300.55,2210,103935
2026-02-27 10:52:00+05:30,302.0,303.0,299.95,303.0,3640,106665
2026-02-27 10:53:00+05:30,301.6,301.6,295.45,295.5,4290,106665
2026-02-27 10:54:00+05:30,298.25,301.65,295.0,300.9,2665,106665
2026-02-27 10:55:00+05:30,302.0,303.7,301.0,301.0,3120,109850
2026-02-27 10:56:00+05:30,300.0,300.65,297.95,299.2,2340,109850
2026-02-27 10:57:00+05:30,298.8,299.15,295.0,296.6,2470,109850
2026-02-27 10:58:00+05:30,297.35,301.05,297.35,301.05,780,109850
2026-02-27 10:59:00+05:30,299.25,299.25,295.85,295.85,975,110565
2026-02-27 11:00:00+05:30,296.1,300.25,296.1,299.0,2665,110565
2026-02-27 11:01:00+05:30,297.35,299.85,296.85,299.85,1885,109005
2026-02-27 11:02:00+05:30,298.65,305.45,298.6,305.45,8515,109005
2026-02-27 11:03:00+05:30,303.4,310.65,302.7,308.25,3510,109005
2026-02-27 11:04:00+05:30,308.0,312.0,307.95,311.75,3315,109720
2026-02-27 11:05:00+05:30,312.65,318.05,309.65,309.65,15535,109720
2026-02-27 11:06:00+05:30,312.75,317.05,311.2,311.2,4940,109720
2026-02-27 11:07:00+05:30,311.05,315.0,311.05,315.0,845,107965
2026-02-27 11:08:00+05:30,315.3,319.1,315.3,316.55,5590,107965
2026-02-27 11:09:00+05:30,316.35,321.9,316.3,320.7,6500,107965
2026-02-27 11:10:00+05:30,318.0,319.45,314.4,314.4,2730,106925
2026-02-27 11:11:00+05:30,314.85,317.1,312.9,314.05,2860,106925
2026-02-27 11:12:00+05:30,314.85,317.0,312.0,317.0,1300,106925
2026-02-27 11:13:00+05:30,313.5,317.0,312.0,317.0,2600,106275
2026-02-27 11:14:00+05:30,317.0,322.7,317.0,321.15,2990,106275
2026-02-27 11:15:00+05:30,323.0,328.0,316.65,317.6,6175,106275
2026-02-27 11:16:00+05:30,317.6,323.65,316.35,321.2,2145,106990
2026-02-27 11:17:00+05:30,319.0,320.15,316.2,318.55,1690,106990
2026-02-27 11:18:00+05:30,319.05,320.0,312.05,312.85,2795,106990
2026-02-27 11:19:00+05:30,310.8,313.2,309.85,313.2,6630,107315
2026-02-27 11:20:00+05:30,312.55,315.7,307.45,313.0,3380,107315
2026-02-27 11:21:00+05:30,312.5,312.55,306.6,312.25,2665,107315
2026-02-27 11:22:00+05:30,313.55,314.5,308.95,308.95,1755,106860
2026-02-27 11:23:00+05:30,306.6,306.6,301.65,302.8,6370,106860
2026-02-27 11:24:00+05:30,305.45,313.25,305.2,309.55,1625,106860
2026-02-27 11:25:00+05:30,309.15,309.15,305.2,305.2,455,105235
2026-02-27 11:26:00+05:30,303.0,304.0,299.0,300.65,2990,105235
2026-02-27 11:27:00+05:30,300.1,300.1,297.1,297.35,2990,105235
2026-02-27 11:28:00+05:30,297.4,300.9,294.0,299.55,5720,105885
2026-02-27 11:29:00+05:30,299.7,302.4,298.0,298.95,4030,105885
2026-02-27 11:30:00+05:30,299.65,300.15,292.0,292.15,4030,105885
2026-02-27 11:31:00+05:30,292.85,294.45,284.35,290.55,8580,105170
2026-02-27 11:32:00+05:30,288.25,288.35,285.0,288.3,5460,105170
2026-02-27 11:33:00+05:30,288.6,288.7,282.6,283.4,6110,105170
2026-02-27 11:34:00+05:30,284.05,284.3,276.0,276.0,12220,109720
2026-02-27 11:35:00+05:30,276.5,285.0,274.85,278.25,11765,109720
2026-02-27 11:36:00+05:30,278.9,278.9,273.0,274.6,7215,109720
2026-02-27 11:37:00+05:30,273.0,273.9,267.65,272.8,16250,117650
2026-02-27 11:38:00+05:30,273.9,280.3,272.4,278.0,8060,117650
2026-02-27 11:39:00+05:30,278.25,278.25,276.0,277.1,4420,117650
2026-02-27 11:40:00+05:30,278.45,288.0,277.3,287.15,13260,119600
2026-02-27 11:41:00+05:30,285.8,286.1,283.3,285.3,7215,119600
2026-02-27 11:42:00+05:30,284.45,285.0,274.75,274.75,5590,119600
2026-02-27 11:43:00+05:30,275.25,282.3,272.2,282.3,6435,123695
2026-02-27 11:44:00+05:30,282.9,287.05,282.9,285.25,8320,123695
2026-02-27 11:45:00+05:30,288.0,292.65,288.0,289.65,12480,123695
2026-02-27 11:46:00+05:30,288.75,289.8,284.15,289.0,10530,124215
2026-02-27 11:47:00+05:30,288.6,290.45,285.85,288.1,8645,124215
2026-02-27 11:48:00+05:30,288.0,288.0,283.5,284.65,5915,124215
2026-02-27 11:49:00+05:30,285.85,290.25,285.85,289.0,5980,125580
2026-02-27 11:50:00+05:30,289.3,289.5,286.3,286.3,2015,125580
2026-02-27 11:51:00+05:30,285.45,290.75,285.45,290.55,2600,125580
2026-02-27 11:52:00+05:30,290.15,297.2,290.15,294.55,16250,122525
2026-02-27 11:53:00+05:30,294.05,294.05,291.45,291.45,1690,122525
2026-02-27 11:54:00+05:30,293.55,293.55,291.9,293.5,975,122525
2026-02-27 11:55:00+05:30,289.55,295.0,289.55,295.0,7865,122655
2026-02-27 11:56:00+05:30,297.15,297.15,286.8,286.8,6500,122655
2026-02-27 11:57:00+05:30,286.35,292.6,285.35,290.7,4355,122655
2026-02-27 11:58:00+05:30,294.0,299.75,294.0,299.75,10010,121550
2026-02-27 11:59:00+05:30,299.25,301.45,292.0,296.6,7670,121550
2026-02-27 12:00:00+05:30,298.4,303.55,298.4,302.25,5460,121550
2026-02-27 12:01:00+05:30,300.0,304.5,300.0,301.3,8385,121355
2026-02-27 12:02:00+05:30,303.65,311.0,303.65,306.0,6435,121355
2026-02-27 12:03:00+05:30,306.3,308.6,300.9,300.9,5980,121355
2026-02-27 12:04:00+05:30,303.45,303.45,292.65,296.9,2990,117455
2026-02-27 12:05:00+05:30,297.05,299.7,294.45,294.75,1885,117455
2026-02-27 12:06:00+05:30,295.9,300.85,295.55,298.5,1625,117455
2026-02-27 12:07:00+05:30,297.7,297.7,289.4,289.4,4550,116610
2026-02-27 12:08:00+05:30,290.4,292.4,286.35,286.35,3315,116610
2026-02-27 12:09:00+05:30,287.0,289.45,284.75,285.5,9490,116610
2026-02-27 12:10:00+05:30,285.0,285.15,281.5,282.05,5850,118170
2026-02-27 12:11:00+05:30,282.05,290.85,281.4,288.7,8905,118170
2026-02-27 12:12:00+05:30,287.6,290.7,286.45,286.45,2730,118170
2026-02-27 12:13:00+05:30,284.2,286.05,282.9,284.1,1235,118755
2026-02-27 12:14:00+05:30,284.8,284.8,282.0,283.15,1625,118755
2026-02-27 12:15:00+05:30,281.85,284.2,279.65,281.5,4030,118755
2026-02-27 12:16:00+05:30,280.0,280.45,276.8,278.9,10790,119535
2026-02-27 12:17:00+05:30,278.8,281.7,276.0,281.7,8255,119535
2026-02-27 12:18:00+05:30,281.5,283.3,280.4,282.0,4485,119535
2026-02-27 12:19:00+05:30,282.7,284.55,281.75,282.1,3640,122070
2026-02-27 12:20:00+05:30,286.0,291.75,286.0,289.8,6630,122070
2026-02-27 12:21:00+05:30,289.3,289.3,278.9,278.9,5460,122070
2026-02-27 12:22:00+05:30,278.0,278.0,269.5,269.9,16835,125515
2026-02-27 12:23:00+05:30,270.0,270.1,265.7,269.6,16705,125515
2026-02-27 12:24:00+05:30,268.6,271.2,266.8,270.65,15015,125515
2026-02-27 12:25:00+05:30,271.0,280.15,271.0,275.3,16835,131365
2026-02-27 12:26:00+05:30,279.0,287.0,278.1,287.0,7800,131365
2026-02-27 12:27:00+05:30,286.7,294.15,286.7,291.1,11635,131365
2026-02-27 12:28:00+05:30,290.0,298.7,289.4,297.45,8775,132860
2026-02-27 12:29:00+05:30,297.95,298.3,287.5,289.75,11765,132860
2026-02-27 12:30:00+05:30,289.55,290.25,286.7,287.85,3965,132860
2026-02-27 12:31:00+05:30,288.15,289.95,287.35,289.75,2080,132340
2026-02-27 12:32:00+05:30,292.15,297.5,292.15,293.35,6110,132340
2026-02-27 12:33:00+05:30,294.85,295.85,290.05,290.05,3120,132340
2026-02-27 12:34:00+05:30,289.95,290.0,283.9,284.2,8710,130780
2026-02-27 12:35:00+05:30,284.2,286.35,280.65,281.3,8840,130780
2026-02-27 12:36:00+05:30,282.0,285.25,281.0,283.0,5200,130780
2026-02-27 12:37:00+05:30,280.25,282.5,278.8,279.95,5200,129415
2026-02-27 12:38:00+05:30,280.55,284.15,279.5,279.5,3510,129415
2026-02-27 12:39:00+05:30,280.1,280.2,275.35,275.35,2665,129415
2026-02-27 12:40:00+05:30,277.45,277.5,271.6,272.15,12545,128765
2026-02-27 12:41:00+05:30,271.8,279.8,270.95,279.8,4030,128765
2026-02-27 12:42:00+05:30,279.9,280.85,277.0,277.85,3900,128765
2026-02-27 12:43:00+05:30,278.1,278.1,271.35,272.5,5135,128765
2026-02-27 12:44:00+05:30,272.5,275.2,270.8,272.6,6435,127920
2026-02-27 12:45:00+05:30,274.05,279.3,273.45,279.3,6240,127920
2026-02-27 12:46:00+05:30,279.95,288.8,279.95,286.2,15535,131820
2026-02-27 12:47:00+05:30,285.7,285.75,272.55,272.55,8905,131820
2026-02-27 12:48:00+05:30,272.25,273.4,266.05,266.05,7280,131820
2026-02-27 12:49:00+05:30,266.0,279.25,264.0,279.25,11375,131820
2026-02-27 12:50:00+05:30,279.4,287.0,279.25,285.3,14820,133120
2026-02-27 12:51:00+05:30,285.0,287.0,282.2,283.65,4095,133120
2026-02-27 12:52:00+05:30,283.6,285.25,281.85,281.9,2860,133120
2026-02-27 12:53:00+05:30,282.85,285.9,279.85,279.85,1040,131755
2026-02-27 12:54:00+05:30,280.0,280.0,273.8,276.4,5265,131755
2026-02-27 12:55:00+05:30,280.35,280.35,276.9,278.05,4875,131755
2026-02-27 12:56:00+05:30,278.15,278.8,271.85,272.8,4420,133445
2026-02-27 12:57:00+05:30,273.05,273.8,270.0,272.0,6890,133445
2026-02-27 12:58:00+05:30,272.0,277.95,272.0,277.95,2600,133445
2026-02-27 12:59:00+05:30,277.5,277.65,273.85,273.95,1105,134550
2026-02-27 13:00:00+05:30,276.0,278.4,275.05,275.05,585,134550
2026-02-27 13:01:00+05:30,273.45,281.25,273.45,279.05,2535,134550
2026-02-27 13:02:00+05:30,279.55,279.55,276.05,277.1,2275,135200
2026-02-27 13:03:00+05:30,278.0,280.0,274.6,274.6,650,135200
2026-02-27 13:04:00+05:30,275.7,277.2,274.25,274.55,1430,135200
2026-02-27 13:05:00+05:30,275.8,283.5,275.8,282.75,7020,135980
2026-02-27 13:06:00+05:30,282.3,286.4,281.1,282.15,7540,135980
2026-02-27 13:07:00+05:30,281.55,289.0,281.05,288.0,2535,135980
2026-02-27 13:08:00+05:30,288.4,288.45,283.0,283.2,5525,135720
2026-02-27 13:09:00+05:30,282.95,286.3,282.95,283.3,1950,135720
2026-02-27 13:10:00+05:30,284.95,284.95,278.8,281.7,6435,135720
2026-02-27 13:11:00+05:30,280.95,283.5,280.0,283.45,1755,135590
2026-02-27 13:12:00+05:30,283.9,286.75,283.9,284.65,2210,135590
2026-02-27 13:13:00+05:30,286.55,287.55,281.25,283.0,6045,135590
2026-02-27 13:14:00+05:30,283.0,283.3,282.0,282.0,780,137865
2026-02-27 13:15:00+05:30,281.95,286.45,281.95,284.6,910,137865
2026-02-27 13:16:00+05:30,284.7,284.7,280.7,280.8,1040,137865
2026-02-27 13:17:00+05:30,283.0,283.0,278.95,280.3,6305,137800
2026-02-27 13:18:00+05:30,279.0,281.35,279.0,281.35,1040,137800
2026-02-27 13:19:00+05:30,282.75,286.15,277.8,279.3,2795,137800
2026-02-27 13:20:00+05:30,279.55,280.9,278.85,278.85,260,137735
2026-02-27 13:21:00+05:30,278.0,286.15,277.35,284.05,2080,137735
2026-02-27 13:22:00+05:30,281.4,284.45,279.25,284.45,1625,137735
2026-02-27 13:23:00+05:30,284.15,286.85,280.0,280.0,4485,137865
2026-02-27 13:24:00+05:30,280.0,281.1,277.5,281.1,3250,137865
2026-02-27 13:25:00+05:30,281.65,290.0,281.65,289.45,6370,137865
2026-02-27 13:26:00+05:30,289.4,292.45,283.95,285.95,11570,139490
2026-02-27 13:27:00+05:30,286.9,289.25,284.0,284.0,2080,139490
2026-02-27 13:28:00+05:30,285.2,289.8,285.2,287.65,1690,139490
2026-02-27 13:29:00+05:30,287.95,292.9,286.75,290.6,9035,140660
2026-02-27 13:30:00+05:30,289.95,292.45,286.85,287.0,6240,140660
2026-02-27 13:31:00+05:30,289.0,291.45,287.0,288.8,2080,140660
2026-02-27 13:32:00+05:30,288.3,291.1,288.0,290.85,2470,139815
2026-02-27 13:33:00+05:30,290.15,290.15,287.8,287.8,520,139815
2026-02-27 13:34:00+05:30,289.6,289.6,282.55,282.7,3250,139815
2026-02-27 13:35:00+05:30,283.1,289.5,280.1,287.0,2535,139685
2026-02-27 13:36:00+05:30,286.1,294.9,284.35,293.7,8125,139685
2026-02-27 13:37:00+05:30,295.0,298.0,280.65,280.7,20735,139685
2026-02-27 13:38:00+05:30,281.9,285.05,276.7,285.05,6435,141375
2026-02-27 13:39:00+05:30,284.45,286.1,284.1,285.25,3185,141375
2026-02-27 13:40:00+05:30,286.75,294.1,286.7,290.0,5720,141375
2026-02-27 13:41:00+05:30,288.7,301.05,288.7,300.7,10985,141960
2026-02-27 13:42:00+05:30,301.1,303.8,292.0,292.0,6630,141960
2026-02-27 13:43:00+05:30,293.25,298.3,292.15,294.0,6695,141960
2026-02-27 13:44:00+05:30,293.0,293.0,285.9,287.5,5395,137930
2026-02-27 13:45:00+05:30,290.35,290.95,289.6,290.9,1235,137930
2026-02-27 13:46:00+05:30,288.05,298.0,287.95,297.0,4680,137930
2026-02-27 13:47:00+05:30,298.0,308.15,295.6,306.45,17290,135525
2026-02-27 13:48:00+05:30,305.9,308.55,300.7,307.0,7735,135525
2026-02-27 13:49:00+05:30,307.3,313.35,306.1,310.65,9815,135525
2026-02-27 13:50:00+05:30,310.2,310.5,297.15,299.5,7020,130975
2026-02-27 13:51:00+05:30,303.6,305.45,300.0,300.0,6760,130975
2026-02-27 13:52:00+05:30,298.35,306.4,297.8,306.4,10530,130975
2026-02-27 13:53:00+05:30,305.45,305.45,301.9,303.3,1300,127855
2026-02-27 13:54:00+05:30,304.3,308.0,303.3,308.0,1755,127855
2026-02-27 13:55:00+05:30,307.25,325.15,306.65,325.15,7540,127855
2026-02-27 13:56:00+05:30,324.7,327.2,319.6,324.35,13325,124410
2026-02-27 13:57:00+05:30,326.25,327.35,320.7,321.9,8385,124410
2026-02-27 13:58:00+05:30,320.0,326.75,319.05,325.55,3835,124410
2026-02-27 13:59:00+05:30,323.7,330.5,323.7,328.05,4160,120055
2026-02-27 14:00:00+05:30,329.75,339.0,326.25,334.35,14755,120055
2026-02-27 14:01:00+05:30,335.75,335.9,326.65,330.85,6500,120055
2026-02-27 14:02:00+05:30,328.0,328.0,311.2,312.7,11180,112255
2026-02-27 14:03:00+05:30,313.85,319.15,311.05,314.85,12805,112255
2026-02-27 14:04:00+05:30,317.2,318.9,311.3,311.65,3185,112255
2026-02-27 14:05:00+05:30,310.6,312.9,307.0,307.0,1690,114790
2026-02-27 14:06:00+05:30,309.25,309.25,300.0,305.95,7085,114790
2026-02-27 14:07:00+05:30,305.7,306.05,303.3,303.3,2535,114790
2026-02-27 14:08:00+05:30,305.25,319.95,304.65,319.3,3770,112515
2026-02-27 14:09:00+05:30,319.0,320.4,313.0,319.45,3835,112515
2026-02-27 14:10:00+05:30,321.4,329.1,321.4,321.85,6435,112515
2026-02-27 14:11:00+05:30,323.0,324.35,316.65,318.2,2860,109005
2026-02-27 14:12:00+05:30,319.25,319.75,311.1,311.1,2470,109005
2026-02-27 14:13:00+05:30,312.45,312.8,307.0,307.0,2665,109005
2026-02-27 14:14:00+05:30,309.95,312.3,309.4,311.9,2730,108940
2026-02-27 14:15:00+05:30,314.0,314.25,312.55,313.5,845,108940
2026-02-27 14:16:00+05:30,309.2,313.45,308.6,309.3,2470,108940
2026-02-27 14:17:00+05:30,310.9,311.35,306.95,311.1,975,108615
2026-02-27 14:18:00+05:30,309.6,309.8,306.45,307.1,6045,108615
2026-02-27 14:19:00+05:30,309.6,310.6,308.5,308.5,2795,108615
2026-02-27 14:20:00+05:30,308.95,311.9,308.9,311.55,585,106925
2026-02-27 14:21:00+05:30,312.6,316.0,312.15,313.85,5200,106925
2026-02-27 14:22:00+05:30,311.25,311.75,303.0,306.0,6175,106925
2026-02-27 14:23:00+05:30,307.6,312.45,306.5,307.15,2990,108095
2026-02-27 14:24:00+05:30,309.7,310.5,306.0,306.0,1170,108095
2026-02-27 14:25:00+05:30,304.85,305.85,300.5,301.5,1950,108095
2026-02-27 14:26:00+05:30,301.1,304.5,295.2,298.05,5850,110240
2026-02-27 14:27:00+05:30,295.4,295.85,291.9,293.75,4160,110240
2026-02-27 14:28:00+05:30,291.1,291.75,285.0,289.3,9425,110240
2026-02-27 14:29:00+05:30,288.7,288.7,281.4,283.6,5200,108810
2026-02-27 14:30:00+05:30,283.75,287.65,282.3,287.65,4420,108810
2026-02-27 14:31:00+05:30,288.3,296.9,288.15,293.85,13130,108810
2026-02-27 14:32:00+05:30,293.8,293.85,278.65,279.9,9165,108550
2026-02-27 14:33:00+05:30,279.0,285.25,277.85,285.25,3575,108550
2026-02-27 14:34:00+05:30,285.4,289.65,283.1,287.2,2405,108550
2026-02-27 14:35:00+05:30,290.0,298.3,289.65,294.25,6370,111150
2026-02-27 14:36:00+05:30,293.4,297.3,292.7,295.15,3445,111150
2026-02-27 14:37:00+05:30,299.0,302.4,292.0,295.25,4160,111150
2026-02-27 14:38:00+05:30,295.5,296.25,293.3,294.15,2600,113425
2026-02-27 14:39:00+05:30,290.85,292.95,288.9,290.8,1430,113425
2026-02-27 14:40:00+05:30,294.65,295.0,287.35,289.25,1755,113425
2026-02-27 14:41:00+05:30,289.85,289.85,284.45,285.4,7475,116350
2026-02-27 14:42:00+05:30,287.2,290.0,285.6,288.8,2730,116350
2026-02-27 14:43:00+05:30,288.8,290.4,287.85,290.4,1040,116350
2026-02-27 14:44:00+05:30,290.05,290.05,285.1,287.0,2145,117065
2026-02-27 14:45:00+05:30,288.5,288.5,285.15,286.05,4160,117065
2026-02-27 14:46:00+05:30,286.9,286.9,281.2,285.95,4095,117065
2026-02-27 14:47:00+05:30,284.1,287.45,282.0,282.0,6695,120380
2026-02-27 14:48:00+05:30,285.0,292.9,282.45,291.0,5980,120380
2026-02-27 14:49:00+05:30,291.45,293.0,285.0,292.0,4940,120380
2026-02-27 14:50:00+05:30,292.75,296.95,291.45,296.75,7930,121030
2026-02-27 14:51:00+05:30,295.0,296.1,292.95,292.95,3120,121030
2026-02-27 14:52:00+05:30,295.5,297.0,288.05,288.05,5460,121030
2026-02-27 14:53:00+05:30,288.0,290.75,280.35,290.75,11180,127790
2026-02-27 14:54:00+05:30,290.4,290.4,284.75,288.0,3445,127790
2026-02-27 14:55:00+05:30,289.15,290.0,284.6,285.05,4095,127790
2026-02-27 14:56:00+05:30,285.2,289.0,285.0,289.0,1430,127530
2026-02-27 14:57:00+05:30,289.25,289.3,286.6,286.6,1170,127530
2026-02-27 14:58:00+05:30,291.1,295.65,291.1,295.0,4550,127530
2026-02-27 14:59:00+05:30,296.35,300.85,294.3,295.3,9490,124605
2026-02-27 15:00:00+05:30,293.3,293.3,236.9,237.0,52975,124605
2026-02-27 15:01:00+05:30,236.3,244.0,225.35,238.2,56420,124605
2026-02-27 15:02:00+05:30,238.55,239.9,220.4,225.5,48490,126945
2026-02-27 15:03:00+05:30,226.05,226.6,209.3,212.25,59995,126945
2026-02-27 15:04:00+05:30,212.9,214.0,205.0,211.95,62595,126945
2026-02-27 15:05:00+05:30,212.1,219.0,192.0,194.9,100425,170495
2026-02-27 15:06:00+05:30,194.55,195.6,186.75,189.65,81185,170495
2026-02-27 15:07:00+05:30,188.75,196.25,186.1,192.95,73580,170495
2026-02-27 15:08:00+05:30,193.55,196.4,178.95,183.75,113945,217945
2026-02-27 15:09:00+05:30,184.15,205.2,183.6,200.45,183040,217945
2026-02-27 15:10:00+05:30,200.0,215.8,198.9,211.0,129220,217945
2026-02-27 15:11:00+05:30,210.0,210.05,203.05,207.0,51870,228865
2026-02-27 15:12:00+05:30,206.9,207.65,195.15,199.2,64415,228865
2026-02-27 15:13:00+05:30,200.0,205.95,199.3,203.7,35490,228865
2026-02-27 15:14:00+05:30,203.25,204.35,196.05,200.25,42965,224055
2026-02-27 15:15:00+05:30,202.2,211.2,200.95,207.4,93340,224055
2026-02-27 15:16:00+05:30,207.55,222.2,206.05,219.45,105040,224055
2026-02-27 15:17:00+05:30,219.25,224.05,211.55,220.15,84890,217815
2026-02-27 15:18:00+05:30,221.0,222.65,214.8,218.6,37310,217815
2026-02-27 15:19:00+05:30,218.5,218.5,202.4,207.55,77155,217815
2026-02-27 15:20:00+05:30,209.0,217.65,208.7,211.8,37245,185575
2026-02-27 15:21:00+05:30,212.35,212.65,206.15,210.3,20475,185575
2026-02-27 15:22:00+05:30,210.35,211.15,203.35,206.35,58110,185575
2026-02-27 15:23:00+05:30,206.85,213.95,203.35,208.55,28665,180700
2026-02-27 15:24:00+05:30,208.75,212.1,206.3,209.2,42900,180700
2026-02-27 15:25:00+05:30,209.25,213.65,208.1,208.75,59150,180700
2026-02-27 15:26:00+05:30,209.2,211.95,208.2,210.6,39455,167570
2026-02-27 15:27:00+05:30,210.15,212.1,208.9,209.8,19435,167570
2026-02-27 15:28:00+05:30,210.25,213.0,210.25,211.0,52455,167570
2026-02-27 15:29:00+05:30,211.65,218.7,211.25,217.9,56030,133900
2026-03-02 09:15:00+05:30,32.05,81.6,32.05,32.8,1614015,126490
2026-03-02 09:16:00+05:30,32.85,38.25,24.05,25.05,2810600,719095
2026-03-02 09:17:00+05:30,25.05,46.85,24.55,39.8,2896400,719095
2026-03-02 09:18:00+05:30,39.85,45.65,31.0,34.2,2147340,719095
2026-03-02 09:19:00+05:30,34.15,40.75,32.55,39.6,1942590,2260245
2026-03-02 09:20:00+05:30,39.55,72.0,38.25,61.3,4653740,2260245
2026-03-02 09:21:00+05:30,61.35,77.95,59.3,60.15,2518100,2260245
2026-03-02 09:22:00+05:30,60.4,65.8,52.3,57.85,1902680,2304445
2026-03-02 09:23:00+05:30,58.1,58.7,36.0,36.5,2138500,2304445
2026-03-02 09:24:00+05:30,36.4,46.95,35.7,39.85,2121405,3256630
2026-03-02 09:25:00+05:30,39.85,40.1,27.5,28.2,2546375,3256630
2026-03-02 09:26:00+05:30,28.2,32.35,25.05,31.0,1967940,3256630
2026-03-02 09:27:00+05:30,31.0,45.9,29.25,42.95,3129100,3996525
2026-03-02 09:28:00+05:30,43.1,46.3,37.35,44.55,2052050,3996525
2026-03-02 09:29:00+05:30,44.5,45.5,28.8,29.7,2262975,3996525
2026-03-02 09:30:00+05:30,29.7,42.65,28.6,40.2,2275390,3996525
2026-03-02 09:31:00+05:30,40.2,45.95,37.6,41.1,2247765,4663555
2026-03-02 09:32:00+05:30,40.85,44.65,36.85,42.35,1726270,4663555
2026-03-02 09:33:00+05:30,42.35,59.85,41.25,55.5,4544215,4019210
2026-03-02 09:34:00+05:30,55.5,63.95,54.0,62.7,3562325,4019210
2026-03-02 09:35:00+05:30,62.55,62.95,50.75,54.65,2674425,4019210
2026-03-02 09:36:00+05:30,54.65,60.5,47.2,49.0,2205385,4019210
2026-03-02 09:37:00+05:30,49.1,53.0,38.15,42.1,2754960,4470765
2026-03-02 09:38:00+05:30,42.15,51.85,38.0,45.95,2337205,4470765
2026-03-02 09:39:00+05:30,46.15,50.9,44.3,46.6,1268930,4470765
2026-03-02 09:40:00+05:30,46.6,60.45,45.8,45.9,2866565,4510480
2026-03-02 09:41:00+05:30,45.85,56.3,42.0,50.3,2124850,4510480
2026-03-02 09:42:00+05:30,50.15,55.7,47.7,53.3,1388010,4510480
2026-03-02 09:43:00+05:30,53.5,59.35,51.0,52.95,1578850,4807595
2026-03-02 09:44:00+05:30,52.85,55.4,50.25,51.4,1132495,4807595
2026-03-02 09:45:00+05:30,51.3,56.15,48.45,49.1,1483885,5011500
2026-03-02 09:46:00+05:30,48.95,54.0,44.0,51.85,1982955,5011500
2026-03-02 09:47:00+05:30,51.85,54.6,48.4,52.5,1769755,5011500
2026-03-02 09:48:00+05:30,52.55,57.85,47.15,47.4,2641860,5011500
2026-03-02 09:49:00+05:30,47.3,47.55,37.6,37.9,2839395,5439785
2026-03-02 09:50:00+05:30,37.8,39.25,33.75,37.65,2429440,5439785
2026-03-02 09:51:00+05:30,37.75,38.1,31.3,37.1,1754220,5439785
2026-03-02 09:52:00+05:30,37.05,37.45,27.45,27.85,2021500,5638490
2026-03-02 09:53:00+05:30,27.7,28.3,23.25,23.45,2441075,5638490
2026-03-02 09:54:00+05:30,23.35,25.1,20.45,21.3,2098590,6133920
2026-03-02 09:55:00+05:30,21.2,24.4,20.85,24.4,2042755,6133920
2026-03-02 09:56:00+05:30,24.25,24.5,21.35,23.5,1920035,6133920
2026-03-02 09:57:00+05:30,23.4,33.45,22.65,33.2,3014570,6949930
2026-03-02 09:58:00+05:30,33.15,38.4,29.7,31.95,3083860,6949930
2026-03-02 09:59:00+05:30,31.9,37.8,30.75,36.7,1680185,6949930
2026-03-02 10:00:00+05:30,36.7,40.0,30.1,32.1,2778945,6949930
2026-03-02 10:01:00+05:30,32.35,33.9,28.35,29.25,1725685,7350980
2026-03-02 10:02:00+05:30,29.35,30.5,23.15,23.5,1868425,7350980
2026-03-02 10:03:00+05:30,23.55,25.7,21.9,22.7,2133300,7720505
2026-03-02 10:04:00+05:30,22.6,23.25,19.85,21.2,2127580,7720505
2026-03-02 10:05:00+05:30,21.15,22.55,20.3,20.8,1347450,7720505
2026-03-02 10:06:00+05:30,20.7,21.4,19.55,20.8,1509625,8412690
2026-03-02 10:07:00+05:30,20.75,22.0,17.6,18.2,2038920,8412690
2026-03-02 10:08:00+05:30,18.15,18.4,15.4,16.05,2501395,8412690
2026-03-02 10:09:00+05:30,16.05,17.0,15.7,16.7,1409915,8771230
2026-03-02 10:10:00+05:30,16.7,17.7,14.6,14.95,1926015,8771230
2026-03-02 10:11:00+05:30,14.95,15.8,13.9,14.1,2014545,8771230
2026-03-02 10:12:00+05:30,14.1,14.4,13.35,13.7,1433900,9315735
2026-03-02 10:13:00+05:30,13.7,15.3,13.7,14.7,1158690,9315735
2026-03-02 10:14:00+05:30,14.65,15.5,13.6,15.25,1028170,9315735
2026-03-02 10:15:00+05:30,15.3,16.0,13.95,14.2,1347905,9412715
2026-03-02 10:16:00+05:30,14.2,14.35,11.4,11.5,2332135,9412715
2026-03-02 10:17:00+05:30,11.55,12.15,10.85,12.0,2152150,9412715
2026-03-02 10:18:00+05:30,12.0,13.35,11.85,12.55,1339325,9412715
2026-03-02 10:19:00+05:30,12.6,15.6,12.25,13.2,2156960,9767030
2026-03-02 10:20:00+05:30,13.1,13.15,10.1,10.15,1997905,9767030
2026-03-02 10:21:00+05:30,10.2,12.35,10.05,11.05,1506830,9767030
2026-03-02 10:22:00+05:30,11.05,11.95,10.15,11.7,1496820,10095605
2026-03-02 10:23:00+05:30,11.7,13.05,11.05,11.2,1636895,10095605
2026-03-02 10:24:00+05:30,11.25,11.75,10.45,10.7,974870,10426975
2026-03-02 10:25:00+05:30,10.7,11.85,10.4,11.0,905190,10426975
2026-03-02 10:26:00+05:30,11.0,12.4,10.85,12.05,1190150,10426975
2026-03-02 10:27:00+05:30,12.0,12.7,10.85,10.9,1313390,10426975
2026-03-02 10:28:00+05:30,10.9,11.35,10.55,10.55,885950,10665460
2026-03-02 10:29:00+05:30,10.6,11.4,9.6,10.35,1478750,10665460
2026-03-02 10:30:00+05:30,10.35,11.0,9.6,10.2,1523275,10665460
2026-03-02 10:31:00+05:30,10.25,13.75,10.2,12.8,1622530,10421970
2026-03-02 10:32:00+05:30,12.75,13.65,11.2,11.35,1859260,10421970
2026-03-02 10:33:00+05:30,11.4,13.65,11.2,13.3,1097655,10421970
2026-03-02 10:34:00+05:30,13.3,14.2,11.45,11.55,1535625,10611835
2026-03-02 10:35:00+05:30,11.55,12.25,9.6,10.0,1764035,10611835
2026-03-02 10:36:00+05:30,10.05,10.85,8.4,8.85,2658045,11220235
2026-03-02 10:37:00+05:30,8.9,9.85,7.85,8.9,4130100,11220235
2026-03-02 10:38:00+05:30,8.85,9.95,8.4,8.55,1566825,11220235
2026-03-02 10:39:00+05:30,8.55,8.7,7.8,8.05,1316380,11220235
2026-03-02 10:40:00+05:30,8.05,8.25,7.4,7.75,1587560,12052105
2026-03-02 10:41:00+05:30,7.8,8.45,7.7,8.2,1083095,12052105
2026-03-02 10:42:00+05:30,8.2,8.9,7.8,8.05,922220,12052105
2026-03-02 10:43:00+05:30,8.0,8.05,6.65,6.65,2677220,11850995
2026-03-02 10:44:00+05:30,6.7,6.9,5.95,6.0,5114785,11850995
2026-03-02 10:45:00+05:30,5.95,6.35,5.75,6.0,2242760,9203805
2026-03-02 10:46:00+05:30,6.0,6.75,5.85,6.25,1673100,9203805
2026-03-02 10:47:00+05:30,6.2,6.3,5.75,5.95,1441375,9203805
2026-03-02 10:48:00+05:30,5.95,6.15,5.45,5.75,1541605,9203805
2026-03-02 10:49:00+05:30,5.7,5.75,5.15,5.35,1031550,8701680
2026-03-02 10:50:00+05:30,5.35,5.85,5.3,5.7,884455,8701680
2026-03-02 10:51:00+05:30,5.65,5.9,5.4,5.55,834860,8701680
2026-03-02 10:52:00+05:30,5.55,5.95,5.5,5.6,684710,8637460
2026-03-02 10:53:00+05:30,5.6,5.65,5.2,5.3,631670,8637460
2026-03-02 10:54:00+05:30,5.3,5.65,5.0,5.2,627510,8637460
2026-03-02 10:55:00+05:30,5.2,6.0,5.15,6.0,918060,8577920
2026-03-02 10:56:00+05:30,5.95,6.8,5.85,6.35,1421355,8577920
2026-03-02 10:57:00+05:30,6.35,6.9,6.15,6.8,1623570,8577920
2026-03-02 10:58:00+05:30,6.75,8.95,6.4,8.3,2657395,9126650
2026-03-02 10:59:00+05:30,8.25,8.95,7.9,8.4,2689505,9126650
2026-03-02 11:00:00+05:30,8.4,8.8,6.85,7.35,2000050,9126650
2026-03-02 11:01:00+05:30,7.35,8.85,7.2,8.45,1583465,9610120
2026-03-02 11:02:00+05:30,8.4,10.25,8.25,9.1,2254655,9610120
2026-03-02 11:03:00+05:30,9.1,10.4,8.95,9.35,1999075,9610120
2026-03-02 11:04:00+05:30,9.4,9.85,7.4,7.45,1996410,9869210
2026-03-02 11:05:00+05:30,7.45,7.9,6.35,7.9,1928550,9869210
2026-03-02 11:06:00+05:30,7.85,8.95,7.65,8.05,1455025,9869210
2026-03-02 11:07:00+05:30,8.05,8.75,7.35,7.4,854490,10072400
2026-03-02 11:08:00+05:30,7.4,8.05,7.1,7.35,1203800,10072400
2026-03-02 11:09:00+05:30,7.3,8.1,7.15,7.8,864500,10072400
2026-03-02 11:10:00+05:30,7.75,7.8,6.45,6.65,1044550,10136555
2026-03-02 11:11:00+05:30,6.65,6.9,5.75,6.0,1358240,10136555
2026-03-02 11:12:00+05:30,6.0,6.4,5.65,5.8,926965,10136555
2026-03-02 11:13:00+05:30,5.85,6.3,5.7,6.1,581295,10133305
2026-03-02 11:14:00+05:30,6.1,6.15,5.3,5.55,1721265,10133305
2026-03-02 11:15:00+05:30,5.55,6.05,5.4,5.6,798265,10133305
2026-03-02 11:16:00+05:30,5.7,5.95,5.15,5.25,833625,9799400
2026-03-02 11:17:00+05:30,5.25,5.3,4.6,4.75,3066895,9799400
2026-03-02 11:18:00+05:30,4.8,5.25,4.75,4.8,944125,9799400
2026-03-02 11:19:00+05:30,4.75,5.1,4.55,4.55,1168570,8745360
2026-03-02 11:20:00+05:30,4.6,4.7,4.3,4.5,1571050,8745360
2026-03-02 11:21:00+05:30,4.5,4.7,4.4,4.55,585780,8561670
2026-03-02 11:22:00+05:30,4.6,4.65,4.2,4.25,840255,8561670
2026-03-02 11:23:00+05:30,4.25,4.3,3.95,4.05,1115335,8561670
2026-03-02 11:24:00+05:30,4.05,4.1,3.8,3.85,698360,8561670
2026-03-02 11:25:00+05:30,3.9,4.0,3.75,3.85,969930,8567910
2026-03-02 11:26:00+05:30,3.8,3.85,3.6,3.7,1015170,8567910
2026-03-02 11:27:00+05:30,3.7,3.75,3.5,3.65,1052155,8567910
2026-03-02 11:28:00+05:30,3.6,3.65,3.35,3.4,1367015,8229390
2026-03-02 11:29:00+05:30,3.45,3.45,3.3,3.3,822380,8229390
2026-03-02 11:30:00+05:30,3.3,3.45,3.25,3.3,862160,8229390
2026-03-02 11:31:00+05:30,3.35,3.55,3.3,3.3,843505,8168225
2026-03-02 11:32:00+05:30,3.35,3.4,3.15,3.25,713830,8168225
2026-03-02 11:33:00+05:30,3.25,3.3,3.05,3.05,787215,8168225
2026-03-02 11:34:00+05:30,3.1,3.1,2.9,2.9,1158560,8192405
2026-03-02 11:35:00+05:30,2.95,3.1,2.85,3.0,1472965,8192405
2026-03-02 11:36:00+05:30,2.95,3.15,2.95,3.0,595465,8192405
2026-03-02 11:37:00+05:30,3.0,3.05,2.8,2.9,788060,8065330
2026-03-02 11:38:00+05:30,2.95,3.2,2.95,3.15,494065,8065330
2026-03-02 11:39:00+05:30,3.15,3.3,3.05,3.3,443820,8065330
2026-03-02 11:40:00+05:30,3.25,3.35,2.85,2.95,664170,8133190
2026-03-02 11:41:00+05:30,3.0,3.25,2.95,3.15,574730,8133190
2026-03-02 11:42:00+05:30,3.15,3.25,3.05,3.2,350155,8133190
2026-03-02 11:43:00+05:30,3.25,3.35,3.1,3.2,526565,8288280
2026-03-02 11:44:00+05:30,3.2,3.35,3.15,3.25,251355,8288280
2026-03-02 11:45:00+05:30,3.3,3.5,3.15,3.45,492505,8288280
2026-03-02 11:46:00+05:30,3.5,4.35,3.45,3.95,1314300,8398065
2026-03-02 11:47:00+05:30,4.0,4.45,3.85,3.9,1202305,8398065
2026-03-02 11:48:00+05:30,3.9,4.1,3.35,3.5,969605,8398065
2026-03-02 11:49:00+05:30,3.5,3.55,3.25,3.3,874250,8404240
2026-03-02 11:50:00+05:30,3.3,3.4,3.0,3.05,577135,8404240
2026-03-02 11:51:00+05:30,3.05,3.1,2.8,2.95,923130,8404240
2026-03-02 11:52:00+05:30,2.9,2.95,2.7,2.7,833170,8227765
2026-03-02 11:53:00+05:30,2.7,2.8,2.65,2.8,842985,8227765
2026-03-02 11:54:00+05:30,2.75,2.85,2.65,2.7,1099475,8227765
2026-03-02 11:55:00+05:30,2.7,2.8,2.65,2.65,1210365,8227765
2026-03-02 11:56:00+05:30,2.65,2.7,2.6,2.65,759590,8476390
2026-03-02 11:57:00+05:30,2.65,2.7,2.55,2.6,690300,8476390
2026-03-02 11:58:00+05:30,2.65,2.7,2.55,2.65,644215,8428160
2026-03-02 11:59:00+05:30,2.65,2.8,2.6,2.65,1240005,8428160
2026-03-02 12:00:00+05:30,2.65,2.75,2.45,2.45,2446275,8428160
2026-03-02 12:01:00+05:30,2.5,2.6,2.45,2.5,962650,8428160
2026-03-02 12:02:00+05:30,2.5,2.55,2.45,2.45,686075,7857720
2026-03-02 12:03:00+05:30,2.5,2.5,2.3,2.35,1074125,7857720
2026-03-02 12:04:00+05:30,2.35,2.35,2.2,2.25,993460,7857720
2026-03-02 12:05:00+05:30,2.25,2.25,2.2,2.25,777660,7863375
2026-03-02 12:06:00+05:30,2.2,2.3,2.2,2.3,582140,7863375
2026-03-02 12:07:00+05:30,2.3,2.3,2.25,2.3,351000,7863375
2026-03-02 12:08:00+05:30,2.3,2.3,2.1,2.1,254865,7670065
2026-03-02 12:09:00+05:30,2.1,2.15,2.05,2.05,451230,7670065
2026-03-02 12:10:00+05:30,2.1,2.1,2.0,2.0,706940,7670065
2026-03-02 12:11:00+05:30,2.05,2.1,2.0,2.0,748150,7625475
2026-03-02 12:12:00+05:30,2.0,2.1,1.9,1.95,977470,7625475
2026-03-02 12:13:00+05:30,1.95,2.0,1.9,1.9,648050,7625475
2026-03-02 12:14:00+05:30,1.95,2.0,1.85,1.95,1006200,7588815
2026-03-02 12:15:00+05:30,2.0,2.25,1.9,2.1,2060695,7588815
2026-03-02 12:16:00+05:30,2.1,2.15,1.95,2.1,1915095,7588815
2026-03-02 12:17:00+05:30,2.05,2.4,2.05,2.3,1943500,6769555
2026-03-02 12:18:00+05:30,2.35,2.45,2.25,2.25,1324700,6769555
2026-03-02 12:19:00+05:30,2.25,2.35,2.15,2.25,1072565,6769555
2026-03-02 12:20:00+05:30,2.25,2.35,2.1,2.15,1260870,6624280
2026-03-02 12:21:00+05:30,2.15,2.25,2.0,2.2,1340950,6624280
2026-03-02 12:22:00+05:30,2.2,2.3,2.15,2.2,633425,6624280
2026-03-02 12:23:00+05:30,2.25,2.3,2.1,2.1,704860,6648070
2026-03-02 12:24:00+05:30,2.1,2.15,2.05,2.1,359580,6648070
2026-03-02 12:25:00+05:30,2.1,2.1,1.95,2.0,217815,6648070
2026-03-02 12:26:00+05:30,2.0,2.05,1.95,2.0,382525,6747910
2026-03-02 12:27:00+05:30,1.95,2.0,1.9,1.95,267410,6747910
2026-03-02 12:28:00+05:30,1.95,2.05,1.85,2.0,731705,6747910
2026-03-02 12:29:00+05:30,1.95,2.0,1.8,1.9,1314560,6790550
2026-03-02 12:30:00+05:30,1.9,2.0,1.9,1.9,394485,6790550
2026-03-02 12:31:00+05:30,1.95,2.0,1.9,1.95,272545,6790550
2026-03-02 12:32:00+05:30,1.95,2.2,1.9,2.1,1020045,6788275
2026-03-02 12:33:00+05:30,2.1,2.15,2.0,2.0,447590,6788275
2026-03-02 12:34:00+05:30,2.0,2.1,2.0,2.05,376350,7039565
2026-03-02 12:35:00+05:30,2.05,2.15,2.0,2.0,530465,7039565
2026-03-02 12:36:00+05:30,2.05,2.05,1.95,2.0,259675,7039565
2026-03-02 12:37:00+05:30,2.0,2.05,1.95,2.05,142155,7039565
2026-03-02 12:38:00+05:30,2.0,2.15,1.9,2.15,1504685,7086365
2026-03-02 12:39:00+05:30,2.15,2.15,1.8,1.85,1052090,7086365
2026-03-02 12:40:00+05:30,1.8,2.0,1.8,1.85,1138085,7086365
2026-03-02 12:41:00+05:30,1.9,2.0,1.85,1.95,633685,7114835
2026-03-02 12:42:00+05:30,1.95,2.0,1.9,2.0,715260,7114835
2026-03-02 12:43:00+05:30,1.95,2.0,1.8,1.8,1163110,7114835
2026-03-02 12:44:00+05:30,1.85,1.85,1.75,1.75,881140,7010510
2026-03-02 12:45:00+05:30,1.75,2.0,1.75,1.8,1521910,7010510
2026-03-02 12:46:00+05:30,1.85,1.9,1.7,1.75,1182090,7010510
2026-03-02 12:47:00+05:30,1.8,1.8,1.6,1.65,598000,6871735
2026-03-02 12:48:00+05:30,1.65,1.65,1.45,1.45,587405,6871735
2026-03-02 12:49:00+05:30,1.45,1.5,1.4,1.5,609895,6871735
2026-03-02 12:50:00+05:30,1.45,1.55,1.45,1.5,247130,6696300
2026-03-02 12:51:00+05:30,1.55,1.6,1.45,1.5,733265,6696300
2026-03-02 12:52:00+05:30,1.55,1.55,1.45,1.5,237120,6696300
2026-03-02 12:53:00+05:30,1.45,1.6,1.45,1.5,490035,6555380
2026-03-02 12:54:00+05:30,1.55,1.6,1.45,1.5,404300,6555380
2026-03-02 12:55:00+05:30,1.5,1.55,1.45,1.5,229580,6555380
2026-03-02 12:56:00+05:30,1.45,1.55,1.4,1.4,289770,6606795
2026-03-02 12:57:00+05:30,1.4,1.45,1.35,1.45,322725,6606795
2026-03-02 12:58:00+05:30,1.45,1.45,1.3,1.35,386165,6606795
2026-03-02 12:59:00+05:30,1.35,1.35,1.3,1.3,178750,6672900
2026-03-02 13:00:00+05:30,1.35,1.35,1.3,1.35,123825,6672900
2026-03-02 13:01:00+05:30,1.35,1.4,1.3,1.3,304135,6672900
2026-03-02 13:02:00+05:30,1.3,1.35,1.3,1.3,75465,6749730
2026-03-02 13:03:00+05:30,1.3,1.35,1.3,1.3,181740,6749730
2026-03-02 13:04:00+05:30,1.35,1.35,1.25,1.35,442845,6749730
2026-03-02 13:05:00+05:30,1.35,1.35,1.3,1.3,147225,6621030
2026-03-02 13:06:00+05:30,1.35,1.35,1.25,1.3,345735,6621030
2026-03-02 13:07:00+05:30,1.3,1.35,1.25,1.35,143390,6621030
2026-03-02 13:08:00+05:30,1.3,1.35,1.25,1.25,364325,6515535
2026-03-02 13:09:00+05:30,1.3,1.3,1.25,1.25,85215,6515535
2026-03-02 13:10:00+05:30,1.3,1.3,1.25,1.25,93210,6515535
2026-03-02 13:11:00+05:30,1.25,1.3,1.25,1.25,89115,6481930
2026-03-02 13:12:00+05:30,1.25,1.3,1.2,1.2,305955,6481930
2026-03-02 13:13:00+05:30,1.2,1.3,1.2,1.25,240240,6481930
2026-03-02 13:14:00+05:30,1.3,1.4,1.25,1.25,667225,6326710
2026-03-02 13:15:00+05:30,1.3,1.35,1.25,1.3,254085,6326710
2026-03-02 13:16:00+05:30,1.35,1.4,1.3,1.35,415480,6326710
2026-03-02 13:17:00+05:30,1.3,1.4,1.3,1.3,244465,6448780
2026-03-02 13:18:00+05:30,1.3,1.4,1.3,1.4,146770,6448780
2026-03-02 13:19:00+05:30,1.4,1.4,1.3,1.3,161980,6448780
2026-03-02 13:20:00+05:30,1.3,1.35,1.3,1.3,154245,6382025
2026-03-02 13:21:00+05:30,1.3,1.35,1.25,1.25,133445,6382025
2026-03-02 13:22:00+05:30,1.25,1.35,1.25,1.3,181415,6382025
2026-03-02 13:23:00+05:30,1.35,1.35,1.3,1.35,56420,6299475
2026-03-02 13:24:00+05:30,1.3,1.35,1.25,1.25,213915,6299475
2026-03-02 13:25:00+05:30,1.3,1.4,1.25,1.3,760370,6299475
2026-03-02 13:26:00+05:30,1.35,1.4,1.25,1.35,761865,6258850
2026-03-02 13:27:00+05:30,1.35,1.35,1.3,1.35,275730,6258850
2026-03-02 13:28:00+05:30,1.35,1.5,1.35,1.45,693160,6258850
2026-03-02 13:29:00+05:30,1.45,1.45,1.3,1.3,365950,6136650
2026-03-02 13:30:00+05:30,1.3,1.4,1.3,1.35,285090,6136650
2026-03-02 13:31:00+05:30,1.35,1.45,1.35,1.4,557180,6136650
2026-03-02 13:32:00+05:30,1.4,1.45,1.35,1.4,577720,6316960
2026-03-02 13:33:00+05:30,1.4,1.45,1.3,1.3,266110,6316960
2026-03-02 13:34:00+05:30,1.3,1.35,1.25,1.3,276380,6316960
2026-03-02 13:35:00+05:30,1.35,1.35,1.25,1.35,236210,6340685
2026-03-02 13:36:00+05:30,1.35,1.35,1.25,1.35,169585,6340685
2026-03-02 13:37:00+05:30,1.35,1.35,1.3,1.35,311090,6340685
2026-03-02 13:38:00+05:30,1.35,1.35,1.3,1.3,163930,6112145
2026-03-02 13:39:00+05:30,1.3,1.35,1.25,1.35,341250,6112145
2026-03-02 13:40:00+05:30,1.35,1.35,1.25,1.25,264485,6112145
2026-03-02 13:41:00+05:30,1.25,1.35,1.25,1.35,452660,5992870
2026-03-02 13:42:00+05:30,1.35,1.35,1.25,1.25,424125,5992870
2026-03-02 13:43:00+05:30,1.25,1.3,1.1,1.15,474305,5992870
2026-03-02 13:44:00+05:30,1.15,1.2,1.1,1.2,464490,6036615
2026-03-02 13:45:00+05:30,1.2,1.2,1.1,1.15,322075,6036615
2026-03-02 13:46:00+05:30,1.1,1.15,1.05,1.05,384410,6036615
2026-03-02 13:47:00+05:30,1.05,1.1,1.05,1.1,289965,5820620
2026-03-02 13:48:00+05:30,1.1,1.1,1.05,1.1,463320,5820620
2026-03-02 13:49:00+05:30,1.05,1.1,1.0,1.05,465595,5820620
2026-03-02 13:50:00+05:30,1.05,1.05,0.95,1.0,570895,5544630
2026-03-02 13:51:00+05:30,1.05,1.15,1.0,1.15,520065,5544630
2026-03-02 13:52:00+05:30,1.15,1.25,1.1,1.2,433615,5544630
2026-03-02 13:53:00+05:30,1.2,1.3,1.2,1.3,410865,5471245
2026-03-02 13:54:00+05:30,1.3,1.4,1.25,1.35,540280,5471245
2026-03-02 13:55:00+05:30,1.35,1.45,1.25,1.4,1162460,5471245
2026-03-02 13:56:00+05:30,1.4,1.45,1.35,1.4,733785,5438810
2026-03-02 13:57:00+05:30,1.4,1.45,1.3,1.3,1274130,5438810
2026-03-02 13:58:00+05:30,1.3,1.45,1.3,1.3,539045,5438810
2026-03-02 13:59:00+05:30,1.3,1.4,1.3,1.35,472875,5339685
2026-03-02 14:00:00+05:30,1.3,1.4,1.3,1.35,439465,5339685
2026-03-02 14:01:00+05:30,1.3,1.35,1.25,1.35,746655,5339685
2026-03-02 14:02:00+05:30,1.35,1.35,1.25,1.25,584090,5272735
2026-03-02 14:03:00+05:30,1.3,1.3,1.15,1.2,1094015,5272735
2026-03-02 14:04:00+05:30,1.2,2.3,1.1,1.2,5227690,5272735
2026-03-02 14:05:00+05:30,1.15,1.9,1.1,1.6,3741660,5053880
2026-03-02 14:06:00+05:30,1.55,2.35,1.45,2.2,3046810,5053880
2026-03-02 14:07:00+05:30,2.15,2.75,1.8,2.25,4805385,5053880
2026-03-02 14:08:00+05:30,2.25,3.55,1.95,2.05,4823910,5203965
2026-03-02 14:09:00+05:30,2.0,2.3,1.85,2.1,2601950,5203965
2026-03-02 14:10:00+05:30,2.1,2.45,1.9,2.2,2167425,5524350
2026-03-02 14:11:00+05:30,2.2,3.0,2.05,2.15,2938780,5524350
2026-03-02 14:12:00+05:30,2.2,2.7,2.15,2.6,2534740,5524350
2026-03-02 14:13:00+05:30,2.6,3.4,2.1,2.4,4909710,5524350
2026-03-02 14:14:00+05:30,2.4,2.85,2.15,2.5,3753230,5765305
2026-03-02 14:15:00+05:30,2.5,2.7,1.25,1.45,8670350,5765305
2026-03-02 14:16:00+05:30,1.4,2.3,1.4,2.2,4773145,5854160
2026-03-02 14:17:00+05:30,2.15,2.4,1.65,1.8,5112965,5854160
2026-03-02 14:18:00+05:30,1.8,2.2,1.7,2.1,4501185,5854160
2026-03-02 14:19:00+05:30,2.1,2.2,1.75,1.95,3210805,5854160
2026-03-02 14:20:00+05:30,1.95,2.3,1.75,2.0,4620980,6046365
2026-03-02 14:21:00+05:30,1.95,2.15,1.55,1.6,4996095,6046365
2026-03-02 14:22:00+05:30,1.55,1.6,1.35,1.45,8930935,6046365
2026-03-02 14:23:00+05:30,1.45,1.85,1.3,1.8,3233880,6129110
2026-03-02 14:24:00+05:30,1.8,2.1,1.55,1.8,2380040,6129110
2026-03-02 14:25:00+05:30,1.75,1.9,1.4,1.5,1798420,6129110
2026-03-02 14:26:00+05:30,1.45,1.55,1.3,1.3,1317875,6240000
2026-03-02 14:27:00+05:30,1.35,1.5,1.05,1.15,1685645,6240000
2026-03-02 14:28:00+05:30,1.15,1.2,0.95,1.0,2341105,6240000
2026-03-02 14:29:00+05:30,1.0,1.0,0.9,0.95,1768585,6196710
2026-03-02 14:30:00+05:30,0.95,1.0,0.75,0.8,2316015,6196710
2026-03-02 14:31:00+05:30,0.8,0.85,0.6,0.6,1942525,6115525
2026-03-02 14:32:00+05:30,0.65,0.7,0.55,0.6,1018745,6115525
2026-03-02 14:33:00+05:30,0.65,1.2,0.65,1.15,3576430,6115525
2026-03-02 14:34:00+05:30,1.15,2.05,0.9,1.95,3637530,6115525
2026-03-02 14:35:00+05:30,1.95,4.3,1.7,3.35,13785135,5501665
2026-03-02 14:36:00+05:30,3.35,3.65,1.55,2.35,8785530,5501665
2026-03-02 14:37:00+05:30,2.4,2.6,1.65,1.7,4359485,6366100
2026-03-02 14:38:00+05:30,1.7,2.7,1.35,2.7,4874545,6366100
2026-03-02 14:39:00+05:30,2.7,2.9,1.75,2.0,5804890,6366100
2026-03-02 14:40:00+05:30,2.05,5.1,2.0,4.4,6905470,6279195
2026-03-02 14:41:00+05:30,4.35,5.8,3.05,4.4,7755865,6279195
2026-03-02 14:42:00+05:30,4.4,5.05,2.2,2.95,6185205,6279195
2026-03-02 14:43:00+05:30,2.95,3.05,2.2,2.45,4013815,7096180
2026-03-02 14:44:00+05:30,2.4,3.85,2.35,3.1,5295875,7096180
2026-03-02 14:45:00+05:30,3.1,3.3,1.55,1.6,6841185,7096180
2026-03-02 14:46:00+05:30,1.55,2.0,1.4,1.6,5197790,6647875
2026-03-02 14:47:00+05:30,1.55,4.85,1.3,4.6,7066410,6647875
2026-03-02 14:48:00+05:30,4.55,5.05,1.35,2.2,12595765,6647875
2026-03-02 14:49:00+05:30,2.2,2.25,1.2,1.4,6659575,7297095
2026-03-02 14:50:00+05:30,1.4,2.05,1.2,1.8,6724055,7297095
2026-03-02 14:51:00+05:30,1.8,1.8,1.05,1.35,5814250,7297095
2026-03-02 14:52:00+05:30,1.35,1.75,1.05,1.7,6231940,7297095
2026-03-02 14:53:00+05:30,1.75,1.9,1.15,1.25,6748300,7774650
2026-03-02 14:54:00+05:30,1.3,1.55,1.1,1.2,5341375,7774650
2026-03-02 14:55:00+05:30,1.25,1.3,0.55,0.7,7278375,7774650
2026-03-02 14:56:00+05:30,0.75,0.95,0.5,0.5,5955105,7468435
2026-03-02 14:57:00+05:30,0.55,0.8,0.5,0.65,3564990,7468435
2026-03-02 14:58:00+05:30,0.7,0.8,0.6,0.65,1978795,7468435
2026-03-02 14:59:00+05:30,0.7,0.7,0.55,0.6,2157610,7123805
2026-03-02 15:00:00+05:30,0.65,0.75,0.45,0.55,2904460,7123805
2026-03-02 15:01:00+05:30,0.55,0.6,0.3,0.3,2454205,6796790
2026-03-02 15:02:00+05:30,0.35,0.35,0.25,0.3,2085265,6796790
2026-03-02 15:03:00+05:30,0.3,0.3,0.2,0.25,1950130,6796790
2026-03-02 15:04:00+05:30,0.2,0.3,0.2,0.25,1901510,6796790
2026-03-02 15:05:00+05:30,0.25,0.3,0.2,0.2,1478490,6231745
2026-03-02 15:06:00+05:30,0.2,0.25,0.2,0.2,855465,6231745
2026-03-02 15:07:00+05:30,0.2,0.25,0.15,0.15,713440,6231745
2026-03-02 15:08:00+05:30,0.15,0.2,0.15,0.15,597025,5797740
2026-03-02 15:09:00+05:30,0.15,0.2,0.15,0.2,549185,5797740
2026-03-02 15:10:00+05:30,0.2,0.2,0.15,0.2,423020,5797740
2026-03-02 15:11:00+05:30,0.2,0.2,0.15,0.2,251225,5484830
2026-03-02 15:12:00+05:30,0.2,0.2,0.15,0.2,323310,5484830
2026-03-02 15:13:00+05:30,0.2,0.25,0.15,0.2,1298180,5484830
2026-03-02 15:14:00+05:30,0.2,0.25,0.2,0.25,592345,5140915
2026-03-02 15:15:00+05:30,0.25,0.25,0.15,0.2,1644825,5140915
2026-03-02 15:16:00+05:30,0.2,0.2,0.15,0.2,737880,5140915
2026-03-02 15:17:00+05:30,0.2,0.25,0.15,0.2,830440,5140915
2026-03-02 15:18:00+05:30,0.25,0.25,0.15,0.15,325260,5296070
2026-03-02 15:19:00+05:30,0.2,0.2,0.15,0.2,324155,5296070
2026-03-02 15:20:00+05:30,0.2,0.2,0.1,0.1,821925,5296070
2026-03-02 15:21:00+05:30,0.1,0.15,0.05,0.05,1553045,5380895
2026-03-02 15:22:00+05:30,0.05,0.1,0.05,0.1,341380,5380895
2026-03-02 15:23:00+05:30,0.05,0.1,0.05,0.1,884130,5380895
2026-03-02 15:24:00+05:30,0.05,0.1,0.05,0.05,2280395,5114590
2026-03-02 15:25:00+05:30,0.1,0.1,0.05,0.05,489385,5114590
2026-03-02 15:26:00+05:30,0.05,0.05,0.05,0.05,52390,5114590
2026-03-02 15:27:00+05:30,0.05,0.05,0.05,0.05,137995,3875820
2026-03-02 15:28:00+05:30,0.05,0.05,0.05,0.05,53430,3875820
2026-03-02 15:29:00+05:30,0.05,0.05,0.05,0.05,20215,3875820
