timestamp,open,high,low,close,volume,open_interest
2025-12-16 09:15:00+05:30,132.25,135.1,125.1,128.85,14625,372375
2025-12-16 09:16:00+05:30,126.75,126.75,124.2,125.5,19575,371550
2025-12-16 09:17:00+05:30,126.4,129.44,124.7,127.3,10125,371550
2025-12-16 09:18:00+05:30,126.45,129.9,125.25,128.75,13125,371550
2025-12-16 09:19:00+05:30,128.9,130.5,128.75,129.19,10950,367950
2025-12-16 09:20:00+05:30,128.0,129.3,126.65,129.3,3750,367950
2025-12-16 09:21:00+05:30,129.0,131.05,129.0,131.05,975,367950
2025-12-16 09:22:00+05:30,130.05,130.6,126.8,126.8,5850,366825
2025-12-16 09:23:00+05:30,127.6,128.05,126.35,126.65,5850,366825
2025-12-16 09:24:00+05:30,125.8,127.2,125.2,126.35,23925,366825
2025-12-16 09:25:00+05:30,125.95,127.35,124.05,126.1,18300,371400
2025-12-16 09:26:00+05:30,125.95,128.8,125.15,125.7,7575,371400
2025-12-16 09:27:00+05:30,125.55,127.55,125.0,127.55,3075,371400
2025-12-16 09:28:00+05:30,127.25,129.3,127.25,128.19,5175,369525
2025-12-16 09:29:00+05:30,126.95,127.45,126.5,126.5,2850,369525
2025-12-16 09:30:00+05:30,126.15,126.15,123.2,124.4,6075,369525
2025-12-16 09:31:00+05:30,123.25,123.65,121.75,122.7,9975,369375
2025-12-16 09:32:00+05:30,123.05,124.8,123.05,124.3,4125,369375
2025-12-16 09:33:00+05:30,124.0,127.45,123.5,127.45,2775,369375
2025-12-16 09:34:00+05:30,126.45,126.55,125.7,125.95,2175,373050
2025-12-16 09:35:00+05:30,125.55,126.05,123.5,123.5,1875,373050
2025-12-16 09:36:00+05:30,123.95,124.5,122.6,122.6,2625,373050
2025-12-16 09:37:00+05:30,122.8,126.4,122.8,125.8,2025,370125
2025-12-16 09:38:00+05:30,125.95,127.1,125.0,126.0,7275,370125
2025-12-16 09:39:00+05:30,126.5,127.0,126.5,127.0,225,370125
2025-12-16 09:40:00+05:30,127.05,128.94,127.05,128.8,3900,362925
2025-12-16 09:41:00+05:30,128.25,130.1,128.0,130.1,3900,362925
2025-12-16 09:42:00+05:30,128.94,130.5,128.94,130.5,5775,362925
2025-12-16 09:43:00+05:30,130.0,130.35,128.9,128.9,2400,354975
2025-12-16 09:44:00+05:30,129.35,129.55,126.5,129.55,2850,354975
2025-12-16 09:45:00+05:30,128.05,129.85,128.05,129.85,525,354975
2025-12-16 09:46:00+05:30,130.0,130.4,129.55,130.4,3375,352575
2025-12-16 09:47:00+05:30,130.6,130.94,130.05,130.94,975,352575
2025-12-16 09:48:00+05:30,129.35,131.35,129.0,131.1,6075,352575
2025-12-16 09:49:00+05:30,131.19,131.5,130.05,130.75,1950,353625
2025-12-16 09:50:00+05:30,130.35,130.4,129.35,130.4,1050,353625
2025-12-16 09:51:00+05:30,128.5,130.55,128.5,129.3,750,353625
2025-12-16 09:52:00+05:30,128.0,130.44,128.0,130.35,300,353325
2025-12-16 09:53:00+05:30,130.8,131.0,130.4,131.0,975,353325
2025-12-16 09:54:00+05:30,131.15,132.0,131.0,131.15,1275,353325
2025-12-16 09:55:00+05:30,129.65,129.85,129.65,129.85,675,353325
2025-12-16 09:56:00+05:30,126.15,127.2,125.65,127.2,2625,354300
2025-12-16 09:57:00+05:30,126.85,129.25,126.85,128.3,2250,354300
2025-12-16 09:58:00+05:30,127.15,127.35,122.0,122.0,3375,352200
2025-12-16 09:59:00+05:30,122.05,122.05,118.6,119.95,7500,352200
2025-12-16 10:00:00+05:30,119.7,120.65,119.1,119.75,8025,352200
2025-12-16 10:01:00+05:30,119.1,119.65,118.3,118.7,6150,349950
2025-12-16 10:02:00+05:30,116.95,117.4,113.55,114.25,8100,349950
2025-12-16 10:03:00+05:30,113.95,114.4,113.3,113.9,18225,349950
2025-12-16 10:04:00+05:30,113.95,116.95,113.7,116.6,17100,335550
2025-12-16 10:05:00+05:30,116.0,118.0,115.85,117.25,4350,335550
2025-12-16 10:06:00+05:30,118.0,119.05,117.35,119.05,1575,335550
2025-12-16 10:07:00+05:30,118.85,118.9,118.0,118.9,4500,331650
2025-12-16 10:08:00+05:30,118.55,118.55,117.55,117.8,1725,331650
2025-12-16 10:09:00+05:30,117.8,117.8,116.5,117.0,1875,331650
2025-12-16 10:10:00+05:30,116.55,117.9,116.35,116.55,3450,330750
2025-12-16 10:11:00+05:30,116.45,116.7,116.0,116.25,1875,330750
2025-12-16 10:12:00+05:30,116.25,116.25,115.45,115.45,675,330750
2025-12-16 10:13:00+05:30,115.45,116.5,115.45,116.5,825,328200
2025-12-16 10:14:00+05:30,116.4,118.1,116.4,118.1,1350,328200
2025-12-16 10:15:00+05:30,116.45,117.0,116.45,117.0,1350,328200
2025-12-16 10:16:00+05:30,117.6,118.7,117.2,118.5,600,328575
2025-12-16 10:17:00+05:30,118.5,119.75,118.5,119.5,750,328575
2025-12-16 10:18:00+05:30,120.0,121.0,119.6,121.0,675,328575
2025-12-16 10:19:00+05:30,121.65,122.7,121.1,121.1,1800,328500
2025-12-16 10:20:00+05:30,121.75,121.75,121.1,121.1,975,328500
2025-12-16 10:21:00+05:30,121.2,121.95,121.2,121.95,2550,328500
2025-12-16 10:22:00+05:30,120.75,122.0,120.0,120.6,2775,328725
2025-12-16 10:23:00+05:30,120.8,120.8,120.15,120.15,525,328725
2025-12-16 10:24:00+05:30,120.0,121.0,120.0,121.0,3675,328725
2025-12-16 10:25:00+05:30,121.0,122.0,120.5,121.0,2550,332250
2025-12-16 10:26:00+05:30,122.0,123.0,122.0,123.0,375,332250
2025-12-16 10:27:00+05:30,123.0,123.0,123.0,123.0,525,332250
2025-12-16 10:28:00+05:30,120.45,122.05,120.45,121.4,300,332775
2025-12-16 10:29:00+05:30,121.4,122.25,121.0,121.15,825,332775
2025-12-16 10:30:00+05:30,121.15,122.65,121.0,122.65,1200,332775
2025-12-16 10:31:00+05:30,122.8,124.0,122.75,122.75,2850,333000
2025-12-16 10:32:00+05:30,122.7,123.8,122.55,122.9,2700,333000
2025-12-16 10:33:00+05:30,122.75,122.8,122.0,122.0,1725,333000
2025-12-16 10:34:00+05:30,121.5,121.7,120.85,121.0,1950,333000
2025-12-16 10:35:00+05:30,121.05,121.05,117.0,117.45,3525,334200
2025-12-16 10:36:00+05:30,117.5,119.6,117.5,117.7,1200,334200
2025-12-16 10:37:00+05:30,117.6,118.4,117.4,118.4,2100,331875
2025-12-16 10:38:00+05:30,119.1,119.3,119.1,119.3,225,331875
2025-12-16 10:39:00+05:30,120.75,120.85,117.55,118.1,2025,331875
2025-12-16 10:40:00+05:30,118.45,118.45,117.85,118.3,2100,331350
2025-12-16 10:41:00+05:30,119.2,119.2,118.55,119.0,2850,331350
2025-12-16 10:42:00+05:30,118.1,118.1,116.1,116.65,825,331350
2025-12-16 10:43:00+05:30,117.2,117.45,117.1,117.45,1050,329625
2025-12-16 10:44:00+05:30,117.5,118.8,117.5,118.4,750,329625
2025-12-16 10:45:00+05:30,117.95,118.1,117.1,117.1,225,329625
2025-12-16 10:46:00+05:30,117.25,118.65,117.25,118.65,300,329175
2025-12-16 10:47:00+05:30,118.65,118.65,118.65,118.65,0,329175
2025-12-16 10:48:00+05:30,117.45,118.85,117.45,118.85,525,329175
2025-12-16 10:49:00+05:30,118.0,118.0,118.0,118.0,150,329175
2025-12-16 10:50:00+05:30,117.25,117.25,116.3,116.55,1050,329400
2025-12-16 10:51:00+05:30,117.45,118.65,117.45,118.65,1650,329400
2025-12-16 10:52:00+05:30,118.6,119.0,118.0,118.55,2025,329700
2025-12-16 10:53:00+05:30,118.15,118.15,118.05,118.05,225,329700
2025-12-16 10:54:00+05:30,119.0,119.0,118.5,118.5,825,329700
2025-12-16 10:55:00+05:30,118.65,118.85,117.3,117.3,525,330225
2025-12-16 10:56:00+05:30,116.9,116.9,114.95,114.95,1875,330225
2025-12-16 10:57:00+05:30,115.95,117.2,115.95,117.2,525,330225
2025-12-16 10:58:00+05:30,117.2,117.2,117.2,117.2,0,330225
2025-12-16 10:59:00+05:30,117.2,117.2,117.2,117.2,75,330225
2025-12-16 11:00:00+05:30,115.75,115.75,115.0,115.0,525,329625
2025-12-16 11:01:00+05:30,115.75,117.0,115.75,117.0,750,329625
2025-12-16 11:02:00+05:30,116.75,116.75,116.75,116.75,300,329625
2025-12-16 11:03:00+05:30,116.75,116.75,116.75,116.75,0,329625
2025-12-16 11:04:00+05:30,117.65,117.7,116.75,116.75,450,329775
2025-12-16 11:05:00+05:30,116.25,117.35,116.25,117.2,1050,329775
2025-12-16 11:06:00+05:30,117.4,118.15,117.4,118.15,975,329775
2025-12-16 11:07:00+05:30,119.05,119.45,118.75,119.45,375,328200
2025-12-16 11:08:00+05:30,119.75,120.05,119.35,119.6,1350,328200
2025-12-16 11:09:00+05:30,119.55,119.55,118.3,118.3,1350,328200
2025-12-16 11:10:00+05:30,118.55,118.55,118.55,118.55,75,328200
2025-12-16 11:11:00+05:30,118.55,118.55,118.55,118.55,0,328200
2025-12-16 11:12:00+05:30,118.1,118.1,118.1,118.1,75,327975
2025-12-16 11:13:00+05:30,117.05,118.55,117.05,118.55,375,327975
2025-12-16 11:14:00+05:30,117.25,117.25,117.25,117.25,150,327975
2025-12-16 11:15:00+05:30,117.05,117.55,117.05,117.55,150,327975
2025-12-16 11:16:00+05:30,117.05,117.05,117.0,117.0,1350,327975
2025-12-16 11:17:00+05:30,117.15,117.15,116.35,116.55,1650,328425
2025-12-16 11:18:00+05:30,116.05,116.05,116.0,116.0,675,328425
2025-12-16 11:19:00+05:30,116.3,116.7,116.3,116.35,225,328425
2025-12-16 11:20:00+05:30,116.85,117.5,116.85,117.0,825,327450
2025-12-16 11:21:00+05:30,115.85,116.1,115.85,116.1,675,327450
2025-12-16 11:22:00+05:30,117.4,117.5,117.4,117.5,225,327450
2025-12-16 11:23:00+05:30,118.2,118.45,117.6,117.6,1125,327675
2025-12-16 11:24:00+05:30,117.95,117.95,116.5,116.55,1650,327675
2025-12-16 11:25:00+05:30,116.35,117.3,113.8,117.3,4200,330300
2025-12-16 11:26:00+05:30,117.55,117.55,116.75,116.8,1575,330300
2025-12-16 11:27:00+05:30,116.8,116.8,116.8,116.8,0,330300
2025-12-16 11:28:00+05:30,117.35,117.5,117.35,117.5,150,330825
2025-12-16 11:29:00+05:30,117.5,117.5,117.5,117.5,0,330825
2025-12-16 11:30:00+05:30,117.75,117.75,117.3,117.3,300,330825
2025-12-16 11:31:00+05:30,117.3,117.3,117.25,117.25,225,330825
2025-12-16 11:32:00+05:30,114.4,114.4,114.4,114.4,2325,330675
2025-12-16 11:33:00+05:30,112.25,112.25,111.75,112.25,1125,330675
2025-12-16 11:34:00+05:30,112.75,113.0,111.25,111.25,1425,331275
2025-12-16 11:35:00+05:30,111.85,111.85,108.75,109.25,3375,331275
2025-12-16 11:36:00+05:30,109.25,110.2,108.0,110.2,2550,331275
2025-12-16 11:37:00+05:30,110.85,111.8,110.7,111.8,3225,331800
2025-12-16 11:38:00+05:30,111.55,111.6,111.2,111.6,1125,331800
2025-12-16 11:39:00+05:30,111.35,111.65,111.2,111.45,1650,331800
2025-12-16 11:40:00+05:30,111.45,111.45,111.4,111.4,225,331800
2025-12-16 11:41:00+05:30,111.0,111.6,110.5,111.6,1575,331425
2025-12-16 11:42:00+05:30,111.45,111.45,110.85,111.25,1800,331425
2025-12-16 11:43:00+05:30,110.75,111.9,110.75,111.85,5250,331425
2025-12-16 11:44:00+05:30,111.0,111.2,110.65,111.2,825,331200
2025-12-16 11:45:00+05:30,110.9,111.6,110.35,111.6,1875,331200
2025-12-16 11:46:00+05:30,112.0,112.0,111.35,111.85,975,331200
2025-12-16 11:47:00+05:30,111.0,111.95,111.0,111.5,1200,331125
2025-12-16 11:48:00+05:30,110.95,111.05,110.55,110.55,675,331125
2025-12-16 11:49:00+05:30,110.35,111.3,110.0,111.3,450,331125
2025-12-16 11:50:00+05:30,111.8,111.8,110.9,111.3,3900,331725
2025-12-16 11:51:00+05:30,111.6,112.65,111.6,112.35,1050,331725
2025-12-16 11:52:00+05:30,112.2,112.75,112.0,112.4,600,331725
2025-12-16 11:53:00+05:30,112.1,112.45,112.05,112.15,525,331725
2025-12-16 11:54:00+05:30,113.2,113.2,112.5,112.7,750,331725
2025-12-16 11:55:00+05:30,112.95,112.95,112.5,112.5,1500,331725
2025-12-16 11:56:00+05:30,112.15,112.2,112.15,112.2,150,331125
2025-12-16 11:57:00+05:30,112.0,112.0,111.4,111.4,450,331125
2025-12-16 11:58:00+05:30,111.55,111.55,111.35,111.35,300,331125
2025-12-16 11:59:00+05:30,111.25,111.8,110.8,111.5,1575,331200
2025-12-16 12:00:00+05:30,111.1,111.45,110.75,110.95,1500,331200
2025-12-16 12:01:00+05:30,111.55,111.55,110.7,111.15,1350,331200
2025-12-16 12:02:00+05:30,111.0,111.1,110.25,111.1,2175,330150
2025-12-16 12:03:00+05:30,110.0,110.45,110.0,110.45,2400,330150
2025-12-16 12:04:00+05:30,110.45,111.45,110.4,111.1,2175,330150
2025-12-16 12:05:00+05:30,110.85,111.3,110.85,111.25,975,330900
2025-12-16 12:06:00+05:30,111.4,112.5,111.4,112.5,900,330900
2025-12-16 12:07:00+05:30,111.7,112.65,111.7,112.65,225,330900
2025-12-16 12:08:00+05:30,112.85,113.1,112.85,113.05,375,330300
2025-12-16 12:09:00+05:30,113.05,113.05,113.05,113.05,0,330300
2025-12-16 12:10:00+05:30,112.1,113.2,112.1,113.05,375,330300
2025-12-16 12:11:00+05:30,113.65,113.65,113.1,113.15,825,330075
2025-12-16 12:12:00+05:30,113.7,113.7,113.25,113.25,600,330075
2025-12-16 12:13:00+05:30,113.3,114.2,113.3,114.2,450,330075
2025-12-16 12:14:00+05:30,113.7,113.7,113.3,113.3,900,331200
2025-12-16 12:15:00+05:30,113.65,113.65,112.6,112.6,225,331200
2025-12-16 12:16:00+05:30,113.05,113.2,113.05,113.2,150,331200
2025-12-16 12:17:00+05:30,113.2,113.2,113.2,113.2,0,331200
2025-12-16 12:18:00+05:30,114.35,114.35,113.95,113.95,1575,331575
2025-12-16 12:19:00+05:30,114.0,114.7,114.0,114.7,450,331575
2025-12-16 12:20:00+05:30,113.85,114.85,113.85,114.2,1125,330075
2025-12-16 12:21:00+05:30,115.5,115.5,115.5,115.5,75,330075
2025-12-16 12:22:00+05:30,114.55,114.55,114.55,114.55,150,330075
2025-12-16 12:23:00+05:30,114.25,114.25,113.4,113.4,825,330750
2025-12-16 12:24:00+05:30,114.55,114.55,114.55,114.55,375,330750
2025-12-16 12:25:00+05:30,114.2,115.15,114.2,115.15,150,330750
2025-12-16 12:26:00+05:30,115.3,116.0,115.0,115.05,750,330975
2025-12-16 12:27:00+05:30,115.55,116.05,115.55,116.05,675,330975
2025-12-16 12:28:00+05:30,116.65,117.35,116.65,117.35,750,330975
2025-12-16 12:29:00+05:30,118.0,118.0,117.0,117.0,1200,330975
2025-12-16 12:30:00+05:30,117.1,117.7,116.0,116.1,975,330975
2025-12-16 12:31:00+05:30,116.85,118.05,116.85,118.05,1500,330975
2025-12-16 12:32:00+05:30,118.5,119.35,118.45,118.75,4200,330825
2025-12-16 12:33:00+05:30,117.5,117.5,116.35,116.4,2175,330825
2025-12-16 12:34:00+05:30,116.75,117.95,116.75,117.95,2100,330825
2025-12-16 12:35:00+05:30,118.1,118.5,118.0,118.0,450,331050
2025-12-16 12:36:00+05:30,118.3,118.3,116.4,116.6,750,331050
2025-12-16 12:37:00+05:30,115.95,115.95,112.15,112.8,1125,331050
2025-12-16 12:38:00+05:30,113.0,113.0,112.75,112.75,375,331425
2025-12-16 12:39:00+05:30,112.6,112.6,112.0,112.0,975,331425
2025-12-16 12:40:00+05:30,113.6,113.6,112.8,113.25,375,331425
2025-12-16 12:41:00+05:30,112.75,114.05,112.75,114.05,300,330975
2025-12-16 12:42:00+05:30,114.0,114.0,111.7,111.7,300,330975
2025-12-16 12:43:00+05:30,111.0,112.0,111.0,111.6,900,330975
2025-12-16 12:44:00+05:30,113.55,113.85,113.0,113.0,375,331050
2025-12-16 12:45:00+05:30,113.0,113.0,113.0,113.0,0,331050
2025-12-16 12:46:00+05:30,112.0,112.8,112.0,112.8,1200,331050
2025-12-16 12:47:00+05:30,112.35,112.35,111.0,111.0,600,330675
2025-12-16 12:48:00+05:30,110.65,111.0,110.1,110.3,2100,330675
2025-12-16 12:49:00+05:30,109.95,110.4,109.9,110.4,1350,330675
2025-12-16 12:50:00+05:30,110.5,110.75,110.1,110.1,1125,329775
2025-12-16 12:51:00+05:30,110.35,111.05,110.3,110.85,1200,329775
2025-12-16 12:52:00+05:30,111.15,111.45,110.9,111.45,975,329775
2025-12-16 12:53:00+05:30,110.75,111.95,110.75,111.95,300,329250
2025-12-16 12:54:00+05:30,111.95,111.95,111.95,111.95,0,329250
2025-12-16 12:55:00+05:30,110.45,110.45,110.0,110.0,900,329250
2025-12-16 12:56:00+05:30,111.95,112.4,111.95,112.4,600,329325
2025-12-16 12:57:00+05:30,111.0,111.15,111.0,111.15,150,329325
2025-12-16 12:58:00+05:30,111.05,112.05,111.05,112.05,4575,329325
2025-12-16 12:59:00+05:30,112.1,112.6,112.1,112.5,225,332550
2025-12-16 13:00:00+05:30,112.0,112.0,112.0,112.0,150,332550
2025-12-16 13:01:00+05:30,112.0,112.0,112.0,112.0,0,332550
2025-12-16 13:02:00+05:30,112.0,112.0,112.0,112.0,0,332550
2025-12-16 13:03:00+05:30,111.0,111.05,110.95,110.95,375,332550
2025-12-16 13:04:00+05:30,110.0,110.2,109.95,109.95,375,332550
2025-12-16 13:05:00+05:30,109.5,109.65,107.65,108.0,1725,332625
2025-12-16 13:06:00+05:30,108.5,108.7,108.05,108.55,1800,332625
2025-12-16 13:07:00+05:30,108.45,109.4,108.45,109.4,150,332625
2025-12-16 13:08:00+05:30,108.15,108.15,108.15,108.15,150,332625
2025-12-16 13:09:00+05:30,109.0,109.0,108.75,108.75,150,333600
2025-12-16 13:10:00+05:30,108.45,108.45,108.45,108.45,1500,333600
2025-12-16 13:11:00+05:30,109.05,109.05,109.05,109.05,75,333600
2025-12-16 13:12:00+05:30,109.35,109.35,108.85,109.25,1050,334650
2025-12-16 13:13:00+05:30,108.55,108.55,107.65,107.65,1050,334650
2025-12-16 13:14:00+05:30,109.6,109.6,108.45,108.5,2400,334050
2025-12-16 13:15:00+05:30,108.2,108.85,108.2,108.85,750,334050
2025-12-16 13:16:00+05:30,108.4,108.45,108.4,108.45,975,334050
2025-12-16 13:17:00+05:30,108.75,109.55,108.75,109.5,1125,333750
2025-12-16 13:18:00+05:30,109.05,109.05,108.55,108.55,600,333750
2025-12-16 13:19:00+05:30,107.85,108.1,107.45,108.1,750,333750
2025-12-16 13:20:00+05:30,108.65,109.0,108.65,109.0,450,333675
2025-12-16 13:21:00+05:30,109.0,109.0,109.0,109.0,0,333675
2025-12-16 13:22:00+05:30,108.4,108.4,108.4,108.4,75,333675
2025-12-16 13:23:00+05:30,108.5,108.8,108.5,108.8,450,333450
2025-12-16 13:24:00+05:30,108.8,108.8,108.6,108.6,150,333450
2025-12-16 13:25:00+05:30,108.8,109.1,108.8,109.0,300,333450
2025-12-16 13:26:00+05:30,109.1,109.1,108.95,108.95,600,332925
2025-12-16 13:27:00+05:30,109.0,109.0,108.8,108.8,1200,332925
2025-12-16 13:28:00+05:30,109.1,109.1,109.1,109.1,75,332925
2025-12-16 13:29:00+05:30,109.1,109.1,109.1,109.1,150,332850
2025-12-16 13:30:00+05:30,110.0,110.0,109.45,109.45,375,332850
2025-12-16 13:31:00+05:30,109.65,110.35,109.65,110.35,300,332850
2025-12-16 13:32:00+05:30,110.5,110.6,110.0,110.5,675,333000
2025-12-16 13:33:00+05:30,110.35,111.3,110.35,111.05,450,333000
2025-12-16 13:34:00+05:30,111.05,111.05,111.05,111.05,0,333000
2025-12-16 13:35:00+05:30,111.45,111.45,111.45,111.45,150,333000
2025-12-16 13:36:00+05:30,111.95,113.35,111.95,112.55,375,333150
2025-12-16 13:37:00+05:30,112.4,112.8,112.4,112.8,225,333150
2025-12-16 13:38:00+05:30,113.15,113.75,113.1,113.4,1050,333375
2025-12-16 13:39:00+05:30,113.4,114.15,113.4,114.15,225,333375
2025-12-16 13:40:00+05:30,114.1,115.65,113.95,115.65,2400,333375
2025-12-16 13:41:00+05:30,115.95,116.15,115.5,115.75,1575,333900
2025-12-16 13:42:00+05:30,115.05,115.05,114.2,114.2,750,333900
2025-12-16 13:43:00+05:30,115.0,115.45,114.7,114.7,1350,333900
2025-12-16 13:44:00+05:30,114.65,115.0,114.65,114.9,525,334950
2025-12-16 13:45:00+05:30,115.55,118.45,115.55,118.0,1125,334950
2025-12-16 13:46:00+05:30,118.5,119.2,118.4,119.0,525,334950
2025-12-16 13:47:00+05:30,118.5,119.2,117.6,119.2,9150,339825
2025-12-16 13:48:00+05:30,120.25,120.55,119.35,119.35,6300,339825
2025-12-16 13:49:00+05:30,119.35,119.4,117.95,119.25,2100,339825
2025-12-16 13:50:00+05:30,119.75,119.75,118.4,118.4,225,334425
2025-12-16 13:51:00+05:30,118.55,119.6,118.55,119.05,1125,334425
2025-12-16 13:52:00+05:30,118.6,118.65,117.3,117.3,2550,334425
2025-12-16 13:53:00+05:30,117.35,118.6,117.35,118.6,1425,334425
2025-12-16 13:54:00+05:30,118.5,118.5,118.25,118.45,600,335700
2025-12-16 13:55:00+05:30,117.2,117.2,116.4,116.4,225,335700
2025-12-16 13:56:00+05:30,116.5,116.6,115.2,116.6,1125,335700
2025-12-16 13:57:00+05:30,117.15,117.15,116.05,116.05,1500,335175
2025-12-16 13:58:00+05:30,115.8,115.8,112.25,112.25,675,335175
2025-12-16 13:59:00+05:30,111.7,112.7,111.0,111.0,2175,336675
2025-12-16 14:00:00+05:30,111.95,112.5,110.55,110.55,1725,336675
2025-12-16 14:01:00+05:30,110.6,111.45,110.6,111.45,750,336675
2025-12-16 14:02:00+05:30,110.0,111.7,110.0,111.0,1350,337350
2025-12-16 14:03:00+05:30,110.6,111.95,110.6,111.95,2025,337350
2025-12-16 14:04:00+05:30,110.45,112.2,110.45,111.8,1425,337350
2025-12-16 14:05:00+05:30,112.0,112.6,112.0,112.6,300,338625
2025-12-16 14:06:00+05:30,113.0,114.4,112.9,113.5,675,338625
2025-12-16 14:07:00+05:30,112.6,112.6,109.8,109.8,750,338625
2025-12-16 14:08:00+05:30,109.0,111.0,108.95,110.1,3675,340350
2025-12-16 14:09:00+05:30,110.25,110.25,109.1,109.3,375,340350
2025-12-16 14:10:00+05:30,110.0,110.1,108.5,110.05,1050,340350
2025-12-16 14:11:00+05:30,109.45,109.55,109.0,109.0,1200,340575
2025-12-16 14:12:00+05:30,108.75,109.4,108.75,109.1,450,340575
2025-12-16 14:13:00+05:30,108.7,108.7,108.7,108.7,150,340575
2025-12-16 14:14:00+05:30,108.45,108.7,108.45,108.45,675,340575
2025-12-16 14:15:00+05:30,108.45,109.0,108.25,108.75,4875,340425
2025-12-16 14:16:00+05:30,108.5,109.55,108.5,109.25,7425,340425
2025-12-16 14:17:00+05:30,109.4,109.4,108.55,108.55,1800,339000
2025-12-16 14:18:00+05:30,109.15,109.15,106.0,106.15,1875,339000
2025-12-16 14:19:00+05:30,106.15,106.3,101.35,101.4,7800,339000
2025-12-16 14:20:00+05:30,101.5,103.25,100.6,102.35,3825,337950
2025-12-16 14:21:00+05:30,102.85,103.9,102.85,103.6,1200,337950
2025-12-16 14:22:00+05:30,103.45,103.6,102.85,103.6,2400,337950
2025-12-16 14:23:00+05:30,103.15,105.3,103.15,105.0,4050,338250
2025-12-16 14:24:00+05:30,105.15,105.25,104.95,105.0,1800,338250
2025-12-16 14:25:00+05:30,105.1,105.5,104.35,104.6,1050,338250
2025-12-16 14:26:00+05:30,104.2,104.55,103.9,104.2,4950,339900
2025-12-16 14:27:00+05:30,104.25,105.3,104.0,104.45,3075,339900
2025-12-16 14:28:00+05:30,104.15,104.8,103.3,104.8,2850,339900
2025-12-16 14:29:00+05:30,105.2,105.8,105.0,105.0,1275,343950
2025-12-16 14:30:00+05:30,105.0,105.0,104.35,104.35,2100,343950
2025-12-16 14:31:00+05:30,104.35,104.35,103.95,104.15,2400,343950
2025-12-16 14:32:00+05:30,104.15,104.25,103.0,104.0,600,342375
2025-12-16 14:33:00+05:30,104.0,104.55,103.9,103.9,2250,342375
2025-12-16 14:34:00+05:30,103.0,103.5,102.9,102.9,525,342375
2025-12-16 14:35:00+05:30,103.05,104.35,103.05,103.6,2100,340800
2025-12-16 14:36:00+05:30,103.8,104.4,103.8,104.4,675,340800
2025-12-16 14:37:00+05:30,104.1,104.5,104.1,104.5,825,340800
2025-12-16 14:38:00+05:30,105.5,105.5,105.0,105.0,600,340800
2025-12-16 14:39:00+05:30,105.0,105.0,104.8,104.8,1875,340800
2025-12-16 14:40:00+05:30,105.1,105.35,104.75,105.0,2400,340800
2025-12-16 14:41:00+05:30,105.3,105.3,104.75,104.75,375,340800
2025-12-16 14:42:00+05:30,104.75,105.25,104.75,104.95,525,343725
2025-12-16 14:43:00+05:30,104.7,105.5,104.7,105.5,525,343725
2025-12-16 14:44:00+05:30,105.75,106.0,105.25,105.25,1950,343725
2025-12-16 14:45:00+05:30,105.0,105.15,104.45,104.45,375,344925
2025-12-16 14:46:00+05:30,103.65,105.0,103.65,105.0,1275,344925
2025-12-16 14:47:00+05:30,105.05,105.5,105.05,105.5,2325,345750
2025-12-16 14:48:00+05:30,105.65,105.65,103.05,103.05,2550,345750
2025-12-16 14:49:00+05:30,104.9,105.9,104.25,105.3,4650,345750
2025-12-16 14:50:00+05:30,104.9,105.6,103.9,105.6,2625,351375
2025-12-16 14:51:00+05:30,105.45,106.2,105.0,106.2,4125,351375
2025-12-16 14:52:00+05:30,106.5,106.7,105.6,106.05,3075,351375
2025-12-16 14:53:00+05:30,106.25,108.0,106.0,106.75,8850,352275
2025-12-16 14:54:00+05:30,106.75,106.95,106.0,106.95,1275,352275
2025-12-16 14:55:00+05:30,107.05,107.35,106.1,106.45,3000,352275
2025-12-16 14:56:00+05:30,106.25,107.6,105.9,106.7,2850,352275
2025-12-16 14:57:00+05:30,106.4,107.45,106.2,106.9,4875,352275
2025-12-16 14:58:00+05:30,106.85,107.25,106.4,107.25,3450,352275
2025-12-16 14:59:00+05:30,106.6,107.25,106.6,107.25,900,352275
2025-12-16 15:00:00+05:30,107.7,108.5,105.6,105.7,4200,351150
2025-12-16 15:01:00+05:30,106.3,106.3,103.7,103.7,5700,351150
2025-12-16 15:02:00+05:30,104.0,104.2,103.05,103.55,3300,356175
2025-12-16 15:03:00+05:30,103.45,104.15,103.25,103.6,1950,356175
2025-12-16 15:04:00+05:30,103.7,103.75,102.6,103.45,2775,356175
2025-12-16 15:05:00+05:30,103.3,103.3,102.05,102.05,1275,356175
2025-12-16 15:06:00+05:30,102.25,102.75,102.25,102.6,2475,354825
2025-12-16 15:07:00+05:30,102.0,102.0,101.2,101.65,7725,354825
2025-12-16 15:08:00+05:30,102.0,102.6,101.75,101.8,2700,354825
2025-12-16 15:09:00+05:30,101.55,101.55,99.5,99.55,4500,354750
2025-12-16 15:10:00+05:30,99.7,99.7,98.75,98.75,4350,354750
2025-12-16 15:11:00+05:30,98.8,99.0,98.4,98.75,4050,354750
2025-12-16 15:12:00+05:30,98.3,98.3,97.35,97.85,3150,358800
2025-12-16 15:13:00+05:30,97.85,98.15,97.0,98.15,9600,358800
2025-12-16 15:14:00+05:30,98.0,98.85,98.0,98.75,2550,358800
2025-12-16 15:15:00+05:30,98.25,98.95,98.0,98.7,16575,361950
2025-12-16 15:16:00+05:30,98.1,98.55,97.85,98.35,6975,361950
2025-12-16 15:17:00+05:30,98.35,98.35,97.75,97.75,3825,361950
2025-12-16 15:18:00+05:30,97.8,97.8,96.05,96.2,2175,360675
2025-12-16 15:19:00+05:30,96.3,96.35,94.3,94.3,6525,360675
2025-12-16 15:20:00+05:30,94.15,94.8,93.75,94.8,15000,360675
2025-12-16 15:21:00+05:30,95.0,95.2,93.75,94.4,10650,369375
2025-12-16 15:22:00+05:30,94.4,95.85,94.05,95.85,10125,369375
2025-12-16 15:23:00+05:30,95.9,96.9,95.9,96.9,2625,369375
2025-12-16 15:24:00+05:30,96.55,97.2,96.55,97.05,750,372075
2025-12-16 15:25:00+05:30,97.25,97.8,97.25,97.75,2400,372075
2025-12-16 15:26:00+05:30,97.8,97.8,97.15,97.75,2100,372075
2025-12-16 15:27:00+05:30,97.7,97.75,96.3,96.3,5850,372225
2025-12-16 15:28:00+05:30,96.8,96.8,96.05,96.05,3375,372225
2025-12-16 15:29:00+05:30,96.05,99.7,95.65,99.7,7125,372225
2025-12-17 09:15:00+05:30,98.25,98.25,88.9,94.1,23475,369900
2025-12-17 09:16:00+05:30,95.0,101.5,94.6,101.3,19575,374475
2025-12-17 09:17:00+05:30,101.9,102.65,100.2,101.35,14025,374475
2025-12-17 09:18:00+05:30,100.65,102.15,98.8,100.55,13350,374475
2025-12-17 09:19:00+05:30,100.25,101.05,98.0,98.0,8550,386175
2025-12-17 09:20:00+05:30,98.4,100.85,97.3,100.85,12675,386175
2025-12-17 09:21:00+05:30,100.75,103.35,100.2,102.3,4875,386175
2025-12-17 09:22:00+05:30,103.95,110.8,103.75,109.65,16425,394275
2025-12-17 09:23:00+05:30,109.4,109.45,107.55,107.8,6750,394275
2025-12-17 09:24:00+05:30,107.55,113.2,107.55,110.0,12825,394275
2025-12-17 09:25:00+05:30,110.3,111.1,108.55,108.7,11400,395625
2025-12-17 09:26:00+05:30,109.05,111.9,108.9,109.25,12375,395625
2025-12-17 09:27:00+05:30,109.6,111.6,109.6,110.15,8700,395625
2025-12-17 09:28:00+05:30,109.65,110.85,109.15,109.25,3600,400725
2025-12-17 09:29:00+05:30,109.2,110.3,106.4,106.4,3375,400725
2025-12-17 09:30:00+05:30,106.6,107.85,103.5,104.55,9375,400725
2025-12-17 09:31:00+05:30,105.8,106.45,104.15,105.7,9900,401025
2025-12-17 09:32:00+05:30,106.25,108.85,105.0,108.85,4875,401025
2025-12-17 09:33:00+05:30,108.35,109.6,107.7,108.8,7575,401025
2025-12-17 09:34:00+05:30,108.85,113.0,108.05,112.55,9975,403800
2025-12-17 09:35:00+05:30,112.3,113.75,111.45,112.9,9525,403800
2025-12-17 09:36:00+05:30,112.45,113.15,111.0,111.2,4800,403800
2025-12-17 09:37:00+05:30,112.4,112.8,110.4,110.4,2700,405900
2025-12-17 09:38:00+05:30,111.0,111.0,109.5,109.5,1350,405900
2025-12-17 09:39:00+05:30,109.45,109.6,107.55,108.25,3450,405900
2025-12-17 09:40:00+05:30,108.6,109.6,107.25,109.45,5250,407475
2025-12-17 09:41:00+05:30,110.2,110.3,108.1,108.1,3075,407475
2025-12-17 09:42:00+05:30,108.6,108.65,105.0,105.2,3150,407475
2025-12-17 09:43:00+05:30,105.5,105.5,99.15,100.85,9525,410775
2025-12-17 09:44:00+05:30,100.6,100.6,96.05,97.4,9525,410775
2025-12-17 09:45:00+05:30,96.65,98.4,95.85,97.6,15450,410775
2025-12-17 09:46:00+05:30,97.05,100.05,97.05,99.35,11025,418875
2025-12-17 09:47:00+05:30,98.6,99.05,97.6,97.6,3825,418875
2025-12-17 09:48:00+05:30,96.1,96.1,92.0,92.6,19425,418875
2025-12-17 09:49:00+05:30,93.0,94.9,93.0,93.7,7275,417375
2025-12-17 09:50:00+05:30,93.7,94.2,92.8,93.6,4200,417375
2025-12-17 09:51:00+05:30,93.8,94.25,93.1,93.65,7050,417375
2025-12-17 09:52:00+05:30,92.8,93.1,89.9,91.05,8925,417525
2025-12-17 09:53:00+05:30,91.05,91.95,90.8,91.6,3075,417525
2025-12-17 09:54:00+05:30,92.0,94.2,92.0,94.2,1875,417525
2025-12-17 09:55:00+05:30,93.45,94.6,92.65,94.6,7050,421050
2025-12-17 09:56:00+05:30,94.4,95.0,94.4,95.0,2625,421050
2025-12-17 09:57:00+05:30,96.0,96.0,93.7,93.85,2325,421050
2025-12-17 09:58:00+05:30,93.8,93.8,91.7,93.0,1950,423375
2025-12-17 09:59:00+05:30,93.25,95.0,91.95,91.95,2025,423375
2025-12-17 10:00:00+05:30,91.85,93.4,91.5,92.8,1425,423375
2025-12-17 10:01:00+05:30,91.4,91.9,90.9,91.9,4725,423675
2025-12-17 10:02:00+05:30,91.3,91.7,90.7,91.55,1725,423675
2025-12-17 10:03:00+05:30,91.05,91.4,87.85,89.35,6900,423675
2025-12-17 10:04:00+05:30,89.4,89.4,86.45,86.5,4425,424725
2025-12-17 10:05:00+05:30,86.1,86.75,85.55,86.15,3750,424725
2025-12-17 10:06:00+05:30,86.45,86.5,82.1,82.1,7575,424725
2025-12-17 10:07:00+05:30,82.1,82.3,81.59,82.25,8400,427050
2025-12-17 10:08:00+05:30,82.15,84.2,82.15,83.55,5100,427050
2025-12-17 10:09:00+05:30,83.7,85.3,83.7,85.0,6975,427050
2025-12-17 10:10:00+05:30,85.05,85.05,83.4,83.4,2925,426600
2025-12-17 10:11:00+05:30,83.25,83.7,82.8,83.0,4800,426600
2025-12-17 10:12:00+05:30,82.95,85.4,82.75,85.0,2100,426600
2025-12-17 10:13:00+05:30,85.15,85.15,84.1,84.3,2850,428475
2025-12-17 10:14:00+05:30,84.25,85.25,83.15,84.7,3075,428475
2025-12-17 10:15:00+05:30,84.05,84.4,83.0,83.95,5625,428475
2025-12-17 10:16:00+05:30,84.0,84.0,83.25,83.9,525,431700
2025-12-17 10:17:00+05:30,83.25,84.0,83.0,83.3,1950,431700
2025-12-17 10:18:00+05:30,83.8,86.05,83.45,86.05,3000,431700
2025-12-17 10:19:00+05:30,86.75,87.05,86.45,86.6,2775,431925
2025-12-17 10:20:00+05:30,85.95,86.35,85.35,85.6,1125,431925
2025-12-17 10:21:00+05:30,86.05,86.05,83.9,83.95,1500,431925
2025-12-17 10:22:00+05:30,83.75,84.15,82.5,82.55,2625,433350
2025-12-17 10:23:00+05:30,82.7,83.0,81.75,82.3,1650,433350
2025-12-17 10:24:00+05:30,82.2,82.25,81.0,81.2,3525,433350
2025-12-17 10:25:00+05:30,80.15,81.2,79.8,80.3,9750,432225
2025-12-17 10:26:00+05:30,80.4,81.59,80.4,81.59,5100,432225
2025-12-17 10:27:00+05:30,82.25,82.25,80.75,80.75,1575,432225
2025-12-17 10:28:00+05:30,81.05,81.09,79.75,79.75,2400,439875
2025-12-17 10:29:00+05:30,78.0,79.0,77.3,78.45,11025,439875
2025-12-17 10:30:00+05:30,78.45,79.3,77.95,79.05,4050,439875
2025-12-17 10:31:00+05:30,78.7,79.59,78.7,79.25,9750,427050
2025-12-17 10:32:00+05:30,79.2,79.59,78.75,79.09,3975,427050
2025-12-17 10:33:00+05:30,78.8,79.95,78.8,79.4,1575,427050
2025-12-17 10:34:00+05:30,80.0,81.4,79.05,79.05,3825,426150
2025-12-17 10:35:00+05:30,78.9,79.45,78.15,78.15,3450,426150
2025-12-17 10:36:00+05:30,78.2,78.8,78.2,78.8,3075,426150
2025-12-17 10:37:00+05:30,79.3,79.5,78.84,78.9,2550,426975
2025-12-17 10:38:00+05:30,78.9,78.9,78.0,78.0,3975,426975
2025-12-17 10:39:00+05:30,78.0,79.09,78.0,78.45,900,426975
2025-12-17 10:40:00+05:30,79.0,79.0,77.8,78.0,3375,427725
2025-12-17 10:41:00+05:30,78.4,78.8,78.34,78.8,975,427725
2025-12-17 10:42:00+05:30,78.9,79.45,78.34,79.2,2100,427725
2025-12-17 10:43:00+05:30,79.65,80.3,79.34,79.84,4200,429825
2025-12-17 10:44:00+05:30,78.65,79.8,78.65,79.8,1275,429825
2025-12-17 10:45:00+05:30,79.8,79.8,78.34,79.4,1575,429825
2025-12-17 10:46:00+05:30,79.65,80.0,78.3,79.4,3450,429675
2025-12-17 10:47:00+05:30,79.8,80.95,79.8,80.45,3900,429675
2025-12-17 10:48:00+05:30,80.59,81.15,80.45,80.45,3450,429675
2025-12-17 10:49:00+05:30,80.5,81.25,79.75,80.15,2700,431625
2025-12-17 10:50:00+05:30,80.05,80.65,80.05,80.5,1200,431625
2025-12-17 10:51:00+05:30,79.95,80.5,78.4,79.7,3375,431625
2025-12-17 10:52:00+05:30,79.3,79.3,77.84,78.84,4425,435600
2025-12-17 10:53:00+05:30,78.55,80.5,77.95,80.5,1800,435600
2025-12-17 10:54:00+05:30,80.25,80.25,78.15,78.15,975,435600
2025-12-17 10:55:00+05:30,77.4,77.55,75.55,75.65,3225,435525
2025-12-17 10:56:00+05:30,75.5,76.09,75.0,76.0,23025,435525
2025-12-17 10:57:00+05:30,75.9,76.3,74.5,76.3,7575,435525
2025-12-17 10:58:00+05:30,76.45,78.2,76.45,77.8,2850,432600
2025-12-17 10:59:00+05:30,78.45,79.05,77.25,78.7,9600,432600
2025-12-17 11:00:00+05:30,79.05,79.8,78.0,78.0,5250,432600
2025-12-17 11:01:00+05:30,78.2,79.45,78.2,79.2,1650,435825
2025-12-17 11:02:00+05:30,78.95,80.65,78.95,80.55,1875,435825
2025-12-17 11:03:00+05:30,79.8,79.8,78.4,79.75,2625,435825
2025-12-17 11:04:00+05:30,80.2,80.2,78.95,78.95,4350,436200
2025-12-17 11:05:00+05:30,78.95,80.0,78.95,79.84,675,436200
2025-12-17 11:06:00+05:30,79.59,80.8,79.2,80.8,675,436200
2025-12-17 11:07:00+05:30,79.75,81.3,79.75,80.75,450,435825
2025-12-17 11:08:00+05:30,81.0,81.05,80.45,80.9,525,435825
2025-12-17 11:09:00+05:30,81.45,81.45,80.45,80.7,825,435825
2025-12-17 11:10:00+05:30,81.09,81.2,80.4,80.5,675,436050
2025-12-17 11:11:00+05:30,80.8,80.84,79.5,80.5,1650,436050
2025-12-17 11:12:00+05:30,81.2,81.84,80.7,80.7,1575,436050
2025-12-17 11:13:00+05:30,80.65,82.0,80.15,81.8,1200,437025
2025-12-17 11:14:00+05:30,81.45,84.15,81.45,83.8,3525,437025
2025-12-17 11:15:00+05:30,84.05,84.25,83.4,83.8,3600,437025
2025-12-17 11:16:00+05:30,83.95,84.4,83.95,84.35,2400,438600
2025-12-17 11:17:00+05:30,84.05,84.65,84.05,84.45,975,438600
2025-12-17 11:18:00+05:30,85.0,85.0,82.75,82.75,3750,438600
2025-12-17 11:19:00+05:30,82.8,82.8,81.4,81.4,1050,440325
2025-12-17 11:20:00+05:30,82.15,82.15,80.05,80.05,975,440325
2025-12-17 11:21:00+05:30,79.65,82.0,79.3,82.0,1725,440325
2025-12-17 11:22:00+05:30,81.3,82.0,81.3,82.0,4200,440325
2025-12-17 11:23:00+05:30,81.7,81.7,80.0,80.0,750,439050
2025-12-17 11:24:00+05:30,79.84,80.3,79.5,80.3,900,439050
2025-12-17 11:25:00+05:30,80.75,80.75,78.8,78.8,1425,438675
2025-12-17 11:26:00+05:30,78.8,79.0,78.5,78.84,1875,438675
2025-12-17 11:27:00+05:30,78.59,78.65,77.4,77.5,2175,438675
2025-12-17 11:28:00+05:30,77.55,77.55,75.8,76.4,3900,437925
2025-12-17 11:29:00+05:30,76.45,77.34,76.25,77.25,5625,437925
2025-12-17 11:30:00+05:30,77.0,77.0,75.95,76.84,2925,437925
2025-12-17 11:31:00+05:30,76.9,78.65,76.9,78.4,2250,432675
2025-12-17 11:32:00+05:30,78.0,78.0,76.34,76.34,4800,432675
2025-12-17 11:33:00+05:30,75.84,77.65,75.2,77.65,6075,432675
2025-12-17 11:34:00+05:30,77.55,78.09,76.59,76.59,3825,430125
2025-12-17 11:35:00+05:30,77.25,77.25,75.75,76.34,3600,430125
2025-12-17 11:36:00+05:30,76.9,77.45,76.7,76.9,3525,430125
2025-12-17 11:37:00+05:30,76.34,77.0,76.34,77.0,675,429750
2025-12-17 11:38:00+05:30,76.95,77.2,76.59,77.09,1200,429750
2025-12-17 11:39:00+05:30,77.25,78.0,77.0,77.75,1575,429750
2025-12-17 11:40:00+05:30,78.0,79.2,77.75,79.2,1050,431175
2025-12-17 11:41:00+05:30,79.25,80.59,79.25,80.0,4425,431175
2025-12-17 11:42:00+05:30,80.0,80.65,79.95,79.95,750,431175
2025-12-17 11:43:00+05:30,80.05,80.8,80.05,80.8,1200,431175
2025-12-17 11:44:00+05:30,81.0,81.05,79.75,79.8,750,432900
2025-12-17 11:45:00+05:30,79.8,80.2,79.4,80.05,1725,432900
2025-12-17 11:46:00+05:30,80.09,81.09,79.84,80.9,2625,432900
2025-12-17 11:47:00+05:30,80.95,82.45,80.95,81.7,4875,432150
2025-12-17 11:48:00+05:30,81.84,81.84,80.45,81.34,2625,432150
2025-12-17 11:49:00+05:30,82.05,82.05,82.0,82.0,600,432150
2025-12-17 11:50:00+05:30,82.05,82.5,81.84,82.3,5775,432900
2025-12-17 11:51:00+05:30,82.0,82.0,80.0,80.45,600,432900
2025-12-17 11:52:00+05:30,80.34,80.59,79.8,79.84,2175,434700
2025-12-17 11:53:00+05:30,80.0,80.59,79.3,80.59,4575,434700
2025-12-17 11:54:00+05:30,80.84,81.0,80.3,80.3,2250,434700
2025-12-17 11:55:00+05:30,79.45,80.2,79.45,80.2,225,432300
2025-12-17 11:56:00+05:30,79.55,79.55,78.0,78.0,5550,432300
2025-12-17 11:57:00+05:30,77.7,77.7,77.0,77.0,3375,432300
2025-12-17 11:58:00+05:30,77.4,78.8,77.4,77.55,1725,433275
2025-12-17 11:59:00+05:30,76.7,76.7,75.75,76.09,3300,433275
2025-12-17 12:00:00+05:30,76.2,76.2,73.84,74.34,8175,433275
2025-12-17 12:01:00+05:30,74.2,74.34,73.55,74.15,2250,433275
2025-12-17 12:02:00+05:30,74.09,74.09,71.5,72.2,9075,439575
2025-12-17 12:03:00+05:30,72.0,73.05,71.75,72.75,10725,439575
2025-12-17 12:04:00+05:30,72.15,72.5,71.75,71.95,6075,438900
2025-12-17 12:05:00+05:30,71.84,73.45,70.7,73.05,2700,438900
2025-12-17 12:06:00+05:30,73.34,73.34,72.65,72.65,525,438900
2025-12-17 12:07:00+05:30,72.59,72.59,71.84,72.34,750,438900
2025-12-17 12:08:00+05:30,71.5,71.9,71.5,71.7,2850,440625
2025-12-17 12:09:00+05:30,71.7,72.34,71.4,71.55,3900,440625
2025-12-17 12:10:00+05:30,71.55,72.75,71.5,72.75,3150,441300
2025-12-17 12:11:00+05:30,72.65,72.95,72.5,72.5,975,441300
2025-12-17 12:12:00+05:30,72.2,72.5,71.84,72.05,3600,441300
2025-12-17 12:13:00+05:30,72.2,73.3,71.7,71.7,3600,441300
2025-12-17 12:14:00+05:30,71.2,71.65,71.0,71.34,3225,441900
2025-12-17 12:15:00+05:30,71.3,72.59,71.0,72.09,2100,441900
2025-12-17 12:16:00+05:30,71.65,71.8,71.59,71.75,1425,441900
2025-12-17 12:17:00+05:30,72.25,72.3,71.5,71.7,750,445200
2025-12-17 12:18:00+05:30,72.09,72.7,72.09,72.65,1200,445200
2025-12-17 12:19:00+05:30,72.34,72.65,72.34,72.65,225,444900
2025-12-17 12:20:00+05:30,72.0,72.25,71.95,72.25,750,444900
2025-12-17 12:21:00+05:30,72.4,72.84,71.65,72.0,675,444900
2025-12-17 12:22:00+05:30,72.45,72.9,72.15,72.15,1275,444900
2025-12-17 12:23:00+05:30,72.05,72.8,72.0,72.0,2325,445650
2025-12-17 12:24:00+05:30,71.9,71.9,69.7,69.75,5025,445650
2025-12-17 12:25:00+05:30,69.95,71.65,69.95,71.3,1725,445650
2025-12-17 12:26:00+05:30,71.05,71.05,68.95,69.8,9300,447675
2025-12-17 12:27:00+05:30,69.55,69.55,67.95,69.05,3675,447675
2025-12-17 12:28:00+05:30,69.3,69.34,68.15,68.59,4050,447675
2025-12-17 12:29:00+05:30,68.34,68.84,67.8,68.7,6525,447375
2025-12-17 12:30:00+05:30,68.5,69.59,68.5,69.15,5925,447375
2025-12-17 12:31:00+05:30,69.45,70.55,69.05,69.3,6225,447375
2025-12-17 12:32:00+05:30,69.4,69.4,68.55,68.7,3225,445725
2025-12-17 12:33:00+05:30,69.05,69.84,68.95,69.84,1050,445725
2025-12-17 12:34:00+05:30,69.45,70.34,69.45,70.2,4125,445725
2025-12-17 12:35:00+05:30,70.15,70.45,69.84,69.84,1650,446775
2025-12-17 12:36:00+05:30,69.75,70.59,69.75,70.05,3375,446775
2025-12-17 12:37:00+05:30,70.3,70.5,69.2,69.2,1125,446775
2025-12-17 12:38:00+05:30,69.5,69.5,68.55,68.65,675,447075
2025-12-17 12:39:00+05:30,68.5,69.25,68.4,69.05,525,447075
2025-12-17 12:40:00+05:30,69.09,69.4,69.05,69.15,3900,447075
2025-12-17 12:41:00+05:30,68.8,69.25,68.09,68.25,3900,447600
2025-12-17 12:42:00+05:30,68.09,68.59,68.09,68.45,1725,447600
2025-12-17 12:43:00+05:30,68.59,69.59,68.59,69.59,1725,447600
2025-12-17 12:44:00+05:30,70.0,70.65,70.0,70.0,2475,448350
2025-12-17 12:45:00+05:30,70.45,70.65,69.3,70.65,1800,448350
2025-12-17 12:46:00+05:30,70.9,70.9,70.59,70.59,1875,448350
2025-12-17 12:47:00+05:30,71.05,71.09,70.75,71.09,7725,449475
2025-12-17 12:48:00+05:30,70.05,70.05,69.0,69.0,3750,449475
2025-12-17 12:49:00+05:30,69.65,69.84,69.3,69.8,600,449475
2025-12-17 12:50:00+05:30,70.34,71.5,70.34,71.0,5025,454800
2025-12-17 12:51:00+05:30,71.15,71.3,70.9,71.05,1050,454800
2025-12-17 12:52:00+05:30,72.0,72.0,71.5,71.5,900,454800
2025-12-17 12:53:00+05:30,71.4,71.4,69.15,69.3,5250,455550
2025-12-17 12:54:00+05:30,69.55,69.55,67.55,67.65,3975,455550
2025-12-17 12:55:00+05:30,67.45,67.5,66.55,66.59,5250,455550
2025-12-17 12:56:00+05:30,66.7,68.3,66.7,68.0,9450,453600
2025-12-17 12:57:00+05:30,68.0,68.34,67.55,67.95,1725,453600
2025-12-17 12:58:00+05:30,68.05,68.55,67.7,67.7,1500,453600
2025-12-17 12:59:00+05:30,68.0,68.0,67.8,67.8,750,453600
2025-12-17 13:00:00+05:30,67.84,67.95,67.65,67.65,450,453600
2025-12-17 13:01:00+05:30,67.4,68.0,67.34,68.0,2025,453600
2025-12-17 13:02:00+05:30,68.05,68.9,68.05,68.4,1500,454275
2025-12-17 13:03:00+05:30,68.09,68.4,67.8,68.4,3150,454275
2025-12-17 13:04:00+05:30,68.5,69.3,68.34,69.25,1575,454275
2025-12-17 13:05:00+05:30,69.5,70.0,68.8,69.8,2400,453600
2025-12-17 13:06:00+05:30,69.5,69.65,68.9,69.3,3825,453600
2025-12-17 13:07:00+05:30,69.09,69.95,69.09,69.8,3000,453600
2025-12-17 13:08:00+05:30,69.8,69.8,69.8,69.8,75,452475
2025-12-17 13:09:00+05:30,70.2,70.2,68.7,68.95,825,452475
2025-12-17 13:10:00+05:30,69.0,69.0,68.25,68.25,450,452475
2025-12-17 13:11:00+05:30,69.05,70.3,69.05,70.25,1350,452925
2025-12-17 13:12:00+05:30,70.25,70.3,70.05,70.3,1500,452925
2025-12-17 13:13:00+05:30,69.55,69.55,69.2,69.3,225,452925
2025-12-17 13:14:00+05:30,68.7,68.7,68.55,68.55,1050,453150
2025-12-17 13:15:00+05:30,68.25,68.75,68.25,68.75,225,453150
2025-12-17 13:16:00+05:30,68.65,69.84,68.65,69.3,900,453150
2025-12-17 13:17:00+05:30,69.34,69.5,69.34,69.5,225,453525
2025-12-17 13:18:00+05:30,69.8,69.8,69.15,69.4,825,453525
2025-12-17 13:19:00+05:30,70.59,71.3,70.5,70.95,900,453525
2025-12-17 13:20:00+05:30,70.59,70.65,70.55,70.55,1200,454875
2025-12-17 13:21:00+05:30,70.9,70.9,70.55,70.8,3975,454875
2025-12-17 13:22:00+05:30,70.65,71.7,70.4,70.4,1050,454875
2025-12-17 13:23:00+05:30,70.8,71.05,70.8,71.0,375,457800
2025-12-17 13:24:00+05:30,72.25,72.25,71.2,71.84,1350,457800
2025-12-17 13:25:00+05:30,71.8,72.15,71.75,72.15,1575,457800
2025-12-17 13:26:00+05:30,72.15,72.5,71.5,72.5,1800,458250
2025-12-17 13:27:00+05:30,72.2,72.75,71.8,72.2,825,458250
2025-12-17 13:28:00+05:30,72.3,72.3,72.25,72.25,2175,458250
2025-12-17 13:29:00+05:30,71.8,71.8,70.75,70.75,375,460575
2025-12-17 13:30:00+05:30,71.55,71.55,70.34,70.34,1275,460575
2025-12-17 13:31:00+05:30,70.34,70.34,69.45,70.3,1800,460575
2025-12-17 13:32:00+05:30,70.7,70.9,70.34,70.34,2850,460725
2025-12-17 13:33:00+05:30,70.45,70.55,69.8,70.2,2025,460725
2025-12-17 13:34:00+05:30,70.2,70.3,69.9,69.9,2250,460725
2025-12-17 13:35:00+05:30,69.9,69.9,69.0,69.0,2400,462975
2025-12-17 13:36:00+05:30,68.0,68.09,67.7,67.7,1650,462975
2025-12-17 13:37:00+05:30,68.45,69.5,68.45,69.0,675,462975
2025-12-17 13:38:00+05:30,68.4,68.4,67.59,67.59,600,464625
2025-12-17 13:39:00+05:30,67.59,67.59,67.59,67.59,0,464625
2025-12-17 13:40:00+05:30,68.2,68.75,68.0,68.7,1950,464625
2025-12-17 13:41:00+05:30,68.84,68.84,67.5,67.5,975,465150
2025-12-17 13:42:00+05:30,67.3,67.3,66.0,66.0,3375,465150
2025-12-17 13:43:00+05:30,66.09,66.7,65.9,66.2,1650,465150
2025-12-17 13:44:00+05:30,66.75,67.34,66.75,67.34,1125,467775
2025-12-17 13:45:00+05:30,67.84,68.0,67.0,67.84,4350,467775
2025-12-17 13:46:00+05:30,67.45,68.75,67.45,68.7,1350,467775
2025-12-17 13:47:00+05:30,68.4,68.55,67.9,68.2,2625,467025
2025-12-17 13:48:00+05:30,68.3,68.9,68.09,68.59,1725,467025
2025-12-17 13:49:00+05:30,68.75,68.75,67.45,67.45,4575,467025
2025-12-17 13:50:00+05:30,67.75,68.65,67.09,67.7,14400,465150
2025-12-17 13:51:00+05:30,67.55,67.7,67.45,67.55,2175,465150
2025-12-17 13:52:00+05:30,67.34,68.0,67.09,68.0,750,465150
2025-12-17 13:53:00+05:30,67.65,68.7,67.5,67.65,2400,473925
2025-12-17 13:54:00+05:30,68.0,68.0,67.65,67.65,375,473925
2025-12-17 13:55:00+05:30,67.7,67.7,65.05,65.09,8475,473925
2025-12-17 13:56:00+05:30,65.34,65.84,64.7,65.84,4275,478050
2025-12-17 13:57:00+05:30,66.0,67.5,66.0,67.5,2475,478050
2025-12-17 13:58:00+05:30,66.65,68.0,66.65,67.45,2175,478050
2025-12-17 13:59:00+05:30,68.34,68.7,68.15,68.45,300,479400
2025-12-17 14:00:00+05:30,68.7,69.25,68.7,68.7,5250,479400
2025-12-17 14:01:00+05:30,67.9,68.7,67.75,68.59,2775,479400
2025-12-17 14:02:00+05:30,68.5,68.5,66.7,66.7,2325,481650
2025-12-17 14:03:00+05:30,66.45,67.15,66.45,66.55,6975,481650
2025-12-17 14:04:00+05:30,66.59,67.8,66.59,67.8,1275,481650
2025-12-17 14:05:00+05:30,68.59,69.3,68.59,69.3,1350,485850
2025-12-17 14:06:00+05:30,69.65,69.9,68.55,69.5,2325,485850
2025-12-17 14:07:00+05:30,69.05,69.05,68.8,68.84,375,485850
2025-12-17 14:08:00+05:30,69.4,69.4,68.9,68.9,450,479100
2025-12-17 14:09:00+05:30,68.8,68.8,68.0,68.05,825,479100
2025-12-17 14:10:00+05:30,67.65,67.84,67.2,67.84,900,479100
2025-12-17 14:11:00+05:30,67.45,67.45,67.15,67.15,1425,479550
2025-12-17 14:12:00+05:30,67.15,67.4,66.9,67.4,1125,479550
2025-12-17 14:13:00+05:30,67.8,68.45,67.65,68.25,3000,479550
2025-12-17 14:14:00+05:30,68.45,70.55,68.45,70.2,2400,480450
2025-12-17 14:15:00+05:30,69.4,70.15,69.4,70.15,6450,480450
2025-12-17 14:16:00+05:30,70.7,71.7,70.2,71.4,3000,480450
2025-12-17 14:17:00+05:30,71.25,71.25,70.59,70.95,6000,482025
2025-12-17 14:18:00+05:30,71.25,72.05,70.84,72.05,10500,482025
2025-12-17 14:19:00+05:30,71.5,71.5,70.4,71.05,2550,482025
2025-12-17 14:20:00+05:30,71.65,72.2,69.34,69.34,4500,486900
2025-12-17 14:21:00+05:30,68.65,69.9,68.65,69.5,3150,486900
2025-12-17 14:22:00+05:30,69.5,69.5,68.65,69.34,2325,486900
2025-12-17 14:23:00+05:30,69.2,70.25,69.2,69.84,1575,490050
2025-12-17 14:24:00+05:30,68.65,68.65,67.65,67.65,1500,490050
2025-12-17 14:25:00+05:30,67.75,67.75,67.15,67.34,1050,490050
2025-12-17 14:26:00+05:30,67.7,67.75,67.7,67.7,375,490650
2025-12-17 14:27:00+05:30,68.0,68.0,66.55,66.65,2175,490650
2025-12-17 14:28:00+05:30,66.9,67.34,66.75,67.34,3075,490650
2025-12-17 14:29:00+05:30,66.9,67.95,66.59,67.95,2475,490575
2025-12-17 14:30:00+05:30,67.59,67.8,67.4,67.8,525,490575
2025-12-17 14:31:00+05:30,67.7,67.7,67.2,67.2,525,490575
2025-12-17 14:32:00+05:30,67.09,68.59,67.09,68.2,5625,493050
2025-12-17 14:33:00+05:30,67.9,68.65,67.8,67.8,8175,493050
2025-12-17 14:34:00+05:30,67.84,69.45,67.84,69.45,3375,493050
2025-12-17 14:35:00+05:30,69.5,69.95,68.55,68.59,1350,492075
2025-12-17 14:36:00+05:30,68.5,68.5,67.0,67.0,2250,492075
2025-12-17 14:37:00+05:30,67.05,67.34,66.0,66.0,2775,492075
2025-12-17 14:38:00+05:30,66.2,67.15,66.2,66.95,1875,492000
2025-12-17 14:39:00+05:30,66.75,66.75,65.55,66.55,900,492000
2025-12-17 14:40:00+05:30,66.0,67.2,66.0,67.15,1125,492000
2025-12-17 14:41:00+05:30,67.95,68.25,67.55,67.9,1875,492375
2025-12-17 14:42:00+05:30,67.45,67.45,66.75,66.84,2625,492375
2025-12-17 14:43:00+05:30,67.55,67.75,67.15,67.75,3150,492375
2025-12-17 14:44:00+05:30,68.2,69.0,68.2,69.0,2325,493725
2025-12-17 14:45:00+05:30,69.05,69.8,69.0,69.7,5250,493725
2025-12-17 14:46:00+05:30,69.9,69.9,67.4,67.65,4800,493725
2025-12-17 14:47:00+05:30,67.9,67.9,67.25,67.4,1350,494400
2025-12-17 14:48:00+05:30,67.75,68.05,67.55,67.75,2475,494400
2025-12-17 14:49:00+05:30,67.9,70.45,67.9,70.05,3225,494400
2025-12-17 14:50:00+05:30,70.0,70.59,70.0,70.5,3150,494100
2025-12-17 14:51:00+05:30,70.7,70.7,69.34,69.65,3825,494100
2025-12-17 14:52:00+05:30,69.55,70.7,69.4,70.7,3000,494100
2025-12-17 14:53:00+05:30,70.9,70.9,69.9,69.9,3750,491700
2025-12-17 14:54:00+05:30,70.09,70.59,69.45,69.65,4575,491700
2025-12-17 14:55:00+05:30,69.84,70.5,69.8,69.8,3225,491700
2025-12-17 14:56:00+05:30,69.4,70.3,69.2,70.25,300,489975
2025-12-17 14:57:00+05:30,69.7,71.0,69.7,71.0,1350,489975
2025-12-17 14:58:00+05:30,71.4,71.4,70.59,70.8,4425,489975
2025-12-17 14:59:00+05:30,70.9,71.59,70.15,70.15,675,492300
2025-12-17 15:00:00+05:30,71.55,73.8,71.55,72.15,16350,492300
2025-12-17 15:01:00+05:30,72.84,73.45,72.25,72.5,12450,492300
2025-12-17 15:02:00+05:30,73.05,73.09,70.84,70.84,7125,489075
2025-12-17 15:03:00+05:30,70.8,72.09,70.8,71.55,6450,489075
2025-12-17 15:04:00+05:30,71.25,72.55,71.25,72.05,6525,489075
2025-12-17 15:05:00+05:30,72.65,73.34,72.15,72.3,6750,484875
2025-12-17 15:06:00+05:30,72.09,72.5,71.75,71.75,975,484875
2025-12-17 15:07:00+05:30,71.8,71.8,70.65,70.9,3750,484875
2025-12-17 15:08:00+05:30,70.75,72.2,70.75,72.2,1425,484875
2025-12-17 15:09:00+05:30,72.55,72.7,71.09,71.3,2475,484875
2025-12-17 15:10:00+05:30,71.8,71.84,70.8,70.84,7050,484875
2025-12-17 15:11:00+05:30,70.75,70.95,70.5,70.95,525,486825
2025-12-17 15:12:00+05:30,71.45,71.75,71.09,71.09,1125,486825
2025-12-17 15:13:00+05:30,71.8,71.95,71.7,71.75,2775,486825
2025-12-17 15:14:00+05:30,71.7,72.7,71.4,72.7,6075,488400
2025-12-17 15:15:00+05:30,72.7,72.7,70.05,71.05,4050,488400
2025-12-17 15:16:00+05:30,70.65,71.5,70.5,70.95,3375,488400
2025-12-17 15:17:00+05:30,71.05,71.05,70.3,70.7,3450,488775
2025-12-17 15:18:00+05:30,70.75,70.9,70.0,70.05,5100,488775
2025-12-17 15:19:00+05:30,71.05,71.55,70.45,71.55,4725,488775
2025-12-17 15:20:00+05:30,71.59,71.95,71.45,71.9,7950,487725
2025-12-17 15:21:00+05:30,72.3,72.4,71.65,71.7,10800,487725
2025-12-17 15:22:00+05:30,72.09,73.8,72.09,73.8,10050,487725
2025-12-17 15:23:00+05:30,73.84,73.95,73.4,73.84,12600,479850
2025-12-17 15:24:00+05:30,74.34,74.9,74.0,74.9,18300,479850
2025-12-17 15:25:00+05:30,74.8,75.0,74.55,74.7,3675,479850
2025-12-17 15:26:00+05:30,74.7,75.2,74.65,75.2,2175,472050
2025-12-17 15:27:00+05:30,75.05,75.5,75.05,75.3,7200,472050
2025-12-17 15:28:00+05:30,75.34,75.65,74.84,75.5,7950,472050
2025-12-17 15:29:00+05:30,75.25,75.7,75.15,75.55,24750,478950
2025-12-18 09:15:00+05:30,74.45,74.45,57.4,58.05,25575,478500
2025-12-18 09:16:00+05:30,56.8,58.65,55.2,58.6,33150,476175
2025-12-18 09:17:00+05:30,59.75,60.55,58.4,59.75,37575,476175
2025-12-18 09:18:00+05:30,60.2,60.85,59.05,59.35,16875,476175
2025-12-18 09:19:00+05:30,60.4,61.1,58.4,58.95,18525,493200
2025-12-18 09:20:00+05:30,58.2,58.55,57.4,58.55,18450,493200
2025-12-18 09:21:00+05:30,58.4,61.5,58.4,58.7,17325,493200
2025-12-18 09:22:00+05:30,59.45,60.55,58.85,59.25,9975,493350
2025-12-18 09:23:00+05:30,59.75,61.5,59.75,61.3,10725,493350
2025-12-18 09:24:00+05:30,63.05,63.15,61.05,61.8,12075,493350
2025-12-18 09:25:00+05:30,61.95,63.1,60.8,62.75,7275,490800
2025-12-18 09:26:00+05:30,63.2,63.8,61.2,61.2,4500,490800
2025-12-18 09:27:00+05:30,61.3,63.1,60.85,62.15,7350,490800
2025-12-18 09:28:00+05:30,61.95,62.35,59.1,59.9,8625,492525
2025-12-18 09:29:00+05:30,60.15,60.8,58.55,58.55,6450,492525
2025-12-18 09:30:00+05:30,58.5,60.45,58.5,60.15,13800,492525
2025-12-18 09:31:00+05:30,59.85,60.65,58.95,60.15,5400,496350
2025-12-18 09:32:00+05:30,60.2,60.2,58.0,58.15,6300,496350
2025-12-18 09:33:00+05:30,57.9,58.15,56.5,57.6,8250,496350
2025-12-18 09:34:00+05:30,57.8,58.9,57.15,57.65,5100,496350
2025-12-18 09:35:00+05:30,58.15,58.15,56.2,56.2,5250,496350
2025-12-18 09:36:00+05:30,56.25,58.0,56.25,57.95,12675,496350
2025-12-18 09:37:00+05:30,58.8,59.35,57.5,58.05,3450,501825
2025-12-18 09:38:00+05:30,57.9,58.45,56.9,56.95,6000,501825
2025-12-18 09:39:00+05:30,57.35,57.45,56.2,56.65,6300,501825
2025-12-18 09:40:00+05:30,56.85,56.85,55.45,55.95,9900,504300
2025-12-18 09:41:00+05:30,56.0,56.7,54.75,54.75,8775,504300
2025-12-18 09:42:00+05:30,55.2,55.2,52.3,52.45,21375,504300
2025-12-18 09:43:00+05:30,52.75,53.35,51.95,53.0,22650,514050
2025-12-18 09:44:00+05:30,52.7,52.75,51.05,51.05,15900,514050
2025-12-18 09:45:00+05:30,51.0,51.25,50.0,51.25,15825,514050
2025-12-18 09:46:00+05:30,51.15,51.15,48.9,49.3,22275,521100
2025-12-18 09:47:00+05:30,49.3,50.15,48.8,49.4,22050,521100
2025-12-18 09:48:00+05:30,49.25,49.6,49.15,49.3,13200,521100
2025-12-18 09:49:00+05:30,49.6,49.85,49.3,49.6,7725,521400
2025-12-18 09:50:00+05:30,49.5,50.0,49.2,49.85,7125,521400
2025-12-18 09:51:00+05:30,49.85,50.75,49.85,50.2,5925,521400
2025-12-18 09:52:00+05:30,50.55,51.3,50.4,51.05,5925,523725
2025-12-18 09:53:00+05:30,50.8,51.05,50.65,50.65,4200,523725
2025-12-18 09:54:00+05:30,50.45,51.1,50.4,51.1,2700,523725
2025-12-18 09:55:00+05:30,51.4,51.6,51.1,51.45,5100,527700
2025-12-18 09:56:00+05:30,51.35,51.45,50.65,50.65,5475,527700
2025-12-18 09:57:00+05:30,51.1,51.25,50.35,50.35,5400,527700
2025-12-18 09:58:00+05:30,50.35,51.3,50.35,51.3,6750,528825
2025-12-18 09:59:00+05:30,51.5,52.25,50.7,51.0,4125,528825
2025-12-18 10:00:00+05:30,51.05,51.05,50.4,50.4,3675,528825
2025-12-18 10:01:00+05:30,50.55,51.35,50.35,50.35,3825,530250
2025-12-18 10:02:00+05:30,50.35,51.4,50.35,50.85,4500,530250
2025-12-18 10:03:00+05:30,50.75,51.05,50.45,50.5,1875,530250
2025-12-18 10:04:00+05:30,50.6,51.0,50.1,51.0,3075,530100
2025-12-18 10:05:00+05:30,51.0,52.0,50.8,51.8,7200,530100
2025-12-18 10:06:00+05:30,51.75,53.05,51.75,52.4,9375,530100
2025-12-18 10:07:00+05:30,52.0,52.85,52.0,52.65,3000,533025
2025-12-18 10:08:00+05:30,52.95,53.95,52.8,53.95,5625,533025
2025-12-18 10:09:00+05:30,54.5,55.0,54.35,54.9,5400,533025
2025-12-18 10:10:00+05:30,55.0,55.3,54.3,54.8,14550,534975
2025-12-18 10:11:00+05:30,54.8,58.55,54.8,58.0,13275,534975
2025-12-18 10:12:00+05:30,58.25,60.0,57.95,59.65,28725,534975
2025-12-18 10:13:00+05:30,59.45,60.7,59.15,59.75,8550,534750
2025-12-18 10:14:00+05:30,59.85,59.85,58.0,58.2,3000,534750
2025-12-18 10:15:00+05:30,58.65,59.15,56.8,57.8,6900,534750
2025-12-18 10:16:00+05:30,58.5,59.85,58.5,59.5,9000,534750
2025-12-18 10:17:00+05:30,59.1,64.9,58.2,63.8,19950,534750
2025-12-18 10:18:00+05:30,62.6,65.45,62.6,65.45,12225,534750
2025-12-18 10:19:00+05:30,65.45,69.15,64.75,69.15,17325,535875
2025-12-18 10:20:00+05:30,69.15,70.0,66.75,67.45,33450,535875
2025-12-18 10:21:00+05:30,66.65,68.8,66.09,68.8,20625,535875
2025-12-18 10:22:00+05:30,68.8,70.95,68.7,70.25,13650,527775
2025-12-18 10:23:00+05:30,70.7,75.59,70.05,75.59,16425,527775
2025-12-18 10:24:00+05:30,75.59,75.65,71.8,71.8,9600,527775
2025-12-18 10:25:00+05:30,71.7,71.7,70.3,70.5,3975,523575
2025-12-18 10:26:00+05:30,70.4,71.3,68.0,68.0,4800,523575
2025-12-18 10:27:00+05:30,68.4,69.34,67.25,68.9,3750,523575
2025-12-18 10:28:00+05:30,68.84,70.65,68.75,70.45,3300,524850
2025-12-18 10:29:00+05:30,70.5,71.4,69.95,70.34,7725,524850
2025-12-18 10:30:00+05:30,71.09,71.9,69.15,69.34,6600,524850
2025-12-18 10:31:00+05:30,69.7,73.15,69.7,71.7,2775,525900
2025-12-18 10:32:00+05:30,73.75,74.15,72.9,73.65,5025,525900
2025-12-18 10:33:00+05:30,74.2,77.0,74.0,76.84,15750,525900
2025-12-18 10:34:00+05:30,77.0,82.55,76.95,80.8,94350,510975
2025-12-18 10:35:00+05:30,80.84,80.84,76.7,77.3,11550,510975
2025-12-18 10:36:00+05:30,76.55,76.55,74.25,75.15,6975,510975
2025-12-18 10:37:00+05:30,75.5,78.0,75.34,75.75,13200,499275
2025-12-18 10:38:00+05:30,75.65,76.0,75.05,75.05,1350,499275
2025-12-18 10:39:00+05:30,75.55,76.65,74.8,76.65,975,499275
2025-12-18 10:40:00+05:30,76.15,77.5,74.84,77.5,2325,498000
2025-12-18 10:41:00+05:30,77.65,78.2,76.84,77.4,2850,498000
2025-12-18 10:42:00+05:30,79.05,81.3,79.05,81.3,6750,498000
2025-12-18 10:43:00+05:30,81.75,82.2,79.95,79.95,16575,491550
2025-12-18 10:44:00+05:30,79.45,79.45,76.05,77.45,33075,491550
2025-12-18 10:45:00+05:30,78.3,79.2,78.09,79.2,1050,491550
2025-12-18 10:46:00+05:30,79.2,79.2,77.59,78.5,3000,499275
2025-12-18 10:47:00+05:30,78.0,80.09,77.59,79.4,6525,499275
2025-12-18 10:48:00+05:30,79.45,79.45,77.65,77.65,4575,499275
2025-12-18 10:49:00+05:30,77.45,77.45,76.0,76.0,3450,499350
2025-12-18 10:50:00+05:30,76.2,76.9,74.5,74.65,2325,499350
2025-12-18 10:51:00+05:30,74.65,75.25,73.9,74.65,2025,499350
2025-12-18 10:52:00+05:30,74.95,75.3,73.75,73.8,9525,499125
2025-12-18 10:53:00+05:30,73.75,76.05,72.34,75.55,9300,499125
2025-12-18 10:54:00+05:30,75.7,77.15,74.34,75.34,2850,499125
2025-12-18 10:55:00+05:30,75.75,75.75,73.4,74.34,2625,499725
2025-12-18 10:56:00+05:30,74.25,75.45,74.25,75.25,3675,499725
2025-12-18 10:57:00+05:30,75.0,76.75,75.0,76.75,3000,499725
2025-12-18 10:58:00+05:30,76.59,76.59,74.75,74.75,1650,499875
2025-12-18 10:59:00+05:30,74.34,77.0,74.34,76.95,1875,499875
2025-12-18 11:00:00+05:30,76.84,77.34,74.59,75.75,3450,499875
2025-12-18 11:01:00+05:30,75.05,76.34,75.05,75.5,1425,500850
2025-12-18 11:02:00+05:30,76.3,76.3,73.0,73.0,3150,500850
2025-12-18 11:03:00+05:30,73.3,73.3,71.65,71.65,3225,500850
2025-12-18 11:04:00+05:30,71.75,71.75,70.34,71.05,5700,502125
2025-12-18 11:05:00+05:30,71.2,73.0,71.2,72.55,6900,502125
2025-12-18 11:06:00+05:30,71.7,72.5,71.59,71.59,2700,502125
2025-12-18 11:07:00+05:30,70.59,70.9,69.7,70.4,5325,501675
2025-12-18 11:08:00+05:30,70.0,73.0,69.9,73.0,5250,501675
2025-12-18 11:09:00+05:30,73.0,73.95,72.15,72.15,3375,501675
2025-12-18 11:10:00+05:30,72.3,73.0,70.84,70.9,3825,500475
2025-12-18 11:11:00+05:30,71.8,71.8,71.5,71.55,825,500475
2025-12-18 11:12:00+05:30,71.9,71.95,70.34,71.95,1275,500475
2025-12-18 11:13:00+05:30,71.65,71.95,70.0,70.0,2700,499950
2025-12-18 11:14:00+05:30,70.45,70.9,70.0,70.0,1725,499950
2025-12-18 11:15:00+05:30,70.0,70.0,67.9,69.45,4875,499950
2025-12-18 11:16:00+05:30,69.7,69.7,66.75,68.09,7350,501450
2025-12-18 11:17:00+05:30,68.34,69.15,68.34,68.4,1800,501450
2025-12-18 11:18:00+05:30,67.95,69.45,67.95,68.9,2250,501450
2025-12-18 11:19:00+05:30,69.34,70.15,67.9,67.9,4650,501450
2025-12-18 11:20:00+05:30,69.05,71.25,69.05,71.25,2850,501000
2025-12-18 11:21:00+05:30,72.0,74.0,72.0,73.2,5100,501000
2025-12-18 11:22:00+05:30,73.65,76.5,73.65,76.5,2100,498750
2025-12-18 11:23:00+05:30,76.0,76.09,75.34,75.59,2775,498750
2025-12-18 11:24:00+05:30,75.8,78.0,75.8,78.0,3450,498750
2025-12-18 11:25:00+05:30,77.59,78.84,77.09,78.59,5400,497250
2025-12-18 11:26:00+05:30,78.25,78.25,76.25,76.95,2250,497250
2025-12-18 11:27:00+05:30,77.3,77.9,77.2,77.2,3075,497250
2025-12-18 11:28:00+05:30,76.7,77.2,74.09,76.3,4725,497400
2025-12-18 11:29:00+05:30,77.5,77.5,77.4,77.4,225,497400
2025-12-18 11:30:00+05:30,78.0,79.3,78.0,78.09,3675,497400
2025-12-18 11:31:00+05:30,78.59,78.59,77.2,77.2,900,497550
2025-12-18 11:32:00+05:30,76.7,78.59,76.7,78.5,2025,497550
2025-12-18 11:33:00+05:30,79.15,79.75,77.8,77.8,750,497550
2025-12-18 11:34:00+05:30,78.0,78.0,77.25,77.25,525,497550
2025-12-18 11:35:00+05:30,77.0,77.0,75.55,75.55,675,496650
2025-12-18 11:36:00+05:30,75.55,77.0,75.55,76.34,975,496650
2025-12-18 11:37:00+05:30,76.59,78.15,76.2,78.09,1725,496575
2025-12-18 11:38:00+05:30,76.95,78.5,76.95,78.15,1650,496575
2025-12-18 11:39:00+05:30,79.25,79.25,78.5,78.5,1050,496575
2025-12-18 11:40:00+05:30,77.5,77.65,77.05,77.65,1725,496575
2025-12-18 11:41:00+05:30,77.09,77.15,76.25,77.15,1275,496575
2025-12-18 11:42:00+05:30,76.9,77.05,76.15,77.05,1200,496575
2025-12-18 11:43:00+05:30,77.05,77.05,74.45,74.45,2325,494850
2025-12-18 11:44:00+05:30,74.7,75.05,74.09,75.0,6525,494850
2025-12-18 11:45:00+05:30,74.75,75.0,72.75,73.05,9900,494850
2025-12-18 11:46:00+05:30,73.4,74.25,73.34,73.4,5250,491325
2025-12-18 11:47:00+05:30,73.45,74.7,73.45,74.7,1575,491325
2025-12-18 11:48:00+05:30,74.5,75.7,73.9,74.84,2700,491325
2025-12-18 11:49:00+05:30,74.4,75.34,74.25,75.09,1575,491625
2025-12-18 11:50:00+05:30,75.0,75.7,74.15,75.7,3375,491625
2025-12-18 11:51:00+05:30,76.25,77.75,75.59,77.75,1800,491625
2025-12-18 11:52:00+05:30,77.15,79.59,77.15,79.59,4200,491700
2025-12-18 11:53:00+05:30,79.25,81.95,79.25,80.9,18375,491700
2025-12-18 11:54:00+05:30,81.2,84.7,81.0,81.55,13500,491700
2025-12-18 11:55:00+05:30,82.0,82.0,80.09,81.59,4500,488625
2025-12-18 11:56:00+05:30,81.59,83.0,80.2,83.0,4500,488625
2025-12-18 11:57:00+05:30,82.3,82.75,81.4,82.0,825,488625
2025-12-18 11:58:00+05:30,80.8,80.84,79.95,80.55,750,488475
2025-12-18 11:59:00+05:30,80.95,80.95,79.5,79.5,2550,488475
2025-12-18 12:00:00+05:30,79.84,79.84,77.75,77.75,3225,488475
2025-12-18 12:01:00+05:30,78.9,79.3,78.9,79.0,1200,487725
2025-12-18 12:02:00+05:30,79.4,81.7,79.2,80.95,4950,487725
2025-12-18 12:03:00+05:30,81.55,82.2,80.3,80.3,3750,487725
2025-12-18 12:04:00+05:30,80.34,80.34,78.55,78.55,1950,487725
2025-12-18 12:05:00+05:30,79.65,80.3,79.4,79.4,750,486825
2025-12-18 12:06:00+05:30,79.7,79.7,77.65,78.2,1425,486825
2025-12-18 12:07:00+05:30,78.0,80.3,78.0,80.3,1125,487350
2025-12-18 12:08:00+05:30,80.59,80.59,79.45,80.34,1800,487350
2025-12-18 12:09:00+05:30,80.55,82.1,80.55,82.1,3375,487350
2025-12-18 12:10:00+05:30,81.75,82.0,81.55,81.7,1650,485625
2025-12-18 12:11:00+05:30,81.65,83.25,81.59,83.25,3375,485625
2025-12-18 12:12:00+05:30,83.05,83.15,81.55,81.75,8400,485625
2025-12-18 12:13:00+05:30,80.84,82.55,80.84,82.5,3300,484350
2025-12-18 12:14:00+05:30,82.0,82.0,81.3,82.0,2100,484350
2025-12-18 12:15:00+05:30,82.3,83.7,81.65,82.1,2925,484350
2025-12-18 12:16:00+05:30,82.15,82.15,81.34,81.34,2100,484350
2025-12-18 12:17:00+05:30,81.55,83.6,81.55,83.0,3525,483825
2025-12-18 12:18:00+05:30,83.15,84.4,81.0,81.0,3075,483825
2025-12-18 12:19:00+05:30,80.34,80.34,79.84,79.9,3150,483000
2025-12-18 12:20:00+05:30,79.9,80.95,79.9,80.2,3075,483000
2025-12-18 12:21:00+05:30,80.25,81.59,79.95,81.59,1200,483000
2025-12-18 12:22:00+05:30,81.34,81.45,80.4,80.4,1950,483000
2025-12-18 12:23:00+05:30,80.0,82.0,79.25,81.65,4125,485700
2025-12-18 12:24:00+05:30,81.3,81.3,80.9,81.0,675,485700
2025-12-18 12:25:00+05:30,80.09,80.25,79.9,79.9,525,485700
2025-12-18 12:26:00+05:30,80.95,82.4,80.95,81.59,10125,487875
2025-12-18 12:27:00+05:30,81.3,81.34,80.9,81.34,2625,487875
2025-12-18 12:28:00+05:30,81.25,82.1,81.25,81.8,975,487875
2025-12-18 12:29:00+05:30,81.75,82.0,80.8,82.0,4650,485700
2025-12-18 12:30:00+05:30,82.5,83.3,81.8,83.3,4125,485700
2025-12-18 12:31:00+05:30,83.4,83.4,82.05,82.3,3975,485700
2025-12-18 12:32:00+05:30,82.25,82.4,81.59,82.4,3225,483975
2025-12-18 12:33:00+05:30,82.2,83.9,82.2,83.65,4425,483975
2025-12-18 12:34:00+05:30,83.45,84.1,83.4,84.1,2175,483975
2025-12-18 12:35:00+05:30,85.1,85.65,83.4,83.4,16500,482100
2025-12-18 12:36:00+05:30,82.25,84.6,81.9,83.45,23400,482100
2025-12-18 12:37:00+05:30,83.5,86.25,83.5,86.25,5850,482100
2025-12-18 12:38:00+05:30,86.25,86.85,85.2,85.2,9975,482025
2025-12-18 12:39:00+05:30,85.6,85.6,84.3,84.3,3750,482025
2025-12-18 12:40:00+05:30,84.5,84.5,83.35,83.35,4200,482025
2025-12-18 12:41:00+05:30,83.8,84.0,83.45,84.0,7575,483300
2025-12-18 12:42:00+05:30,84.2,85.9,84.0,85.9,7800,483300
2025-12-18 12:43:00+05:30,85.6,86.0,85.0,85.0,2325,483300
2025-12-18 12:44:00+05:30,84.0,85.05,84.0,85.05,1800,483600
2025-12-18 12:45:00+05:30,86.7,87.0,85.4,85.45,1425,483600
2025-12-18 12:46:00+05:30,84.85,86.05,84.7,86.0,7650,483600
2025-12-18 12:47:00+05:30,85.95,86.2,84.9,84.9,7575,488550
2025-12-18 12:48:00+05:30,84.3,84.3,82.55,83.3,3000,488550
2025-12-18 12:49:00+05:30,83.5,83.5,82.4,82.95,2700,488550
2025-12-18 12:50:00+05:30,83.15,83.15,81.0,81.0,4950,491775
2025-12-18 12:51:00+05:30,81.09,83.0,80.95,82.95,2025,491775
2025-12-18 12:52:00+05:30,82.6,82.6,81.09,81.7,3600,491775
2025-12-18 12:53:00+05:30,81.55,81.55,79.2,79.2,675,491400
2025-12-18 12:54:00+05:30,80.2,81.09,80.2,80.7,1200,491400
2025-12-18 12:55:00+05:30,80.95,81.09,80.7,80.84,5400,491400
2025-12-18 12:56:00+05:30,81.05,81.95,80.25,80.25,825,492750
2025-12-18 12:57:00+05:30,80.25,80.25,77.5,77.5,7125,492750
2025-12-18 12:58:00+05:30,77.5,78.25,77.3,78.25,2925,492750
2025-12-18 12:59:00+05:30,78.65,79.0,78.3,78.65,825,493050
2025-12-18 13:00:00+05:30,78.25,79.5,78.25,79.5,975,493050
2025-12-18 13:01:00+05:30,79.65,80.95,78.75,78.75,1500,493050
2025-12-18 13:02:00+05:30,78.5,79.25,78.0,79.25,525,493050
2025-12-18 13:03:00+05:30,79.45,80.84,79.45,80.7,1575,493050
2025-12-18 13:04:00+05:30,80.34,80.45,80.34,80.45,150,493050
2025-12-18 13:05:00+05:30,79.55,80.5,79.55,80.25,2100,491700
2025-12-18 13:06:00+05:30,80.45,81.3,80.34,81.3,675,491700
2025-12-18 13:07:00+05:30,80.84,80.84,80.3,80.3,150,491700
2025-12-18 13:08:00+05:30,80.9,81.8,80.45,81.34,3075,491775
2025-12-18 13:09:00+05:30,80.84,80.84,80.3,80.45,525,491775
2025-12-18 13:10:00+05:30,80.65,80.84,80.65,80.65,1800,491775
2025-12-18 13:11:00+05:30,78.84,78.84,76.5,76.5,1800,490650
2025-12-18 13:12:00+05:30,77.7,79.0,77.7,79.0,1650,490650
2025-12-18 13:13:00+05:30,79.25,81.09,79.25,80.95,1050,490650
2025-12-18 13:14:00+05:30,80.65,81.15,79.7,79.7,2625,490275
2025-12-18 13:15:00+05:30,79.7,79.7,78.15,78.9,3075,490275
2025-12-18 13:16:00+05:30,78.5,79.7,77.9,78.0,3075,490275
2025-12-18 13:17:00+05:30,77.34,80.05,77.34,79.75,2025,487725
2025-12-18 13:18:00+05:30,79.75,79.75,77.4,77.5,7650,487725
2025-12-18 13:19:00+05:30,77.95,78.45,77.65,77.9,1875,487725
2025-12-18 13:20:00+05:30,77.9,78.0,77.5,77.65,1725,488775
2025-12-18 13:21:00+05:30,78.84,78.95,77.05,77.09,4200,488775
2025-12-18 13:22:00+05:30,76.45,77.34,76.0,77.34,2850,488775
2025-12-18 13:23:00+05:30,77.34,78.25,76.4,78.25,1350,486900
2025-12-18 13:24:00+05:30,78.34,79.05,78.34,79.05,750,486900
2025-12-18 13:25:00+05:30,78.5,78.75,78.5,78.75,225,486900
2025-12-18 13:26:00+05:30,78.09,80.0,78.09,78.95,450,486075
2025-12-18 13:27:00+05:30,78.8,79.25,78.55,79.25,825,486075
2025-12-18 13:28:00+05:30,79.2,79.2,78.0,78.0,1650,486075
2025-12-18 13:29:00+05:30,77.59,77.59,75.2,75.4,3225,485850
2025-12-18 13:30:00+05:30,75.0,76.55,75.0,76.55,3900,485850
2025-12-18 13:31:00+05:30,76.65,76.65,75.8,75.8,750,485850
2025-12-18 13:32:00+05:30,75.7,75.7,72.8,73.0,6375,488775
2025-12-18 13:33:00+05:30,72.9,72.9,70.0,70.0,5700,488775
2025-12-18 13:34:00+05:30,70.25,71.55,69.8,69.8,6225,488775
2025-12-18 13:35:00+05:30,70.05,71.15,69.5,71.0,8325,492450
2025-12-18 13:36:00+05:30,70.25,71.05,68.84,69.84,15300,492450
2025-12-18 13:37:00+05:30,70.4,72.55,70.4,72.3,6150,492450
2025-12-18 13:38:00+05:30,72.2,72.9,71.8,72.3,4725,494550
2025-12-18 13:39:00+05:30,72.4,73.59,72.34,73.4,9450,494550
2025-12-18 13:40:00+05:30,72.9,72.9,71.45,71.45,4200,494550
2025-12-18 13:41:00+05:30,71.95,73.0,70.4,70.95,5400,490425
2025-12-18 13:42:00+05:30,71.0,72.09,70.09,71.84,3225,490425
2025-12-18 13:43:00+05:30,72.05,72.45,71.59,72.4,525,490425
2025-12-18 13:44:00+05:30,72.05,72.05,69.95,70.55,2850,491325
2025-12-18 13:45:00+05:30,70.9,70.9,70.3,70.55,3075,491325
2025-12-18 13:46:00+05:30,70.95,71.05,70.0,70.2,5700,491325
2025-12-18 13:47:00+05:30,70.0,71.0,69.4,71.0,2850,491700
2025-12-18 13:48:00+05:30,70.5,72.15,70.5,72.15,1725,491700
2025-12-18 13:49:00+05:30,72.5,72.7,70.75,71.4,5700,491700
2025-12-18 13:50:00+05:30,70.7,71.65,70.45,71.45,3000,493200
2025-12-18 13:51:00+05:30,71.55,71.75,71.0,71.0,900,493200
2025-12-18 13:52:00+05:30,70.59,71.45,70.55,70.65,4800,493200
2025-12-18 13:53:00+05:30,71.34,72.45,71.2,72.4,4275,494850
2025-12-18 13:54:00+05:30,72.34,74.0,71.95,72.55,2850,494850
2025-12-18 13:55:00+05:30,72.2,72.2,71.65,72.15,300,494850
2025-12-18 13:56:00+05:30,71.2,71.59,71.0,71.55,4350,496200
2025-12-18 13:57:00+05:30,71.65,71.65,67.7,67.7,7050,496200
2025-12-18 13:58:00+05:30,67.7,68.59,66.25,68.59,5625,496200
2025-12-18 13:59:00+05:30,68.45,68.65,68.0,68.05,1950,496350
2025-12-18 14:00:00+05:30,69.0,69.05,66.59,67.05,7125,496350
2025-12-18 14:01:00+05:30,66.2,67.05,65.84,66.05,28275,496350
2025-12-18 14:02:00+05:30,65.3,65.3,61.05,61.9,16800,515025
2025-12-18 14:03:00+05:30,62.1,62.4,61.55,62.2,13575,515025
2025-12-18 14:04:00+05:30,62.3,63.75,62.2,62.9,17325,515025
2025-12-18 14:05:00+05:30,62.75,63.0,62.0,62.15,5100,511875
2025-12-18 14:06:00+05:30,62.0,62.05,60.75,61.9,8325,511875
2025-12-18 14:07:00+05:30,60.5,60.5,58.4,58.8,16050,511875
2025-12-18 14:08:00+05:30,59.05,60.2,59.05,59.4,8100,510300
2025-12-18 14:09:00+05:30,59.5,60.35,58.85,58.85,8100,510300
2025-12-18 14:10:00+05:30,58.9,59.25,56.85,57.85,11625,510300
2025-12-18 14:11:00+05:30,57.85,57.85,56.25,57.4,8400,511575
2025-12-18 14:12:00+05:30,57.4,57.95,57.2,57.5,8175,511575
2025-12-18 14:13:00+05:30,56.85,58.6,56.85,58.4,5925,511575
2025-12-18 14:14:00+05:30,58.0,58.3,57.0,57.25,7200,513750
2025-12-18 14:15:00+05:30,57.3,58.4,56.8,57.35,9975,513750
2025-12-18 14:16:00+05:30,57.4,57.55,55.8,57.1,8775,513750
2025-12-18 14:17:00+05:30,57.05,59.7,57.0,59.7,10725,513450
2025-12-18 14:18:00+05:30,59.7,60.45,59.7,59.9,11475,513450
2025-12-18 14:19:00+05:30,60.3,60.4,57.6,58.4,5625,513450
2025-12-18 14:20:00+05:30,57.9,58.4,57.6,58.1,6450,513375
2025-12-18 14:21:00+05:30,58.1,58.1,56.35,56.6,9975,513375
2025-12-18 14:22:00+05:30,56.5,56.95,56.15,56.6,11925,513375
2025-12-18 14:23:00+05:30,56.65,56.65,53.55,53.6,23100,532125
2025-12-18 14:24:00+05:30,53.4,53.95,53.0,53.05,26025,532125
2025-12-18 14:25:00+05:30,53.25,53.85,53.1,53.85,10425,532125
2025-12-18 14:26:00+05:30,53.55,53.9,52.5,53.45,4500,532500
2025-12-18 14:27:00+05:30,53.7,53.85,53.15,53.85,22200,532500
2025-12-18 14:28:00+05:30,54.0,54.95,52.5,52.75,7950,532500
2025-12-18 14:29:00+05:30,52.9,54.35,52.75,54.2,4500,550875
2025-12-18 14:30:00+05:30,54.65,55.7,53.9,55.7,10875,550875
2025-12-18 14:31:00+05:30,55.9,57.35,55.9,57.35,3450,550875
2025-12-18 14:32:00+05:30,57.55,58.7,57.1,58.6,22575,554550
2025-12-18 14:33:00+05:30,58.2,59.35,58.2,58.2,2850,554550
2025-12-18 14:34:00+05:30,58.45,58.45,55.95,56.0,3525,554550
2025-12-18 14:35:00+05:30,56.2,56.2,54.9,55.8,9750,556275
2025-12-18 14:36:00+05:30,56.3,56.3,55.5,56.05,3975,556275
2025-12-18 14:37:00+05:30,56.0,56.1,55.3,55.85,2400,556275
2025-12-18 14:38:00+05:30,55.7,56.1,54.7,54.95,2550,558150
2025-12-18 14:39:00+05:30,54.8,54.9,54.15,54.3,3825,558150
2025-12-18 14:40:00+05:30,53.7,54.7,53.7,54.1,2925,558150
2025-12-18 14:41:00+05:30,55.0,56.0,54.6,55.35,4800,557325
2025-12-18 14:42:00+05:30,55.65,55.65,54.6,54.8,4875,557325
2025-12-18 14:43:00+05:30,55.2,55.2,53.8,53.85,2850,557325
2025-12-18 14:44:00+05:30,54.0,55.15,54.0,54.85,5250,559125
2025-12-18 14:45:00+05:30,55.15,55.55,54.55,55.35,3375,559125
2025-12-18 14:46:00+05:30,56.5,56.85,55.6,55.8,4125,559125
2025-12-18 14:47:00+05:30,55.4,55.95,55.4,55.95,1350,559125
2025-12-18 14:48:00+05:30,56.35,56.9,55.6,55.75,5250,559125
2025-12-18 14:49:00+05:30,55.5,55.65,54.7,54.7,1575,559125
2025-12-18 14:50:00+05:30,54.95,55.0,54.0,54.35,4725,560850
2025-12-18 14:51:00+05:30,54.3,54.4,53.4,53.95,3825,560850
2025-12-18 14:52:00+05:30,53.7,53.85,52.4,53.1,4875,560850
2025-12-18 14:53:00+05:30,52.75,52.75,51.15,51.15,3900,559575
2025-12-18 14:54:00+05:30,51.2,53.9,51.2,53.9,8250,559575
2025-12-18 14:55:00+05:30,53.4,54.5,53.25,54.5,5925,559575
2025-12-18 14:56:00+05:30,54.6,55.05,54.0,54.65,11025,560700
2025-12-18 14:57:00+05:30,54.7,55.3,54.2,54.2,3300,560700
2025-12-18 14:58:00+05:30,53.65,54.35,53.65,53.95,2325,560700
2025-12-18 14:59:00+05:30,54.3,54.7,53.75,53.9,2625,560100
2025-12-18 15:00:00+05:30,55.0,56.15,54.8,55.15,16275,560100
2025-12-18 15:01:00+05:30,54.5,55.8,54.5,55.65,10575,560100
2025-12-18 15:02:00+05:30,55.5,56.5,55.5,56.5,3375,555675
2025-12-18 15:03:00+05:30,56.65,58.05,56.4,57.8,19650,555675
2025-12-18 15:04:00+05:30,57.8,58.7,57.5,58.0,5550,555675
2025-12-18 15:05:00+05:30,57.85,58.1,56.95,58.1,14175,552900
2025-12-18 15:06:00+05:30,58.25,58.95,56.45,56.45,5550,552900
2025-12-18 15:07:00+05:30,57.05,57.9,56.75,57.9,9450,552900
2025-12-18 15:08:00+05:30,57.7,58.45,57.6,58.35,8625,561000
2025-12-18 15:09:00+05:30,58.0,58.65,57.85,58.65,19125,561000
2025-12-18 15:10:00+05:30,58.8,59.2,58.55,59.2,7275,561000
2025-12-18 15:11:00+05:30,59.05,59.6,58.85,59.05,15975,578325
2025-12-18 15:12:00+05:30,58.6,58.9,57.9,58.0,11475,578325
2025-12-18 15:13:00+05:30,57.9,57.9,56.95,57.2,19725,578325
2025-12-18 15:14:00+05:30,57.25,57.9,57.0,57.75,12975,590175
2025-12-18 15:15:00+05:30,58.0,58.35,57.4,58.0,9450,590175
2025-12-18 15:16:00+05:30,57.85,58.65,57.4,58.65,5775,590175
2025-12-18 15:17:00+05:30,58.45,58.7,57.65,58.05,23475,596625
2025-12-18 15:18:00+05:30,58.05,58.2,57.5,58.15,6375,596625
2025-12-18 15:19:00+05:30,58.3,58.3,57.85,58.25,5325,596625
2025-12-18 15:20:00+05:30,58.15,58.6,58.1,58.3,11100,598350
2025-12-18 15:21:00+05:30,58.35,58.6,58.15,58.2,8925,598350
2025-12-18 15:22:00+05:30,58.0,58.0,57.4,57.8,8625,598350
2025-12-18 15:23:00+05:30,57.8,58.1,57.75,57.85,14475,608400
2025-12-18 15:24:00+05:30,57.9,58.1,57.45,57.8,21675,608400
2025-12-18 15:25:00+05:30,57.9,58.05,57.65,57.8,12450,608400
2025-12-18 15:26:00+05:30,57.8,58.1,57.65,58.1,6000,599475
2025-12-18 15:27:00+05:30,58.0,58.4,57.9,58.2,11250,599475
2025-12-18 15:28:00+05:30,58.15,58.75,58.05,58.65,7275,599475
2025-12-18 15:29:00+05:30,58.95,59.25,58.5,58.7,9900,600150
2025-12-19 09:15:00+05:30,89.15,89.15,70.55,77.45,77625,600075
2025-12-19 09:16:00+05:30,78.0,81.75,77.34,81.75,42675,597375
2025-12-19 09:17:00+05:30,81.4,82.9,79.8,82.85,81600,597375
2025-12-19 09:18:00+05:30,82.75,86.4,82.75,85.45,104925,597375
2025-12-19 09:19:00+05:30,84.8,85.0,82.0,82.95,58125,555075
2025-12-19 09:20:00+05:30,82.4,86.0,82.4,85.75,25200,555075
2025-12-19 09:21:00+05:30,84.8,86.5,84.8,86.0,27225,555075
2025-12-19 09:22:00+05:30,84.4,87.2,83.5,86.5,35025,564000
2025-12-19 09:23:00+05:30,86.0,86.95,84.6,86.5,28950,564000
2025-12-19 09:24:00+05:30,86.55,87.35,85.95,87.1,11475,564000
2025-12-19 09:25:00+05:30,87.0,87.05,85.0,85.9,12450,567825
2025-12-19 09:26:00+05:30,86.2,87.25,85.15,85.15,12975,567825
2025-12-19 09:27:00+05:30,85.0,88.2,85.0,87.3,9900,567825
2025-12-19 09:28:00+05:30,88.1,90.2,87.85,90.05,27450,568050
2025-12-19 09:29:00+05:30,90.1,92.05,89.35,92.05,11775,568050
2025-12-19 09:30:00+05:30,92.95,101.55,92.95,98.0,50325,568050
2025-12-19 09:31:00+05:30,98.4,99.05,96.35,97.0,21525,558375
2025-12-19 09:32:00+05:30,97.0,98.1,95.35,97.0,13875,558375
2025-12-19 09:33:00+05:30,96.8,97.75,94.95,96.4,34350,558375
2025-12-19 09:34:00+05:30,96.65,99.65,96.5,98.9,16950,571575
2025-12-19 09:35:00+05:30,98.9,98.9,96.5,97.05,9375,571575
2025-12-19 09:36:00+05:30,97.15,97.75,95.6,97.75,7800,571575
2025-12-19 09:37:00+05:30,97.8,99.2,97.5,99.05,7800,564450
2025-12-19 09:38:00+05:30,98.9,99.25,96.45,97.9,6000,564450
2025-12-19 09:39:00+05:30,98.45,99.6,97.95,98.75,7650,564450
2025-12-19 09:40:00+05:30,99.3,99.65,95.65,96.2,10125,565425
2025-12-19 09:41:00+05:30,95.7,98.3,94.95,97.75,25350,565425
2025-12-19 09:42:00+05:30,97.75,98.85,96.8,96.85,7200,565425
2025-12-19 09:43:00+05:30,96.8,96.8,95.2,95.7,9600,570975
2025-12-19 09:44:00+05:30,96.1,97.5,95.0,95.0,5250,570975
2025-12-19 09:45:00+05:30,95.7,99.2,95.7,99.1,7575,570975
2025-12-19 09:46:00+05:30,99.65,99.95,96.2,96.2,16050,571125
2025-12-19 09:47:00+05:30,96.0,97.0,95.35,96.05,8850,571125
2025-12-19 09:48:00+05:30,97.0,97.0,91.75,93.45,21300,571125
2025-12-19 09:49:00+05:30,92.75,93.05,89.8,90.6,12075,575925
2025-12-19 09:50:00+05:30,90.25,92.8,90.25,92.15,13500,575925
2025-12-19 09:51:00+05:30,92.2,92.65,90.5,91.15,12750,575925
2025-12-19 09:52:00+05:30,91.25,92.8,90.75,92.8,7500,578850
2025-12-19 09:53:00+05:30,93.35,93.35,91.8,92.7,5400,578850
2025-12-19 09:54:00+05:30,93.05,95.7,92.5,95.7,5325,578850
2025-12-19 09:55:00+05:30,95.6,95.6,92.9,93.5,6150,575700
2025-12-19 09:56:00+05:30,93.6,95.6,91.55,91.95,4950,575700
2025-12-19 09:57:00+05:30,92.05,94.55,92.05,94.55,5250,575700
2025-12-19 09:58:00+05:30,94.8,96.0,94.5,95.3,5100,577050
2025-12-19 09:59:00+05:30,95.15,96.3,93.9,94.75,5850,577050
2025-12-19 10:00:00+05:30,94.05,97.85,94.05,96.35,12000,577050
2025-12-19 10:01:00+05:30,95.9,96.4,92.85,96.4,7500,579300
2025-12-19 10:02:00+05:30,96.15,97.3,96.15,96.5,7275,579300
2025-12-19 10:03:00+05:30,96.0,96.25,94.85,95.75,12150,579300
2025-12-19 10:04:00+05:30,95.65,96.35,94.15,94.75,6450,580350
2025-12-19 10:05:00+05:30,94.6,94.8,88.1,88.1,11850,580350
2025-12-19 10:06:00+05:30,87.65,88.4,85.95,86.0,19200,580350
2025-12-19 10:07:00+05:30,86.3,87.7,84.25,87.7,30750,581925
2025-12-19 10:08:00+05:30,87.45,89.1,87.25,89.1,8025,581925
2025-12-19 10:09:00+05:30,89.55,91.55,89.15,91.35,12225,581925
2025-12-19 10:10:00+05:30,90.95,91.8,88.9,90.15,7125,586875
2025-12-19 10:11:00+05:30,90.75,90.75,87.3,88.05,5400,586875
2025-12-19 10:12:00+05:30,88.85,89.15,86.55,86.55,9825,586875
2025-12-19 10:13:00+05:30,86.2,87.0,85.4,85.4,6900,589725
2025-12-19 10:14:00+05:30,85.25,86.45,85.0,85.55,6900,589725
2025-12-19 10:15:00+05:30,85.55,85.95,84.8,85.75,2775,589725
2025-12-19 10:16:00+05:30,86.05,87.15,86.05,86.2,2025,588975
2025-12-19 10:17:00+05:30,87.1,89.65,87.1,89.65,2325,588975
2025-12-19 10:18:00+05:30,89.55,89.55,87.45,88.85,3300,588975
2025-12-19 10:19:00+05:30,89.35,89.75,88.55,89.4,2175,590400
2025-12-19 10:20:00+05:30,88.55,88.9,87.5,87.65,8700,590400
2025-12-19 10:21:00+05:30,87.1,89.8,87.1,89.45,5775,590400
2025-12-19 10:22:00+05:30,88.95,89.25,86.8,88.55,9075,587850
2025-12-19 10:23:00+05:30,88.55,89.35,88.0,89.35,1350,587850
2025-12-19 10:24:00+05:30,89.4,89.45,87.85,88.0,9750,587850
2025-12-19 10:25:00+05:30,89.45,89.45,87.8,88.7,4350,590700
2025-12-19 10:26:00+05:30,88.65,90.15,88.65,89.85,4575,590700
2025-12-19 10:27:00+05:30,90.25,92.7,89.0,92.7,15450,590700
2025-12-19 10:28:00+05:30,92.65,93.75,92.3,92.3,7425,597300
2025-12-19 10:29:00+05:30,92.05,93.0,91.3,91.8,1575,597300
2025-12-19 10:30:00+05:30,91.95,93.0,91.9,92.1,3225,597300
2025-12-19 10:31:00+05:30,91.9,94.0,91.9,93.85,4125,597300
2025-12-19 10:32:00+05:30,93.85,94.45,92.7,93.6,12900,597300
2025-12-19 10:33:00+05:30,93.75,93.9,92.2,92.2,1200,597300
2025-12-19 10:34:00+05:30,91.9,93.2,90.9,93.2,9000,590700
2025-12-19 10:35:00+05:30,92.5,93.55,92.35,92.6,2250,590700
2025-12-19 10:36:00+05:30,92.35,93.05,91.9,92.95,975,590700
2025-12-19 10:37:00+05:30,92.8,93.55,92.05,92.1,7275,590100
2025-12-19 10:38:00+05:30,92.1,93.5,92.1,93.5,825,590100
2025-12-19 10:39:00+05:30,93.85,94.6,93.0,94.6,3450,590100
2025-12-19 10:40:00+05:30,94.35,95.9,93.8,95.8,4200,588825
2025-12-19 10:41:00+05:30,95.25,95.7,92.5,93.25,8175,588825
2025-12-19 10:42:00+05:30,93.95,97.5,93.95,97.5,13200,588825
2025-12-19 10:43:00+05:30,97.5,97.5,96.2,96.85,8625,589950
2025-12-19 10:44:00+05:30,96.6,98.45,96.5,97.85,3375,589950
2025-12-19 10:45:00+05:30,97.7,98.35,97.15,97.15,5025,589950
2025-12-19 10:46:00+05:30,97.65,97.85,96.35,96.35,3075,591975
2025-12-19 10:47:00+05:30,96.6,96.6,95.35,95.35,7425,591975
2025-12-19 10:48:00+05:30,95.65,95.65,93.6,94.0,19875,591975
2025-12-19 10:49:00+05:30,94.0,94.35,92.8,93.95,4950,595425
2025-12-19 10:50:00+05:30,94.0,95.0,93.0,94.3,7725,595425
2025-12-19 10:51:00+05:30,94.0,96.6,94.0,96.6,6750,595425
2025-12-19 10:52:00+05:30,96.05,96.5,95.0,96.5,5775,596550
2025-12-19 10:53:00+05:30,96.5,97.0,95.35,95.4,3300,596550
2025-12-19 10:54:00+05:30,95.75,95.75,94.0,94.0,4050,596550
2025-12-19 10:55:00+05:30,94.35,95.35,94.25,94.95,1575,598200
2025-12-19 10:56:00+05:30,94.8,95.0,92.35,92.35,2325,598200
2025-12-19 10:57:00+05:30,92.0,92.0,89.0,89.0,9825,598200
2025-12-19 10:58:00+05:30,88.9,91.9,88.7,91.05,4875,597450
2025-12-19 10:59:00+05:30,90.85,91.25,89.55,90.0,1950,597450
2025-12-19 11:00:00+05:30,89.7,91.0,89.7,90.0,2700,597450
2025-12-19 11:01:00+05:30,90.9,92.0,90.25,90.5,3675,599400
2025-12-19 11:02:00+05:30,90.8,91.75,88.8,88.9,8025,599400
2025-12-19 11:03:00+05:30,88.9,89.75,88.4,89.55,2475,599400
2025-12-19 11:04:00+05:30,89.1,89.3,87.35,88.45,6900,595725
2025-12-19 11:05:00+05:30,89.0,89.0,88.25,88.25,3150,595725
2025-12-19 11:06:00+05:30,88.3,88.3,86.25,86.25,7725,595725
2025-12-19 11:07:00+05:30,85.85,87.5,85.4,87.5,5400,595725
2025-12-19 11:08:00+05:30,87.3,89.0,86.9,88.7,4125,595725
2025-12-19 11:09:00+05:30,88.15,89.0,87.5,87.85,3825,595725
2025-12-19 11:10:00+05:30,88.65,89.15,88.6,89.05,1800,595125
2025-12-19 11:11:00+05:30,89.2,90.0,88.4,88.9,4725,595125
2025-12-19 11:12:00+05:30,88.8,89.3,88.4,88.9,3150,595125
2025-12-19 11:13:00+05:30,89.0,89.0,87.25,87.25,2175,598800
2025-12-19 11:14:00+05:30,88.5,89.15,88.0,89.15,1500,598800
2025-12-19 11:15:00+05:30,89.65,89.65,88.35,88.8,1950,598800
2025-12-19 11:16:00+05:30,89.1,90.0,88.8,89.05,4350,599925
2025-12-19 11:17:00+05:30,89.2,90.75,87.9,88.15,4350,599925
2025-12-19 11:18:00+05:30,88.0,88.0,86.5,87.3,3525,599925
2025-12-19 11:19:00+05:30,87.85,88.05,87.45,87.55,1950,604500
2025-12-19 11:20:00+05:30,87.1,87.65,87.0,87.15,975,604500
2025-12-19 11:21:00+05:30,86.15,88.75,86.15,88.5,2475,604500
2025-12-19 11:22:00+05:30,88.2,90.4,88.2,89.05,6600,601800
2025-12-19 11:23:00+05:30,88.6,88.9,87.45,87.7,3675,601800
2025-12-19 11:24:00+05:30,87.3,87.3,84.6,85.2,4650,601800
2025-12-19 11:25:00+05:30,84.65,86.0,84.55,85.8,3450,604425
2025-12-19 11:26:00+05:30,85.0,85.75,84.7,84.7,1575,604425
2025-12-19 11:27:00+05:30,83.7,84.15,83.0,84.1,10500,604425
2025-12-19 11:28:00+05:30,84.0,84.0,82.6,82.9,4350,604650
2025-12-19 11:29:00+05:30,82.55,82.55,79.05,79.55,11850,604650
2025-12-19 11:30:00+05:30,79.05,79.3,78.05,78.8,11025,604650
2025-12-19 11:31:00+05:30,78.95,80.5,78.8,79.09,10575,602850
2025-12-19 11:32:00+05:30,79.34,79.8,78.95,79.65,7275,602850
2025-12-19 11:33:00+05:30,79.7,79.84,77.2,78.7,10425,602850
2025-12-19 11:34:00+05:30,79.09,79.65,79.0,79.09,2700,603825
2025-12-19 11:35:00+05:30,78.09,80.3,78.09,80.09,4725,603825
2025-12-19 11:36:00+05:30,80.0,82.5,80.0,81.15,10125,603825
2025-12-19 11:37:00+05:30,82.0,82.0,80.25,80.4,1275,606225
2025-12-19 11:38:00+05:30,80.75,80.75,79.3,80.59,4725,606225
2025-12-19 11:39:00+05:30,80.45,80.95,80.45,80.95,900,606225
2025-12-19 11:40:00+05:30,80.5,80.8,80.0,80.4,2325,605625
2025-12-19 11:41:00+05:30,80.0,80.0,79.09,79.5,375,605625
2025-12-19 11:42:00+05:30,79.3,79.45,78.59,78.59,975,605625
2025-12-19 11:43:00+05:30,77.65,77.75,73.75,74.05,30750,606300
2025-12-19 11:44:00+05:30,74.25,75.34,72.5,72.5,25725,606300
2025-12-19 11:45:00+05:30,72.55,72.55,70.3,71.55,12600,606300
2025-12-19 11:46:00+05:30,72.15,73.4,71.95,73.09,12225,612750
2025-12-19 11:47:00+05:30,72.9,74.25,72.9,74.15,4050,612750
2025-12-19 11:48:00+05:30,74.05,75.75,73.8,75.25,2850,612750
2025-12-19 11:49:00+05:30,75.3,75.55,74.34,74.9,23925,608775
2025-12-19 11:50:00+05:30,75.25,76.9,75.0,76.75,8325,608775
2025-12-19 11:51:00+05:30,76.55,77.5,75.8,75.8,6900,608775
2025-12-19 11:52:00+05:30,75.45,76.0,75.45,75.8,8100,608775
2025-12-19 11:53:00+05:30,76.0,76.0,75.3,75.3,12825,608550
2025-12-19 11:54:00+05:30,76.34,77.09,75.75,75.75,1200,608550
2025-12-19 11:55:00+05:30,76.84,77.0,76.75,76.75,1350,608550
2025-12-19 11:56:00+05:30,75.5,76.5,75.5,75.55,2100,617925
2025-12-19 11:57:00+05:30,75.95,75.95,75.59,75.75,825,617925
2025-12-19 11:58:00+05:30,75.59,75.75,75.09,75.75,2925,617925
2025-12-19 11:59:00+05:30,76.05,76.84,75.8,75.8,1800,617775
2025-12-19 12:00:00+05:30,76.45,77.0,76.25,77.0,2175,617775
2025-12-19 12:01:00+05:30,77.8,80.05,77.7,80.05,13575,617775
2025-12-19 12:02:00+05:30,79.8,80.15,79.05,79.84,1350,617550
2025-12-19 12:03:00+05:30,79.5,79.59,78.2,78.59,3450,617550
2025-12-19 12:04:00+05:30,78.7,78.9,77.5,78.3,3300,617175
2025-12-19 12:05:00+05:30,78.84,79.45,77.55,77.55,5550,617175
2025-12-19 12:06:00+05:30,78.59,80.05,78.5,79.45,3300,617175
2025-12-19 12:07:00+05:30,79.5,80.0,79.45,79.95,3975,617175
2025-12-19 12:08:00+05:30,80.25,81.55,80.05,80.9,3300,619950
2025-12-19 12:09:00+05:30,81.09,82.45,81.09,81.75,10425,619950
2025-12-19 12:10:00+05:30,81.4,81.45,80.25,80.75,6825,619950
2025-12-19 12:11:00+05:30,81.0,82.0,80.15,80.55,16875,619875
2025-12-19 12:12:00+05:30,80.5,80.5,78.84,79.75,3375,619875
2025-12-19 12:13:00+05:30,79.75,80.4,79.75,80.0,450,619875
2025-12-19 12:14:00+05:30,80.45,80.45,80.0,80.25,2175,620625
2025-12-19 12:15:00+05:30,80.7,81.15,80.15,80.55,1800,620625
2025-12-19 12:16:00+05:30,80.8,81.45,79.65,79.65,4125,620625
2025-12-19 12:17:00+05:30,80.09,80.09,78.75,79.59,2475,624150
2025-12-19 12:18:00+05:30,79.2,79.5,78.95,78.95,3750,624150
2025-12-19 12:19:00+05:30,79.25,79.25,76.65,76.75,4050,624150
2025-12-19 12:20:00+05:30,76.4,76.65,74.9,75.45,40800,623850
2025-12-19 12:21:00+05:30,75.9,77.25,75.5,76.34,2025,623850
2025-12-19 12:22:00+05:30,78.05,78.59,77.65,77.75,1275,623850
2025-12-19 12:23:00+05:30,77.65,78.34,77.65,77.95,2025,619125
2025-12-19 12:24:00+05:30,78.34,78.34,75.5,75.7,3300,619125
2025-12-19 12:25:00+05:30,75.8,78.15,75.8,78.0,2100,619125
2025-12-19 12:26:00+05:30,77.15,77.55,76.3,76.3,600,617775
2025-12-19 12:27:00+05:30,76.7,76.84,76.3,76.4,1125,617775
2025-12-19 12:28:00+05:30,75.59,75.75,75.0,75.75,2325,617775
2025-12-19 12:29:00+05:30,76.15,76.65,76.05,76.65,1725,616650
2025-12-19 12:30:00+05:30,76.5,76.59,76.5,76.59,225,616650
2025-12-19 12:31:00+05:30,76.7,78.4,76.7,78.4,1275,616650
2025-12-19 12:32:00+05:30,78.75,81.0,78.75,81.0,4950,618000
2025-12-19 12:33:00+05:30,81.0,81.5,80.0,80.8,4650,618000
2025-12-19 12:34:00+05:30,80.9,82.4,80.9,82.1,1425,618000
2025-12-19 12:35:00+05:30,82.55,82.75,81.65,81.65,3225,618675
2025-12-19 12:36:00+05:30,82.05,82.4,81.0,81.0,2025,618675
2025-12-19 12:37:00+05:30,82.8,82.9,81.55,81.9,2625,618675
2025-12-19 12:38:00+05:30,81.4,82.1,81.4,81.7,2325,619350
2025-12-19 12:39:00+05:30,82.15,84.75,82.15,83.8,11475,619350
2025-12-19 12:40:00+05:30,84.05,84.15,82.9,83.1,21675,619350
2025-12-19 12:41:00+05:30,83.05,84.4,83.05,84.2,975,620325
2025-12-19 12:42:00+05:30,83.6,83.6,83.25,83.25,600,620325
2025-12-19 12:43:00+05:30,83.35,83.85,82.8,83.45,1200,620325
2025-12-19 12:44:00+05:30,83.5,83.5,82.3,83.0,1350,619050
2025-12-19 12:45:00+05:30,83.05,83.05,83.05,83.05,750,619050
2025-12-19 12:46:00+05:30,83.55,83.6,83.5,83.5,675,619050
2025-12-19 12:47:00+05:30,83.25,83.25,82.65,82.65,1950,618900
2025-12-19 12:48:00+05:30,82.55,83.25,82.05,82.35,2550,618900
2025-12-19 12:49:00+05:30,82.0,82.55,81.8,81.95,675,618900
2025-12-19 12:50:00+05:30,81.3,81.3,80.0,80.2,2925,618525
2025-12-19 12:51:00+05:30,80.05,82.0,79.55,80.95,2775,618525
2025-12-19 12:52:00+05:30,80.59,80.59,79.8,80.5,2925,618525
2025-12-19 12:53:00+05:30,81.8,81.8,80.09,80.84,675,620475
2025-12-19 12:54:00+05:30,81.09,81.09,80.3,80.3,1275,620475
2025-12-19 12:55:00+05:30,80.2,80.2,80.0,80.0,300,620475
2025-12-19 12:56:00+05:30,81.34,81.8,81.2,81.55,4425,620025
2025-12-19 12:57:00+05:30,81.55,82.0,79.5,80.45,2100,620025
2025-12-19 12:58:00+05:30,80.84,81.4,80.3,81.4,1575,620025
2025-12-19 12:59:00+05:30,81.5,81.59,81.5,81.59,450,621300
2025-12-19 13:00:00+05:30,80.65,80.65,79.5,79.5,1200,621300
2025-12-19 13:01:00+05:30,79.15,80.0,78.4,79.84,3225,621300
2025-12-19 13:02:00+05:30,80.9,81.2,80.3,81.15,975,619575
2025-12-19 13:03:00+05:30,81.0,81.2,80.05,81.2,1725,619575
2025-12-19 13:04:00+05:30,81.15,81.15,80.0,80.0,1725,619575
2025-12-19 13:05:00+05:30,80.05,80.05,79.5,79.5,900,620250
2025-12-19 13:06:00+05:30,79.15,79.4,78.0,78.0,4800,620250
2025-12-19 13:07:00+05:30,78.0,79.84,78.0,79.84,3600,620250
2025-12-19 13:08:00+05:30,79.5,79.5,78.59,78.9,1950,620775
2025-12-19 13:09:00+05:30,78.9,78.9,77.0,77.7,1275,620775
2025-12-19 13:10:00+05:30,78.15,78.5,78.15,78.5,1050,620775
2025-12-19 13:11:00+05:30,78.0,78.0,77.55,77.7,300,621675
2025-12-19 13:12:00+05:30,77.55,77.55,75.9,75.95,6525,621675
2025-12-19 13:13:00+05:30,75.25,75.25,73.55,74.5,9750,621675
2025-12-19 13:14:00+05:30,75.0,75.65,75.0,75.65,675,617775
2025-12-19 13:15:00+05:30,75.5,76.25,75.3,75.34,2550,617775
2025-12-19 13:16:00+05:30,75.3,76.09,75.25,76.09,2700,617775
2025-12-19 13:17:00+05:30,76.55,77.15,76.55,77.15,1350,617250
2025-12-19 13:18:00+05:30,76.55,78.15,76.55,78.15,2550,617250
2025-12-19 13:19:00+05:30,78.09,79.65,77.7,79.65,4650,617250
2025-12-19 13:20:00+05:30,79.5,80.15,79.0,79.75,3375,618150
2025-12-19 13:21:00+05:30,80.34,80.34,79.45,80.2,2550,618150
2025-12-19 13:22:00+05:30,80.09,81.75,80.09,80.15,4875,618150
2025-12-19 13:23:00+05:30,80.15,80.4,79.4,79.75,975,617250
2025-12-19 13:24:00+05:30,80.15,80.9,80.15,80.9,600,617250
2025-12-19 13:25:00+05:30,80.34,80.7,80.15,80.7,2625,617250
2025-12-19 13:26:00+05:30,80.9,81.09,80.3,80.75,2550,616200
2025-12-19 13:27:00+05:30,80.9,82.55,80.9,81.8,4350,616200
2025-12-19 13:28:00+05:30,81.8,81.8,80.34,81.55,975,616200
2025-12-19 13:29:00+05:30,80.7,82.55,80.7,82.55,1725,616650
2025-12-19 13:30:00+05:30,82.7,82.7,82.0,82.0,1575,616650
2025-12-19 13:31:00+05:30,82.85,83.1,82.55,83.1,1650,616650
2025-12-19 13:32:00+05:30,83.35,83.65,82.45,83.0,4275,619575
2025-12-19 13:33:00+05:30,83.5,84.8,83.0,84.8,4050,619575
2025-12-19 13:34:00+05:30,85.2,85.2,83.9,84.0,3975,619575
2025-12-19 13:35:00+05:30,84.5,85.5,84.05,85.4,3225,616125
2025-12-19 13:36:00+05:30,85.6,87.25,84.9,87.05,9225,616125
2025-12-19 13:37:00+05:30,86.45,86.6,84.65,85.65,13575,616125
2025-12-19 13:38:00+05:30,84.8,85.0,83.0,83.9,10125,613575
2025-12-19 13:39:00+05:30,83.55,84.2,83.55,83.9,1875,613575
2025-12-19 13:40:00+05:30,84.8,85.6,83.75,85.25,26325,613575
2025-12-19 13:41:00+05:30,84.9,86.3,84.8,86.25,32175,616125
2025-12-19 13:42:00+05:30,85.65,86.5,84.85,85.2,13425,616125
2025-12-19 13:43:00+05:30,85.5,86.35,85.5,85.55,12375,616125
2025-12-19 13:44:00+05:30,85.9,87.35,85.9,87.05,16650,617925
2025-12-19 13:45:00+05:30,87.35,87.8,86.25,86.25,9225,617925
2025-12-19 13:46:00+05:30,86.85,88.0,86.85,88.0,4500,617925
2025-12-19 13:47:00+05:30,89.0,89.5,88.4,89.1,6075,618975
2025-12-19 13:48:00+05:30,89.15,89.4,88.6,89.4,2925,618975
2025-12-19 13:49:00+05:30,89.0,89.0,87.05,88.05,33975,618975
2025-12-19 13:50:00+05:30,87.75,88.55,86.7,88.15,6825,596925
2025-12-19 13:51:00+05:30,88.4,89.05,88.0,88.65,2100,596925
2025-12-19 13:52:00+05:30,88.7,89.4,88.3,88.85,6225,596925
2025-12-19 13:53:00+05:30,88.85,88.85,86.7,87.45,11850,590550
2025-12-19 13:54:00+05:30,87.55,87.6,85.9,85.9,31650,590550
2025-12-19 13:55:00+05:30,86.1,86.55,85.25,85.25,3000,590550
2025-12-19 13:56:00+05:30,85.5,87.45,84.95,87.05,11250,584250
2025-12-19 13:57:00+05:30,87.25,89.2,86.9,88.55,5475,584250
2025-12-19 13:58:00+05:30,88.5,88.5,86.75,87.7,1650,584250
2025-12-19 13:59:00+05:30,87.5,88.8,87.5,88.8,2925,587550
2025-12-19 14:00:00+05:30,88.85,90.35,88.85,89.55,5850,587550
2025-12-19 14:01:00+05:30,90.0,90.45,89.7,90.1,6075,587550
2025-12-19 14:02:00+05:30,90.3,90.3,88.2,88.4,37200,591750
2025-12-19 14:03:00+05:30,88.25,88.25,86.5,86.5,17325,591750
2025-12-19 14:04:00+05:30,86.15,86.15,83.65,85.05,15225,591750
2025-12-19 14:05:00+05:30,85.7,86.4,85.0,85.3,9900,590025
2025-12-19 14:06:00+05:30,85.3,86.4,83.9,83.9,2775,590025
2025-12-19 14:07:00+05:30,84.2,85.0,83.4,83.6,5700,590025
2025-12-19 14:08:00+05:30,83.45,85.15,83.45,85.15,2475,587850
2025-12-19 14:09:00+05:30,85.55,86.05,84.85,84.95,36525,587850
2025-12-19 14:10:00+05:30,84.85,85.05,83.7,84.2,21525,587850
2025-12-19 14:11:00+05:30,83.75,84.5,83.15,84.4,50475,607050
2025-12-19 14:12:00+05:30,84.4,86.85,84.4,86.85,32850,607050
2025-12-19 14:13:00+05:30,87.0,87.0,85.0,85.95,7725,607050
2025-12-19 14:14:00+05:30,85.7,86.6,85.4,85.4,46350,622575
2025-12-19 14:15:00+05:30,85.45,86.1,85.2,85.35,43800,622575
2025-12-19 14:16:00+05:30,85.4,87.1,85.2,86.3,4425,622575
2025-12-19 14:17:00+05:30,86.35,87.2,86.2,87.0,1050,620175
2025-12-19 14:18:00+05:30,86.8,88.7,86.8,87.95,15525,620175
2025-12-19 14:19:00+05:30,88.15,88.9,87.55,88.65,15150,620175
2025-12-19 14:20:00+05:30,88.95,89.35,87.9,88.8,3075,620025
2025-12-19 14:21:00+05:30,88.4,88.95,88.4,88.6,1350,620025
2025-12-19 14:22:00+05:30,87.55,88.3,87.55,88.3,1050,620025
2025-12-19 14:23:00+05:30,88.35,90.75,88.05,90.75,3000,620175
2025-12-19 14:24:00+05:30,91.25,93.25,91.05,93.2,14175,620175
2025-12-19 14:25:00+05:30,92.85,95.05,90.65,90.65,49650,620175
2025-12-19 14:26:00+05:30,90.2,91.05,89.25,89.7,17700,630975
2025-12-19 14:27:00+05:30,89.0,89.0,86.95,87.0,6900,630975
2025-12-19 14:28:00+05:30,87.0,88.85,87.0,87.55,10725,630975
2025-12-19 14:29:00+05:30,87.55,87.75,86.0,87.3,13725,636375
2025-12-19 14:30:00+05:30,88.0,88.15,87.4,87.9,11625,636375
2025-12-19 14:31:00+05:30,88.0,88.55,87.75,87.75,15225,636375
2025-12-19 14:32:00+05:30,87.65,89.05,87.65,88.1,5100,649500
2025-12-19 14:33:00+05:30,87.15,87.15,84.9,86.2,5775,649500
2025-12-19 14:34:00+05:30,86.2,86.25,85.6,86.25,5175,649500
2025-12-19 14:35:00+05:30,85.55,86.2,85.1,86.15,5325,651150
2025-12-19 14:36:00+05:30,86.2,86.2,85.25,85.5,2325,651150
2025-12-19 14:37:00+05:30,85.85,87.2,85.85,86.95,3225,651150
2025-12-19 14:38:00+05:30,86.95,89.4,86.95,88.7,7800,648450
2025-12-19 14:39:00+05:30,88.85,89.35,88.05,88.2,3375,648450
2025-12-19 14:40:00+05:30,87.85,88.05,86.25,86.25,3000,648450
2025-12-19 14:41:00+05:30,86.1,86.55,85.75,85.75,3450,646125
2025-12-19 14:42:00+05:30,85.65,88.15,85.65,88.15,975,646125
2025-12-19 14:43:00+05:30,87.45,87.6,86.05,86.65,47100,646125
2025-12-19 14:44:00+05:30,86.9,87.6,86.55,87.6,9750,622725
2025-12-19 14:45:00+05:30,87.5,88.15,86.85,88.15,19425,622725
2025-12-19 14:46:00+05:30,88.2,89.0,88.2,89.0,3825,622725
2025-12-19 14:47:00+05:30,88.25,89.3,88.2,89.0,1575,627825
2025-12-19 14:48:00+05:30,89.05,90.65,88.9,90.45,8775,627825
2025-12-19 14:49:00+05:30,90.4,90.9,89.4,89.4,4575,627825
2025-12-19 14:50:00+05:30,89.4,89.4,87.8,87.9,4650,626025
2025-12-19 14:51:00+05:30,87.3,87.5,86.45,86.55,5325,626025
2025-12-19 14:52:00+05:30,86.2,88.45,86.15,88.1,3150,626025
2025-12-19 14:53:00+05:30,88.05,88.4,86.9,86.9,3375,625800
2025-12-19 14:54:00+05:30,87.5,87.5,85.9,86.25,21075,625800
2025-12-19 14:55:00+05:30,86.45,88.05,85.95,88.05,10275,625800
2025-12-19 14:56:00+05:30,88.05,88.05,85.7,85.85,7875,636150
2025-12-19 14:57:00+05:30,85.45,86.15,85.3,86.15,2550,636150
2025-12-19 14:58:00+05:30,86.7,87.1,86.0,86.0,2325,636150
2025-12-19 14:59:00+05:30,86.0,86.8,85.0,86.15,9525,636675
2025-12-19 15:00:00+05:30,86.45,86.45,83.0,84.25,17625,636675
2025-12-19 15:01:00+05:30,84.35,85.2,83.2,85.2,13725,636675
2025-12-19 15:02:00+05:30,86.45,87.75,85.7,86.9,9375,629550
2025-12-19 15:03:00+05:30,86.45,87.7,85.85,86.5,12000,629550
2025-12-19 15:04:00+05:30,86.5,86.5,84.75,86.25,3750,629550
2025-12-19 15:05:00+05:30,86.8,88.25,86.75,88.25,3675,623625
2025-12-19 15:06:00+05:30,88.4,88.95,88.0,88.4,8775,623625
2025-12-19 15:07:00+05:30,88.9,89.9,88.3,89.6,16350,623625
2025-12-19 15:08:00+05:30,88.8,89.0,88.5,89.0,11100,626175
2025-12-19 15:09:00+05:30,89.15,89.95,88.95,89.95,9600,626175
2025-12-19 15:10:00+05:30,89.6,90.0,89.3,89.65,8625,626175
2025-12-19 15:11:00+05:30,89.6,89.7,88.8,88.8,4275,620025
2025-12-19 15:12:00+05:30,88.8,88.8,86.45,87.55,13800,620025
2025-12-19 15:13:00+05:30,87.4,88.25,87.0,88.15,21750,620025
2025-12-19 15:14:00+05:30,88.25,89.35,87.9,89.35,8475,624300
2025-12-19 15:15:00+05:30,88.95,88.95,86.7,87.5,12300,624300
2025-12-19 15:16:00+05:30,87.95,88.7,87.85,88.7,4725,624300
2025-12-19 15:17:00+05:30,88.35,88.65,88.0,88.45,16500,630750
2025-12-19 15:18:00+05:30,88.1,88.85,88.05,88.4,7950,630750
2025-12-19 15:19:00+05:30,88.4,88.9,87.7,87.7,10200,630750
2025-12-19 15:20:00+05:30,87.75,88.3,87.35,88.0,14550,635100
2025-12-19 15:21:00+05:30,87.85,88.65,87.85,88.2,10050,635100
2025-12-19 15:22:00+05:30,88.55,88.75,88.2,88.2,29625,635100
2025-12-19 15:23:00+05:30,88.2,88.45,87.9,88.4,13725,632325
2025-12-19 15:24:00+05:30,88.25,88.35,87.6,87.95,8700,632325
2025-12-19 15:25:00+05:30,88.05,88.7,88.05,88.5,14700,632325
2025-12-19 15:26:00+05:30,88.3,88.55,88.05,88.25,7050,624975
2025-12-19 15:27:00+05:30,88.65,90.0,88.6,89.05,28050,624975
2025-12-19 15:28:00+05:30,89.6,89.65,88.0,89.3,46050,624975
2025-12-19 15:29:00+05:30,89.6,92.2,89.6,92.2,17550,640875
2025-12-22 09:15:00+05:30,101.55,141.4,101.5,141.0,131175,639300
2025-12-22 09:16:00+05:30,141.25,147.8,141.25,145.15,85350,634350
2025-12-22 09:17:00+05:30,145.0,146.75,141.19,141.69,51375,634350
2025-12-22 09:18:00+05:30,141.75,144.05,139.4,140.25,93150,634350
2025-12-22 09:19:00+05:30,140.3,143.0,140.1,142.0,42450,641475
2025-12-22 09:20:00+05:30,143.1,151.25,143.1,149.69,103425,641475
2025-12-22 09:21:00+05:30,149.5,151.75,149.35,150.35,47250,641475
2025-12-22 09:22:00+05:30,150.25,154.25,149.1,153.8,74625,666825
2025-12-22 09:23:00+05:30,152.8,153.0,150.65,151.69,63225,666825
2025-12-22 09:24:00+05:30,151.5,151.55,148.55,149.05,53850,666825
2025-12-22 09:25:00+05:30,148.5,150.19,145.5,150.1,161775,782250
2025-12-22 09:26:00+05:30,150.0,153.15,149.8,152.35,71100,782250
2025-12-22 09:27:00+05:30,152.8,153.6,151.65,152.9,99375,782250
2025-12-22 09:28:00+05:30,152.8,154.0,151.8,153.3,43425,789900
2025-12-22 09:29:00+05:30,153.05,153.6,150.5,151.4,46200,789900
2025-12-22 09:30:00+05:30,152.15,154.69,151.44,151.55,95550,789900
2025-12-22 09:31:00+05:30,152.0,153.5,151.65,153.4,38175,841350
2025-12-22 09:32:00+05:30,153.55,153.8,152.1,152.94,36075,841350
2025-12-22 09:33:00+05:30,153.55,153.55,149.8,149.8,24375,841350
2025-12-22 09:34:00+05:30,149.4,149.4,146.4,146.85,52800,862575
2025-12-22 09:35:00+05:30,147.3,150.19,146.35,150.1,24225,862575
2025-12-22 09:36:00+05:30,150.1,150.1,148.3,148.4,44550,862575
2025-12-22 09:37:00+05:30,148.6,150.0,146.5,149.94,24975,921375
2025-12-22 09:38:00+05:30,148.8,149.55,145.75,146.25,71100,921375
2025-12-22 09:39:00+05:30,145.6,147.15,144.19,144.6,35100,921375
2025-12-22 09:40:00+05:30,145.85,146.8,145.0,145.69,87525,910350
2025-12-22 09:41:00+05:30,145.65,147.69,145.25,147.69,19875,910350
2025-12-22 09:42:00+05:30,146.69,150.0,146.3,150.0,35700,910350
2025-12-22 09:43:00+05:30,149.75,150.55,147.9,148.5,17775,902925
2025-12-22 09:44:00+05:30,148.6,150.6,148.4,150.0,62550,902925
2025-12-22 09:45:00+05:30,150.5,153.8,150.44,153.3,51825,902925
2025-12-22 09:46:00+05:30,153.05,153.44,151.75,152.8,32175,888750
2025-12-22 09:47:00+05:30,153.19,153.19,151.19,151.8,28500,888750
2025-12-22 09:48:00+05:30,151.8,152.5,146.8,146.8,34875,888750
2025-12-22 09:49:00+05:30,146.6,147.8,144.55,145.9,31725,901575
2025-12-22 09:50:00+05:30,145.94,148.35,145.94,146.69,17700,901575
2025-12-22 09:51:00+05:30,147.35,147.35,145.0,146.25,17025,901575
2025-12-22 09:52:00+05:30,146.5,146.5,145.19,145.25,11400,920250
2025-12-22 09:53:00+05:30,145.3,148.75,145.3,148.75,20025,920250
2025-12-22 09:54:00+05:30,148.6,149.44,147.6,147.85,16050,920250
2025-12-22 09:55:00+05:30,147.6,149.5,146.55,148.1,9525,927450
2025-12-22 09:56:00+05:30,148.6,149.0,147.35,148.5,5475,927450
2025-12-22 09:57:00+05:30,148.44,150.85,148.44,150.6,20250,927450
2025-12-22 09:58:00+05:30,150.69,155.9,150.05,155.3,62625,929925
2025-12-22 09:59:00+05:30,155.69,156.94,154.44,155.0,67575,929925
2025-12-22 10:00:00+05:30,155.19,156.65,154.5,156.5,48675,929925
2025-12-22 10:01:00+05:30,156.9,157.0,152.3,153.8,50175,923400
2025-12-22 10:02:00+05:30,154.05,154.55,153.15,153.15,10950,923400
2025-12-22 10:03:00+05:30,153.6,155.25,153.5,154.0,31500,923400
2025-12-22 10:04:00+05:30,153.85,155.5,153.75,155.35,12675,939075
2025-12-22 10:05:00+05:30,155.19,156.0,154.05,154.5,27375,939075
2025-12-22 10:06:00+05:30,154.65,154.65,151.1,151.85,19200,939075
2025-12-22 10:07:00+05:30,151.3,152.3,148.55,148.8,18150,958200
2025-12-22 10:08:00+05:30,148.35,152.05,148.35,151.3,17400,958200
2025-12-22 10:09:00+05:30,151.94,151.94,149.25,150.0,17475,958200
2025-12-22 10:10:00+05:30,150.1,151.0,147.8,148.69,11850,969825
2025-12-22 10:11:00+05:30,149.25,152.35,149.25,150.5,11775,969825
2025-12-22 10:12:00+05:30,150.0,151.3,149.15,150.65,43350,969825
2025-12-22 10:13:00+05:30,151.0,153.0,150.19,152.6,17175,971775
2025-12-22 10:14:00+05:30,152.69,152.69,151.0,151.9,15450,971775
2025-12-22 10:15:00+05:30,152.55,153.35,152.4,153.25,26250,971775
2025-12-22 10:16:00+05:30,153.5,153.55,151.4,151.8,18225,987600
2025-12-22 10:17:00+05:30,151.8,152.6,150.85,151.15,7650,987600
2025-12-22 10:18:00+05:30,150.75,152.75,149.9,151.65,9975,987600
2025-12-22 10:19:00+05:30,151.0,153.3,151.0,152.69,7950,987825
2025-12-22 10:20:00+05:30,152.44,152.94,150.85,152.0,5625,987825
2025-12-22 10:21:00+05:30,152.55,152.69,151.35,151.85,15225,987825
2025-12-22 10:22:00+05:30,152.1,152.94,150.3,150.55,15225,994125
2025-12-22 10:23:00+05:30,150.69,152.6,149.15,152.6,7950,994125
2025-12-22 10:24:00+05:30,153.05,153.05,151.6,152.3,15300,994125
2025-12-22 10:25:00+05:30,152.05,152.55,151.35,152.0,7575,1004100
2025-12-22 10:26:00+05:30,152.0,152.15,150.8,151.8,7575,1004100
2025-12-22 10:27:00+05:30,151.8,152.15,150.6,150.8,4350,1004100
2025-12-22 10:28:00+05:30,151.65,151.94,149.15,149.15,16725,1002750
2025-12-22 10:29:00+05:30,149.1,151.0,147.5,151.0,19875,1002750
2025-12-22 10:30:00+05:30,150.94,150.94,148.19,148.94,10350,1002750
2025-12-22 10:31:00+05:30,149.0,151.65,149.0,150.5,12675,1015125
2025-12-22 10:32:00+05:30,149.94,152.3,149.94,152.0,16500,1015125
2025-12-22 10:33:00+05:30,151.69,152.1,149.25,151.55,16350,1015125
2025-12-22 10:34:00+05:30,151.19,152.75,150.65,152.75,18300,1022775
2025-12-22 10:35:00+05:30,152.35,153.9,152.0,153.15,24225,1022775
2025-12-22 10:36:00+05:30,153.0,153.8,152.1,152.15,13875,1022775
2025-12-22 10:37:00+05:30,152.05,152.44,148.1,149.0,22650,1027200
2025-12-22 10:38:00+05:30,148.35,151.0,147.19,150.25,27600,1027200
2025-12-22 10:39:00+05:30,150.35,151.35,149.15,149.15,31200,1027200
2025-12-22 10:40:00+05:30,149.4,150.15,148.3,149.35,10050,1017600
2025-12-22 10:41:00+05:30,149.25,150.0,148.05,148.8,15225,1017600
2025-12-22 10:42:00+05:30,149.19,149.19,147.6,148.19,20250,1017600
2025-12-22 10:43:00+05:30,148.05,151.15,148.05,150.65,9300,1029075
2025-12-22 10:44:00+05:30,150.6,151.1,149.69,149.69,3975,1029075
2025-12-22 10:45:00+05:30,150.0,150.19,147.65,148.55,9675,1029075
2025-12-22 10:46:00+05:30,148.65,150.9,148.65,150.0,5250,1030950
2025-12-22 10:47:00+05:30,150.25,152.15,150.25,152.0,47625,1030950
2025-12-22 10:48:00+05:30,152.15,154.15,151.55,153.9,26175,1030950
2025-12-22 10:49:00+05:30,153.8,155.0,153.44,155.0,46425,1051350
2025-12-22 10:50:00+05:30,154.75,155.3,154.25,154.69,31275,1051350
2025-12-22 10:51:00+05:30,155.0,156.65,154.4,156.0,116700,1051350
2025-12-22 10:52:00+05:30,156.0,156.4,155.5,155.94,52350,1112925
2025-12-22 10:53:00+05:30,155.85,156.0,154.19,156.0,58275,1112925
2025-12-22 10:54:00+05:30,156.15,156.6,155.69,156.4,32625,1112925
2025-12-22 10:55:00+05:30,156.05,156.4,155.15,156.05,25275,1158225
2025-12-22 10:56:00+05:30,155.9,156.6,155.75,156.3,17325,1158225
2025-12-22 10:57:00+05:30,156.0,156.5,155.5,156.25,20475,1158225
2025-12-22 10:58:00+05:30,156.5,156.5,155.0,155.3,20850,1180575
2025-12-22 10:59:00+05:30,155.35,157.15,155.05,156.5,21225,1180575
2025-12-22 11:00:00+05:30,157.0,158.35,156.0,156.25,52575,1180575
2025-12-22 11:01:00+05:30,156.0,156.25,153.5,154.05,62025,1203450
2025-12-22 11:02:00+05:30,154.44,154.44,152.15,153.65,42150,1203450
2025-12-22 11:03:00+05:30,153.5,153.6,152.5,152.8,27375,1203450
2025-12-22 11:04:00+05:30,152.9,153.44,152.6,152.6,17850,1239675
2025-12-22 11:05:00+05:30,153.1,153.6,151.05,153.25,26025,1239675
2025-12-22 11:06:00+05:30,152.69,153.9,152.3,153.9,11700,1239675
2025-12-22 11:07:00+05:30,153.35,153.9,152.65,152.65,66750,1213650
2025-12-22 11:08:00+05:30,153.5,154.6,153.1,154.0,11850,1213650
2025-12-22 11:09:00+05:30,153.94,154.55,153.0,153.3,9075,1213650
2025-12-22 11:10:00+05:30,153.3,153.85,152.6,152.6,8775,1216950
2025-12-22 11:11:00+05:30,152.85,153.65,151.6,151.65,20925,1216950
2025-12-22 11:12:00+05:30,151.8,153.5,151.6,153.5,6900,1216950
2025-12-22 11:13:00+05:30,153.4,153.44,151.44,153.3,17775,1231575
2025-12-22 11:14:00+05:30,153.25,153.5,152.35,152.9,8325,1231575
2025-12-22 11:15:00+05:30,152.8,153.0,151.85,152.25,13500,1231575
2025-12-22 11:16:00+05:30,152.5,152.85,151.3,151.3,12000,1240500
2025-12-22 11:17:00+05:30,151.0,151.85,149.8,150.35,38775,1240500
2025-12-22 11:18:00+05:30,150.05,150.5,149.15,150.1,22050,1240500
2025-12-22 11:19:00+05:30,150.19,151.4,149.35,150.69,30675,1259400
2025-12-22 11:20:00+05:30,151.0,151.0,148.75,149.15,20550,1259400
2025-12-22 11:21:00+05:30,149.69,151.9,149.5,151.44,14250,1259400
2025-12-22 11:22:00+05:30,151.55,151.9,150.5,151.35,18225,1267800
2025-12-22 11:23:00+05:30,151.25,151.5,150.3,150.69,16275,1267800
2025-12-22 11:24:00+05:30,150.5,150.94,149.55,150.55,12225,1267800
2025-12-22 11:25:00+05:30,150.8,151.55,150.44,151.5,7500,1279575
2025-12-22 11:26:00+05:30,151.75,153.5,151.75,152.3,23025,1279575
2025-12-22 11:27:00+05:30,152.19,153.25,152.19,152.85,17325,1279575
2025-12-22 11:28:00+05:30,153.19,153.75,152.55,153.1,12900,1284075
2025-12-22 11:29:00+05:30,152.75,154.5,152.75,153.85,20700,1284075
2025-12-22 11:30:00+05:30,154.35,154.35,153.25,153.25,10425,1284075
2025-12-22 11:31:00+05:30,153.5,154.69,153.0,153.9,21825,1280100
2025-12-22 11:32:00+05:30,153.85,154.15,152.3,152.3,15000,1280100
2025-12-22 11:33:00+05:30,152.69,154.0,152.3,153.05,15750,1280100
2025-12-22 11:34:00+05:30,153.05,153.94,153.05,153.44,9750,1290300
2025-12-22 11:35:00+05:30,153.8,154.35,152.5,152.6,12900,1290300
2025-12-22 11:36:00+05:30,153.25,154.85,153.25,154.6,8925,1290300
2025-12-22 11:37:00+05:30,154.19,155.5,154.19,155.0,24300,1278525
2025-12-22 11:38:00+05:30,155.4,155.4,154.05,154.05,12150,1278525
2025-12-22 11:39:00+05:30,154.19,154.85,151.94,152.15,48900,1278525
2025-12-22 11:40:00+05:30,152.44,153.75,152.19,152.3,20400,1230375
2025-12-22 11:41:00+05:30,152.25,153.1,152.19,152.65,8475,1230375
2025-12-22 11:42:00+05:30,152.55,152.6,151.3,151.8,11700,1230375
2025-12-22 11:43:00+05:30,151.94,152.35,151.75,152.35,10875,1217325
2025-12-22 11:44:00+05:30,152.3,153.0,152.0,152.19,12450,1217325
2025-12-22 11:45:00+05:30,152.65,152.65,151.75,152.55,4200,1217325
2025-12-22 11:46:00+05:30,152.9,153.9,151.8,153.6,18900,1211250
2025-12-22 11:47:00+05:30,153.65,153.94,152.44,152.69,16275,1211250
2025-12-22 11:48:00+05:30,152.65,153.25,151.69,152.35,45900,1211250
2025-12-22 11:49:00+05:30,152.85,155.35,152.44,155.35,33450,1189950
2025-12-22 11:50:00+05:30,154.9,156.9,154.9,156.25,84525,1189950
2025-12-22 11:51:00+05:30,156.3,157.65,156.19,156.25,64800,1189950
2025-12-22 11:52:00+05:30,156.1,156.5,155.3,156.5,15075,1132950
2025-12-22 11:53:00+05:30,156.5,157.5,155.6,156.4,43650,1132950
2025-12-22 11:54:00+05:30,156.4,156.4,155.0,156.3,27525,1132950
2025-12-22 11:55:00+05:30,156.0,156.3,155.0,155.1,27225,1132950
2025-12-22 11:56:00+05:30,155.0,155.85,154.3,154.9,13125,1139475
2025-12-22 11:57:00+05:30,154.94,155.19,153.6,153.6,9300,1139475
2025-12-22 11:58:00+05:30,153.85,154.5,152.65,154.5,20250,1139475
2025-12-22 11:59:00+05:30,154.44,155.55,154.35,154.85,41925,1133250
2025-12-22 12:00:00+05:30,155.0,155.65,154.5,155.65,9375,1133250
2025-12-22 12:01:00+05:30,155.25,155.25,154.35,155.19,42675,1133250
2025-12-22 12:02:00+05:30,155.19,155.19,154.4,154.6,5925,1170900
2025-12-22 12:03:00+05:30,154.9,155.25,154.19,155.15,15750,1170900
2025-12-22 12:04:00+05:30,154.9,155.19,154.35,155.19,7200,1170900
2025-12-22 12:05:00+05:30,155.19,155.94,154.9,155.85,8100,1170600
2025-12-22 12:06:00+05:30,155.55,156.4,154.69,155.1,18675,1170600
2025-12-22 12:07:00+05:30,155.35,156.94,155.19,156.65,36750,1170600
2025-12-22 12:08:00+05:30,156.8,157.0,156.1,156.1,18150,1162425
2025-12-22 12:09:00+05:30,156.44,157.0,155.0,155.69,23850,1162425
2025-12-22 12:10:00+05:30,155.3,155.65,154.69,155.65,6525,1162425
2025-12-22 12:11:00+05:30,154.9,155.69,154.85,155.44,6075,1157400
2025-12-22 12:12:00+05:30,155.3,156.0,153.6,153.6,23025,1157400
2025-12-22 12:13:00+05:30,153.4,153.8,150.85,150.85,19800,1157400
2025-12-22 12:14:00+05:30,151.0,151.1,150.4,150.94,14025,1148775
2025-12-22 12:15:00+05:30,150.69,152.75,150.6,152.4,12450,1148775
2025-12-22 12:16:00+05:30,152.6,152.8,151.5,152.8,12750,1148775
2025-12-22 12:17:00+05:30,153.0,155.5,152.6,155.35,15975,1152300
2025-12-22 12:18:00+05:30,155.55,156.1,155.19,156.1,8850,1152300
2025-12-22 12:19:00+05:30,155.9,156.55,153.4,155.55,28275,1152300
2025-12-22 12:20:00+05:30,155.44,157.0,155.0,157.0,23700,1148325
2025-12-22 12:21:00+05:30,156.75,157.5,156.1,157.5,65625,1148325
2025-12-22 12:22:00+05:30,157.55,157.55,156.0,156.05,99000,1148325
2025-12-22 12:23:00+05:30,156.75,156.75,154.55,155.19,12300,1111500
2025-12-22 12:24:00+05:30,155.4,155.4,154.55,154.65,7275,1111500
2025-12-22 12:25:00+05:30,154.6,156.25,154.15,155.69,5850,1111500
2025-12-22 12:26:00+05:30,155.44,155.8,154.35,154.8,5025,1110975
2025-12-22 12:27:00+05:30,154.69,154.9,154.0,154.85,9825,1110975
2025-12-22 12:28:00+05:30,154.35,154.94,153.55,154.35,7200,1110975
2025-12-22 12:29:00+05:30,154.3,154.75,152.35,152.55,10650,1114725
2025-12-22 12:30:00+05:30,152.9,153.8,152.4,153.8,5550,1114725
2025-12-22 12:31:00+05:30,153.4,154.05,153.0,153.6,7650,1114725
2025-12-22 12:32:00+05:30,153.85,154.05,153.1,153.44,3750,1114275
2025-12-22 12:33:00+05:30,153.0,153.0,151.94,151.94,10425,1114275
2025-12-22 12:34:00+05:30,151.44,152.8,151.3,151.5,8100,1114275
2025-12-22 12:35:00+05:30,151.69,152.35,150.94,151.65,9225,1117950
2025-12-22 12:36:00+05:30,151.0,152.94,150.8,152.85,6075,1117950
2025-12-22 12:37:00+05:30,152.94,153.35,152.5,153.0,4125,1117950
2025-12-22 12:38:00+05:30,153.1,153.25,152.55,152.65,3750,1119300
2025-12-22 12:39:00+05:30,153.19,153.19,152.5,152.65,5700,1119300
2025-12-22 12:40:00+05:30,152.94,153.5,152.19,152.9,4275,1119300
2025-12-22 12:41:00+05:30,153.0,153.0,151.6,151.69,7500,1122075
2025-12-22 12:42:00+05:30,151.55,152.6,150.65,151.44,14625,1122075
2025-12-22 12:43:00+05:30,151.15,151.75,149.55,150.19,20325,1122075
2025-12-22 12:44:00+05:30,149.69,150.1,148.0,148.25,30300,1126575
2025-12-22 12:45:00+05:30,148.5,148.8,144.8,148.0,58050,1126575
2025-12-22 12:46:00+05:30,148.4,148.44,146.6,147.0,19050,1126575
2025-12-22 12:47:00+05:30,146.44,147.35,146.15,146.4,14700,1137300
2025-12-22 12:48:00+05:30,146.55,147.6,145.85,147.3,31875,1137300
2025-12-22 12:49:00+05:30,147.75,147.75,145.4,145.4,14850,1137300
2025-12-22 12:50:00+05:30,144.69,147.15,144.69,146.65,46500,1139925
2025-12-22 12:51:00+05:30,146.65,148.69,146.65,147.9,27675,1139925
2025-12-22 12:52:00+05:30,147.69,149.5,147.55,149.5,14100,1139925
2025-12-22 12:53:00+05:30,149.44,150.65,148.6,150.5,34800,1146450
2025-12-22 12:54:00+05:30,150.35,152.15,150.35,151.69,36825,1146450
2025-12-22 12:55:00+05:30,152.0,153.19,151.5,152.19,30900,1146450
2025-12-22 12:56:00+05:30,151.8,152.65,150.94,152.19,20775,1152975
2025-12-22 12:57:00+05:30,152.65,152.8,151.05,151.4,14850,1152975
2025-12-22 12:58:00+05:30,151.05,151.4,150.05,150.05,21375,1152975
2025-12-22 12:59:00+05:30,150.15,151.75,150.0,151.1,9375,1167825
2025-12-22 13:00:00+05:30,151.0,151.6,150.69,151.1,7350,1167825
2025-12-22 13:01:00+05:30,151.25,151.85,151.25,151.55,8625,1167825
2025-12-22 13:02:00+05:30,151.4,151.75,150.44,150.44,9000,1169700
2025-12-22 13:03:00+05:30,150.1,150.4,149.9,149.9,15525,1169700
2025-12-22 13:04:00+05:30,149.69,151.0,149.69,150.85,8550,1169700
2025-12-22 13:05:00+05:30,150.44,150.75,149.8,149.94,4575,1167675
2025-12-22 13:06:00+05:30,149.65,150.4,149.44,149.9,4650,1167675
2025-12-22 13:07:00+05:30,149.55,150.15,149.19,149.55,3750,1167675
2025-12-22 13:08:00+05:30,149.44,150.44,149.25,150.25,3300,1164600
2025-12-22 13:09:00+05:30,150.0,151.19,150.0,151.19,2550,1164600
2025-12-22 13:10:00+05:30,150.94,152.0,150.6,151.35,6975,1164600
2025-12-22 13:11:00+05:30,151.4,152.5,151.25,151.8,9225,1168875
2025-12-22 13:12:00+05:30,151.8,151.94,149.0,149.35,21375,1168875
2025-12-22 13:13:00+05:30,149.5,150.3,149.19,150.3,7800,1168875
2025-12-22 13:14:00+05:30,150.25,151.1,150.0,150.19,5250,1167750
2025-12-22 13:15:00+05:30,150.3,152.35,150.25,152.15,11700,1167750
2025-12-22 13:16:00+05:30,152.19,152.19,151.5,152.0,6300,1167750
2025-12-22 13:17:00+05:30,152.0,152.1,151.25,151.65,8025,1164150
2025-12-22 13:18:00+05:30,151.65,152.5,151.55,151.65,3750,1164150
2025-12-22 13:19:00+05:30,151.6,151.69,151.15,151.69,2400,1164150
2025-12-22 13:20:00+05:30,151.3,151.85,151.3,151.69,4350,1162350
2025-12-22 13:21:00+05:30,151.65,152.3,151.65,151.65,9450,1162350
2025-12-22 13:22:00+05:30,152.0,153.5,151.8,152.8,25575,1162350
2025-12-22 13:23:00+05:30,153.0,153.0,152.25,152.3,12375,1163100
2025-12-22 13:24:00+05:30,152.19,153.44,152.19,153.05,8400,1163100
2025-12-22 13:25:00+05:30,153.4,154.0,152.94,153.55,12450,1163100
2025-12-22 13:26:00+05:30,153.4,154.0,153.0,154.0,13275,1179675
2025-12-22 13:27:00+05:30,153.69,155.0,153.44,154.65,33375,1179675
2025-12-22 13:28:00+05:30,154.65,154.9,153.65,153.69,18225,1179675
2025-12-22 13:29:00+05:30,153.6,153.94,153.15,153.94,13650,1168575
2025-12-22 13:30:00+05:30,154.19,154.69,153.55,153.94,13800,1168575
2025-12-22 13:31:00+05:30,153.55,154.5,153.4,153.69,10050,1168575
2025-12-22 13:32:00+05:30,154.05,154.5,153.6,153.6,7200,1175325
2025-12-22 13:33:00+05:30,153.69,154.5,153.6,154.25,9900,1175325
2025-12-22 13:34:00+05:30,154.19,156.25,154.19,156.05,42300,1175325
2025-12-22 13:35:00+05:30,156.15,156.44,153.55,153.6,27825,1165275
2025-12-22 13:36:00+05:30,153.55,153.55,149.85,149.9,30900,1165275
2025-12-22 13:37:00+05:30,149.85,150.05,149.25,150.0,17550,1165275
2025-12-22 13:38:00+05:30,149.75,149.85,149.0,149.0,13725,1173300
2025-12-22 13:39:00+05:30,148.65,149.9,148.25,148.69,11475,1173300
2025-12-22 13:40:00+05:30,149.1,150.0,148.69,149.1,8925,1173300
2025-12-22 13:41:00+05:30,149.3,150.6,149.1,150.55,4500,1186125
2025-12-22 13:42:00+05:30,150.6,151.1,150.05,150.05,16725,1186125
2025-12-22 13:43:00+05:30,150.19,151.9,150.0,151.9,15450,1186125
2025-12-22 13:44:00+05:30,151.5,151.94,150.9,150.9,3675,1177125
2025-12-22 13:45:00+05:30,150.55,151.4,150.15,150.85,7200,1177125
2025-12-22 13:46:00+05:30,150.8,151.8,150.8,151.65,4800,1177125
2025-12-22 13:47:00+05:30,151.8,152.55,151.6,152.0,6300,1182525
2025-12-22 13:48:00+05:30,152.4,152.4,151.6,151.69,7275,1182525
2025-12-22 13:49:00+05:30,151.85,152.8,151.6,152.75,10650,1182525
2025-12-22 13:50:00+05:30,152.8,152.8,151.9,152.05,6000,1184850
2025-12-22 13:51:00+05:30,152.4,152.5,152.0,152.25,4125,1184850
2025-12-22 13:52:00+05:30,152.25,152.25,150.94,151.0,3825,1184850
2025-12-22 13:53:00+05:30,151.0,151.9,151.0,151.9,3975,1187850
2025-12-22 13:54:00+05:30,151.4,151.69,150.3,150.44,12225,1187850
2025-12-22 13:55:00+05:30,150.69,151.65,150.44,150.75,11475,1187850
2025-12-22 13:56:00+05:30,150.75,151.0,149.6,149.94,5025,1191300
2025-12-22 13:57:00+05:30,149.94,150.85,149.94,150.0,5100,1191300
2025-12-22 13:58:00+05:30,150.15,150.69,150.0,150.5,1350,1191300
2025-12-22 13:59:00+05:30,150.85,150.85,150.19,150.44,9000,1192500
2025-12-22 14:00:00+05:30,150.05,151.4,149.69,151.4,10200,1192500
2025-12-22 14:01:00+05:30,151.55,152.9,151.55,152.19,31050,1192500
2025-12-22 14:02:00+05:30,152.5,152.6,151.35,151.55,7425,1184250
2025-12-22 14:03:00+05:30,151.25,151.25,148.6,150.35,12750,1184250
2025-12-22 14:04:00+05:30,150.3,151.4,150.0,150.85,11775,1184250
2025-12-22 14:05:00+05:30,151.15,151.15,149.85,149.85,5175,1187325
2025-12-22 14:06:00+05:30,150.0,150.55,149.75,150.55,1875,1187325
2025-12-22 14:07:00+05:30,150.25,150.85,149.75,149.75,9300,1187325
2025-12-22 14:08:00+05:30,148.6,148.6,145.44,145.44,46575,1189725
2025-12-22 14:09:00+05:30,145.94,146.8,144.6,146.3,36075,1189725
2025-12-22 14:10:00+05:30,146.69,147.85,146.55,147.75,16125,1189725
2025-12-22 14:11:00+05:30,147.9,149.05,147.35,148.0,15900,1210050
2025-12-22 14:12:00+05:30,148.35,150.75,147.55,150.19,18000,1210050
2025-12-22 14:13:00+05:30,150.69,151.55,150.6,151.0,37575,1210050
2025-12-22 14:14:00+05:30,151.0,151.5,150.8,151.3,14100,1200075
2025-12-22 14:15:00+05:30,151.4,152.0,151.05,152.0,11475,1200075
2025-12-22 14:16:00+05:30,151.85,152.19,150.9,151.3,10275,1200075
2025-12-22 14:17:00+05:30,151.15,151.15,149.6,150.0,9900,1195050
2025-12-22 14:18:00+05:30,149.8,149.8,148.65,148.69,7650,1195050
2025-12-22 14:19:00+05:30,148.94,150.15,148.94,150.1,4350,1195050
2025-12-22 14:20:00+05:30,149.65,150.0,148.75,149.69,6300,1194000
2025-12-22 14:21:00+05:30,149.6,150.15,148.0,150.15,47100,1194000
2025-12-22 14:22:00+05:30,150.25,152.0,150.0,151.6,33675,1194000
2025-12-22 14:23:00+05:30,152.0,153.3,151.55,152.65,24075,1175775
2025-12-22 14:24:00+05:30,153.19,153.19,152.15,153.0,15825,1175775
2025-12-22 14:25:00+05:30,153.0,153.94,152.1,152.5,20550,1175775
2025-12-22 14:26:00+05:30,153.3,153.4,152.69,153.35,14475,1160550
2025-12-22 14:27:00+05:30,153.4,154.3,153.05,153.9,17475,1160550
2025-12-22 14:28:00+05:30,153.65,154.35,153.44,153.65,14400,1160550
2025-12-22 14:29:00+05:30,153.4,154.19,152.65,154.19,13200,1152975
2025-12-22 14:30:00+05:30,154.19,154.44,152.35,153.4,22500,1152975
2025-12-22 14:31:00+05:30,153.0,153.65,151.8,153.5,19200,1152975
2025-12-22 14:32:00+05:30,153.5,153.65,152.69,153.0,9450,1165875
2025-12-22 14:33:00+05:30,152.9,153.35,152.0,153.35,18825,1165875
2025-12-22 14:34:00+05:30,154.19,160.0,154.19,159.0,155850,1165875
2025-12-22 14:35:00+05:30,159.1,160.3,158.55,159.0,90450,1127850
2025-12-22 14:36:00+05:30,158.8,159.15,157.3,158.0,59625,1127850
2025-12-22 14:37:00+05:30,158.0,158.4,157.25,157.4,22875,1127850
2025-12-22 14:38:00+05:30,157.69,158.35,154.9,154.9,43500,1114500
2025-12-22 14:39:00+05:30,155.19,155.5,153.94,154.94,40800,1114500
2025-12-22 14:40:00+05:30,154.8,155.6,154.5,155.0,14325,1114500
2025-12-22 14:41:00+05:30,154.9,155.85,154.65,155.85,12675,1110375
2025-12-22 14:42:00+05:30,156.15,156.19,155.25,155.5,11475,1110375
2025-12-22 14:43:00+05:30,155.69,156.0,154.15,154.85,18375,1110375
2025-12-22 14:44:00+05:30,155.0,155.69,154.65,155.15,16425,1126050
2025-12-22 14:45:00+05:30,154.9,155.1,154.05,154.6,16650,1126050
2025-12-22 14:46:00+05:30,154.9,156.1,154.75,155.75,16650,1126050
2025-12-22 14:47:00+05:30,156.15,156.19,154.55,155.0,9525,1120050
2025-12-22 14:48:00+05:30,155.5,155.6,154.44,155.5,9450,1120050
2025-12-22 14:49:00+05:30,155.05,155.44,155.0,155.05,8100,1120050
2025-12-22 14:50:00+05:30,155.3,155.5,154.9,154.94,11775,1125600
2025-12-22 14:51:00+05:30,154.85,156.5,154.85,156.0,25200,1125600
2025-12-22 14:52:00+05:30,156.1,156.19,155.6,155.75,12975,1125600
2025-12-22 14:53:00+05:30,155.65,155.8,155.1,155.69,8625,1124325
2025-12-22 14:54:00+05:30,156.0,156.25,155.65,156.19,12525,1124325
2025-12-22 14:55:00+05:30,156.19,157.19,155.9,156.8,34125,1124325
2025-12-22 14:56:00+05:30,156.69,157.9,156.4,157.65,24150,1104900
2025-12-22 14:57:00+05:30,157.9,158.19,157.6,158.0,36300,1104900
2025-12-22 14:58:00+05:30,158.15,158.25,157.05,158.05,27825,1104900
2025-12-22 14:59:00+05:30,157.85,158.5,157.25,158.0,13125,1105725
2025-12-22 15:00:00+05:30,159.5,159.65,158.1,158.6,55500,1105725
2025-12-22 15:01:00+05:30,158.9,159.4,158.69,158.9,29025,1105725
2025-12-22 15:02:00+05:30,159.19,159.3,157.1,157.55,26700,1107075
2025-12-22 15:03:00+05:30,157.9,158.69,157.35,158.19,12000,1107075
2025-12-22 15:04:00+05:30,158.05,158.35,157.6,157.6,12075,1107075
2025-12-22 15:05:00+05:30,157.69,158.0,157.25,157.3,22725,1096875
2025-12-22 15:06:00+05:30,157.4,158.0,157.0,157.25,16425,1096875
2025-12-22 15:07:00+05:30,157.4,157.8,155.35,155.35,28125,1096875
2025-12-22 15:08:00+05:30,155.9,155.9,154.75,155.05,57525,1079550
2025-12-22 15:09:00+05:30,155.1,155.5,154.85,155.3,25575,1079550
2025-12-22 15:10:00+05:30,155.3,155.44,154.25,155.44,20850,1079550
2025-12-22 15:11:00+05:30,155.5,156.19,155.25,155.75,21825,1077600
2025-12-22 15:12:00+05:30,155.9,156.19,155.44,155.55,22350,1077600
2025-12-22 15:13:00+05:30,155.55,155.8,155.19,155.44,23925,1077600
2025-12-22 15:14:00+05:30,155.44,156.44,155.44,156.35,28650,1070325
2025-12-22 15:15:00+05:30,156.8,157.0,155.5,156.4,29025,1070325
2025-12-22 15:16:00+05:30,156.3,156.65,156.0,156.65,26550,1070325
2025-12-22 15:17:00+05:30,156.25,156.75,155.65,155.65,31200,1070325
2025-12-22 15:18:00+05:30,156.0,156.25,155.5,155.9,12450,1042500
2025-12-22 15:19:00+05:30,155.6,155.85,155.0,155.4,33075,1042500
2025-12-22 15:20:00+05:30,155.8,155.8,155.1,155.1,20025,1042500
2025-12-22 15:21:00+05:30,155.15,155.69,155.0,155.0,34875,1038525
2025-12-22 15:22:00+05:30,154.85,155.15,154.15,154.8,27975,1038525
2025-12-22 15:23:00+05:30,154.8,155.69,154.8,155.69,44250,1038525
2025-12-22 15:24:00+05:30,155.3,155.65,155.1,155.35,14775,1043850
2025-12-22 15:25:00+05:30,155.69,156.55,155.4,156.05,36075,1043850
2025-12-22 15:26:00+05:30,155.94,157.0,155.94,156.94,26100,1043850
2025-12-22 15:27:00+05:30,156.8,157.5,156.8,157.19,30225,1041150
2025-12-22 15:28:00+05:30,157.25,157.25,156.15,156.75,41025,1041150
2025-12-22 15:29:00+05:30,157.0,157.9,156.75,157.9,60450,1041150
2025-12-23 09:15:00+05:30,176.9,183.8,168.05,168.9,255375,1032825
2025-12-23 09:16:00+05:30,167.05,167.05,155.19,160.94,220425,1074900
2025-12-23 09:17:00+05:30,160.75,160.75,152.5,157.85,141750,1074900
2025-12-23 09:18:00+05:30,156.44,163.35,156.44,159.8,107100,1074900
2025-12-23 09:19:00+05:30,159.3,162.5,158.25,162.5,91200,1224975
2025-12-23 09:20:00+05:30,162.9,163.3,158.6,161.75,88950,1224975
2025-12-23 09:21:00+05:30,162.0,167.05,160.1,165.35,103350,1224975
2025-12-23 09:22:00+05:30,164.95,166.0,155.9,156.05,133050,1280775
2025-12-23 09:23:00+05:30,156.75,158.85,155.9,157.3,77925,1280775
2025-12-23 09:24:00+05:30,156.6,157.5,152.05,153.19,74700,1280775
2025-12-23 09:25:00+05:30,152.6,152.9,147.15,150.6,135900,1348425
2025-12-23 09:26:00+05:30,150.44,153.94,149.94,151.94,73500,1348425
2025-12-23 09:27:00+05:30,152.5,153.44,148.6,151.35,80400,1348425
2025-12-23 09:28:00+05:30,150.9,153.05,150.9,152.25,81150,1394100
2025-12-23 09:29:00+05:30,152.0,153.85,151.4,151.8,63825,1394100
2025-12-23 09:30:00+05:30,150.65,150.85,145.0,146.69,140400,1394100
2025-12-23 09:31:00+05:30,146.19,150.0,143.4,149.9,106650,1402650
2025-12-23 09:32:00+05:30,148.6,148.9,144.69,145.15,68175,1402650
2025-12-23 09:33:00+05:30,144.8,147.0,144.44,146.3,59775,1402650
2025-12-23 09:34:00+05:30,146.9,147.0,145.75,146.75,67575,1437975
2025-12-23 09:35:00+05:30,146.55,146.55,144.19,145.44,65325,1437975
2025-12-23 09:36:00+05:30,147.35,148.25,145.94,148.0,67875,1437975
2025-12-23 09:37:00+05:30,148.44,150.44,146.65,146.65,68700,1484175
2025-12-23 09:38:00+05:30,146.5,148.69,144.4,145.15,61725,1484175
2025-12-23 09:39:00+05:30,145.4,146.3,143.35,144.3,50700,1484175
2025-12-23 09:40:00+05:30,144.69,145.15,140.3,144.44,93600,1530900
2025-12-23 09:41:00+05:30,144.85,144.85,139.85,143.5,77400,1530900
2025-12-23 09:42:00+05:30,143.3,143.55,141.0,142.0,37725,1530900
2025-12-23 09:43:00+05:30,141.8,141.8,132.25,132.8,121800,1570050
2025-12-23 09:44:00+05:30,133.19,135.8,133.19,135.05,104925,1570050
2025-12-23 09:45:00+05:30,135.0,137.5,131.44,135.75,96300,1570050
2025-12-23 09:46:00+05:30,135.85,136.8,135.05,136.8,52200,1624575
2025-12-23 09:47:00+05:30,136.8,140.9,136.3,140.9,75450,1624575
2025-12-23 09:48:00+05:30,140.44,145.1,140.44,142.9,105525,1624575
2025-12-23 09:49:00+05:30,142.5,144.6,140.9,141.3,94500,1665600
2025-12-23 09:50:00+05:30,140.19,142.25,139.0,141.69,74700,1665600
2025-12-23 09:51:00+05:30,142.0,143.94,141.44,142.0,78000,1665600
2025-12-23 09:52:00+05:30,142.05,143.6,141.1,143.05,34725,1745400
2025-12-23 09:53:00+05:30,143.25,145.35,142.85,143.69,41325,1745400
2025-12-23 09:54:00+05:30,144.19,146.25,144.0,145.69,64575,1745400
2025-12-23 09:55:00+05:30,145.94,148.75,143.44,148.69,158100,1764225
2025-12-23 09:56:00+05:30,148.0,154.0,148.0,152.44,215175,1764225
2025-12-23 09:57:00+05:30,153.25,159.05,153.05,158.05,212700,1764225
2025-12-23 09:58:00+05:30,158.3,161.05,157.5,160.3,242025,1719900
2025-12-23 09:59:00+05:30,160.0,160.0,157.0,160.0,131700,1719900
2025-12-23 10:00:00+05:30,160.05,162.0,159.5,160.65,137850,1719900
2025-12-23 10:01:00+05:30,161.0,165.8,161.0,164.2,233925,1547175
2025-12-23 10:02:00+05:30,164.65,167.5,163.0,165.8,121425,1547175
2025-12-23 10:03:00+05:30,165.55,166.5,163.75,164.4,91350,1547175
2025-12-23 10:04:00+05:30,164.65,164.75,161.05,162.0,111600,1493925
2025-12-23 10:05:00+05:30,161.4,164.65,161.4,163.0,65625,1493925
2025-12-23 10:06:00+05:30,163.15,163.35,158.8,161.19,81075,1493925
2025-12-23 10:07:00+05:30,160.65,161.94,158.0,161.19,80775,1503600
2025-12-23 10:08:00+05:30,162.0,165.6,160.35,164.7,99450,1503600
2025-12-23 10:09:00+05:30,164.4,165.4,163.9,164.3,59625,1503600
2025-12-23 10:10:00+05:30,164.5,165.35,164.1,165.15,35025,1494525
2025-12-23 10:11:00+05:30,165.3,169.1,164.5,169.1,176775,1494525
2025-12-23 10:12:00+05:30,169.0,170.0,168.3,169.35,105000,1494525
2025-12-23 10:13:00+05:30,169.05,170.1,165.05,165.05,98775,1425225
2025-12-23 10:14:00+05:30,164.3,164.3,161.4,162.4,75975,1425225
2025-12-23 10:15:00+05:30,162.55,163.75,160.55,162.19,49950,1425225
2025-12-23 10:16:00+05:30,162.9,165.2,162.8,164.7,49350,1422675
2025-12-23 10:17:00+05:30,164.7,165.2,162.05,162.05,19800,1422675
2025-12-23 10:18:00+05:30,162.25,162.25,158.75,159.05,58650,1422675
2025-12-23 10:19:00+05:30,158.69,158.69,151.6,151.9,105525,1433250
2025-12-23 10:20:00+05:30,152.0,152.4,148.69,149.19,109725,1433250
2025-12-23 10:21:00+05:30,149.75,151.6,147.55,151.6,76650,1433250
2025-12-23 10:22:00+05:30,151.25,152.0,149.1,150.65,64425,1475775
2025-12-23 10:23:00+05:30,150.5,151.9,150.05,150.6,28050,1475775
2025-12-23 10:24:00+05:30,149.85,152.19,149.85,151.75,32175,1475775
2025-12-23 10:25:00+05:30,152.05,155.0,151.8,152.9,61350,1503375
2025-12-23 10:26:00+05:30,151.8,155.94,151.8,155.44,46875,1503375
2025-12-23 10:27:00+05:30,155.8,156.6,152.0,152.69,69750,1503375
2025-12-23 10:28:00+05:30,153.05,154.0,149.3,150.6,59775,1537950
2025-12-23 10:29:00+05:30,150.15,155.35,149.69,155.05,32250,1537950
2025-12-23 10:30:00+05:30,155.1,155.65,153.4,155.4,46950,1537950
2025-12-23 10:31:00+05:30,155.3,155.6,153.1,153.85,36825,1552950
2025-12-23 10:32:00+05:30,153.35,157.0,153.35,156.3,35325,1552950
2025-12-23 10:33:00+05:30,156.85,156.94,155.0,155.5,21600,1552950
2025-12-23 10:34:00+05:30,154.94,155.05,151.19,151.5,43125,1560300
2025-12-23 10:35:00+05:30,151.55,153.8,150.85,152.44,18075,1560300
2025-12-23 10:36:00+05:30,152.35,153.15,150.0,150.1,30525,1560300
2025-12-23 10:37:00+05:30,149.15,151.5,149.05,149.05,34050,1564950
2025-12-23 10:38:00+05:30,148.5,151.55,148.5,150.75,16950,1564950
2025-12-23 10:39:00+05:30,150.4,153.05,150.4,152.19,25350,1564950
2025-12-23 10:40:00+05:30,151.94,152.65,151.19,152.44,17025,1555650
2025-12-23 10:41:00+05:30,152.85,156.94,152.85,155.25,90675,1555650
2025-12-23 10:42:00+05:30,155.5,158.85,155.5,158.69,88350,1555650
2025-12-23 10:43:00+05:30,158.44,158.65,156.0,156.69,46950,1592475
2025-12-23 10:44:00+05:30,156.55,159.15,156.19,158.44,36675,1592475
2025-12-23 10:45:00+05:30,158.65,159.25,157.6,158.5,40350,1592475
2025-12-23 10:46:00+05:30,158.0,159.4,158.0,158.05,29100,1593075
2025-12-23 10:47:00+05:30,157.69,158.9,156.6,158.65,27750,1593075
2025-12-23 10:48:00+05:30,158.6,159.6,156.0,156.0,33825,1593075
2025-12-23 10:49:00+05:30,155.44,157.69,154.6,157.69,38400,1584450
2025-12-23 10:50:00+05:30,157.69,158.6,157.4,158.3,25500,1584450
2025-12-23 10:51:00+05:30,158.35,160.0,158.35,159.75,41925,1584450
2025-12-23 10:52:00+05:30,159.8,160.0,158.1,158.3,32100,1585500
2025-12-23 10:53:00+05:30,158.69,159.0,157.3,157.75,26325,1585500
2025-12-23 10:54:00+05:30,157.5,157.5,155.0,157.25,53550,1585500
2025-12-23 10:55:00+05:30,157.35,158.0,156.9,157.3,13350,1561050
2025-12-23 10:56:00+05:30,157.8,157.8,155.0,155.0,13050,1561050
2025-12-23 10:57:00+05:30,154.75,156.15,154.15,156.15,20175,1561050
2025-12-23 10:58:00+05:30,156.5,158.0,155.4,156.35,25575,1570200
2025-12-23 10:59:00+05:30,156.35,157.19,155.8,156.15,7950,1570200
2025-12-23 11:00:00+05:30,155.9,157.85,155.35,157.4,19200,1570200
2025-12-23 11:01:00+05:30,156.65,158.0,155.94,157.65,19650,1579425
2025-12-23 11:02:00+05:30,157.75,157.85,155.3,155.3,17100,1579425
2025-12-23 11:03:00+05:30,154.6,156.4,154.05,155.94,25125,1579425
2025-12-23 11:04:00+05:30,155.0,155.44,153.0,155.1,31350,1574925
2025-12-23 11:05:00+05:30,155.8,157.65,155.8,157.5,27225,1574925
2025-12-23 11:06:00+05:30,157.19,157.8,156.44,156.75,12375,1574925
2025-12-23 11:07:00+05:30,156.6,158.55,156.5,156.5,30900,1567500
2025-12-23 11:08:00+05:30,156.65,157.35,155.75,157.0,14850,1567500
2025-12-23 11:09:00+05:30,157.65,159.05,157.65,158.94,23175,1567500
2025-12-23 11:10:00+05:30,159.0,161.9,158.5,161.9,55875,1558800
2025-12-23 11:11:00+05:30,160.9,161.94,160.05,160.94,39075,1558800
2025-12-23 11:12:00+05:30,160.4,161.5,160.0,161.35,32400,1558800
2025-12-23 11:13:00+05:30,160.75,160.85,159.69,160.55,14025,1543350
2025-12-23 11:14:00+05:30,160.5,160.6,158.9,159.35,18600,1543350
2025-12-23 11:15:00+05:30,159.8,161.25,159.15,159.15,23775,1543350
2025-12-23 11:16:00+05:30,159.44,159.6,157.75,158.75,14850,1544625
2025-12-23 11:17:00+05:30,159.4,159.4,158.0,158.25,19200,1544625
2025-12-23 11:18:00+05:30,159.1,160.8,158.15,159.69,35925,1544625
2025-12-23 11:19:00+05:30,159.44,162.8,159.44,161.8,50400,1532550
2025-12-23 11:20:00+05:30,162.15,162.4,160.69,161.85,22800,1532550
2025-12-23 11:21:00+05:30,162.19,162.85,161.4,161.5,26400,1532550
2025-12-23 11:22:00+05:30,162.0,162.05,161.15,161.65,9525,1529250
2025-12-23 11:23:00+05:30,162.0,162.0,161.0,161.0,12150,1529250
2025-12-23 11:24:00+05:30,160.35,162.0,160.35,161.55,17700,1529250
2025-12-23 11:25:00+05:30,161.5,162.25,161.25,162.0,10125,1530525
2025-12-23 11:26:00+05:30,162.44,163.1,159.5,160.35,36750,1530525
2025-12-23 11:27:00+05:30,160.65,160.65,158.65,159.19,15975,1530525
2025-12-23 11:28:00+05:30,159.15,160.4,157.5,157.69,12675,1523325
2025-12-23 11:29:00+05:30,157.35,159.8,156.85,159.75,19500,1523325
2025-12-23 11:30:00+05:30,159.9,160.0,158.05,158.65,12600,1523325
2025-12-23 11:31:00+05:30,159.1,159.35,158.0,158.0,12525,1519275
2025-12-23 11:32:00+05:30,157.5,157.85,155.44,156.0,22725,1519275
2025-12-23 11:33:00+05:30,155.9,157.0,155.4,156.4,10125,1519275
2025-12-23 11:34:00+05:30,156.25,157.0,155.55,157.0,15150,1528725
2025-12-23 11:35:00+05:30,156.6,156.6,151.3,151.3,66300,1528725
2025-12-23 11:36:00+05:30,151.4,152.15,147.65,152.0,92025,1528725
2025-12-23 11:37:00+05:30,152.0,152.94,151.65,152.1,47325,1546200
2025-12-23 11:38:00+05:30,152.15,152.25,149.3,149.75,55575,1546200
2025-12-23 11:39:00+05:30,149.19,151.69,149.19,150.69,30375,1546200
2025-12-23 11:40:00+05:30,150.5,150.5,147.55,148.0,64800,1574775
2025-12-23 11:41:00+05:30,148.15,148.69,147.05,148.4,40875,1574775
2025-12-23 11:42:00+05:30,148.65,148.94,147.6,148.0,19200,1574775
2025-12-23 11:43:00+05:30,148.4,151.94,148.3,148.4,50700,1607925
2025-12-23 11:44:00+05:30,148.05,148.65,147.19,147.6,17775,1607925
2025-12-23 11:45:00+05:30,147.8,149.0,147.0,148.0,38700,1607925
2025-12-23 11:46:00+05:30,148.0,148.75,145.25,148.75,74700,1633725
2025-12-23 11:47:00+05:30,149.0,149.35,148.0,148.44,37200,1633725
2025-12-23 11:48:00+05:30,148.25,148.25,146.0,147.3,36750,1633725
2025-12-23 11:49:00+05:30,147.19,148.65,146.3,147.85,34875,1655925
2025-12-23 11:50:00+05:30,147.55,150.9,147.55,149.85,79725,1655925
2025-12-23 11:51:00+05:30,150.05,151.5,149.85,151.25,65775,1655925
2025-12-23 11:52:00+05:30,151.35,153.69,150.65,153.69,61125,1623525
2025-12-23 11:53:00+05:30,153.55,154.75,152.69,154.05,54525,1623525
2025-12-23 11:54:00+05:30,154.1,154.9,153.15,154.0,38100,1623525
2025-12-23 11:55:00+05:30,153.94,154.15,151.75,152.19,34125,1618575
2025-12-23 11:56:00+05:30,151.65,154.94,151.65,154.0,35775,1618575
2025-12-23 11:57:00+05:30,154.0,155.0,153.9,154.3,37575,1618575
2025-12-23 11:58:00+05:30,154.05,154.5,152.05,152.15,19500,1617825
2025-12-23 11:59:00+05:30,152.35,153.05,151.0,153.05,35325,1617825
2025-12-23 12:00:00+05:30,153.0,154.5,153.0,154.5,21750,1617825
2025-12-23 12:01:00+05:30,154.5,154.8,153.05,154.35,25800,1622025
2025-12-23 12:02:00+05:30,154.5,154.9,154.0,154.65,8400,1622025
2025-12-23 12:03:00+05:30,155.0,155.44,154.3,155.44,35250,1622025
2025-12-23 12:04:00+05:30,154.85,157.19,154.85,156.15,39750,1622025
2025-12-23 12:05:00+05:30,156.6,156.65,155.05,156.65,25575,1616475
2025-12-23 12:06:00+05:30,156.15,156.6,155.25,156.5,19350,1616475
2025-12-23 12:07:00+05:30,156.1,156.5,155.1,155.75,19050,1616475
2025-12-23 12:08:00+05:30,155.4,156.75,155.25,156.4,26475,1619700
2025-12-23 12:09:00+05:30,156.5,156.9,156.1,156.44,14550,1619700
2025-12-23 12:10:00+05:30,156.44,156.94,155.9,156.0,24225,1619700
2025-12-23 12:11:00+05:30,155.9,159.0,155.9,158.0,54450,1620300
2025-12-23 12:12:00+05:30,158.35,160.5,158.1,159.85,74775,1620300
2025-12-23 12:13:00+05:30,159.75,159.75,157.15,157.19,34725,1620300
2025-12-23 12:14:00+05:30,157.5,157.5,155.0,155.5,44325,1613175
2025-12-23 12:15:00+05:30,155.9,157.0,155.6,156.4,18600,1613175
2025-12-23 12:16:00+05:30,156.35,157.0,155.0,155.19,18075,1613175
2025-12-23 12:17:00+05:30,155.3,156.05,154.65,154.69,22875,1630200
2025-12-23 12:18:00+05:30,155.35,155.94,153.8,154.35,21900,1630200
2025-12-23 12:19:00+05:30,154.3,155.85,153.9,155.75,22650,1630200
2025-12-23 12:20:00+05:30,156.0,157.65,155.35,155.75,28200,1629075
2025-12-23 12:21:00+05:30,155.75,156.55,155.55,155.94,5925,1629075
2025-12-23 12:22:00+05:30,156.0,157.8,155.69,157.1,12600,1629075
2025-12-23 12:23:00+05:30,156.9,157.25,156.3,156.3,17175,1631100
2025-12-23 12:24:00+05:30,156.1,157.19,155.5,156.94,33450,1631100
2025-12-23 12:25:00+05:30,157.05,157.05,155.5,156.25,10800,1631100
2025-12-23 12:26:00+05:30,156.6,156.94,155.85,156.0,3225,1622400
2025-12-23 12:27:00+05:30,156.4,156.6,155.25,155.25,33000,1622400
2025-12-23 12:28:00+05:30,155.35,155.8,152.65,153.5,35475,1622400
2025-12-23 12:29:00+05:30,152.6,153.85,152.15,152.35,32400,1620525
2025-12-23 12:30:00+05:30,152.65,153.15,151.5,152.05,24900,1620525
2025-12-23 12:31:00+05:30,151.94,152.69,151.1,151.35,22200,1620525
2025-12-23 12:32:00+05:30,151.35,153.6,151.19,153.6,14550,1635600
2025-12-23 12:33:00+05:30,153.0,154.25,152.55,153.1,19875,1635600
2025-12-23 12:34:00+05:30,153.94,154.75,153.4,153.9,17100,1635600
2025-12-23 12:35:00+05:30,154.25,155.35,154.25,154.8,21675,1627800
2025-12-23 12:36:00+05:30,154.9,157.6,154.9,156.5,59550,1627800
2025-12-23 12:37:00+05:30,156.69,157.44,156.1,156.65,24375,1627800
2025-12-23 12:38:00+05:30,156.44,156.9,155.69,156.0,10125,1621050
2025-12-23 12:39:00+05:30,156.25,156.25,153.69,155.0,17925,1621050
2025-12-23 12:40:00+05:30,154.55,157.4,154.55,156.9,108825,1621050
2025-12-23 12:41:00+05:30,157.0,157.5,156.0,157.05,74625,1700250
2025-12-23 12:42:00+05:30,156.65,157.3,155.8,156.05,44325,1700250
2025-12-23 12:43:00+05:30,155.75,156.69,155.05,155.44,21075,1700250
2025-12-23 12:44:00+05:30,156.05,156.6,155.0,156.25,18900,1753800
2025-12-23 12:45:00+05:30,155.9,156.55,155.69,155.8,13275,1753800
2025-12-23 12:46:00+05:30,155.9,157.25,155.5,157.25,21225,1753800
2025-12-23 12:47:00+05:30,157.25,157.69,156.6,156.6,36450,1762125
2025-12-23 12:48:00+05:30,156.8,157.3,156.1,156.6,25725,1762125
2025-12-23 12:49:00+05:30,156.6,157.0,155.75,155.75,16425,1762125
2025-12-23 12:50:00+05:30,156.4,156.8,156.0,156.5,9150,1779075
2025-12-23 12:51:00+05:30,156.8,157.55,156.35,157.55,12375,1779075
2025-12-23 12:52:00+05:30,157.19,157.75,155.5,155.8,31575,1779075
2025-12-23 12:53:00+05:30,155.6,157.6,155.19,156.94,17925,1784550
2025-12-23 12:54:00+05:30,157.05,158.1,156.25,157.0,25425,1784550
2025-12-23 12:55:00+05:30,157.1,157.55,156.35,157.3,13125,1784550
2025-12-23 12:56:00+05:30,157.44,158.44,156.4,156.4,18675,1768800
2025-12-23 12:57:00+05:30,157.6,157.6,156.0,156.05,4500,1768800
2025-12-23 12:58:00+05:30,156.75,157.65,156.44,157.05,6300,1768800
2025-12-23 12:59:00+05:30,157.19,158.5,156.5,156.94,18600,1764300
2025-12-23 13:00:00+05:30,156.8,159.0,156.55,158.94,32700,1764300
2025-12-23 13:01:00+05:30,158.65,160.0,158.0,158.94,57675,1764300
2025-12-23 13:02:00+05:30,158.9,159.8,156.85,157.5,37800,1741500
2025-12-23 13:03:00+05:30,157.85,158.9,157.3,157.8,20175,1741500
2025-12-23 13:04:00+05:30,157.25,157.35,156.94,156.94,9225,1741500
2025-12-23 13:05:00+05:30,157.05,157.85,155.65,155.65,27600,1735650
2025-12-23 13:06:00+05:30,156.25,157.6,155.85,156.85,10725,1735650
2025-12-23 13:07:00+05:30,156.5,157.19,156.35,156.8,11400,1735650
2025-12-23 13:08:00+05:30,156.9,157.0,156.4,156.65,7275,1750575
2025-12-23 13:09:00+05:30,156.75,157.65,156.75,157.65,23550,1750575
2025-12-23 13:10:00+05:30,157.8,158.75,157.4,157.8,30450,1750575
2025-12-23 13:11:00+05:30,157.4,157.69,157.0,157.65,16875,1724400
2025-12-23 13:12:00+05:30,157.8,157.9,157.05,157.55,12900,1724400
2025-12-23 13:13:00+05:30,157.3,157.69,156.9,157.4,13575,1724400
2025-12-23 13:14:00+05:30,157.05,157.69,154.9,154.9,25125,1731000
2025-12-23 13:15:00+05:30,155.5,156.1,155.0,155.9,23025,1731000
2025-12-23 13:16:00+05:30,155.55,158.5,155.5,158.5,29850,1731000
2025-12-23 13:17:00+05:30,158.5,159.85,158.0,159.15,49875,1728375
2025-12-23 13:18:00+05:30,158.75,159.0,157.44,157.44,13875,1728375
2025-12-23 13:19:00+05:30,157.69,158.1,157.35,157.69,7950,1728375
2025-12-23 13:20:00+05:30,158.44,158.75,157.5,158.0,5175,1739550
2025-12-23 13:21:00+05:30,158.4,158.4,157.3,157.5,3975,1739550
2025-12-23 13:22:00+05:30,157.5,157.75,157.1,157.6,6825,1739550
2025-12-23 13:23:00+05:30,157.55,157.55,156.55,157.0,13725,1746075
2025-12-23 13:24:00+05:30,157.0,157.0,155.65,156.19,30075,1746075
2025-12-23 13:25:00+05:30,155.94,157.65,155.44,157.35,20250,1746075
2025-12-23 13:26:00+05:30,157.25,158.0,156.94,157.5,15750,1765350
2025-12-23 13:27:00+05:30,157.19,158.25,157.19,157.55,24075,1765350
2025-12-23 13:28:00+05:30,157.55,158.1,157.55,157.6,9150,1765350
2025-12-23 13:29:00+05:30,157.9,158.94,157.69,157.94,25350,1748325
2025-12-23 13:30:00+05:30,157.9,158.75,157.65,158.0,21375,1748325
2025-12-23 13:31:00+05:30,158.19,158.19,156.55,156.65,21600,1748325
2025-12-23 13:32:00+05:30,157.1,157.6,156.05,157.3,16725,1767975
2025-12-23 13:33:00+05:30,157.35,157.5,156.35,157.5,17625,1767975
2025-12-23 13:34:00+05:30,157.0,157.8,156.85,157.05,8400,1767975
2025-12-23 13:35:00+05:30,157.05,157.5,156.19,156.44,19500,1762800
2025-12-23 13:36:00+05:30,156.44,156.85,155.8,156.19,19275,1762800
2025-12-23 13:37:00+05:30,156.4,156.85,156.0,156.0,6600,1762800
2025-12-23 13:38:00+05:30,156.44,156.69,156.1,156.44,3600,1773450
2025-12-23 13:39:00+05:30,156.65,157.15,154.65,154.94,64500,1773450
2025-12-23 13:40:00+05:30,154.94,155.25,154.0,154.75,55275,1773450
2025-12-23 13:41:00+05:30,154.5,154.5,150.69,151.65,77100,1743150
2025-12-23 13:42:00+05:30,152.25,155.6,152.25,155.35,42525,1743150
2025-12-23 13:43:00+05:30,155.35,156.0,152.6,152.6,40875,1743150
2025-12-23 13:44:00+05:30,153.19,154.25,152.15,154.0,23025,1703550
2025-12-23 13:45:00+05:30,154.1,154.1,153.44,153.5,12525,1703550
2025-12-23 13:46:00+05:30,153.6,154.6,153.4,153.44,13500,1703550
2025-12-23 13:47:00+05:30,153.25,155.0,153.25,154.19,59400,1695525
2025-12-23 13:48:00+05:30,153.8,155.94,153.8,155.0,51825,1695525
2025-12-23 13:49:00+05:30,155.1,157.5,154.9,155.19,90525,1695525
2025-12-23 13:50:00+05:30,155.35,155.35,153.3,154.35,16125,1666275
2025-12-23 13:51:00+05:30,155.25,155.5,154.0,155.3,12150,1666275
2025-12-23 13:52:00+05:30,155.5,156.44,154.85,156.0,13950,1666275
2025-12-23 13:53:00+05:30,156.0,156.9,155.65,156.85,16875,1659975
2025-12-23 13:54:00+05:30,156.44,157.6,156.05,157.3,44925,1659975
2025-12-23 13:55:00+05:30,157.35,160.4,157.3,160.3,88425,1659975
2025-12-23 13:56:00+05:30,160.5,160.9,159.0,159.25,46275,1599150
2025-12-23 13:57:00+05:30,158.9,158.9,157.94,158.15,33300,1599150
2025-12-23 13:58:00+05:30,157.5,159.19,156.1,157.19,14775,1599150
2025-12-23 13:59:00+05:30,157.5,159.4,156.15,159.25,15075,1582050
2025-12-23 14:00:00+05:30,159.05,160.44,157.9,157.9,47325,1582050
2025-12-23 14:01:00+05:30,158.1,158.8,157.3,158.5,18525,1582050
2025-12-23 14:02:00+05:30,158.5,159.35,158.0,159.0,7200,1582200
2025-12-23 14:03:00+05:30,159.0,161.35,159.0,161.15,53400,1582200
2025-12-23 14:04:00+05:30,160.69,161.75,160.44,160.44,55350,1582200
2025-12-23 14:05:00+05:30,160.4,160.8,158.0,159.35,37800,1573800
2025-12-23 14:06:00+05:30,159.44,159.5,157.9,158.8,14925,1573800
2025-12-23 14:07:00+05:30,158.15,158.9,157.65,158.05,20400,1573800
2025-12-23 14:08:00+05:30,158.0,159.8,158.0,159.8,19125,1567650
2025-12-23 14:09:00+05:30,159.3,159.3,157.4,158.5,15600,1567650
2025-12-23 14:10:00+05:30,158.1,160.0,157.65,160.0,18150,1567650
2025-12-23 14:11:00+05:30,160.1,160.6,158.0,158.1,46950,1561950
2025-12-23 14:12:00+05:30,157.69,159.75,157.69,159.35,9150,1561950
2025-12-23 14:13:00+05:30,159.0,159.85,158.35,159.8,11625,1561950
2025-12-23 14:14:00+05:30,159.94,164.8,159.5,164.5,124500,1548075
2025-12-23 14:15:00+05:30,164.35,171.5,163.25,170.9,228075,1548075
2025-12-23 14:16:00+05:30,171.1,172.1,169.2,170.6,149025,1548075
2025-12-23 14:17:00+05:30,170.5,172.0,170.05,171.65,66375,1447575
2025-12-23 14:18:00+05:30,171.55,178.1,171.3,177.15,220650,1447575
2025-12-23 14:19:00+05:30,177.5,178.3,171.05,173.0,124725,1447575
2025-12-23 14:20:00+05:30,173.6,175.65,173.2,174.35,73350,1354275
2025-12-23 14:21:00+05:30,174.25,176.6,172.5,173.15,66300,1354275
2025-12-23 14:22:00+05:30,173.7,174.4,172.45,173.35,28350,1354275
2025-12-23 14:23:00+05:30,174.15,175.95,173.7,175.9,38775,1325400
2025-12-23 14:24:00+05:30,175.8,176.3,175.0,175.9,43200,1325400
2025-12-23 14:25:00+05:30,176.2,176.45,175.1,176.0,17700,1325400
2025-12-23 14:26:00+05:30,176.25,177.05,172.45,173.55,46050,1319025
2025-12-23 14:27:00+05:30,173.7,174.9,173.05,174.3,18750,1319025
2025-12-23 14:28:00+05:30,173.6,174.9,172.9,173.1,36525,1319025
2025-12-23 14:29:00+05:30,172.5,172.95,171.35,171.4,57825,1298100
2025-12-23 14:30:00+05:30,172.0,172.0,167.75,168.15,61800,1298100
2025-12-23 14:31:00+05:30,168.0,168.35,164.85,166.6,47325,1298100
2025-12-23 14:32:00+05:30,167.05,168.9,165.75,167.0,39150,1282500
2025-12-23 14:33:00+05:30,167.55,167.55,160.0,162.0,116175,1282500
2025-12-23 14:34:00+05:30,162.5,164.85,161.85,163.95,31125,1282500
2025-12-23 14:35:00+05:30,164.0,165.35,162.65,165.35,32475,1280925
2025-12-23 14:36:00+05:30,165.7,167.0,164.45,165.3,44400,1280925
2025-12-23 14:37:00+05:30,165.4,165.7,164.2,165.5,15900,1280925
2025-12-23 14:38:00+05:30,165.75,166.8,165.4,166.1,18600,1288950
2025-12-23 14:39:00+05:30,166.0,166.35,162.35,165.45,25500,1288950
2025-12-23 14:40:00+05:30,165.35,165.8,162.05,163.15,16725,1288950
2025-12-23 14:41:00+05:30,162.85,162.94,153.1,153.35,103725,1303200
2025-12-23 14:42:00+05:30,152.15,154.9,152.15,153.19,67125,1303200
2025-12-23 14:43:00+05:30,152.6,154.5,151.65,152.3,58350,1303200
2025-12-23 14:44:00+05:30,152.5,152.6,148.05,148.05,115650,1359525
2025-12-23 14:45:00+05:30,148.5,148.5,142.75,146.94,195750,1359525
2025-12-23 14:46:00+05:30,148.05,152.75,147.9,152.0,139800,1359525
2025-12-23 14:47:00+05:30,152.85,153.65,149.0,150.55,117150,1419075
2025-12-23 14:48:00+05:30,150.15,152.75,150.15,152.15,26925,1419075
2025-12-23 14:49:00+05:30,151.75,153.8,151.75,153.8,57300,1419075
2025-12-23 14:50:00+05:30,153.44,154.05,149.25,150.05,81675,1456200
2025-12-23 14:51:00+05:30,150.05,150.4,149.5,150.05,43350,1456200
2025-12-23 14:52:00+05:30,150.0,151.85,149.75,150.94,57075,1456200
2025-12-23 14:53:00+05:30,151.19,151.9,150.94,151.15,38400,1506750
2025-12-23 14:54:00+05:30,151.44,151.69,150.0,151.1,30750,1506750
2025-12-23 14:55:00+05:30,151.25,151.6,150.0,150.65,25575,1506750
2025-12-23 14:56:00+05:30,150.85,151.3,150.15,150.94,16500,1525725
2025-12-23 14:57:00+05:30,150.9,150.94,149.0,149.94,26100,1525725
2025-12-23 14:58:00+05:30,149.6,151.8,149.6,151.35,43650,1525725
2025-12-23 14:59:00+05:30,151.65,153.4,151.15,152.55,76200,1535550
2025-12-23 15:00:00+05:30,153.25,154.94,153.05,153.85,141900,1535550
2025-12-23 15:01:00+05:30,154.0,154.9,150.0,152.0,84375,1535550
2025-12-23 15:02:00+05:30,152.19,152.4,151.0,151.0,31800,1523025
2025-12-23 15:03:00+05:30,150.3,150.3,141.0,142.94,151650,1523025
2025-12-23 15:04:00+05:30,142.0,144.4,140.19,144.4,182025,1523025
2025-12-23 15:05:00+05:30,144.19,145.0,143.0,143.5,70575,1578000
2025-12-23 15:06:00+05:30,143.4,143.69,140.69,141.25,72150,1578000
2025-12-23 15:07:00+05:30,141.15,142.55,140.6,140.6,79275,1578000
2025-12-23 15:08:00+05:30,140.55,142.55,139.5,142.55,84075,1638975
2025-12-23 15:09:00+05:30,142.25,142.8,141.0,141.94,25725,1638975
2025-12-23 15:10:00+05:30,142.35,142.4,141.4,142.0,32775,1638975
2025-12-23 15:11:00+05:30,141.94,142.35,141.3,142.35,36000,1652625
2025-12-23 15:12:00+05:30,141.85,142.3,141.0,142.1,31575,1652625
2025-12-23 15:13:00+05:30,142.0,142.19,141.19,141.3,22725,1652625
2025-12-23 15:14:00+05:30,141.44,141.94,141.15,141.8,43575,1658925
2025-12-23 15:15:00+05:30,141.44,142.25,141.1,142.19,53400,1658925
2025-12-23 15:16:00+05:30,141.9,142.25,141.5,142.0,66375,1658925
2025-12-23 15:17:00+05:30,142.0,142.25,141.65,142.25,49125,1657950
2025-12-23 15:18:00+05:30,141.75,142.25,141.1,141.44,48600,1657950
2025-12-23 15:19:00+05:30,141.44,141.9,139.3,139.65,90150,1657950
2025-12-23 15:20:00+05:30,140.0,141.25,139.85,141.0,79650,1690350
2025-12-23 15:21:00+05:30,141.4,141.55,140.0,140.6,107325,1690350
2025-12-23 15:22:00+05:30,140.6,140.94,140.25,140.3,67500,1690350
2025-12-23 15:23:00+05:30,140.25,141.0,140.25,141.0,41025,1690350
2025-12-23 15:24:00+05:30,140.65,141.25,140.6,140.6,79050,1715325
2025-12-23 15:25:00+05:30,140.8,141.25,138.94,140.0,121950,1715325
2025-12-23 15:26:00+05:30,139.8,140.0,139.1,139.1,89925,1715325
2025-12-23 15:27:00+05:30,139.25,139.9,139.1,139.85,72750,1808550
2025-12-23 15:28:00+05:30,139.3,139.75,138.9,139.3,125775,1808550
2025-12-23 15:29:00+05:30,138.94,139.5,138.0,138.0,160575,1808550
2025-12-24 09:15:00+05:30,140.44,145.9,115.35,115.35,1197000,1827975
2025-12-24 09:16:00+05:30,114.45,124.05,113.0,122.5,1357725,2284650
2025-12-24 09:17:00+05:30,122.15,132.9,122.15,132.9,971625,2284650
2025-12-24 09:18:00+05:30,132.44,147.0,132.44,141.85,1876050,2284650
2025-12-24 09:19:00+05:30,145.15,153.3,145.15,149.35,1356675,2723025
2025-12-24 09:20:00+05:30,150.9,152.44,147.75,151.6,781875,2723025
2025-12-24 09:21:00+05:30,151.4,159.0,151.4,156.9,1120650,2723025
2025-12-24 09:22:00+05:30,157.25,157.35,149.25,149.55,850800,2957175
2025-12-24 09:23:00+05:30,151.3,153.55,148.4,151.6,441900,2957175
2025-12-24 09:24:00+05:30,152.4,154.85,151.4,152.5,408900,2957175
2025-12-24 09:25:00+05:30,153.15,156.25,152.75,153.69,481500,3081300
2025-12-24 09:26:00+05:30,153.4,156.6,152.6,155.19,378000,3081300
2025-12-24 09:27:00+05:30,155.9,161.0,155.69,156.05,754875,3081300
2025-12-24 09:28:00+05:30,156.19,160.19,156.1,158.94,457500,3112800
2025-12-24 09:29:00+05:30,159.5,160.1,157.6,159.1,352050,3112800
2025-12-24 09:30:00+05:30,159.1,162.0,157.05,158.0,453450,3112800
2025-12-24 09:31:00+05:30,158.15,161.44,157.65,159.15,315825,3146775
2025-12-24 09:32:00+05:30,159.05,161.44,158.0,160.4,255000,3146775
2025-12-24 09:33:00+05:30,160.55,167.8,159.8,163.55,729450,3146775
2025-12-24 09:34:00+05:30,164.2,164.4,161.25,161.3,285975,2986050
2025-12-24 09:35:00+05:30,162.3,163.15,157.05,157.05,340050,2986050
2025-12-24 09:36:00+05:30,157.3,161.6,156.15,157.4,364800,2986050
2025-12-24 09:37:00+05:30,157.94,160.94,157.0,158.1,213300,3021750
2025-12-24 09:38:00+05:30,158.05,160.15,155.6,156.94,197025,3021750
2025-12-24 09:39:00+05:30,156.69,156.69,153.3,156.3,253125,3021750
2025-12-24 09:40:00+05:30,156.15,159.05,152.0,156.5,300975,3058500
2025-12-24 09:41:00+05:30,156.8,156.85,151.35,151.35,231900,3058500
2025-12-24 09:42:00+05:30,151.65,152.94,148.85,149.69,373050,3058500
2025-12-24 09:43:00+05:30,149.85,152.1,145.55,149.5,324300,3145725
2025-12-24 09:44:00+05:30,149.3,155.0,149.3,154.69,373050,3145725
2025-12-24 09:45:00+05:30,155.6,158.35,151.44,156.15,531450,3145725
2025-12-24 09:46:00+05:30,156.1,156.9,147.9,148.4,339600,3357600
2025-12-24 09:47:00+05:30,147.9,150.9,144.65,144.65,317850,3357600
2025-12-24 09:48:00+05:30,144.5,146.69,142.0,146.0,373650,3357600
2025-12-24 09:49:00+05:30,146.44,147.0,144.25,145.25,174975,3347550
2025-12-24 09:50:00+05:30,145.35,150.05,145.05,149.8,278850,3347550
2025-12-24 09:51:00+05:30,148.75,155.6,148.0,155.19,477075,3347550
2025-12-24 09:52:00+05:30,155.3,161.1,153.8,160.65,655500,3358800
2025-12-24 09:53:00+05:30,160.6,160.6,151.0,152.44,448650,3358800
2025-12-24 09:54:00+05:30,153.0,156.5,153.0,156.3,197550,3358800
2025-12-24 09:55:00+05:30,155.69,155.69,150.44,153.69,233700,3287625
2025-12-24 09:56:00+05:30,153.65,153.94,149.4,150.35,170025,3287625
2025-12-24 09:57:00+05:30,150.55,153.3,149.5,152.25,134175,3287625
2025-12-24 09:58:00+05:30,153.0,156.8,152.69,156.8,198450,3312075
2025-12-24 09:59:00+05:30,157.0,158.15,155.3,155.3,203850,3312075
2025-12-24 10:00:00+05:30,155.4,156.75,153.44,156.05,142275,3312075
2025-12-24 10:01:00+05:30,155.75,157.19,152.75,155.15,159450,3354375
2025-12-24 10:02:00+05:30,155.55,155.85,153.0,153.0,72450,3354375
2025-12-24 10:03:00+05:30,153.75,154.35,151.94,152.69,87975,3354375
2025-12-24 10:04:00+05:30,152.19,152.19,148.15,149.85,290175,3315375
2025-12-24 10:05:00+05:30,150.0,151.3,148.25,151.0,144300,3315375
2025-12-24 10:06:00+05:30,150.75,153.15,148.25,148.25,210225,3315375
2025-12-24 10:07:00+05:30,148.65,152.25,148.65,151.75,99750,3412500
2025-12-24 10:08:00+05:30,151.75,152.85,146.25,149.75,203100,3412500
2025-12-24 10:09:00+05:30,150.25,153.1,147.94,152.69,183900,3412500
2025-12-24 10:10:00+05:30,151.9,158.55,151.9,157.6,374325,3374925
2025-12-24 10:11:00+05:30,157.44,160.3,154.5,160.3,232350,3374925
2025-12-24 10:12:00+05:30,161.0,161.65,156.35,157.44,417675,3374925
2025-12-24 10:13:00+05:30,157.69,163.75,156.44,163.75,348600,3273825
2025-12-24 10:14:00+05:30,163.6,165.35,161.55,163.8,432075,3273825
2025-12-24 10:15:00+05:30,162.9,170.0,162.3,168.05,537150,3273825
2025-12-24 10:16:00+05:30,168.45,168.45,164.5,166.5,334200,3077025
2025-12-24 10:17:00+05:30,167.1,167.2,161.3,162.5,241050,3077025
2025-12-24 10:18:00+05:30,163.05,164.55,162.19,163.55,137700,3077025
2025-12-24 10:19:00+05:30,163.5,163.85,159.55,159.65,162300,3092250
2025-12-24 10:20:00+05:30,159.8,160.3,156.0,156.0,245400,3092250
2025-12-24 10:21:00+05:30,156.0,160.1,156.0,159.19,272700,3092250
2025-12-24 10:22:00+05:30,159.5,161.0,157.44,159.25,112575,3007050
2025-12-24 10:23:00+05:30,160.19,160.5,158.5,159.0,71925,3007050
2025-12-24 10:24:00+05:30,159.4,159.94,156.69,157.75,76050,3007050
2025-12-24 10:25:00+05:30,158.6,159.19,156.44,157.85,88050,3022125
2025-12-24 10:26:00+05:30,158.35,160.44,157.9,160.25,126300,3022125
2025-12-24 10:27:00+05:30,160.69,162.15,158.19,158.69,127050,3022125
2025-12-24 10:28:00+05:30,158.8,161.6,158.5,159.9,79800,3034950
2025-12-24 10:29:00+05:30,159.9,161.4,159.5,160.65,63075,3034950
2025-12-24 10:30:00+05:30,160.69,162.0,159.4,160.75,94650,3034950
2025-12-24 10:31:00+05:30,160.69,162.5,159.35,159.55,125625,3005250
2025-12-24 10:32:00+05:30,159.4,160.55,157.35,158.69,95250,3005250
2025-12-24 10:33:00+05:30,158.8,160.9,158.25,159.35,63225,3005250
2025-12-24 10:34:00+05:30,159.35,160.4,158.9,160.4,37650,3011550
2025-12-24 10:35:00+05:30,160.3,162.9,159.8,159.94,121575,3011550
2025-12-24 10:36:00+05:30,160.4,160.75,156.0,156.0,98625,3011550
2025-12-24 10:37:00+05:30,157.15,158.35,154.05,154.94,176175,2979000
2025-12-24 10:38:00+05:30,154.19,155.4,151.65,152.55,181200,2979000
2025-12-24 10:39:00+05:30,152.65,154.75,152.55,154.0,93000,2979000
2025-12-24 10:40:00+05:30,153.9,155.0,152.94,155.0,98775,3011775
2025-12-24 10:41:00+05:30,154.6,155.44,152.15,153.15,118050,3011775
2025-12-24 10:42:00+05:30,153.65,155.35,153.44,154.75,68775,3011775
2025-12-24 10:43:00+05:30,154.65,155.75,152.19,154.1,93300,2987400
2025-12-24 10:44:00+05:30,154.19,154.8,151.1,151.9,143250,2987400
2025-12-24 10:45:00+05:30,151.44,152.6,150.5,152.0,143400,2987400
2025-12-24 10:46:00+05:30,151.25,151.75,149.0,150.5,110925,3004275
2025-12-24 10:47:00+05:30,150.35,151.19,147.55,147.8,118425,3004275
2025-12-24 10:48:00+05:30,147.35,147.35,140.69,140.85,441600,3004275
2025-12-24 10:49:00+05:30,141.15,146.3,141.15,145.3,265425,3050850
2025-12-24 10:50:00+05:30,145.35,145.8,141.75,143.6,222075,3050850
2025-12-24 10:51:00+05:30,143.35,143.85,138.94,139.4,269700,3050850
2025-12-24 10:52:00+05:30,139.65,141.5,139.65,141.5,166725,3202500
2025-12-24 10:53:00+05:30,141.5,143.0,140.5,143.0,139725,3202500
2025-12-24 10:54:00+05:30,143.25,144.4,138.8,140.1,285975,3202500
2025-12-24 10:55:00+05:30,140.44,141.69,138.5,139.35,159975,3343425
2025-12-24 10:56:00+05:30,140.35,144.6,140.19,144.1,204675,3343425
2025-12-24 10:57:00+05:30,143.5,146.4,142.69,145.94,284850,3343425
2025-12-24 10:58:00+05:30,146.25,148.15,145.8,146.69,235425,3312375
2025-12-24 10:59:00+05:30,146.94,147.65,142.5,144.19,153675,3312375
2025-12-24 11:00:00+05:30,145.15,146.6,144.0,144.3,185850,3312375
2025-12-24 11:01:00+05:30,144.65,146.69,144.5,144.5,93975,3384375
2025-12-24 11:02:00+05:30,144.44,144.6,134.6,134.6,435750,3384375
2025-12-24 11:03:00+05:30,134.35,139.19,133.55,137.44,371400,3384375
2025-12-24 11:04:00+05:30,137.5,140.0,136.15,138.55,186075,3417000
2025-12-24 11:05:00+05:30,139.5,141.19,139.05,140.65,132525,3417000
2025-12-24 11:06:00+05:30,141.0,142.44,139.5,139.69,167175,3417000
2025-12-24 11:07:00+05:30,139.65,141.75,138.0,140.94,121125,3423225
2025-12-24 11:08:00+05:30,141.75,143.9,139.6,140.85,147975,3423225
2025-12-24 11:09:00+05:30,141.5,143.25,140.25,141.4,74700,3423225
2025-12-24 11:10:00+05:30,141.25,142.35,139.69,140.8,80550,3426150
2025-12-24 11:11:00+05:30,140.5,141.8,139.44,140.6,42825,3426150
2025-12-24 11:12:00+05:30,140.19,145.05,140.05,144.35,179400,3426150
2025-12-24 11:13:00+05:30,144.69,147.69,144.69,147.69,226200,3399750
2025-12-24 11:14:00+05:30,149.1,149.1,146.35,146.94,283800,3399750
2025-12-24 11:15:00+05:30,146.75,147.85,146.0,146.6,168975,3399750
2025-12-24 11:16:00+05:30,146.75,149.0,146.15,147.6,183225,3336075
2025-12-24 11:17:00+05:30,146.8,147.5,145.65,146.25,90075,3336075
2025-12-24 11:18:00+05:30,146.5,148.19,146.0,146.35,94575,3336075
2025-12-24 11:19:00+05:30,146.3,147.5,144.65,147.19,98175,3350625
2025-12-24 11:20:00+05:30,147.4,149.19,146.25,149.19,117825,3350625
2025-12-24 11:21:00+05:30,149.25,152.0,148.75,152.0,405150,3350625
2025-12-24 11:22:00+05:30,152.35,152.65,150.44,152.65,195600,3264975
2025-12-24 11:23:00+05:30,152.8,156.1,152.69,153.65,421575,3264975
2025-12-24 11:24:00+05:30,154.0,154.0,150.15,150.15,170475,3264975
2025-12-24 11:25:00+05:30,150.75,150.75,145.15,145.15,210675,3162300
2025-12-24 11:26:00+05:30,146.4,146.8,142.44,145.6,240900,3162300
2025-12-24 11:27:00+05:30,145.75,147.1,145.1,145.8,99300,3162300
2025-12-24 11:28:00+05:30,145.3,148.0,143.75,147.94,112425,3120300
2025-12-24 11:29:00+05:30,147.8,149.8,147.05,149.35,143175,3120300
2025-12-24 11:30:00+05:30,149.4,149.4,148.19,149.05,69375,3120300
2025-12-24 11:31:00+05:30,149.4,149.65,146.05,146.5,81225,3159000
2025-12-24 11:32:00+05:30,147.0,150.5,146.1,149.65,106200,3159000
2025-12-24 11:33:00+05:30,149.44,150.75,148.05,148.5,108300,3159000
2025-12-24 11:34:00+05:30,148.5,151.0,148.3,148.3,103575,3136050
2025-12-24 11:35:00+05:30,149.0,149.85,148.05,148.69,49425,3136050
2025-12-24 11:36:00+05:30,149.19,149.19,147.4,148.05,59175,3136050
2025-12-24 11:37:00+05:30,148.25,149.6,145.85,146.15,67800,3148575
2025-12-24 11:38:00+05:30,146.05,148.0,145.69,146.05,65925,3148575
2025-12-24 11:39:00+05:30,146.19,146.85,144.5,144.5,109875,3148575
2025-12-24 11:40:00+05:30,144.9,145.5,142.3,142.69,139125,3177375
2025-12-24 11:41:00+05:30,143.19,143.65,140.55,143.0,149475,3177375
2025-12-24 11:42:00+05:30,143.05,143.15,137.25,138.05,221475,3177375
2025-12-24 11:43:00+05:30,138.0,138.35,130.8,130.8,448650,3180900
2025-12-24 11:44:00+05:30,130.65,131.5,127.7,128.5,355950,3180900
2025-12-24 11:45:00+05:30,128.1,129.69,126.3,127.8,365175,3180900
2025-12-24 11:46:00+05:30,126.6,129.0,125.35,126.15,360900,3455175
2025-12-24 11:47:00+05:30,126.85,127.85,125.4,126.85,267450,3455175
2025-12-24 11:48:00+05:30,126.45,127.35,126.0,126.95,167400,3455175
2025-12-24 11:49:00+05:30,127.35,129.75,127.25,127.25,330225,3669525
2025-12-24 11:50:00+05:30,127.1,128.6,126.5,128.35,172575,3669525
2025-12-24 11:51:00+05:30,127.8,128.4,126.4,127.35,134925,3669525
2025-12-24 11:52:00+05:30,127.2,128.4,125.5,126.55,175725,3797100
2025-12-24 11:53:00+05:30,127.3,128.15,126.5,127.2,123675,3797100
2025-12-24 11:54:00+05:30,127.3,129.0,127.05,129.0,136425,3797100
2025-12-24 11:55:00+05:30,129.35,132.35,129.35,131.44,475650,3864000
2025-12-24 11:56:00+05:30,131.9,133.05,131.55,132.6,242250,3864000
2025-12-24 11:57:00+05:30,132.15,132.6,130.3,130.85,145350,3864000
2025-12-24 11:58:00+05:30,130.69,135.19,130.3,135.19,237450,3859500
2025-12-24 11:59:00+05:30,135.69,135.69,131.6,131.6,304875,3859500
2025-12-24 12:00:00+05:30,132.1,132.65,131.35,132.65,112500,3859500
2025-12-24 12:01:00+05:30,132.3,133.25,128.69,129.55,269775,3887025
2025-12-24 12:02:00+05:30,130.19,133.85,129.75,133.65,239775,3887025
2025-12-24 12:03:00+05:30,134.19,134.19,132.9,133.19,160500,3887025
2025-12-24 12:04:00+05:30,133.3,134.9,133.0,133.94,114000,3824475
2025-12-24 12:05:00+05:30,133.9,135.8,133.6,134.4,231825,3824475
2025-12-24 12:06:00+05:30,134.1,134.69,132.69,134.69,97725,3824475
2025-12-24 12:07:00+05:30,135.05,136.1,132.8,133.15,138825,3801300
2025-12-24 12:08:00+05:30,133.1,133.69,131.69,131.69,116475,3801300
2025-12-24 12:09:00+05:30,131.8,132.3,130.3,132.05,147075,3801300
2025-12-24 12:10:00+05:30,131.75,132.94,130.9,132.94,92925,3768150
2025-12-24 12:11:00+05:30,133.69,133.69,129.65,129.9,151050,3768150
2025-12-24 12:12:00+05:30,129.44,132.5,129.15,132.25,106275,3768150
2025-12-24 12:13:00+05:30,132.8,134.9,131.5,134.9,149475,3693150
2025-12-24 12:14:00+05:30,134.6,135.75,133.9,134.44,160725,3693150
2025-12-24 12:15:00+05:30,134.55,135.0,133.0,134.0,78300,3693150
2025-12-24 12:16:00+05:30,133.15,137.0,133.15,135.8,202275,3702150
2025-12-24 12:17:00+05:30,136.19,136.6,134.3,134.9,129600,3702150
2025-12-24 12:18:00+05:30,134.4,139.69,134.4,139.69,318450,3702150
2025-12-24 12:19:00+05:30,139.69,139.85,136.4,136.4,225450,3656325
2025-12-24 12:20:00+05:30,136.15,136.4,133.4,133.55,340575,3656325
2025-12-24 12:21:00+05:30,133.55,137.4,133.55,136.1,154800,3656325
2025-12-24 12:22:00+05:30,135.9,135.9,133.75,133.85,83625,3722025
2025-12-24 12:23:00+05:30,133.44,134.65,132.4,132.5,109200,3722025
2025-12-24 12:24:00+05:30,132.69,133.75,131.65,132.6,90525,3722025
2025-12-24 12:25:00+05:30,133.15,135.19,131.8,135.05,97950,3733650
2025-12-24 12:26:00+05:30,135.6,140.44,135.0,140.44,267600,3733650
2025-12-24 12:27:00+05:30,140.1,140.8,137.5,137.5,291750,3733650
2025-12-24 12:28:00+05:30,138.0,138.55,136.8,136.8,119400,3675975
2025-12-24 12:29:00+05:30,137.15,139.3,136.44,139.3,88875,3675975
2025-12-24 12:30:00+05:30,139.44,140.25,138.0,139.19,142875,3675975
2025-12-24 12:31:00+05:30,138.6,142.35,138.6,141.5,278700,3675975
2025-12-24 12:32:00+05:30,141.35,143.9,141.3,141.69,242700,3619125
2025-12-24 12:33:00+05:30,142.35,143.0,140.19,140.8,166200,3619125
2025-12-24 12:34:00+05:30,140.6,141.15,139.4,139.4,131475,3619125
2025-12-24 12:35:00+05:30,139.94,141.19,139.44,140.75,89100,3604875
2025-12-24 12:36:00+05:30,140.35,143.0,139.65,140.0,194025,3604875
2025-12-24 12:37:00+05:30,140.44,141.0,138.4,140.75,96150,3604875
2025-12-24 12:38:00+05:30,141.0,141.3,138.3,138.55,58425,3609750
2025-12-24 12:39:00+05:30,138.4,138.4,133.75,136.19,322575,3609750
2025-12-24 12:40:00+05:30,136.0,136.05,134.4,134.4,114750,3609750
2025-12-24 12:41:00+05:30,134.5,136.05,131.75,132.35,189975,3564225
2025-12-24 12:42:00+05:30,132.35,132.35,129.0,129.75,251325,3564225
2025-12-24 12:43:00+05:30,129.6,134.69,129.5,134.69,182550,3564225
2025-12-24 12:44:00+05:30,134.69,134.85,131.35,132.35,101325,3556875
2025-12-24 12:45:00+05:30,132.0,132.9,130.5,131.19,121575,3556875
2025-12-24 12:46:00+05:30,131.19,131.75,130.15,131.75,87825,3556875
2025-12-24 12:47:00+05:30,131.44,132.9,130.55,130.55,123450,3640875
2025-12-24 12:48:00+05:30,131.8,134.0,131.4,133.94,116100,3640875
2025-12-24 12:49:00+05:30,133.8,133.8,129.5,130.0,133125,3640875
2025-12-24 12:50:00+05:30,130.15,130.85,129.0,129.0,96225,3682050
2025-12-24 12:51:00+05:30,128.4,130.94,127.4,130.5,184050,3682050
2025-12-24 12:52:00+05:30,130.75,130.75,128.1,128.35,117300,3682050
2025-12-24 12:53:00+05:30,129.0,130.75,128.85,130.4,82350,3730050
2025-12-24 12:54:00+05:30,130.0,130.44,128.05,129.0,96600,3730050
2025-12-24 12:55:00+05:30,129.0,130.69,128.75,128.9,93675,3730050
2025-12-24 12:56:00+05:30,129.19,129.75,127.0,129.75,163050,3808050
2025-12-24 12:57:00+05:30,130.8,130.8,128.35,129.69,135225,3808050
2025-12-24 12:58:00+05:30,129.55,131.44,129.0,130.1,121425,3808050
2025-12-24 12:59:00+05:30,130.05,130.8,128.85,130.0,75150,3812925
2025-12-24 13:00:00+05:30,130.19,130.55,125.1,127.1,318900,3812925
2025-12-24 13:01:00+05:30,126.7,128.75,124.0,127.65,199200,3812925
2025-12-24 13:02:00+05:30,127.05,127.4,123.65,123.65,159450,3923775
2025-12-24 13:03:00+05:30,124.5,127.35,124.35,127.35,174300,3923775
2025-12-24 13:04:00+05:30,127.55,128.69,126.65,128.69,128175,3923775
2025-12-24 13:05:00+05:30,128.4,128.4,123.15,126.2,226275,3991500
2025-12-24 13:06:00+05:30,124.9,125.95,122.15,123.05,199350,3991500
2025-12-24 13:07:00+05:30,124.45,126.35,124.35,124.95,146850,3991500
2025-12-24 13:08:00+05:30,124.8,124.8,122.6,122.8,163725,4049850
2025-12-24 13:09:00+05:30,122.2,123.8,119.95,123.8,390225,4049850
2025-12-24 13:10:00+05:30,123.85,123.85,120.75,121.2,192225,4049850
2025-12-24 13:11:00+05:30,121.6,122.9,119.85,120.0,258450,4143450
2025-12-24 13:12:00+05:30,120.4,122.9,118.3,120.95,237975,4143450
2025-12-24 13:13:00+05:30,120.7,123.75,120.2,123.15,190350,4143450
2025-12-24 13:14:00+05:30,123.5,124.8,121.85,121.85,224400,4200825
2025-12-24 13:15:00+05:30,121.65,122.9,118.2,120.95,252675,4200825
2025-12-24 13:16:00+05:30,121.6,123.55,121.05,123.0,141675,4200825
2025-12-24 13:17:00+05:30,122.85,123.45,120.9,121.05,115275,4290450
2025-12-24 13:18:00+05:30,120.2,121.4,118.9,121.2,143250,4290450
2025-12-24 13:19:00+05:30,121.4,121.7,119.5,119.5,123675,4290450
2025-12-24 13:20:00+05:30,119.3,122.5,119.2,122.35,163575,4401975
2025-12-24 13:21:00+05:30,122.6,124.55,119.7,119.85,290100,4401975
2025-12-24 13:22:00+05:30,120.3,120.3,117.5,118.85,207750,4401975
2025-12-24 13:23:00+05:30,119.1,120.2,117.0,119.3,271200,4418400
2025-12-24 13:24:00+05:30,118.8,120.65,118.35,119.05,154500,4418400
2025-12-24 13:25:00+05:30,119.3,119.3,116.55,116.9,316725,4418400
2025-12-24 13:26:00+05:30,117.75,120.95,116.3,119.75,243675,4462425
2025-12-24 13:27:00+05:30,119.25,121.45,118.85,119.7,228525,4462425
2025-12-24 13:28:00+05:30,120.05,120.7,119.2,119.6,115275,4462425
2025-12-24 13:29:00+05:30,118.45,119.25,117.35,118.1,171225,4563525
2025-12-24 13:30:00+05:30,117.8,117.8,115.5,116.05,392925,4563525
2025-12-24 13:31:00+05:30,115.6,117.4,113.25,113.25,275475,4563525
2025-12-24 13:32:00+05:30,113.0,113.0,105.0,106.0,890925,4701375
2025-12-24 13:33:00+05:30,105.1,108.0,103.85,107.6,662025,4701375
2025-12-24 13:34:00+05:30,107.2,110.05,107.15,109.1,564375,4701375
2025-12-24 13:35:00+05:30,109.3,109.85,108.2,108.3,253050,5005800
2025-12-24 13:36:00+05:30,108.15,109.7,107.55,108.9,243600,5005800
2025-12-24 13:37:00+05:30,109.35,109.85,107.95,109.0,184950,5005800
2025-12-24 13:38:00+05:30,108.8,110.0,108.2,109.9,172875,5175975
2025-12-24 13:39:00+05:30,110.3,110.35,107.75,108.3,268575,5175975
2025-12-24 13:40:00+05:30,108.25,109.4,107.8,107.85,177900,5175975
2025-12-24 13:41:00+05:30,107.8,108.3,106.65,106.85,242550,5322825
2025-12-24 13:42:00+05:30,106.85,107.0,103.7,104.8,436125,5322825
2025-12-24 13:43:00+05:30,104.7,107.85,104.3,107.25,285675,5322825
2025-12-24 13:44:00+05:30,107.7,109.8,107.7,109.65,353700,5376600
2025-12-24 13:45:00+05:30,109.35,109.45,106.7,108.1,193875,5376600
2025-12-24 13:46:00+05:30,108.2,109.2,106.5,109.2,164400,5376600
2025-12-24 13:47:00+05:30,109.5,109.5,106.8,107.65,210975,5507325
2025-12-24 13:48:00+05:30,107.5,108.75,106.9,107.75,132600,5507325
2025-12-24 13:49:00+05:30,107.75,109.75,107.75,109.75,179175,5507325
2025-12-24 13:50:00+05:30,109.05,109.75,108.55,109.45,213225,5562600
2025-12-24 13:51:00+05:30,109.75,112.7,109.0,112.7,544575,5562600
2025-12-24 13:52:00+05:30,113.1,113.95,111.55,111.55,523800,5562600
2025-12-24 13:53:00+05:30,111.45,113.25,111.45,112.95,185625,5471175
2025-12-24 13:54:00+05:30,113.25,113.7,112.6,113.6,244500,5471175
2025-12-24 13:55:00+05:30,113.5,114.05,112.75,112.75,292575,5471175
2025-12-24 13:56:00+05:30,112.55,113.3,106.8,106.8,543675,5466975
2025-12-24 13:57:00+05:30,106.95,107.55,101.75,105.2,743100,5466975
2025-12-24 13:58:00+05:30,104.9,106.45,104.4,105.65,265800,5466975
2025-12-24 13:59:00+05:30,105.4,105.85,104.05,104.05,266550,5480625
2025-12-24 14:00:00+05:30,103.4,104.35,102.15,103.25,348150,5480625
2025-12-24 14:01:00+05:30,103.2,103.2,100.05,102.4,522750,5480625
2025-12-24 14:02:00+05:30,102.3,104.0,102.15,103.3,315750,5746125
2025-12-24 14:03:00+05:30,102.7,103.05,101.3,101.75,215325,5746125
2025-12-24 14:04:00+05:30,101.5,104.55,101.5,103.65,313425,5746125
2025-12-24 14:05:00+05:30,103.25,105.2,103.25,104.6,381375,6003000
2025-12-24 14:06:00+05:30,104.45,104.9,102.25,104.1,276675,6003000
2025-12-24 14:07:00+05:30,103.35,104.2,102.0,102.0,190800,6003000
2025-12-24 14:08:00+05:30,102.5,103.85,101.8,102.5,240525,6106350
2025-12-24 14:09:00+05:30,103.05,106.0,102.65,105.6,454125,6106350
2025-12-24 14:10:00+05:30,105.65,106.25,101.65,103.25,638700,6106350
2025-12-24 14:11:00+05:30,103.65,104.9,103.3,103.6,231300,6192300
2025-12-24 14:12:00+05:30,103.8,104.75,102.8,103.85,207375,6192300
2025-12-24 14:13:00+05:30,103.65,104.45,103.25,103.9,124125,6192300
2025-12-24 14:14:00+05:30,104.65,105.75,104.2,105.5,224325,6199950
2025-12-24 14:15:00+05:30,105.9,105.9,104.05,104.25,173625,6199950
2025-12-24 14:16:00+05:30,104.45,107.35,104.45,105.3,375675,6199950
2025-12-24 14:17:00+05:30,106.15,106.15,103.2,105.5,269700,6130050
2025-12-24 14:18:00+05:30,105.6,106.45,104.85,105.1,160575,6130050
2025-12-24 14:19:00+05:30,105.45,105.75,104.0,104.5,242775,6130050
2025-12-24 14:20:00+05:30,104.55,105.0,101.2,101.5,292200,6120825
2025-12-24 14:21:00+05:30,101.65,102.55,100.0,100.7,346350,6120825
2025-12-24 14:22:00+05:30,101.2,101.55,97.2,97.8,549975,6120825
2025-12-24 14:23:00+05:30,97.85,98.55,97.0,97.1,352350,6249900
2025-12-24 14:24:00+05:30,96.4,100.2,95.35,99.15,524700,6249900
2025-12-24 14:25:00+05:30,99.7,100.25,95.4,97.2,353550,6249900
2025-12-24 14:26:00+05:30,97.4,97.4,90.0,92.85,1072950,6365925
2025-12-24 14:27:00+05:30,93.0,95.6,92.65,94.7,555675,6365925
2025-12-24 14:28:00+05:30,94.9,96.1,94.45,95.4,420525,6365925
2025-12-24 14:29:00+05:30,95.2,97.25,95.15,96.6,488100,6428325
2025-12-24 14:30:00+05:30,96.7,102.3,96.2,101.15,942900,6428325
2025-12-24 14:31:00+05:30,101.0,101.4,97.5,97.65,435300,6428325
2025-12-24 14:32:00+05:30,97.7,98.35,96.4,97.2,275625,6345150
2025-12-24 14:33:00+05:30,96.95,99.1,96.95,98.55,230025,6345150
2025-12-24 14:34:00+05:30,99.35,100.0,97.75,98.2,323550,6345150
2025-12-24 14:35:00+05:30,98.25,98.8,97.45,98.0,161850,6410625
2025-12-24 14:36:00+05:30,98.4,98.4,94.55,95.3,386550,6410625
2025-12-24 14:37:00+05:30,95.25,95.95,93.9,95.05,266325,6410625
2025-12-24 14:38:00+05:30,95.2,95.95,94.5,95.55,216750,6590700
2025-12-24 14:39:00+05:30,96.0,97.45,95.25,97.3,347400,6590700
2025-12-24 14:40:00+05:30,97.25,98.4,96.2,97.35,381300,6590700
2025-12-24 14:41:00+05:30,97.35,97.6,96.5,97.0,145950,6648825
2025-12-24 14:42:00+05:30,97.15,97.5,95.2,97.1,216375,6648825
2025-12-24 14:43:00+05:30,97.05,97.7,96.8,97.7,200475,6648825
2025-12-24 14:44:00+05:30,97.6,99.6,97.35,99.55,320700,6582525
2025-12-24 14:45:00+05:30,100.6,103.2,100.0,100.9,750300,6582525
2025-12-24 14:46:00+05:30,100.95,102.75,100.9,102.75,370575,6582525
2025-12-24 14:47:00+05:30,102.6,104.3,102.6,103.85,596325,6265275
2025-12-24 14:48:00+05:30,103.95,104.7,101.05,101.05,375525,6265275
2025-12-24 14:49:00+05:30,101.0,101.05,98.65,99.35,394275,6265275
2025-12-24 14:50:00+05:30,99.55,99.55,97.45,98.05,387075,6143625
2025-12-24 14:51:00+05:30,97.6,98.25,96.15,96.15,326100,6143625
2025-12-24 14:52:00+05:30,96.0,98.3,96.0,96.65,258000,6143625
2025-12-24 14:53:00+05:30,95.9,96.3,94.95,95.1,353175,6277875
2025-12-24 14:54:00+05:30,95.1,98.85,95.1,98.85,427050,6277875
2025-12-24 14:55:00+05:30,98.25,100.0,98.25,98.85,442050,6277875
2025-12-24 14:56:00+05:30,99.2,100.9,99.2,100.3,329475,6213375
2025-12-24 14:57:00+05:30,99.9,100.55,97.65,99.55,290625,6213375
2025-12-24 14:58:00+05:30,99.75,101.2,99.7,101.05,287025,6213375
2025-12-24 14:59:00+05:30,101.05,103.95,101.0,103.05,628125,6086475
2025-12-24 15:00:00+05:30,106.0,106.0,100.2,101.05,853350,6086475
2025-12-24 15:01:00+05:30,101.1,101.3,98.0,98.55,487650,6086475
2025-12-24 15:02:00+05:30,98.0,98.25,96.4,97.1,419250,5997075
2025-12-24 15:03:00+05:30,96.55,99.4,95.55,98.25,521100,5997075
2025-12-24 15:04:00+05:30,98.3,99.2,96.95,99.2,267750,5997075
2025-12-24 15:05:00+05:30,99.0,100.7,98.4,100.7,434175,6062325
2025-12-24 15:06:00+05:30,101.4,102.35,100.0,102.35,502200,6062325
2025-12-24 15:07:00+05:30,101.5,101.5,98.15,98.6,532125,6062325
2025-12-24 15:08:00+05:30,98.9,99.85,97.5,99.75,268050,5987700
2025-12-24 15:09:00+05:30,99.75,100.05,98.6,99.05,292275,5987700
2025-12-24 15:10:00+05:30,99.3,100.0,98.85,99.2,266775,5987700
2025-12-24 15:11:00+05:30,99.3,99.3,97.45,98.9,292275,5885100
2025-12-24 15:12:00+05:30,99.9,99.9,98.7,99.25,241125,5885100
2025-12-24 15:13:00+05:30,99.0,99.1,98.35,99.0,190275,5885100
2025-12-24 15:14:00+05:30,98.9,100.15,98.35,99.65,407400,5797800
2025-12-24 15:15:00+05:30,100.15,100.85,98.65,99.45,544350,5797800
2025-12-24 15:16:00+05:30,99.0,99.35,98.0,99.3,322200,5797800
2025-12-24 15:17:00+05:30,99.7,99.7,98.15,98.9,233175,5522550
2025-12-24 15:18:00+05:30,99.1,99.5,98.5,99.45,272625,5522550
2025-12-24 15:19:00+05:30,99.8,99.95,98.35,98.6,332250,5522550
2025-12-24 15:20:00+05:30,98.8,99.7,98.8,99.1,349650,5250750
2025-12-24 15:21:00+05:30,99.3,99.3,98.5,98.5,214650,5250750
2025-12-24 15:22:00+05:30,98.4,98.7,97.85,98.1,320550,5250750
2025-12-24 15:23:00+05:30,98.35,99.4,98.25,98.7,320625,4999650
2025-12-24 15:24:00+05:30,98.8,98.95,98.1,98.75,320925,4999650
2025-12-24 15:25:00+05:30,99.2,99.2,96.4,96.45,414225,4999650
2025-12-24 15:26:00+05:30,96.5,97.2,96.05,97.2,255600,4782225
2025-12-24 15:27:00+05:30,97.3,97.5,96.1,96.3,224025,4782225
2025-12-24 15:28:00+05:30,96.0,96.25,94.95,94.95,421875,4782225
2025-12-24 15:29:00+05:30,95.05,95.25,93.0,93.25,705975,4433925
2025-12-26 09:15:00+05:30,90.0,90.0,56.2,57.45,3116850,4336500
2025-12-26 09:16:00+05:30,59.15,64.34,56.8,64.34,2612400,5612700
2025-12-26 09:17:00+05:30,64.09,70.0,63.7,66.25,2874525,5612700
2025-12-26 09:18:00+05:30,67.05,73.65,65.8,73.3,2689650,5612700
2025-12-26 09:19:00+05:30,72.9,73.95,68.55,68.65,2538450,6842475
2025-12-26 09:20:00+05:30,67.95,70.0,66.45,69.75,2009625,6842475
2025-12-26 09:21:00+05:30,69.3,70.65,66.3,66.3,1679175,6842475
2025-12-26 09:22:00+05:30,66.9,69.0,64.09,66.59,1681050,8186325
2025-12-26 09:23:00+05:30,66.5,69.95,65.4,65.95,1628775,8186325
2025-12-26 09:24:00+05:30,65.95,70.3,65.95,70.3,1421775,8186325
2025-12-26 09:25:00+05:30,69.3,73.7,67.0,70.0,3181200,8876850
2025-12-26 09:26:00+05:30,70.2,72.15,68.15,70.5,1367625,8876850
2025-12-26 09:27:00+05:30,70.2,71.7,67.34,67.34,1146450,8876850
2025-12-26 09:28:00+05:30,67.55,71.05,66.5,70.25,1376925,9738900
2025-12-26 09:29:00+05:30,69.9,69.9,64.8,69.0,1555200,9738900
2025-12-26 09:30:00+05:30,68.05,69.2,63.7,64.3,1754025,9738900
2025-12-26 09:31:00+05:30,64.5,64.65,61.85,61.85,1753500,10449975
2025-12-26 09:32:00+05:30,61.75,62.4,58.1,59.0,2288025,10449975
2025-12-26 09:33:00+05:30,58.6,59.75,56.85,57.7,1658400,10449975
2025-12-26 09:34:00+05:30,57.7,58.85,57.1,57.5,1123200,11198475
2025-12-26 09:35:00+05:30,58.05,58.05,54.7,55.7,1905450,11198475
2025-12-26 09:36:00+05:30,55.5,56.6,54.6,55.8,967200,11198475
2025-12-26 09:37:00+05:30,55.85,55.9,54.0,54.2,930900,12013125
2025-12-26 09:38:00+05:30,53.65,55.4,53.1,54.25,1494300,12013125
2025-12-26 09:39:00+05:30,53.8,54.25,53.1,53.5,917700,12013125
2025-12-26 09:40:00+05:30,53.1,53.1,51.7,51.95,1624125,12587700
2025-12-26 09:41:00+05:30,51.35,54.0,51.15,53.5,1166250,12587700
2025-12-26 09:42:00+05:30,53.3,53.7,50.85,51.5,1240725,12587700
2025-12-26 09:43:00+05:30,51.15,51.15,48.05,48.6,1994025,13203000
2025-12-26 09:44:00+05:30,48.75,49.8,48.0,49.0,1448250,13203000
2025-12-26 09:45:00+05:30,48.6,49.95,48.5,49.9,775275,13203000
2025-12-26 09:46:00+05:30,49.75,49.95,48.55,48.95,670125,13875075
2025-12-26 09:47:00+05:30,48.75,49.8,48.6,49.2,591600,13875075
2025-12-26 09:48:00+05:30,48.75,49.6,48.75,49.5,444600,13875075
2025-12-26 09:49:00+05:30,49.45,50.75,49.3,50.3,816225,14236575
2025-12-26 09:50:00+05:30,50.6,51.3,49.7,49.7,989100,14236575
2025-12-26 09:51:00+05:30,49.8,50.2,47.65,47.9,1014600,14236575
2025-12-26 09:52:00+05:30,46.5,46.8,45.4,45.65,1656900,14604675
2025-12-26 09:53:00+05:30,45.3,45.85,43.8,45.55,3353625,14604675
2025-12-26 09:54:00+05:30,45.45,46.5,45.45,46.2,811275,14604675
2025-12-26 09:55:00+05:30,46.25,47.1,46.05,46.4,785400,15551475
2025-12-26 09:56:00+05:30,46.45,47.15,45.95,46.3,488325,15551475
2025-12-26 09:57:00+05:30,46.2,47.05,46.0,46.65,392025,15551475
2025-12-26 09:58:00+05:30,46.95,48.3,46.8,48.3,723675,15683625
2025-12-26 09:59:00+05:30,48.2,49.75,48.05,48.45,1230300,15683625
2025-12-26 10:00:00+05:30,48.7,49.35,47.4,47.55,722850,15683625
2025-12-26 10:01:00+05:30,47.45,47.55,46.05,46.95,848475,15879375
2025-12-26 10:02:00+05:30,47.2,47.8,46.2,46.35,413625,15879375
2025-12-26 10:03:00+05:30,46.55,48.85,46.55,48.25,539850,15879375
2025-12-26 10:04:00+05:30,48.25,50.85,48.1,50.65,1058400,15912600
2025-12-26 10:05:00+05:30,50.6,51.35,49.65,50.4,1180050,15912600
2025-12-26 10:06:00+05:30,50.35,51.75,50.15,51.25,889050,15912600
2025-12-26 10:07:00+05:30,51.05,51.2,49.9,50.05,763875,15903150
2025-12-26 10:08:00+05:30,50.2,52.5,50.2,50.95,924600,15903150
2025-12-26 10:09:00+05:30,50.95,50.95,48.75,49.2,884925,15903150
2025-12-26 10:10:00+05:30,48.95,50.15,48.05,48.3,770475,15733575
2025-12-26 10:11:00+05:30,48.0,50.05,47.35,49.65,710025,15733575
2025-12-26 10:12:00+05:30,49.25,50.35,48.65,50.35,386175,15733575
2025-12-26 10:13:00+05:30,50.6,51.3,50.05,50.65,770475,15612375
2025-12-26 10:14:00+05:30,50.65,50.65,49.4,49.5,445575,15612375
2025-12-26 10:15:00+05:30,49.3,49.3,48.05,48.3,713925,15612375
2025-12-26 10:16:00+05:30,49.2,49.95,48.8,49.4,489300,15470025
2025-12-26 10:17:00+05:30,49.35,49.5,48.15,48.85,384900,15470025
2025-12-26 10:18:00+05:30,48.7,49.35,48.2,48.8,357525,15470025
2025-12-26 10:19:00+05:30,48.85,49.9,48.4,48.8,242175,15564000
2025-12-26 10:20:00+05:30,48.95,49.1,48.2,48.6,231675,15564000
2025-12-26 10:21:00+05:30,48.4,49.3,47.65,48.7,457650,15564000
2025-12-26 10:22:00+05:30,48.75,48.8,46.8,47.15,588300,15690150
2025-12-26 10:23:00+05:30,47.05,47.65,45.95,47.65,744900,15690150
2025-12-26 10:24:00+05:30,47.6,47.85,47.05,47.1,259425,15690150
2025-12-26 10:25:00+05:30,47.0,47.8,46.5,47.4,394725,15716850
2025-12-26 10:26:00+05:30,47.35,48.0,46.85,47.1,303000,15716850
2025-12-26 10:27:00+05:30,47.15,48.2,47.05,47.75,309750,15716850
2025-12-26 10:28:00+05:30,47.75,49.1,47.1,49.0,398925,15748350
2025-12-26 10:29:00+05:30,49.1,50.55,48.85,50.4,858300,15748350
2025-12-26 10:30:00+05:30,50.5,50.9,48.85,48.9,847425,15748350
2025-12-26 10:31:00+05:30,49.35,50.9,49.2,50.4,458175,15697350
2025-12-26 10:32:00+05:30,50.45,50.45,48.35,49.25,557475,15697350
2025-12-26 10:33:00+05:30,49.4,50.45,49.3,49.85,370950,15697350
2025-12-26 10:34:00+05:30,49.85,49.85,48.6,48.6,290700,15745950
2025-12-26 10:35:00+05:30,48.75,48.75,47.8,48.5,425550,15745950
2025-12-26 10:36:00+05:30,48.65,49.85,48.65,49.2,327900,15745950
2025-12-26 10:37:00+05:30,49.4,50.0,48.0,48.2,380925,15756675
2025-12-26 10:38:00+05:30,48.25,48.45,47.25,47.95,492225,15756675
2025-12-26 10:39:00+05:30,47.8,50.55,47.6,50.55,470175,15756675
2025-12-26 10:40:00+05:30,50.6,51.5,49.35,49.5,894525,15548100
2025-12-26 10:41:00+05:30,49.4,49.75,48.55,49.65,302925,15548100
2025-12-26 10:42:00+05:30,49.9,51.0,49.9,50.55,500550,15548100
2025-12-26 10:43:00+05:30,50.55,50.8,48.15,48.2,544425,15695925
2025-12-26 10:44:00+05:30,48.6,49.3,48.05,48.85,320025,15695925
2025-12-26 10:45:00+05:30,48.8,49.5,47.25,47.75,411450,15695925
2025-12-26 10:46:00+05:30,47.55,49.05,47.55,48.9,316125,15824475
2025-12-26 10:47:00+05:30,48.85,49.3,48.4,48.55,200775,15824475
2025-12-26 10:48:00+05:30,48.5,49.75,48.5,48.7,236550,15824475
2025-12-26 10:49:00+05:30,48.85,49.15,47.55,49.05,438975,15805125
2025-12-26 10:50:00+05:30,49.2,49.3,48.3,48.45,179475,15805125
2025-12-26 10:51:00+05:30,48.55,48.6,47.5,47.65,365400,15805125
2025-12-26 10:52:00+05:30,47.65,48.8,47.55,48.8,221850,15765225
2025-12-26 10:53:00+05:30,49.25,50.4,48.6,49.55,576375,15765225
2025-12-26 10:54:00+05:30,49.55,49.95,48.75,49.3,235275,15765225
2025-12-26 10:55:00+05:30,49.2,49.25,48.0,48.5,241500,15650025
2025-12-26 10:56:00+05:30,48.45,48.45,46.15,47.6,1026675,15650025
2025-12-26 10:57:00+05:30,47.8,48.1,47.25,47.65,250875,15650025
2025-12-26 10:58:00+05:30,47.45,50.05,47.45,49.8,567825,15621750
2025-12-26 10:59:00+05:30,49.9,51.3,49.0,49.2,783675,15621750
2025-12-26 11:00:00+05:30,49.15,49.4,47.8,48.05,378450,15621750
2025-12-26 11:01:00+05:30,47.95,50.85,47.95,50.7,500175,15578625
2025-12-26 11:02:00+05:30,50.6,50.6,48.0,48.45,424875,15578625
2025-12-26 11:03:00+05:30,48.8,49.65,48.4,49.2,305400,15578625
2025-12-26 11:04:00+05:30,49.15,49.4,48.5,48.75,219600,15607125
2025-12-26 11:05:00+05:30,48.7,48.75,47.0,47.0,601500,15607125
2025-12-26 11:06:00+05:30,47.15,47.8,46.3,46.4,829950,15607125
2025-12-26 11:07:00+05:30,46.25,46.6,44.6,44.6,1654875,16410000
2025-12-26 11:08:00+05:30,44.0,44.7,42.9,43.15,1515750,16410000
2025-12-26 11:09:00+05:30,43.55,44.15,41.8,41.95,934800,16410000
2025-12-26 11:10:00+05:30,42.45,43.3,42.15,43.1,787275,16828200
2025-12-26 11:11:00+05:30,43.1,43.15,41.5,41.7,577650,16828200
2025-12-26 11:12:00+05:30,41.7,41.7,40.15,40.4,2147100,16828200
2025-12-26 11:13:00+05:30,40.29,40.6,39.79,40.5,1774875,16479900
2025-12-26 11:14:00+05:30,40.6,42.15,40.6,41.45,689325,16479900
2025-12-26 11:15:00+05:30,41.6,41.85,40.45,40.65,585750,16479900
2025-12-26 11:16:00+05:30,40.65,41.0,40.0,40.2,690000,16546950
2025-12-26 11:17:00+05:30,40.29,40.9,40.04,40.35,454275,16546950
2025-12-26 11:18:00+05:30,40.29,40.95,40.04,40.35,695850,16546950
2025-12-26 11:19:00+05:30,40.45,40.5,39.6,40.04,1152000,16378275
2025-12-26 11:20:00+05:30,40.04,40.4,39.2,40.0,796050,16378275
2025-12-26 11:21:00+05:30,40.15,40.25,39.95,40.0,341025,16378275
2025-12-26 11:22:00+05:30,40.0,40.25,39.75,39.9,298200,16223625
2025-12-26 11:23:00+05:30,39.75,40.0,38.65,39.1,624300,16223625
2025-12-26 11:24:00+05:30,39.1,40.15,38.9,39.85,444075,16223625
2025-12-26 11:25:00+05:30,39.85,40.1,39.5,39.85,373650,16268475
2025-12-26 11:26:00+05:30,40.0,40.45,39.75,39.75,595350,16268475
2025-12-26 11:27:00+05:30,40.04,40.29,39.75,40.04,265725,16268475
2025-12-26 11:28:00+05:30,40.15,40.29,39.75,39.95,220875,16310925
2025-12-26 11:29:00+05:30,39.85,40.4,39.75,40.29,221250,16310925
2025-12-26 11:30:00+05:30,40.1,40.5,39.29,39.65,329400,16310925
2025-12-26 11:31:00+05:30,39.65,39.75,39.0,39.6,306675,16350000
2025-12-26 11:32:00+05:30,39.4,39.4,37.79,37.85,672675,16350000
2025-12-26 11:33:00+05:30,37.6,39.29,37.29,39.25,754275,16350000
2025-12-26 11:34:00+05:30,39.2,39.5,38.2,38.85,494700,16374300
2025-12-26 11:35:00+05:30,38.79,38.79,37.95,38.35,554250,16374300
2025-12-26 11:36:00+05:30,38.2,38.95,37.85,38.75,398700,16374300
2025-12-26 11:37:00+05:30,38.7,38.95,38.1,38.85,314100,16433550
2025-12-26 11:38:00+05:30,38.85,38.85,38.0,38.45,203775,16433550
2025-12-26 11:39:00+05:30,38.4,38.75,38.25,38.25,229650,16433550
2025-12-26 11:40:00+05:30,38.25,38.95,37.79,38.2,403725,16451700
2025-12-26 11:41:00+05:30,38.0,38.25,37.9,38.2,268950,16451700
2025-12-26 11:42:00+05:30,38.15,38.5,37.7,38.35,305475,16451700
2025-12-26 11:43:00+05:30,38.4,38.5,37.65,37.65,286650,16546275
2025-12-26 11:44:00+05:30,37.54,38.7,37.54,38.65,368850,16546275
2025-12-26 11:45:00+05:30,38.5,38.65,38.25,38.5,153300,16546275
2025-12-26 11:46:00+05:30,38.4,38.65,37.79,38.4,252450,16563825
2025-12-26 11:47:00+05:30,38.29,38.35,38.0,38.1,182550,16563825
2025-12-26 11:48:00+05:30,38.1,38.4,37.9,38.15,181875,16563825
2025-12-26 11:49:00+05:30,38.1,38.65,38.1,38.5,206250,16543275
2025-12-26 11:50:00+05:30,38.54,38.9,38.2,38.7,254850,16543275
2025-12-26 11:51:00+05:30,38.65,39.15,38.65,39.0,324525,16543275
2025-12-26 11:52:00+05:30,38.9,39.25,38.7,38.7,293700,16520700
2025-12-26 11:53:00+05:30,38.6,38.85,37.9,38.75,357975,16520700
2025-12-26 11:54:00+05:30,38.85,39.1,38.7,39.0,180750,16520700
2025-12-26 11:55:00+05:30,38.9,39.2,38.65,39.04,226650,16614900
2025-12-26 11:56:00+05:30,39.25,39.4,38.79,39.4,458475,16614900
2025-12-26 11:57:00+05:30,39.45,39.65,39.1,39.65,535425,16614900
2025-12-26 11:58:00+05:30,39.7,39.85,38.95,39.2,555150,16323750
2025-12-26 11:59:00+05:30,39.04,39.4,38.9,38.9,243225,16323750
2025-12-26 12:00:00+05:30,38.9,39.5,38.45,38.5,359325,16323750
2025-12-26 12:01:00+05:30,38.54,39.2,38.2,38.2,261525,16206750
2025-12-26 12:02:00+05:30,38.15,38.9,38.15,38.79,247200,16206750
2025-12-26 12:03:00+05:30,38.75,39.2,38.45,38.85,171075,16206750
2025-12-26 12:04:00+05:30,38.9,38.9,37.7,38.0,374025,16324125
2025-12-26 12:05:00+05:30,38.04,38.65,36.54,38.29,837975,16324125
2025-12-26 12:06:00+05:30,38.35,38.79,37.04,37.75,410475,16324125
2025-12-26 12:07:00+05:30,37.7,38.4,37.35,38.29,188250,16324125
2025-12-26 12:08:00+05:30,38.04,38.1,37.54,37.79,168600,16238100
2025-12-26 12:09:00+05:30,38.0,38.35,37.79,38.1,182850,16238100
2025-12-26 12:10:00+05:30,38.1,38.65,37.79,37.95,308475,16238100
2025-12-26 12:11:00+05:30,37.79,38.25,37.75,38.2,166500,16108950
2025-12-26 12:12:00+05:30,37.95,38.85,37.95,38.7,196275,16108950
2025-12-26 12:13:00+05:30,38.75,39.04,38.1,39.0,262800,16108950
2025-12-26 12:14:00+05:30,39.0,39.54,38.79,39.4,355875,16121775
2025-12-26 12:15:00+05:30,39.2,39.4,38.54,38.95,407700,16121775
2025-12-26 12:16:00+05:30,39.2,39.4,38.79,39.0,191325,16121775
2025-12-26 12:17:00+05:30,39.0,39.04,38.1,38.25,182025,16142775
2025-12-26 12:18:00+05:30,38.2,39.25,38.2,39.2,227475,16142775
2025-12-26 12:19:00+05:30,39.04,39.75,38.65,39.45,314175,16142775
2025-12-26 12:20:00+05:30,39.6,39.6,38.75,38.85,161175,16056150
2025-12-26 12:21:00+05:30,38.79,38.79,37.65,37.85,461475,16056150
2025-12-26 12:22:00+05:30,37.7,38.15,34.2,34.54,1412100,16056150
2025-12-26 12:23:00+05:30,34.54,36.79,34.54,36.79,999450,16136700
2025-12-26 12:24:00+05:30,36.9,37.4,36.65,36.65,520500,16136700
2025-12-26 12:25:00+05:30,37.0,37.5,36.79,37.15,297675,16136700
2025-12-26 12:26:00+05:30,37.15,38.9,37.15,38.4,482025,16092225
2025-12-26 12:27:00+05:30,38.2,38.54,37.79,37.79,231375,16092225
2025-12-26 12:28:00+05:30,37.9,38.0,36.79,36.79,266400,16092225
2025-12-26 12:29:00+05:30,37.0,37.6,37.0,37.04,218550,16106700
2025-12-26 12:30:00+05:30,37.15,37.15,35.6,35.65,398025,16106700
2025-12-26 12:31:00+05:30,35.7,35.7,34.6,34.7,669525,16106700
2025-12-26 12:32:00+05:30,34.6,34.6,32.75,33.6,1158975,16212825
2025-12-26 12:33:00+05:30,33.6,34.15,31.85,32.5,1223400,16212825
2025-12-26 12:34:00+05:30,32.7,33.7,32.7,33.65,819000,16212825
2025-12-26 12:35:00+05:30,33.6,33.65,32.79,32.85,498300,15945375
2025-12-26 12:36:00+05:30,32.75,33.2,32.04,32.04,535200,15945375
2025-12-26 12:37:00+05:30,32.0,33.04,32.0,32.75,552300,15945375
2025-12-26 12:38:00+05:30,32.6,32.85,32.15,32.75,435000,15885900
2025-12-26 12:39:00+05:30,32.6,32.85,32.35,32.65,403125,15885900
2025-12-26 12:40:00+05:30,32.54,32.95,32.35,32.54,355575,15885900
2025-12-26 12:41:00+05:30,32.4,32.54,31.2,31.65,816150,15888000
2025-12-26 12:42:00+05:30,31.55,31.9,30.85,31.55,783450,15888000
2025-12-26 12:43:00+05:30,31.5,32.0,31.5,31.95,414900,15888000
2025-12-26 12:44:00+05:30,31.85,31.9,31.5,31.6,220875,15587325
2025-12-26 12:45:00+05:30,31.7,31.85,31.15,31.8,367875,15587325
2025-12-26 12:46:00+05:30,31.7,32.15,31.55,32.15,332400,15587325
2025-12-26 12:47:00+05:30,32.04,32.15,31.7,31.9,238575,15553125
2025-12-26 12:48:00+05:30,31.85,32.0,31.5,31.7,177450,15553125
2025-12-26 12:49:00+05:30,31.65,32.15,31.65,31.8,278475,15553125
2025-12-26 12:50:00+05:30,31.8,31.85,31.5,31.6,293325,15550650
2025-12-26 12:51:00+05:30,31.65,31.75,31.25,31.65,246450,15550650
2025-12-26 12:52:00+05:30,31.85,32.04,31.6,31.9,226350,15550650
2025-12-26 12:53:00+05:30,31.85,32.35,31.85,32.25,508725,15464700
2025-12-26 12:54:00+05:30,32.15,32.25,31.8,32.15,161400,15464700
2025-12-26 12:55:00+05:30,32.2,32.2,32.0,32.1,156600,15464700
2025-12-26 12:56:00+05:30,32.04,32.2,31.95,32.15,135450,15632775
2025-12-26 12:57:00+05:30,32.0,32.1,31.7,32.0,204900,15632775
2025-12-26 12:58:00+05:30,31.8,31.95,31.7,31.85,119025,15632775
2025-12-26 12:59:00+05:30,31.95,32.0,31.75,31.9,162225,15655350
2025-12-26 13:00:00+05:30,31.9,32.04,31.45,31.5,239700,15655350
2025-12-26 13:01:00+05:30,31.3,32.25,31.3,31.85,328125,15655350
2025-12-26 13:02:00+05:30,31.8,31.8,31.0,31.25,404625,15676050
2025-12-26 13:03:00+05:30,31.3,31.85,30.9,30.95,399675,15676050
2025-12-26 13:04:00+05:30,31.1,31.35,30.45,31.2,381675,15676050
2025-12-26 13:05:00+05:30,31.15,31.25,30.85,30.85,228600,15707325
2025-12-26 13:06:00+05:30,30.8,31.2,29.75,31.0,654375,15707325
2025-12-26 13:07:00+05:30,30.9,31.5,30.75,31.4,378900,15707325
2025-12-26 13:08:00+05:30,31.25,31.5,31.0,31.25,187425,15667875
2025-12-26 13:09:00+05:30,31.3,31.3,30.7,31.1,164550,15667875
2025-12-26 13:10:00+05:30,31.05,31.55,31.0,31.25,231075,15667875
2025-12-26 13:11:00+05:30,31.35,31.5,30.85,31.5,238350,15634875
2025-12-26 13:12:00+05:30,31.5,31.5,31.05,31.15,144900,15634875
2025-12-26 13:13:00+05:30,31.2,31.55,30.8,30.95,176625,15634875
2025-12-26 13:14:00+05:30,30.95,31.95,30.9,31.7,339225,15736500
2025-12-26 13:15:00+05:30,31.75,32.2,31.4,32.15,423975,15736500
2025-12-26 13:16:00+05:30,32.29,32.45,31.65,31.65,411900,15736500
2025-12-26 13:17:00+05:30,31.7,32.1,31.65,31.65,276075,15777750
2025-12-26 13:18:00+05:30,31.5,31.75,31.0,31.15,322950,15777750
2025-12-26 13:19:00+05:30,31.1,32.1,31.05,32.0,271875,15777750
2025-12-26 13:20:00+05:30,32.0,32.1,31.65,31.9,195150,15719700
2025-12-26 13:21:00+05:30,31.9,32.6,31.9,32.6,303600,15719700
2025-12-26 13:22:00+05:30,32.29,32.65,32.1,32.29,294150,15719700
2025-12-26 13:23:00+05:30,32.29,32.4,31.8,32.2,241275,15699675
2025-12-26 13:24:00+05:30,32.25,32.29,31.6,31.95,181275,15699675
2025-12-26 13:25:00+05:30,31.85,32.25,31.75,32.1,178350,15699675
2025-12-26 13:26:00+05:30,32.15,32.2,31.7,31.9,160575,15665475
2025-12-26 13:27:00+05:30,31.8,32.35,31.65,32.2,192075,15665475
2025-12-26 13:28:00+05:30,32.25,33.35,32.25,33.2,593850,15665475
2025-12-26 13:29:00+05:30,33.35,33.75,32.95,33.35,536850,15550425
2025-12-26 13:30:00+05:30,33.0,33.5,32.9,33.29,439875,15550425
2025-12-26 13:31:00+05:30,33.4,33.45,32.75,33.35,351975,15550425
2025-12-26 13:32:00+05:30,33.29,33.6,32.85,33.04,225675,15462600
2025-12-26 13:33:00+05:30,33.15,33.25,32.54,32.54,271800,15462600
2025-12-26 13:34:00+05:30,32.5,32.65,32.15,32.29,236325,15462600
2025-12-26 13:35:00+05:30,32.45,32.45,31.7,32.35,325200,15452775
2025-12-26 13:36:00+05:30,32.2,32.6,32.0,32.1,137250,15452775
2025-12-26 13:37:00+05:30,32.2,32.6,32.1,32.1,139575,15452775
2025-12-26 13:38:00+05:30,31.85,33.25,31.85,33.25,323700,15405525
2025-12-26 13:39:00+05:30,33.2,33.35,32.75,33.1,240975,15405525
2025-12-26 13:40:00+05:30,32.95,33.1,32.1,32.35,233475,15405525
2025-12-26 13:41:00+05:30,32.35,33.04,32.2,33.0,204600,15379200
2025-12-26 13:42:00+05:30,32.95,33.2,32.29,32.7,108000,15379200
2025-12-26 13:43:00+05:30,32.45,33.1,32.45,33.1,120375,15379200
2025-12-26 13:44:00+05:30,32.95,33.25,32.9,32.95,233550,15327900
2025-12-26 13:45:00+05:30,32.95,33.79,32.9,33.4,327150,15327900
2025-12-26 13:46:00+05:30,33.4,33.54,32.2,32.54,353250,15327900
2025-12-26 13:47:00+05:30,32.5,32.7,32.29,32.35,226950,15391950
2025-12-26 13:48:00+05:30,32.45,33.35,32.29,32.9,211575,15391950
2025-12-26 13:49:00+05:30,32.85,33.25,32.7,33.0,122325,15391950
2025-12-26 13:50:00+05:30,32.9,33.1,32.5,32.5,102075,15381225
2025-12-26 13:51:00+05:30,32.54,32.54,31.95,32.35,266250,15381225
2025-12-26 13:52:00+05:30,32.35,32.45,31.4,32.15,285675,15381225
2025-12-26 13:53:00+05:30,32.04,32.45,31.4,31.4,210300,15366375
2025-12-26 13:54:00+05:30,30.7,30.7,29.55,30.65,857025,15366375
2025-12-26 13:55:00+05:30,30.75,30.95,30.4,30.4,425400,15366375
2025-12-26 13:56:00+05:30,30.6,31.2,30.55,31.1,213900,15365475
2025-12-26 13:57:00+05:30,31.1,32.5,30.9,32.15,441000,15365475
2025-12-26 13:58:00+05:30,32.25,32.54,31.85,32.25,214125,15365475
2025-12-26 13:59:00+05:30,32.2,32.6,32.15,32.4,181275,15387825
2025-12-26 14:00:00+05:30,32.5,33.4,32.29,32.4,434400,15387825
2025-12-26 14:01:00+05:30,32.45,32.85,32.15,32.85,169125,15387825
2025-12-26 14:02:00+05:30,32.65,32.85,32.5,32.75,125850,15380625
2025-12-26 14:03:00+05:30,32.7,32.95,32.5,32.5,187500,15380625
2025-12-26 14:04:00+05:30,32.25,33.35,32.25,33.04,259575,15380625
2025-12-26 14:05:00+05:30,32.95,32.95,32.04,32.4,299625,15423225
2025-12-26 14:06:00+05:30,32.29,32.4,31.55,32.29,264825,15423225
2025-12-26 14:07:00+05:30,32.15,32.45,31.1,31.9,355575,15423225
2025-12-26 14:08:00+05:30,32.04,32.04,31.25,31.25,168600,15430950
2025-12-26 14:09:00+05:30,31.3,31.3,30.15,30.7,475050,15430950
2025-12-26 14:10:00+05:30,30.8,30.8,28.55,29.65,1011825,15430950
2025-12-26 14:11:00+05:30,29.6,30.5,29.6,30.4,346950,15407175
2025-12-26 14:12:00+05:30,30.5,30.95,30.5,30.7,216300,15407175
2025-12-26 14:13:00+05:30,30.8,30.95,30.25,30.6,195300,15407175
2025-12-26 14:14:00+05:30,30.65,31.85,30.65,31.85,281100,15343875
2025-12-26 14:15:00+05:30,31.65,31.75,30.8,30.8,330975,15343875
2025-12-26 14:16:00+05:30,30.85,31.0,30.4,30.4,219075,15343875
2025-12-26 14:17:00+05:30,30.4,30.55,29.6,29.95,379425,15382050
2025-12-26 14:18:00+05:30,29.75,29.75,27.7,28.15,876900,15382050
2025-12-26 14:19:00+05:30,28.25,28.65,28.25,28.6,509850,15382050
2025-12-26 14:20:00+05:30,28.55,28.7,28.05,28.2,642300,15211200
2025-12-26 14:21:00+05:30,28.15,28.15,27.2,27.95,871650,15211200
2025-12-26 14:22:00+05:30,28.0,28.25,27.8,28.0,328050,15211200
2025-12-26 14:23:00+05:30,28.0,28.2,27.5,27.8,359475,15065250
2025-12-26 14:24:00+05:30,27.8,27.95,27.65,27.85,212100,15065250
2025-12-26 14:25:00+05:30,27.7,27.95,27.6,27.85,472425,15065250
2025-12-26 14:26:00+05:30,27.75,27.95,27.55,27.85,390300,15246525
2025-12-26 14:27:00+05:30,28.0,28.5,27.9,28.45,410400,15246525
2025-12-26 14:28:00+05:30,28.5,28.7,28.2,28.3,289125,15246525
2025-12-26 14:29:00+05:30,28.35,29.15,28.25,29.1,374925,15274650
2025-12-26 14:30:00+05:30,28.8,29.1,28.5,29.1,384675,15274650
2025-12-26 14:31:00+05:30,29.2,29.2,28.35,28.45,242025,15274650
2025-12-26 14:32:00+05:30,28.45,28.85,28.3,28.65,169200,15309225
2025-12-26 14:33:00+05:30,28.75,28.8,28.05,28.05,378075,15309225
2025-12-26 14:34:00+05:30,28.1,28.5,27.9,28.5,357525,15309225
2025-12-26 14:35:00+05:30,28.4,28.6,28.0,28.0,220950,15199725
2025-12-26 14:36:00+05:30,28.15,28.9,28.0,28.65,212925,15199725
2025-12-26 14:37:00+05:30,28.6,28.95,28.6,28.9,219000,15199725
2025-12-26 14:38:00+05:30,28.9,29.0,28.7,28.85,203175,15193800
2025-12-26 14:39:00+05:30,28.75,29.0,28.4,28.6,165075,15193800
2025-12-26 14:40:00+05:30,28.6,28.8,28.25,28.35,173100,15193800
2025-12-26 14:41:00+05:30,28.25,28.7,28.1,28.6,167475,15187875
2025-12-26 14:42:00+05:30,28.5,28.8,28.5,28.5,231225,15187875
2025-12-26 14:43:00+05:30,28.3,28.65,28.25,28.4,157875,15187875
2025-12-26 14:44:00+05:30,28.45,28.7,28.4,28.6,237600,15075750
2025-12-26 14:45:00+05:30,29.05,29.4,28.7,29.4,538200,15075750
2025-12-26 14:46:00+05:30,29.45,29.6,28.65,28.9,340050,15075750
2025-12-26 14:47:00+05:30,28.95,28.95,28.35,28.6,427950,15014025
2025-12-26 14:48:00+05:30,28.65,28.9,28.4,28.55,119850,15014025
2025-12-26 14:49:00+05:30,28.5,28.5,27.7,27.95,329175,15014025
2025-12-26 14:50:00+05:30,28.05,28.5,27.9,28.4,294150,14908275
2025-12-26 14:51:00+05:30,28.35,28.7,28.35,28.65,221400,14908275
2025-12-26 14:52:00+05:30,28.45,29.2,28.45,29.1,330600,14908275
2025-12-26 14:53:00+05:30,28.95,29.3,28.9,29.25,242250,14797350
2025-12-26 14:54:00+05:30,29.15,29.3,28.7,29.0,282600,14797350
2025-12-26 14:55:00+05:30,29.05,29.35,28.95,29.3,233250,14797350
2025-12-26 14:56:00+05:30,29.2,29.6,29.2,29.45,291675,14623950
2025-12-26 14:57:00+05:30,29.6,30.15,29.6,30.0,376575,14623950
2025-12-26 14:58:00+05:30,30.0,30.5,29.55,30.4,581400,14623950
2025-12-26 14:59:00+05:30,30.5,33.2,30.5,33.2,1089075,14407650
2025-12-26 15:00:00+05:30,33.2,33.2,31.75,32.35,1026300,14407650
2025-12-26 15:01:00+05:30,32.1,32.6,31.45,32.5,760275,14407650
2025-12-26 15:02:00+05:30,32.45,33.4,31.85,32.75,864000,14087700
2025-12-26 15:03:00+05:30,32.45,32.9,32.29,32.75,724500,14087700
2025-12-26 15:04:00+05:30,32.85,33.0,32.5,32.79,511050,14087700
2025-12-26 15:05:00+05:30,32.75,33.35,32.7,32.85,793500,13797375
2025-12-26 15:06:00+05:30,32.75,33.0,32.6,33.0,339075,13797375
2025-12-26 15:07:00+05:30,32.95,33.2,31.7,32.04,745950,13797375
2025-12-26 15:08:00+05:30,31.75,32.65,31.75,32.5,471825,13470225
2025-12-26 15:09:00+05:30,32.5,33.1,32.29,33.1,555900,13470225
2025-12-26 15:10:00+05:30,33.15,33.15,32.45,32.7,536325,13470225
2025-12-26 15:11:00+05:30,32.79,32.95,32.54,32.85,420825,13130625
2025-12-26 15:12:00+05:30,32.85,33.15,32.7,33.1,490425,13130625
2025-12-26 15:13:00+05:30,33.04,33.04,31.9,31.95,613050,13130625
2025-12-26 15:14:00+05:30,31.95,33.0,31.95,33.0,617475,12676575
2025-12-26 15:15:00+05:30,33.0,33.1,31.35,31.7,1029975,12676575
2025-12-26 15:16:00+05:30,31.85,31.9,31.15,31.9,625800,12676575
2025-12-26 15:17:00+05:30,31.75,31.9,31.35,31.55,387300,12204750
2025-12-26 15:18:00+05:30,31.45,31.8,30.95,31.55,571950,12204750
2025-12-26 15:19:00+05:30,31.65,32.45,31.65,32.45,513900,12204750
2025-12-26 15:20:00+05:30,32.6,33.15,32.4,32.85,1045275,11658000
2025-12-26 15:21:00+05:30,32.79,33.2,32.75,32.95,599700,11658000
2025-12-26 15:22:00+05:30,32.95,33.04,32.35,32.5,637800,11658000
2025-12-26 15:23:00+05:30,32.65,32.75,32.29,32.29,487125,11186550
2025-12-26 15:24:00+05:30,32.2,32.95,32.2,32.95,519375,11186550
2025-12-26 15:25:00+05:30,33.1,33.29,32.95,33.2,847125,11186550
2025-12-26 15:26:00+05:30,33.29,33.35,32.9,33.2,567825,10721325
2025-12-26 15:27:00+05:30,33.29,33.29,32.9,33.0,585075,10721325
2025-12-26 15:28:00+05:30,33.2,33.2,32.75,32.9,905625,10721325
2025-12-26 15:29:00+05:30,33.04,33.04,31.8,32.2,1068975,10721325
2025-12-29 09:15:00+05:30,33.35,33.35,24.8,30.0,3087000,9760575
2025-12-29 09:16:00+05:30,29.4,29.4,26.45,27.45,3056625,10402650
2025-12-29 09:17:00+05:30,26.45,26.75,23.75,24.1,2587275,10402650
2025-12-29 09:18:00+05:30,24.6,27.0,24.3,26.1,1930875,10402650
2025-12-29 09:19:00+05:30,26.1,27.05,23.9,23.9,1314450,11489025
2025-12-29 09:20:00+05:30,24.5,25.4,22.95,23.55,1498275,11489025
2025-12-29 09:21:00+05:30,23.8,25.2,23.45,23.5,1213650,11489025
2025-12-29 09:22:00+05:30,23.35,24.75,23.35,24.2,959550,12137100
2025-12-29 09:23:00+05:30,24.3,26.3,24.15,26.05,1146750,12137100
2025-12-29 09:24:00+05:30,26.0,26.85,24.45,25.65,1253400,12137100
2025-12-29 09:25:00+05:30,25.45,25.45,24.15,24.55,923775,12439425
2025-12-29 09:26:00+05:30,24.6,26.05,23.85,25.7,1025550,12439425
2025-12-29 09:27:00+05:30,25.6,25.6,24.05,24.05,667800,12439425
2025-12-29 09:28:00+05:30,24.0,26.6,24.0,26.25,1359750,12827925
2025-12-29 09:29:00+05:30,26.3,26.7,24.1,24.55,1231800,12827925
2025-12-29 09:30:00+05:30,24.3,25.95,24.1,25.55,1240725,12827925
2025-12-29 09:31:00+05:30,25.5,26.3,25.0,25.5,790125,13039350
2025-12-29 09:32:00+05:30,25.3,28.5,25.05,28.2,1066200,13039350
2025-12-29 09:33:00+05:30,28.2,30.1,28.1,30.0,2669625,13039350
2025-12-29 09:34:00+05:30,29.75,31.55,29.3,31.55,2113800,12888225
2025-12-29 09:35:00+05:30,31.55,33.04,30.6,31.1,3263850,12888225
2025-12-29 09:36:00+05:30,30.65,32.2,30.6,31.7,2554350,12888225
2025-12-29 09:37:00+05:30,31.65,31.75,30.15,30.45,1518150,13257300
2025-12-29 09:38:00+05:30,30.35,30.55,29.2,29.45,1147875,13257300
2025-12-29 09:39:00+05:30,29.4,31.05,29.25,31.05,892275,13257300
2025-12-29 09:40:00+05:30,30.85,31.2,29.65,29.7,869775,13595550
2025-12-29 09:41:00+05:30,29.7,30.5,28.95,29.85,1046925,13595550
2025-12-29 09:42:00+05:30,29.8,30.3,28.95,29.55,758475,13595550
2025-12-29 09:43:00+05:30,29.3,29.85,28.4,29.65,901275,14037825
2025-12-29 09:44:00+05:30,29.8,30.8,29.65,29.85,1143375,14037825
2025-12-29 09:45:00+05:30,29.65,30.65,29.6,29.7,1018350,14037825
2025-12-29 09:46:00+05:30,29.95,30.7,28.55,28.55,1128525,14488950
2025-12-29 09:47:00+05:30,28.35,28.9,27.75,28.1,1269300,14488950
2025-12-29 09:48:00+05:30,27.9,29.4,27.6,29.05,1180050,14488950
2025-12-29 09:49:00+05:30,28.7,29.3,27.95,28.0,1016400,14643000
2025-12-29 09:50:00+05:30,28.0,28.15,27.05,27.75,1579650,14643000
2025-12-29 09:51:00+05:30,27.65,27.85,26.7,27.35,1023900,14643000
2025-12-29 09:52:00+05:30,27.3,27.45,26.15,26.55,1078200,14663550
2025-12-29 09:53:00+05:30,26.8,27.65,25.6,25.6,1090350,14663550
2025-12-29 09:54:00+05:30,25.65,25.65,21.5,22.2,3516150,14663550
2025-12-29 09:55:00+05:30,22.0,22.0,19.5,20.5,3391950,14760825
2025-12-29 09:56:00+05:30,20.5,20.75,19.3,19.75,1476000,14760825
2025-12-29 09:57:00+05:30,19.55,20.35,19.0,19.2,1536000,14760825
2025-12-29 09:58:00+05:30,19.39,19.64,16.75,17.05,2298150,14924100
2025-12-29 09:59:00+05:30,16.89,17.1,15.5,15.8,2715750,14924100
2025-12-29 10:00:00+05:30,15.85,15.95,15.4,15.55,1883550,14924100
2025-12-29 10:01:00+05:30,15.6,16.64,15.3,16.14,1408800,14421600
2025-12-29 10:02:00+05:30,16.05,16.64,15.9,16.05,832275,14421600
2025-12-29 10:03:00+05:30,16.05,16.3,15.7,15.75,715800,14421600
2025-12-29 10:04:00+05:30,15.7,16.0,15.15,15.25,894975,14544525
2025-12-29 10:05:00+05:30,14.9,16.0,14.75,16.0,1256400,14544525
2025-12-29 10:06:00+05:30,16.1,16.14,15.6,16.05,662475,14544525
2025-12-29 10:07:00+05:30,16.14,16.14,15.7,15.8,670425,14653275
2025-12-29 10:08:00+05:30,15.7,16.05,15.6,15.85,485250,14653275
2025-12-29 10:09:00+05:30,15.8,16.0,15.55,16.0,471000,14653275
2025-12-29 10:10:00+05:30,16.0,16.3,15.85,15.9,413400,14772225
2025-12-29 10:11:00+05:30,15.9,16.35,15.8,15.95,514275,14772225
2025-12-29 10:12:00+05:30,15.95,16.14,15.8,16.1,308250,14772225
2025-12-29 10:13:00+05:30,16.05,16.05,15.65,16.0,321300,15038325
2025-12-29 10:14:00+05:30,15.9,16.1,15.4,15.95,506850,15038325
2025-12-29 10:15:00+05:30,15.7,15.75,15.15,15.2,566175,15038325
2025-12-29 10:16:00+05:30,15.2,15.7,15.0,15.1,649125,15153075
2025-12-29 10:17:00+05:30,15.0,15.45,14.9,15.0,549825,15153075
2025-12-29 10:18:00+05:30,15.0,15.05,13.8,14.85,1186575,15153075
2025-12-29 10:19:00+05:30,14.8,15.0,14.1,14.2,596475,15156150
2025-12-29 10:20:00+05:30,14.1,14.35,13.5,14.2,1137150,15156150
2025-12-29 10:21:00+05:30,14.2,14.6,14.05,14.15,492675,15156150
2025-12-29 10:22:00+05:30,14.15,14.9,14.15,14.75,398925,15287550
2025-12-29 10:23:00+05:30,14.65,14.85,14.35,14.55,564825,15287550
2025-12-29 10:24:00+05:30,14.5,15.15,14.5,15.15,399900,15287550
2025-12-29 10:25:00+05:30,15.1,15.25,14.65,14.75,707925,15375900
2025-12-29 10:26:00+05:30,14.7,14.9,14.45,14.7,360750,15375900
2025-12-29 10:27:00+05:30,14.65,14.85,14.55,14.65,272250,15375900
2025-12-29 10:28:00+05:30,14.5,14.75,14.25,14.4,359025,15386400
2025-12-29 10:29:00+05:30,14.4,14.55,14.15,14.2,289050,15386400
2025-12-29 10:30:00+05:30,14.1,14.15,13.75,13.75,785775,15386400
2025-12-29 10:31:00+05:30,13.6,14.3,13.5,13.5,642000,15259500
2025-12-29 10:32:00+05:30,13.35,13.55,12.8,12.9,1224150,15259500
2025-12-29 10:33:00+05:30,12.9,13.3,12.6,13.15,746700,15259500
2025-12-29 10:34:00+05:30,13.2,13.25,12.85,13.1,496425,15204075
2025-12-29 10:35:00+05:30,13.0,13.15,12.85,13.15,324450,15204075
2025-12-29 10:36:00+05:30,13.15,13.25,13.05,13.15,409950,15204075
2025-12-29 10:37:00+05:30,13.15,13.4,12.9,13.1,396075,15227475
2025-12-29 10:38:00+05:30,12.95,13.05,12.55,13.05,552300,15227475
2025-12-29 10:39:00+05:30,13.1,13.45,13.0,13.1,366150,15227475
2025-12-29 10:40:00+05:30,13.1,13.1,12.2,12.35,502125,15299775
2025-12-29 10:41:00+05:30,12.75,12.85,12.4,12.55,518250,15299775
2025-12-29 10:42:00+05:30,12.45,12.45,11.05,11.2,1602300,15299775
2025-12-29 10:43:00+05:30,11.25,12.05,11.0,11.95,1296750,15014850
2025-12-29 10:44:00+05:30,11.75,12.0,11.7,11.8,620700,15014850
2025-12-29 10:45:00+05:30,11.85,12.1,11.8,12.0,751350,15014850
2025-12-29 10:46:00+05:30,11.9,11.95,11.55,11.6,743475,14960325
2025-12-29 10:47:00+05:30,11.6,11.9,11.55,11.85,736200,14960325
2025-12-29 10:48:00+05:30,11.9,12.05,11.9,11.9,328500,14960325
2025-12-29 10:49:00+05:30,11.9,12.0,11.8,12.0,439125,15031275
2025-12-29 10:50:00+05:30,11.9,12.0,11.7,11.75,385200,15031275
2025-12-29 10:51:00+05:30,11.75,12.1,11.7,12.05,593775,15031275
2025-12-29 10:52:00+05:30,12.1,12.15,12.0,12.15,517125,15213750
2025-12-29 10:53:00+05:30,12.1,12.2,11.95,12.0,454650,15213750
2025-12-29 10:54:00+05:30,11.9,12.05,11.9,11.95,496500,15213750
2025-12-29 10:55:00+05:30,11.95,12.0,11.9,12.0,300975,15509250
2025-12-29 10:56:00+05:30,11.95,12.05,11.85,12.05,268425,15509250
2025-12-29 10:57:00+05:30,12.15,12.15,11.85,11.9,367725,15509250
2025-12-29 10:58:00+05:30,11.9,11.95,11.8,11.9,260250,15465975
2025-12-29 10:59:00+05:30,11.9,11.95,11.65,11.65,313200,15465975
2025-12-29 11:00:00+05:30,11.7,11.85,11.6,11.7,404850,15465975
2025-12-29 11:01:00+05:30,11.65,11.8,11.6,11.7,476250,15519675
2025-12-29 11:02:00+05:30,11.8,11.8,11.05,11.05,846450,15519675
2025-12-29 11:03:00+05:30,11.0,11.2,10.05,10.45,2128875,15519675
2025-12-29 11:04:00+05:30,10.5,10.65,10.35,10.4,1137600,15292050
2025-12-29 11:05:00+05:30,10.4,10.55,10.3,10.45,1025700,15292050
2025-12-29 11:06:00+05:30,10.4,10.5,10.15,10.3,1027575,15292050
2025-12-29 11:07:00+05:30,10.3,10.4,10.0,10.35,986925,15073125
2025-12-29 11:08:00+05:30,10.4,10.65,10.35,10.55,843300,15073125
2025-12-29 11:09:00+05:30,10.5,10.8,10.5,10.7,676350,15073125
2025-12-29 11:10:00+05:30,10.75,10.8,10.55,10.65,502500,14863125
2025-12-29 11:11:00+05:30,10.55,10.65,10.35,10.55,391650,14863125
2025-12-29 11:12:00+05:30,10.55,10.7,10.4,10.6,389325,14863125
2025-12-29 11:13:00+05:30,10.55,10.75,10.55,10.6,352725,15008250
2025-12-29 11:14:00+05:30,10.55,10.55,10.35,10.4,622650,15008250
2025-12-29 11:15:00+05:30,10.45,10.5,10.3,10.4,399825,15008250
2025-12-29 11:16:00+05:30,10.45,10.55,10.3,10.4,431625,14976825
2025-12-29 11:17:00+05:30,10.4,10.4,10.19,10.25,272925,14976825
2025-12-29 11:18:00+05:30,10.3,10.4,9.85,9.85,673125,14976825
2025-12-29 11:19:00+05:30,9.65,9.94,9.6,9.94,1040700,14977200
2025-12-29 11:20:00+05:30,9.85,9.9,9.69,9.8,461850,14977200
2025-12-29 11:21:00+05:30,9.8,9.9,9.5,9.55,1006350,14977200
2025-12-29 11:22:00+05:30,9.6,9.8,9.55,9.69,837675,15039525
2025-12-29 11:23:00+05:30,9.69,9.69,9.44,9.44,447825,15039525
2025-12-29 11:24:00+05:30,9.35,9.69,9.19,9.6,556425,15039525
2025-12-29 11:25:00+05:30,9.6,9.85,9.6,9.85,344625,15031125
2025-12-29 11:26:00+05:30,9.9,9.94,9.75,9.8,419700,15031125
2025-12-29 11:27:00+05:30,9.8,10.0,9.75,10.0,342225,15031125
2025-12-29 11:28:00+05:30,10.0,10.1,9.9,10.05,393975,15177075
2025-12-29 11:29:00+05:30,10.05,10.1,9.9,9.94,425775,15177075
2025-12-29 11:30:00+05:30,9.94,10.05,9.85,9.9,179250,15177075
2025-12-29 11:31:00+05:30,9.94,10.15,9.9,9.94,219150,15192300
2025-12-29 11:32:00+05:30,9.94,10.0,9.8,9.85,253275,15192300
2025-12-29 11:33:00+05:30,9.9,9.94,9.69,9.94,265125,15192300
2025-12-29 11:34:00+05:30,9.94,10.05,9.9,10.0,315975,15183525
2025-12-29 11:35:00+05:30,10.05,10.05,9.85,10.0,181500,15183525
2025-12-29 11:36:00+05:30,9.94,10.05,9.94,10.0,152475,15183525
2025-12-29 11:37:00+05:30,10.05,10.05,9.9,9.94,196575,15170250
2025-12-29 11:38:00+05:30,9.9,10.0,9.8,9.9,255750,15170250
2025-12-29 11:39:00+05:30,9.94,10.0,9.9,10.0,165300,15170250
2025-12-29 11:40:00+05:30,9.94,10.1,9.9,9.94,257400,15015975
2025-12-29 11:41:00+05:30,9.9,10.1,9.9,10.05,300300,15015975
2025-12-29 11:42:00+05:30,10.1,10.15,9.94,10.0,298050,15015975
2025-12-29 11:43:00+05:30,10.1,10.25,10.1,10.25,224475,14933700
2025-12-29 11:44:00+05:30,10.19,10.25,10.05,10.19,245250,14933700
2025-12-29 11:45:00+05:30,10.19,10.3,10.1,10.19,212775,14933700
2025-12-29 11:46:00+05:30,10.19,10.7,10.19,10.7,503475,15005175
2025-12-29 11:47:00+05:30,10.7,10.85,10.65,10.75,595200,15005175
2025-12-29 11:48:00+05:30,10.8,10.8,10.5,10.65,744825,15005175
2025-12-29 11:49:00+05:30,10.65,10.95,10.6,10.6,683325,15391575
2025-12-29 11:50:00+05:30,10.6,10.75,10.6,10.65,366600,15391575
2025-12-29 11:51:00+05:30,10.65,10.65,10.35,10.35,477225,15391575
2025-12-29 11:52:00+05:30,10.3,10.35,10.0,10.15,559875,15460350
2025-12-29 11:53:00+05:30,10.15,10.4,10.15,10.4,517575,15460350
2025-12-29 11:54:00+05:30,10.45,10.45,10.19,10.3,195525,15460350
2025-12-29 11:55:00+05:30,10.35,10.45,10.19,10.25,209250,15404775
2025-12-29 11:56:00+05:30,10.3,10.4,10.15,10.19,212175,15404775
2025-12-29 11:57:00+05:30,10.19,10.25,10.0,10.1,262575,15404775
2025-12-29 11:58:00+05:30,10.05,10.3,10.05,10.25,275250,15426075
2025-12-29 11:59:00+05:30,10.25,10.3,10.05,10.05,222375,15426075
2025-12-29 12:00:00+05:30,10.1,10.3,10.0,10.3,210000,15426075
2025-12-29 12:01:00+05:30,10.25,10.35,10.15,10.3,161475,15359850
2025-12-29 12:02:00+05:30,10.3,10.3,10.15,10.25,88125,15359850
2025-12-29 12:03:00+05:30,10.19,10.19,9.75,9.75,349275,15359850
2025-12-29 12:04:00+05:30,9.8,9.8,9.5,9.55,386250,15359850
2025-12-29 12:05:00+05:30,9.6,9.65,9.5,9.6,207975,15385650
2025-12-29 12:06:00+05:30,9.55,9.8,9.5,9.6,214050,15385650
2025-12-29 12:07:00+05:30,9.65,9.8,9.6,9.75,108975,15385650
2025-12-29 12:08:00+05:30,9.69,10.15,9.69,10.1,164475,15324300
2025-12-29 12:09:00+05:30,10.0,10.3,10.0,10.25,171375,15324300
2025-12-29 12:10:00+05:30,10.25,10.65,10.19,10.65,292725,15324300
2025-12-29 12:11:00+05:30,10.6,10.65,10.1,10.1,367650,15356100
2025-12-29 12:12:00+05:30,10.19,10.3,10.05,10.1,179100,15356100
2025-12-29 12:13:00+05:30,10.05,10.3,10.05,10.25,161850,15356100
2025-12-29 12:14:00+05:30,10.19,10.25,10.1,10.19,193650,15406800
2025-12-29 12:15:00+05:30,10.19,10.35,10.1,10.3,116550,15406800
2025-12-29 12:16:00+05:30,10.25,10.3,10.05,10.15,213150,15406800
2025-12-29 12:17:00+05:30,10.15,10.19,10.0,10.1,168000,15447450
2025-12-29 12:18:00+05:30,10.15,10.15,9.9,9.9,174375,15447450
2025-12-29 12:19:00+05:30,9.9,9.9,9.65,9.75,202425,15447450
2025-12-29 12:20:00+05:30,9.75,9.75,9.5,9.55,257775,15456900
2025-12-29 12:21:00+05:30,9.55,9.55,9.25,9.55,409800,15456900
2025-12-29 12:22:00+05:30,9.5,9.55,9.35,9.35,141075,15456900
2025-12-29 12:23:00+05:30,9.35,9.35,8.4,8.5,1253325,15448800
2025-12-29 12:24:00+05:30,8.5,8.75,8.5,8.55,416925,15448800
2025-12-29 12:25:00+05:30,8.5,8.65,8.44,8.55,355500,15448800
2025-12-29 12:26:00+05:30,8.44,8.75,8.44,8.69,341325,15301050
2025-12-29 12:27:00+05:30,8.75,8.85,8.4,8.44,425625,15301050
2025-12-29 12:28:00+05:30,8.4,8.6,8.35,8.6,555675,15301050
2025-12-29 12:29:00+05:30,8.6,8.65,8.5,8.55,519600,15019800
2025-12-29 12:30:00+05:30,8.6,8.6,8.35,8.6,569625,15019800
2025-12-29 12:31:00+05:30,8.6,8.75,8.5,8.5,516075,15019800
2025-12-29 12:32:00+05:30,8.4,8.4,8.3,8.35,1050075,15503775
2025-12-29 12:33:00+05:30,8.3,8.3,8.15,8.19,551850,15503775
2025-12-29 12:34:00+05:30,8.19,8.25,7.45,7.55,1101600,15503775
2025-12-29 12:35:00+05:30,7.8,8.0,7.75,7.9,787800,15515400
2025-12-29 12:36:00+05:30,7.95,8.05,7.85,7.85,330825,15515400
2025-12-29 12:37:00+05:30,7.9,8.0,7.8,8.0,251175,15515400
2025-12-29 12:38:00+05:30,7.95,8.1,7.95,8.0,237525,15277425
2025-12-29 12:39:00+05:30,7.95,7.95,7.8,7.85,237675,15277425
2025-12-29 12:40:00+05:30,7.8,7.9,7.75,7.75,262500,15277425
2025-12-29 12:41:00+05:30,7.7,7.8,7.6,7.75,203625,15364500
2025-12-29 12:42:00+05:30,7.75,7.9,7.65,7.85,205875,15364500
2025-12-29 12:43:00+05:30,7.85,7.9,7.75,7.85,220050,15364500
2025-12-29 12:44:00+05:30,7.8,7.85,7.75,7.8,166200,15382950
2025-12-29 12:45:00+05:30,7.75,7.8,7.6,7.6,368400,15382950
2025-12-29 12:46:00+05:30,7.6,7.9,7.6,7.9,507675,15382950
2025-12-29 12:47:00+05:30,7.85,7.85,7.75,7.85,174750,15136200
2025-12-29 12:48:00+05:30,7.75,7.8,7.7,7.7,224100,15136200
2025-12-29 12:49:00+05:30,7.75,7.75,7.55,7.65,293175,15136200
2025-12-29 12:50:00+05:30,7.7,7.75,7.5,7.5,292425,15165825
2025-12-29 12:51:00+05:30,7.5,7.65,7.4,7.6,335925,15165825
2025-12-29 12:52:00+05:30,7.6,7.65,7.55,7.6,177300,15165825
2025-12-29 12:53:00+05:30,7.65,7.65,7.45,7.6,262500,15096300
2025-12-29 12:54:00+05:30,7.55,7.7,7.45,7.65,211575,15096300
2025-12-29 12:55:00+05:30,7.65,7.65,7.55,7.65,222600,15096300
2025-12-29 12:56:00+05:30,7.6,7.7,7.55,7.65,144675,15105675
2025-12-29 12:57:00+05:30,7.65,7.7,7.45,7.7,219450,15105675
2025-12-29 12:58:00+05:30,7.7,7.8,7.65,7.75,105075,15105675
2025-12-29 12:59:00+05:30,7.8,7.9,7.8,7.8,277125,15057600
2025-12-29 13:00:00+05:30,7.85,7.95,7.75,7.85,193425,15057600
2025-12-29 13:01:00+05:30,7.85,8.0,7.85,7.9,293250,15057600
2025-12-29 13:02:00+05:30,7.85,8.05,7.85,8.05,140700,15001200
2025-12-29 13:03:00+05:30,8.0,8.25,7.95,8.19,337425,15001200
2025-12-29 13:04:00+05:30,8.19,8.19,8.05,8.19,443925,15001200
2025-12-29 13:05:00+05:30,8.19,8.25,8.1,8.15,205875,15119250
2025-12-29 13:06:00+05:30,8.19,8.44,8.15,8.25,310650,15119250
2025-12-29 13:07:00+05:30,8.3,8.3,8.05,8.1,228225,15119250
2025-12-29 13:08:00+05:30,8.1,8.35,8.0,8.35,227175,15109650
2025-12-29 13:09:00+05:30,8.3,8.35,8.15,8.19,148950,15109650
2025-12-29 13:10:00+05:30,8.19,8.19,8.1,8.1,159975,15109650
2025-12-29 13:11:00+05:30,8.1,8.15,7.9,8.15,528975,15076800
2025-12-29 13:12:00+05:30,8.15,8.25,8.1,8.19,371550,15076800
2025-12-29 13:13:00+05:30,8.25,8.35,7.9,7.9,305475,15076800
2025-12-29 13:14:00+05:30,7.85,7.9,7.2,7.4,1027500,15178275
2025-12-29 13:15:00+05:30,7.4,7.6,7.3,7.5,854475,15178275
2025-12-29 13:16:00+05:30,7.5,7.55,6.9,6.95,810750,15178275
2025-12-29 13:17:00+05:30,6.95,7.1,6.85,6.95,869475,14806200
2025-12-29 13:18:00+05:30,7.0,7.05,6.8,7.05,657600,14806200
2025-12-29 13:19:00+05:30,7.05,7.15,7.0,7.05,384075,14806200
2025-12-29 13:20:00+05:30,7.1,7.1,6.95,7.0,333975,14716200
2025-12-29 13:21:00+05:30,7.0,7.0,6.85,6.9,207750,14716200
2025-12-29 13:22:00+05:30,6.9,6.95,6.7,6.85,369900,14716200
2025-12-29 13:23:00+05:30,6.9,6.95,6.8,6.85,436875,14683425
2025-12-29 13:24:00+05:30,6.85,6.85,6.75,6.8,278250,14683425
2025-12-29 13:25:00+05:30,6.8,6.85,6.75,6.75,223575,14683425
2025-12-29 13:26:00+05:30,6.8,6.95,6.75,6.85,275100,14520525
2025-12-29 13:27:00+05:30,6.85,6.95,6.75,6.9,283425,14520525
2025-12-29 13:28:00+05:30,6.9,7.1,6.9,7.05,172050,14520525
2025-12-29 13:29:00+05:30,7.0,7.1,6.95,7.05,185250,14500125
2025-12-29 13:30:00+05:30,7.0,7.15,7.0,7.0,181950,14500125
2025-12-29 13:31:00+05:30,7.0,7.05,6.95,7.05,223950,14500125
2025-12-29 13:32:00+05:30,7.0,7.1,6.95,7.1,240075,14450325
2025-12-29 13:33:00+05:30,7.1,7.15,7.05,7.15,136725,14450325
2025-12-29 13:34:00+05:30,7.15,7.15,7.0,7.05,159225,14450325
2025-12-29 13:35:00+05:30,7.05,7.05,6.8,6.8,423525,14462925
2025-12-29 13:36:00+05:30,6.85,7.05,6.7,7.05,379725,14462925
2025-12-29 13:37:00+05:30,7.05,7.05,6.35,6.45,1338525,14462925
2025-12-29 13:38:00+05:30,6.5,6.6,6.45,6.5,1043025,14385750
2025-12-29 13:39:00+05:30,6.55,6.65,6.5,6.55,943125,14385750
2025-12-29 13:40:00+05:30,6.65,6.75,6.6,6.7,684900,14385750
2025-12-29 13:41:00+05:30,6.7,6.75,6.6,6.7,650325,14496450
2025-12-29 13:42:00+05:30,6.7,6.8,6.7,6.75,321600,14496450
2025-12-29 13:43:00+05:30,6.7,6.9,6.7,6.8,440400,14496450
2025-12-29 13:44:00+05:30,6.8,6.85,6.75,6.8,489675,14686125
2025-12-29 13:45:00+05:30,6.8,6.9,6.75,6.85,506175,14686125
2025-12-29 13:46:00+05:30,6.95,7.15,6.85,7.15,396000,14686125
2025-12-29 13:47:00+05:30,7.1,7.1,6.9,6.95,319875,14580600
2025-12-29 13:48:00+05:30,7.0,7.1,6.95,7.1,265800,14580600
2025-12-29 13:49:00+05:30,7.05,7.15,7.05,7.15,224400,14580600
2025-12-29 13:50:00+05:30,7.1,7.2,7.05,7.1,203175,14535525
2025-12-29 13:51:00+05:30,7.1,7.3,7.1,7.2,255675,14535525
2025-12-29 13:52:00+05:30,7.2,7.4,7.15,7.4,280425,14535525
2025-12-29 13:53:00+05:30,7.4,7.7,7.4,7.7,418125,14526075
2025-12-29 13:54:00+05:30,7.7,7.85,7.6,7.7,468000,14526075
2025-12-29 13:55:00+05:30,7.7,7.7,7.35,7.35,496725,14526075
2025-12-29 13:56:00+05:30,7.35,7.45,7.2,7.45,440100,14487900
2025-12-29 13:57:00+05:30,7.4,7.4,7.0,7.05,338625,14487900
2025-12-29 13:58:00+05:30,7.05,7.25,7.05,7.25,227175,14487900
2025-12-29 13:59:00+05:30,7.25,7.25,7.1,7.2,197700,14390925
2025-12-29 14:00:00+05:30,7.15,7.25,7.15,7.25,196275,14390925
2025-12-29 14:01:00+05:30,7.2,7.35,7.1,7.3,224850,14390925
2025-12-29 14:02:00+05:30,7.3,7.55,7.3,7.35,234450,14392500
2025-12-29 14:03:00+05:30,7.35,7.4,7.25,7.35,138000,14392500
2025-12-29 14:04:00+05:30,7.3,7.35,7.2,7.35,228000,14392500
2025-12-29 14:05:00+05:30,7.3,7.5,7.25,7.45,226950,14407725
2025-12-29 14:06:00+05:30,7.45,7.55,7.3,7.3,420600,14407725
2025-12-29 14:07:00+05:30,7.3,7.4,7.2,7.35,272625,14407725
2025-12-29 14:08:00+05:30,7.35,7.35,7.2,7.3,170775,14429250
2025-12-29 14:09:00+05:30,7.3,7.65,7.3,7.65,330525,14429250
2025-12-29 14:10:00+05:30,7.7,7.75,7.45,7.7,410550,14429250
2025-12-29 14:11:00+05:30,7.65,7.65,7.5,7.55,257100,14453625
2025-12-29 14:12:00+05:30,7.55,7.6,7.35,7.45,241500,14453625
2025-12-29 14:13:00+05:30,7.4,7.4,7.3,7.3,213225,14453625
2025-12-29 14:14:00+05:30,7.35,7.35,6.95,6.95,422475,14403150
2025-12-29 14:15:00+05:30,6.9,7.0,6.45,6.45,846375,14403150
2025-12-29 14:16:00+05:30,6.5,6.5,6.2,6.35,525900,14403150
2025-12-29 14:17:00+05:30,6.35,6.35,6.2,6.2,330225,14437500
2025-12-29 14:18:00+05:30,6.25,6.3,6.05,6.2,404325,14437500
2025-12-29 14:19:00+05:30,6.2,6.2,6.0,6.2,552150,14437500
2025-12-29 14:20:00+05:30,6.2,6.35,6.15,6.25,268500,14316600
2025-12-29 14:21:00+05:30,6.25,6.4,6.25,6.4,234825,14316600
2025-12-29 14:22:00+05:30,6.4,6.45,6.3,6.45,363975,14316600
2025-12-29 14:23:00+05:30,6.45,7.2,6.4,7.2,620550,14175375
2025-12-29 14:24:00+05:30,7.15,7.5,7.1,7.35,1006350,14175375
2025-12-29 14:25:00+05:30,7.4,7.65,7.3,7.65,582900,14175375
2025-12-29 14:26:00+05:30,7.75,7.95,7.7,7.7,983700,14208750
2025-12-29 14:27:00+05:30,7.65,8.1,7.65,7.9,986400,14208750
2025-12-29 14:28:00+05:30,7.9,7.9,7.15,7.3,714150,14208750
2025-12-29 14:29:00+05:30,7.2,7.35,6.9,6.95,491475,14129775
2025-12-29 14:30:00+05:30,7.05,7.05,6.75,6.9,814725,14129775
2025-12-29 14:31:00+05:30,6.95,7.1,6.85,7.1,338625,14129775
2025-12-29 14:32:00+05:30,7.1,7.2,7.05,7.1,160500,14001225
2025-12-29 14:33:00+05:30,7.05,7.5,7.0,7.5,522900,14001225
2025-12-29 14:34:00+05:30,7.55,7.6,7.35,7.35,394725,14001225
2025-12-29 14:35:00+05:30,7.4,7.4,6.85,7.0,474150,13982625
2025-12-29 14:36:00+05:30,6.95,7.0,6.55,6.75,387225,13982625
2025-12-29 14:37:00+05:30,6.75,6.9,6.65,6.75,269250,13982625
2025-12-29 14:38:00+05:30,6.75,6.9,6.7,6.85,221625,13986975
2025-12-29 14:39:00+05:30,6.85,6.85,6.65,6.75,347400,13986975
2025-12-29 14:40:00+05:30,6.75,6.8,6.55,6.55,231300,13986975
2025-12-29 14:41:00+05:30,6.6,6.6,6.15,6.15,528975,13992225
2025-12-29 14:42:00+05:30,6.2,6.35,6.05,6.35,695025,13992225
2025-12-29 14:43:00+05:30,6.35,6.4,6.2,6.2,327675,13992225
2025-12-29 14:44:00+05:30,6.25,6.65,6.25,6.65,303600,13824975
2025-12-29 14:45:00+05:30,6.65,6.7,6.5,6.55,412725,13824975
2025-12-29 14:46:00+05:30,6.55,6.55,6.4,6.55,308700,13824975
2025-12-29 14:47:00+05:30,6.5,6.75,6.5,6.7,396975,13843875
2025-12-29 14:48:00+05:30,6.7,6.8,6.6,6.75,282075,13843875
2025-12-29 14:49:00+05:30,6.7,6.9,6.7,6.9,281625,13843875
2025-12-29 14:50:00+05:30,6.85,6.9,6.7,6.9,362925,13765425
2025-12-29 14:51:00+05:30,6.85,6.9,6.7,6.85,369450,13765425
2025-12-29 14:52:00+05:30,6.8,6.9,6.75,6.85,256725,13765425
2025-12-29 14:53:00+05:30,6.9,7.05,6.85,6.9,268800,13846200
2025-12-29 14:54:00+05:30,6.9,6.9,6.55,6.6,529350,13846200
2025-12-29 14:55:00+05:30,6.65,6.75,6.5,6.6,518025,13846200
2025-12-29 14:56:00+05:30,6.6,6.7,6.55,6.7,397725,13853925
2025-12-29 14:57:00+05:30,6.8,6.95,6.75,6.95,493725,13853925
2025-12-29 14:58:00+05:30,6.95,7.15,6.85,7.05,518850,13853925
2025-12-29 14:59:00+05:30,7.1,7.3,6.9,7.0,512850,13847250
2025-12-29 15:00:00+05:30,6.9,7.4,6.8,6.85,859800,13847250
2025-12-29 15:01:00+05:30,6.95,7.05,6.8,7.05,565425,13847250
2025-12-29 15:02:00+05:30,7.05,7.1,6.95,6.95,255750,13825050
2025-12-29 15:03:00+05:30,7.0,7.15,6.95,7.0,284025,13825050
2025-12-29 15:04:00+05:30,7.0,7.2,6.9,7.2,406950,13825050
2025-12-29 15:05:00+05:30,7.15,7.35,7.1,7.3,558000,13642875
2025-12-29 15:06:00+05:30,7.3,7.35,7.15,7.3,444075,13642875
2025-12-29 15:07:00+05:30,7.35,7.45,7.15,7.25,492300,13642875
2025-12-29 15:08:00+05:30,7.15,7.3,7.1,7.25,442125,13626825
2025-12-29 15:09:00+05:30,7.3,7.3,7.05,7.2,361800,13626825
2025-12-29 15:10:00+05:30,7.2,7.5,7.2,7.45,463200,13626825
2025-12-29 15:11:00+05:30,7.45,7.45,7.3,7.35,380325,13468725
2025-12-29 15:12:00+05:30,7.3,7.45,7.3,7.4,419550,13468725
2025-12-29 15:13:00+05:30,7.4,7.4,7.15,7.2,366075,13468725
2025-12-29 15:14:00+05:30,7.3,7.3,7.2,7.3,420600,13507050
2025-12-29 15:15:00+05:30,7.3,7.45,7.15,7.45,996225,13507050
2025-12-29 15:16:00+05:30,7.45,7.45,7.35,7.35,535650,13507050
2025-12-29 15:17:00+05:30,7.4,7.5,7.25,7.45,594300,13305000
2025-12-29 15:18:00+05:30,7.4,7.45,7.3,7.4,564600,13305000
2025-12-29 15:19:00+05:30,7.4,7.5,7.35,7.4,517200,13305000
2025-12-29 15:20:00+05:30,7.45,7.5,7.3,7.4,769500,13081275
2025-12-29 15:21:00+05:30,7.45,7.6,7.45,7.5,686400,13081275
2025-12-29 15:22:00+05:30,7.5,7.5,7.35,7.45,723825,13081275
2025-12-29 15:23:00+05:30,7.45,7.45,7.15,7.15,812475,12606225
2025-12-29 15:24:00+05:30,7.2,7.35,7.2,7.35,901875,12606225
2025-12-29 15:25:00+05:30,7.4,7.5,7.2,7.35,929850,12606225
2025-12-29 15:26:00+05:30,7.35,7.35,6.95,7.1,901500,12606225
2025-12-29 15:27:00+05:30,7.15,7.15,6.7,6.9,658875,12312225
2025-12-29 15:28:00+05:30,6.85,6.9,6.45,6.65,772425,12312225
2025-12-29 15:29:00+05:30,6.8,6.95,6.65,6.85,760875,12312225
2025-12-30 09:15:00+05:30,4.8,4.8,2.54,2.75,4368975,11799450
2025-12-30 09:16:00+05:30,2.75,2.9,2.7,2.7,2990925,11749050
2025-12-30 09:17:00+05:30,2.75,2.8,2.65,2.7,2374875,11749050
2025-12-30 09:18:00+05:30,2.65,2.75,2.45,2.5,2091675,11749050
2025-12-30 09:19:00+05:30,2.54,2.65,2.5,2.6,1965675,12505500
2025-12-30 09:20:00+05:30,2.6,2.6,2.4,2.45,1725225,12505500
2025-12-30 09:21:00+05:30,2.45,2.45,2.29,2.4,1364850,12505500
2025-12-30 09:22:00+05:30,2.35,2.45,2.35,2.4,1133100,12200550
2025-12-30 09:23:00+05:30,2.4,2.4,2.2,2.2,1726125,12200550
2025-12-30 09:24:00+05:30,2.25,2.29,2.2,2.25,1086000,12200550
2025-12-30 09:25:00+05:30,2.2,2.25,2.15,2.2,1000650,12021750
2025-12-30 09:26:00+05:30,2.2,2.2,2.15,2.2,575025,12021750
2025-12-30 09:27:00+05:30,2.15,2.25,2.1,2.1,1072050,12021750
2025-12-30 09:28:00+05:30,2.1,2.15,2.04,2.1,615525,11657925
2025-12-30 09:29:00+05:30,2.1,2.15,2.04,2.15,587100,11657925
2025-12-30 09:30:00+05:30,2.1,2.2,2.1,2.2,352275,11657925
2025-12-30 09:31:00+05:30,2.15,2.25,2.15,2.25,849900,11529675
2025-12-30 09:32:00+05:30,2.25,2.25,2.2,2.25,424950,11529675
2025-12-30 09:33:00+05:30,2.2,2.25,2.2,2.2,545175,11529675
2025-12-30 09:34:00+05:30,2.25,2.45,2.2,2.45,593625,11589825
2025-12-30 09:35:00+05:30,2.54,2.6,2.4,2.5,1445175,11589825
2025-12-30 09:36:00+05:30,2.5,2.7,2.45,2.54,1235400,11589825
2025-12-30 09:37:00+05:30,2.54,2.6,2.45,2.5,773700,11882250
2025-12-30 09:38:00+05:30,2.5,2.6,2.5,2.54,656925,11882250
2025-12-30 09:39:00+05:30,2.6,3.15,2.54,3.15,2165775,11882250
2025-12-30 09:40:00+05:30,2.95,3.15,2.85,2.95,1385625,12014325
2025-12-30 09:41:00+05:30,2.95,3.1,2.85,2.85,1338225,12014325
2025-12-30 09:42:00+05:30,2.85,3.1,2.85,2.95,749700,12014325
2025-12-30 09:43:00+05:30,3.0,3.5,3.0,3.5,1860375,12170025
2025-12-30 09:44:00+05:30,3.5,3.6,3.3,3.3,1890525,12170025
2025-12-30 09:45:00+05:30,3.35,3.4,2.95,2.95,1154175,12170025
2025-12-30 09:46:00+05:30,2.85,2.9,2.54,2.54,1481400,12635925
2025-12-30 09:47:00+05:30,2.54,2.54,2.29,2.29,1656975,12635925
2025-12-30 09:48:00+05:30,2.29,2.45,2.1,2.15,1412250,12635925
2025-12-30 09:49:00+05:30,2.15,2.15,2.0,2.0,872250,12857175
2025-12-30 09:50:00+05:30,2.0,2.1,2.0,2.1,410400,12857175
2025-12-30 09:51:00+05:30,2.1,2.54,2.04,2.5,1416975,12857175
2025-12-30 09:52:00+05:30,2.5,2.9,2.5,2.7,1839300,12910950
2025-12-30 09:53:00+05:30,2.75,2.8,2.5,2.7,939225,12910950
2025-12-30 09:54:00+05:30,2.7,2.9,2.65,2.9,1100700,12910950
2025-12-30 09:55:00+05:30,2.9,3.75,2.8,3.5,2352000,13025550
2025-12-30 09:56:00+05:30,3.4,3.4,3.0,3.2,2074275,13025550
2025-12-30 09:57:00+05:30,3.15,3.2,2.9,2.9,1113225,13025550
2025-12-30 09:58:00+05:30,2.85,2.9,2.7,2.8,1213950,13118325
2025-12-30 09:59:00+05:30,2.75,2.8,2.5,2.6,1767000,13118325
2025-12-30 10:00:00+05:30,2.54,2.65,2.4,2.45,1864425,13118325
2025-12-30 10:01:00+05:30,2.4,2.4,2.15,2.25,1716375,13218525
2025-12-30 10:02:00+05:30,2.2,2.54,2.2,2.45,1270950,13218525
2025-12-30 10:03:00+05:30,2.45,2.5,2.25,2.29,1301175,13218525
2025-12-30 10:04:00+05:30,2.4,2.4,2.15,2.15,1222050,13401975
2025-12-30 10:05:00+05:30,2.15,2.25,2.04,2.1,1246050,13401975
2025-12-30 10:06:00+05:30,2.15,2.15,1.95,2.0,1313250,13401975
2025-12-30 10:07:00+05:30,1.95,2.1,1.9,2.0,1199850,13455900
2025-12-30 10:08:00+05:30,2.0,2.0,1.85,1.9,1381275,13455900
2025-12-30 10:09:00+05:30,1.85,1.95,1.8,1.85,1169475,13455900
2025-12-30 10:10:00+05:30,1.9,2.0,1.85,1.85,1412625,13358325
2025-12-30 10:11:00+05:30,1.9,2.04,1.9,1.95,817050,13358325
2025-12-30 10:12:00+05:30,1.95,2.25,1.9,2.25,992850,13358325
2025-12-30 10:13:00+05:30,2.25,2.4,2.15,2.4,1216800,13343025
2025-12-30 10:14:00+05:30,2.4,2.54,2.2,2.2,1201200,13343025
2025-12-30 10:15:00+05:30,2.29,2.5,2.25,2.5,1510875,13343025
2025-12-30 10:16:00+05:30,2.45,2.65,2.4,2.4,1406475,13367700
2025-12-30 10:17:00+05:30,2.35,2.5,2.35,2.4,845025,13367700
2025-12-30 10:18:00+05:30,2.4,2.5,2.35,2.35,1018125,13367700
2025-12-30 10:19:00+05:30,2.35,2.35,2.25,2.25,1275900,13385925
2025-12-30 10:20:00+05:30,2.25,2.35,2.2,2.2,1071750,13385925
2025-12-30 10:21:00+05:30,2.2,2.29,2.0,2.0,1774050,13385925
2025-12-30 10:22:00+05:30,2.04,2.15,2.0,2.04,972375,13509150
2025-12-30 10:23:00+05:30,2.0,2.25,2.0,2.15,1045650,13509150
2025-12-30 10:24:00+05:30,2.25,3.0,2.15,2.75,3181125,13509150
2025-12-30 10:25:00+05:30,2.75,2.85,2.54,2.65,2280900,13342200
2025-12-30 10:26:00+05:30,2.65,2.65,2.4,2.5,1404300,13342200
2025-12-30 10:27:00+05:30,2.45,2.54,2.4,2.4,1558350,13342200
2025-12-30 10:28:00+05:30,2.4,2.4,2.2,2.25,2137800,13410600
2025-12-30 10:29:00+05:30,2.29,2.29,2.04,2.15,1875825,13410600
2025-12-30 10:30:00+05:30,2.15,2.35,2.1,2.29,1412325,13410600
2025-12-30 10:31:00+05:30,2.25,2.4,2.25,2.25,1161225,13616175
2025-12-30 10:32:00+05:30,2.25,2.45,2.2,2.25,1730175,13616175
2025-12-30 10:33:00+05:30,2.29,2.4,2.25,2.29,1726425,13616175
2025-12-30 10:34:00+05:30,2.35,2.45,2.2,2.25,1421475,13741200
2025-12-30 10:35:00+05:30,2.25,2.25,2.0,2.0,1465500,13741200
2025-12-30 10:36:00+05:30,1.95,2.04,1.75,1.75,1806600,13741200
2025-12-30 10:37:00+05:30,1.75,1.85,1.7,1.75,812025,13538925
2025-12-30 10:38:00+05:30,1.7,1.8,1.6,1.7,1403400,13538925
2025-12-30 10:39:00+05:30,1.65,1.7,1.55,1.6,1518000,13538925
2025-12-30 10:40:00+05:30,1.6,1.65,1.55,1.6,676875,13549125
2025-12-30 10:41:00+05:30,1.55,1.65,1.5,1.6,1033950,13549125
2025-12-30 10:42:00+05:30,1.65,1.65,1.45,1.45,1457175,13549125
2025-12-30 10:43:00+05:30,1.5,1.55,1.4,1.45,1736775,13312800
2025-12-30 10:44:00+05:30,1.4,1.55,1.4,1.4,1100250,13312800
2025-12-30 10:45:00+05:30,1.4,1.45,1.3,1.35,961350,13312800
2025-12-30 10:46:00+05:30,1.35,1.4,1.3,1.35,948825,13096275
2025-12-30 10:47:00+05:30,1.35,1.4,1.35,1.4,418725,13096275
2025-12-30 10:48:00+05:30,1.4,1.4,1.3,1.3,337350,13096275
2025-12-30 10:49:00+05:30,1.3,1.4,1.3,1.4,299475,12986850
2025-12-30 10:50:00+05:30,1.35,1.4,1.3,1.3,403575,12986850
2025-12-30 10:51:00+05:30,1.3,1.4,1.25,1.3,839175,12986850
2025-12-30 10:52:00+05:30,1.3,1.35,1.25,1.35,1026600,12939450
2025-12-30 10:53:00+05:30,1.35,1.35,1.3,1.3,499425,12939450
2025-12-30 10:54:00+05:30,1.3,1.3,1.25,1.3,468225,12939450
2025-12-30 10:55:00+05:30,1.25,1.3,1.25,1.25,414225,12541725
2025-12-30 10:56:00+05:30,1.3,1.3,1.25,1.25,262200,12541725
2025-12-30 10:57:00+05:30,1.25,1.3,1.25,1.3,237075,12541725
2025-12-30 10:58:00+05:30,1.25,1.3,1.25,1.25,242400,12563325
2025-12-30 10:59:00+05:30,1.2,1.25,1.2,1.2,395025,12563325
2025-12-30 11:00:00+05:30,1.25,1.25,1.14,1.2,499875,12563325
2025-12-30 11:01:00+05:30,1.25,1.25,1.14,1.14,386325,12637800
2025-12-30 11:02:00+05:30,1.14,1.2,1.14,1.2,183375,12637800
2025-12-30 11:03:00+05:30,1.2,1.2,1.1,1.14,359925,12637800
2025-12-30 11:04:00+05:30,1.1,1.14,1.1,1.14,307425,12363600
2025-12-30 11:05:00+05:30,1.1,1.2,1.1,1.14,531375,12363600
2025-12-30 11:06:00+05:30,1.2,1.2,1.14,1.14,474300,12363600
2025-12-30 11:07:00+05:30,1.14,1.2,1.14,1.2,188025,12336450
2025-12-30 11:08:00+05:30,1.14,1.2,1.14,1.2,275400,12336450
2025-12-30 11:09:00+05:30,1.2,1.25,1.14,1.14,283125,12336450
2025-12-30 11:10:00+05:30,1.2,1.2,1.14,1.14,216000,12419775
2025-12-30 11:11:00+05:30,1.14,1.2,1.1,1.14,1277925,12419775
2025-12-30 11:12:00+05:30,1.14,1.2,1.14,1.14,711975,12419775
2025-12-30 11:13:00+05:30,1.14,1.25,1.14,1.14,386625,12201300
2025-12-30 11:14:00+05:30,1.2,1.2,1.14,1.2,234600,12201300
2025-12-30 11:15:00+05:30,1.14,1.2,1.14,1.14,225675,12201300
2025-12-30 11:16:00+05:30,1.2,1.25,1.14,1.25,790425,12477300
2025-12-30 11:17:00+05:30,1.25,1.25,1.2,1.25,293925,12477300
2025-12-30 11:18:00+05:30,1.2,1.3,1.2,1.2,342825,12477300
2025-12-30 11:19:00+05:30,1.25,1.25,1.14,1.2,383475,12169500
2025-12-30 11:20:00+05:30,1.2,1.2,1.14,1.2,85500,12169500
2025-12-30 11:21:00+05:30,1.14,1.25,1.14,1.2,427650,12169500
2025-12-30 11:22:00+05:30,1.2,1.2,1.14,1.14,86850,12252000
2025-12-30 11:23:00+05:30,1.14,1.2,1.14,1.14,180000,12252000
2025-12-30 11:24:00+05:30,1.2,1.2,1.14,1.14,281625,12252000
2025-12-30 11:25:00+05:30,1.14,1.2,1.1,1.14,316650,12152775
2025-12-30 11:26:00+05:30,1.14,1.14,1.1,1.1,256125,12152775
2025-12-30 11:27:00+05:30,1.14,1.14,1.1,1.1,258600,12152775
2025-12-30 11:28:00+05:30,1.1,1.14,1.1,1.1,105750,11532900
2025-12-30 11:29:00+05:30,1.14,1.14,1.1,1.1,97650,11532900
2025-12-30 11:30:00+05:30,1.14,1.14,1.05,1.14,451800,11532900
2025-12-30 11:31:00+05:30,1.14,1.14,1.1,1.1,190050,11458650
2025-12-30 11:32:00+05:30,1.1,1.2,1.1,1.14,207450,11458650
2025-12-30 11:33:00+05:30,1.14,1.2,1.14,1.14,263700,11458650
2025-12-30 11:34:00+05:30,1.14,1.2,1.14,1.2,446850,11456925
2025-12-30 11:35:00+05:30,1.2,1.25,1.14,1.2,732600,11456925
2025-12-30 11:36:00+05:30,1.25,1.3,1.2,1.3,537300,11456925
2025-12-30 11:37:00+05:30,1.25,1.4,1.25,1.35,839250,11457225
2025-12-30 11:38:00+05:30,1.4,1.4,1.35,1.35,793350,11457225
2025-12-30 11:39:00+05:30,1.35,1.35,1.25,1.3,576150,11457225
2025-12-30 11:40:00+05:30,1.35,1.35,1.3,1.3,205350,11457225
2025-12-30 11:41:00+05:30,1.3,1.35,1.25,1.3,364500,11681400
2025-12-30 11:42:00+05:30,1.3,1.3,1.25,1.3,358575,11681400
2025-12-30 11:43:00+05:30,1.25,1.3,1.25,1.25,191100,11681400
2025-12-30 11:44:00+05:30,1.25,1.3,1.25,1.25,291000,11677125
2025-12-30 11:45:00+05:30,1.3,1.35,1.25,1.3,306375,11677125
2025-12-30 11:46:00+05:30,1.3,1.35,1.25,1.25,292350,11677125
2025-12-30 11:47:00+05:30,1.25,1.3,1.25,1.25,116250,11747325
2025-12-30 11:48:00+05:30,1.25,1.3,1.25,1.25,74625,11747325
2025-12-30 11:49:00+05:30,1.25,1.3,1.25,1.25,132975,11747325
2025-12-30 11:50:00+05:30,1.25,1.3,1.25,1.25,133425,11630250
2025-12-30 11:51:00+05:30,1.3,1.3,1.25,1.3,138900,11630250
2025-12-30 11:52:00+05:30,1.3,1.3,1.2,1.25,182475,11630250
2025-12-30 11:53:00+05:30,1.25,1.25,1.2,1.25,118425,11570775
2025-12-30 11:54:00+05:30,1.2,1.25,1.2,1.2,341175,11570775
2025-12-30 11:55:00+05:30,1.25,1.25,1.2,1.2,134775,11570775
2025-12-30 11:56:00+05:30,1.2,1.25,1.2,1.25,110625,11494725
2025-12-30 11:57:00+05:30,1.25,1.25,1.14,1.2,608925,11494725
2025-12-30 11:58:00+05:30,1.2,1.25,1.14,1.14,153600,11494725
2025-12-30 11:59:00+05:30,1.14,1.2,1.14,1.2,131775,11333700
2025-12-30 12:00:00+05:30,1.14,1.2,1.14,1.14,142950,11333700
2025-12-30 12:01:00+05:30,1.2,1.2,1.14,1.2,101550,11333700
2025-12-30 12:02:00+05:30,1.14,1.25,1.14,1.2,353775,11206425
2025-12-30 12:03:00+05:30,1.2,1.25,1.2,1.2,186675,11206425
2025-12-30 12:04:00+05:30,1.2,1.25,1.2,1.2,192525,11206425
2025-12-30 12:05:00+05:30,1.2,1.25,1.2,1.25,133950,11340825
2025-12-30 12:06:00+05:30,1.2,1.25,1.2,1.2,117675,11340825
2025-12-30 12:07:00+05:30,1.2,1.25,1.14,1.2,161400,11340825
2025-12-30 12:08:00+05:30,1.2,1.25,1.2,1.2,88275,11485350
2025-12-30 12:09:00+05:30,1.25,1.25,1.2,1.25,74325,11485350
2025-12-30 12:10:00+05:30,1.25,1.25,1.2,1.25,122925,11485350
2025-12-30 12:11:00+05:30,1.25,1.25,1.2,1.2,113850,11438925
2025-12-30 12:12:00+05:30,1.25,1.3,1.2,1.2,503025,11438925
2025-12-30 12:13:00+05:30,1.2,1.25,1.2,1.2,227025,11438925
2025-12-30 12:14:00+05:30,1.25,1.25,1.14,1.14,287400,11149650
2025-12-30 12:15:00+05:30,1.2,1.2,1.14,1.2,216075,11149650
2025-12-30 12:16:00+05:30,1.2,1.25,1.2,1.2,234225,11149650
2025-12-30 12:17:00+05:30,1.2,1.25,1.2,1.25,123525,11190750
2025-12-30 12:18:00+05:30,1.25,1.25,1.2,1.2,255600,11190750
2025-12-30 12:19:00+05:30,1.25,1.3,1.2,1.25,354450,11190750
2025-12-30 12:20:00+05:30,1.3,1.3,1.25,1.25,213450,11256225
2025-12-30 12:21:00+05:30,1.25,1.3,1.2,1.25,495150,11256225
2025-12-30 12:22:00+05:30,1.3,1.3,1.2,1.25,200475,11256225
2025-12-30 12:23:00+05:30,1.2,1.25,1.2,1.25,52725,11336400
2025-12-30 12:24:00+05:30,1.25,1.25,1.2,1.2,68400,11336400
2025-12-30 12:25:00+05:30,1.2,1.25,1.14,1.2,416625,11336400
2025-12-30 12:26:00+05:30,1.2,1.2,1.14,1.14,170700,11218425
2025-12-30 12:27:00+05:30,1.2,1.2,1.14,1.2,116475,11218425
2025-12-30 12:28:00+05:30,1.14,1.2,1.14,1.14,97725,11218425
2025-12-30 12:29:00+05:30,1.14,1.2,1.14,1.14,79125,11220150
2025-12-30 12:30:00+05:30,1.14,1.2,1.14,1.2,80850,11220150
2025-12-30 12:31:00+05:30,1.2,1.2,1.14,1.14,126225,11220150
2025-12-30 12:32:00+05:30,1.14,1.2,1.14,1.14,54825,11275950
2025-12-30 12:33:00+05:30,1.14,1.2,1.14,1.14,104775,11275950
2025-12-30 12:34:00+05:30,1.2,1.2,1.14,1.14,247200,11275950
2025-12-30 12:35:00+05:30,1.14,1.2,1.14,1.14,58950,11310075
2025-12-30 12:36:00+05:30,1.2,1.2,1.14,1.14,116550,11310075
2025-12-30 12:37:00+05:30,1.14,1.2,1.14,1.14,264000,11310075
2025-12-30 12:38:00+05:30,1.14,1.2,1.1,1.14,174000,11387325
2025-12-30 12:39:00+05:30,1.1,1.2,1.1,1.2,357600,11387325
2025-12-30 12:40:00+05:30,1.2,1.25,1.14,1.2,281700,11387325
2025-12-30 12:41:00+05:30,1.2,1.25,1.14,1.2,216525,11439600
2025-12-30 12:42:00+05:30,1.2,1.25,1.2,1.2,142725,11439600
2025-12-30 12:43:00+05:30,1.25,1.25,1.14,1.2,184200,11439600
2025-12-30 12:44:00+05:30,1.25,1.25,1.2,1.2,61950,11394225
2025-12-30 12:45:00+05:30,1.25,1.25,1.14,1.2,96150,11394225
2025-12-30 12:46:00+05:30,1.2,1.2,1.14,1.14,29625,11394225
2025-12-30 12:47:00+05:30,1.2,1.2,1.14,1.14,87150,11399700
2025-12-30 12:48:00+05:30,1.2,1.2,1.14,1.2,156300,11399700
2025-12-30 12:49:00+05:30,1.2,1.2,1.14,1.2,142875,11399700
2025-12-30 12:50:00+05:30,1.14,1.2,1.14,1.2,231300,11442150
2025-12-30 12:51:00+05:30,1.2,1.2,1.14,1.14,326325,11442150
2025-12-30 12:52:00+05:30,1.2,1.2,1.14,1.14,212400,11442150
2025-12-30 12:53:00+05:30,1.2,1.2,1.14,1.2,190575,11549325
2025-12-30 12:54:00+05:30,1.14,1.2,1.1,1.1,173925,11549325
2025-12-30 12:55:00+05:30,1.14,1.2,1.1,1.14,267600,11549325
2025-12-30 12:56:00+05:30,1.2,1.2,1.1,1.1,232650,11587575
2025-12-30 12:57:00+05:30,1.14,1.14,1.1,1.1,120675,11587575
2025-12-30 12:58:00+05:30,1.1,1.14,1.05,1.1,433950,11587575
2025-12-30 12:59:00+05:30,1.05,1.05,0.9,0.9,849075,11603550
2025-12-30 13:00:00+05:30,0.9,1.0,0.85,0.9,870225,11603550
2025-12-30 13:01:00+05:30,0.95,0.95,0.9,0.9,189900,11603550
2025-12-30 13:02:00+05:30,0.9,0.95,0.85,0.9,285600,11358900
2025-12-30 13:03:00+05:30,0.9,0.9,0.8,0.85,773325,11358900
2025-12-30 13:04:00+05:30,0.8,0.85,0.7,0.8,1033575,11358900
2025-12-30 13:05:00+05:30,0.8,0.8,0.75,0.8,176400,11179875
2025-12-30 13:06:00+05:30,0.75,0.85,0.75,0.75,917025,11179875
2025-12-30 13:07:00+05:30,0.8,0.8,0.75,0.75,98475,11179875
2025-12-30 13:08:00+05:30,0.75,0.8,0.7,0.7,772125,11180175
2025-12-30 13:09:00+05:30,0.75,0.75,0.7,0.7,134700,11180175
2025-12-30 13:10:00+05:30,0.7,0.75,0.7,0.7,225300,11180175
2025-12-30 13:11:00+05:30,0.7,0.8,0.7,0.8,711675,11181150
2025-12-30 13:12:00+05:30,0.8,0.85,0.75,0.85,573825,11181150
2025-12-30 13:13:00+05:30,0.85,0.85,0.8,0.85,184650,11181150
2025-12-30 13:14:00+05:30,0.85,0.9,0.8,0.9,177300,10921500
2025-12-30 13:15:00+05:30,0.9,1.0,0.9,0.9,374700,10921500
2025-12-30 13:16:00+05:30,0.95,0.95,0.85,0.9,176400,10921500
2025-12-30 13:17:00+05:30,0.9,1.0,0.85,0.95,267825,10825275
2025-12-30 13:18:00+05:30,0.95,0.95,0.85,0.85,150975,10825275
2025-12-30 13:19:00+05:30,0.85,0.9,0.85,0.85,92325,10825275
2025-12-30 13:20:00+05:30,0.9,0.9,0.85,0.9,99150,10793550
2025-12-30 13:21:00+05:30,0.9,0.95,0.85,0.95,197400,10793550
2025-12-30 13:22:00+05:30,0.95,0.95,0.9,0.9,72075,10793550
2025-12-30 13:23:00+05:30,0.95,0.95,0.9,0.9,192150,10725825
2025-12-30 13:24:00+05:30,0.85,0.9,0.8,0.85,415650,10725825
2025-12-30 13:25:00+05:30,0.9,0.9,0.85,0.85,130650,10725825
2025-12-30 13:26:00+05:30,0.85,0.9,0.8,0.85,139875,10658325
2025-12-30 13:27:00+05:30,0.8,0.85,0.8,0.8,130875,10658325
2025-12-30 13:28:00+05:30,0.8,0.85,0.8,0.8,80550,10658325
2025-12-30 13:29:00+05:30,0.85,0.85,0.8,0.8,162600,10581900
2025-12-30 13:30:00+05:30,0.8,0.85,0.8,0.85,124725,10581900
2025-12-30 13:31:00+05:30,0.8,0.9,0.8,0.9,170100,10581900
2025-12-30 13:32:00+05:30,0.85,0.9,0.8,0.9,260700,10646550
2025-12-30 13:33:00+05:30,0.85,0.9,0.85,0.9,179625,10646550
2025-12-30 13:34:00+05:30,0.85,0.9,0.85,0.9,200475,10646550
2025-12-30 13:35:00+05:30,0.9,0.9,0.8,0.85,574050,10709400
2025-12-30 13:36:00+05:30,0.85,0.9,0.85,0.85,898575,10709400
2025-12-30 13:37:00+05:30,0.9,0.9,0.75,0.75,295125,10709400
2025-12-30 13:38:00+05:30,0.8,0.8,0.75,0.75,231825,10691325
2025-12-30 13:39:00+05:30,0.75,0.8,0.75,0.75,338250,10691325
2025-12-30 13:40:00+05:30,0.75,0.8,0.75,0.8,140775,10691325
2025-12-30 13:41:00+05:30,0.75,0.8,0.75,0.8,515550,10801050
2025-12-30 13:42:00+05:30,0.8,0.8,0.75,0.8,213825,10801050
2025-12-30 13:43:00+05:30,0.8,0.95,0.8,0.9,1128900,10801050
2025-12-30 13:44:00+05:30,0.9,0.9,0.8,0.8,704775,10814475
2025-12-30 13:45:00+05:30,0.85,1.0,0.8,0.9,1501800,10814475
2025-12-30 13:46:00+05:30,0.85,0.9,0.7,0.75,1100775,10814475
2025-12-30 13:47:00+05:30,0.75,0.95,0.75,0.95,1469850,10660200
2025-12-30 13:48:00+05:30,0.9,0.95,0.75,0.8,1822725,10660200
2025-12-30 13:49:00+05:30,0.8,0.85,0.75,0.75,981900,10660200
2025-12-30 13:50:00+05:30,0.75,0.8,0.7,0.7,520125,10711950
2025-12-30 13:51:00+05:30,0.75,0.75,0.6,0.65,1003950,10711950
2025-12-30 13:52:00+05:30,0.65,0.7,0.6,0.65,606675,10711950
2025-12-30 13:53:00+05:30,0.6,0.7,0.6,0.65,586950,10624425
2025-12-30 13:54:00+05:30,0.65,0.65,0.6,0.6,243675,10624425
2025-12-30 13:55:00+05:30,0.6,0.65,0.55,0.6,526125,10624425
2025-12-30 13:56:00+05:30,0.55,0.6,0.5,0.55,633525,10598100
2025-12-30 13:57:00+05:30,0.6,0.6,0.5,0.55,288900,10598100
2025-12-30 13:58:00+05:30,0.55,0.6,0.5,0.55,548625,10598100
2025-12-30 13:59:00+05:30,0.5,0.55,0.45,0.5,1035075,10649700
2025-12-30 14:00:00+05:30,0.5,0.55,0.5,0.5,267675,10649700
2025-12-30 14:01:00+05:30,0.5,0.55,0.45,0.45,574350,10649700
2025-12-30 14:02:00+05:30,0.5,0.5,0.4,0.45,739950,10704600
2025-12-30 14:03:00+05:30,0.5,0.5,0.45,0.5,289200,10704600
2025-12-30 14:04:00+05:30,0.5,0.5,0.45,0.45,263550,10704600
2025-12-30 14:05:00+05:30,0.5,0.5,0.4,0.45,497475,10471875
2025-12-30 14:06:00+05:30,0.45,0.45,0.4,0.4,79050,10471875
2025-12-30 14:07:00+05:30,0.45,0.45,0.35,0.4,796800,10471875
2025-12-30 14:08:00+05:30,0.35,0.4,0.35,0.4,137775,10498725
2025-12-30 14:09:00+05:30,0.4,0.4,0.35,0.4,81225,10498725
2025-12-30 14:10:00+05:30,0.4,0.4,0.35,0.4,248250,10498725
2025-12-30 14:11:00+05:30,0.35,0.45,0.35,0.35,501600,10510950
2025-12-30 14:12:00+05:30,0.4,0.4,0.35,0.35,85200,10510950
2025-12-30 14:13:00+05:30,0.35,0.4,0.35,0.4,180300,10510950
2025-12-30 14:14:00+05:30,0.4,0.4,0.35,0.4,138900,10496625
2025-12-30 14:15:00+05:30,0.35,0.4,0.35,0.4,153600,10496625
2025-12-30 14:16:00+05:30,0.4,0.4,0.35,0.4,329550,10496625
2025-12-30 14:17:00+05:30,0.35,0.45,0.35,0.4,733800,10207500
2025-12-30 14:18:00+05:30,0.4,0.45,0.35,0.35,272175,10207500
2025-12-30 14:19:00+05:30,0.4,0.4,0.35,0.35,155925,10207500
2025-12-30 14:20:00+05:30,0.4,0.4,0.35,0.35,330375,10065450
2025-12-30 14:21:00+05:30,0.4,0.4,0.3,0.3,470100,10065450
2025-12-30 14:22:00+05:30,0.3,0.35,0.3,0.35,256575,10065450
2025-12-30 14:23:00+05:30,0.35,0.35,0.3,0.3,266475,9822150
2025-12-30 14:24:00+05:30,0.3,0.35,0.3,0.3,261225,9822150
2025-12-30 14:25:00+05:30,0.3,0.35,0.3,0.3,819825,9822150
2025-12-30 14:26:00+05:30,0.35,0.35,0.3,0.3,738300,9773925
2025-12-30 14:27:00+05:30,0.35,0.35,0.25,0.3,306000,9773925
2025-12-30 14:28:00+05:30,0.25,0.3,0.25,0.25,164400,9773925
2025-12-30 14:29:00+05:30,0.25,0.3,0.25,0.25,280650,9734550
2025-12-30 14:30:00+05:30,0.25,0.3,0.25,0.25,141525,9734550
2025-12-30 14:31:00+05:30,0.25,0.3,0.25,0.3,369450,9734550
2025-12-30 14:32:00+05:30,0.3,0.3,0.25,0.3,186450,9657675
2025-12-30 14:33:00+05:30,0.25,0.3,0.25,0.25,82650,9657675
2025-12-30 14:34:00+05:30,0.25,0.3,0.25,0.25,605700,9657675
2025-12-30 14:35:00+05:30,0.3,0.35,0.25,0.35,329400,9557775
2025-12-30 14:36:00+05:30,0.3,0.35,0.3,0.3,186975,9557775
2025-12-30 14:37:00+05:30,0.3,0.35,0.3,0.3,300450,9557775
2025-12-30 14:38:00+05:30,0.35,0.35,0.3,0.3,799800,9714825
2025-12-30 14:39:00+05:30,0.25,0.3,0.25,0.3,459150,9714825
2025-12-30 14:40:00+05:30,0.3,0.3,0.25,0.25,264975,9714825
2025-12-30 14:41:00+05:30,0.3,0.3,0.2,0.2,420150,9817350
2025-12-30 14:42:00+05:30,0.2,0.3,0.2,0.25,579975,9817350
2025-12-30 14:43:00+05:30,0.25,0.3,0.2,0.2,770775,9817350
2025-12-30 14:44:00+05:30,0.2,0.25,0.2,0.25,409050,9704550
2025-12-30 14:45:00+05:30,0.25,0.25,0.2,0.25,143850,9704550
2025-12-30 14:46:00+05:30,0.25,0.25,0.2,0.2,122325,9704550
2025-12-30 14:47:00+05:30,0.25,0.25,0.2,0.2,242550,9557700
2025-12-30 14:48:00+05:30,0.25,0.25,0.2,0.25,87000,9557700
2025-12-30 14:49:00+05:30,0.2,0.3,0.2,0.25,345675,9557700
2025-12-30 14:50:00+05:30,0.25,0.3,0.2,0.25,292350,9490350
2025-12-30 14:51:00+05:30,0.25,0.25,0.2,0.2,189975,9490350
2025-12-30 14:52:00+05:30,0.25,0.3,0.25,0.3,477600,9490350
2025-12-30 14:53:00+05:30,0.3,0.3,0.25,0.3,386175,9374550
2025-12-30 14:54:00+05:30,0.25,0.3,0.2,0.2,335475,9374550
2025-12-30 14:55:00+05:30,0.2,0.25,0.2,0.25,369150,9374550
2025-12-30 14:56:00+05:30,0.2,0.25,0.2,0.25,455475,9175425
2025-12-30 14:57:00+05:30,0.2,0.3,0.2,0.25,486000,9175425
2025-12-30 14:58:00+05:30,0.25,0.3,0.2,0.2,632925,9175425
2025-12-30 14:59:00+05:30,0.2,0.25,0.2,0.2,175125,9437550
2025-12-30 15:00:00+05:30,0.25,0.3,0.2,0.25,634350,9437550
2025-12-30 15:01:00+05:30,0.25,0.25,0.2,0.25,421200,9437550
2025-12-30 15:02:00+05:30,0.2,0.25,0.15,0.15,2090175,9437550
2025-12-30 15:03:00+05:30,0.15,0.2,0.15,0.2,459150,8656575
2025-12-30 15:04:00+05:30,0.2,0.2,0.15,0.15,215775,8656575
2025-12-30 15:05:00+05:30,0.15,0.2,0.15,0.15,241050,8656575
2025-12-30 15:06:00+05:30,0.15,0.2,0.1,0.1,306600,8552775
2025-12-30 15:07:00+05:30,0.1,0.15,0.1,0.1,214125,8552775
2025-12-30 15:08:00+05:30,0.1,0.15,0.1,0.1,614700,8552775
2025-12-30 15:09:00+05:30,0.1,0.15,0.05,0.05,687300,8410800
2025-12-30 15:10:00+05:30,0.1,0.1,0.05,0.05,387300,8410800
2025-12-30 15:11:00+05:30,0.05,0.1,0.05,0.1,189075,8410800
2025-12-30 15:12:00+05:30,0.05,0.1,0.05,0.05,92475,8024175
2025-12-30 15:13:00+05:30,0.05,0.1,0.05,0.05,124350,8024175
2025-12-30 15:14:00+05:30,0.05,0.1,0.05,0.05,139200,8024175
2025-12-30 15:15:00+05:30,0.05,0.1,0.05,0.1,221850,7958250
2025-12-30 15:16:00+05:30,0.05,0.1,0.05,0.1,306150,7958250
2025-12-30 15:17:00+05:30,0.1,0.1,0.05,0.1,167025,7958250
2025-12-30 15:18:00+05:30,0.1,0.1,0.05,0.05,113625,7988475
2025-12-30 15:19:00+05:30,0.1,0.1,0.05,0.1,78000,7988475
2025-12-30 15:20:00+05:30,0.05,0.1,0.05,0.05,255375,7988475
2025-12-30 15:21:00+05:30,0.05,0.1,0.05,0.1,325050,7934925
2025-12-30 15:22:00+05:30,0.1,0.1,0.05,0.05,226200,7934925
2025-12-30 15:23:00+05:30,0.05,0.1,0.05,0.05,845775,7934925
2025-12-30 15:24:00+05:30,0.05,0.05,0.05,0.05,806325,6888375
2025-12-30 15:25:00+05:30,0.05,0.05,0.05,0.05,47400,6888375
2025-12-30 15:26:00+05:30,0.05,0.05,0.05,0.05,21750,6888375
2025-12-30 15:27:00+05:30,0.05,0.05,0.05,0.05,73800,6811500
2025-12-30 15:28:00+05:30,0.05,0.05,0.05,0.05,207300,6811500
2025-12-30 15:29:00+05:30,0.05,0.05,0.05,0.05,78675,6811500
