timestamp,open,high,low,close,volume,open_interest
2024-11-21 09:19:00+05:30,592.45,592.45,592.4,592.45,25,6025
2024-11-21 09:20:00+05:30,592.45,592.45,592.45,592.45,0,0
2024-11-21 09:21:00+05:30,592.45,592.45,592.45,592.45,0,0
2024-11-21 09:22:00+05:30,592.45,592.45,592.45,592.45,0,0
2024-11-21 09:23:00+05:30,592.45,592.45,592.45,592.45,0,0
2024-11-21 09:24:00+05:30,592.45,592.45,592.45,592.45,0,0
2024-11-21 09:25:00+05:30,592.45,592.45,592.45,592.45,0,0
2024-11-21 09:26:00+05:30,592.45,592.45,592.45,592.45,0,0
2024-11-21 09:27:00+05:30,592.45,592.45,592.45,592.45,0,0
2024-11-21 09:28:00+05:30,592.45,592.45,592.45,592.45,0,0
2024-11-21 09:29:00+05:30,592.45,592.45,592.45,592.45,0,0
2024-11-21 09:30:00+05:30,592.45,592.45,592.45,592.45,0,0
2024-11-21 09:31:00+05:30,592.45,592.45,592.45,592.45,0,0
2024-11-21 09:32:00+05:30,592.45,592.45,592.45,592.45,0,0
2024-11-21 09:33:00+05:30,592.45,592.45,592.45,592.45,0,0
2024-11-21 09:34:00+05:30,592.45,592.45,592.45,592.45,0,0
2024-11-21 09:35:00+05:30,634.0,634.0,634.0,634.0,50,6000
2024-11-21 09:36:00+05:30,634.0,634.0,634.0,634.0,0,0
2024-11-21 09:37:00+05:30,634.0,634.0,634.0,634.0,0,0
2024-11-21 09:38:00+05:30,634.0,634.0,634.0,634.0,0,0
2024-11-21 09:39:00+05:30,634.0,634.0,634.0,634.0,0,0
2024-11-21 09:40:00+05:30,634.0,634.0,634.0,634.0,0,0
2024-11-21 09:41:00+05:30,634.0,634.0,634.0,634.0,0,0
2024-11-21 09:42:00+05:30,634.0,634.0,634.0,634.0,0,0
2024-11-21 09:43:00+05:30,634.0,634.0,634.0,634.0,0,0
2024-11-21 09:44:00+05:30,634.0,634.0,634.0,634.0,0,0
2024-11-21 09:45:00+05:30,634.0,634.0,634.0,634.0,0,0
2024-11-21 09:46:00+05:30,634.0,634.0,634.0,634.0,0,0
2024-11-21 09:47:00+05:30,634.0,634.0,634.0,634.0,0,0
2024-11-21 09:48:00+05:30,634.0,634.0,634.0,634.0,0,0
2024-11-21 09:49:00+05:30,634.0,634.0,634.0,634.0,0,0
2024-11-21 09:50:00+05:30,634.0,634.0,634.0,634.0,0,0
2024-11-21 09:51:00+05:30,634.0,634.0,634.0,634.0,0,0
2024-11-21 09:52:00+05:30,634.0,634.0,634.0,634.0,0,0
2024-11-21 09:53:00+05:30,634.0,634.0,634.0,634.0,0,0
2024-11-21 09:54:00+05:30,634.0,634.0,634.0,634.0,0,0
2024-11-21 09:55:00+05:30,634.0,634.0,634.0,634.0,0,0
2024-11-21 09:56:00+05:30,634.0,634.0,634.0,634.0,0,0
2024-11-21 09:57:00+05:30,634.0,634.0,634.0,634.0,0,0
2024-11-21 09:58:00+05:30,634.0,634.0,634.0,634.0,0,0
2024-11-21 09:59:00+05:30,634.0,634.0,634.0,634.0,0,0
2024-11-21 10:00:00+05:30,634.0,634.0,634.0,634.0,0,0
2024-11-21 10:01:00+05:30,634.0,634.0,634.0,634.0,0,0
2024-11-21 10:02:00+05:30,634.0,634.0,634.0,634.0,0,0
2024-11-21 10:03:00+05:30,634.0,634.0,634.0,634.0,0,0
2024-11-21 10:04:00+05:30,634.0,634.0,634.0,634.0,0,0
2024-11-21 10:05:00+05:30,634.0,634.0,634.0,634.0,0,0
2024-11-21 10:06:00+05:30,634.0,634.0,634.0,634.0,0,0
2024-11-21 10:07:00+05:30,634.0,634.0,634.0,634.0,0,0
2024-11-21 10:08:00+05:30,634.0,634.0,634.0,634.0,0,0
2024-11-21 10:09:00+05:30,634.0,634.0,634.0,634.0,0,0
2024-11-21 10:10:00+05:30,634.0,634.0,634.0,634.0,0,0
2024-11-21 10:11:00+05:30,634.0,634.0,634.0,634.0,0,0
2024-11-21 10:12:00+05:30,634.0,634.0,634.0,634.0,0,0
2024-11-21 10:13:00+05:30,634.0,634.0,634.0,634.0,0,0
2024-11-21 10:14:00+05:30,634.0,634.0,634.0,634.0,0,0
2024-11-21 10:15:00+05:30,634.0,634.0,634.0,634.0,0,0
2024-11-21 10:16:00+05:30,634.0,634.0,634.0,634.0,0,0
2024-11-21 10:17:00+05:30,634.0,634.0,634.0,634.0,0,0
2024-11-21 10:18:00+05:30,634.0,634.0,634.0,634.0,0,0
2024-11-21 10:19:00+05:30,634.0,634.0,634.0,634.0,0,0
2024-11-21 10:20:00+05:30,634.0,634.0,634.0,634.0,0,0
2024-11-21 10:21:00+05:30,634.0,634.0,634.0,634.0,0,0
2024-11-21 10:22:00+05:30,634.0,634.0,634.0,634.0,0,0
2024-11-21 10:23:00+05:30,634.0,634.0,634.0,634.0,0,0
2024-11-21 10:24:00+05:30,634.0,634.0,634.0,634.0,0,0
2024-11-21 10:25:00+05:30,634.0,634.0,634.0,634.0,0,0
2024-11-21 10:26:00+05:30,634.0,634.0,634.0,634.0,0,0
2024-11-21 10:27:00+05:30,634.0,634.0,634.0,634.0,0,0
2024-11-21 10:28:00+05:30,634.0,634.0,634.0,634.0,0,0
2024-11-21 10:29:00+05:30,634.0,634.0,634.0,634.0,0,0
2024-11-21 10:30:00+05:30,634.0,634.0,634.0,634.0,0,0
2024-11-21 10:31:00+05:30,634.0,634.0,634.0,634.0,0,0
2024-11-21 10:32:00+05:30,634.0,634.0,634.0,634.0,0,0
2024-11-21 10:33:00+05:30,634.0,634.0,634.0,634.0,0,0
2024-11-21 10:34:00+05:30,634.0,634.0,634.0,634.0,0,0
2024-11-21 10:35:00+05:30,634.0,634.0,634.0,634.0,0,0
2024-11-21 10:36:00+05:30,634.0,634.0,634.0,634.0,0,0
2024-11-21 10:37:00+05:30,634.0,634.0,634.0,634.0,0,0
2024-11-21 10:38:00+05:30,634.0,634.0,634.0,634.0,0,0
2024-11-21 10:39:00+05:30,634.0,634.0,634.0,634.0,0,0
2024-11-21 10:40:00+05:30,634.0,634.0,634.0,634.0,0,0
2024-11-21 10:41:00+05:30,634.0,634.0,634.0,634.0,0,0
2024-11-21 10:42:00+05:30,634.0,634.0,634.0,634.0,0,0
2024-11-21 10:43:00+05:30,634.0,634.0,634.0,634.0,0,0
2024-11-21 10:44:00+05:30,634.0,634.0,634.0,634.0,0,0
2024-11-21 10:45:00+05:30,634.0,634.0,634.0,634.0,0,0
2024-11-21 10:46:00+05:30,634.0,634.0,634.0,634.0,0,0
2024-11-21 10:47:00+05:30,634.0,634.0,634.0,634.0,0,0
2024-11-21 10:48:00+05:30,634.0,634.0,634.0,634.0,0,0
2024-11-21 10:49:00+05:30,634.0,634.0,634.0,634.0,0,0
2024-11-21 10:50:00+05:30,634.0,634.0,634.0,634.0,0,0
2024-11-21 10:51:00+05:30,634.0,634.0,634.0,634.0,0,0
2024-11-21 10:52:00+05:30,634.0,634.0,634.0,634.0,0,0
2024-11-21 10:53:00+05:30,634.0,634.0,634.0,634.0,0,0
2024-11-21 10:54:00+05:30,634.0,634.0,634.0,634.0,0,0
2024-11-21 10:55:00+05:30,634.0,634.0,634.0,634.0,0,0
2024-11-21 10:56:00+05:30,634.0,634.0,634.0,634.0,0,0
2024-11-21 10:57:00+05:30,634.0,634.0,634.0,634.0,0,0
2024-11-21 10:58:00+05:30,634.0,634.0,634.0,634.0,0,0
2024-11-21 10:59:00+05:30,634.0,634.0,634.0,634.0,0,0
2024-11-21 11:00:00+05:30,634.0,634.0,634.0,634.0,0,0
2024-11-21 11:01:00+05:30,634.0,634.0,634.0,634.0,0,0
2024-11-21 11:02:00+05:30,634.0,634.0,634.0,634.0,0,0
2024-11-21 11:03:00+05:30,634.0,634.0,634.0,634.0,0,0
2024-11-21 11:04:00+05:30,634.0,634.0,634.0,634.0,0,0
2024-11-21 11:05:00+05:30,634.0,634.0,634.0,634.0,0,0
2024-11-21 11:06:00+05:30,634.0,634.0,634.0,634.0,0,0
2024-11-21 11:07:00+05:30,634.0,634.0,634.0,634.0,0,0
2024-11-21 11:08:00+05:30,634.0,634.0,634.0,634.0,0,0
2024-11-21 11:09:00+05:30,634.0,634.0,634.0,634.0,0,0
2024-11-21 11:10:00+05:30,634.0,634.0,634.0,634.0,0,0
2024-11-21 11:11:00+05:30,634.0,634.0,634.0,634.0,0,0
2024-11-21 11:12:00+05:30,634.0,634.0,634.0,634.0,0,0
2024-11-21 11:13:00+05:30,634.0,634.0,634.0,634.0,0,0
2024-11-21 11:14:00+05:30,634.0,634.0,634.0,634.0,0,0
2024-11-21 11:15:00+05:30,634.0,634.0,634.0,634.0,0,0
2024-11-21 11:16:00+05:30,634.0,634.0,634.0,634.0,0,0
2024-11-21 11:17:00+05:30,634.0,634.0,634.0,634.0,0,0
2024-11-21 11:18:00+05:30,634.0,634.0,634.0,634.0,0,0
2024-11-21 11:19:00+05:30,634.0,634.0,634.0,634.0,0,0
2024-11-21 11:20:00+05:30,634.0,634.0,634.0,634.0,0,0
2024-11-21 11:21:00+05:30,634.0,634.0,634.0,634.0,0,0
2024-11-21 11:22:00+05:30,634.0,634.0,634.0,634.0,0,0
2024-11-21 11:23:00+05:30,634.0,634.0,634.0,634.0,0,0
2024-11-21 11:24:00+05:30,634.0,634.0,634.0,634.0,0,0
2024-11-21 11:25:00+05:30,634.0,634.0,634.0,634.0,0,0
2024-11-21 11:26:00+05:30,634.0,634.0,634.0,634.0,0,0
2024-11-21 11:27:00+05:30,634.0,634.0,634.0,634.0,0,0
2024-11-21 11:28:00+05:30,634.0,634.0,634.0,634.0,0,0
2024-11-21 11:29:00+05:30,634.0,634.0,634.0,634.0,0,0
2024-11-21 11:30:00+05:30,634.0,634.0,634.0,634.0,0,0
2024-11-21 11:31:00+05:30,634.0,634.0,634.0,634.0,0,0
2024-11-21 11:32:00+05:30,634.0,634.0,634.0,634.0,0,0
2024-11-21 11:33:00+05:30,634.0,634.0,634.0,634.0,0,0
2024-11-21 11:34:00+05:30,634.0,634.0,634.0,634.0,0,0
2024-11-21 11:35:00+05:30,634.0,634.0,634.0,634.0,0,0
2024-11-21 11:36:00+05:30,634.0,634.0,634.0,634.0,0,0
2024-11-21 11:37:00+05:30,634.0,634.0,634.0,634.0,0,0
2024-11-21 11:38:00+05:30,634.0,634.0,634.0,634.0,0,0
2024-11-21 11:39:00+05:30,634.0,634.0,634.0,634.0,0,0
2024-11-21 11:40:00+05:30,634.0,634.0,634.0,634.0,0,0
2024-11-21 11:41:00+05:30,634.0,634.0,634.0,634.0,0,0
2024-11-21 11:42:00+05:30,634.0,634.0,634.0,634.0,0,0
2024-11-21 11:43:00+05:30,634.0,634.0,634.0,634.0,0,0
2024-11-21 11:44:00+05:30,634.0,634.0,634.0,634.0,0,0
2024-11-21 11:45:00+05:30,634.0,634.0,634.0,634.0,0,0
2024-11-21 11:46:00+05:30,634.0,634.0,634.0,634.0,0,0
2024-11-21 11:47:00+05:30,634.0,634.0,634.0,634.0,0,0
2024-11-21 11:48:00+05:30,634.0,634.0,634.0,634.0,0,0
2024-11-21 11:49:00+05:30,634.0,634.0,634.0,634.0,0,0
2024-11-21 11:50:00+05:30,634.0,634.0,634.0,634.0,0,0
2024-11-21 11:51:00+05:30,634.0,634.0,634.0,634.0,0,0
2024-11-21 11:52:00+05:30,634.0,634.0,634.0,634.0,0,0
2024-11-21 11:53:00+05:30,634.0,634.0,634.0,634.0,0,0
2024-11-21 11:54:00+05:30,634.0,634.0,634.0,634.0,0,0
2024-11-21 11:55:00+05:30,634.0,634.0,634.0,634.0,0,0
2024-11-21 11:56:00+05:30,634.0,634.0,634.0,634.0,0,0
2024-11-21 11:57:00+05:30,634.0,634.0,634.0,634.0,0,0
2024-11-21 11:58:00+05:30,634.0,634.0,634.0,634.0,0,0
2024-11-21 11:59:00+05:30,634.0,634.0,634.0,634.0,0,0
2024-11-21 12:00:00+05:30,634.0,634.0,634.0,634.0,0,0
2024-11-21 12:01:00+05:30,634.0,634.0,634.0,634.0,0,0
2024-11-21 12:02:00+05:30,634.0,634.0,634.0,634.0,0,0
2024-11-21 12:03:00+05:30,634.0,634.0,634.0,634.0,0,0
2024-11-21 12:04:00+05:30,634.0,634.0,634.0,634.0,0,0
2024-11-21 12:05:00+05:30,634.0,634.0,634.0,634.0,0,0
2024-11-21 12:06:00+05:30,634.0,634.0,634.0,634.0,0,0
2024-11-21 12:07:00+05:30,634.0,634.0,634.0,634.0,0,0
2024-11-21 12:08:00+05:30,634.0,634.0,634.0,634.0,0,0
2024-11-21 12:09:00+05:30,634.0,634.0,634.0,634.0,0,0
2024-11-21 12:10:00+05:30,634.0,634.0,634.0,634.0,0,0
2024-11-21 12:11:00+05:30,634.0,634.0,634.0,634.0,0,0
2024-11-21 12:12:00+05:30,634.0,634.0,634.0,634.0,0,0
2024-11-21 12:13:00+05:30,634.0,634.0,634.0,634.0,0,0
2024-11-21 12:14:00+05:30,634.0,634.0,634.0,634.0,0,0
2024-11-21 12:15:00+05:30,634.0,634.0,634.0,634.0,0,0
2024-11-21 12:16:00+05:30,634.0,634.0,634.0,634.0,0,0
2024-11-21 12:17:00+05:30,634.0,634.0,634.0,634.0,0,0
2024-11-21 12:18:00+05:30,634.0,634.0,634.0,634.0,0,0
2024-11-21 12:19:00+05:30,634.0,634.0,634.0,634.0,0,0
2024-11-21 12:20:00+05:30,634.0,634.0,634.0,634.0,0,0
2024-11-21 12:21:00+05:30,634.0,634.0,634.0,634.0,0,0
2024-11-21 12:22:00+05:30,634.0,634.0,634.0,634.0,0,0
2024-11-21 12:23:00+05:30,634.0,634.0,634.0,634.0,0,0
2024-11-21 12:24:00+05:30,634.0,634.0,634.0,634.0,0,0
2024-11-21 12:25:00+05:30,634.0,634.0,634.0,634.0,0,0
2024-11-21 12:26:00+05:30,634.0,634.0,634.0,634.0,0,0
2024-11-21 12:27:00+05:30,634.0,634.0,634.0,634.0,0,0
2024-11-21 12:28:00+05:30,634.0,634.0,634.0,634.0,0,0
2024-11-21 12:29:00+05:30,634.0,634.0,634.0,634.0,0,0
2024-11-21 12:30:00+05:30,634.0,634.0,634.0,634.0,0,0
2024-11-21 12:31:00+05:30,634.0,634.0,634.0,634.0,0,0
2024-11-21 12:32:00+05:30,634.0,634.0,634.0,634.0,0,0
2024-11-21 12:33:00+05:30,634.0,634.0,634.0,634.0,0,0
2024-11-21 12:34:00+05:30,634.0,634.0,634.0,634.0,0,0
2024-11-21 12:35:00+05:30,634.0,634.0,634.0,634.0,0,0
2024-11-21 12:36:00+05:30,634.0,634.0,634.0,634.0,0,0
2024-11-21 12:37:00+05:30,634.0,634.0,634.0,634.0,0,0
2024-11-21 12:38:00+05:30,634.0,634.0,634.0,634.0,0,0
2024-11-21 12:39:00+05:30,634.0,634.0,634.0,634.0,0,0
2024-11-21 12:40:00+05:30,634.0,634.0,634.0,634.0,0,0
2024-11-21 12:41:00+05:30,634.0,634.0,634.0,634.0,0,0
2024-11-21 12:42:00+05:30,634.0,634.0,634.0,634.0,0,0
2024-11-21 12:43:00+05:30,634.0,634.0,634.0,634.0,0,0
2024-11-21 12:44:00+05:30,634.0,634.0,634.0,634.0,0,0
2024-11-21 12:45:00+05:30,634.0,634.0,634.0,634.0,0,0
2024-11-21 12:46:00+05:30,634.0,634.0,634.0,634.0,0,0
2024-11-21 12:47:00+05:30,634.0,634.0,634.0,634.0,0,0
2024-11-21 12:48:00+05:30,566.04,566.04,566.04,566.04,25,6050
2024-11-21 12:49:00+05:30,566.04,566.04,566.04,566.04,0,0
2024-11-21 12:50:00+05:30,566.04,566.04,566.04,566.04,0,0
2024-11-21 12:51:00+05:30,566.04,566.04,566.04,566.04,0,0
2024-11-21 12:52:00+05:30,566.04,566.04,566.04,566.04,0,0
2024-11-21 12:53:00+05:30,566.04,566.04,566.04,566.04,0,0
2024-11-21 12:54:00+05:30,566.04,566.04,566.04,566.04,0,0
2024-11-21 12:55:00+05:30,566.04,566.04,566.04,566.04,0,0
2024-11-21 12:56:00+05:30,566.04,566.04,566.04,566.04,0,0
2024-11-21 12:57:00+05:30,566.04,566.04,566.04,566.04,0,0
2024-11-21 12:58:00+05:30,566.04,566.04,566.04,566.04,0,0
2024-11-21 12:59:00+05:30,566.04,566.04,566.04,566.04,0,0
2024-11-21 13:00:00+05:30,566.04,566.04,566.04,566.04,0,0
2024-11-21 13:01:00+05:30,566.04,566.04,566.04,566.04,0,0
2024-11-21 13:02:00+05:30,566.04,566.04,566.04,566.04,0,0
2024-11-21 13:03:00+05:30,566.04,566.04,566.04,566.04,0,0
2024-11-21 13:04:00+05:30,566.04,566.04,566.04,566.04,0,0
2024-11-21 13:05:00+05:30,566.04,566.04,566.04,566.04,0,0
2024-11-21 13:06:00+05:30,566.04,566.04,566.04,566.04,0,0
2024-11-21 13:07:00+05:30,566.04,566.04,566.04,566.04,0,0
2024-11-21 13:08:00+05:30,566.04,566.04,566.04,566.04,0,0
2024-11-21 13:09:00+05:30,566.04,566.04,566.04,566.04,0,0
2024-11-21 13:10:00+05:30,566.04,566.04,566.04,566.04,0,0
2024-11-21 13:11:00+05:30,566.04,566.04,566.04,566.04,0,0
2024-11-21 13:12:00+05:30,566.04,566.04,566.04,566.04,0,0
2024-11-21 13:13:00+05:30,566.04,566.04,566.04,566.04,0,0
2024-11-21 13:14:00+05:30,566.04,566.04,566.04,566.04,0,0
2024-11-21 13:15:00+05:30,566.04,566.04,566.04,566.04,0,0
2024-11-21 13:16:00+05:30,566.04,566.04,566.04,566.04,0,0
2024-11-21 13:17:00+05:30,566.04,566.04,566.04,566.04,0,0
2024-11-21 13:18:00+05:30,566.04,566.04,566.04,566.04,0,0
2024-11-21 13:19:00+05:30,566.04,566.04,566.04,566.04,0,0
2024-11-21 13:20:00+05:30,566.04,566.04,566.04,566.04,0,0
2024-11-21 13:21:00+05:30,566.04,566.04,566.04,566.04,0,0
2024-11-21 13:22:00+05:30,566.04,566.04,566.04,566.04,0,0
2024-11-21 13:23:00+05:30,566.04,566.04,566.04,566.04,0,0
2024-11-21 13:24:00+05:30,566.04,566.04,566.04,566.04,0,0
2024-11-21 13:25:00+05:30,566.04,566.04,566.04,566.04,0,0
2024-11-21 13:26:00+05:30,566.04,566.04,566.04,566.04,0,0
2024-11-21 13:27:00+05:30,566.04,566.04,566.04,566.04,0,0
2024-11-21 13:28:00+05:30,566.04,566.04,566.04,566.04,0,0
2024-11-21 13:29:00+05:30,566.04,566.04,566.04,566.04,0,0
2024-11-21 13:30:00+05:30,566.04,566.04,566.04,566.04,0,0
2024-11-21 13:31:00+05:30,566.04,566.04,566.04,566.04,0,0
2024-11-21 13:32:00+05:30,566.04,566.04,566.04,566.04,0,0
2024-11-21 13:33:00+05:30,566.04,566.04,566.04,566.04,0,0
2024-11-21 13:34:00+05:30,566.04,566.04,566.04,566.04,0,0
2024-11-21 13:35:00+05:30,566.04,566.04,566.04,566.04,0,0
2024-11-21 13:36:00+05:30,566.04,566.04,566.04,566.04,0,0
2024-11-21 13:37:00+05:30,566.04,566.04,566.04,566.04,0,0
2024-11-21 13:38:00+05:30,566.04,566.04,566.04,566.04,0,0
2024-11-21 13:39:00+05:30,566.04,566.04,566.04,566.04,0,0
2024-11-21 13:40:00+05:30,566.04,566.04,566.04,566.04,0,0
2024-11-21 13:41:00+05:30,566.04,566.04,566.04,566.04,0,0
2024-11-21 13:42:00+05:30,566.04,566.04,566.04,566.04,0,0
2024-11-21 13:43:00+05:30,566.04,566.04,566.04,566.04,0,0
2024-11-21 13:44:00+05:30,566.04,566.04,566.04,566.04,0,0
2024-11-21 13:45:00+05:30,566.04,566.04,566.04,566.04,0,0
2024-11-21 13:46:00+05:30,566.04,566.04,566.04,566.04,0,0
2024-11-21 13:47:00+05:30,566.04,566.04,566.04,566.04,0,0
2024-11-21 13:48:00+05:30,566.04,566.04,566.04,566.04,0,0
2024-11-21 13:49:00+05:30,566.04,566.04,566.04,566.04,0,0
2024-11-21 13:50:00+05:30,566.04,566.04,566.04,566.04,0,0
2024-11-21 13:51:00+05:30,566.04,566.04,566.04,566.04,0,0
2024-11-21 13:52:00+05:30,566.04,566.04,566.04,566.04,0,0
2024-11-21 13:53:00+05:30,566.04,566.04,566.04,566.04,0,0
2024-11-21 13:54:00+05:30,566.04,566.04,566.04,566.04,0,0
2024-11-21 13:55:00+05:30,566.04,566.04,566.04,566.04,0,0
2024-11-21 13:56:00+05:30,566.04,566.04,566.04,566.04,0,0
2024-11-21 13:57:00+05:30,566.04,566.04,566.04,566.04,0,0
2024-11-21 13:58:00+05:30,566.04,566.04,566.04,566.04,0,0
2024-11-21 13:59:00+05:30,566.04,566.04,566.04,566.04,0,0
2024-11-21 14:00:00+05:30,566.04,566.04,566.04,566.04,0,0
2024-11-21 14:01:00+05:30,566.04,566.04,566.04,566.04,0,0
2024-11-21 14:02:00+05:30,566.04,566.04,566.04,566.04,0,0
2024-11-21 14:03:00+05:30,566.04,566.04,566.04,566.04,0,0
2024-11-21 14:04:00+05:30,566.04,566.04,566.04,566.04,0,0
2024-11-21 14:05:00+05:30,566.04,566.04,566.04,566.04,0,0
2024-11-21 14:06:00+05:30,566.04,566.04,566.04,566.04,0,0
2024-11-21 14:07:00+05:30,566.04,566.04,566.04,566.04,0,0
2024-11-21 14:08:00+05:30,566.04,566.04,566.04,566.04,0,0
2024-11-21 14:09:00+05:30,566.04,566.04,566.04,566.04,0,0
2024-11-21 14:10:00+05:30,566.04,566.04,566.04,566.04,0,0
2024-11-21 14:11:00+05:30,566.04,566.04,566.04,566.04,0,0
2024-11-21 14:12:00+05:30,566.04,566.04,566.04,566.04,0,0
2024-11-21 14:13:00+05:30,566.04,566.04,566.04,566.04,0,0
2024-11-21 14:14:00+05:30,566.04,566.04,566.04,566.04,0,0
2024-11-21 14:15:00+05:30,566.04,566.04,566.04,566.04,0,0
2024-11-21 14:16:00+05:30,566.04,566.04,566.04,566.04,0,0
2024-11-21 14:17:00+05:30,566.04,566.04,566.04,566.04,0,0
2024-11-21 14:18:00+05:30,566.04,566.04,566.04,566.04,0,0
2024-11-21 14:19:00+05:30,566.04,566.04,566.04,566.04,0,0
2024-11-21 14:20:00+05:30,566.04,566.04,566.04,566.04,0,0
2024-11-21 14:21:00+05:30,566.04,566.04,566.04,566.04,0,0
2024-11-21 14:22:00+05:30,566.04,566.04,566.04,566.04,0,0
2024-11-21 14:23:00+05:30,566.04,566.04,566.04,566.04,0,0
2024-11-21 14:24:00+05:30,566.04,566.04,566.04,566.04,0,0
2024-11-21 14:25:00+05:30,566.04,566.04,566.04,566.04,0,0
2024-11-21 14:26:00+05:30,566.04,566.04,566.04,566.04,0,0
2024-11-21 14:27:00+05:30,566.04,566.04,566.04,566.04,0,0
2024-11-21 14:28:00+05:30,566.04,566.04,566.04,566.04,0,0
2024-11-21 14:29:00+05:30,566.04,566.04,566.04,566.04,0,0
2024-11-21 14:30:00+05:30,566.04,566.04,566.04,566.04,0,0
2024-11-21 14:31:00+05:30,566.04,566.04,566.04,566.04,0,0
2024-11-21 14:32:00+05:30,566.04,566.04,566.04,566.04,0,0
2024-11-21 14:33:00+05:30,566.04,566.04,566.04,566.04,0,0
2024-11-21 14:34:00+05:30,566.04,566.04,566.04,566.04,0,0
2024-11-21 14:35:00+05:30,566.04,566.04,566.04,566.04,0,0
2024-11-21 14:36:00+05:30,566.04,566.04,566.04,566.04,0,0
2024-11-21 14:37:00+05:30,566.04,566.04,566.04,566.04,0,0
2024-11-21 14:38:00+05:30,566.04,566.04,566.04,566.04,0,0
2024-11-21 14:39:00+05:30,566.04,566.04,566.04,566.04,0,0
2024-11-21 14:40:00+05:30,566.04,566.04,566.04,566.04,0,0
2024-11-21 14:41:00+05:30,566.04,566.04,566.04,566.04,0,0
2024-11-21 14:42:00+05:30,566.04,566.04,566.04,566.04,0,0
2024-11-21 14:43:00+05:30,566.04,566.04,566.04,566.04,0,0
2024-11-21 14:44:00+05:30,566.04,566.04,566.04,566.04,0,0
2024-11-21 14:45:00+05:30,566.04,566.04,566.04,566.04,0,0
2024-11-21 14:46:00+05:30,599.35,599.35,599.35,599.35,25,6075
2024-11-21 14:47:00+05:30,599.35,599.35,599.35,599.35,0,0
2024-11-21 14:48:00+05:30,599.35,599.35,599.35,599.35,0,0
2024-11-21 14:49:00+05:30,599.35,599.35,599.35,599.35,0,0
2024-11-21 14:50:00+05:30,599.35,599.35,599.35,599.35,0,0
2024-11-21 14:51:00+05:30,599.35,599.35,599.35,599.35,0,0
2024-11-21 14:52:00+05:30,599.35,599.35,599.35,599.35,0,0
2024-11-21 14:53:00+05:30,599.35,599.35,599.35,599.35,0,0
2024-11-21 14:54:00+05:30,599.35,599.35,599.35,599.35,0,0
2024-11-21 14:55:00+05:30,599.35,599.35,599.35,599.35,0,0
2024-11-21 14:56:00+05:30,599.35,599.35,599.35,599.35,0,0
2024-11-21 14:57:00+05:30,616.5,616.5,616.5,616.5,25,6200
2024-11-21 14:58:00+05:30,616.5,616.5,616.5,616.5,0,0
2024-11-21 14:59:00+05:30,616.5,616.5,616.5,616.5,0,0
2024-11-21 15:00:00+05:30,616.5,616.5,616.5,616.5,0,0
2024-11-21 15:01:00+05:30,616.5,616.5,616.5,616.5,0,0
2024-11-21 15:02:00+05:30,616.5,616.5,616.5,616.5,0,0
2024-11-21 15:03:00+05:30,616.5,616.5,616.5,616.5,0,0
2024-11-21 15:04:00+05:30,616.5,616.5,616.5,616.5,0,0
2024-11-21 15:05:00+05:30,616.5,616.5,616.5,616.5,0,0
2024-11-21 15:06:00+05:30,616.5,616.5,616.5,616.5,0,0
2024-11-21 15:07:00+05:30,616.5,616.5,616.5,616.5,0,0
2024-11-21 15:08:00+05:30,616.5,616.5,616.5,616.5,0,0
2024-11-21 15:09:00+05:30,616.5,616.5,616.5,616.5,0,0
2024-11-21 15:10:00+05:30,616.5,616.5,616.5,616.5,0,0
2024-11-21 15:11:00+05:30,616.5,616.5,616.5,616.5,0,0
2024-11-21 15:12:00+05:30,616.5,616.5,616.5,616.5,0,0
2024-11-21 15:13:00+05:30,603.95,603.95,603.95,603.95,25,6175
2024-11-21 15:14:00+05:30,603.95,603.95,603.95,603.95,0,0
2024-11-21 15:15:00+05:30,603.95,603.95,603.95,603.95,0,0
2024-11-21 15:16:00+05:30,603.95,603.95,603.95,603.95,0,0
2024-11-21 15:17:00+05:30,595.0,595.0,595.0,595.0,50,6175
2024-11-21 15:18:00+05:30,595.0,595.0,595.0,595.0,0,0
2024-11-21 15:19:00+05:30,595.0,595.0,595.0,595.0,0,0
2024-11-21 15:20:00+05:30,595.0,595.0,595.0,595.0,0,0
2024-11-21 15:21:00+05:30,595.0,595.0,595.0,595.0,0,0
2024-11-21 15:22:00+05:30,595.0,595.0,595.0,595.0,0,0
2024-11-21 15:23:00+05:30,595.0,595.0,595.0,595.0,0,0
2024-11-21 15:24:00+05:30,595.0,595.0,595.0,595.0,0,0
2024-11-21 15:25:00+05:30,595.0,595.0,595.0,595.0,0,0
2024-11-21 15:26:00+05:30,601.0,601.0,601.0,601.0,100,6175
2024-11-21 15:27:00+05:30,601.0,601.0,601.0,601.0,0,0
2024-11-21 15:28:00+05:30,601.0,601.0,601.0,601.0,0,0
2024-11-21 15:29:00+05:30,601.0,601.0,601.0,601.0,0,0
2024-11-22 09:16:00+05:30,537.04,537.04,535.04,535.04,25,6075
2024-11-22 09:17:00+05:30,535.04,535.04,535.04,535.04,0,0
2024-11-22 09:18:00+05:30,535.04,535.04,535.04,535.04,0,0
2024-11-22 09:19:00+05:30,526.04,526.04,526.04,526.04,25,6175
2024-11-22 09:20:00+05:30,526.04,526.04,526.04,526.04,0,0
2024-11-22 09:21:00+05:30,526.04,526.04,526.04,526.04,0,0
2024-11-22 09:22:00+05:30,526.04,526.04,526.04,526.04,0,0
2024-11-22 09:23:00+05:30,526.04,526.04,526.04,526.04,0,0
2024-11-22 09:24:00+05:30,526.04,526.04,526.04,526.04,0,0
2024-11-22 09:25:00+05:30,526.04,526.04,526.04,526.04,0,0
2024-11-22 09:26:00+05:30,526.04,526.04,526.04,526.04,0,0
2024-11-22 09:27:00+05:30,526.04,526.04,526.04,526.04,0,0
2024-11-22 09:28:00+05:30,449.7,449.7,449.7,449.7,25,6175
2024-11-22 09:29:00+05:30,449.7,449.7,449.7,449.7,0,0
2024-11-22 09:30:00+05:30,449.7,449.7,449.7,449.7,0,0
2024-11-22 09:31:00+05:30,433.2,433.2,433.2,433.2,450,6200
2024-11-22 09:32:00+05:30,433.2,433.2,433.2,433.2,0,0
2024-11-22 09:33:00+05:30,433.2,433.2,433.2,433.2,0,0
2024-11-22 09:34:00+05:30,433.2,433.2,433.2,433.2,0,0
2024-11-22 09:35:00+05:30,433.2,433.2,433.2,433.2,0,0
2024-11-22 09:36:00+05:30,433.2,433.2,433.2,433.2,0,0
2024-11-22 09:37:00+05:30,433.2,433.2,433.2,433.2,0,0
2024-11-22 09:38:00+05:30,433.2,433.2,433.2,433.2,0,0
2024-11-22 09:39:00+05:30,433.2,433.2,433.2,433.2,0,0
2024-11-22 09:40:00+05:30,433.2,433.2,433.2,433.2,0,0
2024-11-22 09:41:00+05:30,433.2,433.2,433.2,433.2,0,0
2024-11-22 09:42:00+05:30,433.2,433.2,433.2,433.2,0,0
2024-11-22 09:43:00+05:30,491.8,491.8,491.8,491.8,100,6200
2024-11-22 09:44:00+05:30,491.8,491.8,491.8,491.8,0,0
2024-11-22 09:45:00+05:30,491.8,491.8,491.8,491.8,0,0
2024-11-22 09:46:00+05:30,491.8,491.8,491.8,491.8,0,0
2024-11-22 09:47:00+05:30,507.95,507.95,507.95,507.95,250,6100
2024-11-22 09:48:00+05:30,505.0,505.0,505.0,505.0,250,6100
2024-11-22 09:49:00+05:30,505.0,505.0,505.0,505.0,0,0
2024-11-22 09:50:00+05:30,505.0,505.0,505.0,505.0,0,0
2024-11-22 09:51:00+05:30,505.0,505.0,505.0,505.0,0,0
2024-11-22 09:52:00+05:30,505.0,505.0,505.0,505.0,0,0
2024-11-22 09:53:00+05:30,524.9,524.9,524.9,524.9,250,6350
2024-11-22 09:54:00+05:30,524.9,524.9,524.9,524.9,0,0
2024-11-22 09:55:00+05:30,524.9,524.9,524.9,524.9,0,0
2024-11-22 09:56:00+05:30,524.9,524.9,524.9,524.9,0,0
2024-11-22 09:57:00+05:30,524.9,524.9,524.9,524.9,0,0
2024-11-22 09:58:00+05:30,524.9,524.9,524.9,524.9,0,0
2024-11-22 09:59:00+05:30,469.45,469.45,469.45,469.45,250,6600
2024-11-22 10:00:00+05:30,469.45,469.45,469.45,469.45,0,0
2024-11-22 10:01:00+05:30,469.45,469.45,469.45,469.45,0,0
2024-11-22 10:02:00+05:30,465.0,465.0,465.0,465.0,25,6350
2024-11-22 10:03:00+05:30,429.95,429.95,429.95,429.95,25,6350
2024-11-22 10:04:00+05:30,429.95,429.95,429.95,429.95,0,0
2024-11-22 10:05:00+05:30,429.95,429.95,429.95,429.95,0,0
2024-11-22 10:06:00+05:30,429.95,429.95,429.95,429.95,0,0
2024-11-22 10:07:00+05:30,429.95,429.95,429.95,429.95,0,0
2024-11-22 10:08:00+05:30,429.95,429.95,429.95,429.95,0,0
2024-11-22 10:09:00+05:30,429.95,429.95,429.95,429.95,0,0
2024-11-22 10:10:00+05:30,411.45,411.45,406.85,409.8,150,6350
2024-11-22 10:11:00+05:30,409.55,410.95,408.35,409.45,375,6350
2024-11-22 10:12:00+05:30,409.45,409.45,409.45,409.45,0,0
2024-11-22 10:13:00+05:30,409.45,409.45,409.45,409.45,0,0
2024-11-22 10:14:00+05:30,405.5,405.5,405.5,405.5,50,6625
2024-11-22 10:15:00+05:30,406.0,406.0,406.0,406.0,50,6625
2024-11-22 10:16:00+05:30,406.0,406.0,406.0,406.0,0,0
2024-11-22 10:17:00+05:30,406.0,406.0,406.0,406.0,0,0
2024-11-22 10:18:00+05:30,406.0,406.0,406.0,406.0,0,0
2024-11-22 10:19:00+05:30,406.0,406.0,406.0,406.0,0,0
2024-11-22 10:20:00+05:30,406.0,406.0,406.0,406.0,0,0
2024-11-22 10:21:00+05:30,406.0,406.0,406.0,406.0,0,0
2024-11-22 10:22:00+05:30,428.55,428.55,405.5,428.1,75,6625
2024-11-22 10:23:00+05:30,428.1,428.1,428.1,428.1,0,0
2024-11-22 10:24:00+05:30,433.5,433.5,433.5,433.5,525,6625
2024-11-22 10:25:00+05:30,439.25,439.25,439.25,439.25,25,6625
2024-11-22 10:26:00+05:30,448.0,448.0,448.0,448.0,25,6575
2024-11-22 10:27:00+05:30,448.0,448.0,448.0,448.0,0,0
2024-11-22 10:28:00+05:30,448.0,448.0,448.0,448.0,0,0
2024-11-22 10:29:00+05:30,448.0,448.0,448.0,448.0,0,0
2024-11-22 10:30:00+05:30,448.0,448.0,448.0,448.0,0,0
2024-11-22 10:31:00+05:30,448.0,448.0,448.0,448.0,0,0
2024-11-22 10:32:00+05:30,448.0,448.0,448.0,448.0,0,0
2024-11-22 10:33:00+05:30,448.0,448.0,448.0,448.0,0,0
2024-11-22 10:34:00+05:30,437.45,437.45,437.45,437.45,50,6600
2024-11-22 10:35:00+05:30,437.45,437.45,437.45,437.45,0,0
2024-11-22 10:36:00+05:30,437.45,437.45,437.45,437.45,0,0
2024-11-22 10:37:00+05:30,436.95,436.95,436.95,436.95,25,6650
2024-11-22 10:38:00+05:30,436.95,436.95,436.95,436.95,0,0
2024-11-22 10:39:00+05:30,436.95,436.95,436.95,436.95,0,0
2024-11-22 10:40:00+05:30,436.95,436.95,436.95,436.95,0,0
2024-11-22 10:41:00+05:30,437.95,437.95,437.95,437.95,50,6675
2024-11-22 10:42:00+05:30,437.95,437.95,437.95,437.95,0,0
2024-11-22 10:43:00+05:30,458.85,458.85,447.35,447.35,100,6675
2024-11-22 10:44:00+05:30,447.35,447.35,447.35,447.35,0,0
2024-11-22 10:45:00+05:30,447.35,447.35,447.35,447.35,0,0
2024-11-22 10:46:00+05:30,447.35,447.35,447.35,447.35,0,0
2024-11-22 10:47:00+05:30,447.35,447.35,447.35,447.35,0,0
2024-11-22 10:48:00+05:30,447.35,447.35,447.35,447.35,0,0
2024-11-22 10:49:00+05:30,447.35,447.35,447.35,447.35,0,0
2024-11-22 10:50:00+05:30,447.35,447.35,447.35,447.35,0,0
2024-11-22 10:51:00+05:30,447.35,447.35,447.35,447.35,0,0
2024-11-22 10:52:00+05:30,447.35,447.35,447.35,447.35,0,0
2024-11-22 10:53:00+05:30,447.35,447.35,447.35,447.35,0,0
2024-11-22 10:54:00+05:30,447.35,447.35,447.35,447.35,0,0
2024-11-22 10:55:00+05:30,447.35,447.35,447.35,447.35,0,0
2024-11-22 10:56:00+05:30,465.0,469.85,465.0,469.85,125,6675
2024-11-22 10:57:00+05:30,469.85,469.85,469.85,469.85,0,0
2024-11-22 10:58:00+05:30,469.85,469.85,469.85,469.85,0,0
2024-11-22 10:59:00+05:30,449.65,449.65,449.65,449.65,50,6650
2024-11-22 11:00:00+05:30,449.65,449.65,449.65,449.65,0,0
2024-11-22 11:01:00+05:30,449.65,449.65,449.65,449.65,0,0
2024-11-22 11:02:00+05:30,449.65,449.65,449.65,449.65,0,0
2024-11-22 11:03:00+05:30,449.65,449.65,449.65,449.65,0,0
2024-11-22 11:04:00+05:30,449.65,449.65,449.65,449.65,0,0
2024-11-22 11:05:00+05:30,449.65,449.65,449.65,449.65,0,0
2024-11-22 11:06:00+05:30,449.65,449.65,449.65,449.65,0,0
2024-11-22 11:07:00+05:30,449.65,449.65,449.65,449.65,0,0
2024-11-22 11:08:00+05:30,449.65,449.65,449.65,449.65,0,0
2024-11-22 11:09:00+05:30,459.45,459.45,459.45,459.45,75,6600
2024-11-22 11:10:00+05:30,459.45,459.45,459.45,459.45,0,0
2024-11-22 11:11:00+05:30,459.45,459.45,459.45,459.45,0,0
2024-11-22 11:12:00+05:30,459.45,459.45,459.45,459.45,0,0
2024-11-22 11:13:00+05:30,459.45,459.45,459.45,459.45,0,0
2024-11-22 11:14:00+05:30,459.45,459.45,459.45,459.45,0,0
2024-11-22 11:15:00+05:30,459.45,459.45,459.45,459.45,0,0
2024-11-22 11:16:00+05:30,459.45,459.45,459.45,459.45,0,0
2024-11-22 11:17:00+05:30,459.45,459.45,459.45,459.45,0,0
2024-11-22 11:18:00+05:30,459.45,459.45,459.45,459.45,0,0
2024-11-22 11:19:00+05:30,459.45,459.45,459.45,459.45,0,0
2024-11-22 11:20:00+05:30,472.35,472.35,472.35,472.35,25,6675
2024-11-22 11:21:00+05:30,472.35,472.35,472.35,472.35,0,0
2024-11-22 11:22:00+05:30,472.35,472.35,472.35,472.35,0,0
2024-11-22 11:23:00+05:30,472.35,472.35,472.35,472.35,0,0
2024-11-22 11:24:00+05:30,472.35,472.35,472.35,472.35,0,0
2024-11-22 11:25:00+05:30,472.35,472.35,472.35,472.35,0,0
2024-11-22 11:26:00+05:30,472.35,472.35,472.35,472.35,0,0
2024-11-22 11:27:00+05:30,472.35,472.35,472.35,472.35,0,0
2024-11-22 11:28:00+05:30,472.35,472.35,472.35,472.35,0,0
2024-11-22 11:29:00+05:30,472.35,472.35,472.35,472.35,0,0
2024-11-22 11:30:00+05:30,472.35,472.35,472.35,472.35,0,0
2024-11-22 11:31:00+05:30,472.35,472.35,472.35,472.35,0,0
2024-11-22 11:32:00+05:30,472.35,472.35,472.35,472.35,0,0
2024-11-22 11:33:00+05:30,472.35,472.35,472.35,472.35,0,0
2024-11-22 11:34:00+05:30,472.35,472.35,472.35,472.35,0,0
2024-11-22 11:35:00+05:30,453.5,453.5,453.5,453.5,25,6675
2024-11-22 11:36:00+05:30,453.5,453.5,453.5,453.5,0,0
2024-11-22 11:37:00+05:30,453.5,453.5,453.5,453.5,0,0
2024-11-22 11:38:00+05:30,453.5,453.5,453.5,453.5,0,0
2024-11-22 11:39:00+05:30,453.5,453.5,453.5,453.5,0,0
2024-11-22 11:40:00+05:30,453.5,453.5,453.5,453.5,0,0
2024-11-22 11:41:00+05:30,453.5,453.5,453.5,453.5,0,0
2024-11-22 11:42:00+05:30,453.5,453.5,453.5,453.5,0,0
2024-11-22 11:43:00+05:30,453.5,453.5,453.5,453.5,0,0
2024-11-22 11:44:00+05:30,453.5,453.5,453.5,453.5,0,0
2024-11-22 11:45:00+05:30,453.5,453.5,453.5,453.5,0,0
2024-11-22 11:46:00+05:30,453.5,453.5,453.5,453.5,0,0
2024-11-22 11:47:00+05:30,418.6,418.6,418.6,418.6,25,6700
2024-11-22 11:48:00+05:30,418.6,418.6,418.6,418.6,0,0
2024-11-22 11:49:00+05:30,418.6,418.6,418.6,418.6,0,0
2024-11-22 11:50:00+05:30,421.45,421.45,421.45,421.45,50,6675
2024-11-22 11:51:00+05:30,418.0,418.0,418.0,418.0,200,6675
2024-11-22 11:52:00+05:30,427.7,427.7,427.7,427.7,50,6875
2024-11-22 11:53:00+05:30,408.5,408.5,408.5,408.5,200,6875
2024-11-22 11:54:00+05:30,406.65,406.65,405.0,405.0,75,6875
2024-11-22 11:55:00+05:30,405.0,405.0,405.0,405.0,0,0
2024-11-22 11:56:00+05:30,404.9,404.9,404.9,404.9,50,6750
2024-11-22 11:57:00+05:30,404.9,404.9,404.9,404.9,0,0
2024-11-22 11:58:00+05:30,404.9,404.9,404.9,404.9,0,0
2024-11-22 11:59:00+05:30,404.9,404.9,404.9,404.9,0,0
2024-11-22 12:00:00+05:30,411.35,411.35,404.9,408.7,100,6700
2024-11-22 12:01:00+05:30,410.6,410.6,410.6,410.6,50,6700
2024-11-22 12:02:00+05:30,410.6,410.6,410.6,410.6,0,0
2024-11-22 12:03:00+05:30,415.0,415.0,415.0,415.0,50,6700
2024-11-22 12:04:00+05:30,415.0,415.0,415.0,415.0,0,0
2024-11-22 12:05:00+05:30,415.0,415.0,415.0,415.0,0,0
2024-11-22 12:06:00+05:30,377.8,377.8,375.0,375.0,75,6700
2024-11-22 12:07:00+05:30,370.0,370.0,370.0,370.0,25,6700
2024-11-22 12:08:00+05:30,363.6,381.5,363.55,381.5,1450,6700
2024-11-22 12:09:00+05:30,373.65,373.65,372.75,372.75,375,6700
2024-11-22 12:10:00+05:30,372.75,372.75,372.75,372.75,0,0
2024-11-22 12:11:00+05:30,372.75,372.75,372.75,372.75,0,0
2024-11-22 12:12:00+05:30,372.75,372.75,372.75,372.75,0,0
2024-11-22 12:13:00+05:30,387.35,387.35,387.35,387.35,50,7650
2024-11-22 12:14:00+05:30,386.15,386.15,386.15,386.15,25,7650
2024-11-22 12:15:00+05:30,377.75,378.0,377.75,378.0,75,7650
2024-11-22 12:16:00+05:30,382.25,388.35,382.25,388.35,100,7750
2024-11-22 12:17:00+05:30,388.35,388.35,388.35,388.35,0,0
2024-11-22 12:18:00+05:30,388.35,388.35,388.35,388.35,0,0
2024-11-22 12:19:00+05:30,397.65,402.0,396.5,402.0,175,7775
2024-11-22 12:20:00+05:30,402.0,402.0,402.0,402.0,0,0
2024-11-22 12:21:00+05:30,402.0,402.0,402.0,402.0,0,0
2024-11-22 12:22:00+05:30,402.0,402.0,402.0,402.0,0,0
2024-11-22 12:23:00+05:30,402.0,402.0,402.0,402.0,0,0
2024-11-22 12:24:00+05:30,402.0,402.0,402.0,402.0,0,0
2024-11-22 12:25:00+05:30,402.0,402.0,402.0,402.0,0,0
2024-11-22 12:26:00+05:30,402.0,402.0,402.0,402.0,0,0
2024-11-22 12:27:00+05:30,402.0,402.0,402.0,402.0,0,0
2024-11-22 12:28:00+05:30,402.0,402.0,402.0,402.0,0,0
2024-11-22 12:29:00+05:30,402.0,402.0,402.0,402.0,0,0
2024-11-22 12:30:00+05:30,402.0,402.0,402.0,402.0,0,0
2024-11-22 12:31:00+05:30,402.0,402.0,402.0,402.0,0,0
2024-11-22 12:32:00+05:30,373.4,373.4,373.4,373.4,25,7675
2024-11-22 12:33:00+05:30,373.4,373.4,373.4,373.4,0,0
2024-11-22 12:34:00+05:30,373.4,373.4,373.4,373.4,0,0
2024-11-22 12:35:00+05:30,373.4,373.4,373.4,373.4,0,0
2024-11-22 12:36:00+05:30,373.4,373.4,373.4,373.4,0,0
2024-11-22 12:37:00+05:30,373.4,373.4,373.4,373.4,0,0
2024-11-22 12:38:00+05:30,383.05,383.05,383.05,383.05,25,7675
2024-11-22 12:39:00+05:30,381.15,381.15,381.15,381.15,25,7675
2024-11-22 12:40:00+05:30,376.05,376.05,370.35,371.15,1400,7725
2024-11-22 12:41:00+05:30,370.05,370.05,360.3,361.15,175,7725
2024-11-22 12:42:00+05:30,361.6,367.1,361.2,361.4,1575,7725
2024-11-22 12:43:00+05:30,361.65,363.8,361.65,363.3,250,10725
2024-11-22 12:44:00+05:30,354.85,360.85,354.35,360.2,200,10725
2024-11-22 12:45:00+05:30,361.4,361.4,361.4,361.4,125,10725
2024-11-22 12:46:00+05:30,361.4,361.4,361.4,361.4,0,0
2024-11-22 12:47:00+05:30,361.4,361.4,361.4,361.4,0,0
2024-11-22 12:48:00+05:30,365.2,365.2,365.2,365.2,50,11100
2024-11-22 12:49:00+05:30,364.1,364.7,348.7,348.7,600,11075
2024-11-22 12:50:00+05:30,354.4,355.0,354.4,355.0,50,11075
2024-11-22 12:51:00+05:30,358.4,366.95,358.4,366.95,150,11075
2024-11-22 12:52:00+05:30,366.95,366.95,366.95,366.95,0,0
2024-11-22 12:53:00+05:30,366.95,366.95,366.95,366.95,0,0
2024-11-22 12:54:00+05:30,362.55,362.55,362.55,362.55,50,11375
2024-11-22 12:55:00+05:30,362.55,362.55,362.55,362.55,0,0
2024-11-22 12:56:00+05:30,362.55,362.55,362.55,362.55,0,0
2024-11-22 12:57:00+05:30,372.95,372.95,372.95,372.95,50,11425
2024-11-22 12:58:00+05:30,369.1,369.1,369.1,369.1,650,11375
2024-11-22 12:59:00+05:30,369.1,369.1,369.1,369.1,0,0
2024-11-22 13:00:00+05:30,369.1,369.1,369.1,369.1,0,0
2024-11-22 13:01:00+05:30,343.85,343.85,343.05,343.05,125,12000
2024-11-22 13:02:00+05:30,348.45,348.45,348.45,348.45,125,12000
2024-11-22 13:03:00+05:30,348.45,348.45,348.45,348.45,0,0
2024-11-22 13:04:00+05:30,350.5,352.55,350.5,351.85,75,12225
2024-11-22 13:05:00+05:30,355.0,355.0,354.05,354.05,225,12225
2024-11-22 13:06:00+05:30,354.05,354.05,354.05,354.05,0,0
2024-11-22 13:07:00+05:30,350.0,350.0,350.0,350.0,25,12225
2024-11-22 13:08:00+05:30,350.0,350.0,350.0,350.0,0,0
2024-11-22 13:09:00+05:30,358.1,359.55,357.2,358.25,175,12375
2024-11-22 13:10:00+05:30,358.25,358.25,358.25,358.25,0,0
2024-11-22 13:11:00+05:30,358.25,358.25,358.25,358.25,0,0
2024-11-22 13:12:00+05:30,364.1,364.1,346.9,346.9,100,12500
2024-11-22 13:13:00+05:30,340.5,340.5,340.5,340.5,50,12550
2024-11-22 13:14:00+05:30,346.0,346.0,346.0,346.0,50,12550
2024-11-22 13:15:00+05:30,342.9,342.9,342.9,342.9,25,12550
2024-11-22 13:16:00+05:30,345.2,345.2,340.5,343.0,50,12625
2024-11-22 13:17:00+05:30,343.0,343.0,343.0,343.0,0,0
2024-11-22 13:18:00+05:30,343.0,343.0,343.0,343.0,0,0
2024-11-22 13:19:00+05:30,335.6,337.4,335.6,337.4,125,12675
2024-11-22 13:20:00+05:30,350.6,350.6,347.95,347.95,200,12675
2024-11-22 13:21:00+05:30,347.95,347.95,347.95,347.95,0,0
2024-11-22 13:22:00+05:30,343.1,343.1,343.1,343.1,25,12675
2024-11-22 13:23:00+05:30,343.1,343.1,343.1,343.1,25,12675
2024-11-22 13:24:00+05:30,335.6,338.95,335.6,337.5,75,12675
2024-11-22 13:25:00+05:30,342.25,342.95,342.25,342.95,50,12800
2024-11-22 13:26:00+05:30,339.4,339.4,339.4,339.4,25,12800
2024-11-22 13:27:00+05:30,346.9,346.9,346.9,346.9,25,12800
2024-11-22 13:28:00+05:30,346.9,346.9,346.9,346.9,0,0
2024-11-22 13:29:00+05:30,346.9,346.9,346.9,346.9,0,0
2024-11-22 13:30:00+05:30,345.35,351.85,345.35,351.85,1025,12825
2024-11-22 13:31:00+05:30,350.5,353.6,350.5,353.6,50,13300
2024-11-22 13:32:00+05:30,359.0,361.8,352.7,361.2,575,13300
2024-11-22 13:33:00+05:30,369.35,369.35,352.45,352.45,100,13300
2024-11-22 13:34:00+05:30,352.45,352.45,352.45,352.45,0,0
2024-11-22 13:35:00+05:30,352.45,352.45,352.45,352.45,0,0
2024-11-22 13:36:00+05:30,352.45,352.45,352.45,352.45,0,0
2024-11-22 13:37:00+05:30,352.45,352.45,352.45,352.45,0,0
2024-11-22 13:38:00+05:30,350.35,350.35,350.35,350.35,100,13600
2024-11-22 13:39:00+05:30,350.35,350.35,350.35,350.35,0,0
2024-11-22 13:40:00+05:30,341.3,348.0,341.3,347.25,75,13575
2024-11-22 13:41:00+05:30,347.25,347.25,347.25,347.25,0,0
2024-11-22 13:42:00+05:30,347.85,347.85,346.75,346.75,75,13575
2024-11-22 13:43:00+05:30,343.8,344.0,343.8,344.0,50,13650
2024-11-22 13:44:00+05:30,339.15,339.15,339.15,339.15,25,13650
2024-11-22 13:45:00+05:30,335.5,335.5,327.2,327.2,75,13650
2024-11-22 13:46:00+05:30,326.6,326.6,326.5,326.5,75,13675
2024-11-22 13:47:00+05:30,332.75,332.75,332.75,332.75,25,13675
2024-11-22 13:48:00+05:30,329.45,329.95,326.55,329.6,150,13675
2024-11-22 13:49:00+05:30,329.6,329.6,329.6,329.6,0,0
2024-11-22 13:50:00+05:30,327.0,327.0,327.0,327.0,1000,13750
2024-11-22 13:51:00+05:30,327.0,327.0,327.0,327.0,0,0
2024-11-22 13:52:00+05:30,318.8,320.64,318.8,320.64,600,14650
2024-11-22 13:53:00+05:30,323.35,323.35,322.6,322.6,50,14650
2024-11-22 13:54:00+05:30,322.6,322.6,322.6,322.6,0,0
2024-11-22 13:55:00+05:30,318.45,318.45,318.45,318.45,700,14800
2024-11-22 13:56:00+05:30,323.75,323.75,323.75,323.75,25,14800
2024-11-22 13:57:00+05:30,323.75,323.75,323.75,323.75,0,0
2024-11-22 13:58:00+05:30,315.6,315.6,315.6,315.6,500,15000
2024-11-22 13:59:00+05:30,302.05,302.05,298.35,299.7,175,15000
2024-11-22 14:00:00+05:30,296.55,298.1,296.55,298.1,100,15000
2024-11-22 14:01:00+05:30,288.7,289.95,283.1,286.14,600,15175
2024-11-22 14:02:00+05:30,287.39,290.0,284.95,289.0,600,15175
2024-11-22 14:03:00+05:30,289.0,289.5,288.0,288.0,175,15175
2024-11-22 14:04:00+05:30,288.25,288.5,286.0,286.0,175,15175
2024-11-22 14:05:00+05:30,286.55,290.0,286.55,290.0,125,15175
2024-11-22 14:06:00+05:30,288.89,290.8,287.6,287.6,425,15175
2024-11-22 14:07:00+05:30,286.3,289.35,281.05,289.35,650,14875
2024-11-22 14:08:00+05:30,286.95,288.35,282.85,282.85,850,14875
2024-11-22 14:09:00+05:30,280.2,281.75,276.8,281.75,1575,14875
2024-11-22 14:10:00+05:30,281.5,287.5,281.5,283.6,675,14500
2024-11-22 14:11:00+05:30,282.35,284.64,282.35,283.0,1400,14500
2024-11-22 14:12:00+05:30,284.14,288.95,283.64,284.7,400,14500
2024-11-22 14:13:00+05:30,286.35,288.3,283.3,288.3,300,15900
2024-11-22 14:14:00+05:30,285.7,294.1,285.7,293.1,1000,15900
2024-11-22 14:15:00+05:30,291.6,301.0,291.6,291.95,525,15900
2024-11-22 14:16:00+05:30,287.35,287.35,280.0,280.0,750,15900
2024-11-22 14:17:00+05:30,278.75,278.75,271.64,273.8,425,15900
2024-11-22 14:18:00+05:30,272.39,274.45,272.39,272.7,625,15900
2024-11-22 14:19:00+05:30,271.14,272.55,270.75,270.85,200,16650
2024-11-22 14:20:00+05:30,270.0,274.6,264.25,274.6,1000,16650
2024-11-22 14:21:00+05:30,274.0,275.3,274.0,275.3,300,16650
2024-11-22 14:22:00+05:30,274.25,282.75,274.25,274.75,125,17275
2024-11-22 14:23:00+05:30,274.0,277.25,273.6,277.25,125,17275
2024-11-22 14:24:00+05:30,276.39,279.3,275.2,276.5,625,17275
2024-11-22 14:25:00+05:30,276.8,287.6,275.45,287.6,375,17600
2024-11-22 14:26:00+05:30,290.5,290.5,277.39,280.2,775,17600
2024-11-22 14:27:00+05:30,282.95,283.64,277.2,277.2,250,17600
2024-11-22 14:28:00+05:30,279.75,283.3,279.2,282.64,450,18225
2024-11-22 14:29:00+05:30,281.0,291.39,281.0,284.8,200,18225
2024-11-22 14:30:00+05:30,286.5,295.64,286.3,287.64,1150,18225
2024-11-22 14:31:00+05:30,293.2,303.39,293.2,302.1,800,18500
2024-11-22 14:32:00+05:30,296.75,296.75,288.1,294.14,1000,18500
2024-11-22 14:33:00+05:30,294.05,296.0,282.2,286.95,550,18500
2024-11-22 14:34:00+05:30,279.95,280.0,276.8,276.8,500,19050
2024-11-22 14:35:00+05:30,279.2,279.39,272.2,275.45,275,19050
2024-11-22 14:36:00+05:30,275.85,282.39,275.0,278.5,725,19050
2024-11-22 14:37:00+05:30,276.7,276.7,276.7,276.7,25,19500
2024-11-22 14:38:00+05:30,279.2,283.95,279.2,283.95,100,19500
2024-11-22 14:39:00+05:30,283.7,284.2,283.7,284.2,75,19500
2024-11-22 14:40:00+05:30,291.39,292.14,287.0,289.75,500,19550
2024-11-22 14:41:00+05:30,289.75,289.75,289.75,289.75,0,0
2024-11-22 14:42:00+05:30,286.1,286.1,286.1,286.1,25,19550
2024-11-22 14:43:00+05:30,281.2,281.2,280.7,280.7,250,19375
2024-11-22 14:44:00+05:30,282.89,282.89,282.89,282.89,200,19375
2024-11-22 14:45:00+05:30,284.75,287.3,284.75,287.3,50,19375
2024-11-22 14:46:00+05:30,288.55,288.55,275.0,275.0,150,19375
2024-11-22 14:47:00+05:30,271.95,271.95,271.95,271.95,1700,19375
2024-11-22 14:48:00+05:30,270.0,271.5,270.0,271.5,375,19375
2024-11-22 14:49:00+05:30,270.0,270.0,256.2,257.05,650,18750
2024-11-22 14:50:00+05:30,255.8,261.6,255.0,257.75,300,18750
2024-11-22 14:51:00+05:30,256.0,256.0,252.65,254.5,225,18750
2024-11-22 14:52:00+05:30,251.1,256.3,243.3,243.3,2050,18925
2024-11-22 14:53:00+05:30,247.7,253.7,242.2,249.3,2125,18925
2024-11-22 14:54:00+05:30,250.65,252.9,248.85,248.85,575,18925
2024-11-22 14:55:00+05:30,248.95,252.35,247.7,252.35,450,20175
2024-11-22 14:56:00+05:30,247.7,252.0,247.1,250.7,1325,20175
2024-11-22 14:57:00+05:30,254.2,254.2,250.0,250.0,1525,20175
2024-11-22 14:58:00+05:30,250.1,251.2,247.6,250.0,1875,20875
2024-11-22 14:59:00+05:30,251.4,259.14,249.4,257.1,2875,20875
2024-11-22 15:00:00+05:30,256.0,262.5,255.85,259.14,4750,20875
2024-11-22 15:01:00+05:30,259.1,266.7,259.1,263.2,3375,23325
2024-11-22 15:02:00+05:30,262.8,268.64,256.25,258.05,2750,23325
2024-11-22 15:03:00+05:30,258.3,262.89,258.3,261.1,1000,23325
2024-11-22 15:04:00+05:30,262.3,263.7,260.6,262.45,500,22875
2024-11-22 15:05:00+05:30,262.45,262.45,253.6,255.05,500,22875
2024-11-22 15:06:00+05:30,249.75,256.1,248.95,249.9,1225,22875
2024-11-22 15:07:00+05:30,252.75,254.2,244.7,244.7,2475,24000
2024-11-22 15:08:00+05:30,246.4,249.4,246.4,247.95,425,24000
2024-11-22 15:09:00+05:30,248.2,251.25,248.2,248.9,1450,24000
2024-11-22 15:10:00+05:30,251.2,251.2,250.0,250.4,1425,26050
2024-11-22 15:11:00+05:30,252.15,254.4,250.0,250.0,2250,26050
2024-11-22 15:12:00+05:30,250.55,250.8,250.0,250.8,575,26050
2024-11-22 15:13:00+05:30,249.65,254.2,249.65,254.2,400,26575
2024-11-22 15:14:00+05:30,253.85,257.39,253.85,257.39,1550,26575
2024-11-22 15:15:00+05:30,260.85,279.14,260.85,273.7,3600,26575
2024-11-22 15:16:00+05:30,273.39,287.55,273.39,286.2,2475,28100
2024-11-22 15:17:00+05:30,281.14,281.14,272.0,277.0,3225,28100
2024-11-22 15:18:00+05:30,276.64,279.14,272.14,272.14,950,28100
2024-11-22 15:19:00+05:30,271.75,279.2,271.5,276.55,1325,30500
2024-11-22 15:20:00+05:30,277.6,283.39,277.6,280.75,1525,30500
2024-11-22 15:21:00+05:30,283.7,285.0,274.6,280.0,2175,30500
2024-11-22 15:22:00+05:30,278.89,278.89,263.0,263.0,1325,32025
2024-11-22 15:23:00+05:30,262.2,264.14,256.89,260.05,1350,32025
2024-11-22 15:24:00+05:30,261.35,266.14,261.35,264.55,1325,32025
2024-11-22 15:25:00+05:30,264.7,267.25,263.7,267.25,1350,32725
2024-11-22 15:26:00+05:30,267.5,268.05,264.6,264.6,1350,32725
2024-11-22 15:27:00+05:30,266.39,266.95,263.25,263.3,2250,32725
2024-11-22 15:28:00+05:30,265.05,267.3,263.35,264.45,2000,31050
2024-11-22 15:29:00+05:30,263.3,263.3,253.2,254.35,950,31050
2024-11-25 09:15:00+05:30,103.05,107.55,100.0,103.6,875,29500
2024-11-25 09:16:00+05:30,100.05,113.0,97.8,111.15,22150,29500
2024-11-25 09:17:00+05:30,111.3,114.5,109.6,114.1,19125,50950
2024-11-25 09:18:00+05:30,112.9,113.4,109.2,109.2,10500,50950
2024-11-25 09:19:00+05:30,108.95,108.95,105.7,107.45,3550,50950
2024-11-25 09:20:00+05:30,107.45,111.15,105.9,111.15,6375,70400
2024-11-25 09:21:00+05:30,111.0,114.9,111.0,114.2,5550,70400
2024-11-25 09:22:00+05:30,115.15,117.55,111.45,113.15,6500,70400
2024-11-25 09:23:00+05:30,109.35,112.0,109.35,111.3,1975,74775
2024-11-25 09:24:00+05:30,111.9,111.9,102.5,104.05,9700,74775
2024-11-25 09:25:00+05:30,104.45,108.55,103.8,108.3,2875,74775
2024-11-25 09:26:00+05:30,108.4,110.6,107.25,110.25,1425,75475
2024-11-25 09:27:00+05:30,109.1,109.1,99.55,99.55,3050,75475
2024-11-25 09:28:00+05:30,99.6,102.95,98.55,99.75,9875,75475
2024-11-25 09:29:00+05:30,98.75,101.45,97.95,100.55,3025,71200
2024-11-25 09:30:00+05:30,99.85,100.9,97.0,100.9,5425,71200
2024-11-25 09:31:00+05:30,100.7,101.65,99.95,101.6,2875,71200
2024-11-25 09:32:00+05:30,101.85,104.8,101.85,102.6,2575,70225
2024-11-25 09:33:00+05:30,102.15,103.7,101.85,101.85,1550,70225
2024-11-25 09:34:00+05:30,103.55,108.15,103.55,106.0,5275,70225
2024-11-25 09:35:00+05:30,105.65,106.65,104.0,105.35,4400,70425
2024-11-25 09:36:00+05:30,105.05,108.7,104.4,108.15,850,70425
2024-11-25 09:37:00+05:30,107.4,107.4,104.5,104.5,500,70425
2024-11-25 09:38:00+05:30,104.8,105.0,100.0,101.7,575,69825
2024-11-25 09:39:00+05:30,98.95,102.15,97.2,101.95,2600,69825
2024-11-25 09:40:00+05:30,103.45,104.55,103.35,104.55,950,69825
2024-11-25 09:41:00+05:30,104.85,105.35,98.55,98.55,3175,69275
2024-11-25 09:42:00+05:30,97.7,98.4,96.9,98.4,8225,69275
2024-11-25 09:43:00+05:30,98.9,101.05,98.9,101.05,400,69275
2024-11-25 09:44:00+05:30,101.55,102.5,101.55,102.05,250,68950
2024-11-25 09:45:00+05:30,100.55,104.2,99.7,104.2,150,68950
2024-11-25 09:46:00+05:30,99.75,99.75,99.75,99.75,25,68950
2024-11-25 09:47:00+05:30,99.45,100.5,99.4,100.3,1600,68800
2024-11-25 09:48:00+05:30,99.0,100.55,98.4,100.55,1650,68800
2024-11-25 09:49:00+05:30,101.1,102.95,101.1,102.95,1025,68800
2024-11-25 09:50:00+05:30,102.35,102.35,100.8,102.05,2300,68350
2024-11-25 09:51:00+05:30,103.35,104.05,102.55,103.35,1725,68350
2024-11-25 09:52:00+05:30,103.65,105.95,103.45,105.95,1500,68350
2024-11-25 09:53:00+05:30,104.6,104.6,101.65,101.8,2900,66350
2024-11-25 09:54:00+05:30,101.3,105.75,100.5,104.2,375,66350
2024-11-25 09:55:00+05:30,105.0,110.75,105.0,108.3,4750,66350
2024-11-25 09:56:00+05:30,107.1,110.2,107.1,108.7,950,68125
2024-11-25 09:57:00+05:30,110.2,111.45,110.1,110.1,2300,68125
2024-11-25 09:58:00+05:30,108.45,109.45,106.55,108.3,1225,68125
2024-11-25 09:59:00+05:30,109.0,110.4,109.0,109.95,1325,69075
2024-11-25 10:00:00+05:30,108.3,108.3,94.85,94.85,5050,69075
2024-11-25 10:01:00+05:30,95.0,100.7,94.75,99.45,7300,69075
2024-11-25 10:02:00+05:30,98.55,98.85,98.2,98.5,1575,69075
2024-11-25 10:03:00+05:30,101.55,101.6,101.4,101.55,625,66125
2024-11-25 10:04:00+05:30,101.35,101.35,101.35,101.35,25,66125
2024-11-25 10:05:00+05:30,103.4,103.4,103.4,103.4,25,66125
2024-11-25 10:06:00+05:30,101.95,101.95,98.45,98.45,1475,65950
2024-11-25 10:07:00+05:30,100.6,100.6,100.25,100.5,250,65950
2024-11-25 10:08:00+05:30,100.85,101.7,100.85,101.7,100,66300
2024-11-25 10:09:00+05:30,103.05,103.1,102.1,102.1,600,66300
2024-11-25 10:10:00+05:30,101.85,102.5,101.85,102.0,725,66300
2024-11-25 10:11:00+05:30,101.9,101.9,99.5,99.5,375,66300
2024-11-25 10:12:00+05:30,102.5,102.5,101.25,101.25,675,66650
2024-11-25 10:13:00+05:30,102.9,103.0,100.65,101.55,725,66650
2024-11-25 10:14:00+05:30,100.7,101.55,100.4,101.55,300,66125
2024-11-25 10:15:00+05:30,102.5,102.85,100.0,100.0,1525,66125
2024-11-25 10:16:00+05:30,97.0,98.9,95.25,95.5,3175,66125
2024-11-25 10:17:00+05:30,94.95,94.95,90.8,91.6,4575,64600
2024-11-25 10:18:00+05:30,91.7,93.1,90.0,93.1,1725,64600
2024-11-25 10:19:00+05:30,93.4,93.8,92.25,92.3,200,64600
2024-11-25 10:20:00+05:30,91.4,92.7,91.4,92.7,500,60400
2024-11-25 10:21:00+05:30,92.15,92.5,91.05,91.05,125,60400
2024-11-25 10:22:00+05:30,92.35,92.35,86.4,89.95,6900,60400
2024-11-25 10:23:00+05:30,90.7,90.8,90.65,90.8,650,62925
2024-11-25 10:24:00+05:30,90.65,91.6,89.7,90.0,3625,62925
2024-11-25 10:25:00+05:30,91.35,91.35,89.7,91.25,825,62925
2024-11-25 10:26:00+05:30,90.8,91.25,90.0,90.9,1525,60850
2024-11-25 10:27:00+05:30,92.5,93.25,92.4,92.5,1200,60850
2024-11-25 10:28:00+05:30,91.5,91.6,90.0,90.2,1275,60850
2024-11-25 10:29:00+05:30,90.05,90.35,90.05,90.35,450,58900
2024-11-25 10:30:00+05:30,90.0,91.2,89.0,89.25,925,58900
2024-11-25 10:31:00+05:30,90.25,90.25,89.0,89.3,175,58900
2024-11-25 10:32:00+05:30,89.35,90.05,89.3,89.5,375,58075
2024-11-25 10:33:00+05:30,88.65,89.1,87.85,87.85,575,58075
2024-11-25 10:34:00+05:30,88.75,89.4,88.55,88.9,1400,58075
2024-11-25 10:35:00+05:30,87.85,88.9,86.3,88.4,800,57700
2024-11-25 10:36:00+05:30,88.3,88.9,88.3,88.75,850,57700
2024-11-25 10:37:00+05:30,88.9,90.65,88.9,89.5,675,57700
2024-11-25 10:38:00+05:30,90.35,91.7,89.95,91.7,1475,58900
2024-11-25 10:39:00+05:30,91.3,91.3,90.65,90.65,50,58900
2024-11-25 10:40:00+05:30,91.3,91.3,88.75,88.9,575,58900
2024-11-25 10:41:00+05:30,89.35,89.35,89.35,89.35,100,59250
2024-11-25 10:42:00+05:30,88.0,89.35,88.0,89.35,50,59250
2024-11-25 10:43:00+05:30,87.4,89.7,87.4,89.7,175,59250
2024-11-25 10:44:00+05:30,89.7,89.8,89.2,89.2,325,59300
2024-11-25 10:45:00+05:30,89.4,89.4,89.4,89.4,25,59300
2024-11-25 10:46:00+05:30,89.8,89.85,89.8,89.85,350,59300
2024-11-25 10:47:00+05:30,89.0,89.15,89.0,89.15,675,59725
2024-11-25 10:48:00+05:30,89.55,89.55,89.0,89.0,600,59725
2024-11-25 10:49:00+05:30,89.0,89.55,89.0,89.55,75,59725
2024-11-25 10:50:00+05:30,89.5,90.55,89.5,90.5,925,59075
2024-11-25 10:51:00+05:30,90.2,90.2,90.2,90.2,100,59075
2024-11-25 10:52:00+05:30,88.55,88.55,88.55,88.55,25,59075
2024-11-25 10:53:00+05:30,88.55,88.55,88.55,88.55,0,0
2024-11-25 10:54:00+05:30,90.05,90.05,89.7,89.8,100,59125
2024-11-25 10:55:00+05:30,89.65,90.3,89.65,90.3,350,59125
2024-11-25 10:56:00+05:30,90.8,91.4,90.35,90.4,1175,59600
2024-11-25 10:57:00+05:30,90.75,91.15,90.0,90.0,925,59600
2024-11-25 10:58:00+05:30,89.35,90.45,89.2,89.25,825,59600
2024-11-25 10:59:00+05:30,89.5,90.35,89.5,90.35,75,59600
2024-11-25 11:00:00+05:30,89.1,89.1,88.15,88.15,400,59850
2024-11-25 11:01:00+05:30,87.95,87.95,83.55,83.7,3300,59850
2024-11-25 11:02:00+05:30,83.4,84.4,81.55,82.55,3750,57275
2024-11-25 11:03:00+05:30,83.15,83.9,82.65,83.9,2275,57275
2024-11-25 11:04:00+05:30,84.15,84.15,83.25,83.6,1275,57275
2024-11-25 11:05:00+05:30,82.7,82.75,81.59,81.65,3100,55550
2024-11-25 11:06:00+05:30,81.84,83.5,81.84,83.5,1725,55550
2024-11-25 11:07:00+05:30,83.35,85.05,83.35,84.15,3575,55550
2024-11-25 11:08:00+05:30,84.6,85.05,84.15,84.7,1075,54325
2024-11-25 11:09:00+05:30,85.2,85.2,85.2,85.2,50,54325
2024-11-25 11:10:00+05:30,85.7,85.7,84.5,84.5,2125,54325
2024-11-25 11:11:00+05:30,84.5,86.15,84.5,86.15,2000,54325
2024-11-25 11:12:00+05:30,86.5,86.6,85.75,86.55,2725,57875
2024-11-25 11:13:00+05:30,87.0,87.0,86.65,86.65,275,57875
2024-11-25 11:14:00+05:30,87.1,87.5,85.0,85.0,900,58275
2024-11-25 11:15:00+05:30,85.0,86.25,84.5,84.5,1600,58275
2024-11-25 11:16:00+05:30,84.2,84.9,83.1,83.2,1525,58275
2024-11-25 11:17:00+05:30,83.5,83.8,83.5,83.5,1850,58175
2024-11-25 11:18:00+05:30,83.75,84.15,83.4,84.15,3825,58175
2024-11-25 11:19:00+05:30,83.35,83.35,83.35,83.35,50,58175
2024-11-25 11:20:00+05:30,83.25,83.25,82.9,82.9,250,58175
2024-11-25 11:21:00+05:30,82.55,82.55,82.1,82.1,575,61150
2024-11-25 11:22:00+05:30,81.9,81.95,81.0,81.3,825,61150
2024-11-25 11:23:00+05:30,81.3,81.3,81.3,81.3,0,0
2024-11-25 11:24:00+05:30,83.3,84.5,83.3,84.1,775,61275
2024-11-25 11:25:00+05:30,83.75,86.7,83.75,86.55,675,61275
2024-11-25 11:26:00+05:30,87.1,88.0,87.1,88.0,2675,62725
2024-11-25 11:27:00+05:30,87.55,88.3,86.3,87.65,1875,62725
2024-11-25 11:28:00+05:30,88.05,88.3,86.55,86.55,1425,62725
2024-11-25 11:29:00+05:30,86.15,86.15,84.1,85.65,1200,63525
2024-11-25 11:30:00+05:30,85.2,85.3,83.65,83.65,300,63525
2024-11-25 11:31:00+05:30,83.55,85.25,83.55,84.6,650,63525
2024-11-25 11:32:00+05:30,84.8,86.0,84.5,86.0,425,63475
2024-11-25 11:33:00+05:30,86.1,86.9,86.1,86.55,850,63475
2024-11-25 11:34:00+05:30,87.55,87.65,87.55,87.65,100,63475
2024-11-25 11:35:00+05:30,87.05,88.75,87.05,88.75,625,64275
2024-11-25 11:36:00+05:30,88.5,90.3,88.5,90.25,825,64275
2024-11-25 11:37:00+05:30,89.9,90.45,87.6,88.7,975,64275
2024-11-25 11:38:00+05:30,88.15,88.15,87.45,87.85,2725,64275
2024-11-25 11:39:00+05:30,88.9,90.3,88.6,89.8,1500,67075
2024-11-25 11:40:00+05:30,89.05,89.05,87.5,88.4,525,67075
2024-11-25 11:41:00+05:30,88.75,89.1,88.3,89.1,125,68025
2024-11-25 11:42:00+05:30,88.95,88.95,88.55,88.55,100,68025
2024-11-25 11:43:00+05:30,88.0,88.05,87.5,88.05,175,68025
2024-11-25 11:44:00+05:30,89.8,89.8,88.95,88.95,300,67775
2024-11-25 11:45:00+05:30,90.5,92.7,90.5,92.45,1025,67775
2024-11-25 11:46:00+05:30,93.35,93.35,91.95,91.95,575,67775
2024-11-25 11:47:00+05:30,93.1,94.45,91.6,91.6,4075,68825
2024-11-25 11:48:00+05:30,92.6,93.75,91.9,92.5,675,68825
2024-11-25 11:49:00+05:30,91.95,93.05,91.95,91.95,375,68825
2024-11-25 11:50:00+05:30,93.0,93.5,93.0,93.5,925,70275
2024-11-25 11:51:00+05:30,94.25,96.05,94.15,95.2,3300,70275
2024-11-25 11:52:00+05:30,94.9,94.9,92.45,93.6,1600,70275
2024-11-25 11:53:00+05:30,94.1,94.3,93.75,93.75,250,71800
2024-11-25 11:54:00+05:30,93.75,93.75,91.65,92.7,2900,71800
2024-11-25 11:55:00+05:30,92.6,92.75,89.05,89.05,775,71800
2024-11-25 11:56:00+05:30,91.15,91.15,90.4,90.4,50,72025
2024-11-25 11:57:00+05:30,90.4,94.1,90.4,92.95,675,72025
2024-11-25 11:58:00+05:30,92.95,92.95,92.95,92.95,0,0
2024-11-25 11:59:00+05:30,94.8,95.0,94.35,94.35,1250,71950
2024-11-25 12:00:00+05:30,95.25,95.3,93.85,93.85,1075,71950
2024-11-25 12:01:00+05:30,94.0,96.25,93.3,93.6,4075,71950
2024-11-25 12:02:00+05:30,94.65,96.75,94.65,95.2,1800,70775
2024-11-25 12:03:00+05:30,99.1,99.1,94.7,95.15,2875,70775
2024-11-25 12:04:00+05:30,94.75,94.95,91.5,91.55,1775,70775
2024-11-25 12:05:00+05:30,92.55,92.6,91.9,91.9,2300,72575
2024-11-25 12:06:00+05:30,90.5,90.5,89.1,89.15,625,72575
2024-11-25 12:07:00+05:30,89.3,89.3,88.55,89.0,1625,72575
2024-11-25 12:08:00+05:30,87.85,87.9,86.55,86.55,225,73225
2024-11-25 12:09:00+05:30,87.45,87.45,87.4,87.4,400,73225
2024-11-25 12:10:00+05:30,88.1,88.1,88.1,88.1,25,73225
2024-11-25 12:11:00+05:30,88.2,88.2,85.25,85.9,725,73125
2024-11-25 12:12:00+05:30,85.45,86.3,85.45,85.75,825,73125
2024-11-25 12:13:00+05:30,86.1,86.2,85.0,86.2,150,73125
2024-11-25 12:14:00+05:30,86.6,87.15,86.6,87.15,450,73125
2024-11-25 12:15:00+05:30,85.7,86.0,85.7,85.75,575,72725
2024-11-25 12:16:00+05:30,86.75,88.0,86.7,88.0,75,72725
2024-11-25 12:17:00+05:30,86.9,88.4,86.5,88.4,3025,72725
2024-11-25 12:18:00+05:30,89.1,89.1,89.05,89.05,425,74350
2024-11-25 12:19:00+05:30,90.0,90.1,89.65,89.9,1225,74350
2024-11-25 12:20:00+05:30,92.0,92.0,92.0,92.0,25,74350
2024-11-25 12:21:00+05:30,88.7,89.75,88.7,89.75,75,75200
2024-11-25 12:22:00+05:30,90.85,90.85,89.4,89.4,525,75200
2024-11-25 12:23:00+05:30,89.4,89.4,89.4,89.4,0,0
2024-11-25 12:24:00+05:30,91.6,91.6,91.0,91.0,1400,75150
2024-11-25 12:25:00+05:30,91.4,91.4,88.7,88.7,325,75150
2024-11-25 12:26:00+05:30,91.05,91.05,89.25,89.95,350,74125
2024-11-25 12:27:00+05:30,89.5,89.5,88.1,88.1,475,74125
2024-11-25 12:28:00+05:30,88.55,89.1,87.8,88.8,750,74125
2024-11-25 12:29:00+05:30,88.95,90.0,88.95,89.6,325,74075
2024-11-25 12:30:00+05:30,89.5,91.7,89.5,91.7,325,74075
2024-11-25 12:31:00+05:30,92.7,92.8,91.8,91.8,1475,74075
2024-11-25 12:32:00+05:30,90.0,90.1,89.2,90.05,425,73975
2024-11-25 12:33:00+05:30,90.15,91.0,90.15,91.0,200,73975
2024-11-25 12:34:00+05:30,90.7,92.05,90.7,92.05,375,73975
2024-11-25 12:35:00+05:30,90.85,92.0,90.85,92.0,275,73975
2024-11-25 12:36:00+05:30,92.4,93.2,92.4,92.75,175,73800
2024-11-25 12:37:00+05:30,92.0,92.0,90.6,91.05,800,73800
2024-11-25 12:38:00+05:30,89.15,89.15,88.15,88.15,400,73775
2024-11-25 12:39:00+05:30,88.1,88.1,88.1,88.1,300,73775
2024-11-25 12:40:00+05:30,87.85,87.85,86.0,86.0,400,73775
2024-11-25 12:41:00+05:30,87.15,87.55,86.3,87.55,3025,73875
2024-11-25 12:42:00+05:30,87.6,88.15,87.6,88.15,225,73875
2024-11-25 12:43:00+05:30,89.35,89.4,88.2,88.2,225,73875
2024-11-25 12:44:00+05:30,89.0,89.0,89.0,89.0,75,73875
2024-11-25 12:45:00+05:30,89.75,89.75,89.35,89.35,425,73875
2024-11-25 12:46:00+05:30,89.6,89.65,89.3,89.3,575,73875
2024-11-25 12:47:00+05:30,90.0,90.45,89.95,90.4,950,73875
2024-11-25 12:48:00+05:30,89.9,92.15,89.9,92.15,1350,74075
2024-11-25 12:49:00+05:30,91.0,91.0,91.0,91.0,75,74075
2024-11-25 12:50:00+05:30,92.8,94.0,92.8,94.0,1100,74500
2024-11-25 12:51:00+05:30,95.25,97.25,94.45,94.45,2575,74500
2024-11-25 12:52:00+05:30,95.85,98.2,95.15,97.7,2875,74500
2024-11-25 12:53:00+05:30,99.65,111.4,99.65,110.1,10500,76950
2024-11-25 12:54:00+05:30,110.4,112.65,105.1,112.3,10600,76950
2024-11-25 12:55:00+05:30,115.0,124.3,112.8,116.0,12875,76950
2024-11-25 12:56:00+05:30,117.35,127.55,115.7,122.75,10200,78950
2024-11-25 12:57:00+05:30,124.55,135.0,122.15,134.75,19800,78950
2024-11-25 12:58:00+05:30,135.6,141.69,127.55,129.44,15700,78950
2024-11-25 12:59:00+05:30,127.25,131.1,121.75,131.1,5000,83350
2024-11-25 13:00:00+05:30,132.19,142.6,131.05,132.4,10800,83350
2024-11-25 13:01:00+05:30,130.19,132.85,123.8,123.8,3425,83350
2024-11-25 13:02:00+05:30,123.7,145.4,123.7,141.75,13300,80350
2024-11-25 13:03:00+05:30,141.19,141.19,129.9,136.05,4225,80350
2024-11-25 13:04:00+05:30,136.5,140.0,134.75,140.0,2725,80350
2024-11-25 13:05:00+05:30,140.35,141.3,134.0,136.94,2975,80225
2024-11-25 13:06:00+05:30,135.55,137.3,133.69,133.69,575,80225
2024-11-25 13:07:00+05:30,133.65,135.6,132.1,135.6,575,80225
2024-11-25 13:08:00+05:30,134.3,144.0,134.3,139.55,2975,80425
2024-11-25 13:09:00+05:30,139.15,139.15,132.5,137.4,31150,80425
2024-11-25 13:10:00+05:30,137.4,137.4,127.25,129.55,5575,80425
2024-11-25 13:11:00+05:30,129.85,129.85,116.75,118.35,7925,104600
2024-11-25 13:12:00+05:30,118.0,118.0,111.15,117.65,2675,104600
2024-11-25 13:13:00+05:30,118.85,122.65,117.05,117.05,2825,104600
2024-11-25 13:14:00+05:30,119.55,122.75,119.55,121.65,1150,104575
2024-11-25 13:15:00+05:30,122.35,122.35,114.45,118.75,2750,104575
2024-11-25 13:16:00+05:30,119.3,121.7,118.3,120.25,625,104575
2024-11-25 13:17:00+05:30,119.25,120.5,118.8,119.2,525,104575
2024-11-25 13:18:00+05:30,121.65,126.0,121.65,125.25,1225,104650
2024-11-25 13:19:00+05:30,124.25,126.05,123.4,126.05,500,104650
2024-11-25 13:20:00+05:30,125.95,128.19,123.9,123.9,1225,104000
2024-11-25 13:21:00+05:30,122.1,122.1,115.8,118.5,3950,104000
2024-11-25 13:22:00+05:30,118.35,120.25,118.35,119.1,325,104000
2024-11-25 13:23:00+05:30,121.9,121.9,121.2,121.2,375,103875
2024-11-25 13:24:00+05:30,122.75,127.0,118.4,118.75,1225,103875
2024-11-25 13:25:00+05:30,120.0,120.0,112.75,112.75,1425,103875
2024-11-25 13:26:00+05:30,112.0,114.7,106.05,107.55,3325,104325
2024-11-25 13:27:00+05:30,107.55,110.95,106.35,110.0,2250,104325
2024-11-25 13:28:00+05:30,109.05,109.05,106.75,107.0,1750,104325
2024-11-25 13:29:00+05:30,106.7,108.25,106.7,107.7,400,104325
2024-11-25 13:30:00+05:30,108.9,113.4,108.9,113.4,525,103625
2024-11-25 13:31:00+05:30,113.35,114.75,112.5,114.75,750,103625
2024-11-25 13:32:00+05:30,115.2,118.85,115.2,117.3,1700,103625
2024-11-25 13:33:00+05:30,117.25,117.25,110.65,113.9,2250,103175
2024-11-25 13:34:00+05:30,113.7,114.3,113.3,113.75,1300,103175
2024-11-25 13:35:00+05:30,113.7,113.7,112.4,113.25,500,104000
2024-11-25 13:36:00+05:30,115.4,116.45,114.35,116.4,500,104000
2024-11-25 13:37:00+05:30,117.45,120.0,117.45,119.85,1125,104000
2024-11-25 13:38:00+05:30,119.9,121.4,117.6,121.4,600,104000
2024-11-25 13:39:00+05:30,118.55,124.1,118.55,123.65,700,104225
2024-11-25 13:40:00+05:30,124.9,125.8,124.45,125.6,1400,104225
2024-11-25 13:41:00+05:30,126.65,130.4,125.9,128.0,1425,104225
2024-11-25 13:42:00+05:30,129.25,129.9,122.65,122.75,2400,104175
2024-11-25 13:43:00+05:30,125.15,125.95,122.25,124.3,1350,104175
2024-11-25 13:44:00+05:30,125.8,125.8,125.45,125.45,75,104175
2024-11-25 13:45:00+05:30,127.0,132.75,127.0,130.9,5975,105250
2024-11-25 13:46:00+05:30,130.94,131.05,128.4,129.0,625,105250
2024-11-25 13:47:00+05:30,128.44,128.55,124.5,128.35,750,105250
2024-11-25 13:48:00+05:30,126.4,126.4,124.35,125.55,250,102975
2024-11-25 13:49:00+05:30,125.9,128.8,125.9,128.8,425,102975
2024-11-25 13:50:00+05:30,128.35,128.5,124.85,125.95,1175,102975
2024-11-25 13:51:00+05:30,127.45,131.6,127.45,131.6,1075,102900
2024-11-25 13:52:00+05:30,132.0,132.69,130.0,130.0,950,102900
2024-11-25 13:53:00+05:30,131.1,133.6,130.8,132.85,950,103075
2024-11-25 13:54:00+05:30,132.69,132.69,127.1,127.1,1125,103075
2024-11-25 13:55:00+05:30,129.0,133.19,128.69,133.19,725,103075
2024-11-25 13:56:00+05:30,132.85,133.8,132.85,132.85,325,103075
2024-11-25 13:57:00+05:30,130.65,130.65,130.05,130.05,400,102850
2024-11-25 13:58:00+05:30,130.69,130.69,122.6,126.0,2325,102850
2024-11-25 13:59:00+05:30,124.95,126.9,122.9,126.9,450,103825
2024-11-25 14:00:00+05:30,128.6,128.6,127.9,127.9,400,103825
2024-11-25 14:01:00+05:30,128.65,131.85,128.6,128.6,1325,103825
2024-11-25 14:02:00+05:30,130.1,130.25,120.2,121.25,2650,103825
2024-11-25 14:03:00+05:30,120.55,120.55,116.85,118.15,1200,104100
2024-11-25 14:04:00+05:30,119.45,121.35,118.4,121.35,650,104100
2024-11-25 14:05:00+05:30,120.0,122.5,120.0,122.5,400,104425
2024-11-25 14:06:00+05:30,122.0,122.0,117.35,119.7,400,104425
2024-11-25 14:07:00+05:30,119.15,119.15,118.8,118.8,200,104425
2024-11-25 14:08:00+05:30,118.1,118.15,113.3,113.3,2050,104425
2024-11-25 14:09:00+05:30,115.25,115.25,112.0,115.0,3475,103525
2024-11-25 14:10:00+05:30,115.8,115.8,113.9,113.9,1150,103525
2024-11-25 14:11:00+05:30,114.0,115.2,111.9,114.85,3050,103525
2024-11-25 14:12:00+05:30,110.95,114.2,109.1,113.3,1200,104225
2024-11-25 14:13:00+05:30,113.9,114.3,113.65,114.3,425,104225
2024-11-25 14:14:00+05:30,114.25,116.9,114.25,116.5,650,104225
2024-11-25 14:15:00+05:30,115.75,117.15,115.75,116.3,675,105125
2024-11-25 14:16:00+05:30,116.3,116.35,113.65,113.65,650,105125
2024-11-25 14:17:00+05:30,114.15,114.45,112.4,112.4,125,105125
2024-11-25 14:18:00+05:30,111.7,111.8,111.7,111.8,375,105475
2024-11-25 14:19:00+05:30,112.8,112.8,111.6,111.6,2125,105475
2024-11-25 14:20:00+05:30,111.6,111.6,111.6,111.6,0,0
2024-11-25 14:21:00+05:30,111.6,111.6,111.6,111.6,0,0
2024-11-25 14:22:00+05:30,116.05,117.75,116.0,117.2,850,106625
2024-11-25 14:23:00+05:30,117.85,122.75,117.85,122.4,450,106625
2024-11-25 14:24:00+05:30,123.6,123.6,121.2,121.2,650,106500
2024-11-25 14:25:00+05:30,120.1,122.2,120.1,120.35,450,106500
2024-11-25 14:26:00+05:30,121.2,121.2,114.95,117.25,425,106500
2024-11-25 14:27:00+05:30,116.15,116.15,113.85,113.85,75,105725
2024-11-25 14:28:00+05:30,113.1,113.95,113.1,113.95,75,105725
2024-11-25 14:29:00+05:30,112.5,114.3,112.5,113.0,1550,105725
2024-11-25 14:30:00+05:30,115.2,116.5,115.2,116.5,275,106000
2024-11-25 14:31:00+05:30,115.35,115.35,115.35,115.35,25,106000
2024-11-25 14:32:00+05:30,120.0,120.0,118.4,118.4,150,106000
2024-11-25 14:33:00+05:30,117.85,117.85,117.55,117.8,1375,106450
2024-11-25 14:34:00+05:30,120.7,120.95,114.8,114.8,925,106450
2024-11-25 14:35:00+05:30,115.45,115.45,113.0,114.0,375,106450
2024-11-25 14:36:00+05:30,113.2,113.7,108.25,108.25,1425,106350
2024-11-25 14:37:00+05:30,110.25,111.45,110.25,111.2,700,106350
2024-11-25 14:38:00+05:30,111.65,111.65,101.55,104.3,3475,106350
2024-11-25 14:39:00+05:30,106.05,106.25,104.95,106.25,625,106300
2024-11-25 14:40:00+05:30,104.4,104.4,100.65,101.8,1250,106300
2024-11-25 14:41:00+05:30,100.4,101.1,99.85,100.0,1800,106300
2024-11-25 14:42:00+05:30,99.95,103.4,99.95,102.05,2200,105625
2024-11-25 14:43:00+05:30,102.6,102.7,100.0,100.1,900,105625
2024-11-25 14:44:00+05:30,100.2,101.9,98.8,98.8,1375,105625
2024-11-25 14:45:00+05:30,99.75,99.75,96.6,96.95,2725,105700
2024-11-25 14:46:00+05:30,96.4,97.45,95.55,97.1,5875,105700
2024-11-25 14:47:00+05:30,97.45,97.45,96.0,96.0,375,105700
2024-11-25 14:48:00+05:30,96.5,98.0,93.7,95.55,1075,106675
2024-11-25 14:49:00+05:30,98.55,99.05,97.85,99.0,2475,106675
2024-11-25 14:50:00+05:30,98.55,102.1,98.55,100.7,1100,106675
2024-11-25 14:51:00+05:30,101.5,103.0,100.5,101.4,3300,104000
2024-11-25 14:52:00+05:30,102.15,102.5,99.5,99.5,2350,104000
2024-11-25 14:53:00+05:30,99.0,100.25,98.35,98.35,525,104000
2024-11-25 14:54:00+05:30,98.7,98.8,97.65,97.65,1175,104350
2024-11-25 14:55:00+05:30,98.5,101.1,98.5,101.1,825,104350
2024-11-25 14:56:00+05:30,100.5,101.9,100.5,101.9,1200,104350
2024-11-25 14:57:00+05:30,101.1,101.8,101.1,101.55,725,104225
2024-11-25 14:58:00+05:30,103.0,105.4,103.0,105.4,675,104225
2024-11-25 14:59:00+05:30,104.75,104.75,102.8,102.95,725,104225
2024-11-25 15:00:00+05:30,104.45,104.45,98.75,101.7,1225,103975
2024-11-25 15:01:00+05:30,105.05,108.0,105.05,107.45,1375,103975
2024-11-25 15:02:00+05:30,108.6,112.8,108.6,112.8,2600,103975
2024-11-25 15:03:00+05:30,112.1,117.9,110.5,116.3,1450,104750
2024-11-25 15:04:00+05:30,117.0,118.5,112.5,112.5,3725,104750
2024-11-25 15:05:00+05:30,115.2,118.2,114.75,117.4,525,104750
2024-11-25 15:06:00+05:30,116.75,116.75,106.6,107.9,1800,105300
2024-11-25 15:07:00+05:30,103.0,103.25,101.0,102.7,1750,105300
2024-11-25 15:08:00+05:30,102.55,104.45,99.7,100.15,2025,105300
2024-11-25 15:09:00+05:30,99.05,102.5,97.95,97.95,1675,106675
2024-11-25 15:10:00+05:30,99.0,102.35,98.75,102.35,625,106675
2024-11-25 15:11:00+05:30,102.15,103.95,102.15,103.7,500,106675
2024-11-25 15:12:00+05:30,103.25,103.25,99.55,100.2,4125,105475
2024-11-25 15:13:00+05:30,100.65,100.65,97.35,97.5,425,105475
2024-11-25 15:14:00+05:30,98.15,99.0,97.0,97.9,2350,105475
2024-11-25 15:15:00+05:30,99.45,99.45,96.45,96.45,925,103725
2024-11-25 15:16:00+05:30,97.0,97.0,91.9,92.25,3425,103725
2024-11-25 15:17:00+05:30,91.95,94.05,91.9,92.0,9050,103725
2024-11-25 15:18:00+05:30,91.25,91.65,89.75,90.85,4475,104600
2024-11-25 15:19:00+05:30,90.85,91.75,90.7,91.5,2275,104600
2024-11-25 15:20:00+05:30,92.5,94.25,92.5,93.85,675,104600
2024-11-25 15:21:00+05:30,93.7,94.35,91.4,91.4,10175,105450
2024-11-25 15:22:00+05:30,91.4,92.1,91.0,91.6,3775,105450
2024-11-25 15:23:00+05:30,91.75,91.75,91.2,91.55,3750,105450
2024-11-25 15:24:00+05:30,91.5,91.7,91.0,91.0,4475,97925
2024-11-25 15:25:00+05:30,91.7,91.85,90.0,90.25,5675,97925
2024-11-25 15:26:00+05:30,90.65,90.65,90.45,90.45,1100,97925
2024-11-25 15:27:00+05:30,90.3,90.6,89.3,89.3,1600,97150
2024-11-25 15:28:00+05:30,89.9,90.45,89.2,89.6,550,97150
2024-11-25 15:29:00+05:30,89.8,91.3,89.0,89.6,2450,97150
2024-11-26 09:15:00+05:30,71.45,93.0,71.45,91.65,4700,95325
2024-11-26 09:16:00+05:30,92.0,93.75,92.0,92.5,42475,95325
2024-11-26 09:17:00+05:30,91.75,94.35,91.05,91.45,9950,95325
2024-11-26 09:18:00+05:30,91.8,91.8,89.05,90.3,1875,98350
2024-11-26 09:19:00+05:30,91.1,91.25,87.65,87.65,3375,98350
2024-11-26 09:20:00+05:30,85.8,89.0,85.75,88.3,2100,98350
2024-11-26 09:21:00+05:30,87.95,88.4,85.65,86.6,6250,92100
2024-11-26 09:22:00+05:30,85.55,86.05,83.45,83.85,2775,92100
2024-11-26 09:23:00+05:30,83.45,88.8,83.4,88.8,5175,92100
2024-11-26 09:24:00+05:30,89.05,90.85,88.45,89.35,1350,89700
2024-11-26 09:25:00+05:30,88.0,90.85,88.0,90.35,2200,89700
2024-11-26 09:26:00+05:30,90.1,93.95,89.8,91.8,5300,89700
2024-11-26 09:27:00+05:30,90.6,93.35,89.45,90.7,3300,89625
2024-11-26 09:28:00+05:30,90.6,90.6,89.9,90.3,1425,89625
2024-11-26 09:29:00+05:30,90.45,91.1,89.4,90.65,1350,89625
2024-11-26 09:30:00+05:30,89.0,90.35,88.85,90.0,2150,86850
2024-11-26 09:31:00+05:30,90.1,90.1,87.4,89.7,1100,86850
2024-11-26 09:32:00+05:30,90.0,90.8,86.0,86.0,4125,86850
2024-11-26 09:33:00+05:30,86.6,89.3,86.6,88.1,3250,86850
2024-11-26 09:34:00+05:30,86.3,87.3,85.7,87.3,2575,88350
2024-11-26 09:35:00+05:30,86.9,90.2,86.9,89.35,2775,88350
2024-11-26 09:36:00+05:30,88.9,91.45,88.9,91.35,2950,91075
2024-11-26 09:37:00+05:30,91.1,92.1,89.3,90.7,1500,91075
2024-11-26 09:38:00+05:30,88.6,91.25,88.6,91.05,825,91075
2024-11-26 09:39:00+05:30,90.85,93.0,90.15,92.75,675,92550
2024-11-26 09:40:00+05:30,92.75,97.9,92.75,96.7,11750,92550
2024-11-26 09:41:00+05:30,96.0,97.45,95.05,95.6,5100,92550
2024-11-26 09:42:00+05:30,94.2,96.2,94.0,94.05,4775,96200
2024-11-26 09:43:00+05:30,97.45,97.75,96.1,97.6,375,96200
2024-11-26 09:44:00+05:30,98.05,101.55,98.05,100.7,1750,96200
2024-11-26 09:45:00+05:30,100.55,101.3,100.0,100.0,900,94825
2024-11-26 09:46:00+05:30,100.45,100.8,97.75,100.5,2375,94825
2024-11-26 09:47:00+05:30,99.6,103.75,99.6,102.25,2000,94825
2024-11-26 09:48:00+05:30,103.55,104.05,101.9,104.05,800,94825
2024-11-26 09:49:00+05:30,101.25,104.15,101.25,102.9,4250,96150
2024-11-26 09:50:00+05:30,103.05,104.0,98.7,98.7,2550,96150
2024-11-26 09:51:00+05:30,97.25,98.1,94.45,96.65,2150,97350
2024-11-26 09:52:00+05:30,97.4,100.0,97.35,100.0,2575,97350
2024-11-26 09:53:00+05:30,98.9,101.6,98.9,101.3,2025,97350
2024-11-26 09:54:00+05:30,100.65,103.0,100.65,102.75,2650,97025
2024-11-26 09:55:00+05:30,101.85,101.85,98.15,98.15,3500,97025
2024-11-26 09:56:00+05:30,98.95,102.3,98.95,101.1,1825,97025
2024-11-26 09:57:00+05:30,102.9,105.2,102.9,104.45,2300,99500
2024-11-26 09:58:00+05:30,104.6,108.3,104.15,108.2,3500,99500
2024-11-26 09:59:00+05:30,106.7,108.3,105.0,107.45,1675,99500
2024-11-26 10:00:00+05:30,106.65,106.65,102.25,102.35,1675,98075
2024-11-26 10:01:00+05:30,102.15,102.2,99.25,101.05,1475,98075
2024-11-26 10:02:00+05:30,101.25,101.25,93.0,97.7,2075,98075
2024-11-26 10:03:00+05:30,98.0,98.75,95.75,96.75,1525,98675
2024-11-26 10:04:00+05:30,99.1,99.1,98.25,98.25,175,98675
2024-11-26 10:05:00+05:30,96.75,101.75,96.4,100.25,1225,98675
2024-11-26 10:06:00+05:30,101.55,101.55,98.0,99.2,3050,99825
2024-11-26 10:07:00+05:30,99.4,101.05,99.4,99.9,375,99825
2024-11-26 10:08:00+05:30,99.15,99.15,99.1,99.1,125,99825
2024-11-26 10:09:00+05:30,99.45,99.55,98.15,98.55,725,99825
2024-11-26 10:10:00+05:30,96.45,98.75,95.8,98.65,1250,99725
2024-11-26 10:11:00+05:30,101.0,101.0,97.9,97.9,2025,99725
2024-11-26 10:12:00+05:30,98.65,99.15,96.95,96.95,450,99575
2024-11-26 10:13:00+05:30,99.1,101.6,99.1,101.6,2025,99575
2024-11-26 10:14:00+05:30,101.0,102.0,100.3,100.3,3750,99575
2024-11-26 10:15:00+05:30,102.0,106.05,102.0,105.25,5875,94575
2024-11-26 10:16:00+05:30,105.3,116.8,104.95,113.9,12250,94575
2024-11-26 10:17:00+05:30,113.75,118.0,111.45,114.85,8325,94575
2024-11-26 10:18:00+05:30,115.6,118.55,114.95,116.2,10275,91250
2024-11-26 10:19:00+05:30,118.6,120.6,118.1,120.5,3500,91250
2024-11-26 10:20:00+05:30,118.55,122.0,118.05,120.0,2525,91250
2024-11-26 10:21:00+05:30,121.2,122.95,118.9,121.15,5050,93650
2024-11-26 10:22:00+05:30,120.9,121.55,117.5,120.25,4050,93650
2024-11-26 10:23:00+05:30,120.3,121.25,117.0,117.0,2800,93650
2024-11-26 10:24:00+05:30,117.6,121.6,117.15,120.75,1675,93650
2024-11-26 10:25:00+05:30,120.35,120.9,117.0,118.65,975,93850
2024-11-26 10:26:00+05:30,116.6,117.05,114.8,114.8,850,93850
2024-11-26 10:27:00+05:30,114.9,114.9,109.25,111.35,2700,93850
2024-11-26 10:28:00+05:30,112.95,114.9,110.8,113.2,600,93250
2024-11-26 10:29:00+05:30,114.3,114.4,110.65,110.65,775,93250
2024-11-26 10:30:00+05:30,110.4,111.3,106.7,110.75,1850,93250
2024-11-26 10:31:00+05:30,110.4,114.8,110.4,113.05,1700,92850
2024-11-26 10:32:00+05:30,115.1,116.4,115.1,116.4,5225,92850
2024-11-26 10:33:00+05:30,116.1,117.65,115.75,117.65,2775,92850
2024-11-26 10:34:00+05:30,117.1,118.1,116.45,116.45,1500,98500
2024-11-26 10:35:00+05:30,116.3,116.7,115.0,115.6,650,98500
2024-11-26 10:36:00+05:30,118.0,118.8,117.0,117.0,475,98500
2024-11-26 10:37:00+05:30,116.2,116.2,111.2,113.25,2075,99150
2024-11-26 10:38:00+05:30,112.8,112.8,108.35,110.55,1900,99150
2024-11-26 10:39:00+05:30,109.8,109.8,105.25,106.15,3125,99150
2024-11-26 10:40:00+05:30,106.5,108.95,106.5,107.8,775,98650
2024-11-26 10:41:00+05:30,110.4,111.5,108.1,110.2,1275,98650
2024-11-26 10:42:00+05:30,111.65,111.65,107.5,107.5,425,98650
2024-11-26 10:43:00+05:30,106.95,109.9,106.15,109.9,1650,98700
2024-11-26 10:44:00+05:30,108.6,109.2,108.6,109.2,825,98700
2024-11-26 10:45:00+05:30,108.9,108.9,102.4,103.5,1575,98700
2024-11-26 10:46:00+05:30,104.5,104.5,103.4,103.9,150,98125
2024-11-26 10:47:00+05:30,104.0,104.0,102.55,103.15,650,98125
2024-11-26 10:48:00+05:30,103.15,103.15,103.15,103.15,0,0
2024-11-26 10:49:00+05:30,107.25,109.55,107.25,109.1,1300,97775
2024-11-26 10:50:00+05:30,109.2,110.45,109.2,110.35,375,97775
2024-11-26 10:51:00+05:30,109.0,109.85,108.6,109.8,675,97775
2024-11-26 10:52:00+05:30,108.95,109.5,107.15,107.15,1200,98025
2024-11-26 10:53:00+05:30,106.5,106.5,100.4,101.65,3275,98025
2024-11-26 10:54:00+05:30,100.4,100.8,99.1,99.1,225,98025
2024-11-26 10:55:00+05:30,100.5,100.5,98.0,100.2,1850,99350
2024-11-26 10:56:00+05:30,100.2,102.9,100.2,102.9,450,99350
2024-11-26 10:57:00+05:30,104.5,106.1,104.1,106.1,175,99350
2024-11-26 10:58:00+05:30,104.05,104.05,101.45,101.8,425,99000
2024-11-26 10:59:00+05:30,104.7,105.0,104.6,105.0,1750,99000
2024-11-26 11:00:00+05:30,104.55,104.95,103.05,104.95,10575,99000
2024-11-26 11:01:00+05:30,102.7,102.7,100.9,100.9,300,93850
2024-11-26 11:02:00+05:30,102.1,103.25,102.1,102.8,700,93850
2024-11-26 11:03:00+05:30,102.7,102.7,102.7,102.7,25,93850
2024-11-26 11:04:00+05:30,100.35,100.35,99.8,100.2,250,93700
2024-11-26 11:05:00+05:30,100.35,102.7,100.35,101.3,100,93700
2024-11-26 11:06:00+05:30,102.4,102.4,102.4,102.4,100,93700
2024-11-26 11:07:00+05:30,102.4,103.45,102.4,103.45,125,93525
2024-11-26 11:08:00+05:30,106.0,106.0,104.4,104.4,250,93525
2024-11-26 11:09:00+05:30,106.85,107.5,106.85,107.5,1050,93525
2024-11-26 11:10:00+05:30,108.5,109.0,106.45,106.45,4625,93275
2024-11-26 11:11:00+05:30,104.7,105.0,104.2,104.2,375,93275
2024-11-26 11:12:00+05:30,105.45,105.45,105.45,105.45,25,93275
2024-11-26 11:13:00+05:30,106.0,106.0,106.0,106.0,50,93100
2024-11-26 11:14:00+05:30,108.2,108.4,108.2,108.4,1425,93100
2024-11-26 11:15:00+05:30,108.2,110.25,108.2,110.1,850,93100
2024-11-26 11:16:00+05:30,109.8,111.2,109.8,110.95,1375,93225
2024-11-26 11:17:00+05:30,110.1,110.1,110.1,110.1,225,93225
2024-11-26 11:18:00+05:30,110.95,111.55,110.7,110.7,1925,93225
2024-11-26 11:19:00+05:30,111.6,112.0,110.1,110.1,1450,93250
2024-11-26 11:20:00+05:30,110.9,110.9,110.45,110.45,150,93250
2024-11-26 11:21:00+05:30,108.0,109.5,107.25,108.7,1025,93250
2024-11-26 11:22:00+05:30,107.25,109.05,107.05,109.05,825,92950
2024-11-26 11:23:00+05:30,108.7,108.7,108.5,108.5,800,92950
2024-11-26 11:24:00+05:30,110.0,110.0,108.1,108.15,75,92950
2024-11-26 11:25:00+05:30,108.0,108.0,106.0,106.0,1150,93100
2024-11-26 11:26:00+05:30,104.95,104.95,103.7,104.15,725,93100
2024-11-26 11:27:00+05:30,104.2,105.75,104.2,105.3,400,93100
2024-11-26 11:28:00+05:30,105.35,106.0,104.75,106.0,350,93550
2024-11-26 11:29:00+05:30,104.5,104.85,104.5,104.85,75,93550
2024-11-26 11:30:00+05:30,106.1,107.25,106.1,107.25,250,93550
2024-11-26 11:31:00+05:30,107.0,107.0,106.65,106.65,50,93500
2024-11-26 11:32:00+05:30,106.05,106.05,103.9,103.9,1325,93500
2024-11-26 11:33:00+05:30,103.9,103.9,103.9,103.9,150,93500
2024-11-26 11:34:00+05:30,102.25,102.85,101.45,102.85,1025,93900
2024-11-26 11:35:00+05:30,100.8,101.9,100.8,101.9,100,93900
2024-11-26 11:36:00+05:30,100.85,101.85,100.2,101.85,150,93900
2024-11-26 11:37:00+05:30,100.6,101.0,99.95,101.0,5225,93675
2024-11-26 11:38:00+05:30,98.45,99.0,98.45,99.0,50,93675
2024-11-26 11:39:00+05:30,99.0,99.1,97.9,98.55,675,93675
2024-11-26 11:40:00+05:30,98.4,98.55,98.0,98.0,175,90300
2024-11-26 11:41:00+05:30,99.4,99.4,96.15,96.15,825,90300
2024-11-26 11:42:00+05:30,97.95,97.95,96.9,96.9,450,90300
2024-11-26 11:43:00+05:30,97.4,98.55,97.4,98.05,175,90625
2024-11-26 11:44:00+05:30,97.7,97.85,97.3,97.85,250,90625
2024-11-26 11:45:00+05:30,97.9,99.9,97.45,98.0,1025,90625
2024-11-26 11:46:00+05:30,98.75,98.95,98.3,98.4,1450,90825
2024-11-26 11:47:00+05:30,98.95,99.25,98.0,98.9,1050,90825
2024-11-26 11:48:00+05:30,98.0,99.65,98.0,99.65,150,90825
2024-11-26 11:49:00+05:30,99.6,100.85,99.6,100.55,500,90900
2024-11-26 11:50:00+05:30,100.75,100.75,99.4,99.4,700,90900
2024-11-26 11:51:00+05:30,98.9,100.8,98.9,100.8,1225,90900
2024-11-26 11:52:00+05:30,100.85,101.4,96.8,96.8,1800,90825
2024-11-26 11:53:00+05:30,97.55,98.1,97.55,98.1,825,90825
2024-11-26 11:54:00+05:30,97.75,100.4,97.75,100.4,675,90825
2024-11-26 11:55:00+05:30,100.4,101.35,99.6,99.6,1850,89800
2024-11-26 11:56:00+05:30,99.5,101.05,99.5,100.9,2525,89800
2024-11-26 11:57:00+05:30,101.65,104.15,101.55,104.15,1450,89800
2024-11-26 11:58:00+05:30,103.45,103.75,102.4,102.4,575,89750
2024-11-26 11:59:00+05:30,102.2,102.2,101.5,101.55,650,89750
2024-11-26 12:00:00+05:30,102.9,103.0,102.9,103.0,375,89750
2024-11-26 12:01:00+05:30,102.95,103.75,102.9,103.75,625,89750
2024-11-26 12:02:00+05:30,105.55,105.8,104.3,104.4,375,89750
2024-11-26 12:03:00+05:30,104.55,104.55,102.45,103.05,175,89750
2024-11-26 12:04:00+05:30,105.5,105.5,105.35,105.35,50,89550
2024-11-26 12:05:00+05:30,106.25,107.25,106.25,106.7,625,89550
2024-11-26 12:06:00+05:30,108.5,108.5,107.5,107.8,575,89550
2024-11-26 12:07:00+05:30,108.45,108.45,106.8,107.2,1300,89700
2024-11-26 12:08:00+05:30,108.5,108.75,106.9,106.9,350,89700
2024-11-26 12:09:00+05:30,107.3,108.75,107.3,108.35,1075,89700
2024-11-26 12:10:00+05:30,107.45,108.45,106.1,108.15,6975,88950
2024-11-26 12:11:00+05:30,108.0,108.0,104.8,106.4,1450,88950
2024-11-26 12:12:00+05:30,106.0,106.65,105.8,105.8,425,88950
2024-11-26 12:13:00+05:30,109.45,112.1,109.45,110.95,1025,86850
2024-11-26 12:14:00+05:30,111.65,111.65,108.25,108.25,3175,86850
2024-11-26 12:15:00+05:30,107.5,107.5,105.5,105.7,2250,86850
2024-11-26 12:16:00+05:30,106.35,107.1,106.35,107.1,675,87625
2024-11-26 12:17:00+05:30,107.75,107.75,107.75,107.75,200,87625
2024-11-26 12:18:00+05:30,110.3,110.45,109.9,109.9,1300,87625
2024-11-26 12:19:00+05:30,110.5,111.15,110.35,110.35,150,86800
2024-11-26 12:20:00+05:30,114.25,119.65,114.25,117.65,13875,86800
2024-11-26 12:21:00+05:30,118.65,121.0,118.0,118.0,5550,86800
2024-11-26 12:22:00+05:30,116.55,116.55,114.15,114.55,5125,84475
2024-11-26 12:23:00+05:30,115.5,116.1,114.5,115.7,1150,84475
2024-11-26 12:24:00+05:30,115.4,125.0,115.4,124.35,10800,84475
2024-11-26 12:25:00+05:30,124.25,124.3,120.45,121.8,3900,82025
2024-11-26 12:26:00+05:30,121.2,121.2,117.25,118.5,1425,82025
2024-11-26 12:27:00+05:30,119.45,119.45,115.55,117.95,1675,82025
2024-11-26 12:28:00+05:30,119.25,120.5,118.8,118.8,500,82150
2024-11-26 12:29:00+05:30,118.8,120.65,118.8,119.35,1125,82150
2024-11-26 12:30:00+05:30,122.0,126.0,119.95,124.75,2650,82150
2024-11-26 12:31:00+05:30,124.3,124.3,120.0,121.5,29025,82050
2024-11-26 12:32:00+05:30,122.0,122.15,119.25,119.25,2450,82050
2024-11-26 12:33:00+05:30,119.45,120.05,116.95,120.05,2625,82050
2024-11-26 12:34:00+05:30,120.75,121.35,120.1,120.25,1525,101425
2024-11-26 12:35:00+05:30,120.7,121.5,119.75,120.0,1650,101425
2024-11-26 12:36:00+05:30,120.6,120.7,119.7,120.7,1025,101425
2024-11-26 12:37:00+05:30,118.85,118.85,116.4,116.4,825,103550
2024-11-26 12:38:00+05:30,119.25,120.7,117.4,120.55,925,103550
2024-11-26 12:39:00+05:30,119.7,119.9,117.35,117.75,225,103550
2024-11-26 12:40:00+05:30,119.0,119.0,118.05,118.05,425,103550
2024-11-26 12:41:00+05:30,118.6,118.6,116.0,116.65,1850,103775
2024-11-26 12:42:00+05:30,116.2,117.0,113.95,117.0,1000,103775
2024-11-26 12:43:00+05:30,117.2,117.2,112.9,114.0,1025,103275
2024-11-26 12:44:00+05:30,112.3,113.1,112.25,113.1,700,103275
2024-11-26 12:45:00+05:30,112.75,112.75,108.95,108.95,1675,103275
2024-11-26 12:46:00+05:30,109.55,110.1,107.3,108.25,5700,100300
2024-11-26 12:47:00+05:30,111.4,111.4,111.0,111.0,325,100300
2024-11-26 12:48:00+05:30,111.95,112.3,110.4,111.4,1475,100300
2024-11-26 12:49:00+05:30,112.25,112.25,108.35,108.7,2125,101500
2024-11-26 12:50:00+05:30,108.35,110.75,108.35,110.75,175,101500
2024-11-26 12:51:00+05:30,111.6,112.2,111.1,112.0,725,101500
2024-11-26 12:52:00+05:30,110.85,110.85,108.85,109.45,825,102475
2024-11-26 12:53:00+05:30,109.2,109.2,107.65,108.4,1625,102475
2024-11-26 12:54:00+05:30,108.6,108.6,108.6,108.6,150,102475
2024-11-26 12:55:00+05:30,110.4,110.4,109.4,110.4,225,102025
2024-11-26 12:56:00+05:30,109.0,109.0,103.65,104.1,2850,102025
2024-11-26 12:57:00+05:30,103.35,103.75,102.4,103.75,1925,102025
2024-11-26 12:58:00+05:30,104.7,105.6,104.7,105.55,450,100625
2024-11-26 12:59:00+05:30,105.8,107.55,105.8,107.55,850,100625
2024-11-26 13:00:00+05:30,107.8,107.95,106.35,107.9,500,100625
2024-11-26 13:01:00+05:30,109.5,111.9,109.5,111.6,2425,102075
2024-11-26 13:02:00+05:30,111.75,112.2,110.85,110.85,1650,102075
2024-11-26 13:03:00+05:30,110.05,111.0,110.05,111.0,225,102075
2024-11-26 13:04:00+05:30,110.35,110.35,109.85,109.85,150,101800
2024-11-26 13:05:00+05:30,110.4,110.4,110.3,110.3,50,101800
2024-11-26 13:06:00+05:30,110.0,110.0,110.0,110.0,25,101800
2024-11-26 13:07:00+05:30,109.85,111.15,109.85,111.15,475,101800
2024-11-26 13:08:00+05:30,110.9,110.9,110.05,110.05,100,101800
2024-11-26 13:09:00+05:30,109.8,113.75,109.8,113.45,1300,101800
2024-11-26 13:10:00+05:30,113.95,113.95,110.45,110.45,1900,100975
2024-11-26 13:11:00+05:30,111.3,111.3,111.3,111.3,75,100975
2024-11-26 13:12:00+05:30,110.55,110.55,109.4,109.4,250,100975
2024-11-26 13:13:00+05:30,109.4,109.4,109.4,109.4,0,0
2024-11-26 13:14:00+05:30,111.1,111.1,111.1,111.1,800,101350
2024-11-26 13:15:00+05:30,110.15,110.15,107.25,107.55,625,101350
2024-11-26 13:16:00+05:30,107.55,107.7,106.6,107.7,825,100700
2024-11-26 13:17:00+05:30,107.8,107.8,105.0,105.55,1975,100700
2024-11-26 13:18:00+05:30,104.7,105.3,104.15,105.3,1125,100700
2024-11-26 13:19:00+05:30,105.25,105.25,104.45,104.45,250,100675
2024-11-26 13:20:00+05:30,104.85,104.85,103.05,103.25,775,100675
2024-11-26 13:21:00+05:30,103.95,103.95,99.4,101.85,2075,100675
2024-11-26 13:22:00+05:30,102.1,104.5,102.1,104.1,375,100650
2024-11-26 13:23:00+05:30,106.1,106.15,106.1,106.15,50,100650
2024-11-26 13:24:00+05:30,107.05,107.6,107.05,107.6,625,100650
2024-11-26 13:25:00+05:30,108.15,109.0,108.1,108.4,250,101050
2024-11-26 13:26:00+05:30,108.25,109.0,108.25,108.85,675,101050
2024-11-26 13:27:00+05:30,109.5,109.5,108.95,108.95,575,101050
2024-11-26 13:28:00+05:30,108.8,109.6,108.8,109.05,325,100375
2024-11-26 13:29:00+05:30,110.65,111.25,110.65,111.0,125,100375
2024-11-26 13:30:00+05:30,112.3,112.6,111.8,111.8,1700,100375
2024-11-26 13:31:00+05:30,110.5,111.35,110.5,111.35,150,100450
2024-11-26 13:32:00+05:30,114.05,114.4,113.55,113.9,800,100450
2024-11-26 13:33:00+05:30,114.0,114.55,112.95,112.95,2850,100450
2024-11-26 13:34:00+05:30,111.9,112.05,110.75,111.0,1000,100225
2024-11-26 13:35:00+05:30,110.55,110.55,108.65,109.15,925,100225
2024-11-26 13:36:00+05:30,109.15,109.15,109.15,109.15,0,0
2024-11-26 13:37:00+05:30,110.1,114.2,110.1,114.0,775,99800
2024-11-26 13:38:00+05:30,114.35,120.25,114.0,120.25,5650,99800
2024-11-26 13:39:00+05:30,120.15,124.25,118.15,118.15,4000,99800
2024-11-26 13:40:00+05:30,118.0,120.05,118.0,120.05,1400,97600
2024-11-26 13:41:00+05:30,120.15,120.15,118.7,118.7,275,97600
2024-11-26 13:42:00+05:30,116.9,119.1,114.1,114.1,775,97600
2024-11-26 13:43:00+05:30,114.8,115.9,113.1,115.9,1725,97075
2024-11-26 13:44:00+05:30,116.65,116.65,113.25,114.15,125,97075
2024-11-26 13:45:00+05:30,113.75,114.0,111.85,114.0,1250,97075
2024-11-26 13:46:00+05:30,115.6,115.6,113.35,113.35,475,97850
2024-11-26 13:47:00+05:30,113.15,113.15,112.0,112.0,250,97850
2024-11-26 13:48:00+05:30,111.7,111.7,105.55,105.8,1525,97850
2024-11-26 13:49:00+05:30,106.6,106.6,102.45,102.45,2075,98000
2024-11-26 13:50:00+05:30,103.0,103.85,103.0,103.85,1450,98000
2024-11-26 13:51:00+05:30,105.5,107.1,105.5,106.8,525,98000
2024-11-26 13:52:00+05:30,106.8,106.8,106.8,106.8,0,0
2024-11-26 13:53:00+05:30,106.8,107.85,106.8,107.85,650,98875
2024-11-26 13:54:00+05:30,106.1,106.1,105.6,105.6,1050,98875
2024-11-26 13:55:00+05:30,104.25,104.25,102.75,102.75,400,98800
2024-11-26 13:56:00+05:30,102.75,102.75,99.4,101.15,1750,98800
2024-11-26 13:57:00+05:30,104.1,105.15,104.05,104.95,1575,98800
2024-11-26 13:58:00+05:30,104.75,104.75,102.35,102.35,800,100000
2024-11-26 13:59:00+05:30,101.7,102.0,98.3,99.3,1500,100000
2024-11-26 14:00:00+05:30,100.15,104.4,99.7,104.4,800,100000
2024-11-26 14:01:00+05:30,104.05,104.85,104.05,104.3,575,99325
2024-11-26 14:02:00+05:30,103.3,104.75,103.3,104.75,175,99325
2024-11-26 14:03:00+05:30,106.4,106.6,106.15,106.6,75,99325
2024-11-26 14:04:00+05:30,104.35,104.35,100.6,101.05,1800,99475
2024-11-26 14:05:00+05:30,100.95,101.3,100.5,100.5,400,99475
2024-11-26 14:06:00+05:30,106.15,106.15,105.55,105.55,1475,99475
2024-11-26 14:07:00+05:30,105.85,106.35,105.05,106.1,1250,98250
2024-11-26 14:08:00+05:30,107.55,108.5,107.55,108.1,300,98250
2024-11-26 14:09:00+05:30,108.0,108.0,106.5,106.5,1150,98250
2024-11-26 14:10:00+05:30,106.8,106.8,105.6,105.6,825,98250
2024-11-26 14:11:00+05:30,106.6,106.6,103.75,103.75,300,99000
2024-11-26 14:12:00+05:30,105.05,105.05,105.05,105.05,100,99000
2024-11-26 14:13:00+05:30,102.9,103.15,101.7,102.9,350,99000
2024-11-26 14:14:00+05:30,101.65,104.4,101.65,104.4,125,99000
2024-11-26 14:15:00+05:30,103.85,104.1,102.55,102.55,500,99000
2024-11-26 14:16:00+05:30,102.1,102.55,101.85,102.55,200,99000
2024-11-26 14:17:00+05:30,102.15,102.15,100.0,100.8,450,98900
2024-11-26 14:18:00+05:30,100.6,100.6,100.5,100.5,400,98900
2024-11-26 14:19:00+05:30,100.5,100.95,98.4,100.05,1775,98950
2024-11-26 14:20:00+05:30,100.5,100.5,100.0,100.0,200,98950
2024-11-26 14:21:00+05:30,100.25,102.0,100.25,102.0,475,98950
2024-11-26 14:22:00+05:30,100.0,100.0,99.65,99.65,125,99775
2024-11-26 14:23:00+05:30,99.65,101.0,98.0,100.15,1500,99775
2024-11-26 14:24:00+05:30,99.9,99.9,99.0,99.2,200,99775
2024-11-26 14:25:00+05:30,98.95,98.95,96.15,96.95,950,99400
2024-11-26 14:26:00+05:30,97.1,101.8,97.1,101.8,800,99400
2024-11-26 14:27:00+05:30,101.25,103.2,101.25,103.2,625,99400
2024-11-26 14:28:00+05:30,103.45,103.45,102.9,103.2,500,99500
2024-11-26 14:29:00+05:30,104.0,105.0,104.0,105.0,225,99500
2024-11-26 14:30:00+05:30,102.6,102.6,101.9,102.35,1100,99500
2024-11-26 14:31:00+05:30,102.0,102.0,100.1,100.65,1025,100025
2024-11-26 14:32:00+05:30,101.05,101.05,99.55,100.05,275,100025
2024-11-26 14:33:00+05:30,99.35,99.35,97.9,98.95,825,100025
2024-11-26 14:34:00+05:30,99.85,100.0,98.3,99.1,425,100025
2024-11-26 14:35:00+05:30,98.9,99.15,97.8,99.15,275,100250
2024-11-26 14:36:00+05:30,97.75,97.75,95.45,95.95,1625,100250
2024-11-26 14:37:00+05:30,95.55,96.65,95.55,96.3,550,100625
2024-11-26 14:38:00+05:30,95.05,95.05,92.0,92.85,725,100625
2024-11-26 14:39:00+05:30,92.75,92.75,89.35,90.4,1875,100625
2024-11-26 14:40:00+05:30,91.05,91.65,88.5,90.1,3950,100200
2024-11-26 14:41:00+05:30,90.05,90.25,89.2,90.25,575,100200
2024-11-26 14:42:00+05:30,90.2,90.2,88.95,88.95,1025,100200
2024-11-26 14:43:00+05:30,89.35,89.35,86.15,87.35,2025,100200
2024-11-26 14:44:00+05:30,87.7,87.85,85.7,87.85,2675,98700
2024-11-26 14:45:00+05:30,89.2,90.0,88.9,90.0,450,98700
2024-11-26 14:46:00+05:30,91.15,92.45,90.8,91.25,1250,97050
2024-11-26 14:47:00+05:30,91.3,91.3,91.3,91.3,75,97050
2024-11-26 14:48:00+05:30,91.05,93.05,91.05,93.05,275,97050
2024-11-26 14:49:00+05:30,91.95,92.25,91.95,92.25,1600,98350
2024-11-26 14:50:00+05:30,91.2,91.2,90.7,90.7,875,98350
2024-11-26 14:51:00+05:30,89.65,89.75,88.4,88.55,1450,98350
2024-11-26 14:52:00+05:30,88.45,88.45,88.45,88.45,200,98350
2024-11-26 14:53:00+05:30,90.0,90.65,90.0,90.6,1275,98950
2024-11-26 14:54:00+05:30,89.05,90.15,89.05,89.45,600,98950
2024-11-26 14:55:00+05:30,88.5,89.05,88.5,89.05,75,98950
2024-11-26 14:56:00+05:30,88.6,88.6,87.75,88.0,325,98125
2024-11-26 14:57:00+05:30,87.3,87.35,84.75,85.55,2125,98125
2024-11-26 14:58:00+05:30,84.6,84.7,82.45,83.8,4225,100125
2024-11-26 14:59:00+05:30,84.85,86.05,84.65,86.05,1250,100125
2024-11-26 15:00:00+05:30,85.0,89.85,85.0,89.3,875,100125
2024-11-26 15:01:00+05:30,89.6,94.5,89.6,93.75,8050,99700
2024-11-26 15:02:00+05:30,94.55,98.3,94.0,94.95,4850,99700
2024-11-26 15:03:00+05:30,95.55,96.65,94.75,94.75,5025,99700
2024-11-26 15:04:00+05:30,95.3,96.0,94.55,95.15,3375,104825
2024-11-26 15:05:00+05:30,95.75,101.45,95.75,101.45,3875,104825
2024-11-26 15:06:00+05:30,100.8,103.05,100.2,102.1,3350,104825
2024-11-26 15:07:00+05:30,101.45,101.45,97.0,98.15,700,106350
2024-11-26 15:08:00+05:30,99.35,99.35,97.4,97.8,575,106350
2024-11-26 15:09:00+05:30,98.4,98.4,96.25,97.1,2175,106350
2024-11-26 15:10:00+05:30,96.1,99.5,96.1,99.5,1550,106975
2024-11-26 15:11:00+05:30,97.6,97.6,95.8,95.9,1150,106975
2024-11-26 15:12:00+05:30,95.0,95.0,91.4,91.85,2375,106975
2024-11-26 15:13:00+05:30,93.0,93.9,93.0,93.75,100,106975
2024-11-26 15:14:00+05:30,94.45,94.45,90.9,92.4,1500,106675
2024-11-26 15:15:00+05:30,92.2,95.3,92.2,95.0,1000,106675
2024-11-26 15:16:00+05:30,95.6,96.1,95.0,96.1,3875,105500
2024-11-26 15:17:00+05:30,96.05,96.6,96.05,96.6,125,105500
2024-11-26 15:18:00+05:30,96.7,97.6,96.7,97.45,1550,105500
2024-11-26 15:19:00+05:30,97.45,97.9,96.8,96.8,1525,104250
2024-11-26 15:20:00+05:30,97.0,98.85,96.95,98.0,9275,104250
2024-11-26 15:21:00+05:30,97.2,97.25,94.6,94.6,1675,104250
2024-11-26 15:22:00+05:30,94.3,96.0,94.1,96.0,775,104250
2024-11-26 15:23:00+05:30,95.5,95.8,94.6,95.0,1800,104150
2024-11-26 15:24:00+05:30,95.55,95.8,95.3,95.8,1475,104150
2024-11-26 15:25:00+05:30,96.15,96.15,95.6,95.7,2400,103575
2024-11-26 15:26:00+05:30,95.7,96.0,95.7,96.0,1325,103575
2024-11-26 15:27:00+05:30,95.55,96.0,95.45,96.0,1625,103575
2024-11-26 15:28:00+05:30,96.0,96.0,95.7,95.95,650,103625
2024-11-26 15:29:00+05:30,95.95,96.0,95.0,96.0,5575,103625
2024-11-27 09:15:00+05:30,96.9,100.2,93.9,96.9,6250,106375
2024-11-27 09:16:00+05:30,96.0,96.0,93.15,93.5,2250,106375
2024-11-27 09:17:00+05:30,93.55,93.7,89.85,89.9,4775,106375
2024-11-27 09:18:00+05:30,89.8,91.9,89.25,89.25,4850,108600
2024-11-27 09:19:00+05:30,89.55,90.9,88.0,88.65,3050,108600
2024-11-27 09:20:00+05:30,87.85,94.65,87.7,91.0,3250,108600
2024-11-27 09:21:00+05:30,89.0,91.85,89.0,91.3,2750,108300
2024-11-27 09:22:00+05:30,93.1,95.2,92.9,93.55,3050,108300
2024-11-27 09:23:00+05:30,94.15,97.2,93.05,95.7,1750,108300
2024-11-27 09:24:00+05:30,95.6,96.95,94.55,94.55,6425,111350
2024-11-27 09:25:00+05:30,95.95,97.3,95.4,96.55,3450,111350
2024-11-27 09:26:00+05:30,97.1,97.1,93.3,95.05,2175,111350
2024-11-27 09:27:00+05:30,95.6,95.6,91.85,91.85,3650,111600
2024-11-27 09:28:00+05:30,92.15,92.7,90.9,92.2,3025,111600
2024-11-27 09:29:00+05:30,93.05,95.8,92.55,95.8,1850,111600
2024-11-27 09:30:00+05:30,96.55,98.1,96.5,97.25,2200,115175
2024-11-27 09:31:00+05:30,96.95,99.35,96.0,96.45,3000,115175
2024-11-27 09:32:00+05:30,95.0,96.7,95.0,96.55,1525,115175
2024-11-27 09:33:00+05:30,96.75,97.7,96.75,97.55,1000,115550
2024-11-27 09:34:00+05:30,97.15,97.65,95.7,97.65,950,115550
2024-11-27 09:35:00+05:30,97.15,97.2,95.35,95.35,1000,115550
2024-11-27 09:36:00+05:30,97.95,98.35,95.25,95.25,650,115550
2024-11-27 09:37:00+05:30,94.2,94.5,91.1,93.2,6600,114050
2024-11-27 09:38:00+05:30,93.9,94.9,93.65,94.5,2525,114050
2024-11-27 09:39:00+05:30,96.0,98.05,96.0,97.35,2400,116425
2024-11-27 09:40:00+05:30,99.0,99.0,96.85,98.85,1775,116425
2024-11-27 09:41:00+05:30,98.85,103.45,98.05,100.15,3625,116425
2024-11-27 09:42:00+05:30,99.75,102.15,99.75,101.0,1450,117500
2024-11-27 09:43:00+05:30,101.75,102.95,100.5,101.65,11550,117500
2024-11-27 09:44:00+05:30,100.05,100.1,97.0,97.45,3200,117500
2024-11-27 09:45:00+05:30,97.0,97.0,92.65,94.45,7425,117500
2024-11-27 09:46:00+05:30,93.65,93.95,91.5,91.95,1525,122000
2024-11-27 09:47:00+05:30,92.5,93.25,91.0,92.7,975,122000
2024-11-27 09:48:00+05:30,92.1,94.15,92.1,94.15,825,121350
2024-11-27 09:49:00+05:30,93.95,93.95,92.7,93.7,750,121350
2024-11-27 09:50:00+05:30,93.35,93.35,86.0,86.3,5300,121350
2024-11-27 09:51:00+05:30,86.0,88.15,84.35,86.25,5025,121350
2024-11-27 09:52:00+05:30,86.15,87.0,85.3,87.0,2225,120300
2024-11-27 09:53:00+05:30,86.95,86.95,82.0,84.15,2125,120300
2024-11-27 09:54:00+05:30,84.75,84.75,83.2,83.4,950,120300
2024-11-27 09:55:00+05:30,83.8,84.55,82.25,82.3,9825,118525
2024-11-27 09:56:00+05:30,82.0,84.05,81.3,83.8,4800,118525
2024-11-27 09:57:00+05:30,83.7,84.7,83.6,84.45,1825,118525
2024-11-27 09:58:00+05:30,84.4,86.25,84.4,85.35,725,115525
2024-11-27 09:59:00+05:30,85.1,87.0,85.1,86.3,1325,115525
2024-11-27 10:00:00+05:30,85.4,87.5,85.4,87.0,2200,115525
2024-11-27 10:01:00+05:30,87.0,89.1,86.75,88.2,5400,115775
2024-11-27 10:02:00+05:30,87.85,89.1,86.75,88.1,11100,115775
2024-11-27 10:03:00+05:30,86.25,94.0,86.25,90.35,10775,115775
2024-11-27 10:04:00+05:30,89.75,90.5,89.0,89.0,1275,113225
2024-11-27 10:05:00+05:30,89.85,91.35,89.1,89.1,1375,113225
2024-11-27 10:06:00+05:30,89.5,90.2,89.5,89.65,3225,113225
2024-11-27 10:07:00+05:30,89.1,89.7,87.45,87.45,825,114100
2024-11-27 10:08:00+05:30,87.0,87.2,85.35,85.85,1700,114100
2024-11-27 10:09:00+05:30,86.25,86.8,85.6,86.8,1275,114100
2024-11-27 10:10:00+05:30,86.4,87.15,85.2,85.2,800,114625
2024-11-27 10:11:00+05:30,85.05,86.75,84.8,85.05,2050,114625
2024-11-27 10:12:00+05:30,85.3,85.3,84.6,85.25,575,114625
2024-11-27 10:13:00+05:30,84.5,85.6,84.15,84.45,4175,114250
2024-11-27 10:14:00+05:30,85.4,85.65,83.85,83.85,2500,114250
2024-11-27 10:15:00+05:30,83.95,85.9,83.95,85.9,950,114250
2024-11-27 10:16:00+05:30,86.2,86.2,85.3,85.3,250,117475
2024-11-27 10:17:00+05:30,85.3,86.8,85.05,86.3,675,117475
2024-11-27 10:18:00+05:30,86.05,86.35,85.95,86.35,125,117475
2024-11-27 10:19:00+05:30,85.0,86.0,85.0,86.0,1875,117500
2024-11-27 10:20:00+05:30,85.25,86.5,85.25,86.05,275,117500
2024-11-27 10:21:00+05:30,86.15,88.2,85.5,88.05,800,117500
2024-11-27 10:22:00+05:30,88.05,88.65,87.1,87.1,2050,118475
2024-11-27 10:23:00+05:30,87.85,87.95,87.45,87.8,875,118475
2024-11-27 10:24:00+05:30,87.9,88.6,87.75,88.0,525,118475
2024-11-27 10:25:00+05:30,87.95,91.85,87.3,89.0,2225,119025
2024-11-27 10:26:00+05:30,88.1,89.2,86.85,88.45,825,119025
2024-11-27 10:27:00+05:30,88.35,90.25,88.35,89.8,725,119025
2024-11-27 10:28:00+05:30,88.8,88.8,87.05,87.05,525,118875
2024-11-27 10:29:00+05:30,87.1,89.0,86.4,88.75,2225,118875
2024-11-27 10:30:00+05:30,88.95,89.3,88.75,89.3,275,118875
2024-11-27 10:31:00+05:30,89.8,90.35,89.0,90.35,1050,119075
2024-11-27 10:32:00+05:30,89.9,89.9,88.8,89.25,750,119075
2024-11-27 10:33:00+05:30,88.65,88.65,85.55,85.55,1200,119075
2024-11-27 10:34:00+05:30,85.5,87.5,85.0,87.5,375,118350
2024-11-27 10:35:00+05:30,88.45,88.8,87.05,87.05,350,118350
2024-11-27 10:36:00+05:30,87.5,87.5,87.5,87.5,75,118350
2024-11-27 10:37:00+05:30,87.45,87.75,86.7,86.7,700,118225
2024-11-27 10:38:00+05:30,84.75,85.75,84.75,84.95,650,118225
2024-11-27 10:39:00+05:30,84.95,87.2,84.95,87.2,650,118225
2024-11-27 10:40:00+05:30,86.5,86.85,86.5,86.65,125,117925
2024-11-27 10:41:00+05:30,86.6,86.6,85.2,85.2,1225,117925
2024-11-27 10:42:00+05:30,85.3,85.3,83.9,83.9,1175,117925
2024-11-27 10:43:00+05:30,84.7,86.5,84.7,85.45,650,119150
2024-11-27 10:44:00+05:30,85.9,86.15,85.85,86.15,5350,119150
2024-11-27 10:45:00+05:30,86.25,87.0,85.95,87.0,1300,119150
2024-11-27 10:46:00+05:30,86.7,87.75,86.0,86.05,175,119375
2024-11-27 10:47:00+05:30,87.4,88.8,87.3,88.8,300,119375
2024-11-27 10:48:00+05:30,88.1,89.95,88.1,88.9,3400,119375
2024-11-27 10:49:00+05:30,88.5,90.2,88.1,90.2,700,119675
2024-11-27 10:50:00+05:30,90.25,90.5,89.75,90.4,650,119675
2024-11-27 10:51:00+05:30,89.6,90.3,89.6,90.0,1850,119675
2024-11-27 10:52:00+05:30,89.6,90.1,89.15,89.15,225,119300
2024-11-27 10:53:00+05:30,90.3,90.85,90.3,90.85,525,119300
2024-11-27 10:54:00+05:30,91.65,91.65,89.4,89.55,3150,119300
2024-11-27 10:55:00+05:30,88.25,88.25,86.65,86.65,900,120325
2024-11-27 10:56:00+05:30,85.65,86.3,85.65,86.3,125,120325
2024-11-27 10:57:00+05:30,85.7,85.7,85.0,85.0,200,120325
2024-11-27 10:58:00+05:30,85.4,86.0,85.4,86.0,100,120300
2024-11-27 10:59:00+05:30,84.55,84.55,82.25,83.45,900,120300
2024-11-27 11:00:00+05:30,83.65,84.75,83.65,84.0,750,120300
2024-11-27 11:01:00+05:30,84.2,84.2,83.05,83.3,225,119475
2024-11-27 11:02:00+05:30,83.75,83.85,83.7,83.7,125,119475
2024-11-27 11:03:00+05:30,83.25,83.25,80.84,80.84,2550,119475
2024-11-27 11:04:00+05:30,81.2,81.2,78.84,79.5,3525,120425
2024-11-27 11:05:00+05:30,79.75,81.9,79.75,80.65,1825,120425
2024-11-27 11:06:00+05:30,80.45,81.9,80.34,80.34,725,120425
2024-11-27 11:07:00+05:30,81.05,81.65,81.05,81.65,275,118975
2024-11-27 11:08:00+05:30,81.7,81.7,81.09,81.09,675,118975
2024-11-27 11:09:00+05:30,80.09,81.15,80.09,80.8,75,118975
2024-11-27 11:10:00+05:30,81.0,81.0,80.45,80.59,175,119150
2024-11-27 11:11:00+05:30,80.9,81.95,80.9,81.95,100,119150
2024-11-27 11:12:00+05:30,81.5,82.55,81.5,82.35,1825,119150
2024-11-27 11:13:00+05:30,82.0,82.05,81.4,81.4,300,119825
2024-11-27 11:14:00+05:30,81.5,82.95,81.34,82.15,1975,119825
2024-11-27 11:15:00+05:30,83.1,83.6,82.15,83.05,700,119825
2024-11-27 11:16:00+05:30,82.5,82.6,81.65,82.0,550,119675
2024-11-27 11:17:00+05:30,81.84,81.84,81.84,81.84,150,119675
2024-11-27 11:18:00+05:30,81.15,81.8,81.15,81.8,300,119675
2024-11-27 11:19:00+05:30,81.9,81.9,81.0,81.0,475,119450
2024-11-27 11:20:00+05:30,81.09,81.15,80.09,80.09,1475,119450
2024-11-27 11:21:00+05:30,80.2,80.3,79.09,80.25,375,119450
2024-11-27 11:22:00+05:30,80.0,80.0,79.0,79.3,1000,120500
2024-11-27 11:23:00+05:30,78.9,78.95,77.75,78.55,2125,120500
2024-11-27 11:24:00+05:30,78.3,79.2,77.59,79.2,2625,120500
2024-11-27 11:25:00+05:30,78.84,79.7,78.84,79.7,650,121075
2024-11-27 11:26:00+05:30,79.55,79.55,78.8,79.25,675,121075
2024-11-27 11:27:00+05:30,79.75,79.75,78.75,78.75,50,121075
2024-11-27 11:28:00+05:30,80.3,80.3,79.3,79.3,2025,121275
2024-11-27 11:29:00+05:30,78.84,78.84,76.2,77.5,2250,121275
2024-11-27 11:30:00+05:30,77.5,77.5,76.84,76.95,1100,121275
2024-11-27 11:31:00+05:30,76.75,76.75,75.84,76.09,725,121575
2024-11-27 11:32:00+05:30,75.7,75.84,74.65,74.8,725,121575
2024-11-27 11:33:00+05:30,75.15,75.9,74.8,75.9,425,121575
2024-11-27 11:34:00+05:30,75.25,76.25,74.84,76.15,2125,120925
2024-11-27 11:35:00+05:30,76.4,76.4,75.0,75.0,600,120925
2024-11-27 11:36:00+05:30,75.0,76.0,74.45,76.0,1300,120925
2024-11-27 11:37:00+05:30,75.75,76.0,75.05,75.75,800,122375
2024-11-27 11:38:00+05:30,75.8,76.0,74.75,75.45,2225,122375
2024-11-27 11:39:00+05:30,75.5,75.8,75.05,75.4,1675,122375
2024-11-27 11:40:00+05:30,74.5,77.2,74.5,76.45,2825,124050
2024-11-27 11:41:00+05:30,76.25,76.5,76.05,76.15,750,124050
2024-11-27 11:42:00+05:30,76.5,76.75,76.25,76.75,2225,124050
2024-11-27 11:43:00+05:30,76.0,76.0,75.65,75.65,125,125650
2024-11-27 11:44:00+05:30,75.5,76.65,75.5,76.34,550,125650
2024-11-27 11:45:00+05:30,76.84,77.8,76.84,77.8,1300,125650
2024-11-27 11:46:00+05:30,78.2,79.55,78.2,79.45,1450,125375
2024-11-27 11:47:00+05:30,79.75,81.0,79.75,81.0,2150,125375
2024-11-27 11:48:00+05:30,81.8,82.45,81.05,81.45,1225,125375
2024-11-27 11:49:00+05:30,81.95,82.7,81.95,82.0,300,125525
2024-11-27 11:50:00+05:30,82.1,82.1,80.65,80.65,375,125525
2024-11-27 11:51:00+05:30,82.0,82.9,82.0,82.45,625,125525
2024-11-27 11:52:00+05:30,82.75,82.85,82.2,82.2,3875,124975
2024-11-27 11:53:00+05:30,82.7,85.6,82.7,84.65,3725,124975
2024-11-27 11:54:00+05:30,84.5,84.6,83.45,84.25,1450,124975
2024-11-27 11:55:00+05:30,84.95,86.75,84.65,84.85,2700,126100
2024-11-27 11:56:00+05:30,84.8,85.55,83.4,83.4,750,126100
2024-11-27 11:57:00+05:30,82.3,84.05,82.3,84.05,2400,126100
2024-11-27 11:58:00+05:30,83.45,83.45,83.45,83.45,25,125100
2024-11-27 11:59:00+05:30,82.65,82.65,79.3,79.3,775,125100
2024-11-27 12:00:00+05:30,79.34,79.34,71.25,74.4,13025,125100
2024-11-27 12:01:00+05:30,73.65,76.5,73.65,74.4,13875,120425
2024-11-27 12:02:00+05:30,74.55,75.65,73.9,75.3,4025,120425
2024-11-27 12:03:00+05:30,75.59,79.0,75.15,78.84,5075,120425
2024-11-27 12:04:00+05:30,79.45,80.95,79.45,80.95,1675,119600
2024-11-27 12:05:00+05:30,82.0,82.0,80.25,80.84,2400,119600
2024-11-27 12:06:00+05:30,80.84,84.1,80.59,83.75,3350,119600
2024-11-27 12:07:00+05:30,84.05,84.05,81.55,81.84,2550,119575
2024-11-27 12:08:00+05:30,81.5,81.55,79.59,79.59,1075,119575
2024-11-27 12:09:00+05:30,79.55,79.55,76.5,76.5,1600,119575
2024-11-27 12:10:00+05:30,76.8,78.25,76.2,76.2,2175,119550
2024-11-27 12:11:00+05:30,76.05,78.05,76.05,76.5,825,119550
2024-11-27 12:12:00+05:30,76.4,76.8,75.9,76.59,2600,119550
2024-11-27 12:13:00+05:30,77.9,77.9,76.5,77.05,650,120825
2024-11-27 12:14:00+05:30,77.2,78.25,77.2,77.25,300,120825
2024-11-27 12:15:00+05:30,76.25,76.45,75.05,75.05,650,120825
2024-11-27 12:16:00+05:30,75.9,75.9,74.05,74.9,3400,121075
2024-11-27 12:17:00+05:30,74.59,74.59,72.8,74.2,2000,121075
2024-11-27 12:18:00+05:30,74.09,74.45,71.95,72.25,2025,121075
2024-11-27 12:19:00+05:30,72.0,73.55,72.0,72.8,3100,121300
2024-11-27 12:20:00+05:30,72.8,73.0,68.0,68.34,7475,121300
2024-11-27 12:21:00+05:30,68.05,69.0,64.0,64.7,13800,121300
2024-11-27 12:22:00+05:30,65.2,66.75,64.09,66.45,15200,120750
2024-11-27 12:23:00+05:30,66.8,66.8,64.3,64.55,3400,120750
2024-11-27 12:24:00+05:30,64.8,66.0,64.8,66.0,675,120750
2024-11-27 12:25:00+05:30,65.55,66.2,65.4,65.8,1275,121675
2024-11-27 12:26:00+05:30,66.0,67.5,66.0,67.4,2850,121675
2024-11-27 12:27:00+05:30,67.3,68.5,67.05,68.0,1550,121675
2024-11-27 12:28:00+05:30,67.55,68.25,66.84,67.65,1050,123275
2024-11-27 12:29:00+05:30,68.09,68.55,66.8,66.8,350,123275
2024-11-27 12:30:00+05:30,64.95,65.95,64.9,65.45,1900,123275
2024-11-27 12:31:00+05:30,65.4,65.5,63.65,64.5,5050,124000
2024-11-27 12:32:00+05:30,64.2,64.9,63.25,63.25,2250,124000
2024-11-27 12:33:00+05:30,62.9,62.9,56.95,56.95,13750,124000
2024-11-27 12:34:00+05:30,57.4,58.05,56.45,57.55,4425,126675
2024-11-27 12:35:00+05:30,57.55,58.55,57.05,57.35,7550,126675
2024-11-27 12:36:00+05:30,58.25,59.05,57.3,58.8,2075,126675
2024-11-27 12:37:00+05:30,58.05,58.05,56.65,57.55,2100,127725
2024-11-27 12:38:00+05:30,57.0,57.35,55.65,57.05,4525,127725
2024-11-27 12:39:00+05:30,57.25,57.25,55.95,56.45,2700,127725
2024-11-27 12:40:00+05:30,56.65,57.1,56.2,56.2,4000,128650
2024-11-27 12:41:00+05:30,56.05,56.5,54.3,56.1,32400,128650
2024-11-27 12:42:00+05:30,55.8,57.05,55.8,56.55,1700,128650
2024-11-27 12:43:00+05:30,56.65,57.0,56.65,56.85,2025,126525
2024-11-27 12:44:00+05:30,56.3,56.9,56.3,56.65,2575,126525
2024-11-27 12:45:00+05:30,57.15,57.6,57.0,57.35,3625,126525
2024-11-27 12:46:00+05:30,57.4,59.0,57.35,58.45,1350,127050
2024-11-27 12:47:00+05:30,58.4,59.35,58.05,58.05,1350,127050
2024-11-27 12:48:00+05:30,57.2,57.35,56.35,57.35,2525,127050
2024-11-27 12:49:00+05:30,57.2,57.45,54.5,54.5,4025,125525
2024-11-27 12:50:00+05:30,54.35,56.0,54.15,55.8,4800,125525
2024-11-27 12:51:00+05:30,55.8,57.0,55.8,56.75,2100,125525
2024-11-27 12:52:00+05:30,56.65,57.25,56.6,57.25,1050,127325
2024-11-27 12:53:00+05:30,57.1,57.1,56.35,56.95,2400,127325
2024-11-27 12:54:00+05:30,56.9,57.8,56.9,57.3,300,127325
2024-11-27 12:55:00+05:30,57.85,57.85,57.6,57.7,625,127925
2024-11-27 12:56:00+05:30,58.55,58.7,56.9,56.9,1800,127925
2024-11-27 12:57:00+05:30,56.65,57.3,56.2,56.7,400,127925
2024-11-27 12:58:00+05:30,56.25,56.25,55.15,55.7,225,127675
2024-11-27 12:59:00+05:30,55.75,56.2,55.1,55.1,3375,127675
2024-11-27 13:00:00+05:30,55.05,55.1,54.1,54.45,4125,127675
2024-11-27 13:01:00+05:30,54.0,54.2,52.5,53.85,2225,128625
2024-11-27 13:02:00+05:30,54.15,54.9,53.6,54.9,1825,128625
2024-11-27 13:03:00+05:30,54.9,56.15,54.7,56.15,825,128625
2024-11-27 13:04:00+05:30,56.15,56.95,55.7,56.95,2775,128225
2024-11-27 13:05:00+05:30,57.1,57.1,56.0,56.0,1575,128225
2024-11-27 13:06:00+05:30,57.05,57.05,55.7,55.7,300,128225
2024-11-27 13:07:00+05:30,55.6,55.6,54.9,55.45,2900,127550
2024-11-27 13:08:00+05:30,55.3,55.3,54.3,54.45,375,127550
2024-11-27 13:09:00+05:30,54.45,54.45,53.3,53.3,625,127550
2024-11-27 13:10:00+05:30,53.0,53.15,51.8,52.7,2775,127075
2024-11-27 13:11:00+05:30,52.0,53.7,51.9,53.65,5175,127075
2024-11-27 13:12:00+05:30,54.05,54.5,53.45,53.45,1800,127075
2024-11-27 13:13:00+05:30,53.25,55.0,53.05,54.85,3725,129125
2024-11-27 13:14:00+05:30,54.65,54.65,51.8,51.8,2000,129125
2024-11-27 13:15:00+05:30,52.45,52.5,51.0,51.55,3100,129125
2024-11-27 13:16:00+05:30,51.5,51.9,51.25,51.35,4275,129825
2024-11-27 13:17:00+05:30,51.5,53.05,50.65,53.05,5550,129825
2024-11-27 13:18:00+05:30,52.25,52.65,52.25,52.3,1475,129825
2024-11-27 13:19:00+05:30,52.3,52.3,51.75,51.8,275,132550
2024-11-27 13:20:00+05:30,51.75,52.25,51.15,52.25,1675,132550
2024-11-27 13:21:00+05:30,52.6,52.6,50.95,51.6,2375,132550
2024-11-27 13:22:00+05:30,51.7,52.8,51.3,52.5,3300,134475
2024-11-27 13:23:00+05:30,52.05,52.05,52.05,52.05,25,134475
2024-11-27 13:24:00+05:30,52.25,53.25,52.25,53.25,925,134475
2024-11-27 13:25:00+05:30,52.75,52.85,51.85,52.05,1575,134525
2024-11-27 13:26:00+05:30,52.35,52.35,50.3,50.55,3225,134525
2024-11-27 13:27:00+05:30,50.55,51.2,50.25,51.2,1575,134525
2024-11-27 13:28:00+05:30,51.25,51.25,51.0,51.1,725,134325
2024-11-27 13:29:00+05:30,51.5,52.75,51.5,52.75,800,134325
2024-11-27 13:30:00+05:30,52.95,55.15,52.5,55.0,4700,134325
2024-11-27 13:31:00+05:30,55.3,56.75,55.3,55.5,2700,134250
2024-11-27 13:32:00+05:30,55.6,55.6,52.95,52.95,4650,134250
2024-11-27 13:33:00+05:30,52.65,53.75,52.65,53.75,975,134250
2024-11-27 13:34:00+05:30,54.4,56.2,54.4,56.2,1875,134925
2024-11-27 13:35:00+05:30,56.5,56.5,54.9,54.9,1825,134925
2024-11-27 13:36:00+05:30,54.75,54.75,53.5,53.75,625,134925
2024-11-27 13:37:00+05:30,53.5,53.6,52.0,52.15,950,134050
2024-11-27 13:38:00+05:30,51.9,52.0,51.1,51.8,3250,134050
2024-11-27 13:39:00+05:30,51.75,52.85,51.3,52.7,1000,134050
2024-11-27 13:40:00+05:30,52.55,53.0,52.4,52.95,2350,134650
2024-11-27 13:41:00+05:30,53.25,53.55,52.9,52.9,600,134650
2024-11-27 13:42:00+05:30,52.5,52.6,52.0,52.6,500,134650
2024-11-27 13:43:00+05:30,51.8,52.65,50.5,51.85,4850,134450
2024-11-27 13:44:00+05:30,51.8,52.0,51.35,51.4,2050,134450
2024-11-27 13:45:00+05:30,52.55,52.55,51.45,51.45,1125,134450
2024-11-27 13:46:00+05:30,51.8,51.8,51.8,51.8,125,133075
2024-11-27 13:47:00+05:30,51.2,52.25,51.2,51.9,1100,133075
2024-11-27 13:48:00+05:30,51.8,51.85,51.5,51.8,725,133075
2024-11-27 13:49:00+05:30,51.5,51.5,50.7,51.0,825,133800
2024-11-27 13:50:00+05:30,50.8,50.8,49.45,49.45,3350,133800
2024-11-27 13:51:00+05:30,49.5,49.5,48.05,48.6,13400,133800
2024-11-27 13:52:00+05:30,48.3,50.7,48.3,50.65,3225,133950
2024-11-27 13:53:00+05:30,50.05,50.95,50.0,50.95,2975,133950
2024-11-27 13:54:00+05:30,50.65,51.65,50.65,51.45,3350,133950
2024-11-27 13:55:00+05:30,51.25,52.1,51.25,52.0,1450,136825
2024-11-27 13:56:00+05:30,51.95,52.05,50.55,50.55,1975,136825
2024-11-27 13:57:00+05:30,50.45,53.65,50.45,53.0,6050,136825
2024-11-27 13:58:00+05:30,53.5,55.2,53.45,54.85,3775,137450
2024-11-27 13:59:00+05:30,55.15,55.15,53.45,54.65,4725,137450
2024-11-27 14:00:00+05:30,54.4,54.95,54.15,54.15,2475,137450
2024-11-27 14:01:00+05:30,55.5,57.55,55.5,57.55,5150,136475
2024-11-27 14:02:00+05:30,56.9,57.3,55.05,55.15,3425,136475
2024-11-27 14:03:00+05:30,54.95,56.1,54.7,54.8,1575,136475
2024-11-27 14:04:00+05:30,54.7,54.7,53.7,53.95,6625,136400
2024-11-27 14:05:00+05:30,54.45,54.45,52.95,52.95,1425,136400
2024-11-27 14:06:00+05:30,52.85,52.85,51.0,51.5,2325,136400
2024-11-27 14:07:00+05:30,52.05,52.4,51.5,51.5,1175,136775
2024-11-27 14:08:00+05:30,51.65,53.8,51.45,53.35,1200,136775
2024-11-27 14:09:00+05:30,53.7,53.85,53.25,53.7,425,136775
2024-11-27 14:10:00+05:30,53.75,55.8,53.75,55.8,3975,135325
2024-11-27 14:11:00+05:30,56.25,58.4,56.25,58.2,7700,135325
2024-11-27 14:12:00+05:30,58.0,59.25,57.25,57.4,1375,135325
2024-11-27 14:13:00+05:30,56.9,57.8,55.95,57.0,3150,138875
2024-11-27 14:14:00+05:30,57.2,57.75,56.4,57.55,4700,138875
2024-11-27 14:15:00+05:30,58.25,60.75,57.0,57.0,7950,138875
2024-11-27 14:16:00+05:30,56.95,58.25,56.15,57.0,5450,143225
2024-11-27 14:17:00+05:30,56.1,56.1,55.0,55.45,1550,143225
2024-11-27 14:18:00+05:30,54.45,56.8,54.45,55.5,2300,143225
2024-11-27 14:19:00+05:30,55.3,55.9,54.6,55.2,625,142600
2024-11-27 14:20:00+05:30,55.2,56.0,55.2,55.7,1050,142600
2024-11-27 14:21:00+05:30,55.75,56.5,55.75,56.5,1175,142600
2024-11-27 14:22:00+05:30,56.05,57.5,56.05,57.4,1525,142325
2024-11-27 14:23:00+05:30,57.1,57.3,56.6,56.85,1000,142325
2024-11-27 14:24:00+05:30,55.85,55.85,54.3,55.4,2400,142325
2024-11-27 14:25:00+05:30,55.3,55.3,53.75,53.8,925,141675
2024-11-27 14:26:00+05:30,52.95,54.8,52.6,54.8,4775,141675
2024-11-27 14:27:00+05:30,53.75,54.4,53.0,53.1,1200,141675
2024-11-27 14:28:00+05:30,52.6,54.35,52.6,54.35,4050,141825
2024-11-27 14:29:00+05:30,53.75,54.45,53.0,53.0,1850,141825
2024-11-27 14:30:00+05:30,53.0,54.0,53.0,53.85,450,141825
2024-11-27 14:31:00+05:30,54.05,55.1,53.95,55.1,875,141275
2024-11-27 14:32:00+05:30,55.1,55.3,55.0,55.1,1125,141275
2024-11-27 14:33:00+05:30,55.4,55.4,54.9,55.05,150,141275
2024-11-27 14:34:00+05:30,54.4,54.4,53.5,53.55,200,140550
2024-11-27 14:35:00+05:30,54.35,54.7,53.85,54.7,1975,140550
2024-11-27 14:36:00+05:30,54.9,55.2,54.8,55.0,425,140550
2024-11-27 14:37:00+05:30,55.25,55.9,55.25,55.4,1100,140550
2024-11-27 14:38:00+05:30,56.5,56.5,55.45,55.45,1475,139525
2024-11-27 14:39:00+05:30,56.15,56.15,55.55,55.55,1200,139525
2024-11-27 14:40:00+05:30,55.4,55.4,55.0,55.35,450,139525
2024-11-27 14:41:00+05:30,56.3,56.75,56.05,56.2,3075,138825
2024-11-27 14:42:00+05:30,55.95,56.6,55.1,55.5,2175,138825
2024-11-27 14:43:00+05:30,56.0,57.05,56.0,57.05,1575,137050
2024-11-27 14:44:00+05:30,56.9,57.7,56.65,56.65,1350,137050
2024-11-27 14:45:00+05:30,57.6,60.05,57.6,59.4,15000,137050
2024-11-27 14:46:00+05:30,59.0,59.0,56.8,56.8,2650,134900
2024-11-27 14:47:00+05:30,56.4,58.8,56.4,58.4,2575,134900
2024-11-27 14:48:00+05:30,58.2,58.2,56.9,57.0,200,134900
2024-11-27 14:49:00+05:30,57.8,57.8,57.8,57.8,375,134900
2024-11-27 14:50:00+05:30,57.9,57.9,57.05,57.1,400,135775
2024-11-27 14:51:00+05:30,58.15,58.4,58.15,58.4,375,135775
2024-11-27 14:52:00+05:30,58.05,58.25,57.9,57.95,1475,135200
2024-11-27 14:53:00+05:30,58.35,58.35,57.7,57.95,3000,135200
2024-11-27 14:54:00+05:30,58.35,58.35,56.3,56.4,1300,135200
2024-11-27 14:55:00+05:30,56.8,56.8,55.05,55.75,11725,134550
2024-11-27 14:56:00+05:30,56.6,57.25,56.15,56.15,525,134550
2024-11-27 14:57:00+05:30,55.3,55.8,54.6,54.9,1725,134550
2024-11-27 14:58:00+05:30,55.1,55.6,55.1,55.6,425,134550
2024-11-27 14:59:00+05:30,55.45,55.45,55.0,55.45,1025,133950
2024-11-27 15:00:00+05:30,55.85,58.35,55.85,58.0,4200,133950
2024-11-27 15:01:00+05:30,57.85,58.25,56.85,57.7,2425,132500
2024-11-27 15:02:00+05:30,58.1,58.65,56.35,58.1,3050,132500
2024-11-27 15:03:00+05:30,57.65,59.1,57.65,59.1,3200,132500
2024-11-27 15:04:00+05:30,58.95,60.05,58.95,59.05,1125,133550
2024-11-27 15:05:00+05:30,59.05,59.05,55.55,55.55,8425,133550
2024-11-27 15:06:00+05:30,55.85,57.2,55.2,57.2,9525,133550
2024-11-27 15:07:00+05:30,56.2,57.7,56.2,57.05,13325,137500
2024-11-27 15:08:00+05:30,56.65,57.1,56.65,57.1,675,137500
2024-11-27 15:09:00+05:30,57.5,58.5,57.15,57.15,5400,137500
2024-11-27 15:10:00+05:30,57.3,58.15,55.15,56.7,6300,140025
2024-11-27 15:11:00+05:30,55.1,56.4,55.1,55.8,8600,140025
2024-11-27 15:12:00+05:30,56.15,57.3,55.9,57.1,14675,140025
2024-11-27 15:13:00+05:30,57.25,57.4,56.3,56.35,1575,135800
2024-11-27 15:14:00+05:30,56.95,57.0,55.6,56.0,1075,135800
2024-11-27 15:15:00+05:30,56.35,56.75,55.1,56.75,3025,135800
2024-11-27 15:16:00+05:30,56.85,57.05,56.2,56.85,1200,135800
2024-11-27 15:17:00+05:30,56.7,56.7,56.0,56.2,350,136925
2024-11-27 15:18:00+05:30,56.25,56.35,55.5,55.5,6150,136925
2024-11-27 15:19:00+05:30,54.9,55.95,54.8,55.4,6900,134500
2024-11-27 15:20:00+05:30,55.7,56.0,54.0,54.0,7900,134500
2024-11-27 15:21:00+05:30,54.0,55.2,53.55,54.9,11850,134500
2024-11-27 15:22:00+05:30,54.9,54.9,53.95,54.45,1525,136500
2024-11-27 15:23:00+05:30,54.2,54.4,53.7,53.8,2150,136500
2024-11-27 15:24:00+05:30,53.85,54.45,53.85,54.45,1800,136500
2024-11-27 15:25:00+05:30,54.5,54.5,53.3,53.45,7025,138525
2024-11-27 15:26:00+05:30,53.3,53.4,53.0,53.15,15625,138525
2024-11-27 15:27:00+05:30,52.95,53.1,51.75,51.75,10725,138525
2024-11-27 15:28:00+05:30,51.75,52.75,51.55,52.35,8725,155850
2024-11-27 15:29:00+05:30,52.5,52.5,50.45,51.0,7450,155850
2024-11-28 09:15:00+05:30,47.7,47.7,45.85,47.4,9975,158450
2024-11-28 09:16:00+05:30,47.95,54.95,47.95,54.95,20200,158450
2024-11-28 09:17:00+05:30,54.75,55.8,52.45,55.05,14475,158450
2024-11-28 09:18:00+05:30,55.65,55.85,52.65,53.15,8175,164900
2024-11-28 09:19:00+05:30,54.15,55.0,52.25,54.8,3725,164900
2024-11-28 09:20:00+05:30,54.4,55.2,52.2,52.6,6275,164900
2024-11-28 09:21:00+05:30,53.35,53.35,51.3,53.15,9100,164075
2024-11-28 09:22:00+05:30,53.15,55.75,53.15,53.8,8625,164075
2024-11-28 09:23:00+05:30,53.75,54.4,51.65,54.1,9325,164075
2024-11-28 09:24:00+05:30,54.0,54.25,53.2,53.55,1700,162525
2024-11-28 09:25:00+05:30,53.65,55.2,53.25,55.2,14775,162525
2024-11-28 09:26:00+05:30,55.5,55.95,53.6,54.3,8175,162525
2024-11-28 09:27:00+05:30,54.7,55.8,53.6,54.75,12125,180975
2024-11-28 09:28:00+05:30,54.5,55.5,54.4,55.05,4900,180975
2024-11-28 09:29:00+05:30,54.0,54.25,51.85,53.6,10750,180975
2024-11-28 09:30:00+05:30,54.05,55.0,53.55,53.9,5650,185750
2024-11-28 09:31:00+05:30,53.8,54.4,51.45,51.8,6125,185750
2024-11-28 09:32:00+05:30,51.9,53.15,51.3,51.7,4575,185750
2024-11-28 09:33:00+05:30,51.2,51.4,50.65,51.25,2800,191125
2024-11-28 09:34:00+05:30,51.3,51.45,50.2,50.35,3725,191125
2024-11-28 09:35:00+05:30,50.5,52.8,50.5,51.15,7375,191125
2024-11-28 09:36:00+05:30,51.55,51.55,49.95,50.7,5375,196775
2024-11-28 09:37:00+05:30,50.75,51.4,50.75,51.4,725,196775
2024-11-28 09:38:00+05:30,51.4,51.4,49.45,50.1,5800,196775
2024-11-28 09:39:00+05:30,49.45,49.8,48.65,49.6,1950,198125
2024-11-28 09:40:00+05:30,49.2,50.0,48.2,49.8,3500,198125
2024-11-28 09:41:00+05:30,49.7,51.6,49.7,51.35,3025,198125
2024-11-28 09:42:00+05:30,51.35,52.0,50.7,51.75,1925,199675
2024-11-28 09:43:00+05:30,53.3,54.25,50.65,51.5,13925,199675
2024-11-28 09:44:00+05:30,50.6,50.6,49.0,50.1,3675,199675
2024-11-28 09:45:00+05:30,50.1,52.9,49.95,52.9,3275,202525
2024-11-28 09:46:00+05:30,52.65,54.05,51.75,52.55,7800,202525
2024-11-28 09:47:00+05:30,51.9,53.0,50.6,50.6,6400,202525
2024-11-28 09:48:00+05:30,50.15,51.8,50.15,51.7,1800,202300
2024-11-28 09:49:00+05:30,52.0,53.7,51.85,52.8,3000,202300
2024-11-28 09:50:00+05:30,52.7,52.7,50.55,50.6,2425,202300
2024-11-28 09:51:00+05:30,50.55,50.55,45.4,45.85,17575,203700
2024-11-28 09:52:00+05:30,45.6,47.65,45.6,47.65,13325,203700
2024-11-28 09:53:00+05:30,47.35,47.8,47.3,47.35,2675,203700
2024-11-28 09:54:00+05:30,47.35,47.65,46.95,47.65,4800,202150
2024-11-28 09:55:00+05:30,47.9,47.9,46.65,46.65,2550,202150
2024-11-28 09:56:00+05:30,46.25,47.45,46.0,47.4,15300,202150
2024-11-28 09:57:00+05:30,47.25,48.3,47.25,47.5,4675,201150
2024-11-28 09:58:00+05:30,46.95,46.95,45.85,46.3,13050,201150
2024-11-28 09:59:00+05:30,45.65,46.55,43.9,44.25,16250,201150
2024-11-28 10:00:00+05:30,44.2,44.9,44.05,44.3,10200,205500
2024-11-28 10:01:00+05:30,43.85,44.4,42.7,43.75,6400,205500
2024-11-28 10:02:00+05:30,43.65,44.75,41.8,42.05,6325,205500
2024-11-28 10:03:00+05:30,42.1,42.5,41.45,41.95,11400,204775
2024-11-28 10:04:00+05:30,41.75,43.0,41.15,43.0,13375,204775
2024-11-28 10:05:00+05:30,43.25,43.3,42.35,43.05,16350,204775
2024-11-28 10:06:00+05:30,42.9,44.2,42.8,43.9,19900,216925
2024-11-28 10:07:00+05:30,44.25,44.6,43.4,43.4,2125,216925
2024-11-28 10:08:00+05:30,43.05,43.05,41.95,42.4,4125,216925
2024-11-28 10:09:00+05:30,42.0,42.6,41.4,41.45,4000,217350
2024-11-28 10:10:00+05:30,41.45,42.0,39.95,40.0,9125,217350
2024-11-28 10:11:00+05:30,40.04,40.04,39.4,39.54,14700,217350
2024-11-28 10:12:00+05:30,39.54,40.0,39.29,39.54,3675,216925
2024-11-28 10:13:00+05:30,39.45,41.1,39.45,40.85,9725,216925
2024-11-28 10:14:00+05:30,41.05,41.25,40.2,40.75,14425,216925
2024-11-28 10:15:00+05:30,40.65,41.65,40.0,41.55,6100,221900
2024-11-28 10:16:00+05:30,41.5,42.5,41.5,42.0,7400,221900
2024-11-28 10:17:00+05:30,41.9,41.9,40.4,41.15,7275,221900
2024-11-28 10:18:00+05:30,41.15,41.35,40.4,41.35,5900,224600
2024-11-28 10:19:00+05:30,41.4,42.2,40.75,42.2,11100,224600
2024-11-28 10:20:00+05:30,41.95,42.05,41.15,41.15,2225,224600
2024-11-28 10:21:00+05:30,40.95,41.7,40.5,41.5,3350,223525
2024-11-28 10:22:00+05:30,41.35,42.7,41.35,41.9,8425,223525
2024-11-28 10:23:00+05:30,42.1,43.2,41.95,42.85,2800,223525
2024-11-28 10:24:00+05:30,43.45,43.45,41.85,42.15,2975,223525
2024-11-28 10:25:00+05:30,41.95,42.9,40.95,42.25,5950,221225
2024-11-28 10:26:00+05:30,42.0,42.85,42.0,42.7,1750,221225
2024-11-28 10:27:00+05:30,42.6,42.95,41.7,42.35,5725,224450
2024-11-28 10:28:00+05:30,42.55,42.55,42.0,42.1,1250,224450
2024-11-28 10:29:00+05:30,42.8,44.15,42.75,43.6,13575,224450
2024-11-28 10:30:00+05:30,43.9,45.0,43.8,44.55,9925,221275
2024-11-28 10:31:00+05:30,45.0,45.55,44.5,44.5,1525,221275
2024-11-28 10:32:00+05:30,44.2,48.65,44.2,48.65,6275,221275
2024-11-28 10:33:00+05:30,49.15,66.09,49.15,66.0,94425,219325
2024-11-28 10:34:00+05:30,66.45,69.0,62.05,64.75,75900,219325
2024-11-28 10:35:00+05:30,64.05,75.0,64.05,73.7,42500,219325
2024-11-28 10:36:00+05:30,73.05,79.59,73.05,78.09,39075,224925
2024-11-28 10:37:00+05:30,78.34,91.3,78.09,86.75,52075,224925
2024-11-28 10:38:00+05:30,87.9,100.05,87.9,98.1,49100,224925
2024-11-28 10:39:00+05:30,97.15,98.3,90.2,95.25,36775,221550
2024-11-28 10:40:00+05:30,95.8,111.75,94.3,111.75,35575,221550
2024-11-28 10:41:00+05:30,112.3,119.0,104.15,104.5,46225,221550
2024-11-28 10:42:00+05:30,106.5,107.5,92.05,94.0,31950,211775
2024-11-28 10:43:00+05:30,93.15,101.6,93.15,98.55,25125,211775
2024-11-28 10:44:00+05:30,98.0,98.85,88.75,89.35,17600,211775
2024-11-28 10:45:00+05:30,90.35,96.35,89.7,96.0,12625,229650
2024-11-28 10:46:00+05:30,96.0,101.4,95.2,100.35,13000,229650
2024-11-28 10:47:00+05:30,100.7,109.85,100.45,107.4,34200,229650
2024-11-28 10:48:00+05:30,108.3,119.55,108.0,118.1,32025,229650
2024-11-28 10:49:00+05:30,119.35,126.1,116.45,120.0,61175,228675
2024-11-28 10:50:00+05:30,117.5,117.5,107.85,108.45,48075,228675
2024-11-28 10:51:00+05:30,110.45,116.7,109.8,116.35,23375,228675
2024-11-28 10:52:00+05:30,116.85,116.85,107.65,110.4,28700,255225
2024-11-28 10:53:00+05:30,111.95,115.8,111.5,114.8,17500,255225
2024-11-28 10:54:00+05:30,114.5,117.9,112.0,113.15,15450,252725
2024-11-28 10:55:00+05:30,114.55,115.75,110.95,113.85,14675,252725
2024-11-28 10:56:00+05:30,112.65,117.0,112.65,115.9,10650,252725
2024-11-28 10:57:00+05:30,115.95,116.65,109.3,114.25,16275,252725
2024-11-28 10:58:00+05:30,113.85,116.45,109.6,109.6,19125,247025
2024-11-28 10:59:00+05:30,109.15,111.85,94.95,100.0,33600,247025
2024-11-28 11:00:00+05:30,98.4,101.8,96.7,100.45,19975,247025
2024-11-28 11:01:00+05:30,102.0,104.7,99.65,99.8,16175,262025
2024-11-28 11:02:00+05:30,99.2,101.65,95.0,95.75,32850,262025
2024-11-28 11:03:00+05:30,96.65,98.35,94.85,98.35,19625,262025
2024-11-28 11:04:00+05:30,99.35,108.15,99.35,108.15,19400,256025
2024-11-28 11:05:00+05:30,107.75,111.95,107.2,110.6,16250,256025
2024-11-28 11:06:00+05:30,110.5,113.25,104.5,105.25,30650,256025
2024-11-28 11:07:00+05:30,105.8,107.65,102.7,104.85,9575,252025
2024-11-28 11:08:00+05:30,104.05,111.05,104.05,108.5,7025,252025
2024-11-28 11:09:00+05:30,108.1,113.15,108.1,111.75,9500,252025
2024-11-28 11:10:00+05:30,112.95,113.4,103.15,106.3,25725,252400
2024-11-28 11:11:00+05:30,107.25,109.8,106.75,108.9,4525,252400
2024-11-28 11:12:00+05:30,109.65,114.0,109.15,111.6,11625,252400
2024-11-28 11:13:00+05:30,111.15,114.6,110.3,112.65,14850,251875
2024-11-28 11:14:00+05:30,113.25,114.6,111.4,112.65,14675,251875
2024-11-28 11:15:00+05:30,113.0,115.15,109.5,110.3,10175,251875
2024-11-28 11:16:00+05:30,110.3,118.0,110.0,116.45,18200,248825
2024-11-28 11:17:00+05:30,115.85,125.95,115.85,125.95,17550,248825
2024-11-28 11:18:00+05:30,123.65,123.7,117.3,118.0,15100,248825
2024-11-28 11:19:00+05:30,118.35,131.5,118.35,124.5,40275,246475
2024-11-28 11:20:00+05:30,125.0,126.1,120.2,121.35,16800,246475
2024-11-28 11:21:00+05:30,120.35,122.0,120.0,121.3,7875,246475
2024-11-28 11:22:00+05:30,122.35,122.35,116.3,116.3,6850,253950
2024-11-28 11:23:00+05:30,117.35,126.65,115.3,125.95,22800,253950
2024-11-28 11:24:00+05:30,125.65,129.6,124.9,128.3,14425,253950
2024-11-28 11:25:00+05:30,128.85,130.19,120.7,122.9,22700,254750
2024-11-28 11:26:00+05:30,122.4,123.3,117.4,117.55,10000,254750
2024-11-28 11:27:00+05:30,118.0,122.8,114.85,119.7,10625,254750
2024-11-28 11:28:00+05:30,119.5,123.9,119.25,122.5,6300,252000
2024-11-28 11:29:00+05:30,122.05,124.0,119.45,120.25,3975,252000
2024-11-28 11:30:00+05:30,121.15,125.35,121.15,123.05,6875,252000
2024-11-28 11:31:00+05:30,122.4,124.1,118.1,121.2,9625,253100
2024-11-28 11:32:00+05:30,121.75,122.2,119.05,119.55,8275,253100
2024-11-28 11:33:00+05:30,121.4,126.15,121.4,124.35,19150,253100
2024-11-28 11:34:00+05:30,124.55,124.55,119.65,119.65,14875,251400
2024-11-28 11:35:00+05:30,120.55,124.65,119.8,124.4,11675,251400
2024-11-28 11:36:00+05:30,125.0,125.15,122.15,124.5,7425,251400
2024-11-28 11:37:00+05:30,124.9,125.3,123.25,123.8,6025,248150
2024-11-28 11:38:00+05:30,124.2,125.7,120.6,121.85,11250,248150
2024-11-28 11:39:00+05:30,123.05,124.65,120.1,121.75,3600,248150
2024-11-28 11:40:00+05:30,121.7,121.7,118.15,119.0,4425,246625
2024-11-28 11:41:00+05:30,118.75,124.1,118.65,119.0,4175,246625
2024-11-28 11:42:00+05:30,120.0,123.65,119.8,123.65,1450,246625
2024-11-28 11:43:00+05:30,123.0,124.3,120.9,122.8,3750,246450
2024-11-28 11:44:00+05:30,124.5,125.95,119.45,121.9,9600,246450
2024-11-28 11:45:00+05:30,121.55,123.25,113.5,116.25,15225,246450
2024-11-28 11:46:00+05:30,117.1,118.3,110.35,111.2,6075,250250
2024-11-28 11:47:00+05:30,111.95,111.95,105.55,110.2,11575,250250
2024-11-28 11:48:00+05:30,110.65,112.65,107.1,108.05,7725,250250
2024-11-28 11:49:00+05:30,108.0,108.2,101.6,101.6,8300,246500
2024-11-28 11:50:00+05:30,102.0,102.0,96.0,100.45,19825,246500
2024-11-28 11:51:00+05:30,100.55,105.2,100.55,105.2,16025,246500
2024-11-28 11:52:00+05:30,104.95,105.7,103.7,105.7,7875,248750
2024-11-28 11:53:00+05:30,106.0,110.7,106.0,107.2,6225,248750
2024-11-28 11:54:00+05:30,108.4,113.1,108.4,111.45,6650,248750
2024-11-28 11:55:00+05:30,112.45,115.8,112.05,115.0,5175,246925
2024-11-28 11:56:00+05:30,114.75,116.05,110.85,114.8,10100,246925
2024-11-28 11:57:00+05:30,115.6,117.65,115.4,117.6,6175,246925
2024-11-28 11:58:00+05:30,117.3,125.65,117.3,125.65,15700,248300
2024-11-28 11:59:00+05:30,124.0,126.35,122.35,125.5,10850,248300
2024-11-28 12:00:00+05:30,126.3,126.45,122.95,124.65,8375,248300
2024-11-28 12:01:00+05:30,124.4,128.9,124.25,128.9,11825,249950
2024-11-28 12:02:00+05:30,127.35,129.35,123.0,123.0,20175,249950
2024-11-28 12:03:00+05:30,123.55,126.0,121.75,121.75,11025,249950
2024-11-28 12:04:00+05:30,122.25,126.85,121.85,124.65,4475,257275
2024-11-28 12:05:00+05:30,125.5,126.05,121.35,124.4,4075,257275
2024-11-28 12:06:00+05:30,122.0,123.95,120.7,122.55,5250,257275
2024-11-28 12:07:00+05:30,121.95,121.95,113.75,114.35,9750,255525
2024-11-28 12:08:00+05:30,115.2,117.15,112.35,112.8,5550,255525
2024-11-28 12:09:00+05:30,113.1,114.9,111.95,112.0,4425,255525
2024-11-28 12:10:00+05:30,112.25,117.3,112.25,115.2,8175,255150
2024-11-28 12:11:00+05:30,115.3,115.7,109.95,113.0,17450,255150
2024-11-28 12:12:00+05:30,113.25,119.9,113.2,119.9,7225,255150
2024-11-28 12:13:00+05:30,119.75,120.3,115.0,115.5,5350,257975
2024-11-28 12:14:00+05:30,115.6,119.35,114.25,117.1,5550,257975
2024-11-28 12:15:00+05:30,118.0,118.15,116.45,117.3,1625,257975
2024-11-28 12:16:00+05:30,117.5,120.35,117.4,119.0,12200,256375
2024-11-28 12:17:00+05:30,118.8,121.0,118.2,119.2,6525,256375
2024-11-28 12:18:00+05:30,119.3,120.4,116.0,117.9,5275,256375
2024-11-28 12:19:00+05:30,118.95,119.55,116.8,117.45,3725,251875
2024-11-28 12:20:00+05:30,116.85,119.75,115.3,118.2,5325,251875
2024-11-28 12:21:00+05:30,118.3,119.0,114.7,117.0,14375,251875
2024-11-28 12:22:00+05:30,117.5,117.5,114.2,115.3,5575,252625
2024-11-28 12:23:00+05:30,116.75,121.8,116.75,121.2,10625,252625
2024-11-28 12:24:00+05:30,121.0,121.15,117.65,118.1,2225,252625
2024-11-28 12:25:00+05:30,118.7,119.0,109.95,114.4,13850,247375
2024-11-28 12:26:00+05:30,114.7,114.7,108.9,110.5,9000,247375
2024-11-28 12:27:00+05:30,111.85,116.0,108.85,108.85,9825,247375
2024-11-28 12:28:00+05:30,108.9,110.05,106.15,108.25,14600,246225
2024-11-28 12:29:00+05:30,108.0,109.15,106.9,108.15,8850,246225
2024-11-28 12:30:00+05:30,107.0,110.05,106.85,110.05,3975,246225
2024-11-28 12:31:00+05:30,110.85,111.8,109.1,110.75,6000,253825
2024-11-28 12:32:00+05:30,110.65,116.7,110.65,116.7,9600,253825
2024-11-28 12:33:00+05:30,117.3,123.75,116.25,122.3,20175,253825
2024-11-28 12:34:00+05:30,122.95,126.0,122.0,126.0,8750,255075
2024-11-28 12:35:00+05:30,124.9,128.05,123.6,128.05,12025,255075
2024-11-28 12:36:00+05:30,128.75,138.3,128.0,136.9,44075,255075
2024-11-28 12:37:00+05:30,136.9,158.0,136.44,146.05,70875,250625
2024-11-28 12:38:00+05:30,146.75,148.94,144.5,148.94,33950,250625
2024-11-28 12:39:00+05:30,149.0,149.0,137.6,139.3,35250,250625
2024-11-28 12:40:00+05:30,139.0,141.69,136.44,140.15,25100,253200
2024-11-28 12:41:00+05:30,140.05,144.75,140.05,140.69,31725,253200
2024-11-28 12:42:00+05:30,141.05,141.05,132.4,132.44,21300,253200
2024-11-28 12:43:00+05:30,132.85,138.19,131.19,134.5,21775,251500
2024-11-28 12:44:00+05:30,134.4,134.4,130.44,130.44,7450,251500
2024-11-28 12:45:00+05:30,131.3,135.19,130.65,133.94,15600,251500
2024-11-28 12:46:00+05:30,134.75,136.5,133.6,134.85,7650,252600
2024-11-28 12:47:00+05:30,135.19,138.0,134.35,135.15,13950,252600
2024-11-28 12:48:00+05:30,135.9,137.55,133.19,137.55,6575,252600
2024-11-28 12:49:00+05:30,137.0,138.65,133.8,134.1,9800,252600
2024-11-28 12:50:00+05:30,135.44,135.44,131.0,132.3,8800,252600
2024-11-28 12:51:00+05:30,133.0,136.3,129.35,132.69,8400,252600
2024-11-28 12:52:00+05:30,132.9,138.69,132.9,137.55,9150,259750
2024-11-28 12:53:00+05:30,136.65,137.69,131.4,131.8,16200,259750
2024-11-28 12:54:00+05:30,132.19,133.9,130.5,131.4,6375,259750
2024-11-28 12:55:00+05:30,131.65,132.5,128.5,129.75,15425,267925
2024-11-28 12:56:00+05:30,128.8,132.85,128.8,132.69,3750,267925
2024-11-28 12:57:00+05:30,133.0,133.9,130.55,133.8,4400,267925
2024-11-28 12:58:00+05:30,132.5,135.85,132.5,135.05,4625,268400
2024-11-28 12:59:00+05:30,135.6,144.6,135.6,144.6,19475,268400
2024-11-28 13:00:00+05:30,144.4,144.9,142.15,144.15,28500,268400
2024-11-28 13:01:00+05:30,145.1,151.0,145.1,150.75,53250,268250
2024-11-28 13:02:00+05:30,151.05,151.05,142.8,142.8,33700,268250
2024-11-28 13:03:00+05:30,142.0,145.5,139.6,144.4,28050,268250
2024-11-28 13:04:00+05:30,144.6,149.69,144.0,149.25,23400,307425
2024-11-28 13:05:00+05:30,150.15,151.0,143.3,144.35,39600,307425
2024-11-28 13:06:00+05:30,144.44,145.15,137.5,139.65,36550,307425
2024-11-28 13:07:00+05:30,140.4,144.44,140.4,143.4,8600,310375
2024-11-28 13:08:00+05:30,143.69,154.69,143.4,153.85,58800,310375
2024-11-28 13:09:00+05:30,153.8,154.25,145.19,146.55,50775,310375
2024-11-28 13:10:00+05:30,145.5,146.35,142.4,144.1,21650,321625
2024-11-28 13:11:00+05:30,143.55,144.44,138.69,143.15,16000,321625
2024-11-28 13:12:00+05:30,143.15,147.6,142.1,145.4,18225,321625
2024-11-28 13:13:00+05:30,145.05,147.9,144.6,146.9,11575,328025
2024-11-28 13:14:00+05:30,146.1,149.6,145.5,147.5,16675,328025
2024-11-28 13:15:00+05:30,147.85,148.94,142.44,144.0,23275,328025
2024-11-28 13:16:00+05:30,146.19,151.94,146.19,150.1,48175,334500
2024-11-28 13:17:00+05:30,150.69,151.3,145.85,145.85,29400,334500
2024-11-28 13:18:00+05:30,146.05,150.44,143.8,144.69,28725,334500
2024-11-28 13:19:00+05:30,143.44,147.35,143.44,145.25,15400,344725
2024-11-28 13:20:00+05:30,144.6,147.94,144.44,145.19,16975,344725
2024-11-28 13:21:00+05:30,144.69,145.35,140.0,140.0,26700,344725
2024-11-28 13:22:00+05:30,140.0,140.6,136.8,137.19,17125,366375
2024-11-28 13:23:00+05:30,137.5,140.05,135.0,138.1,31100,366375
2024-11-28 13:24:00+05:30,139.65,143.44,139.4,143.0,30650,366375
2024-11-28 13:25:00+05:30,143.05,143.44,140.0,141.0,11600,381825
2024-11-28 13:26:00+05:30,140.94,141.44,135.3,135.44,14150,381825
2024-11-28 13:27:00+05:30,134.9,136.9,133.44,134.55,14900,381825
2024-11-28 13:28:00+05:30,135.19,139.94,134.05,134.05,12200,385500
2024-11-28 13:29:00+05:30,133.44,136.0,130.6,134.9,28125,385500
2024-11-28 13:30:00+05:30,133.94,137.5,133.44,136.85,19500,385500
2024-11-28 13:31:00+05:30,137.19,137.19,130.0,130.0,21400,384900
2024-11-28 13:32:00+05:30,128.75,133.94,128.35,133.8,21650,384900
2024-11-28 13:33:00+05:30,134.5,135.6,133.85,135.0,8325,384900
2024-11-28 13:34:00+05:30,134.3,134.6,131.1,134.6,23800,391250
2024-11-28 13:35:00+05:30,135.15,137.69,134.85,135.3,22325,391250
2024-11-28 13:36:00+05:30,136.8,137.85,135.55,135.9,10175,391250
2024-11-28 13:37:00+05:30,136.3,142.94,136.3,141.4,21250,387325
2024-11-28 13:38:00+05:30,140.55,141.0,137.5,138.0,11300,387325
2024-11-28 13:39:00+05:30,138.25,140.25,137.05,137.05,9275,387325
2024-11-28 13:40:00+05:30,137.1,144.44,137.1,142.9,27000,383000
2024-11-28 13:41:00+05:30,143.69,144.6,141.1,143.3,19425,383000
2024-11-28 13:42:00+05:30,143.0,143.05,137.0,140.5,19875,383000
2024-11-28 13:43:00+05:30,139.85,140.0,137.0,139.6,8050,389925
2024-11-28 13:44:00+05:30,140.35,145.15,140.35,144.15,21625,389925
2024-11-28 13:45:00+05:30,143.65,146.44,143.65,144.5,22925,389925
2024-11-28 13:46:00+05:30,145.5,147.4,143.69,147.1,17950,383825
2024-11-28 13:47:00+05:30,147.0,147.35,141.5,141.5,19200,383825
2024-11-28 13:48:00+05:30,142.05,148.69,140.1,148.0,18925,383825
2024-11-28 13:49:00+05:30,148.55,148.94,144.65,145.4,18775,381000
2024-11-28 13:50:00+05:30,145.4,146.8,144.75,146.25,7650,381000
2024-11-28 13:51:00+05:30,146.65,146.65,142.0,143.9,21350,381000
2024-11-28 13:52:00+05:30,143.75,145.0,142.1,142.44,7450,388400
2024-11-28 13:53:00+05:30,143.0,143.65,142.55,143.15,8850,388400
2024-11-28 13:54:00+05:30,143.25,143.44,140.25,140.25,14600,388400
2024-11-28 13:55:00+05:30,141.05,141.35,139.3,139.35,14725,399275
2024-11-28 13:56:00+05:30,139.35,139.6,123.65,128.05,75400,399275
2024-11-28 13:57:00+05:30,127.5,132.85,124.1,128.19,34200,399275
2024-11-28 13:58:00+05:30,128.19,129.19,116.1,116.1,52175,402650
2024-11-28 13:59:00+05:30,115.7,118.6,113.75,116.7,39975,402650
2024-11-28 14:00:00+05:30,118.0,126.4,118.0,125.0,28400,402650
2024-11-28 14:01:00+05:30,125.3,125.3,120.6,121.6,24325,392275
2024-11-28 14:02:00+05:30,122.0,122.5,113.8,113.85,22925,392275
2024-11-28 14:03:00+05:30,114.0,121.4,113.55,118.95,17900,392275
2024-11-28 14:04:00+05:30,118.6,120.15,112.15,114.8,11825,395775
2024-11-28 14:05:00+05:30,114.2,119.9,113.35,115.4,16400,395775
2024-11-28 14:06:00+05:30,116.05,116.05,106.4,107.05,38675,395775
2024-11-28 14:07:00+05:30,105.25,106.35,101.0,101.0,34750,399725
2024-11-28 14:08:00+05:30,101.8,107.9,101.4,107.9,13650,399725
2024-11-28 14:09:00+05:30,108.45,113.7,107.45,113.2,12800,399725
2024-11-28 14:10:00+05:30,113.25,123.1,113.25,120.45,38100,398700
2024-11-28 14:11:00+05:30,123.0,124.45,120.8,122.4,16975,398700
2024-11-28 14:12:00+05:30,122.7,152.5,122.7,152.5,87075,398700
2024-11-28 14:13:00+05:30,156.5,195.15,156.5,186.1,226300,370225
2024-11-28 14:14:00+05:30,186.8,188.15,136.69,143.94,133625,370225
2024-11-28 14:15:00+05:30,148.75,172.6,148.75,164.9,110425,370225
2024-11-28 14:16:00+05:30,164.05,181.25,164.05,177.85,87525,386425
2024-11-28 14:17:00+05:30,173.7,179.45,173.6,177.1,42225,386425
2024-11-28 14:18:00+05:30,178.05,180.45,167.6,168.55,53850,386425
2024-11-28 14:19:00+05:30,169.25,177.7,168.95,171.1,36850,390250
2024-11-28 14:20:00+05:30,170.45,178.85,170.45,177.8,28650,390250
2024-11-28 14:21:00+05:30,177.15,178.15,171.4,171.4,26300,390250
2024-11-28 14:22:00+05:30,174.75,176.65,171.8,173.5,23000,384450
2024-11-28 14:23:00+05:30,175.85,176.25,171.5,172.0,26675,384450
2024-11-28 14:24:00+05:30,171.75,177.5,170.85,172.8,31125,384450
2024-11-28 14:25:00+05:30,173.4,174.8,152.35,159.25,66225,400650
2024-11-28 14:26:00+05:30,158.6,162.8,155.8,157.6,32700,400650
2024-11-28 14:27:00+05:30,157.0,163.8,156.8,159.5,20000,400650
2024-11-28 14:28:00+05:30,158.25,160.0,152.85,153.4,30750,404475
2024-11-28 14:29:00+05:30,149.3,149.3,137.65,146.6,92750,404475
2024-11-28 14:30:00+05:30,146.65,152.19,137.0,137.0,69025,404475
2024-11-28 14:31:00+05:30,136.9,139.94,131.8,134.69,34825,414975
2024-11-28 14:32:00+05:30,135.19,135.19,127.8,130.0,41525,414975
2024-11-28 14:33:00+05:30,129.94,141.0,128.35,139.15,40050,414975
2024-11-28 14:34:00+05:30,139.9,143.85,132.55,141.15,27075,418900
2024-11-28 14:35:00+05:30,142.1,155.6,142.1,147.44,66575,418900
2024-11-28 14:36:00+05:30,148.05,148.19,140.3,147.85,69525,418900
2024-11-28 14:37:00+05:30,148.6,149.69,145.85,148.8,42850,439525
2024-11-28 14:38:00+05:30,149.0,152.19,144.4,151.65,43500,439525
2024-11-28 14:39:00+05:30,152.15,154.44,150.65,153.65,44550,439525
2024-11-28 14:40:00+05:30,154.15,167.35,152.4,164.4,80400,441775
2024-11-28 14:41:00+05:30,164.75,166.0,159.65,161.3,41475,441775
2024-11-28 14:42:00+05:30,160.3,165.5,159.35,163.19,26525,441775
2024-11-28 14:43:00+05:30,162.94,167.35,160.44,163.15,33075,438350
2024-11-28 14:44:00+05:30,163.5,165.05,157.1,162.75,26325,438350
2024-11-28 14:45:00+05:30,161.8,168.35,160.6,167.85,35750,438350
2024-11-28 14:46:00+05:30,169.8,169.85,163.19,163.5,34875,451075
2024-11-28 14:47:00+05:30,165.5,166.0,157.15,159.9,36400,451075
2024-11-28 14:48:00+05:30,160.35,164.95,159.19,159.19,20925,451075
2024-11-28 14:49:00+05:30,161.69,166.5,161.19,164.3,27350,466025
2024-11-28 14:50:00+05:30,163.0,163.0,159.5,160.0,18475,466025
2024-11-28 14:51:00+05:30,160.3,160.44,153.0,153.0,36750,466025
2024-11-28 14:52:00+05:30,151.1,154.8,148.44,153.9,49125,487200
2024-11-28 14:53:00+05:30,153.6,158.69,153.6,156.75,61700,487200
2024-11-28 14:54:00+05:30,157.05,159.15,155.15,158.75,28925,487200
2024-11-28 14:55:00+05:30,158.9,164.8,158.9,163.44,36450,537875
2024-11-28 14:56:00+05:30,164.65,165.55,162.5,162.8,29475,537875
2024-11-28 14:57:00+05:30,160.0,162.44,155.75,157.85,26550,537875
2024-11-28 14:58:00+05:30,156.94,164.8,153.75,162.8,40250,552950
2024-11-28 14:59:00+05:30,161.05,169.0,161.05,169.0,39775,552950
2024-11-28 15:00:00+05:30,168.7,180.0,168.5,177.25,99125,552950
2024-11-28 15:01:00+05:30,177.85,178.2,169.75,178.05,38900,558025
2024-11-28 15:02:00+05:30,178.5,179.55,174.2,174.5,64875,558025
2024-11-28 15:03:00+05:30,172.45,172.85,167.45,168.35,50900,558025
2024-11-28 15:04:00+05:30,168.5,174.0,168.15,171.0,60675,622300
2024-11-28 15:05:00+05:30,170.55,179.0,170.55,177.45,85500,622300
2024-11-28 15:06:00+05:30,177.6,178.1,171.85,177.4,73000,622300
2024-11-28 15:07:00+05:30,176.55,177.65,174.15,174.3,108625,799850
2024-11-28 15:08:00+05:30,173.5,175.15,172.25,173.05,53775,799850
2024-11-28 15:09:00+05:30,172.95,173.05,170.0,170.05,105500,799850
2024-11-28 15:10:00+05:30,170.25,170.6,166.05,166.55,54650,842750
2024-11-28 15:11:00+05:30,166.65,169.2,166.65,167.3,34100,842750
2024-11-28 15:12:00+05:30,167.3,167.35,165.55,166.05,14900,842750
2024-11-28 15:13:00+05:30,166.2,167.0,163.0,163.0,22125,868625
2024-11-28 15:14:00+05:30,163.0,163.69,157.65,157.65,33175,868625
2024-11-28 15:15:00+05:30,158.3,160.55,158.25,159.94,19000,868625
2024-11-28 15:16:00+05:30,159.4,159.4,153.44,153.75,41700,881525
2024-11-28 15:17:00+05:30,153.65,153.75,151.15,152.0,31475,881525
2024-11-28 15:18:00+05:30,151.5,151.85,148.9,149.5,34800,881525
2024-11-28 15:19:00+05:30,149.3,149.3,146.3,147.5,47950,932650
2024-11-28 15:20:00+05:30,147.05,153.6,147.05,153.5,62850,932650
2024-11-28 15:21:00+05:30,153.5,153.6,149.5,149.5,40425,932650
2024-11-28 15:22:00+05:30,149.5,150.05,144.6,144.6,55625,1001275
2024-11-28 15:23:00+05:30,144.55,145.3,140.35,140.35,54175,1001275
2024-11-28 15:24:00+05:30,140.55,144.4,139.65,144.25,69400,1001275
2024-11-28 15:25:00+05:30,144.1,146.0,144.1,146.0,61350,1060600
2024-11-28 15:26:00+05:30,145.94,147.6,145.8,147.25,36425,1060600
2024-11-28 15:27:00+05:30,146.85,147.6,146.35,147.5,46275,1060600
2024-11-28 15:28:00+05:30,147.44,149.4,147.44,149.4,51300,1082900
2024-11-28 15:29:00+05:30,149.85,151.0,148.6,149.6,73875,1082900
2024-11-29 09:15:00+05:30,161.9,161.9,139.65,153.94,420375,1097750
2024-11-29 09:16:00+05:30,154.1,158.69,146.9,147.4,396575,1097750
2024-11-29 09:17:00+05:30,148.8,153.0,147.85,148.6,239250,1360850
2024-11-29 09:18:00+05:30,149.3,150.3,147.35,148.19,154500,1360850
2024-11-29 09:19:00+05:30,147.85,156.05,147.85,154.94,259050,1360850
2024-11-29 09:20:00+05:30,156.1,156.1,142.55,146.25,327075,1533075
2024-11-29 09:21:00+05:30,145.75,153.3,145.75,153.3,241525,1533075
2024-11-29 09:22:00+05:30,153.9,155.85,151.5,153.3,220750,1533075
2024-11-29 09:23:00+05:30,153.9,154.75,150.55,153.75,177775,1594750
2024-11-29 09:24:00+05:30,152.05,162.85,151.75,160.6,431625,1594750
2024-11-29 09:25:00+05:30,160.65,169.0,159.44,165.45,631050,1594750
2024-11-29 09:26:00+05:30,165.65,165.65,149.1,150.3,527100,1733100
2024-11-29 09:27:00+05:30,149.75,149.75,136.15,145.15,495375,1733100
2024-11-29 09:28:00+05:30,143.5,148.69,143.5,146.15,175025,1733100
2024-11-29 09:29:00+05:30,144.75,145.94,136.94,139.44,216200,1726400
2024-11-29 09:30:00+05:30,140.6,144.94,140.6,143.15,169000,1726400
2024-11-29 09:31:00+05:30,144.44,147.35,143.0,145.35,138550,1726400
2024-11-29 09:32:00+05:30,146.0,147.0,142.0,143.9,86000,1747475
2024-11-29 09:33:00+05:30,144.8,145.0,137.75,137.75,145400,1747475
2024-11-29 09:34:00+05:30,134.4,136.75,131.1,132.3,294375,1747475
2024-11-29 09:35:00+05:30,131.75,141.35,131.65,140.65,158650,1824750
2024-11-29 09:36:00+05:30,140.55,147.0,140.0,146.25,252750,1824750
2024-11-29 09:37:00+05:30,146.69,150.1,142.85,146.9,304850,1824750
2024-11-29 09:38:00+05:30,147.05,147.6,144.4,146.9,90475,1725125
2024-11-29 09:39:00+05:30,146.44,146.85,142.65,143.85,74150,1725125
2024-11-29 09:40:00+05:30,143.3,150.3,143.3,150.3,114900,1725125
2024-11-29 09:41:00+05:30,151.3,162.6,150.0,159.0,338450,1724225
2024-11-29 09:42:00+05:30,158.05,161.0,151.69,151.69,320575,1724225
2024-11-29 09:43:00+05:30,153.3,153.3,143.75,146.05,233725,1724225
2024-11-29 09:44:00+05:30,145.94,154.55,145.0,154.1,156875,1743200
2024-11-29 09:45:00+05:30,154.19,155.4,148.9,150.55,130475,1743200
2024-11-29 09:46:00+05:30,151.55,152.35,143.15,144.55,122325,1743200
2024-11-29 09:47:00+05:30,145.44,145.44,141.35,143.6,136475,1765950
2024-11-29 09:48:00+05:30,143.44,147.4,141.44,146.25,93375,1765950
2024-11-29 09:49:00+05:30,146.3,148.05,137.4,137.55,156025,1765950
2024-11-29 09:50:00+05:30,133.6,137.15,130.35,136.5,297075,1768800
2024-11-29 09:51:00+05:30,137.69,139.44,134.65,137.0,145100,1768800
2024-11-29 09:52:00+05:30,136.8,139.6,135.0,135.8,67925,1768800
2024-11-29 09:53:00+05:30,133.94,137.19,133.94,136.4,81525,1789325
2024-11-29 09:54:00+05:30,136.4,136.4,127.7,130.85,184475,1789325
2024-11-29 09:55:00+05:30,131.3,137.5,130.85,137.1,138225,1789325
2024-11-29 09:56:00+05:30,137.3,141.3,137.3,141.05,214400,1810625
2024-11-29 09:57:00+05:30,139.6,140.85,133.05,136.5,137550,1810625
2024-11-29 09:58:00+05:30,136.5,138.69,133.8,133.9,87625,1810625
2024-11-29 09:59:00+05:30,134.0,135.94,125.8,126.0,153650,1822050
2024-11-29 10:00:00+05:30,127.0,131.0,121.55,130.69,318625,1822050
2024-11-29 10:01:00+05:30,131.65,136.8,131.65,133.69,183375,1822050
2024-11-29 10:02:00+05:30,133.25,135.9,130.0,132.65,100050,1821325
2024-11-29 10:03:00+05:30,132.94,134.4,129.4,130.3,53500,1821325
2024-11-29 10:04:00+05:30,129.3,129.8,127.65,129.69,93525,1821325
2024-11-29 10:05:00+05:30,129.9,132.44,127.5,132.15,68400,1839350
2024-11-29 10:06:00+05:30,133.94,143.69,132.6,141.0,308700,1839350
2024-11-29 10:07:00+05:30,141.44,149.3,141.25,145.9,409725,1839350
2024-11-29 10:08:00+05:30,146.8,149.05,139.5,139.5,252475,1804175
2024-11-29 10:09:00+05:30,140.35,140.35,129.65,133.0,239000,1804175
2024-11-29 10:10:00+05:30,133.9,142.0,133.9,141.0,186100,1804175
2024-11-29 10:11:00+05:30,141.44,150.4,140.94,150.05,205025,1823575
2024-11-29 10:12:00+05:30,151.19,156.55,148.8,153.5,525825,1823575
2024-11-29 10:13:00+05:30,154.9,154.94,151.0,154.44,240575,1823575
2024-11-29 10:14:00+05:30,154.69,162.25,150.3,161.4,550275,1828000
2024-11-29 10:15:00+05:30,162.94,162.94,156.25,160.9,512325,1828000
2024-11-29 10:16:00+05:30,161.15,161.94,151.25,156.65,400125,1828000
2024-11-29 10:17:00+05:30,156.8,170.3,156.8,165.75,725175,1821425
2024-11-29 10:18:00+05:30,165.0,166.05,155.9,162.35,328325,1821425
2024-11-29 10:19:00+05:30,162.8,165.35,159.1,161.15,209425,1821425
2024-11-29 10:20:00+05:30,164.15,165.0,153.5,157.75,265900,1851150
2024-11-29 10:21:00+05:30,159.9,160.05,150.6,151.05,202750,1851150
2024-11-29 10:22:00+05:30,152.15,156.55,151.6,156.5,154725,1851150
2024-11-29 10:23:00+05:30,157.0,159.69,152.4,159.69,164725,1863475
2024-11-29 10:24:00+05:30,160.69,162.4,154.15,155.15,170600,1863475
2024-11-29 10:25:00+05:30,155.05,159.35,152.4,159.35,117025,1863475
2024-11-29 10:26:00+05:30,158.25,160.05,142.35,145.5,432175,1810175
2024-11-29 10:27:00+05:30,145.8,145.8,127.55,135.19,486875,1810175
2024-11-29 10:28:00+05:30,134.75,140.35,132.0,139.25,161000,1810175
2024-11-29 10:29:00+05:30,139.69,140.85,132.8,136.69,132875,1767375
2024-11-29 10:30:00+05:30,137.0,141.25,134.55,140.5,162275,1767375
2024-11-29 10:31:00+05:30,141.19,141.4,131.25,132.0,183375,1767375
2024-11-29 10:32:00+05:30,130.5,130.85,116.0,119.55,428575,1769275
2024-11-29 10:33:00+05:30,119.35,119.45,112.25,114.9,256375,1769275
2024-11-29 10:34:00+05:30,115.4,118.75,114.65,118.25,153600,1769275
2024-11-29 10:35:00+05:30,119.05,121.85,117.15,118.8,172500,1804025
2024-11-29 10:36:00+05:30,120.6,121.45,117.75,120.3,79650,1804025
2024-11-29 10:37:00+05:30,119.25,119.6,114.1,118.5,137975,1804025
2024-11-29 10:38:00+05:30,118.75,121.05,117.45,119.6,105275,1807725
2024-11-29 10:39:00+05:30,117.35,120.2,117.2,119.0,87525,1807725
2024-11-29 10:40:00+05:30,117.75,118.5,108.05,116.3,202025,1807725
2024-11-29 10:41:00+05:30,116.3,120.7,115.45,120.3,107650,1812825
2024-11-29 10:42:00+05:30,119.6,120.35,115.5,118.0,100125,1812825
2024-11-29 10:43:00+05:30,118.3,120.85,117.35,120.25,44950,1812825
2024-11-29 10:44:00+05:30,120.2,124.9,120.2,124.9,144375,1825600
2024-11-29 10:45:00+05:30,124.15,124.15,117.2,120.4,115025,1825600
2024-11-29 10:46:00+05:30,121.55,123.85,120.2,120.2,75825,1825600
2024-11-29 10:47:00+05:30,121.4,121.55,112.35,114.9,119225,1833250
2024-11-29 10:48:00+05:30,114.8,115.75,110.65,114.0,106650,1833250
2024-11-29 10:49:00+05:30,113.55,116.7,111.15,115.45,86875,1833250
2024-11-29 10:50:00+05:30,114.6,115.75,111.75,113.15,43875,1833250
2024-11-29 10:51:00+05:30,112.15,114.6,109.3,112.0,93800,1835150
2024-11-29 10:52:00+05:30,111.8,113.65,109.8,110.55,100125,1835150
2024-11-29 10:53:00+05:30,111.4,114.6,110.95,113.9,53950,1835150
2024-11-29 10:54:00+05:30,113.9,119.95,113.9,117.8,112525,1828750
2024-11-29 10:55:00+05:30,116.8,123.25,116.75,122.05,127925,1828750
2024-11-29 10:56:00+05:30,122.0,122.2,112.1,114.55,111725,1828750
2024-11-29 10:57:00+05:30,115.2,116.0,110.35,111.95,111150,1839150
2024-11-29 10:58:00+05:30,112.35,115.9,112.25,114.45,50625,1839150
2024-11-29 10:59:00+05:30,114.55,114.55,106.95,110.25,94525,1839150
2024-11-29 11:00:00+05:30,110.15,110.15,104.75,108.35,115325,1859225
2024-11-29 11:01:00+05:30,108.4,111.0,106.85,108.75,64100,1859225
2024-11-29 11:02:00+05:30,109.8,111.95,109.6,110.5,66400,1859225
2024-11-29 11:03:00+05:30,108.8,111.95,108.8,110.6,68625,1866475
2024-11-29 11:04:00+05:30,110.2,110.2,106.0,106.75,45550,1866475
2024-11-29 11:05:00+05:30,106.65,111.95,106.65,110.35,77750,1866475
2024-11-29 11:06:00+05:30,110.8,113.3,109.75,112.65,66175,1880850
2024-11-29 11:07:00+05:30,111.4,111.85,102.0,105.85,113025,1880850
2024-11-29 11:08:00+05:30,106.25,110.25,106.25,106.85,52875,1880850
2024-11-29 11:09:00+05:30,106.2,106.75,104.6,106.15,52525,1899900
2024-11-29 11:10:00+05:30,106.2,108.15,105.7,107.8,31200,1899900
2024-11-29 11:11:00+05:30,107.9,108.8,105.2,108.05,38900,1899900
2024-11-29 11:12:00+05:30,107.85,110.95,106.65,110.75,55575,1911850
2024-11-29 11:13:00+05:30,111.15,112.4,108.55,111.15,64375,1911850
2024-11-29 11:14:00+05:30,111.5,111.55,106.15,106.55,54825,1911850
2024-11-29 11:15:00+05:30,107.0,107.95,103.4,104.8,73050,1919125
2024-11-29 11:16:00+05:30,105.25,106.75,104.05,105.0,29825,1919125
2024-11-29 11:17:00+05:30,103.5,105.15,102.85,105.0,55775,1919125
2024-11-29 11:18:00+05:30,104.75,106.45,103.7,104.65,78075,1913625
2024-11-29 11:19:00+05:30,105.0,108.55,105.0,108.0,54600,1913625
2024-11-29 11:20:00+05:30,107.65,109.05,106.35,108.1,52300,1913625
2024-11-29 11:21:00+05:30,108.35,108.35,104.55,104.9,35675,1910150
2024-11-29 11:22:00+05:30,104.8,105.3,102.75,103.8,58400,1910150
2024-11-29 11:23:00+05:30,103.9,103.9,95.6,95.95,188000,1910150
2024-11-29 11:24:00+05:30,96.1,96.1,92.75,94.85,151200,1925650
2024-11-29 11:25:00+05:30,95.2,96.15,93.9,94.6,97400,1925650
2024-11-29 11:26:00+05:30,94.15,96.8,94.05,96.3,84025,1925650
2024-11-29 11:27:00+05:30,95.85,99.0,95.85,98.7,99725,1935650
2024-11-29 11:28:00+05:30,98.6,98.6,96.0,96.5,77825,1935650
2024-11-29 11:29:00+05:30,96.75,96.8,95.05,96.55,33725,1935650
2024-11-29 11:30:00+05:30,96.4,96.8,92.1,93.85,54825,1927075
2024-11-29 11:31:00+05:30,93.65,97.3,93.65,97.3,44650,1927075
2024-11-29 11:32:00+05:30,96.7,99.0,96.7,98.0,101775,1927075
2024-11-29 11:33:00+05:30,97.6,97.95,95.0,95.35,31975,1935025
2024-11-29 11:34:00+05:30,95.8,98.55,95.7,98.25,39225,1935025
2024-11-29 11:35:00+05:30,97.95,99.5,97.35,98.35,63325,1935025
2024-11-29 11:36:00+05:30,97.8,100.2,96.7,99.0,60975,1928650
2024-11-29 11:37:00+05:30,99.2,101.85,97.65,101.85,71350,1928650
2024-11-29 11:38:00+05:30,101.7,108.0,101.4,107.05,171425,1928650
2024-11-29 11:39:00+05:30,107.15,107.7,105.8,107.3,95350,1947625
2024-11-29 11:40:00+05:30,106.7,106.8,100.25,103.0,131025,1947625
2024-11-29 11:41:00+05:30,102.65,107.2,102.65,107.2,54000,1947625
2024-11-29 11:42:00+05:30,107.3,110.7,105.6,109.2,154325,1961300
2024-11-29 11:43:00+05:30,109.8,109.8,102.65,104.5,105300,1961300
2024-11-29 11:44:00+05:30,105.25,106.95,104.0,104.75,48075,1961300
2024-11-29 11:45:00+05:30,105.0,106.3,100.2,100.7,88575,1961300
2024-11-29 11:46:00+05:30,101.45,103.8,99.2,103.8,55500,1961300
2024-11-29 11:47:00+05:30,103.2,107.2,103.2,106.95,67550,1961300
2024-11-29 11:48:00+05:30,107.15,109.6,106.6,108.65,88625,1959250
2024-11-29 11:49:00+05:30,108.95,110.0,107.5,109.05,54475,1959250
2024-11-29 11:50:00+05:30,108.85,110.05,106.0,110.05,63000,1959250
2024-11-29 11:51:00+05:30,110.15,112.7,109.35,109.35,174325,1960700
2024-11-29 11:52:00+05:30,108.4,108.4,105.1,107.35,75850,1960700
2024-11-29 11:53:00+05:30,107.55,110.05,105.75,109.6,44300,1960700
2024-11-29 11:54:00+05:30,109.5,109.7,107.15,109.65,49225,1971975
2024-11-29 11:55:00+05:30,109.4,111.4,105.8,109.0,90400,1971975
2024-11-29 11:56:00+05:30,109.0,112.75,108.9,111.4,112450,1971975
2024-11-29 11:57:00+05:30,111.75,111.75,108.55,109.2,52850,1959550
2024-11-29 11:58:00+05:30,109.0,110.15,106.3,110.15,47975,1959550
2024-11-29 11:59:00+05:30,110.1,110.2,107.8,108.95,32775,1959550
2024-11-29 12:00:00+05:30,109.15,110.35,101.65,102.95,100150,1951325
2024-11-29 12:01:00+05:30,103.15,104.55,102.35,103.75,44100,1951325
2024-11-29 12:02:00+05:30,103.5,105.6,103.3,104.55,40925,1951325
2024-11-29 12:03:00+05:30,105.05,105.25,103.25,103.85,22950,1949625
2024-11-29 12:04:00+05:30,103.65,107.25,101.75,101.75,50725,1949625
2024-11-29 12:05:00+05:30,101.9,103.25,100.55,102.2,77225,1949625
2024-11-29 12:06:00+05:30,102.1,104.8,101.4,101.7,48525,1953450
2024-11-29 12:07:00+05:30,101.85,102.55,99.4,99.7,73025,1953450
2024-11-29 12:08:00+05:30,100.0,101.1,99.35,100.45,49875,1953450
2024-11-29 12:09:00+05:30,100.9,100.9,95.55,96.6,127850,1964875
2024-11-29 12:10:00+05:30,97.5,98.5,96.4,96.4,86150,1964875
2024-11-29 12:11:00+05:30,97.0,97.65,95.45,97.65,35750,1964875
2024-11-29 12:12:00+05:30,98.2,99.3,95.85,95.85,49175,1956375
2024-11-29 12:13:00+05:30,96.45,96.5,92.6,93.25,92925,1956375
2024-11-29 12:14:00+05:30,94.05,94.4,91.7,94.4,43300,1956375
2024-11-29 12:15:00+05:30,94.25,94.5,92.7,94.2,52650,1943275
2024-11-29 12:16:00+05:30,93.95,98.0,93.75,97.7,62600,1943275
2024-11-29 12:17:00+05:30,97.7,98.05,96.3,97.75,66975,1943275
2024-11-29 12:18:00+05:30,97.95,98.3,95.5,96.55,33050,1984925
2024-11-29 12:19:00+05:30,95.3,96.0,94.15,94.55,48050,1984925
2024-11-29 12:20:00+05:30,94.5,97.4,94.5,97.4,38775,1984925
2024-11-29 12:21:00+05:30,97.5,100.95,97.5,100.35,86175,2010825
2024-11-29 12:22:00+05:30,100.45,102.65,100.4,101.25,91450,2010825
2024-11-29 12:23:00+05:30,100.5,103.05,100.5,101.2,47150,2010825
2024-11-29 12:24:00+05:30,101.05,102.95,99.05,101.65,63700,2026900
2024-11-29 12:25:00+05:30,101.85,103.2,101.05,101.25,60450,2026900
2024-11-29 12:26:00+05:30,100.9,100.9,98.4,99.95,45025,2026900
2024-11-29 12:27:00+05:30,99.75,101.0,97.25,98.95,41550,2021125
2024-11-29 12:28:00+05:30,98.0,98.15,94.9,95.65,86125,2021125
2024-11-29 12:29:00+05:30,95.9,97.0,94.3,95.5,40175,2021125
2024-11-29 12:30:00+05:30,95.2,96.2,91.95,93.2,88250,2035700
2024-11-29 12:31:00+05:30,92.45,98.25,92.45,98.25,63725,2035700
2024-11-29 12:32:00+05:30,99.0,99.45,97.9,98.4,66825,2035700
2024-11-29 12:33:00+05:30,98.55,99.2,97.25,98.6,22725,2028400
2024-11-29 12:34:00+05:30,98.65,99.15,95.05,95.05,54100,2028400
2024-11-29 12:35:00+05:30,94.45,95.8,93.8,95.1,68075,2028400
2024-11-29 12:36:00+05:30,95.1,97.5,95.1,97.1,31325,2008050
2024-11-29 12:37:00+05:30,97.35,98.1,96.0,96.7,22025,2008050
2024-11-29 12:38:00+05:30,96.55,97.9,95.7,97.75,23500,2008050
2024-11-29 12:39:00+05:30,97.85,98.95,97.3,98.4,27350,2009725
2024-11-29 12:40:00+05:30,98.3,99.1,97.05,98.1,15925,2009725
2024-11-29 12:41:00+05:30,99.0,99.05,96.8,97.35,25675,2009725
2024-11-29 12:42:00+05:30,97.45,98.35,95.9,98.15,30325,2008800
2024-11-29 12:43:00+05:30,99.0,99.35,97.35,97.45,22550,2008800
2024-11-29 12:44:00+05:30,97.7,98.1,96.1,97.9,22250,2008800
2024-11-29 12:45:00+05:30,97.9,101.15,97.9,100.9,40000,1996825
2024-11-29 12:46:00+05:30,100.7,102.6,100.25,101.95,52175,1996825
2024-11-29 12:47:00+05:30,102.15,102.95,100.55,100.7,41325,1996825
2024-11-29 12:48:00+05:30,101.0,104.3,100.0,103.15,57325,1989125
2024-11-29 12:49:00+05:30,103.0,103.55,100.7,103.05,35150,1989125
2024-11-29 12:50:00+05:30,102.8,103.2,99.85,100.35,75450,1989125
2024-11-29 12:51:00+05:30,100.65,103.4,100.1,101.25,50125,1996700
2024-11-29 12:52:00+05:30,100.65,101.25,98.95,98.95,48050,1996700
2024-11-29 12:53:00+05:30,98.95,100.15,98.1,98.95,21850,1996700
2024-11-29 12:54:00+05:30,98.8,100.6,98.8,99.35,20550,2004025
2024-11-29 12:55:00+05:30,99.35,99.5,93.65,94.35,104600,2004025
2024-11-29 12:56:00+05:30,94.5,95.95,93.1,93.65,48225,2004025
2024-11-29 12:57:00+05:30,93.5,93.8,89.65,92.05,129250,1969050
2024-11-29 12:58:00+05:30,92.05,93.55,91.65,93.1,52650,1969050
2024-11-29 12:59:00+05:30,92.65,93.6,91.9,92.05,43950,1969050
2024-11-29 13:00:00+05:30,92.1,93.75,90.95,93.3,71800,1941600
2024-11-29 13:01:00+05:30,92.85,93.65,92.5,93.6,37000,1941600
2024-11-29 13:02:00+05:30,93.6,94.4,92.8,94.35,32000,1941600
2024-11-29 13:03:00+05:30,94.6,95.95,94.35,95.85,70550,1947975
2024-11-29 13:04:00+05:30,95.8,96.65,95.65,95.75,60675,1947975
2024-11-29 13:05:00+05:30,95.8,96.85,95.25,95.45,59025,1947975
2024-11-29 13:06:00+05:30,94.75,96.9,94.5,96.3,33825,1953450
2024-11-29 13:07:00+05:30,97.05,97.15,96.05,96.7,29225,1953450
2024-11-29 13:08:00+05:30,96.6,96.8,94.4,95.0,34350,1953450
2024-11-29 13:09:00+05:30,94.9,94.9,93.85,94.75,25500,1958300
2024-11-29 13:10:00+05:30,94.9,95.9,93.5,93.8,42500,1958300
2024-11-29 13:11:00+05:30,93.55,94.15,92.05,94.15,41175,1958300
2024-11-29 13:12:00+05:30,94.1,94.1,92.1,92.1,29025,1953325
2024-11-29 13:13:00+05:30,92.1,92.2,90.4,90.8,50550,1953325
2024-11-29 13:14:00+05:30,89.7,90.65,87.6,89.05,102775,1953325
2024-11-29 13:15:00+05:30,88.65,89.6,88.0,89.2,38975,1941675
2024-11-29 13:16:00+05:30,88.85,90.05,88.3,89.35,32700,1941675
2024-11-29 13:17:00+05:30,89.25,90.0,88.6,89.0,30075,1941675
2024-11-29 13:18:00+05:30,88.85,89.1,86.5,86.9,59850,1945925
2024-11-29 13:19:00+05:30,86.6,86.85,82.8,83.5,131675,1945925
2024-11-29 13:20:00+05:30,83.25,84.9,83.25,84.85,58375,1945925
2024-11-29 13:21:00+05:30,84.2,84.2,78.59,82.45,194375,1916350
2024-11-29 13:22:00+05:30,82.45,82.75,79.9,80.8,77600,1916350
2024-11-29 13:23:00+05:30,80.75,81.2,79.8,79.9,80925,1916350
2024-11-29 13:24:00+05:30,79.75,81.05,77.45,77.84,57300,1935925
2024-11-29 13:25:00+05:30,78.0,79.3,77.2,79.2,57525,1935925
2024-11-29 13:26:00+05:30,78.84,79.65,78.0,79.4,37100,1935925
2024-11-29 13:27:00+05:30,79.5,81.8,79.5,81.5,89050,1927050
2024-11-29 13:28:00+05:30,81.05,82.0,79.7,81.95,60425,1927050
2024-11-29 13:29:00+05:30,81.45,81.75,80.2,81.45,21750,1927050
2024-11-29 13:30:00+05:30,81.2,81.3,80.0,81.0,40650,1950100
2024-11-29 13:31:00+05:30,80.8,81.2,78.8,79.05,50250,1950100
2024-11-29 13:32:00+05:30,79.0,79.0,75.95,76.15,72025,1950100
2024-11-29 13:33:00+05:30,75.34,75.7,74.0,75.15,90725,1958150
2024-11-29 13:34:00+05:30,75.25,76.0,74.84,75.15,48875,1958150
2024-11-29 13:35:00+05:30,75.05,75.05,72.2,73.2,69075,1958150
2024-11-29 13:36:00+05:30,73.0,74.8,72.5,73.9,30875,1960400
2024-11-29 13:37:00+05:30,73.5,73.95,71.55,72.75,60000,1960400
2024-11-29 13:38:00+05:30,72.2,74.0,72.2,73.34,30775,1960400
2024-11-29 13:39:00+05:30,73.45,74.05,73.2,73.7,34000,1970475
2024-11-29 13:40:00+05:30,73.3,75.0,72.55,74.84,29875,1970475
2024-11-29 13:41:00+05:30,75.34,75.84,74.59,75.84,36575,1970475
2024-11-29 13:42:00+05:30,75.45,75.8,74.9,75.3,20175,1983625
2024-11-29 13:43:00+05:30,75.0,76.5,75.0,76.5,31850,1983625
2024-11-29 13:44:00+05:30,77.05,77.09,75.7,76.45,28600,1983625
2024-11-29 13:45:00+05:30,76.5,78.55,76.25,78.25,45650,1982750
2024-11-29 13:46:00+05:30,77.8,78.84,76.8,78.8,54850,1982750
2024-11-29 13:47:00+05:30,78.5,80.3,78.25,79.95,71250,1982750
2024-11-29 13:48:00+05:30,79.95,80.05,78.59,79.5,48550,2019150
2024-11-29 13:49:00+05:30,79.4,79.8,77.9,78.09,28025,2019150
2024-11-29 13:50:00+05:30,78.34,80.0,78.09,79.45,25100,2019150
2024-11-29 13:51:00+05:30,79.2,79.75,77.59,77.59,40775,2019250
2024-11-29 13:52:00+05:30,77.55,77.55,74.95,76.84,57225,2019250
2024-11-29 13:53:00+05:30,76.45,78.5,76.3,77.05,35425,2019250
2024-11-29 13:54:00+05:30,76.34,77.4,76.05,77.25,13850,2009750
2024-11-29 13:55:00+05:30,76.9,77.9,76.8,76.8,26275,2009750
2024-11-29 13:56:00+05:30,76.34,76.5,74.09,74.84,40700,2009750
2024-11-29 13:57:00+05:30,74.55,74.59,69.9,70.95,104650,2003075
2024-11-29 13:58:00+05:30,71.09,71.59,70.55,71.4,38225,2003075
2024-11-29 13:59:00+05:30,71.34,71.5,70.05,71.4,44425,2003075
2024-11-29 14:00:00+05:30,71.55,71.55,67.84,70.05,66275,1990925
2024-11-29 14:01:00+05:30,70.59,71.45,70.0,71.2,43825,1990925
2024-11-29 14:02:00+05:30,71.5,73.8,71.2,73.8,50700,1990925
2024-11-29 14:03:00+05:30,73.75,75.09,73.75,74.5,47775,1989150
2024-11-29 14:04:00+05:30,74.05,74.3,73.05,73.05,24725,1989150
2024-11-29 14:05:00+05:30,73.3,73.75,71.9,73.34,19225,1989150
2024-11-29 14:06:00+05:30,73.9,74.95,73.55,74.59,27450,1990675
2024-11-29 14:07:00+05:30,74.65,76.75,74.0,76.05,50675,1990675
2024-11-29 14:08:00+05:30,76.2,77.3,75.34,76.8,39050,1990675
2024-11-29 14:09:00+05:30,76.65,76.65,74.0,75.0,38550,1988525
2024-11-29 14:10:00+05:30,74.5,79.5,74.5,79.34,96750,1988525
2024-11-29 14:11:00+05:30,79.3,83.5,79.3,83.5,157175,1988525
2024-11-29 14:12:00+05:30,83.15,84.1,80.95,81.3,138100,1981800
2024-11-29 14:13:00+05:30,81.8,87.3,81.8,87.3,146475,1981800
2024-11-29 14:14:00+05:30,88.1,90.0,86.25,89.5,153675,1981800
2024-11-29 14:15:00+05:30,89.1,89.55,85.0,89.15,133050,1943825
2024-11-29 14:16:00+05:30,90.35,93.75,90.35,92.05,176825,1943825
2024-11-29 14:17:00+05:30,91.8,94.55,90.8,91.8,125400,1943825
2024-11-29 14:18:00+05:30,91.35,91.35,85.35,87.55,156075,1929975
2024-11-29 14:19:00+05:30,86.95,87.0,85.1,86.0,70325,1929975
2024-11-29 14:20:00+05:30,85.25,87.15,82.6,83.65,74850,1929975
2024-11-29 14:21:00+05:30,84.25,86.25,84.25,85.5,52025,1924025
2024-11-29 14:22:00+05:30,85.25,87.2,85.25,85.85,46125,1924025
2024-11-29 14:23:00+05:30,85.0,85.25,80.65,83.0,109725,1924025
2024-11-29 14:24:00+05:30,82.75,82.95,80.3,81.0,68075,1907150
2024-11-29 14:25:00+05:30,80.7,80.7,78.5,80.15,94900,1907150
2024-11-29 14:26:00+05:30,80.0,80.8,79.0,79.8,53850,1907150
2024-11-29 14:27:00+05:30,79.55,80.2,77.0,78.3,71025,1889275
2024-11-29 14:28:00+05:30,78.15,79.5,77.95,79.0,22100,1889275
2024-11-29 14:29:00+05:30,78.9,79.2,75.8,76.45,61375,1889275
2024-11-29 14:30:00+05:30,76.45,78.84,75.45,77.45,63975,1902000
2024-11-29 14:31:00+05:30,77.34,77.34,74.25,74.59,82925,1902000
2024-11-29 14:32:00+05:30,74.7,74.7,73.2,73.59,51100,1902000
2024-11-29 14:33:00+05:30,73.55,73.75,71.45,73.45,66500,1894900
2024-11-29 14:34:00+05:30,72.84,73.59,71.45,71.75,36425,1894900
2024-11-29 14:35:00+05:30,71.95,72.09,70.8,71.5,54875,1894900
2024-11-29 14:36:00+05:30,71.45,72.65,70.9,72.3,42975,1904550
2024-11-29 14:37:00+05:30,72.4,73.15,71.3,72.9,54475,1904550
2024-11-29 14:38:00+05:30,73.2,73.59,72.34,72.9,42600,1904550
2024-11-29 14:39:00+05:30,72.5,72.5,70.25,70.7,74475,1902450
2024-11-29 14:40:00+05:30,70.9,72.7,70.9,72.09,28550,1902450
2024-11-29 14:41:00+05:30,72.0,73.09,70.9,71.55,47225,1902450
2024-11-29 14:42:00+05:30,71.45,71.59,62.75,63.6,231975,1909100
2024-11-29 14:43:00+05:30,63.3,64.0,62.2,63.45,99750,1909100
2024-11-29 14:44:00+05:30,64.2,67.3,64.2,67.25,82025,1909100
2024-11-29 14:45:00+05:30,67.3,67.7,66.25,67.25,57025,1920050
2024-11-29 14:46:00+05:30,66.7,73.0,66.3,72.59,104225,1920050
2024-11-29 14:47:00+05:30,73.09,73.45,70.05,71.65,105975,1920050
2024-11-29 14:48:00+05:30,72.0,74.2,71.75,73.9,68700,1912700
2024-11-29 14:49:00+05:30,74.3,74.9,72.3,73.25,81650,1912700
2024-11-29 14:50:00+05:30,73.45,73.95,71.59,71.75,45950,1912700
2024-11-29 14:51:00+05:30,70.8,71.59,68.09,70.9,77000,1900575
2024-11-29 14:52:00+05:30,71.4,75.0,71.4,74.5,109150,1900575
2024-11-29 14:53:00+05:30,74.75,74.8,70.3,71.05,91950,1900575
2024-11-29 14:54:00+05:30,71.0,71.45,69.0,71.45,68550,1920325
2024-11-29 14:55:00+05:30,71.65,72.55,70.75,71.55,53175,1920325
2024-11-29 14:56:00+05:30,71.5,73.05,71.5,71.5,21550,1920325
2024-11-29 14:57:00+05:30,71.59,71.59,67.8,68.05,65875,1922825
2024-11-29 14:58:00+05:30,68.2,69.0,66.84,69.0,48000,1922825
2024-11-29 14:59:00+05:30,68.95,70.5,68.15,69.09,31900,1922825
2024-11-29 15:00:00+05:30,69.9,72.05,66.45,70.95,90625,1920025
2024-11-29 15:01:00+05:30,70.95,72.5,70.15,72.4,63350,1920025
2024-11-29 15:02:00+05:30,72.75,74.25,70.45,70.5,103950,1920025
2024-11-29 15:03:00+05:30,70.25,72.09,68.2,71.5,71625,1914875
2024-11-29 15:04:00+05:30,71.7,73.59,70.84,72.15,65825,1914875
2024-11-29 15:05:00+05:30,72.65,73.55,70.3,72.34,62300,1914875
2024-11-29 15:06:00+05:30,72.7,73.4,70.59,73.4,48775,1912950
2024-11-29 15:07:00+05:30,73.15,74.84,70.5,71.3,89375,1912950
2024-11-29 15:08:00+05:30,71.45,72.09,69.3,70.7,59850,1912950
2024-11-29 15:09:00+05:30,70.7,72.4,70.45,71.55,47250,1886575
2024-11-29 15:10:00+05:30,72.05,73.95,71.75,73.95,66775,1886575
2024-11-29 15:11:00+05:30,74.0,76.0,73.95,75.65,96975,1886575
2024-11-29 15:12:00+05:30,75.95,75.95,73.9,74.95,88900,1889175
2024-11-29 15:13:00+05:30,74.84,76.65,73.45,73.95,110175,1889175
2024-11-29 15:14:00+05:30,74.75,75.0,71.5,72.3,84825,1889175
2024-11-29 15:15:00+05:30,73.55,74.34,71.84,73.15,112975,1835825
2024-11-29 15:16:00+05:30,73.45,74.09,72.9,72.9,46225,1835825
2024-11-29 15:17:00+05:30,72.5,74.05,70.25,70.25,65025,1835825
2024-11-29 15:18:00+05:30,70.59,72.84,70.59,71.95,50975,1796000
2024-11-29 15:19:00+05:30,72.05,72.55,71.34,71.84,78525,1796000
2024-11-29 15:20:00+05:30,72.0,72.8,71.25,72.5,85375,1796000
2024-11-29 15:21:00+05:30,72.9,72.9,70.65,71.4,56800,1781600
2024-11-29 15:22:00+05:30,71.4,72.09,70.84,71.8,98175,1781600
2024-11-29 15:23:00+05:30,72.2,72.55,71.34,71.65,67675,1781600
2024-11-29 15:24:00+05:30,71.9,72.4,71.4,71.59,67100,1734675
2024-11-29 15:25:00+05:30,72.2,72.55,71.59,71.75,93525,1734675
2024-11-29 15:26:00+05:30,71.5,71.5,69.55,70.0,143275,1734675
2024-11-29 15:27:00+05:30,70.09,71.09,69.59,71.09,101475,1686825
2024-11-29 15:28:00+05:30,71.15,71.4,70.65,71.0,75650,1686825
2024-11-29 15:29:00+05:30,71.25,71.25,68.0,68.34,164825,1686825
2024-12-02 09:15:00+05:30,68.05,107.9,68.05,101.7,590425,1620625
2024-12-02 09:16:00+05:30,100.9,106.1,98.05,98.7,428150,1620625
2024-12-02 09:17:00+05:30,98.6,111.0,98.6,109.4,437100,1620625
2024-12-02 09:18:00+05:30,109.1,111.4,105.7,108.25,428625,1799525
2024-12-02 09:19:00+05:30,109.05,110.1,107.05,107.45,289175,1799525
2024-12-02 09:20:00+05:30,100.6,110.15,100.6,109.95,496000,1799525
2024-12-02 09:21:00+05:30,114.3,116.15,107.9,110.3,540050,2037400
2024-12-02 09:22:00+05:30,108.95,108.95,103.4,103.9,318000,2037400
2024-12-02 09:23:00+05:30,101.05,106.3,98.45,105.7,489375,2037400
2024-12-02 09:24:00+05:30,105.7,109.6,104.9,108.95,328025,2109975
2024-12-02 09:25:00+05:30,108.0,114.85,106.25,114.85,493375,2109975
2024-12-02 09:26:00+05:30,113.3,116.8,111.85,112.6,576675,2109975
2024-12-02 09:27:00+05:30,113.25,113.25,106.95,107.95,316425,2100900
2024-12-02 09:28:00+05:30,107.55,111.95,107.1,107.2,269925,2100900
2024-12-02 09:29:00+05:30,105.4,107.45,103.45,104.55,326100,2100900
2024-12-02 09:30:00+05:30,105.0,105.0,93.95,97.3,652000,2163025
2024-12-02 09:31:00+05:30,98.15,98.9,90.65,93.3,411350,2163025
2024-12-02 09:32:00+05:30,93.65,93.65,90.85,93.25,197375,2163025
2024-12-02 09:33:00+05:30,93.0,97.6,93.0,94.65,243200,2259375
2024-12-02 09:34:00+05:30,92.6,93.8,83.85,85.15,441350,2259375
2024-12-02 09:35:00+05:30,86.45,86.45,81.7,86.0,331275,2259375
2024-12-02 09:36:00+05:30,86.4,88.5,85.2,86.0,209200,2348600
2024-12-02 09:37:00+05:30,86.5,87.4,84.9,85.9,164525,2348600
2024-12-02 09:38:00+05:30,85.5,86.1,77.65,78.65,413800,2348600
2024-12-02 09:39:00+05:30,78.15,79.65,77.34,79.15,235275,2381475
2024-12-02 09:40:00+05:30,80.7,81.45,76.25,76.25,269850,2381475
2024-12-02 09:41:00+05:30,75.34,79.65,75.34,79.2,195650,2381475
2024-12-02 09:42:00+05:30,79.25,82.7,79.0,82.2,232825,2396800
2024-12-02 09:43:00+05:30,82.5,88.5,82.5,85.3,335500,2396800
2024-12-02 09:44:00+05:30,85.55,85.8,78.7,79.75,258100,2396800
2024-12-02 09:45:00+05:30,80.25,80.75,75.09,75.65,276025,2349950
2024-12-02 09:46:00+05:30,75.5,78.45,72.95,77.25,277925,2349950
2024-12-02 09:47:00+05:30,76.84,81.0,76.84,78.3,221075,2349950
2024-12-02 09:48:00+05:30,78.34,80.09,76.5,77.55,114575,2371775
2024-12-02 09:49:00+05:30,77.0,80.9,77.0,80.84,98925,2371775
2024-12-02 09:50:00+05:30,80.65,84.8,80.65,83.55,236725,2371775
2024-12-02 09:51:00+05:30,83.35,83.35,78.2,81.95,178225,2381400
2024-12-02 09:52:00+05:30,81.65,82.4,80.59,81.55,75025,2381400
2024-12-02 09:53:00+05:30,80.25,84.4,79.8,81.84,113900,2381400
2024-12-02 09:54:00+05:30,82.2,86.55,82.2,85.25,232150,2366700
2024-12-02 09:55:00+05:30,85.5,86.4,81.8,83.65,229475,2366700
2024-12-02 09:56:00+05:30,84.2,85.45,78.45,78.45,228125,2366700
2024-12-02 09:57:00+05:30,77.34,78.65,74.5,78.65,239450,2386200
2024-12-02 09:58:00+05:30,79.65,81.09,77.5,78.5,111425,2386200
2024-12-02 09:59:00+05:30,77.5,78.75,76.09,77.9,109675,2386200
2024-12-02 10:00:00+05:30,78.34,78.34,74.3,77.65,207000,2440575
2024-12-02 10:01:00+05:30,78.8,80.09,78.05,80.09,121950,2440575
2024-12-02 10:02:00+05:30,80.3,80.5,77.9,79.95,83950,2440575
2024-12-02 10:03:00+05:30,80.65,82.2,77.5,78.3,123275,2476850
2024-12-02 10:04:00+05:30,78.0,78.5,76.7,77.4,85450,2476850
2024-12-02 10:05:00+05:30,77.0,78.15,74.8,75.7,139950,2476850
2024-12-02 10:06:00+05:30,75.59,79.05,75.15,78.05,122525,2479375
2024-12-02 10:07:00+05:30,78.5,79.65,76.59,77.8,101850,2479375
2024-12-02 10:08:00+05:30,78.25,80.4,77.2,80.09,71725,2479375
2024-12-02 10:09:00+05:30,80.65,82.5,80.25,81.2,157275,2510950
2024-12-02 10:10:00+05:30,81.55,89.55,81.55,88.0,414825,2510950
2024-12-02 10:11:00+05:30,87.4,89.85,85.85,87.7,263350,2510950
2024-12-02 10:12:00+05:30,88.25,93.45,87.85,90.9,399850,2435725
2024-12-02 10:13:00+05:30,90.4,90.5,85.7,86.65,268550,2435725
2024-12-02 10:14:00+05:30,86.0,86.0,76.4,76.4,394625,2435725
2024-12-02 10:15:00+05:30,78.2,78.2,60.15,64.9,764275,2409750
2024-12-02 10:16:00+05:30,66.2,67.5,63.5,65.05,280900,2409750
2024-12-02 10:17:00+05:30,64.5,65.5,62.7,65.05,226225,2409750
2024-12-02 10:18:00+05:30,66.05,67.75,65.4,66.59,183150,2361175
2024-12-02 10:19:00+05:30,66.7,67.3,65.84,67.15,92125,2361175
2024-12-02 10:20:00+05:30,67.55,68.2,64.45,68.0,149475,2361175
2024-12-02 10:21:00+05:30,67.75,70.09,67.75,69.65,200550,2359450
2024-12-02 10:22:00+05:30,69.2,70.5,68.34,70.05,126950,2359450
2024-12-02 10:23:00+05:30,70.55,71.2,68.34,69.8,111150,2359450
2024-12-02 10:24:00+05:30,69.7,70.8,67.9,69.15,81650,2387425
2024-12-02 10:25:00+05:30,69.45,73.65,69.34,72.8,198175,2387425
2024-12-02 10:26:00+05:30,72.9,74.2,72.4,72.4,154900,2387425
2024-12-02 10:27:00+05:30,71.45,73.4,70.95,73.34,112075,2391925
2024-12-02 10:28:00+05:30,73.75,74.0,70.65,71.9,109700,2391925
2024-12-02 10:29:00+05:30,71.9,72.55,68.5,69.5,113900,2391925
2024-12-02 10:30:00+05:30,69.4,71.15,66.8,71.15,127975,2414875
2024-12-02 10:31:00+05:30,71.55,73.45,71.55,72.9,137925,2414875
2024-12-02 10:32:00+05:30,73.0,75.25,72.65,73.8,144150,2414875
2024-12-02 10:33:00+05:30,73.95,75.3,73.2,74.3,126825,2436600
2024-12-02 10:34:00+05:30,74.05,74.7,71.8,73.55,78725,2436600
2024-12-02 10:35:00+05:30,73.59,78.3,73.45,77.55,235900,2436600
2024-12-02 10:36:00+05:30,77.9,83.95,77.09,82.5,274325,2410150
2024-12-02 10:37:00+05:30,83.0,84.7,80.9,83.3,283325,2410150
2024-12-02 10:38:00+05:30,84.0,87.9,83.75,83.75,307150,2410150
2024-12-02 10:39:00+05:30,83.65,83.65,79.09,81.09,205350,2417975
2024-12-02 10:40:00+05:30,81.75,82.0,79.7,80.05,135675,2417975
2024-12-02 10:41:00+05:30,79.5,79.55,76.05,76.3,181050,2417975
2024-12-02 10:42:00+05:30,76.15,91.5,75.2,91.5,434475,2428800
2024-12-02 10:43:00+05:30,91.25,92.35,86.5,89.3,349150,2428800
2024-12-02 10:44:00+05:30,88.8,89.0,81.55,83.2,262525,2428800
2024-12-02 10:45:00+05:30,82.7,89.2,82.7,85.0,225950,2417550
2024-12-02 10:46:00+05:30,85.1,85.45,81.65,83.35,174450,2417550
2024-12-02 10:47:00+05:30,83.25,88.3,83.25,87.0,179500,2417550
2024-12-02 10:48:00+05:30,87.5,87.65,83.5,84.4,127925,2428575
2024-12-02 10:49:00+05:30,84.7,86.35,84.05,84.65,82350,2428575
2024-12-02 10:50:00+05:30,84.5,87.2,82.95,85.15,132550,2428575
2024-12-02 10:51:00+05:30,85.3,88.0,85.3,87.05,164525,2427700
2024-12-02 10:52:00+05:30,87.1,88.95,85.35,86.85,112250,2427700
2024-12-02 10:53:00+05:30,86.8,87.0,77.5,80.95,351550,2427700
2024-12-02 10:54:00+05:30,81.05,88.15,81.05,86.7,174200,2412450
2024-12-02 10:55:00+05:30,87.2,90.3,87.1,89.0,239850,2412450
2024-12-02 10:56:00+05:30,88.5,89.5,86.4,86.95,132275,2412450
2024-12-02 10:57:00+05:30,86.6,87.5,84.0,86.9,185575,2461200
2024-12-02 10:58:00+05:30,87.35,88.95,84.6,84.6,116575,2461200
2024-12-02 10:59:00+05:30,84.9,86.3,81.9,85.45,208525,2461200
2024-12-02 11:00:00+05:30,85.9,85.9,82.3,83.0,105675,2465400
2024-12-02 11:01:00+05:30,82.35,84.4,81.59,83.4,66650,2465400
2024-12-02 11:02:00+05:30,83.5,85.75,83.5,84.1,82675,2465400
2024-12-02 11:03:00+05:30,84.85,85.25,81.15,82.05,93675,2466550
2024-12-02 11:04:00+05:30,82.05,82.25,78.75,79.84,185300,2466550
2024-12-02 11:05:00+05:30,79.4,81.0,78.3,80.7,109850,2466550
2024-12-02 11:06:00+05:30,81.59,82.1,80.8,81.8,71975,2493600
2024-12-02 11:07:00+05:30,82.0,83.3,80.8,81.2,117975,2493600
2024-12-02 11:08:00+05:30,81.0,81.0,76.95,78.0,136575,2493600
2024-12-02 11:09:00+05:30,77.8,79.8,75.65,78.59,125250,2493475
2024-12-02 11:10:00+05:30,78.84,82.2,78.55,81.3,104725,2493475
2024-12-02 11:11:00+05:30,81.3,82.4,79.0,79.59,87700,2493475
2024-12-02 11:12:00+05:30,79.45,80.0,78.3,79.75,43175,2531375
2024-12-02 11:13:00+05:30,78.75,79.65,77.8,79.55,76200,2531375
2024-12-02 11:14:00+05:30,79.09,80.4,77.3,78.09,77300,2531375
2024-12-02 11:15:00+05:30,78.05,80.5,77.65,78.7,44150,2563550
2024-12-02 11:16:00+05:30,79.0,80.5,78.2,79.45,71175,2563550
2024-12-02 11:17:00+05:30,79.8,80.65,74.84,75.8,165225,2563550
2024-12-02 11:18:00+05:30,75.3,75.3,72.9,73.34,198000,2567850
2024-12-02 11:19:00+05:30,73.0,74.75,72.65,73.84,110975,2567850
2024-12-02 11:20:00+05:30,73.7,73.7,71.34,72.09,142925,2567850
2024-12-02 11:21:00+05:30,71.75,75.05,71.09,74.75,114500,2615525
2024-12-02 11:22:00+05:30,73.55,75.9,73.55,75.2,95250,2615525
2024-12-02 11:23:00+05:30,75.45,77.7,75.25,76.84,138675,2615525
2024-12-02 11:24:00+05:30,76.59,77.2,75.55,76.45,59025,2655700
2024-12-02 11:25:00+05:30,76.5,77.3,75.2,77.05,76175,2655700
2024-12-02 11:26:00+05:30,77.0,77.15,74.8,75.5,80600,2655700
2024-12-02 11:27:00+05:30,75.5,76.0,73.7,74.0,80375,2662025
2024-12-02 11:28:00+05:30,74.2,75.45,73.5,75.2,70550,2662025
2024-12-02 11:29:00+05:30,74.95,77.7,74.95,77.05,128025,2662025
2024-12-02 11:30:00+05:30,76.5,77.45,74.75,75.3,111625,2685125
2024-12-02 11:31:00+05:30,75.15,76.09,73.7,74.4,82875,2685125
2024-12-02 11:32:00+05:30,74.5,76.45,73.95,76.0,53575,2685125
2024-12-02 11:33:00+05:30,75.5,76.15,74.4,75.09,54550,2689275
2024-12-02 11:34:00+05:30,74.9,77.34,74.8,77.34,82275,2689275
2024-12-02 11:35:00+05:30,77.55,81.4,77.45,80.09,206425,2689275
2024-12-02 11:36:00+05:30,80.15,83.2,79.9,80.45,241675,2696200
2024-12-02 11:37:00+05:30,80.3,80.55,78.75,78.9,102475,2696200
2024-12-02 11:38:00+05:30,78.55,78.7,76.8,78.5,127875,2696200
2024-12-02 11:39:00+05:30,78.75,80.4,78.75,79.34,91450,2723025
2024-12-02 11:40:00+05:30,78.84,80.8,77.7,78.65,97900,2723025
2024-12-02 11:41:00+05:30,78.3,80.9,77.7,80.25,92775,2723025
2024-12-02 11:42:00+05:30,80.34,81.0,79.0,80.25,46400,2708850
2024-12-02 11:43:00+05:30,80.15,81.0,78.2,78.2,64550,2708850
2024-12-02 11:44:00+05:30,77.59,77.59,73.34,74.09,209675,2708850
2024-12-02 11:45:00+05:30,74.55,74.7,69.95,73.59,187375,2700700
2024-12-02 11:46:00+05:30,73.8,74.65,72.34,74.59,131250,2700700
2024-12-02 11:47:00+05:30,74.34,77.34,74.34,76.59,173150,2700700
2024-12-02 11:48:00+05:30,76.65,78.7,76.65,78.3,100050,2684200
2024-12-02 11:49:00+05:30,78.4,81.45,78.4,80.59,202325,2684200
2024-12-02 11:50:00+05:30,80.5,84.5,80.5,83.95,226925,2684200
2024-12-02 11:51:00+05:30,84.0,85.45,81.95,81.95,203975,2659550
2024-12-02 11:52:00+05:30,82.15,82.15,78.59,79.0,124575,2659550
2024-12-02 11:53:00+05:30,78.95,81.95,78.3,81.3,72325,2659550
2024-12-02 11:54:00+05:30,80.9,82.3,80.09,81.2,55450,2664400
2024-12-02 11:55:00+05:30,81.65,83.05,80.0,80.65,90775,2664400
2024-12-02 11:56:00+05:30,80.9,81.7,79.09,81.7,90525,2664400
2024-12-02 11:57:00+05:30,81.9,83.15,80.45,80.59,155075,2667025
2024-12-02 11:58:00+05:30,80.45,80.45,75.84,77.65,188025,2667025
2024-12-02 11:59:00+05:30,78.5,79.9,77.65,78.5,72700,2667025
2024-12-02 12:00:00+05:30,76.65,78.8,76.59,78.8,71950,2682925
2024-12-02 12:01:00+05:30,79.2,80.4,78.8,79.55,63000,2682925
2024-12-02 12:02:00+05:30,79.5,80.75,78.2,80.45,67450,2682925
2024-12-02 12:03:00+05:30,81.0,81.75,79.25,81.3,71000,2690575
2024-12-02 12:04:00+05:30,81.25,81.4,78.9,79.8,64800,2690575
2024-12-02 12:05:00+05:30,80.05,82.7,79.3,81.95,95325,2690575
2024-12-02 12:06:00+05:30,82.55,83.0,80.09,80.45,86125,2712550
2024-12-02 12:07:00+05:30,80.45,81.3,78.0,78.75,87550,2712550
2024-12-02 12:08:00+05:30,78.65,79.09,77.25,77.9,73825,2712550
2024-12-02 12:09:00+05:30,77.7,78.3,77.0,78.0,76600,2723550
2024-12-02 12:10:00+05:30,78.3,78.3,75.34,76.05,110400,2723550
2024-12-02 12:11:00+05:30,75.84,77.8,75.3,77.25,104250,2723550
2024-12-02 12:12:00+05:30,77.7,78.4,76.75,77.65,79125,2779100
2024-12-02 12:13:00+05:30,77.8,79.2,77.8,78.8,83825,2779100
2024-12-02 12:14:00+05:30,78.09,79.0,77.55,78.7,61500,2779100
2024-12-02 12:15:00+05:30,78.8,78.95,77.25,77.75,49000,2742750
2024-12-02 12:16:00+05:30,77.65,78.0,76.55,76.84,52025,2742750
2024-12-02 12:17:00+05:30,77.0,78.45,76.34,76.7,76750,2742750
2024-12-02 12:18:00+05:30,76.7,76.9,75.45,75.9,88075,2788425
2024-12-02 12:19:00+05:30,75.59,76.2,75.25,75.3,51600,2788425
2024-12-02 12:20:00+05:30,75.3,76.34,73.59,74.59,104525,2788425
2024-12-02 12:21:00+05:30,74.84,76.45,74.65,76.45,56975,2788425
2024-12-02 12:22:00+05:30,76.4,77.25,75.59,75.59,47075,2773950
2024-12-02 12:23:00+05:30,74.84,75.3,73.8,74.5,75725,2773950
2024-12-02 12:24:00+05:30,74.25,74.75,73.15,74.34,79925,2773950
2024-12-02 12:25:00+05:30,74.59,76.2,74.59,75.7,89125,2796800
2024-12-02 12:26:00+05:30,75.55,75.59,73.75,74.8,64125,2796800
2024-12-02 12:27:00+05:30,74.84,75.5,74.15,74.34,40950,2796800
2024-12-02 12:28:00+05:30,74.4,74.4,71.34,72.34,256725,2803350
2024-12-02 12:29:00+05:30,72.3,72.75,69.84,70.9,245150,2803350
2024-12-02 12:30:00+05:30,70.4,72.59,69.7,71.75,244200,2803350
2024-12-02 12:31:00+05:30,71.5,73.15,71.5,72.9,142600,2797475
2024-12-02 12:32:00+05:30,72.59,73.0,71.45,71.75,82475,2797475
2024-12-02 12:33:00+05:30,71.5,72.95,71.15,72.34,68025,2797475
2024-12-02 12:34:00+05:30,72.2,73.8,72.2,72.8,71400,2803375
2024-12-02 12:35:00+05:30,73.0,73.7,72.9,73.34,53250,2803375
2024-12-02 12:36:00+05:30,73.25,74.3,72.84,73.84,65225,2803375
2024-12-02 12:37:00+05:30,74.2,76.65,74.05,76.34,171150,2802150
2024-12-02 12:38:00+05:30,76.2,77.0,74.84,75.5,144350,2802150
2024-12-02 12:39:00+05:30,75.65,76.05,74.15,74.7,55600,2802150
2024-12-02 12:40:00+05:30,74.55,75.55,73.3,74.0,70450,2823675
2024-12-02 12:41:00+05:30,74.25,76.9,74.25,76.4,115725,2823675
2024-12-02 12:42:00+05:30,76.5,77.09,74.9,75.2,107475,2823675
2024-12-02 12:43:00+05:30,75.15,75.95,73.75,74.5,76225,2839875
2024-12-02 12:44:00+05:30,74.59,75.15,73.7,74.59,70950,2839875
2024-12-02 12:45:00+05:30,74.55,75.55,74.3,74.8,44450,2839875
2024-12-02 12:46:00+05:30,75.0,76.55,75.0,75.55,40425,2819900
2024-12-02 12:47:00+05:30,75.3,75.7,73.59,74.0,33000,2819900
2024-12-02 12:48:00+05:30,73.9,73.9,72.3,73.59,80750,2819900
2024-12-02 12:49:00+05:30,73.55,73.75,71.3,72.65,68375,2819150
2024-12-02 12:50:00+05:30,72.7,74.45,72.7,73.65,77775,2819150
2024-12-02 12:51:00+05:30,73.55,76.15,73.55,75.65,67550,2819150
2024-12-02 12:52:00+05:30,75.9,77.3,74.95,75.09,93025,2822450
2024-12-02 12:53:00+05:30,75.55,75.55,73.05,73.95,50350,2822450
2024-12-02 12:54:00+05:30,73.45,74.84,73.45,74.0,27350,2822450
2024-12-02 12:55:00+05:30,73.9,75.5,73.59,74.75,44500,2819000
2024-12-02 12:56:00+05:30,74.05,75.34,73.9,74.3,38900,2819000
2024-12-02 12:57:00+05:30,74.09,75.0,73.34,74.7,24225,2819000
2024-12-02 12:58:00+05:30,74.65,74.9,71.9,71.95,69950,2821375
2024-12-02 12:59:00+05:30,71.9,72.84,71.59,72.3,70925,2821375
2024-12-02 13:00:00+05:30,72.7,74.3,72.4,72.65,91900,2821375
2024-12-02 13:01:00+05:30,72.5,73.55,71.7,73.34,54750,2834700
2024-12-02 13:02:00+05:30,73.84,75.45,73.84,75.09,85800,2834700
2024-12-02 13:03:00+05:30,75.0,76.8,74.45,75.09,87725,2834700
2024-12-02 13:04:00+05:30,75.0,76.05,74.45,75.75,45500,2840700
2024-12-02 13:05:00+05:30,76.9,78.59,76.25,77.59,148150,2840700
2024-12-02 13:06:00+05:30,78.0,78.45,75.0,75.45,125750,2840700
2024-12-02 13:07:00+05:30,75.05,75.25,73.65,74.0,99550,2824000
2024-12-02 13:08:00+05:30,74.2,75.25,73.55,74.95,48300,2824000
2024-12-02 13:09:00+05:30,74.7,76.9,74.7,76.3,76750,2824000
2024-12-02 13:10:00+05:30,76.09,76.8,75.4,76.65,71275,2817650
2024-12-02 13:11:00+05:30,76.84,77.25,75.05,75.15,74150,2817650
2024-12-02 13:12:00+05:30,74.45,76.3,74.4,76.25,31625,2817650
2024-12-02 13:13:00+05:30,76.59,79.59,76.59,78.7,170575,2797500
2024-12-02 13:14:00+05:30,78.8,78.95,77.45,77.55,85775,2797500
2024-12-02 13:15:00+05:30,77.25,78.95,77.15,77.95,89775,2797500
2024-12-02 13:16:00+05:30,77.8,77.95,75.0,75.65,99300,2773375
2024-12-02 13:17:00+05:30,75.15,75.15,72.55,73.2,140800,2773375
2024-12-02 13:18:00+05:30,73.45,75.0,72.7,74.8,95550,2773375
2024-12-02 13:19:00+05:30,75.0,76.5,75.0,75.5,90850,2795675
2024-12-02 13:20:00+05:30,76.3,79.84,76.3,77.45,171250,2795675
2024-12-02 13:21:00+05:30,77.55,78.3,75.0,75.15,82150,2795675
2024-12-02 13:22:00+05:30,76.0,78.09,74.5,76.3,69175,2771500
2024-12-02 13:23:00+05:30,76.45,78.8,76.3,77.09,86075,2771500
2024-12-02 13:24:00+05:30,77.7,79.0,75.9,76.34,68050,2771500
2024-12-02 13:25:00+05:30,75.9,77.65,75.5,77.5,68075,2796175
2024-12-02 13:26:00+05:30,77.0,78.84,75.8,78.15,69825,2796175
2024-12-02 13:27:00+05:30,78.3,78.9,78.05,78.2,53550,2796175
2024-12-02 13:28:00+05:30,78.05,82.0,78.05,80.0,295750,2788125
2024-12-02 13:29:00+05:30,79.84,81.34,78.5,80.0,99725,2788125
2024-12-02 13:30:00+05:30,80.45,80.9,75.9,76.09,165050,2788125
2024-12-02 13:31:00+05:30,76.5,78.2,76.5,76.55,67875,2772350
2024-12-02 13:32:00+05:30,76.5,77.4,75.7,75.84,73925,2772350
2024-12-02 13:33:00+05:30,75.65,78.84,75.65,77.55,67550,2772350
2024-12-02 13:34:00+05:30,77.34,77.84,74.65,75.3,80175,2797750
2024-12-02 13:35:00+05:30,74.45,74.55,71.75,73.3,168800,2797750
2024-12-02 13:36:00+05:30,73.59,74.5,73.0,73.0,84775,2797750
2024-12-02 13:37:00+05:30,72.95,74.2,72.3,73.0,106875,2804350
2024-12-02 13:38:00+05:30,72.7,74.34,72.7,74.2,51825,2804350
2024-12-02 13:39:00+05:30,74.25,74.65,72.0,72.09,48325,2804350
2024-12-02 13:40:00+05:30,72.4,73.45,71.65,72.65,49250,2826600
2024-12-02 13:41:00+05:30,72.8,73.3,71.8,72.25,54825,2826600
2024-12-02 13:42:00+05:30,72.0,73.2,71.15,72.5,58725,2826600
2024-12-02 13:43:00+05:30,72.05,73.05,71.34,71.45,41075,2851000
2024-12-02 13:44:00+05:30,71.5,72.59,71.45,71.84,24950,2851000
2024-12-02 13:45:00+05:30,71.7,73.15,71.25,72.8,68825,2851000
2024-12-02 13:46:00+05:30,72.7,74.75,72.7,74.0,108525,2868275
2024-12-02 13:47:00+05:30,74.3,74.84,73.65,73.65,86900,2868275
2024-12-02 13:48:00+05:30,73.9,73.9,71.7,72.9,82425,2868275
2024-12-02 13:49:00+05:30,73.15,73.9,72.3,73.0,43125,2865550
2024-12-02 13:50:00+05:30,73.0,73.55,72.7,73.09,18475,2865550
2024-12-02 13:51:00+05:30,73.3,75.75,73.3,74.65,92900,2865550
2024-12-02 13:52:00+05:30,75.2,75.5,74.2,74.65,47250,2872175
2024-12-02 13:53:00+05:30,74.34,75.0,73.59,73.75,34800,2872175
2024-12-02 13:54:00+05:30,73.95,74.59,72.05,72.2,60175,2872175
2024-12-02 13:55:00+05:30,72.55,72.59,71.7,72.4,87650,2870250
2024-12-02 13:56:00+05:30,72.65,73.3,71.75,72.2,42500,2870250
2024-12-02 13:57:00+05:30,72.0,72.09,68.95,70.15,196100,2870250
2024-12-02 13:58:00+05:30,70.34,70.9,62.65,62.65,379100,2881625
2024-12-02 13:59:00+05:30,62.85,64.25,58.55,59.5,412625,2881625
2024-12-02 14:00:00+05:30,59.6,60.15,56.05,57.7,296925,2881625
2024-12-02 14:01:00+05:30,57.3,58.6,54.15,55.8,283100,2889825
2024-12-02 14:02:00+05:30,56.4,57.45,56.4,56.65,158275,2889825
2024-12-02 14:03:00+05:30,56.8,58.25,55.95,57.8,139100,2889825
2024-12-02 14:04:00+05:30,57.95,58.85,55.6,56.0,152500,2933550
2024-12-02 14:05:00+05:30,55.8,56.25,53.0,53.95,227000,2933550
2024-12-02 14:06:00+05:30,53.85,55.35,53.75,55.05,147625,2933550
2024-12-02 14:07:00+05:30,54.95,56.95,54.95,56.85,116800,2944125
2024-12-02 14:08:00+05:30,56.5,57.8,56.1,57.55,88275,2944125
2024-12-02 14:09:00+05:30,57.55,58.15,56.45,57.9,106850,2944125
2024-12-02 14:10:00+05:30,57.3,59.0,57.25,58.75,112275,2951350
2024-12-02 14:11:00+05:30,58.75,59.45,58.65,58.65,95375,2951350
2024-12-02 14:12:00+05:30,59.15,60.0,58.25,59.3,113550,2951350
2024-12-02 14:13:00+05:30,59.55,59.55,58.0,58.15,95525,2903400
2024-12-02 14:14:00+05:30,58.45,58.55,55.75,57.35,124675,2903400
2024-12-02 14:15:00+05:30,57.4,57.4,54.65,55.35,128775,2903400
2024-12-02 14:16:00+05:30,55.6,57.0,55.45,56.65,95175,2912875
2024-12-02 14:17:00+05:30,56.5,56.7,55.3,55.35,102875,2912875
2024-12-02 14:18:00+05:30,55.4,55.4,51.1,51.75,220025,2912875
2024-12-02 14:19:00+05:30,51.85,53.25,51.75,53.15,141000,2930825
2024-12-02 14:20:00+05:30,53.3,54.8,52.8,54.35,128275,2930825
2024-12-02 14:21:00+05:30,54.55,54.9,53.6,54.3,96300,2930825
2024-12-02 14:22:00+05:30,54.2,55.85,54.2,55.65,92950,2887350
2024-12-02 14:23:00+05:30,55.85,56.15,55.2,55.8,68275,2887350
2024-12-02 14:24:00+05:30,55.9,56.6,54.35,55.1,75575,2887350
2024-12-02 14:25:00+05:30,55.5,55.5,54.1,54.65,64550,2876875
2024-12-02 14:26:00+05:30,55.05,56.45,54.7,56.3,55750,2876875
2024-12-02 14:27:00+05:30,56.45,56.95,55.75,56.5,64500,2876875
2024-12-02 14:28:00+05:30,56.35,56.7,54.8,54.95,62275,2865000
2024-12-02 14:29:00+05:30,54.95,56.05,54.95,55.65,30825,2865000
2024-12-02 14:30:00+05:30,56.1,56.1,53.4,54.75,92025,2865000
2024-12-02 14:31:00+05:30,54.9,56.25,54.9,55.95,65675,2843825
2024-12-02 14:32:00+05:30,55.2,55.4,53.55,53.55,65300,2843825
2024-12-02 14:33:00+05:30,53.3,53.4,50.1,50.9,151475,2843825
2024-12-02 14:34:00+05:30,50.85,51.65,49.85,50.35,143600,2862300
2024-12-02 14:35:00+05:30,50.5,51.85,49.15,51.7,140650,2862300
2024-12-02 14:36:00+05:30,51.4,52.6,51.35,51.8,102625,2862300
2024-12-02 14:37:00+05:30,51.65,52.25,51.4,51.4,114475,2894475
2024-12-02 14:38:00+05:30,50.6,51.45,49.75,51.2,106575,2894475
2024-12-02 14:39:00+05:30,51.0,52.3,51.0,51.75,65725,2894475
2024-12-02 14:40:00+05:30,51.35,51.45,49.85,50.1,70350,2901725
2024-12-02 14:41:00+05:30,49.6,50.8,49.6,50.45,67900,2901725
2024-12-02 14:42:00+05:30,50.6,51.7,47.7,47.95,129950,2901725
2024-12-02 14:43:00+05:30,48.3,48.45,46.4,47.4,192425,2923425
2024-12-02 14:44:00+05:30,47.7,48.0,47.35,47.35,86075,2923425
2024-12-02 14:45:00+05:30,47.6,47.65,45.4,46.0,165125,2923425
2024-12-02 14:46:00+05:30,46.45,47.95,46.45,47.95,93575,2916025
2024-12-02 14:47:00+05:30,47.8,49.75,47.7,49.55,101475,2916025
2024-12-02 14:48:00+05:30,49.65,51.0,48.85,49.1,160275,2916025
2024-12-02 14:49:00+05:30,49.05,50.4,49.05,49.95,94150,2921750
2024-12-02 14:50:00+05:30,49.7,50.5,48.1,48.1,102575,2921750
2024-12-02 14:51:00+05:30,48.65,52.0,48.65,51.6,145075,2921750
2024-12-02 14:52:00+05:30,51.6,52.3,51.35,51.65,156375,2886950
2024-12-02 14:53:00+05:30,51.3,53.1,51.0,53.1,156400,2886950
2024-12-02 14:54:00+05:30,52.8,54.35,52.7,53.85,200300,2886950
2024-12-02 14:55:00+05:30,54.45,54.7,52.05,52.65,130000,2880225
2024-12-02 14:56:00+05:30,52.65,53.55,50.95,53.1,112275,2880225
2024-12-02 14:57:00+05:30,53.45,54.05,53.0,53.25,153375,2880225
2024-12-02 14:58:00+05:30,53.6,53.85,50.65,51.45,105175,2851525
2024-12-02 14:59:00+05:30,51.2,53.1,51.2,52.95,65700,2851525
2024-12-02 15:00:00+05:30,53.55,54.3,48.45,48.45,177400,2851525
2024-12-02 15:01:00+05:30,48.9,50.5,48.75,49.95,70950,2826775
2024-12-02 15:02:00+05:30,50.65,50.7,49.15,49.55,84400,2826775
2024-12-02 15:03:00+05:30,49.25,50.05,48.3,49.25,64050,2826775
2024-12-02 15:04:00+05:30,49.45,50.3,48.55,50.25,73350,2842600
2024-12-02 15:05:00+05:30,50.55,50.95,49.35,49.45,89700,2842600
2024-12-02 15:06:00+05:30,49.5,50.55,49.5,50.15,43950,2842600
2024-12-02 15:07:00+05:30,50.1,51.45,50.0,50.15,81350,2828650
2024-12-02 15:08:00+05:30,50.0,50.55,46.9,47.5,144900,2828650
2024-12-02 15:09:00+05:30,47.8,48.0,46.6,47.95,99075,2828650
2024-12-02 15:10:00+05:30,48.6,48.7,47.8,47.8,66275,2816725
2024-12-02 15:11:00+05:30,48.0,49.6,47.95,49.6,82975,2816725
2024-12-02 15:12:00+05:30,49.75,50.5,49.65,50.1,72100,2816725
2024-12-02 15:13:00+05:30,50.25,51.2,50.25,50.55,79175,2784125
2024-12-02 15:14:00+05:30,50.7,51.2,49.65,50.4,90900,2784125
2024-12-02 15:15:00+05:30,50.95,51.4,50.4,51.0,185875,2784125
2024-12-02 15:16:00+05:30,51.15,52.1,50.45,51.2,82575,2696250
2024-12-02 15:17:00+05:30,51.3,51.9,50.45,50.65,82825,2696250
2024-12-02 15:18:00+05:30,50.85,52.6,50.85,52.3,110375,2696250
2024-12-02 15:19:00+05:30,52.5,54.35,52.45,54.15,129450,2696425
2024-12-02 15:20:00+05:30,53.85,54.95,51.95,53.2,191000,2696425
2024-12-02 15:21:00+05:30,53.3,54.3,53.3,53.8,79000,2696425
2024-12-02 15:22:00+05:30,53.95,54.0,50.6,50.7,179250,2590775
2024-12-02 15:23:00+05:30,51.25,52.95,51.25,52.5,114775,2590775
2024-12-02 15:24:00+05:30,52.4,52.9,52.3,52.9,104950,2590775
2024-12-02 15:25:00+05:30,53.15,53.95,53.15,53.5,129100,2465550
2024-12-02 15:26:00+05:30,53.7,53.7,52.8,52.8,92950,2465550
2024-12-02 15:27:00+05:30,53.15,53.45,52.5,53.2,86925,2465550
2024-12-02 15:28:00+05:30,53.25,53.4,52.5,52.5,121475,2407675
2024-12-02 15:29:00+05:30,52.65,52.65,50.4,50.4,173175,2407675
2024-12-03 09:15:00+05:30,30.0,49.95,15.05,45.05,340575,2379975
2024-12-03 09:16:00+05:30,44.3,47.3,43.7,47.15,261775,2379975
2024-12-03 09:17:00+05:30,46.55,47.6,45.8,46.9,155200,2379975
2024-12-03 09:18:00+05:30,47.25,47.25,46.25,47.0,112625,2453475
2024-12-03 09:19:00+05:30,47.2,48.15,45.6,45.6,148450,2453475
2024-12-03 09:20:00+05:30,44.65,48.6,44.65,48.6,178025,2453475
2024-12-03 09:21:00+05:30,48.65,53.85,48.3,52.7,242200,2457375
2024-12-03 09:22:00+05:30,52.25,52.85,50.0,52.85,181775,2457375
2024-12-03 09:23:00+05:30,53.0,53.0,50.45,51.0,144400,2457375
2024-12-03 09:24:00+05:30,51.3,52.15,48.8,49.2,192325,2520200
2024-12-03 09:25:00+05:30,48.65,49.7,47.25,48.4,190275,2520200
2024-12-03 09:26:00+05:30,48.1,54.0,46.75,52.95,294075,2520200
2024-12-03 09:27:00+05:30,53.75,54.6,51.85,53.3,200100,2487725
2024-12-03 09:28:00+05:30,53.1,54.9,52.55,53.75,131325,2487725
2024-12-03 09:29:00+05:30,53.6,53.6,49.0,50.0,229450,2487725
2024-12-03 09:30:00+05:30,48.6,50.15,46.9,49.5,220950,2504075
2024-12-03 09:31:00+05:30,49.5,53.8,49.5,53.5,186575,2504075
2024-12-03 09:32:00+05:30,53.5,57.85,53.5,55.75,262250,2504075
2024-12-03 09:33:00+05:30,55.45,55.45,50.4,50.85,144350,2494025
2024-12-03 09:34:00+05:30,50.45,51.2,49.05,49.7,148075,2494025
2024-12-03 09:35:00+05:30,49.6,51.85,49.0,51.55,82700,2494025
2024-12-03 09:36:00+05:30,51.65,51.75,48.15,48.4,180525,2493150
2024-12-03 09:37:00+05:30,48.75,51.0,48.15,50.85,115150,2493150
2024-12-03 09:38:00+05:30,50.5,52.25,50.05,50.05,137850,2493150
2024-12-03 09:39:00+05:30,49.4,49.5,48.25,49.0,107975,2539925
2024-12-03 09:40:00+05:30,48.7,50.2,48.0,48.9,112075,2539925
2024-12-03 09:41:00+05:30,48.75,48.75,45.35,46.4,222200,2539925
2024-12-03 09:42:00+05:30,45.95,47.5,45.5,46.3,81225,2583775
2024-12-03 09:43:00+05:30,46.5,46.7,44.35,46.15,103625,2583775
2024-12-03 09:44:00+05:30,45.6,46.15,44.45,44.6,74025,2583775
2024-12-03 09:45:00+05:30,44.3,47.5,44.3,47.15,99225,2588925
2024-12-03 09:46:00+05:30,47.0,48.3,46.45,46.55,102300,2588925
2024-12-03 09:47:00+05:30,46.6,46.65,44.2,44.4,108250,2588925
2024-12-03 09:48:00+05:30,43.4,43.5,41.15,43.05,256800,2579375
2024-12-03 09:49:00+05:30,42.65,43.05,41.1,41.55,84350,2579375
2024-12-03 09:50:00+05:30,41.5,42.8,40.95,42.4,165425,2579375
2024-12-03 09:51:00+05:30,42.35,42.35,38.65,38.9,165875,2589500
2024-12-03 09:52:00+05:30,39.04,39.45,37.6,39.15,221425,2589500
2024-12-03 09:53:00+05:30,38.65,41.0,38.65,40.54,131675,2589500
2024-12-03 09:54:00+05:30,40.7,41.35,39.95,40.9,175575,2624950
2024-12-03 09:55:00+05:30,40.9,41.85,40.9,41.3,112675,2624950
2024-12-03 09:56:00+05:30,41.3,41.55,39.65,40.2,97150,2624950
2024-12-03 09:57:00+05:30,40.04,41.55,39.2,41.15,73175,2641550
2024-12-03 09:58:00+05:30,41.3,43.7,41.3,42.2,139900,2641550
2024-12-03 09:59:00+05:30,41.75,41.75,37.75,37.95,164525,2641550
2024-12-03 10:00:00+05:30,37.45,38.0,36.6,37.79,161875,2652525
2024-12-03 10:01:00+05:30,38.0,39.65,37.7,38.45,120750,2652525
2024-12-03 10:02:00+05:30,38.35,38.6,37.4,38.54,89925,2652525
2024-12-03 10:03:00+05:30,38.4,39.29,38.4,38.6,79125,2688450
2024-12-03 10:04:00+05:30,38.25,39.4,38.04,39.15,59500,2688450
2024-12-03 10:05:00+05:30,39.15,39.85,38.79,39.45,73075,2688450
2024-12-03 10:06:00+05:30,39.75,41.0,39.6,40.54,89500,2695750
2024-12-03 10:07:00+05:30,40.35,40.5,38.04,39.0,101075,2695750
2024-12-03 10:08:00+05:30,38.85,39.0,37.9,38.65,71325,2695750
2024-12-03 10:09:00+05:30,38.85,39.25,38.65,38.9,55625,2698550
2024-12-03 10:10:00+05:30,38.85,39.04,36.45,36.45,154700,2698550
2024-12-03 10:11:00+05:30,36.45,37.15,35.85,36.5,127525,2698550
2024-12-03 10:12:00+05:30,36.6,37.45,36.15,37.15,72025,2693625
2024-12-03 10:13:00+05:30,37.25,37.35,36.2,36.7,56125,2693625
2024-12-03 10:14:00+05:30,36.6,38.0,36.6,37.35,87800,2693625
2024-12-03 10:15:00+05:30,37.2,37.25,35.65,35.7,99950,2721725
2024-12-03 10:16:00+05:30,36.0,36.0,32.5,33.45,273675,2721725
2024-12-03 10:17:00+05:30,33.5,34.79,33.04,34.29,140875,2721725
2024-12-03 10:18:00+05:30,34.2,34.5,31.5,32.25,179825,2684700
2024-12-03 10:19:00+05:30,32.15,32.7,31.75,32.35,108100,2684700
2024-12-03 10:20:00+05:30,32.29,32.5,31.35,31.95,111225,2684700
2024-12-03 10:21:00+05:30,32.15,32.85,32.0,32.4,91700,2722750
2024-12-03 10:22:00+05:30,32.4,32.7,31.65,32.5,113225,2722750
2024-12-03 10:23:00+05:30,32.5,32.85,31.9,32.6,97600,2722750
2024-12-03 10:24:00+05:30,32.7,33.54,32.45,33.4,94225,2773725
2024-12-03 10:25:00+05:30,33.35,33.4,31.65,31.65,106775,2773725
2024-12-03 10:26:00+05:30,31.9,32.1,31.6,31.85,102150,2773725
2024-12-03 10:27:00+05:30,31.85,31.9,31.15,31.15,85450,2834750
2024-12-03 10:28:00+05:30,31.35,31.35,29.65,29.7,158775,2834750
2024-12-03 10:29:00+05:30,29.9,29.9,28.15,29.05,295025,2834750
2024-12-03 10:30:00+05:30,29.15,29.15,28.3,28.75,199575,2796075
2024-12-03 10:31:00+05:30,28.75,29.1,28.65,28.9,136150,2796075
2024-12-03 10:32:00+05:30,28.8,28.85,28.3,28.55,81750,2796075
2024-12-03 10:33:00+05:30,28.65,29.35,28.5,29.15,121600,2799850
2024-12-03 10:34:00+05:30,29.05,29.7,28.65,29.6,329625,2799850
2024-12-03 10:35:00+05:30,29.45,29.5,28.65,28.7,144800,2799850
2024-12-03 10:36:00+05:30,28.75,28.9,28.0,28.2,162600,2863150
2024-12-03 10:37:00+05:30,28.1,28.2,26.25,26.75,168275,2863150
2024-12-03 10:38:00+05:30,26.5,26.7,26.0,26.2,143400,2863150
2024-12-03 10:39:00+05:30,26.3,27.05,26.3,26.75,83075,2847325
2024-12-03 10:40:00+05:30,26.65,26.65,25.35,26.05,201000,2847325
2024-12-03 10:41:00+05:30,26.05,26.75,26.0,26.75,93500,2847325
2024-12-03 10:42:00+05:30,26.65,26.95,26.4,26.7,77625,2884950
2024-12-03 10:43:00+05:30,26.55,26.8,26.35,26.65,51450,2884950
2024-12-03 10:44:00+05:30,26.65,26.95,26.35,26.95,77950,2884950
2024-12-03 10:45:00+05:30,26.75,26.75,25.35,25.6,329200,2939700
2024-12-03 10:46:00+05:30,25.65,26.65,25.4,26.6,80550,2939700
2024-12-03 10:47:00+05:30,26.75,26.9,26.3,26.7,75525,2939700
2024-12-03 10:48:00+05:30,26.5,27.0,26.0,26.25,68750,2936400
2024-12-03 10:49:00+05:30,26.3,26.35,25.85,26.2,45350,2936400
2024-12-03 10:50:00+05:30,26.2,26.9,26.2,26.4,52075,2936400
2024-12-03 10:51:00+05:30,26.45,27.35,26.3,27.0,57975,2922575
2024-12-03 10:52:00+05:30,27.1,27.55,26.8,27.4,65400,2922575
2024-12-03 10:53:00+05:30,27.45,27.7,27.1,27.35,57675,2922575
2024-12-03 10:54:00+05:30,27.3,27.4,26.2,26.3,59250,2929825
2024-12-03 10:55:00+05:30,26.15,26.7,25.85,26.5,93075,2929825
2024-12-03 10:56:00+05:30,26.55,27.25,26.5,26.8,86550,2929825
2024-12-03 10:57:00+05:30,26.9,27.05,25.95,26.0,68350,2914575
2024-12-03 10:58:00+05:30,25.9,26.4,25.7,26.35,69800,2914575
2024-12-03 10:59:00+05:30,26.2,26.45,25.65,25.85,51225,2914575
2024-12-03 11:00:00+05:30,25.75,25.75,24.55,24.85,155500,2925825
2024-12-03 11:01:00+05:30,24.7,24.75,23.9,24.25,222925,2925825
2024-12-03 11:02:00+05:30,24.05,24.6,24.0,24.3,127625,2925825
2024-12-03 11:03:00+05:30,24.4,25.0,24.25,24.55,77600,2974450
2024-12-03 11:04:00+05:30,24.6,24.75,24.25,24.45,38175,2974450
2024-12-03 11:05:00+05:30,24.45,24.45,23.95,24.2,258525,2974450
2024-12-03 11:06:00+05:30,24.25,24.6,24.0,24.2,38350,3093500
2024-12-03 11:07:00+05:30,24.2,24.45,23.65,23.8,68850,3093500
2024-12-03 11:08:00+05:30,23.7,24.15,23.65,24.05,49975,3093500
2024-12-03 11:09:00+05:30,24.05,24.45,23.9,24.35,44425,3104300
2024-12-03 11:10:00+05:30,24.35,24.8,24.35,24.65,55700,3104300
2024-12-03 11:11:00+05:30,24.65,24.85,24.45,24.45,32175,3104300
2024-12-03 11:12:00+05:30,24.4,24.4,23.75,23.95,53825,3095250
2024-12-03 11:13:00+05:30,24.0,24.8,23.85,24.8,33900,3095250
2024-12-03 11:14:00+05:30,24.75,25.0,24.2,24.2,70475,3095250
2024-12-03 11:15:00+05:30,24.25,24.4,23.45,23.75,103700,3103575
2024-12-03 11:16:00+05:30,23.55,23.55,22.9,23.3,125775,3103575
2024-12-03 11:17:00+05:30,23.2,23.5,22.65,23.0,114100,3103575
2024-12-03 11:18:00+05:30,23.0,23.1,22.45,22.9,114025,3098500
2024-12-03 11:19:00+05:30,22.95,23.1,22.75,22.8,37300,3098500
2024-12-03 11:20:00+05:30,22.9,23.05,22.6,22.9,52650,3098500
2024-12-03 11:21:00+05:30,22.95,23.2,22.85,22.95,72850,3102150
2024-12-03 11:22:00+05:30,22.9,22.95,22.0,22.05,101925,3102150
2024-12-03 11:23:00+05:30,21.9,22.0,21.6,21.75,126950,3102150
2024-12-03 11:24:00+05:30,21.8,22.4,21.8,22.3,71125,3120875
2024-12-03 11:25:00+05:30,22.35,22.8,22.25,22.65,58725,3120875
2024-12-03 11:26:00+05:30,22.75,22.85,22.4,22.85,35800,3120875
2024-12-03 11:27:00+05:30,22.75,23.3,22.7,23.15,49950,3112700
2024-12-03 11:28:00+05:30,23.15,23.4,22.9,23.0,47975,3112700
2024-12-03 11:29:00+05:30,23.0,23.1,22.55,22.9,34750,3112700
2024-12-03 11:30:00+05:30,22.75,22.75,22.1,22.3,66325,3136825
2024-12-03 11:31:00+05:30,22.15,22.4,21.95,22.35,47025,3136825
2024-12-03 11:32:00+05:30,22.35,22.75,22.35,22.7,41575,3136825
2024-12-03 11:33:00+05:30,22.75,22.8,22.35,22.35,23100,3137550
2024-12-03 11:34:00+05:30,22.35,22.8,22.2,22.7,29925,3137550
2024-12-03 11:35:00+05:30,22.75,22.75,22.3,22.4,22025,3137550
2024-12-03 11:36:00+05:30,22.35,22.9,22.35,22.85,15525,3143400
2024-12-03 11:37:00+05:30,22.75,23.05,22.55,22.95,36675,3143400
2024-12-03 11:38:00+05:30,23.0,23.5,22.9,23.5,49975,3143400
2024-12-03 11:39:00+05:30,23.6,23.9,23.3,23.45,103575,3137375
2024-12-03 11:40:00+05:30,23.55,23.85,23.25,23.85,55150,3137375
2024-12-03 11:41:00+05:30,23.85,24.05,23.7,24.05,61150,3137375
2024-12-03 11:42:00+05:30,24.15,24.75,24.15,24.6,81750,3130200
2024-12-03 11:43:00+05:30,24.5,24.55,23.65,23.75,53650,3130200
2024-12-03 11:44:00+05:30,23.8,24.0,22.8,23.6,94175,3130200
2024-12-03 11:45:00+05:30,23.65,24.0,23.1,23.35,33875,3132950
2024-12-03 11:46:00+05:30,23.35,23.35,22.75,23.0,34175,3132950
2024-12-03 11:47:00+05:30,23.05,24.0,23.05,23.75,30625,3132950
2024-12-03 11:48:00+05:30,23.85,23.95,23.5,23.8,24100,3126900
2024-12-03 11:49:00+05:30,23.9,24.45,23.9,24.3,73975,3126900
2024-12-03 11:50:00+05:30,24.45,24.9,24.45,24.75,82150,3126900
2024-12-03 11:51:00+05:30,24.7,25.7,24.7,25.05,121125,3110750
2024-12-03 11:52:00+05:30,25.1,25.4,24.4,24.55,87900,3110750
2024-12-03 11:53:00+05:30,24.4,25.4,24.35,25.4,43975,3110750
2024-12-03 11:54:00+05:30,25.45,26.2,25.3,26.2,64975,3126050
2024-12-03 11:55:00+05:30,26.25,26.4,25.2,25.65,107900,3126050
2024-12-03 11:56:00+05:30,25.65,25.65,24.55,24.6,65575,3126050
2024-12-03 11:57:00+05:30,24.3,24.4,23.1,23.1,113300,3121400
2024-12-03 11:58:00+05:30,23.1,23.3,22.45,23.3,85400,3121400
2024-12-03 11:59:00+05:30,23.3,23.55,22.95,23.0,49625,3121400
2024-12-03 12:00:00+05:30,23.0,23.1,22.1,22.7,132900,3169200
2024-12-03 12:01:00+05:30,22.65,23.45,22.5,23.45,59125,3169200
2024-12-03 12:02:00+05:30,23.5,23.75,23.35,23.5,70500,3169200
2024-12-03 12:03:00+05:30,23.55,23.75,23.2,23.35,44500,3176525
2024-12-03 12:04:00+05:30,23.45,23.75,23.3,23.55,34025,3176525
2024-12-03 12:05:00+05:30,23.45,24.55,23.45,24.55,44125,3176525
2024-12-03 12:06:00+05:30,24.7,25.15,24.4,24.55,75675,3176525
2024-12-03 12:07:00+05:30,24.5,25.25,24.5,24.8,69850,3180450
2024-12-03 12:08:00+05:30,24.55,25.35,24.55,25.2,47975,3180450
2024-12-03 12:09:00+05:30,25.05,25.2,24.4,24.5,40150,3180450
2024-12-03 12:10:00+05:30,24.75,25.55,24.6,25.25,42400,3174275
2024-12-03 12:11:00+05:30,25.2,26.05,25.2,25.7,66100,3174275
2024-12-03 12:12:00+05:30,25.9,26.5,25.5,25.7,95225,3174275
2024-12-03 12:13:00+05:30,25.65,26.0,25.0,25.5,73275,3154450
2024-12-03 12:14:00+05:30,25.25,25.35,24.5,24.85,95650,3154450
2024-12-03 12:15:00+05:30,24.8,24.95,23.8,24.05,82050,3154450
2024-12-03 12:16:00+05:30,24.0,25.1,23.9,24.95,61325,3142550
2024-12-03 12:17:00+05:30,24.9,25.05,24.55,24.7,42225,3142550
2024-12-03 12:18:00+05:30,24.75,25.5,24.55,25.45,81150,3142550
2024-12-03 12:19:00+05:30,25.7,26.0,25.3,26.0,80175,3146625
2024-12-03 12:20:00+05:30,26.1,26.9,26.1,26.4,119925,3146625
2024-12-03 12:21:00+05:30,26.2,26.9,26.2,26.75,73075,3146625
2024-12-03 12:22:00+05:30,26.75,28.8,26.7,28.65,414550,3162900
2024-12-03 12:23:00+05:30,28.6,29.0,27.25,27.8,188875,3162900
2024-12-03 12:24:00+05:30,27.85,29.7,27.85,29.55,209375,3162900
2024-12-03 12:25:00+05:30,30.0,30.5,29.25,29.35,335750,3167000
2024-12-03 12:26:00+05:30,29.6,29.65,27.75,27.75,165425,3167000
2024-12-03 12:27:00+05:30,27.3,28.65,26.7,28.35,125650,3167000
2024-12-03 12:28:00+05:30,28.35,28.35,27.05,27.55,103100,3126750
2024-12-03 12:29:00+05:30,27.7,28.55,27.35,27.75,71725,3126750
2024-12-03 12:30:00+05:30,27.6,27.9,26.85,27.0,59275,3126750
2024-12-03 12:31:00+05:30,26.8,27.5,26.05,26.05,81650,3096500
2024-12-03 12:32:00+05:30,25.95,26.05,25.0,25.85,126275,3096500
2024-12-03 12:33:00+05:30,25.95,26.9,25.9,26.05,67625,3096500
2024-12-03 12:34:00+05:30,26.25,26.9,26.25,26.3,65225,3101300
2024-12-03 12:35:00+05:30,26.3,26.35,25.0,25.45,52975,3101300
2024-12-03 12:36:00+05:30,25.4,26.1,24.95,25.1,49350,3101300
2024-12-03 12:37:00+05:30,25.1,25.15,23.85,24.05,108650,3102275
2024-12-03 12:38:00+05:30,24.3,24.85,24.25,24.8,39225,3102275
2024-12-03 12:39:00+05:30,24.9,25.0,24.3,24.75,46900,3102275
2024-12-03 12:40:00+05:30,24.7,24.8,23.4,23.55,88550,3133775
2024-12-03 12:41:00+05:30,23.7,23.9,23.45,23.65,50275,3133775
2024-12-03 12:42:00+05:30,23.8,24.35,23.75,24.3,41825,3133775
2024-12-03 12:43:00+05:30,24.3,24.65,23.65,23.8,42775,3149675
2024-12-03 12:44:00+05:30,23.75,23.8,22.95,23.15,107975,3149675
2024-12-03 12:45:00+05:30,23.15,23.7,23.0,23.6,46750,3149675
2024-12-03 12:46:00+05:30,23.55,23.7,23.15,23.7,45625,3171550
2024-12-03 12:47:00+05:30,23.8,24.3,23.8,24.0,59100,3171550
2024-12-03 12:48:00+05:30,24.0,24.1,23.8,24.1,34725,3171550
2024-12-03 12:49:00+05:30,24.1,24.55,24.05,24.5,42225,3165575
2024-12-03 12:50:00+05:30,24.6,24.7,24.05,24.65,35950,3165575
2024-12-03 12:51:00+05:30,24.7,24.85,24.45,24.75,58775,3165575
2024-12-03 12:52:00+05:30,24.7,24.8,24.3,24.55,44600,3184525
2024-12-03 12:53:00+05:30,24.5,24.6,23.65,23.9,23525,3184525
2024-12-03 12:54:00+05:30,23.9,24.2,23.35,23.5,60775,3184525
2024-12-03 12:55:00+05:30,23.5,23.8,23.15,23.7,45075,3163800
2024-12-03 12:56:00+05:30,24.0,24.35,23.9,24.15,34825,3163800
2024-12-03 12:57:00+05:30,24.2,24.5,24.0,24.1,17050,3163800
2024-12-03 12:58:00+05:30,24.15,24.4,23.8,23.9,15850,3172925
2024-12-03 12:59:00+05:30,24.0,24.45,23.95,24.25,33025,3172925
2024-12-03 13:00:00+05:30,24.25,24.35,24.1,24.3,61550,3172925
2024-12-03 13:01:00+05:30,24.45,25.05,24.45,24.85,63800,3158975
2024-12-03 13:02:00+05:30,24.9,24.95,24.2,24.4,27725,3158975
2024-12-03 13:03:00+05:30,24.4,25.65,24.4,25.4,49725,3158975
2024-12-03 13:04:00+05:30,25.45,25.75,25.2,25.6,44300,3157675
2024-12-03 13:05:00+05:30,25.7,25.7,24.95,25.4,45775,3157675
2024-12-03 13:06:00+05:30,25.25,25.7,24.65,25.0,24050,3157675
2024-12-03 13:07:00+05:30,25.4,25.9,25.2,25.45,38725,3148425
2024-12-03 13:08:00+05:30,25.45,25.85,25.4,25.4,32075,3148425
2024-12-03 13:09:00+05:30,25.5,25.85,25.35,25.35,27925,3148425
2024-12-03 13:10:00+05:30,25.7,26.05,25.4,25.95,46825,3144050
2024-12-03 13:11:00+05:30,26.15,26.3,25.6,25.85,53125,3144050
2024-12-03 13:12:00+05:30,25.95,26.6,25.9,26.5,48625,3144050
2024-12-03 13:13:00+05:30,26.4,26.7,25.95,26.55,114100,3159750
2024-12-03 13:14:00+05:30,26.5,26.95,26.0,26.7,47925,3159750
2024-12-03 13:15:00+05:30,26.6,26.85,26.15,26.65,71175,3159750
2024-12-03 13:16:00+05:30,26.5,27.35,26.5,27.1,71700,3150025
2024-12-03 13:17:00+05:30,27.1,27.3,26.5,27.3,79225,3150025
2024-12-03 13:18:00+05:30,27.4,27.95,27.2,27.7,80975,3150025
2024-12-03 13:19:00+05:30,27.85,27.85,25.3,25.75,143325,3152800
2024-12-03 13:20:00+05:30,25.6,26.1,25.3,26.1,59325,3152800
2024-12-03 13:21:00+05:30,26.1,26.15,24.85,25.0,60325,3152800
2024-12-03 13:22:00+05:30,24.95,25.0,24.15,24.7,79450,3175025
2024-12-03 13:23:00+05:30,24.75,25.15,24.45,24.9,46325,3175025
2024-12-03 13:24:00+05:30,24.85,25.25,24.85,25.0,15450,3175025
2024-12-03 13:25:00+05:30,25.05,25.5,24.85,25.0,30250,3179450
2024-12-03 13:26:00+05:30,25.1,25.2,24.15,24.8,34875,3179450
2024-12-03 13:27:00+05:30,24.85,24.85,24.25,24.6,18375,3179450
2024-12-03 13:28:00+05:30,24.6,24.7,24.3,24.65,14050,3185225
2024-12-03 13:29:00+05:30,24.75,25.3,24.7,25.05,30500,3185225
2024-12-03 13:30:00+05:30,25.25,25.4,24.45,24.45,40775,3185225
2024-12-03 13:31:00+05:30,24.5,24.5,23.55,23.75,62475,3207450
2024-12-03 13:32:00+05:30,23.8,23.8,23.2,23.35,70950,3207450
2024-12-03 13:33:00+05:30,23.25,23.4,22.65,22.9,334900,3207450
2024-12-03 13:34:00+05:30,22.85,23.55,22.8,23.05,253575,3211950
2024-12-03 13:35:00+05:30,23.1,23.35,22.95,23.25,210850,3211950
2024-12-03 13:36:00+05:30,23.05,23.4,22.9,23.05,191675,3211950
2024-12-03 13:37:00+05:30,23.0,23.2,22.6,22.85,61275,3393575
2024-12-03 13:38:00+05:30,22.8,23.05,22.7,22.95,49750,3393575
2024-12-03 13:39:00+05:30,22.9,22.9,21.9,21.95,132700,3393575
2024-12-03 13:40:00+05:30,21.9,22.25,21.9,22.25,71475,3425325
2024-12-03 13:41:00+05:30,22.15,22.3,21.2,21.55,209050,3425325
2024-12-03 13:42:00+05:30,21.55,21.95,21.3,21.95,65150,3425325
2024-12-03 13:43:00+05:30,21.95,22.35,21.85,22.25,58625,3425400
2024-12-03 13:44:00+05:30,22.2,22.9,22.1,22.9,103150,3425400
2024-12-03 13:45:00+05:30,22.7,22.85,22.05,22.45,107475,3425400
2024-12-03 13:46:00+05:30,22.5,22.5,21.8,21.95,30425,3430375
2024-12-03 13:47:00+05:30,22.0,22.5,22.0,22.05,25350,3430375
2024-12-03 13:48:00+05:30,22.0,22.0,21.5,21.65,52400,3430375
2024-12-03 13:49:00+05:30,21.75,21.75,21.3,21.45,47975,3446075
2024-12-03 13:50:00+05:30,21.4,21.65,21.25,21.25,41675,3446075
2024-12-03 13:51:00+05:30,21.25,21.7,21.1,21.65,56375,3446075
2024-12-03 13:52:00+05:30,21.55,21.65,21.25,21.5,62250,3455275
2024-12-03 13:53:00+05:30,21.3,21.3,20.95,21.2,49475,3455275
2024-12-03 13:54:00+05:30,21.1,21.25,20.39,20.45,87125,3455275
2024-12-03 13:55:00+05:30,20.45,20.65,20.1,20.25,130125,3453725
2024-12-03 13:56:00+05:30,20.35,20.45,20.0,20.35,75400,3453725
2024-12-03 13:57:00+05:30,20.39,20.39,19.75,20.14,103575,3453725
2024-12-03 13:58:00+05:30,20.14,20.3,20.0,20.1,48650,3461400
2024-12-03 13:59:00+05:30,20.1,20.75,20.1,20.75,58025,3461400
2024-12-03 14:00:00+05:30,20.75,20.8,20.39,20.6,36025,3461400
2024-12-03 14:01:00+05:30,20.65,20.95,20.5,20.5,60250,3458450
2024-12-03 14:02:00+05:30,20.6,20.6,20.05,20.05,66925,3458450
2024-12-03 14:03:00+05:30,20.05,20.25,19.64,20.14,86375,3458450
2024-12-03 14:04:00+05:30,20.2,20.3,19.95,20.05,41225,3490150
2024-12-03 14:05:00+05:30,20.1,20.6,20.0,20.5,40150,3490150
2024-12-03 14:06:00+05:30,20.35,21.0,20.35,20.85,43800,3490150
2024-12-03 14:07:00+05:30,21.0,21.1,20.7,20.95,69850,3472300
2024-12-03 14:08:00+05:30,20.85,20.9,19.95,19.95,74775,3472300
2024-12-03 14:09:00+05:30,20.14,20.25,19.64,19.95,73075,3472300
2024-12-03 14:10:00+05:30,19.89,19.89,18.8,19.55,232850,3485550
2024-12-03 14:11:00+05:30,19.75,19.75,19.3,19.5,159050,3485550
2024-12-03 14:12:00+05:30,19.55,20.0,19.55,19.85,64825,3485550
2024-12-03 14:13:00+05:30,19.95,20.14,19.8,20.0,56100,3551400
2024-12-03 14:14:00+05:30,19.85,20.1,19.85,20.1,48750,3551400
2024-12-03 14:15:00+05:30,20.1,20.1,19.75,19.75,61700,3551400
2024-12-03 14:16:00+05:30,19.75,19.8,19.3,19.35,41075,3561900
2024-12-03 14:17:00+05:30,19.3,19.3,18.8,19.0,66700,3561900
2024-12-03 14:18:00+05:30,19.0,19.3,18.85,19.2,77600,3561900
2024-12-03 14:19:00+05:30,19.2,19.3,18.8,18.95,65800,3542825
2024-12-03 14:20:00+05:30,18.89,19.1,18.85,18.95,54200,3542825
2024-12-03 14:21:00+05:30,18.89,19.1,18.14,18.45,179400,3542825
2024-12-03 14:22:00+05:30,18.39,18.89,18.39,18.89,56475,3532150
2024-12-03 14:23:00+05:30,18.89,19.6,18.75,19.5,78850,3532150
2024-12-03 14:24:00+05:30,19.55,19.6,19.25,19.6,50700,3532150
2024-12-03 14:25:00+05:30,19.55,20.0,19.39,20.0,78700,3525350
2024-12-03 14:26:00+05:30,19.89,19.95,19.55,19.6,48950,3525350
2024-12-03 14:27:00+05:30,19.75,19.8,19.35,19.39,34300,3525350
2024-12-03 14:28:00+05:30,19.5,19.7,19.3,19.5,32925,3511725
2024-12-03 14:29:00+05:30,19.45,19.5,19.14,19.39,27775,3511725
2024-12-03 14:30:00+05:30,19.25,19.3,19.0,19.25,31925,3511725
2024-12-03 14:31:00+05:30,19.3,19.7,19.3,19.64,73850,3497050
2024-12-03 14:32:00+05:30,19.6,19.6,19.25,19.39,77575,3497050
2024-12-03 14:33:00+05:30,19.45,19.75,19.3,19.6,65375,3497050
2024-12-03 14:34:00+05:30,19.7,20.6,19.55,20.39,146950,3564275
2024-12-03 14:35:00+05:30,20.6,21.9,20.6,21.4,197250,3564275
2024-12-03 14:36:00+05:30,21.55,22.2,20.8,22.05,152500,3564275
2024-12-03 14:37:00+05:30,22.05,22.2,21.45,21.7,110225,3557600
2024-12-03 14:38:00+05:30,21.7,21.7,21.05,21.5,100425,3557600
2024-12-03 14:39:00+05:30,21.5,21.95,20.6,20.6,98225,3557600
2024-12-03 14:40:00+05:30,20.6,20.6,19.05,19.3,187700,3555800
2024-12-03 14:41:00+05:30,19.45,19.55,18.89,19.25,98125,3555800
2024-12-03 14:42:00+05:30,19.2,20.0,19.1,20.0,70475,3555800
2024-12-03 14:43:00+05:30,20.14,20.3,19.85,20.14,97975,3533100
2024-12-03 14:44:00+05:30,20.14,20.6,19.8,20.5,88800,3533100
2024-12-03 14:45:00+05:30,20.6,20.85,19.64,20.0,99475,3533100
2024-12-03 14:46:00+05:30,19.7,20.1,19.2,20.1,91325,3558000
2024-12-03 14:47:00+05:30,20.2,20.39,19.85,20.0,69550,3558000
2024-12-03 14:48:00+05:30,20.0,20.5,19.64,19.95,54850,3558000
2024-12-03 14:49:00+05:30,19.85,19.95,19.25,19.5,55375,3567050
2024-12-03 14:50:00+05:30,19.7,20.1,19.7,19.95,62025,3567050
2024-12-03 14:51:00+05:30,20.0,20.1,19.2,19.3,71150,3567050
2024-12-03 14:52:00+05:30,19.3,19.6,18.89,19.55,121950,3563850
2024-12-03 14:53:00+05:30,19.5,19.89,19.39,19.5,36400,3563850
2024-12-03 14:54:00+05:30,19.7,19.89,19.6,19.7,41600,3563850
2024-12-03 14:55:00+05:30,19.7,20.25,19.7,20.25,90375,3561225
2024-12-03 14:56:00+05:30,20.2,20.45,20.05,20.14,120550,3561225
2024-12-03 14:57:00+05:30,20.35,20.6,20.1,20.55,129000,3561225
2024-12-03 14:58:00+05:30,20.55,20.55,19.55,19.75,63550,3549275
2024-12-03 14:59:00+05:30,20.0,20.3,19.35,20.2,72125,3549275
2024-12-03 15:00:00+05:30,20.25,20.35,19.0,19.75,115450,3549275
2024-12-03 15:01:00+05:30,19.95,20.14,19.3,19.45,64775,3519250
2024-12-03 15:02:00+05:30,19.39,19.64,18.85,19.64,102750,3519250
2024-12-03 15:03:00+05:30,19.75,19.85,19.5,19.5,55275,3519250
2024-12-03 15:04:00+05:30,19.55,19.7,19.2,19.35,106450,3504525
2024-12-03 15:05:00+05:30,19.55,19.55,19.25,19.45,74525,3504525
2024-12-03 15:06:00+05:30,19.64,20.0,19.3,20.0,71725,3504525
2024-12-03 15:07:00+05:30,20.1,20.35,19.64,19.8,147800,3511400
2024-12-03 15:08:00+05:30,19.95,20.2,19.89,20.05,83900,3511400
2024-12-03 15:09:00+05:30,20.14,20.55,19.8,20.0,144275,3511400
2024-12-03 15:10:00+05:30,20.45,20.9,20.14,20.9,211450,3447325
2024-12-03 15:11:00+05:30,20.95,21.0,20.25,20.35,92200,3447325
2024-12-03 15:12:00+05:30,20.39,20.39,19.6,19.85,107500,3447325
2024-12-03 15:13:00+05:30,19.85,20.45,19.85,20.3,93200,3395975
2024-12-03 15:14:00+05:30,20.6,20.8,20.45,20.6,120400,3395975
2024-12-03 15:15:00+05:30,20.7,21.45,20.7,21.25,198000,3395975
2024-12-03 15:16:00+05:30,21.3,22.0,20.85,20.85,221300,3350050
2024-12-03 15:17:00+05:30,21.05,21.4,20.75,20.85,97975,3350050
2024-12-03 15:18:00+05:30,20.9,21.25,20.85,21.2,112325,3350050
2024-12-03 15:19:00+05:30,21.3,22.6,21.3,22.6,217325,3245950
2024-12-03 15:20:00+05:30,22.7,24.65,22.7,24.3,474375,3245950
2024-12-03 15:21:00+05:30,24.55,24.6,23.5,24.1,148950,3245950
2024-12-03 15:22:00+05:30,24.4,24.4,23.1,23.85,163100,3084850
2024-12-03 15:23:00+05:30,24.05,24.15,23.15,23.7,137000,3084850
2024-12-03 15:24:00+05:30,24.05,24.25,23.5,24.25,154800,3084850
2024-12-03 15:25:00+05:30,24.5,25.45,24.35,25.2,284475,3049825
2024-12-03 15:26:00+05:30,25.35,25.4,24.35,24.95,165700,3049825
2024-12-03 15:27:00+05:30,25.2,25.45,24.6,25.05,126650,3049825
2024-12-03 15:28:00+05:30,25.25,25.25,24.7,24.95,107025,3034575
2024-12-03 15:29:00+05:30,25.0,25.0,22.55,23.0,253425,3034575
2024-12-04 09:15:00+05:30,16.2,20.3,15.8,19.3,369975,2984750
2024-12-04 09:16:00+05:30,18.85,18.85,17.2,17.3,400025,2984750
2024-12-04 09:17:00+05:30,17.25,17.6,16.7,16.75,242675,2984750
2024-12-04 09:18:00+05:30,16.85,17.0,16.25,16.39,224100,3092325
2024-12-04 09:19:00+05:30,16.35,17.14,16.35,16.64,207650,3092325
2024-12-04 09:20:00+05:30,16.64,17.3,16.3,17.1,212650,3092325
2024-12-04 09:21:00+05:30,17.1,17.25,16.5,16.75,143225,3216175
2024-12-04 09:22:00+05:30,16.6,16.7,15.9,16.05,281700,3216175
2024-12-04 09:23:00+05:30,15.95,16.2,15.75,16.0,183900,3216175
2024-12-04 09:24:00+05:30,15.75,15.85,15.0,15.05,190725,3209425
2024-12-04 09:25:00+05:30,14.95,15.8,14.7,15.65,293375,3209425
2024-12-04 09:26:00+05:30,15.7,15.85,15.2,15.25,145300,3209425
2024-12-04 09:27:00+05:30,15.3,15.5,14.6,14.75,215975,3209325
2024-12-04 09:28:00+05:30,14.65,14.85,13.25,13.45,330000,3209325
2024-12-04 09:29:00+05:30,13.25,13.65,13.0,13.2,438325,3209325
2024-12-04 09:30:00+05:30,13.05,13.4,12.9,13.1,288950,3163350
2024-12-04 09:31:00+05:30,12.95,12.95,11.6,11.85,409650,3163350
2024-12-04 09:32:00+05:30,11.95,12.3,11.75,12.15,316075,3163350
2024-12-04 09:33:00+05:30,12.15,12.35,11.15,11.35,245750,3204875
2024-12-04 09:34:00+05:30,11.3,11.4,10.95,11.25,318575,3204875
2024-12-04 09:35:00+05:30,11.25,11.65,11.1,11.4,268325,3204875
2024-12-04 09:36:00+05:30,11.4,11.8,11.3,11.55,162650,3230700
2024-12-04 09:37:00+05:30,11.5,11.6,10.7,10.95,208300,3230700
2024-12-04 09:38:00+05:30,10.9,11.3,10.8,11.25,221675,3230700
2024-12-04 09:39:00+05:30,11.15,11.5,11.15,11.35,138275,3293450
2024-12-04 09:40:00+05:30,11.35,11.5,11.15,11.35,112200,3293450
2024-12-04 09:41:00+05:30,11.3,11.6,11.2,11.3,155575,3293450
2024-12-04 09:42:00+05:30,11.3,11.65,11.0,11.45,118675,3270075
2024-12-04 09:43:00+05:30,11.55,11.75,10.95,11.05,185925,3270075
2024-12-04 09:44:00+05:30,10.95,10.95,9.25,9.35,521900,3270075
2024-12-04 09:45:00+05:30,9.25,9.94,9.19,9.9,353350,3348225
2024-12-04 09:46:00+05:30,9.9,10.35,9.9,10.3,219600,3348225
2024-12-04 09:47:00+05:30,10.3,10.3,9.69,9.8,184075,3348225
2024-12-04 09:48:00+05:30,9.75,10.0,9.65,9.75,145100,3358375
2024-12-04 09:49:00+05:30,9.75,9.9,9.35,9.55,222450,3358375
2024-12-04 09:50:00+05:30,9.6,9.94,9.5,9.65,276125,3358375
2024-12-04 09:51:00+05:30,9.69,9.8,9.19,9.69,191525,3430150
2024-12-04 09:52:00+05:30,9.75,9.94,9.6,9.6,94725,3430150
2024-12-04 09:53:00+05:30,9.55,9.75,9.5,9.5,103125,3430150
2024-12-04 09:54:00+05:30,9.55,9.65,9.4,9.44,256600,3420600
2024-12-04 09:55:00+05:30,9.44,9.75,9.3,9.65,115975,3420600
2024-12-04 09:56:00+05:30,9.6,9.94,9.55,9.75,97650,3420600
2024-12-04 09:57:00+05:30,9.8,10.35,9.8,10.15,156300,3408700
2024-12-04 09:58:00+05:30,10.1,10.1,9.55,9.65,259075,3408700
2024-12-04 09:59:00+05:30,9.6,10.05,9.5,9.9,83950,3408700
2024-12-04 10:00:00+05:30,9.75,9.94,9.6,9.65,181075,3354775
2024-12-04 10:01:00+05:30,9.8,9.9,9.6,9.75,75475,3354775
2024-12-04 10:02:00+05:30,9.75,9.85,9.6,9.75,70650,3354775
2024-12-04 10:03:00+05:30,9.69,9.9,9.15,9.4,97000,3380250
2024-12-04 10:04:00+05:30,9.35,9.55,9.25,9.4,114400,3380250
2024-12-04 10:05:00+05:30,9.55,9.55,9.05,9.15,107075,3380250
2024-12-04 10:06:00+05:30,9.05,9.15,8.19,8.69,392775,3473525
2024-12-04 10:07:00+05:30,8.65,8.9,8.35,8.44,254500,3473525
2024-12-04 10:08:00+05:30,8.44,8.9,8.44,8.8,193950,3473525
2024-12-04 10:09:00+05:30,8.8,8.94,8.5,8.69,162250,3458350
2024-12-04 10:10:00+05:30,8.8,8.9,8.69,8.75,101475,3458350
2024-12-04 10:11:00+05:30,8.75,8.85,8.55,8.69,111100,3458350
2024-12-04 10:12:00+05:30,8.8,9.3,8.75,9.19,154200,3478775
2024-12-04 10:13:00+05:30,9.35,9.6,9.19,9.35,141875,3478775
2024-12-04 10:14:00+05:30,9.35,9.35,8.94,9.15,108375,3478775
2024-12-04 10:15:00+05:30,9.15,9.3,9.05,9.3,118600,3445300
2024-12-04 10:16:00+05:30,9.25,9.44,9.19,9.35,65025,3445300
2024-12-04 10:17:00+05:30,9.35,9.35,8.9,9.05,134025,3445300
2024-12-04 10:18:00+05:30,9.1,9.19,8.75,8.8,117150,3458975
2024-12-04 10:19:00+05:30,8.9,9.35,8.8,9.25,57125,3458975
2024-12-04 10:20:00+05:30,9.3,10.35,9.3,10.15,382975,3458975
2024-12-04 10:21:00+05:30,10.19,10.95,10.05,10.7,229800,3433650
2024-12-04 10:22:00+05:30,11.25,11.25,10.6,11.1,238400,3433650
2024-12-04 10:23:00+05:30,11.0,11.0,9.94,10.15,155850,3433650
2024-12-04 10:24:00+05:30,9.9,10.45,9.5,9.6,147475,3421975
2024-12-04 10:25:00+05:30,9.5,10.8,9.5,10.6,161925,3421975
2024-12-04 10:26:00+05:30,10.6,10.75,10.4,10.55,121275,3421975
2024-12-04 10:27:00+05:30,10.6,10.6,9.85,10.0,120500,3410525
2024-12-04 10:28:00+05:30,10.0,10.3,9.75,9.9,92600,3410525
2024-12-04 10:29:00+05:30,9.94,9.94,9.19,9.35,168225,3410525
2024-12-04 10:30:00+05:30,9.1,9.65,9.1,9.55,75300,3422725
2024-12-04 10:31:00+05:30,9.5,9.65,9.0,9.25,125200,3422725
2024-12-04 10:32:00+05:30,9.3,9.3,8.8,8.9,122375,3422725
2024-12-04 10:33:00+05:30,8.8,8.8,8.35,8.69,324975,3447050
2024-12-04 10:34:00+05:30,8.75,8.94,8.65,8.9,120325,3447050
2024-12-04 10:35:00+05:30,8.85,8.9,8.6,8.69,54500,3447050
2024-12-04 10:36:00+05:30,8.8,8.85,8.44,8.65,95575,3447050
2024-12-04 10:37:00+05:30,8.6,8.8,8.6,8.8,138000,3487325
2024-12-04 10:38:00+05:30,8.75,9.25,8.75,9.19,90875,3487325
2024-12-04 10:39:00+05:30,9.1,9.15,8.9,9.05,54575,3487325
2024-12-04 10:40:00+05:30,9.1,9.35,9.1,9.15,70700,3509225
2024-12-04 10:41:00+05:30,9.0,9.3,8.75,9.15,68025,3509225
2024-12-04 10:42:00+05:30,9.05,9.3,8.85,8.9,66200,3533775
2024-12-04 10:43:00+05:30,8.85,9.1,8.69,9.05,43675,3533775
2024-12-04 10:44:00+05:30,9.05,9.25,8.9,9.19,79625,3533775
2024-12-04 10:45:00+05:30,9.19,9.75,9.19,9.65,216800,3533775
2024-12-04 10:46:00+05:30,9.69,9.94,9.25,9.4,207275,3524150
2024-12-04 10:47:00+05:30,9.44,9.5,9.1,9.15,83750,3524150
2024-12-04 10:48:00+05:30,9.19,9.19,8.8,9.19,122125,3524150
2024-12-04 10:49:00+05:30,9.3,9.8,9.3,9.6,128050,3516625
2024-12-04 10:50:00+05:30,9.5,9.5,9.0,9.05,120825,3516625
2024-12-04 10:51:00+05:30,9.1,9.25,8.4,8.5,180175,3516625
2024-12-04 10:52:00+05:30,8.55,8.6,8.3,8.35,171425,3528275
2024-12-04 10:53:00+05:30,8.35,8.9,8.35,8.69,142000,3528275
2024-12-04 10:54:00+05:30,8.65,8.85,8.44,8.69,172900,3528275
2024-12-04 10:55:00+05:30,8.65,8.65,8.15,8.25,175900,3521000
2024-12-04 10:56:00+05:30,8.35,8.8,8.3,8.65,123100,3521000
2024-12-04 10:57:00+05:30,8.65,8.75,8.44,8.5,99550,3521000
2024-12-04 10:58:00+05:30,8.44,8.69,8.3,8.6,136150,3574875
2024-12-04 10:59:00+05:30,8.65,8.9,8.6,8.8,105425,3574875
2024-12-04 11:00:00+05:30,8.85,9.44,8.85,9.1,186425,3574875
2024-12-04 11:01:00+05:30,9.1,9.15,8.55,8.6,123550,3576000
2024-12-04 11:02:00+05:30,8.44,8.65,8.4,8.44,68900,3576000
2024-12-04 11:03:00+05:30,8.4,8.75,8.3,8.55,86650,3576000
2024-12-04 11:04:00+05:30,8.6,8.65,8.4,8.6,66175,3553025
2024-12-04 11:05:00+05:30,8.6,8.69,8.35,8.65,64100,3553025
2024-12-04 11:06:00+05:30,8.75,9.15,8.55,8.85,118150,3553025
2024-12-04 11:07:00+05:30,8.8,8.9,8.6,8.85,79275,3542975
2024-12-04 11:08:00+05:30,8.85,8.94,8.6,8.69,76700,3542975
2024-12-04 11:09:00+05:30,8.65,8.8,8.44,8.44,115700,3542975
2024-12-04 11:10:00+05:30,8.5,8.5,8.25,8.35,104425,3551450
2024-12-04 11:11:00+05:30,8.4,8.55,8.25,8.3,79750,3551450
2024-12-04 11:12:00+05:30,8.25,8.5,8.25,8.4,51700,3551450
2024-12-04 11:13:00+05:30,8.35,8.6,8.3,8.55,44850,3568050
2024-12-04 11:14:00+05:30,8.6,8.85,8.5,8.6,65950,3568050
2024-12-04 11:15:00+05:30,8.55,8.65,8.35,8.5,32825,3568050
2024-12-04 11:16:00+05:30,8.55,8.8,8.55,8.69,57500,3564125
2024-12-04 11:17:00+05:30,8.75,9.1,8.69,8.94,125775,3564125
2024-12-04 11:18:00+05:30,8.85,8.94,8.19,8.4,122350,3564125
2024-12-04 11:19:00+05:30,8.35,8.5,8.1,8.4,160500,3547200
2024-12-04 11:20:00+05:30,8.4,8.55,8.19,8.4,74125,3547200
2024-12-04 11:21:00+05:30,8.35,8.5,8.3,8.4,51000,3547200
2024-12-04 11:22:00+05:30,8.35,8.44,8.25,8.4,48550,3532300
2024-12-04 11:23:00+05:30,8.25,8.5,8.15,8.4,79200,3532300
2024-12-04 11:24:00+05:30,8.4,8.75,8.35,8.4,149075,3532300
2024-12-04 11:25:00+05:30,8.35,8.4,8.15,8.3,59225,3554900
2024-12-04 11:26:00+05:30,8.3,8.4,8.25,8.35,48650,3554900
2024-12-04 11:27:00+05:30,8.35,8.5,8.35,8.4,42650,3554900
2024-12-04 11:28:00+05:30,8.44,8.44,8.3,8.35,45800,3566175
2024-12-04 11:29:00+05:30,8.4,8.4,8.0,8.1,164425,3566175
2024-12-04 11:30:00+05:30,8.1,8.1,7.9,8.05,93100,3566175
2024-12-04 11:31:00+05:30,8.05,8.19,8.0,8.05,71400,3591700
2024-12-04 11:32:00+05:30,8.05,8.1,7.9,8.0,61825,3591700
2024-12-04 11:33:00+05:30,8.0,8.05,7.9,7.9,31300,3591700
2024-12-04 11:34:00+05:30,8.0,8.1,7.9,7.9,52875,3599250
2024-12-04 11:35:00+05:30,7.9,8.0,7.55,7.65,108175,3599250
2024-12-04 11:36:00+05:30,7.6,7.7,7.45,7.65,156650,3599250
2024-12-04 11:37:00+05:30,7.65,7.65,7.3,7.35,139800,3563350
2024-12-04 11:38:00+05:30,7.35,7.9,7.35,7.85,195125,3563350
2024-12-04 11:39:00+05:30,7.85,7.9,7.55,7.6,116450,3563350
2024-12-04 11:40:00+05:30,7.7,7.7,7.4,7.45,68500,3615950
2024-12-04 11:41:00+05:30,7.45,7.55,7.3,7.55,139450,3615950
2024-12-04 11:42:00+05:30,7.45,7.6,7.35,7.45,63350,3615950
2024-12-04 11:43:00+05:30,7.45,7.5,7.35,7.45,42350,3608700
2024-12-04 11:44:00+05:30,7.45,7.65,7.4,7.6,36250,3608700
2024-12-04 11:45:00+05:30,7.65,7.8,7.6,7.65,98300,3608700
2024-12-04 11:46:00+05:30,7.65,7.75,7.6,7.65,44975,3635875
2024-12-04 11:47:00+05:30,7.65,7.65,7.6,7.6,29300,3635875
2024-12-04 11:48:00+05:30,7.65,7.75,7.45,7.75,60475,3635875
2024-12-04 11:49:00+05:30,7.75,7.95,7.6,7.7,133775,3618125
2024-12-04 11:50:00+05:30,7.75,7.75,7.4,7.4,69900,3618125
2024-12-04 11:51:00+05:30,7.45,7.7,7.4,7.6,29650,3618125
2024-12-04 11:52:00+05:30,7.5,7.65,7.4,7.55,43650,3618425
2024-12-04 11:53:00+05:30,7.55,7.85,7.5,7.7,61150,3618425
2024-12-04 11:54:00+05:30,7.75,7.85,7.65,7.75,50975,3618425
2024-12-04 11:55:00+05:30,7.75,13.5,7.75,12.85,1071700,3606550
2024-12-04 11:56:00+05:30,12.8,17.0,10.9,15.95,1885025,3606550
2024-12-04 11:57:00+05:30,15.9,28.0,15.85,27.65,2128700,3606550
2024-12-04 11:58:00+05:30,28.15,28.8,18.25,18.89,1605850,3114975
2024-12-04 11:59:00+05:30,18.3,18.3,15.1,17.7,1213300,3114975
2024-12-04 12:00:00+05:30,18.5,24.55,18.2,22.75,1171100,3114975
2024-12-04 12:01:00+05:30,22.15,22.5,17.7,20.45,822325,3223900
2024-12-04 12:02:00+05:30,20.25,24.3,19.55,23.6,683350,3223900
2024-12-04 12:03:00+05:30,24.5,24.55,20.85,21.5,603550,3223900
2024-12-04 12:04:00+05:30,21.15,21.15,18.1,19.64,706475,3176000
2024-12-04 12:05:00+05:30,19.35,20.0,18.55,19.0,420275,3176000
2024-12-04 12:06:00+05:30,19.14,19.85,18.5,19.25,281625,3176000
2024-12-04 12:07:00+05:30,19.3,21.4,19.0,20.75,324600,3274125
2024-12-04 12:08:00+05:30,20.6,20.85,11.5,13.35,1222800,3274125
2024-12-04 12:09:00+05:30,13.9,15.55,13.8,15.25,491200,3274125
2024-12-04 12:10:00+05:30,15.25,17.2,15.25,16.89,377725,3299700
2024-12-04 12:11:00+05:30,16.55,17.35,16.1,16.8,337100,3299700
2024-12-04 12:12:00+05:30,16.7,16.7,14.25,14.95,362800,3299700
2024-12-04 12:13:00+05:30,14.9,16.05,14.5,15.6,186400,3305375
2024-12-04 12:14:00+05:30,15.75,16.39,15.45,16.2,148625,3305375
2024-12-04 12:15:00+05:30,15.95,16.0,14.9,15.15,173825,3305375
2024-12-04 12:16:00+05:30,14.95,15.0,13.15,13.6,329300,3289675
2024-12-04 12:17:00+05:30,13.45,15.15,13.4,15.05,227825,3289675
2024-12-04 12:18:00+05:30,15.05,15.95,14.9,15.95,245650,3289675
2024-12-04 12:19:00+05:30,16.0,16.39,14.85,15.2,226400,3266725
2024-12-04 12:20:00+05:30,15.0,15.4,13.45,13.9,211875,3266725
2024-12-04 12:21:00+05:30,13.9,13.9,12.1,13.15,256200,3266725
2024-12-04 12:22:00+05:30,13.15,13.35,11.75,12.1,230225,3249550
2024-12-04 12:23:00+05:30,12.1,12.1,10.8,10.8,286250,3249550
2024-12-04 12:24:00+05:30,10.8,11.7,10.5,11.6,254950,3249550
2024-12-04 12:25:00+05:30,11.5,11.5,10.5,11.15,195250,3210400
2024-12-04 12:26:00+05:30,11.35,12.5,11.35,12.25,212750,3210400
2024-12-04 12:27:00+05:30,12.4,12.9,11.7,11.9,229600,3210400
2024-12-04 12:28:00+05:30,11.95,11.95,10.19,10.75,253600,3259875
2024-12-04 12:29:00+05:30,10.7,11.15,10.55,10.95,217825,3259875
2024-12-04 12:30:00+05:30,10.95,12.0,10.9,11.55,126150,3259875
2024-12-04 12:31:00+05:30,11.7,11.85,11.4,11.65,133850,3256775
2024-12-04 12:32:00+05:30,11.5,11.5,10.55,10.95,92300,3256775
2024-12-04 12:33:00+05:30,11.05,11.35,10.9,11.15,74825,3256775
2024-12-04 12:34:00+05:30,11.2,11.25,10.75,10.95,64800,3258225
2024-12-04 12:35:00+05:30,11.1,12.25,11.1,12.15,235500,3258225
2024-12-04 12:36:00+05:30,12.1,14.5,11.9,13.5,380775,3258225
2024-12-04 12:37:00+05:30,13.35,13.35,11.55,11.9,217675,3185750
2024-12-04 12:38:00+05:30,11.85,12.45,11.85,12.1,97025,3185750
2024-12-04 12:39:00+05:30,12.25,13.4,12.25,13.0,227675,3185750
2024-12-04 12:40:00+05:30,12.8,13.1,12.25,12.25,109550,3213800
2024-12-04 12:41:00+05:30,12.5,13.45,12.3,12.95,82800,3213800
2024-12-04 12:42:00+05:30,13.1,13.65,12.35,13.6,114425,3213800
2024-12-04 12:43:00+05:30,13.7,14.5,13.55,14.3,193500,3220975
2024-12-04 12:44:00+05:30,14.35,18.64,14.1,17.25,869000,3220975
2024-12-04 12:45:00+05:30,17.35,17.45,15.3,16.55,356225,3220975
2024-12-04 12:46:00+05:30,16.6,17.6,16.45,16.6,282525,3159250
2024-12-04 12:47:00+05:30,15.95,16.6,15.35,15.85,247175,3159250
2024-12-04 12:48:00+05:30,15.8,16.0,13.7,15.0,341325,3159250
2024-12-04 12:49:00+05:30,14.85,15.4,14.4,14.65,183950,3190225
2024-12-04 12:50:00+05:30,14.8,16.3,14.5,16.14,194500,3190225
2024-12-04 12:51:00+05:30,16.1,16.2,14.5,14.75,184950,3190225
2024-12-04 12:52:00+05:30,14.9,14.9,13.55,14.2,262850,3240875
2024-12-04 12:53:00+05:30,14.45,14.65,13.85,14.0,180875,3240875
2024-12-04 12:54:00+05:30,14.15,14.9,14.1,14.45,186075,3240875
2024-12-04 12:55:00+05:30,14.35,15.1,13.95,14.9,123675,3261275
2024-12-04 12:56:00+05:30,15.0,15.8,14.45,14.7,185600,3261275
2024-12-04 12:57:00+05:30,14.6,14.8,13.8,14.15,146450,3261275
2024-12-04 12:58:00+05:30,14.1,14.15,13.5,13.9,118650,3272800
2024-12-04 12:59:00+05:30,13.9,14.55,13.75,13.75,173800,3272800
2024-12-04 13:00:00+05:30,13.55,13.65,12.5,13.4,293525,3272800
2024-12-04 13:01:00+05:30,13.55,14.2,13.35,13.35,187175,3250275
2024-12-04 13:02:00+05:30,13.35,13.75,12.8,13.55,164800,3250275
2024-12-04 13:03:00+05:30,13.55,13.8,12.85,13.3,160700,3250275
2024-12-04 13:04:00+05:30,13.3,13.5,12.8,13.15,103000,3249050
2024-12-04 13:05:00+05:30,13.25,13.95,13.05,13.6,87800,3249050
2024-12-04 13:06:00+05:30,13.65,13.95,12.8,13.15,101325,3249050
2024-12-04 13:07:00+05:30,13.1,13.55,13.1,13.45,43675,3243900
2024-12-04 13:08:00+05:30,13.25,13.55,13.15,13.35,43875,3243900
2024-12-04 13:09:00+05:30,13.2,14.25,13.2,13.9,154575,3243900
2024-12-04 13:10:00+05:30,13.85,13.85,12.65,12.85,142000,3281400
2024-12-04 13:11:00+05:30,12.8,12.9,11.85,12.8,266350,3281400
2024-12-04 13:12:00+05:30,12.8,12.9,12.3,12.4,81800,3281400
2024-12-04 13:13:00+05:30,12.4,12.8,12.25,12.7,59075,3275150
2024-12-04 13:14:00+05:30,12.65,12.7,12.15,12.3,82375,3275150
2024-12-04 13:15:00+05:30,12.3,12.4,11.45,11.75,168200,3275150
2024-12-04 13:16:00+05:30,11.9,12.15,11.65,11.75,86850,3297750
2024-12-04 13:17:00+05:30,11.7,11.85,11.4,11.6,70350,3297750
2024-12-04 13:18:00+05:30,11.5,12.3,11.5,12.1,90750,3297750
2024-12-04 13:19:00+05:30,12.0,12.0,11.35,11.55,88700,3306350
2024-12-04 13:20:00+05:30,11.5,12.3,11.5,12.25,67525,3306350
2024-12-04 13:21:00+05:30,12.2,12.35,12.0,12.2,111550,3306350
2024-12-04 13:22:00+05:30,12.3,12.6,12.05,12.55,83000,3316700
2024-12-04 13:23:00+05:30,12.6,13.35,12.15,13.05,149825,3316700
2024-12-04 13:24:00+05:30,13.0,13.15,12.25,12.3,136375,3316700
2024-12-04 13:25:00+05:30,12.25,12.4,11.85,12.05,79975,3357325
2024-12-04 13:26:00+05:30,12.0,12.3,11.75,11.95,57350,3357325
2024-12-04 13:27:00+05:30,11.6,11.7,11.25,11.55,117825,3357325
2024-12-04 13:28:00+05:30,11.55,11.65,10.55,10.9,328075,3362225
2024-12-04 13:29:00+05:30,10.9,11.45,10.85,11.25,99175,3362225
2024-12-04 13:30:00+05:30,11.15,11.15,10.8,11.1,155850,3362225
2024-12-04 13:31:00+05:30,11.05,11.4,10.65,10.65,142225,3377975
2024-12-04 13:32:00+05:30,10.19,10.19,8.69,8.85,840525,3377975
2024-12-04 13:33:00+05:30,8.9,9.69,8.9,9.65,654600,3377975
2024-12-04 13:34:00+05:30,9.6,9.9,9.44,9.69,409450,3422175
2024-12-04 13:35:00+05:30,9.65,9.75,9.05,9.1,273100,3422175
2024-12-04 13:36:00+05:30,9.15,9.5,9.05,9.35,187850,3422175
2024-12-04 13:37:00+05:30,9.3,9.35,8.65,8.75,209900,3462075
2024-12-04 13:38:00+05:30,8.69,9.4,8.6,9.25,197525,3462075
2024-12-04 13:39:00+05:30,9.35,9.35,8.8,8.9,105850,3462075
2024-12-04 13:40:00+05:30,8.69,9.1,8.6,9.1,152575,3461725
2024-12-04 13:41:00+05:30,9.1,9.1,8.69,9.05,190250,3461725
2024-12-04 13:42:00+05:30,9.1,9.65,9.05,9.55,130075,3461725
2024-12-04 13:43:00+05:30,9.65,9.94,9.5,9.8,202375,3510350
2024-12-04 13:44:00+05:30,9.69,9.75,9.35,9.6,154325,3510350
2024-12-04 13:45:00+05:30,9.6,9.65,9.35,9.55,96850,3510350
2024-12-04 13:46:00+05:30,9.6,9.8,9.6,9.65,155650,3460525
2024-12-04 13:47:00+05:30,9.65,9.9,9.5,9.85,119025,3460525
2024-12-04 13:48:00+05:30,9.75,9.75,9.05,9.15,155575,3460525
2024-12-04 13:49:00+05:30,9.19,9.3,8.8,8.94,128800,3461350
2024-12-04 13:50:00+05:30,8.9,8.94,8.44,8.65,145400,3461350
2024-12-04 13:51:00+05:30,8.4,8.69,8.25,8.6,178675,3461350
2024-12-04 13:52:00+05:30,8.6,8.9,8.55,8.85,133550,3499475
2024-12-04 13:53:00+05:30,8.8,8.9,8.6,8.8,140875,3499475
2024-12-04 13:54:00+05:30,8.85,9.0,8.65,8.9,57000,3499475
2024-12-04 13:55:00+05:30,9.1,9.1,8.69,8.85,106925,3525875
2024-12-04 13:56:00+05:30,8.85,8.85,8.4,8.5,135275,3525875
2024-12-04 13:57:00+05:30,8.44,8.5,7.9,7.95,236300,3525875
2024-12-04 13:58:00+05:30,8.05,8.05,7.7,7.75,356950,3573175
2024-12-04 13:59:00+05:30,7.75,7.85,7.65,7.75,222625,3573175
2024-12-04 14:00:00+05:30,7.75,8.19,7.7,8.19,146400,3573175
2024-12-04 14:01:00+05:30,8.15,8.19,7.85,8.0,98275,3638875
2024-12-04 14:02:00+05:30,8.0,8.1,7.7,7.8,59375,3638875
2024-12-04 14:03:00+05:30,7.8,7.85,7.55,7.65,78625,3638875
2024-12-04 14:04:00+05:30,7.65,7.8,7.55,7.8,87650,3629825
2024-12-04 14:05:00+05:30,7.8,7.85,7.6,7.75,79075,3629825
2024-12-04 14:06:00+05:30,7.7,7.9,7.7,7.8,72625,3629825
2024-12-04 14:07:00+05:30,7.85,7.9,6.85,7.05,326575,3645050
2024-12-04 14:08:00+05:30,7.05,7.35,7.0,7.3,213225,3645050
2024-12-04 14:09:00+05:30,7.3,7.65,7.3,7.5,110550,3645050
2024-12-04 14:10:00+05:30,7.5,7.5,7.1,7.25,199175,3725925
2024-12-04 14:11:00+05:30,7.2,7.45,7.05,7.45,159150,3725925
2024-12-04 14:12:00+05:30,7.45,8.0,7.4,7.95,204975,3725925
2024-12-04 14:13:00+05:30,7.95,8.05,7.65,7.85,119875,3748625
2024-12-04 14:14:00+05:30,7.85,7.85,7.4,7.4,100400,3748625
2024-12-04 14:15:00+05:30,7.45,7.6,7.4,7.55,72650,3748625
2024-12-04 14:16:00+05:30,7.5,7.55,7.3,7.4,74650,3713400
2024-12-04 14:17:00+05:30,7.45,7.75,7.45,7.65,48850,3713400
2024-12-04 14:18:00+05:30,7.65,7.75,7.5,7.6,54600,3713400
2024-12-04 14:19:00+05:30,7.6,12.2,7.6,11.95,883775,3728725
2024-12-04 14:20:00+05:30,12.05,18.25,11.05,17.85,1776400,3728725
2024-12-04 14:21:00+05:30,19.05,19.05,12.45,13.0,1437725,3728725
2024-12-04 14:22:00+05:30,12.75,13.55,11.05,11.05,594800,3250175
2024-12-04 14:23:00+05:30,11.2,12.6,10.8,12.6,527325,3250175
2024-12-04 14:24:00+05:30,13.0,13.95,12.7,13.9,412575,3250175
2024-12-04 14:25:00+05:30,13.85,14.1,12.15,12.4,366450,3244875
2024-12-04 14:26:00+05:30,12.75,12.85,11.85,12.6,207525,3244875
2024-12-04 14:27:00+05:30,12.65,15.25,12.65,13.65,460050,3244875
2024-12-04 14:28:00+05:30,13.25,14.4,12.4,13.75,359525,3267175
2024-12-04 14:29:00+05:30,13.85,14.15,12.65,12.95,232825,3267175
2024-12-04 14:30:00+05:30,13.0,14.2,12.9,13.65,210500,3267175
2024-12-04 14:31:00+05:30,13.45,14.6,13.3,14.2,218875,3239125
2024-12-04 14:32:00+05:30,14.05,17.2,14.05,16.2,702875,3239125
2024-12-04 14:33:00+05:30,16.35,18.14,15.55,17.05,573150,3239125
2024-12-04 14:34:00+05:30,17.0,17.05,14.5,14.5,348800,3195875
2024-12-04 14:35:00+05:30,14.35,15.95,14.35,15.35,286125,3195875
2024-12-04 14:36:00+05:30,15.55,16.0,13.65,14.1,283125,3195875
2024-12-04 14:37:00+05:30,14.05,14.45,13.05,14.4,379300,3237100
2024-12-04 14:38:00+05:30,14.45,15.65,14.45,14.45,299375,3237100
2024-12-04 14:39:00+05:30,14.55,14.6,12.45,12.45,261575,3237100
2024-12-04 14:40:00+05:30,12.65,12.95,12.15,12.9,238825,3252950
2024-12-04 14:41:00+05:30,13.2,13.8,12.5,12.6,160975,3252950
2024-12-04 14:42:00+05:30,12.7,12.95,11.45,11.7,212300,3252950
2024-12-04 14:43:00+05:30,11.8,12.6,11.4,12.3,188425,3262600
2024-12-04 14:44:00+05:30,12.05,12.2,11.5,11.65,104625,3262600
2024-12-04 14:45:00+05:30,11.6,12.6,11.4,12.0,154675,3262600
2024-12-04 14:46:00+05:30,11.9,11.9,10.9,11.85,197600,3279250
2024-12-04 14:47:00+05:30,11.65,12.45,11.6,12.3,140825,3279250
2024-12-04 14:48:00+05:30,12.35,13.1,11.7,12.9,133725,3279250
2024-12-04 14:49:00+05:30,12.9,14.05,12.6,13.4,235925,3273825
2024-12-04 14:50:00+05:30,13.55,13.7,12.85,12.85,200975,3273825
2024-12-04 14:51:00+05:30,12.8,14.85,12.45,14.05,249025,3273825
2024-12-04 14:52:00+05:30,13.9,14.25,13.4,13.7,194275,3312725
2024-12-04 14:53:00+05:30,13.65,13.65,12.25,13.05,147050,3312725
2024-12-04 14:54:00+05:30,13.1,14.15,12.9,13.7,151700,3312725
2024-12-04 14:55:00+05:30,13.8,16.85,13.75,15.6,569300,3258625
2024-12-04 14:56:00+05:30,15.7,16.89,13.6,14.5,516200,3258625
2024-12-04 14:57:00+05:30,14.25,14.6,13.6,13.85,219875,3258625
2024-12-04 14:58:00+05:30,13.55,13.8,13.0,13.45,171800,3228125
2024-12-04 14:59:00+05:30,13.45,13.7,12.25,13.05,161400,3228125
2024-12-04 15:00:00+05:30,13.3,15.25,12.2,12.7,414325,3228125
2024-12-04 15:01:00+05:30,12.7,13.15,10.9,11.6,531725,3273175
2024-12-04 15:02:00+05:30,11.7,11.9,10.8,10.8,290450,3273175
2024-12-04 15:03:00+05:30,10.9,11.7,10.7,11.3,215825,3273175
2024-12-04 15:04:00+05:30,11.3,11.45,10.3,10.4,204025,3339375
2024-12-04 15:05:00+05:30,10.65,11.0,10.4,10.4,161075,3339375
2024-12-04 15:06:00+05:30,10.35,10.95,9.94,10.85,272450,3339375
2024-12-04 15:07:00+05:30,11.05,11.75,11.05,11.45,324225,3339800
2024-12-04 15:08:00+05:30,11.55,11.95,10.8,11.35,297175,3339800
2024-12-04 15:09:00+05:30,11.6,11.6,10.65,10.85,250400,3339800
2024-12-04 15:10:00+05:30,10.95,11.7,10.85,11.55,465900,3311875
2024-12-04 15:11:00+05:30,11.7,11.75,11.35,11.35,186075,3311875
2024-12-04 15:12:00+05:30,11.35,11.4,10.9,11.1,99475,3311875
2024-12-04 15:13:00+05:30,11.3,11.4,11.0,11.15,123125,3333675
2024-12-04 15:14:00+05:30,11.15,11.65,11.05,11.35,437475,3333675
2024-12-04 15:15:00+05:30,11.7,11.8,11.0,11.2,245975,3333675
2024-12-04 15:16:00+05:30,11.15,11.65,11.15,11.25,198400,3236975
2024-12-04 15:17:00+05:30,11.3,11.6,11.25,11.25,125875,3236975
2024-12-04 15:18:00+05:30,11.35,11.6,10.95,11.05,177975,3236975
2024-12-04 15:19:00+05:30,11.1,11.2,11.0,11.1,150825,3230175
2024-12-04 15:20:00+05:30,11.4,11.7,11.2,11.5,272450,3230175
2024-12-04 15:21:00+05:30,11.45,11.65,11.25,11.4,173775,3230175
2024-12-04 15:22:00+05:30,11.4,11.55,11.25,11.3,203000,3288550
2024-12-04 15:23:00+05:30,11.3,11.35,10.7,10.95,212225,3288550
2024-12-04 15:24:00+05:30,11.0,11.45,11.0,11.4,170250,3288550
2024-12-04 15:25:00+05:30,11.5,11.7,11.4,11.7,253625,3265100
2024-12-04 15:26:00+05:30,11.8,12.3,11.6,12.25,337800,3265100
2024-12-04 15:27:00+05:30,12.35,12.55,11.9,11.95,434475,3265100
2024-12-04 15:28:00+05:30,11.95,12.15,11.9,11.9,193275,3502300
2024-12-04 15:29:00+05:30,11.95,12.05,11.65,11.65,250750,3502300
2024-12-05 09:15:00+05:30,7.9,8.3,5.4,7.6,1162275,3502800
2024-12-05 09:16:00+05:30,7.4,7.4,6.7,7.15,842425,3502800
2024-12-05 09:17:00+05:30,7.0,8.35,6.95,8.0,1010625,3502800
2024-12-05 09:18:00+05:30,7.85,8.05,7.4,7.4,534725,3900625
2024-12-05 09:19:00+05:30,7.4,7.45,7.05,7.35,505675,3900625
2024-12-05 09:20:00+05:30,7.5,7.65,7.05,7.05,459800,3900625
2024-12-05 09:21:00+05:30,7.0,7.7,7.0,7.4,565425,4054450
2024-12-05 09:22:00+05:30,7.1,7.35,7.05,7.15,439150,4054450
2024-12-05 09:23:00+05:30,7.05,7.5,6.95,7.35,398950,4054450
2024-12-05 09:24:00+05:30,7.2,7.6,7.1,7.6,361050,4063850
2024-12-05 09:25:00+05:30,7.45,9.5,7.45,8.9,925275,4063850
2024-12-05 09:26:00+05:30,8.5,9.0,7.95,8.65,551950,4063850
2024-12-05 09:27:00+05:30,8.8,9.65,8.6,8.9,524950,4276075
2024-12-05 09:28:00+05:30,8.85,9.25,8.3,8.3,331700,4276075
2024-12-05 09:29:00+05:30,8.3,8.5,8.05,8.19,274350,4276075
2024-12-05 09:30:00+05:30,8.3,8.35,8.05,8.1,308925,4312625
2024-12-05 09:31:00+05:30,8.1,8.65,8.1,8.55,230400,4312625
2024-12-05 09:32:00+05:30,8.65,8.8,8.25,8.25,300550,4312625
2024-12-05 09:33:00+05:30,8.19,8.44,8.05,8.3,524575,4425775
2024-12-05 09:34:00+05:30,8.19,8.94,8.19,8.4,447025,4425775
2024-12-05 09:35:00+05:30,8.44,8.6,8.19,8.3,334425,4425775
2024-12-05 09:36:00+05:30,8.4,8.44,8.19,8.35,286125,4336275
2024-12-05 09:37:00+05:30,8.35,8.44,8.15,8.3,254075,4336275
2024-12-05 09:38:00+05:30,8.19,13.15,8.15,11.85,1715400,4336275
2024-12-05 09:39:00+05:30,12.5,13.2,10.7,12.3,756475,4252775
2024-12-05 09:40:00+05:30,12.15,12.65,11.5,11.95,872725,4252775
2024-12-05 09:41:00+05:30,11.75,12.0,10.55,10.95,537125,4252775
2024-12-05 09:42:00+05:30,11.1,11.9,11.05,11.65,325075,4272075
2024-12-05 09:43:00+05:30,11.75,12.4,11.6,12.1,353175,4272075
2024-12-05 09:44:00+05:30,12.0,13.4,11.95,12.3,464775,4272075
2024-12-05 09:45:00+05:30,12.65,12.7,11.5,12.15,366100,4368950
2024-12-05 09:46:00+05:30,12.1,14.85,11.75,14.15,1072350,4368950
2024-12-05 09:47:00+05:30,14.15,16.64,14.15,14.4,1055600,4368950
2024-12-05 09:48:00+05:30,14.7,19.89,14.25,18.05,1207075,4360550
2024-12-05 09:49:00+05:30,17.6,18.64,16.1,18.05,802075,4360550
2024-12-05 09:50:00+05:30,17.55,18.05,16.5,16.8,672100,4360550
2024-12-05 09:51:00+05:30,16.85,17.85,14.7,15.65,801875,4387625
2024-12-05 09:52:00+05:30,16.05,16.8,15.1,15.9,449825,4387625
2024-12-05 09:53:00+05:30,15.95,15.95,14.25,14.6,365650,4387625
2024-12-05 09:54:00+05:30,14.65,17.25,14.55,16.89,625625,4430500
2024-12-05 09:55:00+05:30,16.85,16.89,14.15,14.5,581750,4430500
2024-12-05 09:56:00+05:30,14.3,15.6,14.3,14.3,347800,4430500
2024-12-05 09:57:00+05:30,14.35,14.55,12.8,13.75,419800,4421400
2024-12-05 09:58:00+05:30,13.65,14.9,13.65,14.6,282275,4421400
2024-12-05 09:59:00+05:30,14.6,15.05,13.4,13.65,341700,4421400
2024-12-05 10:00:00+05:30,13.6,13.9,12.5,13.4,460050,4403525
2024-12-05 10:01:00+05:30,13.3,13.45,12.5,13.25,301825,4403525
2024-12-05 10:02:00+05:30,13.7,13.7,12.7,13.2,266600,4403525
2024-12-05 10:03:00+05:30,13.15,14.85,13.0,14.5,381400,4340125
2024-12-05 10:04:00+05:30,14.95,15.75,14.55,15.25,499525,4340125
2024-12-05 10:05:00+05:30,15.35,15.5,14.0,14.0,312825,4340125
2024-12-05 10:06:00+05:30,14.15,14.4,13.15,13.6,365625,4334350
2024-12-05 10:07:00+05:30,13.8,14.9,13.8,14.15,244350,4334350
2024-12-05 10:08:00+05:30,14.25,15.75,14.1,15.15,395650,4334350
2024-12-05 10:09:00+05:30,15.0,15.65,14.8,15.1,316775,4357975
2024-12-05 10:10:00+05:30,15.0,17.25,14.65,15.5,538100,4357975
2024-12-05 10:11:00+05:30,15.3,15.3,13.55,13.7,542175,4357975
2024-12-05 10:12:00+05:30,13.7,14.9,13.55,14.6,295100,4442550
2024-12-05 10:13:00+05:30,15.0,15.15,14.25,14.7,274350,4442550
2024-12-05 10:14:00+05:30,14.7,15.85,14.6,15.2,253050,4442550
2024-12-05 10:15:00+05:30,14.9,16.5,14.85,14.9,448350,4436825
2024-12-05 10:16:00+05:30,14.85,15.2,14.4,14.95,235425,4436825
2024-12-05 10:17:00+05:30,15.2,17.2,14.9,17.2,482925,4436825
2024-12-05 10:18:00+05:30,16.64,17.89,16.25,17.05,826375,4583775
2024-12-05 10:19:00+05:30,17.25,17.45,16.2,16.3,518300,4583775
2024-12-05 10:20:00+05:30,16.14,16.5,15.55,16.39,389500,4583775
2024-12-05 10:21:00+05:30,16.45,16.55,14.35,14.5,495150,4551000
2024-12-05 10:22:00+05:30,14.2,14.8,13.6,13.9,446475,4551000
2024-12-05 10:23:00+05:30,13.85,14.5,13.5,13.75,315300,4551000
2024-12-05 10:24:00+05:30,13.75,13.75,12.8,13.05,444000,4579300
2024-12-05 10:25:00+05:30,13.15,14.2,13.15,13.9,239175,4579300
2024-12-05 10:26:00+05:30,14.1,14.75,14.05,14.3,374800,4579300
2024-12-05 10:27:00+05:30,14.15,15.55,14.15,14.9,381150,4636275
2024-12-05 10:28:00+05:30,15.1,15.25,14.8,15.2,265475,4636275
2024-12-05 10:29:00+05:30,15.2,15.55,14.65,14.75,256200,4636275
2024-12-05 10:30:00+05:30,14.85,14.95,13.9,14.25,297925,4633575
2024-12-05 10:31:00+05:30,14.2,14.7,13.95,14.35,269775,4633575
2024-12-05 10:32:00+05:30,14.5,15.4,14.5,15.15,259425,4633575
2024-12-05 10:33:00+05:30,15.25,15.35,14.55,14.8,224850,4629475
2024-12-05 10:34:00+05:30,14.75,15.9,14.75,15.35,228650,4629475
2024-12-05 10:35:00+05:30,15.25,15.9,14.9,15.15,326725,4629475
2024-12-05 10:36:00+05:30,14.95,15.45,14.85,15.35,192675,4660075
2024-12-05 10:37:00+05:30,15.45,16.05,15.1,15.45,245125,4660075
2024-12-05 10:38:00+05:30,15.7,16.45,15.55,16.05,282125,4660075
2024-12-05 10:39:00+05:30,16.1,16.39,15.2,15.45,220600,4650825
2024-12-05 10:40:00+05:30,15.5,15.8,15.05,15.15,195400,4650825
2024-12-05 10:41:00+05:30,15.2,16.7,15.2,15.85,340700,4650825
2024-12-05 10:42:00+05:30,15.5,15.6,14.15,14.6,357700,4724500
2024-12-05 10:43:00+05:30,14.65,15.2,14.05,14.85,216800,4724500
2024-12-05 10:44:00+05:30,14.7,15.05,14.55,14.7,108050,4724500
2024-12-05 10:45:00+05:30,14.8,15.8,14.65,15.25,212250,4740900
2024-12-05 10:46:00+05:30,15.35,16.35,15.35,15.85,279525,4740900
2024-12-05 10:47:00+05:30,15.8,17.14,15.75,16.3,345725,4740900
2024-12-05 10:48:00+05:30,16.45,16.45,14.2,14.4,368000,4730400
2024-12-05 10:49:00+05:30,14.4,14.6,13.8,14.05,353950,4730400
2024-12-05 10:50:00+05:30,13.95,14.0,13.5,13.9,256800,4730400
2024-12-05 10:51:00+05:30,13.95,14.25,13.65,13.95,194425,4737625
2024-12-05 10:52:00+05:30,13.9,13.9,11.0,12.2,882900,4737625
2024-12-05 10:53:00+05:30,12.25,12.85,12.25,12.7,266075,4737625
2024-12-05 10:54:00+05:30,12.85,14.1,12.85,14.05,361700,4712350
2024-12-05 10:55:00+05:30,13.85,14.4,13.25,13.3,271825,4712350
2024-12-05 10:56:00+05:30,13.55,14.3,13.35,13.8,267275,4712350
2024-12-05 10:57:00+05:30,13.65,14.25,13.55,14.2,221675,4789400
2024-12-05 10:58:00+05:30,14.05,24.0,14.05,20.95,1968650,4789400
2024-12-05 10:59:00+05:30,21.65,24.95,17.64,18.45,2162225,4789400
2024-12-05 11:00:00+05:30,19.3,19.85,17.14,17.2,1340775,4610450
2024-12-05 11:01:00+05:30,16.75,17.05,15.05,15.2,821000,4610450
2024-12-05 11:02:00+05:30,15.35,15.9,14.5,14.8,706900,4610450
2024-12-05 11:03:00+05:30,14.9,15.45,14.3,15.4,406400,4686950
2024-12-05 11:04:00+05:30,15.35,15.8,14.85,15.4,282525,4686950
2024-12-05 11:05:00+05:30,15.45,16.35,15.0,16.1,272925,4686950
2024-12-05 11:06:00+05:30,16.05,17.0,16.0,16.7,341475,4770750
2024-12-05 11:07:00+05:30,16.55,17.2,16.0,16.25,396275,4770750
2024-12-05 11:08:00+05:30,16.45,18.39,15.85,17.75,500900,4770750
2024-12-05 11:09:00+05:30,18.3,18.5,17.3,17.64,396550,4770750
2024-12-05 11:10:00+05:30,17.55,19.0,17.1,17.85,501025,4735650
2024-12-05 11:11:00+05:30,18.14,18.14,17.05,17.05,378800,4735650
2024-12-05 11:12:00+05:30,17.14,17.14,15.8,16.2,456875,4691650
2024-12-05 11:13:00+05:30,16.25,17.3,15.8,15.95,327000,4691650
2024-12-05 11:14:00+05:30,15.85,16.6,15.65,15.75,283275,4691650
2024-12-05 11:15:00+05:30,15.85,17.05,15.8,16.75,350150,4748650
2024-12-05 11:16:00+05:30,16.85,18.2,16.8,18.0,429250,4748650
2024-12-05 11:17:00+05:30,18.05,18.35,17.45,17.45,313950,4748650
2024-12-05 11:18:00+05:30,17.35,18.3,17.2,17.8,293075,4748650
2024-12-05 11:19:00+05:30,17.75,18.39,17.6,18.1,210050,4763975
2024-12-05 11:20:00+05:30,17.89,18.39,17.55,18.1,291900,4763975
2024-12-05 11:21:00+05:30,18.14,18.2,17.6,17.85,172975,4763975
2024-12-05 11:22:00+05:30,17.75,18.89,17.0,17.8,461875,4777650
2024-12-05 11:23:00+05:30,17.95,18.75,17.95,18.5,299225,4777650
2024-12-05 11:24:00+05:30,18.75,19.1,17.25,17.7,378700,4777650
2024-12-05 11:25:00+05:30,17.6,18.14,16.35,16.95,329750,4797850
2024-12-05 11:26:00+05:30,17.1,17.14,16.14,16.8,275400,4797850
2024-12-05 11:27:00+05:30,16.75,18.14,16.75,17.7,257225,4797850
2024-12-05 11:28:00+05:30,17.75,18.3,17.14,17.2,222450,4751125
2024-12-05 11:29:00+05:30,17.1,17.1,16.55,16.64,228350,4751125
2024-12-05 11:30:00+05:30,16.39,18.25,16.39,17.45,315900,4751125
2024-12-05 11:31:00+05:30,17.5,18.55,17.5,18.3,363100,4753275
2024-12-05 11:32:00+05:30,18.55,18.95,17.35,17.7,344150,4753275
2024-12-05 11:33:00+05:30,17.89,18.7,17.7,18.7,164250,4753275
2024-12-05 11:34:00+05:30,18.75,19.6,18.3,18.45,444225,4735000
2024-12-05 11:35:00+05:30,18.8,19.8,18.39,18.8,421475,4735000
2024-12-05 11:36:00+05:30,18.55,18.64,17.6,18.55,289800,4735000
2024-12-05 11:37:00+05:30,18.45,19.55,18.45,18.7,366700,4729325
2024-12-05 11:38:00+05:30,18.8,18.85,17.89,18.05,297025,4729325
2024-12-05 11:39:00+05:30,17.95,18.7,17.6,18.39,223525,4729325
2024-12-05 11:40:00+05:30,18.2,19.5,17.85,19.14,348250,4685225
2024-12-05 11:41:00+05:30,19.39,19.64,18.55,18.95,349775,4685225
2024-12-05 11:42:00+05:30,18.89,19.0,18.1,18.45,208225,4685225
2024-12-05 11:43:00+05:30,18.39,18.85,17.85,18.05,229500,4718825
2024-12-05 11:44:00+05:30,17.95,18.05,15.65,16.2,667925,4718825
2024-12-05 11:45:00+05:30,16.39,17.25,16.0,16.95,317425,4718825
2024-12-05 11:46:00+05:30,16.95,17.55,16.1,16.1,328975,4797825
2024-12-05 11:47:00+05:30,16.55,17.35,16.1,16.64,229425,4797825
2024-12-05 11:48:00+05:30,16.55,17.35,16.3,16.64,209625,4797825
2024-12-05 11:49:00+05:30,16.64,16.95,15.55,15.75,298675,4786500
2024-12-05 11:50:00+05:30,15.55,17.14,15.5,16.45,281325,4786500
2024-12-05 11:51:00+05:30,16.6,16.6,14.45,14.85,479350,4786500
2024-12-05 11:52:00+05:30,14.65,15.15,14.0,14.5,387225,4850175
2024-12-05 11:53:00+05:30,14.6,15.15,14.55,15.0,195400,4850175
2024-12-05 11:54:00+05:30,14.9,15.45,14.9,15.45,230150,4850175
2024-12-05 11:55:00+05:30,15.7,15.8,14.85,15.65,197800,4773000
2024-12-05 11:56:00+05:30,15.7,15.95,15.1,15.1,165875,4773000
2024-12-05 11:57:00+05:30,15.4,15.85,15.2,15.5,161350,4773000
2024-12-05 11:58:00+05:30,15.5,15.6,14.8,15.15,171275,4797000
2024-12-05 11:59:00+05:30,14.95,15.1,14.25,14.4,200575,4797000
2024-12-05 12:00:00+05:30,14.25,14.8,14.25,14.45,286400,4797000
2024-12-05 12:01:00+05:30,14.2,14.2,12.5,13.0,603675,4836825
2024-12-05 12:02:00+05:30,12.75,13.25,12.25,12.35,347350,4836825
2024-12-05 12:03:00+05:30,12.3,12.6,10.15,10.3,648950,4836825
2024-12-05 12:04:00+05:30,10.25,10.25,8.75,9.65,1007550,4850000
2024-12-05 12:05:00+05:30,9.6,9.9,7.9,8.85,1299500,4850000
2024-12-05 12:06:00+05:30,8.8,8.8,6.1,6.25,1678325,4850000
2024-12-05 12:07:00+05:30,6.25,6.7,6.15,6.7,1073275,4818125
2024-12-05 12:08:00+05:30,6.7,7.1,5.8,5.8,897500,4818125
2024-12-05 12:09:00+05:30,5.85,6.9,5.85,6.85,1228975,4818125
2024-12-05 12:10:00+05:30,6.95,7.0,5.7,5.85,833575,4658125
2024-12-05 12:11:00+05:30,5.9,6.0,3.9,4.2,1508800,4658125
2024-12-05 12:12:00+05:30,4.45,4.59,3.7,4.25,1629600,4658125
2024-12-05 12:13:00+05:30,4.34,4.95,4.34,4.75,1032425,4763725
2024-12-05 12:14:00+05:30,4.84,5.45,4.84,4.95,795475,4763725
2024-12-05 12:15:00+05:30,5.0,5.0,4.45,4.65,826025,4763725
2024-12-05 12:16:00+05:30,4.5,4.95,4.5,4.8,668775,4758800
2024-12-05 12:17:00+05:30,4.9,5.05,4.7,4.9,819325,4758800
2024-12-05 12:18:00+05:30,4.95,4.95,4.75,4.84,500275,4758800
2024-12-05 12:19:00+05:30,4.95,5.3,4.95,5.09,333275,4715200
2024-12-05 12:20:00+05:30,5.09,5.75,5.05,5.45,605275,4715200
2024-12-05 12:21:00+05:30,5.35,5.9,5.3,5.9,527150,4715200
2024-12-05 12:22:00+05:30,6.0,6.8,5.85,6.5,696025,4810675
2024-12-05 12:23:00+05:30,6.35,6.4,5.6,5.8,555975,4810675
2024-12-05 12:24:00+05:30,5.75,5.9,5.15,5.65,745875,4810675
2024-12-05 12:25:00+05:30,5.6,5.75,5.4,5.45,769650,4988800
2024-12-05 12:26:00+05:30,5.5,5.7,5.4,5.5,480175,4988800
2024-12-05 12:27:00+05:30,5.5,5.95,5.5,5.6,540275,4988800
2024-12-05 12:28:00+05:30,5.5,5.7,4.95,4.95,514075,5190325
2024-12-05 12:29:00+05:30,4.9,5.05,4.45,4.95,1129925,5190325
2024-12-05 12:30:00+05:30,5.05,5.05,4.4,4.4,920550,5190325
2024-12-05 12:31:00+05:30,4.4,4.4,3.25,3.9,1627900,5268475
2024-12-05 12:32:00+05:30,4.0,4.3,3.65,3.75,1397725,5268475
2024-12-05 12:33:00+05:30,3.7,4.0,3.45,3.95,1305675,5268475
2024-12-05 12:34:00+05:30,4.05,4.5,4.05,4.15,853200,5366750
2024-12-05 12:35:00+05:30,4.09,4.34,4.0,4.05,738650,5366750
2024-12-05 12:36:00+05:30,4.05,4.3,3.95,4.0,579925,5366750
2024-12-05 12:37:00+05:30,3.95,4.45,3.95,4.15,508850,5342750
2024-12-05 12:38:00+05:30,4.3,4.45,4.15,4.2,574100,5342750
2024-12-05 12:39:00+05:30,4.2,4.45,4.2,4.25,488700,5342750
2024-12-05 12:40:00+05:30,4.2,4.25,3.8,3.9,598425,4895200
2024-12-05 12:41:00+05:30,3.9,4.0,3.6,3.65,550550,4895200
2024-12-05 12:42:00+05:30,3.7,3.95,3.65,3.85,337250,4895200
2024-12-05 12:43:00+05:30,3.85,4.2,3.85,4.15,376425,4913525
2024-12-05 12:44:00+05:30,4.2,4.34,3.75,3.75,474725,4913525
2024-12-05 12:45:00+05:30,3.75,3.85,3.4,3.85,510700,4913525
2024-12-05 12:46:00+05:30,3.9,4.09,3.85,4.05,303425,4745425
2024-12-05 12:47:00+05:30,4.2,4.5,4.09,4.2,455175,4745425
2024-12-05 12:48:00+05:30,4.3,4.5,4.2,4.2,325775,4745425
2024-12-05 12:49:00+05:30,4.2,4.2,3.75,3.75,414400,4796450
2024-12-05 12:50:00+05:30,3.8,3.8,3.55,3.6,339675,4796450
2024-12-05 12:51:00+05:30,3.8,4.25,3.75,4.15,379875,4796450
2024-12-05 12:52:00+05:30,4.25,4.3,3.7,3.7,295725,4858225
2024-12-05 12:53:00+05:30,3.8,3.85,3.5,3.55,363225,4858225
2024-12-05 12:54:00+05:30,3.6,3.7,3.45,3.6,236700,4858225
2024-12-05 12:55:00+05:30,3.8,3.85,3.6,3.6,216200,4878650
2024-12-05 12:56:00+05:30,3.65,3.75,3.55,3.55,201875,4878650
2024-12-05 12:57:00+05:30,3.55,3.6,3.45,3.55,128025,4878650
2024-12-05 12:58:00+05:30,3.5,3.55,2.95,3.1,503225,4876425
2024-12-05 12:59:00+05:30,3.1,3.15,2.85,3.0,410750,4876425
2024-12-05 13:00:00+05:30,2.95,3.0,2.8,2.95,353375,4876425
2024-12-05 13:01:00+05:30,3.0,3.0,2.7,2.75,340000,4773175
2024-12-05 13:02:00+05:30,2.7,2.95,2.6,2.7,317025,4773175
2024-12-05 13:03:00+05:30,2.7,2.8,2.45,2.5,276350,4773175
2024-12-05 13:04:00+05:30,2.54,2.54,2.25,2.4,606425,4810200
2024-12-05 13:05:00+05:30,2.5,2.54,2.45,2.5,480225,4810200
2024-12-05 13:06:00+05:30,2.5,2.54,2.45,2.54,427975,4810200
2024-12-05 13:07:00+05:30,2.54,2.75,2.54,2.7,437425,4891800
2024-12-05 13:08:00+05:30,2.7,2.8,2.54,2.54,389450,4891800
2024-12-05 13:09:00+05:30,2.54,2.7,2.54,2.7,431525,4891800
2024-12-05 13:10:00+05:30,2.75,2.85,2.65,2.85,341125,5053975
2024-12-05 13:11:00+05:30,2.85,3.0,2.85,3.0,348800,5053975
2024-12-05 13:12:00+05:30,3.05,3.15,2.95,3.0,663475,5053975
2024-12-05 13:13:00+05:30,3.0,3.0,2.6,2.7,787350,5037200
2024-12-05 13:14:00+05:30,2.75,2.8,2.45,2.45,620225,5037200
2024-12-05 13:15:00+05:30,2.4,2.45,2.15,2.25,1079300,5037200
2024-12-05 13:16:00+05:30,2.29,2.5,2.29,2.45,879175,5143100
2024-12-05 13:17:00+05:30,2.4,2.45,2.04,2.15,1264250,5143100
2024-12-05 13:18:00+05:30,2.15,2.4,2.1,2.4,540250,5143100
2024-12-05 13:19:00+05:30,2.45,2.5,2.35,2.35,650050,5282575
2024-12-05 13:20:00+05:30,2.4,2.45,2.25,2.35,701000,5282575
2024-12-05 13:21:00+05:30,2.35,2.5,2.29,2.45,767500,5282575
2024-12-05 13:22:00+05:30,2.45,2.6,2.45,2.54,418675,5261400
2024-12-05 13:23:00+05:30,2.6,2.7,2.5,2.5,391050,5261400
2024-12-05 13:24:00+05:30,2.54,2.7,2.5,2.6,370125,5261400
2024-12-05 13:25:00+05:30,2.6,2.65,2.35,2.35,282025,5306550
2024-12-05 13:26:00+05:30,2.4,2.6,2.35,2.6,422625,5306550
2024-12-05 13:27:00+05:30,2.54,3.1,2.54,2.9,837025,5306550
2024-12-05 13:28:00+05:30,2.9,2.95,2.6,2.65,313225,5217250
2024-12-05 13:29:00+05:30,2.65,3.2,2.65,3.05,351300,5217250
2024-12-05 13:30:00+05:30,2.95,3.0,2.65,2.8,286175,5217250
2024-12-05 13:31:00+05:30,2.75,3.0,2.6,2.7,249775,5239225
2024-12-05 13:32:00+05:30,2.75,2.75,2.5,2.6,154750,5239225
2024-12-05 13:33:00+05:30,2.65,2.65,2.29,2.29,439925,5239225
2024-12-05 13:34:00+05:30,2.29,2.5,2.25,2.45,314525,5239350
2024-12-05 13:35:00+05:30,2.45,2.6,2.4,2.5,313300,5239350
2024-12-05 13:36:00+05:30,2.54,2.65,2.45,2.6,409975,5239350
2024-12-05 13:37:00+05:30,2.54,2.65,2.29,2.29,170350,5265675
2024-12-05 13:38:00+05:30,2.35,2.45,2.25,2.35,539075,5265675
2024-12-05 13:39:00+05:30,2.29,2.4,2.25,2.25,519950,5265675
2024-12-05 13:40:00+05:30,2.29,2.29,2.2,2.25,390950,5241050
2024-12-05 13:41:00+05:30,2.2,2.25,2.0,2.1,1228100,5241050
2024-12-05 13:42:00+05:30,2.04,2.1,1.5,1.5,1528900,5241050
2024-12-05 13:43:00+05:30,1.6,1.85,1.55,1.65,1527975,5115725
2024-12-05 13:44:00+05:30,1.6,1.6,1.35,1.4,909900,5115725
2024-12-05 13:45:00+05:30,1.45,1.65,1.4,1.5,1735250,5115725
2024-12-05 13:46:00+05:30,1.6,1.65,1.45,1.6,939625,5034375
2024-12-05 13:47:00+05:30,1.7,1.8,1.6,1.65,1554950,5034375
2024-12-05 13:48:00+05:30,1.6,1.65,1.5,1.5,505275,5034375
2024-12-05 13:49:00+05:30,1.55,1.55,1.4,1.45,750475,4938250
2024-12-05 13:50:00+05:30,1.45,1.5,1.4,1.45,912775,4938250
2024-12-05 13:51:00+05:30,1.5,1.5,1.4,1.45,406000,4938250
2024-12-05 13:52:00+05:30,1.4,1.5,1.35,1.4,498525,4873525
2024-12-05 13:53:00+05:30,1.45,1.5,1.4,1.5,522825,4873525
2024-12-05 13:54:00+05:30,1.55,1.6,1.5,1.55,324625,4873525
2024-12-05 13:55:00+05:30,1.5,1.55,1.4,1.45,528275,4858500
2024-12-05 13:56:00+05:30,1.4,1.5,1.35,1.4,494225,4858500
2024-12-05 13:57:00+05:30,1.45,1.5,1.3,1.35,743925,4858500
2024-12-05 13:58:00+05:30,1.35,1.45,1.3,1.35,383325,4719575
2024-12-05 13:59:00+05:30,1.4,1.45,1.35,1.4,379850,4719575
2024-12-05 14:00:00+05:30,1.35,1.4,1.25,1.35,333050,4719575
2024-12-05 14:01:00+05:30,1.35,1.35,1.25,1.35,468325,4732400
2024-12-05 14:02:00+05:30,1.35,1.35,1.25,1.25,621025,4732400
2024-12-05 14:03:00+05:30,1.3,1.3,1.05,1.1,664975,4732400
2024-12-05 14:04:00+05:30,1.1,1.14,0.95,0.95,526275,4522350
2024-12-05 14:05:00+05:30,1.0,1.05,0.9,1.0,484250,4522350
2024-12-05 14:06:00+05:30,1.0,1.05,1.0,1.0,598600,4522350
2024-12-05 14:07:00+05:30,1.0,1.1,0.95,1.05,603875,4398300
2024-12-05 14:08:00+05:30,1.05,1.14,1.05,1.14,242400,4398300
2024-12-05 14:09:00+05:30,1.14,1.14,1.0,1.1,464925,4398300
2024-12-05 14:10:00+05:30,1.05,1.1,1.0,1.05,937950,4311900
2024-12-05 14:11:00+05:30,1.05,1.05,0.95,1.0,431800,4311900
2024-12-05 14:12:00+05:30,0.95,1.05,0.85,0.9,2756800,4311900
2024-12-05 14:13:00+05:30,0.95,1.0,0.9,1.0,1073125,4310625
2024-12-05 14:14:00+05:30,1.0,1.1,0.95,1.05,1038675,4310625
2024-12-05 14:15:00+05:30,1.0,1.1,0.8,0.8,3317225,4310625
2024-12-05 14:16:00+05:30,0.85,0.9,0.8,0.8,887500,4431300
2024-12-05 14:17:00+05:30,0.9,0.9,0.85,0.85,829850,4431300
2024-12-05 14:18:00+05:30,0.85,1.1,0.8,1.1,959775,4431300
2024-12-05 14:19:00+05:30,1.14,1.2,1.05,1.1,504400,4342525
2024-12-05 14:20:00+05:30,1.14,1.14,1.05,1.14,340275,4342525
2024-12-05 14:21:00+05:30,1.2,1.2,1.05,1.14,359100,4342525
2024-12-05 14:22:00+05:30,1.14,1.3,1.05,1.2,795425,4353150
2024-12-05 14:23:00+05:30,1.25,1.25,1.05,1.14,807300,4353150
2024-12-05 14:24:00+05:30,1.14,1.14,1.05,1.1,276900,4353150
2024-12-05 14:25:00+05:30,1.1,1.14,1.0,1.1,390300,4597350
2024-12-05 14:26:00+05:30,1.05,1.14,1.05,1.05,399275,4597350
2024-12-05 14:27:00+05:30,1.05,1.14,1.05,1.14,343075,4597350
2024-12-05 14:28:00+05:30,1.1,1.1,0.8,0.9,893075,4637250
2024-12-05 14:29:00+05:30,0.95,1.25,0.95,1.25,609200,4637250
2024-12-05 14:30:00+05:30,1.2,1.3,1.14,1.2,886850,4637250
2024-12-05 14:31:00+05:30,1.25,1.35,1.2,1.3,581100,4554450
2024-12-05 14:32:00+05:30,1.35,1.5,1.3,1.4,902175,4554450
2024-12-05 14:33:00+05:30,1.35,1.4,1.2,1.25,713500,4554450
2024-12-05 14:34:00+05:30,1.25,1.25,1.1,1.14,503925,3637975
2024-12-05 14:35:00+05:30,1.2,1.4,1.2,1.35,305800,3637975
2024-12-05 14:36:00+05:30,1.4,1.4,1.25,1.25,355700,3637975
2024-12-05 14:37:00+05:30,1.3,1.4,1.25,1.3,874600,3413875
2024-12-05 14:38:00+05:30,1.25,1.3,1.2,1.2,724800,3413875
2024-12-05 14:39:00+05:30,1.3,1.3,1.25,1.3,456125,3413875
2024-12-05 14:40:00+05:30,1.3,1.35,1.25,1.25,804725,3285075
2024-12-05 14:41:00+05:30,1.25,1.25,0.9,0.9,573225,3285075
2024-12-05 14:42:00+05:30,0.9,0.9,0.6,0.65,626800,3285075
2024-12-05 14:43:00+05:30,0.65,0.65,0.55,0.65,1018025,3253400
2024-12-05 14:44:00+05:30,0.65,0.8,0.65,0.75,1187300,3253400
2024-12-05 14:45:00+05:30,0.75,0.8,0.7,0.75,682275,3253400
2024-12-05 14:46:00+05:30,0.75,0.85,0.75,0.8,321150,3204350
2024-12-05 14:47:00+05:30,0.8,1.05,0.8,1.0,601650,3204350
2024-12-05 14:48:00+05:30,0.95,1.0,0.85,0.9,247425,3204350
2024-12-05 14:49:00+05:30,0.85,0.9,0.75,0.75,609925,3109000
2024-12-05 14:50:00+05:30,0.75,0.75,0.65,0.75,846250,3109000
2024-12-05 14:51:00+05:30,0.8,1.95,0.75,1.9,5315825,3109000
2024-12-05 14:52:00+05:30,1.65,3.4,1.14,1.4,2961800,3066025
2024-12-05 14:53:00+05:30,1.65,3.1,1.0,1.95,1835125,3066025
2024-12-05 14:54:00+05:30,1.65,2.75,1.65,2.54,1750375,3066025
2024-12-05 14:55:00+05:30,2.6,2.6,1.3,1.6,1292975,3085450
2024-12-05 14:56:00+05:30,1.6,2.54,1.5,2.45,2854800,3085450
2024-12-05 14:57:00+05:30,2.54,3.7,2.54,3.25,3031600,3085450
2024-12-05 14:58:00+05:30,3.25,3.25,1.9,1.9,1581725,2990700
2024-12-05 14:59:00+05:30,1.85,2.0,1.05,1.65,1337100,2990700
2024-12-05 15:00:00+05:30,1.8,1.9,0.85,1.05,1394325,2990700
2024-12-05 15:01:00+05:30,1.1,1.1,0.5,0.55,874425,3031900
2024-12-05 15:02:00+05:30,0.5,0.5,0.4,0.4,789100,3031900
2024-12-05 15:03:00+05:30,0.45,0.6,0.35,0.55,813750,3031900
2024-12-05 15:04:00+05:30,0.55,0.55,0.45,0.5,377225,2862350
2024-12-05 15:05:00+05:30,0.45,0.6,0.45,0.5,520000,2862350
2024-12-05 15:06:00+05:30,0.5,0.55,0.45,0.45,299625,2862350
2024-12-05 15:07:00+05:30,0.5,0.55,0.45,0.45,354225,2837725
2024-12-05 15:08:00+05:30,0.45,0.45,0.25,0.3,689725,2837725
2024-12-05 15:09:00+05:30,0.3,0.3,0.25,0.3,243700,2837725
2024-12-05 15:10:00+05:30,0.25,0.3,0.25,0.25,100575,2777200
2024-12-05 15:11:00+05:30,0.25,0.3,0.25,0.25,78975,2777200
2024-12-05 15:12:00+05:30,0.25,0.3,0.2,0.2,252800,2777200
2024-12-05 15:13:00+05:30,0.2,0.25,0.2,0.25,315975,2701975
2024-12-05 15:14:00+05:30,0.25,0.3,0.2,0.25,1379750,2701975
2024-12-05 15:15:00+05:30,0.25,0.25,0.2,0.2,458950,2701975
2024-12-05 15:16:00+05:30,0.2,0.25,0.15,0.15,343275,2873425
2024-12-05 15:17:00+05:30,0.2,0.2,0.15,0.15,103175,2873425
2024-12-05 15:18:00+05:30,0.2,0.2,0.15,0.15,110675,2873425
2024-12-05 15:19:00+05:30,0.2,0.2,0.15,0.2,142225,2752300
2024-12-05 15:20:00+05:30,0.2,0.2,0.1,0.1,118125,2752300
2024-12-05 15:21:00+05:30,0.1,0.15,0.1,0.1,110125,2752300
2024-12-05 15:22:00+05:30,0.1,0.15,0.1,0.1,123400,2731625
2024-12-05 15:23:00+05:30,0.15,0.15,0.1,0.1,63475,2731625
2024-12-05 15:24:00+05:30,0.15,0.15,0.1,0.1,124800,2731625
2024-12-05 15:25:00+05:30,0.1,0.15,0.1,0.15,45475,2644800
2024-12-05 15:26:00+05:30,0.15,0.15,0.05,0.05,242175,2644800
2024-12-05 15:27:00+05:30,0.05,0.1,0.05,0.05,81750,2644800
2024-12-05 15:28:00+05:30,0.05,0.1,0.05,0.05,115525,2418175
2024-12-05 15:29:00+05:30,0.1,0.1,0.05,0.05,118825,2418175
