timestamp,open,high,low,close,volume,open_interest
2026-02-24 14:45:00+05:30,875.5,875.5,875.5,875.5,65,65
2026-02-24 14:46:00+05:30,875.5,875.5,875.5,875.5,0,65
2026-02-24 14:47:00+05:30,875.5,875.5,875.5,875.5,0,65
2026-02-24 14:48:00+05:30,875.5,875.5,875.5,875.5,0,65
2026-02-24 14:49:00+05:30,875.5,875.5,875.5,875.5,0,65
2026-02-24 14:50:00+05:30,875.5,875.5,875.5,875.5,0,65
2026-02-24 14:51:00+05:30,875.5,875.5,875.5,875.5,0,65
2026-02-24 14:52:00+05:30,875.5,875.5,875.5,875.5,0,65
2026-02-24 14:53:00+05:30,875.5,875.5,875.5,875.5,0,65
2026-02-24 14:54:00+05:30,875.5,875.5,875.5,875.5,0,65
2026-02-24 14:55:00+05:30,875.5,875.5,875.5,875.5,0,65
2026-02-24 14:56:00+05:30,875.5,875.5,875.5,875.5,0,65
2026-02-24 14:57:00+05:30,875.5,875.5,875.5,875.5,0,65
2026-02-24 14:58:00+05:30,875.5,875.5,875.5,875.5,0,65
2026-02-24 14:59:00+05:30,875.5,875.5,875.5,875.5,0,65
2026-02-24 15:00:00+05:30,875.5,875.5,875.5,875.5,0,65
2026-02-24 15:01:00+05:30,875.5,875.5,875.5,875.5,0,65
2026-02-24 15:02:00+05:30,875.5,875.5,875.5,875.5,0,65
2026-02-24 15:03:00+05:30,875.5,875.5,875.5,875.5,0,65
2026-02-24 15:04:00+05:30,875.5,875.5,875.5,875.5,0,65
2026-02-24 15:05:00+05:30,875.5,875.5,875.5,875.5,0,65
2026-02-24 15:06:00+05:30,875.5,875.5,875.5,875.5,0,65
2026-02-24 15:07:00+05:30,875.5,875.5,875.5,875.5,0,65
2026-02-24 15:08:00+05:30,875.5,875.5,875.5,875.5,0,65
2026-02-24 15:09:00+05:30,875.5,875.5,875.5,875.5,0,65
2026-02-24 15:10:00+05:30,875.5,875.5,875.5,875.5,0,65
2026-02-24 15:11:00+05:30,875.5,875.5,875.5,875.5,0,65
2026-02-24 15:12:00+05:30,875.5,875.5,875.5,875.5,0,65
2026-02-24 15:13:00+05:30,875.5,875.5,875.5,875.5,0,65
2026-02-24 15:14:00+05:30,875.5,875.5,875.5,875.5,0,65
2026-02-24 15:15:00+05:30,875.5,875.5,875.5,875.5,0,65
2026-02-24 15:16:00+05:30,875.5,875.5,875.5,875.5,0,65
2026-02-24 15:17:00+05:30,875.5,875.5,875.5,875.5,0,65
2026-02-24 15:18:00+05:30,875.5,875.5,875.5,875.5,0,65
2026-02-24 15:19:00+05:30,875.5,875.5,875.5,875.5,0,65
2026-02-24 15:20:00+05:30,875.5,875.5,875.5,875.5,0,65
2026-02-24 15:21:00+05:30,875.5,875.5,875.5,875.5,0,65
2026-02-24 15:22:00+05:30,875.5,875.5,875.5,875.5,0,65
2026-02-24 15:23:00+05:30,875.5,875.5,875.5,875.5,0,65
2026-02-24 15:24:00+05:30,875.5,875.5,875.5,875.5,0,65
2026-02-24 15:25:00+05:30,875.5,875.5,875.5,875.5,0,65
2026-02-24 15:26:00+05:30,875.5,875.5,875.5,875.5,0,65
2026-02-24 15:27:00+05:30,875.5,875.5,875.5,875.5,0,65
2026-02-24 15:28:00+05:30,875.5,875.5,875.5,875.5,0,65
2026-02-24 15:29:00+05:30,875.5,875.5,875.5,875.5,0,65
2026-02-27 12:37:00+05:30,730.0,730.0,730.0,730.0,65,65
2026-02-27 12:38:00+05:30,730.0,730.0,730.0,730.0,0,65
2026-02-27 12:39:00+05:30,730.0,730.0,730.0,730.0,0,65
2026-02-27 12:40:00+05:30,730.0,730.0,730.0,730.0,0,65
2026-02-27 12:41:00+05:30,722.0,722.0,722.0,722.0,130,130
2026-02-27 12:42:00+05:30,722.0,722.0,722.0,722.0,0,130
2026-02-27 12:43:00+05:30,722.0,722.0,722.0,722.0,0,130
2026-02-27 12:44:00+05:30,722.0,722.0,722.0,722.0,0,130
2026-02-27 12:45:00+05:30,722.0,722.0,722.0,722.0,0,130
2026-02-27 12:46:00+05:30,722.0,722.0,722.0,722.0,0,130
2026-02-27 12:47:00+05:30,722.0,722.0,722.0,722.0,0,130
2026-02-27 12:48:00+05:30,722.0,722.0,722.0,722.0,0,130
2026-02-27 12:49:00+05:30,722.0,722.0,722.0,722.0,0,130
2026-02-27 12:50:00+05:30,722.0,722.0,722.0,722.0,0,130
2026-02-27 12:51:00+05:30,722.0,722.0,722.0,722.0,0,130
2026-02-27 12:52:00+05:30,722.0,722.0,722.0,722.0,0,130
2026-02-27 12:53:00+05:30,722.0,722.0,722.0,722.0,0,130
2026-02-27 12:54:00+05:30,722.0,722.0,722.0,722.0,0,130
2026-02-27 12:55:00+05:30,722.0,722.0,722.0,722.0,0,130
2026-02-27 12:56:00+05:30,722.0,722.0,722.0,722.0,0,130
2026-02-27 12:57:00+05:30,722.0,722.0,722.0,722.0,0,130
2026-02-27 12:58:00+05:30,722.0,722.0,722.0,722.0,0,130
2026-02-27 12:59:00+05:30,722.0,722.0,722.0,722.0,0,130
2026-02-27 13:00:00+05:30,722.0,722.0,722.0,722.0,0,130
2026-02-27 13:01:00+05:30,722.0,722.0,722.0,722.0,0,130
2026-02-27 13:02:00+05:30,722.0,722.0,722.0,722.0,0,130
2026-02-27 13:03:00+05:30,722.0,722.0,722.0,722.0,0,130
2026-02-27 13:04:00+05:30,722.0,722.0,722.0,722.0,0,130
2026-02-27 13:05:00+05:30,722.0,722.0,722.0,722.0,0,130
2026-02-27 13:06:00+05:30,722.0,722.0,722.0,722.0,0,130
2026-02-27 13:07:00+05:30,722.0,722.0,722.0,722.0,0,130
2026-02-27 13:08:00+05:30,722.0,722.0,722.0,722.0,0,130
2026-02-27 13:09:00+05:30,722.0,722.0,722.0,722.0,0,130
2026-02-27 13:10:00+05:30,722.0,722.0,722.0,722.0,0,130
2026-02-27 13:11:00+05:30,722.0,722.0,722.0,722.0,0,130
2026-02-27 13:12:00+05:30,722.0,722.0,722.0,722.0,0,130
2026-02-27 13:13:00+05:30,722.0,722.0,722.0,722.0,0,130
2026-02-27 13:14:00+05:30,722.0,722.0,722.0,722.0,0,130
2026-02-27 13:15:00+05:30,722.0,722.0,722.0,722.0,0,130
2026-02-27 13:16:00+05:30,722.0,722.0,722.0,722.0,0,130
2026-02-27 13:17:00+05:30,722.0,722.0,722.0,722.0,0,130
2026-02-27 13:18:00+05:30,722.0,722.0,722.0,722.0,0,130
2026-02-27 13:19:00+05:30,722.0,722.0,722.0,722.0,0,130
2026-02-27 13:20:00+05:30,722.0,722.0,722.0,722.0,0,130
2026-02-27 13:21:00+05:30,722.0,722.0,722.0,722.0,0,130
2026-02-27 13:22:00+05:30,722.0,722.0,722.0,722.0,0,130
2026-02-27 13:23:00+05:30,722.0,722.0,722.0,722.0,0,130
2026-02-27 13:24:00+05:30,722.0,722.0,722.0,722.0,0,130
2026-02-27 13:25:00+05:30,722.0,722.0,722.0,722.0,0,130
2026-02-27 13:26:00+05:30,722.0,722.0,722.0,722.0,0,130
2026-02-27 13:27:00+05:30,722.0,722.0,722.0,722.0,0,130
2026-02-27 13:28:00+05:30,722.0,722.0,722.0,722.0,0,130
2026-02-27 13:29:00+05:30,722.0,722.0,722.0,722.0,0,130
2026-02-27 13:30:00+05:30,722.0,722.0,722.0,722.0,0,130
2026-02-27 13:31:00+05:30,722.0,722.0,722.0,722.0,0,130
2026-02-27 13:32:00+05:30,722.0,722.0,722.0,722.0,0,130
2026-02-27 13:33:00+05:30,722.0,722.0,722.0,722.0,0,130
2026-02-27 13:34:00+05:30,722.0,722.0,722.0,722.0,0,130
2026-02-27 13:35:00+05:30,722.0,722.0,722.0,722.0,0,130
2026-02-27 13:36:00+05:30,722.0,722.0,722.0,722.0,0,130
2026-02-27 13:37:00+05:30,722.0,722.0,722.0,722.0,0,130
2026-02-27 13:38:00+05:30,722.0,722.0,722.0,722.0,0,130
2026-02-27 13:39:00+05:30,722.0,722.0,722.0,722.0,0,130
2026-02-27 13:40:00+05:30,722.0,722.0,722.0,722.0,0,130
2026-02-27 13:41:00+05:30,722.0,722.0,722.0,722.0,0,130
2026-02-27 13:42:00+05:30,722.0,722.0,722.0,722.0,0,130
2026-02-27 13:43:00+05:30,722.0,722.0,722.0,722.0,0,130
2026-02-27 13:44:00+05:30,722.0,722.0,722.0,722.0,0,130
2026-02-27 13:45:00+05:30,722.0,722.0,722.0,722.0,0,130
2026-02-27 13:46:00+05:30,722.0,722.0,722.0,722.0,0,130
2026-02-27 13:47:00+05:30,722.0,722.0,722.0,722.0,0,130
2026-02-27 13:48:00+05:30,722.0,722.0,722.0,722.0,0,130
2026-02-27 13:49:00+05:30,722.0,722.0,722.0,722.0,0,130
2026-02-27 13:50:00+05:30,722.0,722.0,722.0,722.0,0,130
2026-02-27 13:51:00+05:30,722.0,722.0,722.0,722.0,0,130
2026-02-27 13:52:00+05:30,722.0,722.0,722.0,722.0,0,130
2026-02-27 13:53:00+05:30,722.0,722.0,722.0,722.0,0,130
2026-02-27 13:54:00+05:30,722.0,722.0,722.0,722.0,0,130
2026-02-27 13:55:00+05:30,722.0,722.0,722.0,722.0,0,130
2026-02-27 13:56:00+05:30,722.0,722.0,722.0,722.0,0,130
2026-02-27 13:57:00+05:30,722.0,722.0,722.0,722.0,0,130
2026-02-27 13:58:00+05:30,722.0,722.0,722.0,722.0,0,130
2026-02-27 13:59:00+05:30,722.0,722.0,722.0,722.0,0,130
2026-02-27 14:00:00+05:30,722.0,722.0,722.0,722.0,0,130
2026-02-27 14:01:00+05:30,722.0,722.0,722.0,722.0,0,130
2026-02-27 14:02:00+05:30,722.0,722.0,722.0,722.0,0,130
2026-02-27 14:03:00+05:30,722.0,722.0,722.0,722.0,0,130
2026-02-27 14:04:00+05:30,722.0,722.0,722.0,722.0,0,130
2026-02-27 14:05:00+05:30,722.0,722.0,722.0,722.0,0,130
2026-02-27 14:06:00+05:30,722.0,722.0,722.0,722.0,0,130
2026-02-27 14:07:00+05:30,722.0,722.0,722.0,722.0,0,130
2026-02-27 14:08:00+05:30,722.0,722.0,722.0,722.0,0,130
2026-02-27 14:09:00+05:30,722.0,722.0,722.0,722.0,0,130
2026-02-27 14:10:00+05:30,722.0,722.0,722.0,722.0,0,130
2026-02-27 14:11:00+05:30,722.0,722.0,722.0,722.0,0,130
2026-02-27 14:12:00+05:30,722.0,722.0,722.0,722.0,0,130
2026-02-27 14:13:00+05:30,722.0,722.0,722.0,722.0,0,130
2026-02-27 14:14:00+05:30,722.0,722.0,722.0,722.0,0,130
2026-02-27 14:15:00+05:30,722.0,722.0,722.0,722.0,0,130
2026-02-27 14:16:00+05:30,722.0,722.0,722.0,722.0,0,130
2026-02-27 14:17:00+05:30,722.0,722.0,722.0,722.0,0,130
2026-02-27 14:18:00+05:30,722.0,722.0,722.0,722.0,0,130
2026-02-27 14:19:00+05:30,722.0,722.0,722.0,722.0,0,130
2026-02-27 14:20:00+05:30,722.0,722.0,722.0,722.0,0,130
2026-02-27 14:21:00+05:30,722.0,722.0,722.0,722.0,0,130
2026-02-27 14:22:00+05:30,722.0,722.0,722.0,722.0,0,130
2026-02-27 14:23:00+05:30,722.0,722.0,722.0,722.0,0,130
2026-02-27 14:24:00+05:30,722.0,722.0,722.0,722.0,0,130
2026-02-27 14:25:00+05:30,722.0,722.0,722.0,722.0,0,130
2026-02-27 14:26:00+05:30,722.0,722.0,722.0,722.0,0,130
2026-02-27 14:27:00+05:30,722.0,722.0,722.0,722.0,0,130
2026-02-27 14:28:00+05:30,722.0,722.0,722.0,722.0,0,130
2026-02-27 14:29:00+05:30,722.0,722.0,722.0,722.0,0,130
2026-02-27 14:30:00+05:30,722.0,722.0,722.0,722.0,0,130
2026-02-27 14:31:00+05:30,722.0,722.0,722.0,722.0,0,130
2026-02-27 14:32:00+05:30,722.0,722.0,722.0,722.0,0,130
2026-02-27 14:33:00+05:30,722.0,722.0,722.0,722.0,0,130
2026-02-27 14:34:00+05:30,722.0,722.0,722.0,722.0,0,130
2026-02-27 14:35:00+05:30,722.0,722.0,722.0,722.0,0,130
2026-02-27 14:36:00+05:30,722.0,722.0,722.0,722.0,0,130
2026-02-27 14:37:00+05:30,722.0,722.0,722.0,722.0,0,130
2026-02-27 14:38:00+05:30,722.0,722.0,722.0,722.0,0,130
2026-02-27 14:39:00+05:30,722.0,722.0,722.0,722.0,0,130
2026-02-27 14:40:00+05:30,722.0,722.0,722.0,722.0,0,130
2026-02-27 14:41:00+05:30,722.0,722.0,722.0,722.0,0,130
2026-02-27 14:42:00+05:30,722.0,722.0,722.0,722.0,0,130
2026-02-27 14:43:00+05:30,722.0,722.0,722.0,722.0,0,130
2026-02-27 14:44:00+05:30,722.0,722.0,722.0,722.0,0,130
2026-02-27 14:45:00+05:30,722.0,722.0,722.0,722.0,0,130
2026-02-27 14:46:00+05:30,722.0,722.0,722.0,722.0,0,130
2026-02-27 14:47:00+05:30,722.0,722.0,722.0,722.0,0,130
2026-02-27 14:48:00+05:30,722.0,722.0,722.0,722.0,0,130
2026-02-27 14:49:00+05:30,722.0,722.0,722.0,722.0,0,130
2026-02-27 14:50:00+05:30,722.0,722.0,722.0,722.0,0,130
2026-02-27 14:51:00+05:30,722.0,722.0,722.0,722.0,0,130
2026-02-27 14:52:00+05:30,722.0,722.0,722.0,722.0,0,130
2026-02-27 14:53:00+05:30,722.0,722.0,722.0,722.0,0,130
2026-02-27 14:54:00+05:30,722.0,722.0,722.0,722.0,0,130
2026-02-27 14:55:00+05:30,722.0,722.0,722.0,722.0,0,130
2026-02-27 14:56:00+05:30,722.0,722.0,722.0,722.0,0,130
2026-02-27 14:57:00+05:30,722.0,722.0,722.0,722.0,0,130
2026-02-27 14:58:00+05:30,722.0,722.0,722.0,722.0,0,130
2026-02-27 14:59:00+05:30,722.0,722.0,722.0,722.0,0,130
2026-02-27 15:00:00+05:30,722.0,722.0,722.0,722.0,0,130
2026-02-27 15:01:00+05:30,722.0,722.0,722.0,722.0,0,130
2026-02-27 15:02:00+05:30,722.0,722.0,722.0,722.0,0,130
2026-02-27 15:03:00+05:30,722.0,722.0,722.0,722.0,0,130
2026-02-27 15:04:00+05:30,722.0,722.0,722.0,722.0,0,130
2026-02-27 15:05:00+05:30,638.2,638.2,630.55,636.85,715,260
2026-02-27 15:06:00+05:30,633.0,633.0,629.15,629.15,130,260
2026-02-27 15:07:00+05:30,629.15,629.15,629.15,629.15,0,260
2026-02-27 15:08:00+05:30,629.15,629.15,629.15,629.15,0,260
2026-02-27 15:09:00+05:30,629.15,629.15,629.15,629.15,0,260
2026-02-27 15:10:00+05:30,629.15,629.15,629.15,629.15,0,260
2026-02-27 15:11:00+05:30,629.15,629.15,629.15,629.15,0,260
2026-02-27 15:12:00+05:30,629.15,629.15,629.15,629.15,0,260
2026-02-27 15:13:00+05:30,629.15,629.15,629.15,629.15,0,260
2026-02-27 15:14:00+05:30,629.15,629.15,629.15,629.15,0,260
2026-02-27 15:15:00+05:30,629.15,629.15,629.15,629.15,0,260
2026-02-27 15:16:00+05:30,629.15,629.15,629.15,629.15,0,260
2026-02-27 15:17:00+05:30,629.15,629.15,629.15,629.15,0,260
2026-02-27 15:18:00+05:30,629.15,629.15,629.15,629.15,0,260
2026-02-27 15:19:00+05:30,629.15,629.15,629.15,629.15,0,260
2026-02-27 15:20:00+05:30,629.15,629.15,629.15,629.15,0,260
2026-02-27 15:21:00+05:30,629.15,629.15,629.15,629.15,0,260
2026-02-27 15:22:00+05:30,629.15,629.15,629.15,629.15,0,260
2026-02-27 15:23:00+05:30,629.15,629.15,629.15,629.15,0,260
2026-02-27 15:24:00+05:30,629.15,629.15,629.15,629.15,0,260
2026-02-27 15:25:00+05:30,653.0,653.0,653.0,653.0,1495,520
2026-02-27 15:26:00+05:30,653.0,653.0,653.0,653.0,0,520
2026-02-27 15:27:00+05:30,653.0,653.0,653.0,653.0,0,520
2026-02-27 15:28:00+05:30,653.0,653.0,653.0,653.0,0,520
2026-02-27 15:29:00+05:30,653.0,653.0,653.0,653.0,0,520
2026-03-02 09:15:00+05:30,499.4,499.45,425.4,426.7,9815,1950
2026-03-02 09:16:00+05:30,424.85,437.85,418.1,430.4,15145,10595
2026-03-02 09:17:00+05:30,435.4,478.5,430.6,464.65,11440,10595
2026-03-02 09:18:00+05:30,471.0,477.0,450.5,455.65,3770,10595
2026-03-02 09:19:00+05:30,460.75,466.65,457.1,461.1,1365,17225
2026-03-02 09:20:00+05:30,476.85,508.0,473.6,499.25,5850,17225
2026-03-02 09:21:00+05:30,503.1,518.4,497.6,500.55,6955,17225
2026-03-02 09:22:00+05:30,499.35,506.6,482.65,498.35,4550,16835
2026-03-02 09:23:00+05:30,486.65,486.65,464.2,469.2,3055,16835
2026-03-02 09:24:00+05:30,464.75,473.2,461.75,473.2,1430,16835
2026-03-02 09:25:00+05:30,458.1,458.5,450.5,451.6,455,18590
2026-03-02 09:26:00+05:30,445.0,457.45,445.0,456.25,455,18590
2026-03-02 09:27:00+05:30,467.65,476.2,467.65,472.2,455,18590
2026-03-02 09:28:00+05:30,484.35,485.8,483.9,483.9,715,19110
2026-03-02 09:29:00+05:30,467.9,467.9,467.9,467.9,65,19110
2026-03-02 09:30:00+05:30,459.3,488.8,459.3,482.25,2145,19110
2026-03-02 09:31:00+05:30,492.1,495.4,491.5,493.95,585,20735
2026-03-02 09:32:00+05:30,498.75,499.05,498.75,499.05,780,20735
2026-03-02 09:33:00+05:30,516.05,524.4,513.4,518.0,2405,20735
2026-03-02 09:34:00+05:30,518.5,525.8,518.0,525.8,5395,19500
2026-03-02 09:35:00+05:30,532.0,532.0,515.95,515.95,195,19500
2026-03-02 09:36:00+05:30,515.95,515.95,515.95,515.95,0,19500
2026-03-02 09:37:00+05:30,509.85,510.65,502.9,502.9,260,19370
2026-03-02 09:38:00+05:30,495.85,513.65,495.85,509.15,1300,19370
2026-03-02 09:39:00+05:30,509.15,509.15,509.15,509.15,0,19370
2026-03-02 09:40:00+05:30,516.15,525.0,516.15,525.0,715,19370
2026-03-02 09:41:00+05:30,508.05,518.0,501.65,518.0,390,20475
2026-03-02 09:42:00+05:30,515.75,515.75,515.75,515.75,65,20475
2026-03-02 09:43:00+05:30,524.15,524.15,522.9,522.9,130,20605
2026-03-02 09:44:00+05:30,519.1,519.1,516.25,516.25,195,20605
2026-03-02 09:45:00+05:30,514.25,525.0,514.25,525.0,195,20605
2026-03-02 09:46:00+05:30,525.0,525.0,525.0,525.0,0,20605
2026-03-02 09:47:00+05:30,525.0,525.0,525.0,525.0,0,20605
2026-03-02 09:48:00+05:30,527.85,528.5,518.55,518.55,455,21060
2026-03-02 09:49:00+05:30,518.2,518.2,505.5,505.5,585,21190
2026-03-02 09:50:00+05:30,498.55,498.8,490.55,498.8,1170,21190
2026-03-02 09:51:00+05:30,493.9,493.9,484.75,484.75,325,21190
2026-03-02 09:52:00+05:30,495.05,495.05,481.9,481.9,325,21450
2026-03-02 09:53:00+05:30,473.4,477.0,472.65,477.0,1235,21450
2026-03-02 09:54:00+05:30,471.2,471.2,457.7,457.7,585,21450
2026-03-02 09:55:00+05:30,457.65,465.3,457.65,465.3,715,23270
2026-03-02 09:56:00+05:30,465.35,466.45,463.75,466.4,715,23270
2026-03-02 09:57:00+05:30,478.75,478.75,476.0,477.85,325,23270
2026-03-02 09:58:00+05:30,496.5,496.5,483.35,483.35,260,24115
2026-03-02 09:59:00+05:30,489.85,489.85,486.05,486.05,130,24115
2026-03-02 10:00:00+05:30,488.65,491.95,488.2,490.25,715,24115
2026-03-02 10:01:00+05:30,490.0,490.0,490.0,490.0,325,23790
2026-03-02 10:02:00+05:30,487.55,487.55,487.55,487.55,65,23790
2026-03-02 10:03:00+05:30,472.0,472.0,472.0,472.0,65,23790
2026-03-02 10:04:00+05:30,465.0,465.0,461.1,464.15,1755,23985
2026-03-02 10:05:00+05:30,464.15,464.15,464.15,464.15,0,23985
2026-03-02 10:06:00+05:30,461.45,461.95,460.1,461.0,910,23985
2026-03-02 10:07:00+05:30,464.1,465.95,461.55,461.55,390,23985
2026-03-02 10:08:00+05:30,461.55,461.55,461.55,461.55,0,23985
2026-03-02 10:09:00+05:30,446.2,450.05,444.2,447.95,325,23790
2026-03-02 10:10:00+05:30,447.6,447.6,440.0,440.0,130,23920
2026-03-02 10:11:00+05:30,440.0,440.0,440.0,440.0,0,23920
2026-03-02 10:12:00+05:30,437.35,437.35,435.65,435.65,130,23920
2026-03-02 10:13:00+05:30,443.0,443.0,443.0,443.0,130,24115
2026-03-02 10:14:00+05:30,440.0,444.05,437.45,444.05,260,24115
2026-03-02 10:15:00+05:30,439.95,443.1,439.75,443.1,715,24115
2026-03-02 10:16:00+05:30,434.5,434.5,433.05,433.05,260,24115
2026-03-02 10:17:00+05:30,423.95,424.8,423.95,424.8,585,24115
2026-03-02 10:18:00+05:30,432.55,434.25,432.55,434.25,130,24115
2026-03-02 10:19:00+05:30,440.05,447.15,440.05,445.85,650,24830
2026-03-02 10:20:00+05:30,430.65,431.45,422.45,422.45,325,24830
2026-03-02 10:21:00+05:30,422.45,431.05,422.25,431.05,650,24830
2026-03-02 10:22:00+05:30,426.0,427.0,426.0,426.75,455,26130
2026-03-02 10:23:00+05:30,430.45,433.0,426.75,426.75,390,26130
2026-03-02 10:24:00+05:30,426.75,426.75,426.75,426.75,0,26130
2026-03-02 10:25:00+05:30,425.85,425.85,425.1,425.1,130,26585
2026-03-02 10:26:00+05:30,428.9,429.7,428.9,429.7,130,26585
2026-03-02 10:27:00+05:30,431.4,432.9,427.6,427.6,325,26585
2026-03-02 10:28:00+05:30,427.6,427.6,427.6,427.6,0,26585
2026-03-02 10:29:00+05:30,427.6,427.6,427.6,427.6,0,26585
2026-03-02 10:30:00+05:30,421.0,421.0,420.0,420.0,130,27040
2026-03-02 10:31:00+05:30,428.0,436.2,428.0,436.05,1690,27365
2026-03-02 10:32:00+05:30,434.75,434.75,434.75,434.75,65,27365
2026-03-02 10:33:00+05:30,428.55,432.2,428.55,432.2,130,27365
2026-03-02 10:34:00+05:30,435.4,435.4,428.55,428.55,1170,27950
2026-03-02 10:35:00+05:30,429.95,429.95,428.55,428.55,130,27950
2026-03-02 10:36:00+05:30,423.95,423.95,423.8,423.8,130,27950
2026-03-02 10:37:00+05:30,411.35,422.9,411.35,422.9,650,27755
2026-03-02 10:38:00+05:30,426.4,428.7,426.4,428.7,260,27755
2026-03-02 10:39:00+05:30,428.7,428.7,428.7,428.7,0,27755
2026-03-02 10:40:00+05:30,413.7,413.7,413.7,413.7,65,27755
2026-03-02 10:41:00+05:30,416.0,417.95,416.0,417.95,715,27235
2026-03-02 10:42:00+05:30,417.9,420.55,417.85,420.55,845,27235
2026-03-02 10:43:00+05:30,412.25,412.25,400.0,400.0,1625,27820
2026-03-02 10:44:00+05:30,399.65,399.65,395.95,395.95,1820,27820
2026-03-02 10:45:00+05:30,395.1,398.45,394.35,398.0,975,27820
2026-03-02 10:46:00+05:30,395.0,403.55,395.0,401.95,845,31330
2026-03-02 10:47:00+05:30,395.3,402.0,395.3,402.0,130,31330
2026-03-02 10:48:00+05:30,400.5,400.5,396.7,400.5,195,31330
2026-03-02 10:49:00+05:30,396.0,396.0,393.2,393.2,260,32110
2026-03-02 10:50:00+05:30,393.2,393.2,393.2,393.2,0,32110
2026-03-02 10:51:00+05:30,398.05,398.05,398.05,398.05,130,32110
2026-03-02 10:52:00+05:30,398.05,398.05,398.05,398.05,0,32110
2026-03-02 10:53:00+05:30,398.05,398.05,398.05,398.05,0,32110
2026-03-02 10:54:00+05:30,398.05,398.05,398.05,398.05,0,32110
2026-03-02 10:55:00+05:30,405.5,406.0,405.1,405.1,520,32305
2026-03-02 10:56:00+05:30,408.0,410.2,408.0,408.45,780,32305
2026-03-02 10:57:00+05:30,409.3,409.6,409.3,409.6,260,32305
2026-03-02 10:58:00+05:30,412.0,422.25,410.55,421.0,715,32695
2026-03-02 10:59:00+05:30,417.3,420.55,417.2,420.55,520,32695
2026-03-02 11:00:00+05:30,421.5,423.75,411.65,411.8,1365,32695
2026-03-02 11:01:00+05:30,417.0,419.1,417.0,419.1,195,32760
2026-03-02 11:02:00+05:30,428.2,429.7,424.45,424.45,975,32760
2026-03-02 11:03:00+05:30,424.45,424.45,424.45,424.45,0,32760
2026-03-02 11:04:00+05:30,426.3,426.7,426.3,426.7,325,32760
2026-03-02 11:05:00+05:30,417.65,417.65,409.2,409.2,520,32955
2026-03-02 11:06:00+05:30,409.2,409.2,409.2,409.2,0,32955
2026-03-02 11:07:00+05:30,422.75,422.75,421.1,421.95,520,32890
2026-03-02 11:08:00+05:30,422.0,422.0,420.6,420.6,130,32890
2026-03-02 11:09:00+05:30,421.0,421.0,420.95,420.95,325,32890
2026-03-02 11:10:00+05:30,420.5,420.5,420.5,420.5,65,32890
2026-03-02 11:11:00+05:30,413.4,413.4,413.35,413.35,130,33085
2026-03-02 11:12:00+05:30,412.8,412.8,408.95,408.95,130,33085
2026-03-02 11:13:00+05:30,408.95,408.95,408.95,408.95,0,33085
2026-03-02 11:14:00+05:30,410.35,410.95,408.15,410.95,1625,32955
2026-03-02 11:15:00+05:30,408.05,408.05,408.05,408.05,65,32955
2026-03-02 11:16:00+05:30,408.05,408.05,408.05,408.05,0,32955
2026-03-02 11:17:00+05:30,405.5,405.5,403.85,403.95,260,33800
2026-03-02 11:18:00+05:30,403.95,403.95,403.95,403.95,0,33800
2026-03-02 11:19:00+05:30,402.0,403.7,400.9,403.7,195,33865
2026-03-02 11:20:00+05:30,396.65,397.95,396.25,397.95,1560,33865
2026-03-02 11:21:00+05:30,401.2,401.2,400.95,400.95,195,33865
2026-03-02 11:22:00+05:30,402.0,402.0,402.0,402.0,130,33865
2026-03-02 11:23:00+05:30,398.55,398.55,398.55,398.55,65,34385
2026-03-02 11:24:00+05:30,398.55,398.55,398.55,398.55,0,34385
2026-03-02 11:25:00+05:30,398.55,398.55,398.55,398.55,0,34385
2026-03-02 11:26:00+05:30,395.3,397.0,394.3,395.15,2535,34450
2026-03-02 11:27:00+05:30,391.0,391.0,388.1,389.8,1430,34450
2026-03-02 11:28:00+05:30,385.1,388.05,384.95,386.6,650,35100
2026-03-02 11:29:00+05:30,380.25,382.0,380.0,382.0,390,35100
2026-03-02 11:30:00+05:30,382.25,382.25,378.0,378.0,195,35100
2026-03-02 11:31:00+05:30,378.2,385.75,378.2,383.25,390,35880
2026-03-02 11:32:00+05:30,383.1,383.1,382.0,382.0,195,35880
2026-03-02 11:33:00+05:30,382.0,382.0,382.0,382.0,0,35880
2026-03-02 11:34:00+05:30,383.15,383.15,383.15,383.15,65,35880
2026-03-02 11:35:00+05:30,383.9,388.5,383.9,384.55,1040,36140
2026-03-02 11:36:00+05:30,384.55,384.55,384.55,384.55,0,36140
2026-03-02 11:37:00+05:30,384.55,384.55,384.55,384.55,65,36140
2026-03-02 11:38:00+05:30,383.9,388.15,383.9,388.15,325,36660
2026-03-02 11:39:00+05:30,390.0,390.0,389.0,389.6,260,36660
2026-03-02 11:40:00+05:30,388.35,388.35,381.1,385.05,195,36660
2026-03-02 11:41:00+05:30,383.65,384.4,383.0,384.4,1365,36660
2026-03-02 11:42:00+05:30,387.0,387.0,386.0,386.0,650,36660
2026-03-02 11:43:00+05:30,389.6,389.6,389.6,389.6,65,36660
2026-03-02 11:44:00+05:30,389.6,389.6,389.6,389.6,0,36660
2026-03-02 11:45:00+05:30,389.6,389.6,389.6,389.6,0,36660
2026-03-02 11:46:00+05:30,391.25,397.9,391.25,397.9,650,38155
2026-03-02 11:47:00+05:30,397.1,397.1,397.1,397.1,65,38155
2026-03-02 11:48:00+05:30,392.45,392.45,392.4,392.4,260,38155
2026-03-02 11:49:00+05:30,383.4,384.75,383.4,384.75,195,38155
2026-03-02 11:50:00+05:30,382.65,382.65,381.0,381.75,195,37960
2026-03-02 11:51:00+05:30,378.0,382.05,378.0,382.05,130,37960
2026-03-02 11:52:00+05:30,377.0,377.0,375.0,375.0,260,37960
2026-03-02 11:53:00+05:30,371.7,373.05,371.3,371.55,455,38350
2026-03-02 11:54:00+05:30,374.5,374.6,374.4,374.4,715,38350
2026-03-02 11:55:00+05:30,376.5,379.2,376.5,379.2,195,38350
2026-03-02 11:56:00+05:30,375.2,376.25,374.4,374.4,390,38415
2026-03-02 11:57:00+05:30,369.55,369.55,369.55,369.55,65,38415
2026-03-02 11:58:00+05:30,370.0,371.0,368.95,369.15,2145,39390
2026-03-02 11:59:00+05:30,368.05,368.05,362.4,362.4,195,39390
2026-03-02 12:00:00+05:30,360.4,360.4,352.0,356.5,3965,39390
2026-03-02 12:01:00+05:30,353.8,361.6,353.5,356.55,2990,39390
2026-03-02 12:02:00+05:30,356.6,356.6,354.6,354.6,130,45240
2026-03-02 12:03:00+05:30,353.95,353.95,353.25,353.25,845,45240
2026-03-02 12:04:00+05:30,353.25,354.05,353.25,354.05,325,45240
2026-03-02 12:05:00+05:30,355.5,355.5,352.15,352.15,845,46020
2026-03-02 12:06:00+05:30,352.0,352.7,351.65,352.15,1560,46020
2026-03-02 12:07:00+05:30,351.65,356.05,351.65,355.85,910,46020
2026-03-02 12:08:00+05:30,356.2,356.2,354.7,355.15,1170,47645
2026-03-02 12:09:00+05:30,353.1,353.1,353.05,353.05,130,47645
2026-03-02 12:10:00+05:30,352.75,353.45,352.45,353.35,390,47645
2026-03-02 12:11:00+05:30,350.65,352.7,349.55,352.7,1300,48035
2026-03-02 12:12:00+05:30,353.85,361.0,353.85,358.95,3965,48035
2026-03-02 12:13:00+05:30,357.2,357.2,356.0,356.0,195,48035
2026-03-02 12:14:00+05:30,352.0,352.0,340.25,340.25,845,50440
2026-03-02 12:15:00+05:30,337.75,344.5,331.55,332.9,2340,50440
2026-03-02 12:16:00+05:30,331.9,340.5,330.8,335.75,4420,50440
2026-03-02 12:17:00+05:30,336.7,339.75,333.85,335.1,520,54210
2026-03-02 12:18:00+05:30,332.5,334.05,330.0,333.0,6110,54210
2026-03-02 12:19:00+05:30,333.1,333.1,332.05,332.65,325,54210
2026-03-02 12:20:00+05:30,332.3,336.55,331.4,336.0,2535,57135
2026-03-02 12:21:00+05:30,333.95,336.25,331.85,331.85,2080,57135
2026-03-02 12:22:00+05:30,335.45,335.45,330.3,330.3,2275,57135
2026-03-02 12:23:00+05:30,330.15,334.35,329.5,333.65,3900,61230
2026-03-02 12:24:00+05:30,337.1,337.15,331.3,331.8,1170,61230
2026-03-02 12:25:00+05:30,334.0,334.0,333.5,333.5,325,61230
2026-03-02 12:26:00+05:30,333.6,333.6,331.2,332.4,4550,62855
2026-03-02 12:27:00+05:30,332.4,333.9,332.3,333.85,1235,62855
2026-03-02 12:28:00+05:30,336.15,339.1,328.4,331.25,15015,62855
2026-03-02 12:29:00+05:30,330.6,337.5,328.45,336.05,7670,65195
2026-03-02 12:30:00+05:30,334.7,334.7,330.55,332.8,260,65195
2026-03-02 12:31:00+05:30,332.5,335.0,332.3,335.0,650,65195
2026-03-02 12:32:00+05:30,336.15,339.0,335.6,337.0,1625,64415
2026-03-02 12:33:00+05:30,336.9,336.9,334.75,336.6,780,64415
2026-03-02 12:34:00+05:30,337.0,337.5,334.4,337.5,780,64415
2026-03-02 12:35:00+05:30,336.15,336.15,334.4,334.4,455,65325
2026-03-02 12:36:00+05:30,335.3,336.55,334.95,335.0,390,65325
2026-03-02 12:37:00+05:30,335.3,335.75,333.8,335.75,650,65325
2026-03-02 12:38:00+05:30,335.3,335.3,316.4,316.9,7735,65975
2026-03-02 12:39:00+05:30,314.85,321.85,313.35,315.0,7085,65975
2026-03-02 12:40:00+05:30,314.95,324.7,312.0,320.7,10465,65975
2026-03-02 12:41:00+05:30,318.4,322.0,318.3,319.4,2925,74360
2026-03-02 12:42:00+05:30,318.05,318.05,314.6,314.6,6305,74360
2026-03-02 12:43:00+05:30,312.5,314.15,310.85,313.3,5135,74360
2026-03-02 12:44:00+05:30,312.75,314.1,310.45,311.85,3510,81315
2026-03-02 12:45:00+05:30,311.65,314.15,309.0,311.1,11635,81315
2026-03-02 12:46:00+05:30,311.65,320.85,310.9,318.0,14495,81315
2026-03-02 12:47:00+05:30,318.0,321.2,316.55,317.4,4420,83915
2026-03-02 12:48:00+05:30,315.95,317.8,315.0,315.5,2210,83915
2026-03-02 12:49:00+05:30,314.85,315.8,312.35,314.45,4030,83915
2026-03-02 12:50:00+05:30,314.0,316.6,314.0,314.7,1040,89700
2026-03-02 12:51:00+05:30,314.7,318.0,313.0,318.0,2340,89700
2026-03-02 12:52:00+05:30,316.1,320.0,315.3,319.8,8840,89700
2026-03-02 12:53:00+05:30,321.55,321.55,316.8,317.65,3185,95615
2026-03-02 12:54:00+05:30,317.9,322.55,317.0,317.0,4810,95615
2026-03-02 12:55:00+05:30,317.05,319.5,317.05,317.45,2145,95615
2026-03-02 12:56:00+05:30,317.15,317.3,313.2,314.35,3120,95290
2026-03-02 12:57:00+05:30,314.35,315.35,312.5,313.0,2080,95290
2026-03-02 12:58:00+05:30,313.55,313.55,310.9,311.4,1495,95290
2026-03-02 12:59:00+05:30,311.65,314.45,311.65,314.45,2925,94705
2026-03-02 13:00:00+05:30,315.85,315.85,313.0,314.65,1560,94705
2026-03-02 13:01:00+05:30,312.85,320.5,311.3,320.05,1950,94705
2026-03-02 13:02:00+05:30,317.95,320.3,317.7,318.95,2730,97045
2026-03-02 13:03:00+05:30,319.55,319.55,317.15,317.85,2925,97045
2026-03-02 13:04:00+05:30,318.7,319.0,315.7,317.9,1495,97045
2026-03-02 13:05:00+05:30,315.85,316.85,315.0,315.05,520,97890
2026-03-02 13:06:00+05:30,315.05,317.7,315.05,317.7,260,97890
2026-03-02 13:07:00+05:30,316.85,317.9,316.0,317.9,2015,97890
2026-03-02 13:08:00+05:30,317.75,319.25,317.0,318.7,1430,98865
2026-03-02 13:09:00+05:30,318.0,319.5,313.6,313.7,5590,98865
2026-03-02 13:10:00+05:30,314.05,318.6,313.95,318.55,1950,98865
2026-03-02 13:11:00+05:30,317.65,317.8,315.5,317.8,1950,101010
2026-03-02 13:12:00+05:30,317.5,318.25,317.1,317.85,1105,101010
2026-03-02 13:13:00+05:30,315.5,317.05,314.7,316.0,910,101010
2026-03-02 13:14:00+05:30,316.1,317.0,315.8,317.0,2145,102050
2026-03-02 13:15:00+05:30,316.6,322.05,316.1,318.15,7670,102050
2026-03-02 13:16:00+05:30,318.5,321.5,317.0,317.0,1625,102050
2026-03-02 13:17:00+05:30,317.0,318.9,314.35,315.9,3770,101595
2026-03-02 13:18:00+05:30,315.0,318.0,315.0,316.15,4160,101595
2026-03-02 13:19:00+05:30,317.85,318.85,316.05,317.15,4355,101595
2026-03-02 13:20:00+05:30,318.05,319.5,316.0,319.5,2470,107770
2026-03-02 13:21:00+05:30,316.55,318.35,315.0,316.85,3900,107770
2026-03-02 13:22:00+05:30,318.15,320.15,318.15,319.15,2925,107770
2026-03-02 13:23:00+05:30,318.0,318.0,315.6,316.45,2145,106665
2026-03-02 13:24:00+05:30,316.15,317.75,315.35,317.75,1300,106665
2026-03-02 13:25:00+05:30,316.0,319.25,315.45,315.55,7280,106665
2026-03-02 13:26:00+05:30,315.0,318.0,311.1,316.1,10140,111670
2026-03-02 13:27:00+05:30,314.4,314.4,310.6,312.05,3640,111670
2026-03-02 13:28:00+05:30,312.05,312.05,305.4,308.05,9425,113880
2026-03-02 13:29:00+05:30,308.4,312.6,307.5,310.25,8840,113880
2026-03-02 13:30:00+05:30,312.8,312.85,309.0,310.8,11570,113880
2026-03-02 13:31:00+05:30,310.45,311.75,308.4,310.8,10335,113880
2026-03-02 13:32:00+05:30,310.85,311.0,308.85,310.25,5330,124410
2026-03-02 13:33:00+05:30,310.55,318.1,310.15,317.5,12285,124410
2026-03-02 13:34:00+05:30,317.35,317.35,312.45,313.8,4680,124410
2026-03-02 13:35:00+05:30,312.9,316.95,311.55,316.65,5525,128245
2026-03-02 13:36:00+05:30,315.15,318.0,315.15,317.15,4225,128245
2026-03-02 13:37:00+05:30,317.0,318.0,317.0,317.5,2925,128245
2026-03-02 13:38:00+05:30,315.8,316.4,313.5,314.35,5330,131105
2026-03-02 13:39:00+05:30,313.35,313.35,310.05,313.05,2730,131105
2026-03-02 13:40:00+05:30,312.55,312.75,306.0,306.2,11635,131105
2026-03-02 13:41:00+05:30,305.95,306.15,301.05,302.0,9035,133965
2026-03-02 13:42:00+05:30,302.0,307.45,302.0,304.45,12740,133965
2026-03-02 13:43:00+05:30,304.5,309.35,303.5,308.9,9620,133965
2026-03-02 13:44:00+05:30,308.65,313.05,307.35,311.2,14235,146965
2026-03-02 13:45:00+05:30,311.4,313.4,309.25,310.0,8515,146965
2026-03-02 13:46:00+05:30,309.0,310.05,307.85,308.6,5395,146965
2026-03-02 13:47:00+05:30,307.55,308.15,304.1,306.5,5330,157495
2026-03-02 13:48:00+05:30,306.25,306.35,304.2,305.0,5720,157495
2026-03-02 13:49:00+05:30,305.35,305.7,303.95,304.25,3705,157495
2026-03-02 13:50:00+05:30,303.3,306.4,303.3,305.8,2795,162435
2026-03-02 13:51:00+05:30,305.8,305.8,300.05,300.05,8255,162435
2026-03-02 13:52:00+05:30,300.05,301.1,296.45,297.45,29250,162435
2026-03-02 13:53:00+05:30,298.05,299.35,297.0,298.45,8580,168090
2026-03-02 13:54:00+05:30,298.75,300.25,298.0,300.25,24440,168090
2026-03-02 13:55:00+05:30,299.35,299.35,289.55,289.55,63050,168090
2026-03-02 13:56:00+05:30,288.7,289.95,286.8,286.8,23790,209105
2026-03-02 13:57:00+05:30,285.0,289.5,282.3,286.7,25740,209105
2026-03-02 13:58:00+05:30,286.3,290.5,284.95,288.0,17680,209105
2026-03-02 13:59:00+05:30,288.0,289.35,287.0,287.9,11180,229125
2026-03-02 14:00:00+05:30,287.0,288.6,284.7,285.0,21775,229125
2026-03-02 14:01:00+05:30,284.0,284.8,282.0,284.8,12285,229125
2026-03-02 14:02:00+05:30,285.0,287.0,284.2,286.25,14365,245960
2026-03-02 14:03:00+05:30,286.45,315.0,286.45,315.0,82940,245960
2026-03-02 14:04:00+05:30,315.0,341.95,311.3,317.25,96330,245960
2026-03-02 14:05:00+05:30,316.8,334.45,312.9,326.6,58500,210665
2026-03-02 14:06:00+05:30,326.55,354.15,326.55,352.55,131820,210665
2026-03-02 14:07:00+05:30,351.85,364.95,349.75,359.0,79300,210665
2026-03-02 14:08:00+05:30,359.95,377.8,348.85,353.95,46670,228085
2026-03-02 14:09:00+05:30,353.6,362.7,352.0,359.7,13260,228085
2026-03-02 14:10:00+05:30,362.0,365.0,356.55,362.0,10790,228085
2026-03-02 14:11:00+05:30,365.0,371.15,357.45,361.9,16445,215215
2026-03-02 14:12:00+05:30,361.0,374.0,360.7,373.85,10595,215215
2026-03-02 14:13:00+05:30,375.0,387.65,369.55,375.9,19435,215215
2026-03-02 14:14:00+05:30,376.0,388.1,372.75,385.3,13845,207415
2026-03-02 14:15:00+05:30,385.85,388.05,362.3,365.25,28535,207415
2026-03-02 14:16:00+05:30,366.7,389.0,366.7,387.3,8385,207415
2026-03-02 14:17:00+05:30,386.75,389.3,374.9,378.0,8450,199875
2026-03-02 14:18:00+05:30,380.0,387.95,379.65,387.95,6500,199875
2026-03-02 14:19:00+05:30,388.3,388.3,382.55,383.9,5590,199875
2026-03-02 14:20:00+05:30,385.75,390.0,382.2,384.75,12415,190905
2026-03-02 14:21:00+05:30,388.7,391.25,379.2,379.2,5850,190905
2026-03-02 14:22:00+05:30,377.8,377.8,366.15,369.85,6240,190905
2026-03-02 14:23:00+05:30,370.05,385.5,369.8,385.5,4355,188565
2026-03-02 14:24:00+05:30,385.5,392.05,385.5,388.3,3315,188565
2026-03-02 14:25:00+05:30,384.55,386.8,379.2,379.65,3510,188565
2026-03-02 14:26:00+05:30,376.4,378.1,370.8,371.9,2470,187200
2026-03-02 14:27:00+05:30,373.75,375.75,363.0,364.9,4615,187200
2026-03-02 14:28:00+05:30,363.75,364.3,351.2,356.1,32825,187200
2026-03-02 14:29:00+05:30,358.8,359.55,353.65,355.55,7085,169195
2026-03-02 14:30:00+05:30,356.15,366.0,352.0,354.15,9815,169195
2026-03-02 14:31:00+05:30,356.0,357.0,350.05,355.9,3510,169195
2026-03-02 14:32:00+05:30,355.6,364.0,354.4,362.85,3315,165425
2026-03-02 14:33:00+05:30,367.65,379.5,367.65,379.0,7085,165425
2026-03-02 14:34:00+05:30,380.2,400.5,372.4,399.8,21710,165425
2026-03-02 14:35:00+05:30,401.2,424.9,395.9,419.25,40365,154310
2026-03-02 14:36:00+05:30,421.1,421.1,398.8,415.85,13325,154310
2026-03-02 14:37:00+05:30,418.45,420.8,401.85,403.6,9295,154310
2026-03-02 14:38:00+05:30,402.45,422.25,395.9,422.25,6110,151515
2026-03-02 14:39:00+05:30,422.15,425.5,409.1,412.3,10725,151515
2026-03-02 14:40:00+05:30,414.1,433.25,414.1,433.25,7475,151515
2026-03-02 14:41:00+05:30,429.1,436.25,424.4,432.55,23205,135655
2026-03-02 14:42:00+05:30,437.35,437.35,417.15,425.95,4030,135655
2026-03-02 14:43:00+05:30,425.15,427.15,418.95,423.85,3185,135655
2026-03-02 14:44:00+05:30,425.0,433.9,423.25,431.45,6500,129155
2026-03-02 14:45:00+05:30,428.85,432.1,415.55,415.55,5200,129155
2026-03-02 14:46:00+05:30,411.05,417.45,408.2,409.0,3770,129155
2026-03-02 14:47:00+05:30,406.7,447.3,403.55,446.7,5850,124865
2026-03-02 14:48:00+05:30,445.8,445.85,426.0,436.9,8320,124865
2026-03-02 14:49:00+05:30,433.95,437.55,424.1,432.0,2015,124865
2026-03-02 14:50:00+05:30,424.55,435.0,424.35,432.85,1885,123370
2026-03-02 14:51:00+05:30,429.0,433.65,416.6,427.15,6110,123370
2026-03-02 14:52:00+05:30,424.55,437.0,424.55,437.0,3640,123370
2026-03-02 14:53:00+05:30,437.4,437.85,430.65,432.6,10725,129935
2026-03-02 14:54:00+05:30,431.35,437.5,430.0,433.6,2535,129935
2026-03-02 14:55:00+05:30,434.45,434.85,426.6,432.55,1300,129935
2026-03-02 14:56:00+05:30,423.55,425.0,413.25,420.3,2665,127530
2026-03-02 14:57:00+05:30,422.25,422.25,408.75,408.85,2535,127530
2026-03-02 14:58:00+05:30,405.15,407.95,404.85,407.3,1040,127530
2026-03-02 14:59:00+05:30,408.0,408.0,387.35,392.8,7540,126295
2026-03-02 15:00:00+05:30,395.05,405.55,382.55,401.75,17095,126295
2026-03-02 15:01:00+05:30,404.45,404.45,386.4,392.0,7150,126295
2026-03-02 15:02:00+05:30,391.65,392.15,386.75,392.15,3705,117975
2026-03-02 15:03:00+05:30,393.55,409.7,392.6,409.7,3705,117975
2026-03-02 15:04:00+05:30,410.45,422.4,410.45,416.25,5980,117975
2026-03-02 15:05:00+05:30,412.75,412.75,400.55,401.2,1430,114075
2026-03-02 15:06:00+05:30,402.25,412.05,402.25,409.25,2210,114075
2026-03-02 15:07:00+05:30,409.8,423.25,409.75,421.85,3510,114075
2026-03-02 15:08:00+05:30,422.0,423.3,413.4,414.8,1170,114075
2026-03-02 15:09:00+05:30,413.85,418.05,410.5,418.05,5200,111670
2026-03-02 15:10:00+05:30,418.75,418.75,410.0,410.4,5200,111670
2026-03-02 15:11:00+05:30,411.4,425.5,411.35,425.5,2665,111670
2026-03-02 15:12:00+05:30,425.4,428.25,423.15,425.95,3445,117065
2026-03-02 15:13:00+05:30,426.0,432.55,426.0,432.55,2340,117065
2026-03-02 15:14:00+05:30,430.75,439.6,428.5,439.6,6890,115765
2026-03-02 15:15:00+05:30,440.35,442.3,428.25,430.95,4225,115765
2026-03-02 15:16:00+05:30,434.3,435.25,432.6,435.1,715,115765
2026-03-02 15:17:00+05:30,433.9,433.9,425.5,427.45,2990,115765
2026-03-02 15:18:00+05:30,428.25,434.2,427.2,434.0,3380,109200
2026-03-02 15:19:00+05:30,433.45,440.0,433.45,440.0,3055,109200
2026-03-02 15:20:00+05:30,440.5,440.7,433.4,434.15,910,109200
2026-03-02 15:21:00+05:30,432.2,432.2,420.75,420.75,4290,106795
2026-03-02 15:22:00+05:30,422.0,428.65,422.0,427.25,9685,106795
2026-03-02 15:23:00+05:30,417.55,417.55,397.65,397.85,18070,106600
2026-03-02 15:24:00+05:30,397.65,404.1,393.0,404.1,1430,106600
2026-03-02 15:25:00+05:30,404.2,411.6,404.2,410.5,2340,106600
2026-03-02 15:26:00+05:30,412.75,420.5,412.7,418.95,11700,106600
2026-03-02 15:27:00+05:30,418.75,424.95,418.75,423.5,8580,111085
2026-03-02 15:28:00+05:30,423.4,423.95,417.3,420.3,5915,111085
2026-03-02 15:29:00+05:30,417.75,422.0,416.5,422.0,3640,111085
2026-03-04 09:15:00+05:30,189.75,189.75,143.15,166.55,576485,107185
2026-03-04 09:16:00+05:30,166.5,184.1,161.1,180.1,409955,208780
2026-03-04 09:17:00+05:30,180.1,184.2,172.3,177.55,217165,208780
2026-03-04 09:18:00+05:30,177.55,194.2,176.6,188.5,192400,208780
2026-03-04 09:19:00+05:30,188.6,195.0,185.75,190.35,115570,311285
2026-03-04 09:20:00+05:30,190.05,194.75,185.15,192.55,128765,311285
2026-03-04 09:21:00+05:30,192.7,193.3,185.35,188.2,95095,311285
2026-03-04 09:22:00+05:30,188.2,190.15,185.0,186.85,63310,358670
2026-03-04 09:23:00+05:30,187.6,189.0,180.5,182.15,112060,358670
2026-03-04 09:24:00+05:30,182.35,184.35,176.6,178.65,110760,358670
2026-03-04 09:25:00+05:30,178.6,180.95,175.15,178.6,81575,410475
2026-03-04 09:26:00+05:30,178.65,182.95,177.5,178.15,64805,410475
2026-03-04 09:27:00+05:30,177.75,178.5,171.7,176.95,80925,410475
2026-03-04 09:28:00+05:30,176.55,188.95,174.5,183.75,91585,452205
2026-03-04 09:29:00+05:30,183.9,185.85,180.45,180.95,76570,452205
2026-03-04 09:30:00+05:30,180.95,186.0,179.35,181.8,84240,452205
2026-03-04 09:31:00+05:30,181.95,185.5,179.6,181.7,72280,488215
2026-03-04 09:32:00+05:30,181.4,185.35,180.85,183.2,54015,488215
2026-03-04 09:33:00+05:30,182.9,183.65,177.5,178.75,71890,488215
2026-03-04 09:34:00+05:30,178.8,181.65,175.3,178.15,54275,533000
2026-03-04 09:35:00+05:30,177.7,178.3,171.9,174.35,72800,533000
2026-03-04 09:36:00+05:30,174.6,179.45,171.2,178.95,60125,577070
2026-03-04 09:37:00+05:30,178.75,185.55,177.7,183.15,69745,577070
2026-03-04 09:38:00+05:30,183.0,185.35,181.2,184.15,84110,577070
2026-03-04 09:39:00+05:30,183.85,184.3,180.0,181.0,34645,577070
2026-03-04 09:40:00+05:30,181.4,190.65,181.05,190.0,78650,592540
2026-03-04 09:41:00+05:30,189.9,196.0,189.5,195.9,139425,592540
2026-03-04 09:42:00+05:30,195.95,200.3,194.45,198.9,136175,592540
2026-03-04 09:43:00+05:30,198.8,202.4,193.55,200.35,148980,623090
2026-03-04 09:44:00+05:30,200.6,202.0,195.8,201.6,115505,623090
2026-03-04 09:45:00+05:30,201.75,203.35,199.0,201.4,111995,623090
2026-03-04 09:46:00+05:30,201.3,202.05,191.05,191.4,124995,673855
2026-03-04 09:47:00+05:30,191.4,192.45,184.55,187.35,125775,673855
2026-03-04 09:48:00+05:30,187.15,189.7,183.8,183.85,82615,673855
2026-03-04 09:49:00+05:30,183.8,189.7,182.55,187.1,88335,681005
2026-03-04 09:50:00+05:30,187.15,187.4,181.1,185.3,52065,681005
2026-03-04 09:51:00+05:30,185.6,187.75,182.8,186.0,50375,681005
2026-03-04 09:52:00+05:30,186.05,190.6,186.05,189.1,59865,706485
2026-03-04 09:53:00+05:30,189.3,189.4,185.9,185.95,35035,706485
2026-03-04 09:54:00+05:30,185.9,187.55,183.8,186.45,33540,706485
2026-03-04 09:55:00+05:30,186.05,186.55,182.4,183.3,36855,699465
2026-03-04 09:56:00+05:30,182.8,183.2,177.35,178.75,83850,699465
2026-03-04 09:57:00+05:30,178.75,181.35,176.4,178.35,81900,699465
2026-03-04 09:58:00+05:30,178.15,180.05,174.8,176.85,41730,687635
2026-03-04 09:59:00+05:30,176.85,176.95,173.5,174.1,46800,687635
2026-03-04 10:00:00+05:30,173.8,174.3,168.75,172.8,116675,687635
2026-03-04 10:01:00+05:30,172.85,175.5,172.15,175.15,44980,688415
2026-03-04 10:02:00+05:30,174.9,178.4,173.65,178.0,67990,688415
2026-03-04 10:03:00+05:30,177.95,178.15,172.0,172.65,57395,688415
2026-03-04 10:04:00+05:30,172.55,175.95,171.6,172.65,40105,700765
2026-03-04 10:05:00+05:30,172.2,175.65,171.6,172.3,38090,700765
2026-03-04 10:06:00+05:30,172.3,172.75,168.45,170.3,54470,700765
2026-03-04 10:07:00+05:30,169.75,173.35,169.3,172.55,25350,719745
2026-03-04 10:08:00+05:30,172.15,176.4,172.15,175.8,44265,719745
2026-03-04 10:09:00+05:30,175.3,181.45,174.25,180.1,75205,719745
2026-03-04 10:10:00+05:30,180.0,180.45,173.75,175.8,52650,730210
2026-03-04 10:11:00+05:30,175.85,181.5,174.7,180.05,66040,730210
2026-03-04 10:12:00+05:30,180.6,184.85,179.5,184.1,72670,730210
2026-03-04 10:13:00+05:30,184.5,187.6,182.2,186.85,103675,749060
2026-03-04 10:14:00+05:30,186.65,198.5,185.2,196.4,178035,749060
2026-03-04 10:15:00+05:30,196.7,200.85,192.0,195.7,170950,749060
2026-03-04 10:16:00+05:30,196.0,202.15,193.55,199.4,123370,712530
2026-03-04 10:17:00+05:30,199.65,206.1,194.3,197.5,163150,712530
2026-03-04 10:18:00+05:30,197.7,199.4,193.55,193.55,101660,712530
2026-03-04 10:19:00+05:30,193.65,196.35,191.15,193.0,83785,741520
2026-03-04 10:20:00+05:30,192.75,198.35,189.8,198.0,68575,741520
2026-03-04 10:21:00+05:30,197.65,200.0,192.6,197.55,75595,741520
2026-03-04 10:22:00+05:30,197.35,200.6,195.5,198.2,58500,735410
2026-03-04 10:23:00+05:30,197.3,200.8,195.35,200.1,49790,735410
2026-03-04 10:24:00+05:30,200.15,210.0,197.7,199.65,239200,735410
2026-03-04 10:25:00+05:30,199.4,202.3,197.2,202.2,56745,750425
2026-03-04 10:26:00+05:30,202.45,214.5,202.2,214.05,157820,750425
2026-03-04 10:27:00+05:30,214.6,221.0,212.4,215.65,221000,750425
2026-03-04 10:28:00+05:30,216.3,216.35,206.85,211.95,124800,705250
2026-03-04 10:29:00+05:30,211.75,214.0,203.0,204.35,85345,705250
2026-03-04 10:30:00+05:30,204.4,207.0,200.8,204.3,78455,705250
2026-03-04 10:31:00+05:30,205.05,207.0,202.2,205.6,52910,721565
2026-03-04 10:32:00+05:30,205.65,207.6,201.8,203.25,51090,721565
2026-03-04 10:33:00+05:30,203.75,204.75,198.05,202.2,78260,721565
2026-03-04 10:34:00+05:30,201.7,204.2,197.05,200.45,57135,715715
2026-03-04 10:35:00+05:30,200.3,200.95,193.5,194.95,74555,715715
2026-03-04 10:36:00+05:30,195.2,198.25,192.8,195.55,41015,715715
2026-03-04 10:37:00+05:30,195.45,204.0,194.15,203.8,58890,709410
2026-03-04 10:38:00+05:30,203.9,205.25,198.7,200.4,59410,709410
2026-03-04 10:39:00+05:30,200.4,201.0,196.0,197.1,28080,709410
2026-03-04 10:40:00+05:30,197.3,198.35,192.1,193.75,35425,723645
2026-03-04 10:41:00+05:30,194.35,196.5,193.55,196.15,28080,723645
2026-03-04 10:42:00+05:30,195.9,196.9,190.0,192.1,43875,723645
2026-03-04 10:43:00+05:30,192.85,194.6,189.05,191.25,35555,727480
2026-03-04 10:44:00+05:30,191.85,194.5,191.05,193.4,26130,727480
2026-03-04 10:45:00+05:30,193.75,198.5,192.6,198.3,48100,727480
2026-03-04 10:46:00+05:30,198.05,205.7,198.05,203.7,116870,748345
2026-03-04 10:47:00+05:30,203.15,208.4,200.5,200.5,108875,748345
2026-03-04 10:48:00+05:30,200.85,201.2,192.5,195.95,92950,748345
2026-03-04 10:49:00+05:30,196.25,198.0,193.2,195.1,36335,765180
2026-03-04 10:50:00+05:30,195.35,195.55,185.7,191.0,117325,765180
2026-03-04 10:51:00+05:30,190.95,193.9,189.5,189.9,42510,765180
2026-03-04 10:52:00+05:30,190.35,191.4,186.4,189.25,55705,746070
2026-03-04 10:53:00+05:30,189.7,190.4,187.65,190.4,22945,746070
2026-03-04 10:54:00+05:30,189.9,193.4,189.0,191.8,41080,746070
2026-03-04 10:55:00+05:30,191.3,193.0,190.0,190.7,17680,763815
2026-03-04 10:56:00+05:30,190.65,190.9,188.0,188.1,26780,763815
2026-03-04 10:57:00+05:30,188.05,188.25,182.35,186.5,87425,763815
2026-03-04 10:58:00+05:30,186.15,189.45,184.65,188.4,24440,750945
2026-03-04 10:59:00+05:30,188.65,190.75,187.1,190.4,24570,750945
2026-03-04 11:00:00+05:30,190.4,198.1,188.75,192.1,70460,750945
2026-03-04 11:01:00+05:30,192.25,194.3,189.55,191.95,35490,747565
2026-03-04 11:02:00+05:30,191.7,202.45,191.7,198.65,98865,747565
2026-03-04 11:03:00+05:30,199.05,205.9,199.0,202.5,88075,747565
2026-03-04 11:04:00+05:30,203.15,205.0,198.1,200.25,54080,750490
2026-03-04 11:05:00+05:30,200.65,202.1,198.1,200.15,53170,750490
2026-03-04 11:06:00+05:30,199.5,204.1,196.5,203.95,138710,750490
2026-03-04 11:07:00+05:30,204.2,210.45,203.3,204.9,276965,767585
2026-03-04 11:08:00+05:30,204.8,210.65,202.85,210.05,75985,767585
2026-03-04 11:09:00+05:30,210.45,214.3,206.9,212.35,137735,785590
2026-03-04 11:10:00+05:30,212.2,220.65,211.35,217.1,193440,785590
2026-03-04 11:11:00+05:30,217.0,217.1,208.15,213.5,106665,785590
2026-03-04 11:12:00+05:30,213.9,221.1,213.2,217.6,103025,785590
2026-03-04 11:13:00+05:30,218.6,220.4,212.25,212.25,133315,786955
2026-03-04 11:14:00+05:30,212.45,213.5,206.15,209.25,117585,786955
2026-03-04 11:15:00+05:30,208.85,210.05,204.05,205.15,59475,786955
2026-03-04 11:16:00+05:30,205.5,207.95,201.45,204.2,64740,773955
2026-03-04 11:17:00+05:30,204.3,205.7,201.6,203.4,50830,773955
2026-03-04 11:18:00+05:30,203.5,203.8,199.25,200.5,59215,773955
2026-03-04 11:19:00+05:30,200.5,200.65,196.2,196.6,64480,754520
2026-03-04 11:20:00+05:30,196.15,199.6,194.3,199.35,46020,754520
2026-03-04 11:21:00+05:30,199.55,201.9,195.3,199.4,187915,754520
2026-03-04 11:22:00+05:30,199.8,200.8,196.8,198.4,48620,770510
2026-03-04 11:23:00+05:30,198.35,198.55,187.15,187.3,92495,770510
2026-03-04 11:24:00+05:30,187.05,190.35,186.2,189.5,82940,770510
2026-03-04 11:25:00+05:30,189.9,191.8,188.95,191.8,31980,774605
2026-03-04 11:26:00+05:30,191.6,191.7,185.6,188.05,42055,774605
2026-03-04 11:27:00+05:30,187.6,188.6,183.8,185.35,42250,774605
2026-03-04 11:28:00+05:30,185.85,187.25,181.25,182.85,94705,786045
2026-03-04 11:29:00+05:30,183.1,183.1,177.85,180.1,73190,786045
2026-03-04 11:30:00+05:30,180.6,182.9,178.85,181.65,88920,786045
2026-03-04 11:31:00+05:30,181.75,182.05,177.8,178.75,77090,816530
2026-03-04 11:32:00+05:30,178.75,179.5,174.0,175.85,83785,816530
2026-03-04 11:33:00+05:30,175.85,179.75,175.35,177.7,48295,816530
2026-03-04 11:34:00+05:30,177.75,180.4,177.7,179.3,27040,804180
2026-03-04 11:35:00+05:30,179.0,182.0,178.4,180.75,51610,804180
2026-03-04 11:36:00+05:30,180.8,182.65,179.45,182.65,39195,804180
2026-03-04 11:37:00+05:30,182.65,184.7,178.95,180.0,96395,846105
2026-03-04 11:38:00+05:30,180.6,181.6,177.25,180.0,42705,846105
2026-03-04 11:39:00+05:30,179.75,180.0,177.7,178.3,22555,846105
2026-03-04 11:40:00+05:30,178.15,178.3,176.4,177.55,27560,853580
2026-03-04 11:41:00+05:30,177.55,179.95,176.65,179.8,22295,853580
2026-03-04 11:42:00+05:30,179.85,181.4,178.3,178.9,60255,853580
2026-03-04 11:43:00+05:30,178.55,179.2,174.5,176.7,38805,863395
2026-03-04 11:44:00+05:30,176.85,177.85,174.05,175.5,41925,863395
2026-03-04 11:45:00+05:30,175.65,177.25,174.0,174.0,31460,863395
2026-03-04 11:46:00+05:30,174.0,175.7,173.5,175.15,43485,840190
2026-03-04 11:47:00+05:30,174.9,176.4,174.8,175.2,13260,840190
2026-03-04 11:48:00+05:30,175.2,179.65,174.15,179.3,37570,840190
2026-03-04 11:49:00+05:30,179.4,179.75,176.15,178.15,31720,844480
2026-03-04 11:50:00+05:30,178.5,185.55,178.0,184.75,89180,844480
2026-03-04 11:51:00+05:30,184.45,186.45,181.9,185.55,84370,844480
2026-03-04 11:52:00+05:30,185.25,187.2,182.15,184.5,52650,859300
2026-03-04 11:53:00+05:30,184.4,184.4,181.8,183.6,21060,859300
2026-03-04 11:54:00+05:30,182.65,183.15,176.6,178.2,58890,859300
2026-03-04 11:55:00+05:30,177.8,182.85,177.2,180.75,45565,847600
2026-03-04 11:56:00+05:30,180.95,182.35,177.5,179.0,35295,847600
2026-03-04 11:57:00+05:30,179.55,181.95,179.2,180.8,22360,847600
2026-03-04 11:58:00+05:30,180.55,180.55,176.5,178.55,25090,854360
2026-03-04 11:59:00+05:30,178.95,180.8,177.65,180.45,20475,854360
2026-03-04 12:00:00+05:30,180.45,182.95,180.4,181.55,41015,854360
2026-03-04 12:01:00+05:30,181.35,184.6,181.15,181.85,45110,875160
2026-03-04 12:02:00+05:30,181.65,183.5,179.75,182.2,25025,875160
2026-03-04 12:03:00+05:30,182.05,183.05,179.85,182.95,26000,875160
2026-03-04 12:04:00+05:30,183.0,184.95,182.25,182.7,36075,885430
2026-03-04 12:05:00+05:30,182.5,183.75,178.4,179.15,34710,885430
2026-03-04 12:06:00+05:30,179.2,184.05,178.65,184.0,25350,885430
2026-03-04 12:07:00+05:30,183.95,185.0,182.3,184.8,29250,879710
2026-03-04 12:08:00+05:30,184.55,185.0,183.1,184.6,21190,879710
2026-03-04 12:09:00+05:30,184.5,185.7,182.95,184.5,25155,879710
2026-03-04 12:10:00+05:30,184.35,184.8,183.3,184.7,18850,880295
2026-03-04 12:11:00+05:30,184.3,184.3,179.3,181.3,35750,880295
2026-03-04 12:12:00+05:30,181.5,186.55,181.0,186.25,32955,880295
2026-03-04 12:13:00+05:30,185.85,186.05,181.3,181.5,22685,879970
2026-03-04 12:14:00+05:30,181.5,181.6,176.85,178.5,66170,879970
2026-03-04 12:15:00+05:30,179.4,180.95,177.85,179.05,20930,879970
2026-03-04 12:16:00+05:30,179.2,180.15,177.0,177.6,15145,863005
2026-03-04 12:17:00+05:30,177.2,178.95,175.45,177.8,28015,863005
2026-03-04 12:18:00+05:30,177.35,177.6,174.95,176.5,27040,863005
2026-03-04 12:19:00+05:30,176.25,177.25,175.5,177.25,13975,858455
2026-03-04 12:20:00+05:30,176.95,183.25,176.4,180.05,45890,858455
2026-03-04 12:21:00+05:30,180.25,181.05,175.5,177.55,26845,858455
2026-03-04 12:22:00+05:30,177.45,178.75,176.45,177.95,10985,860275
2026-03-04 12:23:00+05:30,177.85,182.8,176.8,181.5,23010,860275
2026-03-04 12:24:00+05:30,182.0,182.0,178.65,179.65,16575,860275
2026-03-04 12:25:00+05:30,179.6,182.4,179.4,181.5,22100,871910
2026-03-04 12:26:00+05:30,181.7,182.05,179.6,179.6,26390,871910
2026-03-04 12:27:00+05:30,179.55,179.55,175.95,176.4,41730,871910
2026-03-04 12:28:00+05:30,176.4,178.45,175.0,176.35,24115,871000
2026-03-04 12:29:00+05:30,176.4,178.15,174.05,177.55,32435,871000
2026-03-04 12:30:00+05:30,178.0,179.4,177.35,179.0,37895,871000
2026-03-04 12:31:00+05:30,179.1,180.8,177.8,178.1,64675,866970
2026-03-04 12:32:00+05:30,178.2,178.6,175.5,177.2,24050,866970
2026-03-04 12:33:00+05:30,177.3,178.0,176.0,177.05,17940,866970
2026-03-04 12:34:00+05:30,176.75,179.5,176.35,178.55,15665,874315
2026-03-04 12:35:00+05:30,178.75,180.2,176.9,178.5,14495,874315
2026-03-04 12:36:00+05:30,178.4,179.5,177.1,179.25,9230,874315
2026-03-04 12:37:00+05:30,179.5,181.9,177.75,178.2,40040,874315
2026-03-04 12:38:00+05:30,178.4,181.2,177.6,178.5,14755,879645
2026-03-04 12:39:00+05:30,178.6,179.25,178.15,178.3,6825,879645
2026-03-04 12:40:00+05:30,178.25,178.75,175.0,175.8,25935,879645
2026-03-04 12:41:00+05:30,175.85,177.4,175.0,176.15,18720,882245
2026-03-04 12:42:00+05:30,176.2,176.2,168.1,169.25,88270,882245
2026-03-04 12:43:00+05:30,169.8,176.0,168.15,174.95,52585,882245
2026-03-04 12:44:00+05:30,175.2,179.2,175.2,177.85,59020,857220
2026-03-04 12:45:00+05:30,177.85,180.8,175.7,178.7,43680,857220
2026-03-04 12:46:00+05:30,179.2,181.1,178.35,181.1,39520,857220
2026-03-04 12:47:00+05:30,181.1,183.1,179.35,179.6,47970,850070
2026-03-04 12:48:00+05:30,179.75,182.75,178.6,181.2,32240,850070
2026-03-04 12:49:00+05:30,181.85,182.7,176.0,176.2,34580,850070
2026-03-04 12:50:00+05:30,176.4,179.75,176.4,179.45,19045,844480
2026-03-04 12:51:00+05:30,179.5,181.5,178.45,179.55,23465,844480
2026-03-04 12:52:00+05:30,179.75,180.3,178.3,178.9,10400,844480
2026-03-04 12:53:00+05:30,179.1,180.9,178.45,180.0,13130,854555
2026-03-04 12:54:00+05:30,180.1,183.85,180.05,182.1,42900,854555
2026-03-04 12:55:00+05:30,181.9,188.1,181.65,188.05,48750,854555
2026-03-04 12:56:00+05:30,188.35,192.85,187.45,190.55,142610,846040
2026-03-04 12:57:00+05:30,190.95,194.6,189.5,193.2,102375,846040
2026-03-04 12:58:00+05:30,193.35,196.0,192.1,192.7,83915,846040
2026-03-04 12:59:00+05:30,192.45,196.6,191.0,192.45,54860,854945
2026-03-04 13:00:00+05:30,192.55,198.15,192.25,195.05,115115,854945
2026-03-04 13:01:00+05:30,195.4,198.0,191.4,193.5,56225,854945
2026-03-04 13:02:00+05:30,193.55,196.5,190.0,195.25,63245,866775
2026-03-04 13:03:00+05:30,195.65,196.1,192.55,196.1,31135,866775
2026-03-04 13:04:00+05:30,195.65,196.05,190.0,193.95,35100,866775
2026-03-04 13:05:00+05:30,193.85,196.75,192.25,193.6,51220,855270
2026-03-04 13:06:00+05:30,194.4,194.4,190.5,192.0,138515,855270
2026-03-04 13:07:00+05:30,192.7,198.5,192.7,198.0,150995,855270
2026-03-04 13:08:00+05:30,198.25,201.15,197.3,199.9,119340,842595
2026-03-04 13:09:00+05:30,200.0,204.5,199.0,204.4,84760,842595
2026-03-04 13:10:00+05:30,204.5,205.85,196.95,200.4,117130,842595
2026-03-04 13:11:00+05:30,200.4,209.1,198.1,207.05,104065,832195
2026-03-04 13:12:00+05:30,206.75,210.0,203.2,208.6,114075,832195
2026-03-04 13:13:00+05:30,209.0,213.5,206.3,210.25,115895,832195
2026-03-04 13:14:00+05:30,210.55,217.75,208.0,217.55,91195,814255
2026-03-04 13:15:00+05:30,217.75,218.7,208.95,216.0,130195,814255
2026-03-04 13:16:00+05:30,216.1,219.6,211.4,212.0,93405,814255
2026-03-04 13:17:00+05:30,211.95,213.4,207.25,208.3,101010,805090
2026-03-04 13:18:00+05:30,208.05,210.25,204.75,209.5,68445,805090
2026-03-04 13:19:00+05:30,209.75,211.0,207.0,208.2,38415,805090
2026-03-04 13:20:00+05:30,208.05,208.45,202.4,206.25,59475,780000
2026-03-04 13:21:00+05:30,206.3,215.0,204.8,212.25,81185,780000
2026-03-04 13:22:00+05:30,212.7,214.35,210.25,210.65,39390,780000
2026-03-04 13:23:00+05:30,211.05,218.55,209.3,217.1,75725,782795
2026-03-04 13:24:00+05:30,217.25,219.05,215.6,217.35,64155,782795
2026-03-04 13:25:00+05:30,217.45,222.9,215.5,218.0,95550,782795
2026-03-04 13:26:00+05:30,217.6,228.45,217.15,227.55,164450,806845
2026-03-04 13:27:00+05:30,228.05,228.2,221.1,223.9,128245,806845
2026-03-04 13:28:00+05:30,224.75,228.0,216.15,218.55,116545,806845
2026-03-04 13:29:00+05:30,218.4,219.75,210.55,211.25,123630,796640
2026-03-04 13:30:00+05:30,211.0,216.75,210.55,216.0,45305,796640
2026-03-04 13:31:00+05:30,216.1,221.85,214.55,221.25,154635,796640
2026-03-04 13:32:00+05:30,220.3,222.9,213.4,213.55,164710,807885
2026-03-04 13:33:00+05:30,213.45,216.25,211.0,211.55,41795,807885
2026-03-04 13:34:00+05:30,211.45,211.45,204.0,205.8,90870,807885
2026-03-04 13:35:00+05:30,205.1,206.4,201.6,204.5,78130,822185
2026-03-04 13:36:00+05:30,205.05,211.8,204.7,207.85,51480,822185
2026-03-04 13:37:00+05:30,208.05,208.05,202.85,205.1,34580,822185
2026-03-04 13:38:00+05:30,204.9,208.7,200.9,208.15,59020,844545
2026-03-04 13:39:00+05:30,208.8,215.45,206.75,214.75,52000,844545
2026-03-04 13:40:00+05:30,214.35,217.85,213.95,215.4,74425,844545
2026-03-04 13:41:00+05:30,215.1,216.15,209.5,214.8,52975,859625
2026-03-04 13:42:00+05:30,215.25,215.95,208.95,210.2,43095,859625
2026-03-04 13:43:00+05:30,210.7,213.9,210.1,212.35,28535,859625
2026-03-04 13:44:00+05:30,213.5,219.35,213.15,218.85,44850,865020
2026-03-04 13:45:00+05:30,219.3,219.7,213.1,213.9,63115,865020
2026-03-04 13:46:00+05:30,213.7,214.35,205.6,206.1,80925,865020
2026-03-04 13:47:00+05:30,205.7,210.45,204.6,206.05,45890,879970
2026-03-04 13:48:00+05:30,205.2,211.2,204.85,207.8,32955,879970
2026-03-04 13:49:00+05:30,208.0,212.1,206.2,206.65,33150,894140
2026-03-04 13:50:00+05:30,206.6,210.0,204.35,206.4,41275,894140
2026-03-04 13:51:00+05:30,206.8,207.4,201.05,202.2,53040,894140
2026-03-04 13:52:00+05:30,201.95,202.6,200.35,202.35,49790,894140
2026-03-04 13:53:00+05:30,202.2,204.5,200.85,201.45,60450,893555
2026-03-04 13:54:00+05:30,201.35,205.1,198.6,200.35,93990,893555
2026-03-04 13:55:00+05:30,200.0,202.15,198.0,200.75,145730,893555
2026-03-04 13:56:00+05:30,200.75,201.25,195.0,196.2,62660,909025
2026-03-04 13:57:00+05:30,196.2,198.55,195.75,198.25,33410,909025
2026-03-04 13:58:00+05:30,198.0,204.7,196.6,204.7,60840,909025
2026-03-04 13:59:00+05:30,204.95,206.0,200.55,202.4,37700,914290
2026-03-04 14:00:00+05:30,202.35,205.55,202.0,203.05,59930,914290
2026-03-04 14:01:00+05:30,202.8,210.6,202.8,208.2,79105,914290
2026-03-04 14:02:00+05:30,208.5,209.95,206.15,208.95,36010,931125
2026-03-04 14:03:00+05:30,209.5,210.8,206.0,208.25,32825,931125
2026-03-04 14:04:00+05:30,209.05,211.8,207.55,209.0,45565,931125
2026-03-04 14:05:00+05:30,208.8,209.5,204.75,206.35,59735,946530
2026-03-04 14:06:00+05:30,206.15,211.25,204.75,211.05,109005,946530
2026-03-04 14:07:00+05:30,211.2,221.9,210.6,220.75,115180,946530
2026-03-04 14:08:00+05:30,220.35,225.2,217.5,223.15,144625,993525
2026-03-04 14:09:00+05:30,223.45,234.0,222.7,232.65,191815,993525
2026-03-04 14:10:00+05:30,232.85,237.45,227.6,237.0,259285,993525
2026-03-04 14:11:00+05:30,236.85,242.8,235.0,241.5,290290,942240
2026-03-04 14:12:00+05:30,241.4,250.0,239.55,247.9,246285,942240
2026-03-04 14:13:00+05:30,247.1,260.9,247.1,259.55,259675,942240
2026-03-04 14:14:00+05:30,259.3,267.15,255.95,266.85,283270,910260
2026-03-04 14:15:00+05:30,266.65,273.6,256.75,267.85,308945,910260
2026-03-04 14:16:00+05:30,267.3,270.0,260.95,268.05,135915,910260
2026-03-04 14:17:00+05:30,268.1,275.65,264.3,275.65,170690,897780
2026-03-04 14:18:00+05:30,275.3,280.3,273.2,276.15,244270,897780
2026-03-04 14:19:00+05:30,276.15,283.75,274.4,280.0,202995,897780
2026-03-04 14:20:00+05:30,280.05,280.45,271.45,277.4,179205,905255
2026-03-04 14:21:00+05:30,278.0,279.7,270.0,271.4,130715,905255
2026-03-04 14:22:00+05:30,271.8,275.0,267.55,268.0,166595,905255
2026-03-04 14:23:00+05:30,267.85,270.0,262.0,265.05,123630,868530
2026-03-04 14:24:00+05:30,264.9,267.85,257.25,258.7,103805,868530
2026-03-04 14:25:00+05:30,258.5,262.7,249.7,251.85,127140,868530
2026-03-04 14:26:00+05:30,251.8,255.4,245.3,245.95,81315,848445
2026-03-04 14:27:00+05:30,246.1,257.0,246.1,254.75,184600,848445
2026-03-04 14:28:00+05:30,253.95,261.9,253.95,256.1,220415,848445
2026-03-04 14:29:00+05:30,256.2,258.7,246.5,246.55,87295,879450
2026-03-04 14:30:00+05:30,246.4,249.95,238.0,238.1,101725,879450
2026-03-04 14:31:00+05:30,238.55,247.2,238.2,245.4,86450,879450
2026-03-04 14:32:00+05:30,244.5,256.8,244.5,254.2,103935,865345
2026-03-04 14:33:00+05:30,254.5,268.6,254.5,266.1,195975,865345
2026-03-04 14:34:00+05:30,266.55,268.6,255.2,256.4,124865,865345
2026-03-04 14:35:00+05:30,256.9,261.75,250.0,256.25,91325,915005
2026-03-04 14:36:00+05:30,256.65,258.85,251.6,255.0,50115,915005
2026-03-04 14:37:00+05:30,254.85,254.85,247.0,251.7,59995,915005
2026-03-04 14:38:00+05:30,251.7,255.65,250.6,255.05,43680,916305
2026-03-04 14:39:00+05:30,256.0,262.75,255.75,261.3,90480,916305
2026-03-04 14:40:00+05:30,260.75,266.9,259.5,262.75,100685,916305
2026-03-04 14:41:00+05:30,262.2,274.45,262.2,274.35,128895,957320
2026-03-04 14:42:00+05:30,274.3,279.0,272.2,279.0,174460,957320
2026-03-04 14:43:00+05:30,278.55,292.45,278.35,288.9,287300,957320
2026-03-04 14:44:00+05:30,288.65,295.0,284.1,289.3,251485,943930
2026-03-04 14:45:00+05:30,290.05,294.15,280.0,287.55,221390,943930
2026-03-04 14:46:00+05:30,287.65,290.25,274.15,275.95,150540,943930
2026-03-04 14:47:00+05:30,275.9,287.9,273.45,287.05,209820,942760
2026-03-04 14:48:00+05:30,287.0,300.95,287.0,298.4,249990,942760
2026-03-04 14:49:00+05:30,299.5,302.85,286.55,291.45,241670,942760
2026-03-04 14:50:00+05:30,291.45,292.2,283.25,286.35,120380,938600
2026-03-04 14:51:00+05:30,286.95,293.55,285.0,288.65,91195,938600
2026-03-04 14:52:00+05:30,288.9,298.5,285.8,297.2,263055,938600
2026-03-04 14:53:00+05:30,296.7,297.65,289.2,295.2,117260,933985
2026-03-04 14:54:00+05:30,295.4,298.75,292.2,293.15,100620,933985
2026-03-04 14:55:00+05:30,293.35,301.1,290.0,298.4,107185,933985
2026-03-04 14:56:00+05:30,298.35,305.0,296.15,298.15,199615,932100
2026-03-04 14:57:00+05:30,297.2,300.95,290.1,295.7,130715,932100
2026-03-04 14:58:00+05:30,295.75,296.75,288.0,290.0,121875,932100
2026-03-04 14:59:00+05:30,289.8,294.8,286.75,291.3,106860,911560
2026-03-04 15:00:00+05:30,291.55,293.4,263.05,263.35,387530,911560
2026-03-04 15:01:00+05:30,263.35,267.3,256.1,265.65,307710,911560
2026-03-04 15:02:00+05:30,265.75,268.9,253.1,254.1,113425,910195
2026-03-04 15:03:00+05:30,253.9,258.2,250.55,253.7,114920,910195
2026-03-04 15:04:00+05:30,254.3,256.75,248.9,251.1,85735,910195
2026-03-04 15:05:00+05:30,250.3,256.65,246.5,246.5,136630,963300
2026-03-04 15:06:00+05:30,246.15,249.0,239.35,240.9,120900,963300
2026-03-04 15:07:00+05:30,241.25,242.0,231.55,231.55,126360,963300
2026-03-04 15:08:00+05:30,231.55,236.3,224.1,231.75,119275,952185
2026-03-04 15:09:00+05:30,231.0,236.75,225.3,225.65,91975,952185
2026-03-04 15:10:00+05:30,225.0,228.7,220.9,221.6,102310,952185
2026-03-04 15:11:00+05:30,221.6,224.0,215.3,220.85,93990,943865
2026-03-04 15:12:00+05:30,220.85,226.0,218.3,222.05,91390,943865
2026-03-04 15:13:00+05:30,221.7,225.6,220.0,221.9,49400,943865
2026-03-04 15:14:00+05:30,223.0,223.25,220.45,221.25,35425,934765
2026-03-04 15:15:00+05:30,221.3,225.1,212.55,218.6,142805,934765
2026-03-04 15:16:00+05:30,218.85,222.6,216.8,222.1,80730,934765
2026-03-04 15:17:00+05:30,222.65,223.25,218.9,222.0,99125,896220
2026-03-04 15:18:00+05:30,221.9,222.3,216.35,219.2,59345,896220
2026-03-04 15:19:00+05:30,218.8,221.8,216.6,220.45,80340,896220
2026-03-04 15:20:00+05:30,220.5,221.5,217.7,220.6,48295,880230
2026-03-04 15:21:00+05:30,220.9,223.8,218.5,220.0,89700,880230
2026-03-04 15:22:00+05:30,220.35,221.2,215.15,217.45,94250,880230
2026-03-04 15:23:00+05:30,217.45,223.0,217.05,221.7,38090,829205
2026-03-04 15:24:00+05:30,221.7,222.5,219.45,221.15,59605,829205
2026-03-04 15:25:00+05:30,221.4,221.5,216.45,216.45,69355,829205
2026-03-04 15:26:00+05:30,216.45,217.65,212.15,212.15,74360,791245
2026-03-04 15:27:00+05:30,212.3,215.05,210.25,214.6,52585,791245
2026-03-04 15:28:00+05:30,214.8,216.85,214.5,215.2,53690,791245
2026-03-04 15:29:00+05:30,215.55,218.4,214.1,217.85,138190,725855
2026-03-05 09:15:00+05:30,265.05,275.2,206.7,223.85,849485,843115
2026-03-05 09:16:00+05:30,221.85,241.45,221.85,236.9,905840,843115
2026-03-05 09:17:00+05:30,235.0,241.15,227.9,241.15,1050400,843115
2026-03-05 09:18:00+05:30,238.6,240.2,219.3,225.55,1107665,1794000
2026-03-05 09:19:00+05:30,221.3,223.0,209.5,217.35,820950,1794000
2026-03-05 09:20:00+05:30,217.9,217.9,203.45,210.0,675610,1794000
2026-03-05 09:21:00+05:30,208.35,215.0,200.25,207.05,572780,2156310
2026-03-05 09:22:00+05:30,209.3,218.95,206.4,215.7,520065,2156310
2026-03-05 09:23:00+05:30,216.5,217.95,210.05,216.55,409565,2156310
2026-03-05 09:24:00+05:30,217.05,220.0,212.7,217.95,250185,2307760
2026-03-05 09:25:00+05:30,218.7,218.9,211.8,218.4,272870,2307760
2026-03-05 09:26:00+05:30,217.15,217.15,205.85,206.8,465790,2307760
2026-03-05 09:27:00+05:30,206.8,206.8,195.05,196.0,549575,2412865
2026-03-05 09:28:00+05:30,193.2,203.15,192.4,200.3,479310,2412865
2026-03-05 09:29:00+05:30,200.3,201.7,197.6,201.15,169650,2412865
2026-03-05 09:30:00+05:30,201.95,204.05,195.8,195.8,245310,2465060
2026-03-05 09:31:00+05:30,194.85,196.8,186.75,190.85,321295,2465060
2026-03-05 09:32:00+05:30,191.35,202.1,190.6,200.5,334230,2465060
2026-03-05 09:33:00+05:30,200.6,201.95,196.6,197.55,164515,2469480
2026-03-05 09:34:00+05:30,198.0,199.8,192.2,194.05,192855,2469480
2026-03-05 09:35:00+05:30,193.9,195.15,188.85,193.6,252980,2469480
2026-03-05 09:36:00+05:30,193.4,195.9,190.3,193.45,138190,2470520
2026-03-05 09:37:00+05:30,193.0,193.0,181.75,182.5,306345,2470520
2026-03-05 09:38:00+05:30,186.25,187.7,180.1,185.05,215670,2470520
2026-03-05 09:39:00+05:30,185.05,186.0,180.95,181.6,154505,2419040
2026-03-05 09:40:00+05:30,180.4,185.0,180.0,182.9,139165,2419040
2026-03-05 09:41:00+05:30,183.65,198.95,182.95,198.95,269945,2419040
2026-03-05 09:42:00+05:30,196.25,206.2,196.0,199.2,507260,2412150
2026-03-05 09:43:00+05:30,200.4,207.95,200.4,203.6,305045,2412150
2026-03-05 09:44:00+05:30,204.55,211.65,204.55,211.65,361400,2412150
2026-03-05 09:45:00+05:30,211.55,216.9,210.4,210.7,535535,2412150
2026-03-05 09:46:00+05:30,210.4,213.8,202.4,212.55,359905,2412150
2026-03-05 09:47:00+05:30,214.0,219.3,213.6,218.4,439205,2412150
2026-03-05 09:48:00+05:30,219.25,223.1,216.2,223.1,467415,2507115
2026-03-05 09:49:00+05:30,224.0,224.5,216.0,216.0,597090,2507115
2026-03-05 09:50:00+05:30,216.9,224.4,216.9,223.55,380055,2507115
2026-03-05 09:51:00+05:30,222.7,229.45,222.1,226.8,599885,2462200
2026-03-05 09:52:00+05:30,227.4,229.65,222.0,229.1,515190,2462200
2026-03-05 09:53:00+05:30,228.9,235.0,228.9,232.6,571350,2462200
2026-03-05 09:54:00+05:30,231.65,237.65,230.7,236.6,481390,2390115
2026-03-05 09:55:00+05:30,236.1,242.25,232.55,236.55,732810,2390115
2026-03-05 09:56:00+05:30,234.6,235.0,229.0,230.25,464230,2390115
2026-03-05 09:57:00+05:30,230.4,232.05,224.95,230.45,352495,2448160
2026-03-05 09:58:00+05:30,229.55,230.75,225.9,226.7,252850,2448160
2026-03-05 09:59:00+05:30,226.25,229.2,222.5,223.6,250900,2448160
2026-03-05 10:00:00+05:30,222.9,230.85,222.9,229.5,337415,2584595
2026-03-05 10:01:00+05:30,229.4,236.55,229.0,230.15,475020,2584595
2026-03-05 10:02:00+05:30,231.85,231.85,219.75,220.8,468260,2584595
2026-03-05 10:03:00+05:30,223.4,225.05,220.4,220.4,156975,2641600
2026-03-05 10:04:00+05:30,220.8,224.3,218.0,220.0,211900,2641600
2026-03-05 10:05:00+05:30,219.15,230.45,218.45,230.45,386230,2641600
2026-03-05 10:06:00+05:30,229.85,235.55,228.35,235.55,332930,2687425
2026-03-05 10:07:00+05:30,234.65,238.2,229.7,231.8,435955,2687425
2026-03-05 10:08:00+05:30,232.95,233.2,222.7,222.95,261300,2687425
2026-03-05 10:09:00+05:30,225.0,228.75,223.65,226.95,206050,2743715
2026-03-05 10:10:00+05:30,226.9,227.75,223.25,223.4,164970,2743715
2026-03-05 10:11:00+05:30,222.0,222.0,214.85,216.05,407095,2743715
2026-03-05 10:12:00+05:30,215.6,218.45,212.85,215.5,237380,2675660
2026-03-05 10:13:00+05:30,215.55,215.75,210.6,211.7,291720,2675660
2026-03-05 10:14:00+05:30,211.4,213.95,204.95,206.2,296725,2675660
2026-03-05 10:15:00+05:30,205.95,212.4,205.55,211.0,282165,2708745
2026-03-05 10:16:00+05:30,211.6,212.8,207.9,211.6,224055,2708745
2026-03-05 10:17:00+05:30,211.95,211.95,207.8,211.55,153790,2708745
2026-03-05 10:18:00+05:30,212.0,212.45,206.3,208.9,123240,2708745
2026-03-05 10:19:00+05:30,209.2,209.25,201.4,201.4,286000,2824055
2026-03-05 10:20:00+05:30,202.05,205.0,200.5,205.0,252395,2824055
2026-03-05 10:21:00+05:30,204.55,207.1,201.85,202.1,118365,2824055
2026-03-05 10:22:00+05:30,200.45,201.85,197.6,197.7,234650,2768350
2026-03-05 10:23:00+05:30,197.3,200.2,196.0,197.35,168415,2768350
2026-03-05 10:24:00+05:30,197.8,201.25,195.9,199.65,145015,2768350
2026-03-05 10:25:00+05:30,198.7,201.3,192.15,192.15,215345,2742350
2026-03-05 10:26:00+05:30,192.0,193.05,185.4,186.65,449930,2742350
2026-03-05 10:27:00+05:30,185.85,187.65,182.5,184.15,285025,2742350
2026-03-05 10:28:00+05:30,183.55,185.65,181.3,181.9,266370,2701140
2026-03-05 10:29:00+05:30,182.8,190.95,182.8,190.3,492635,2701140
2026-03-05 10:30:00+05:30,190.45,190.9,188.45,188.45,231855,2701140
2026-03-05 10:31:00+05:30,189.25,195.7,188.5,194.65,152880,2777060
2026-03-05 10:32:00+05:30,194.2,195.4,190.25,190.4,194480,2777060
2026-03-05 10:33:00+05:30,190.4,190.65,187.35,190.65,119405,2777060
2026-03-05 10:34:00+05:30,190.6,191.4,188.35,190.15,80535,2809430
2026-03-05 10:35:00+05:30,190.75,202.05,190.75,201.6,289835,2809430
2026-03-05 10:36:00+05:30,201.45,205.7,198.7,202.7,381485,2809430
2026-03-05 10:37:00+05:30,203.85,210.65,203.4,210.65,301795,2863055
2026-03-05 10:38:00+05:30,209.85,211.7,208.45,211.6,376025,2863055
2026-03-05 10:39:00+05:30,212.2,215.4,209.4,214.5,388960,2863055
2026-03-05 10:40:00+05:30,216.05,218.9,214.65,215.85,488540,2881970
2026-03-05 10:41:00+05:30,215.0,221.55,214.35,219.8,430430,2881970
2026-03-05 10:42:00+05:30,219.85,226.5,219.85,226.0,438685,2881970
2026-03-05 10:43:00+05:30,225.45,234.0,224.05,229.85,541255,2758795
2026-03-05 10:44:00+05:30,228.75,236.95,227.25,234.25,622570,2758795
2026-03-05 10:45:00+05:30,234.75,239.35,227.0,239.35,717860,2758795
2026-03-05 10:46:00+05:30,238.8,239.8,235.1,236.9,636610,2569710
2026-03-05 10:47:00+05:30,237.45,237.45,231.6,234.1,331045,2569710
2026-03-05 10:48:00+05:30,235.4,239.35,234.7,238.8,271505,2569710
2026-03-05 10:49:00+05:30,238.35,238.35,225.7,226.6,434915,2532270
2026-03-05 10:50:00+05:30,226.2,230.85,222.65,228.1,366275,2532270
2026-03-05 10:51:00+05:30,227.5,228.8,219.1,220.15,291720,2532270
2026-03-05 10:52:00+05:30,221.65,226.15,220.15,225.25,258765,2430805
2026-03-05 10:53:00+05:30,225.35,228.6,225.1,228.6,176865,2430805
2026-03-05 10:54:00+05:30,228.2,232.3,226.3,232.3,196690,2430805
2026-03-05 10:55:00+05:30,232.45,246.2,231.75,239.3,923910,2569125
2026-03-05 10:56:00+05:30,238.6,248.4,237.7,245.55,755040,2569125
2026-03-05 10:57:00+05:30,245.3,249.45,238.8,241.9,497445,2569125
2026-03-05 10:58:00+05:30,241.3,242.25,230.15,240.4,423345,2751255
2026-03-05 10:59:00+05:30,241.1,243.45,237.6,242.35,309335,2751255
2026-03-05 11:00:00+05:30,242.05,244.0,239.0,240.8,301405,2751255
2026-03-05 11:01:00+05:30,240.65,243.05,232.1,232.1,400530,2794610
2026-03-05 11:02:00+05:30,228.5,238.15,228.5,233.65,400400,2794610
2026-03-05 11:03:00+05:30,234.5,237.05,229.35,230.75,248170,2794610
2026-03-05 11:04:00+05:30,231.55,232.75,224.9,232.75,391170,2646475
2026-03-05 11:05:00+05:30,232.6,235.75,229.35,230.35,272610,2646475
2026-03-05 11:06:00+05:30,232.4,233.25,230.7,233.25,154830,2646475
2026-03-05 11:07:00+05:30,234.5,243.45,234.5,235.0,527930,2718950
2026-03-05 11:08:00+05:30,234.0,239.2,232.45,235.2,234325,2718950
2026-03-05 11:09:00+05:30,235.4,237.0,232.05,232.05,157690,2718950
2026-03-05 11:10:00+05:30,234.1,235.6,231.2,234.2,188370,2755090
2026-03-05 11:11:00+05:30,233.75,235.2,228.45,229.75,271310,2755090
2026-03-05 11:12:00+05:30,231.75,233.15,229.1,230.95,123630,2755090
2026-03-05 11:13:00+05:30,231.15,234.05,229.5,231.2,169520,2744820
2026-03-05 11:14:00+05:30,232.55,233.1,226.25,226.25,138190,2744820
2026-03-05 11:15:00+05:30,225.3,229.0,222.95,224.85,313690,2744820
2026-03-05 11:16:00+05:30,224.8,228.95,224.7,228.3,158665,2744560
2026-03-05 11:17:00+05:30,228.55,236.0,228.55,234.6,305175,2744560
2026-03-05 11:18:00+05:30,237.0,239.95,235.4,236.0,295035,2744560
2026-03-05 11:19:00+05:30,236.15,239.95,234.6,237.0,194480,2765035
2026-03-05 11:20:00+05:30,237.1,237.2,231.95,233.1,150345,2765035
2026-03-05 11:21:00+05:30,233.0,233.4,223.9,226.15,302315,2765035
2026-03-05 11:22:00+05:30,225.95,226.5,221.2,222.1,258505,2758535
2026-03-05 11:23:00+05:30,222.4,222.7,218.3,220.85,283855,2758535
2026-03-05 11:24:00+05:30,222.0,223.65,220.2,221.2,135070,2758535
2026-03-05 11:25:00+05:30,221.3,223.8,218.0,223.8,170300,2773355
2026-03-05 11:26:00+05:30,223.6,225.55,216.75,218.85,259090,2773355
2026-03-05 11:27:00+05:30,219.0,219.0,213.55,216.95,255060,2773355
2026-03-05 11:28:00+05:30,216.35,216.7,204.3,205.45,433485,2770235
2026-03-05 11:29:00+05:30,204.25,209.7,202.25,206.75,272220,2770235
2026-03-05 11:30:00+05:30,205.0,211.5,205.0,207.75,236860,2770235
2026-03-05 11:31:00+05:30,209.0,211.95,206.3,207.75,174265,2826525
2026-03-05 11:32:00+05:30,208.15,208.15,204.75,206.85,152880,2826525
2026-03-05 11:33:00+05:30,207.25,216.5,207.25,216.5,266175,2826525
2026-03-05 11:34:00+05:30,216.75,219.9,209.95,212.1,491660,2904460
2026-03-05 11:35:00+05:30,211.2,211.2,202.15,205.05,267930,2904460
2026-03-05 11:36:00+05:30,205.95,205.95,195.95,195.95,327600,2904460
2026-03-05 11:37:00+05:30,196.9,200.15,195.35,196.95,287300,2872740
2026-03-05 11:38:00+05:30,197.7,200.3,197.0,199.8,153855,2872740
2026-03-05 11:39:00+05:30,200.3,203.5,198.8,203.5,187980,2872740
2026-03-05 11:40:00+05:30,203.3,203.75,198.85,199.9,332475,2986230
2026-03-05 11:41:00+05:30,199.55,203.65,198.0,203.35,132015,2986230
2026-03-05 11:42:00+05:30,203.1,204.65,200.6,201.75,195130,2986230
2026-03-05 11:43:00+05:30,202.35,202.35,197.05,200.0,198705,2971995
2026-03-05 11:44:00+05:30,200.25,200.45,195.8,195.8,176475,2971995
2026-03-05 11:45:00+05:30,195.15,197.3,194.05,195.0,257140,2971995
2026-03-05 11:46:00+05:30,196.1,196.85,194.3,196.0,97825,2996825
2026-03-05 11:47:00+05:30,196.0,198.15,194.65,194.65,122200,2996825
2026-03-05 11:48:00+05:30,195.35,195.35,189.2,190.9,329875,2996825
2026-03-05 11:49:00+05:30,189.6,190.3,188.0,188.95,149305,2929485
2026-03-05 11:50:00+05:30,186.6,189.55,186.1,186.8,273455,2929485
2026-03-05 11:51:00+05:30,186.15,187.5,185.0,186.0,203385,2929485
2026-03-05 11:52:00+05:30,186.8,188.7,185.65,188.05,152685,3032640
2026-03-05 11:53:00+05:30,188.5,189.15,186.7,187.15,215345,3032640
2026-03-05 11:54:00+05:30,186.6,198.95,186.0,198.05,277160,3032640
2026-03-05 11:55:00+05:30,196.9,199.8,196.0,197.3,333840,3193775
2026-03-05 11:56:00+05:30,196.95,196.95,189.3,189.3,250575,3193775
2026-03-05 11:57:00+05:30,188.55,188.55,181.9,185.55,238030,3193775
2026-03-05 11:58:00+05:30,185.7,191.4,185.65,188.95,146575,3233945
2026-03-05 11:59:00+05:30,189.55,192.95,189.05,190.75,134160,3233945
2026-03-05 12:00:00+05:30,190.3,192.8,190.2,192.35,96590,3233945
2026-03-05 12:01:00+05:30,192.4,196.35,192.25,194.2,162825,3268720
2026-03-05 12:02:00+05:30,194.2,194.65,191.15,192.0,80730,3268720
2026-03-05 12:03:00+05:30,192.15,193.95,188.85,193.5,88920,3268720
2026-03-05 12:04:00+05:30,193.4,194.75,190.7,192.5,88855,3287895
2026-03-05 12:05:00+05:30,193.15,194.8,191.35,191.35,129025,3287895
2026-03-05 12:06:00+05:30,191.5,194.3,190.15,192.35,87620,3287895
2026-03-05 12:07:00+05:30,191.75,193.5,189.35,189.35,78650,3271645
2026-03-05 12:08:00+05:30,188.8,193.55,188.4,191.75,214760,3271645
2026-03-05 12:09:00+05:30,191.3,195.2,190.2,195.1,128245,3271645
2026-03-05 12:10:00+05:30,195.1,198.85,194.6,198.05,170690,3208140
2026-03-05 12:11:00+05:30,198.75,205.6,197.85,203.75,351520,3208140
2026-03-05 12:12:00+05:30,205.25,206.45,201.9,205.2,324285,3208140
2026-03-05 12:13:00+05:30,205.55,205.55,199.65,199.65,189670,3260920
2026-03-05 12:14:00+05:30,199.6,208.05,199.6,208.05,210275,3260920
2026-03-05 12:15:00+05:30,206.7,206.7,200.85,201.0,199030,3260920
2026-03-05 12:16:00+05:30,201.55,205.0,196.05,196.05,198185,3283670
2026-03-05 12:17:00+05:30,196.1,199.2,195.8,197.35,109005,3283670
2026-03-05 12:18:00+05:30,198.7,204.25,198.0,203.0,156845,3283670
2026-03-05 12:19:00+05:30,203.25,204.95,201.55,202.35,152880,3309865
2026-03-05 12:20:00+05:30,202.25,211.6,201.95,210.95,484380,3309865
2026-03-05 12:21:00+05:30,211.15,218.0,210.5,214.85,519155,3309865
2026-03-05 12:22:00+05:30,215.05,218.7,213.0,215.9,369655,3276715
2026-03-05 12:23:00+05:30,216.6,218.0,214.95,217.0,236990,3276715
2026-03-05 12:24:00+05:30,216.0,216.55,208.25,209.55,302705,3276715
2026-03-05 12:25:00+05:30,209.75,210.25,206.2,210.25,209300,3170245
2026-03-05 12:26:00+05:30,210.55,215.5,210.55,213.7,240435,3170245
2026-03-05 12:27:00+05:30,213.1,217.0,213.1,215.0,241410,3170245
2026-03-05 12:28:00+05:30,215.05,222.75,215.05,222.75,433550,3237260
2026-03-05 12:29:00+05:30,224.95,224.95,222.0,223.1,665535,3237260
2026-03-05 12:30:00+05:30,225.05,228.0,224.45,227.1,486135,3237260
2026-03-05 12:31:00+05:30,227.2,228.75,224.05,224.7,396435,2925065
2026-03-05 12:32:00+05:30,224.55,226.5,221.2,224.45,288795,2925065
2026-03-05 12:33:00+05:30,224.75,233.0,224.75,230.45,546650,2925065
2026-03-05 12:34:00+05:30,231.7,231.7,219.55,220.8,364260,2802410
2026-03-05 12:35:00+05:30,220.75,220.85,213.9,216.55,361140,2802410
2026-03-05 12:36:00+05:30,217.0,218.0,212.75,218.0,240435,2802410
2026-03-05 12:37:00+05:30,218.75,224.4,218.75,220.7,241930,2709395
2026-03-05 12:38:00+05:30,220.8,221.6,218.5,220.5,154830,2709395
2026-03-05 12:39:00+05:30,221.65,225.85,221.65,224.15,220675,2709395
2026-03-05 12:40:00+05:30,223.8,224.9,218.55,220.8,174850,2791880
2026-03-05 12:41:00+05:30,221.2,223.65,217.65,223.65,119925,2791880
2026-03-05 12:42:00+05:30,225.0,228.1,224.8,226.05,254410,2791880
2026-03-05 12:43:00+05:30,225.0,226.65,222.15,223.6,131755,2823925
2026-03-05 12:44:00+05:30,224.3,224.65,219.65,220.05,111800,2823925
2026-03-05 12:45:00+05:30,220.7,221.35,216.6,217.35,241995,2823925
2026-03-05 12:46:00+05:30,217.5,217.5,207.25,210.3,344695,2740205
2026-03-05 12:47:00+05:30,210.0,212.8,208.85,211.15,186810,2740205
2026-03-05 12:48:00+05:30,211.6,213.15,209.15,210.2,126295,2740205
2026-03-05 12:49:00+05:30,210.45,215.15,210.45,214.5,125255,2783300
2026-03-05 12:50:00+05:30,214.35,216.6,212.25,212.25,137020,2783300
2026-03-05 12:51:00+05:30,212.4,219.35,209.7,218.7,176735,2783300
2026-03-05 12:52:00+05:30,217.9,220.0,215.0,219.15,164645,2848170
2026-03-05 12:53:00+05:30,218.5,221.65,217.75,220.9,175435,2848170
2026-03-05 12:54:00+05:30,220.3,228.75,220.15,228.75,237900,2848170
2026-03-05 12:55:00+05:30,228.7,229.95,226.75,227.1,294905,2866565
2026-03-05 12:56:00+05:30,226.65,228.1,223.2,226.2,192920,2866565
2026-03-05 12:57:00+05:30,227.85,231.55,225.25,225.25,278395,2866565
2026-03-05 12:58:00+05:30,224.95,225.1,220.2,221.45,189670,2863900
2026-03-05 12:59:00+05:30,221.65,229.1,221.65,227.05,132535,2863900
2026-03-05 13:00:00+05:30,226.9,232.4,225.45,232.4,213200,2863900
2026-03-05 13:01:00+05:30,232.9,232.9,226.2,226.65,279110,2893475
2026-03-05 13:02:00+05:30,226.0,229.15,225.35,226.75,133835,2893475
2026-03-05 13:03:00+05:30,227.2,230.1,217.05,217.05,238615,2893475
2026-03-05 13:04:00+05:30,216.15,217.6,213.85,215.1,289640,2745600
2026-03-05 13:05:00+05:30,213.35,218.5,213.35,216.15,154245,2745600
2026-03-05 13:06:00+05:30,216.15,217.6,214.0,215.25,119795,2745600
2026-03-05 13:07:00+05:30,214.7,217.4,214.0,214.8,99320,2810600
2026-03-05 13:08:00+05:30,214.5,223.1,214.5,222.45,217880,2810600
2026-03-05 13:09:00+05:30,221.75,221.75,216.9,220.75,116675,2810600
2026-03-05 13:10:00+05:30,221.3,221.3,217.1,219.5,100490,2846935
2026-03-05 13:11:00+05:30,219.85,221.65,216.6,221.0,103350,2846935
2026-03-05 13:12:00+05:30,221.0,227.0,221.0,222.4,230360,2846935
2026-03-05 13:13:00+05:30,222.45,222.45,213.35,214.05,247520,2826980
2026-03-05 13:14:00+05:30,213.7,218.15,212.3,217.2,134485,2826980
2026-03-05 13:15:00+05:30,217.45,220.05,216.5,216.65,148330,2826980
2026-03-05 13:16:00+05:30,217.45,217.65,210.45,211.45,252720,2843425
2026-03-05 13:17:00+05:30,211.85,216.25,210.9,214.35,111475,2843425
2026-03-05 13:18:00+05:30,214.95,215.55,211.15,211.25,76635,2843425
2026-03-05 13:19:00+05:30,209.75,215.0,209.75,215.0,148135,2862405
2026-03-05 13:20:00+05:30,214.65,216.5,210.6,210.6,108160,2862405
2026-03-05 13:21:00+05:30,211.2,218.2,210.25,214.5,203775,2862405
2026-03-05 13:22:00+05:30,213.25,215.15,212.4,214.8,103740,2896985
2026-03-05 13:23:00+05:30,215.5,218.9,214.4,218.45,94055,2896985
2026-03-05 13:24:00+05:30,219.0,220.45,216.45,216.45,182845,2896985
2026-03-05 13:25:00+05:30,216.55,219.95,214.55,217.85,127725,2909400
2026-03-05 13:26:00+05:30,217.6,218.25,208.85,210.5,212550,2909400
2026-03-05 13:27:00+05:30,210.55,212.7,209.0,212.4,124345,2909400
2026-03-05 13:28:00+05:30,213.9,217.05,213.3,216.05,157755,2939885
2026-03-05 13:29:00+05:30,215.8,223.85,215.8,223.85,278330,2939885
2026-03-05 13:30:00+05:30,223.95,230.2,223.95,228.45,512265,2939885
2026-03-05 13:31:00+05:30,229.05,230.35,226.15,229.95,374855,3043755
2026-03-05 13:32:00+05:30,230.8,231.7,226.75,229.75,348270,3043755
2026-03-05 13:33:00+05:30,230.1,232.4,210.35,210.75,619905,3043755
2026-03-05 13:34:00+05:30,211.45,216.65,205.2,215.0,462475,2781610
2026-03-05 13:35:00+05:30,215.05,216.8,202.75,202.75,300430,2781610
2026-03-05 13:36:00+05:30,202.65,205.65,192.0,203.0,656175,2781610
2026-03-05 13:37:00+05:30,202.05,202.5,195.2,195.9,267670,2798055
2026-03-05 13:38:00+05:30,195.75,202.15,195.05,200.25,205010,2798055
2026-03-05 13:39:00+05:30,200.15,201.1,196.95,198.55,109070,2798055
2026-03-05 13:40:00+05:30,198.25,203.0,196.05,198.9,185770,2839265
2026-03-05 13:41:00+05:30,199.4,200.15,195.2,195.55,130130,2839265
2026-03-05 13:42:00+05:30,195.9,199.8,194.25,199.7,158730,2839265
2026-03-05 13:43:00+05:30,198.7,206.45,197.85,204.15,303355,2869100
2026-03-05 13:44:00+05:30,203.7,204.55,199.65,201.0,140010,2869100
2026-03-05 13:45:00+05:30,199.2,204.1,198.0,198.0,152945,2869100
2026-03-05 13:46:00+05:30,198.65,201.35,197.0,201.35,96525,2921945
2026-03-05 13:47:00+05:30,201.35,203.2,200.35,202.65,92105,2921945
2026-03-05 13:48:00+05:30,203.25,208.15,203.05,205.3,270400,2921945
2026-03-05 13:49:00+05:30,204.45,204.9,197.7,197.7,177450,2972580
2026-03-05 13:50:00+05:30,198.5,198.9,192.95,194.9,253240,2972580
2026-03-05 13:51:00+05:30,195.85,196.75,190.35,191.35,183170,2972580
2026-03-05 13:52:00+05:30,191.2,191.5,187.5,189.3,290030,2937025
2026-03-05 13:53:00+05:30,189.95,189.95,185.7,185.7,164060,2937025
2026-03-05 13:54:00+05:30,186.6,188.7,185.35,186.75,157040,2937025
2026-03-05 13:55:00+05:30,186.7,187.1,182.8,184.45,185185,2992795
2026-03-05 13:56:00+05:30,184.4,185.8,182.15,182.15,147160,2992795
2026-03-05 13:57:00+05:30,181.9,183.95,176.45,178.8,525980,2992795
2026-03-05 13:58:00+05:30,179.15,183.95,178.55,182.65,216905,3116555
2026-03-05 13:59:00+05:30,182.8,183.0,178.85,178.85,122135,3116555
2026-03-05 14:00:00+05:30,177.95,178.65,175.55,178.0,262405,3116555
2026-03-05 14:01:00+05:30,179.55,183.25,179.2,182.25,182845,3116555
2026-03-05 14:02:00+05:30,182.05,184.55,180.2,183.1,229255,3224715
2026-03-05 14:03:00+05:30,183.35,186.2,180.4,182.15,194285,3224715
2026-03-05 14:04:00+05:30,183.45,184.15,180.85,182.35,102570,3224715
2026-03-05 14:05:00+05:30,182.35,182.85,178.1,180.3,151970,3233620
2026-03-05 14:06:00+05:30,179.95,179.95,175.15,176.35,166010,3233620
2026-03-05 14:07:00+05:30,177.25,184.05,176.75,184.05,207610,3233620
2026-03-05 14:08:00+05:30,184.4,184.4,181.6,182.55,143195,3231995
2026-03-05 14:09:00+05:30,182.0,182.25,171.55,172.55,301665,3231995
2026-03-05 14:10:00+05:30,173.0,174.85,168.5,169.0,302185,3231995
2026-03-05 14:11:00+05:30,169.65,173.95,169.0,173.05,232570,3193970
2026-03-05 14:12:00+05:30,173.65,175.75,172.2,173.25,140855,3193970
2026-03-05 14:13:00+05:30,174.55,174.7,170.15,170.4,97305,3193970
2026-03-05 14:14:00+05:30,171.6,173.65,169.45,173.0,113230,3184870
2026-03-05 14:15:00+05:30,173.25,176.4,172.1,175.7,159510,3184870
2026-03-05 14:16:00+05:30,175.9,178.4,173.45,173.45,184210,3184870
2026-03-05 14:17:00+05:30,173.8,173.8,167.1,167.65,248950,3204630
2026-03-05 14:18:00+05:30,167.65,169.75,166.0,168.25,133055,3204630
2026-03-05 14:19:00+05:30,168.9,168.95,166.95,168.8,122655,3204630
2026-03-05 14:20:00+05:30,168.0,172.4,166.9,171.55,232895,3213795
2026-03-05 14:21:00+05:30,171.2,174.7,169.95,172.9,168285,3213795
2026-03-05 14:22:00+05:30,173.05,173.05,170.0,172.1,98800,3213795
2026-03-05 14:23:00+05:30,172.65,180.6,170.9,179.0,291785,3258710
2026-03-05 14:24:00+05:30,178.5,190.0,178.5,187.8,555165,3258710
2026-03-05 14:25:00+05:30,186.6,188.2,182.15,186.75,373815,3258710
2026-03-05 14:26:00+05:30,186.05,189.5,184.35,189.3,187980,3242915
2026-03-05 14:27:00+05:30,190.0,190.35,186.7,188.2,285870,3242915
2026-03-05 14:28:00+05:30,188.0,193.0,188.0,193.0,285805,3242915
2026-03-05 14:29:00+05:30,192.8,194.65,190.65,192.9,347620,3233880
2026-03-05 14:30:00+05:30,193.3,193.3,183.1,185.15,383760,3233880
2026-03-05 14:31:00+05:30,184.8,185.2,181.0,183.95,307320,3233880
2026-03-05 14:32:00+05:30,183.0,186.5,181.9,183.6,231855,3017625
2026-03-05 14:33:00+05:30,184.1,188.85,182.5,187.25,130780,3017625
2026-03-05 14:34:00+05:30,186.85,187.35,183.5,184.7,93990,3017625
2026-03-05 14:35:00+05:30,184.3,188.25,183.75,186.8,108160,2987335
2026-03-05 14:36:00+05:30,186.65,198.55,185.5,198.5,457535,2987335
2026-03-05 14:37:00+05:30,199.2,214.55,197.8,212.7,871130,2987335
2026-03-05 14:38:00+05:30,213.6,225.7,213.6,225.7,918840,2885025
2026-03-05 14:39:00+05:30,224.3,239.55,224.3,238.1,982800,2885025
2026-03-05 14:40:00+05:30,237.85,274.75,237.85,274.75,1607905,2885025
2026-03-05 14:41:00+05:30,279.75,297.95,263.95,284.0,1542710,2493530
2026-03-05 14:42:00+05:30,287.2,292.5,277.3,286.2,578370,2493530
2026-03-05 14:43:00+05:30,287.0,290.65,277.9,281.4,347945,2493530
2026-03-05 14:44:00+05:30,284.1,286.85,273.35,276.25,269555,1918605
2026-03-05 14:45:00+05:30,270.0,305.0,268.8,301.05,515060,1918605
2026-03-05 14:46:00+05:30,299.75,300.1,291.1,295.55,277485,1918605
2026-03-05 14:47:00+05:30,295.75,295.75,272.85,276.25,396370,1863030
2026-03-05 14:48:00+05:30,275.05,291.3,271.0,291.3,221910,1863030
2026-03-05 14:49:00+05:30,292.0,295.7,285.5,295.65,146445,1863030
2026-03-05 14:50:00+05:30,295.45,316.0,293.65,311.85,365820,1790425
2026-03-05 14:51:00+05:30,310.7,326.35,310.7,320.55,438360,1790425
2026-03-05 14:52:00+05:30,320.55,327.6,311.5,325.7,251485,1790425
2026-03-05 14:53:00+05:30,323.6,340.0,322.85,338.35,251030,1574560
2026-03-05 14:54:00+05:30,340.5,360.0,340.5,350.05,271310,1574560
2026-03-05 14:55:00+05:30,352.5,356.65,328.5,340.1,209300,1574560
2026-03-05 14:56:00+05:30,339.0,339.5,328.7,328.85,87815,1444040
2026-03-05 14:57:00+05:30,330.35,334.7,321.75,324.5,148135,1444040
2026-03-05 14:58:00+05:30,321.95,324.9,312.7,321.5,374530,1444040
2026-03-05 14:59:00+05:30,320.75,344.95,320.75,340.05,211055,1382030
2026-03-05 15:00:00+05:30,342.75,342.75,315.85,321.55,234455,1382030
2026-03-05 15:01:00+05:30,322.85,324.5,315.35,315.35,115505,1382030
2026-03-05 15:02:00+05:30,315.95,316.9,295.4,302.7,183170,1312675
2026-03-05 15:03:00+05:30,299.5,313.55,297.6,313.05,136630,1312675
2026-03-05 15:04:00+05:30,311.6,311.75,300.6,301.45,100230,1312675
2026-03-05 15:05:00+05:30,302.0,305.45,295.75,301.35,75855,1309165
2026-03-05 15:06:00+05:30,299.55,306.35,299.25,306.05,68575,1309165
2026-03-05 15:07:00+05:30,307.15,308.85,299.35,299.35,69225,1309165
2026-03-05 15:08:00+05:30,300.5,300.5,287.4,290.15,117520,1278420
2026-03-05 15:09:00+05:30,290.0,296.05,287.85,290.7,155675,1278420
2026-03-05 15:10:00+05:30,290.4,295.6,284.9,294.75,112385,1278420
2026-03-05 15:11:00+05:30,294.5,294.5,277.85,280.7,102830,1217190
2026-03-05 15:12:00+05:30,276.2,279.35,262.05,262.65,249405,1217190
2026-03-05 15:13:00+05:30,262.45,267.35,258.25,260.55,140595,1217190
2026-03-05 15:14:00+05:30,262.3,265.9,257.15,259.65,202410,1148160
2026-03-05 15:15:00+05:30,261.05,268.75,257.5,267.8,230100,1148160
2026-03-05 15:16:00+05:30,267.1,284.0,267.1,281.0,228735,1148160
2026-03-05 15:17:00+05:30,280.3,285.0,276.0,277.65,131365,1062165
2026-03-05 15:18:00+05:30,278.9,278.9,266.85,269.35,114270,1062165
2026-03-05 15:19:00+05:30,271.15,271.35,262.85,265.0,90805,1062165
2026-03-05 15:20:00+05:30,265.1,266.4,258.7,263.05,90675,996450
2026-03-05 15:21:00+05:30,261.5,268.35,260.25,261.55,84565,996450
2026-03-05 15:22:00+05:30,262.9,265.4,257.45,259.55,59475,996450
2026-03-05 15:23:00+05:30,259.4,261.0,253.7,257.65,63765,993005
2026-03-05 15:24:00+05:30,258.35,265.0,258.35,260.2,88530,993005
2026-03-05 15:25:00+05:30,260.6,262.75,258.85,262.15,72735,993005
2026-03-05 15:26:00+05:30,262.75,264.9,262.55,264.6,114465,954590
2026-03-05 15:27:00+05:30,265.0,268.0,264.75,267.25,73450,954590
2026-03-05 15:28:00+05:30,268.25,269.25,267.1,269.25,45370,954590
2026-03-05 15:29:00+05:30,269.1,271.55,267.7,269.45,84110,883350
2026-03-06 09:15:00+05:30,224.0,224.0,175.3,187.1,1768650,1281150
2026-03-06 09:16:00+05:30,183.95,208.1,183.5,208.1,1654445,1281150
2026-03-06 09:17:00+05:30,207.85,207.85,195.6,202.15,1266005,1281150
2026-03-06 09:18:00+05:30,198.8,198.8,189.5,192.8,1149785,2199210
2026-03-06 09:19:00+05:30,189.8,192.4,185.9,188.7,872105,2199210
2026-03-06 09:20:00+05:30,186.0,202.5,183.55,197.6,1428635,2199210
2026-03-06 09:21:00+05:30,199.55,206.65,197.9,202.6,1229995,2731170
2026-03-06 09:22:00+05:30,203.8,205.9,200.8,203.45,764075,2731170
2026-03-06 09:23:00+05:30,204.0,206.4,200.55,203.55,827580,2731170
2026-03-06 09:24:00+05:30,203.05,207.1,196.4,205.45,1091545,2979015
2026-03-06 09:25:00+05:30,204.2,222.45,202.65,221.1,2042885,2979015
2026-03-06 09:26:00+05:30,219.0,219.9,207.1,214.9,1194375,2979015
2026-03-06 09:27:00+05:30,213.65,219.4,209.45,219.05,822380,3153020
2026-03-06 09:28:00+05:30,219.3,228.0,218.2,222.8,1493895,3153020
2026-03-06 09:29:00+05:30,222.95,227.1,217.2,224.1,887770,3153020
2026-03-06 09:30:00+05:30,224.65,224.65,213.35,216.1,883610,3230240
2026-03-06 09:31:00+05:30,215.4,219.9,213.2,217.5,592215,3230240
2026-03-06 09:32:00+05:30,217.65,226.25,217.25,219.65,725595,3230240
2026-03-06 09:33:00+05:30,218.75,226.9,218.75,221.25,712985,3460600
2026-03-06 09:34:00+05:30,221.5,223.65,213.15,213.85,788580,3460600
2026-03-06 09:35:00+05:30,213.05,220.8,207.95,217.7,1091155,3460600
2026-03-06 09:36:00+05:30,217.75,218.75,215.15,217.95,394810,3656250
2026-03-06 09:37:00+05:30,218.4,233.7,218.4,229.0,1318265,3656250
2026-03-06 09:38:00+05:30,228.0,231.55,218.1,221.95,1058395,3656250
2026-03-06 09:39:00+05:30,221.6,221.6,209.9,213.3,922285,3836235
2026-03-06 09:40:00+05:30,214.6,217.7,210.15,213.3,573950,3836235
2026-03-06 09:41:00+05:30,212.65,225.0,210.75,221.65,827320,3836235
2026-03-06 09:42:00+05:30,219.3,220.5,213.55,217.65,430560,4085575
2026-03-06 09:43:00+05:30,217.9,226.9,217.9,224.8,735995,4085575
2026-03-06 09:44:00+05:30,225.9,232.3,222.95,231.55,848640,4085575
2026-03-06 09:45:00+05:30,230.5,236.95,226.45,227.25,1191255,4160650
2026-03-06 09:46:00+05:30,226.1,235.4,219.6,221.45,1224145,4160650
2026-03-06 09:47:00+05:30,222.7,229.5,221.05,227.45,602095,4160650
2026-03-06 09:48:00+05:30,228.0,228.35,220.05,223.85,520065,4136275
2026-03-06 09:49:00+05:30,224.3,224.3,214.65,217.05,561535,4136275
2026-03-06 09:50:00+05:30,217.8,222.05,212.3,212.3,490490,4136275
2026-03-06 09:51:00+05:30,212.8,222.0,212.8,217.15,497250,4164420
2026-03-06 09:52:00+05:30,216.7,218.4,214.35,216.15,285805,4164420
2026-03-06 09:53:00+05:30,215.85,217.45,212.6,212.6,334945,4164420
2026-03-06 09:54:00+05:30,212.1,217.4,212.1,215.1,425620,4280770
2026-03-06 09:55:00+05:30,215.45,215.45,211.05,213.15,450255,4280770
2026-03-06 09:56:00+05:30,213.45,214.05,205.15,209.6,817050,4280770
2026-03-06 09:57:00+05:30,209.65,213.75,206.9,211.0,452855,4280770
2026-03-06 09:58:00+05:30,210.25,211.05,203.4,203.4,702455,4390490
2026-03-06 09:59:00+05:30,201.2,206.65,201.2,205.5,496730,4390490
2026-03-06 10:00:00+05:30,205.35,209.1,204.75,206.35,533585,4390490
2026-03-06 10:01:00+05:30,205.85,205.85,201.6,202.95,461435,4737395
2026-03-06 10:02:00+05:30,202.8,202.8,197.45,200.85,651300,4737395
2026-03-06 10:03:00+05:30,201.65,213.2,201.65,208.4,1157390,4737395
2026-03-06 10:04:00+05:30,208.05,209.4,202.05,208.85,541515,5045235
2026-03-06 10:05:00+05:30,208.95,209.2,200.0,200.0,445380,5045235
2026-03-06 10:06:00+05:30,200.0,206.75,200.0,206.0,395655,5045235
2026-03-06 10:07:00+05:30,205.5,211.75,205.5,211.1,738920,5139290
2026-03-06 10:08:00+05:30,211.8,215.0,209.95,213.85,948935,5139290
2026-03-06 10:09:00+05:30,213.5,218.45,210.65,214.85,984035,5139290
2026-03-06 10:10:00+05:30,215.95,216.3,211.7,215.25,387400,5360290
2026-03-06 10:11:00+05:30,214.95,215.95,210.5,213.25,350610,5360290
2026-03-06 10:12:00+05:30,213.6,215.85,212.45,212.45,353275,5360290
2026-03-06 10:13:00+05:30,214.1,214.75,209.0,214.75,455780,5349630
2026-03-06 10:14:00+05:30,215.2,216.55,212.1,212.6,411125,5349630
2026-03-06 10:15:00+05:30,212.85,219.05,210.7,218.55,676065,5349630
2026-03-06 10:16:00+05:30,217.55,221.85,214.55,215.25,1001260,5373290
2026-03-06 10:17:00+05:30,217.45,221.45,217.45,220.8,383110,5373290
2026-03-06 10:18:00+05:30,220.9,224.7,220.2,223.55,648960,5373290
2026-03-06 10:19:00+05:30,224.1,224.2,219.75,223.35,459485,5340465
2026-03-06 10:20:00+05:30,222.6,223.0,219.3,221.9,386230,5340465
2026-03-06 10:21:00+05:30,222.0,223.1,217.25,217.25,391755,5340465
2026-03-06 10:22:00+05:30,215.1,220.65,215.1,220.4,446030,5164770
2026-03-06 10:23:00+05:30,220.95,221.95,218.0,221.0,298415,5164770
2026-03-06 10:24:00+05:30,221.55,222.85,218.55,222.0,267475,5164770
2026-03-06 10:25:00+05:30,221.8,226.15,221.0,225.55,509210,5240820
2026-03-06 10:26:00+05:30,225.05,227.65,216.15,216.15,601315,5240820
2026-03-06 10:27:00+05:30,214.15,215.95,209.45,215.95,947505,5240820
2026-03-06 10:28:00+05:30,214.5,214.6,209.1,210.45,494910,4987905
2026-03-06 10:29:00+05:30,209.0,212.6,207.1,211.45,413855,4987905
2026-03-06 10:30:00+05:30,211.1,211.1,204.05,205.2,628030,4987905
2026-03-06 10:31:00+05:30,204.55,208.35,204.1,206.7,490685,4927455
2026-03-06 10:32:00+05:30,206.85,206.85,204.4,204.6,279760,4927455
2026-03-06 10:33:00+05:30,203.65,204.65,201.45,201.45,412880,4927455
2026-03-06 10:34:00+05:30,201.45,203.0,199.1,200.0,623935,5043545
2026-03-06 10:35:00+05:30,199.9,199.9,194.6,198.4,980655,5043545
2026-03-06 10:36:00+05:30,198.2,200.35,194.6,194.6,446290,5043545
2026-03-06 10:37:00+05:30,195.75,201.5,193.2,199.5,550095,5294250
2026-03-06 10:38:00+05:30,199.25,201.5,199.25,200.45,540670,5294250
2026-03-06 10:39:00+05:30,200.45,203.45,196.4,198.8,623610,5294250
2026-03-06 10:40:00+05:30,198.7,198.7,193.7,194.45,469885,5741970
2026-03-06 10:41:00+05:30,193.8,196.35,193.6,195.1,237965,5741970
2026-03-06 10:42:00+05:30,194.9,202.0,194.6,200.8,485875,5741970
2026-03-06 10:43:00+05:30,200.45,201.15,198.0,198.0,373035,5957705
2026-03-06 10:44:00+05:30,197.85,198.5,194.65,194.65,415415,5957705
2026-03-06 10:45:00+05:30,194.65,196.2,192.45,195.8,322270,5957705
2026-03-06 10:46:00+05:30,195.75,198.0,190.6,193.1,471120,6026930
2026-03-06 10:47:00+05:30,193.75,194.55,190.35,191.0,305565,6026930
2026-03-06 10:48:00+05:30,189.8,189.8,184.8,188.4,783640,6026930
2026-03-06 10:49:00+05:30,188.4,188.6,178.7,178.7,919685,6070025
2026-03-06 10:50:00+05:30,178.55,187.05,173.85,185.6,1078545,6070025
2026-03-06 10:51:00+05:30,184.95,189.2,183.65,187.35,523705,6070025
2026-03-06 10:52:00+05:30,188.65,196.9,188.65,190.55,1320800,6406205
2026-03-06 10:53:00+05:30,189.5,189.5,184.85,188.3,630760,6406205
2026-03-06 10:54:00+05:30,188.05,189.85,185.75,186.4,237120,6406205
2026-03-06 10:55:00+05:30,185.4,188.5,185.3,187.0,251680,6466850
2026-03-06 10:56:00+05:30,187.15,187.15,181.8,185.1,382460,6466850
2026-03-06 10:57:00+05:30,185.1,185.1,182.6,183.65,195195,6466850
2026-03-06 10:58:00+05:30,183.15,184.9,182.05,184.9,192400,6575205
2026-03-06 10:59:00+05:30,185.0,187.4,182.45,186.85,275340,6575205
2026-03-06 11:00:00+05:30,186.4,194.9,185.85,192.7,808405,6575205
2026-03-06 11:01:00+05:30,193.6,197.5,192.9,194.8,956475,6723145
2026-03-06 11:02:00+05:30,194.3,201.35,194.1,200.35,739440,6723145
2026-03-06 11:03:00+05:30,200.15,200.15,196.45,198.4,659620,6723145
2026-03-06 11:04:00+05:30,198.35,203.45,197.5,203.0,741130,6551155
2026-03-06 11:05:00+05:30,202.95,204.9,201.55,204.35,883285,6551155
2026-03-06 11:06:00+05:30,204.35,205.8,203.65,204.75,667745,6551155
2026-03-06 11:07:00+05:30,203.9,209.0,203.0,206.3,869700,6382090
2026-03-06 11:08:00+05:30,206.05,206.7,198.5,200.0,762450,6382090
2026-03-06 11:09:00+05:30,199.8,203.85,196.4,203.4,637910,6382090
2026-03-06 11:10:00+05:30,203.3,203.3,199.9,199.9,344760,6139055
2026-03-06 11:11:00+05:30,200.25,202.2,194.8,194.85,511160,6139055
2026-03-06 11:12:00+05:30,194.45,196.1,191.6,193.45,546780,6139055
2026-03-06 11:13:00+05:30,193.15,194.8,190.45,192.4,344760,6099925
2026-03-06 11:14:00+05:30,192.95,193.8,190.8,193.8,186680,6099925
2026-03-06 11:15:00+05:30,192.75,193.55,187.9,190.95,414050,6099925
2026-03-06 11:16:00+05:30,191.1,195.05,189.15,190.3,378365,6135805
2026-03-06 11:17:00+05:30,190.3,192.15,186.9,190.55,426595,6135805
2026-03-06 11:18:00+05:30,190.65,191.7,183.5,184.4,355160,6135805
2026-03-06 11:19:00+05:30,185.35,188.45,184.0,188.45,289640,6109935
2026-03-06 11:20:00+05:30,188.65,191.95,188.35,191.05,348270,6109935
2026-03-06 11:21:00+05:30,190.9,192.2,189.7,189.95,331045,6109935
2026-03-06 11:22:00+05:30,190.25,190.25,185.0,185.25,340210,6304480
2026-03-06 11:23:00+05:30,184.7,187.5,183.85,185.9,232505,6304480
2026-03-06 11:24:00+05:30,185.0,186.35,181.0,181.65,425815,6304480
2026-03-06 11:25:00+05:30,181.9,183.7,180.75,181.3,286195,6344390
2026-03-06 11:26:00+05:30,181.6,183.0,180.0,181.6,322400,6344390
2026-03-06 11:27:00+05:30,181.95,184.3,181.35,183.85,278330,6344390
2026-03-06 11:28:00+05:30,183.9,183.9,179.25,180.1,284310,6546020
2026-03-06 11:29:00+05:30,180.05,185.7,180.05,185.7,261755,6546020
2026-03-06 11:30:00+05:30,185.65,188.3,183.95,184.9,651625,6546020
2026-03-06 11:31:00+05:30,184.8,184.9,180.85,184.8,304785,6660030
2026-03-06 11:32:00+05:30,185.25,189.5,185.25,187.9,429910,6660030
2026-03-06 11:33:00+05:30,187.45,188.95,184.1,187.85,283985,6660030
2026-03-06 11:34:00+05:30,188.0,190.95,188.0,190.35,393380,6665685
2026-03-06 11:35:00+05:30,189.9,193.5,189.25,193.0,658320,6665685
2026-03-06 11:36:00+05:30,193.75,194.1,189.25,189.75,510250,6665685
2026-03-06 11:37:00+05:30,190.15,194.4,189.95,194.0,302120,6727760
2026-03-06 11:38:00+05:30,193.05,194.7,191.5,191.55,339300,6727760
2026-03-06 11:39:00+05:30,191.4,199.15,191.4,198.45,886015,6727760
2026-03-06 11:40:00+05:30,198.7,202.9,196.4,202.9,831285,6431295
2026-03-06 11:41:00+05:30,204.2,207.2,200.3,201.7,1365650,6431295
2026-03-06 11:42:00+05:30,203.0,206.8,202.85,202.85,745875,6431295
2026-03-06 11:43:00+05:30,202.35,202.75,194.3,196.05,913510,6178250
2026-03-06 11:44:00+05:30,195.5,195.8,186.9,187.8,860470,6178250
2026-03-06 11:45:00+05:30,188.4,192.55,185.2,192.55,545285,6178250
2026-03-06 11:46:00+05:30,193.4,195.15,192.45,193.7,443365,5796570
2026-03-06 11:47:00+05:30,193.45,195.55,192.25,195.45,300560,5796570
2026-03-06 11:48:00+05:30,195.7,198.3,194.45,196.0,435565,5796570
2026-03-06 11:49:00+05:30,195.0,197.75,193.25,197.15,264745,5929495
2026-03-06 11:50:00+05:30,197.55,199.5,194.95,194.95,372125,5929495
2026-03-06 11:51:00+05:30,194.4,195.9,191.25,194.75,448955,5929495
2026-03-06 11:52:00+05:30,195.3,195.3,187.65,187.65,354250,5979285
2026-03-06 11:53:00+05:30,188.0,190.55,186.8,190.55,391690,5979285
2026-03-06 11:54:00+05:30,190.8,191.7,189.15,191.35,156715,5979285
2026-03-06 11:55:00+05:30,191.15,191.95,190.0,191.0,180895,5973825
2026-03-06 11:56:00+05:30,190.8,193.0,186.6,186.6,365625,5973825
2026-03-06 11:57:00+05:30,187.55,191.6,186.75,191.45,261950,5973825
2026-03-06 11:58:00+05:30,191.0,192.6,190.15,191.4,273650,6107270
2026-03-06 11:59:00+05:30,191.2,194.15,190.9,193.25,284375,6107270
2026-03-06 12:00:00+05:30,192.8,192.9,188.7,192.0,429585,6107270
2026-03-06 12:01:00+05:30,191.5,191.5,185.35,185.4,326105,6076070
2026-03-06 12:02:00+05:30,185.25,187.0,184.3,185.05,320840,6076070
2026-03-06 12:03:00+05:30,185.45,187.2,184.35,185.5,222950,6076070
2026-03-06 12:04:00+05:30,185.4,186.1,183.85,184.5,155025,6079645
2026-03-06 12:05:00+05:30,184.3,186.35,183.45,184.45,175500,6079645
2026-03-06 12:06:00+05:30,184.3,186.85,183.1,184.9,241215,6079645
2026-03-06 12:07:00+05:30,186.3,189.45,185.1,188.95,311155,6119295
2026-03-06 12:08:00+05:30,188.95,193.05,186.75,193.05,508430,6119295
2026-03-06 12:09:00+05:30,193.4,194.35,191.05,193.4,649220,6119295
2026-03-06 12:10:00+05:30,193.4,196.85,192.95,192.95,540735,6157060
2026-03-06 12:11:00+05:30,191.0,194.85,189.3,191.0,409175,6157060
2026-03-06 12:12:00+05:30,190.7,191.8,183.9,187.2,504270,6157060
2026-03-06 12:13:00+05:30,186.85,187.35,185.0,185.7,206440,6169670
2026-03-06 12:14:00+05:30,185.75,187.4,183.5,186.2,202085,6169670
2026-03-06 12:15:00+05:30,186.05,187.25,184.75,184.95,194220,6169670
2026-03-06 12:16:00+05:30,185.15,189.45,185.0,188.05,258635,6187675
2026-03-06 12:17:00+05:30,187.75,188.75,186.45,187.0,138710,6187675
2026-03-06 12:18:00+05:30,186.8,190.4,186.5,190.4,266695,6187675
2026-03-06 12:19:00+05:30,190.15,193.7,186.25,187.2,680160,6235580
2026-03-06 12:20:00+05:30,187.35,187.35,185.25,185.85,221845,6235580
2026-03-06 12:21:00+05:30,185.4,188.35,185.25,188.2,128310,6235580
2026-03-06 12:22:00+05:30,188.1,188.55,184.8,186.0,148850,6248125
2026-03-06 12:23:00+05:30,185.8,185.85,182.0,184.05,351260,6248125
2026-03-06 12:24:00+05:30,183.9,188.25,183.4,187.65,269750,6248125
2026-03-06 12:25:00+05:30,187.3,187.3,183.6,184.8,195325,6244290
2026-03-06 12:26:00+05:30,184.75,185.7,183.4,183.4,132860,6244290
2026-03-06 12:27:00+05:30,183.35,184.0,181.25,182.35,292305,6244290
2026-03-06 12:28:00+05:30,182.65,182.95,170.05,176.15,1053390,6304480
2026-03-06 12:29:00+05:30,175.0,175.9,172.85,174.9,799500,6304480
2026-03-06 12:30:00+05:30,175.3,180.4,175.3,179.65,617565,6304480
2026-03-06 12:31:00+05:30,179.85,183.0,179.5,179.7,447460,6565585
2026-03-06 12:32:00+05:30,179.7,179.7,176.8,178.15,225355,6565585
2026-03-06 12:33:00+05:30,178.5,180.35,176.95,179.85,169325,6565585
2026-03-06 12:34:00+05:30,180.1,181.85,180.1,180.55,209300,6651840
2026-03-06 12:35:00+05:30,180.6,182.35,180.2,180.6,208455,6651840
2026-03-06 12:36:00+05:30,181.2,182.85,179.6,181.3,140140,6651840
2026-03-06 12:37:00+05:30,181.7,181.7,179.1,180.15,124605,6678360
2026-03-06 12:38:00+05:30,180.15,180.6,178.75,180.5,126035,6678360
2026-03-06 12:39:00+05:30,180.65,180.85,177.3,178.3,143910,6678360
2026-03-06 12:40:00+05:30,178.3,179.4,176.7,178.25,157560,6659185
2026-03-06 12:41:00+05:30,178.6,179.5,177.05,179.0,111670,6659185
2026-03-06 12:42:00+05:30,179.1,183.85,178.55,181.55,358995,6659185
2026-03-06 12:43:00+05:30,181.0,181.0,177.1,177.6,233675,6678230
2026-03-06 12:44:00+05:30,178.0,183.75,178.0,182.5,241605,6678230
2026-03-06 12:45:00+05:30,182.95,183.55,179.4,179.4,330980,6678230
2026-03-06 12:46:00+05:30,179.3,181.0,175.35,175.35,281775,6810635
2026-03-06 12:47:00+05:30,176.85,180.55,174.55,180.35,340340,6810635
2026-03-06 12:48:00+05:30,180.25,183.05,179.0,180.85,304135,6810635
2026-03-06 12:49:00+05:30,180.65,180.65,177.15,180.35,156910,6781320
2026-03-06 12:50:00+05:30,179.75,181.0,178.95,181.0,131365,6781320
2026-03-06 12:51:00+05:30,181.35,187.4,181.35,185.45,810940,6781320
2026-03-06 12:52:00+05:30,186.55,186.55,183.35,185.9,288730,6847295
2026-03-06 12:53:00+05:30,185.95,185.95,180.0,182.55,311350,6847295
2026-03-06 12:54:00+05:30,182.8,183.0,181.3,181.45,152945,6847295
2026-03-06 12:55:00+05:30,181.7,183.15,180.55,183.05,152295,6764875
2026-03-06 12:56:00+05:30,182.5,184.9,181.15,184.9,165295,6764875
2026-03-06 12:57:00+05:30,185.35,187.55,183.25,185.45,309270,6764875
2026-03-06 12:58:00+05:30,185.95,186.6,184.9,184.9,236145,6692400
2026-03-06 12:59:00+05:30,184.3,186.35,183.25,186.35,272155,6692400
2026-03-06 13:00:00+05:30,187.0,187.9,185.55,187.45,528515,6692400
2026-03-06 13:01:00+05:30,187.85,189.9,186.0,188.65,423605,6753695
2026-03-06 13:02:00+05:30,189.0,189.0,181.65,181.65,401375,6753695
2026-03-06 13:03:00+05:30,181.7,182.45,179.5,181.15,451945,6753695
2026-03-06 13:04:00+05:30,181.5,185.95,181.3,185.95,191685,6578000
2026-03-06 13:05:00+05:30,185.85,186.0,182.55,185.7,163085,6578000
2026-03-06 13:06:00+05:30,185.65,190.0,184.7,188.5,486980,6578000
2026-03-06 13:07:00+05:30,188.35,188.8,184.65,184.65,208130,6525675
2026-03-06 13:08:00+05:30,184.75,184.8,181.75,184.0,194675,6525675
2026-03-06 13:09:00+05:30,184.25,184.25,182.05,183.8,149760,6525675
2026-03-06 13:10:00+05:30,184.3,185.6,183.0,184.95,116870,6460415
2026-03-06 13:11:00+05:30,184.95,187.45,184.05,187.45,142740,6460415
2026-03-06 13:12:00+05:30,187.8,188.6,183.75,185.6,214045,6460415
2026-03-06 13:13:00+05:30,185.7,187.15,184.7,185.3,89115,6437600
2026-03-06 13:14:00+05:30,185.2,187.45,185.05,186.1,97565,6437600
2026-03-06 13:15:00+05:30,185.35,186.75,184.75,185.15,95680,6437600
2026-03-06 13:16:00+05:30,184.6,189.1,184.45,185.1,249925,6433830
2026-03-06 13:17:00+05:30,184.8,185.0,182.0,183.45,265330,6433830
2026-03-06 13:18:00+05:30,184.0,184.8,181.7,182.35,163605,6433830
2026-03-06 13:19:00+05:30,182.25,183.55,181.25,182.7,129935,6415045
2026-03-06 13:20:00+05:30,182.3,184.0,180.3,180.95,214305,6415045
2026-03-06 13:21:00+05:30,181.25,184.9,181.25,184.65,142285,6415045
2026-03-06 13:22:00+05:30,185.0,189.6,185.0,188.9,451945,6412185
2026-03-06 13:23:00+05:30,188.55,191.6,187.1,191.2,432640,6412185
2026-03-06 13:24:00+05:30,190.45,190.75,185.45,186.6,354380,6412185
2026-03-06 13:25:00+05:30,187.15,190.65,186.55,189.0,255645,6462755
2026-03-06 13:26:00+05:30,188.6,190.5,187.6,187.6,171925,6462755
2026-03-06 13:27:00+05:30,188.1,189.95,187.25,189.35,172575,6462755
2026-03-06 13:28:00+05:30,189.25,189.4,185.0,187.15,311285,6426290
2026-03-06 13:29:00+05:30,186.95,190.0,186.05,188.0,267865,6426290
2026-03-06 13:30:00+05:30,188.05,189.5,185.65,185.65,210470,6426290
2026-03-06 13:31:00+05:30,185.45,185.75,181.3,182.6,426465,6413420
2026-03-06 13:32:00+05:30,182.4,182.4,178.4,180.8,500305,6413420
2026-03-06 13:33:00+05:30,180.95,181.0,177.55,177.9,351195,6413420
2026-03-06 13:34:00+05:30,177.0,180.0,173.6,179.75,584805,6263010
2026-03-06 13:35:00+05:30,179.0,179.0,175.95,176.5,324935,6263010
2026-03-06 13:36:00+05:30,176.45,182.2,174.6,182.15,445965,6263010
2026-03-06 13:37:00+05:30,182.7,198.9,182.7,198.65,1944215,6371560
2026-03-06 13:38:00+05:30,198.8,198.8,182.9,184.65,1450605,6371560
2026-03-06 13:39:00+05:30,185.0,186.35,179.45,184.9,657800,6371560
2026-03-06 13:40:00+05:30,185.0,187.25,183.15,186.9,351975,6371560
2026-03-06 13:41:00+05:30,186.95,187.6,185.0,185.0,326560,6335030
2026-03-06 13:42:00+05:30,185.0,185.5,181.15,183.65,321360,6335030
2026-03-06 13:43:00+05:30,183.35,189.6,183.25,187.45,303615,6335030
2026-03-06 13:44:00+05:30,187.8,187.8,183.9,185.05,169910,6328660
2026-03-06 13:45:00+05:30,185.0,185.0,181.45,182.95,255385,6328660
2026-03-06 13:46:00+05:30,183.25,184.35,182.4,183.1,118040,6328660
2026-03-06 13:47:00+05:30,183.6,183.6,180.15,181.05,270530,6312215
2026-03-06 13:48:00+05:30,181.05,181.6,178.85,179.5,373685,6312215
2026-03-06 13:49:00+05:30,179.4,182.6,176.25,182.35,671840,6312215
2026-03-06 13:50:00+05:30,181.6,185.4,181.3,183.25,491595,6289010
2026-03-06 13:51:00+05:30,183.1,185.0,180.05,181.4,312585,6289010
2026-03-06 13:52:00+05:30,181.05,181.4,177.8,178.45,278265,6289010
2026-03-06 13:53:00+05:30,178.25,179.1,177.1,178.05,233285,6348225
2026-03-06 13:54:00+05:30,178.2,180.4,177.9,179.95,173810,6348225
2026-03-06 13:55:00+05:30,179.5,179.9,178.0,179.8,205335,6348225
2026-03-06 13:56:00+05:30,179.6,180.2,175.4,177.05,365105,6357325
2026-03-06 13:57:00+05:30,176.6,178.45,175.3,176.85,298805,6357325
2026-03-06 13:58:00+05:30,176.55,180.35,176.55,178.95,339495,6357325
2026-03-06 13:59:00+05:30,178.8,179.25,177.4,178.25,253370,6404060
2026-03-06 14:00:00+05:30,177.75,180.85,177.75,180.1,422045,6404060
2026-03-06 14:01:00+05:30,180.6,187.4,179.45,186.6,1001845,6404060
2026-03-06 14:02:00+05:30,187.0,187.0,184.2,186.1,558155,6251960
2026-03-06 14:03:00+05:30,186.9,187.0,181.5,184.5,404755,6251960
2026-03-06 14:04:00+05:30,184.0,184.3,180.1,180.25,314080,6251960
2026-03-06 14:05:00+05:30,180.3,183.9,180.3,183.4,240500,6290830
2026-03-06 14:06:00+05:30,183.25,183.25,180.25,181.15,234455,6290830
2026-03-06 14:07:00+05:30,181.45,184.45,181.3,183.1,220935,6290830
2026-03-06 14:08:00+05:30,183.45,185.45,182.95,185.1,250770,6337240
2026-03-06 14:09:00+05:30,185.3,187.2,185.15,186.6,389740,6337240
2026-03-06 14:10:00+05:30,187.0,190.1,186.95,190.1,777010,6337240
2026-03-06 14:11:00+05:30,189.7,192.4,188.15,190.7,578175,6297525
2026-03-06 14:12:00+05:30,190.4,192.85,188.6,192.45,435890,6297525
2026-03-06 14:13:00+05:30,191.8,192.75,190.35,192.0,504400,6297525
2026-03-06 14:14:00+05:30,191.85,193.8,184.1,184.1,856245,6261060
2026-03-06 14:15:00+05:30,184.0,193.55,184.0,192.2,794365,6261060
2026-03-06 14:16:00+05:30,192.7,199.8,192.3,199.8,946010,6261060
2026-03-06 14:17:00+05:30,201.55,201.55,193.0,193.0,1145300,5997290
2026-03-06 14:18:00+05:30,191.9,197.1,191.75,195.85,425750,5997290
2026-03-06 14:19:00+05:30,195.75,200.4,195.45,197.85,534235,5997290
2026-03-06 14:20:00+05:30,198.8,202.15,194.95,199.3,668850,5899530
2026-03-06 14:21:00+05:30,199.25,199.35,196.6,199.35,304395,5899530
2026-03-06 14:22:00+05:30,199.5,201.6,198.2,200.15,361855,5899530
2026-03-06 14:23:00+05:30,200.1,201.6,195.3,196.4,474955,5827380
2026-03-06 14:24:00+05:30,196.1,202.7,196.1,201.8,531700,5827380
2026-03-06 14:25:00+05:30,202.5,202.5,192.0,193.65,751140,5827380
2026-03-06 14:26:00+05:30,193.65,198.4,193.65,194.95,414050,5788250
2026-03-06 14:27:00+05:30,195.0,195.45,190.15,195.45,662350,5788250
2026-03-06 14:28:00+05:30,195.25,195.25,188.45,189.9,428675,5788250
2026-03-06 14:29:00+05:30,190.0,191.35,187.45,188.8,355030,5684055
2026-03-06 14:30:00+05:30,189.15,192.8,188.55,191.05,343785,5684055
2026-03-06 14:31:00+05:30,191.4,192.3,183.95,186.35,444990,5684055
2026-03-06 14:32:00+05:30,185.85,191.5,184.2,184.2,419510,5672550
2026-03-06 14:33:00+05:30,184.55,187.4,182.85,184.35,351065,5672550
2026-03-06 14:34:00+05:30,183.9,183.9,180.7,182.85,441610,5672550
2026-03-06 14:35:00+05:30,183.05,183.05,180.35,180.5,240435,5620290
2026-03-06 14:36:00+05:30,180.9,186.0,180.9,184.8,267670,5620290
2026-03-06 14:37:00+05:30,185.45,189.65,183.0,183.0,419445,5620290
2026-03-06 14:38:00+05:30,183.1,183.8,179.75,181.0,286975,5652010
2026-03-06 14:39:00+05:30,181.0,181.0,176.65,178.3,487630,5652010
2026-03-06 14:40:00+05:30,178.4,178.4,173.3,176.25,536575,5652010
2026-03-06 14:41:00+05:30,176.0,176.35,173.35,173.8,261105,5582525
2026-03-06 14:42:00+05:30,173.25,173.25,162.0,167.35,1466010,5582525
2026-03-06 14:43:00+05:30,167.65,167.65,164.65,165.35,454545,5582525
2026-03-06 14:44:00+05:30,165.15,170.0,164.0,166.8,607035,5312905
2026-03-06 14:45:00+05:30,166.95,169.5,165.65,166.85,434850,5312905
2026-03-06 14:46:00+05:30,167.25,175.7,167.2,175.2,1180075,5312905
2026-03-06 14:47:00+05:30,175.25,176.25,163.8,163.8,941525,5667870
2026-03-06 14:48:00+05:30,151.7,151.7,116.05,136.4,4868305,5667870
2026-03-06 14:49:00+05:30,137.15,157.85,137.15,150.55,1524055,5667870
2026-03-06 14:50:00+05:30,150.55,169.05,150.55,165.15,1149200,4991155
2026-03-06 14:51:00+05:30,165.5,166.0,160.25,164.1,611585,4991155
2026-03-06 14:52:00+05:30,165.3,174.4,162.35,174.4,819650,4991155
2026-03-06 14:53:00+05:30,172.45,174.2,168.15,169.05,679380,4930120
2026-03-06 14:54:00+05:30,170.1,171.45,161.8,161.8,682955,4930120
2026-03-06 14:55:00+05:30,163.05,165.05,159.2,164.15,516685,4930120
2026-03-06 14:56:00+05:30,163.45,163.75,155.4,155.4,402155,4713150
2026-03-06 14:57:00+05:30,154.6,158.85,153.7,155.6,439335,4713150
2026-03-06 14:58:00+05:30,156.55,157.85,151.3,151.95,322010,4713150
2026-03-06 14:59:00+05:30,153.6,158.4,153.6,154.8,271310,4532125
2026-03-06 15:00:00+05:30,156.55,159.5,148.9,159.05,808015,4532125
2026-03-06 15:01:00+05:30,159.0,159.35,149.6,150.4,496080,4532125
2026-03-06 15:02:00+05:30,151.4,152.9,140.3,140.3,1210105,4370145
2026-03-06 15:03:00+05:30,139.6,148.45,139.45,147.55,1113255,4370145
2026-03-06 15:04:00+05:30,148.0,148.0,139.05,141.5,402025,4370145
2026-03-06 15:05:00+05:30,142.0,142.25,137.9,139.25,418210,4405440
2026-03-06 15:06:00+05:30,140.15,140.15,131.6,135.3,850395,4405440
2026-03-06 15:07:00+05:30,135.8,144.25,134.3,144.25,730405,4405440
2026-03-06 15:08:00+05:30,144.3,144.3,138.85,139.4,529880,4335435
2026-03-06 15:09:00+05:30,143.75,144.8,140.5,144.4,410540,4335435
2026-03-06 15:10:00+05:30,145.0,145.85,142.1,142.95,322075,4335435
2026-03-06 15:11:00+05:30,143.25,143.25,139.55,141.9,308360,4331600
2026-03-06 15:12:00+05:30,142.5,142.85,136.05,137.55,361725,4331600
2026-03-06 15:13:00+05:30,136.75,136.75,127.7,128.55,1114815,4331600
2026-03-06 15:14:00+05:30,130.65,136.95,127.5,136.65,603460,3845725
2026-03-06 15:15:00+05:30,137.6,137.6,129.15,129.15,645580,3845725
2026-03-06 15:16:00+05:30,128.8,133.0,124.9,133.0,416520,3845725
2026-03-06 15:17:00+05:30,132.9,138.25,132.55,137.05,376740,3616015
2026-03-06 15:18:00+05:30,137.15,137.45,134.25,137.0,325520,3616015
2026-03-06 15:19:00+05:30,138.05,138.9,133.05,133.05,255970,3616015
2026-03-06 15:20:00+05:30,135.4,140.25,135.25,138.95,398970,3543215
2026-03-06 15:21:00+05:30,139.05,140.4,127.3,131.95,456495,3543215
2026-03-06 15:22:00+05:30,133.0,133.1,128.8,130.65,409500,3543215
2026-03-06 15:23:00+05:30,132.15,135.05,130.95,133.65,282685,3418090
2026-03-06 15:24:00+05:30,135.2,135.55,132.0,134.1,367770,3418090
2026-03-06 15:25:00+05:30,135.15,135.65,129.85,130.65,480285,3418090
2026-03-06 15:26:00+05:30,131.0,132.05,124.2,128.55,493935,3285490
2026-03-06 15:27:00+05:30,127.7,133.65,127.7,131.35,478985,3285490
2026-03-06 15:28:00+05:30,132.6,133.35,128.0,128.05,339950,3285490
2026-03-06 15:29:00+05:30,128.9,128.9,112.0,123.85,621075,2945995
2026-03-09 09:15:00+05:30,18.0,27.95,12.0,19.05,1269255,2676895
2026-03-09 09:16:00+05:30,19.05,21.65,18.25,19.3,894660,2705950
2026-03-09 09:17:00+05:30,19.3,20.15,18.55,18.65,559780,2705950
2026-03-09 09:18:00+05:30,18.75,18.9,17.2,17.8,502580,2873910
2026-03-09 09:19:00+05:30,17.9,19.2,17.85,19.2,430105,2873910
2026-03-09 09:20:00+05:30,19.25,19.65,18.6,18.9,332995,2873910
2026-03-09 09:21:00+05:30,18.95,18.95,18.1,18.5,190320,2873910
2026-03-09 09:22:00+05:30,18.5,19.7,18.45,18.95,214695,3025750
2026-03-09 09:23:00+05:30,18.85,19.1,18.4,18.4,177385,3025750
2026-03-09 09:24:00+05:30,18.45,18.5,17.6,17.65,276185,3025750
2026-03-09 09:25:00+05:30,17.65,18.3,17.35,18.1,285350,3187275
2026-03-09 09:26:00+05:30,18.1,18.3,17.0,17.2,244400,3187275
2026-03-09 09:27:00+05:30,17.25,18.2,17.1,17.95,156975,3187275
2026-03-09 09:28:00+05:30,17.85,19.5,17.75,19.0,190970,3287635
2026-03-09 09:29:00+05:30,19.05,19.3,18.45,19.05,162890,3287635
2026-03-09 09:30:00+05:30,19.0,20.1,18.95,19.8,220870,3287635
2026-03-09 09:31:00+05:30,19.85,20.0,19.25,19.7,216840,3395535
2026-03-09 09:32:00+05:30,19.65,19.7,17.65,17.75,198445,3395535
2026-03-09 09:33:00+05:30,17.65,18.7,17.35,18.65,145470,3395535
2026-03-09 09:34:00+05:30,18.65,19.1,18.45,18.75,104650,3459495
2026-03-09 09:35:00+05:30,18.75,18.95,18.3,18.4,87685,3459495
2026-03-09 09:36:00+05:30,18.4,18.5,17.9,18.0,121680,3459495
2026-03-09 09:37:00+05:30,18.0,18.4,17.85,18.25,57460,3480555
2026-03-09 09:38:00+05:30,18.2,18.5,18.0,18.1,60710,3480555
2026-03-09 09:39:00+05:30,18.1,18.35,17.6,17.6,113945,3480555
2026-03-09 09:40:00+05:30,17.6,17.8,17.05,17.25,140660,3495310
2026-03-09 09:41:00+05:30,17.25,17.45,16.7,17.25,208390,3495310
2026-03-09 09:42:00+05:30,17.15,17.35,16.65,16.8,135265,3495310
2026-03-09 09:43:00+05:30,16.75,16.9,16.15,16.4,185120,3480360
2026-03-09 09:44:00+05:30,16.35,16.55,15.85,16.0,125255,3480360
2026-03-09 09:45:00+05:30,16.0,16.35,15.7,15.75,150410,3448575
2026-03-09 09:46:00+05:30,15.75,16.0,15.6,15.95,149500,3448575
2026-03-09 09:47:00+05:30,15.95,16.45,15.9,16.35,172835,3448575
2026-03-09 09:48:00+05:30,16.25,16.85,16.15,16.3,140855,3448575
2026-03-09 09:49:00+05:30,16.3,16.4,15.5,15.55,185315,3495050
2026-03-09 09:50:00+05:30,15.6,16.2,15.5,16.1,166920,3495050
2026-03-09 09:51:00+05:30,16.05,16.3,15.9,16.2,122525,3495050
2026-03-09 09:52:00+05:30,16.2,16.45,16.1,16.1,146185,3457935
2026-03-09 09:53:00+05:30,16.1,16.25,15.8,15.8,120510,3457935
2026-03-09 09:54:00+05:30,15.85,16.15,15.55,16.05,114270,3457935
2026-03-09 09:55:00+05:30,16.05,16.15,15.75,15.8,88725,3548220
2026-03-09 09:56:00+05:30,15.85,16.2,15.75,16.05,61295,3548220
2026-03-09 09:57:00+05:30,16.1,16.55,15.85,16.3,88985,3548220
2026-03-09 09:58:00+05:30,16.25,16.4,15.8,16.1,105885,3618030
2026-03-09 09:59:00+05:30,16.15,16.35,15.95,15.95,61555,3618030
2026-03-09 10:00:00+05:30,16.05,16.35,15.95,16.0,65455,3618030
2026-03-09 10:01:00+05:30,15.95,16.85,15.9,16.45,177775,3612375
2026-03-09 10:02:00+05:30,16.45,16.5,16.05,16.1,52195,3612375
2026-03-09 10:03:00+05:30,16.05,16.35,15.9,16.3,97045,3612375
2026-03-09 10:04:00+05:30,16.3,16.3,15.65,15.65,104260,3633565
2026-03-09 10:05:00+05:30,15.65,16.05,15.6,15.95,58110,3633565
2026-03-09 10:06:00+05:30,15.9,16.55,15.85,16.35,98995,3612830
2026-03-09 10:07:00+05:30,16.45,16.6,16.2,16.3,69550,3612830
2026-03-09 10:08:00+05:30,16.3,17.15,16.25,17.1,154180,3612830
2026-03-09 10:09:00+05:30,17.1,17.2,16.35,16.4,66625,3612830
2026-03-09 10:10:00+05:30,16.35,16.8,16.2,16.35,118105,3550560
2026-03-09 10:11:00+05:30,16.4,16.65,15.9,16.05,123175,3550560
2026-03-09 10:12:00+05:30,16.1,16.15,15.75,15.75,90285,3550560
2026-03-09 10:13:00+05:30,15.7,15.95,15.45,15.45,152880,3537430
2026-03-09 10:14:00+05:30,15.45,15.7,15.4,15.45,62790,3537430
2026-03-09 10:15:00+05:30,15.45,15.45,14.9,14.95,137605,3537430
2026-03-09 10:16:00+05:30,14.95,15.15,14.8,15.1,110630,3547570
2026-03-09 10:17:00+05:30,15.05,15.05,14.3,14.35,129935,3547570
2026-03-09 10:18:00+05:30,14.35,14.6,14.2,14.5,232375,3547570
2026-03-09 10:19:00+05:30,14.4,14.55,13.95,14.0,153920,3425240
2026-03-09 10:20:00+05:30,14.05,14.65,14.0,14.6,120575,3425240
2026-03-09 10:21:00+05:30,14.55,14.75,14.25,14.35,52975,3425240
2026-03-09 10:22:00+05:30,14.3,14.35,14.05,14.05,55835,3443375
2026-03-09 10:23:00+05:30,14.0,14.05,13.55,13.65,76895,3443375
2026-03-09 10:24:00+05:30,13.75,13.85,13.35,13.35,84240,3443375
2026-03-09 10:25:00+05:30,13.35,13.5,13.25,13.4,136565,3424785
2026-03-09 10:26:00+05:30,13.35,13.75,13.3,13.7,79950,3424785
2026-03-09 10:27:00+05:30,13.65,13.8,13.6,13.7,69745,3424785
2026-03-09 10:28:00+05:30,13.7,13.8,13.5,13.7,43355,3395990
2026-03-09 10:29:00+05:30,13.75,13.75,13.35,13.45,28340,3395990
2026-03-09 10:30:00+05:30,13.45,13.55,13.3,13.3,22100,3395990
2026-03-09 10:31:00+05:30,13.3,13.4,12.9,12.95,90610,3420625
2026-03-09 10:32:00+05:30,13.0,13.15,12.8,13.0,107640,3420625
2026-03-09 10:33:00+05:30,13.05,13.3,12.85,13.15,150735,3420625
2026-03-09 10:34:00+05:30,13.15,13.2,12.85,12.85,39780,3403920
2026-03-09 10:35:00+05:30,12.85,13.0,12.85,13.0,40885,3403920
2026-03-09 10:36:00+05:30,12.95,12.95,12.7,12.9,90285,3403920
2026-03-09 10:37:00+05:30,12.9,13.25,12.85,13.25,193310,3299205
2026-03-09 10:38:00+05:30,13.25,13.65,13.25,13.25,160290,3299205
2026-03-09 10:39:00+05:30,13.25,13.5,13.15,13.4,69940,3299205
2026-03-09 10:40:00+05:30,13.3,13.6,13.25,13.4,60840,3293355
2026-03-09 10:41:00+05:30,13.4,13.45,13.2,13.25,59150,3293355
2026-03-09 10:42:00+05:30,13.2,13.4,13.1,13.35,40560,3293355
2026-03-09 10:43:00+05:30,13.3,13.6,13.2,13.4,62270,3276195
2026-03-09 10:44:00+05:30,13.5,13.5,13.3,13.35,37830,3276195
2026-03-09 10:45:00+05:30,13.35,13.4,13.25,13.35,24765,3276195
2026-03-09 10:46:00+05:30,13.35,13.5,13.2,13.35,43355,3254160
2026-03-09 10:47:00+05:30,13.35,13.35,13.0,13.1,42900,3254160
2026-03-09 10:48:00+05:30,13.05,13.15,13.0,13.0,26975,3254160
2026-03-09 10:49:00+05:30,13.05,13.15,12.9,13.0,31395,3255005
2026-03-09 10:50:00+05:30,13.05,13.8,13.05,13.45,206115,3255005
2026-03-09 10:51:00+05:30,13.45,14.85,13.3,14.8,227175,3255005
2026-03-09 10:52:00+05:30,14.8,14.85,13.8,14.6,253240,3283085
2026-03-09 10:53:00+05:30,14.6,15.5,14.45,15.25,197795,3283085
2026-03-09 10:54:00+05:30,15.2,16.3,15.0,15.4,212355,3283085
2026-03-09 10:55:00+05:30,15.3,16.6,14.85,15.4,212875,3347760
2026-03-09 10:56:00+05:30,15.45,16.15,15.0,16.0,256360,3347760
2026-03-09 10:57:00+05:30,16.0,16.6,15.1,15.5,292305,3347760
2026-03-09 10:58:00+05:30,15.45,15.85,14.9,15.25,165750,3387085
2026-03-09 10:59:00+05:30,15.25,15.6,14.75,15.6,165685,3387085
2026-03-09 11:00:00+05:30,15.6,15.8,14.3,14.4,213330,3387085
2026-03-09 11:01:00+05:30,14.35,15.0,14.35,14.75,118040,3337555
2026-03-09 11:02:00+05:30,14.65,15.25,14.45,14.5,173290,3337555
2026-03-09 11:03:00+05:30,14.5,15.05,14.3,14.95,89180,3337555
2026-03-09 11:04:00+05:30,14.95,15.1,14.4,14.7,89310,3351790
2026-03-09 11:05:00+05:30,14.75,14.75,14.2,14.65,73905,3351790
2026-03-09 11:06:00+05:30,14.7,15.05,14.55,14.95,44265,3351790
2026-03-09 11:07:00+05:30,14.75,14.95,14.4,14.4,66625,3366935
2026-03-09 11:08:00+05:30,14.4,14.4,13.8,13.8,153790,3366935
2026-03-09 11:09:00+05:30,13.85,14.0,13.5,13.95,120445,3366935
2026-03-09 11:10:00+05:30,13.9,14.2,13.2,13.35,185705,3365635
2026-03-09 11:11:00+05:30,13.35,13.4,12.9,13.2,155350,3365635
2026-03-09 11:12:00+05:30,13.25,13.25,12.8,13.05,112970,3365635
2026-03-09 11:13:00+05:30,13.05,13.85,13.05,13.8,139620,3372720
2026-03-09 11:14:00+05:30,13.75,13.95,13.6,13.95,138060,3372720
2026-03-09 11:15:00+05:30,13.95,13.95,13.3,13.45,76570,3372720
2026-03-09 11:16:00+05:30,13.5,13.55,13.05,13.3,53495,3348995
2026-03-09 11:17:00+05:30,13.3,13.35,13.0,13.25,91585,3348995
2026-03-09 11:18:00+05:30,13.25,14.3,13.25,14.25,93730,3348995
2026-03-09 11:19:00+05:30,14.3,14.45,14.05,14.2,84760,3333070
2026-03-09 11:20:00+05:30,14.25,14.75,14.1,14.7,80925,3333070
2026-03-09 11:21:00+05:30,14.65,14.95,14.3,14.75,116480,3333070
2026-03-09 11:22:00+05:30,14.8,15.35,14.75,14.95,140530,3288480
2026-03-09 11:23:00+05:30,14.9,15.8,14.85,15.25,134485,3288480
2026-03-09 11:24:00+05:30,15.3,15.3,14.8,14.9,79495,3315000
2026-03-09 11:25:00+05:30,14.95,15.25,14.6,14.7,53170,3315000
2026-03-09 11:26:00+05:30,14.8,15.0,14.3,15.0,62010,3315000
2026-03-09 11:27:00+05:30,15.0,15.1,14.8,14.9,32045,3315000
2026-03-09 11:28:00+05:30,14.9,16.6,14.85,16.35,149565,3335475
2026-03-09 11:29:00+05:30,16.35,16.4,15.5,15.6,132795,3335475
2026-03-09 11:30:00+05:30,15.65,16.05,15.4,15.95,118625,3335475
2026-03-09 11:31:00+05:30,15.95,16.4,15.8,15.8,89180,3319615
2026-03-09 11:32:00+05:30,15.8,16.0,15.25,15.7,98670,3319615
2026-03-09 11:33:00+05:30,15.7,15.85,14.9,15.2,92105,3319615
2026-03-09 11:34:00+05:30,15.25,16.0,15.25,15.75,73645,3319355
2026-03-09 11:35:00+05:30,15.7,16.45,15.7,15.85,73190,3319355
2026-03-09 11:36:00+05:30,15.9,16.05,15.55,15.95,77740,3319355
2026-03-09 11:37:00+05:30,16.0,16.65,15.8,16.25,92820,3307525
2026-03-09 11:38:00+05:30,16.35,16.45,15.95,16.0,101465,3307525
2026-03-09 11:39:00+05:30,15.95,17.2,15.75,16.35,276640,3307525
2026-03-09 11:40:00+05:30,16.35,18.15,16.2,17.4,335270,3298295
2026-03-09 11:41:00+05:30,17.5,18.65,17.25,18.1,374530,3298295
2026-03-09 11:42:00+05:30,18.1,18.1,16.65,16.9,216905,3298295
2026-03-09 11:43:00+05:30,16.85,17.35,16.15,16.5,114790,3350295
2026-03-09 11:44:00+05:30,16.45,17.0,16.4,16.7,112060,3350295
2026-03-09 11:45:00+05:30,16.65,17.2,16.15,16.3,152490,3350295
2026-03-09 11:46:00+05:30,16.3,16.75,16.05,16.7,72085,3370185
2026-03-09 11:47:00+05:30,16.65,18.3,16.65,17.7,173680,3370185
2026-03-09 11:48:00+05:30,17.8,17.85,17.0,17.1,108550,3370185
2026-03-09 11:49:00+05:30,17.15,17.25,16.55,16.65,69420,3351725
2026-03-09 11:50:00+05:30,16.65,17.0,16.1,16.9,77805,3351725
2026-03-09 11:51:00+05:30,16.85,16.9,16.45,16.6,81705,3351725
2026-03-09 11:52:00+05:30,16.6,16.95,16.45,16.55,96460,3339960
2026-03-09 11:53:00+05:30,16.55,16.65,15.95,16.2,73970,3339960
2026-03-09 11:54:00+05:30,16.15,16.25,15.8,16.15,68250,3339960
2026-03-09 11:55:00+05:30,16.15,16.15,15.5,15.65,87100,3360955
2026-03-09 11:56:00+05:30,15.65,16.3,15.6,16.0,70525,3360955
2026-03-09 11:57:00+05:30,16.05,16.55,15.7,16.2,54730,3360955
2026-03-09 11:58:00+05:30,16.2,16.3,15.5,15.65,56550,3360695
2026-03-09 11:59:00+05:30,15.65,15.9,15.5,15.65,65715,3360695
2026-03-09 12:00:00+05:30,15.6,15.7,15.1,15.3,106405,3360695
2026-03-09 12:01:00+05:30,15.3,16.2,15.25,16.15,192270,3378635
2026-03-09 12:02:00+05:30,16.15,16.3,15.75,15.85,84435,3378635
2026-03-09 12:03:00+05:30,15.75,15.8,15.2,15.35,88790,3378635
2026-03-09 12:04:00+05:30,15.35,16.6,15.3,16.3,84240,3394820
2026-03-09 12:05:00+05:30,16.3,16.35,15.65,15.95,63830,3394820
2026-03-09 12:06:00+05:30,15.95,15.95,15.2,15.3,141115,3394820
2026-03-09 12:07:00+05:30,15.35,15.55,14.65,14.75,104455,3432000
2026-03-09 12:08:00+05:30,14.75,14.85,14.3,14.6,77155,3432000
2026-03-09 12:09:00+05:30,14.6,14.6,14.1,14.15,62530,3459235
2026-03-09 12:10:00+05:30,14.15,14.2,13.85,14.15,153660,3459235
2026-03-09 12:11:00+05:30,14.1,14.5,14.05,14.2,106275,3459235
2026-03-09 12:12:00+05:30,14.25,14.45,14.15,14.3,90935,3459235
2026-03-09 12:13:00+05:30,14.3,14.3,14.05,14.25,44785,3459235
2026-03-09 12:14:00+05:30,14.3,14.35,14.15,14.3,41145,3426735
2026-03-09 12:15:00+05:30,14.25,14.45,14.1,14.25,21710,3426735
2026-03-09 12:16:00+05:30,14.25,14.3,14.1,14.1,31915,3426735
2026-03-09 12:17:00+05:30,14.1,14.55,14.1,14.2,41405,3426670
2026-03-09 12:18:00+05:30,14.15,14.35,13.8,13.8,47775,3426670
2026-03-09 12:19:00+05:30,13.8,13.9,13.55,13.7,50570,3426670
2026-03-09 12:20:00+05:30,13.8,13.8,13.45,13.55,57655,3463980
2026-03-09 12:21:00+05:30,13.55,14.05,13.4,14.05,28795,3463980
2026-03-09 12:22:00+05:30,14.0,14.1,13.65,13.7,42120,3463980
2026-03-09 12:23:00+05:30,13.65,13.9,13.6,13.7,37895,3452605
2026-03-09 12:24:00+05:30,13.75,14.5,13.75,14.4,40170,3452605
2026-03-09 12:25:00+05:30,14.45,14.5,14.05,14.25,36660,3452605
2026-03-09 12:26:00+05:30,14.25,14.7,14.15,14.55,42835,3447990
2026-03-09 12:27:00+05:30,14.65,14.75,14.4,14.5,44200,3447990
2026-03-09 12:28:00+05:30,14.5,14.7,14.1,14.15,44915,3447990
2026-03-09 12:29:00+05:30,14.15,14.4,13.95,14.3,42185,3442595
2026-03-09 12:30:00+05:30,14.3,14.55,14.25,14.45,39390,3442595
2026-03-09 12:31:00+05:30,14.45,14.45,13.85,14.1,68575,3442595
2026-03-09 12:32:00+05:30,14.15,14.15,13.6,13.75,57980,3439540
2026-03-09 12:33:00+05:30,13.75,13.95,13.7,13.8,18915,3439540
2026-03-09 12:34:00+05:30,13.8,13.95,13.35,13.4,77025,3439540
2026-03-09 12:35:00+05:30,13.35,13.65,13.2,13.5,87815,3469505
2026-03-09 12:36:00+05:30,13.5,14.1,13.5,13.9,49920,3469505
2026-03-09 12:37:00+05:30,13.75,14.2,13.75,14.15,40690,3469505
2026-03-09 12:38:00+05:30,14.1,14.5,14.05,14.5,45565,3441035
2026-03-09 12:39:00+05:30,14.55,15.05,14.35,14.9,180570,3441035
2026-03-09 12:40:00+05:30,14.8,15.05,14.5,14.85,94575,3441035
2026-03-09 12:41:00+05:30,14.85,15.2,14.55,15.0,78650,3539705
2026-03-09 12:42:00+05:30,15.0,15.35,14.95,14.95,76830,3539705
2026-03-09 12:43:00+05:30,15.05,15.8,14.95,15.75,68965,3539705
2026-03-09 12:44:00+05:30,15.7,15.7,14.9,15.1,66625,3533790
2026-03-09 12:45:00+05:30,15.1,15.65,15.0,15.45,86255,3533790
2026-03-09 12:46:00+05:30,15.45,15.5,14.7,14.8,175825,3533790
2026-03-09 12:47:00+05:30,14.85,15.0,14.5,14.7,146965,3550885
2026-03-09 12:48:00+05:30,14.7,14.85,14.2,14.4,83395,3550885
2026-03-09 12:49:00+05:30,14.45,14.5,14.1,14.25,58500,3550885
2026-03-09 12:50:00+05:30,14.15,14.5,14.1,14.3,52585,3590275
2026-03-09 12:51:00+05:30,14.35,15.05,14.1,14.7,108615,3590275
2026-03-09 12:52:00+05:30,14.75,14.85,14.35,14.6,29250,3590275
2026-03-09 12:53:00+05:30,14.45,16.0,14.45,15.75,91325,3537300
2026-03-09 12:54:00+05:30,15.75,16.0,15.35,15.7,111410,3537300
2026-03-09 12:55:00+05:30,15.7,16.15,15.25,15.6,144170,3537300
2026-03-09 12:56:00+05:30,15.65,16.15,15.45,15.95,81055,3485495
2026-03-09 12:57:00+05:30,15.95,17.4,15.95,16.8,168480,3485495
2026-03-09 12:58:00+05:30,16.85,17.4,16.45,17.0,126880,3455140
2026-03-09 12:59:00+05:30,16.95,18.2,16.8,17.35,133250,3455140
2026-03-09 13:00:00+05:30,17.35,17.6,16.75,17.0,86905,3455140
2026-03-09 13:01:00+05:30,17.1,17.6,16.5,16.9,80145,3455140
2026-03-09 13:02:00+05:30,17.0,17.65,16.9,17.25,125125,3441035
2026-03-09 13:03:00+05:30,17.25,17.25,15.8,16.0,173290,3441035
2026-03-09 13:04:00+05:30,16.0,16.35,15.5,16.15,161720,3441035
2026-03-09 13:05:00+05:30,16.15,16.7,15.85,16.45,134550,3445000
2026-03-09 13:06:00+05:30,16.6,16.75,16.05,16.2,59670,3445000
2026-03-09 13:07:00+05:30,16.15,16.35,15.7,16.0,55185,3445000
2026-03-09 13:08:00+05:30,16.0,16.3,15.65,16.0,54340,3452540
2026-03-09 13:09:00+05:30,16.0,16.2,15.6,15.65,62530,3452540
2026-03-09 13:10:00+05:30,15.7,16.2,15.7,15.85,36920,3452540
2026-03-09 13:11:00+05:30,15.85,15.9,15.3,15.55,101595,3437655
2026-03-09 13:12:00+05:30,15.45,15.95,15.25,15.65,48360,3437655
2026-03-09 13:13:00+05:30,15.65,15.65,15.0,15.25,75465,3437655
2026-03-09 13:14:00+05:30,15.2,15.55,15.05,15.4,116025,3322215
2026-03-09 13:15:00+05:30,15.35,15.9,15.3,15.5,47840,3322215
2026-03-09 13:16:00+05:30,15.5,15.85,15.45,15.45,38090,3322215
2026-03-09 13:17:00+05:30,15.45,15.5,15.05,15.1,55250,3309345
2026-03-09 13:18:00+05:30,15.05,15.2,14.9,14.95,60775,3309345
2026-03-09 13:19:00+05:30,14.95,15.6,14.95,15.55,90090,3309345
2026-03-09 13:20:00+05:30,15.5,17.8,15.35,17.7,133380,3297190
2026-03-09 13:21:00+05:30,17.7,17.7,15.7,15.75,193245,3297190
2026-03-09 13:22:00+05:30,15.7,16.3,15.5,15.5,56615,3297190
2026-03-09 13:23:00+05:30,15.6,15.95,15.3,15.6,83330,3292835
2026-03-09 13:24:00+05:30,15.6,15.6,15.0,15.05,104455,3292835
2026-03-09 13:25:00+05:30,15.05,15.4,14.9,15.35,85540,3292835
2026-03-09 13:26:00+05:30,15.35,16.4,15.2,16.25,98410,3298165
2026-03-09 13:27:00+05:30,16.3,16.65,15.95,16.6,107445,3298165
2026-03-09 13:28:00+05:30,16.6,16.8,15.9,16.55,98995,3298165
2026-03-09 13:29:00+05:30,16.55,17.0,16.25,16.5,89375,3264040
2026-03-09 13:30:00+05:30,16.5,17.0,16.2,16.45,54145,3264040
2026-03-09 13:31:00+05:30,16.55,17.1,16.3,16.95,46930,3264040
2026-03-09 13:32:00+05:30,17.0,17.9,16.9,17.55,118170,3255005
2026-03-09 13:33:00+05:30,17.6,21.55,17.5,19.95,642265,3255005
2026-03-09 13:34:00+05:30,19.95,20.8,18.7,18.7,357240,3255005
2026-03-09 13:35:00+05:30,18.65,19.1,18.0,18.3,210210,3114800
2026-03-09 13:36:00+05:30,18.3,18.55,17.5,17.65,149825,3114800
2026-03-09 13:37:00+05:30,17.55,18.05,17.15,17.95,99320,3114800
2026-03-09 13:38:00+05:30,18.0,18.5,17.7,18.5,114595,3134755
2026-03-09 13:39:00+05:30,18.55,19.3,18.3,19.05,179855,3134755
2026-03-09 13:40:00+05:30,19.05,19.95,18.8,19.55,129545,3134755
2026-03-09 13:41:00+05:30,19.5,19.65,18.85,19.25,123500,3130725
2026-03-09 13:42:00+05:30,19.2,19.35,18.8,19.05,67990,3130725
2026-03-09 13:43:00+05:30,19.0,19.6,18.2,19.4,110565,3130725
2026-03-09 13:44:00+05:30,19.3,20.2,19.3,19.8,140855,3109795
2026-03-09 13:45:00+05:30,19.85,19.85,18.25,18.4,120770,3109795
2026-03-09 13:46:00+05:30,18.4,18.4,17.35,17.5,145535,3109795
2026-03-09 13:47:00+05:30,17.5,18.0,17.0,17.95,150410,3189810
2026-03-09 13:48:00+05:30,17.95,18.8,17.7,18.15,114465,3189810
2026-03-09 13:49:00+05:30,18.0,18.05,17.25,17.5,71565,3189810
2026-03-09 13:50:00+05:30,17.5,17.9,17.1,17.45,50245,3230370
2026-03-09 13:51:00+05:30,17.4,17.7,17.3,17.7,37895,3230370
2026-03-09 13:52:00+05:30,17.65,19.15,17.6,18.9,129415,3230370
2026-03-09 13:53:00+05:30,18.75,19.3,18.55,18.8,114400,3214835
2026-03-09 13:54:00+05:30,18.8,18.85,18.1,18.6,71955,3214835
2026-03-09 13:55:00+05:30,18.55,19.15,18.35,18.8,75530,3214835
2026-03-09 13:56:00+05:30,18.75,19.25,18.75,18.9,84565,3221985
2026-03-09 13:57:00+05:30,18.8,19.25,18.55,18.75,49530,3221985
2026-03-09 13:58:00+05:30,18.8,19.15,17.4,17.4,103285,3221985
2026-03-09 13:59:00+05:30,17.5,17.65,17.1,17.1,97695,3214055
2026-03-09 14:00:00+05:30,17.15,17.7,16.6,16.9,134810,3214055
2026-03-09 14:01:00+05:30,16.9,17.3,16.65,17.0,90155,3214055
2026-03-09 14:02:00+05:30,16.95,17.05,16.15,16.8,113815,3237195
2026-03-09 14:03:00+05:30,16.85,17.85,16.8,17.25,128960,3237195
2026-03-09 14:04:00+05:30,17.25,17.9,16.85,17.75,88660,3237195
2026-03-09 14:05:00+05:30,17.65,18.05,17.2,17.5,72800,3195270
2026-03-09 14:06:00+05:30,17.5,17.85,17.35,17.6,42445,3195270
2026-03-09 14:07:00+05:30,17.65,18.15,17.2,18.15,56485,3195270
2026-03-09 14:08:00+05:30,18.15,18.15,17.35,17.65,54275,3202290
2026-03-09 14:09:00+05:30,17.7,18.15,17.65,17.75,53170,3202290
2026-03-09 14:10:00+05:30,17.75,18.0,17.4,17.75,38285,3202290
2026-03-09 14:11:00+05:30,17.6,17.6,16.7,16.8,103220,3207880
2026-03-09 14:12:00+05:30,16.9,17.1,16.2,17.0,136045,3207880
2026-03-09 14:13:00+05:30,16.95,17.05,15.85,15.9,113880,3207880
2026-03-09 14:14:00+05:30,15.95,16.0,15.4,15.6,118040,3191370
2026-03-09 14:15:00+05:30,15.7,15.9,15.35,15.45,73190,3191370
2026-03-09 14:16:00+05:30,15.45,15.8,15.15,15.4,61555,3191370
2026-03-09 14:17:00+05:30,15.4,15.4,15.05,15.2,68380,3196960
2026-03-09 14:18:00+05:30,15.2,16.2,15.15,15.85,98995,3196960
2026-03-09 14:19:00+05:30,15.85,15.9,15.55,15.7,104650,3196960
2026-03-09 14:20:00+05:30,15.75,15.9,15.2,15.5,71695,3224715
2026-03-09 14:21:00+05:30,15.5,16.0,15.45,15.7,66235,3224715
2026-03-09 14:22:00+05:30,15.75,17.3,15.75,17.3,157300,3224715
2026-03-09 14:23:00+05:30,17.15,17.45,16.8,17.3,101920,3202420
2026-03-09 14:24:00+05:30,17.4,18.5,17.25,18.35,133250,3202420
2026-03-09 14:25:00+05:30,18.4,20.25,18.35,19.8,256165,3202420
2026-03-09 14:26:00+05:30,19.8,20.2,18.25,18.9,258960,3173560
2026-03-09 14:27:00+05:30,18.8,19.25,18.2,18.9,146380,3173560
2026-03-09 14:28:00+05:30,18.8,18.8,17.1,17.1,197080,3173560
2026-03-09 14:29:00+05:30,17.1,18.5,17.05,18.4,141050,3174470
2026-03-09 14:30:00+05:30,18.45,19.15,17.7,17.75,155675,3174470
2026-03-09 14:31:00+05:30,17.6,19.55,17.55,19.45,154310,3174470
2026-03-09 14:32:00+05:30,19.5,20.25,18.9,19.65,214435,3173690
2026-03-09 14:33:00+05:30,19.7,19.7,17.9,18.05,148265,3173690
2026-03-09 14:34:00+05:30,18.15,18.55,17.6,17.85,103090,3173690
2026-03-09 14:35:00+05:30,17.85,18.75,17.25,18.7,146510,3198065
2026-03-09 14:36:00+05:30,18.5,18.7,17.75,17.75,54925,3198065
2026-03-09 14:37:00+05:30,17.9,18.55,17.85,18.35,120705,3198065
2026-03-09 14:38:00+05:30,18.45,19.35,18.35,18.9,105625,3213080
2026-03-09 14:39:00+05:30,18.8,19.3,18.55,19.1,114985,3213080
2026-03-09 14:40:00+05:30,19.15,19.2,18.35,18.45,93600,3213080
2026-03-09 14:41:00+05:30,18.35,18.35,17.05,17.9,196950,3166150
2026-03-09 14:42:00+05:30,17.8,18.7,17.7,18.55,165360,3166150
2026-03-09 14:43:00+05:30,18.6,19.45,18.4,18.8,274105,3166150
2026-03-09 14:44:00+05:30,18.7,19.25,18.45,19.1,213850,3175250
2026-03-09 14:45:00+05:30,18.95,22.5,18.15,22.35,447005,3175250
2026-03-09 14:46:00+05:30,22.35,29.05,22.35,26.15,1613625,2858310
2026-03-09 14:47:00+05:30,26.2,27.8,24.8,25.45,673855,2858310
2026-03-09 14:48:00+05:30,25.25,27.7,25.0,26.3,449280,2858310
2026-03-09 14:49:00+05:30,26.3,26.55,21.8,22.6,673465,2858310
2026-03-09 14:50:00+05:30,22.55,24.2,22.55,23.25,274040,2873715
2026-03-09 14:51:00+05:30,23.2,25.3,23.15,25.05,246740,2873715
2026-03-09 14:52:00+05:30,25.1,25.75,21.4,21.55,392990,2873715
2026-03-09 14:53:00+05:30,21.55,21.9,19.35,21.6,561665,2831855
2026-03-09 14:54:00+05:30,21.65,24.3,21.6,23.9,361270,2831855
2026-03-09 14:55:00+05:30,23.8,24.6,23.15,23.35,425620,2831855
2026-03-09 14:56:00+05:30,23.35,24.2,22.35,23.0,262535,2903550
2026-03-09 14:57:00+05:30,22.9,23.3,20.4,22.65,381485,2903550
2026-03-09 14:58:00+05:30,22.65,23.25,21.75,22.25,234715,2903550
2026-03-09 14:59:00+05:30,22.3,23.8,21.1,23.8,181675,2941965
2026-03-09 15:00:00+05:30,23.9,24.2,18.7,19.5,672555,2941965
2026-03-09 15:01:00+05:30,19.4,20.95,17.95,20.15,571870,2941965
2026-03-09 15:02:00+05:30,20.15,22.8,20.15,22.5,436995,2928835
2026-03-09 15:03:00+05:30,22.55,27.4,22.15,25.85,782015,2928835
2026-03-09 15:04:00+05:30,26.0,26.7,24.45,25.2,376220,2928835
2026-03-09 15:05:00+05:30,25.15,27.25,24.4,25.4,378365,2955810
2026-03-09 15:06:00+05:30,25.35,29.35,25.15,26.0,611195,2955810
2026-03-09 15:07:00+05:30,25.9,26.15,21.3,21.6,587925,2955810
2026-03-09 15:08:00+05:30,21.65,22.2,20.3,21.6,458705,2946190
2026-03-09 15:09:00+05:30,21.6,22.5,20.75,22.5,287755,2946190
2026-03-09 15:10:00+05:30,22.4,23.15,21.0,22.55,321685,2946190
2026-03-09 15:11:00+05:30,22.45,23.8,22.1,22.1,188370,3029845
2026-03-09 15:12:00+05:30,22.1,24.6,22.05,23.45,247780,3029845
2026-03-09 15:13:00+05:30,23.45,24.5,22.75,23.35,309985,3029845
2026-03-09 15:14:00+05:30,23.35,23.6,22.0,22.7,280605,3029520
2026-03-09 15:15:00+05:30,22.8,23.6,21.55,22.75,407290,3029520
2026-03-09 15:16:00+05:30,22.65,22.75,19.45,21.1,522470,3029520
2026-03-09 15:17:00+05:30,20.95,24.0,20.95,23.95,392340,2919085
2026-03-09 15:18:00+05:30,23.8,24.05,22.05,23.05,261560,2919085
2026-03-09 15:19:00+05:30,23.0,23.35,22.4,22.65,234975,2919085
2026-03-09 15:20:00+05:30,22.6,22.65,17.5,17.5,510575,2843555
2026-03-09 15:21:00+05:30,17.5,18.85,17.2,18.5,322530,2843555
2026-03-09 15:22:00+05:30,18.4,19.5,17.15,19.25,243295,2813395
2026-03-09 15:23:00+05:30,19.15,19.85,18.25,18.5,294385,2813395
2026-03-09 15:24:00+05:30,18.55,18.55,17.2,18.0,281320,2813395
2026-03-09 15:25:00+05:30,17.9,18.15,16.6,18.1,248105,2813395
2026-03-09 15:26:00+05:30,18.0,18.2,17.4,17.5,194870,2834520
2026-03-09 15:27:00+05:30,17.5,17.95,16.9,17.75,340275,2834520
2026-03-09 15:28:00+05:30,17.75,17.95,16.9,17.55,316745,2834520
2026-03-09 15:29:00+05:30,17.6,18.95,16.95,17.2,343135,2679430
2026-03-10 09:15:00+05:30,22.0,22.05,4.9,5.35,2535780,3069365
2026-03-10 09:16:00+05:30,5.35,6.45,4.9,4.9,2299700,3069365
2026-03-10 09:17:00+05:30,4.9,5.15,4.45,4.8,1741805,3069365
2026-03-10 09:18:00+05:30,4.75,5.1,4.2,4.25,1590355,3069365
2026-03-10 09:19:00+05:30,4.25,4.4,3.55,3.65,1404325,4072055
2026-03-10 09:20:00+05:30,3.65,3.75,3.15,3.4,1141595,4072055
2026-03-10 09:21:00+05:30,3.4,3.5,3.0,3.05,959205,4072055
2026-03-10 09:22:00+05:30,3.05,3.5,2.75,3.0,1474525,4429100
2026-03-10 09:23:00+05:30,2.95,3.15,2.85,2.95,1681485,4429100
2026-03-10 09:24:00+05:30,2.95,3.05,2.75,2.85,1296425,4429100
2026-03-10 09:25:00+05:30,2.85,3.1,2.8,3.05,1447615,4926090
2026-03-10 09:26:00+05:30,3.1,3.25,2.8,2.85,1090310,4926090
2026-03-10 09:27:00+05:30,2.85,2.95,2.75,2.8,781820,4926090
2026-03-10 09:28:00+05:30,2.8,2.95,2.75,2.85,615225,5381155
2026-03-10 09:29:00+05:30,2.8,3.05,2.7,2.8,909610,5381155
2026-03-10 09:30:00+05:30,2.8,2.9,2.5,2.55,968565,5381155
2026-03-10 09:31:00+05:30,2.5,2.55,2.4,2.5,1082445,5550350
2026-03-10 09:32:00+05:30,2.45,2.7,2.45,2.55,822055,5550350
2026-03-10 09:33:00+05:30,2.5,2.55,2.35,2.4,896740,5550350
2026-03-10 09:34:00+05:30,2.45,2.45,2.35,2.35,783640,5681065
2026-03-10 09:35:00+05:30,2.4,2.55,2.35,2.45,933530,5681065
2026-03-10 09:36:00+05:30,2.5,2.6,2.4,2.55,1076205,5681065
2026-03-10 09:37:00+05:30,2.55,2.6,2.4,2.45,747370,5769400
2026-03-10 09:38:00+05:30,2.5,2.55,2.35,2.45,619905,5769400
2026-03-10 09:39:00+05:30,2.5,2.55,2.4,2.45,935285,5769400
2026-03-10 09:40:00+05:30,2.45,2.55,2.4,2.5,571675,5582720
2026-03-10 09:41:00+05:30,2.55,2.55,2.3,2.35,880295,5582720
2026-03-10 09:42:00+05:30,2.35,2.5,2.3,2.5,616915,5582720
2026-03-10 09:43:00+05:30,2.5,2.65,2.45,2.55,1128465,5708625
2026-03-10 09:44:00+05:30,2.55,2.9,2.55,2.85,1373320,5708625
2026-03-10 09:45:00+05:30,2.85,3.0,2.45,2.45,1116960,5708625
2026-03-10 09:46:00+05:30,2.5,2.5,2.35,2.35,917735,5948605
2026-03-10 09:47:00+05:30,2.4,2.4,2.1,2.1,579540,5948605
2026-03-10 09:48:00+05:30,2.15,2.15,2.0,2.1,719290,5948605
2026-03-10 09:49:00+05:30,2.1,2.2,2.05,2.2,620425,5942560
2026-03-10 09:50:00+05:30,2.2,2.25,2.15,2.2,472030,5942560
2026-03-10 09:51:00+05:30,2.25,2.25,2.15,2.15,345150,6175065
2026-03-10 09:52:00+05:30,2.15,2.2,2.05,2.1,427245,6175065
2026-03-10 09:53:00+05:30,2.1,2.15,2.05,2.1,590785,6175065
2026-03-10 09:54:00+05:30,2.05,2.1,2.0,2.05,476125,6175065
2026-03-10 09:55:00+05:30,2.05,2.05,1.95,1.95,362050,6266130
2026-03-10 09:56:00+05:30,2.0,2.0,1.95,1.95,371930,6266130
2026-03-10 09:57:00+05:30,1.9,1.95,1.8,1.8,555945,6486350
2026-03-10 09:58:00+05:30,1.85,2.0,1.8,2.0,1017315,6486350
2026-03-10 09:59:00+05:30,2.0,2.0,1.9,1.95,648570,6486350
2026-03-10 10:00:00+05:30,2.0,2.1,1.9,2.0,916370,6486350
2026-03-10 10:01:00+05:30,2.05,2.25,2.05,2.15,772200,6665230
2026-03-10 10:02:00+05:30,2.15,2.2,2.05,2.15,558025,6665230
2026-03-10 10:03:00+05:30,2.1,2.2,2.0,2.05,402545,6665230
2026-03-10 10:04:00+05:30,2.05,2.05,2.0,2.0,167570,6735625
2026-03-10 10:05:00+05:30,2.05,2.1,2.0,2.05,366145,6735625
2026-03-10 10:06:00+05:30,2.05,2.05,1.95,2.0,228345,6735625
2026-03-10 10:07:00+05:30,2.0,2.05,1.95,2.0,369460,6792565
2026-03-10 10:08:00+05:30,2.0,2.2,2.0,2.1,822185,6792565
2026-03-10 10:09:00+05:30,2.15,2.2,2.1,2.15,498875,6792565
2026-03-10 10:10:00+05:30,2.15,2.15,2.0,2.05,452270,6770270
2026-03-10 10:11:00+05:30,2.05,2.05,1.85,1.9,1055795,6770270
2026-03-10 10:12:00+05:30,1.95,2.25,1.9,2.1,1025440,6770270
2026-03-10 10:13:00+05:30,2.1,2.15,2.0,2.05,449475,6904560
2026-03-10 10:14:00+05:30,2.05,2.3,1.9,2.05,2026050,6904560
2026-03-10 10:15:00+05:30,2.05,2.5,2.0,2.35,2296320,6904560
2026-03-10 10:16:00+05:30,2.3,2.45,2.2,2.35,2469675,6373510
2026-03-10 10:17:00+05:30,2.35,2.8,2.2,2.5,2449070,6373510
2026-03-10 10:18:00+05:30,2.5,2.5,2.2,2.2,2028650,6373510
2026-03-10 10:19:00+05:30,2.2,2.3,2.15,2.3,868075,5718115
2026-03-10 10:20:00+05:30,2.3,2.35,2.0,2.0,1236365,5718115
2026-03-10 10:21:00+05:30,2.05,2.05,1.9,1.95,865605,5718115
2026-03-10 10:22:00+05:30,1.95,1.95,1.65,1.7,946530,5659290
2026-03-10 10:23:00+05:30,1.65,1.7,1.55,1.6,612755,5659290
2026-03-10 10:24:00+05:30,1.6,1.65,1.55,1.6,562900,5829200
2026-03-10 10:25:00+05:30,1.55,1.65,1.55,1.6,550615,5829200
2026-03-10 10:26:00+05:30,1.6,1.65,1.55,1.6,455390,5829200
2026-03-10 10:27:00+05:30,1.6,1.65,1.55,1.6,381160,5829200
2026-03-10 10:28:00+05:30,1.65,1.65,1.5,1.6,590005,5911360
2026-03-10 10:29:00+05:30,1.6,1.65,1.55,1.6,472290,5911360
2026-03-10 10:30:00+05:30,1.6,1.7,1.55,1.6,301925,5911360
2026-03-10 10:31:00+05:30,1.65,1.8,1.65,1.75,652340,5984680
2026-03-10 10:32:00+05:30,1.75,1.9,1.7,1.9,545350,5984680
2026-03-10 10:33:00+05:30,1.85,2.1,1.8,2.1,1250990,5984680
2026-03-10 10:34:00+05:30,2.1,2.1,1.75,1.8,1792765,6090110
2026-03-10 10:35:00+05:30,1.85,1.9,1.65,1.85,1322100,6090110
2026-03-10 10:36:00+05:30,1.85,2.0,1.8,1.85,969540,6090110
2026-03-10 10:37:00+05:30,1.8,1.85,1.65,1.75,951210,6072820
2026-03-10 10:38:00+05:30,1.75,1.75,1.65,1.75,568750,6072820
2026-03-10 10:39:00+05:30,1.7,1.75,1.65,1.7,290940,6072820
2026-03-10 10:40:00+05:30,1.75,2.1,1.7,1.9,751465,6251505
2026-03-10 10:41:00+05:30,1.9,2.1,1.85,2.0,1068795,6251505
2026-03-10 10:42:00+05:30,2.0,2.05,1.95,2.0,404755,6251505
2026-03-10 10:43:00+05:30,2.0,2.05,1.85,1.85,437905,6222710
2026-03-10 10:44:00+05:30,1.85,1.9,1.7,1.75,368420,6222710
2026-03-10 10:45:00+05:30,1.8,1.85,1.75,1.75,299650,6222710
2026-03-10 10:46:00+05:30,1.8,1.85,1.7,1.8,308295,6376110
2026-03-10 10:47:00+05:30,1.75,1.95,1.75,1.95,187720,6376110
2026-03-10 10:48:00+05:30,1.9,2.05,1.85,1.9,589810,6376110
2026-03-10 10:49:00+05:30,1.9,1.95,1.8,1.8,350870,6377085
2026-03-10 10:50:00+05:30,1.8,1.95,1.75,1.9,471510,6377085
2026-03-10 10:51:00+05:30,1.9,1.9,1.75,1.75,527995,6377085
2026-03-10 10:52:00+05:30,1.8,1.8,1.7,1.75,171860,6523400
2026-03-10 10:53:00+05:30,1.7,1.75,1.6,1.65,399230,6523400
2026-03-10 10:54:00+05:30,1.6,1.65,1.55,1.55,461305,6523400
2026-03-10 10:55:00+05:30,1.6,1.65,1.5,1.5,447395,6562140
2026-03-10 10:56:00+05:30,1.55,1.6,1.5,1.55,394615,6562140
2026-03-10 10:57:00+05:30,1.6,1.6,1.5,1.55,232830,6562140
2026-03-10 10:58:00+05:30,1.6,1.6,1.5,1.55,267605,6668935
2026-03-10 10:59:00+05:30,1.55,1.6,1.45,1.5,425750,6668935
2026-03-10 11:00:00+05:30,1.5,1.6,1.5,1.55,499005,6668935
2026-03-10 11:01:00+05:30,1.55,1.6,1.5,1.55,237705,6543615
2026-03-10 11:02:00+05:30,1.55,1.55,1.45,1.45,185055,6543615
2026-03-10 11:03:00+05:30,1.5,1.55,1.45,1.55,215020,6543615
2026-03-10 11:04:00+05:30,1.5,1.65,1.5,1.6,431340,6501495
2026-03-10 11:05:00+05:30,1.6,1.65,1.55,1.65,375050,6501495
2026-03-10 11:06:00+05:30,1.6,1.65,1.55,1.55,265460,6501495
2026-03-10 11:07:00+05:30,1.6,1.6,1.5,1.55,502450,6448910
2026-03-10 11:08:00+05:30,1.55,1.6,1.5,1.55,101790,6448910
2026-03-10 11:09:00+05:30,1.6,1.65,1.55,1.65,117975,6406335
2026-03-10 11:10:00+05:30,1.6,1.65,1.55,1.6,254540,6406335
2026-03-10 11:11:00+05:30,1.6,1.65,1.55,1.6,275470,6406335
2026-03-10 11:12:00+05:30,1.6,1.7,1.55,1.65,515190,6406335
2026-03-10 11:13:00+05:30,1.65,1.7,1.6,1.65,325390,6398990
2026-03-10 11:14:00+05:30,1.6,1.7,1.55,1.65,390195,6398990
2026-03-10 11:15:00+05:30,1.65,2.2,1.55,1.8,1733225,6398990
2026-03-10 11:16:00+05:30,1.85,1.85,1.6,1.6,748410,6416215
2026-03-10 11:17:00+05:30,1.65,1.7,1.5,1.55,595465,6416215
2026-03-10 11:18:00+05:30,1.55,1.55,1.4,1.4,395850,6416215
2026-03-10 11:19:00+05:30,1.4,1.45,1.3,1.4,436475,6291805
2026-03-10 11:20:00+05:30,1.4,1.4,1.35,1.4,368225,6291805
2026-03-10 11:21:00+05:30,1.4,1.45,1.35,1.35,439725,6291805
2026-03-10 11:22:00+05:30,1.4,1.45,1.35,1.4,404040,6121245
2026-03-10 11:23:00+05:30,1.35,1.45,1.35,1.35,479570,6121245
2026-03-10 11:24:00+05:30,1.35,1.45,1.35,1.4,341835,6121245
2026-03-10 11:25:00+05:30,1.35,1.45,1.3,1.3,480155,6096155
2026-03-10 11:26:00+05:30,1.3,1.4,1.3,1.3,157430,6096155
2026-03-10 11:27:00+05:30,1.3,1.35,1.3,1.3,73515,6096155
2026-03-10 11:28:00+05:30,1.35,1.4,1.3,1.35,142415,6098300
2026-03-10 11:29:00+05:30,1.35,1.4,1.3,1.35,88205,6098300
2026-03-10 11:30:00+05:30,1.35,1.45,1.35,1.4,383305,6098300
2026-03-10 11:31:00+05:30,1.45,1.5,1.4,1.4,291460,6108245
2026-03-10 11:32:00+05:30,1.4,1.5,1.35,1.5,160680,6108245
2026-03-10 11:33:00+05:30,1.5,1.6,1.45,1.55,514020,6108245
2026-03-10 11:34:00+05:30,1.55,1.6,1.5,1.6,369460,6189365
2026-03-10 11:35:00+05:30,1.55,1.7,1.55,1.65,475020,6189365
2026-03-10 11:36:00+05:30,1.65,1.65,1.5,1.5,228540,6189365
2026-03-10 11:37:00+05:30,1.5,1.6,1.5,1.5,287625,6266715
2026-03-10 11:38:00+05:30,1.5,1.55,1.5,1.55,152945,6266715
2026-03-10 11:39:00+05:30,1.55,1.6,1.5,1.55,699595,6266715
2026-03-10 11:40:00+05:30,1.55,1.55,1.45,1.5,727155,6045130
2026-03-10 11:41:00+05:30,1.5,1.55,1.45,1.5,314145,6045130
2026-03-10 11:42:00+05:30,1.5,1.55,1.5,1.55,95095,6045130
2026-03-10 11:43:00+05:30,1.55,1.55,1.45,1.45,227435,6097000
2026-03-10 11:44:00+05:30,1.5,1.5,1.45,1.45,391430,6097000
2026-03-10 11:45:00+05:30,1.5,1.5,1.4,1.45,338000,6097000
2026-03-10 11:46:00+05:30,1.45,1.45,1.35,1.4,241865,6132945
2026-03-10 11:47:00+05:30,1.4,1.4,1.35,1.35,204165,6132945
2026-03-10 11:48:00+05:30,1.4,1.4,1.3,1.3,257010,6132945
2026-03-10 11:49:00+05:30,1.3,1.3,1.25,1.25,226590,6132945
2026-03-10 11:50:00+05:30,1.3,1.3,1.25,1.25,324220,6169865
2026-03-10 11:51:00+05:30,1.3,1.35,1.25,1.25,453050,6169865
2026-03-10 11:52:00+05:30,1.25,1.3,1.15,1.2,625625,6169865
2026-03-10 11:53:00+05:30,1.2,1.25,1.15,1.15,228605,6234605
2026-03-10 11:54:00+05:30,1.2,1.2,1.15,1.2,149305,6234605
2026-03-10 11:55:00+05:30,1.2,1.25,1.15,1.2,347750,6234605
2026-03-10 11:56:00+05:30,1.25,1.25,1.15,1.2,259090,6086210
2026-03-10 11:57:00+05:30,1.2,1.25,1.15,1.15,223210,6086210
2026-03-10 11:58:00+05:30,1.15,1.2,1.15,1.15,73905,6086210
2026-03-10 11:59:00+05:30,1.2,1.25,1.15,1.25,197275,6171425
2026-03-10 12:00:00+05:30,1.25,1.3,1.2,1.3,210795,6171425
2026-03-10 12:01:00+05:30,1.3,1.35,1.25,1.25,172380,6171425
2026-03-10 12:02:00+05:30,1.25,1.3,1.2,1.2,158015,6169475
2026-03-10 12:03:00+05:30,1.2,1.25,1.15,1.15,83980,6169475
2026-03-10 12:04:00+05:30,1.2,1.2,1.15,1.15,135785,6169475
2026-03-10 12:05:00+05:30,1.15,1.2,1.15,1.15,58435,6214000
2026-03-10 12:06:00+05:30,1.15,1.2,1.15,1.2,74815,6214000
2026-03-10 12:07:00+05:30,1.2,1.2,1.15,1.15,64025,6214000
2026-03-10 12:08:00+05:30,1.2,1.2,1.1,1.15,224900,6201000
2026-03-10 12:09:00+05:30,1.2,1.2,1.1,1.1,214955,6201000
2026-03-10 12:10:00+05:30,1.1,1.2,1.1,1.15,261755,6201000
2026-03-10 12:11:00+05:30,1.15,1.2,1.1,1.15,141570,6309810
2026-03-10 12:12:00+05:30,1.1,1.15,1.05,1.05,123240,6309810
2026-03-10 12:13:00+05:30,1.05,1.1,1.0,1.05,237250,6309810
2026-03-10 12:14:00+05:30,1.05,1.1,1.0,1.05,589290,6353945
2026-03-10 12:15:00+05:30,1.1,1.15,1.05,1.05,460915,6353945
2026-03-10 12:16:00+05:30,1.05,1.1,1.0,1.05,362115,6353945
2026-03-10 12:17:00+05:30,1.05,1.05,0.95,1.05,518375,6281795
2026-03-10 12:18:00+05:30,1.05,1.05,1.0,1.05,248950,6281795
2026-03-10 12:19:00+05:30,1.0,1.05,0.9,0.9,301470,6281795
2026-03-10 12:20:00+05:30,0.95,0.95,0.9,0.95,198185,6354465
2026-03-10 12:21:00+05:30,0.95,0.95,0.8,0.85,260845,6354465
2026-03-10 12:22:00+05:30,0.85,0.95,0.8,0.95,546455,6337825
2026-03-10 12:23:00+05:30,0.95,0.95,0.85,0.95,394160,6337825
2026-03-10 12:24:00+05:30,0.9,1.0,0.9,0.95,492765,6337825
2026-03-10 12:25:00+05:30,0.9,1.0,0.9,1.0,315055,6337825
2026-03-10 12:26:00+05:30,0.95,1.1,0.9,1.0,1172795,6246500
2026-03-10 12:27:00+05:30,1.05,1.1,1.0,1.05,799305,6246500
2026-03-10 12:28:00+05:30,1.05,1.15,1.0,1.1,616655,6246500
2026-03-10 12:29:00+05:30,1.1,1.15,1.05,1.05,511095,6952660
2026-03-10 12:30:00+05:30,1.05,1.1,1.05,1.05,208260,6952660
2026-03-10 12:31:00+05:30,1.1,1.1,1.0,1.0,183495,6952660
2026-03-10 12:32:00+05:30,1.0,1.05,1.0,1.0,121680,6937515
2026-03-10 12:33:00+05:30,1.0,1.05,1.0,1.0,288600,6937515
2026-03-10 12:34:00+05:30,1.05,1.05,1.0,1.0,81185,6937515
2026-03-10 12:35:00+05:30,1.05,1.1,0.9,1.05,772915,6943300
2026-03-10 12:36:00+05:30,1.05,1.1,1.0,1.05,372905,6943300
2026-03-10 12:37:00+05:30,1.05,1.05,0.95,1.05,275925,6943300
2026-03-10 12:38:00+05:30,1.05,1.1,1.0,1.05,364455,6740955
2026-03-10 12:39:00+05:30,1.05,1.15,0.95,1.0,690365,6740955
2026-03-10 12:40:00+05:30,1.0,1.05,0.95,0.95,293345,6740955
2026-03-10 12:41:00+05:30,0.95,1.0,0.9,0.9,141635,6578715
2026-03-10 12:42:00+05:30,0.9,0.95,0.9,0.9,165555,6578715
2026-03-10 12:43:00+05:30,0.95,0.95,0.85,0.9,185250,6578715
2026-03-10 12:44:00+05:30,0.95,1.0,0.9,0.95,130325,6544460
2026-03-10 12:45:00+05:30,0.9,1.05,0.9,1.0,244660,6544460
2026-03-10 12:46:00+05:30,1.0,1.05,1.0,1.05,109395,6544460
2026-03-10 12:47:00+05:30,1.0,1.05,1.0,1.0,207740,6521580
2026-03-10 12:48:00+05:30,0.95,1.05,0.95,1.0,188305,6521580
2026-03-10 12:49:00+05:30,1.0,1.05,1.0,1.05,68705,6521580
2026-03-10 12:50:00+05:30,1.05,1.05,0.95,0.95,297700,6578715
2026-03-10 12:51:00+05:30,0.95,1.0,0.9,0.95,354965,6578715
2026-03-10 12:52:00+05:30,1.0,1.0,0.9,0.9,215085,6578715
2026-03-10 12:53:00+05:30,0.95,0.95,0.8,0.85,794040,6508580
2026-03-10 12:54:00+05:30,0.9,0.9,0.75,0.8,1297530,6508580
2026-03-10 12:55:00+05:30,0.8,0.85,0.75,0.85,591500,6508580
2026-03-10 12:56:00+05:30,0.85,1.0,0.8,0.95,692575,6071000
2026-03-10 12:57:00+05:30,0.95,1.05,0.9,0.9,698750,6071000
2026-03-10 12:58:00+05:30,0.9,0.95,0.8,0.8,558155,6071000
2026-03-10 12:59:00+05:30,0.8,0.85,0.75,0.8,353990,6332820
2026-03-10 13:00:00+05:30,0.8,0.8,0.75,0.75,268775,6332820
2026-03-10 13:01:00+05:30,0.8,0.9,0.75,0.85,261365,6332820
2026-03-10 13:02:00+05:30,0.8,0.85,0.75,0.8,394875,6393270
2026-03-10 13:03:00+05:30,0.8,0.85,0.75,0.8,281840,6393270
2026-03-10 13:04:00+05:30,0.85,0.85,0.75,0.8,257790,6393270
2026-03-10 13:05:00+05:30,0.8,0.8,0.7,0.7,253240,6374810
2026-03-10 13:06:00+05:30,0.7,0.8,0.7,0.75,344435,6374810
2026-03-10 13:07:00+05:30,0.75,0.8,0.7,0.75,215605,6374810
2026-03-10 13:08:00+05:30,0.75,0.75,0.7,0.7,91065,6314490
2026-03-10 13:09:00+05:30,0.7,0.75,0.65,0.7,194675,6314490
2026-03-10 13:10:00+05:30,0.7,0.75,0.7,0.75,141830,6314490
2026-03-10 13:11:00+05:30,0.75,0.75,0.7,0.7,53690,6270355
2026-03-10 13:12:00+05:30,0.7,0.75,0.7,0.7,351130,6270355
2026-03-10 13:13:00+05:30,0.75,0.75,0.7,0.7,137800,6270355
2026-03-10 13:14:00+05:30,0.75,0.75,0.7,0.7,93145,6075550
2026-03-10 13:15:00+05:30,0.75,0.8,0.7,0.8,105625,6075550
2026-03-10 13:16:00+05:30,0.8,0.8,0.75,0.8,25935,6075550
2026-03-10 13:17:00+05:30,0.75,0.85,0.75,0.8,338000,6085365
2026-03-10 13:18:00+05:30,0.75,0.8,0.75,0.75,48750,6085365
2026-03-10 13:19:00+05:30,0.75,0.85,0.75,0.8,51090,6085365
2026-03-10 13:20:00+05:30,0.8,0.85,0.75,0.8,90610,6087380
2026-03-10 13:21:00+05:30,0.8,0.85,0.75,0.85,148265,6087380
2026-03-10 13:22:00+05:30,0.8,0.85,0.75,0.8,341640,6087380
2026-03-10 13:23:00+05:30,0.8,0.85,0.75,0.75,193180,6045260
2026-03-10 13:24:00+05:30,0.8,0.8,0.7,0.7,172315,6045260
2026-03-10 13:25:00+05:30,0.75,0.8,0.7,0.8,331240,6045260
2026-03-10 13:26:00+05:30,0.75,0.8,0.7,0.8,263575,5994885
2026-03-10 13:27:00+05:30,0.75,0.8,0.7,0.7,125905,5994885
2026-03-10 13:28:00+05:30,0.7,0.85,0.7,0.85,245765,5994885
2026-03-10 13:29:00+05:30,0.85,0.85,0.75,0.8,129935,6086210
2026-03-10 13:30:00+05:30,0.8,0.8,0.7,0.8,288210,6086210
2026-03-10 13:31:00+05:30,0.8,0.85,0.7,0.7,340405,6086210
2026-03-10 13:32:00+05:30,0.7,0.8,0.7,0.8,91000,6131450
2026-03-10 13:33:00+05:30,0.8,0.85,0.75,0.85,164320,6131450
2026-03-10 13:34:00+05:30,0.85,0.85,0.8,0.85,48685,6131450
2026-03-10 13:35:00+05:30,0.85,0.9,0.8,0.85,97825,6123065
2026-03-10 13:36:00+05:30,0.85,0.9,0.8,0.8,221130,6123065
2026-03-10 13:37:00+05:30,0.8,0.85,0.65,0.65,403585,6123065
2026-03-10 13:38:00+05:30,0.65,1.2,0.65,1.0,703430,6288490
2026-03-10 13:39:00+05:30,1.0,1.1,0.75,0.75,1274585,6288490
2026-03-10 13:40:00+05:30,0.75,0.9,0.75,0.8,1195545,6288490
2026-03-10 13:41:00+05:30,0.8,0.85,0.65,0.65,742300,6294535
2026-03-10 13:42:00+05:30,0.65,0.75,0.65,0.7,855400,6294535
2026-03-10 13:43:00+05:30,0.65,0.7,0.6,0.65,586040,6294535
2026-03-10 13:44:00+05:30,0.65,0.7,0.55,0.6,484640,6263660
2026-03-10 13:45:00+05:30,0.65,0.7,0.55,0.55,496535,6263660
2026-03-10 13:46:00+05:30,0.6,0.7,0.55,0.6,365885,6263660
2026-03-10 13:47:00+05:30,0.6,0.7,0.6,0.65,242060,6091995
2026-03-10 13:48:00+05:30,0.65,0.7,0.6,0.6,678600,6091995
2026-03-10 13:49:00+05:30,0.65,0.65,0.6,0.65,116285,6091995
2026-03-10 13:50:00+05:30,0.65,0.7,0.6,0.65,252070,5980325
2026-03-10 13:51:00+05:30,0.65,0.75,0.65,0.65,286845,5980325
2026-03-10 13:52:00+05:30,0.7,0.8,0.65,0.75,250770,5980325
2026-03-10 13:53:00+05:30,0.7,0.8,0.65,0.75,758160,6156020
2026-03-10 13:54:00+05:30,0.75,0.75,0.65,0.7,362570,6156020
2026-03-10 13:55:00+05:30,0.7,0.75,0.65,0.7,115570,6156020
2026-03-10 13:56:00+05:30,0.65,0.7,0.6,0.7,308945,6398080
2026-03-10 13:57:00+05:30,0.7,0.7,0.6,0.65,293670,6398080
2026-03-10 13:58:00+05:30,0.65,0.7,0.6,0.6,260520,6398080
2026-03-10 13:59:00+05:30,0.6,0.7,0.6,0.65,111085,6338800
2026-03-10 14:00:00+05:30,0.65,0.75,0.6,0.65,210860,6338800
2026-03-10 14:01:00+05:30,0.6,0.7,0.6,0.65,245830,6338800
2026-03-10 14:02:00+05:30,0.65,0.7,0.6,0.65,159705,6329570
2026-03-10 14:03:00+05:30,0.65,0.65,0.6,0.6,69615,6329570
2026-03-10 14:04:00+05:30,0.65,0.7,0.6,0.7,169325,6329570
2026-03-10 14:05:00+05:30,0.7,0.7,0.65,0.7,187200,6326125
2026-03-10 14:06:00+05:30,0.7,0.7,0.6,0.65,238355,6326125
2026-03-10 14:07:00+05:30,0.65,0.75,0.6,0.75,135330,6326125
2026-03-10 14:08:00+05:30,0.7,0.95,0.7,0.9,342030,6384105
2026-03-10 14:09:00+05:30,0.95,2.0,0.75,0.85,3661190,6384105
2026-03-10 14:10:00+05:30,0.85,0.95,0.75,0.9,1879735,6384105
2026-03-10 14:11:00+05:30,0.9,1.0,0.75,0.85,2314195,6285955
2026-03-10 14:12:00+05:30,0.8,0.9,0.65,0.7,1655940,6285955
2026-03-10 14:13:00+05:30,0.7,0.7,0.6,0.65,1400165,6285955
2026-03-10 14:14:00+05:30,0.65,0.75,0.6,0.7,1043510,6232720
2026-03-10 14:15:00+05:30,0.75,0.8,0.55,0.6,1385865,6232720
2026-03-10 14:16:00+05:30,0.55,0.65,0.5,0.6,1398410,6232720
2026-03-10 14:17:00+05:30,0.55,0.6,0.5,0.55,694200,6252480
2026-03-10 14:18:00+05:30,0.55,0.6,0.45,0.5,1270035,6252480
2026-03-10 14:19:00+05:30,0.5,0.55,0.45,0.5,1270360,6220630
2026-03-10 14:20:00+05:30,0.5,0.55,0.45,0.5,993720,6220630
2026-03-10 14:21:00+05:30,0.5,0.55,0.45,0.55,571155,6220630
2026-03-10 14:22:00+05:30,0.55,0.6,0.45,0.5,1023490,6220630
2026-03-10 14:23:00+05:30,0.55,0.6,0.5,0.55,501540,5902000
2026-03-10 14:24:00+05:30,0.55,0.65,0.55,0.6,670930,5902000
2026-03-10 14:25:00+05:30,0.55,0.65,0.55,0.6,646685,5902000
2026-03-10 14:26:00+05:30,0.55,0.6,0.5,0.55,223860,6310720
2026-03-10 14:27:00+05:30,0.5,0.6,0.5,0.55,576875,6310720
2026-03-10 14:28:00+05:30,0.55,0.6,0.5,0.55,335465,6310720
2026-03-10 14:29:00+05:30,0.55,0.6,0.5,0.55,346840,6203990
2026-03-10 14:30:00+05:30,0.55,0.55,0.5,0.55,102700,6203990
2026-03-10 14:31:00+05:30,0.5,0.6,0.5,0.5,207090,6203990
2026-03-10 14:32:00+05:30,0.5,0.6,0.5,0.5,328965,6249295
2026-03-10 14:33:00+05:30,0.55,0.55,0.45,0.45,361725,6249295
2026-03-10 14:34:00+05:30,0.5,0.5,0.45,0.45,458510,6249295
2026-03-10 14:35:00+05:30,0.5,0.5,0.45,0.5,282230,6164925
2026-03-10 14:36:00+05:30,0.45,0.55,0.45,0.55,245245,6164925
2026-03-10 14:37:00+05:30,0.5,0.6,0.45,0.5,528840,6164925
2026-03-10 14:38:00+05:30,0.45,0.5,0.45,0.45,251680,6244095
2026-03-10 14:39:00+05:30,0.45,0.6,0.45,0.5,422110,6244095
2026-03-10 14:40:00+05:30,0.5,0.55,0.4,0.4,322465,6244095
2026-03-10 14:41:00+05:30,0.4,0.5,0.4,0.45,522210,6312345
2026-03-10 14:42:00+05:30,0.45,0.45,0.35,0.4,610545,6312345
2026-03-10 14:43:00+05:30,0.4,0.45,0.35,0.35,448630,6312345
2026-03-10 14:44:00+05:30,0.4,0.4,0.3,0.3,329680,6430775
2026-03-10 14:45:00+05:30,0.35,0.35,0.3,0.3,248820,6430775
2026-03-10 14:46:00+05:30,0.3,0.35,0.3,0.35,216710,6430775
2026-03-10 14:47:00+05:30,0.3,0.35,0.25,0.25,525330,6531720
2026-03-10 14:48:00+05:30,0.25,0.3,0.25,0.3,632385,6531720
2026-03-10 14:49:00+05:30,0.3,0.3,0.2,0.25,1031225,6531720
2026-03-10 14:50:00+05:30,0.25,0.3,0.2,0.2,871260,6259955
2026-03-10 14:51:00+05:30,0.2,0.25,0.2,0.2,303290,6259955
2026-03-10 14:52:00+05:30,0.25,0.25,0.2,0.2,181350,6259955
2026-03-10 14:53:00+05:30,0.2,0.25,0.2,0.2,184600,5912920
2026-03-10 14:54:00+05:30,0.2,0.25,0.15,0.25,1491620,5912920
2026-03-10 14:55:00+05:30,0.2,0.2,0.15,0.2,681720,5912920
2026-03-10 14:56:00+05:30,0.15,0.2,0.15,0.15,163020,5260905
2026-03-10 14:57:00+05:30,0.15,0.2,0.15,0.15,102960,5260905
2026-03-10 14:58:00+05:30,0.2,0.25,0.15,0.15,452465,5260905
2026-03-10 14:59:00+05:30,0.2,0.25,0.15,0.25,329680,5204615
2026-03-10 15:00:00+05:30,0.25,0.25,0.15,0.25,846170,5204615
2026-03-10 15:01:00+05:30,0.2,0.3,0.2,0.25,490425,5104255
2026-03-10 15:02:00+05:30,0.25,0.3,0.2,0.2,336700,5104255
2026-03-10 15:03:00+05:30,0.2,0.25,0.2,0.2,544895,5104255
2026-03-10 15:04:00+05:30,0.25,0.25,0.15,0.15,576095,5104255
2026-03-10 15:05:00+05:30,0.2,0.2,0.15,0.2,518765,5104255
2026-03-10 15:06:00+05:30,0.15,0.2,0.1,0.1,1028105,5378685
2026-03-10 15:07:00+05:30,0.1,0.15,0.1,0.15,547950,5378685
2026-03-10 15:08:00+05:30,0.1,0.15,0.1,0.1,467545,5378685
2026-03-10 15:09:00+05:30,0.1,0.15,0.05,0.1,242580,5309460
2026-03-10 15:10:00+05:30,0.1,0.1,0.05,0.1,443690,5309460
2026-03-10 15:11:00+05:30,0.1,0.1,0.05,0.1,382200,5309460
2026-03-10 15:12:00+05:30,0.1,0.1,0.05,0.05,229645,5148780
2026-03-10 15:13:00+05:30,0.05,0.1,0.05,0.05,156845,5148780
2026-03-10 15:14:00+05:30,0.05,0.1,0.05,0.1,101855,5148780
2026-03-10 15:15:00+05:30,0.1,0.1,0.05,0.05,286065,5093725
2026-03-10 15:16:00+05:30,0.1,0.1,0.05,0.05,86905,5093725
2026-03-10 15:17:00+05:30,0.1,0.1,0.05,0.1,101075,5093725
2026-03-10 15:18:00+05:30,0.05,0.1,0.05,0.05,481130,4934475
2026-03-10 15:19:00+05:30,0.05,0.1,0.05,0.05,276640,4934475
2026-03-10 15:20:00+05:30,0.1,0.1,0.05,0.05,368290,4934475
2026-03-10 15:21:00+05:30,0.05,0.1,0.05,0.05,191035,4241510
2026-03-10 15:22:00+05:30,0.05,0.1,0.05,0.05,368485,4241510
2026-03-10 15:23:00+05:30,0.05,0.1,0.05,0.05,185055,4241510
2026-03-10 15:24:00+05:30,0.05,0.1,0.05,0.05,186160,3708835
2026-03-10 15:25:00+05:30,0.05,0.05,0.05,0.05,31330,3708835
2026-03-10 15:26:00+05:30,0.05,0.05,0.05,0.05,14170,3708835
2026-03-10 15:27:00+05:30,0.05,0.05,0.05,0.05,8450,3513705
2026-03-10 15:28:00+05:30,0.05,0.05,0.05,0.05,13260,3513705
2026-03-10 15:29:00+05:30,0.05,0.05,0.05,0.05,1040,3513705
