timestamp,open,high,low,close,volume,open_interest
2025-11-18 09:15:00+05:30,161.5,161.8,144.75,149.25,24225,211725
2025-11-18 09:16:00+05:30,148.65,152.2,144.05,152.15,16950,220200
2025-11-18 09:17:00+05:30,152.0,158.05,151.35,156.55,16575,220200
2025-11-18 09:18:00+05:30,156.4,157.8,154.45,154.8,8475,220200
2025-11-18 09:19:00+05:30,154.55,156.05,152.0,154.45,8100,228825
2025-11-18 09:20:00+05:30,153.95,155.7,151.05,155.35,8025,228825
2025-11-18 09:21:00+05:30,155.1,157.5,153.0,153.0,5475,228825
2025-11-18 09:22:00+05:30,153.0,159.0,152.9,159.0,5625,233100
2025-11-18 09:23:00+05:30,158.4,159.0,156.45,158.5,6225,233100
2025-11-18 09:24:00+05:30,156.45,159.85,156.4,158.0,4200,233100
2025-11-18 09:25:00+05:30,157.2,163.95,155.2,163.95,20550,231225
2025-11-18 09:26:00+05:30,165.0,165.0,162.1,163.05,4275,231225
2025-11-18 09:27:00+05:30,162.3,164.7,158.05,158.05,3450,231225
2025-11-18 09:28:00+05:30,159.2,162.9,159.2,162.9,1425,241350
2025-11-18 09:29:00+05:30,161.0,164.1,160.0,160.0,2550,241350
2025-11-18 09:30:00+05:30,159.5,159.85,155.2,156.95,7500,241350
2025-11-18 09:31:00+05:30,157.2,162.0,156.85,159.85,11775,238275
2025-11-18 09:32:00+05:30,160.75,163.0,160.75,161.75,1650,238275
2025-11-18 09:33:00+05:30,163.4,164.0,161.1,161.4,5400,238275
2025-11-18 09:34:00+05:30,160.1,160.6,158.4,159.75,4500,241575
2025-11-18 09:35:00+05:30,158.45,159.85,156.9,156.9,2925,241575
2025-11-18 09:36:00+05:30,156.75,156.95,155.0,155.1,1800,241575
2025-11-18 09:37:00+05:30,155.8,156.15,154.65,154.65,1125,243600
2025-11-18 09:38:00+05:30,154.65,155.95,154.55,154.55,2700,243600
2025-11-18 09:39:00+05:30,154.5,155.25,150.1,150.1,3975,243600
2025-11-18 09:40:00+05:30,150.4,153.7,150.1,152.45,1125,245625
2025-11-18 09:41:00+05:30,152.95,157.9,152.95,154.55,10725,245625
2025-11-18 09:42:00+05:30,153.7,154.95,153.65,154.95,525,245625
2025-11-18 09:43:00+05:30,154.55,155.35,154.0,154.55,3150,253875
2025-11-18 09:44:00+05:30,156.05,156.05,154.9,155.0,2025,253875
2025-11-18 09:45:00+05:30,154.5,156.0,153.2,156.0,11850,253875
2025-11-18 09:46:00+05:30,156.0,156.0,154.0,155.05,1800,249075
2025-11-18 09:47:00+05:30,155.1,157.2,153.5,154.65,4725,249075
2025-11-18 09:48:00+05:30,155.1,155.15,151.05,151.95,2175,249075
2025-11-18 09:49:00+05:30,152.6,152.6,147.2,147.2,3450,252225
2025-11-18 09:50:00+05:30,147.65,148.0,143.1,145.7,27075,252225
2025-11-18 09:51:00+05:30,145.7,146.95,145.4,146.95,2250,252225
2025-11-18 09:52:00+05:30,147.45,148.65,147.15,147.3,6750,244575
2025-11-18 09:53:00+05:30,147.0,147.0,145.45,145.75,18600,244575
2025-11-18 09:54:00+05:30,146.3,147.0,145.95,146.45,1425,244575
2025-11-18 09:55:00+05:30,146.85,147.35,146.0,146.0,1125,263025
2025-11-18 09:56:00+05:30,146.4,146.4,144.85,144.9,2325,263025
2025-11-18 09:57:00+05:30,145.2,145.9,144.6,145.35,1275,263025
2025-11-18 09:58:00+05:30,145.35,146.0,144.2,144.35,1200,263700
2025-11-18 09:59:00+05:30,144.85,145.15,140.0,140.05,3825,263700
2025-11-18 10:00:00+05:30,140.15,140.9,136.65,140.9,5025,263700
2025-11-18 10:01:00+05:30,140.25,141.9,140.0,141.9,1950,264900
2025-11-18 10:02:00+05:30,142.9,144.05,142.45,143.25,4650,264900
2025-11-18 10:03:00+05:30,143.0,144.75,142.85,144.0,2325,264900
2025-11-18 10:04:00+05:30,144.95,145.35,144.0,144.4,2175,267975
2025-11-18 10:05:00+05:30,144.65,146.6,144.65,146.6,1650,267975
2025-11-18 10:06:00+05:30,146.55,146.85,145.0,145.0,1725,267975
2025-11-18 10:07:00+05:30,143.3,144.25,142.55,142.55,2925,268725
2025-11-18 10:08:00+05:30,143.25,144.2,143.15,143.45,2775,268725
2025-11-18 10:09:00+05:30,143.45,144.25,143.0,143.8,600,268725
2025-11-18 10:10:00+05:30,143.8,144.35,143.8,143.8,450,271125
2025-11-18 10:11:00+05:30,143.0,143.6,142.55,142.85,1275,271125
2025-11-18 10:12:00+05:30,144.2,144.2,142.05,142.35,675,271125
2025-11-18 10:13:00+05:30,142.5,142.5,141.15,141.2,975,272250
2025-11-18 10:14:00+05:30,141.95,141.95,141.2,141.2,600,272250
2025-11-18 10:15:00+05:30,141.55,142.45,141.2,141.75,1650,272250
2025-11-18 10:16:00+05:30,141.85,142.1,140.9,140.9,1200,272400
2025-11-18 10:17:00+05:30,141.35,142.9,141.35,142.65,825,272400
2025-11-18 10:18:00+05:30,142.85,143.45,142.0,143.45,975,272400
2025-11-18 10:19:00+05:30,143.8,145.5,143.8,145.5,2625,272250
2025-11-18 10:20:00+05:30,144.65,147.4,144.65,146.95,1350,272250
2025-11-18 10:21:00+05:30,146.35,147.15,144.75,144.75,1125,272250
2025-11-18 10:22:00+05:30,143.25,143.9,143.25,143.6,300,272250
2025-11-18 10:23:00+05:30,144.0,147.6,144.0,147.6,1425,274650
2025-11-18 10:24:00+05:30,146.05,146.15,145.35,145.35,675,274650
2025-11-18 10:25:00+05:30,146.1,147.0,146.1,147.0,4050,278325
2025-11-18 10:26:00+05:30,147.35,147.6,145.7,145.7,2175,278325
2025-11-18 10:27:00+05:30,145.0,145.75,143.8,144.2,3750,278325
2025-11-18 10:28:00+05:30,144.0,145.5,143.5,143.5,675,278100
2025-11-18 10:29:00+05:30,143.5,144.0,141.15,141.6,900,278100
2025-11-18 10:30:00+05:30,141.6,143.0,141.6,142.2,8025,278100
2025-11-18 10:31:00+05:30,141.5,141.5,140.55,140.8,450,277725
2025-11-18 10:32:00+05:30,140.9,140.9,137.35,137.35,2775,277725
2025-11-18 10:33:00+05:30,138.8,138.8,137.5,137.85,1050,277725
2025-11-18 10:34:00+05:30,138.05,138.85,137.75,138.45,1425,279675
2025-11-18 10:35:00+05:30,138.85,139.0,136.7,137.75,3600,279675
2025-11-18 10:36:00+05:30,138.0,140.55,137.4,140.55,1200,279675
2025-11-18 10:37:00+05:30,140.45,141.25,138.75,139.0,9600,285225
2025-11-18 10:38:00+05:30,139.6,141.05,139.6,139.9,975,285225
2025-11-18 10:39:00+05:30,140.6,140.9,139.95,140.5,2100,285225
2025-11-18 10:40:00+05:30,142.0,142.0,140.85,142.0,2700,287625
2025-11-18 10:41:00+05:30,141.15,142.0,141.15,141.5,675,287625
2025-11-18 10:42:00+05:30,141.15,141.4,140.4,140.4,1875,287625
2025-11-18 10:43:00+05:30,140.1,140.1,139.9,139.9,600,287625
2025-11-18 10:44:00+05:30,141.4,141.6,141.1,141.1,675,288000
2025-11-18 10:45:00+05:30,142.0,142.1,140.1,141.95,7425,288000
2025-11-18 10:46:00+05:30,142.0,142.65,142.0,142.5,975,293850
2025-11-18 10:47:00+05:30,142.6,143.6,142.45,143.6,750,293850
2025-11-18 10:48:00+05:30,144.0,146.45,144.0,145.55,7050,293850
2025-11-18 10:49:00+05:30,145.95,148.2,145.95,147.25,21000,309675
2025-11-18 10:50:00+05:30,147.25,147.45,146.55,147.3,1350,309675
2025-11-18 10:51:00+05:30,146.85,147.2,144.8,145.4,2625,309675
2025-11-18 10:52:00+05:30,145.6,146.15,145.25,145.25,1575,312150
2025-11-18 10:53:00+05:30,145.85,146.0,144.7,145.95,3300,312150
2025-11-18 10:54:00+05:30,146.0,147.0,144.6,146.0,3525,312150
2025-11-18 10:55:00+05:30,146.05,146.7,146.05,146.7,150,312150
2025-11-18 10:56:00+05:30,146.9,151.0,146.55,151.0,2775,313575
2025-11-18 10:57:00+05:30,151.1,151.5,148.8,148.85,4875,313575
2025-11-18 10:58:00+05:30,149.8,150.05,149.8,150.0,600,313575
2025-11-18 10:59:00+05:30,149.45,149.45,146.55,147.8,5925,314250
2025-11-18 11:00:00+05:30,149.25,152.3,149.25,151.4,5400,314250
2025-11-18 11:01:00+05:30,150.9,152.6,150.9,152.05,975,318150
2025-11-18 11:02:00+05:30,151.9,152.7,149.75,150.1,7575,318150
2025-11-18 11:03:00+05:30,150.25,151.1,149.9,150.2,5550,318150
2025-11-18 11:04:00+05:30,148.8,149.25,148.05,148.05,1650,318150
2025-11-18 11:05:00+05:30,148.5,148.5,147.05,147.35,825,318375
2025-11-18 11:06:00+05:30,146.95,148.35,146.95,148.35,2550,318375
2025-11-18 11:07:00+05:30,148.45,150.0,148.0,148.45,2325,318375
2025-11-18 11:08:00+05:30,149.15,149.5,149.0,149.0,1200,321300
2025-11-18 11:09:00+05:30,149.8,150.65,149.8,150.65,525,321300
2025-11-18 11:10:00+05:30,150.6,151.35,149.9,150.8,2325,321075
2025-11-18 11:11:00+05:30,151.65,152.1,149.7,149.7,2925,321075
2025-11-18 11:12:00+05:30,149.7,150.0,148.65,150.0,1200,321075
2025-11-18 11:13:00+05:30,150.55,150.55,150.15,150.35,525,321075
2025-11-18 11:14:00+05:30,149.2,151.15,149.15,151.15,300,322950
2025-11-18 11:15:00+05:30,150.45,152.45,150.45,152.0,2100,322950
2025-11-18 11:16:00+05:30,151.65,151.85,149.6,150.0,1725,322950
2025-11-18 11:17:00+05:30,150.05,151.05,150.0,150.9,3900,321675
2025-11-18 11:18:00+05:30,152.1,153.5,151.2,153.2,3150,321675
2025-11-18 11:19:00+05:30,153.0,153.4,152.6,153.3,3675,323700
2025-11-18 11:20:00+05:30,153.45,153.75,152.05,152.45,1800,323700
2025-11-18 11:21:00+05:30,152.45,153.15,152.45,153.0,17400,323700
2025-11-18 11:22:00+05:30,152.7,153.6,152.35,153.3,3075,312150
2025-11-18 11:23:00+05:30,153.1,154.5,152.35,153.0,3525,312150
2025-11-18 11:24:00+05:30,153.35,153.35,151.3,151.35,2700,312150
2025-11-18 11:25:00+05:30,151.35,152.1,149.5,151.75,6675,312150
2025-11-18 11:26:00+05:30,149.6,151.0,149.6,150.0,825,313050
2025-11-18 11:27:00+05:30,150.45,150.45,148.0,148.0,3300,313050
2025-11-18 11:28:00+05:30,148.0,148.0,146.15,146.75,1425,313050
2025-11-18 11:29:00+05:30,145.8,145.85,143.9,144.3,3225,313725
2025-11-18 11:30:00+05:30,145.95,145.95,144.95,145.2,1425,313725
2025-11-18 11:31:00+05:30,145.2,148.8,145.2,148.8,2325,313725
2025-11-18 11:32:00+05:30,148.0,149.95,148.0,149.95,300,315600
2025-11-18 11:33:00+05:30,150.7,151.8,150.0,151.7,1800,315600
2025-11-18 11:34:00+05:30,151.25,151.25,150.5,150.5,450,315600
2025-11-18 11:35:00+05:30,151.1,151.8,150.6,150.6,600,315300
2025-11-18 11:36:00+05:30,151.15,153.1,151.15,153.1,450,315300
2025-11-18 11:37:00+05:30,153.0,153.0,151.9,151.9,600,315300
2025-11-18 11:38:00+05:30,151.95,151.95,151.35,151.35,525,315825
2025-11-18 11:39:00+05:30,151.75,151.75,151.45,151.45,225,315825
2025-11-18 11:40:00+05:30,152.25,154.5,152.25,154.5,3075,315825
2025-11-18 11:41:00+05:30,154.8,155.65,154.05,154.4,2250,315900
2025-11-18 11:42:00+05:30,153.25,153.7,152.65,153.45,2475,315900
2025-11-18 11:43:00+05:30,153.7,155.2,153.7,155.2,1200,315900
2025-11-18 11:44:00+05:30,155.05,156.25,154.6,156.25,2625,318375
2025-11-18 11:45:00+05:30,156.3,156.6,155.45,156.4,7125,318375
2025-11-18 11:46:00+05:30,156.1,161.7,155.5,161.7,11475,318375
2025-11-18 11:47:00+05:30,162.0,163.85,158.65,159.85,10500,323700
2025-11-18 11:48:00+05:30,160.5,160.8,159.65,160.8,2475,323700
2025-11-18 11:49:00+05:30,161.0,163.45,161.0,163.0,1950,323700
2025-11-18 11:50:00+05:30,162.0,162.0,158.85,159.35,1350,323550
2025-11-18 11:51:00+05:30,159.1,159.8,158.25,158.6,4350,323550
2025-11-18 11:52:00+05:30,159.25,163.75,158.0,162.75,9750,323550
2025-11-18 11:53:00+05:30,162.05,163.1,161.3,162.6,5100,326400
2025-11-18 11:54:00+05:30,163.9,166.0,162.65,163.2,10650,326400
2025-11-18 11:55:00+05:30,163.45,164.6,162.55,162.55,2250,326400
2025-11-18 11:56:00+05:30,162.1,162.4,161.05,161.05,3000,327900
2025-11-18 11:57:00+05:30,160.9,162.1,160.6,161.0,1800,327900
2025-11-18 11:58:00+05:30,162.1,164.0,162.05,164.0,1050,327900
2025-11-18 11:59:00+05:30,163.1,165.0,163.1,164.4,3075,328275
2025-11-18 12:00:00+05:30,164.3,164.95,163.0,163.0,3000,328275
2025-11-18 12:01:00+05:30,163.6,164.35,162.65,162.65,1950,328275
2025-11-18 12:02:00+05:30,162.25,166.0,162.25,164.25,8325,329625
2025-11-18 12:03:00+05:30,163.55,164.25,159.1,160.9,5550,329625
2025-11-18 12:04:00+05:30,160.95,162.15,160.3,160.75,3825,329625
2025-11-18 12:05:00+05:30,160.25,160.9,158.7,159.65,1875,328650
2025-11-18 12:06:00+05:30,160.25,162.0,160.25,160.65,1350,328650
2025-11-18 12:07:00+05:30,161.0,161.0,159.05,159.7,1275,328650
2025-11-18 12:08:00+05:30,159.8,160.95,159.8,160.85,675,328650
2025-11-18 12:09:00+05:30,160.7,161.65,160.7,161.5,975,328650
2025-11-18 12:10:00+05:30,161.5,162.0,160.05,161.2,1350,328650
2025-11-18 12:11:00+05:30,160.0,161.75,158.6,158.7,2325,331200
2025-11-18 12:12:00+05:30,158.9,158.9,158.5,158.55,525,331200
2025-11-18 12:13:00+05:30,159.7,159.7,159.0,159.0,1575,331200
2025-11-18 12:14:00+05:30,159.2,159.2,159.2,159.2,75,331200
2025-11-18 12:15:00+05:30,157.05,157.05,155.7,155.8,975,330600
2025-11-18 12:16:00+05:30,155.0,155.0,152.3,154.95,1950,330600
2025-11-18 12:17:00+05:30,156.95,157.2,155.9,155.9,825,330675
2025-11-18 12:18:00+05:30,156.05,157.0,156.05,157.0,225,330675
2025-11-18 12:19:00+05:30,157.45,157.45,156.05,157.05,450,330675
2025-11-18 12:20:00+05:30,156.05,156.6,154.75,156.15,1200,330825
2025-11-18 12:21:00+05:30,156.05,156.05,156.05,156.05,75,330825
2025-11-18 12:22:00+05:30,155.7,155.7,153.5,153.65,675,330825
2025-11-18 12:23:00+05:30,154.75,155.55,152.15,154.0,24300,316800
2025-11-18 12:24:00+05:30,154.05,154.05,151.8,151.8,600,316800
2025-11-18 12:25:00+05:30,152.45,153.6,152.45,153.6,300,316800
2025-11-18 12:26:00+05:30,155.4,156.4,152.55,152.55,2250,313350
2025-11-18 12:27:00+05:30,151.05,151.2,149.55,149.65,2025,313350
2025-11-18 12:28:00+05:30,151.4,155.7,151.3,155.7,1500,313350
2025-11-18 12:29:00+05:30,155.25,156.35,154.35,155.7,2625,316575
2025-11-18 12:30:00+05:30,156.15,157.0,156.15,157.0,150,316575
2025-11-18 12:31:00+05:30,154.5,154.5,151.75,151.75,4050,316575
2025-11-18 12:32:00+05:30,153.05,153.15,153.0,153.15,300,313875
2025-11-18 12:33:00+05:30,153.15,153.15,153.15,153.15,0,313875
2025-11-18 12:34:00+05:30,153.3,153.85,152.05,152.15,3375,313875
2025-11-18 12:35:00+05:30,151.85,152.85,151.4,151.6,1875,316125
2025-11-18 12:36:00+05:30,151.05,151.05,145.45,147.95,14700,316125
2025-11-18 12:37:00+05:30,148.95,150.2,148.5,150.05,1875,316125
2025-11-18 12:38:00+05:30,150.5,152.3,150.5,152.3,10275,320700
2025-11-18 12:39:00+05:30,151.5,152.0,150.0,150.0,2100,320700
2025-11-18 12:40:00+05:30,150.0,151.25,150.0,151.25,300,320700
2025-11-18 12:41:00+05:30,151.1,151.65,150.7,151.15,1725,329100
2025-11-18 12:42:00+05:30,150.1,151.45,149.45,151.45,1125,329100
2025-11-18 12:43:00+05:30,150.95,150.95,150.65,150.65,375,329100
2025-11-18 12:44:00+05:30,149.0,150.05,148.95,149.8,2550,330375
2025-11-18 12:45:00+05:30,149.3,150.0,148.9,149.35,2925,330375
2025-11-18 12:46:00+05:30,149.95,150.6,148.05,148.65,4050,330375
2025-11-18 12:47:00+05:30,148.45,150.55,148.1,150.55,2625,327825
2025-11-18 12:48:00+05:30,150.35,150.95,150.0,150.35,2850,327825
2025-11-18 12:49:00+05:30,150.3,150.3,147.35,147.35,5175,327825
2025-11-18 12:50:00+05:30,147.8,147.8,144.95,146.5,5250,320550
2025-11-18 12:51:00+05:30,148.25,149.15,148.2,148.2,825,320550
2025-11-18 12:52:00+05:30,148.55,149.05,148.55,149.05,150,320550
2025-11-18 12:53:00+05:30,149.0,150.1,149.0,150.05,600,320400
2025-11-18 12:54:00+05:30,150.9,153.15,150.9,152.65,4725,320400
2025-11-18 12:55:00+05:30,153.45,156.2,153.45,154.15,4800,320400
2025-11-18 12:56:00+05:30,153.65,155.4,153.65,154.95,3000,319575
2025-11-18 12:57:00+05:30,154.75,154.9,151.7,152.4,8400,319575
2025-11-18 12:58:00+05:30,152.0,152.45,150.55,150.55,2400,319575
2025-11-18 12:59:00+05:30,150.8,150.8,150.6,150.6,450,317100
2025-11-18 13:00:00+05:30,151.45,154.55,151.45,154.55,2850,317100
2025-11-18 13:01:00+05:30,153.5,153.5,153.5,153.5,225,317100
2025-11-18 13:02:00+05:30,153.1,155.35,153.1,155.35,1425,317925
2025-11-18 13:03:00+05:30,154.0,156.9,153.95,156.9,3150,317925
2025-11-18 13:04:00+05:30,156.0,156.65,155.25,156.2,3675,317925
2025-11-18 13:05:00+05:30,156.0,157.2,155.4,155.6,4800,319875
2025-11-18 13:06:00+05:30,155.05,156.3,154.6,155.65,4800,319875
2025-11-18 13:07:00+05:30,155.6,155.7,153.85,153.85,1800,319875
2025-11-18 13:08:00+05:30,153.2,154.05,153.0,153.6,2550,319875
2025-11-18 13:09:00+05:30,155.0,156.65,155.0,155.95,5925,320625
2025-11-18 13:10:00+05:30,156.1,157.7,156.0,156.55,13275,320625
2025-11-18 13:11:00+05:30,155.9,158.0,155.5,155.5,2775,315450
2025-11-18 13:12:00+05:30,155.05,155.75,154.6,154.6,450,315450
2025-11-18 13:13:00+05:30,154.6,155.15,154.15,155.15,2175,315450
2025-11-18 13:14:00+05:30,155.0,155.0,154.45,155.0,1050,315450
2025-11-18 13:15:00+05:30,156.0,156.0,156.0,156.0,150,317700
2025-11-18 13:16:00+05:30,156.85,157.9,156.6,157.0,3450,317700
2025-11-18 13:17:00+05:30,156.8,158.45,156.5,158.4,3000,317100
2025-11-18 13:18:00+05:30,159.9,160.0,156.95,156.95,3000,317100
2025-11-18 13:19:00+05:30,157.45,157.5,156.4,157.25,1275,317100
2025-11-18 13:20:00+05:30,158.4,158.4,157.5,157.5,1725,318975
2025-11-18 13:21:00+05:30,158.3,159.45,157.85,158.95,1500,318975
2025-11-18 13:22:00+05:30,158.55,158.55,157.0,157.85,975,318975
2025-11-18 13:23:00+05:30,158.8,158.8,158.15,158.6,450,318525
2025-11-18 13:24:00+05:30,158.15,158.35,156.65,156.65,1425,318525
2025-11-18 13:25:00+05:30,156.8,157.35,155.75,157.35,375,318525
2025-11-18 13:26:00+05:30,157.3,157.3,155.8,155.85,1275,319950
2025-11-18 13:27:00+05:30,156.45,156.65,155.0,155.0,675,319950
2025-11-18 13:28:00+05:30,155.75,157.5,155.75,157.5,750,319950
2025-11-18 13:29:00+05:30,157.15,157.4,156.0,156.0,1725,320250
2025-11-18 13:30:00+05:30,157.2,159.35,157.2,158.0,2700,320250
2025-11-18 13:31:00+05:30,157.85,159.95,157.75,159.45,1275,320250
2025-11-18 13:32:00+05:30,159.6,159.65,159.0,159.0,750,321075
2025-11-18 13:33:00+05:30,158.0,158.0,157.05,157.05,2175,321075
2025-11-18 13:34:00+05:30,157.15,160.6,156.45,160.05,5850,321075
2025-11-18 13:35:00+05:30,159.95,161.7,159.5,160.0,5475,327450
2025-11-18 13:36:00+05:30,160.45,162.0,160.45,162.0,900,327450
2025-11-18 13:37:00+05:30,161.4,161.4,161.05,161.05,975,327450
2025-11-18 13:38:00+05:30,162.0,163.7,162.0,163.7,4275,326625
2025-11-18 13:39:00+05:30,164.0,165.05,163.3,163.3,4950,326625
2025-11-18 13:40:00+05:30,163.7,164.05,156.35,156.35,11475,326625
2025-11-18 13:41:00+05:30,157.45,158.35,157.2,157.5,900,332850
2025-11-18 13:42:00+05:30,156.05,158.25,154.35,158.25,2100,332850
2025-11-18 13:43:00+05:30,158.55,160.0,158.5,160.0,2400,332850
2025-11-18 13:44:00+05:30,159.4,160.15,159.2,159.2,2625,332700
2025-11-18 13:45:00+05:30,160.15,160.85,159.3,159.3,1275,332700
2025-11-18 13:46:00+05:30,158.5,158.75,157.05,158.0,1650,332700
2025-11-18 13:47:00+05:30,158.2,159.0,158.1,159.0,225,332700
2025-11-18 13:48:00+05:30,159.0,159.0,159.0,159.0,0,332700
2025-11-18 13:49:00+05:30,157.8,157.8,157.8,157.8,150,330675
2025-11-18 13:50:00+05:30,159.95,161.4,159.85,160.65,975,330975
2025-11-18 13:51:00+05:30,160.0,160.2,159.65,159.65,675,330975
2025-11-18 13:52:00+05:30,159.3,160.0,159.3,160.0,525,330975
2025-11-18 13:53:00+05:30,159.3,159.3,158.7,158.7,300,330675
2025-11-18 13:54:00+05:30,158.7,159.0,157.6,157.6,900,330675
2025-11-18 13:55:00+05:30,157.0,157.6,157.0,157.25,1800,330675
2025-11-18 13:56:00+05:30,157.4,157.4,155.8,156.45,16200,330675
2025-11-18 13:57:00+05:30,157.15,157.8,157.15,157.8,450,346725
2025-11-18 13:58:00+05:30,156.6,156.6,156.6,156.6,375,346725
2025-11-18 13:59:00+05:30,157.6,158.0,157.3,158.0,375,346725
2025-11-18 14:00:00+05:30,157.55,157.55,155.2,155.55,975,347025
2025-11-18 14:01:00+05:30,158.95,159.55,158.7,159.55,525,347025
2025-11-18 14:02:00+05:30,159.75,161.35,159.6,160.5,2625,347175
2025-11-18 14:03:00+05:30,160.95,162.0,160.5,162.0,525,347175
2025-11-18 14:04:00+05:30,161.75,165.35,161.75,165.35,8400,347175
2025-11-18 14:05:00+05:30,165.1,169.3,165.1,168.05,10425,349275
2025-11-18 14:06:00+05:30,168.05,169.4,167.7,168.5,5775,349275
2025-11-18 14:07:00+05:30,167.0,167.0,162.1,162.75,5700,349275
2025-11-18 14:08:00+05:30,163.0,163.4,162.0,162.65,1875,351450
2025-11-18 14:09:00+05:30,164.15,164.2,162.45,162.85,750,351450
2025-11-18 14:10:00+05:30,163.0,163.75,163.0,163.75,2025,351450
2025-11-18 14:11:00+05:30,162.7,165.65,161.7,165.65,1875,352800
2025-11-18 14:12:00+05:30,165.9,166.45,164.65,166.25,2625,352800
2025-11-18 14:13:00+05:30,167.6,169.35,167.1,167.2,1950,352800
2025-11-18 14:14:00+05:30,167.15,168.9,166.95,168.3,2175,352350
2025-11-18 14:15:00+05:30,168.05,170.25,167.35,168.05,6375,352350
2025-11-18 14:16:00+05:30,167.75,168.75,164.2,164.2,5100,352350
2025-11-18 14:17:00+05:30,164.95,166.55,163.6,163.6,3150,351075
2025-11-18 14:18:00+05:30,163.95,164.55,163.45,163.45,2325,351075
2025-11-18 14:19:00+05:30,163.5,163.5,160.05,161.35,3450,351075
2025-11-18 14:20:00+05:30,161.1,162.55,161.0,162.0,2175,350025
2025-11-18 14:21:00+05:30,160.0,160.0,158.5,159.0,5025,350025
2025-11-18 14:22:00+05:30,158.05,162.7,158.05,162.7,1800,350025
2025-11-18 14:23:00+05:30,162.45,165.0,162.45,164.6,2700,350025
2025-11-18 14:24:00+05:30,163.9,163.9,162.05,162.05,225,353550
2025-11-18 14:25:00+05:30,162.0,162.45,161.7,161.7,300,353550
2025-11-18 14:26:00+05:30,164.9,165.0,159.8,159.8,2850,354150
2025-11-18 14:27:00+05:30,160.6,161.65,158.1,159.8,2925,354150
2025-11-18 14:28:00+05:30,160.05,161.0,159.8,161.0,975,354150
2025-11-18 14:29:00+05:30,160.5,160.5,159.05,159.95,675,354150
2025-11-18 14:30:00+05:30,159.9,161.45,159.0,159.0,2550,354150
2025-11-18 14:31:00+05:30,159.55,159.55,158.0,158.0,900,354150
2025-11-18 14:32:00+05:30,157.05,157.05,152.5,152.8,8175,356850
2025-11-18 14:33:00+05:30,152.6,153.5,152.45,152.45,1275,356850
2025-11-18 14:34:00+05:30,154.8,155.95,154.55,155.95,825,356850
2025-11-18 14:35:00+05:30,155.05,155.4,152.75,155.35,1350,357000
2025-11-18 14:36:00+05:30,155.65,156.0,154.9,155.7,1575,357000
2025-11-18 14:37:00+05:30,154.55,156.15,153.65,154.75,6150,357000
2025-11-18 14:38:00+05:30,155.25,157.85,154.45,157.75,3075,354225
2025-11-18 14:39:00+05:30,156.95,157.95,156.0,157.35,2400,354225
2025-11-18 14:40:00+05:30,156.45,157.15,155.0,155.8,1725,354225
2025-11-18 14:41:00+05:30,156.45,156.45,154.55,155.65,525,355200
2025-11-18 14:42:00+05:30,155.85,156.0,153.05,154.65,1800,355200
2025-11-18 14:43:00+05:30,155.2,155.65,153.9,154.4,6750,355200
2025-11-18 14:44:00+05:30,154.55,155.45,154.0,155.2,1125,355575
2025-11-18 14:45:00+05:30,155.4,156.85,155.0,155.0,4950,355575
2025-11-18 14:46:00+05:30,155.55,156.2,153.65,154.1,4650,355575
2025-11-18 14:47:00+05:30,154.85,154.85,154.3,154.75,1425,356625
2025-11-18 14:48:00+05:30,154.7,155.45,153.55,154.3,1875,356625
2025-11-18 14:49:00+05:30,154.8,154.8,150.25,151.95,9225,356625
2025-11-18 14:50:00+05:30,152.0,153.95,152.0,153.95,1425,356625
2025-11-18 14:51:00+05:30,154.25,154.25,152.3,153.7,2700,359925
2025-11-18 14:52:00+05:30,152.0,152.55,149.8,150.45,4575,359925
2025-11-18 14:53:00+05:30,150.75,151.0,148.5,148.5,5325,363300
2025-11-18 14:54:00+05:30,149.25,149.85,148.5,149.4,3075,363300
2025-11-18 14:55:00+05:30,148.2,149.2,148.2,148.7,2475,363300
2025-11-18 14:56:00+05:30,148.05,150.5,147.75,150.5,2175,363300
2025-11-18 14:57:00+05:30,149.85,149.85,147.9,148.0,2025,366825
2025-11-18 14:58:00+05:30,147.8,150.1,147.8,150.0,1425,366825
2025-11-18 14:59:00+05:30,149.55,149.55,147.85,147.85,2250,366825
2025-11-18 15:00:00+05:30,149.2,149.65,142.25,142.25,5625,368325
2025-11-18 15:01:00+05:30,142.05,142.4,138.4,138.4,9900,368325
2025-11-18 15:02:00+05:30,139.0,141.25,138.6,141.25,11775,358950
2025-11-18 15:03:00+05:30,140.95,143.35,140.85,141.45,1725,358950
2025-11-18 15:04:00+05:30,141.6,142.45,140.55,140.8,5700,358950
2025-11-18 15:05:00+05:30,141.0,142.5,140.6,141.7,2250,358950
2025-11-18 15:06:00+05:30,141.2,141.2,139.9,139.9,1650,355050
2025-11-18 15:07:00+05:30,140.0,141.15,139.95,140.35,2325,355050
2025-11-18 15:08:00+05:30,141.1,142.7,139.6,139.65,22650,355050
2025-11-18 15:09:00+05:30,139.65,139.65,135.05,136.35,9975,370200
2025-11-18 15:10:00+05:30,136.2,138.35,135.5,138.0,4725,370200
2025-11-18 15:11:00+05:30,137.7,139.9,137.35,139.85,7050,370200
2025-11-18 15:12:00+05:30,139.2,139.2,137.85,138.5,5025,372300
2025-11-18 15:13:00+05:30,138.4,138.4,137.1,137.45,1125,372300
2025-11-18 15:14:00+05:30,137.1,137.8,135.8,136.7,4125,372300
2025-11-18 15:15:00+05:30,136.45,139.45,135.55,138.9,14250,375975
2025-11-18 15:16:00+05:30,138.8,139.25,137.85,138.2,7200,375975
2025-11-18 15:17:00+05:30,138.5,139.3,138.35,138.4,3750,375975
2025-11-18 15:18:00+05:30,138.6,138.8,137.55,138.1,5700,381525
2025-11-18 15:19:00+05:30,138.15,138.8,136.5,136.5,6375,381525
2025-11-18 15:20:00+05:30,136.4,137.0,135.75,135.9,9825,381525
2025-11-18 15:21:00+05:30,136.05,136.95,134.1,134.1,4200,380550
2025-11-18 15:22:00+05:30,134.45,134.45,132.6,132.7,7425,380550
2025-11-18 15:23:00+05:30,132.8,135.0,132.8,134.7,6750,380550
2025-11-18 15:24:00+05:30,134.7,136.65,134.3,136.65,7275,381900
2025-11-18 15:25:00+05:30,136.6,136.95,135.5,135.5,7050,381900
2025-11-18 15:26:00+05:30,135.0,135.0,132.6,132.6,7500,381900
2025-11-18 15:27:00+05:30,133.05,133.05,130.55,131.5,39600,380850
2025-11-18 15:28:00+05:30,131.5,131.75,130.8,131.5,9675,380850
2025-11-18 15:29:00+05:30,131.45,131.9,129.35,131.85,9900,380850
2025-11-19 09:15:00+05:30,136.6,136.6,114.8,124.05,41250,360375
2025-11-19 09:16:00+05:30,122.9,130.0,122.7,125.25,44175,383925
2025-11-19 09:17:00+05:30,125.9,126.85,123.25,123.7,38025,383925
2025-11-19 09:18:00+05:30,123.5,123.85,114.85,114.85,51000,383925
2025-11-19 09:19:00+05:30,114.7,116.45,111.6,112.2,28200,462075
2025-11-19 09:20:00+05:30,112.3,115.0,109.1,113.65,77475,462075
2025-11-19 09:21:00+05:30,113.75,118.65,113.3,114.95,18750,462075
2025-11-19 09:22:00+05:30,115.35,120.0,115.25,119.1,9825,495600
2025-11-19 09:23:00+05:30,119.05,120.05,116.45,117.5,26250,495600
2025-11-19 09:24:00+05:30,117.7,125.0,115.5,123.35,20175,495600
2025-11-19 09:25:00+05:30,123.0,124.2,121.0,123.15,30375,501000
2025-11-19 09:26:00+05:30,124.0,127.4,123.7,126.5,20475,501000
2025-11-19 09:27:00+05:30,125.5,127.5,124.5,125.2,9075,501000
2025-11-19 09:28:00+05:30,125.6,127.75,123.3,127.4,8625,531750
2025-11-19 09:29:00+05:30,126.5,127.7,122.35,122.75,7875,531750
2025-11-19 09:30:00+05:30,122.35,123.85,119.1,122.85,11625,531750
2025-11-19 09:31:00+05:30,123.0,125.4,121.65,125.4,16650,534900
2025-11-19 09:32:00+05:30,125.2,129.5,121.65,124.0,22050,534900
2025-11-19 09:33:00+05:30,123.55,125.8,118.9,119.25,14775,534900
2025-11-19 09:34:00+05:30,118.55,119.6,115.15,115.6,11250,544575
2025-11-19 09:35:00+05:30,115.25,118.4,114.4,118.25,16650,544575
2025-11-19 09:36:00+05:30,119.1,121.55,117.55,118.85,8400,544575
2025-11-19 09:37:00+05:30,119.1,124.55,118.55,124.45,7875,551700
2025-11-19 09:38:00+05:30,123.25,125.5,122.25,124.75,3525,551700
2025-11-19 09:39:00+05:30,125.0,126.55,123.0,124.65,22800,551700
2025-11-19 09:40:00+05:30,124.0,126.0,123.55,125.15,9900,558600
2025-11-19 09:41:00+05:30,124.0,125.2,122.6,123.25,11550,558600
2025-11-19 09:42:00+05:30,122.35,123.1,119.4,120.25,10425,558600
2025-11-19 09:43:00+05:30,120.55,121.55,118.35,119.1,3975,556575
2025-11-19 09:44:00+05:30,119.75,125.25,119.75,123.15,10425,556575
2025-11-19 09:45:00+05:30,122.75,122.75,120.0,121.9,4800,556575
2025-11-19 09:46:00+05:30,123.35,123.5,118.25,120.9,7125,564675
2025-11-19 09:47:00+05:30,121.25,124.05,121.25,121.75,10275,564675
2025-11-19 09:48:00+05:30,121.75,121.75,116.1,116.5,16575,564675
2025-11-19 09:49:00+05:30,116.55,117.0,114.65,115.1,3675,563700
2025-11-19 09:50:00+05:30,115.3,116.05,112.1,112.5,10425,563700
2025-11-19 09:51:00+05:30,112.2,116.7,111.25,114.85,7500,563700
2025-11-19 09:52:00+05:30,115.2,116.25,111.8,111.8,6900,565050
2025-11-19 09:53:00+05:30,112.8,118.5,112.5,118.1,16875,565050
2025-11-19 09:54:00+05:30,117.3,124.0,117.3,124.0,10725,565050
2025-11-19 09:55:00+05:30,122.45,126.6,122.45,126.15,12300,568575
2025-11-19 09:56:00+05:30,125.4,128.3,124.85,126.1,12975,568575
2025-11-19 09:57:00+05:30,126.6,128.4,125.3,128.25,9825,568575
2025-11-19 09:58:00+05:30,127.75,127.85,125.75,127.35,10650,565350
2025-11-19 09:59:00+05:30,126.8,127.25,125.15,125.4,9750,565350
2025-11-19 10:00:00+05:30,126.0,126.1,123.5,123.9,7125,565350
2025-11-19 10:01:00+05:30,124.85,124.85,122.75,122.75,3450,567825
2025-11-19 10:02:00+05:30,122.7,126.2,121.0,126.2,4200,567825
2025-11-19 10:03:00+05:30,125.4,125.6,123.2,123.2,4875,567825
2025-11-19 10:04:00+05:30,124.2,129.1,124.1,129.1,7500,569400
2025-11-19 10:05:00+05:30,128.1,129.6,127.3,128.0,11775,569400
2025-11-19 10:06:00+05:30,128.45,130.35,126.75,129.1,5100,569400
2025-11-19 10:07:00+05:30,127.6,129.35,127.6,129.3,4575,570225
2025-11-19 10:08:00+05:30,129.1,129.6,127.55,128.75,3750,570225
2025-11-19 10:09:00+05:30,128.8,128.8,127.05,127.95,4200,570225
2025-11-19 10:10:00+05:30,128.1,129.3,126.65,128.45,9825,567525
2025-11-19 10:11:00+05:30,127.4,127.45,124.75,125.2,7050,567525
2025-11-19 10:12:00+05:30,126.15,132.65,125.6,132.65,13350,567525
2025-11-19 10:13:00+05:30,131.7,139.6,131.35,139.6,27000,560625
2025-11-19 10:14:00+05:30,138.9,140.35,138.55,138.85,23025,560625
2025-11-19 10:15:00+05:30,138.0,140.2,137.8,139.75,11025,560625
2025-11-19 10:16:00+05:30,138.5,143.0,137.55,142.15,19425,573225
2025-11-19 10:17:00+05:30,142.2,143.15,141.05,141.05,28800,573225
2025-11-19 10:18:00+05:30,140.95,142.35,140.55,141.95,16950,573225
2025-11-19 10:19:00+05:30,141.6,142.1,140.0,140.8,12225,572100
2025-11-19 10:20:00+05:30,140.55,141.3,139.2,139.2,5475,572100
2025-11-19 10:21:00+05:30,139.75,141.3,139.6,139.6,6150,572100
2025-11-19 10:22:00+05:30,140.0,141.4,137.9,140.85,18300,569175
2025-11-19 10:23:00+05:30,141.2,141.4,139.0,139.65,5400,569175
2025-11-19 10:24:00+05:30,139.15,139.9,137.8,138.35,5475,569175
2025-11-19 10:25:00+05:30,138.25,139.4,137.95,139.1,8475,570825
2025-11-19 10:26:00+05:30,139.1,139.1,136.9,137.75,6375,570825
2025-11-19 10:27:00+05:30,138.5,139.85,137.5,138.3,9600,570825
2025-11-19 10:28:00+05:30,138.0,138.3,134.5,134.5,7125,570075
2025-11-19 10:29:00+05:30,134.55,134.75,132.65,133.1,7575,570075
2025-11-19 10:30:00+05:30,133.35,139.75,133.35,138.15,8175,570075
2025-11-19 10:31:00+05:30,138.25,140.25,137.0,139.95,65175,574725
2025-11-19 10:32:00+05:30,139.55,144.2,138.85,138.85,185325,574725
2025-11-19 10:33:00+05:30,138.4,142.8,138.25,142.1,10500,574725
2025-11-19 10:34:00+05:30,142.3,143.45,141.0,143.1,16200,766500
2025-11-19 10:35:00+05:30,142.6,142.8,140.65,141.0,6225,766500
2025-11-19 10:36:00+05:30,141.1,144.0,140.7,142.4,13500,766500
2025-11-19 10:37:00+05:30,142.75,142.75,140.9,141.3,4350,774600
2025-11-19 10:38:00+05:30,140.0,141.6,139.75,140.5,2250,774600
2025-11-19 10:39:00+05:30,140.0,140.45,138.25,138.7,8850,774600
2025-11-19 10:40:00+05:30,139.35,139.65,137.8,138.55,6450,770850
2025-11-19 10:41:00+05:30,138.7,138.95,137.45,137.5,7650,770850
2025-11-19 10:42:00+05:30,137.0,139.05,136.9,138.45,5400,770850
2025-11-19 10:43:00+05:30,138.2,139.5,137.5,138.5,4200,776700
2025-11-19 10:44:00+05:30,139.15,139.25,135.25,135.45,5025,776700
2025-11-19 10:45:00+05:30,137.1,137.7,136.2,137.05,5250,776700
2025-11-19 10:46:00+05:30,138.35,138.5,135.6,136.05,2850,778650
2025-11-19 10:47:00+05:30,135.65,136.8,133.9,135.15,4275,778650
2025-11-19 10:48:00+05:30,134.3,134.4,128.45,128.7,11775,778650
2025-11-19 10:49:00+05:30,128.65,132.85,128.1,131.75,14625,771525
2025-11-19 10:50:00+05:30,132.65,133.0,131.55,131.65,4425,771525
2025-11-19 10:51:00+05:30,132.5,136.7,131.7,136.7,2925,771525
2025-11-19 10:52:00+05:30,136.9,139.05,136.8,136.95,5550,774825
2025-11-19 10:53:00+05:30,136.85,139.25,136.85,138.95,4500,774825
2025-11-19 10:54:00+05:30,138.6,139.15,136.9,138.95,6375,774825
2025-11-19 10:55:00+05:30,138.6,138.6,135.1,135.9,7725,776100
2025-11-19 10:56:00+05:30,135.3,136.0,133.15,136.0,5325,776100
2025-11-19 10:57:00+05:30,135.95,136.0,134.5,134.65,18000,776100
2025-11-19 10:58:00+05:30,134.0,134.0,130.55,131.3,5625,768225
2025-11-19 10:59:00+05:30,132.1,132.1,130.9,131.45,2250,768225
2025-11-19 11:00:00+05:30,131.85,131.85,129.95,130.95,3450,768225
2025-11-19 11:01:00+05:30,131.15,132.0,130.2,130.9,26400,788400
2025-11-19 11:02:00+05:30,130.85,131.5,129.55,130.65,19800,788400
2025-11-19 11:03:00+05:30,130.55,130.95,127.45,127.65,46350,788400
2025-11-19 11:04:00+05:30,127.95,130.0,127.25,129.75,5550,846300
2025-11-19 11:05:00+05:30,129.7,132.7,129.7,132.35,7500,846300
2025-11-19 11:06:00+05:30,132.95,133.35,131.1,132.4,7875,846300
2025-11-19 11:07:00+05:30,132.95,132.95,130.85,130.85,8100,850425
2025-11-19 11:08:00+05:30,131.2,131.3,125.0,125.0,9900,850425
2025-11-19 11:09:00+05:30,125.35,126.5,124.3,125.35,8925,850425
2025-11-19 11:10:00+05:30,125.35,125.9,120.05,121.65,21000,853950
2025-11-19 11:11:00+05:30,121.35,123.65,120.9,123.2,8625,853950
2025-11-19 11:12:00+05:30,123.6,124.45,120.8,121.15,4125,853950
2025-11-19 11:13:00+05:30,120.95,122.1,119.85,120.35,11850,853875
2025-11-19 11:14:00+05:30,120.35,120.6,118.4,118.8,6450,853875
2025-11-19 11:15:00+05:30,118.45,118.75,116.35,116.8,9600,853875
2025-11-19 11:16:00+05:30,116.5,119.35,116.2,119.25,6075,856500
2025-11-19 11:17:00+05:30,119.15,121.45,119.15,120.4,6300,856500
2025-11-19 11:18:00+05:30,120.75,123.65,120.75,122.65,3900,856500
2025-11-19 11:19:00+05:30,122.4,123.35,122.2,123.05,3000,861675
2025-11-19 11:20:00+05:30,123.2,126.35,123.05,126.15,10650,861675
2025-11-19 11:21:00+05:30,125.65,125.9,124.05,124.8,19425,861675
2025-11-19 11:22:00+05:30,124.95,125.1,123.75,123.95,7725,870225
2025-11-19 11:23:00+05:30,124.15,124.5,122.3,123.75,4725,870225
2025-11-19 11:24:00+05:30,123.85,124.2,122.95,123.9,3525,870225
2025-11-19 11:25:00+05:30,123.6,129.7,123.35,128.65,19425,878250
2025-11-19 11:26:00+05:30,128.35,128.65,126.75,128.35,10200,878250
2025-11-19 11:27:00+05:30,129.0,129.8,126.7,127.15,6375,878250
2025-11-19 11:28:00+05:30,127.9,128.6,126.7,126.9,3225,880950
2025-11-19 11:29:00+05:30,127.6,129.55,127.6,129.05,9225,880950
2025-11-19 11:30:00+05:30,129.35,130.1,127.25,127.8,10275,880950
2025-11-19 11:31:00+05:30,127.75,129.8,127.7,129.75,5100,882300
2025-11-19 11:32:00+05:30,129.45,130.1,128.85,129.25,5475,882300
2025-11-19 11:33:00+05:30,129.45,129.75,128.5,128.7,10125,882300
2025-11-19 11:34:00+05:30,128.8,129.45,128.0,128.75,4650,878925
2025-11-19 11:35:00+05:30,128.3,129.85,127.8,128.25,8325,878925
2025-11-19 11:36:00+05:30,128.1,130.6,128.1,129.75,6675,878925
2025-11-19 11:37:00+05:30,129.6,131.35,129.3,129.3,5850,880575
2025-11-19 11:38:00+05:30,129.05,130.05,127.95,129.55,6525,880575
2025-11-19 11:39:00+05:30,129.45,132.1,129.45,130.85,6225,880575
2025-11-19 11:40:00+05:30,131.1,131.5,129.9,131.3,3375,879000
2025-11-19 11:41:00+05:30,131.0,135.35,130.45,135.1,13650,879000
2025-11-19 11:42:00+05:30,134.75,136.6,134.05,136.3,21450,879000
2025-11-19 11:43:00+05:30,136.35,137.55,135.8,137.25,36450,898725
2025-11-19 11:44:00+05:30,136.75,137.65,136.4,136.8,7500,898725
2025-11-19 11:45:00+05:30,136.6,140.0,136.55,139.5,20175,898725
2025-11-19 11:46:00+05:30,139.4,140.0,138.15,138.75,4275,901725
2025-11-19 11:47:00+05:30,139.0,139.45,136.8,136.8,9375,901725
2025-11-19 11:48:00+05:30,136.7,139.0,136.65,137.95,6150,901725
2025-11-19 11:49:00+05:30,138.35,139.8,138.0,139.2,8250,898050
2025-11-19 11:50:00+05:30,139.45,139.55,138.0,138.0,3600,898050
2025-11-19 11:51:00+05:30,138.55,139.1,138.0,138.0,3825,898050
2025-11-19 11:52:00+05:30,139.1,140.75,138.9,139.4,6225,907125
2025-11-19 11:53:00+05:30,139.4,140.05,138.9,139.5,18450,907125
2025-11-19 11:54:00+05:30,139.3,139.8,137.55,139.05,6900,907125
2025-11-19 11:55:00+05:30,138.8,139.05,136.9,136.9,2400,906750
2025-11-19 11:56:00+05:30,137.7,140.2,137.6,140.0,10125,906750
2025-11-19 11:57:00+05:30,140.5,143.7,139.05,140.35,17550,906750
2025-11-19 11:58:00+05:30,140.4,142.05,138.65,141.55,3150,904650
2025-11-19 11:59:00+05:30,139.75,142.0,139.65,142.0,4800,904650
2025-11-19 12:00:00+05:30,141.75,144.0,141.7,144.0,9075,904650
2025-11-19 12:01:00+05:30,143.7,156.0,143.0,155.55,59250,906750
2025-11-19 12:02:00+05:30,156.0,156.0,150.2,150.35,40050,906750
2025-11-19 12:03:00+05:30,150.45,151.45,149.5,150.2,16200,906750
2025-11-19 12:04:00+05:30,149.5,153.8,149.5,153.15,6900,906525
2025-11-19 12:05:00+05:30,153.45,154.0,152.55,153.4,17700,906525
2025-11-19 12:06:00+05:30,153.65,157.35,153.65,154.8,12975,906525
2025-11-19 12:07:00+05:30,155.65,156.0,152.65,152.95,11100,910800
2025-11-19 12:08:00+05:30,152.95,153.35,151.5,152.1,9000,910800
2025-11-19 12:09:00+05:30,152.85,152.85,150.0,150.2,9900,910800
2025-11-19 12:10:00+05:30,150.5,152.0,150.0,150.95,6075,910800
2025-11-19 12:11:00+05:30,152.0,153.4,152.0,153.1,11100,917550
2025-11-19 12:12:00+05:30,153.0,156.3,153.0,155.15,10425,917550
2025-11-19 12:13:00+05:30,154.35,155.45,153.35,155.45,6675,914475
2025-11-19 12:14:00+05:30,155.0,155.5,153.7,155.5,19350,914475
2025-11-19 12:15:00+05:30,156.0,166.35,156.0,163.0,41550,914475
2025-11-19 12:16:00+05:30,162.75,163.0,155.1,155.1,25725,916350
2025-11-19 12:17:00+05:30,155.4,157.05,154.5,154.95,6375,916350
2025-11-19 12:18:00+05:30,154.55,155.55,153.8,154.35,8475,916350
2025-11-19 12:19:00+05:30,155.55,158.85,154.95,157.75,16350,912450
2025-11-19 12:20:00+05:30,158.15,159.2,157.0,157.6,6675,912450
2025-11-19 12:21:00+05:30,157.9,160.4,157.85,160.2,11025,912450
2025-11-19 12:22:00+05:30,160.7,161.65,159.9,161.5,12525,912450
2025-11-19 12:23:00+05:30,161.45,163.25,160.0,161.7,17925,917925
2025-11-19 12:24:00+05:30,161.25,162.5,160.15,161.7,13950,917925
2025-11-19 12:25:00+05:30,162.0,163.0,161.85,161.9,4050,917925
2025-11-19 12:26:00+05:30,161.8,163.2,160.45,162.55,3675,915375
2025-11-19 12:27:00+05:30,162.35,164.35,161.45,164.35,15000,915375
2025-11-19 12:28:00+05:30,164.35,165.15,162.5,164.3,14250,915375
2025-11-19 12:29:00+05:30,162.95,164.0,160.85,164.0,12600,922275
2025-11-19 12:30:00+05:30,162.55,164.7,161.35,164.2,10125,922275
2025-11-19 12:31:00+05:30,164.15,169.0,164.1,169.0,22500,922275
2025-11-19 12:32:00+05:30,166.8,167.95,166.0,167.45,12750,927900
2025-11-19 12:33:00+05:30,167.85,170.0,167.0,169.2,9525,927900
2025-11-19 12:34:00+05:30,168.8,168.95,167.0,167.3,15750,927900
2025-11-19 12:35:00+05:30,168.0,168.2,165.6,165.6,6675,926475
2025-11-19 12:36:00+05:30,166.65,170.0,164.05,164.25,11025,926475
2025-11-19 12:37:00+05:30,164.45,164.65,162.0,164.55,28950,926475
2025-11-19 12:38:00+05:30,164.65,164.8,162.5,163.2,4950,938625
2025-11-19 12:39:00+05:30,163.1,164.25,162.85,163.35,2925,938625
2025-11-19 12:40:00+05:30,163.5,163.5,161.0,161.05,5550,938625
2025-11-19 12:41:00+05:30,162.5,165.0,162.1,164.1,7275,941025
2025-11-19 12:42:00+05:30,164.5,167.4,164.25,166.85,19725,941025
2025-11-19 12:43:00+05:30,166.8,167.2,164.75,167.2,4200,941025
2025-11-19 12:44:00+05:30,168.0,170.75,164.85,164.85,13500,946875
2025-11-19 12:45:00+05:30,166.15,166.3,162.9,162.9,22200,946875
2025-11-19 12:46:00+05:30,163.2,166.0,162.75,164.9,4800,946875
2025-11-19 12:47:00+05:30,165.0,169.0,164.0,167.25,6375,925125
2025-11-19 12:48:00+05:30,167.8,168.0,166.2,168.0,8700,925125
2025-11-19 12:49:00+05:30,168.0,169.5,167.9,169.2,5325,925125
2025-11-19 12:50:00+05:30,169.0,171.6,168.35,170.85,12450,916950
2025-11-19 12:51:00+05:30,170.0,170.0,166.6,166.6,3750,916950
2025-11-19 12:52:00+05:30,166.25,166.8,164.5,165.0,11400,916950
2025-11-19 12:53:00+05:30,165.6,166.25,164.6,165.95,2850,910425
2025-11-19 12:54:00+05:30,165.2,167.05,165.2,166.4,3000,910425
2025-11-19 12:55:00+05:30,167.0,167.0,165.05,166.1,5700,910425
2025-11-19 12:56:00+05:30,166.8,168.7,166.1,167.6,13500,915900
2025-11-19 12:57:00+05:30,167.0,168.0,165.65,165.65,6300,915900
2025-11-19 12:58:00+05:30,165.4,165.5,162.0,162.0,8025,915900
2025-11-19 12:59:00+05:30,162.0,163.65,161.7,163.15,15375,914625
2025-11-19 13:00:00+05:30,163.8,165.4,162.7,165.05,8025,914625
2025-11-19 13:01:00+05:30,164.75,165.0,161.95,162.0,8400,914625
2025-11-19 13:02:00+05:30,162.25,166.0,161.6,166.0,5625,930525
2025-11-19 13:03:00+05:30,166.7,169.2,165.6,167.6,12750,930525
2025-11-19 13:04:00+05:30,168.0,168.2,167.0,167.55,13650,930525
2025-11-19 13:05:00+05:30,167.85,178.05,167.3,172.0,41475,913875
2025-11-19 13:06:00+05:30,172.6,173.0,170.0,171.35,10200,913875
2025-11-19 13:07:00+05:30,171.4,171.4,167.9,168.25,4050,913875
2025-11-19 13:08:00+05:30,168.95,168.95,166.1,167.0,7500,914325
2025-11-19 13:09:00+05:30,167.3,168.0,164.7,165.0,5400,914325
2025-11-19 13:10:00+05:30,165.2,167.3,163.85,164.75,69150,914325
2025-11-19 13:11:00+05:30,164.9,168.5,164.9,167.45,8625,903225
2025-11-19 13:12:00+05:30,167.05,168.15,165.65,165.65,1800,903225
2025-11-19 13:13:00+05:30,167.0,169.95,167.0,169.95,3675,903225
2025-11-19 13:14:00+05:30,169.5,171.15,169.35,169.7,5475,902175
2025-11-19 13:15:00+05:30,170.5,171.0,167.0,167.0,4050,902175
2025-11-19 13:16:00+05:30,167.7,167.8,166.6,167.8,4125,902175
2025-11-19 13:17:00+05:30,167.1,168.25,166.9,168.2,2250,905775
2025-11-19 13:18:00+05:30,167.4,167.4,165.0,166.1,3375,905775
2025-11-19 13:19:00+05:30,166.35,166.45,164.55,166.0,6075,905775
2025-11-19 13:20:00+05:30,166.2,166.6,164.2,166.3,4950,912450
2025-11-19 13:21:00+05:30,166.55,167.15,166.5,166.9,4275,912450
2025-11-19 13:22:00+05:30,167.35,167.45,165.95,165.95,2400,912450
2025-11-19 13:23:00+05:30,166.45,168.0,165.95,166.4,3300,909450
2025-11-19 13:24:00+05:30,167.4,168.0,166.9,167.0,2250,909450
2025-11-19 13:25:00+05:30,167.2,167.2,165.0,165.0,9750,909450
2025-11-19 13:26:00+05:30,163.6,163.6,159.4,161.75,21075,911400
2025-11-19 13:27:00+05:30,161.7,163.6,160.85,160.85,9075,911400
2025-11-19 13:28:00+05:30,161.2,162.3,156.95,157.2,17925,911400
2025-11-19 13:29:00+05:30,157.3,159.5,157.0,159.0,11100,923475
2025-11-19 13:30:00+05:30,158.0,161.65,158.0,161.6,8925,923475
2025-11-19 13:31:00+05:30,162.0,162.5,161.15,161.9,4650,923475
2025-11-19 13:32:00+05:30,162.0,163.5,160.95,163.0,13875,932325
2025-11-19 13:33:00+05:30,162.75,165.0,161.2,161.2,1500,932325
2025-11-19 13:34:00+05:30,161.0,161.65,158.6,158.6,4275,932325
2025-11-19 13:35:00+05:30,159.8,159.85,156.6,156.6,4575,934725
2025-11-19 13:36:00+05:30,156.65,158.45,156.1,158.45,1350,934725
2025-11-19 13:37:00+05:30,158.5,161.55,157.85,161.2,8250,934725
2025-11-19 13:38:00+05:30,161.05,161.1,157.8,158.0,9975,937125
2025-11-19 13:39:00+05:30,159.25,159.95,157.65,158.1,2850,937125
2025-11-19 13:40:00+05:30,158.45,159.15,155.8,156.7,9525,937125
2025-11-19 13:41:00+05:30,157.0,157.3,156.0,157.0,4200,928875
2025-11-19 13:42:00+05:30,156.3,156.3,152.6,153.45,13200,928875
2025-11-19 13:43:00+05:30,153.6,155.7,153.45,154.8,2925,928875
2025-11-19 13:44:00+05:30,157.2,160.95,157.2,160.55,10425,936450
2025-11-19 13:45:00+05:30,160.65,162.1,159.4,160.7,20400,936450
2025-11-19 13:46:00+05:30,160.75,162.0,160.1,161.25,7125,936450
2025-11-19 13:47:00+05:30,160.6,161.45,159.0,159.45,11775,943875
2025-11-19 13:48:00+05:30,158.95,160.25,158.95,159.65,975,943875
2025-11-19 13:49:00+05:30,161.0,165.7,161.0,165.1,9225,943875
2025-11-19 13:50:00+05:30,165.05,168.0,165.0,167.25,9825,951375
2025-11-19 13:51:00+05:30,167.6,167.6,164.8,166.55,3825,951375
2025-11-19 13:52:00+05:30,166.9,167.15,163.2,163.55,8850,951375
2025-11-19 13:53:00+05:30,164.0,165.35,164.0,164.8,6525,953250
2025-11-19 13:54:00+05:30,164.8,164.8,163.5,163.8,6450,953250
2025-11-19 13:55:00+05:30,164.95,166.15,164.55,164.55,4350,953250
2025-11-19 13:56:00+05:30,165.0,165.2,164.4,165.0,2850,956475
2025-11-19 13:57:00+05:30,166.0,166.4,166.0,166.0,3375,956475
2025-11-19 13:58:00+05:30,166.0,168.05,163.45,163.5,9150,956475
2025-11-19 13:59:00+05:30,163.0,163.3,160.85,162.75,15600,957375
2025-11-19 14:00:00+05:30,162.3,162.55,160.55,160.55,6750,957375
2025-11-19 14:01:00+05:30,162.05,162.7,159.65,160.35,3675,957375
2025-11-19 14:02:00+05:30,161.55,161.6,159.45,160.7,5625,952350
2025-11-19 14:03:00+05:30,162.0,168.45,162.0,167.25,6900,952350
2025-11-19 14:04:00+05:30,167.0,168.6,166.05,168.6,4950,952350
2025-11-19 14:05:00+05:30,169.0,170.0,167.3,167.3,13875,951675
2025-11-19 14:06:00+05:30,167.55,171.1,167.0,169.85,15300,951675
2025-11-19 14:07:00+05:30,169.2,169.75,165.35,165.9,12750,951675
2025-11-19 14:08:00+05:30,165.8,166.55,163.8,163.8,4425,953175
2025-11-19 14:09:00+05:30,163.85,166.0,163.85,164.9,3000,953175
2025-11-19 14:10:00+05:30,165.15,166.05,164.2,166.0,2400,953175
2025-11-19 14:11:00+05:30,167.0,167.6,166.95,167.45,3075,953850
2025-11-19 14:12:00+05:30,167.35,170.0,167.35,168.5,7500,953850
2025-11-19 14:13:00+05:30,168.5,170.4,167.5,170.1,6750,953850
2025-11-19 14:14:00+05:30,170.0,173.2,169.15,173.2,21525,953250
2025-11-19 14:15:00+05:30,172.25,173.5,171.1,172.9,6150,953250
2025-11-19 14:16:00+05:30,173.05,174.75,172.25,172.5,7200,953250
2025-11-19 14:17:00+05:30,172.45,179.55,171.55,179.25,16350,954675
2025-11-19 14:18:00+05:30,179.55,180.3,177.5,179.3,15600,954675
2025-11-19 14:19:00+05:30,179.8,179.8,174.3,177.2,24750,954675
2025-11-19 14:20:00+05:30,176.7,177.4,173.95,175.75,9375,957825
2025-11-19 14:21:00+05:30,175.75,175.95,174.5,174.5,1650,957825
2025-11-19 14:22:00+05:30,175.8,176.4,175.3,176.15,7575,961200
2025-11-19 14:23:00+05:30,176.3,177.0,175.9,175.9,6300,961200
2025-11-19 14:24:00+05:30,176.7,178.0,176.15,177.0,5475,961200
2025-11-19 14:25:00+05:30,176.4,177.95,176.35,176.4,3750,961200
2025-11-19 14:26:00+05:30,176.65,177.1,176.15,177.05,2100,957525
2025-11-19 14:27:00+05:30,177.0,178.5,176.5,177.9,3900,957525
2025-11-19 14:28:00+05:30,178.05,178.3,177.1,177.55,5400,957525
2025-11-19 14:29:00+05:30,177.35,178.4,174.75,177.0,13800,960300
2025-11-19 14:30:00+05:30,176.65,179.0,176.6,177.35,8550,960300
2025-11-19 14:31:00+05:30,177.6,177.6,175.45,175.7,3300,960300
2025-11-19 14:32:00+05:30,175.9,176.0,172.45,173.0,6975,961650
2025-11-19 14:33:00+05:30,172.35,173.6,171.4,172.05,5700,961650
2025-11-19 14:34:00+05:30,172.3,172.3,171.5,171.95,1875,961650
2025-11-19 14:35:00+05:30,171.85,173.0,170.55,171.75,5475,961050
2025-11-19 14:36:00+05:30,171.75,172.75,171.75,172.15,1500,961050
2025-11-19 14:37:00+05:30,172.15,174.0,172.05,173.65,10500,961050
2025-11-19 14:38:00+05:30,173.45,175.05,172.05,172.05,5925,969750
2025-11-19 14:39:00+05:30,173.3,180.65,173.25,177.8,10050,969750
2025-11-19 14:40:00+05:30,177.25,179.0,177.0,178.15,9000,969750
2025-11-19 14:41:00+05:30,178.2,185.7,178.2,183.45,28125,973800
2025-11-19 14:42:00+05:30,184.0,184.4,181.25,181.7,16575,973800
2025-11-19 14:43:00+05:30,182.4,183.1,178.5,179.5,19500,973800
2025-11-19 14:44:00+05:30,179.85,179.85,176.95,177.65,9525,974250
2025-11-19 14:45:00+05:30,179.2,180.55,177.35,177.35,14325,974250
2025-11-19 14:46:00+05:30,177.6,179.0,176.1,177.6,18075,974250
2025-11-19 14:47:00+05:30,177.95,180.35,177.95,179.05,6825,989025
2025-11-19 14:48:00+05:30,178.8,179.5,177.5,178.75,2775,989025
2025-11-19 14:49:00+05:30,178.15,179.0,177.35,178.7,2250,989025
2025-11-19 14:50:00+05:30,179.05,181.15,179.05,179.7,12000,995400
2025-11-19 14:51:00+05:30,180.2,183.05,179.75,182.55,9975,995400
2025-11-19 14:52:00+05:30,182.25,183.4,181.55,183.2,28500,995400
2025-11-19 14:53:00+05:30,182.1,182.55,180.95,181.3,3150,1010400
2025-11-19 14:54:00+05:30,180.9,181.3,179.8,180.0,8775,1010400
2025-11-19 14:55:00+05:30,180.15,181.4,178.0,181.4,16275,1010400
2025-11-19 14:56:00+05:30,180.0,180.9,179.85,180.45,4875,1024875
2025-11-19 14:57:00+05:30,180.5,180.8,178.4,180.2,10950,1024875
2025-11-19 14:58:00+05:30,180.7,180.7,177.5,178.05,24150,1024875
2025-11-19 14:59:00+05:30,178.15,178.55,177.4,177.6,2025,1051275
2025-11-19 15:00:00+05:30,179.0,182.0,177.4,181.1,8550,1051275
2025-11-19 15:01:00+05:30,182.0,182.0,179.0,179.1,5475,1051275
2025-11-19 15:02:00+05:30,179.2,179.2,178.2,178.25,4650,1047000
2025-11-19 15:03:00+05:30,179.0,179.2,176.95,177.0,6150,1047000
2025-11-19 15:04:00+05:30,177.1,178.35,172.0,172.0,12600,1047000
2025-11-19 15:05:00+05:30,172.0,175.0,171.0,174.35,14400,1051050
2025-11-19 15:06:00+05:30,175.0,177.0,174.45,175.95,6975,1051050
2025-11-19 15:07:00+05:30,176.4,176.7,175.95,176.0,5475,1051050
2025-11-19 15:08:00+05:30,175.95,176.1,174.45,175.2,6900,1044375
2025-11-19 15:09:00+05:30,175.65,175.65,173.0,173.3,6750,1044375
2025-11-19 15:10:00+05:30,173.05,174.4,171.55,173.8,8025,1044375
2025-11-19 15:11:00+05:30,173.3,174.45,173.3,174.2,1725,1043925
2025-11-19 15:12:00+05:30,174.0,176.15,173.9,175.4,8250,1043925
2025-11-19 15:13:00+05:30,175.6,176.85,175.5,176.6,4800,1043925
2025-11-19 15:14:00+05:30,176.3,176.6,176.05,176.4,5325,1036650
2025-11-19 15:15:00+05:30,176.15,176.8,174.0,176.3,29550,1036650
2025-11-19 15:16:00+05:30,176.35,176.6,174.0,174.2,7275,1036650
2025-11-19 15:17:00+05:30,174.25,175.45,173.15,175.45,9150,1053225
2025-11-19 15:18:00+05:30,174.75,175.25,173.15,173.2,3825,1053225
2025-11-19 15:19:00+05:30,173.5,174.5,173.5,174.25,14850,1053225
2025-11-19 15:20:00+05:30,174.3,175.55,174.0,175.5,12525,1049550
2025-11-19 15:21:00+05:30,175.55,175.85,174.65,175.1,10575,1049550
2025-11-19 15:22:00+05:30,175.45,175.5,172.6,172.6,14925,1049550
2025-11-19 15:23:00+05:30,172.95,173.25,170.6,173.25,14250,1054425
2025-11-19 15:24:00+05:30,173.25,174.7,172.6,174.35,29775,1054425
2025-11-19 15:25:00+05:30,174.35,175.4,174.1,175.05,21600,1054425
2025-11-19 15:26:00+05:30,175.1,177.9,175.05,176.4,23550,1038000
2025-11-19 15:27:00+05:30,176.35,177.2,175.95,176.7,24825,1038000
2025-11-19 15:28:00+05:30,176.55,177.7,176.35,177.1,17700,1038000
2025-11-19 15:29:00+05:30,177.55,178.0,177.2,177.95,18525,1041525
2025-11-20 09:15:00+05:30,204.95,204.95,178.95,195.55,88200,1037325
2025-11-20 09:16:00+05:30,197.35,198.55,185.4,188.85,96000,1071075
2025-11-20 09:17:00+05:30,188.95,192.45,184.5,188.95,77100,1071075
2025-11-20 09:18:00+05:30,188.0,190.65,185.85,185.85,41100,1071075
2025-11-20 09:19:00+05:30,185.5,191.0,184.7,190.65,23025,1142175
2025-11-20 09:20:00+05:30,189.75,190.7,183.35,189.75,28500,1142175
2025-11-20 09:21:00+05:30,190.4,191.45,188.95,189.05,20925,1142175
2025-11-20 09:22:00+05:30,189.0,192.0,186.5,187.95,21825,1135500
2025-11-20 09:23:00+05:30,187.95,188.4,181.7,181.7,41625,1135500
2025-11-20 09:24:00+05:30,181.45,187.75,180.05,187.1,29100,1135500
2025-11-20 09:25:00+05:30,186.65,186.8,182.8,184.45,16275,1144500
2025-11-20 09:26:00+05:30,184.55,185.8,183.6,185.35,7650,1144500
2025-11-20 09:27:00+05:30,185.45,185.45,182.65,183.9,10050,1144500
2025-11-20 09:28:00+05:30,183.95,185.95,182.65,185.95,18900,1151925
2025-11-20 09:29:00+05:30,185.95,193.5,185.75,193.45,28500,1151925
2025-11-20 09:30:00+05:30,193.05,194.8,191.7,193.75,33075,1151925
2025-11-20 09:31:00+05:30,193.45,193.75,191.65,193.6,19950,1150575
2025-11-20 09:32:00+05:30,192.0,195.3,191.75,193.65,30825,1150575
2025-11-20 09:33:00+05:30,194.0,194.25,186.0,187.6,35400,1150575
2025-11-20 09:34:00+05:30,188.55,192.75,188.05,191.35,23325,1158300
2025-11-20 09:35:00+05:30,191.0,195.65,190.3,194.7,41250,1158300
2025-11-20 09:36:00+05:30,194.65,195.7,191.0,191.0,20775,1158300
2025-11-20 09:37:00+05:30,191.25,192.55,188.8,191.85,11700,1146375
2025-11-20 09:38:00+05:30,192.15,193.0,188.15,191.0,14325,1146375
2025-11-20 09:39:00+05:30,190.95,193.0,190.0,192.45,7725,1146375
2025-11-20 09:40:00+05:30,192.55,192.55,190.15,190.4,23625,1149375
2025-11-20 09:41:00+05:30,190.0,191.15,189.0,190.5,2475,1149375
2025-11-20 09:42:00+05:30,190.0,190.0,187.1,187.1,5925,1149375
2025-11-20 09:43:00+05:30,186.6,187.9,175.65,177.6,33600,1145475
2025-11-20 09:44:00+05:30,177.3,181.85,172.0,180.3,52275,1145475
2025-11-20 09:45:00+05:30,180.4,183.05,175.0,183.05,26325,1145475
2025-11-20 09:46:00+05:30,182.85,186.0,182.45,186.0,39075,1160775
2025-11-20 09:47:00+05:30,186.55,189.05,185.6,186.9,17100,1160775
2025-11-20 09:48:00+05:30,186.25,186.5,181.5,181.5,14250,1160775
2025-11-20 09:49:00+05:30,182.05,185.0,180.9,183.9,14250,1178775
2025-11-20 09:50:00+05:30,183.0,187.0,183.0,187.0,6825,1178775
2025-11-20 09:51:00+05:30,187.85,188.3,184.05,185.45,7275,1178775
2025-11-20 09:52:00+05:30,184.25,189.0,184.0,187.4,7725,1185450
2025-11-20 09:53:00+05:30,187.9,187.9,183.0,183.25,15225,1185450
2025-11-20 09:54:00+05:30,183.55,184.0,181.5,181.9,19125,1185450
2025-11-20 09:55:00+05:30,182.0,184.4,180.0,184.25,10050,1193250
2025-11-20 09:56:00+05:30,184.8,186.45,183.85,186.25,10050,1193250
2025-11-20 09:57:00+05:30,185.85,186.2,181.4,182.4,19275,1193250
2025-11-20 09:58:00+05:30,182.3,184.0,182.3,183.6,3300,1198875
2025-11-20 09:59:00+05:30,183.1,183.4,180.0,181.35,12300,1198875
2025-11-20 10:00:00+05:30,183.0,183.55,181.0,182.65,3900,1198875
2025-11-20 10:01:00+05:30,183.6,184.3,181.0,181.45,9675,1201125
2025-11-20 10:02:00+05:30,181.85,183.15,181.0,181.25,3000,1201125
2025-11-20 10:03:00+05:30,181.3,182.8,180.0,182.0,6450,1201125
2025-11-20 10:04:00+05:30,181.15,185.5,180.95,185.0,14925,1207275
2025-11-20 10:05:00+05:30,185.0,187.4,185.0,187.0,8325,1207275
2025-11-20 10:06:00+05:30,187.5,191.0,187.1,190.65,35325,1207275
2025-11-20 10:07:00+05:30,190.95,194.0,190.3,193.55,16200,1189200
2025-11-20 10:08:00+05:30,193.9,194.0,190.25,191.75,9300,1189200
2025-11-20 10:09:00+05:30,192.05,192.1,189.35,191.0,6375,1189200
2025-11-20 10:10:00+05:30,190.4,191.15,188.45,188.75,6900,1186350
2025-11-20 10:11:00+05:30,189.2,190.1,188.2,188.3,4125,1186350
2025-11-20 10:12:00+05:30,188.85,192.9,188.4,191.75,6300,1186350
2025-11-20 10:13:00+05:30,191.9,196.15,191.5,195.95,43050,1189125
2025-11-20 10:14:00+05:30,195.3,197.5,194.4,194.5,16950,1189125
2025-11-20 10:15:00+05:30,194.35,196.3,192.8,192.8,18300,1189125
2025-11-20 10:16:00+05:30,192.6,199.2,192.55,197.95,22800,1169100
2025-11-20 10:17:00+05:30,197.35,197.95,192.4,192.65,14250,1169100
2025-11-20 10:18:00+05:30,193.5,194.65,192.85,194.4,6300,1169100
2025-11-20 10:19:00+05:30,194.9,196.8,194.9,196.6,12225,1175925
2025-11-20 10:20:00+05:30,196.4,197.15,194.65,195.45,11475,1175925
2025-11-20 10:21:00+05:30,194.95,196.45,193.0,193.8,21375,1175925
2025-11-20 10:22:00+05:30,195.55,196.5,193.8,195.2,12300,1189950
2025-11-20 10:23:00+05:30,195.5,195.9,193.8,193.9,6525,1189950
2025-11-20 10:24:00+05:30,193.45,195.6,192.25,195.1,8475,1189950
2025-11-20 10:25:00+05:30,195.0,196.0,194.1,195.25,11025,1186500
2025-11-20 10:26:00+05:30,195.3,196.0,191.05,195.1,6675,1186500
2025-11-20 10:27:00+05:30,195.55,196.35,194.3,194.8,4425,1186500
2025-11-20 10:28:00+05:30,194.85,196.5,194.85,196.3,12900,1185150
2025-11-20 10:29:00+05:30,196.45,199.0,195.35,197.9,54675,1185150
2025-11-20 10:30:00+05:30,197.25,199.95,197.1,199.05,21300,1185150
2025-11-20 10:31:00+05:30,198.9,199.8,198.05,198.85,28125,1170450
2025-11-20 10:32:00+05:30,198.95,199.7,197.9,197.9,19950,1170450
2025-11-20 10:33:00+05:30,198.3,199.6,197.5,198.55,14400,1170450
2025-11-20 10:34:00+05:30,198.65,200.35,195.9,198.2,21450,1168500
2025-11-20 10:35:00+05:30,197.65,200.0,197.55,198.85,17025,1168500
2025-11-20 10:36:00+05:30,199.3,199.55,197.2,198.0,5925,1168500
2025-11-20 10:37:00+05:30,199.0,199.55,197.5,199.05,9075,1173825
2025-11-20 10:38:00+05:30,199.25,201.0,198.9,199.05,15225,1173825
2025-11-20 10:39:00+05:30,199.1,199.5,198.45,199.15,4875,1173825
2025-11-20 10:40:00+05:30,198.6,205.0,197.8,204.5,22725,1168275
2025-11-20 10:41:00+05:30,204.85,204.85,201.0,201.0,18450,1168275
2025-11-20 10:42:00+05:30,201.7,201.85,200.35,200.8,10050,1168275
2025-11-20 10:43:00+05:30,201.0,204.55,198.8,203.95,20925,1164375
2025-11-20 10:44:00+05:30,202.95,203.95,201.85,203.0,7425,1164375
2025-11-20 10:45:00+05:30,203.15,203.85,201.95,203.15,22275,1164375
2025-11-20 10:46:00+05:30,203.15,204.25,202.4,204.0,11250,1150800
2025-11-20 10:47:00+05:30,203.45,207.0,203.2,205.9,16275,1150800
2025-11-20 10:48:00+05:30,206.4,210.1,206.0,209.25,52650,1150800
2025-11-20 10:49:00+05:30,209.2,210.4,208.35,209.5,19425,1173150
2025-11-20 10:50:00+05:30,210.0,212.3,208.65,210.5,24075,1173150
2025-11-20 10:51:00+05:30,210.95,211.75,210.3,211.35,19875,1173150
2025-11-20 10:52:00+05:30,211.0,213.6,210.65,213.15,16200,1177575
2025-11-20 10:53:00+05:30,213.0,213.55,211.3,211.85,13200,1177575
2025-11-20 10:54:00+05:30,211.4,211.6,208.0,208.0,20100,1177575
2025-11-20 10:55:00+05:30,208.0,208.05,201.55,205.75,30075,1180350
2025-11-20 10:56:00+05:30,205.4,209.95,205.4,207.15,13050,1180350
2025-11-20 10:57:00+05:30,206.4,207.6,204.0,204.05,12525,1180350
2025-11-20 10:58:00+05:30,204.45,206.35,203.95,204.65,9825,1188150
2025-11-20 10:59:00+05:30,204.2,204.35,200.85,201.15,15000,1188150
2025-11-20 11:00:00+05:30,200.65,202.6,197.95,198.25,17775,1188150
2025-11-20 11:01:00+05:30,198.5,202.15,198.0,202.15,7500,1188225
2025-11-20 11:02:00+05:30,202.0,203.7,200.8,203.1,17400,1188225
2025-11-20 11:03:00+05:30,203.45,203.75,202.25,203.75,4425,1188225
2025-11-20 11:04:00+05:30,204.0,206.2,204.0,205.5,16650,1185750
2025-11-20 11:05:00+05:30,205.0,206.9,204.3,205.8,10575,1185750
2025-11-20 11:06:00+05:30,205.6,206.05,204.3,205.25,9300,1185750
2025-11-20 11:07:00+05:30,205.4,205.6,202.0,202.0,8850,1202850
2025-11-20 11:08:00+05:30,202.25,206.5,202.1,206.45,7725,1202850
2025-11-20 11:09:00+05:30,206.0,206.6,205.45,205.75,5475,1202850
2025-11-20 11:10:00+05:30,206.35,208.0,205.95,207.35,8025,1202250
2025-11-20 11:11:00+05:30,207.8,207.8,205.75,206.65,10050,1202250
2025-11-20 11:12:00+05:30,206.45,206.75,205.35,205.35,3525,1202250
2025-11-20 11:13:00+05:30,205.2,207.25,205.0,206.6,6075,1206000
2025-11-20 11:14:00+05:30,206.25,207.45,201.15,201.8,10800,1206000
2025-11-20 11:15:00+05:30,202.6,203.6,201.35,201.35,10125,1206000
2025-11-20 11:16:00+05:30,201.1,202.4,199.0,201.85,15525,1206225
2025-11-20 11:17:00+05:30,202.0,202.55,199.25,200.1,6675,1206225
2025-11-20 11:18:00+05:30,200.85,201.6,198.25,199.2,9900,1206225
2025-11-20 11:19:00+05:30,199.95,199.95,196.2,198.0,5100,1211250
2025-11-20 11:20:00+05:30,198.1,200.6,198.0,200.6,3150,1211250
2025-11-20 11:21:00+05:30,200.65,202.9,200.5,200.65,7650,1211250
2025-11-20 11:22:00+05:30,200.0,202.05,197.75,201.9,9450,1219650
2025-11-20 11:23:00+05:30,202.05,203.8,200.85,202.8,6450,1219650
2025-11-20 11:24:00+05:30,202.5,206.0,202.45,204.95,12975,1219650
2025-11-20 11:25:00+05:30,205.5,206.0,204.25,204.55,5700,1220325
2025-11-20 11:26:00+05:30,205.15,206.0,203.5,204.5,5175,1220325
2025-11-20 11:27:00+05:30,204.5,206.0,203.5,204.55,4875,1220325
2025-11-20 11:28:00+05:30,204.0,204.35,202.8,203.5,11025,1222650
2025-11-20 11:29:00+05:30,203.55,204.9,202.2,204.9,10275,1222650
2025-11-20 11:30:00+05:30,205.0,205.2,203.55,204.05,3900,1222650
2025-11-20 11:31:00+05:30,203.6,203.8,201.0,203.45,6150,1217250
2025-11-20 11:32:00+05:30,203.75,206.95,202.95,206.1,13350,1217250
2025-11-20 11:33:00+05:30,205.25,209.0,205.25,208.7,12450,1217250
2025-11-20 11:34:00+05:30,209.2,211.8,209.0,209.25,40725,1203750
2025-11-20 11:35:00+05:30,209.0,209.7,206.8,207.9,9000,1203750
2025-11-20 11:36:00+05:30,207.9,208.25,206.1,206.1,4050,1203750
2025-11-20 11:37:00+05:30,208.0,208.1,205.85,207.0,5550,1204575
2025-11-20 11:38:00+05:30,208.05,208.5,206.55,207.5,6750,1204575
2025-11-20 11:39:00+05:30,207.5,209.65,207.2,208.5,6900,1204575
2025-11-20 11:40:00+05:30,207.9,208.7,207.65,208.4,4875,1210500
2025-11-20 11:41:00+05:30,208.05,208.25,205.9,207.4,10725,1210500
2025-11-20 11:42:00+05:30,207.9,208.2,206.3,206.3,5775,1210500
2025-11-20 11:43:00+05:30,206.5,211.35,206.5,210.05,11475,1217175
2025-11-20 11:44:00+05:30,209.4,210.85,209.3,210.3,11550,1217175
2025-11-20 11:45:00+05:30,210.3,210.9,208.85,208.95,4725,1217175
2025-11-20 11:46:00+05:30,209.25,209.25,203.1,203.1,13350,1228725
2025-11-20 11:47:00+05:30,203.8,204.3,202.0,203.2,12300,1228725
2025-11-20 11:48:00+05:30,202.75,204.5,201.0,203.0,5700,1228725
2025-11-20 11:49:00+05:30,203.4,203.8,200.8,201.5,7650,1229850
2025-11-20 11:50:00+05:30,201.5,202.85,201.1,202.7,2625,1229850
2025-11-20 11:51:00+05:30,202.8,203.4,201.15,203.05,7275,1229850
2025-11-20 11:52:00+05:30,203.6,204.4,198.0,198.75,14625,1241925
2025-11-20 11:53:00+05:30,199.0,200.65,197.0,200.4,18525,1241925
2025-11-20 11:54:00+05:30,200.3,202.5,200.0,202.45,2775,1241925
2025-11-20 11:55:00+05:30,202.3,204.6,201.65,203.6,12525,1245600
2025-11-20 11:56:00+05:30,203.75,205.6,203.3,204.15,5400,1245600
2025-11-20 11:57:00+05:30,204.0,206.7,204.0,205.75,5175,1245600
2025-11-20 11:58:00+05:30,205.75,208.4,205.0,208.4,11625,1245825
2025-11-20 11:59:00+05:30,208.15,209.0,207.0,208.2,11775,1245825
2025-11-20 12:00:00+05:30,208.65,211.7,208.65,210.7,28875,1245825
2025-11-20 12:01:00+05:30,210.75,211.95,210.45,210.45,7650,1251750
2025-11-20 12:02:00+05:30,210.35,210.9,207.05,207.45,14325,1251750
2025-11-20 12:03:00+05:30,207.05,208.05,205.75,206.85,7950,1251750
2025-11-20 12:04:00+05:30,206.45,208.0,205.8,207.8,3750,1255500
2025-11-20 12:05:00+05:30,208.15,208.75,207.05,207.45,5700,1255500
2025-11-20 12:06:00+05:30,207.9,208.6,207.45,208.3,8700,1255500
2025-11-20 12:07:00+05:30,208.35,209.05,206.7,207.75,5175,1256475
2025-11-20 12:08:00+05:30,207.3,207.7,206.0,206.75,6000,1256475
2025-11-20 12:09:00+05:30,206.5,207.1,205.5,206.25,4500,1256475
2025-11-20 12:10:00+05:30,206.2,208.15,205.8,207.35,7950,1259250
2025-11-20 12:11:00+05:30,207.45,209.05,207.05,207.8,4200,1259250
2025-11-20 12:12:00+05:30,207.8,208.65,207.35,208.55,4350,1259250
2025-11-20 12:13:00+05:30,208.6,209.9,208.45,209.0,3600,1261575
2025-11-20 12:14:00+05:30,208.6,209.65,207.55,209.2,14775,1261575
2025-11-20 12:15:00+05:30,209.4,210.0,207.2,207.85,13350,1261575
2025-11-20 12:16:00+05:30,207.55,210.9,207.55,209.6,12525,1269450
2025-11-20 12:17:00+05:30,209.5,209.5,203.8,204.3,8700,1269450
2025-11-20 12:18:00+05:30,205.1,208.2,204.6,208.0,5100,1269450
2025-11-20 12:19:00+05:30,207.7,209.7,207.6,208.0,8925,1270425
2025-11-20 12:20:00+05:30,208.4,208.7,206.2,206.6,3300,1270425
2025-11-20 12:21:00+05:30,206.5,209.55,206.5,209.45,9150,1270425
2025-11-20 12:22:00+05:30,208.5,210.0,208.2,209.45,7200,1275825
2025-11-20 12:23:00+05:30,209.45,212.75,209.45,211.85,15450,1275825
2025-11-20 12:24:00+05:30,211.85,219.0,211.4,213.4,60900,1275825
2025-11-20 12:25:00+05:30,213.8,215.6,213.55,215.5,12300,1276500
2025-11-20 12:26:00+05:30,215.6,217.35,214.55,216.0,25575,1276500
2025-11-20 12:27:00+05:30,216.3,218.1,216.0,216.8,25950,1276500
2025-11-20 12:28:00+05:30,216.9,220.15,216.5,218.4,42750,1276500
2025-11-20 12:29:00+05:30,218.85,219.55,217.7,218.45,16875,1268025
2025-11-20 12:30:00+05:30,218.65,220.2,218.2,218.75,38100,1268025
2025-11-20 12:31:00+05:30,218.75,219.5,218.15,218.6,26400,1268025
2025-11-20 12:32:00+05:30,218.7,219.15,216.35,217.3,17250,1314450
2025-11-20 12:33:00+05:30,218.55,222.6,218.2,221.55,33825,1314450
2025-11-20 12:34:00+05:30,222.0,223.0,218.85,220.0,18825,1314450
2025-11-20 12:35:00+05:30,220.0,221.1,219.1,220.0,16500,1311675
2025-11-20 12:36:00+05:30,220.5,221.6,218.55,220.3,17550,1311675
2025-11-20 12:37:00+05:30,220.55,221.3,219.65,220.1,14250,1311675
2025-11-20 12:38:00+05:30,220.75,221.35,220.0,220.55,12525,1337925
2025-11-20 12:39:00+05:30,221.0,222.0,220.45,221.05,12000,1337925
2025-11-20 12:40:00+05:30,221.1,221.75,220.0,220.4,20700,1337925
2025-11-20 12:41:00+05:30,220.0,221.35,218.9,219.5,8775,1355325
2025-11-20 12:42:00+05:30,219.5,221.5,219.0,219.35,6750,1355325
2025-11-20 12:43:00+05:30,220.0,222.5,219.05,222.1,12525,1355325
2025-11-20 12:44:00+05:30,222.0,223.9,219.7,220.3,39150,1355325
2025-11-20 12:45:00+05:30,220.45,221.8,220.3,221.35,8400,1355325
2025-11-20 12:46:00+05:30,222.0,224.15,220.8,221.15,18675,1355325
2025-11-20 12:47:00+05:30,221.65,222.75,221.1,222.4,8625,1371825
2025-11-20 12:48:00+05:30,222.75,223.75,222.05,223.1,31275,1371825
2025-11-20 12:49:00+05:30,222.35,223.7,222.0,222.5,19200,1371825
2025-11-20 12:50:00+05:30,222.5,222.8,221.3,221.7,13650,1401000
2025-11-20 12:51:00+05:30,221.95,221.95,218.95,220.15,20325,1401000
2025-11-20 12:52:00+05:30,220.15,221.3,217.65,217.9,38475,1401000
2025-11-20 12:53:00+05:30,217.25,220.75,216.8,219.8,10575,1447425
2025-11-20 12:54:00+05:30,220.0,220.0,218.2,218.7,25875,1447425
2025-11-20 12:55:00+05:30,218.45,220.95,218.45,218.7,25125,1447425
2025-11-20 12:56:00+05:30,218.65,218.7,217.0,217.1,19425,1474275
2025-11-20 12:57:00+05:30,217.55,218.0,215.4,218.0,9675,1474275
2025-11-20 12:58:00+05:30,218.3,219.0,216.95,218.3,11325,1474275
2025-11-20 12:59:00+05:30,219.0,220.0,218.35,219.3,14325,1494375
2025-11-20 13:00:00+05:30,219.3,222.0,218.5,222.0,21525,1494375
2025-11-20 13:01:00+05:30,221.7,224.75,221.35,224.75,23700,1522275
2025-11-20 13:02:00+05:30,224.4,225.0,223.15,224.2,14625,1522275
2025-11-20 13:03:00+05:30,224.45,227.0,224.45,226.45,59325,1522275
2025-11-20 13:04:00+05:30,226.95,227.25,226.05,226.05,18975,1522275
2025-11-20 13:05:00+05:30,226.0,226.4,225.0,225.05,24000,1565850
2025-11-20 13:06:00+05:30,225.55,225.7,221.6,222.75,27300,1565850
2025-11-20 13:07:00+05:30,222.15,222.55,220.45,220.55,12450,1565850
2025-11-20 13:08:00+05:30,221.0,221.0,218.0,218.7,13125,1585800
2025-11-20 13:09:00+05:30,218.45,220.8,216.0,220.5,28200,1585800
2025-11-20 13:10:00+05:30,220.6,225.35,220.6,224.35,47325,1585800
2025-11-20 13:11:00+05:30,224.75,226.0,222.05,224.0,41175,1597275
2025-11-20 13:12:00+05:30,223.35,228.2,221.6,223.25,33225,1597275
2025-11-20 13:13:00+05:30,223.3,223.3,220.2,221.05,6825,1597275
2025-11-20 13:14:00+05:30,221.45,224.5,220.05,224.5,14700,1594275
2025-11-20 13:15:00+05:30,224.05,224.8,222.1,222.15,8175,1594275
2025-11-20 13:16:00+05:30,222.0,222.85,220.5,222.2,7725,1594275
2025-11-20 13:17:00+05:30,222.3,224.95,221.7,224.5,7950,1598850
2025-11-20 13:18:00+05:30,224.25,226.25,224.15,225.5,14550,1598850
2025-11-20 13:19:00+05:30,225.8,228.55,225.7,227.0,57150,1598850
2025-11-20 13:20:00+05:30,226.45,226.5,221.45,224.65,44775,1575525
2025-11-20 13:21:00+05:30,224.8,228.2,221.1,228.2,56850,1575525
2025-11-20 13:22:00+05:30,228.15,228.3,226.5,227.5,7875,1575525
2025-11-20 13:23:00+05:30,227.65,230.0,227.2,229.3,19875,1563150
2025-11-20 13:24:00+05:30,229.1,234.9,229.0,231.3,57375,1563150
2025-11-20 13:25:00+05:30,230.85,233.95,230.8,233.75,17175,1563150
2025-11-20 13:26:00+05:30,233.55,244.3,232.6,241.65,64950,1561125
2025-11-20 13:27:00+05:30,241.6,242.0,238.7,241.0,32100,1561125
2025-11-20 13:28:00+05:30,240.55,245.8,239.4,244.6,39675,1561125
2025-11-20 13:29:00+05:30,245.0,246.1,241.95,244.55,28050,1556400
2025-11-20 13:30:00+05:30,245.0,247.7,242.8,245.5,24000,1556400
2025-11-20 13:31:00+05:30,245.6,245.7,242.25,243.0,27075,1556400
2025-11-20 13:32:00+05:30,243.15,245.0,241.25,242.95,15225,1558950
2025-11-20 13:33:00+05:30,242.95,246.75,242.45,245.3,23250,1558950
2025-11-20 13:34:00+05:30,244.85,247.0,243.8,243.8,25875,1558950
2025-11-20 13:35:00+05:30,244.15,250.55,243.95,248.95,36975,1559175
2025-11-20 13:36:00+05:30,248.7,249.6,247.2,249.15,26100,1559175
2025-11-20 13:37:00+05:30,249.0,253.15,248.0,253.0,20925,1559175
2025-11-20 13:38:00+05:30,253.15,254.75,250.55,250.55,30375,1542450
2025-11-20 13:39:00+05:30,251.0,259.7,250.6,257.3,33525,1542450
2025-11-20 13:40:00+05:30,257.9,257.9,253.1,253.85,21825,1542450
2025-11-20 13:41:00+05:30,253.7,255.75,250.7,254.8,23625,1531800
2025-11-20 13:42:00+05:30,255.1,255.1,252.8,252.8,13050,1531800
2025-11-20 13:43:00+05:30,253.0,255.65,253.0,255.6,8775,1531800
2025-11-20 13:44:00+05:30,255.0,258.15,254.5,257.15,8700,1532025
2025-11-20 13:45:00+05:30,257.15,257.15,253.05,255.95,24075,1532025
2025-11-20 13:46:00+05:30,255.6,257.75,254.9,256.2,10425,1532025
2025-11-20 13:47:00+05:30,256.75,256.75,248.05,250.85,31800,1532850
2025-11-20 13:48:00+05:30,251.0,253.1,250.25,253.0,30150,1532850
2025-11-20 13:49:00+05:30,253.75,258.8,253.75,257.1,19650,1532850
2025-11-20 13:50:00+05:30,257.1,259.0,256.5,258.45,17700,1543650
2025-11-20 13:51:00+05:30,257.9,258.4,256.7,257.4,9300,1543650
2025-11-20 13:52:00+05:30,257.4,265.65,255.65,265.45,46650,1543650
2025-11-20 13:53:00+05:30,265.0,269.2,264.1,267.85,29400,1538775
2025-11-20 13:54:00+05:30,269.0,270.0,265.4,266.8,23475,1538775
2025-11-20 13:55:00+05:30,267.15,268.1,264.2,267.3,15825,1538775
2025-11-20 13:56:00+05:30,266.9,266.9,264.3,266.2,12450,1533000
2025-11-20 13:57:00+05:30,266.2,266.2,263.45,265.0,15300,1533000
2025-11-20 13:58:00+05:30,265.35,268.0,263.9,266.4,17550,1533000
2025-11-20 13:59:00+05:30,266.3,267.5,260.85,262.05,26700,1538925
2025-11-20 14:00:00+05:30,261.5,263.7,260.55,263.45,10575,1538925
2025-11-20 14:01:00+05:30,263.2,263.95,259.3,260.45,14325,1538925
2025-11-20 14:02:00+05:30,260.6,262.45,258.25,258.25,20250,1537650
2025-11-20 14:03:00+05:30,259.65,261.6,257.95,259.3,21225,1537650
2025-11-20 14:04:00+05:30,259.6,263.8,259.25,262.5,11925,1537650
2025-11-20 14:05:00+05:30,263.2,265.0,262.0,262.75,12975,1548450
2025-11-20 14:06:00+05:30,263.2,265.5,262.15,265.5,9600,1548450
2025-11-20 14:07:00+05:30,265.1,265.1,259.6,259.8,12975,1548450
2025-11-20 14:08:00+05:30,259.0,263.0,258.75,261.9,7050,1554600
2025-11-20 14:09:00+05:30,262.25,265.95,262.2,262.65,13275,1554600
2025-11-20 14:10:00+05:30,263.2,265.95,262.05,264.1,24375,1554600
2025-11-20 14:11:00+05:30,263.6,264.5,262.7,264.5,15375,1553700
2025-11-20 14:12:00+05:30,265.0,265.0,261.0,261.7,14775,1553700
2025-11-20 14:13:00+05:30,262.15,262.95,259.3,261.25,25050,1553700
2025-11-20 14:14:00+05:30,262.0,263.1,261.15,262.9,9525,1536525
2025-11-20 14:15:00+05:30,262.9,265.0,261.75,264.6,10125,1536525
2025-11-20 14:16:00+05:30,264.55,267.0,263.9,266.0,27150,1536525
2025-11-20 14:17:00+05:30,266.35,269.2,265.6,267.7,26925,1536375
2025-11-20 14:18:00+05:30,267.5,269.9,267.35,269.0,19425,1536375
2025-11-20 14:19:00+05:30,269.15,271.25,266.05,266.7,25125,1536375
2025-11-20 14:20:00+05:30,266.0,267.5,262.45,267.0,13200,1531500
2025-11-20 14:21:00+05:30,267.0,268.0,266.45,267.5,15225,1531500
2025-11-20 14:22:00+05:30,266.35,267.05,263.85,264.1,14100,1531500
2025-11-20 14:23:00+05:30,265.0,266.0,263.45,263.75,6225,1518375
2025-11-20 14:24:00+05:30,264.3,265.55,264.25,265.2,11175,1518375
2025-11-20 14:25:00+05:30,264.95,265.6,261.2,261.2,17175,1518375
2025-11-20 14:26:00+05:30,261.4,262.1,258.4,258.4,7575,1521675
2025-11-20 14:27:00+05:30,258.6,259.05,251.95,254.05,19200,1521675
2025-11-20 14:28:00+05:30,252.7,253.85,250.05,252.1,41100,1521675
2025-11-20 14:29:00+05:30,252.3,253.0,247.5,248.85,20100,1514625
2025-11-20 14:30:00+05:30,250.0,256.2,249.0,254.0,28050,1514625
2025-11-20 14:31:00+05:30,254.25,255.0,246.2,248.7,15450,1514625
2025-11-20 14:32:00+05:30,248.25,248.25,245.0,245.6,15675,1527450
2025-11-20 14:33:00+05:30,245.75,249.1,244.3,247.05,13725,1527450
2025-11-20 14:34:00+05:30,247.2,249.3,247.2,248.4,11850,1527450
2025-11-20 14:35:00+05:30,248.4,252.4,247.2,252.0,16125,1540575
2025-11-20 14:36:00+05:30,252.0,256.5,252.0,254.8,22575,1540575
2025-11-20 14:37:00+05:30,254.8,257.85,253.45,257.4,17925,1540575
2025-11-20 14:38:00+05:30,257.95,260.45,256.0,256.0,21075,1534575
2025-11-20 14:39:00+05:30,255.25,257.2,255.1,255.1,7575,1534575
2025-11-20 14:40:00+05:30,255.45,259.05,255.45,256.65,15450,1534575
2025-11-20 14:41:00+05:30,257.0,258.7,257.0,258.35,10425,1534125
2025-11-20 14:42:00+05:30,258.05,259.0,254.8,254.85,12075,1534125
2025-11-20 14:43:00+05:30,254.8,254.8,245.3,245.9,21000,1534125
2025-11-20 14:44:00+05:30,245.7,245.9,239.65,239.95,48600,1533825
2025-11-20 14:45:00+05:30,239.05,247.4,238.85,247.4,26250,1533825
2025-11-20 14:46:00+05:30,246.8,251.6,246.25,250.15,22875,1533825
2025-11-20 14:47:00+05:30,250.9,252.1,242.35,243.0,11550,1532850
2025-11-20 14:48:00+05:30,242.8,244.0,241.3,243.55,17625,1532850
2025-11-20 14:49:00+05:30,243.3,249.0,242.85,246.4,12075,1532850
2025-11-20 14:50:00+05:30,247.3,250.0,246.45,250.0,10050,1536900
2025-11-20 14:51:00+05:30,250.0,252.95,249.2,250.7,10575,1536900
2025-11-20 14:52:00+05:30,250.65,252.4,249.45,250.5,13950,1536900
2025-11-20 14:53:00+05:30,251.0,251.35,247.05,248.0,9975,1530000
2025-11-20 14:54:00+05:30,246.45,247.3,244.9,245.1,9450,1530000
2025-11-20 14:55:00+05:30,244.05,250.85,244.05,250.45,17775,1530000
2025-11-20 14:56:00+05:30,250.15,250.15,247.35,247.35,10725,1531200
2025-11-20 14:57:00+05:30,248.55,250.55,245.8,248.75,25725,1531200
2025-11-20 14:58:00+05:30,248.85,249.15,247.0,247.2,9300,1531200
2025-11-20 14:59:00+05:30,247.2,248.7,246.45,247.8,6000,1528500
2025-11-20 15:00:00+05:30,248.8,254.65,246.0,247.0,33075,1528500
2025-11-20 15:01:00+05:30,246.05,246.8,234.0,235.5,32100,1528500
2025-11-20 15:02:00+05:30,234.55,238.25,231.55,232.75,41850,1536975
2025-11-20 15:03:00+05:30,233.0,241.0,231.2,240.5,50700,1536975
2025-11-20 15:04:00+05:30,240.25,240.35,236.75,236.8,20400,1536975
2025-11-20 15:05:00+05:30,237.9,238.2,235.35,237.7,16425,1549425
2025-11-20 15:06:00+05:30,237.7,239.0,236.5,237.8,15525,1549425
2025-11-20 15:07:00+05:30,238.15,241.0,237.6,239.55,27750,1549425
2025-11-20 15:08:00+05:30,239.2,239.25,236.75,238.5,25725,1561650
2025-11-20 15:09:00+05:30,237.95,239.0,236.2,236.75,44100,1561650
2025-11-20 15:10:00+05:30,237.0,239.65,236.3,238.85,26850,1561650
2025-11-20 15:11:00+05:30,239.35,239.6,237.9,238.75,8475,1558050
2025-11-20 15:12:00+05:30,239.65,242.5,239.1,242.2,29925,1558050
2025-11-20 15:13:00+05:30,242.7,243.95,241.0,242.35,25350,1558050
2025-11-20 15:14:00+05:30,243.05,245.1,242.55,243.9,21375,1551600
2025-11-20 15:15:00+05:30,244.25,246.0,243.4,245.85,21300,1551600
2025-11-20 15:16:00+05:30,245.9,247.0,244.2,245.9,28200,1551600
2025-11-20 15:17:00+05:30,246.05,251.2,245.75,249.6,29775,1545900
2025-11-20 15:18:00+05:30,250.1,250.1,242.75,244.45,32400,1545900
2025-11-20 15:19:00+05:30,244.8,245.85,243.2,245.2,12150,1545900
2025-11-20 15:20:00+05:30,245.5,245.95,244.7,245.2,13500,1545525
2025-11-20 15:21:00+05:30,245.25,245.6,242.55,242.95,55575,1545525
2025-11-20 15:22:00+05:30,242.95,245.0,242.95,243.5,12450,1545525
2025-11-20 15:23:00+05:30,243.85,244.5,242.0,244.0,27225,1541775
2025-11-20 15:24:00+05:30,244.2,247.0,243.6,246.65,20475,1541775
2025-11-20 15:25:00+05:30,246.85,247.75,246.0,246.6,28200,1541775
2025-11-20 15:26:00+05:30,246.3,246.8,246.0,246.6,18450,1529175
2025-11-20 15:27:00+05:30,246.0,246.7,245.2,245.5,24900,1529175
2025-11-20 15:28:00+05:30,245.9,245.9,244.8,245.9,37125,1529175
2025-11-20 15:29:00+05:30,245.9,248.0,245.25,248.0,43050,1557675
2025-11-21 09:15:00+05:30,200.0,208.5,181.5,197.1,205500,1496475
2025-11-21 09:16:00+05:30,197.0,202.8,194.35,199.1,114075,1561500
2025-11-21 09:17:00+05:30,198.0,209.95,196.5,206.2,114225,1561500
2025-11-21 09:18:00+05:30,203.6,205.8,197.95,202.35,101925,1561500
2025-11-21 09:19:00+05:30,202.0,214.3,200.65,209.5,69675,1697325
2025-11-21 09:20:00+05:30,209.6,212.0,204.45,211.45,90900,1697325
2025-11-21 09:21:00+05:30,210.9,213.0,208.1,211.7,75525,1697325
2025-11-21 09:22:00+05:30,211.3,215.35,210.15,213.85,64200,1750575
2025-11-21 09:23:00+05:30,213.7,216.0,210.7,212.0,52050,1750575
2025-11-21 09:24:00+05:30,210.7,220.0,210.7,217.7,71325,1750575
2025-11-21 09:25:00+05:30,217.45,224.7,216.0,220.0,75075,1775850
2025-11-21 09:26:00+05:30,220.35,222.7,214.8,216.25,56025,1775850
2025-11-21 09:27:00+05:30,215.55,224.0,215.55,223.85,67950,1775850
2025-11-21 09:28:00+05:30,224.0,224.0,217.5,218.0,31875,1761075
2025-11-21 09:29:00+05:30,217.85,219.1,215.65,216.9,21300,1761075
2025-11-21 09:30:00+05:30,216.45,220.0,210.7,211.2,34350,1761075
2025-11-21 09:31:00+05:30,211.85,221.15,211.0,216.9,43125,1758825
2025-11-21 09:32:00+05:30,216.55,227.85,216.25,225.2,60225,1758825
2025-11-21 09:33:00+05:30,225.8,225.8,219.2,221.05,97875,1758825
2025-11-21 09:34:00+05:30,221.25,221.5,212.95,213.95,50175,1759350
2025-11-21 09:35:00+05:30,213.55,215.25,209.35,211.5,55350,1759350
2025-11-21 09:36:00+05:30,211.55,211.85,207.45,208.65,33075,1759350
2025-11-21 09:37:00+05:30,208.75,210.8,205.5,206.2,35400,1799700
2025-11-21 09:38:00+05:30,206.15,208.8,204.3,204.45,16950,1799700
2025-11-21 09:39:00+05:30,205.65,212.0,205.0,211.55,27150,1799700
2025-11-21 09:40:00+05:30,211.5,216.7,208.65,209.6,37950,1815525
2025-11-21 09:41:00+05:30,209.85,211.8,207.65,209.75,14025,1815525
2025-11-21 09:42:00+05:30,209.4,209.45,200.7,201.1,22425,1815525
2025-11-21 09:43:00+05:30,202.05,202.8,200.0,201.2,40350,1823400
2025-11-21 09:44:00+05:30,201.95,202.0,196.2,196.35,47625,1823400
2025-11-21 09:45:00+05:30,196.4,196.4,186.0,189.6,69600,1823400
2025-11-21 09:46:00+05:30,190.0,197.3,190.0,195.65,60525,1866600
2025-11-21 09:47:00+05:30,196.0,198.3,194.8,197.45,29625,1866600
2025-11-21 09:48:00+05:30,197.3,198.0,191.3,192.5,19500,1866600
2025-11-21 09:49:00+05:30,192.5,196.0,192.0,195.7,11625,1869900
2025-11-21 09:50:00+05:30,195.0,196.05,194.0,194.1,12375,1869900
2025-11-21 09:51:00+05:30,194.2,197.0,192.9,196.65,19725,1869900
2025-11-21 09:52:00+05:30,196.8,196.8,192.5,192.5,22200,1881825
2025-11-21 09:53:00+05:30,192.3,194.4,190.6,193.3,29550,1881825
2025-11-21 09:54:00+05:30,192.75,193.65,189.8,190.4,24525,1881825
2025-11-21 09:55:00+05:30,190.4,191.0,183.25,184.75,48075,1907625
2025-11-21 09:56:00+05:30,184.25,193.2,182.65,193.15,61200,1907625
2025-11-21 09:57:00+05:30,192.9,193.55,190.0,190.95,60675,1907625
2025-11-21 09:58:00+05:30,190.55,197.5,190.15,196.4,27375,1936725
2025-11-21 09:59:00+05:30,196.25,198.9,195.75,198.4,80925,1936725
2025-11-21 10:00:00+05:30,198.6,198.8,196.0,196.55,38850,1936725
2025-11-21 10:01:00+05:30,196.5,196.85,190.2,190.2,39075,1987425
2025-11-21 10:02:00+05:30,190.6,191.35,188.0,188.0,23550,1987425
2025-11-21 10:03:00+05:30,188.0,188.65,182.1,184.25,61800,1987425
2025-11-21 10:04:00+05:30,184.6,185.55,182.6,184.15,25200,2019900
2025-11-21 10:05:00+05:30,184.7,185.45,182.75,184.05,26400,2019900
2025-11-21 10:06:00+05:30,184.0,185.9,182.95,183.65,34575,2019900
2025-11-21 10:07:00+05:30,183.9,185.3,181.65,183.1,24525,2040450
2025-11-21 10:08:00+05:30,184.0,185.9,182.45,183.45,26100,2040450
2025-11-21 10:09:00+05:30,183.05,183.95,180.3,181.25,80850,2040450
2025-11-21 10:10:00+05:30,180.7,182.0,177.1,180.5,81900,2042250
2025-11-21 10:11:00+05:30,180.4,182.9,179.6,182.3,24900,2042250
2025-11-21 10:12:00+05:30,182.25,184.65,180.3,182.5,27450,2042250
2025-11-21 10:13:00+05:30,183.7,185.0,180.2,180.55,26325,2053650
2025-11-21 10:14:00+05:30,180.7,181.6,178.9,179.8,30150,2053650
2025-11-21 10:15:00+05:30,179.55,181.5,178.7,180.25,26550,2053650
2025-11-21 10:16:00+05:30,179.85,181.15,175.9,178.2,33675,2049225
2025-11-21 10:17:00+05:30,178.6,178.6,173.6,174.15,51075,2049225
2025-11-21 10:18:00+05:30,174.7,174.7,170.15,172.9,50850,2049225
2025-11-21 10:19:00+05:30,173.0,174.85,168.0,171.1,51225,2052675
2025-11-21 10:20:00+05:30,170.55,172.4,168.95,171.2,29100,2052675
2025-11-21 10:21:00+05:30,171.0,174.25,167.95,173.75,50625,2052675
2025-11-21 10:22:00+05:30,174.0,174.8,171.5,172.15,24900,2055225
2025-11-21 10:23:00+05:30,172.4,175.4,171.8,174.8,20025,2055225
2025-11-21 10:24:00+05:30,175.05,175.1,173.45,174.0,13575,2055225
2025-11-21 10:25:00+05:30,173.95,176.4,173.95,175.35,52425,2068050
2025-11-21 10:26:00+05:30,175.0,175.75,174.0,174.2,19950,2068050
2025-11-21 10:27:00+05:30,174.05,175.0,171.0,172.85,19800,2068050
2025-11-21 10:28:00+05:30,172.1,173.4,170.95,172.3,11925,2087625
2025-11-21 10:29:00+05:30,172.7,174.6,172.3,172.65,15825,2087625
2025-11-21 10:30:00+05:30,172.8,173.55,169.6,172.75,24825,2087625
2025-11-21 10:31:00+05:30,172.5,176.85,172.5,176.35,35850,2094375
2025-11-21 10:32:00+05:30,175.95,176.6,174.3,176.3,19725,2094375
2025-11-21 10:33:00+05:30,175.65,176.95,175.35,175.65,21825,2094375
2025-11-21 10:34:00+05:30,175.65,176.15,169.45,169.45,24150,2105175
2025-11-21 10:35:00+05:30,169.2,172.8,167.0,172.35,29700,2105175
2025-11-21 10:36:00+05:30,172.05,177.0,171.8,175.8,18900,2105175
2025-11-21 10:37:00+05:30,176.45,177.0,174.0,174.05,17025,2114325
2025-11-21 10:38:00+05:30,173.95,175.75,173.0,174.6,7200,2114325
2025-11-21 10:39:00+05:30,174.6,176.9,174.0,176.45,7200,2114325
2025-11-21 10:40:00+05:30,176.1,176.85,173.95,175.65,20250,2115675
2025-11-21 10:41:00+05:30,175.35,175.6,173.3,174.6,8550,2115675
2025-11-21 10:42:00+05:30,174.65,176.0,171.15,176.0,21225,2115675
2025-11-21 10:43:00+05:30,175.6,176.6,172.5,173.25,7125,2110575
2025-11-21 10:44:00+05:30,173.7,176.0,173.7,174.0,6000,2110575
2025-11-21 10:45:00+05:30,173.0,175.2,172.5,173.95,7050,2110575
2025-11-21 10:46:00+05:30,173.9,174.0,169.95,172.0,33150,2112000
2025-11-21 10:47:00+05:30,172.2,176.55,172.2,174.7,17925,2112000
2025-11-21 10:48:00+05:30,174.7,176.1,172.0,176.1,17775,2112000
2025-11-21 10:49:00+05:30,176.45,178.0,175.4,176.75,33225,2103975
2025-11-21 10:50:00+05:30,176.85,177.6,175.05,176.0,24000,2103975
2025-11-21 10:51:00+05:30,175.7,178.2,175.45,177.0,29475,2103975
2025-11-21 10:52:00+05:30,176.85,177.35,173.05,173.25,33675,2086575
2025-11-21 10:53:00+05:30,173.25,174.2,169.4,169.8,21375,2086575
2025-11-21 10:54:00+05:30,169.2,174.85,168.25,174.75,24825,2086575
2025-11-21 10:55:00+05:30,174.9,174.9,170.5,170.5,10350,2084250
2025-11-21 10:56:00+05:30,170.65,177.8,170.65,176.65,17925,2084250
2025-11-21 10:57:00+05:30,177.25,178.95,177.05,178.6,18300,2084250
2025-11-21 10:58:00+05:30,178.15,180.8,177.5,180.1,30300,2081700
2025-11-21 10:59:00+05:30,180.2,183.4,179.7,181.65,32475,2081700
2025-11-21 11:00:00+05:30,181.2,183.1,181.0,181.9,25800,2081700
2025-11-21 11:01:00+05:30,181.9,181.9,178.45,179.8,22950,2072325
2025-11-21 11:02:00+05:30,179.0,180.25,178.65,179.0,11325,2072325
2025-11-21 11:03:00+05:30,179.1,182.25,178.2,181.1,13275,2072325
2025-11-21 11:04:00+05:30,180.0,180.95,178.55,179.75,9075,2072250
2025-11-21 11:05:00+05:30,178.95,178.95,173.1,173.55,16950,2072250
2025-11-21 11:06:00+05:30,173.5,175.0,168.15,170.5,44475,2072250
2025-11-21 11:07:00+05:30,171.15,176.0,170.85,176.0,30375,2069775
2025-11-21 11:08:00+05:30,176.0,179.95,174.9,179.1,19800,2069775
2025-11-21 11:09:00+05:30,178.9,181.65,177.25,180.45,27300,2069775
2025-11-21 11:10:00+05:30,181.35,183.05,180.3,180.8,28275,2057025
2025-11-21 11:11:00+05:30,181.7,184.0,180.6,184.0,18675,2057025
2025-11-21 11:12:00+05:30,184.0,185.8,183.45,185.6,26100,2057025
2025-11-21 11:13:00+05:30,185.5,188.2,184.05,188.15,23700,2052900
2025-11-21 11:14:00+05:30,188.55,189.5,187.0,189.5,36825,2052900
2025-11-21 11:15:00+05:30,189.6,189.8,186.0,188.6,38850,2052900
2025-11-21 11:16:00+05:30,188.05,188.85,186.3,187.9,15975,2045175
2025-11-21 11:17:00+05:30,188.35,189.5,186.45,186.85,21675,2045175
2025-11-21 11:18:00+05:30,186.0,188.25,185.65,186.8,26475,2045175
2025-11-21 11:19:00+05:30,186.05,186.7,185.0,185.7,13500,2055300
2025-11-21 11:20:00+05:30,185.2,185.8,183.25,184.55,16350,2055300
2025-11-21 11:21:00+05:30,184.85,186.5,183.3,186.5,14325,2055300
2025-11-21 11:22:00+05:30,186.65,187.6,182.55,183.8,13275,2056575
2025-11-21 11:23:00+05:30,183.55,184.45,182.0,182.3,10875,2056575
2025-11-21 11:24:00+05:30,182.4,182.6,179.0,181.4,19500,2056575
2025-11-21 11:25:00+05:30,180.85,181.95,175.0,181.95,24450,2061600
2025-11-21 11:26:00+05:30,181.7,185.0,180.35,182.8,12000,2061600
2025-11-21 11:27:00+05:30,182.7,184.7,180.25,184.6,6975,2061600
2025-11-21 11:28:00+05:30,184.55,188.95,183.8,188.95,26100,2063625
2025-11-21 11:29:00+05:30,188.25,190.7,186.5,188.55,35175,2063625
2025-11-21 11:30:00+05:30,188.5,188.5,185.0,186.3,14625,2063625
2025-11-21 11:31:00+05:30,185.4,187.65,184.45,185.0,15075,2051475
2025-11-21 11:32:00+05:30,184.7,184.7,181.0,181.05,8775,2051475
2025-11-21 11:33:00+05:30,181.8,181.8,176.25,176.95,20325,2051475
2025-11-21 11:34:00+05:30,176.5,180.5,176.15,178.4,23700,2054700
2025-11-21 11:35:00+05:30,178.8,179.75,177.25,178.7,10200,2054700
2025-11-21 11:36:00+05:30,178.3,179.95,178.3,179.3,5925,2054700
2025-11-21 11:37:00+05:30,179.25,182.0,178.3,181.3,7725,2055900
2025-11-21 11:38:00+05:30,181.2,182.3,179.0,179.0,11025,2055900
2025-11-21 11:39:00+05:30,179.5,180.85,178.8,179.0,21450,2055900
2025-11-21 11:40:00+05:30,179.15,181.5,177.1,177.7,7650,2060025
2025-11-21 11:41:00+05:30,177.45,178.75,176.65,178.1,7725,2060025
2025-11-21 11:42:00+05:30,178.4,179.7,176.35,177.3,7650,2060025
2025-11-21 11:43:00+05:30,176.7,179.0,175.5,177.0,11400,2061750
2025-11-21 11:44:00+05:30,177.5,179.45,177.3,179.45,5175,2061750
2025-11-21 11:45:00+05:30,178.15,181.0,177.4,180.55,15225,2061750
2025-11-21 11:46:00+05:30,180.4,180.5,177.4,178.45,12825,2066925
2025-11-21 11:47:00+05:30,178.45,179.25,176.15,179.2,5625,2066925
2025-11-21 11:48:00+05:30,179.4,179.95,178.35,178.85,7125,2066925
2025-11-21 11:49:00+05:30,178.7,178.9,176.45,178.0,9975,2073750
2025-11-21 11:50:00+05:30,177.95,181.0,175.95,180.4,9900,2073750
2025-11-21 11:51:00+05:30,180.5,184.35,180.5,182.2,17550,2073750
2025-11-21 11:52:00+05:30,182.05,182.35,177.0,177.65,26100,2079975
2025-11-21 11:53:00+05:30,177.7,181.75,176.95,181.35,22800,2079975
2025-11-21 11:54:00+05:30,181.35,184.0,180.0,183.0,21975,2079975
2025-11-21 11:55:00+05:30,184.0,184.65,180.8,181.6,11175,2094675
2025-11-21 11:56:00+05:30,181.75,183.2,181.7,181.85,13425,2094675
2025-11-21 11:57:00+05:30,182.2,182.2,179.8,180.1,11175,2094675
2025-11-21 11:58:00+05:30,180.95,181.25,178.75,181.25,5175,2099325
2025-11-21 11:59:00+05:30,181.0,181.5,177.45,177.7,15450,2099325
2025-11-21 12:00:00+05:30,177.5,178.8,176.1,178.25,14175,2099325
2025-11-21 12:01:00+05:30,178.15,183.3,178.15,182.8,8775,2101875
2025-11-21 12:02:00+05:30,182.6,184.5,181.35,184.5,16725,2101875
2025-11-21 12:03:00+05:30,184.85,186.8,184.0,185.25,21075,2101875
2025-11-21 12:04:00+05:30,185.25,188.0,184.85,187.65,21450,2094975
2025-11-21 12:05:00+05:30,187.55,189.0,186.4,188.75,54900,2094975
2025-11-21 12:06:00+05:30,187.9,188.4,186.05,186.65,12975,2094975
2025-11-21 12:07:00+05:30,186.45,186.45,183.65,183.65,50250,2090250
2025-11-21 12:08:00+05:30,184.0,185.25,182.4,184.4,8100,2090250
2025-11-21 12:09:00+05:30,184.25,187.0,184.25,186.95,25200,2090250
2025-11-21 12:10:00+05:30,186.25,188.0,186.15,186.95,9900,2105250
2025-11-21 12:11:00+05:30,186.55,187.55,185.35,186.7,9000,2105250
2025-11-21 12:12:00+05:30,186.6,193.7,186.45,192.6,123825,2105250
2025-11-21 12:13:00+05:30,192.5,193.95,190.55,193.3,22950,2118225
2025-11-21 12:14:00+05:30,193.05,194.95,192.35,192.8,72300,2118225
2025-11-21 12:15:00+05:30,193.0,194.5,192.5,193.05,69675,2118225
2025-11-21 12:16:00+05:30,193.2,197.3,192.6,197.3,63150,2081700
2025-11-21 12:17:00+05:30,196.55,197.4,194.9,195.5,30525,2081700
2025-11-21 12:18:00+05:30,195.0,202.0,194.45,202.0,46500,2081700
2025-11-21 12:19:00+05:30,202.0,202.15,197.85,200.0,43725,2081700
2025-11-21 12:20:00+05:30,200.1,200.9,199.0,200.5,20325,2061825
2025-11-21 12:21:00+05:30,200.2,204.5,200.2,203.6,66375,2061825
2025-11-21 12:22:00+05:30,203.4,205.85,202.45,204.95,42450,2061825
2025-11-21 12:23:00+05:30,204.5,205.65,203.25,203.7,29850,2039775
2025-11-21 12:24:00+05:30,204.0,212.0,204.0,210.45,72075,2039775
2025-11-21 12:25:00+05:30,210.35,211.2,203.45,205.85,46800,2039775
2025-11-21 12:26:00+05:30,206.15,206.25,202.2,205.15,35175,2000700
2025-11-21 12:27:00+05:30,205.1,208.05,204.6,207.45,26550,2000700
2025-11-21 12:28:00+05:30,207.45,208.9,204.0,205.0,109950,2000700
2025-11-21 12:29:00+05:30,205.0,207.7,203.55,206.9,17850,2038425
2025-11-21 12:30:00+05:30,206.3,207.5,204.0,205.65,15150,2038425
2025-11-21 12:31:00+05:30,206.2,206.65,203.65,204.0,67500,2038425
2025-11-21 12:32:00+05:30,204.25,204.25,197.25,197.9,32175,2083200
2025-11-21 12:33:00+05:30,197.85,201.55,197.85,200.95,33000,2083200
2025-11-21 12:34:00+05:30,201.1,201.35,198.8,199.85,11100,2083200
2025-11-21 12:35:00+05:30,200.1,202.4,197.7,202.15,13050,2082525
2025-11-21 12:36:00+05:30,202.5,203.8,201.0,201.0,16050,2082525
2025-11-21 12:37:00+05:30,200.15,201.85,198.4,200.7,9900,2082525
2025-11-21 12:38:00+05:30,200.75,202.15,198.4,201.55,4425,2091525
2025-11-21 12:39:00+05:30,201.5,202.35,200.0,202.35,9075,2091525
2025-11-21 12:40:00+05:30,202.0,202.95,199.4,201.8,10950,2091525
2025-11-21 12:41:00+05:30,202.1,203.85,200.35,201.15,7200,2089875
2025-11-21 12:42:00+05:30,200.9,205.95,200.9,204.95,15675,2089875
2025-11-21 12:43:00+05:30,204.8,205.0,200.2,200.95,16650,2089875
2025-11-21 12:44:00+05:30,201.65,204.65,201.0,203.75,11550,2097825
2025-11-21 12:45:00+05:30,203.4,205.8,202.7,203.9,18750,2097825
2025-11-21 12:46:00+05:30,203.95,206.55,203.6,206.0,31125,2097825
2025-11-21 12:47:00+05:30,205.75,209.0,204.9,206.7,36150,2100225
2025-11-21 12:48:00+05:30,207.3,211.0,206.7,210.4,29700,2100225
2025-11-21 12:49:00+05:30,210.55,215.2,210.0,215.0,51075,2100225
2025-11-21 12:50:00+05:30,214.85,217.6,213.45,216.0,61950,2080500
2025-11-21 12:51:00+05:30,216.85,223.8,216.85,221.25,101700,2080500
2025-11-21 12:52:00+05:30,221.3,221.9,216.8,218.45,47100,2080500
2025-11-21 12:53:00+05:30,218.0,219.7,214.25,218.0,25875,2075400
2025-11-21 12:54:00+05:30,218.3,221.3,217.75,220.45,30975,2075400
2025-11-21 12:55:00+05:30,220.45,222.45,218.7,220.05,45825,2075400
2025-11-21 12:56:00+05:30,220.4,222.2,219.65,222.05,7275,2067900
2025-11-21 12:57:00+05:30,222.0,223.0,220.7,222.0,32325,2067900
2025-11-21 12:58:00+05:30,221.45,222.0,218.9,219.65,15975,2067900
2025-11-21 12:59:00+05:30,219.3,219.6,215.0,216.25,32625,2068200
2025-11-21 13:00:00+05:30,216.65,219.5,214.15,215.65,19125,2068200
2025-11-21 13:01:00+05:30,215.2,216.05,211.65,212.65,21600,2068200
2025-11-21 13:02:00+05:30,211.75,215.6,210.75,214.25,134625,2079750
2025-11-21 13:03:00+05:30,214.85,214.85,210.5,211.4,22050,2079750
2025-11-21 13:04:00+05:30,211.3,213.45,211.1,212.0,10425,2079750
2025-11-21 13:05:00+05:30,212.1,213.7,210.55,211.3,10575,2152200
2025-11-21 13:06:00+05:30,211.4,212.9,207.9,212.0,16650,2152200
2025-11-21 13:07:00+05:30,211.35,211.9,208.9,209.0,10425,2152200
2025-11-21 13:08:00+05:30,209.4,209.7,204.95,205.95,17775,2147850
2025-11-21 13:09:00+05:30,206.25,208.9,206.0,206.85,13575,2147850
2025-11-21 13:10:00+05:30,206.5,208.15,205.45,206.8,9525,2147850
2025-11-21 13:11:00+05:30,206.65,207.0,202.6,202.85,15900,2149650
2025-11-21 13:12:00+05:30,202.65,203.5,198.0,199.3,49425,2149650
2025-11-21 13:13:00+05:30,199.2,201.4,198.1,199.85,37050,2149650
2025-11-21 13:14:00+05:30,199.6,200.1,191.5,192.45,44925,2145375
2025-11-21 13:15:00+05:30,192.35,196.8,191.2,191.95,25350,2145375
2025-11-21 13:16:00+05:30,192.5,194.35,188.85,192.0,26250,2145375
2025-11-21 13:17:00+05:30,192.15,192.75,182.8,182.8,31950,2143875
2025-11-21 13:18:00+05:30,182.4,187.7,182.4,184.05,50625,2143875
2025-11-21 13:19:00+05:30,184.25,185.85,179.85,181.9,36525,2143875
2025-11-21 13:20:00+05:30,181.7,186.5,181.7,185.0,27825,2148150
2025-11-21 13:21:00+05:30,185.4,185.5,178.85,180.6,33900,2148150
2025-11-21 13:22:00+05:30,181.25,185.95,181.1,184.95,18675,2148150
2025-11-21 13:23:00+05:30,184.5,185.1,178.5,178.5,25725,2166750
2025-11-21 13:24:00+05:30,178.8,181.8,177.9,179.05,44325,2166750
2025-11-21 13:25:00+05:30,179.2,181.0,175.05,176.55,23100,2166750
2025-11-21 13:26:00+05:30,177.4,182.2,177.4,182.0,15075,2181450
2025-11-21 13:27:00+05:30,181.6,184.35,181.5,182.85,29625,2181450
2025-11-21 13:28:00+05:30,183.0,185.0,182.2,184.3,26550,2181450
2025-11-21 13:29:00+05:30,184.45,184.75,180.6,182.25,14550,2185950
2025-11-21 13:30:00+05:30,182.1,183.3,177.3,178.85,27975,2185950
2025-11-21 13:31:00+05:30,178.15,182.35,176.95,182.35,13425,2185950
2025-11-21 13:32:00+05:30,181.55,182.0,179.95,180.4,11175,2193000
2025-11-21 13:33:00+05:30,180.6,181.75,178.65,180.0,12225,2193000
2025-11-21 13:34:00+05:30,180.45,186.0,180.45,185.85,12375,2193000
2025-11-21 13:35:00+05:30,185.4,187.0,184.75,185.0,26625,2193375
2025-11-21 13:36:00+05:30,185.9,186.5,184.7,185.5,13575,2193375
2025-11-21 13:37:00+05:30,185.2,188.0,183.55,187.1,33375,2193375
2025-11-21 13:38:00+05:30,186.7,190.9,185.1,190.5,42375,2204475
2025-11-21 13:39:00+05:30,190.6,191.4,186.35,186.6,25050,2204475
2025-11-21 13:40:00+05:30,186.55,187.3,183.8,184.75,11100,2204475
2025-11-21 13:41:00+05:30,184.6,185.8,182.0,184.0,22200,2202225
2025-11-21 13:42:00+05:30,183.45,183.5,181.05,181.85,10050,2202225
2025-11-21 13:43:00+05:30,181.5,182.0,178.45,181.6,44100,2202225
2025-11-21 13:44:00+05:30,182.0,185.0,181.5,181.5,16650,2238750
2025-11-21 13:45:00+05:30,181.05,182.1,177.35,180.0,23400,2238750
2025-11-21 13:46:00+05:30,180.45,184.5,179.15,182.65,24750,2238750
2025-11-21 13:47:00+05:30,182.5,184.0,181.3,182.45,14925,2244975
2025-11-21 13:48:00+05:30,182.05,183.85,180.45,183.7,11475,2244975
2025-11-21 13:49:00+05:30,183.6,184.6,182.7,183.85,10650,2244975
2025-11-21 13:50:00+05:30,184.0,185.95,183.6,184.4,14100,2250300
2025-11-21 13:51:00+05:30,184.0,184.25,178.6,180.45,12375,2250300
2025-11-21 13:52:00+05:30,181.4,185.75,181.4,185.5,18300,2250300
2025-11-21 13:53:00+05:30,185.3,188.15,184.6,186.8,17925,2252475
2025-11-21 13:54:00+05:30,186.0,191.8,185.65,191.65,21825,2252475
2025-11-21 13:55:00+05:30,191.1,194.6,190.9,192.55,45900,2252475
2025-11-21 13:56:00+05:30,191.3,193.4,190.4,192.05,25725,2251350
2025-11-21 13:57:00+05:30,191.45,195.35,191.4,192.8,16725,2251350
2025-11-21 13:58:00+05:30,192.0,194.5,191.5,194.5,12375,2251350
2025-11-21 13:59:00+05:30,194.0,196.6,193.65,195.25,34800,2249775
2025-11-21 14:00:00+05:30,195.0,197.5,194.4,195.05,27750,2249775
2025-11-21 14:01:00+05:30,195.25,196.0,193.8,196.0,19875,2249775
2025-11-21 14:02:00+05:30,196.0,196.95,194.05,195.0,9525,2245425
2025-11-21 14:03:00+05:30,194.7,196.0,192.9,193.1,10575,2245425
2025-11-21 14:04:00+05:30,193.25,194.65,191.3,194.65,9075,2245425
2025-11-21 14:05:00+05:30,194.55,195.75,193.0,194.25,10350,2242875
2025-11-21 14:06:00+05:30,193.9,193.95,189.7,191.1,37200,2242875
2025-11-21 14:07:00+05:30,191.0,193.95,190.05,193.5,13800,2242875
2025-11-21 14:08:00+05:30,194.0,199.8,193.95,199.0,28050,2257800
2025-11-21 14:09:00+05:30,198.5,201.5,197.5,201.3,27975,2257800
2025-11-21 14:10:00+05:30,201.5,201.9,199.1,199.95,27900,2257800
2025-11-21 14:11:00+05:30,199.5,199.85,197.75,199.85,13950,2252625
2025-11-21 14:12:00+05:30,200.0,204.0,199.9,202.1,24150,2252625
2025-11-21 14:13:00+05:30,202.4,204.0,201.9,203.1,29850,2252625
2025-11-21 14:14:00+05:30,202.95,204.05,202.0,202.3,24900,2244675
2025-11-21 14:15:00+05:30,202.4,206.5,201.85,206.5,36075,2244675
2025-11-21 14:16:00+05:30,206.65,208.95,205.1,207.05,53475,2244675
2025-11-21 14:17:00+05:30,206.7,206.7,203.35,205.75,36825,2242125
2025-11-21 14:18:00+05:30,206.25,206.3,202.0,202.0,10125,2242125
2025-11-21 14:19:00+05:30,202.55,203.8,199.0,200.55,22050,2242125
2025-11-21 14:20:00+05:30,201.0,207.95,199.75,205.2,60825,2241225
2025-11-21 14:21:00+05:30,205.2,208.8,205.0,208.35,23550,2241225
2025-11-21 14:22:00+05:30,208.4,209.1,206.15,207.4,36225,2241225
2025-11-21 14:23:00+05:30,207.45,208.95,206.0,207.8,32175,2264475
2025-11-21 14:24:00+05:30,208.4,209.0,205.5,206.55,19725,2264475
2025-11-21 14:25:00+05:30,206.85,207.55,205.45,206.1,18150,2264475
2025-11-21 14:26:00+05:30,206.6,207.75,205.0,207.05,13950,2269950
2025-11-21 14:27:00+05:30,207.5,209.0,202.5,205.15,94875,2269950
2025-11-21 14:28:00+05:30,204.75,208.0,203.6,207.8,24750,2269950
2025-11-21 14:29:00+05:30,207.45,207.55,203.4,205.4,14550,2254125
2025-11-21 14:30:00+05:30,206.0,206.4,204.5,204.6,9300,2254125
2025-11-21 14:31:00+05:30,204.8,207.4,203.6,207.0,92775,2254125
2025-11-21 14:32:00+05:30,206.5,207.1,202.15,204.55,14250,2274750
2025-11-21 14:33:00+05:30,204.3,206.0,200.15,205.5,22875,2274750
2025-11-21 14:34:00+05:30,206.05,206.6,202.8,203.55,7725,2274750
2025-11-21 14:35:00+05:30,204.0,206.3,203.3,204.9,9900,2284125
2025-11-21 14:36:00+05:30,205.1,209.0,203.3,205.55,33375,2284125
2025-11-21 14:37:00+05:30,205.9,210.2,205.9,206.7,36675,2284125
2025-11-21 14:38:00+05:30,206.45,206.95,200.65,203.5,86325,2260950
2025-11-21 14:39:00+05:30,203.55,203.55,196.6,196.9,46500,2260950
2025-11-21 14:40:00+05:30,196.85,198.0,190.1,192.95,53700,2260950
2025-11-21 14:41:00+05:30,192.9,201.1,192.9,198.15,25575,2247450
2025-11-21 14:42:00+05:30,198.3,199.95,195.3,195.7,11700,2247450
2025-11-21 14:43:00+05:30,195.0,195.7,192.15,193.5,15600,2247450
2025-11-21 14:44:00+05:30,194.05,195.0,185.9,187.05,40275,2246250
2025-11-21 14:45:00+05:30,187.9,193.0,186.9,190.85,21525,2246250
2025-11-21 14:46:00+05:30,191.1,193.0,187.0,188.75,18525,2246250
2025-11-21 14:47:00+05:30,188.75,189.3,181.3,182.45,37800,2246550
2025-11-21 14:48:00+05:30,182.45,184.0,179.4,180.75,50700,2246550
2025-11-21 14:49:00+05:30,180.8,182.3,179.0,179.9,47550,2246550
2025-11-21 14:50:00+05:30,180.4,183.2,179.3,181.0,32175,2251050
2025-11-21 14:51:00+05:30,180.95,183.75,179.95,182.05,32100,2251050
2025-11-21 14:52:00+05:30,182.05,182.85,175.0,175.4,60300,2251050
2025-11-21 14:53:00+05:30,175.35,180.45,175.0,178.45,33000,2254800
2025-11-21 14:54:00+05:30,178.5,180.2,174.6,175.2,66600,2254800
2025-11-21 14:55:00+05:30,175.6,175.9,167.05,167.5,67200,2254800
2025-11-21 14:56:00+05:30,167.0,173.55,166.6,170.3,43200,2280375
2025-11-21 14:57:00+05:30,170.4,170.85,165.65,166.35,36450,2280375
2025-11-21 14:58:00+05:30,166.35,167.35,161.2,164.55,85650,2280375
2025-11-21 14:59:00+05:30,164.5,166.7,163.4,163.4,49425,2284050
2025-11-21 15:00:00+05:30,163.2,167.6,160.9,167.6,51600,2284050
2025-11-21 15:01:00+05:30,168.0,169.9,166.3,169.15,43050,2284050
2025-11-21 15:02:00+05:30,169.15,171.0,168.25,169.7,58650,2296875
2025-11-21 15:03:00+05:30,169.05,169.5,166.55,167.0,36525,2296875
2025-11-21 15:04:00+05:30,166.65,168.5,165.95,167.0,25575,2296875
2025-11-21 15:05:00+05:30,167.05,167.05,162.4,163.05,49500,2309400
2025-11-21 15:06:00+05:30,162.95,166.55,160.55,165.85,65325,2309400
2025-11-21 15:07:00+05:30,165.45,165.45,160.6,161.05,36150,2309400
2025-11-21 15:08:00+05:30,162.0,165.45,161.6,163.35,35925,2280675
2025-11-21 15:09:00+05:30,163.7,164.0,162.0,163.9,29625,2280675
2025-11-21 15:10:00+05:30,163.85,164.7,161.75,161.75,62550,2280675
2025-11-21 15:11:00+05:30,163.45,163.45,159.4,160.5,70050,2292075
2025-11-21 15:12:00+05:30,160.6,163.0,158.55,161.7,38325,2292075
2025-11-21 15:13:00+05:30,161.95,162.0,159.6,159.85,37725,2292075
2025-11-21 15:14:00+05:30,159.75,161.5,159.75,160.75,48225,2286675
2025-11-21 15:15:00+05:30,161.05,166.0,160.8,166.0,175800,2286675
2025-11-21 15:16:00+05:30,166.0,166.6,161.85,165.7,34875,2286675
2025-11-21 15:17:00+05:30,165.65,165.65,163.15,163.9,32475,2221800
2025-11-21 15:18:00+05:30,163.8,164.25,161.55,163.45,19050,2221800
2025-11-21 15:19:00+05:30,163.9,164.0,160.2,161.05,24900,2221800
2025-11-21 15:20:00+05:30,161.05,161.7,160.0,160.9,38025,2237850
2025-11-21 15:21:00+05:30,160.95,162.15,159.9,160.5,61125,2237850
2025-11-21 15:22:00+05:30,160.5,161.0,157.0,157.5,71025,2237850
2025-11-21 15:23:00+05:30,157.5,157.7,153.15,153.2,78900,2223450
2025-11-21 15:24:00+05:30,153.2,156.45,153.05,156.3,60825,2223450
2025-11-21 15:25:00+05:30,156.7,160.0,156.7,159.3,59175,2223450
2025-11-21 15:26:00+05:30,159.7,159.7,158.3,158.45,24825,2240625
2025-11-21 15:27:00+05:30,158.5,159.15,157.3,157.5,26925,2240625
2025-11-21 15:28:00+05:30,157.75,157.9,156.25,156.55,37350,2240625
2025-11-21 15:29:00+05:30,156.65,156.9,155.0,155.0,59100,2221650
2025-11-24 09:15:00+05:30,171.0,185.35,170.0,176.45,265350,2209275
2025-11-24 09:16:00+05:30,177.0,178.7,170.1,170.45,148425,2274375
2025-11-24 09:17:00+05:30,170.05,173.7,168.8,170.4,103125,2274375
2025-11-24 09:18:00+05:30,170.15,179.5,169.55,177.7,117300,2274375
2025-11-24 09:19:00+05:30,177.5,177.8,171.1,173.55,79650,2323950
2025-11-24 09:20:00+05:30,172.5,177.95,170.3,174.6,52725,2323950
2025-11-24 09:21:00+05:30,173.45,179.55,173.45,178.8,90750,2323950
2025-11-24 09:22:00+05:30,178.0,178.5,175.0,177.05,67650,2368200
2025-11-24 09:23:00+05:30,175.75,177.4,172.9,175.5,40575,2368200
2025-11-24 09:24:00+05:30,175.35,176.9,170.1,172.0,44700,2368200
2025-11-24 09:25:00+05:30,171.65,177.15,171.05,173.55,46275,2382300
2025-11-24 09:26:00+05:30,173.1,176.9,172.0,175.8,42000,2382300
2025-11-24 09:27:00+05:30,175.75,177.45,172.9,173.0,38550,2382300
2025-11-24 09:28:00+05:30,172.95,176.25,172.55,174.8,30600,2399925
2025-11-24 09:29:00+05:30,174.55,177.0,174.45,176.9,33300,2399925
2025-11-24 09:30:00+05:30,177.0,177.85,174.45,176.5,48825,2399925
2025-11-24 09:31:00+05:30,176.2,176.2,170.55,171.45,47025,2419800
2025-11-24 09:32:00+05:30,171.3,172.0,166.3,169.3,81975,2419800
2025-11-24 09:33:00+05:30,169.3,169.95,165.0,165.05,58125,2419800
2025-11-24 09:34:00+05:30,165.0,166.5,163.5,165.6,59400,2479350
2025-11-24 09:35:00+05:30,165.9,165.9,159.4,160.75,67425,2479350
2025-11-24 09:36:00+05:30,160.7,161.6,159.15,159.75,83625,2479350
2025-11-24 09:37:00+05:30,160.0,165.4,159.75,161.4,71400,2534925
2025-11-24 09:38:00+05:30,161.5,163.9,161.45,162.25,29475,2534925
2025-11-24 09:39:00+05:30,162.35,165.35,162.0,163.4,47925,2534925
2025-11-24 09:40:00+05:30,163.0,165.45,161.9,163.95,72225,2579025
2025-11-24 09:41:00+05:30,164.5,165.0,160.2,161.4,40650,2579025
2025-11-24 09:42:00+05:30,161.1,161.85,158.55,160.6,60975,2579025
2025-11-24 09:43:00+05:30,161.0,163.3,160.05,160.3,56325,2603475
2025-11-24 09:44:00+05:30,160.1,161.3,158.0,158.85,86850,2603475
2025-11-24 09:45:00+05:30,158.75,159.0,153.5,155.65,135975,2603475
2025-11-24 09:46:00+05:30,155.8,156.4,153.9,154.0,70650,2629500
2025-11-24 09:47:00+05:30,154.35,161.15,153.3,161.15,73125,2629500
2025-11-24 09:48:00+05:30,161.2,165.0,160.6,164.6,57825,2659950
2025-11-24 09:49:00+05:30,164.5,167.05,163.65,166.0,101100,2659950
2025-11-24 09:50:00+05:30,165.85,170.35,165.2,169.45,61500,2659950
2025-11-24 09:51:00+05:30,169.8,171.35,169.2,169.55,85050,2659950
2025-11-24 09:52:00+05:30,169.55,169.55,163.15,163.3,49650,2671350
2025-11-24 09:53:00+05:30,163.0,167.2,162.95,165.9,36450,2671350
2025-11-24 09:54:00+05:30,165.9,166.2,160.0,160.1,41475,2671350
2025-11-24 09:55:00+05:30,160.1,164.15,158.05,162.5,71925,2698725
2025-11-24 09:56:00+05:30,162.0,164.5,161.85,162.75,48825,2698725
2025-11-24 09:57:00+05:30,162.65,164.25,160.85,161.4,27900,2698725
2025-11-24 09:58:00+05:30,161.4,162.85,160.2,160.2,13425,2714250
2025-11-24 09:59:00+05:30,160.4,162.2,159.8,161.0,20625,2714250
2025-11-24 10:00:00+05:30,161.5,165.55,161.5,165.2,37800,2714250
2025-11-24 10:01:00+05:30,165.2,167.5,164.55,167.05,67350,2724675
2025-11-24 10:02:00+05:30,167.5,171.25,167.1,171.25,82275,2724675
2025-11-24 10:03:00+05:30,171.1,171.1,168.5,169.65,63375,2724675
2025-11-24 10:04:00+05:30,169.25,172.0,169.0,170.75,66150,2750625
2025-11-24 10:05:00+05:30,170.7,172.0,169.8,171.35,88875,2750625
2025-11-24 10:06:00+05:30,171.0,171.35,168.0,170.35,61800,2750625
2025-11-24 10:07:00+05:30,170.5,171.65,168.95,170.35,36675,2747175
2025-11-24 10:08:00+05:30,170.55,173.95,170.45,172.4,70200,2747175
2025-11-24 10:09:00+05:30,172.25,173.8,171.75,173.7,30300,2747175
2025-11-24 10:10:00+05:30,173.75,174.5,173.0,173.2,54600,2749125
2025-11-24 10:11:00+05:30,173.15,173.15,171.9,171.9,35550,2749125
2025-11-24 10:12:00+05:30,171.95,174.9,171.05,174.5,48975,2749125
2025-11-24 10:13:00+05:30,174.5,176.0,174.0,175.15,75375,2747325
2025-11-24 10:14:00+05:30,175.2,176.0,172.9,175.2,68100,2747325
2025-11-24 10:15:00+05:30,175.55,176.0,175.0,175.55,76125,2747325
2025-11-24 10:16:00+05:30,175.55,176.0,171.85,172.0,44100,2729850
2025-11-24 10:17:00+05:30,172.05,172.9,167.1,169.35,55800,2729850
2025-11-24 10:18:00+05:30,169.8,171.0,169.2,170.5,24525,2728275
2025-11-24 10:19:00+05:30,170.5,173.3,169.55,172.45,32175,2728275
2025-11-24 10:20:00+05:30,172.05,175.0,172.05,172.55,34050,2728275
2025-11-24 10:21:00+05:30,172.25,177.4,171.75,175.35,67950,2728275
2025-11-24 10:22:00+05:30,175.95,176.75,174.0,174.2,36075,2732400
2025-11-24 10:23:00+05:30,174.8,177.0,174.1,177.0,17250,2732400
2025-11-24 10:24:00+05:30,177.0,177.8,174.65,175.15,31650,2732400
2025-11-24 10:25:00+05:30,175.4,175.65,174.05,175.5,23850,2736975
2025-11-24 10:26:00+05:30,175.5,176.8,174.3,175.75,24300,2736975
2025-11-24 10:27:00+05:30,175.9,177.2,173.6,177.0,38325,2736975
2025-11-24 10:28:00+05:30,176.65,177.9,175.0,175.75,20325,2738550
2025-11-24 10:29:00+05:30,175.85,176.2,172.6,172.9,34800,2738550
2025-11-24 10:30:00+05:30,172.85,174.35,170.45,174.1,31200,2738550
2025-11-24 10:31:00+05:30,174.65,174.7,170.15,170.85,21300,2751000
2025-11-24 10:32:00+05:30,170.75,175.75,170.75,174.05,31275,2751000
2025-11-24 10:33:00+05:30,174.0,175.5,173.0,173.8,20475,2751000
2025-11-24 10:34:00+05:30,174.4,176.9,174.1,176.5,39975,2771400
2025-11-24 10:35:00+05:30,176.9,178.0,176.0,177.05,57825,2771400
2025-11-24 10:36:00+05:30,177.0,178.75,177.0,178.15,49050,2771400
2025-11-24 10:37:00+05:30,177.8,183.4,177.65,182.55,102375,2781825
2025-11-24 10:38:00+05:30,182.85,182.95,180.5,181.2,65325,2781825
2025-11-24 10:39:00+05:30,181.25,181.45,179.3,179.5,47400,2781825
2025-11-24 10:40:00+05:30,179.25,180.55,178.5,178.6,37875,2776875
2025-11-24 10:41:00+05:30,178.85,180.55,178.05,180.05,58500,2776875
2025-11-24 10:42:00+05:30,179.6,181.0,179.6,180.3,24825,2776875
2025-11-24 10:43:00+05:30,180.45,181.9,179.9,180.55,35325,2781000
2025-11-24 10:44:00+05:30,180.6,181.35,177.3,177.65,34200,2781000
2025-11-24 10:45:00+05:30,177.0,178.4,175.65,176.0,25725,2781000
2025-11-24 10:46:00+05:30,176.65,179.0,175.85,178.5,29775,2789325
2025-11-24 10:47:00+05:30,178.7,179.2,178.0,178.25,33825,2789325
2025-11-24 10:48:00+05:30,178.65,180.0,178.65,179.6,21975,2789325
2025-11-24 10:49:00+05:30,179.7,180.9,177.5,177.5,39675,2802975
2025-11-24 10:50:00+05:30,177.85,178.3,175.0,175.8,30300,2802975
2025-11-24 10:51:00+05:30,175.85,177.6,175.5,177.45,16500,2802975
2025-11-24 10:52:00+05:30,177.6,178.4,176.0,176.15,16950,2806575
2025-11-24 10:53:00+05:30,176.35,176.8,171.85,172.0,41250,2806575
2025-11-24 10:54:00+05:30,171.7,172.2,167.55,169.1,60600,2806575
2025-11-24 10:55:00+05:30,169.15,170.05,167.35,167.85,38025,2803125
2025-11-24 10:56:00+05:30,167.95,170.65,167.95,170.25,27750,2803125
2025-11-24 10:57:00+05:30,170.25,170.75,167.15,169.0,47475,2803125
2025-11-24 10:58:00+05:30,168.75,169.6,167.05,168.65,24450,2797875
2025-11-24 10:59:00+05:30,168.6,169.15,167.2,167.3,21600,2797875
2025-11-24 11:00:00+05:30,167.75,168.0,165.0,165.8,47475,2797875
2025-11-24 11:01:00+05:30,166.5,167.85,161.1,161.1,58200,2802525
2025-11-24 11:02:00+05:30,161.0,161.55,157.15,159.55,75825,2802525
2025-11-24 11:03:00+05:30,159.9,160.95,159.25,159.95,35325,2802525
2025-11-24 11:04:00+05:30,159.65,165.2,159.55,163.5,57825,2826750
2025-11-24 11:05:00+05:30,163.95,165.0,163.05,163.5,29550,2826750
2025-11-24 11:06:00+05:30,163.55,163.8,161.0,162.5,22125,2826750
2025-11-24 11:07:00+05:30,162.2,164.95,162.2,164.95,15600,2841000
2025-11-24 11:08:00+05:30,164.85,165.2,162.65,164.4,33675,2841000
2025-11-24 11:09:00+05:30,164.25,164.25,160.45,163.45,19200,2841000
2025-11-24 11:10:00+05:30,163.5,164.4,161.5,161.5,15975,2852625
2025-11-24 11:11:00+05:30,162.0,162.25,159.3,160.85,45225,2852625
2025-11-24 11:12:00+05:30,160.8,163.1,160.8,162.65,13275,2852625
2025-11-24 11:13:00+05:30,162.95,163.5,161.75,163.0,19350,2866425
2025-11-24 11:14:00+05:30,163.05,163.2,159.35,160.35,26700,2866425
2025-11-24 11:15:00+05:30,159.8,161.55,158.2,158.85,25125,2866425
2025-11-24 11:16:00+05:30,159.25,161.25,158.0,159.4,14700,2879400
2025-11-24 11:17:00+05:30,159.95,161.5,158.0,158.85,24825,2879400
2025-11-24 11:18:00+05:30,158.8,159.4,155.2,157.35,42750,2879400
2025-11-24 11:19:00+05:30,157.5,160.7,157.3,159.4,34500,2887500
2025-11-24 11:20:00+05:30,159.45,162.0,158.9,162.0,30675,2887500
2025-11-24 11:21:00+05:30,161.7,163.0,158.3,158.95,39000,2887500
2025-11-24 11:22:00+05:30,159.6,162.0,159.2,161.5,24450,2915175
2025-11-24 11:23:00+05:30,161.5,161.5,159.2,160.75,22425,2915175
2025-11-24 11:24:00+05:30,160.65,161.6,159.35,161.0,24075,2915175
2025-11-24 11:25:00+05:30,160.75,164.5,160.5,164.2,46875,2925525
2025-11-24 11:26:00+05:30,164.15,166.9,163.9,166.9,34875,2925525
2025-11-24 11:27:00+05:30,166.5,167.9,165.85,166.65,50400,2925525
2025-11-24 11:28:00+05:30,166.95,170.0,166.5,169.6,51600,2926875
2025-11-24 11:29:00+05:30,169.05,171.5,168.9,170.5,54825,2926875
2025-11-24 11:30:00+05:30,170.45,172.0,169.3,169.85,57150,2926875
2025-11-24 11:31:00+05:30,169.65,171.0,168.6,168.8,38175,2920875
2025-11-24 11:32:00+05:30,169.0,172.0,168.8,171.8,35550,2920875
2025-11-24 11:33:00+05:30,171.3,172.35,170.55,171.1,39150,2920875
2025-11-24 11:34:00+05:30,171.3,171.6,168.65,169.75,19050,2929275
2025-11-24 11:35:00+05:30,169.75,171.35,169.65,170.35,28950,2929275
2025-11-24 11:36:00+05:30,170.5,172.25,170.2,171.05,22950,2929275
2025-11-24 11:37:00+05:30,171.0,172.0,170.65,171.1,27525,2930250
2025-11-24 11:38:00+05:30,171.25,171.9,169.35,169.85,21150,2930250
2025-11-24 11:39:00+05:30,169.35,170.0,166.1,166.75,39600,2930250
2025-11-24 11:40:00+05:30,167.05,168.75,166.05,167.35,37500,2930700
2025-11-24 11:41:00+05:30,167.7,170.65,167.0,168.0,36825,2930700
2025-11-24 11:42:00+05:30,167.55,168.7,165.05,166.0,34875,2930700
2025-11-24 11:43:00+05:30,166.0,167.85,165.3,167.2,14550,2950200
2025-11-24 11:44:00+05:30,167.0,167.65,166.8,167.05,8925,2950200
2025-11-24 11:45:00+05:30,167.0,167.4,162.15,162.3,31725,2950200
2025-11-24 11:46:00+05:30,162.45,163.6,159.15,163.0,55575,2950800
2025-11-24 11:47:00+05:30,162.8,163.8,161.4,162.0,23100,2950800
2025-11-24 11:48:00+05:30,162.0,162.3,158.85,159.25,47025,2950800
2025-11-24 11:49:00+05:30,158.9,160.65,158.35,159.55,34875,2947425
2025-11-24 11:50:00+05:30,159.85,159.85,155.75,157.25,53475,2947425
2025-11-24 11:51:00+05:30,157.4,158.6,154.0,154.0,74850,2947425
2025-11-24 11:52:00+05:30,154.4,155.0,152.35,154.05,50175,2965575
2025-11-24 11:53:00+05:30,154.15,154.6,149.2,150.0,91575,2965575
2025-11-24 11:54:00+05:30,149.9,150.8,147.7,150.0,84375,2965575
2025-11-24 11:55:00+05:30,150.7,152.65,149.4,152.05,75150,3013050
2025-11-24 11:56:00+05:30,151.9,152.6,149.0,150.6,73950,3013050
2025-11-24 11:57:00+05:30,150.9,150.9,143.3,144.75,132600,3013050
2025-11-24 11:58:00+05:30,144.85,148.0,144.7,147.8,49650,3044025
2025-11-24 11:59:00+05:30,148.0,152.0,148.0,151.7,50100,3044025
2025-11-24 12:00:00+05:30,151.5,153.5,149.9,153.5,43275,3044025
2025-11-24 12:01:00+05:30,153.35,154.0,152.0,152.7,44850,3075975
2025-11-24 12:02:00+05:30,152.85,154.2,152.55,153.9,37275,3075975
2025-11-24 12:03:00+05:30,153.9,154.0,150.9,151.55,37800,3075975
2025-11-24 12:04:00+05:30,151.3,152.5,150.9,152.5,14925,3075975
2025-11-24 12:05:00+05:30,152.45,153.1,151.25,151.85,20025,3090750
2025-11-24 12:06:00+05:30,152.15,152.5,149.4,152.15,34875,3090750
2025-11-24 12:07:00+05:30,152.2,152.5,146.85,149.5,44850,3098625
2025-11-24 12:08:00+05:30,149.55,151.35,149.3,150.05,17400,3098625
2025-11-24 12:09:00+05:30,150.55,150.6,147.3,147.9,24675,3098625
2025-11-24 12:10:00+05:30,148.25,148.8,146.5,146.65,25875,3098625
2025-11-24 12:11:00+05:30,147.25,148.6,146.65,148.25,19650,3109050
2025-11-24 12:12:00+05:30,148.3,148.5,145.2,145.4,32175,3109050
2025-11-24 12:13:00+05:30,145.7,149.4,145.5,147.8,24825,3109050
2025-11-24 12:14:00+05:30,148.0,149.3,147.25,147.65,17250,3121725
2025-11-24 12:15:00+05:30,147.65,148.65,146.1,148.0,32550,3121725
2025-11-24 12:16:00+05:30,148.2,149.0,145.2,145.9,27150,3121725
2025-11-24 12:17:00+05:30,145.55,148.6,145.35,148.55,22875,3132750
2025-11-24 12:18:00+05:30,148.55,151.45,148.55,150.35,33600,3132750
2025-11-24 12:19:00+05:30,150.2,150.8,149.15,149.6,28425,3132750
2025-11-24 12:20:00+05:30,149.8,152.7,149.5,152.25,31050,3141375
2025-11-24 12:21:00+05:30,151.75,153.1,151.0,152.9,31800,3141375
2025-11-24 12:22:00+05:30,152.8,153.4,149.55,150.05,31500,3141375
2025-11-24 12:23:00+05:30,149.95,150.0,147.4,149.4,31725,3135975
2025-11-24 12:24:00+05:30,149.0,149.65,144.0,147.15,40050,3135975
2025-11-24 12:25:00+05:30,147.25,147.25,140.6,145.95,69225,3135975
2025-11-24 12:26:00+05:30,146.45,147.15,145.0,145.75,24225,3139425
2025-11-24 12:27:00+05:30,145.75,145.75,141.45,142.15,43125,3139425
2025-11-24 12:28:00+05:30,142.35,144.7,141.5,143.2,41100,3139425
2025-11-24 12:29:00+05:30,143.1,145.05,143.1,144.1,38550,3129225
2025-11-24 12:30:00+05:30,143.85,145.1,143.0,143.15,20250,3129225
2025-11-24 12:31:00+05:30,143.0,143.0,136.3,139.7,149100,3129225
2025-11-24 12:32:00+05:30,139.8,145.65,139.05,145.55,71475,3146925
2025-11-24 12:33:00+05:30,145.5,145.65,143.75,144.9,50325,3146925
2025-11-24 12:34:00+05:30,144.5,148.65,144.1,147.25,42825,3146925
2025-11-24 12:35:00+05:30,147.35,148.55,146.6,148.4,28050,3147450
2025-11-24 12:36:00+05:30,148.2,151.5,148.05,150.0,62550,3147450
2025-11-24 12:37:00+05:30,149.8,150.5,149.05,149.05,25575,3147450
2025-11-24 12:38:00+05:30,149.0,149.0,147.5,148.65,17700,3154575
2025-11-24 12:39:00+05:30,148.25,148.35,146.05,147.95,23925,3154575
2025-11-24 12:40:00+05:30,148.0,149.4,146.55,147.2,14700,3154575
2025-11-24 12:41:00+05:30,147.35,147.65,146.0,146.15,9300,3162000
2025-11-24 12:42:00+05:30,146.55,148.35,146.55,148.0,21150,3162000
2025-11-24 12:43:00+05:30,148.0,148.45,147.0,147.55,20775,3162000
2025-11-24 12:44:00+05:30,147.0,149.0,145.25,148.6,23025,3171900
2025-11-24 12:45:00+05:30,149.0,151.0,147.85,150.4,34575,3171900
2025-11-24 12:46:00+05:30,150.6,151.75,149.9,150.25,23550,3171900
2025-11-24 12:47:00+05:30,150.25,151.4,148.65,149.2,15075,3170325
2025-11-24 12:48:00+05:30,149.05,150.45,148.05,150.1,8700,3170325
2025-11-24 12:49:00+05:30,150.5,151.9,150.5,151.8,19275,3170325
2025-11-24 12:50:00+05:30,151.55,152.2,151.05,151.65,42450,3169500
2025-11-24 12:51:00+05:30,151.9,152.5,150.3,152.2,44475,3169500
2025-11-24 12:52:00+05:30,152.25,152.5,150.3,150.3,19200,3169500
2025-11-24 12:53:00+05:30,150.55,151.25,150.35,150.65,14550,3169725
2025-11-24 12:54:00+05:30,150.45,150.45,141.6,144.3,81225,3169725
2025-11-24 12:55:00+05:30,144.2,146.35,140.5,145.1,67350,3169725
2025-11-24 12:56:00+05:30,145.5,148.4,145.5,147.35,33675,3177975
2025-11-24 12:57:00+05:30,147.05,149.65,145.6,147.35,31725,3177975
2025-11-24 12:58:00+05:30,147.7,147.9,146.0,146.2,23100,3177975
2025-11-24 12:59:00+05:30,146.3,150.2,146.15,149.8,44325,3202500
2025-11-24 13:00:00+05:30,149.05,150.95,149.05,149.65,17325,3202500
2025-11-24 13:01:00+05:30,149.6,150.3,147.1,147.65,11850,3202500
2025-11-24 13:02:00+05:30,147.45,147.75,145.6,146.0,20400,3206925
2025-11-24 13:03:00+05:30,146.0,146.0,144.1,144.6,42525,3206925
2025-11-24 13:04:00+05:30,144.6,146.9,143.5,145.85,14100,3206925
2025-11-24 13:05:00+05:30,146.25,146.25,145.1,145.1,10800,3197925
2025-11-24 13:06:00+05:30,145.4,147.7,145.1,145.9,12450,3197925
2025-11-24 13:07:00+05:30,146.25,149.45,145.6,149.45,22575,3197925
2025-11-24 13:08:00+05:30,149.4,150.15,147.75,148.0,20100,3194025
2025-11-24 13:09:00+05:30,148.9,149.6,147.5,148.0,15375,3194025
2025-11-24 13:10:00+05:30,148.75,149.55,147.2,149.0,15450,3194025
2025-11-24 13:11:00+05:30,149.0,150.0,147.45,148.5,22350,3193350
2025-11-24 13:12:00+05:30,148.65,149.9,148.5,149.4,3225,3193350
2025-11-24 13:13:00+05:30,149.0,149.55,146.15,146.9,11850,3193350
2025-11-24 13:14:00+05:30,146.8,147.3,144.75,146.9,25575,3197475
2025-11-24 13:15:00+05:30,146.4,146.55,144.65,146.15,28350,3197475
2025-11-24 13:16:00+05:30,145.95,147.4,145.3,146.75,21825,3197475
2025-11-24 13:17:00+05:30,147.0,149.5,146.8,149.0,18075,3196050
2025-11-24 13:18:00+05:30,148.0,150.15,147.5,149.95,17100,3196050
2025-11-24 13:19:00+05:30,149.95,150.1,148.55,148.85,6000,3196050
2025-11-24 13:20:00+05:30,148.75,150.95,148.6,149.9,45375,3220050
2025-11-24 13:21:00+05:30,150.1,150.1,148.5,149.5,10500,3220050
2025-11-24 13:22:00+05:30,149.3,150.7,148.4,149.45,31575,3220050
2025-11-24 13:23:00+05:30,149.0,149.75,148.75,149.45,10125,3222825
2025-11-24 13:24:00+05:30,149.5,150.95,149.5,150.0,19050,3222825
2025-11-24 13:25:00+05:30,150.0,150.05,148.0,149.1,27825,3222825
2025-11-24 13:26:00+05:30,148.95,148.95,146.4,148.25,18750,3221850
2025-11-24 13:27:00+05:30,148.5,148.75,145.6,146.35,10050,3221850
2025-11-24 13:28:00+05:30,146.45,146.95,142.55,142.6,47100,3221850
2025-11-24 13:29:00+05:30,142.95,146.25,142.95,146.25,14100,3233700
2025-11-24 13:30:00+05:30,145.9,145.9,142.9,144.25,15075,3233700
2025-11-24 13:31:00+05:30,144.15,144.5,141.6,143.55,25200,3233700
2025-11-24 13:32:00+05:30,143.75,144.55,143.3,143.9,16425,3236025
2025-11-24 13:33:00+05:30,143.75,144.6,143.2,144.6,7050,3236025
2025-11-24 13:34:00+05:30,144.0,144.2,141.85,142.0,152925,3236025
2025-11-24 13:35:00+05:30,142.0,144.8,141.6,144.5,79350,3216225
2025-11-24 13:36:00+05:30,144.15,147.0,144.15,145.95,23625,3216225
2025-11-24 13:37:00+05:30,145.9,146.1,142.0,142.15,30375,3216225
2025-11-24 13:38:00+05:30,142.05,142.8,141.2,141.5,16575,3212550
2025-11-24 13:39:00+05:30,141.5,142.0,138.75,140.65,49425,3212550
2025-11-24 13:40:00+05:30,140.9,141.8,140.2,140.75,22875,3212550
2025-11-24 13:41:00+05:30,140.8,142.95,140.05,142.0,33150,3211350
2025-11-24 13:42:00+05:30,142.6,143.35,142.15,142.9,23625,3211350
2025-11-24 13:43:00+05:30,143.1,143.3,140.85,143.15,16275,3211350
2025-11-24 13:44:00+05:30,143.0,145.6,142.9,145.6,24600,3216825
2025-11-24 13:45:00+05:30,145.4,146.45,145.3,146.0,31950,3216825
2025-11-24 13:46:00+05:30,146.0,146.85,145.55,145.55,17700,3216825
2025-11-24 13:47:00+05:30,146.05,146.2,143.95,144.15,17550,3218550
2025-11-24 13:48:00+05:30,143.65,147.0,143.2,146.65,14925,3218550
2025-11-24 13:49:00+05:30,146.55,146.55,144.15,144.15,5400,3218550
2025-11-24 13:50:00+05:30,144.0,144.0,142.05,143.1,13125,3216825
2025-11-24 13:51:00+05:30,143.0,145.7,143.0,145.5,5850,3216825
2025-11-24 13:52:00+05:30,145.5,145.9,142.0,142.0,11925,3216825
2025-11-24 13:53:00+05:30,141.5,142.2,140.25,140.35,17100,3211575
2025-11-24 13:54:00+05:30,140.45,142.8,140.0,142.55,20475,3211575
2025-11-24 13:55:00+05:30,142.7,142.8,141.25,141.3,14400,3211575
2025-11-24 13:56:00+05:30,141.0,143.8,141.0,143.8,28575,3216675
2025-11-24 13:57:00+05:30,143.9,144.0,142.75,143.0,11550,3216675
2025-11-24 13:58:00+05:30,143.1,143.25,140.0,141.2,17400,3216675
2025-11-24 13:59:00+05:30,141.4,141.5,137.7,138.3,49650,3215400
2025-11-24 14:00:00+05:30,138.3,140.7,138.3,139.0,21675,3215400
2025-11-24 14:01:00+05:30,139.2,139.3,136.2,136.3,38550,3215400
2025-11-24 14:02:00+05:30,136.4,137.45,133.3,133.45,67200,3212100
2025-11-24 14:03:00+05:30,133.65,135.55,133.0,135.1,33225,3212100
2025-11-24 14:04:00+05:30,135.15,135.4,132.1,132.85,57750,3212100
2025-11-24 14:05:00+05:30,132.55,134.6,131.4,133.1,37125,3218775
2025-11-24 14:06:00+05:30,133.25,134.0,132.05,134.0,27825,3218775
2025-11-24 14:07:00+05:30,134.2,135.0,133.45,134.7,34500,3218775
2025-11-24 14:08:00+05:30,135.0,136.2,129.0,129.85,99750,3219225
2025-11-24 14:09:00+05:30,129.85,132.9,129.3,129.95,56625,3219225
2025-11-24 14:10:00+05:30,130.05,131.25,129.5,130.5,42300,3219225
2025-11-24 14:11:00+05:30,130.15,132.1,130.15,131.6,31725,3239325
2025-11-24 14:12:00+05:30,131.9,133.65,130.3,132.65,40275,3239325
2025-11-24 14:13:00+05:30,132.6,133.45,132.0,132.55,21075,3239325
2025-11-24 14:14:00+05:30,132.5,133.5,132.25,132.45,29400,3242625
2025-11-24 14:15:00+05:30,132.45,132.45,128.15,130.0,55950,3242625
2025-11-24 14:16:00+05:30,129.3,130.95,127.2,128.05,30600,3242625
2025-11-24 14:17:00+05:30,128.0,131.7,127.6,129.25,28950,3249825
2025-11-24 14:18:00+05:30,129.75,131.4,129.5,131.1,28950,3249825
2025-11-24 14:19:00+05:30,130.85,131.45,122.7,122.75,93825,3249825
2025-11-24 14:20:00+05:30,122.7,124.55,120.25,122.7,111375,3252000
2025-11-24 14:21:00+05:30,123.0,125.25,123.0,124.5,55575,3252000
2025-11-24 14:22:00+05:30,124.5,125.0,121.55,122.75,79125,3252000
2025-11-24 14:23:00+05:30,122.8,123.2,118.95,119.35,74100,3262425
2025-11-24 14:24:00+05:30,119.05,121.5,118.9,120.7,54825,3262425
2025-11-24 14:25:00+05:30,120.95,124.5,120.6,124.25,42675,3262425
2025-11-24 14:26:00+05:30,123.8,124.2,122.3,122.3,28800,3273300
2025-11-24 14:27:00+05:30,122.3,123.35,121.5,121.85,23025,3273300
2025-11-24 14:28:00+05:30,121.75,122.2,120.5,121.55,27600,3273300
2025-11-24 14:29:00+05:30,121.75,122.25,120.2,120.5,19125,3282000
2025-11-24 14:30:00+05:30,120.65,123.25,120.0,122.65,64875,3282000
2025-11-24 14:31:00+05:30,122.4,123.35,120.25,121.45,52350,3282000
2025-11-24 14:32:00+05:30,121.45,123.35,121.3,123.35,34500,3311550
2025-11-24 14:33:00+05:30,122.55,123.5,119.35,120.35,74325,3311550
2025-11-24 14:34:00+05:30,120.4,121.5,119.55,120.85,53475,3311550
2025-11-24 14:35:00+05:30,120.85,122.6,120.0,121.45,56625,3311550
2025-11-24 14:36:00+05:30,121.3,122.8,120.5,121.85,74175,3311550
2025-11-24 14:37:00+05:30,122.0,123.7,121.35,123.45,65250,3311550
2025-11-24 14:38:00+05:30,123.3,125.25,122.15,122.25,52200,3272100
2025-11-24 14:39:00+05:30,122.1,122.85,119.55,121.1,23625,3272100
2025-11-24 14:40:00+05:30,121.1,124.5,121.1,123.2,29550,3272100
2025-11-24 14:41:00+05:30,123.0,123.5,120.35,121.55,33450,3277350
2025-11-24 14:42:00+05:30,122.0,123.65,121.5,122.75,23775,3277350
2025-11-24 14:43:00+05:30,123.3,125.35,123.05,123.75,63825,3277350
2025-11-24 14:44:00+05:30,123.75,123.9,121.3,122.95,23625,3276525
2025-11-24 14:45:00+05:30,123.0,125.25,122.75,123.1,27525,3276525
2025-11-24 14:46:00+05:30,123.5,125.2,123.35,124.85,24750,3276525
2025-11-24 14:47:00+05:30,124.55,126.5,124.45,126.1,46275,3272925
2025-11-24 14:48:00+05:30,126.0,127.0,125.85,126.2,35475,3272925
2025-11-24 14:49:00+05:30,126.5,126.75,122.1,122.15,28125,3272925
2025-11-24 14:50:00+05:30,122.3,126.8,122.1,126.15,28800,3271350
2025-11-24 14:51:00+05:30,126.5,126.55,123.3,124.35,36975,3271350
2025-11-24 14:52:00+05:30,124.2,124.4,122.8,123.0,27225,3271350
2025-11-24 14:53:00+05:30,122.7,122.7,120.0,122.0,43725,3281400
2025-11-24 14:54:00+05:30,122.25,122.7,120.0,122.35,29625,3281400
2025-11-24 14:55:00+05:30,122.4,123.8,121.6,122.9,22125,3281400
2025-11-24 14:56:00+05:30,122.8,124.2,122.2,124.05,17100,3283275
2025-11-24 14:57:00+05:30,124.1,125.2,122.65,124.25,40275,3283275
2025-11-24 14:58:00+05:30,124.15,125.5,123.95,125.45,30675,3283275
2025-11-24 14:59:00+05:30,125.25,125.25,124.05,124.15,26700,3304050
2025-11-24 15:00:00+05:30,124.6,130.5,122.55,123.25,153075,3304050
2025-11-24 15:01:00+05:30,123.45,124.45,116.65,117.3,92700,3304050
2025-11-24 15:02:00+05:30,117.3,118.85,112.75,118.3,197250,3288600
2025-11-24 15:03:00+05:30,118.5,118.9,114.8,115.95,69150,3288600
2025-11-24 15:04:00+05:30,116.0,116.2,105.0,105.4,174975,3288600
2025-11-24 15:05:00+05:30,105.05,106.95,100.9,103.75,174375,3254175
2025-11-24 15:06:00+05:30,103.25,105.6,103.0,104.4,113625,3254175
2025-11-24 15:07:00+05:30,104.55,105.65,103.3,105.2,117000,3254175
2025-11-24 15:08:00+05:30,104.9,107.85,103.5,107.05,124125,3231225
2025-11-24 15:09:00+05:30,107.05,107.75,106.35,107.3,79275,3231225
2025-11-24 15:10:00+05:30,107.5,108.55,105.0,105.8,166350,3231225
2025-11-24 15:11:00+05:30,105.9,107.0,102.55,103.45,105000,3193275
2025-11-24 15:12:00+05:30,103.3,103.4,100.9,102.45,160575,3193275
2025-11-24 15:13:00+05:30,102.35,103.2,101.4,103.1,87150,3193275
2025-11-24 15:14:00+05:30,103.3,104.55,103.1,103.3,124050,3235575
2025-11-24 15:15:00+05:30,103.5,106.35,103.5,105.9,138300,3235575
2025-11-24 15:16:00+05:30,105.4,106.1,102.4,102.85,103350,3235575
2025-11-24 15:17:00+05:30,102.85,103.8,102.1,103.45,91725,3300675
2025-11-24 15:18:00+05:30,103.75,104.15,102.1,102.1,78975,3300675
2025-11-24 15:19:00+05:30,102.4,103.45,101.0,102.4,73800,3300675
2025-11-24 15:20:00+05:30,102.75,103.65,101.25,101.4,144225,3348975
2025-11-24 15:21:00+05:30,101.65,102.0,98.0,98.05,127575,3348975
2025-11-24 15:22:00+05:30,98.1,99.15,96.65,97.4,166725,3348975
2025-11-24 15:23:00+05:30,97.25,98.55,96.0,96.45,131700,3298350
2025-11-24 15:24:00+05:30,96.5,98.3,96.25,97.6,95175,3298350
2025-11-24 15:25:00+05:30,97.85,98.5,97.2,98.1,86400,3298350
2025-11-24 15:26:00+05:30,98.4,98.45,97.2,97.7,89250,3315975
2025-11-24 15:27:00+05:30,97.75,98.0,91.5,91.65,142575,3315975
2025-11-24 15:28:00+05:30,91.85,93.6,91.8,93.0,116400,3315975
2025-11-24 15:29:00+05:30,93.0,94.0,92.0,92.95,130950,3304200
2025-11-25 09:15:00+05:30,78.0,105.45,78.0,84.9,300825,3303675
2025-11-25 09:16:00+05:30,84.6,85.85,81.15,82.6,257325,3372150
2025-11-25 09:17:00+05:30,82.25,84.4,81.2,82.8,200550,3372150
2025-11-25 09:18:00+05:30,82.6,89.3,82.05,88.4,187725,3372150
2025-11-25 09:19:00+05:30,88.35,92.1,88.15,88.5,126675,3412650
2025-11-25 09:20:00+05:30,88.2,90.0,84.05,86.8,121725,3412650
2025-11-25 09:21:00+05:30,87.25,87.6,81.1,81.3,183300,3523800
2025-11-25 09:22:00+05:30,81.15,83.6,81.0,81.6,128925,3523800
2025-11-25 09:23:00+05:30,81.5,85.2,80.45,83.1,91200,3523800
2025-11-25 09:24:00+05:30,83.15,84.75,82.0,83.65,73650,3523800
2025-11-25 09:25:00+05:30,83.65,87.0,81.6,81.6,90375,3577725
2025-11-25 09:26:00+05:30,81.4,85.0,81.25,84.85,78300,3577725
2025-11-25 09:27:00+05:30,84.75,85.35,81.0,81.0,79500,3577725
2025-11-25 09:28:00+05:30,80.9,82.0,80.1,80.85,74325,3594975
2025-11-25 09:29:00+05:30,80.9,83.45,80.75,82.1,61275,3594975
2025-11-25 09:30:00+05:30,82.2,83.35,80.3,80.45,80325,3594975
2025-11-25 09:31:00+05:30,80.8,83.2,80.45,82.8,68250,3640125
2025-11-25 09:32:00+05:30,83.0,86.5,82.25,85.35,98175,3640125
2025-11-25 09:33:00+05:30,85.15,85.9,82.65,83.4,64575,3640125
2025-11-25 09:34:00+05:30,83.2,87.4,82.8,86.7,69900,3652875
2025-11-25 09:35:00+05:30,86.7,87.4,85.25,85.55,79725,3652875
2025-11-25 09:36:00+05:30,85.2,88.35,82.3,86.25,118875,3652875
2025-11-25 09:37:00+05:30,85.8,88.3,85.35,86.0,55650,3668325
2025-11-25 09:38:00+05:30,86.0,86.35,81.4,81.75,97425,3668325
2025-11-25 09:39:00+05:30,82.15,86.0,82.0,84.25,46875,3668325
2025-11-25 09:40:00+05:30,84.05,87.0,83.65,86.15,44700,3738000
2025-11-25 09:41:00+05:30,86.05,86.8,84.2,85.3,48900,3738000
2025-11-25 09:42:00+05:30,84.9,87.5,83.75,85.7,70875,3738000
2025-11-25 09:43:00+05:30,85.45,86.05,83.6,83.9,24375,3777525
2025-11-25 09:44:00+05:30,84.3,85.25,83.3,83.4,33000,3777525
2025-11-25 09:45:00+05:30,83.2,84.35,82.5,84.0,58425,3777525
2025-11-25 09:46:00+05:30,83.8,86.0,82.0,84.55,64500,3799800
2025-11-25 09:47:00+05:30,84.9,86.45,84.25,85.35,50700,3799800
2025-11-25 09:48:00+05:30,85.0,85.0,82.0,82.6,43125,3799800
2025-11-25 09:49:00+05:30,82.85,84.4,80.3,80.75,44550,3801900
2025-11-25 09:50:00+05:30,80.4,81.35,78.4,79.75,94575,3801900
2025-11-25 09:51:00+05:30,79.85,83.05,79.85,82.5,89700,3801900
2025-11-25 09:52:00+05:30,82.35,82.9,80.7,82.45,53100,3806250
2025-11-25 09:53:00+05:30,82.2,87.0,81.95,86.7,129525,3806250
2025-11-25 09:54:00+05:30,86.7,90.75,85.35,88.7,173475,3806250
2025-11-25 09:55:00+05:30,88.35,91.1,88.15,90.45,106050,3803250
2025-11-25 09:56:00+05:30,90.25,91.8,89.55,90.5,174000,3803250
2025-11-25 09:57:00+05:30,90.35,90.8,87.2,87.5,48075,3803250
2025-11-25 09:58:00+05:30,87.8,92.5,87.8,92.15,89100,3901350
2025-11-25 09:59:00+05:30,92.15,93.8,90.75,93.0,193800,3901350
2025-11-25 10:00:00+05:30,92.9,96.15,92.5,94.7,322950,3901350
2025-11-25 10:01:00+05:30,94.9,95.55,93.75,94.55,86625,3943200
2025-11-25 10:02:00+05:30,94.6,96.6,94.35,95.0,67275,3943200
2025-11-25 10:03:00+05:30,95.05,95.2,91.6,92.1,59100,3943200
2025-11-25 10:04:00+05:30,91.95,92.5,91.0,92.5,58725,3947025
2025-11-25 10:05:00+05:30,92.8,96.85,92.65,95.0,81000,3947025
2025-11-25 10:06:00+05:30,95.35,95.9,93.5,94.65,44100,3947025
2025-11-25 10:07:00+05:30,94.55,95.4,93.35,94.55,34125,3939825
2025-11-25 10:08:00+05:30,94.35,95.45,93.5,94.3,40950,3939825
2025-11-25 10:09:00+05:30,94.4,98.6,94.4,98.2,100725,3939825
2025-11-25 10:10:00+05:30,98.15,101.0,97.15,101.0,188250,3917475
2025-11-25 10:11:00+05:30,101.3,105.5,99.35,105.1,213825,3917475
2025-11-25 10:12:00+05:30,105.0,105.45,100.75,102.1,99825,3917475
2025-11-25 10:13:00+05:30,103.0,105.15,102.1,105.15,69825,3830475
2025-11-25 10:14:00+05:30,105.45,105.9,102.0,103.4,77100,3830475
2025-11-25 10:15:00+05:30,103.35,105.15,103.2,104.1,55425,3830475
2025-11-25 10:16:00+05:30,104.05,106.35,103.2,104.1,68550,3834525
2025-11-25 10:17:00+05:30,103.85,107.4,103.85,104.65,185025,3834525
2025-11-25 10:18:00+05:30,104.55,105.8,102.7,103.4,75900,3834525
2025-11-25 10:19:00+05:30,103.25,103.9,101.5,102.0,59325,3941325
2025-11-25 10:20:00+05:30,102.0,105.0,98.8,104.4,93075,3941325
2025-11-25 10:21:00+05:30,104.5,105.3,102.1,102.5,78450,3941325
2025-11-25 10:22:00+05:30,102.05,103.0,100.9,102.55,48675,3958500
2025-11-25 10:23:00+05:30,102.65,102.75,101.1,101.3,40275,3958500
2025-11-25 10:24:00+05:30,101.55,105.0,100.85,104.55,52425,3958500
2025-11-25 10:25:00+05:30,104.75,104.85,103.2,103.7,38325,3986100
2025-11-25 10:26:00+05:30,104.0,104.2,100.2,100.9,31650,3986100
2025-11-25 10:27:00+05:30,100.95,106.45,100.95,105.45,63750,3986100
2025-11-25 10:28:00+05:30,105.2,105.8,103.15,104.4,50925,3973500
2025-11-25 10:29:00+05:30,104.4,104.9,103.0,104.2,21300,3973500
2025-11-25 10:30:00+05:30,104.3,105.5,103.25,105.35,40425,3973500
2025-11-25 10:31:00+05:30,105.35,105.35,103.0,103.95,36975,3987750
2025-11-25 10:32:00+05:30,103.5,105.9,103.5,104.9,51300,3987750
2025-11-25 10:33:00+05:30,104.5,104.75,103.2,103.5,22425,3987750
2025-11-25 10:34:00+05:30,103.35,103.6,99.4,100.55,66675,4008975
2025-11-25 10:35:00+05:30,100.25,100.25,95.5,95.9,120525,4008975
2025-11-25 10:36:00+05:30,95.75,96.0,93.35,93.5,186375,4008975
2025-11-25 10:37:00+05:30,93.3,98.35,93.3,98.35,62775,3991500
2025-11-25 10:38:00+05:30,98.35,103.25,98.0,101.8,116250,3991500
2025-11-25 10:39:00+05:30,101.35,103.0,101.0,101.75,54825,3991500
2025-11-25 10:40:00+05:30,101.75,103.1,98.6,102.95,92025,4076550
2025-11-25 10:41:00+05:30,102.95,103.3,102.05,102.05,53100,4076550
2025-11-25 10:42:00+05:30,102.15,102.5,97.55,98.2,66225,4076550
2025-11-25 10:43:00+05:30,98.2,99.7,96.45,97.75,60375,4142550
2025-11-25 10:44:00+05:30,97.45,97.85,94.15,94.15,47325,4142550
2025-11-25 10:45:00+05:30,94.25,95.4,92.25,93.5,106725,4142550
2025-11-25 10:46:00+05:30,93.4,93.4,90.1,90.9,70350,4181250
2025-11-25 10:47:00+05:30,90.85,92.95,90.35,92.05,50325,4181250
2025-11-25 10:48:00+05:30,92.25,92.85,90.5,90.6,42075,4181250
2025-11-25 10:49:00+05:30,90.85,91.85,89.8,90.25,44475,4190475
2025-11-25 10:50:00+05:30,90.15,91.2,89.2,90.9,37200,4190475
2025-11-25 10:51:00+05:30,90.7,90.7,88.1,89.2,42300,4190475
2025-11-25 10:52:00+05:30,89.35,92.65,89.1,91.3,51750,4220175
2025-11-25 10:53:00+05:30,91.3,92.95,90.45,90.9,52725,4220175
2025-11-25 10:54:00+05:30,91.0,91.5,85.25,86.0,66825,4220175
2025-11-25 10:55:00+05:30,86.3,87.6,82.65,83.65,139725,4283400
2025-11-25 10:56:00+05:30,83.8,84.0,80.5,81.0,109500,4283400
2025-11-25 10:57:00+05:30,81.0,81.9,76.6,77.95,232200,4283400
2025-11-25 10:58:00+05:30,77.75,78.8,77.0,77.15,97500,4308300
2025-11-25 10:59:00+05:30,77.35,78.5,75.9,76.75,119100,4308300
2025-11-25 11:00:00+05:30,76.45,76.45,73.45,75.0,180375,4308300
2025-11-25 11:01:00+05:30,75.0,75.8,73.95,74.05,103650,4286775
2025-11-25 11:02:00+05:30,74.25,76.25,74.1,74.4,70500,4286775
2025-11-25 11:03:00+05:30,74.4,75.55,73.5,75.2,49650,4286775
2025-11-25 11:04:00+05:30,75.2,76.8,75.2,76.75,61350,4301925
2025-11-25 11:05:00+05:30,76.7,77.1,74.0,76.6,71625,4301925
2025-11-25 11:06:00+05:30,76.55,77.25,75.9,76.6,33600,4301925
2025-11-25 11:07:00+05:30,76.7,77.85,75.1,75.75,93150,4296000
2025-11-25 11:08:00+05:30,75.85,76.75,75.1,76.25,77250,4296000
2025-11-25 11:09:00+05:30,76.3,76.9,76.0,76.5,32250,4296000
2025-11-25 11:10:00+05:30,76.5,77.75,75.5,76.45,47100,4265850
2025-11-25 11:11:00+05:30,76.6,77.2,75.3,76.05,38625,4265850
2025-11-25 11:12:00+05:30,75.95,76.7,75.5,75.95,21375,4265850
2025-11-25 11:13:00+05:30,75.9,76.7,75.35,76.55,23025,4282650
2025-11-25 11:14:00+05:30,76.7,79.4,76.3,78.55,76275,4282650
2025-11-25 11:15:00+05:30,78.6,79.5,77.85,79.2,53925,4282650
2025-11-25 11:16:00+05:30,78.7,80.3,78.55,79.35,67875,4290450
2025-11-25 11:17:00+05:30,79.2,79.9,78.2,79.05,38925,4290450
2025-11-25 11:18:00+05:30,78.9,79.45,78.5,79.25,32925,4290450
2025-11-25 11:19:00+05:30,79.5,80.0,78.8,79.5,18300,4317150
2025-11-25 11:20:00+05:30,79.3,80.45,78.2,78.25,45075,4317150
2025-11-25 11:21:00+05:30,78.55,79.4,76.2,77.0,64350,4317150
2025-11-25 11:22:00+05:30,77.0,79.35,76.25,77.75,35250,4362450
2025-11-25 11:23:00+05:30,77.75,78.95,76.35,78.3,25800,4362450
2025-11-25 11:24:00+05:30,78.05,79.2,77.65,79.0,32250,4362450
2025-11-25 11:25:00+05:30,78.9,83.75,78.65,83.05,104400,4348125
2025-11-25 11:26:00+05:30,83.0,83.0,80.05,80.65,89625,4348125
2025-11-25 11:27:00+05:30,80.6,83.3,80.6,82.55,61875,4348125
2025-11-25 11:28:00+05:30,82.5,82.85,82.0,82.65,22875,4348875
2025-11-25 11:29:00+05:30,82.5,83.15,82.0,82.4,32325,4348875
2025-11-25 11:30:00+05:30,82.15,83.1,82.1,82.35,34425,4348875
2025-11-25 11:31:00+05:30,82.2,82.2,80.55,81.3,45000,4341000
2025-11-25 11:32:00+05:30,81.8,83.05,81.55,82.4,40125,4341000
2025-11-25 11:33:00+05:30,82.4,83.45,81.45,81.85,55950,4341000
2025-11-25 11:34:00+05:30,81.65,82.55,81.35,82.35,20850,4307025
2025-11-25 11:35:00+05:30,82.2,84.35,81.5,83.1,32400,4307025
2025-11-25 11:36:00+05:30,83.1,83.1,81.65,81.65,26025,4307025
2025-11-25 11:37:00+05:30,81.85,83.8,80.7,81.4,27000,4311750
2025-11-25 11:38:00+05:30,81.55,83.35,81.2,82.5,31575,4311750
2025-11-25 11:39:00+05:30,82.95,83.4,81.6,82.65,31200,4311750
2025-11-25 11:40:00+05:30,82.5,83.8,82.05,82.95,28575,4323750
2025-11-25 11:41:00+05:30,82.8,83.2,82.1,82.85,32850,4323750
2025-11-25 11:42:00+05:30,82.95,84.85,80.7,80.7,59475,4323750
2025-11-25 11:43:00+05:30,81.0,82.0,78.2,78.45,60375,4353525
2025-11-25 11:44:00+05:30,78.7,79.0,76.7,77.0,46050,4353525
2025-11-25 11:45:00+05:30,77.3,78.55,77.0,77.25,34275,4353525
2025-11-25 11:46:00+05:30,77.5,78.9,77.3,78.45,25800,4353525
2025-11-25 11:47:00+05:30,78.35,79.7,78.3,79.0,15225,4370850
2025-11-25 11:48:00+05:30,79.1,82.3,78.3,82.1,36600,4370850
2025-11-25 11:49:00+05:30,82.0,82.0,80.3,81.55,28725,4370850
2025-11-25 11:50:00+05:30,81.25,84.85,81.0,83.75,66150,4381125
2025-11-25 11:51:00+05:30,83.8,85.1,83.1,83.5,69900,4381125
2025-11-25 11:52:00+05:30,83.55,84.15,83.0,83.95,44625,4381125
2025-11-25 11:53:00+05:30,83.9,84.5,83.35,83.4,31500,4376100
2025-11-25 11:54:00+05:30,83.7,84.4,83.15,84.1,32550,4376100
2025-11-25 11:55:00+05:30,83.85,85.6,83.75,85.2,123975,4376100
2025-11-25 11:56:00+05:30,85.15,87.75,84.6,87.5,164325,4389075
2025-11-25 11:57:00+05:30,87.15,92.2,86.4,91.7,115050,4389075
2025-11-25 11:58:00+05:30,91.6,92.0,89.15,90.15,105300,4406550
2025-11-25 11:59:00+05:30,90.15,92.7,89.5,91.0,60900,4406550
2025-11-25 12:00:00+05:30,91.2,91.85,88.6,90.9,80325,4406550
2025-11-25 12:01:00+05:30,91.05,93.0,90.65,91.35,60075,4406550
2025-11-25 12:02:00+05:30,91.4,91.6,90.45,90.8,47100,4415625
2025-11-25 12:03:00+05:30,90.55,91.15,88.9,88.9,36525,4415625
2025-11-25 12:04:00+05:30,89.05,90.8,87.9,88.35,420450,4415625
2025-11-25 12:05:00+05:30,88.7,92.6,88.65,91.4,68250,4574100
2025-11-25 12:06:00+05:30,91.2,92.35,90.6,90.6,51750,4574100
2025-11-25 12:07:00+05:30,90.2,91.85,90.0,91.25,131850,4574100
2025-11-25 12:08:00+05:30,91.1,93.15,90.85,92.2,54375,4663500
2025-11-25 12:09:00+05:30,92.15,92.7,91.65,91.65,43800,4663500
2025-11-25 12:10:00+05:30,91.9,92.45,90.1,91.3,61425,4663500
2025-11-25 12:11:00+05:30,91.2,91.4,90.0,91.05,52650,4667400
2025-11-25 12:12:00+05:30,90.95,90.95,87.25,87.25,89625,4667400
2025-11-25 12:13:00+05:30,87.25,87.55,85.4,86.4,70350,4667400
2025-11-25 12:14:00+05:30,86.4,90.0,86.4,87.95,68850,4659375
2025-11-25 12:15:00+05:30,88.0,88.5,87.0,87.5,38025,4659375
2025-11-25 12:16:00+05:30,87.25,90.35,87.25,89.4,23025,4659375
2025-11-25 12:17:00+05:30,89.5,89.7,85.15,86.4,29925,4686975
2025-11-25 12:18:00+05:30,86.35,86.7,82.0,82.25,72900,4686975
2025-11-25 12:19:00+05:30,82.35,82.35,79.0,81.15,107175,4686975
2025-11-25 12:20:00+05:30,80.95,81.5,77.7,78.05,72600,4677300
2025-11-25 12:21:00+05:30,78.6,80.65,77.85,80.05,34575,4677300
2025-11-25 12:22:00+05:30,79.9,80.85,78.7,80.25,91050,4677300
2025-11-25 12:23:00+05:30,80.5,80.95,79.55,80.2,36375,4737000
2025-11-25 12:24:00+05:30,79.95,80.25,78.05,79.25,41925,4737000
2025-11-25 12:25:00+05:30,79.3,81.55,79.2,81.25,42975,4737000
2025-11-25 12:26:00+05:30,81.35,83.0,80.8,83.0,46575,4753350
2025-11-25 12:27:00+05:30,82.75,83.25,82.0,82.95,52650,4753350
2025-11-25 12:28:00+05:30,83.0,83.05,78.9,79.1,60675,4753350
2025-11-25 12:29:00+05:30,79.15,79.4,77.0,79.4,78825,4737450
2025-11-25 12:30:00+05:30,79.05,80.5,78.45,78.8,38775,4737450
2025-11-25 12:31:00+05:30,78.75,80.2,78.3,78.85,33150,4737450
2025-11-25 12:32:00+05:30,78.5,80.15,78.3,79.6,23400,4728375
2025-11-25 12:33:00+05:30,79.75,81.25,79.3,79.9,22275,4728375
2025-11-25 12:34:00+05:30,79.55,80.65,78.8,79.9,16050,4728375
2025-11-25 12:35:00+05:30,79.6,80.65,79.0,79.5,19725,4741500
2025-11-25 12:36:00+05:30,79.5,80.5,79.0,80.05,123150,4741500
2025-11-25 12:37:00+05:30,80.0,81.5,79.55,81.3,33150,4741500
2025-11-25 12:38:00+05:30,81.5,81.5,79.9,80.85,35925,4654425
2025-11-25 12:39:00+05:30,80.7,80.85,80.05,80.5,30600,4654425
2025-11-25 12:40:00+05:30,80.5,81.2,79.55,80.7,55500,4654425
2025-11-25 12:41:00+05:30,80.5,80.85,80.1,80.45,26700,4679025
2025-11-25 12:42:00+05:30,80.7,83.95,80.4,83.7,41175,4679025
2025-11-25 12:43:00+05:30,84.0,84.85,82.5,83.85,53250,4679025
2025-11-25 12:44:00+05:30,83.65,84.55,83.1,84.5,45000,4683450
2025-11-25 12:45:00+05:30,84.4,86.65,84.0,85.65,66600,4683450
2025-11-25 12:46:00+05:30,85.65,87.4,84.3,84.7,48450,4683450
2025-11-25 12:47:00+05:30,84.35,85.1,83.2,83.8,43275,4690650
2025-11-25 12:48:00+05:30,84.15,86.6,83.75,84.7,30150,4690650
2025-11-25 12:49:00+05:30,84.95,84.95,83.5,83.7,26400,4690650
2025-11-25 12:50:00+05:30,83.75,84.45,81.0,83.6,79200,4725075
2025-11-25 12:51:00+05:30,83.25,86.5,83.05,86.15,51525,4725075
2025-11-25 12:52:00+05:30,86.1,87.0,85.05,86.7,33675,4725075
2025-11-25 12:53:00+05:30,86.5,89.45,86.45,88.15,75750,4735200
2025-11-25 12:54:00+05:30,87.95,89.8,87.9,88.7,32625,4735200
2025-11-25 12:55:00+05:30,88.5,88.6,84.05,85.3,45750,4735200
2025-11-25 12:56:00+05:30,85.35,88.8,85.35,88.7,57675,4726050
2025-11-25 12:57:00+05:30,88.85,89.5,87.5,88.65,40650,4726050
2025-11-25 12:58:00+05:30,88.65,89.0,87.5,88.35,45675,4726050
2025-11-25 12:59:00+05:30,88.6,88.7,85.0,85.0,32025,4725450
2025-11-25 13:00:00+05:30,84.65,85.4,81.6,81.65,56925,4725450
2025-11-25 13:01:00+05:30,81.75,84.6,81.35,81.95,35550,4725450
2025-11-25 13:02:00+05:30,81.55,82.4,79.45,81.6,68775,4724475
2025-11-25 13:03:00+05:30,81.25,83.35,81.1,81.4,57675,4724475
2025-11-25 13:04:00+05:30,81.25,82.25,80.45,82.15,39750,4724475
2025-11-25 13:05:00+05:30,82.0,85.75,82.0,85.1,48225,4780950
2025-11-25 13:06:00+05:30,85.05,85.55,84.3,84.5,25575,4780950
2025-11-25 13:07:00+05:30,84.3,88.5,83.35,86.95,52875,4780950
2025-11-25 13:08:00+05:30,86.8,88.2,86.2,87.35,50025,4770450
2025-11-25 13:09:00+05:30,87.45,90.4,87.1,89.2,116475,4770450
2025-11-25 13:10:00+05:30,89.35,92.0,88.85,90.85,334650,4770450
2025-11-25 13:11:00+05:30,91.0,92.0,89.05,89.1,107850,5004300
2025-11-25 13:12:00+05:30,89.15,89.55,87.3,88.1,59175,5004300
2025-11-25 13:13:00+05:30,88.25,89.65,87.0,89.65,68700,5004300
2025-11-25 13:14:00+05:30,89.7,90.0,88.2,88.7,42450,5047500
2025-11-25 13:15:00+05:30,88.65,89.85,88.65,89.25,41175,5047500
2025-11-25 13:16:00+05:30,89.2,90.35,88.65,90.0,45375,5047500
2025-11-25 13:17:00+05:30,90.0,90.9,88.15,88.15,50100,5079600
2025-11-25 13:18:00+05:30,88.35,89.45,88.25,88.85,29475,5079600
2025-11-25 13:19:00+05:30,88.6,88.85,83.85,85.15,83700,5079600
2025-11-25 13:20:00+05:30,85.55,85.55,81.15,82.05,89175,5081025
2025-11-25 13:21:00+05:30,82.1,85.45,82.1,85.3,43800,5081025
2025-11-25 13:22:00+05:30,85.4,87.3,85.2,86.75,39150,5081025
2025-11-25 13:23:00+05:30,86.55,88.2,86.2,87.8,56925,5091150
2025-11-25 13:24:00+05:30,87.8,88.95,87.5,88.95,27600,5091150
2025-11-25 13:25:00+05:30,88.55,90.45,87.7,89.05,53850,5091150
2025-11-25 13:26:00+05:30,89.3,89.95,88.4,89.5,21075,5100225
2025-11-25 13:27:00+05:30,89.55,93.7,89.25,91.5,119850,5100225
2025-11-25 13:28:00+05:30,91.45,92.05,89.35,90.0,56775,5100225
2025-11-25 13:29:00+05:30,90.3,91.6,89.8,91.6,67500,5124600
2025-11-25 13:30:00+05:30,91.2,92.45,91.05,92.1,63375,5124600
2025-11-25 13:31:00+05:30,92.0,92.1,89.0,89.1,56325,5124600
2025-11-25 13:32:00+05:30,89.25,89.55,86.75,89.0,56250,5153325
2025-11-25 13:33:00+05:30,88.7,88.7,86.8,87.45,64725,5153325
2025-11-25 13:34:00+05:30,87.3,90.0,87.0,89.95,36075,5153325
2025-11-25 13:35:00+05:30,89.8,90.15,87.15,87.35,65025,5152425
2025-11-25 13:36:00+05:30,87.4,89.05,86.4,88.45,88950,5152425
2025-11-25 13:37:00+05:30,88.4,88.8,88.0,88.5,24375,5152425
2025-11-25 13:38:00+05:30,88.4,88.5,87.55,87.85,21900,5219175
2025-11-25 13:39:00+05:30,87.95,89.4,87.65,88.35,28200,5219175
2025-11-25 13:40:00+05:30,88.5,89.0,85.8,86.5,38400,5219175
2025-11-25 13:41:00+05:30,86.35,86.8,82.95,83.2,59625,5230350
2025-11-25 13:42:00+05:30,83.25,86.0,81.75,85.75,82650,5230350
2025-11-25 13:43:00+05:30,85.95,86.5,84.2,85.45,39750,5230350
2025-11-25 13:44:00+05:30,85.6,86.15,82.4,82.7,51375,5251725
2025-11-25 13:45:00+05:30,82.7,83.6,79.25,82.7,127275,5251725
2025-11-25 13:46:00+05:30,82.55,84.35,82.5,83.5,53025,5251725
2025-11-25 13:47:00+05:30,83.85,88.55,83.85,88.25,138075,5280600
2025-11-25 13:48:00+05:30,87.95,88.25,86.5,86.5,51975,5280600
2025-11-25 13:49:00+05:30,86.5,86.5,84.2,84.75,40950,5280600
2025-11-25 13:50:00+05:30,84.7,86.35,84.7,85.5,26700,5288775
2025-11-25 13:51:00+05:30,85.45,86.9,85.35,86.35,27075,5288775
2025-11-25 13:52:00+05:30,86.45,86.45,84.3,85.6,38025,5288775
2025-11-25 13:53:00+05:30,85.55,86.1,84.1,84.65,22125,5298075
2025-11-25 13:54:00+05:30,85.05,86.0,84.85,85.6,14325,5298075
2025-11-25 13:55:00+05:30,85.95,86.5,83.5,85.05,49875,5298075
2025-11-25 13:56:00+05:30,85.1,85.8,84.05,84.8,38475,5297700
2025-11-25 13:57:00+05:30,84.7,85.2,83.35,84.2,33450,5297700
2025-11-25 13:58:00+05:30,84.4,85.75,84.05,85.75,20700,5297700
2025-11-25 13:59:00+05:30,85.55,87.65,84.85,86.7,34350,5280675
2025-11-25 14:00:00+05:30,86.65,91.6,86.65,90.05,151275,5280675
2025-11-25 14:01:00+05:30,89.75,89.95,84.25,85.7,71475,5280675
2025-11-25 14:02:00+05:30,85.95,87.7,85.05,86.3,29625,5247300
2025-11-25 14:03:00+05:30,86.55,90.3,86.2,89.95,52800,5247300
2025-11-25 14:04:00+05:30,89.55,91.0,88.65,89.95,104475,5247300
2025-11-25 14:05:00+05:30,89.85,91.15,89.0,91.15,74475,5239500
2025-11-25 14:06:00+05:30,90.85,92.6,90.65,91.8,159600,5239500
2025-11-25 14:07:00+05:30,91.8,91.85,90.05,90.3,71925,5239500
2025-11-25 14:08:00+05:30,90.4,90.5,85.85,87.45,78975,5182125
2025-11-25 14:09:00+05:30,87.7,88.75,87.35,87.35,48675,5182125
2025-11-25 14:10:00+05:30,87.5,90.35,87.4,88.85,72675,5182125
2025-11-25 14:11:00+05:30,88.9,88.9,86.95,87.4,57450,5204175
2025-11-25 14:12:00+05:30,87.45,88.5,85.85,86.85,54450,5204175
2025-11-25 14:13:00+05:30,87.15,88.45,86.65,88.3,92250,5204175
2025-11-25 14:14:00+05:30,87.9,89.3,87.1,87.5,44175,5255850
2025-11-25 14:15:00+05:30,87.6,90.2,86.7,89.0,118200,5255850
2025-11-25 14:16:00+05:30,89.0,89.55,88.05,88.4,36600,5255850
2025-11-25 14:17:00+05:30,88.1,89.35,87.55,88.65,79575,5251275
2025-11-25 14:18:00+05:30,88.6,90.35,83.0,83.1,187050,5251275
2025-11-25 14:19:00+05:30,83.0,84.05,81.1,82.05,130500,5251275
2025-11-25 14:20:00+05:30,81.95,84.6,81.5,82.7,72300,5280450
2025-11-25 14:21:00+05:30,83.05,83.95,80.25,83.85,117600,5280450
2025-11-25 14:22:00+05:30,83.95,84.45,82.45,83.2,70575,5280450
2025-11-25 14:23:00+05:30,82.9,83.95,82.0,82.0,68700,5302275
2025-11-25 14:24:00+05:30,82.05,82.15,76.05,76.05,183300,5302275
2025-11-25 14:25:00+05:30,76.2,78.9,76.1,77.95,123375,5302275
2025-11-25 14:26:00+05:30,78.05,78.85,77.7,78.85,73725,5316375
2025-11-25 14:27:00+05:30,78.75,78.75,73.25,73.45,299025,5316375
2025-11-25 14:28:00+05:30,73.45,76.65,73.4,76.45,124125,5316375
2025-11-25 14:29:00+05:30,76.45,76.65,72.65,72.8,101925,5340000
2025-11-25 14:30:00+05:30,73.15,73.7,70.0,70.6,201525,5340000
2025-11-25 14:31:00+05:30,70.35,72.5,70.05,72.35,262125,5340000
2025-11-25 14:32:00+05:30,72.25,74.25,72.05,72.55,170850,5282625
2025-11-25 14:33:00+05:30,72.65,73.65,72.05,73.5,124350,5282625
2025-11-25 14:34:00+05:30,73.35,73.8,71.05,72.4,162750,5282625
2025-11-25 14:35:00+05:30,72.1,74.4,71.65,74.25,93075,5280375
2025-11-25 14:36:00+05:30,74.15,74.5,70.55,72.0,117300,5280375
2025-11-25 14:37:00+05:30,71.85,72.75,70.2,70.2,67725,5280375
2025-11-25 14:38:00+05:30,70.5,70.5,67.95,68.1,261525,5249925
2025-11-25 14:39:00+05:30,68.15,68.7,66.5,67.85,110775,5249925
2025-11-25 14:40:00+05:30,67.75,68.45,67.1,67.95,88275,5249925
2025-11-25 14:41:00+05:30,68.0,69.7,66.95,67.85,134100,5268600
2025-11-25 14:42:00+05:30,67.95,69.9,67.35,69.5,73875,5268600
2025-11-25 14:43:00+05:30,69.5,69.7,68.1,68.9,62925,5268600
2025-11-25 14:44:00+05:30,69.15,70.1,68.65,69.5,84675,5255400
2025-11-25 14:45:00+05:30,69.6,70.75,67.7,68.1,93750,5255400
2025-11-25 14:46:00+05:30,68.25,68.95,67.55,67.55,42675,5255400
2025-11-25 14:47:00+05:30,67.8,69.15,67.45,67.8,57600,5277900
2025-11-25 14:48:00+05:30,67.8,69.1,67.7,68.75,48450,5277900
2025-11-25 14:49:00+05:30,68.85,69.25,68.25,68.35,38700,5277900
2025-11-25 14:50:00+05:30,68.5,69.0,64.15,64.5,163725,5323650
2025-11-25 14:51:00+05:30,64.35,64.75,61.85,63.05,172575,5323650
2025-11-25 14:52:00+05:30,62.85,63.9,61.0,61.25,133200,5323650
2025-11-25 14:53:00+05:30,61.0,61.15,57.75,57.75,319200,5313975
2025-11-25 14:54:00+05:30,57.95,58.35,55.2,55.95,358425,5313975
2025-11-25 14:55:00+05:30,55.75,55.95,51.8,53.7,737475,5313975
2025-11-25 14:56:00+05:30,53.7,55.65,53.45,54.7,277725,5525625
2025-11-25 14:57:00+05:30,54.55,56.25,54.25,55.7,218325,5525625
2025-11-25 14:58:00+05:30,55.8,55.8,54.45,55.25,155025,5525625
2025-11-25 14:59:00+05:30,55.25,55.5,51.05,51.35,384225,5557350
2025-11-25 15:00:00+05:30,51.35,54.65,50.5,50.5,480375,5557350
2025-11-25 15:01:00+05:30,50.55,50.55,47.5,47.75,418350,5557350
2025-11-25 15:02:00+05:30,47.65,48.3,46.3,48.05,296475,5561025
2025-11-25 15:03:00+05:30,48.2,49.9,48.05,49.7,166275,5561025
2025-11-25 15:04:00+05:30,49.55,49.9,48.9,49.5,170250,5561025
2025-11-25 15:05:00+05:30,49.45,49.55,48.55,49.1,123150,5605650
2025-11-25 15:06:00+05:30,49.1,50.75,48.85,50.75,148575,5605650
2025-11-25 15:07:00+05:30,50.8,51.65,50.25,50.9,224175,5605650
2025-11-25 15:08:00+05:30,50.75,51.5,50.15,50.5,164625,5591325
2025-11-25 15:09:00+05:30,50.55,50.55,49.15,49.15,115650,5591325
2025-11-25 15:10:00+05:30,49.05,51.0,48.65,50.95,156000,5632200
2025-11-25 15:11:00+05:30,50.9,51.1,50.45,50.8,87975,5632200
2025-11-25 15:12:00+05:30,50.8,51.3,49.9,50.1,90900,5632200
2025-11-25 15:13:00+05:30,50.05,50.5,49.5,50.5,84600,5632200
2025-11-25 15:14:00+05:30,50.45,50.8,49.85,50.1,172725,5632200
2025-11-25 15:15:00+05:30,50.1,50.45,49.15,49.35,265500,5709675
2025-11-25 15:16:00+05:30,49.5,49.85,48.7,48.9,143325,5709675
2025-11-25 15:17:00+05:30,48.9,49.1,48.25,48.45,167775,5709675
2025-11-25 15:18:00+05:30,48.4,49.8,48.1,48.35,275475,5816325
2025-11-25 15:19:00+05:30,48.2,48.4,46.7,46.85,220350,5816325
2025-11-25 15:20:00+05:30,46.85,47.1,45.2,45.4,236025,5816325
2025-11-25 15:21:00+05:30,45.5,46.4,45.4,45.95,207825,5830275
2025-11-25 15:22:00+05:30,46.05,46.05,44.85,45.0,297225,5830275
2025-11-25 15:23:00+05:30,45.1,45.6,43.9,44.3,216750,5830275
2025-11-25 15:24:00+05:30,44.35,44.4,43.35,44.25,213300,5806275
2025-11-25 15:25:00+05:30,44.1,44.4,43.2,43.5,156750,5806275
2025-11-25 15:26:00+05:30,43.4,44.0,42.8,43.2,189075,5806275
2025-11-25 15:27:00+05:30,43.1,43.65,43.0,43.3,117225,5884350
2025-11-25 15:28:00+05:30,43.2,43.4,42.5,42.85,208875,5884350
2025-11-25 15:29:00+05:30,42.8,43.95,42.25,43.75,338100,5884350
2025-11-26 09:15:00+05:30,45.0,67.5,39.5,63.0,1924650,6074850
2025-11-26 09:16:00+05:30,62.9,65.5,59.2,62.8,1955250,6074850
2025-11-26 09:17:00+05:30,62.7,63.95,61.15,61.9,865425,6074850
2025-11-26 09:18:00+05:30,61.95,66.55,61.75,65.0,831075,6524475
2025-11-26 09:19:00+05:30,65.0,66.2,64.0,65.25,832350,6524475
2025-11-26 09:20:00+05:30,65.25,65.9,62.6,64.25,772425,6524475
2025-11-26 09:21:00+05:30,64.25,65.85,63.5,63.65,601275,6724950
2025-11-26 09:22:00+05:30,63.7,64.55,63.15,64.0,371400,6724950
2025-11-26 09:23:00+05:30,63.9,64.8,61.6,62.65,536100,6724950
2025-11-26 09:24:00+05:30,62.5,63.8,60.7,60.9,443550,7006125
2025-11-26 09:25:00+05:30,60.95,62.05,60.1,61.2,376050,7006125
2025-11-26 09:26:00+05:30,61.1,64.9,60.9,64.7,450075,7006125
2025-11-26 09:27:00+05:30,64.6,65.35,61.35,61.95,601200,7277850
2025-11-26 09:28:00+05:30,61.95,66.15,61.65,65.7,455925,7277850
2025-11-26 09:29:00+05:30,65.55,68.5,64.55,66.2,956175,7277850
2025-11-26 09:30:00+05:30,66.2,67.55,65.6,66.5,553800,7367700
2025-11-26 09:31:00+05:30,66.7,69.5,66.1,66.6,798600,7367700
2025-11-26 09:32:00+05:30,66.6,68.6,66.05,68.0,624150,7367700
2025-11-26 09:33:00+05:30,68.0,75.7,67.75,75.1,1246575,7516350
2025-11-26 09:34:00+05:30,75.15,77.55,74.05,76.55,1113300,7516350
2025-11-26 09:35:00+05:30,76.35,78.8,76.0,77.5,698175,7516350
2025-11-26 09:36:00+05:30,77.65,77.85,73.3,73.85,780225,7258200
2025-11-26 09:37:00+05:30,73.7,75.0,72.55,73.45,462825,7258200
2025-11-26 09:38:00+05:30,73.45,73.95,71.2,71.4,420450,7454175
2025-11-26 09:39:00+05:30,71.45,72.95,71.35,72.8,330075,7454175
2025-11-26 09:40:00+05:30,72.8,73.65,71.85,72.7,385500,7454175
2025-11-26 09:41:00+05:30,72.6,75.0,72.55,73.75,378450,7454175
2025-11-26 09:42:00+05:30,73.75,76.5,73.6,76.1,365400,7563300
2025-11-26 09:43:00+05:30,76.2,84.85,76.0,83.35,1467075,7563300
2025-11-26 09:44:00+05:30,83.2,86.5,82.85,85.0,915225,7563300
2025-11-26 09:45:00+05:30,84.95,93.6,84.8,93.0,1529175,7298400
2025-11-26 09:46:00+05:30,92.9,94.0,90.35,93.25,976575,7298400
2025-11-26 09:47:00+05:30,93.0,93.9,91.65,91.85,623925,7298400
2025-11-26 09:48:00+05:30,91.85,95.45,91.3,94.0,964575,7197450
2025-11-26 09:49:00+05:30,94.0,95.85,93.05,95.8,728325,7197450
2025-11-26 09:50:00+05:30,95.75,110.0,95.55,109.0,2331900,7143975
2025-11-26 09:51:00+05:30,109.05,118.4,107.3,118.4,1892250,7143975
2025-11-26 09:52:00+05:30,118.1,119.0,106.85,108.8,1648725,7143975
2025-11-26 09:53:00+05:30,108.7,109.35,103.65,104.35,1235850,7143975
2025-11-26 09:54:00+05:30,104.3,111.25,104.1,110.8,883950,7337925
2025-11-26 09:55:00+05:30,110.8,115.0,110.1,112.45,1004475,7337925
2025-11-26 09:56:00+05:30,112.3,113.45,107.1,107.95,779475,7337925
2025-11-26 09:57:00+05:30,107.85,111.45,106.2,107.65,653175,7512600
2025-11-26 09:58:00+05:30,107.65,110.0,107.45,108.55,329775,7512600
2025-11-26 09:59:00+05:30,108.5,112.4,108.35,112.05,410925,7512600
2025-11-26 10:00:00+05:30,112.05,115.45,111.7,115.25,842325,7643175
2025-11-26 10:01:00+05:30,115.15,118.5,113.55,117.7,934575,7643175
2025-11-26 10:02:00+05:30,117.95,118.5,114.65,115.55,622950,7643175
2025-11-26 10:03:00+05:30,115.55,115.6,110.0,112.25,576300,7643175
2025-11-26 10:04:00+05:30,112.2,115.25,112.05,114.15,341550,7517775
2025-11-26 10:05:00+05:30,114.25,119.55,114.0,118.3,651150,7517775
2025-11-26 10:06:00+05:30,118.05,120.75,114.65,115.65,943650,7517775
2025-11-26 10:07:00+05:30,115.85,119.0,115.0,118.65,408225,7422975
2025-11-26 10:08:00+05:30,118.45,119.1,115.7,116.75,446100,7422975
2025-11-26 10:09:00+05:30,116.55,117.0,112.5,112.8,404100,7422975
2025-11-26 10:10:00+05:30,112.8,115.15,111.05,111.05,333000,7348875
2025-11-26 10:11:00+05:30,111.05,111.4,106.0,106.35,854925,7348875
2025-11-26 10:12:00+05:30,106.45,112.25,105.3,111.95,662400,7348875
2025-11-26 10:13:00+05:30,112.0,113.3,110.15,111.0,455850,7347600
2025-11-26 10:14:00+05:30,111.0,113.35,109.05,112.45,297825,7347600
2025-11-26 10:15:00+05:30,112.65,115.75,111.95,112.9,382575,7347600
2025-11-26 10:16:00+05:30,112.9,114.0,110.75,113.4,245550,7475100
2025-11-26 10:17:00+05:30,113.35,114.8,110.5,110.7,291450,7475100
2025-11-26 10:18:00+05:30,110.7,112.45,110.05,111.0,207825,7475100
2025-11-26 10:19:00+05:30,111.05,112.15,110.3,111.05,164400,7502025
2025-11-26 10:20:00+05:30,111.1,111.2,107.55,108.15,314850,7502025
2025-11-26 10:21:00+05:30,108.15,108.7,104.5,104.85,447375,7502025
2025-11-26 10:22:00+05:30,104.85,110.4,104.85,109.55,295725,7538025
2025-11-26 10:23:00+05:30,109.5,109.7,105.0,107.25,292650,7538025
2025-11-26 10:24:00+05:30,107.35,110.3,107.0,109.2,294375,7538025
2025-11-26 10:25:00+05:30,109.45,109.9,106.05,106.1,278475,7663500
2025-11-26 10:26:00+05:30,106.3,107.0,105.2,105.25,174750,7663500
2025-11-26 10:27:00+05:30,105.35,105.55,101.15,103.6,691500,7663500
2025-11-26 10:28:00+05:30,103.55,104.2,101.6,103.2,331575,7781775
2025-11-26 10:29:00+05:30,103.35,103.65,101.4,102.7,269250,7781775
2025-11-26 10:30:00+05:30,102.7,106.4,102.25,102.85,609225,7781775
2025-11-26 10:31:00+05:30,103.4,106.8,102.05,102.5,367575,7972425
2025-11-26 10:32:00+05:30,102.2,107.8,101.5,106.8,404550,7972425
2025-11-26 10:33:00+05:30,107.1,108.45,105.1,105.85,618975,7972425
2025-11-26 10:34:00+05:30,106.0,107.0,103.3,105.65,347625,8122350
2025-11-26 10:35:00+05:30,105.85,107.4,104.85,105.2,285975,8122350
2025-11-26 10:36:00+05:30,105.55,106.95,104.5,105.75,228675,8122350
2025-11-26 10:37:00+05:30,106.1,109.8,105.5,106.5,544050,8140800
2025-11-26 10:38:00+05:30,106.7,109.9,106.7,109.4,329550,8140800
2025-11-26 10:39:00+05:30,109.4,113.45,109.0,112.95,645450,8140800
2025-11-26 10:40:00+05:30,113.0,114.2,110.45,110.65,691650,8202450
2025-11-26 10:41:00+05:30,110.4,113.55,110.2,112.0,367500,8202450
2025-11-26 10:42:00+05:30,112.0,113.4,110.15,110.65,390075,8202450
2025-11-26 10:43:00+05:30,110.8,111.85,110.05,110.15,214575,8184525
2025-11-26 10:44:00+05:30,110.15,113.65,110.15,113.3,327375,8184525
2025-11-26 10:45:00+05:30,113.05,120.5,113.0,118.95,1629900,8184525
2025-11-26 10:46:00+05:30,119.25,122.25,118.05,121.15,880725,7947675
2025-11-26 10:47:00+05:30,121.15,128.45,120.8,128.25,1763775,7947675
2025-11-26 10:48:00+05:30,128.3,131.25,126.3,129.15,1253700,7947675
2025-11-26 10:49:00+05:30,129.3,130.95,124.2,126.2,990150,7727025
2025-11-26 10:50:00+05:30,126.2,126.5,122.1,123.75,612525,7727025
2025-11-26 10:51:00+05:30,123.35,124.95,121.35,121.8,494475,7855650
2025-11-26 10:52:00+05:30,121.85,122.85,119.7,120.15,510975,7855650
2025-11-26 10:53:00+05:30,120.3,120.4,114.0,114.9,828750,7855650
2025-11-26 10:54:00+05:30,114.9,117.85,114.9,117.2,363000,7855650
2025-11-26 10:55:00+05:30,117.2,118.0,113.95,114.05,462000,7872525
2025-11-26 10:56:00+05:30,114.05,117.8,114.05,117.0,310125,7872525
2025-11-26 10:57:00+05:30,117.2,117.9,116.55,116.6,345600,7872525
2025-11-26 10:58:00+05:30,116.8,117.95,114.8,116.0,269700,8094825
2025-11-26 10:59:00+05:30,116.0,117.95,116.0,117.05,192225,8094825
2025-11-26 11:00:00+05:30,117.2,122.7,116.85,121.2,717975,8094825
2025-11-26 11:01:00+05:30,121.2,122.5,119.1,119.95,522675,8057250
2025-11-26 11:02:00+05:30,120.0,121.6,119.65,120.9,220950,8057250
2025-11-26 11:03:00+05:30,121.0,123.0,120.75,122.2,301125,8057250
2025-11-26 11:04:00+05:30,122.45,122.7,120.6,122.4,236550,8037150
2025-11-26 11:05:00+05:30,122.2,123.85,121.8,122.0,377625,8037150
2025-11-26 11:06:00+05:30,122.0,122.0,120.15,120.4,259050,8037150
2025-11-26 11:07:00+05:30,120.35,121.45,119.3,120.2,234375,7929300
2025-11-26 11:08:00+05:30,120.4,123.65,119.95,122.75,373875,7929300
2025-11-26 11:09:00+05:30,122.85,122.85,118.0,119.5,372675,7929300
2025-11-26 11:10:00+05:30,119.3,120.6,119.25,120.1,157350,7884525
2025-11-26 11:11:00+05:30,120.05,120.25,117.15,118.35,244500,7884525
2025-11-26 11:12:00+05:30,118.6,120.0,117.0,119.25,319725,7884525
2025-11-26 11:13:00+05:30,119.5,119.7,118.0,118.75,120825,7865325
2025-11-26 11:14:00+05:30,118.55,119.9,118.05,119.1,113925,7865325
2025-11-26 11:15:00+05:30,119.2,121.95,118.9,121.55,270450,7865325
2025-11-26 11:16:00+05:30,121.8,123.5,121.55,123.1,324000,7837875
2025-11-26 11:17:00+05:30,123.15,124.6,121.9,124.55,321000,7837875
2025-11-26 11:18:00+05:30,124.5,128.0,123.7,125.7,794025,7837875
2025-11-26 11:19:00+05:30,125.45,127.2,124.9,125.15,383250,7848450
2025-11-26 11:20:00+05:30,124.85,126.0,122.25,123.15,427875,7848450
2025-11-26 11:21:00+05:30,123.3,127.35,123.15,126.9,408825,7848450
2025-11-26 11:22:00+05:30,126.6,127.2,124.5,124.8,411750,7899300
2025-11-26 11:23:00+05:30,124.8,126.6,122.0,122.55,421650,7899300
2025-11-26 11:24:00+05:30,122.65,124.8,122.5,123.95,197025,7899300
2025-11-26 11:25:00+05:30,123.85,125.0,123.6,124.0,149850,7939650
2025-11-26 11:26:00+05:30,124.0,126.35,123.25,124.6,280575,7939650
2025-11-26 11:27:00+05:30,124.85,126.9,124.7,125.25,321600,7939650
2025-11-26 11:28:00+05:30,125.0,125.35,118.95,120.3,600825,7902600
2025-11-26 11:29:00+05:30,120.1,122.75,119.3,120.4,320550,7902600
2025-11-26 11:30:00+05:30,120.45,122.65,120.4,120.55,196350,7902600
2025-11-26 11:31:00+05:30,120.7,121.05,119.0,120.05,268500,7878300
2025-11-26 11:32:00+05:30,119.95,123.65,119.95,123.05,234450,7878300
2025-11-26 11:33:00+05:30,123.2,125.3,123.05,124.4,313650,7878300
2025-11-26 11:34:00+05:30,124.35,125.0,122.25,122.45,214650,7902975
2025-11-26 11:35:00+05:30,122.45,123.1,120.55,121.9,186000,7902975
2025-11-26 11:36:00+05:30,121.5,122.5,121.1,121.45,112650,7902975
2025-11-26 11:37:00+05:30,121.5,122.25,118.4,119.75,291300,7966050
2025-11-26 11:38:00+05:30,119.75,119.75,117.25,118.25,348450,7966050
2025-11-26 11:39:00+05:30,118.25,118.65,115.9,116.35,327450,7966050
2025-11-26 11:40:00+05:30,116.35,118.4,114.4,116.35,417675,7878225
2025-11-26 11:41:00+05:30,116.2,118.0,116.0,116.55,199350,7878225
2025-11-26 11:42:00+05:30,116.55,118.0,116.15,117.7,176475,7878225
2025-11-26 11:43:00+05:30,117.85,119.65,115.65,116.35,335100,7815225
2025-11-26 11:44:00+05:30,116.35,116.75,112.3,113.0,362400,7815225
2025-11-26 11:45:00+05:30,112.9,113.1,110.8,111.3,488250,7815225
2025-11-26 11:46:00+05:30,111.3,115.95,111.3,115.7,296025,7736025
2025-11-26 11:47:00+05:30,115.55,118.9,115.5,118.9,405825,7736025
2025-11-26 11:48:00+05:30,118.9,119.5,117.5,118.95,333150,7736025
2025-11-26 11:49:00+05:30,118.85,121.35,118.55,119.2,450225,7919700
2025-11-26 11:50:00+05:30,119.05,122.9,118.25,119.35,451650,7919700
2025-11-26 11:51:00+05:30,119.1,121.05,118.25,119.75,167925,7919700
2025-11-26 11:52:00+05:30,119.75,121.5,118.4,118.8,185025,8031900
2025-11-26 11:53:00+05:30,118.8,120.3,117.6,119.85,249150,8031900
2025-11-26 11:54:00+05:30,119.8,121.0,119.2,120.35,202200,8031900
2025-11-26 11:55:00+05:30,120.05,121.25,119.55,120.3,186450,8056875
2025-11-26 11:56:00+05:30,120.35,122.35,120.2,121.2,257775,8056875
2025-11-26 11:57:00+05:30,121.2,121.95,120.0,120.2,144825,8056875
2025-11-26 11:58:00+05:30,120.2,124.8,120.05,124.65,439875,7976775
2025-11-26 11:59:00+05:30,124.35,129.0,124.3,127.45,970725,7976775
2025-11-26 12:00:00+05:30,127.45,129.15,126.35,126.6,637875,7976775
2025-11-26 12:01:00+05:30,126.55,129.45,125.25,128.75,451650,7835175
2025-11-26 12:02:00+05:30,128.7,129.75,128.15,129.25,445575,7835175
2025-11-26 12:03:00+05:30,129.25,130.65,127.05,127.25,681750,7835175
2025-11-26 12:04:00+05:30,127.1,129.0,126.7,128.65,359175,7926825
2025-11-26 12:05:00+05:30,128.35,128.65,127.45,127.85,206775,7926825
2025-11-26 12:06:00+05:30,127.7,129.95,126.55,129.25,342750,7926825
2025-11-26 12:07:00+05:30,129.3,134.5,128.25,134.3,1168575,7844700
2025-11-26 12:08:00+05:30,134.5,135.45,130.3,131.65,988500,7844700
2025-11-26 12:09:00+05:30,131.4,133.5,131.15,132.15,457650,7852350
2025-11-26 12:10:00+05:30,132.45,133.65,131.7,133.1,488250,7852350
2025-11-26 12:11:00+05:30,133.0,134.35,130.6,131.0,543675,7852350
2025-11-26 12:12:00+05:30,131.0,133.4,130.15,133.1,365025,7852350
2025-11-26 12:13:00+05:30,133.1,134.9,132.25,133.45,422475,7867950
2025-11-26 12:14:00+05:30,133.75,133.9,131.9,132.25,265500,7867950
2025-11-26 12:15:00+05:30,132.3,133.7,131.1,131.85,222075,7867950
2025-11-26 12:16:00+05:30,131.85,133.25,130.6,131.05,247050,7906875
2025-11-26 12:17:00+05:30,131.2,132.5,130.55,131.35,156900,7906875
2025-11-26 12:18:00+05:30,131.55,132.4,129.6,130.4,329850,7906875
2025-11-26 12:19:00+05:30,130.4,132.3,129.25,132.15,373800,7822125
2025-11-26 12:20:00+05:30,132.3,132.55,130.6,131.95,289050,7822125
2025-11-26 12:21:00+05:30,131.7,134.9,130.95,133.65,276525,7822125
2025-11-26 12:22:00+05:30,133.75,139.0,132.55,135.65,835500,7675875
2025-11-26 12:23:00+05:30,135.65,135.75,132.15,133.8,548625,7675875
2025-11-26 12:24:00+05:30,134.05,134.25,131.1,131.35,330450,7675875
2025-11-26 12:25:00+05:30,131.55,133.0,131.0,132.15,234525,7858725
2025-11-26 12:26:00+05:30,132.25,132.25,128.5,131.3,494475,7858725
2025-11-26 12:27:00+05:30,131.25,132.75,130.8,131.85,276600,7858725
2025-11-26 12:28:00+05:30,131.7,133.25,130.5,130.5,422700,7814250
2025-11-26 12:29:00+05:30,130.5,130.5,129.1,129.55,274125,7814250
2025-11-26 12:30:00+05:30,129.55,131.15,124.35,126.9,842175,7814250
2025-11-26 12:31:00+05:30,126.65,127.5,125.6,126.85,280725,7828425
2025-11-26 12:32:00+05:30,126.7,127.25,125.3,126.85,239175,7828425
2025-11-26 12:33:00+05:30,127.1,129.2,126.75,129.2,253425,7828425
2025-11-26 12:34:00+05:30,129.2,130.9,129.0,130.4,464325,7912125
2025-11-26 12:35:00+05:30,130.5,134.6,129.65,132.35,628875,7912125
2025-11-26 12:36:00+05:30,132.25,134.35,130.25,130.5,537525,7912125
2025-11-26 12:37:00+05:30,130.3,133.7,130.0,133.0,328275,8056500
2025-11-26 12:38:00+05:30,132.75,133.95,131.35,131.8,342675,8056500
2025-11-26 12:39:00+05:30,131.65,136.0,131.2,134.65,403575,8011350
2025-11-26 12:40:00+05:30,134.85,134.9,133.25,133.55,367800,8011350
2025-11-26 12:41:00+05:30,133.8,134.2,132.85,133.95,216225,8011350
2025-11-26 12:42:00+05:30,133.95,137.0,131.3,132.0,655875,8011350
2025-11-26 12:43:00+05:30,131.65,133.9,131.6,132.65,222975,7976250
2025-11-26 12:44:00+05:30,132.65,134.9,132.0,134.75,241050,7976250
2025-11-26 12:45:00+05:30,134.75,135.15,133.6,134.65,366900,7898100
2025-11-26 12:46:00+05:30,134.65,136.45,132.5,132.75,428625,7898100
2025-11-26 12:47:00+05:30,133.05,134.0,132.5,133.7,138450,7898100
2025-11-26 12:48:00+05:30,133.7,133.75,130.5,131.8,313875,7830675
2025-11-26 12:49:00+05:30,131.55,132.6,131.05,131.85,141450,7830675
2025-11-26 12:50:00+05:30,132.0,134.9,131.3,134.5,289275,7830675
2025-11-26 12:51:00+05:30,134.5,135.75,134.0,134.0,365400,7830675
2025-11-26 12:52:00+05:30,134.0,134.3,132.5,133.75,231750,7801875
2025-11-26 12:53:00+05:30,133.7,134.95,132.0,133.0,226350,7801875
2025-11-26 12:54:00+05:30,132.85,133.7,129.5,132.2,409425,7801875
2025-11-26 12:55:00+05:30,132.05,134.75,131.5,133.2,312525,7755675
2025-11-26 12:56:00+05:30,133.1,135.1,130.5,131.65,354975,7755675
2025-11-26 12:57:00+05:30,131.6,131.95,127.6,131.35,436575,7755675
2025-11-26 12:58:00+05:30,131.25,133.5,130.45,133.35,204150,7781550
2025-11-26 12:59:00+05:30,133.35,137.0,133.1,136.0,559800,7781550
2025-11-26 13:00:00+05:30,135.85,136.1,134.1,135.3,368100,7781550
2025-11-26 13:01:00+05:30,135.3,144.5,134.25,142.55,676875,7759350
2025-11-26 13:02:00+05:30,142.45,144.5,140.6,143.65,1246725,7759350
2025-11-26 13:03:00+05:30,143.35,144.3,141.75,142.9,575625,7759350
2025-11-26 13:04:00+05:30,142.85,149.95,142.55,149.3,1141200,7481175
2025-11-26 13:05:00+05:30,149.3,150.0,146.65,148.1,909225,7481175
2025-11-26 13:06:00+05:30,148.1,149.1,144.15,146.4,721275,7481175
2025-11-26 13:07:00+05:30,146.1,146.95,144.55,146.0,488550,7463550
2025-11-26 13:08:00+05:30,146.0,148.4,145.7,148.1,420675,7463550
2025-11-26 13:09:00+05:30,148.0,152.95,147.9,151.75,1096050,7217400
2025-11-26 13:10:00+05:30,151.9,158.3,151.4,157.45,1389675,7217400
2025-11-26 13:11:00+05:30,157.35,158.4,155.25,156.7,838350,7217400
2025-11-26 13:12:00+05:30,156.95,161.25,156.3,157.8,894000,7082625
2025-11-26 13:13:00+05:30,157.8,157.8,148.0,150.35,1106025,7082625
2025-11-26 13:14:00+05:30,149.9,151.5,148.4,150.65,510825,7082625
2025-11-26 13:15:00+05:30,150.65,151.3,148.05,149.05,458475,7082625
2025-11-26 13:16:00+05:30,149.0,151.75,148.0,151.4,364425,7224075
2025-11-26 13:17:00+05:30,151.45,152.9,148.6,151.2,533250,7224075
2025-11-26 13:18:00+05:30,151.55,152.65,149.0,149.0,510000,7224075
2025-11-26 13:19:00+05:30,149.2,150.9,148.25,148.65,271425,7537350
2025-11-26 13:20:00+05:30,148.8,150.85,146.35,150.4,474075,7537350
2025-11-26 13:21:00+05:30,150.45,153.9,149.75,152.55,693000,7537350
2025-11-26 13:22:00+05:30,152.8,152.8,150.1,152.3,291675,7572900
2025-11-26 13:23:00+05:30,152.1,153.5,150.6,150.9,312900,7572900
2025-11-26 13:24:00+05:30,150.7,151.0,144.2,144.3,736650,7413000
2025-11-26 13:25:00+05:30,144.3,146.4,142.5,146.2,581100,7413000
2025-11-26 13:26:00+05:30,146.1,147.9,146.1,147.85,369300,7413000
2025-11-26 13:27:00+05:30,147.9,148.75,137.9,140.2,915225,7413000
2025-11-26 13:28:00+05:30,140.4,142.35,137.5,139.6,766050,7586550
2025-11-26 13:29:00+05:30,139.6,141.7,134.5,137.0,960450,7586550
2025-11-26 13:30:00+05:30,136.8,140.0,135.45,140.0,691125,7586550
2025-11-26 13:31:00+05:30,139.75,143.35,139.7,140.75,1059750,8064600
2025-11-26 13:32:00+05:30,140.5,143.85,140.45,142.65,399525,8064600
2025-11-26 13:33:00+05:30,142.4,142.55,135.75,136.85,826050,8064600
2025-11-26 13:34:00+05:30,136.65,139.3,133.75,137.1,649125,8007150
2025-11-26 13:35:00+05:30,137.1,140.4,137.1,140.4,365850,8007150
2025-11-26 13:36:00+05:30,140.35,141.5,139.75,140.8,342525,8007150
2025-11-26 13:37:00+05:30,140.75,143.0,140.25,141.95,436725,8178225
2025-11-26 13:38:00+05:30,141.8,142.1,139.55,140.5,358425,8178225
2025-11-26 13:39:00+05:30,140.5,142.4,140.15,142.35,230925,8178225
2025-11-26 13:40:00+05:30,142.35,143.8,141.55,142.9,487200,8178225
2025-11-26 13:41:00+05:30,142.95,146.0,142.05,145.4,632550,8258100
2025-11-26 13:42:00+05:30,145.4,146.8,143.8,145.2,671400,8258100
2025-11-26 13:43:00+05:30,144.95,146.5,142.0,143.5,521925,8258100
2025-11-26 13:44:00+05:30,143.75,144.95,140.9,142.3,444525,8360925
2025-11-26 13:45:00+05:30,141.95,144.95,141.95,144.4,374700,8360925
2025-11-26 13:46:00+05:30,144.35,144.75,140.9,141.85,346200,8360925
2025-11-26 13:47:00+05:30,142.0,142.05,138.7,140.4,470400,8274450
2025-11-26 13:48:00+05:30,140.7,144.9,140.7,144.3,322950,8274450
2025-11-26 13:49:00+05:30,144.15,145.7,142.55,145.2,311100,8274450
2025-11-26 13:50:00+05:30,145.4,147.6,144.7,147.45,493875,8204325
2025-11-26 13:51:00+05:30,147.5,147.5,144.65,144.85,431925,8204325
2025-11-26 13:52:00+05:30,144.85,148.65,144.4,145.9,506850,8149950
2025-11-26 13:53:00+05:30,145.7,147.9,145.15,147.6,298725,8149950
2025-11-26 13:54:00+05:30,147.3,148.5,145.8,146.8,305025,8149950
2025-11-26 13:55:00+05:30,147.0,149.7,146.15,147.95,697575,8149950
2025-11-26 13:56:00+05:30,147.95,150.5,146.6,147.75,851700,8142225
2025-11-26 13:57:00+05:30,147.75,149.05,146.2,146.4,405000,8142225
2025-11-26 13:58:00+05:30,146.7,147.25,144.0,147.0,385425,8142225
2025-11-26 13:59:00+05:30,146.85,147.0,144.25,144.9,256200,8337000
2025-11-26 14:00:00+05:30,145.0,148.75,144.7,148.15,302550,8337000
2025-11-26 14:01:00+05:30,148.45,153.9,148.0,152.8,912975,8337000
2025-11-26 14:02:00+05:30,152.8,158.75,152.45,156.7,1656600,8301075
2025-11-26 14:03:00+05:30,156.7,162.0,155.75,158.55,1354575,8301075
2025-11-26 14:04:00+05:30,158.35,158.95,150.25,150.35,1160625,8301075
2025-11-26 14:05:00+05:30,150.35,151.9,148.5,151.3,888975,8037000
2025-11-26 14:06:00+05:30,151.0,152.5,148.3,149.15,696825,8037000
2025-11-26 14:07:00+05:30,149.2,149.95,146.25,148.6,625350,8042250
2025-11-26 14:08:00+05:30,149.0,151.9,147.6,151.4,588225,8042250
2025-11-26 14:09:00+05:30,151.2,152.6,149.55,150.95,766200,8042250
2025-11-26 14:10:00+05:30,150.6,152.05,150.4,150.4,541575,8042250
2025-11-26 14:11:00+05:30,150.4,151.5,149.5,150.45,298125,8390700
2025-11-26 14:12:00+05:30,150.45,153.35,149.6,150.75,414450,8390700
2025-11-26 14:13:00+05:30,150.55,152.0,149.3,150.9,272400,8390700
2025-11-26 14:14:00+05:30,150.9,151.5,148.0,149.2,293850,8436900
2025-11-26 14:15:00+05:30,149.2,150.75,148.25,149.1,247050,8436900
2025-11-26 14:16:00+05:30,149.1,150.35,147.3,148.05,293625,8436900
2025-11-26 14:17:00+05:30,148.05,148.55,144.85,147.6,594825,8339550
2025-11-26 14:18:00+05:30,147.8,150.3,146.3,150.0,404475,8339550
2025-11-26 14:19:00+05:30,150.0,151.4,148.55,149.9,320100,8339550
2025-11-26 14:20:00+05:30,149.85,150.85,148.25,150.8,193275,8339475
2025-11-26 14:21:00+05:30,150.85,151.3,149.4,150.45,245025,8339475
2025-11-26 14:22:00+05:30,150.55,152.4,150.45,151.65,344250,8339475
2025-11-26 14:23:00+05:30,151.5,155.4,151.1,154.65,614700,8360325
2025-11-26 14:24:00+05:30,155.0,155.4,153.0,154.8,434625,8360325
2025-11-26 14:25:00+05:30,154.95,155.4,153.7,155.0,313275,8360325
2025-11-26 14:26:00+05:30,155.25,157.1,150.15,152.7,862050,8278275
2025-11-26 14:27:00+05:30,152.7,154.3,146.75,147.65,687225,8278275
2025-11-26 14:28:00+05:30,147.65,148.85,145.35,146.85,574125,8278275
2025-11-26 14:29:00+05:30,146.85,147.2,140.5,141.35,897900,8307150
2025-11-26 14:30:00+05:30,141.25,146.75,139.95,145.0,968475,8307150
2025-11-26 14:31:00+05:30,144.9,145.6,138.5,142.85,808275,8307150
2025-11-26 14:32:00+05:30,142.8,143.95,141.8,142.15,275250,8367225
2025-11-26 14:33:00+05:30,142.1,145.4,141.9,143.05,335400,8367225
2025-11-26 14:34:00+05:30,142.9,145.0,141.8,142.95,258000,8367225
2025-11-26 14:35:00+05:30,142.85,143.5,136.55,138.75,589500,8520525
2025-11-26 14:36:00+05:30,138.7,141.9,138.6,141.05,436050,8520525
2025-11-26 14:37:00+05:30,141.0,143.25,140.6,142.45,312975,8520525
2025-11-26 14:38:00+05:30,142.4,142.85,135.95,137.9,581850,8561700
2025-11-26 14:39:00+05:30,137.8,140.9,137.65,139.85,448125,8561700
2025-11-26 14:40:00+05:30,140.05,142.0,137.95,141.95,279225,8683725
2025-11-26 14:41:00+05:30,141.95,145.0,138.9,141.9,649050,8683725
2025-11-26 14:42:00+05:30,142.0,143.4,140.55,142.2,419625,8683725
2025-11-26 14:43:00+05:30,142.45,142.75,135.7,139.0,754500,9010425
2025-11-26 14:44:00+05:30,138.8,140.55,132.0,133.0,1119675,9010425
2025-11-26 14:45:00+05:30,133.15,139.85,131.95,138.25,789375,9010425
2025-11-26 14:46:00+05:30,138.25,139.25,136.05,137.4,337350,8943375
2025-11-26 14:47:00+05:30,137.4,139.2,136.35,138.35,336225,8943375
2025-11-26 14:48:00+05:30,138.45,138.6,133.7,133.95,413175,8943375
2025-11-26 14:49:00+05:30,133.9,134.9,130.0,133.15,744825,8949300
2025-11-26 14:50:00+05:30,133.1,134.4,130.6,133.3,521025,8949300
2025-11-26 14:51:00+05:30,133.2,134.85,129.5,130.75,712050,8949300
2025-11-26 14:52:00+05:30,130.4,139.0,129.55,138.9,886650,8968425
2025-11-26 14:53:00+05:30,138.9,139.95,135.25,138.1,1034325,8968425
2025-11-26 14:54:00+05:30,138.1,139.7,137.0,139.2,444750,8968425
2025-11-26 14:55:00+05:30,139.2,143.6,138.1,141.9,842100,8968425
2025-11-26 14:56:00+05:30,141.85,141.85,138.6,141.0,479025,8932875
2025-11-26 14:57:00+05:30,140.65,141.75,138.25,140.0,461925,8932875
2025-11-26 14:58:00+05:30,140.05,141.0,137.55,137.9,385350,8932875
2025-11-26 14:59:00+05:30,137.85,141.85,136.4,140.0,530550,8969550
2025-11-26 15:00:00+05:30,139.9,145.75,139.9,143.4,1416750,8969550
2025-11-26 15:01:00+05:30,143.8,147.65,142.0,147.3,955500,8969550
2025-11-26 15:02:00+05:30,147.6,151.4,145.5,151.15,1367550,8661225
2025-11-26 15:03:00+05:30,151.15,151.3,145.65,146.45,931350,8661225
2025-11-26 15:04:00+05:30,146.45,148.4,142.8,143.35,691275,8437275
2025-11-26 15:05:00+05:30,143.55,145.65,138.5,145.3,904200,8437275
2025-11-26 15:06:00+05:30,145.7,150.5,144.55,149.85,1015125,8437275
2025-11-26 15:07:00+05:30,150.15,151.8,148.2,149.8,912900,8437275
2025-11-26 15:08:00+05:30,149.6,149.85,146.2,148.0,539250,8472150
2025-11-26 15:09:00+05:30,148.0,150.4,147.05,150.05,472725,8472150
2025-11-26 15:10:00+05:30,150.1,150.1,147.25,149.2,447300,8472150
2025-11-26 15:11:00+05:30,149.3,149.35,146.6,148.15,376050,8374125
2025-11-26 15:12:00+05:30,148.15,150.0,146.95,149.3,401850,8374125
2025-11-26 15:13:00+05:30,149.2,149.5,147.4,149.25,291675,8192100
2025-11-26 15:14:00+05:30,149.2,151.85,148.25,151.1,773475,8192100
2025-11-26 15:15:00+05:30,151.05,151.1,140.1,143.0,1269675,8192100
2025-11-26 15:16:00+05:30,142.85,145.35,140.3,145.35,539475,7887525
2025-11-26 15:17:00+05:30,145.1,145.65,140.7,143.55,427500,7887525
2025-11-26 15:18:00+05:30,143.75,144.1,140.7,142.95,341400,7887525
2025-11-26 15:19:00+05:30,142.6,143.2,141.6,142.85,335925,7887525
2025-11-26 15:20:00+05:30,142.9,143.2,140.4,142.65,511425,7887375
2025-11-26 15:21:00+05:30,142.9,143.3,140.6,141.2,343950,7887375
2025-11-26 15:22:00+05:30,141.5,143.55,140.15,143.5,503475,7887375
2025-11-26 15:23:00+05:30,143.6,149.45,143.05,148.9,751500,7840950
2025-11-26 15:24:00+05:30,149.15,149.15,145.45,147.95,425100,7840950
2025-11-26 15:25:00+05:30,147.65,148.0,145.0,147.5,455625,7643775
2025-11-26 15:26:00+05:30,147.45,149.1,146.9,149.0,544875,7643775
2025-11-26 15:27:00+05:30,148.85,149.5,147.7,149.25,525300,7643775
2025-11-26 15:28:00+05:30,149.35,150.0,149.0,149.95,572325,7643775
2025-11-26 15:29:00+05:30,149.95,152.65,149.3,150.0,1059225,7163475
2025-11-27 09:15:00+05:30,170.0,181.2,150.0,168.75,3453150,6509400
2025-11-27 09:16:00+05:30,168.8,171.65,159.35,159.85,1841475,6509400
2025-11-27 09:17:00+05:30,159.5,168.95,158.4,164.9,1351725,6509400
2025-11-27 09:18:00+05:30,165.25,172.9,162.1,170.5,1598025,7852875
2025-11-27 09:19:00+05:30,170.0,177.0,167.8,175.85,1480875,7852875
2025-11-27 09:20:00+05:30,175.75,179.6,172.35,175.0,1544250,7852875
2025-11-27 09:21:00+05:30,175.05,189.55,174.55,188.5,2216475,8017275
2025-11-27 09:22:00+05:30,188.5,195.9,186.7,191.6,2162325,8017275
2025-11-27 09:23:00+05:30,191.6,195.0,190.0,193.75,1051125,8017275
2025-11-27 09:24:00+05:30,193.7,196.0,184.4,184.5,1304625,7307775
2025-11-27 09:25:00+05:30,184.35,186.45,173.6,177.8,1770525,7307775
2025-11-27 09:26:00+05:30,177.95,189.45,176.1,181.1,1195425,7307775
2025-11-27 09:27:00+05:30,181.1,188.6,180.0,187.65,669525,7547700
2025-11-27 09:28:00+05:30,187.65,193.6,184.75,191.2,1077450,7547700
2025-11-27 09:29:00+05:30,191.0,193.4,187.0,190.85,636225,7547700
2025-11-27 09:30:00+05:30,190.8,192.6,183.55,185.1,817275,7547700
2025-11-27 09:31:00+05:30,185.75,191.5,184.45,189.65,486750,7606275
2025-11-27 09:32:00+05:30,189.4,191.0,187.75,189.35,336825,7606275
2025-11-27 09:33:00+05:30,189.05,190.6,185.0,185.25,321300,7606275
2025-11-27 09:34:00+05:30,185.0,189.8,185.0,188.75,246525,7666125
2025-11-27 09:35:00+05:30,189.2,190.0,182.6,189.5,464850,7666125
2025-11-27 09:36:00+05:30,189.6,191.0,184.9,184.9,446850,7666125
2025-11-27 09:37:00+05:30,184.9,187.0,181.05,182.8,455550,7626000
2025-11-27 09:38:00+05:30,183.6,186.5,180.55,184.6,384000,7626000
2025-11-27 09:39:00+05:30,184.7,185.3,167.15,167.35,1174875,7653525
2025-11-27 09:40:00+05:30,167.0,168.75,160.3,163.65,1259775,7653525
2025-11-27 09:41:00+05:30,163.25,176.65,162.4,168.2,1363200,7653525
2025-11-27 09:42:00+05:30,168.2,170.6,162.7,165.0,589200,7653525
2025-11-27 09:43:00+05:30,164.8,166.65,156.3,158.8,993150,8110725
2025-11-27 09:44:00+05:30,159.05,167.75,158.35,166.95,725850,8110725
2025-11-27 09:45:00+05:30,166.6,167.0,159.0,166.05,589950,8422500
2025-11-27 09:46:00+05:30,166.25,166.75,154.25,165.9,913350,8422500
2025-11-27 09:47:00+05:30,166.45,173.5,165.45,173.4,1278525,8422500
2025-11-27 09:48:00+05:30,173.0,174.65,168.15,170.35,699300,8422500
2025-11-27 09:49:00+05:30,170.35,174.9,168.7,172.65,467325,8804175
2025-11-27 09:50:00+05:30,172.15,172.6,164.05,171.0,667350,8804175
2025-11-27 09:51:00+05:30,171.1,173.85,170.0,172.3,595200,8948550
2025-11-27 09:52:00+05:30,172.85,178.0,172.15,175.0,1067775,8948550
2025-11-27 09:53:00+05:30,175.05,180.5,174.55,179.05,992100,8948550
2025-11-27 09:54:00+05:30,179.6,180.9,173.8,175.05,808350,8957775
2025-11-27 09:55:00+05:30,174.4,181.8,173.75,181.4,663075,8957775
2025-11-27 09:56:00+05:30,181.4,183.6,180.35,181.75,619575,8957775
2025-11-27 09:57:00+05:30,182.2,187.0,181.55,182.55,914400,8957775
2025-11-27 09:58:00+05:30,182.5,188.0,181.85,187.85,568050,8687100
2025-11-27 09:59:00+05:30,187.9,195.0,187.8,194.95,1421625,8687100
2025-11-27 10:00:00+05:30,194.9,197.55,191.55,195.95,1055850,8687100
2025-11-27 10:01:00+05:30,195.85,195.85,189.2,190.2,528600,7923375
2025-11-27 10:02:00+05:30,190.8,202.3,188.95,200.85,733800,7923375
2025-11-27 10:03:00+05:30,201.1,203.3,194.3,198.0,1035975,7923375
2025-11-27 10:04:00+05:30,198.0,200.5,195.75,197.05,565275,7564125
2025-11-27 10:05:00+05:30,196.6,199.0,195.5,197.65,367500,7564125
2025-11-27 10:06:00+05:30,197.65,200.7,197.45,197.95,446700,7564125
2025-11-27 10:07:00+05:30,197.7,202.7,197.0,201.15,544650,7511175
2025-11-27 10:08:00+05:30,200.95,203.9,191.05,192.8,754500,7511175
2025-11-27 10:09:00+05:30,192.85,196.0,190.8,193.4,559200,7200975
2025-11-27 10:10:00+05:30,193.0,194.05,181.7,182.35,1017375,7200975
2025-11-27 10:11:00+05:30,182.6,185.45,176.9,178.95,590400,7200975
2025-11-27 10:12:00+05:30,179.25,184.95,177.45,183.75,418425,7200975
2025-11-27 10:13:00+05:30,183.5,188.0,183.2,187.8,473475,6930150
2025-11-27 10:14:00+05:30,187.8,191.35,186.15,188.35,495525,6930150
2025-11-27 10:15:00+05:30,188.0,189.95,186.0,187.9,216075,6930150
2025-11-27 10:16:00+05:30,188.3,189.6,183.25,184.5,264750,7054800
2025-11-27 10:17:00+05:30,184.5,187.75,181.6,182.85,190800,7054800
2025-11-27 10:18:00+05:30,182.65,186.65,180.15,184.25,434100,7054800
2025-11-27 10:19:00+05:30,183.85,186.0,182.3,185.8,147300,6971850
2025-11-27 10:20:00+05:30,185.75,188.0,182.35,187.05,204300,6971850
2025-11-27 10:21:00+05:30,187.5,191.25,186.2,190.75,302775,6971850
2025-11-27 10:22:00+05:30,190.8,191.15,184.35,188.45,259275,6980025
2025-11-27 10:23:00+05:30,188.5,189.75,185.6,186.1,139125,6980025
2025-11-27 10:24:00+05:30,186.3,186.8,180.05,182.0,313200,6980025
2025-11-27 10:25:00+05:30,182.35,185.0,180.0,182.45,242025,6955350
2025-11-27 10:26:00+05:30,182.4,183.5,178.3,179.15,244800,6955350
2025-11-27 10:27:00+05:30,179.0,179.35,174.55,177.0,470100,6929550
2025-11-27 10:28:00+05:30,177.35,181.25,175.4,179.25,295425,6929550
2025-11-27 10:29:00+05:30,179.3,187.95,179.2,187.5,434175,6929550
2025-11-27 10:30:00+05:30,187.6,188.0,180.0,182.05,474675,6929550
2025-11-27 10:31:00+05:30,182.05,184.5,178.1,184.3,230250,7063050
2025-11-27 10:32:00+05:30,184.25,190.5,183.85,185.8,569100,7063050
2025-11-27 10:33:00+05:30,186.0,186.05,180.0,180.35,288375,7063050
2025-11-27 10:34:00+05:30,180.3,184.6,180.0,182.5,130725,7155600
2025-11-27 10:35:00+05:30,182.55,184.85,181.6,184.35,118050,7155600
2025-11-27 10:36:00+05:30,184.85,187.6,182.0,182.9,252450,7155600
2025-11-27 10:37:00+05:30,182.7,184.0,180.0,184.0,175575,7165200
2025-11-27 10:38:00+05:30,183.85,187.95,183.5,187.9,224850,7165200
2025-11-27 10:39:00+05:30,187.85,189.35,185.6,187.9,267450,7165200
2025-11-27 10:40:00+05:30,187.9,189.9,186.2,186.95,207600,7073550
2025-11-27 10:41:00+05:30,187.0,190.7,186.0,188.5,262275,7073550
2025-11-27 10:42:00+05:30,188.6,194.0,188.25,190.45,443550,7065825
2025-11-27 10:43:00+05:30,190.95,191.4,186.4,189.0,302700,7065825
2025-11-27 10:44:00+05:30,189.0,190.75,187.6,187.7,127050,7065825
2025-11-27 10:45:00+05:30,188.05,193.55,187.65,192.3,260175,7065825
2025-11-27 10:46:00+05:30,192.3,195.75,192.0,194.6,343275,7080750
2025-11-27 10:47:00+05:30,194.45,196.95,193.2,194.65,305775,7080750
2025-11-27 10:48:00+05:30,194.65,196.8,192.0,193.05,257025,7080750
2025-11-27 10:49:00+05:30,193.4,199.9,192.65,199.3,366300,6960150
2025-11-27 10:50:00+05:30,199.35,207.7,197.35,206.9,1153575,6960150
2025-11-27 10:51:00+05:30,206.9,208.3,202.7,204.6,650625,6960150
2025-11-27 10:52:00+05:30,204.55,207.3,198.45,200.4,512625,6557925
2025-11-27 10:53:00+05:30,200.3,200.8,195.25,195.25,375000,6557925
2025-11-27 10:54:00+05:30,195.25,195.95,186.35,187.05,661125,6268875
2025-11-27 10:55:00+05:30,187.55,189.7,182.65,187.3,480900,6268875
2025-11-27 10:56:00+05:30,187.0,187.9,182.0,184.0,292500,6268875
2025-11-27 10:57:00+05:30,183.8,185.2,181.2,182.8,168825,6268875
2025-11-27 10:58:00+05:30,183.0,186.4,182.35,184.65,178500,6452550
2025-11-27 10:59:00+05:30,184.25,186.55,183.1,186.0,150000,6452550
2025-11-27 11:00:00+05:30,186.25,191.55,185.9,189.95,359775,6452550
2025-11-27 11:01:00+05:30,189.7,190.45,187.35,189.35,212925,6605775
2025-11-27 11:02:00+05:30,189.35,190.45,183.2,183.65,278700,6605775
2025-11-27 11:03:00+05:30,183.8,188.1,182.5,186.0,142800,6605775
2025-11-27 11:04:00+05:30,185.55,188.95,185.4,187.8,97500,6648450
2025-11-27 11:05:00+05:30,187.5,190.5,187.45,189.85,166275,6648450
2025-11-27 11:06:00+05:30,190.3,192.5,189.4,191.7,238650,6648450
2025-11-27 11:07:00+05:30,191.75,193.75,191.15,193.4,235800,6659175
2025-11-27 11:08:00+05:30,193.35,195.8,192.0,192.95,235800,6659175
2025-11-27 11:09:00+05:30,192.6,195.65,192.6,194.45,182550,6659175
2025-11-27 11:10:00+05:30,194.5,195.55,191.35,191.8,186375,6707775
2025-11-27 11:11:00+05:30,192.4,192.4,189.35,190.65,150825,6707775
2025-11-27 11:12:00+05:30,191.0,191.0,186.35,186.95,231150,6707775
2025-11-27 11:13:00+05:30,187.0,191.2,186.7,188.15,173700,6661575
2025-11-27 11:14:00+05:30,188.15,190.65,187.85,190.1,81675,6661575
2025-11-27 11:15:00+05:30,190.0,191.85,188.8,191.25,102375,6661575
2025-11-27 11:16:00+05:30,191.5,192.4,187.15,187.75,155025,6694050
2025-11-27 11:17:00+05:30,187.65,188.3,180.75,181.7,408975,6694050
2025-11-27 11:18:00+05:30,181.7,182.55,177.55,178.8,419775,6694050
2025-11-27 11:19:00+05:30,178.95,180.9,176.0,180.25,247050,6651975
2025-11-27 11:20:00+05:30,180.3,181.0,176.7,178.05,215850,6651975
2025-11-27 11:21:00+05:30,177.8,180.0,172.0,172.85,468525,6651975
2025-11-27 11:22:00+05:30,172.85,177.5,172.75,174.4,230175,6645750
2025-11-27 11:23:00+05:30,174.45,180.4,174.45,176.15,206925,6645750
2025-11-27 11:24:00+05:30,175.75,179.95,174.4,178.65,143700,6645750
2025-11-27 11:25:00+05:30,178.65,179.5,174.5,175.65,180225,6777450
2025-11-27 11:26:00+05:30,176.2,178.5,174.45,178.5,116850,6777450
2025-11-27 11:27:00+05:30,178.2,178.55,173.5,175.6,160200,6777450
2025-11-27 11:28:00+05:30,175.6,177.9,174.35,176.2,91200,6830175
2025-11-27 11:29:00+05:30,176.4,176.7,173.45,173.45,101775,6830175
2025-11-27 11:30:00+05:30,173.8,174.4,168.65,172.65,441300,6830175
2025-11-27 11:31:00+05:30,172.0,176.0,171.0,171.6,234975,6835800
2025-11-27 11:32:00+05:30,171.6,173.7,167.15,167.2,249225,6835800
2025-11-27 11:33:00+05:30,167.15,168.85,162.35,163.6,381750,6835800
2025-11-27 11:34:00+05:30,163.55,171.25,163.4,169.0,263550,6881175
2025-11-27 11:35:00+05:30,169.0,173.4,169.0,172.45,216150,6881175
2025-11-27 11:36:00+05:30,172.2,173.6,168.0,171.05,204375,6881175
2025-11-27 11:37:00+05:30,171.05,171.7,163.65,164.5,240600,7007100
2025-11-27 11:38:00+05:30,164.8,170.5,163.9,167.85,175875,7007100
2025-11-27 11:39:00+05:30,167.5,167.95,164.7,165.1,135375,7007100
2025-11-27 11:40:00+05:30,165.45,173.5,165.3,172.3,299175,7069425
2025-11-27 11:41:00+05:30,172.45,173.2,169.25,171.5,210075,7069425
2025-11-27 11:42:00+05:30,171.8,173.0,170.0,172.0,147675,7069425
2025-11-27 11:43:00+05:30,172.1,175.8,170.6,173.0,270825,7095000
2025-11-27 11:44:00+05:30,172.8,174.45,169.75,169.8,162450,7095000
2025-11-27 11:45:00+05:30,169.35,171.3,164.25,170.95,282150,7095000
2025-11-27 11:46:00+05:30,170.95,171.9,163.0,165.9,291525,7113150
2025-11-27 11:47:00+05:30,166.25,167.0,156.35,156.55,558225,7113150
2025-11-27 11:48:00+05:30,156.4,156.6,147.55,147.6,1100700,7123050
2025-11-27 11:49:00+05:30,147.7,151.5,145.6,147.85,833175,7123050
2025-11-27 11:50:00+05:30,148.25,151.5,148.25,150.35,484275,7123050
2025-11-27 11:51:00+05:30,150.55,151.7,145.05,151.5,586800,7123050
2025-11-27 11:52:00+05:30,151.35,151.7,145.25,146.55,571500,7587075
2025-11-27 11:53:00+05:30,146.35,150.0,144.6,145.4,383850,7587075
2025-11-27 11:54:00+05:30,145.35,148.95,145.35,148.8,265050,7587075
2025-11-27 11:55:00+05:30,148.8,151.15,146.85,148.4,389925,7759950
2025-11-27 11:56:00+05:30,148.0,149.35,146.3,146.95,215850,7759950
2025-11-27 11:57:00+05:30,146.95,152.0,146.35,151.3,367200,7759950
2025-11-27 11:58:00+05:30,151.65,156.95,151.0,155.55,738000,7817850
2025-11-27 11:59:00+05:30,155.7,156.5,150.2,152.0,406350,7817850
2025-11-27 12:00:00+05:30,152.0,163.0,151.7,161.6,772950,7817850
2025-11-27 12:01:00+05:30,161.4,162.9,158.3,159.0,603750,7852350
2025-11-27 12:02:00+05:30,159.6,159.85,148.75,149.75,690975,7852350
2025-11-27 12:03:00+05:30,149.8,156.7,149.6,154.35,332925,7852350
2025-11-27 12:04:00+05:30,154.6,155.8,151.05,151.65,256275,7930125
2025-11-27 12:05:00+05:30,151.45,153.0,148.45,149.25,321525,7930125
2025-11-27 12:06:00+05:30,149.2,150.0,142.25,142.6,674625,7930125
2025-11-27 12:07:00+05:30,142.65,150.8,142.65,150.7,456450,7851075
2025-11-27 12:08:00+05:30,150.8,150.8,147.2,148.1,236400,7851075
2025-11-27 12:09:00+05:30,147.95,151.7,147.45,150.0,201525,7851075
2025-11-27 12:10:00+05:30,150.1,150.8,148.05,149.35,148125,8003175
2025-11-27 12:11:00+05:30,149.25,151.4,147.4,150.7,238200,8003175
2025-11-27 12:12:00+05:30,150.7,152.7,149.1,149.8,326625,8003175
2025-11-27 12:13:00+05:30,150.0,152.25,148.2,149.35,174750,8174625
2025-11-27 12:14:00+05:30,149.45,151.0,149.0,150.65,126750,8174625
2025-11-27 12:15:00+05:30,150.75,152.75,149.1,151.0,239250,8174625
2025-11-27 12:16:00+05:30,150.8,152.0,150.0,150.7,139425,8276400
2025-11-27 12:17:00+05:30,150.45,151.35,142.65,147.75,458325,8276400
2025-11-27 12:18:00+05:30,147.9,149.9,140.9,146.65,437400,8276400
2025-11-27 12:19:00+05:30,146.65,148.9,145.65,148.6,185175,8343825
2025-11-27 12:20:00+05:30,148.55,149.0,143.0,143.1,241275,8343825
2025-11-27 12:21:00+05:30,143.1,144.8,138.0,140.3,545475,8432400
2025-11-27 12:22:00+05:30,140.3,143.85,137.4,138.7,454800,8432400
2025-11-27 12:23:00+05:30,138.85,139.1,131.3,137.6,910350,8432400
2025-11-27 12:24:00+05:30,137.8,138.9,134.35,135.5,433500,8432400
2025-11-27 12:25:00+05:30,135.4,138.5,135.4,136.75,386400,8610675
2025-11-27 12:26:00+05:30,136.95,137.55,134.65,136.85,291000,8610675
2025-11-27 12:27:00+05:30,136.7,137.1,132.75,132.9,338475,8610675
2025-11-27 12:28:00+05:30,133.1,135.5,131.4,132.6,409725,8786100
2025-11-27 12:29:00+05:30,132.65,141.75,132.1,140.6,725400,8786100
2025-11-27 12:30:00+05:30,140.95,141.75,137.35,141.35,436725,8786100
2025-11-27 12:31:00+05:30,141.0,143.35,140.8,142.8,566025,8912475
2025-11-27 12:32:00+05:30,142.8,143.55,135.6,136.65,500250,8912475
2025-11-27 12:33:00+05:30,136.9,140.2,136.65,138.7,205350,8912475
2025-11-27 12:34:00+05:30,139.4,139.95,134.45,137.35,274125,9054300
2025-11-27 12:35:00+05:30,137.75,139.9,136.2,138.2,212700,9054300
2025-11-27 12:36:00+05:30,138.15,138.6,134.55,138.05,240975,9054300
2025-11-27 12:37:00+05:30,137.95,139.9,135.7,138.9,324900,9148350
2025-11-27 12:38:00+05:30,139.05,141.6,136.9,138.1,281850,9148350
2025-11-27 12:39:00+05:30,138.15,140.9,137.3,138.2,189225,9148350
2025-11-27 12:40:00+05:30,138.2,141.9,137.3,140.95,303675,9340650
2025-11-27 12:41:00+05:30,141.0,146.2,140.8,145.8,586050,9340650
2025-11-27 12:42:00+05:30,145.8,151.0,145.3,150.35,860250,9158475
2025-11-27 12:43:00+05:30,150.7,156.7,149.7,153.5,1254900,9158475
2025-11-27 12:44:00+05:30,153.8,159.5,152.75,158.55,868125,9158475
2025-11-27 12:45:00+05:30,158.9,160.0,155.35,159.7,823575,9158475
2025-11-27 12:46:00+05:30,160.0,160.0,154.65,158.1,572175,8896350
2025-11-27 12:47:00+05:30,157.85,161.0,156.0,156.5,612900,8896350
2025-11-27 12:48:00+05:30,156.8,158.4,156.25,157.3,243975,8896350
2025-11-27 12:49:00+05:30,157.35,160.75,157.0,160.25,350100,8798250
2025-11-27 12:50:00+05:30,160.45,160.9,156.5,159.55,348900,8798250
2025-11-27 12:51:00+05:30,159.35,160.5,157.0,159.55,319500,8798250
2025-11-27 12:52:00+05:30,159.9,164.5,157.2,157.65,658575,8781225
2025-11-27 12:53:00+05:30,157.6,158.0,148.1,151.2,967350,8781225
2025-11-27 12:54:00+05:30,151.15,151.9,147.6,150.0,406350,8781225
2025-11-27 12:55:00+05:30,150.05,151.7,149.35,150.75,267975,8641575
2025-11-27 12:56:00+05:30,150.7,151.2,148.65,149.7,200550,8641575
2025-11-27 12:57:00+05:30,149.95,155.5,148.8,152.7,350775,8641575
2025-11-27 12:58:00+05:30,152.45,153.05,148.6,149.95,238200,8683650
2025-11-27 12:59:00+05:30,150.0,151.1,147.25,148.05,216750,8683650
2025-11-27 13:00:00+05:30,148.0,148.0,143.55,143.75,535575,8683650
2025-11-27 13:01:00+05:30,143.8,145.1,140.0,144.35,609600,8411850
2025-11-27 13:02:00+05:30,144.3,145.85,140.75,145.85,330375,8411850
2025-11-27 13:03:00+05:30,145.65,146.9,144.0,145.25,279825,8411850
2025-11-27 13:04:00+05:30,145.45,145.95,142.2,143.75,160725,8503125
2025-11-27 13:05:00+05:30,144.15,144.85,141.5,142.7,160275,8503125
2025-11-27 13:06:00+05:30,142.65,143.45,139.0,140.3,322275,8503125
2025-11-27 13:07:00+05:30,140.65,142.0,136.55,137.5,383850,8519550
2025-11-27 13:08:00+05:30,137.65,138.7,135.2,136.75,293775,8519550
2025-11-27 13:09:00+05:30,137.05,137.35,133.7,135.75,423975,8519550
2025-11-27 13:10:00+05:30,135.65,138.0,134.75,135.9,297525,8703300
2025-11-27 13:11:00+05:30,135.65,136.6,122.0,122.9,1526925,8703300
2025-11-27 13:12:00+05:30,122.9,124.7,113.7,118.9,1533375,8703300
2025-11-27 13:13:00+05:30,118.9,122.0,116.5,117.75,1230000,9237750
2025-11-27 13:14:00+05:30,118.0,118.15,110.4,110.85,1234875,9237750
2025-11-27 13:15:00+05:30,111.05,111.85,107.15,107.4,1398675,9237750
2025-11-27 13:16:00+05:30,107.45,114.7,106.85,113.55,1164000,9237750
2025-11-27 13:17:00+05:30,113.4,116.2,113.3,115.75,1166700,10136475
2025-11-27 13:18:00+05:30,115.5,117.3,114.35,114.9,840975,10136475
2025-11-27 13:19:00+05:30,114.7,116.9,113.25,114.45,506025,10136475
2025-11-27 13:20:00+05:30,114.75,117.9,114.1,117.0,701775,10549875
2025-11-27 13:21:00+05:30,117.1,117.85,112.0,113.1,791250,10549875
2025-11-27 13:22:00+05:30,113.1,113.65,104.75,104.9,1092825,10549875
2025-11-27 13:23:00+05:30,104.9,106.7,101.5,103.1,1131900,10637775
2025-11-27 13:24:00+05:30,103.2,104.45,99.0,102.6,1248000,10637775
2025-11-27 13:25:00+05:30,102.55,104.2,101.0,103.95,749025,10637775
2025-11-27 13:26:00+05:30,103.7,106.5,98.4,100.9,1078725,11112825
2025-11-27 13:27:00+05:30,100.9,103.3,100.0,100.8,643725,11112825
2025-11-27 13:28:00+05:30,100.8,105.65,100.3,103.95,634875,11112825
2025-11-27 13:29:00+05:30,103.95,105.25,102.15,103.45,566100,11551950
2025-11-27 13:30:00+05:30,103.35,103.8,100.1,101.5,437250,11551950
2025-11-27 13:31:00+05:30,101.45,105.35,101.2,101.3,486750,11551950
2025-11-27 13:32:00+05:30,101.4,105.6,101.2,102.75,480750,11831850
2025-11-27 13:33:00+05:30,102.7,108.2,102.6,107.9,774900,11831850
2025-11-27 13:34:00+05:30,108.15,112.3,108.0,110.85,1769025,11831850
2025-11-27 13:35:00+05:30,110.8,111.4,107.45,107.8,763425,11453100
2025-11-27 13:36:00+05:30,107.65,107.7,103.2,104.55,762600,11453100
2025-11-27 13:37:00+05:30,104.5,106.45,102.35,103.05,445875,11453100
2025-11-27 13:38:00+05:30,103.05,105.95,102.55,104.2,310350,11573700
2025-11-27 13:39:00+05:30,104.3,104.5,99.0,102.65,632475,11573700
2025-11-27 13:40:00+05:30,102.75,104.3,102.05,103.85,414375,11573700
2025-11-27 13:41:00+05:30,103.85,104.8,98.55,100.5,517950,11670975
2025-11-27 13:42:00+05:30,100.5,101.95,98.05,98.15,515175,11670975
2025-11-27 13:43:00+05:30,98.15,103.25,96.2,103.05,756150,11670975
2025-11-27 13:44:00+05:30,103.05,104.6,101.6,101.8,421500,11612625
2025-11-27 13:45:00+05:30,101.9,102.8,99.45,102.6,374925,11612625
2025-11-27 13:46:00+05:30,102.8,110.0,101.8,109.75,699150,11622600
2025-11-27 13:47:00+05:30,109.8,110.6,105.85,107.25,920175,11622600
2025-11-27 13:48:00+05:30,106.95,109.75,105.75,109.1,476775,11622600
2025-11-27 13:49:00+05:30,109.2,112.0,108.55,111.15,740850,11622600
2025-11-27 13:50:00+05:30,111.2,111.35,107.6,109.3,607125,11763300
2025-11-27 13:51:00+05:30,109.25,111.4,108.35,111.15,484650,11763300
2025-11-27 13:52:00+05:30,111.0,113.45,109.8,111.4,1003650,11763300
2025-11-27 13:53:00+05:30,111.15,112.5,109.25,111.1,447450,11814675
2025-11-27 13:54:00+05:30,111.1,119.9,110.7,119.1,1366650,11814675
2025-11-27 13:55:00+05:30,119.15,122.3,115.0,121.35,1496250,11338575
2025-11-27 13:56:00+05:30,121.35,121.8,112.0,113.0,1352625,11338575
2025-11-27 13:57:00+05:30,113.0,119.65,112.8,117.45,878700,11338575
2025-11-27 13:58:00+05:30,117.3,120.75,116.9,120.2,509925,11695725
2025-11-27 13:59:00+05:30,120.05,123.2,119.55,121.85,1027725,11695725
2025-11-27 14:00:00+05:30,121.95,123.2,117.7,118.85,1029375,11695725
2025-11-27 14:01:00+05:30,118.7,121.5,117.6,118.7,558000,11695725
2025-11-27 14:02:00+05:30,118.7,120.85,108.6,111.8,1303725,11668800
2025-11-27 14:03:00+05:30,111.6,118.35,111.55,117.9,773475,11668800
2025-11-27 14:04:00+05:30,117.85,119.7,114.7,116.25,557250,11668800
2025-11-27 14:05:00+05:30,116.05,118.25,114.55,115.3,360300,11520825
2025-11-27 14:06:00+05:30,115.3,118.5,113.3,117.85,440400,11520825
2025-11-27 14:07:00+05:30,117.65,119.55,115.65,117.4,444000,11520825
2025-11-27 14:08:00+05:30,117.45,119.8,117.3,118.25,456600,11749425
2025-11-27 14:09:00+05:30,118.3,119.4,117.0,117.75,305325,11749425
2025-11-27 14:10:00+05:30,117.8,121.65,114.0,120.35,744825,11663850
2025-11-27 14:11:00+05:30,120.35,125.25,119.65,122.05,1499625,11663850
2025-11-27 14:12:00+05:30,121.8,123.5,116.35,117.6,833400,11663850
2025-11-27 14:13:00+05:30,117.6,119.15,115.2,115.2,504300,11663850
2025-11-27 14:14:00+05:30,115.15,117.95,113.2,114.2,622350,11673975
2025-11-27 14:15:00+05:30,114.05,123.55,113.7,122.9,816975,11673975
2025-11-27 14:16:00+05:30,122.95,124.55,118.05,118.1,774075,11673975
2025-11-27 14:17:00+05:30,118.35,118.5,112.55,113.25,743100,11614050
2025-11-27 14:18:00+05:30,113.45,115.0,110.55,111.5,659325,11614050
2025-11-27 14:19:00+05:30,111.45,119.65,111.0,118.6,644475,11359500
2025-11-27 14:20:00+05:30,118.65,122.8,117.15,121.35,1083675,11359500
2025-11-27 14:21:00+05:30,121.5,122.9,116.6,121.9,798600,11359500
2025-11-27 14:22:00+05:30,121.7,125.0,119.25,120.85,947850,11359500
2025-11-27 14:23:00+05:30,120.7,121.0,117.7,120.75,443700,11568675
2025-11-27 14:24:00+05:30,120.75,127.4,119.9,125.35,1157850,11568675
2025-11-27 14:25:00+05:30,125.15,134.6,124.7,133.95,1926825,11092875
2025-11-27 14:26:00+05:30,133.9,135.4,129.35,132.45,1298925,11092875
2025-11-27 14:27:00+05:30,132.3,134.8,130.5,132.7,810975,11092875
2025-11-27 14:28:00+05:30,132.75,140.0,131.55,138.05,1151775,11092875
2025-11-27 14:29:00+05:30,138.05,138.05,128.6,129.45,1148250,10819125
2025-11-27 14:30:00+05:30,129.2,130.35,118.2,123.25,1708650,10819125
2025-11-27 14:31:00+05:30,123.55,125.95,120.0,120.7,732825,10444125
2025-11-27 14:32:00+05:30,120.7,129.6,120.55,128.65,1016475,10444125
2025-11-27 14:33:00+05:30,128.6,132.25,127.55,131.6,961350,10444125
2025-11-27 14:34:00+05:30,131.6,135.65,129.1,130.7,1272150,10444125
2025-11-27 14:35:00+05:30,130.65,133.2,126.5,130.2,717525,10776375
2025-11-27 14:36:00+05:30,130.0,130.85,126.2,127.7,411075,10776375
2025-11-27 14:37:00+05:30,127.35,130.75,127.0,129.5,284100,10776375
2025-11-27 14:38:00+05:30,129.4,131.7,127.6,131.15,386850,10730025
2025-11-27 14:39:00+05:30,130.9,134.95,130.8,134.2,628950,10730025
2025-11-27 14:40:00+05:30,134.05,134.15,128.95,131.25,473850,10730025
2025-11-27 14:41:00+05:30,131.15,132.4,127.35,127.4,408525,10677900
2025-11-27 14:42:00+05:30,127.4,129.35,123.1,124.0,1027950,10677900
2025-11-27 14:43:00+05:30,124.25,130.9,121.4,128.95,894900,10513125
2025-11-27 14:44:00+05:30,128.95,131.3,128.0,129.85,596025,10513125
2025-11-27 14:45:00+05:30,129.85,131.0,126.35,126.65,651150,10513125
2025-11-27 14:46:00+05:30,126.8,130.0,124.55,127.45,387750,10457850
2025-11-27 14:47:00+05:30,127.45,128.65,124.8,125.4,233475,10457850
2025-11-27 14:48:00+05:30,125.65,127.3,120.0,124.1,707925,10457850
2025-11-27 14:49:00+05:30,123.7,124.75,120.25,121.0,328275,10457850
2025-11-27 14:50:00+05:30,121.0,121.75,112.0,113.55,1345875,10310775
2025-11-27 14:51:00+05:30,113.55,115.4,110.5,114.6,713625,10310775
2025-11-27 14:52:00+05:30,114.6,116.5,112.6,113.45,559800,10510650
2025-11-27 14:53:00+05:30,113.45,113.75,109.05,110.8,722550,10510650
2025-11-27 14:54:00+05:30,110.8,114.0,108.05,112.0,548175,10510650
2025-11-27 14:55:00+05:30,111.95,116.5,109.3,116.45,541050,10510650
2025-11-27 14:56:00+05:30,116.5,120.8,115.4,115.9,1196550,10509075
2025-11-27 14:57:00+05:30,115.75,117.6,111.15,112.15,843975,10509075
2025-11-27 14:58:00+05:30,112.2,116.7,111.1,115.8,390375,10509075
2025-11-27 14:59:00+05:30,115.5,117.65,112.35,115.05,401250,10575375
2025-11-27 15:00:00+05:30,115.15,121.7,114.5,115.8,982650,10575375
2025-11-27 15:01:00+05:30,115.8,128.6,115.35,127.7,1354200,10575375
2025-11-27 15:02:00+05:30,127.8,134.5,127.55,133.75,1787550,10062375
2025-11-27 15:03:00+05:30,133.8,137.85,130.2,131.8,1925400,10062375
2025-11-27 15:04:00+05:30,132.0,132.0,127.7,129.75,973875,10062375
2025-11-27 15:05:00+05:30,129.7,130.75,124.3,127.8,968550,9515625
2025-11-27 15:06:00+05:30,127.6,128.65,126.35,127.95,381150,9515625
2025-11-27 15:07:00+05:30,127.9,131.5,127.6,128.9,673950,9515625
2025-11-27 15:08:00+05:30,128.9,129.8,124.0,124.15,707475,9687825
2025-11-27 15:09:00+05:30,124.25,128.4,123.55,128.1,447300,9687825
2025-11-27 15:10:00+05:30,127.85,130.5,125.8,128.4,606375,9687825
2025-11-27 15:11:00+05:30,128.25,130.0,127.05,128.0,423300,9571275
2025-11-27 15:12:00+05:30,128.25,129.45,127.6,128.6,347625,9571275
2025-11-27 15:13:00+05:30,128.75,129.7,126.3,128.45,394050,9571275
2025-11-27 15:14:00+05:30,128.2,129.35,125.6,129.15,398250,9387975
2025-11-27 15:15:00+05:30,129.4,131.4,126.75,128.95,734250,9387975
2025-11-27 15:16:00+05:30,128.65,129.8,126.0,129.6,498150,9387975
2025-11-27 15:17:00+05:30,129.75,130.9,128.7,130.5,522525,9035175
2025-11-27 15:18:00+05:30,130.75,134.8,130.35,134.3,888525,9035175
2025-11-27 15:19:00+05:30,134.2,134.65,131.0,133.2,660750,9035175
2025-11-27 15:20:00+05:30,133.25,135.5,132.25,134.7,786975,8570700
2025-11-27 15:21:00+05:30,134.6,136.75,134.3,135.45,657600,8570700
2025-11-27 15:22:00+05:30,135.35,135.45,131.8,132.6,569925,8570700
2025-11-27 15:23:00+05:30,132.6,133.9,132.0,132.6,341850,8094750
2025-11-27 15:24:00+05:30,132.4,133.45,131.1,133.45,405150,8094750
2025-11-27 15:25:00+05:30,133.4,134.1,132.1,132.8,414150,8094750
2025-11-27 15:26:00+05:30,133.05,133.4,130.0,130.85,445125,7800525
2025-11-27 15:27:00+05:30,130.85,132.5,130.5,132.3,437325,7800525
2025-11-27 15:28:00+05:30,132.25,133.3,131.85,133.25,457125,7800525
2025-11-27 15:29:00+05:30,133.2,133.4,130.05,130.2,703500,7278075
2025-11-28 09:15:00+05:30,135.0,146.0,112.65,122.0,3717000,8112975
2025-11-28 09:16:00+05:30,122.05,129.3,118.85,124.65,2651925,8112975
2025-11-28 09:17:00+05:30,125.05,132.5,121.25,131.15,2740725,8112975
2025-11-28 09:18:00+05:30,131.15,141.35,130.45,137.45,3666975,10151400
2025-11-28 09:19:00+05:30,137.45,145.0,132.0,144.9,2941350,10151400
2025-11-28 09:20:00+05:30,144.5,145.1,138.0,141.45,2317650,10151400
2025-11-28 09:21:00+05:30,141.35,142.55,137.4,137.45,1348575,11155800
2025-11-28 09:22:00+05:30,137.45,141.25,130.5,131.5,1698825,11155800
2025-11-28 09:23:00+05:30,130.95,137.85,127.6,129.35,2074275,11155800
2025-11-28 09:24:00+05:30,129.25,131.3,123.95,124.8,1734300,11973300
2025-11-28 09:25:00+05:30,124.75,126.6,120.95,121.7,1929150,11973300
2025-11-28 09:26:00+05:30,121.8,132.6,121.15,131.5,2446575,11973300
2025-11-28 09:27:00+05:30,131.35,140.0,131.0,137.1,3558225,12901950
2025-11-28 09:28:00+05:30,137.4,145.0,137.1,138.55,3124575,12901950
2025-11-28 09:29:00+05:30,138.55,139.4,133.5,136.65,1434900,12901950
2025-11-28 09:30:00+05:30,136.65,137.35,130.5,132.4,1222050,12901950
2025-11-28 09:31:00+05:30,132.35,141.55,131.55,140.0,1742250,13076850
2025-11-28 09:32:00+05:30,139.75,144.45,137.15,140.0,2350950,13076850
2025-11-28 09:33:00+05:30,140.0,142.45,138.2,140.55,923925,13076850
2025-11-28 09:34:00+05:30,140.3,149.5,139.05,148.95,3410925,13587450
2025-11-28 09:35:00+05:30,148.7,151.5,140.25,141.0,3172875,13587450
2025-11-28 09:36:00+05:30,141.0,142.4,133.2,134.15,2470575,12911625
2025-11-28 09:37:00+05:30,133.8,139.5,125.5,125.95,2323125,12911625
2025-11-28 09:38:00+05:30,126.0,130.7,119.1,119.55,2619225,12911625
2025-11-28 09:39:00+05:30,119.25,125.55,118.0,124.25,2174550,12911625
2025-11-28 09:40:00+05:30,124.2,131.95,122.55,127.45,2479500,13446225
2025-11-28 09:41:00+05:30,127.6,137.0,126.65,136.6,2647425,13446225
2025-11-28 09:42:00+05:30,136.55,140.85,134.45,134.45,2626575,13480650
2025-11-28 09:43:00+05:30,134.45,136.0,128.75,131.9,1432950,13480650
2025-11-28 09:44:00+05:30,131.95,135.95,129.2,129.35,962100,13480650
2025-11-28 09:45:00+05:30,129.4,130.15,123.25,123.6,1359825,13480650
2025-11-28 09:46:00+05:30,123.9,128.0,123.45,125.9,967125,13393200
2025-11-28 09:47:00+05:30,126.25,135.55,126.0,135.55,1659375,13393200
2025-11-28 09:48:00+05:30,135.3,139.0,134.05,136.9,2120400,13393200
2025-11-28 09:49:00+05:30,136.9,139.0,135.3,136.75,1029750,13828725
2025-11-28 09:50:00+05:30,136.75,140.5,132.4,139.8,1844925,13828725
2025-11-28 09:51:00+05:30,139.8,139.9,136.25,137.25,900825,13828725
2025-11-28 09:52:00+05:30,137.0,142.6,134.2,142.0,1507650,13811025
2025-11-28 09:53:00+05:30,142.0,144.65,139.85,140.35,1534650,13811025
2025-11-28 09:54:00+05:30,140.15,148.8,139.45,147.5,1929150,13811025
2025-11-28 09:55:00+05:30,147.45,149.25,143.9,143.9,1467825,13091625
2025-11-28 09:56:00+05:30,143.9,145.45,139.4,145.45,1482900,13091625
2025-11-28 09:57:00+05:30,145.45,148.6,143.8,146.35,1154550,13091625
2025-11-28 09:58:00+05:30,146.3,147.8,144.2,146.7,604500,12873750
2025-11-28 09:59:00+05:30,146.8,150.0,145.0,146.85,1083675,12873750
2025-11-28 10:00:00+05:30,146.95,148.75,143.2,147.75,929850,12873750
2025-11-28 10:01:00+05:30,147.65,154.9,145.15,145.5,3246975,12719700
2025-11-28 10:02:00+05:30,145.45,147.45,141.15,146.45,1520925,12719700
2025-11-28 10:03:00+05:30,146.65,150.8,144.3,149.75,1104675,12719700
2025-11-28 10:04:00+05:30,149.75,154.0,149.0,149.3,1512300,12482400
2025-11-28 10:05:00+05:30,149.3,155.0,148.55,153.35,1217175,12482400
2025-11-28 10:06:00+05:30,153.5,156.25,152.2,153.4,1282800,12482400
2025-11-28 10:07:00+05:30,153.65,154.8,149.3,150.85,1023375,12076725
2025-11-28 10:08:00+05:30,150.8,154.0,150.0,152.0,722475,12076725
2025-11-28 10:09:00+05:30,152.3,153.8,150.0,151.3,543075,11832975
2025-11-28 10:10:00+05:30,151.05,153.8,148.4,153.4,732825,11832975
2025-11-28 10:11:00+05:30,153.2,153.5,150.2,152.35,498075,11832975
2025-11-28 10:12:00+05:30,152.4,152.75,149.15,150.3,451875,11832975
2025-11-28 10:13:00+05:30,150.2,152.35,138.0,143.05,2024325,11620725
2025-11-28 10:14:00+05:30,143.0,143.7,136.3,137.45,1349400,11620725
2025-11-28 10:15:00+05:30,137.5,140.6,131.85,132.05,1583475,11003850
2025-11-28 10:16:00+05:30,132.0,135.35,130.2,132.45,1149900,11003850
2025-11-28 10:17:00+05:30,132.3,139.0,131.2,131.35,1305525,11003850
2025-11-28 10:18:00+05:30,131.3,133.7,127.15,131.0,1382550,11003850
2025-11-28 10:19:00+05:30,131.0,139.6,130.7,135.4,1230900,11398650
2025-11-28 10:20:00+05:30,135.2,136.5,130.25,130.95,637875,11398650
2025-11-28 10:21:00+05:30,130.95,136.65,130.2,132.6,729450,11398650
2025-11-28 10:22:00+05:30,132.8,134.4,129.6,131.6,627975,11765775
2025-11-28 10:23:00+05:30,131.35,132.6,128.55,130.5,557250,11765775
2025-11-28 10:24:00+05:30,130.4,130.8,125.6,125.7,918375,11973000
2025-11-28 10:25:00+05:30,125.95,132.85,125.95,129.85,1266525,11973000
2025-11-28 10:26:00+05:30,129.55,134.8,128.8,134.5,890250,11973000
2025-11-28 10:27:00+05:30,134.65,138.2,131.9,135.55,1676400,11973000
2025-11-28 10:28:00+05:30,135.35,137.35,130.7,134.0,945525,12443775
2025-11-28 10:29:00+05:30,133.85,136.8,133.0,134.95,480075,12443775
2025-11-28 10:30:00+05:30,134.95,139.55,134.5,137.5,1140525,12443775
2025-11-28 10:31:00+05:30,137.35,140.0,136.85,139.6,1269675,12684225
2025-11-28 10:32:00+05:30,139.35,143.25,138.6,142.7,1317525,12684225
2025-11-28 10:33:00+05:30,142.7,144.9,138.0,140.0,1546725,12684225
2025-11-28 10:34:00+05:30,140.2,141.3,138.0,139.75,511800,12465750
2025-11-28 10:35:00+05:30,140.0,144.0,139.55,143.3,925200,12465750
2025-11-28 10:36:00+05:30,143.1,146.8,142.8,146.15,1322850,12465750
2025-11-28 10:37:00+05:30,145.85,149.65,144.65,147.25,1109325,12231825
2025-11-28 10:38:00+05:30,147.15,154.6,145.8,153.2,1470750,12231825
2025-11-28 10:39:00+05:30,153.45,154.3,150.6,152.35,1276425,11367825
2025-11-28 10:40:00+05:30,152.15,153.6,148.5,152.4,944100,11367825
2025-11-28 10:41:00+05:30,152.4,153.7,151.7,153.0,724425,11367825
2025-11-28 10:42:00+05:30,153.05,154.05,147.3,149.1,1123500,11367825
2025-11-28 10:43:00+05:30,149.1,153.35,149.1,152.4,576075,11178000
2025-11-28 10:44:00+05:30,152.45,154.9,151.2,153.9,550050,11178000
2025-11-28 10:45:00+05:30,154.0,155.0,150.75,154.1,1060575,11178000
2025-11-28 10:46:00+05:30,154.05,160.0,151.5,156.15,1592175,11187825
2025-11-28 10:47:00+05:30,156.3,156.5,151.0,152.0,995025,11187825
2025-11-28 10:48:00+05:30,152.0,155.6,151.3,154.9,487500,11187825
2025-11-28 10:49:00+05:30,154.9,155.05,151.8,153.0,396525,10898325
2025-11-28 10:50:00+05:30,153.0,153.45,148.0,148.75,1016025,10898325
2025-11-28 10:51:00+05:30,148.8,149.8,144.6,148.45,1085100,10535475
2025-11-28 10:52:00+05:30,148.6,152.05,146.8,149.65,694125,10535475
2025-11-28 10:53:00+05:30,149.8,152.3,149.3,151.35,424275,10535475
2025-11-28 10:54:00+05:30,151.1,155.4,151.1,153.0,761475,10535475
2025-11-28 10:55:00+05:30,153.05,153.5,148.6,149.5,456975,10624350
2025-11-28 10:56:00+05:30,149.7,151.95,149.25,150.25,279825,10624350
2025-11-28 10:57:00+05:30,150.5,151.7,146.3,147.65,350025,10624350
2025-11-28 10:58:00+05:30,147.9,148.05,142.65,143.95,948000,10222575
2025-11-28 10:59:00+05:30,144.0,146.55,143.2,145.8,483450,10222575
2025-11-28 11:00:00+05:30,145.5,146.8,142.0,143.25,621375,10222575
2025-11-28 11:01:00+05:30,143.3,152.25,142.45,152.0,826800,10235100
2025-11-28 11:02:00+05:30,152.0,154.5,150.0,151.8,935550,10235100
2025-11-28 11:03:00+05:30,151.9,154.8,151.15,152.55,500625,10372425
2025-11-28 11:04:00+05:30,152.55,153.0,143.3,145.75,837600,10372425
2025-11-28 11:05:00+05:30,145.35,146.85,139.8,140.35,760800,10372425
2025-11-28 11:06:00+05:30,140.3,144.55,139.5,144.0,539175,10372425
2025-11-28 11:07:00+05:30,143.65,146.6,141.2,142.4,427800,10367775
2025-11-28 11:08:00+05:30,142.05,143.3,141.0,142.2,220425,10367775
2025-11-28 11:09:00+05:30,142.45,142.7,138.1,138.4,627150,10367775
2025-11-28 11:10:00+05:30,138.45,142.5,137.0,141.7,660375,10362675
2025-11-28 11:11:00+05:30,141.75,148.4,141.35,144.15,1068000,10362675
2025-11-28 11:12:00+05:30,144.15,146.4,142.85,144.35,454350,10362675
2025-11-28 11:13:00+05:30,144.1,152.0,143.8,151.65,930975,10553700
2025-11-28 11:14:00+05:30,152.0,153.5,149.45,150.7,731775,10553700
2025-11-28 11:15:00+05:30,150.7,154.85,145.65,151.25,1120875,10553700
2025-11-28 11:16:00+05:30,151.25,152.0,148.85,149.15,343125,10658700
2025-11-28 11:17:00+05:30,149.4,149.9,147.5,148.75,286725,10658700
2025-11-28 11:18:00+05:30,148.75,148.75,144.65,147.9,411075,10658700
2025-11-28 11:19:00+05:30,148.0,149.7,145.25,145.3,295650,10667625
2025-11-28 11:20:00+05:30,145.25,148.35,143.1,144.05,528975,10667625
2025-11-28 11:21:00+05:30,144.1,145.0,139.45,139.9,723150,10667625
2025-11-28 11:22:00+05:30,139.9,140.7,137.55,139.1,641475,10502400
2025-11-28 11:23:00+05:30,139.1,139.35,130.6,132.25,1329900,10502400
2025-11-28 11:24:00+05:30,132.2,134.4,130.25,130.8,641175,10502400
2025-11-28 11:25:00+05:30,130.8,133.0,130.05,131.0,551925,10487550
2025-11-28 11:26:00+05:30,131.2,135.5,130.0,134.2,851325,10487550
2025-11-28 11:27:00+05:30,134.1,135.5,130.5,134.0,678900,11025375
2025-11-28 11:28:00+05:30,133.8,133.95,128.75,130.5,678150,11025375
2025-11-28 11:29:00+05:30,130.5,133.0,128.0,131.65,638325,11025375
2025-11-28 11:30:00+05:30,131.65,133.55,130.6,131.6,475275,11025375
2025-11-28 11:31:00+05:30,131.4,135.7,131.0,134.65,731100,11209200
2025-11-28 11:32:00+05:30,134.7,134.85,128.8,131.5,684600,11209200
2025-11-28 11:33:00+05:30,131.15,133.5,130.6,131.55,389250,11209200
2025-11-28 11:34:00+05:30,131.55,133.3,131.2,131.65,281700,11508975
2025-11-28 11:35:00+05:30,131.75,133.45,130.0,132.45,335250,11508975
2025-11-28 11:36:00+05:30,132.6,133.35,128.35,129.3,538800,11508975
2025-11-28 11:37:00+05:30,129.0,132.75,128.9,132.15,429600,11557125
2025-11-28 11:38:00+05:30,131.8,132.05,126.65,130.6,671700,11557125
2025-11-28 11:39:00+05:30,130.6,134.3,130.3,134.15,605625,11729550
2025-11-28 11:40:00+05:30,133.95,134.25,127.0,127.9,701175,11729550
2025-11-28 11:41:00+05:30,128.15,132.4,126.15,131.4,608475,11729550
2025-11-28 11:42:00+05:30,131.2,136.0,131.0,133.8,955500,11729550
2025-11-28 11:43:00+05:30,133.6,136.6,132.45,134.75,801150,11746050
2025-11-28 11:44:00+05:30,134.75,135.85,133.7,134.7,419700,11746050
2025-11-28 11:45:00+05:30,134.7,138.0,133.7,136.85,816075,11746050
2025-11-28 11:46:00+05:30,136.55,139.5,136.45,138.2,904275,11521050
2025-11-28 11:47:00+05:30,138.25,139.0,134.65,138.7,538650,11521050
2025-11-28 11:48:00+05:30,138.9,139.8,135.45,138.35,586350,11521050
2025-11-28 11:49:00+05:30,138.45,140.0,136.65,140.0,503175,11527950
2025-11-28 11:50:00+05:30,139.95,140.4,133.05,133.5,814200,11527950
2025-11-28 11:51:00+05:30,133.5,136.7,131.2,133.65,799800,11527950
2025-11-28 11:52:00+05:30,134.0,137.2,133.25,134.7,297450,11303700
2025-11-28 11:53:00+05:30,134.6,136.0,133.2,135.0,226575,11303700
2025-11-28 11:54:00+05:30,135.2,136.4,132.5,135.5,264000,11303700
2025-11-28 11:55:00+05:30,135.2,135.85,128.0,128.35,635775,11343900
2025-11-28 11:56:00+05:30,128.6,134.75,123.0,133.95,1463775,11343900
2025-11-28 11:57:00+05:30,134.15,137.4,133.5,135.65,751200,11343900
2025-11-28 11:58:00+05:30,135.4,136.25,131.2,132.7,350175,11262825
2025-11-28 11:59:00+05:30,132.7,134.0,127.6,131.6,553950,11262825
2025-11-28 12:00:00+05:30,131.65,133.0,129.3,131.2,297000,11262825
2025-11-28 12:01:00+05:30,131.2,132.6,130.15,131.8,188625,11327775
2025-11-28 12:02:00+05:30,131.85,134.4,129.0,129.35,490950,11327775
2025-11-28 12:03:00+05:30,129.3,132.5,128.2,128.9,326400,11327775
2025-11-28 12:04:00+05:30,129.3,130.2,126.15,127.1,476400,11459625
2025-11-28 12:05:00+05:30,126.9,130.35,125.7,127.5,494400,11459625
2025-11-28 12:06:00+05:30,127.4,129.5,125.0,127.4,462300,11459625
2025-11-28 12:07:00+05:30,127.65,129.5,123.35,125.6,444375,11527725
2025-11-28 12:08:00+05:30,125.5,128.15,124.1,126.85,503400,11527725
2025-11-28 12:09:00+05:30,126.85,126.85,120.6,123.5,1038825,11527725
2025-11-28 12:10:00+05:30,123.5,124.95,121.8,122.25,468225,11535900
2025-11-28 12:11:00+05:30,122.4,126.2,121.1,125.45,467475,11535900
2025-11-28 12:12:00+05:30,125.5,127.75,123.8,124.8,434400,11535900
2025-11-28 12:13:00+05:30,124.8,129.35,124.7,128.35,638850,11700075
2025-11-28 12:14:00+05:30,128.35,129.0,124.5,124.9,367275,11700075
2025-11-28 12:15:00+05:30,125.0,125.7,121.25,123.25,538200,11829750
2025-11-28 12:16:00+05:30,123.5,123.9,118.8,121.0,1027650,11829750
2025-11-28 12:17:00+05:30,121.75,122.8,120.05,120.15,458550,11829750
2025-11-28 12:18:00+05:30,120.4,122.0,119.4,121.5,521550,11829750
2025-11-28 12:19:00+05:30,121.5,123.3,118.5,119.6,577725,12111600
2025-11-28 12:20:00+05:30,119.85,120.95,117.25,120.7,669375,12111600
2025-11-28 12:21:00+05:30,120.8,124.35,119.4,123.75,720525,12438000
2025-11-28 12:22:00+05:30,123.8,124.95,118.55,118.95,582975,12438000
2025-11-28 12:23:00+05:30,119.0,120.35,116.3,118.3,540225,12438000
2025-11-28 12:24:00+05:30,118.1,118.6,114.2,117.95,1282125,12592125
2025-11-28 12:25:00+05:30,117.85,119.5,115.0,118.1,602700,12592125
2025-11-28 12:26:00+05:30,118.15,118.5,115.5,115.95,385200,12592125
2025-11-28 12:27:00+05:30,116.1,117.0,113.15,116.0,743700,12754425
2025-11-28 12:28:00+05:30,115.8,118.6,114.55,118.35,623475,12754425
2025-11-28 12:29:00+05:30,118.35,119.5,116.25,117.2,546000,12754425
2025-11-28 12:30:00+05:30,117.0,120.3,114.95,119.0,839550,12754425
2025-11-28 12:31:00+05:30,119.0,122.7,118.35,122.35,1002825,13103400
2025-11-28 12:32:00+05:30,122.15,126.0,121.4,125.55,1452825,13103400
2025-11-28 12:33:00+05:30,125.5,129.4,125.0,126.25,1728450,13103400
2025-11-28 12:34:00+05:30,126.25,127.05,123.5,125.4,888825,13029000
2025-11-28 12:35:00+05:30,125.5,127.9,125.0,126.05,864675,13029000
2025-11-28 12:36:00+05:30,126.3,127.45,123.7,125.95,538950,12916350
2025-11-28 12:37:00+05:30,125.95,126.7,120.1,123.6,885075,12916350
2025-11-28 12:38:00+05:30,123.65,125.0,121.55,123.95,479475,12916350
2025-11-28 12:39:00+05:30,123.9,125.65,123.1,124.15,422775,12916350
2025-11-28 12:40:00+05:30,124.5,124.5,119.45,121.2,762075,12866775
2025-11-28 12:41:00+05:30,121.35,122.9,119.4,121.7,403125,12866775
2025-11-28 12:42:00+05:30,121.75,123.8,121.0,122.4,319275,12866775
2025-11-28 12:43:00+05:30,122.35,123.4,120.4,121.4,248625,12968400
2025-11-28 12:44:00+05:30,121.7,122.4,120.05,120.45,225450,12968400
2025-11-28 12:45:00+05:30,120.45,121.35,118.35,120.55,475725,12626400
2025-11-28 12:46:00+05:30,120.45,120.9,107.7,108.0,1971225,12626400
2025-11-28 12:47:00+05:30,107.75,109.7,105.0,106.7,2020575,12626400
2025-11-28 12:48:00+05:30,106.8,107.75,104.25,105.1,1382100,12626400
2025-11-28 12:49:00+05:30,105.0,107.4,104.8,107.0,935100,12948225
2025-11-28 12:50:00+05:30,107.0,109.4,105.85,108.5,1031175,12948225
2025-11-28 12:51:00+05:30,108.6,110.4,108.35,109.45,1006800,12948225
2025-11-28 12:52:00+05:30,109.2,110.95,108.65,109.85,662700,13356450
2025-11-28 12:53:00+05:30,109.9,113.65,109.45,113.0,1005975,13356450
2025-11-28 12:54:00+05:30,113.0,113.2,110.0,110.85,555675,13356450
2025-11-28 12:55:00+05:30,110.6,112.65,110.0,111.2,614175,13711425
2025-11-28 12:56:00+05:30,111.3,111.95,109.45,110.05,482925,13711425
2025-11-28 12:57:00+05:30,110.0,112.5,108.0,111.85,853425,13711425
2025-11-28 12:58:00+05:30,111.75,120.0,111.4,118.45,2060775,13690725
2025-11-28 12:59:00+05:30,118.55,119.7,117.6,118.55,1046325,13690725
2025-11-28 13:00:00+05:30,118.4,118.8,115.3,117.85,813825,13690725
2025-11-28 13:01:00+05:30,117.95,118.2,114.2,115.5,711075,13751175
2025-11-28 13:02:00+05:30,115.8,116.45,112.05,113.7,739650,13751175
2025-11-28 13:03:00+05:30,113.95,114.0,110.4,112.0,646650,13751175
2025-11-28 13:04:00+05:30,112.0,117.0,111.55,116.15,724200,13794600
2025-11-28 13:05:00+05:30,116.2,117.5,115.1,115.65,486375,13794600
2025-11-28 13:06:00+05:30,115.9,117.75,115.3,116.65,339000,13794600
2025-11-28 13:07:00+05:30,116.6,116.7,113.15,113.6,432300,13794600
2025-11-28 13:08:00+05:30,113.65,116.95,113.1,115.2,340875,13836900
2025-11-28 13:09:00+05:30,115.45,118.0,113.55,114.05,392175,13836900
2025-11-28 13:10:00+05:30,114.2,115.2,113.1,113.85,275400,13836900
2025-11-28 13:11:00+05:30,114.2,114.5,111.45,112.05,521775,13853475
2025-11-28 13:12:00+05:30,112.35,112.65,110.3,112.6,445050,13853475
2025-11-28 13:13:00+05:30,112.4,114.7,112.35,114.2,405225,13853475
2025-11-28 13:14:00+05:30,114.2,115.65,111.85,112.3,464625,13900050
2025-11-28 13:15:00+05:30,112.25,116.65,112.25,116.25,511500,13900050
2025-11-28 13:16:00+05:30,116.0,117.95,112.75,114.1,834675,13900050
2025-11-28 13:17:00+05:30,113.8,114.05,109.2,110.85,657300,14154150
2025-11-28 13:18:00+05:30,110.65,111.8,108.6,110.4,653850,14154150
2025-11-28 13:19:00+05:30,110.4,110.6,105.45,106.6,1016700,14154150
2025-11-28 13:20:00+05:30,106.75,109.15,105.75,108.5,1051275,13778475
2025-11-28 13:21:00+05:30,108.4,108.85,106.95,108.05,557625,13778475
2025-11-28 13:22:00+05:30,108.05,112.8,107.85,112.3,779850,13778475
2025-11-28 13:23:00+05:30,112.3,119.7,112.0,119.25,2300625,14089425
2025-11-28 13:24:00+05:30,119.4,120.85,117.3,120.05,1375275,14089425
2025-11-28 13:25:00+05:30,120.0,120.1,115.45,117.15,1057650,14089425
2025-11-28 13:26:00+05:30,117.15,117.4,113.0,113.95,1006500,14320050
2025-11-28 13:27:00+05:30,113.8,115.4,113.2,114.25,574875,14320050
2025-11-28 13:28:00+05:30,114.0,118.45,111.45,118.3,1037100,14320050
2025-11-28 13:29:00+05:30,118.15,118.8,115.65,117.65,659025,14471475
2025-11-28 13:30:00+05:30,117.95,123.15,117.45,121.35,2102175,14471475
2025-11-28 13:31:00+05:30,121.3,124.95,120.0,123.7,1550250,14471475
2025-11-28 13:32:00+05:30,123.7,125.0,121.1,121.9,1281600,14510550
2025-11-28 13:33:00+05:30,121.9,123.95,121.4,121.7,575700,14510550
2025-11-28 13:34:00+05:30,121.95,122.45,118.5,119.8,988050,14273325
2025-11-28 13:35:00+05:30,119.95,122.0,118.6,121.6,635550,14273325
2025-11-28 13:36:00+05:30,121.85,122.45,120.25,121.35,380175,14273325
2025-11-28 13:37:00+05:30,121.5,122.5,120.6,121.4,441075,14273325
2025-11-28 13:38:00+05:30,121.4,121.5,115.35,116.6,1370475,14416350
2025-11-28 13:39:00+05:30,116.85,120.25,116.15,118.5,664500,14416350
2025-11-28 13:40:00+05:30,118.45,118.5,116.3,117.2,435075,14059200
2025-11-28 13:41:00+05:30,117.25,117.3,112.6,112.6,871350,14059200
2025-11-28 13:42:00+05:30,112.6,114.45,109.45,112.0,1613250,14059200
2025-11-28 13:43:00+05:30,111.95,112.9,108.1,110.05,869400,14059200
2025-11-28 13:44:00+05:30,110.05,110.95,108.45,108.9,616650,13601775
2025-11-28 13:45:00+05:30,108.8,110.45,106.45,106.85,927375,13601775
2025-11-28 13:46:00+05:30,106.7,107.0,102.0,103.1,2003400,13601775
2025-11-28 13:47:00+05:30,103.1,107.4,102.3,107.35,1160550,13854000
2025-11-28 13:48:00+05:30,107.3,107.8,105.55,106.0,658575,13854000
2025-11-28 13:49:00+05:30,106.0,107.4,103.35,104.65,698175,13854000
2025-11-28 13:50:00+05:30,104.6,106.25,103.35,105.3,637875,14401350
2025-11-28 13:51:00+05:30,105.25,107.95,104.4,105.95,751800,14401350
2025-11-28 13:52:00+05:30,105.75,106.6,96.15,97.1,2649675,14401350
2025-11-28 13:53:00+05:30,97.1,102.8,97.0,102.5,1667100,14628525
2025-11-28 13:54:00+05:30,102.5,107.3,102.0,106.55,1590750,14628525
2025-11-28 13:55:00+05:30,106.55,108.0,105.55,107.2,1485075,14628525
2025-11-28 13:56:00+05:30,107.2,107.8,105.5,106.8,719250,15256650
2025-11-28 13:57:00+05:30,106.7,107.0,101.6,101.75,1077825,15256650
2025-11-28 13:58:00+05:30,101.8,107.0,101.0,105.4,963075,15256650
2025-11-28 13:59:00+05:30,105.35,106.55,104.5,106.15,484350,15132225
2025-11-28 14:00:00+05:30,106.0,109.85,104.85,107.65,964500,15132225
2025-11-28 14:01:00+05:30,107.7,112.65,105.4,112.05,1645725,15216825
2025-11-28 14:02:00+05:30,112.3,112.3,107.8,109.15,1066350,15216825
2025-11-28 14:03:00+05:30,108.9,110.25,104.55,105.15,949050,15216825
2025-11-28 14:04:00+05:30,105.05,107.95,105.0,107.5,462300,15216825
2025-11-28 14:05:00+05:30,107.45,107.65,105.8,107.1,480075,15216975
2025-11-28 14:06:00+05:30,107.3,109.5,105.15,105.4,602625,15216975
2025-11-28 14:07:00+05:30,105.45,106.75,103.95,104.9,738075,15216975
2025-11-28 14:08:00+05:30,104.9,106.0,101.6,105.95,994125,14927175
2025-11-28 14:09:00+05:30,105.9,106.0,102.3,103.9,485475,14927175
2025-11-28 14:10:00+05:30,103.9,105.0,103.4,104.9,403350,15093975
2025-11-28 14:11:00+05:30,104.9,105.65,103.85,104.5,507450,15093975
2025-11-28 14:12:00+05:30,104.25,104.8,103.0,104.25,357975,15093975
2025-11-28 14:13:00+05:30,104.3,104.5,102.35,103.75,354825,15093975
2025-11-28 14:14:00+05:30,103.75,104.2,100.75,101.8,478950,15082575
2025-11-28 14:15:00+05:30,101.85,102.35,97.7,101.2,1589025,15082575
2025-11-28 14:16:00+05:30,101.2,103.0,100.45,101.7,754650,15082575
2025-11-28 14:17:00+05:30,101.75,103.3,99.7,100.8,849225,15139575
2025-11-28 14:18:00+05:30,100.9,102.85,100.0,102.35,436200,15139575
2025-11-28 14:19:00+05:30,102.6,104.5,99.1,102.9,893025,15139575
2025-11-28 14:20:00+05:30,102.9,103.4,98.75,100.05,712350,15239925
2025-11-28 14:21:00+05:30,100.0,101.6,99.4,99.9,448950,15239925
2025-11-28 14:22:00+05:30,99.95,102.0,99.3,100.6,446850,15239925
2025-11-28 14:23:00+05:30,100.5,101.25,98.5,100.0,653700,15488700
2025-11-28 14:24:00+05:30,100.1,102.0,99.3,101.2,516825,15488700
2025-11-28 14:25:00+05:30,101.25,104.5,100.85,102.3,1407825,15488700
2025-11-28 14:26:00+05:30,102.5,104.85,102.05,103.6,818400,15786825
2025-11-28 14:27:00+05:30,103.65,104.0,98.75,100.85,1035300,15786825
2025-11-28 14:28:00+05:30,101.15,103.0,100.2,101.3,463725,15786825
2025-11-28 14:29:00+05:30,101.15,103.95,100.75,103.5,501750,15878175
2025-11-28 14:30:00+05:30,103.4,106.0,100.3,104.35,1261275,15878175
2025-11-28 14:31:00+05:30,104.3,105.95,103.0,104.2,969225,15878175
2025-11-28 14:32:00+05:30,104.15,113.3,103.7,111.3,2718225,16256250
2025-11-28 14:33:00+05:30,111.35,115.0,109.05,111.95,2608725,16256250
2025-11-28 14:34:00+05:30,111.9,111.95,105.35,107.85,1900125,16256250
2025-11-28 14:35:00+05:30,108.1,110.8,106.2,107.15,1265625,16140975
2025-11-28 14:36:00+05:30,107.35,107.8,104.0,107.25,1105725,16140975
2025-11-28 14:37:00+05:30,107.25,112.0,106.75,109.3,1563675,16087950
2025-11-28 14:38:00+05:30,109.5,111.9,108.6,111.0,813375,16087950
2025-11-28 14:39:00+05:30,110.85,111.0,108.0,109.5,654300,16087950
2025-11-28 14:40:00+05:30,109.45,111.65,106.1,106.6,857850,15631650
2025-11-28 14:41:00+05:30,106.6,108.6,103.1,108.3,1305900,15631650
2025-11-28 14:42:00+05:30,108.3,110.25,106.4,108.0,820125,15631650
2025-11-28 14:43:00+05:30,108.0,108.4,106.5,107.5,436425,15631650
2025-11-28 14:44:00+05:30,107.6,108.0,103.65,105.0,1058475,15650475
2025-11-28 14:45:00+05:30,105.35,108.0,104.5,106.2,990075,15650475
2025-11-28 14:46:00+05:30,106.2,108.65,105.5,105.5,776100,15650475
2025-11-28 14:47:00+05:30,105.6,109.05,105.0,107.65,703275,15175875
2025-11-28 14:48:00+05:30,107.65,108.8,106.55,107.9,380400,15175875
2025-11-28 14:49:00+05:30,107.95,108.15,103.75,106.2,676500,15175875
2025-11-28 14:50:00+05:30,105.8,106.15,104.3,104.4,362325,15051450
2025-11-28 14:51:00+05:30,104.55,105.25,101.3,104.55,1098000,15051450
2025-11-28 14:52:00+05:30,104.55,107.45,104.05,106.8,813900,14835525
2025-11-28 14:53:00+05:30,106.75,109.55,106.0,107.35,987300,14835525
2025-11-28 14:54:00+05:30,107.35,108.05,106.0,106.65,480300,14835525
2025-11-28 14:55:00+05:30,107.0,108.7,106.55,108.25,467775,14835525
2025-11-28 14:56:00+05:30,108.3,109.4,106.7,107.0,546675,14875200
2025-11-28 14:57:00+05:30,107.3,109.3,106.75,108.1,539475,14875200
2025-11-28 14:58:00+05:30,108.15,113.85,107.25,112.1,1631025,14875200
2025-11-28 14:59:00+05:30,112.0,112.05,105.65,106.95,1373850,14630175
2025-11-28 15:00:00+05:30,107.2,109.85,102.55,106.1,1735800,14630175
2025-11-28 15:01:00+05:30,106.1,107.35,103.7,104.75,823875,14630175
2025-11-28 15:02:00+05:30,104.75,107.9,104.25,105.95,597225,14255100
2025-11-28 15:03:00+05:30,106.0,110.3,105.0,110.0,946575,14255100
2025-11-28 15:04:00+05:30,110.25,110.5,107.75,110.5,754875,14255100
2025-11-28 15:05:00+05:30,110.5,111.9,109.0,111.75,1087425,13886325
2025-11-28 15:06:00+05:30,111.55,114.0,110.25,112.75,1424325,13886325
2025-11-28 15:07:00+05:30,112.7,112.85,106.55,107.4,1245900,13886325
2025-11-28 15:08:00+05:30,107.3,108.2,104.4,107.35,1132800,13172400
2025-11-28 15:09:00+05:30,107.35,108.25,105.45,107.9,717825,13172400
2025-11-28 15:10:00+05:30,107.85,108.8,107.0,108.8,473250,13172400
2025-11-28 15:11:00+05:30,108.7,109.85,108.0,108.4,594375,12825600
2025-11-28 15:12:00+05:30,108.3,108.8,106.75,107.1,699225,12825600
2025-11-28 15:13:00+05:30,107.25,107.8,104.45,105.35,819975,12825600
2025-11-28 15:14:00+05:30,105.35,106.7,104.55,105.9,598950,12448875
2025-11-28 15:15:00+05:30,105.9,110.5,105.8,108.1,1367925,12448875
2025-11-28 15:16:00+05:30,108.2,109.8,107.1,108.4,736350,11699775
2025-11-28 15:17:00+05:30,108.65,108.9,107.1,107.2,414975,11699775
2025-11-28 15:18:00+05:30,107.3,110.95,106.5,110.1,805725,11699775
2025-11-28 15:19:00+05:30,110.05,112.0,109.1,110.15,1040550,11699775
2025-11-28 15:20:00+05:30,110.1,111.5,109.75,110.8,702900,10951500
2025-11-28 15:21:00+05:30,110.8,113.7,110.0,112.2,1139475,10951500
2025-11-28 15:22:00+05:30,112.15,112.15,110.2,111.45,674475,10951500
2025-11-28 15:23:00+05:30,111.35,111.5,109.45,109.45,629100,10240200
2025-11-28 15:24:00+05:30,109.45,112.0,108.0,112.0,911475,10240200
2025-11-28 15:25:00+05:30,112.0,113.0,110.7,112.8,985575,10240200
2025-11-28 15:26:00+05:30,112.65,113.5,111.4,112.6,605475,9540000
2025-11-28 15:27:00+05:30,112.6,113.05,110.15,112.0,747900,9540000
2025-11-28 15:28:00+05:30,111.95,112.8,111.7,112.8,726075,9540000
2025-11-28 15:29:00+05:30,112.75,114.95,111.4,113.85,1682025,8507250
2025-12-01 09:15:00+05:30,145.5,171.0,142.5,151.35,3002850,8148000
2025-12-01 09:16:00+05:30,151.55,155.95,148.0,153.45,1765125,7775400
2025-12-01 09:17:00+05:30,153.45,156.0,151.4,152.75,1347900,7775400
2025-12-01 09:18:00+05:30,152.85,154.3,150.0,150.6,872325,7775400
2025-12-01 09:19:00+05:30,151.0,152.0,145.0,146.7,1226100,8246025
2025-12-01 09:20:00+05:30,146.7,151.5,144.35,145.25,1033050,8246025
2025-12-01 09:21:00+05:30,145.55,154.0,144.85,149.65,1098975,8246025
2025-12-01 09:22:00+05:30,149.6,156.0,148.0,155.85,1238925,8841600
2025-12-01 09:23:00+05:30,155.55,156.75,145.0,145.7,1252275,8841600
2025-12-01 09:24:00+05:30,145.4,151.5,145.05,150.7,585825,8841600
2025-12-01 09:25:00+05:30,150.4,154.85,148.3,149.0,847725,8926425
2025-12-01 09:26:00+05:30,149.05,149.65,145.0,147.1,735600,8926425
2025-12-01 09:27:00+05:30,147.15,151.9,146.8,148.95,513075,8926425
2025-12-01 09:28:00+05:30,148.9,152.9,147.0,148.5,557175,9189000
2025-12-01 09:29:00+05:30,148.5,151.0,145.3,146.75,426075,9189000
2025-12-01 09:30:00+05:30,146.4,152.0,146.3,150.0,537375,9189000
2025-12-01 09:31:00+05:30,150.0,152.0,145.55,147.0,501450,9226050
2025-12-01 09:32:00+05:30,146.95,149.25,143.05,145.7,603750,9226050
2025-12-01 09:33:00+05:30,145.7,152.4,144.95,152.0,752850,9226050
2025-12-01 09:34:00+05:30,152.0,154.0,150.0,151.8,889875,9305700
2025-12-01 09:35:00+05:30,151.9,153.0,147.0,149.7,583275,9305700
2025-12-01 09:36:00+05:30,149.95,152.4,148.2,150.6,392925,9305700
2025-12-01 09:37:00+05:30,151.0,153.9,150.85,153.45,556200,9551025
2025-12-01 09:38:00+05:30,153.3,156.0,151.9,155.65,1125225,9551025
2025-12-01 09:39:00+05:30,155.3,156.2,154.0,155.55,854025,9258600
2025-12-01 09:40:00+05:30,155.55,159.5,152.5,153.65,1296825,9258600
2025-12-01 09:41:00+05:30,153.7,154.0,150.8,151.9,615075,9258600
2025-12-01 09:42:00+05:30,151.7,152.25,145.15,146.0,1038675,9258600
2025-12-01 09:43:00+05:30,146.15,146.65,136.0,139.3,1722600,9256125
2025-12-01 09:44:00+05:30,138.95,142.35,137.4,142.3,696825,9256125
2025-12-01 09:45:00+05:30,142.25,146.9,138.05,138.3,1051800,9256125
2025-12-01 09:46:00+05:30,138.85,142.15,137.6,141.0,732225,9802950
2025-12-01 09:47:00+05:30,141.0,147.2,141.0,145.35,806175,9802950
2025-12-01 09:48:00+05:30,145.35,148.9,144.6,148.15,655950,9807150
2025-12-01 09:49:00+05:30,148.1,149.85,147.4,148.75,605100,9807150
2025-12-01 09:50:00+05:30,148.5,148.7,140.25,142.4,818100,9807150
2025-12-01 09:51:00+05:30,142.4,142.55,137.0,138.85,700050,9807150
2025-12-01 09:52:00+05:30,138.7,140.85,132.0,135.45,1102200,9875475
2025-12-01 09:53:00+05:30,135.6,136.1,129.15,132.55,881250,9875475
2025-12-01 09:54:00+05:30,132.25,135.0,131.4,134.4,555000,10194150
2025-12-01 09:55:00+05:30,134.55,136.45,132.75,135.4,595650,10194150
2025-12-01 09:56:00+05:30,135.35,135.75,131.55,133.45,385050,10194150
2025-12-01 09:57:00+05:30,133.35,136.2,131.6,135.95,396375,10194150
2025-12-01 09:58:00+05:30,135.8,136.05,132.7,133.1,361125,10039200
2025-12-01 09:59:00+05:30,133.0,134.0,127.0,127.75,958800,10039200
2025-12-01 10:00:00+05:30,127.4,133.5,127.1,132.4,746025,10039200
2025-12-01 10:01:00+05:30,132.35,139.0,131.05,136.45,1176675,10394100
2025-12-01 10:02:00+05:30,136.4,138.95,132.25,136.0,612150,10394100
2025-12-01 10:03:00+05:30,136.0,137.5,132.65,137.4,348975,10394100
2025-12-01 10:04:00+05:30,137.4,139.0,135.5,137.8,530625,10519275
2025-12-01 10:05:00+05:30,137.8,143.0,137.4,141.5,1248825,10519275
2025-12-01 10:06:00+05:30,141.5,141.55,133.55,136.75,651150,10519275
2025-12-01 10:07:00+05:30,136.3,141.3,134.7,140.7,401475,10468650
2025-12-01 10:08:00+05:30,141.1,143.0,139.1,142.75,623400,10468650
2025-12-01 10:09:00+05:30,143.0,143.85,139.55,140.75,456375,10468650
2025-12-01 10:10:00+05:30,140.65,141.1,136.05,140.5,437175,10386450
2025-12-01 10:11:00+05:30,140.1,142.1,138.7,139.6,435975,10386450
2025-12-01 10:12:00+05:30,139.75,141.5,138.0,139.75,224100,10386450
2025-12-01 10:13:00+05:30,139.75,140.75,137.25,137.4,234225,10441575
2025-12-01 10:14:00+05:30,137.3,139.4,137.0,138.75,158250,10441575
2025-12-01 10:15:00+05:30,138.9,141.45,138.0,138.8,376125,10441575
2025-12-01 10:16:00+05:30,138.5,138.65,132.0,134.85,819225,10440750
2025-12-01 10:17:00+05:30,134.55,135.65,132.2,134.0,295950,10440750
2025-12-01 10:18:00+05:30,133.95,134.95,132.0,133.75,304950,10440750
2025-12-01 10:19:00+05:30,133.4,137.95,133.4,136.8,432375,10412250
2025-12-01 10:20:00+05:30,136.75,137.7,134.6,136.95,218475,10412250
2025-12-01 10:21:00+05:30,136.9,137.8,134.2,135.9,229200,10412250
2025-12-01 10:22:00+05:30,135.6,137.0,133.1,136.5,221625,10527075
2025-12-01 10:23:00+05:30,136.15,137.65,134.55,136.05,165225,10527075
2025-12-01 10:24:00+05:30,136.05,136.65,134.5,135.75,119700,10527075
2025-12-01 10:25:00+05:30,135.6,135.65,131.0,133.35,490275,10584000
2025-12-01 10:26:00+05:30,133.1,134.2,131.2,132.7,278625,10584000
2025-12-01 10:27:00+05:30,132.75,134.7,131.3,133.7,213000,10584000
2025-12-01 10:28:00+05:30,134.0,138.75,133.7,138.0,501900,10674600
2025-12-01 10:29:00+05:30,138.15,140.4,137.3,139.95,553350,10674600
2025-12-01 10:30:00+05:30,139.8,142.0,136.75,137.65,591600,10674600
2025-12-01 10:31:00+05:30,137.65,142.0,137.0,141.3,447375,10761600
2025-12-01 10:32:00+05:30,141.0,144.85,140.0,143.0,926325,10761600
2025-12-01 10:33:00+05:30,142.95,145.7,141.6,141.95,732075,10761600
2025-12-01 10:34:00+05:30,142.0,142.0,135.0,136.55,823350,10311675
2025-12-01 10:35:00+05:30,136.6,139.3,135.3,137.0,322950,10311675
2025-12-01 10:36:00+05:30,137.45,138.85,131.2,133.95,727950,10311675
2025-12-01 10:37:00+05:30,134.2,136.6,133.45,134.55,285000,10496325
2025-12-01 10:38:00+05:30,134.45,135.0,124.15,125.1,1183350,10496325
2025-12-01 10:39:00+05:30,124.9,126.7,119.45,120.65,1577625,10473075
2025-12-01 10:40:00+05:30,120.6,125.25,120.0,124.5,1036425,10473075
2025-12-01 10:41:00+05:30,124.5,126.6,123.0,124.5,603225,10473075
2025-12-01 10:42:00+05:30,124.3,125.2,121.95,123.5,451575,10986150
2025-12-01 10:43:00+05:30,123.55,124.4,118.4,120.75,811950,10986150
2025-12-01 10:44:00+05:30,120.7,123.45,120.0,120.6,626850,10986150
2025-12-01 10:45:00+05:30,120.8,121.75,116.45,118.9,882675,10986150
2025-12-01 10:46:00+05:30,118.8,120.55,117.6,118.9,505650,11010375
2025-12-01 10:47:00+05:30,118.8,121.2,117.05,119.45,550575,11010375
2025-12-01 10:48:00+05:30,119.45,120.35,118.0,118.05,312975,11010375
2025-12-01 10:49:00+05:30,118.15,118.55,115.0,117.95,788100,11230500
2025-12-01 10:50:00+05:30,117.9,118.0,115.15,115.45,510675,11230500
2025-12-01 10:51:00+05:30,115.4,115.75,107.4,108.9,2209350,12125025
2025-12-01 10:52:00+05:30,108.8,111.4,108.0,108.75,1112400,12125025
2025-12-01 10:53:00+05:30,108.75,109.95,105.25,107.45,1169550,12125025
2025-12-01 10:54:00+05:30,107.2,107.9,106.05,107.65,763050,12125025
2025-12-01 10:55:00+05:30,107.4,108.95,106.7,107.7,864000,13072575
2025-12-01 10:56:00+05:30,107.55,109.0,106.4,107.4,696600,13072575
2025-12-01 10:57:00+05:30,107.15,108.45,106.0,108.25,522225,13072575
2025-12-01 10:58:00+05:30,108.1,108.5,102.15,107.7,1269375,13706550
2025-12-01 10:59:00+05:30,107.75,110.45,106.3,109.05,1015875,13706550
2025-12-01 11:00:00+05:30,109.1,109.45,106.0,106.45,780000,13706550
2025-12-01 11:01:00+05:30,106.25,107.0,103.65,105.55,937875,14115600
2025-12-01 11:02:00+05:30,105.7,108.5,103.0,103.85,833325,14115600
2025-12-01 11:03:00+05:30,103.85,107.8,102.2,107.5,908850,14115600
2025-12-01 11:04:00+05:30,107.4,109.0,104.6,104.95,935325,14511900
2025-12-01 11:05:00+05:30,104.8,106.3,102.65,105.8,776775,14511900
2025-12-01 11:06:00+05:30,105.6,107.75,104.7,107.75,703800,14511900
2025-12-01 11:07:00+05:30,107.45,108.95,107.0,107.95,854100,14855625
2025-12-01 11:08:00+05:30,108.2,108.2,103.0,104.5,889200,14855625
2025-12-01 11:09:00+05:30,104.7,105.9,100.2,102.5,987150,14855625
2025-12-01 11:10:00+05:30,102.25,107.2,102.2,107.0,902100,15177975
2025-12-01 11:11:00+05:30,106.8,109.3,106.4,107.95,944925,15177975
2025-12-01 11:12:00+05:30,108.0,108.8,107.0,108.1,551850,15177975
2025-12-01 11:13:00+05:30,108.05,112.25,107.0,111.35,1521450,15177075
2025-12-01 11:14:00+05:30,111.65,112.4,110.35,111.85,1235550,15177075
2025-12-01 11:15:00+05:30,111.65,115.75,111.05,115.0,1305075,14853750
2025-12-01 11:16:00+05:30,115.0,116.0,111.4,112.4,1534950,14853750
2025-12-01 11:17:00+05:30,112.3,115.95,108.1,114.8,1540950,14853750
2025-12-01 11:18:00+05:30,114.6,115.75,112.25,112.75,645450,14853750
2025-12-01 11:19:00+05:30,112.55,113.25,109.0,109.15,654075,14708325
2025-12-01 11:20:00+05:30,109.55,112.7,109.15,112.5,530700,14708325
2025-12-01 11:21:00+05:30,112.5,113.2,109.85,111.2,502725,14708325
2025-12-01 11:22:00+05:30,111.45,114.6,110.15,112.95,578925,14959725
2025-12-01 11:23:00+05:30,112.7,113.45,111.75,112.75,431700,14959725
2025-12-01 11:24:00+05:30,112.75,113.75,111.05,113.15,466200,14959725
2025-12-01 11:25:00+05:30,113.4,115.0,111.65,112.4,686325,15138150
2025-12-01 11:26:00+05:30,112.55,113.3,111.6,111.65,314700,15138150
2025-12-01 11:27:00+05:30,111.7,113.5,110.0,113.2,540900,15021675
2025-12-01 11:28:00+05:30,113.4,115.4,112.85,113.75,794850,15021675
2025-12-01 11:29:00+05:30,113.95,114.25,111.4,111.65,361050,15021675
2025-12-01 11:30:00+05:30,111.8,115.4,111.0,114.55,634650,15174150
2025-12-01 11:31:00+05:30,114.35,115.0,111.15,114.45,516000,15174150
2025-12-01 11:32:00+05:30,114.25,116.75,113.95,114.8,962475,15174150
2025-12-01 11:33:00+05:30,114.8,116.2,113.1,115.55,635025,15174150
2025-12-01 11:34:00+05:30,115.7,117.7,114.25,115.3,954150,14754450
2025-12-01 11:35:00+05:30,115.15,116.15,113.0,113.8,591150,14754450
2025-12-01 11:36:00+05:30,113.65,116.0,111.7,114.25,862425,14754450
2025-12-01 11:37:00+05:30,114.2,115.7,113.4,115.2,346275,14893800
2025-12-01 11:38:00+05:30,115.2,118.0,114.05,116.7,665475,14893800
2025-12-01 11:39:00+05:30,116.7,117.3,115.6,116.45,526800,14893800
2025-12-01 11:40:00+05:30,116.45,119.0,116.0,118.25,777150,14663025
2025-12-01 11:41:00+05:30,118.25,118.75,102.9,103.75,2499600,14663025
2025-12-01 11:42:00+05:30,103.75,107.5,89.0,90.0,3723525,14663025
2025-12-01 11:43:00+05:30,90.0,92.3,84.65,85.45,3253275,14096400
2025-12-01 11:44:00+05:30,85.4,87.9,82.95,84.3,2534025,14096400
2025-12-01 11:45:00+05:30,84.3,85.75,80.0,82.6,4084050,16134150
2025-12-01 11:46:00+05:30,82.75,83.25,70.95,71.3,5015250,16134150
2025-12-01 11:47:00+05:30,71.25,74.0,68.6,69.45,4044825,16134150
2025-12-01 11:48:00+05:30,69.5,76.25,68.65,75.8,4263825,19056525
2025-12-01 11:49:00+05:30,75.75,76.95,74.2,74.6,3139200,19056525
2025-12-01 11:50:00+05:30,74.5,74.6,70.95,72.55,2398500,19056525
2025-12-01 11:51:00+05:30,72.55,76.3,71.75,76.0,2316675,19056525
2025-12-01 11:52:00+05:30,76.0,78.0,75.05,75.5,2449200,20107650
2025-12-01 11:53:00+05:30,75.3,77.7,75.0,77.1,1631250,20107650
2025-12-01 11:54:00+05:30,77.1,79.0,76.4,76.75,2354025,20107650
2025-12-01 11:55:00+05:30,76.95,80.4,75.85,80.05,1819950,20406300
2025-12-01 11:56:00+05:30,80.25,81.25,79.4,80.45,2573400,20406300
2025-12-01 11:57:00+05:30,80.25,84.8,79.75,83.95,2415300,20406300
2025-12-01 11:58:00+05:30,83.75,84.8,82.35,82.95,1871775,20024400
2025-12-01 11:59:00+05:30,82.95,87.4,81.8,83.35,2069625,20024400
2025-12-01 12:00:00+05:30,83.6,85.15,82.15,82.35,1670250,19888275
2025-12-01 12:01:00+05:30,82.55,83.45,79.7,82.55,1680975,19888275
2025-12-01 12:02:00+05:30,82.4,84.8,80.0,80.7,1511625,19888275
2025-12-01 12:03:00+05:30,80.95,81.05,76.05,78.05,2101575,19888275
2025-12-01 12:04:00+05:30,78.05,78.8,74.7,75.45,1801275,19731750
2025-12-01 12:05:00+05:30,75.4,75.95,70.2,73.05,2550825,19731750
2025-12-01 12:06:00+05:30,73.2,74.0,71.15,73.0,1555050,19731750
2025-12-01 12:07:00+05:30,72.8,74.0,70.0,70.7,1729050,20603400
2025-12-01 12:08:00+05:30,70.85,72.85,70.65,71.1,1253625,20603400
2025-12-01 12:09:00+05:30,71.1,73.2,64.25,64.8,3471825,21250875
2025-12-01 12:10:00+05:30,64.8,66.5,62.3,65.0,4061925,21250875
2025-12-01 12:11:00+05:30,64.85,69.8,64.85,69.75,2850300,21250875
2025-12-01 12:12:00+05:30,69.8,70.25,67.2,68.0,1904325,21250875
2025-12-01 12:13:00+05:30,68.0,69.35,66.8,67.4,1329750,22603500
2025-12-01 12:14:00+05:30,67.25,69.15,67.0,67.35,891825,22603500
2025-12-01 12:15:00+05:30,67.4,67.8,65.2,66.8,1719825,22603500
2025-12-01 12:16:00+05:30,66.8,66.95,64.15,64.85,1734975,23175150
2025-12-01 12:17:00+05:30,64.85,67.35,63.6,66.7,1825725,23175150
2025-12-01 12:18:00+05:30,66.5,67.6,64.3,64.5,1493400,23175150
2025-12-01 12:19:00+05:30,64.5,66.15,64.3,65.15,1079025,23896425
2025-12-01 12:20:00+05:30,65.1,65.8,59.0,63.65,3302700,23896425
2025-12-01 12:21:00+05:30,63.55,66.0,62.9,65.0,1718550,23896425
2025-12-01 12:22:00+05:30,65.1,66.0,63.2,63.75,1470825,24365775
2025-12-01 12:23:00+05:30,63.85,66.75,63.6,65.65,1796775,24365775
2025-12-01 12:24:00+05:30,65.55,69.5,65.15,68.3,2439375,24365775
2025-12-01 12:25:00+05:30,68.35,70.15,67.75,69.1,2627550,24939225
2025-12-01 12:26:00+05:30,69.1,69.75,67.65,68.65,1298550,24939225
2025-12-01 12:27:00+05:30,68.6,69.2,67.45,68.05,1116825,24939225
2025-12-01 12:28:00+05:30,68.0,69.85,66.65,69.8,1283175,24898950
2025-12-01 12:29:00+05:30,69.6,70.3,68.05,68.35,1321800,24898950
2025-12-01 12:30:00+05:30,68.35,68.75,64.65,64.65,1856775,24898950
2025-12-01 12:31:00+05:30,64.8,65.9,62.65,63.2,2238750,24898950
2025-12-01 12:32:00+05:30,63.2,64.2,60.45,60.6,1844250,25241475
2025-12-01 12:33:00+05:30,60.65,61.1,56.2,57.25,4007700,25241475
2025-12-01 12:34:00+05:30,57.4,59.9,57.35,59.3,1647375,25241475
2025-12-01 12:35:00+05:30,59.45,62.5,59.0,59.85,2357400,25439175
2025-12-01 12:36:00+05:30,60.0,60.95,58.45,60.55,1359900,25439175
2025-12-01 12:37:00+05:30,60.55,61.2,59.0,59.55,1286700,25439175
2025-12-01 12:38:00+05:30,59.7,60.1,58.0,58.6,1243875,26445900
2025-12-01 12:39:00+05:30,58.75,60.75,58.4,60.4,1118250,26445900
2025-12-01 12:40:00+05:30,60.45,61.8,60.25,60.6,1408800,26988000
2025-12-01 12:41:00+05:30,60.6,61.9,59.8,60.45,1552125,26988000
2025-12-01 12:42:00+05:30,60.55,61.35,58.5,58.8,1247850,26988000
2025-12-01 12:43:00+05:30,58.6,59.0,52.8,58.3,4016700,26988000
2025-12-01 12:44:00+05:30,58.3,61.45,58.3,61.15,1948125,27666825
2025-12-01 12:45:00+05:30,61.05,62.4,59.7,61.05,1653600,27666825
2025-12-01 12:46:00+05:30,61.05,62.25,59.15,59.6,1428000,27666825
2025-12-01 12:47:00+05:30,59.55,62.6,59.45,62.15,1218150,27941850
2025-12-01 12:48:00+05:30,62.15,63.9,58.55,59.2,2277675,27941850
2025-12-01 12:49:00+05:30,59.05,60.15,57.55,60.05,1149375,27941850
2025-12-01 12:50:00+05:30,60.05,60.35,57.75,59.75,1061400,27927900
2025-12-01 12:51:00+05:30,59.7,61.65,58.9,61.1,1227300,27927900
2025-12-01 12:52:00+05:30,61.15,63.25,61.05,62.5,1872000,27927900
2025-12-01 12:53:00+05:30,62.5,65.25,62.25,63.1,2449875,28573875
2025-12-01 12:54:00+05:30,63.35,64.4,62.55,63.75,1170900,28573875
2025-12-01 12:55:00+05:30,63.9,64.4,61.7,62.95,1796550,28573875
2025-12-01 12:56:00+05:30,62.95,63.3,62.3,63.25,758250,28584525
2025-12-01 12:57:00+05:30,63.15,65.0,62.4,63.8,1297425,28584525
2025-12-01 12:58:00+05:30,63.8,66.7,63.0,65.95,2707050,28629975
2025-12-01 12:59:00+05:30,65.85,67.35,64.6,65.65,2382900,28629975
2025-12-01 13:00:00+05:30,65.35,66.0,62.0,64.5,2343825,28629975
2025-12-01 13:01:00+05:30,64.65,66.65,63.25,66.25,1212300,28629975
2025-12-01 13:02:00+05:30,66.2,66.75,64.5,65.95,1318575,28763025
2025-12-01 13:03:00+05:30,65.75,65.9,62.6,64.25,1365525,28763025
2025-12-01 13:04:00+05:30,64.4,65.9,63.5,65.75,786525,28861050
2025-12-01 13:05:00+05:30,65.7,66.2,64.3,64.75,1216275,28861050
2025-12-01 13:06:00+05:30,64.95,65.8,63.1,63.95,1004475,28861050
2025-12-01 13:07:00+05:30,64.1,65.8,63.15,63.15,1050975,28861050
2025-12-01 13:08:00+05:30,63.3,66.65,62.55,65.2,1470375,28968000
2025-12-01 13:09:00+05:30,65.3,65.7,62.75,63.55,883725,28968000
2025-12-01 13:10:00+05:30,63.55,64.25,60.1,62.2,1503600,28968000
2025-12-01 13:11:00+05:30,62.0,63.2,61.4,62.75,930675,28926150
2025-12-01 13:12:00+05:30,62.9,65.6,62.65,65.0,1438425,28926150
2025-12-01 13:13:00+05:30,64.9,67.8,64.25,67.3,1663800,28926150
2025-12-01 13:14:00+05:30,67.35,69.25,65.85,68.6,2696625,29148150
2025-12-01 13:15:00+05:30,68.6,70.45,67.0,69.15,2687775,29148150
2025-12-01 13:16:00+05:30,69.15,69.15,66.3,67.6,2079975,29148150
2025-12-01 13:17:00+05:30,67.55,72.0,67.15,70.6,2353875,29444400
2025-12-01 13:18:00+05:30,70.6,73.3,69.65,71.45,3303075,29444400
2025-12-01 13:19:00+05:30,71.4,72.45,70.5,71.75,1957500,29444400
2025-12-01 13:20:00+05:30,71.7,71.9,68.05,69.8,2461125,29283750
2025-12-01 13:21:00+05:30,69.8,70.15,63.8,64.95,3698700,29283750
2025-12-01 13:22:00+05:30,64.9,65.3,61.85,61.9,2563575,28890675
2025-12-01 13:23:00+05:30,61.9,64.3,59.3,61.05,3131025,28890675
2025-12-01 13:24:00+05:30,61.05,61.65,58.5,60.2,2211900,28890675
2025-12-01 13:25:00+05:30,60.2,60.7,58.5,59.6,1391625,28890675
2025-12-01 13:26:00+05:30,59.45,60.95,58.95,60.25,1218750,29107200
2025-12-01 13:27:00+05:30,60.15,61.25,59.05,60.05,1205325,29107200
2025-12-01 13:28:00+05:30,60.05,61.6,59.95,61.25,1073325,29107200
2025-12-01 13:29:00+05:30,61.15,62.0,59.15,59.65,1200375,29629725
2025-12-01 13:30:00+05:30,59.65,60.25,56.1,58.85,2806350,29629725
2025-12-01 13:31:00+05:30,58.9,62.6,58.7,62.25,1759125,29450700
2025-12-01 13:32:00+05:30,62.25,63.85,61.35,62.45,2360100,29450700
2025-12-01 13:33:00+05:30,62.45,64.3,59.5,59.55,1741650,29450700
2025-12-01 13:34:00+05:30,59.7,59.75,55.65,57.55,2954325,29450700
2025-12-01 13:35:00+05:30,57.5,62.9,57.4,62.0,2094000,29319225
2025-12-01 13:36:00+05:30,62.0,64.2,60.6,63.8,1950825,29319225
2025-12-01 13:37:00+05:30,63.75,67.7,63.4,67.4,3609225,29421525
2025-12-01 13:38:00+05:30,67.25,68.6,66.25,67.35,2248800,29421525
2025-12-01 13:39:00+05:30,67.35,67.8,65.55,65.85,1388850,29421525
2025-12-01 13:40:00+05:30,65.8,69.8,65.55,67.2,1844100,29421525
2025-12-01 13:41:00+05:30,67.25,67.45,64.65,66.4,1761825,29329650
2025-12-01 13:42:00+05:30,66.35,69.2,65.5,69.0,1391175,29329650
2025-12-01 13:43:00+05:30,68.85,74.5,68.4,71.75,4373625,29059125
2025-12-01 13:44:00+05:30,71.85,72.2,69.0,69.4,2582775,29059125
2025-12-01 13:45:00+05:30,69.4,70.7,68.2,69.05,1959825,29059125
2025-12-01 13:46:00+05:30,69.25,69.45,63.45,64.7,3148875,29059125
2025-12-01 13:47:00+05:30,64.8,66.4,64.45,65.4,1437000,29009025
2025-12-01 13:48:00+05:30,65.3,69.6,64.85,68.5,1866075,29009025
2025-12-01 13:49:00+05:30,68.4,72.2,68.4,71.6,2304225,29009025
2025-12-01 13:50:00+05:30,71.45,72.4,69.15,70.55,2097375,29381400
2025-12-01 13:51:00+05:30,70.4,70.85,68.0,70.45,1539225,29381400
2025-12-01 13:52:00+05:30,70.5,73.7,70.2,72.2,2092050,29381400
2025-12-01 13:53:00+05:30,72.2,72.35,68.15,69.55,1756800,29147550
2025-12-01 13:54:00+05:30,69.55,70.4,67.85,69.5,1111275,29147550
2025-12-01 13:55:00+05:30,69.15,69.4,63.6,64.25,2921850,28745400
2025-12-01 13:56:00+05:30,64.45,67.15,62.85,66.95,1816500,28745400
2025-12-01 13:57:00+05:30,66.9,69.35,64.55,65.0,1607400,28745400
2025-12-01 13:58:00+05:30,65.0,65.2,61.55,62.35,2134275,28745400
2025-12-01 13:59:00+05:30,62.35,65.25,62.3,64.2,1291275,28857075
2025-12-01 14:00:00+05:30,64.25,66.8,63.85,65.0,1274850,28857075
2025-12-01 14:01:00+05:30,64.95,75.0,64.95,75.0,4501350,28852275
2025-12-01 14:02:00+05:30,75.0,76.0,72.25,74.1,5025000,28852275
2025-12-01 14:03:00+05:30,74.1,77.2,73.35,75.5,4179450,28852275
2025-12-01 14:04:00+05:30,75.7,78.0,74.7,77.5,3757425,28101450
2025-12-01 14:05:00+05:30,77.5,83.0,76.35,81.3,6468300,28101450
2025-12-01 14:06:00+05:30,81.3,81.8,74.3,75.35,5166975,28101450
2025-12-01 14:07:00+05:30,75.5,78.3,74.7,77.15,2226525,28101450
2025-12-01 14:08:00+05:30,77.15,77.55,75.0,75.9,1300125,26968875
2025-12-01 14:09:00+05:30,75.8,76.25,72.0,73.85,2537250,26968875
2025-12-01 14:10:00+05:30,73.85,74.95,70.6,70.6,1923750,26379300
2025-12-01 14:11:00+05:30,70.7,73.4,69.45,72.9,3149625,26379300
2025-12-01 14:12:00+05:30,72.9,74.5,71.5,73.5,1764300,26379300
2025-12-01 14:13:00+05:30,73.45,75.6,73.1,75.45,1980600,26379300
2025-12-01 14:14:00+05:30,75.5,78.2,75.45,77.65,2354775,26918850
2025-12-01 14:15:00+05:30,77.65,79.35,72.55,72.75,2730000,26918850
2025-12-01 14:16:00+05:30,72.75,73.3,70.75,71.25,1946250,26918850
2025-12-01 14:17:00+05:30,71.35,75.0,71.3,74.85,1199250,26751225
2025-12-01 14:18:00+05:30,75.0,77.0,72.4,73.0,1580100,26751225
2025-12-01 14:19:00+05:30,72.85,74.45,71.35,74.15,1226850,26751225
2025-12-01 14:20:00+05:30,74.15,74.95,71.35,71.55,1052625,26755350
2025-12-01 14:21:00+05:30,71.55,75.85,71.05,73.95,1575525,26755350
2025-12-01 14:22:00+05:30,73.75,75.0,72.5,72.75,816000,26755350
2025-12-01 14:23:00+05:30,72.75,73.0,67.2,70.35,3825450,26475375
2025-12-01 14:24:00+05:30,70.3,71.7,68.05,70.85,1627950,26475375
2025-12-01 14:25:00+05:30,70.85,73.75,69.2,70.3,1833225,26475375
2025-12-01 14:26:00+05:30,70.3,72.9,68.2,71.7,1166925,26558925
2025-12-01 14:27:00+05:30,71.7,73.0,68.0,69.6,1454925,26558925
2025-12-01 14:28:00+05:30,69.55,74.9,68.75,74.8,1457475,26558925
2025-12-01 14:29:00+05:30,74.65,77.0,71.55,71.8,2683350,26454225
2025-12-01 14:30:00+05:30,71.6,72.5,68.4,68.9,2529225,26454225
2025-12-01 14:31:00+05:30,68.75,71.35,67.55,68.35,1594350,26454225
2025-12-01 14:32:00+05:30,68.3,68.6,60.55,60.75,4510800,26240775
2025-12-01 14:33:00+05:30,60.75,66.0,60.65,64.75,3290025,26240775
2025-12-01 14:34:00+05:30,64.85,67.1,61.0,66.7,2847750,26240775
2025-12-01 14:35:00+05:30,66.55,68.0,65.45,65.9,2043975,25503900
2025-12-01 14:36:00+05:30,65.85,67.55,64.2,65.4,1335750,25503900
2025-12-01 14:37:00+05:30,65.55,67.55,61.5,63.4,1770450,25503900
2025-12-01 14:38:00+05:30,63.45,64.75,60.75,62.1,1930275,25484925
2025-12-01 14:39:00+05:30,62.1,63.15,59.3,60.9,2121450,25484925
2025-12-01 14:40:00+05:30,60.9,61.65,58.55,60.7,2166750,25484925
2025-12-01 14:41:00+05:30,60.75,61.55,58.65,60.05,1735500,25838925
2025-12-01 14:42:00+05:30,60.05,63.0,59.6,61.6,1826250,25838925
2025-12-01 14:43:00+05:30,61.5,62.25,58.55,59.3,1511550,25838925
2025-12-01 14:44:00+05:30,59.4,60.15,54.75,55.3,4661325,25809000
2025-12-01 14:45:00+05:30,55.3,58.4,53.8,57.85,3249000,25809000
2025-12-01 14:46:00+05:30,57.8,58.5,54.6,57.0,1777875,26123775
2025-12-01 14:47:00+05:30,56.85,57.2,54.2,55.85,1365900,26123775
2025-12-01 14:48:00+05:30,55.75,57.5,54.6,55.05,1523700,26123775
2025-12-01 14:49:00+05:30,55.0,57.85,54.4,57.0,1247850,26462250
2025-12-01 14:50:00+05:30,57.15,57.85,50.45,54.2,3622950,26462250
2025-12-01 14:51:00+05:30,54.2,55.3,47.9,48.45,3757125,26462250
2025-12-01 14:52:00+05:30,48.45,49.7,46.45,47.95,4541850,26462250
2025-12-01 14:53:00+05:30,47.85,49.8,47.25,48.25,2829600,26741175
2025-12-01 14:54:00+05:30,48.25,49.15,47.2,48.1,1962975,26741175
2025-12-01 14:55:00+05:30,48.0,49.5,43.65,46.35,4291275,26741175
2025-12-01 14:56:00+05:30,46.45,48.7,44.7,47.85,3710475,26686800
2025-12-01 14:57:00+05:30,47.8,48.8,47.45,47.65,2085225,26686800
2025-12-01 14:58:00+05:30,47.65,49.9,46.2,47.6,2546700,26686800
2025-12-01 14:59:00+05:30,47.65,48.9,44.8,46.7,2184750,27129525
2025-12-01 15:00:00+05:30,46.7,49.6,45.15,47.15,2272650,27129525
2025-12-01 15:01:00+05:30,47.15,50.35,46.25,49.5,3490050,27235950
2025-12-01 15:02:00+05:30,49.4,55.95,48.5,55.7,5312700,27235950
2025-12-01 15:03:00+05:30,55.55,55.7,53.0,54.55,3789675,27235950
2025-12-01 15:04:00+05:30,54.5,57.7,54.1,56.95,3949125,27235950
2025-12-01 15:05:00+05:30,56.85,58.0,55.5,56.45,3653475,26626350
2025-12-01 15:06:00+05:30,56.45,56.8,52.75,54.45,3871050,26626350
2025-12-01 15:07:00+05:30,54.45,55.9,54.0,55.0,1635000,26626350
2025-12-01 15:08:00+05:30,55.2,59.0,55.05,56.9,4068600,25991175
2025-12-01 15:09:00+05:30,56.95,57.65,56.0,57.1,1762275,25991175
2025-12-01 15:10:00+05:30,57.25,59.85,56.25,59.45,3218625,25314225
2025-12-01 15:11:00+05:30,59.6,61.0,58.75,59.75,3141825,25314225
2025-12-01 15:12:00+05:30,59.6,61.4,58.7,59.5,2841075,25314225
2025-12-01 15:13:00+05:30,59.6,60.1,55.6,57.7,3352950,25314225
2025-12-01 15:14:00+05:30,57.8,59.0,54.25,58.7,3308025,24058575
2025-12-01 15:15:00+05:30,58.7,59.85,56.35,56.8,2028375,24058575
2025-12-01 15:16:00+05:30,56.8,57.45,55.15,56.75,1432950,24058575
2025-12-01 15:17:00+05:30,56.65,58.4,56.25,57.1,1581525,23359275
2025-12-01 15:18:00+05:30,57.1,57.9,55.95,55.95,1460550,23359275
2025-12-01 15:19:00+05:30,55.95,57.4,55.55,56.25,1377225,23359275
2025-12-01 15:20:00+05:30,56.25,57.85,55.65,56.25,1927800,22312725
2025-12-01 15:21:00+05:30,56.15,58.65,56.15,57.2,2242500,22312725
2025-12-01 15:22:00+05:30,57.25,57.7,52.85,53.0,2775300,22312725
2025-12-01 15:23:00+05:30,52.85,55.0,52.55,55.0,1815075,20922525
2025-12-01 15:24:00+05:30,55.0,56.4,54.5,56.0,2059500,20922525
2025-12-01 15:25:00+05:30,56.0,56.7,54.6,55.3,2082825,20922525
2025-12-01 15:26:00+05:30,55.3,55.9,54.5,55.6,1166250,19229025
2025-12-01 15:27:00+05:30,55.6,56.0,53.55,54.7,1852725,19229025
2025-12-01 15:28:00+05:30,54.65,55.15,53.55,54.25,2254350,16850700
2025-12-01 15:29:00+05:30,54.2,54.45,53.0,53.25,3084375,16850700
2025-12-02 09:15:00+05:30,33.0,33.3,20.65,21.2,9250950,17748150
2025-12-02 09:16:00+05:30,21.2,26.7,20.6,24.4,8132925,17748150
2025-12-02 09:17:00+05:30,24.3,26.25,23.5,25.45,5261850,17748150
2025-12-02 09:18:00+05:30,25.45,33.0,24.35,29.7,8595000,21333750
2025-12-02 09:19:00+05:30,29.6,36.0,28.6,29.85,7710900,21333750
2025-12-02 09:20:00+05:30,29.85,34.0,28.4,32.55,6327300,21333750
2025-12-02 09:21:00+05:30,32.5,33.4,27.65,32.6,5870325,21333750
2025-12-02 09:22:00+05:30,32.6,34.8,29.45,32.35,4704825,23157750
2025-12-02 09:23:00+05:30,32.35,36.5,30.05,33.45,5899650,23157750
2025-12-02 09:24:00+05:30,33.45,34.3,30.65,31.55,4686225,22828275
2025-12-02 09:25:00+05:30,31.55,33.5,29.8,31.25,4328550,22828275
2025-12-02 09:26:00+05:30,31.35,33.65,28.9,33.35,4408575,22828275
2025-12-02 09:27:00+05:30,33.35,34.95,30.55,32.95,3817200,23753700
2025-12-02 09:28:00+05:30,32.95,34.15,31.0,31.15,3243375,23753700
2025-12-02 09:29:00+05:30,31.2,31.2,25.6,26.15,6802650,23753700
2025-12-02 09:30:00+05:30,26.1,27.5,22.0,22.0,6937200,25526250
2025-12-02 09:31:00+05:30,22.0,22.95,21.1,21.25,6301575,25526250
2025-12-02 09:32:00+05:30,21.25,27.05,21.2,26.0,7437075,25526250
2025-12-02 09:33:00+05:30,26.0,26.75,22.3,22.75,4687650,27374025
2025-12-02 09:34:00+05:30,22.75,23.35,20.5,20.85,3960375,27374025
2025-12-02 09:35:00+05:30,20.85,22.9,20.8,21.2,3128475,27374025
2025-12-02 09:36:00+05:30,21.3,22.3,19.35,21.5,4676250,28347075
2025-12-02 09:37:00+05:30,21.5,23.0,21.45,22.15,3514875,28347075
2025-12-02 09:38:00+05:30,22.05,22.7,19.1,19.3,4026450,28347075
2025-12-02 09:39:00+05:30,19.3,21.2,19.25,20.25,2468925,28347075
2025-12-02 09:40:00+05:30,20.25,21.45,18.25,18.4,3585600,29911575
2025-12-02 09:41:00+05:30,18.3,19.1,16.5,17.15,6469950,29911575
2025-12-02 09:42:00+05:30,17.1,17.75,15.55,15.6,5228625,31008450
2025-12-02 09:43:00+05:30,15.6,16.85,15.6,16.4,3734550,31008450
2025-12-02 09:44:00+05:30,16.35,16.7,14.3,14.35,6570000,31008450
2025-12-02 09:45:00+05:30,14.35,15.6,14.15,14.9,4838325,31008450
2025-12-02 09:46:00+05:30,14.9,15.35,14.5,15.05,2616450,32064300
2025-12-02 09:47:00+05:30,15.05,16.15,14.9,15.6,3084975,32064300
2025-12-02 09:48:00+05:30,15.6,15.95,13.1,13.45,5073150,32064300
2025-12-02 09:49:00+05:30,13.45,14.0,12.25,12.65,5218275,32948250
2025-12-02 09:50:00+05:30,12.65,13.25,12.55,12.8,3583725,32948250
2025-12-02 09:51:00+05:30,12.75,13.4,12.35,12.7,2385750,33514800
2025-12-02 09:52:00+05:30,12.7,12.9,12.2,12.8,2666100,33514800
2025-12-02 09:53:00+05:30,12.8,13.25,12.15,12.45,2748825,33514800
2025-12-02 09:54:00+05:30,12.4,13.35,12.35,12.95,2526900,34656825
2025-12-02 09:55:00+05:30,12.9,14.2,12.5,13.9,3175350,34656825
2025-12-02 09:56:00+05:30,13.85,14.15,13.15,13.25,2541975,34656825
2025-12-02 09:57:00+05:30,13.2,14.1,13.2,13.6,1779300,34656825
2025-12-02 09:58:00+05:30,13.55,13.95,12.95,13.05,1849725,34678875
2025-12-02 09:59:00+05:30,13.05,13.6,11.9,12.75,2975400,34678875
2025-12-02 10:00:00+05:30,12.7,13.15,12.15,13.0,2395275,34413075
2025-12-02 10:01:00+05:30,13.05,14.05,12.85,13.4,2326425,34413075
2025-12-02 10:02:00+05:30,13.4,13.65,12.75,12.95,1443825,34413075
2025-12-02 10:03:00+05:30,12.9,13.2,12.15,13.15,2071125,34413075
2025-12-02 10:04:00+05:30,13.15,14.35,13.0,14.15,2953200,34337175
2025-12-02 10:05:00+05:30,14.15,14.7,13.65,13.9,3269775,34337175
2025-12-02 10:06:00+05:30,13.9,13.95,13.0,13.5,1630650,34337175
2025-12-02 10:07:00+05:30,13.5,13.7,12.2,12.75,2069400,34872750
2025-12-02 10:08:00+05:30,12.7,13.25,12.2,12.8,1850250,34872750
2025-12-02 10:09:00+05:30,12.75,13.3,12.75,12.85,1177800,35303025
2025-12-02 10:10:00+05:30,12.8,12.9,10.8,11.05,5397675,35303025
2025-12-02 10:11:00+05:30,11.0,11.15,10.15,10.25,4710150,35303025
2025-12-02 10:12:00+05:30,10.2,10.6,9.95,10.25,3379050,35303025
2025-12-02 10:13:00+05:30,10.2,10.75,10.2,10.7,2848800,35814600
2025-12-02 10:14:00+05:30,10.65,10.9,10.3,10.4,2201475,35814600
2025-12-02 10:15:00+05:30,10.4,10.55,10.0,10.2,2624550,35814600
2025-12-02 10:16:00+05:30,10.2,10.7,10.05,10.25,2442750,36242925
2025-12-02 10:17:00+05:30,10.25,10.3,9.05,9.1,4561125,36242925
2025-12-02 10:18:00+05:30,9.05,9.95,8.95,9.8,2901900,36242925
2025-12-02 10:19:00+05:30,9.75,10.7,9.7,10.6,2384550,35946750
2025-12-02 10:20:00+05:30,10.55,11.3,10.4,10.85,3568425,35946750
2025-12-02 10:21:00+05:30,10.8,11.25,10.1,10.65,2773725,35946750
2025-12-02 10:22:00+05:30,10.6,11.75,10.5,11.7,1922400,36203475
2025-12-02 10:23:00+05:30,11.65,11.75,10.6,10.6,2510100,36203475
2025-12-02 10:24:00+05:30,10.55,11.05,10.4,11.05,1605300,36203475
2025-12-02 10:25:00+05:30,11.0,11.55,10.75,11.2,1720275,36502200
2025-12-02 10:26:00+05:30,11.2,11.35,10.4,11.2,1537050,36502200
2025-12-02 10:27:00+05:30,11.2,11.35,10.9,11.15,1042125,36502200
2025-12-02 10:28:00+05:30,11.15,11.35,10.6,11.1,1139250,36525975
2025-12-02 10:29:00+05:30,11.05,12.5,10.95,12.0,3072900,36525975
2025-12-02 10:30:00+05:30,11.95,12.15,11.3,11.35,2390475,36525975
2025-12-02 10:31:00+05:30,11.35,12.5,10.85,12.2,2910000,36500550
2025-12-02 10:32:00+05:30,12.25,12.85,11.3,11.35,3272850,36500550
2025-12-02 10:33:00+05:30,11.35,11.95,10.7,11.9,2384925,36500550
2025-12-02 10:34:00+05:30,11.85,12.6,11.75,12.4,2425725,36661275
2025-12-02 10:35:00+05:30,12.35,13.35,11.5,12.45,3303450,36661275
2025-12-02 10:36:00+05:30,12.4,12.8,11.85,11.9,1903875,36661275
2025-12-02 10:37:00+05:30,11.85,11.9,10.85,11.6,2776425,36745575
2025-12-02 10:38:00+05:30,11.6,11.95,11.1,11.45,1569300,36745575
2025-12-02 10:39:00+05:30,11.4,11.85,11.15,11.3,920325,36745575
2025-12-02 10:40:00+05:30,11.3,12.65,11.25,11.8,2419875,36507375
2025-12-02 10:41:00+05:30,11.75,12.95,11.7,12.4,2699550,36507375
2025-12-02 10:42:00+05:30,12.35,13.9,11.15,11.4,4961025,36604500
2025-12-02 10:43:00+05:30,11.35,11.8,10.05,10.05,3672450,36604500
2025-12-02 10:44:00+05:30,10.0,10.3,8.95,9.4,4808700,36604500
2025-12-02 10:45:00+05:30,9.35,9.9,8.9,9.55,2652375,36604500
2025-12-02 10:46:00+05:30,9.65,9.65,8.45,8.5,3611850,36442425
2025-12-02 10:47:00+05:30,8.5,8.9,8.3,8.7,3886800,36442425
2025-12-02 10:48:00+05:30,8.65,9.15,8.5,9.05,1878975,36442425
2025-12-02 10:49:00+05:30,9.05,9.5,8.95,9.3,1769025,36080625
2025-12-02 10:50:00+05:30,9.25,11.55,9.1,11.3,3881250,36080625
2025-12-02 10:51:00+05:30,11.25,12.2,10.85,11.85,4838475,36080625
2025-12-02 10:52:00+05:30,11.85,12.8,11.5,11.55,4351725,37072575
2025-12-02 10:53:00+05:30,11.55,12.2,11.1,11.45,2745675,37072575
2025-12-02 10:54:00+05:30,11.4,11.7,10.7,11.05,2346975,37072575
2025-12-02 10:55:00+05:30,11.0,11.4,10.4,11.05,2256750,37504650
2025-12-02 10:56:00+05:30,11.05,11.35,10.3,11.2,1993425,37504650
2025-12-02 10:57:00+05:30,11.2,11.55,10.25,10.4,1585950,37504650
2025-12-02 10:58:00+05:30,10.35,10.85,10.05,10.4,1997775,37410900
2025-12-02 10:59:00+05:30,10.4,12.5,10.4,12.3,3416400,37410900
2025-12-02 11:00:00+05:30,12.25,12.5,10.65,10.65,3213975,37686000
2025-12-02 11:01:00+05:30,10.75,11.35,9.25,10.1,3983400,37686000
2025-12-02 11:02:00+05:30,10.05,11.1,9.9,10.75,2330850,37686000
2025-12-02 11:03:00+05:30,10.7,11.7,10.65,11.6,2051100,37686000
2025-12-02 11:04:00+05:30,11.55,11.95,11.25,11.3,1933350,37966575
2025-12-02 11:05:00+05:30,11.3,11.85,10.65,10.8,1922625,37966575
2025-12-02 11:06:00+05:30,10.8,11.7,10.7,11.0,1337475,37966575
2025-12-02 11:07:00+05:30,10.95,11.6,10.55,10.95,1429275,37906050
2025-12-02 11:08:00+05:30,10.95,11.3,10.25,10.4,1538250,37906050
2025-12-02 11:09:00+05:30,10.4,11.7,10.0,11.45,2365050,37906050
2025-12-02 11:10:00+05:30,11.4,11.45,10.6,11.2,1367550,37685400
2025-12-02 11:11:00+05:30,11.15,11.55,10.3,11.1,1794675,37685400
2025-12-02 11:12:00+05:30,11.05,11.05,10.25,10.25,1255350,37685400
2025-12-02 11:13:00+05:30,10.25,10.3,8.4,8.55,4941600,37466850
2025-12-02 11:14:00+05:30,8.5,8.7,7.85,8.1,4022550,37466850
2025-12-02 11:15:00+05:30,8.15,8.5,7.6,8.45,3290850,37466850
2025-12-02 11:16:00+05:30,8.45,8.55,7.5,7.55,2852025,37330800
2025-12-02 11:17:00+05:30,7.6,8.3,7.2,8.2,2829450,37330800
2025-12-02 11:18:00+05:30,8.2,8.55,7.85,8.0,2403900,37330800
2025-12-02 11:19:00+05:30,7.95,8.2,7.75,7.85,1643100,37775850
2025-12-02 11:20:00+05:30,7.8,7.95,7.15,7.4,2413725,37775850
2025-12-02 11:21:00+05:30,7.4,7.45,6.8,7.05,3533850,37245375
2025-12-02 11:22:00+05:30,7.0,7.1,6.15,6.2,3650700,37245375
2025-12-02 11:23:00+05:30,6.2,6.75,6.2,6.75,1960950,37245375
2025-12-02 11:24:00+05:30,6.7,7.9,6.65,7.8,3157500,37496475
2025-12-02 11:25:00+05:30,7.75,8.05,7.55,7.65,2187450,37496475
2025-12-02 11:26:00+05:30,7.6,8.0,6.45,6.65,2877675,37496475
2025-12-02 11:27:00+05:30,6.6,6.8,6.15,6.45,2545275,37496475
2025-12-02 11:28:00+05:30,6.4,6.55,6.05,6.15,2004600,37664100
2025-12-02 11:29:00+05:30,6.2,6.35,5.8,5.95,2345025,37664100
2025-12-02 11:30:00+05:30,5.95,6.25,5.65,6.15,2498475,37664100
2025-12-02 11:31:00+05:30,6.1,6.3,5.9,6.1,1765575,37274550
2025-12-02 11:32:00+05:30,6.1,6.2,5.55,5.9,1796400,37274550
2025-12-02 11:33:00+05:30,5.85,6.1,5.75,5.9,1360800,37274550
2025-12-02 11:34:00+05:30,5.9,6.0,5.5,5.6,1945800,37400100
2025-12-02 11:35:00+05:30,5.6,5.8,5.5,5.65,1625625,37400100
2025-12-02 11:36:00+05:30,5.65,5.75,5.05,5.3,2439750,37400100
2025-12-02 11:37:00+05:30,5.3,5.5,5.25,5.5,1401450,37052850
2025-12-02 11:38:00+05:30,5.45,5.95,5.35,5.95,1859400,37052850
2025-12-02 11:39:00+05:30,5.9,6.2,5.65,5.8,2011125,37052850
2025-12-02 11:40:00+05:30,5.8,5.9,5.35,5.4,1989675,36975150
2025-12-02 11:41:00+05:30,5.45,5.45,4.75,4.85,3099975,36975150
2025-12-02 11:42:00+05:30,4.85,5.15,4.85,5.0,2065425,36975150
2025-12-02 11:43:00+05:30,5.0,5.25,5.0,5.05,1480575,36435450
2025-12-02 11:44:00+05:30,5.1,5.4,5.0,5.05,1276650,36435450
2025-12-02 11:45:00+05:30,5.05,5.15,4.9,5.1,1671000,36435450
2025-12-02 11:46:00+05:30,5.1,5.15,4.85,4.95,1400850,36456975
2025-12-02 11:47:00+05:30,4.95,5.05,4.6,5.0,1491075,36456975
2025-12-02 11:48:00+05:30,5.0,5.25,4.8,5.1,1552050,36456975
2025-12-02 11:49:00+05:30,5.05,5.8,5.05,5.7,1733025,36051225
2025-12-02 11:50:00+05:30,5.65,5.7,5.15,5.25,1726875,36051225
2025-12-02 11:51:00+05:30,5.25,5.35,4.95,5.25,1341225,36051225
2025-12-02 11:52:00+05:30,5.25,5.35,4.8,5.2,1386750,36225750
2025-12-02 11:53:00+05:30,5.2,5.35,4.85,4.85,1116900,36225750
2025-12-02 11:54:00+05:30,4.85,4.9,4.45,4.55,3611925,36225750
2025-12-02 11:55:00+05:30,4.55,4.7,4.55,4.55,2014200,35852250
2025-12-02 11:56:00+05:30,4.6,4.65,4.35,4.5,2293800,35852250
2025-12-02 11:57:00+05:30,4.5,4.7,4.5,4.65,1348425,35852250
2025-12-02 11:58:00+05:30,4.65,4.85,4.55,4.65,1400550,35741775
2025-12-02 11:59:00+05:30,4.65,4.9,4.65,4.8,1257450,35741775
2025-12-02 12:00:00+05:30,4.75,4.85,4.4,4.5,1678575,35741775
2025-12-02 12:01:00+05:30,4.5,4.6,4.15,4.3,2545800,35741775
2025-12-02 12:02:00+05:30,4.3,4.75,4.05,4.65,2923050,35630925
2025-12-02 12:03:00+05:30,4.65,5.1,4.6,4.9,2844150,35630925
2025-12-02 12:04:00+05:30,4.9,5.1,4.75,4.85,1972425,35630925
2025-12-02 12:05:00+05:30,4.8,4.85,4.4,4.5,1722675,35076300
2025-12-02 12:06:00+05:30,4.45,4.85,4.4,4.8,1397325,35076300
2025-12-02 12:07:00+05:30,4.75,5.35,4.7,5.25,1813425,35076300
2025-12-02 12:08:00+05:30,5.25,5.6,4.85,5.0,2364450,35069250
2025-12-02 12:09:00+05:30,5.0,5.25,4.95,5.15,1357950,35069250
2025-12-02 12:10:00+05:30,5.1,5.4,5.05,5.15,1019175,35069250
2025-12-02 12:11:00+05:30,5.1,5.4,5.05,5.25,969300,35207025
2025-12-02 12:12:00+05:30,5.3,5.55,5.15,5.45,1260600,35207025
2025-12-02 12:13:00+05:30,5.45,5.55,5.1,5.2,1273950,35207025
2025-12-02 12:14:00+05:30,5.2,5.2,4.5,5.0,2465250,35133975
2025-12-02 12:15:00+05:30,4.95,5.1,4.75,5.05,1127025,35133975
2025-12-02 12:16:00+05:30,5.1,5.25,4.65,4.85,1158225,35133975
2025-12-02 12:17:00+05:30,4.8,5.5,4.75,5.45,1383750,35537400
2025-12-02 12:18:00+05:30,5.45,5.45,5.05,5.2,1429350,35537400
2025-12-02 12:19:00+05:30,5.15,5.35,5.0,5.2,1060800,35537400
2025-12-02 12:20:00+05:30,5.15,5.6,5.0,5.2,1128450,35525100
2025-12-02 12:21:00+05:30,5.2,5.4,5.0,5.2,826050,35525100
2025-12-02 12:22:00+05:30,5.25,5.65,5.2,5.45,1542900,35525100
2025-12-02 12:23:00+05:30,5.4,5.45,5.05,5.1,1498050,35778450
2025-12-02 12:24:00+05:30,5.05,5.95,5.05,5.7,2723475,35778450
2025-12-02 12:25:00+05:30,5.65,5.7,5.15,5.25,1726875,35846175
2025-12-02 12:26:00+05:30,5.25,5.7,5.05,5.35,1846200,35846175
2025-12-02 12:27:00+05:30,5.3,5.5,5.05,5.35,1179975,35846175
2025-12-02 12:28:00+05:30,5.4,5.45,5.05,5.05,850575,35846175
2025-12-02 12:29:00+05:30,5.1,5.65,5.05,5.5,1496325,36129750
2025-12-02 12:30:00+05:30,5.45,5.5,5.2,5.4,946800,36129750
2025-12-02 12:31:00+05:30,5.4,5.45,4.7,4.85,1834425,36129750
2025-12-02 12:32:00+05:30,4.85,5.3,4.75,4.95,1717725,36232200
2025-12-02 12:33:00+05:30,4.95,5.85,4.95,5.65,2947350,36232200
2025-12-02 12:34:00+05:30,5.65,6.0,5.4,5.8,3068850,36232200
2025-12-02 12:35:00+05:30,5.8,7.15,5.55,6.7,5642025,36749475
2025-12-02 12:36:00+05:30,6.75,6.95,5.75,5.9,3807750,36749475
2025-12-02 12:37:00+05:30,5.9,6.15,5.5,5.75,2544750,36749475
2025-12-02 12:38:00+05:30,5.75,5.85,4.95,5.3,2751975,37118325
2025-12-02 12:39:00+05:30,5.25,5.5,5.0,5.3,1793025,37118325
2025-12-02 12:40:00+05:30,5.3,5.5,5.05,5.25,1378350,37118325
2025-12-02 12:41:00+05:30,5.25,5.35,4.55,4.55,2704650,36952500
2025-12-02 12:42:00+05:30,4.6,4.65,3.95,4.2,4856250,36952500
2025-12-02 12:43:00+05:30,4.15,4.3,3.8,3.9,2702475,36952500
2025-12-02 12:44:00+05:30,3.95,4.1,3.6,3.7,2971800,35858400
2025-12-02 12:45:00+05:30,3.7,3.95,3.6,3.7,2660925,35858400
2025-12-02 12:46:00+05:30,3.7,3.8,3.4,3.5,2496525,35858400
2025-12-02 12:47:00+05:30,3.5,3.8,3.35,3.7,2707650,35567400
2025-12-02 12:48:00+05:30,3.75,3.85,3.55,3.65,1715025,35567400
2025-12-02 12:49:00+05:30,3.65,3.7,3.4,3.6,2090700,35567400
2025-12-02 12:50:00+05:30,3.55,3.65,3.5,3.55,1817250,34874475
2025-12-02 12:51:00+05:30,3.55,3.65,3.45,3.55,1236075,34874475
2025-12-02 12:52:00+05:30,3.6,3.65,3.15,3.2,2317800,34874475
2025-12-02 12:53:00+05:30,3.25,3.35,3.05,3.25,1799175,34495950
2025-12-02 12:54:00+05:30,3.2,3.3,2.9,2.9,2899725,34495950
2025-12-02 12:55:00+05:30,2.95,3.0,2.85,2.85,4105650,34495950
2025-12-02 12:56:00+05:30,2.9,2.95,2.65,2.75,3473100,33413550
2025-12-02 12:57:00+05:30,2.7,2.8,2.4,2.45,3946350,33413550
2025-12-02 12:58:00+05:30,2.5,2.6,2.3,2.35,2530350,33413550
2025-12-02 12:59:00+05:30,2.4,2.45,2.3,2.35,2054700,32822925
2025-12-02 13:00:00+05:30,2.3,2.4,2.3,2.35,1615200,32822925
2025-12-02 13:01:00+05:30,2.35,2.4,2.2,2.25,2092575,32822925
2025-12-02 13:02:00+05:30,2.25,2.3,2.2,2.3,1725300,32695575
2025-12-02 13:03:00+05:30,2.3,2.3,2.15,2.25,1463325,32695575
2025-12-02 13:04:00+05:30,2.2,2.3,2.15,2.25,1901175,32695575
2025-12-02 13:05:00+05:30,2.25,2.3,2.0,2.0,2822475,32370825
2025-12-02 13:06:00+05:30,2.05,2.05,1.85,2.0,4263600,32370825
2025-12-02 13:07:00+05:30,1.95,2.15,1.9,2.15,2146500,32370825
2025-12-02 13:08:00+05:30,2.15,2.3,2.05,2.25,1190775,31700100
2025-12-02 13:09:00+05:30,2.25,2.6,2.2,2.45,1981950,31700100
2025-12-02 13:10:00+05:30,2.5,2.5,2.1,2.25,2317200,31700100
2025-12-02 13:11:00+05:30,2.2,2.3,2.1,2.15,835200,31848525
2025-12-02 13:12:00+05:30,2.1,2.15,1.95,2.0,1622025,31848525
2025-12-02 13:13:00+05:30,1.95,2.15,1.95,2.1,1236975,31776525
2025-12-02 13:14:00+05:30,2.1,2.1,1.9,1.95,1626150,31776525
2025-12-02 13:15:00+05:30,2.0,2.0,1.9,1.9,671925,31776525
2025-12-02 13:16:00+05:30,1.9,2.0,1.85,1.9,1368900,31776525
2025-12-02 13:17:00+05:30,1.85,1.95,1.85,1.85,2211150,31656600
2025-12-02 13:18:00+05:30,1.9,2.0,1.85,2.0,1442175,31656600
2025-12-02 13:19:00+05:30,1.95,2.0,1.9,1.95,536775,31656600
2025-12-02 13:20:00+05:30,1.95,2.0,1.85,1.9,876150,31268025
2025-12-02 13:21:00+05:30,1.9,1.95,1.8,1.95,1269300,31268025
2025-12-02 13:22:00+05:30,1.9,2.0,1.9,1.9,1418250,31268025
2025-12-02 13:23:00+05:30,1.95,2.2,1.9,2.15,2174925,30926025
2025-12-02 13:24:00+05:30,2.2,2.2,2.05,2.05,1048050,30926025
2025-12-02 13:25:00+05:30,2.1,2.15,1.95,2.0,1500975,30926025
2025-12-02 13:26:00+05:30,1.95,2.1,1.9,1.9,877800,30838050
2025-12-02 13:27:00+05:30,1.95,1.95,1.85,1.9,929925,30838050
2025-12-02 13:28:00+05:30,1.85,1.95,1.75,1.8,1418850,30843525
2025-12-02 13:29:00+05:30,1.8,1.85,1.7,1.75,1230600,30843525
2025-12-02 13:30:00+05:30,1.7,1.8,1.7,1.7,1512300,30843525
2025-12-02 13:31:00+05:30,1.7,1.75,1.6,1.65,1519350,30843525
2025-12-02 13:32:00+05:30,1.6,1.7,1.55,1.65,1015050,30782475
2025-12-02 13:33:00+05:30,1.7,1.85,1.65,1.85,1177800,30782475
2025-12-02 13:34:00+05:30,1.8,1.95,1.8,1.95,945150,30782475
2025-12-02 13:35:00+05:30,1.95,1.95,1.8,1.85,1716750,30743850
2025-12-02 13:36:00+05:30,1.85,1.85,1.45,1.5,2916000,30743850
2025-12-02 13:37:00+05:30,1.45,1.65,1.45,1.55,2284425,30743850
2025-12-02 13:38:00+05:30,1.55,1.95,1.55,1.95,1612350,30245325
2025-12-02 13:39:00+05:30,1.9,1.95,1.6,1.75,1918275,30245325
2025-12-02 13:40:00+05:30,1.7,1.75,1.5,1.65,1568100,30245325
2025-12-02 13:41:00+05:30,1.6,1.7,1.5,1.55,1105950,30393375
2025-12-02 13:42:00+05:30,1.55,1.7,1.5,1.55,1358250,30393375
2025-12-02 13:43:00+05:30,1.55,1.6,1.5,1.55,1382325,30393375
2025-12-02 13:44:00+05:30,1.6,1.75,1.55,1.75,1324875,30303225
2025-12-02 13:45:00+05:30,1.7,1.85,1.65,1.75,1644825,30303225
2025-12-02 13:46:00+05:30,1.75,1.8,1.6,1.8,1412850,30303225
2025-12-02 13:47:00+05:30,1.75,1.95,1.75,1.95,1524600,30359700
2025-12-02 13:48:00+05:30,1.95,2.1,1.85,2.0,2571975,30359700
2025-12-02 13:49:00+05:30,2.0,2.05,1.85,2.05,1865550,30419925
2025-12-02 13:50:00+05:30,2.05,2.1,1.85,1.95,1194450,30419925
2025-12-02 13:51:00+05:30,1.95,2.2,1.9,2.0,2341350,30419925
2025-12-02 13:52:00+05:30,2.0,2.15,1.9,2.05,1947525,30419925
2025-12-02 13:53:00+05:30,2.0,2.1,1.7,1.75,1828800,30576600
2025-12-02 13:54:00+05:30,1.75,1.9,1.65,1.7,2268825,30576600
2025-12-02 13:55:00+05:30,1.7,1.8,1.6,1.75,1213950,30517650
2025-12-02 13:56:00+05:30,1.75,2.05,1.65,1.9,2421900,30517650
2025-12-02 13:57:00+05:30,1.95,2.1,1.85,2.0,2402025,30517650
2025-12-02 13:58:00+05:30,2.0,2.1,1.85,2.0,2665575,30517650
2025-12-02 13:59:00+05:30,1.95,2.05,1.75,1.8,3037425,30517725
2025-12-02 14:00:00+05:30,1.85,1.85,1.35,1.45,4935450,30517725
2025-12-02 14:01:00+05:30,1.45,1.45,1.0,1.1,6819675,30517725
2025-12-02 14:02:00+05:30,1.1,1.15,1.0,1.1,2866875,28933500
2025-12-02 14:03:00+05:30,1.15,1.35,1.1,1.3,5826675,28933500
2025-12-02 14:04:00+05:30,1.35,1.45,1.2,1.4,4295025,28933500
2025-12-02 14:05:00+05:30,1.4,1.4,1.2,1.25,3575175,28819575
2025-12-02 14:06:00+05:30,1.25,1.35,0.95,1.0,4588575,28819575
2025-12-02 14:07:00+05:30,0.95,1.0,0.85,0.95,4065600,28819575
2025-12-02 14:08:00+05:30,0.9,1.3,0.9,1.2,4330875,27538725
2025-12-02 14:09:00+05:30,1.15,1.3,1.05,1.1,4931850,27538725
2025-12-02 14:10:00+05:30,1.1,1.35,1.0,1.0,3669000,27538725
2025-12-02 14:11:00+05:30,1.05,1.15,0.95,1.05,3841350,27352725
2025-12-02 14:12:00+05:30,1.05,1.1,0.9,0.95,2402700,27352725
2025-12-02 14:13:00+05:30,0.95,1.05,0.9,0.9,2204925,27352725
2025-12-02 14:14:00+05:30,0.9,0.9,0.7,0.75,3720900,27098850
2025-12-02 14:15:00+05:30,0.8,0.85,0.7,0.8,2708175,27098850
2025-12-02 14:16:00+05:30,0.75,0.85,0.75,0.75,1423650,27098850
2025-12-02 14:17:00+05:30,0.8,0.8,0.7,0.75,1377450,26744925
2025-12-02 14:18:00+05:30,0.75,0.85,0.7,0.8,1639275,26744925
2025-12-02 14:19:00+05:30,0.85,0.85,0.75,0.8,761100,26744925
2025-12-02 14:20:00+05:30,0.75,0.8,0.65,0.65,1425000,26239575
2025-12-02 14:21:00+05:30,0.7,0.7,0.65,0.7,1755750,26239575
2025-12-02 14:22:00+05:30,0.7,0.75,0.65,0.65,2095125,26239575
2025-12-02 14:23:00+05:30,0.7,0.8,0.65,0.75,3547650,25495350
2025-12-02 14:24:00+05:30,0.75,0.8,0.7,0.75,1586025,25495350
2025-12-02 14:25:00+05:30,0.75,0.8,0.65,0.65,2305875,25495350
2025-12-02 14:26:00+05:30,0.7,0.8,0.6,0.65,2518200,24777375
2025-12-02 14:27:00+05:30,0.65,0.65,0.55,0.6,1882575,24777375
2025-12-02 14:28:00+05:30,0.65,0.65,0.6,0.65,1316250,24777375
2025-12-02 14:29:00+05:30,0.6,0.75,0.6,0.75,2219700,24325875
2025-12-02 14:30:00+05:30,0.75,0.8,0.65,0.75,1869225,24325875
2025-12-02 14:31:00+05:30,0.75,0.75,0.6,0.7,2010375,24325875
2025-12-02 14:32:00+05:30,0.7,0.7,0.65,0.65,575175,24143250
2025-12-02 14:33:00+05:30,0.65,0.7,0.65,0.7,619950,24143250
2025-12-02 14:34:00+05:30,0.65,0.8,0.65,0.75,1499850,24143250
2025-12-02 14:35:00+05:30,0.8,0.8,0.6,0.65,1043850,23719200
2025-12-02 14:36:00+05:30,0.65,0.7,0.55,0.65,3105225,23719200
2025-12-02 14:37:00+05:30,0.6,0.8,0.6,0.65,3737475,23172975
2025-12-02 14:38:00+05:30,0.65,0.7,0.5,0.55,3294075,23172975
2025-12-02 14:39:00+05:30,0.55,0.6,0.5,0.55,1898400,23172975
2025-12-02 14:40:00+05:30,0.55,0.65,0.55,0.55,1867575,23172975
2025-12-02 14:41:00+05:30,0.6,0.7,0.55,0.65,2391525,22045650
2025-12-02 14:42:00+05:30,0.65,0.8,0.6,0.6,2788950,22045650
2025-12-02 14:43:00+05:30,0.6,0.65,0.55,0.6,1553775,22045650
2025-12-02 14:44:00+05:30,0.6,0.65,0.5,0.55,2978325,21356100
2025-12-02 14:45:00+05:30,0.55,0.6,0.5,0.55,1825125,21356100
2025-12-02 14:46:00+05:30,0.5,0.55,0.45,0.55,1842600,20646750
2025-12-02 14:47:00+05:30,0.5,0.55,0.4,0.5,1559550,20646750
2025-12-02 14:48:00+05:30,0.5,0.5,0.4,0.4,1166475,20646750
2025-12-02 14:49:00+05:30,0.45,0.45,0.4,0.45,1327800,20646750
2025-12-02 14:50:00+05:30,0.45,0.45,0.35,0.45,2240550,20481000
2025-12-02 14:51:00+05:30,0.45,0.45,0.4,0.4,1682550,20481000
2025-12-02 14:52:00+05:30,0.45,0.45,0.35,0.35,1369950,19918275
2025-12-02 14:53:00+05:30,0.4,0.4,0.3,0.3,1665375,19918275
2025-12-02 14:54:00+05:30,0.35,0.35,0.3,0.35,1219800,19918275
2025-12-02 14:55:00+05:30,0.35,0.35,0.3,0.3,845475,19918275
2025-12-02 14:56:00+05:30,0.35,0.4,0.3,0.4,1247400,18989100
2025-12-02 14:57:00+05:30,0.4,0.4,0.35,0.35,628800,18989100
2025-12-02 14:58:00+05:30,0.35,0.4,0.3,0.35,1359825,18989100
2025-12-02 14:59:00+05:30,0.35,0.35,0.3,0.35,1846875,17917875
2025-12-02 15:00:00+05:30,0.35,0.35,0.3,0.3,1229325,17917875
2025-12-02 15:01:00+05:30,0.35,0.35,0.3,0.3,796275,17917875
2025-12-02 15:02:00+05:30,0.35,0.35,0.25,0.3,1518375,17426550
2025-12-02 15:03:00+05:30,0.3,0.3,0.2,0.2,1466100,17426550
2025-12-02 15:04:00+05:30,0.2,0.25,0.2,0.2,817500,17426550
2025-12-02 15:05:00+05:30,0.2,0.25,0.15,0.15,2428125,16489275
2025-12-02 15:06:00+05:30,0.15,0.2,0.15,0.2,1528425,16489275
2025-12-02 15:07:00+05:30,0.15,0.2,0.15,0.2,1957875,16489275
2025-12-02 15:08:00+05:30,0.15,0.2,0.15,0.15,498750,15520575
2025-12-02 15:09:00+05:30,0.15,0.2,0.1,0.15,1303200,15520575
2025-12-02 15:10:00+05:30,0.15,0.15,0.1,0.1,756525,15520575
2025-12-02 15:11:00+05:30,0.15,0.15,0.1,0.15,787125,15108825
2025-12-02 15:12:00+05:30,0.1,0.15,0.1,0.1,670275,15108825
2025-12-02 15:13:00+05:30,0.15,0.15,0.1,0.1,512400,15108825
2025-12-02 15:14:00+05:30,0.1,0.15,0.1,0.15,505350,15034425
2025-12-02 15:15:00+05:30,0.1,0.15,0.1,0.1,785775,15034425
2025-12-02 15:16:00+05:30,0.1,0.15,0.1,0.15,2096250,15034425
2025-12-02 15:17:00+05:30,0.15,0.15,0.05,0.1,903075,13859175
2025-12-02 15:18:00+05:30,0.05,0.1,0.05,0.05,932550,13859175
2025-12-02 15:19:00+05:30,0.05,0.1,0.05,0.1,449100,13859175
2025-12-02 15:20:00+05:30,0.05,0.1,0.05,0.1,732600,13608075
2025-12-02 15:21:00+05:30,0.05,0.1,0.05,0.05,601950,13608075
2025-12-02 15:22:00+05:30,0.05,0.1,0.05,0.05,419025,13608075
2025-12-02 15:23:00+05:30,0.05,0.1,0.05,0.1,351750,13247400
2025-12-02 15:24:00+05:30,0.05,0.1,0.05,0.1,357525,13247400
2025-12-02 15:25:00+05:30,0.1,0.1,0.05,0.05,642000,13247400
2025-12-02 15:26:00+05:30,0.05,0.1,0.05,0.05,355800,13247400
2025-12-02 15:27:00+05:30,0.1,0.1,0.05,0.05,340275,13059375
2025-12-02 15:28:00+05:30,0.05,0.1,0.05,0.05,2752725,13059375
2025-12-02 15:29:00+05:30,0.05,0.05,0.05,0.05,146700,13059375
