timestamp,open,high,low,close,volume,open_interest
2025-12-02 14:55:00+05:30,895.45,895.45,890.45,890.45,150,0
2025-12-02 14:56:00+05:30,890.45,890.45,890.45,890.45,0,0
2025-12-02 14:57:00+05:30,890.45,890.45,890.45,890.45,0,0
2025-12-02 14:58:00+05:30,890.45,890.45,890.45,890.45,0,0
2025-12-02 14:59:00+05:30,890.45,890.45,890.45,890.45,0,0
2025-12-02 15:00:00+05:30,890.45,890.45,890.45,890.45,0,0
2025-12-02 15:01:00+05:30,890.45,890.45,890.45,890.45,0,0
2025-12-02 15:02:00+05:30,890.45,890.45,890.45,890.45,0,0
2025-12-02 15:03:00+05:30,890.45,890.45,890.45,890.45,0,0
2025-12-02 15:04:00+05:30,890.45,890.45,890.45,890.45,0,0
2025-12-02 15:05:00+05:30,890.45,890.45,890.45,890.45,0,0
2025-12-02 15:06:00+05:30,890.45,890.45,890.45,890.45,0,0
2025-12-02 15:07:00+05:30,890.45,890.45,890.45,890.45,0,0
2025-12-02 15:08:00+05:30,890.45,890.45,890.45,890.45,0,0
2025-12-02 15:09:00+05:30,890.45,890.45,890.45,890.45,0,0
2025-12-02 15:10:00+05:30,890.45,890.45,890.45,890.45,0,0
2025-12-02 15:11:00+05:30,890.45,890.45,890.45,890.45,0,0
2025-12-02 15:12:00+05:30,890.45,890.45,890.45,890.45,0,0
2025-12-02 15:13:00+05:30,890.45,890.45,890.45,890.45,0,0
2025-12-02 15:14:00+05:30,890.45,890.45,890.45,890.45,0,0
2025-12-02 15:15:00+05:30,890.45,890.45,890.45,890.45,0,0
2025-12-02 15:16:00+05:30,890.45,890.45,890.45,890.45,0,0
2025-12-02 15:17:00+05:30,890.45,890.45,890.45,890.45,0,0
2025-12-02 15:18:00+05:30,890.45,890.45,890.45,890.45,0,0
2025-12-02 15:19:00+05:30,890.45,890.45,890.45,890.45,0,0
2025-12-02 15:20:00+05:30,890.45,890.45,890.45,890.45,0,0
2025-12-02 15:21:00+05:30,890.45,890.45,890.45,890.45,0,0
2025-12-02 15:22:00+05:30,890.45,890.45,890.45,890.45,0,0
2025-12-02 15:23:00+05:30,890.45,890.45,890.45,890.45,0,0
2025-12-02 15:24:00+05:30,890.45,890.45,890.45,890.45,0,0
2025-12-02 15:25:00+05:30,890.45,890.45,890.45,890.45,0,0
2025-12-02 15:26:00+05:30,890.45,890.45,890.45,890.45,0,0
2025-12-02 15:27:00+05:30,890.45,890.45,890.45,890.45,0,0
2025-12-02 15:28:00+05:30,890.45,890.45,890.45,890.45,0,0
2025-12-02 15:29:00+05:30,890.45,890.45,890.45,890.45,0,0
2025-12-03 14:45:00+05:30,787.8,787.8,787.8,787.8,75,0
2025-12-03 14:46:00+05:30,787.8,787.8,787.8,787.8,0,0
2025-12-03 14:47:00+05:30,787.8,787.8,787.8,787.8,0,0
2025-12-03 14:48:00+05:30,787.8,787.8,787.8,787.8,0,0
2025-12-03 14:49:00+05:30,787.8,787.8,787.8,787.8,0,0
2025-12-03 14:50:00+05:30,787.8,787.8,787.8,787.8,0,0
2025-12-03 14:51:00+05:30,787.8,787.8,787.8,787.8,0,0
2025-12-03 14:52:00+05:30,787.8,787.8,787.8,787.8,0,0
2025-12-03 14:53:00+05:30,787.8,787.8,787.8,787.8,0,0
2025-12-03 14:54:00+05:30,787.8,787.8,787.8,787.8,0,0
2025-12-03 14:55:00+05:30,787.8,787.8,787.8,787.8,0,0
2025-12-03 14:56:00+05:30,787.8,787.8,787.8,787.8,0,0
2025-12-03 14:57:00+05:30,787.8,787.8,787.8,787.8,0,0
2025-12-03 14:58:00+05:30,787.8,787.8,787.8,787.8,0,0
2025-12-03 14:59:00+05:30,787.8,787.8,787.8,787.8,0,0
2025-12-03 15:00:00+05:30,830.8,834.35,830.8,834.35,150,75
2025-12-03 15:01:00+05:30,834.35,834.35,834.35,834.35,0,75
2025-12-03 15:02:00+05:30,834.35,834.35,834.35,834.35,0,75
2025-12-03 15:03:00+05:30,834.35,834.35,834.35,834.35,0,75
2025-12-03 15:04:00+05:30,834.35,834.35,834.35,834.35,0,75
2025-12-03 15:05:00+05:30,834.35,834.35,834.35,834.35,0,75
2025-12-03 15:06:00+05:30,834.35,834.35,834.35,834.35,0,75
2025-12-03 15:07:00+05:30,834.35,834.35,834.35,834.35,0,75
2025-12-03 15:08:00+05:30,834.35,834.35,834.35,834.35,0,75
2025-12-03 15:09:00+05:30,834.35,834.35,834.35,834.35,0,75
2025-12-03 15:10:00+05:30,834.35,834.35,834.35,834.35,0,75
2025-12-03 15:11:00+05:30,834.35,834.35,834.35,834.35,0,75
2025-12-03 15:12:00+05:30,834.35,834.35,834.35,834.35,0,75
2025-12-03 15:13:00+05:30,834.35,834.35,834.35,834.35,0,75
2025-12-03 15:14:00+05:30,834.35,834.35,834.35,834.35,0,75
2025-12-03 15:15:00+05:30,834.35,834.35,834.35,834.35,0,75
2025-12-03 15:16:00+05:30,834.35,834.35,834.35,834.35,0,75
2025-12-03 15:17:00+05:30,834.35,834.35,834.35,834.35,0,75
2025-12-03 15:18:00+05:30,834.35,834.35,834.35,834.35,0,75
2025-12-03 15:19:00+05:30,834.35,834.35,834.35,834.35,0,75
2025-12-03 15:20:00+05:30,834.35,834.35,834.35,834.35,0,75
2025-12-03 15:21:00+05:30,834.35,834.35,834.35,834.35,0,75
2025-12-03 15:22:00+05:30,834.35,834.35,834.35,834.35,0,75
2025-12-03 15:23:00+05:30,834.35,834.35,834.35,834.35,0,75
2025-12-03 15:24:00+05:30,834.35,834.35,834.35,834.35,0,75
2025-12-03 15:25:00+05:30,834.35,834.35,834.35,834.35,0,75
2025-12-03 15:26:00+05:30,834.35,834.35,834.35,834.35,0,75
2025-12-03 15:27:00+05:30,834.35,834.35,834.35,834.35,0,75
2025-12-03 15:28:00+05:30,834.35,834.35,834.35,834.35,0,75
2025-12-03 15:29:00+05:30,834.35,834.35,834.35,834.35,0,75
2025-12-04 14:56:00+05:30,862.7,862.7,862.7,862.7,75,150
2025-12-04 14:57:00+05:30,862.7,862.7,862.7,862.7,0,150
2025-12-04 14:58:00+05:30,862.7,862.7,862.7,862.7,0,150
2025-12-04 14:59:00+05:30,862.7,862.7,862.7,862.7,0,150
2025-12-04 15:00:00+05:30,885.55,885.55,880.65,880.65,150,150
2025-12-04 15:01:00+05:30,880.65,880.65,880.65,880.65,0,150
2025-12-04 15:02:00+05:30,880.65,880.65,880.65,880.65,0,150
2025-12-04 15:03:00+05:30,880.65,880.65,880.65,880.65,0,150
2025-12-04 15:04:00+05:30,880.65,880.65,880.65,880.65,0,150
2025-12-04 15:05:00+05:30,880.65,880.65,880.65,880.65,0,150
2025-12-04 15:06:00+05:30,880.65,880.65,880.65,880.65,0,150
2025-12-04 15:07:00+05:30,880.65,880.65,880.65,880.65,0,150
2025-12-04 15:08:00+05:30,880.65,880.65,880.65,880.65,0,150
2025-12-04 15:09:00+05:30,880.65,880.65,880.65,880.65,0,150
2025-12-04 15:10:00+05:30,880.65,880.65,880.65,880.65,0,150
2025-12-04 15:11:00+05:30,886.05,886.05,879.15,879.15,150,150
2025-12-04 15:12:00+05:30,879.15,879.15,879.15,879.15,0,150
2025-12-04 15:13:00+05:30,879.15,879.15,879.15,879.15,0,150
2025-12-04 15:14:00+05:30,879.15,879.15,879.15,879.15,0,150
2025-12-04 15:15:00+05:30,879.15,879.15,879.15,879.15,0,150
2025-12-04 15:16:00+05:30,879.15,879.15,879.15,879.15,0,150
2025-12-04 15:17:00+05:30,879.15,879.15,879.15,879.15,0,150
2025-12-04 15:18:00+05:30,879.15,879.15,879.15,879.15,0,150
2025-12-04 15:19:00+05:30,879.15,879.15,879.15,879.15,0,150
2025-12-04 15:20:00+05:30,879.15,879.15,879.15,879.15,0,150
2025-12-04 15:21:00+05:30,879.15,879.15,879.15,879.15,0,150
2025-12-04 15:22:00+05:30,879.15,879.15,879.15,879.15,0,150
2025-12-04 15:23:00+05:30,879.15,879.15,879.15,879.15,0,150
2025-12-04 15:24:00+05:30,879.15,879.15,879.15,879.15,0,150
2025-12-04 15:25:00+05:30,879.15,879.15,879.15,879.15,0,150
2025-12-04 15:26:00+05:30,879.15,879.15,879.15,879.15,0,150
2025-12-04 15:27:00+05:30,879.15,879.15,879.15,879.15,0,150
2025-12-04 15:28:00+05:30,879.15,879.15,879.15,879.15,0,150
2025-12-04 15:29:00+05:30,879.15,879.15,879.15,879.15,0,150
2025-12-05 10:16:00+05:30,950.6,950.65,950.6,950.65,375,225
2025-12-05 10:17:00+05:30,950.65,950.65,950.65,950.65,0,225
2025-12-05 10:18:00+05:30,950.65,950.65,950.65,950.65,0,225
2025-12-05 10:19:00+05:30,950.65,950.65,950.65,950.65,0,225
2025-12-05 10:20:00+05:30,950.65,950.65,950.65,950.65,0,225
2025-12-05 10:21:00+05:30,950.65,950.65,950.65,950.65,0,225
2025-12-05 10:22:00+05:30,950.65,950.65,950.65,950.65,0,225
2025-12-05 10:23:00+05:30,950.65,950.65,950.65,950.65,0,225
2025-12-05 10:24:00+05:30,950.65,950.65,950.65,950.65,0,225
2025-12-05 10:25:00+05:30,950.65,950.65,950.65,950.65,0,225
2025-12-05 10:26:00+05:30,950.65,950.65,950.65,950.65,0,225
2025-12-05 10:27:00+05:30,950.65,950.65,950.65,950.65,0,225
2025-12-05 10:28:00+05:30,950.65,950.65,950.65,950.65,0,225
2025-12-05 10:29:00+05:30,950.65,950.65,950.65,950.65,0,225
2025-12-05 10:30:00+05:30,950.65,950.65,950.65,950.65,0,225
2025-12-05 10:31:00+05:30,950.65,950.65,950.65,950.65,0,225
2025-12-05 10:32:00+05:30,950.65,950.65,950.65,950.65,0,225
2025-12-05 10:33:00+05:30,950.65,950.65,950.65,950.65,0,225
2025-12-05 10:34:00+05:30,950.65,950.65,950.65,950.65,0,225
2025-12-05 10:35:00+05:30,950.65,950.65,950.65,950.65,0,225
2025-12-05 10:36:00+05:30,950.65,950.65,950.65,950.65,0,225
2025-12-05 10:37:00+05:30,950.65,950.65,950.65,950.65,0,225
2025-12-05 10:38:00+05:30,950.65,950.65,950.65,950.65,0,225
2025-12-05 10:39:00+05:30,950.65,950.65,950.65,950.65,0,225
2025-12-05 10:40:00+05:30,950.65,950.65,950.65,950.65,0,225
2025-12-05 10:41:00+05:30,950.65,950.65,950.65,950.65,0,225
2025-12-05 10:42:00+05:30,950.65,950.65,950.65,950.65,0,225
2025-12-05 10:43:00+05:30,950.65,950.65,950.65,950.65,0,225
2025-12-05 10:44:00+05:30,950.65,950.65,950.65,950.65,0,225
2025-12-05 10:45:00+05:30,950.65,950.65,950.65,950.65,0,225
2025-12-05 10:46:00+05:30,950.65,950.65,950.65,950.65,0,225
2025-12-05 10:47:00+05:30,950.65,950.65,950.65,950.65,0,225
2025-12-05 10:48:00+05:30,950.65,950.65,950.65,950.65,0,225
2025-12-05 10:49:00+05:30,950.65,950.65,950.65,950.65,0,225
2025-12-05 10:50:00+05:30,950.65,950.65,950.65,950.65,0,225
2025-12-05 10:51:00+05:30,950.65,950.65,950.65,950.65,0,225
2025-12-05 10:52:00+05:30,950.65,950.65,950.65,950.65,0,225
2025-12-05 10:53:00+05:30,950.65,950.65,950.65,950.65,0,225
2025-12-05 10:54:00+05:30,950.65,950.65,950.65,950.65,0,225
2025-12-05 10:55:00+05:30,950.65,950.65,950.65,950.65,0,225
2025-12-05 10:56:00+05:30,950.65,950.65,950.65,950.65,0,225
2025-12-05 10:57:00+05:30,950.65,950.65,950.65,950.65,0,225
2025-12-05 10:58:00+05:30,950.65,950.65,950.65,950.65,0,225
2025-12-05 10:59:00+05:30,950.65,950.65,950.65,950.65,0,225
2025-12-05 11:00:00+05:30,950.65,950.65,950.65,950.65,0,225
2025-12-05 11:01:00+05:30,950.65,950.65,950.65,950.65,0,225
2025-12-05 11:02:00+05:30,950.65,950.65,950.65,950.65,0,225
2025-12-05 11:03:00+05:30,950.65,950.65,950.65,950.65,0,225
2025-12-05 11:04:00+05:30,950.65,950.65,950.65,950.65,0,225
2025-12-05 11:05:00+05:30,950.65,950.65,950.65,950.65,0,225
2025-12-05 11:06:00+05:30,950.65,950.65,950.65,950.65,0,225
2025-12-05 11:07:00+05:30,950.65,950.65,950.65,950.65,0,225
2025-12-05 11:08:00+05:30,950.65,950.65,950.65,950.65,0,225
2025-12-05 11:09:00+05:30,950.65,950.65,950.65,950.65,0,225
2025-12-05 11:10:00+05:30,950.65,950.65,950.65,950.65,0,225
2025-12-05 11:11:00+05:30,950.65,950.65,950.65,950.65,0,225
2025-12-05 11:12:00+05:30,950.65,950.65,950.65,950.65,0,225
2025-12-05 11:13:00+05:30,950.65,950.65,950.65,950.65,0,225
2025-12-05 11:14:00+05:30,950.65,950.65,950.65,950.65,0,225
2025-12-05 11:15:00+05:30,950.65,950.65,950.65,950.65,0,225
2025-12-05 11:16:00+05:30,950.65,950.65,950.65,950.65,0,225
2025-12-05 11:17:00+05:30,950.65,950.65,950.65,950.65,0,225
2025-12-05 11:18:00+05:30,950.65,950.65,950.65,950.65,0,225
2025-12-05 11:19:00+05:30,950.65,950.65,950.65,950.65,0,225
2025-12-05 11:20:00+05:30,950.65,950.65,950.65,950.65,0,225
2025-12-05 11:21:00+05:30,950.65,950.65,950.65,950.65,0,225
2025-12-05 11:22:00+05:30,950.65,950.65,950.65,950.65,0,225
2025-12-05 11:23:00+05:30,950.65,950.65,950.65,950.65,0,225
2025-12-05 11:24:00+05:30,950.65,950.65,950.65,950.65,0,225
2025-12-05 11:25:00+05:30,950.65,950.65,950.65,950.65,0,225
2025-12-05 11:26:00+05:30,950.65,950.65,950.65,950.65,0,225
2025-12-05 11:27:00+05:30,950.65,950.65,950.65,950.65,0,225
2025-12-05 11:28:00+05:30,950.65,950.65,950.65,950.65,0,225
2025-12-05 11:29:00+05:30,950.65,950.65,950.65,950.65,0,225
2025-12-05 11:30:00+05:30,950.65,950.65,950.65,950.65,0,225
2025-12-05 11:31:00+05:30,950.65,950.65,950.65,950.65,0,225
2025-12-05 11:32:00+05:30,950.65,950.65,950.65,950.65,0,225
2025-12-05 11:33:00+05:30,950.65,950.65,950.65,950.65,0,225
2025-12-05 11:34:00+05:30,950.65,950.65,950.65,950.65,0,225
2025-12-05 11:35:00+05:30,950.65,950.65,950.65,950.65,0,225
2025-12-05 11:36:00+05:30,950.65,950.65,950.65,950.65,0,225
2025-12-05 11:37:00+05:30,950.65,950.65,950.65,950.65,0,225
2025-12-05 11:38:00+05:30,950.65,950.65,950.65,950.65,0,225
2025-12-05 11:39:00+05:30,950.65,950.65,950.65,950.65,0,225
2025-12-05 11:40:00+05:30,950.65,950.65,950.65,950.65,0,225
2025-12-05 11:41:00+05:30,950.65,950.65,950.65,950.65,0,225
2025-12-05 11:42:00+05:30,950.65,950.65,950.65,950.65,0,225
2025-12-05 11:43:00+05:30,950.65,950.65,950.65,950.65,0,225
2025-12-05 11:44:00+05:30,950.65,950.65,950.65,950.65,0,225
2025-12-05 11:45:00+05:30,950.65,950.65,950.65,950.65,0,225
2025-12-05 11:46:00+05:30,950.65,950.65,950.65,950.65,0,225
2025-12-05 11:47:00+05:30,950.65,950.65,950.65,950.65,0,225
2025-12-05 11:48:00+05:30,950.65,950.65,950.65,950.65,0,225
2025-12-05 11:49:00+05:30,950.65,950.65,950.65,950.65,0,225
2025-12-05 11:50:00+05:30,950.65,950.65,950.65,950.65,0,225
2025-12-05 11:51:00+05:30,950.65,950.65,950.65,950.65,0,225
2025-12-05 11:52:00+05:30,950.65,950.65,950.65,950.65,0,225
2025-12-05 11:53:00+05:30,950.65,950.65,950.65,950.65,0,225
2025-12-05 11:54:00+05:30,950.65,950.65,950.65,950.65,0,225
2025-12-05 11:55:00+05:30,950.65,950.65,950.65,950.65,0,225
2025-12-05 11:56:00+05:30,950.65,950.65,950.65,950.65,0,225
2025-12-05 11:57:00+05:30,950.65,950.65,950.65,950.65,0,225
2025-12-05 11:58:00+05:30,950.65,950.65,950.65,950.65,0,225
2025-12-05 11:59:00+05:30,950.65,950.65,950.65,950.65,0,225
2025-12-05 12:00:00+05:30,950.65,950.65,950.65,950.65,0,225
2025-12-05 12:01:00+05:30,950.65,950.65,950.65,950.65,0,225
2025-12-05 12:02:00+05:30,950.65,950.65,950.65,950.65,0,225
2025-12-05 12:03:00+05:30,950.65,950.65,950.65,950.65,0,225
2025-12-05 12:04:00+05:30,950.65,950.65,950.65,950.65,0,225
2025-12-05 12:05:00+05:30,950.65,950.65,950.65,950.65,0,225
2025-12-05 12:06:00+05:30,950.65,950.65,950.65,950.65,0,225
2025-12-05 12:07:00+05:30,950.65,950.65,950.65,950.65,0,225
2025-12-05 12:08:00+05:30,950.65,950.65,950.65,950.65,0,225
2025-12-05 12:09:00+05:30,950.65,950.65,950.65,950.65,0,225
2025-12-05 12:10:00+05:30,950.65,950.65,950.65,950.65,0,225
2025-12-05 12:11:00+05:30,950.65,950.65,950.65,950.65,0,225
2025-12-05 12:12:00+05:30,950.65,950.65,950.65,950.65,0,225
2025-12-05 12:13:00+05:30,950.65,950.65,950.65,950.65,0,225
2025-12-05 12:14:00+05:30,950.65,950.65,950.65,950.65,0,225
2025-12-05 12:15:00+05:30,950.65,950.65,950.65,950.65,0,225
2025-12-05 12:16:00+05:30,950.65,950.65,950.65,950.65,0,225
2025-12-05 12:17:00+05:30,950.65,950.65,950.65,950.65,0,225
2025-12-05 12:18:00+05:30,950.65,950.65,950.65,950.65,0,225
2025-12-05 12:19:00+05:30,950.65,950.65,950.65,950.65,0,225
2025-12-05 12:20:00+05:30,950.65,950.65,950.65,950.65,0,225
2025-12-05 12:21:00+05:30,950.65,950.65,950.65,950.65,0,225
2025-12-05 12:22:00+05:30,950.65,950.65,950.65,950.65,0,225
2025-12-05 12:23:00+05:30,950.65,950.65,950.65,950.65,0,225
2025-12-05 12:24:00+05:30,950.65,950.65,950.65,950.65,0,225
2025-12-05 12:25:00+05:30,950.65,950.65,950.65,950.65,0,225
2025-12-05 12:26:00+05:30,950.65,950.65,950.65,950.65,0,225
2025-12-05 12:27:00+05:30,950.65,950.65,950.65,950.65,0,225
2025-12-05 12:28:00+05:30,950.65,950.65,950.65,950.65,0,225
2025-12-05 12:29:00+05:30,950.65,950.65,950.65,950.65,0,225
2025-12-05 12:30:00+05:30,950.65,950.65,950.65,950.65,0,225
2025-12-05 12:31:00+05:30,950.65,950.65,950.65,950.65,0,225
2025-12-05 12:32:00+05:30,950.65,950.65,950.65,950.65,0,225
2025-12-05 12:33:00+05:30,950.65,950.65,950.65,950.65,0,225
2025-12-05 12:34:00+05:30,950.65,950.65,950.65,950.65,0,225
2025-12-05 12:35:00+05:30,950.65,950.65,950.65,950.65,0,225
2025-12-05 12:36:00+05:30,950.65,950.65,950.65,950.65,0,225
2025-12-05 12:37:00+05:30,950.65,950.65,950.65,950.65,0,225
2025-12-05 12:38:00+05:30,950.65,950.65,950.65,950.65,0,225
2025-12-05 12:39:00+05:30,950.65,950.65,950.65,950.65,0,225
2025-12-05 12:40:00+05:30,950.65,950.65,950.65,950.65,0,225
2025-12-05 12:41:00+05:30,950.65,950.65,950.65,950.65,0,225
2025-12-05 12:42:00+05:30,950.65,950.65,950.65,950.65,0,225
2025-12-05 12:43:00+05:30,950.65,950.65,950.65,950.65,0,225
2025-12-05 12:44:00+05:30,950.65,950.65,950.65,950.65,0,225
2025-12-05 12:45:00+05:30,950.65,950.65,950.65,950.65,0,225
2025-12-05 12:46:00+05:30,950.65,950.65,950.65,950.65,0,225
2025-12-05 12:47:00+05:30,950.65,950.65,950.65,950.65,0,225
2025-12-05 12:48:00+05:30,950.65,950.65,950.65,950.65,0,225
2025-12-05 12:49:00+05:30,950.65,950.65,950.65,950.65,0,225
2025-12-05 12:50:00+05:30,950.65,950.65,950.65,950.65,0,225
2025-12-05 12:51:00+05:30,950.65,950.65,950.65,950.65,0,225
2025-12-05 12:52:00+05:30,950.65,950.65,950.65,950.65,0,225
2025-12-05 12:53:00+05:30,950.65,950.65,950.65,950.65,0,225
2025-12-05 12:54:00+05:30,950.65,950.65,950.65,950.65,0,225
2025-12-05 12:55:00+05:30,950.65,950.65,950.65,950.65,0,225
2025-12-05 12:56:00+05:30,950.65,950.65,950.65,950.65,0,225
2025-12-05 12:57:00+05:30,950.65,950.65,950.65,950.65,0,225
2025-12-05 12:58:00+05:30,950.65,950.65,950.65,950.65,0,225
2025-12-05 12:59:00+05:30,950.65,950.65,950.65,950.65,0,225
2025-12-05 13:00:00+05:30,950.65,950.65,950.65,950.65,0,225
2025-12-05 13:01:00+05:30,950.65,950.65,950.65,950.65,0,225
2025-12-05 13:02:00+05:30,950.65,950.65,950.65,950.65,0,225
2025-12-05 13:03:00+05:30,950.65,950.65,950.65,950.65,0,225
2025-12-05 13:04:00+05:30,950.65,950.65,950.65,950.65,0,225
2025-12-05 13:05:00+05:30,950.65,950.65,950.65,950.65,0,225
2025-12-05 13:06:00+05:30,950.65,950.65,950.65,950.65,0,225
2025-12-05 13:07:00+05:30,950.65,950.65,950.65,950.65,0,225
2025-12-05 13:08:00+05:30,950.65,950.65,950.65,950.65,0,225
2025-12-05 13:09:00+05:30,950.65,950.65,950.65,950.65,0,225
2025-12-05 13:10:00+05:30,950.65,950.65,950.65,950.65,0,225
2025-12-05 13:11:00+05:30,950.65,950.65,950.65,950.65,0,225
2025-12-05 13:12:00+05:30,950.65,950.65,950.65,950.65,0,225
2025-12-05 13:13:00+05:30,950.65,950.65,950.65,950.65,0,225
2025-12-05 13:14:00+05:30,950.65,950.65,950.65,950.65,0,225
2025-12-05 13:15:00+05:30,950.65,950.65,950.65,950.65,0,225
2025-12-05 13:16:00+05:30,950.65,950.65,950.65,950.65,0,225
2025-12-05 13:17:00+05:30,950.65,950.65,950.65,950.65,0,225
2025-12-05 13:18:00+05:30,950.65,950.65,950.65,950.65,0,225
2025-12-05 13:19:00+05:30,950.65,950.65,950.65,950.65,0,225
2025-12-05 13:20:00+05:30,950.65,950.65,950.65,950.65,0,225
2025-12-05 13:21:00+05:30,950.65,950.65,950.65,950.65,0,225
2025-12-05 13:22:00+05:30,950.65,950.65,950.65,950.65,0,225
2025-12-05 13:23:00+05:30,950.65,950.65,950.65,950.65,0,225
2025-12-05 13:24:00+05:30,950.65,950.65,950.65,950.65,0,225
2025-12-05 13:25:00+05:30,950.65,950.65,950.65,950.65,0,225
2025-12-05 13:26:00+05:30,950.65,950.65,950.65,950.65,0,225
2025-12-05 13:27:00+05:30,950.65,950.65,950.65,950.65,0,225
2025-12-05 13:28:00+05:30,950.65,950.65,950.65,950.65,0,225
2025-12-05 13:29:00+05:30,950.65,950.65,950.65,950.65,0,225
2025-12-05 13:30:00+05:30,950.65,950.65,950.65,950.65,0,225
2025-12-05 13:31:00+05:30,950.65,950.65,950.65,950.65,0,225
2025-12-05 13:32:00+05:30,950.65,950.65,950.65,950.65,0,225
2025-12-05 13:33:00+05:30,950.65,950.65,950.65,950.65,0,225
2025-12-05 13:34:00+05:30,950.65,950.65,950.65,950.65,0,225
2025-12-05 13:35:00+05:30,950.65,950.65,950.65,950.65,0,225
2025-12-05 13:36:00+05:30,950.65,950.65,950.65,950.65,0,225
2025-12-05 13:37:00+05:30,950.65,950.65,950.65,950.65,0,225
2025-12-05 13:38:00+05:30,950.65,950.65,950.65,950.65,0,225
2025-12-05 13:39:00+05:30,950.65,950.65,950.65,950.65,0,225
2025-12-05 13:40:00+05:30,950.65,950.65,950.65,950.65,0,225
2025-12-05 13:41:00+05:30,950.65,950.65,950.65,950.65,0,225
2025-12-05 13:42:00+05:30,950.65,950.65,950.65,950.65,0,225
2025-12-05 13:43:00+05:30,950.65,950.65,950.65,950.65,0,225
2025-12-05 13:44:00+05:30,950.65,950.65,950.65,950.65,0,225
2025-12-05 13:45:00+05:30,950.65,950.65,950.65,950.65,0,225
2025-12-05 13:46:00+05:30,950.65,950.65,950.65,950.65,0,225
2025-12-05 13:47:00+05:30,950.65,950.65,950.65,950.65,0,225
2025-12-05 13:48:00+05:30,950.65,950.65,950.65,950.65,0,225
2025-12-05 13:49:00+05:30,950.65,950.65,950.65,950.65,0,225
2025-12-05 13:50:00+05:30,950.65,950.65,950.65,950.65,0,225
2025-12-05 13:51:00+05:30,950.65,950.65,950.65,950.65,0,225
2025-12-05 13:52:00+05:30,950.65,950.65,950.65,950.65,0,225
2025-12-05 13:53:00+05:30,950.65,950.65,950.65,950.65,0,225
2025-12-05 13:54:00+05:30,950.65,950.65,950.65,950.65,0,225
2025-12-05 13:55:00+05:30,950.65,950.65,950.65,950.65,0,225
2025-12-05 13:56:00+05:30,950.65,950.65,950.65,950.65,0,225
2025-12-05 13:57:00+05:30,950.65,950.65,950.65,950.65,0,225
2025-12-05 13:58:00+05:30,950.65,950.65,950.65,950.65,0,225
2025-12-05 13:59:00+05:30,950.65,950.65,950.65,950.65,0,225
2025-12-05 14:00:00+05:30,950.65,950.65,950.65,950.65,0,225
2025-12-05 14:01:00+05:30,950.65,950.65,950.65,950.65,0,225
2025-12-05 14:02:00+05:30,950.65,950.65,950.65,950.65,0,225
2025-12-05 14:03:00+05:30,950.65,950.65,950.65,950.65,0,225
2025-12-05 14:04:00+05:30,950.65,950.65,950.65,950.65,0,225
2025-12-05 14:05:00+05:30,950.65,950.65,950.65,950.65,0,225
2025-12-05 14:06:00+05:30,950.65,950.65,950.65,950.65,0,225
2025-12-05 14:07:00+05:30,950.65,950.65,950.65,950.65,0,225
2025-12-05 14:08:00+05:30,950.65,950.65,950.65,950.65,0,225
2025-12-05 14:09:00+05:30,950.65,950.65,950.65,950.65,0,225
2025-12-05 14:10:00+05:30,950.65,950.65,950.65,950.65,0,225
2025-12-05 14:11:00+05:30,950.65,950.65,950.65,950.65,0,225
2025-12-05 14:12:00+05:30,950.65,950.65,950.65,950.65,0,225
2025-12-05 14:13:00+05:30,950.65,950.65,950.65,950.65,0,225
2025-12-05 14:14:00+05:30,950.65,950.65,950.65,950.65,0,225
2025-12-05 14:15:00+05:30,950.65,950.65,950.65,950.65,0,225
2025-12-05 14:16:00+05:30,950.65,950.65,950.65,950.65,0,225
2025-12-05 14:17:00+05:30,950.65,950.65,950.65,950.65,0,225
2025-12-05 14:18:00+05:30,950.65,950.65,950.65,950.65,0,225
2025-12-05 14:19:00+05:30,950.65,950.65,950.65,950.65,0,225
2025-12-05 14:20:00+05:30,950.65,950.65,950.65,950.65,0,225
2025-12-05 14:21:00+05:30,950.65,950.65,950.65,950.65,0,225
2025-12-05 14:22:00+05:30,950.65,950.65,950.65,950.65,0,225
2025-12-05 14:23:00+05:30,950.65,950.65,950.65,950.65,0,225
2025-12-05 14:24:00+05:30,950.65,950.65,950.65,950.65,0,225
2025-12-05 14:25:00+05:30,950.65,950.65,950.65,950.65,0,225
2025-12-05 14:26:00+05:30,950.65,950.65,950.65,950.65,0,225
2025-12-05 14:27:00+05:30,950.65,950.65,950.65,950.65,0,225
2025-12-05 14:28:00+05:30,950.65,950.65,950.65,950.65,0,225
2025-12-05 14:29:00+05:30,950.65,950.65,950.65,950.65,0,225
2025-12-05 14:30:00+05:30,950.65,950.65,950.65,950.65,0,225
2025-12-05 14:31:00+05:30,950.65,950.65,950.65,950.65,0,225
2025-12-05 14:32:00+05:30,950.65,950.65,950.65,950.65,0,225
2025-12-05 14:33:00+05:30,950.65,950.65,950.65,950.65,0,225
2025-12-05 14:34:00+05:30,950.65,950.65,950.65,950.65,0,225
2025-12-05 14:35:00+05:30,950.65,950.65,950.65,950.65,0,225
2025-12-05 14:36:00+05:30,950.65,950.65,950.65,950.65,0,225
2025-12-05 14:37:00+05:30,950.65,950.65,950.65,950.65,0,225
2025-12-05 14:38:00+05:30,950.65,950.65,950.65,950.65,0,225
2025-12-05 14:39:00+05:30,950.65,950.65,950.65,950.65,0,225
2025-12-05 14:40:00+05:30,950.65,950.65,950.65,950.65,0,225
2025-12-05 14:41:00+05:30,950.65,950.65,950.65,950.65,0,225
2025-12-05 14:42:00+05:30,950.65,950.65,950.65,950.65,0,225
2025-12-05 14:43:00+05:30,950.65,950.65,950.65,950.65,0,225
2025-12-05 14:44:00+05:30,950.65,950.65,950.65,950.65,0,225
2025-12-05 14:45:00+05:30,985.9,985.9,985.9,985.9,75,450
2025-12-05 14:46:00+05:30,985.9,985.9,985.9,985.9,0,450
2025-12-05 14:47:00+05:30,985.9,985.9,985.9,985.9,0,450
2025-12-05 14:48:00+05:30,985.9,985.9,985.9,985.9,0,450
2025-12-05 14:49:00+05:30,985.9,985.9,985.9,985.9,0,450
2025-12-05 14:50:00+05:30,985.9,985.9,985.9,985.9,0,450
2025-12-05 14:51:00+05:30,985.9,985.9,985.9,985.9,0,450
2025-12-05 14:52:00+05:30,985.9,985.9,985.9,985.9,0,450
2025-12-05 14:53:00+05:30,985.9,985.9,985.9,985.9,0,450
2025-12-05 14:54:00+05:30,985.9,985.9,985.9,985.9,0,450
2025-12-05 14:55:00+05:30,985.9,985.9,985.9,985.9,0,450
2025-12-05 14:56:00+05:30,985.9,985.9,985.9,985.9,0,450
2025-12-05 14:57:00+05:30,985.9,985.9,985.9,985.9,0,450
2025-12-05 14:58:00+05:30,985.9,985.9,985.9,985.9,0,450
2025-12-05 14:59:00+05:30,985.9,985.9,985.9,985.9,0,450
2025-12-05 15:00:00+05:30,985.9,985.9,985.9,985.9,0,450
2025-12-05 15:01:00+05:30,985.9,985.9,985.9,985.9,0,450
2025-12-05 15:02:00+05:30,985.9,985.9,985.9,985.9,0,450
2025-12-05 15:03:00+05:30,985.9,985.9,985.9,985.9,0,450
2025-12-05 15:04:00+05:30,985.9,985.9,985.9,985.9,0,450
2025-12-05 15:05:00+05:30,985.9,985.9,985.9,985.9,0,450
2025-12-05 15:06:00+05:30,985.9,985.9,985.9,985.9,0,450
2025-12-05 15:07:00+05:30,985.9,985.9,985.9,985.9,0,450
2025-12-05 15:08:00+05:30,985.9,985.9,985.9,985.9,0,450
2025-12-05 15:09:00+05:30,985.9,985.9,985.9,985.9,0,450
2025-12-05 15:10:00+05:30,985.9,985.9,985.9,985.9,0,450
2025-12-05 15:11:00+05:30,985.9,985.9,985.9,985.9,0,450
2025-12-05 15:12:00+05:30,985.9,985.9,985.9,985.9,0,450
2025-12-05 15:13:00+05:30,985.9,985.9,985.9,985.9,0,450
2025-12-05 15:14:00+05:30,985.9,985.9,985.9,985.9,0,450
2025-12-05 15:15:00+05:30,985.9,985.9,985.9,985.9,0,450
2025-12-05 15:16:00+05:30,985.9,985.9,985.9,985.9,0,450
2025-12-05 15:17:00+05:30,985.9,985.9,985.9,985.9,0,450
2025-12-05 15:18:00+05:30,985.9,985.9,985.9,985.9,0,450
2025-12-05 15:19:00+05:30,985.9,985.9,985.9,985.9,0,450
2025-12-05 15:20:00+05:30,985.9,985.9,985.9,985.9,0,450
2025-12-05 15:21:00+05:30,985.9,985.9,985.9,985.9,0,450
2025-12-05 15:22:00+05:30,985.9,985.9,985.9,985.9,0,450
2025-12-05 15:23:00+05:30,985.9,985.9,985.9,985.9,0,450
2025-12-05 15:24:00+05:30,985.9,985.9,985.9,985.9,0,450
2025-12-05 15:25:00+05:30,985.9,985.9,985.9,985.9,0,450
2025-12-05 15:26:00+05:30,985.9,985.9,985.9,985.9,0,450
2025-12-05 15:27:00+05:30,985.9,985.9,985.9,985.9,0,450
2025-12-05 15:28:00+05:30,985.9,985.9,985.9,985.9,0,450
2025-12-05 15:29:00+05:30,985.9,985.9,985.9,985.9,0,450
2025-12-08 11:33:00+05:30,890.0,890.0,890.0,890.0,300,375
2025-12-08 11:34:00+05:30,890.0,890.0,890.0,890.0,0,375
2025-12-08 11:35:00+05:30,890.0,890.0,890.0,890.0,0,375
2025-12-08 11:36:00+05:30,890.0,890.0,890.0,890.0,0,375
2025-12-08 11:37:00+05:30,890.0,890.0,890.0,890.0,0,375
2025-12-08 11:38:00+05:30,890.0,890.0,890.0,890.0,0,375
2025-12-08 11:39:00+05:30,890.0,890.0,890.0,890.0,0,375
2025-12-08 11:40:00+05:30,890.0,890.0,890.0,890.0,0,375
2025-12-08 11:41:00+05:30,890.0,890.0,890.0,890.0,0,375
2025-12-08 11:42:00+05:30,890.0,890.0,890.0,890.0,0,375
2025-12-08 11:43:00+05:30,890.0,890.0,890.0,890.0,0,375
2025-12-08 11:44:00+05:30,890.0,890.0,890.0,890.0,0,375
2025-12-08 11:45:00+05:30,890.0,890.0,890.0,890.0,0,375
2025-12-08 11:46:00+05:30,890.0,890.0,890.0,890.0,0,375
2025-12-08 11:47:00+05:30,890.0,890.0,890.0,890.0,0,375
2025-12-08 11:48:00+05:30,890.0,890.0,890.0,890.0,0,375
2025-12-08 11:49:00+05:30,890.0,890.0,890.0,890.0,0,375
2025-12-08 11:50:00+05:30,890.0,890.0,890.0,890.0,0,375
2025-12-08 11:51:00+05:30,890.0,890.0,890.0,890.0,0,375
2025-12-08 11:52:00+05:30,890.0,890.0,890.0,890.0,0,375
2025-12-08 11:53:00+05:30,890.0,890.0,890.0,890.0,0,375
2025-12-08 11:54:00+05:30,890.0,890.0,890.0,890.0,0,375
2025-12-08 11:55:00+05:30,890.0,890.0,890.0,890.0,0,375
2025-12-08 11:56:00+05:30,890.0,890.0,890.0,890.0,0,375
2025-12-08 11:57:00+05:30,890.0,890.0,890.0,890.0,0,375
2025-12-08 11:58:00+05:30,890.0,890.0,890.0,890.0,0,375
2025-12-08 11:59:00+05:30,890.0,890.0,890.0,890.0,0,375
2025-12-08 12:00:00+05:30,890.0,890.0,890.0,890.0,0,375
2025-12-08 12:01:00+05:30,890.0,890.0,890.0,890.0,0,375
2025-12-08 12:02:00+05:30,890.0,890.0,890.0,890.0,0,375
2025-12-08 12:03:00+05:30,890.0,890.0,890.0,890.0,0,375
2025-12-08 12:04:00+05:30,890.0,890.0,890.0,890.0,0,375
2025-12-08 12:05:00+05:30,890.0,890.0,890.0,890.0,0,375
2025-12-08 12:06:00+05:30,890.0,890.0,890.0,890.0,0,375
2025-12-08 12:07:00+05:30,890.0,890.0,890.0,890.0,0,375
2025-12-08 12:08:00+05:30,890.0,890.0,890.0,890.0,0,375
2025-12-08 12:09:00+05:30,890.0,890.0,890.0,890.0,0,375
2025-12-08 12:10:00+05:30,890.0,890.0,890.0,890.0,0,375
2025-12-08 12:11:00+05:30,890.0,890.0,890.0,890.0,0,375
2025-12-08 12:12:00+05:30,890.0,890.0,890.0,890.0,0,375
2025-12-08 12:13:00+05:30,890.0,890.0,890.0,890.0,0,375
2025-12-08 12:14:00+05:30,890.0,890.0,890.0,890.0,0,375
2025-12-08 12:15:00+05:30,890.0,890.0,890.0,890.0,0,375
2025-12-08 12:16:00+05:30,890.0,890.0,890.0,890.0,0,375
2025-12-08 12:17:00+05:30,890.0,890.0,890.0,890.0,0,375
2025-12-08 12:18:00+05:30,890.0,890.0,890.0,890.0,0,375
2025-12-08 12:19:00+05:30,890.0,890.0,890.0,890.0,0,375
2025-12-08 12:20:00+05:30,890.0,890.0,890.0,890.0,0,375
2025-12-08 12:21:00+05:30,890.0,890.0,890.0,890.0,0,375
2025-12-08 12:22:00+05:30,890.0,890.0,890.0,890.0,0,375
2025-12-08 12:23:00+05:30,890.0,890.0,890.0,890.0,0,375
2025-12-08 12:24:00+05:30,890.0,890.0,890.0,890.0,0,375
2025-12-08 12:25:00+05:30,890.0,890.0,890.0,890.0,0,375
2025-12-08 12:26:00+05:30,890.0,890.0,890.0,890.0,0,375
2025-12-08 12:27:00+05:30,890.0,890.0,890.0,890.0,0,375
2025-12-08 12:28:00+05:30,890.0,890.0,890.0,890.0,0,375
2025-12-08 12:29:00+05:30,890.0,890.0,890.0,890.0,0,375
2025-12-08 12:30:00+05:30,890.0,890.0,890.0,890.0,0,375
2025-12-08 12:31:00+05:30,890.0,890.0,890.0,890.0,0,375
2025-12-08 12:32:00+05:30,890.0,890.0,890.0,890.0,0,375
2025-12-08 12:33:00+05:30,890.0,890.0,890.0,890.0,0,375
2025-12-08 12:34:00+05:30,890.0,890.0,890.0,890.0,0,375
2025-12-08 12:35:00+05:30,890.0,890.0,890.0,890.0,0,375
2025-12-08 12:36:00+05:30,890.0,890.0,890.0,890.0,0,375
2025-12-08 12:37:00+05:30,890.0,890.0,890.0,890.0,0,375
2025-12-08 12:38:00+05:30,890.0,890.0,890.0,890.0,0,375
2025-12-08 12:39:00+05:30,890.0,890.0,890.0,890.0,0,375
2025-12-08 12:40:00+05:30,890.0,890.0,890.0,890.0,0,375
2025-12-08 12:41:00+05:30,890.0,890.0,890.0,890.0,0,375
2025-12-08 12:42:00+05:30,890.0,890.0,890.0,890.0,0,375
2025-12-08 12:43:00+05:30,890.0,890.0,890.0,890.0,0,375
2025-12-08 12:44:00+05:30,890.0,890.0,890.0,890.0,0,375
2025-12-08 12:45:00+05:30,890.0,890.0,890.0,890.0,0,375
2025-12-08 12:46:00+05:30,890.0,890.0,890.0,890.0,0,375
2025-12-08 12:47:00+05:30,890.0,890.0,890.0,890.0,0,375
2025-12-08 12:48:00+05:30,890.0,890.0,890.0,890.0,0,375
2025-12-08 12:49:00+05:30,890.0,890.0,890.0,890.0,0,375
2025-12-08 12:50:00+05:30,890.0,890.0,890.0,890.0,0,375
2025-12-08 12:51:00+05:30,890.0,890.0,890.0,890.0,0,375
2025-12-08 12:52:00+05:30,890.0,890.0,890.0,890.0,0,375
2025-12-08 12:53:00+05:30,890.0,890.0,890.0,890.0,0,375
2025-12-08 12:54:00+05:30,890.0,890.0,890.0,890.0,0,375
2025-12-08 12:55:00+05:30,890.0,890.0,890.0,890.0,0,375
2025-12-08 12:56:00+05:30,890.0,890.0,890.0,890.0,0,375
2025-12-08 12:57:00+05:30,890.0,890.0,890.0,890.0,0,375
2025-12-08 12:58:00+05:30,890.0,890.0,890.0,890.0,0,375
2025-12-08 12:59:00+05:30,890.0,890.0,890.0,890.0,0,375
2025-12-08 13:00:00+05:30,890.0,890.0,890.0,890.0,0,375
2025-12-08 13:01:00+05:30,890.0,890.0,890.0,890.0,0,375
2025-12-08 13:02:00+05:30,890.0,890.0,890.0,890.0,0,375
2025-12-08 13:03:00+05:30,890.0,890.0,890.0,890.0,0,375
2025-12-08 13:04:00+05:30,890.0,890.0,890.0,890.0,0,375
2025-12-08 13:05:00+05:30,890.0,890.0,890.0,890.0,0,375
2025-12-08 13:06:00+05:30,890.0,890.0,890.0,890.0,0,375
2025-12-08 13:07:00+05:30,890.0,890.0,890.0,890.0,0,375
2025-12-08 13:08:00+05:30,890.0,890.0,890.0,890.0,0,375
2025-12-08 13:09:00+05:30,890.0,890.0,890.0,890.0,0,375
2025-12-08 13:10:00+05:30,890.0,890.0,890.0,890.0,0,375
2025-12-08 13:11:00+05:30,890.0,890.0,890.0,890.0,0,375
2025-12-08 13:12:00+05:30,890.0,890.0,890.0,890.0,0,375
2025-12-08 13:13:00+05:30,890.0,890.0,890.0,890.0,0,375
2025-12-08 13:14:00+05:30,890.0,890.0,890.0,890.0,0,375
2025-12-08 13:15:00+05:30,890.0,890.0,890.0,890.0,0,375
2025-12-08 13:16:00+05:30,890.0,890.0,890.0,890.0,0,375
2025-12-08 13:17:00+05:30,890.0,890.0,890.0,890.0,0,375
2025-12-08 13:18:00+05:30,890.0,890.0,890.0,890.0,0,375
2025-12-08 13:19:00+05:30,890.0,890.0,890.0,890.0,0,375
2025-12-08 13:20:00+05:30,890.0,890.0,890.0,890.0,0,375
2025-12-08 13:21:00+05:30,890.0,890.0,890.0,890.0,0,375
2025-12-08 13:22:00+05:30,890.0,890.0,890.0,890.0,0,375
2025-12-08 13:23:00+05:30,890.0,890.0,890.0,890.0,0,375
2025-12-08 13:24:00+05:30,890.0,890.0,890.0,890.0,0,375
2025-12-08 13:25:00+05:30,798.95,805.35,798.95,805.0,750,675
2025-12-08 13:26:00+05:30,805.0,805.0,805.0,805.0,0,675
2025-12-08 13:27:00+05:30,813.8,813.8,813.45,813.45,750,1350
2025-12-08 13:28:00+05:30,799.45,800.0,795.4,800.0,375,1350
2025-12-08 13:29:00+05:30,800.0,800.0,800.0,800.0,0,1350
2025-12-08 13:30:00+05:30,800.0,800.0,800.0,800.0,0,1350
2025-12-08 13:31:00+05:30,800.0,800.0,800.0,800.0,0,1350
2025-12-08 13:32:00+05:30,800.0,800.0,800.0,800.0,0,1350
2025-12-08 13:33:00+05:30,800.0,800.0,800.0,800.0,0,1350
2025-12-08 13:34:00+05:30,747.3,747.3,747.3,747.3,75,1125
2025-12-08 13:35:00+05:30,747.3,747.3,747.3,747.3,0,1125
2025-12-08 13:36:00+05:30,747.3,747.3,747.3,747.3,0,1125
2025-12-08 13:37:00+05:30,747.2,747.2,747.2,747.2,75,1050
2025-12-08 13:38:00+05:30,747.2,747.2,747.2,747.2,0,1050
2025-12-08 13:39:00+05:30,747.2,747.2,747.2,747.2,0,1050
2025-12-08 13:40:00+05:30,747.2,747.2,747.2,747.2,0,1050
2025-12-08 13:41:00+05:30,747.2,747.2,747.2,747.2,0,1050
2025-12-08 13:42:00+05:30,747.2,747.2,747.2,747.2,0,1050
2025-12-08 13:43:00+05:30,747.2,747.2,747.2,747.2,0,1050
2025-12-08 13:44:00+05:30,747.2,747.2,747.2,747.2,0,1050
2025-12-08 13:45:00+05:30,747.2,747.2,747.2,747.2,0,1050
2025-12-08 13:46:00+05:30,747.2,747.2,747.2,747.2,0,1050
2025-12-08 13:47:00+05:30,747.2,747.2,747.2,747.2,0,1050
2025-12-08 13:48:00+05:30,747.2,747.2,747.2,747.2,0,1050
2025-12-08 13:49:00+05:30,747.2,747.2,747.2,747.2,0,1050
2025-12-08 13:50:00+05:30,747.2,747.2,747.2,747.2,0,1050
2025-12-08 13:51:00+05:30,747.2,747.2,747.2,747.2,0,1050
2025-12-08 13:52:00+05:30,747.2,747.2,747.2,747.2,0,1050
2025-12-08 13:53:00+05:30,747.2,747.2,747.2,747.2,0,1050
2025-12-08 13:54:00+05:30,747.2,747.2,747.2,747.2,0,1050
2025-12-08 13:55:00+05:30,747.2,747.2,747.2,747.2,0,1050
2025-12-08 13:56:00+05:30,747.2,747.2,747.2,747.2,0,1050
2025-12-08 13:57:00+05:30,747.2,747.2,747.2,747.2,0,1050
2025-12-08 13:58:00+05:30,747.2,747.2,747.2,747.2,0,1050
2025-12-08 13:59:00+05:30,747.2,747.2,747.2,747.2,0,1050
2025-12-08 14:00:00+05:30,747.2,747.2,747.2,747.2,0,1050
2025-12-08 14:01:00+05:30,747.2,747.2,747.2,747.2,0,1050
2025-12-08 14:02:00+05:30,747.2,747.2,747.2,747.2,0,1050
2025-12-08 14:03:00+05:30,747.2,747.2,747.2,747.2,0,1050
2025-12-08 14:04:00+05:30,747.2,747.2,747.2,747.2,0,1050
2025-12-08 14:05:00+05:30,747.2,747.2,747.2,747.2,0,1050
2025-12-08 14:06:00+05:30,747.2,747.2,747.2,747.2,0,1050
2025-12-08 14:07:00+05:30,747.2,747.2,747.2,747.2,0,1050
2025-12-08 14:08:00+05:30,747.2,747.2,747.2,747.2,0,1050
2025-12-08 14:09:00+05:30,747.2,747.2,747.2,747.2,0,1050
2025-12-08 14:10:00+05:30,747.2,747.2,747.2,747.2,0,1050
2025-12-08 14:11:00+05:30,747.2,747.2,747.2,747.2,0,1050
2025-12-08 14:12:00+05:30,747.2,747.2,747.2,747.2,0,1050
2025-12-08 14:13:00+05:30,747.2,747.2,747.2,747.2,0,1050
2025-12-08 14:14:00+05:30,747.2,747.2,747.2,747.2,0,1050
2025-12-08 14:15:00+05:30,747.2,747.2,747.2,747.2,0,1050
2025-12-08 14:16:00+05:30,747.1,747.5,747.1,747.5,300,1125
2025-12-08 14:17:00+05:30,747.5,747.5,747.5,747.5,0,1125
2025-12-08 14:18:00+05:30,747.5,747.5,747.5,747.5,0,1125
2025-12-08 14:19:00+05:30,758.35,758.35,758.1,758.2,300,1275
2025-12-08 14:20:00+05:30,753.2,753.2,751.0,751.0,300,1275
2025-12-08 14:21:00+05:30,747.5,747.5,747.4,747.4,225,1350
2025-12-08 14:22:00+05:30,747.4,747.4,747.4,747.4,0,1350
2025-12-08 14:23:00+05:30,747.4,747.4,747.4,747.4,0,1350
2025-12-08 14:24:00+05:30,747.4,747.4,747.4,747.4,0,1350
2025-12-08 14:25:00+05:30,747.4,747.4,747.4,747.4,0,1350
2025-12-08 14:26:00+05:30,747.4,747.4,747.4,747.4,0,1350
2025-12-08 14:27:00+05:30,747.4,747.4,747.4,747.4,0,1350
2025-12-08 14:28:00+05:30,760.0,760.0,760.0,760.0,150,1500
2025-12-08 14:29:00+05:30,760.0,760.0,760.0,760.0,150,1500
2025-12-08 14:30:00+05:30,760.0,760.0,760.0,760.0,0,1500
2025-12-08 14:31:00+05:30,760.0,760.0,760.0,760.0,0,1500
2025-12-08 14:32:00+05:30,760.0,760.0,760.0,760.0,0,1500
2025-12-08 14:33:00+05:30,760.0,760.0,760.0,760.0,0,1500
2025-12-08 14:34:00+05:30,760.0,760.0,760.0,760.0,0,1500
2025-12-08 14:35:00+05:30,760.0,760.0,760.0,760.0,0,1500
2025-12-08 14:36:00+05:30,760.0,760.0,760.0,760.0,0,1500
2025-12-08 14:37:00+05:30,760.0,760.0,760.0,760.0,0,1500
2025-12-08 14:38:00+05:30,760.0,760.0,760.0,760.0,0,1500
2025-12-08 14:39:00+05:30,760.0,760.0,760.0,760.0,0,1500
2025-12-08 14:40:00+05:30,760.0,760.0,760.0,760.0,0,1500
2025-12-08 14:41:00+05:30,760.0,760.0,760.0,760.0,0,1500
2025-12-08 14:42:00+05:30,760.0,760.0,760.0,760.0,0,1500
2025-12-08 14:43:00+05:30,760.0,760.0,760.0,760.0,0,1500
2025-12-08 14:44:00+05:30,760.0,760.0,760.0,760.0,0,1500
2025-12-08 14:45:00+05:30,760.0,760.0,760.0,760.0,0,1500
2025-12-08 14:46:00+05:30,760.0,760.0,760.0,760.0,0,1500
2025-12-08 14:47:00+05:30,760.0,760.0,760.0,760.0,0,1500
2025-12-08 14:48:00+05:30,760.0,760.0,760.0,760.0,0,1500
2025-12-08 14:49:00+05:30,760.0,760.0,760.0,760.0,0,1500
2025-12-08 14:50:00+05:30,760.0,760.0,760.0,760.0,0,1500
2025-12-08 14:51:00+05:30,760.0,760.0,760.0,760.0,0,1500
2025-12-08 14:52:00+05:30,760.0,760.0,760.0,760.0,0,1500
2025-12-08 14:53:00+05:30,760.0,760.0,760.0,760.0,0,1500
2025-12-08 14:54:00+05:30,770.4,770.4,770.4,770.4,150,1275
2025-12-08 14:55:00+05:30,770.4,770.4,770.4,770.4,0,1275
2025-12-08 14:56:00+05:30,770.4,770.4,770.4,770.4,0,1275
2025-12-08 14:57:00+05:30,770.4,770.4,770.4,770.4,0,1275
2025-12-08 14:58:00+05:30,770.4,770.4,770.4,770.4,0,1275
2025-12-08 14:59:00+05:30,770.4,770.4,770.4,770.4,0,1275
2025-12-08 15:00:00+05:30,770.4,770.4,770.4,770.4,0,1275
2025-12-08 15:01:00+05:30,770.4,770.4,770.4,770.4,0,1275
2025-12-08 15:02:00+05:30,770.4,770.4,770.4,770.4,0,1275
2025-12-08 15:03:00+05:30,770.4,770.4,770.4,770.4,0,1275
2025-12-08 15:04:00+05:30,770.4,770.4,770.4,770.4,0,1275
2025-12-08 15:05:00+05:30,770.4,770.4,770.4,770.4,0,1275
2025-12-08 15:06:00+05:30,770.4,770.4,770.4,770.4,0,1275
2025-12-08 15:07:00+05:30,770.4,770.4,770.4,770.4,0,1275
2025-12-08 15:08:00+05:30,770.4,770.4,770.4,770.4,0,1275
2025-12-08 15:09:00+05:30,770.4,770.4,770.4,770.4,0,1275
2025-12-08 15:10:00+05:30,770.4,770.4,770.4,770.4,0,1275
2025-12-08 15:11:00+05:30,770.4,770.4,770.4,770.4,0,1275
2025-12-08 15:12:00+05:30,770.4,770.4,770.4,770.4,0,1275
2025-12-08 15:13:00+05:30,770.4,770.4,770.4,770.4,0,1275
2025-12-08 15:14:00+05:30,770.4,770.4,770.4,770.4,0,1275
2025-12-08 15:15:00+05:30,770.4,770.4,770.4,770.4,0,1275
2025-12-08 15:16:00+05:30,770.4,770.4,770.4,770.4,0,1275
2025-12-08 15:17:00+05:30,770.4,770.4,770.4,770.4,0,1275
2025-12-08 15:18:00+05:30,770.4,770.4,770.4,770.4,0,1275
2025-12-08 15:19:00+05:30,770.4,770.4,770.4,770.4,0,1275
2025-12-08 15:20:00+05:30,770.4,770.4,770.4,770.4,0,1275
2025-12-08 15:21:00+05:30,770.4,770.4,770.4,770.4,0,1275
2025-12-08 15:22:00+05:30,770.4,770.4,770.4,770.4,0,1275
2025-12-08 15:23:00+05:30,770.4,770.4,770.4,770.4,0,1275
2025-12-08 15:24:00+05:30,770.4,770.4,770.4,770.4,0,1275
2025-12-08 15:25:00+05:30,770.4,770.4,770.4,770.4,0,1275
2025-12-08 15:26:00+05:30,770.4,770.4,770.4,770.4,0,1275
2025-12-08 15:27:00+05:30,770.4,770.4,770.4,770.4,0,1275
2025-12-08 15:28:00+05:30,770.4,770.4,770.4,770.4,0,1275
2025-12-08 15:29:00+05:30,770.4,770.4,770.4,770.4,0,1275
2025-12-09 09:35:00+05:30,600.0,600.0,600.0,600.0,75,1275
2025-12-09 09:36:00+05:30,600.0,600.0,600.0,600.0,150,1275
2025-12-09 09:37:00+05:30,600.0,600.0,600.0,600.0,0,1275
2025-12-09 09:38:00+05:30,604.25,604.25,604.25,604.25,75,1500
2025-12-09 09:39:00+05:30,604.25,604.25,604.25,604.25,0,1500
2025-12-09 09:40:00+05:30,604.25,604.25,604.25,604.25,0,1500
2025-12-09 09:41:00+05:30,610.0,610.0,610.0,610.0,75,1500
2025-12-09 09:42:00+05:30,610.0,610.0,610.0,610.0,0,1500
2025-12-09 09:43:00+05:30,610.0,610.0,610.0,610.0,0,1500
2025-12-09 09:44:00+05:30,610.0,610.0,610.0,610.0,0,1500
2025-12-09 09:45:00+05:30,610.0,610.0,610.0,610.0,0,1500
2025-12-09 09:46:00+05:30,610.0,610.0,610.0,610.0,0,1500
2025-12-09 09:47:00+05:30,610.0,610.0,610.0,610.0,0,1500
2025-12-09 09:48:00+05:30,610.0,610.0,610.0,610.0,0,1500
2025-12-09 09:49:00+05:30,610.0,610.0,610.0,610.0,0,1500
2025-12-09 09:50:00+05:30,610.0,610.0,610.0,610.0,0,1500
2025-12-09 09:51:00+05:30,610.0,610.0,610.0,610.0,0,1500
2025-12-09 09:52:00+05:30,610.0,610.0,610.0,610.0,0,1500
2025-12-09 09:53:00+05:30,610.0,610.0,610.0,610.0,0,1500
2025-12-09 09:54:00+05:30,610.0,610.0,610.0,610.0,0,1500
2025-12-09 09:55:00+05:30,610.0,610.0,610.0,610.0,0,1500
2025-12-09 09:56:00+05:30,610.0,610.0,610.0,610.0,0,1500
2025-12-09 09:57:00+05:30,610.0,610.0,610.0,610.0,0,1500
2025-12-09 09:58:00+05:30,610.0,610.0,610.0,610.0,0,1500
2025-12-09 09:59:00+05:30,610.0,610.0,610.0,610.0,0,1500
2025-12-09 10:00:00+05:30,610.0,610.0,610.0,610.0,0,1500
2025-12-09 10:01:00+05:30,610.0,610.0,610.0,610.0,0,1500
2025-12-09 10:02:00+05:30,610.0,610.0,610.0,610.0,0,1500
2025-12-09 10:03:00+05:30,610.0,610.0,610.0,610.0,0,1500
2025-12-09 10:04:00+05:30,610.0,610.0,610.0,610.0,0,1500
2025-12-09 10:05:00+05:30,610.0,610.0,610.0,610.0,0,1500
2025-12-09 10:06:00+05:30,610.0,610.0,610.0,610.0,0,1500
2025-12-09 10:07:00+05:30,610.0,610.0,610.0,610.0,0,1500
2025-12-09 10:08:00+05:30,610.0,610.0,610.0,610.0,0,1500
2025-12-09 10:09:00+05:30,610.0,610.0,610.0,610.0,0,1500
2025-12-09 10:10:00+05:30,610.0,610.0,610.0,610.0,0,1500
2025-12-09 10:11:00+05:30,610.0,610.0,610.0,610.0,0,1500
2025-12-09 10:12:00+05:30,610.0,610.0,610.0,610.0,0,1500
2025-12-09 10:13:00+05:30,610.0,610.0,610.0,610.0,0,1500
2025-12-09 10:14:00+05:30,610.0,610.0,610.0,610.0,0,1500
2025-12-09 10:15:00+05:30,610.0,610.0,610.0,610.0,0,1500
2025-12-09 10:16:00+05:30,610.0,610.0,610.0,610.0,0,1500
2025-12-09 10:17:00+05:30,610.0,610.0,610.0,610.0,0,1500
2025-12-09 10:18:00+05:30,610.0,610.0,610.0,610.0,0,1500
2025-12-09 10:19:00+05:30,610.0,610.0,610.0,610.0,0,1500
2025-12-09 10:20:00+05:30,610.0,610.0,610.0,610.0,0,1500
2025-12-09 10:21:00+05:30,610.0,610.0,610.0,610.0,0,1500
2025-12-09 10:22:00+05:30,649.05,649.05,649.05,649.05,75,1500
2025-12-09 10:23:00+05:30,660.0,660.0,660.0,660.0,75,1500
2025-12-09 10:24:00+05:30,660.0,660.0,660.0,660.0,0,1500
2025-12-09 10:25:00+05:30,660.0,660.0,660.0,660.0,0,1500
2025-12-09 10:26:00+05:30,660.0,660.0,660.0,660.0,0,1500
2025-12-09 10:27:00+05:30,660.0,660.0,660.0,660.0,0,1500
2025-12-09 10:28:00+05:30,660.0,660.0,660.0,660.0,0,1500
2025-12-09 10:29:00+05:30,660.0,660.0,660.0,660.0,0,1500
2025-12-09 10:30:00+05:30,660.0,660.0,660.0,660.0,0,1500
2025-12-09 10:31:00+05:30,660.0,660.0,660.0,660.0,0,1500
2025-12-09 10:32:00+05:30,660.0,660.0,660.0,660.0,0,1500
2025-12-09 10:33:00+05:30,660.0,660.0,660.0,660.0,0,1500
2025-12-09 10:34:00+05:30,660.0,660.0,660.0,660.0,0,1500
2025-12-09 10:35:00+05:30,660.0,660.0,660.0,660.0,0,1500
2025-12-09 10:36:00+05:30,660.0,660.0,660.0,660.0,0,1500
2025-12-09 10:37:00+05:30,660.0,660.0,660.0,660.0,0,1500
2025-12-09 10:38:00+05:30,660.0,660.0,660.0,660.0,0,1500
2025-12-09 10:39:00+05:30,660.0,660.0,660.0,660.0,0,1500
2025-12-09 10:40:00+05:30,660.0,660.0,660.0,660.0,0,1500
2025-12-09 10:41:00+05:30,660.0,660.0,660.0,660.0,0,1500
2025-12-09 10:42:00+05:30,660.0,660.0,660.0,660.0,0,1500
2025-12-09 10:43:00+05:30,660.0,660.0,660.0,660.0,0,1500
2025-12-09 10:44:00+05:30,631.75,631.75,631.75,631.75,75,1575
2025-12-09 10:45:00+05:30,631.75,631.75,631.75,631.75,0,1575
2025-12-09 10:46:00+05:30,631.75,631.75,631.75,631.75,0,1575
2025-12-09 10:47:00+05:30,631.75,631.75,631.75,631.75,0,1575
2025-12-09 10:48:00+05:30,631.75,631.75,631.75,631.75,0,1575
2025-12-09 10:49:00+05:30,631.75,631.75,631.75,631.75,0,1575
2025-12-09 10:50:00+05:30,631.75,631.75,631.75,631.75,0,1575
2025-12-09 10:51:00+05:30,631.75,631.75,631.75,631.75,0,1575
2025-12-09 10:52:00+05:30,615.0,615.0,615.0,615.0,75,1650
2025-12-09 10:53:00+05:30,615.0,615.0,615.0,615.0,0,1650
2025-12-09 10:54:00+05:30,615.0,615.0,615.0,615.0,0,1650
2025-12-09 10:55:00+05:30,615.0,615.0,615.0,615.0,0,1650
2025-12-09 10:56:00+05:30,617.0,617.0,617.0,617.0,75,1650
2025-12-09 10:57:00+05:30,617.0,617.0,617.0,617.0,0,1650
2025-12-09 10:58:00+05:30,617.0,617.0,617.0,617.0,0,1650
2025-12-09 10:59:00+05:30,617.0,617.0,617.0,617.0,0,1650
2025-12-09 11:00:00+05:30,617.0,617.0,617.0,617.0,0,1650
2025-12-09 11:01:00+05:30,617.0,617.0,617.0,617.0,0,1650
2025-12-09 11:02:00+05:30,617.0,617.0,617.0,617.0,0,1650
2025-12-09 11:03:00+05:30,617.0,617.0,617.0,617.0,0,1650
2025-12-09 11:04:00+05:30,617.0,617.0,617.0,617.0,0,1650
2025-12-09 11:05:00+05:30,617.0,617.0,617.0,617.0,0,1650
2025-12-09 11:06:00+05:30,653.2,653.2,653.2,653.2,75,1650
2025-12-09 11:07:00+05:30,655.4,655.4,655.4,655.4,75,1650
2025-12-09 11:08:00+05:30,660.65,660.65,660.65,660.65,75,1650
2025-12-09 11:09:00+05:30,660.65,660.65,660.65,660.65,0,1650
2025-12-09 11:10:00+05:30,660.65,660.65,660.65,660.65,0,1650
2025-12-09 11:11:00+05:30,660.65,660.65,660.65,660.65,0,1650
2025-12-09 11:12:00+05:30,660.65,660.65,660.65,660.65,0,1650
2025-12-09 11:13:00+05:30,660.65,660.65,660.65,660.65,0,1650
2025-12-09 11:14:00+05:30,660.65,660.65,660.65,660.65,0,1650
2025-12-09 11:15:00+05:30,660.65,660.65,660.65,660.65,0,1650
2025-12-09 11:16:00+05:30,660.65,660.65,660.65,660.65,0,1650
2025-12-09 11:17:00+05:30,660.65,660.65,660.65,660.65,0,1650
2025-12-09 11:18:00+05:30,660.65,660.65,660.65,660.65,0,1650
2025-12-09 11:19:00+05:30,660.65,660.65,660.65,660.65,0,1650
2025-12-09 11:20:00+05:30,660.65,660.65,660.65,660.65,0,1650
2025-12-09 11:21:00+05:30,660.65,660.65,660.65,660.65,0,1650
2025-12-09 11:22:00+05:30,660.65,660.65,660.65,660.65,0,1650
2025-12-09 11:23:00+05:30,660.65,660.65,660.65,660.65,0,1650
2025-12-09 11:24:00+05:30,660.65,660.65,660.65,660.65,0,1650
2025-12-09 11:25:00+05:30,660.65,660.65,660.65,660.65,0,1650
2025-12-09 11:26:00+05:30,660.65,660.65,660.65,660.65,0,1650
2025-12-09 11:27:00+05:30,660.65,660.65,660.65,660.65,0,1650
2025-12-09 11:28:00+05:30,677.45,677.45,677.45,677.45,75,1650
2025-12-09 11:29:00+05:30,672.85,672.85,672.85,672.85,75,1650
2025-12-09 11:30:00+05:30,672.85,672.85,672.85,672.85,0,1650
2025-12-09 11:31:00+05:30,672.85,672.85,672.85,672.85,0,1650
2025-12-09 11:32:00+05:30,672.85,672.85,672.85,672.85,0,1650
2025-12-09 11:33:00+05:30,672.85,672.85,672.85,672.85,0,1650
2025-12-09 11:34:00+05:30,672.85,672.85,672.85,672.85,0,1650
2025-12-09 11:35:00+05:30,672.85,672.85,672.85,672.85,0,1650
2025-12-09 11:36:00+05:30,672.85,672.85,672.85,672.85,0,1650
2025-12-09 11:37:00+05:30,672.85,672.85,672.85,672.85,0,1650
2025-12-09 11:38:00+05:30,672.85,672.85,672.85,672.85,0,1650
2025-12-09 11:39:00+05:30,672.85,672.85,672.85,672.85,0,1650
2025-12-09 11:40:00+05:30,672.85,672.85,672.85,672.85,0,1650
2025-12-09 11:41:00+05:30,672.85,672.85,672.85,672.85,0,1650
2025-12-09 11:42:00+05:30,672.85,672.85,672.85,672.85,0,1650
2025-12-09 11:43:00+05:30,672.85,672.85,672.85,672.85,0,1650
2025-12-09 11:44:00+05:30,672.85,672.85,672.85,672.85,0,1650
2025-12-09 11:45:00+05:30,672.85,672.85,672.85,672.85,0,1650
2025-12-09 11:46:00+05:30,672.85,672.85,672.85,672.85,0,1650
2025-12-09 11:47:00+05:30,672.85,672.85,672.85,672.85,0,1650
2025-12-09 11:48:00+05:30,672.85,672.85,672.85,672.85,0,1650
2025-12-09 11:49:00+05:30,672.85,672.85,672.85,672.85,0,1650
2025-12-09 11:50:00+05:30,672.85,672.85,672.85,672.85,0,1650
2025-12-09 11:51:00+05:30,672.85,672.85,672.85,672.85,0,1650
2025-12-09 11:52:00+05:30,639.85,639.85,639.85,639.85,75,1725
2025-12-09 11:53:00+05:30,643.0,643.0,643.0,643.0,75,1725
2025-12-09 11:54:00+05:30,643.0,643.0,643.0,643.0,0,1725
2025-12-09 11:55:00+05:30,643.0,643.0,643.0,643.0,0,1725
2025-12-09 11:56:00+05:30,643.0,643.0,643.0,643.0,0,1725
2025-12-09 11:57:00+05:30,643.0,643.0,643.0,643.0,0,1725
2025-12-09 11:58:00+05:30,643.0,643.0,643.0,643.0,0,1725
2025-12-09 11:59:00+05:30,643.0,643.0,643.0,643.0,0,1725
2025-12-09 12:00:00+05:30,643.0,643.0,643.0,643.0,0,1725
2025-12-09 12:01:00+05:30,672.6,672.6,672.6,672.6,75,1725
2025-12-09 12:02:00+05:30,672.6,672.6,672.6,672.6,0,1725
2025-12-09 12:03:00+05:30,672.6,672.6,672.6,672.6,0,1725
2025-12-09 12:04:00+05:30,672.6,672.6,672.6,672.6,0,1725
2025-12-09 12:05:00+05:30,672.6,672.6,672.6,672.6,0,1725
2025-12-09 12:06:00+05:30,672.6,672.6,672.6,672.6,0,1725
2025-12-09 12:07:00+05:30,672.6,672.6,672.6,672.6,0,1725
2025-12-09 12:08:00+05:30,672.6,672.6,672.6,672.6,0,1725
2025-12-09 12:09:00+05:30,672.6,672.6,672.6,672.6,0,1725
2025-12-09 12:10:00+05:30,672.6,672.6,672.6,672.6,0,1725
2025-12-09 12:11:00+05:30,672.6,672.6,672.6,672.6,0,1725
2025-12-09 12:12:00+05:30,672.6,672.6,672.6,672.6,0,1725
2025-12-09 12:13:00+05:30,672.6,672.6,672.6,672.6,0,1725
2025-12-09 12:14:00+05:30,672.6,672.6,672.6,672.6,0,1725
2025-12-09 12:15:00+05:30,672.6,672.6,672.6,672.6,0,1725
2025-12-09 12:16:00+05:30,672.6,672.6,672.6,672.6,0,1725
2025-12-09 12:17:00+05:30,672.6,672.6,672.6,672.6,0,1725
2025-12-09 12:18:00+05:30,672.6,672.6,672.6,672.6,0,1725
2025-12-09 12:19:00+05:30,672.6,672.6,672.6,672.6,0,1725
2025-12-09 12:20:00+05:30,672.6,672.6,672.6,672.6,0,1725
2025-12-09 12:21:00+05:30,672.6,672.6,672.6,672.6,0,1725
2025-12-09 12:22:00+05:30,672.6,672.6,672.6,672.6,0,1725
2025-12-09 12:23:00+05:30,672.6,672.6,672.6,672.6,0,1725
2025-12-09 12:24:00+05:30,672.6,672.6,672.6,672.6,0,1725
2025-12-09 12:25:00+05:30,672.6,672.6,672.6,672.6,0,1725
2025-12-09 12:26:00+05:30,723.65,723.65,723.65,723.65,75,1725
2025-12-09 12:27:00+05:30,723.65,723.65,723.65,723.65,0,1725
2025-12-09 12:28:00+05:30,723.65,723.65,723.65,723.65,0,1725
2025-12-09 12:29:00+05:30,723.65,723.65,723.65,723.65,0,1725
2025-12-09 12:30:00+05:30,723.65,723.65,723.65,723.65,0,1725
2025-12-09 12:31:00+05:30,723.65,723.65,723.65,723.65,0,1725
2025-12-09 12:32:00+05:30,723.65,723.65,723.65,723.65,0,1725
2025-12-09 12:33:00+05:30,723.65,723.65,723.65,723.65,0,1725
2025-12-09 12:34:00+05:30,723.65,723.65,723.65,723.65,0,1725
2025-12-09 12:35:00+05:30,723.65,723.65,723.65,723.65,0,1725
2025-12-09 12:36:00+05:30,723.65,723.65,723.65,723.65,0,1725
2025-12-09 12:37:00+05:30,723.65,723.65,723.65,723.65,0,1725
2025-12-09 12:38:00+05:30,723.65,723.65,723.65,723.65,0,1725
2025-12-09 12:39:00+05:30,723.65,723.65,723.65,723.65,0,1725
2025-12-09 12:40:00+05:30,723.65,723.65,723.65,723.65,0,1725
2025-12-09 12:41:00+05:30,723.65,723.65,723.65,723.65,0,1725
2025-12-09 12:42:00+05:30,723.65,723.65,723.65,723.65,0,1725
2025-12-09 12:43:00+05:30,723.65,723.65,723.65,723.65,0,1725
2025-12-09 12:44:00+05:30,723.65,723.65,723.65,723.65,0,1725
2025-12-09 12:45:00+05:30,723.65,723.65,723.65,723.65,0,1725
2025-12-09 12:46:00+05:30,723.65,723.65,723.65,723.65,0,1725
2025-12-09 12:47:00+05:30,723.65,723.65,723.65,723.65,0,1725
2025-12-09 12:48:00+05:30,723.65,723.65,723.65,723.65,0,1725
2025-12-09 12:49:00+05:30,723.65,723.65,723.65,723.65,0,1725
2025-12-09 12:50:00+05:30,723.65,723.65,723.65,723.65,0,1725
2025-12-09 12:51:00+05:30,723.65,723.65,723.65,723.65,0,1725
2025-12-09 12:52:00+05:30,723.65,723.65,723.65,723.65,0,1725
2025-12-09 12:53:00+05:30,723.65,723.65,723.65,723.65,0,1725
2025-12-09 12:54:00+05:30,723.65,723.65,723.65,723.65,0,1725
2025-12-09 12:55:00+05:30,723.65,723.65,723.65,723.65,0,1725
2025-12-09 12:56:00+05:30,723.65,723.65,723.65,723.65,0,1725
2025-12-09 12:57:00+05:30,723.65,723.65,723.65,723.65,0,1725
2025-12-09 12:58:00+05:30,723.65,723.65,723.65,723.65,0,1725
2025-12-09 12:59:00+05:30,723.65,723.65,723.65,723.65,0,1725
2025-12-09 13:00:00+05:30,723.65,723.65,723.65,723.65,0,1725
2025-12-09 13:01:00+05:30,723.65,723.65,723.65,723.65,0,1725
2025-12-09 13:02:00+05:30,723.65,723.65,723.65,723.65,0,1725
2025-12-09 13:03:00+05:30,723.65,723.65,723.65,723.65,0,1725
2025-12-09 13:04:00+05:30,723.65,723.65,723.65,723.65,0,1725
2025-12-09 13:05:00+05:30,723.65,723.65,723.65,723.65,0,1725
2025-12-09 13:06:00+05:30,723.65,723.65,723.65,723.65,0,1725
2025-12-09 13:07:00+05:30,723.65,723.65,723.65,723.65,0,1725
2025-12-09 13:08:00+05:30,723.65,723.65,723.65,723.65,0,1725
2025-12-09 13:09:00+05:30,723.65,723.65,723.65,723.65,0,1725
2025-12-09 13:10:00+05:30,723.65,723.65,723.65,723.65,0,1725
2025-12-09 13:11:00+05:30,723.65,723.65,723.65,723.65,0,1725
2025-12-09 13:12:00+05:30,723.65,723.65,723.65,723.65,0,1725
2025-12-09 13:13:00+05:30,723.65,723.65,723.65,723.65,0,1725
2025-12-09 13:14:00+05:30,723.65,723.65,723.65,723.65,0,1725
2025-12-09 13:15:00+05:30,723.65,723.65,723.65,723.65,0,1725
2025-12-09 13:16:00+05:30,723.65,723.65,723.65,723.65,0,1725
2025-12-09 13:17:00+05:30,723.65,723.65,723.65,723.65,0,1725
2025-12-09 13:18:00+05:30,723.65,723.65,723.65,723.65,0,1725
2025-12-09 13:19:00+05:30,723.65,723.65,723.65,723.65,0,1725
2025-12-09 13:20:00+05:30,723.65,723.65,723.65,723.65,0,1725
2025-12-09 13:21:00+05:30,723.65,723.65,723.65,723.65,0,1725
2025-12-09 13:22:00+05:30,723.65,723.65,723.65,723.65,0,1725
2025-12-09 13:23:00+05:30,723.65,723.65,723.65,723.65,0,1725
2025-12-09 13:24:00+05:30,723.65,723.65,723.65,723.65,0,1725
2025-12-09 13:25:00+05:30,723.65,723.65,723.65,723.65,0,1725
2025-12-09 13:26:00+05:30,723.65,723.65,723.65,723.65,0,1725
2025-12-09 13:27:00+05:30,723.65,723.65,723.65,723.65,0,1725
2025-12-09 13:28:00+05:30,723.65,723.65,723.65,723.65,0,1725
2025-12-09 13:29:00+05:30,723.65,723.65,723.65,723.65,0,1725
2025-12-09 13:30:00+05:30,723.65,723.65,723.65,723.65,0,1725
2025-12-09 13:31:00+05:30,723.65,723.65,723.65,723.65,0,1725
2025-12-09 13:32:00+05:30,723.65,723.65,723.65,723.65,0,1725
2025-12-09 13:33:00+05:30,723.65,723.65,723.65,723.65,0,1725
2025-12-09 13:34:00+05:30,723.65,723.65,723.65,723.65,0,1725
2025-12-09 13:35:00+05:30,723.65,723.65,723.65,723.65,0,1725
2025-12-09 13:36:00+05:30,723.65,723.65,723.65,723.65,0,1725
2025-12-09 13:37:00+05:30,723.65,723.65,723.65,723.65,0,1725
2025-12-09 13:38:00+05:30,692.95,692.95,692.95,692.95,75,1725
2025-12-09 13:39:00+05:30,692.95,692.95,692.95,692.95,0,1725
2025-12-09 13:40:00+05:30,692.95,692.95,692.95,692.95,0,1725
2025-12-09 13:41:00+05:30,692.95,692.95,692.95,692.95,0,1725
2025-12-09 13:42:00+05:30,692.95,692.95,692.95,692.95,0,1725
2025-12-09 13:43:00+05:30,692.95,692.95,692.95,692.95,0,1725
2025-12-09 13:44:00+05:30,692.95,692.95,692.95,692.95,0,1725
2025-12-09 13:45:00+05:30,692.95,692.95,692.95,692.95,0,1725
2025-12-09 13:46:00+05:30,692.95,692.95,692.95,692.95,0,1725
2025-12-09 13:47:00+05:30,692.95,692.95,692.95,692.95,0,1725
2025-12-09 13:48:00+05:30,692.95,692.95,692.95,692.95,0,1725
2025-12-09 13:49:00+05:30,692.95,692.95,692.95,692.95,0,1725
2025-12-09 13:50:00+05:30,692.95,692.95,692.95,692.95,0,1725
2025-12-09 13:51:00+05:30,692.95,692.95,692.95,692.95,0,1725
2025-12-09 13:52:00+05:30,692.95,692.95,692.95,692.95,0,1725
2025-12-09 13:53:00+05:30,692.95,692.95,692.95,692.95,0,1725
2025-12-09 13:54:00+05:30,692.95,692.95,692.95,692.95,0,1725
2025-12-09 13:55:00+05:30,692.95,692.95,692.95,692.95,0,1725
2025-12-09 13:56:00+05:30,692.95,692.95,692.95,692.95,0,1725
2025-12-09 13:57:00+05:30,692.95,692.95,692.95,692.95,0,1725
2025-12-09 13:58:00+05:30,692.95,692.95,692.95,692.95,0,1725
2025-12-09 13:59:00+05:30,692.95,692.95,692.95,692.95,0,1725
2025-12-09 14:00:00+05:30,692.95,692.95,692.95,692.95,0,1725
2025-12-09 14:01:00+05:30,692.95,692.95,692.95,692.95,0,1725
2025-12-09 14:02:00+05:30,692.95,692.95,692.95,692.95,0,1725
2025-12-09 14:03:00+05:30,692.95,692.95,692.95,692.95,0,1725
2025-12-09 14:04:00+05:30,692.95,692.95,692.95,692.95,0,1725
2025-12-09 14:05:00+05:30,692.95,692.95,692.95,692.95,0,1725
2025-12-09 14:06:00+05:30,692.95,692.95,692.95,692.95,0,1725
2025-12-09 14:07:00+05:30,692.95,692.95,692.95,692.95,0,1725
2025-12-09 14:08:00+05:30,683.0,683.0,683.0,683.0,75,1650
2025-12-09 14:09:00+05:30,683.0,683.0,683.0,683.0,0,1650
2025-12-09 14:10:00+05:30,683.0,683.0,683.0,683.0,0,1650
2025-12-09 14:11:00+05:30,683.0,683.0,683.0,683.0,0,1650
2025-12-09 14:12:00+05:30,683.0,683.0,683.0,683.0,0,1650
2025-12-09 14:13:00+05:30,683.0,683.0,683.0,683.0,0,1650
2025-12-09 14:14:00+05:30,683.0,683.0,683.0,683.0,0,1650
2025-12-09 14:15:00+05:30,686.65,686.65,686.65,686.65,75,1725
2025-12-09 14:16:00+05:30,686.65,686.65,686.65,686.65,0,1725
2025-12-09 14:17:00+05:30,686.65,686.65,686.65,686.65,0,1725
2025-12-09 14:18:00+05:30,686.65,686.65,686.65,686.65,0,1725
2025-12-09 14:19:00+05:30,686.65,686.65,686.65,686.65,0,1725
2025-12-09 14:20:00+05:30,686.65,686.65,686.65,686.65,0,1725
2025-12-09 14:21:00+05:30,686.65,686.65,686.65,686.65,0,1725
2025-12-09 14:22:00+05:30,686.65,686.65,686.65,686.65,0,1725
2025-12-09 14:23:00+05:30,686.65,686.65,686.65,686.65,0,1725
2025-12-09 14:24:00+05:30,686.65,686.65,686.65,686.65,0,1725
2025-12-09 14:25:00+05:30,686.65,686.65,686.65,686.65,0,1725
2025-12-09 14:26:00+05:30,686.65,686.65,686.65,686.65,0,1725
2025-12-09 14:27:00+05:30,686.65,686.65,686.65,686.65,0,1725
2025-12-09 14:28:00+05:30,686.65,686.65,686.65,686.65,0,1725
2025-12-09 14:29:00+05:30,686.65,686.65,686.65,686.65,0,1725
2025-12-09 14:30:00+05:30,686.65,686.65,686.65,686.65,0,1725
2025-12-09 14:31:00+05:30,631.0,631.0,631.0,631.0,75,1725
2025-12-09 14:32:00+05:30,631.0,631.0,631.0,631.0,0,1725
2025-12-09 14:33:00+05:30,631.0,631.0,631.0,631.0,0,1725
2025-12-09 14:34:00+05:30,631.0,631.0,631.0,631.0,0,1725
2025-12-09 14:35:00+05:30,631.0,631.0,631.0,631.0,0,1725
2025-12-09 14:36:00+05:30,631.0,631.0,631.0,631.0,0,1725
2025-12-09 14:37:00+05:30,632.2,632.2,632.2,632.2,75,1725
2025-12-09 14:38:00+05:30,632.2,632.2,632.2,632.2,0,1725
2025-12-09 14:39:00+05:30,632.2,632.2,632.2,632.2,0,1725
2025-12-09 14:40:00+05:30,632.2,632.2,632.2,632.2,0,1725
2025-12-09 14:41:00+05:30,643.0,643.0,643.0,643.0,75,1725
2025-12-09 14:42:00+05:30,643.0,643.0,643.0,643.0,0,1725
2025-12-09 14:43:00+05:30,643.0,643.0,643.0,643.0,0,1725
2025-12-09 14:44:00+05:30,643.0,643.0,643.0,643.0,0,1725
2025-12-09 14:45:00+05:30,643.0,643.0,643.0,643.0,0,1725
2025-12-09 14:46:00+05:30,643.0,643.0,643.0,643.0,0,1725
2025-12-09 14:47:00+05:30,643.0,643.0,643.0,643.0,0,1725
2025-12-09 14:48:00+05:30,643.0,643.0,643.0,643.0,0,1725
2025-12-09 14:49:00+05:30,643.0,643.0,643.0,643.0,0,1725
2025-12-09 14:50:00+05:30,643.0,643.0,643.0,643.0,0,1725
2025-12-09 14:51:00+05:30,643.0,643.0,643.0,643.0,0,1725
2025-12-09 14:52:00+05:30,643.0,643.0,643.0,643.0,0,1725
2025-12-09 14:53:00+05:30,643.0,643.0,643.0,643.0,0,1725
2025-12-09 14:54:00+05:30,643.0,643.0,643.0,643.0,0,1725
2025-12-09 14:55:00+05:30,643.0,643.0,643.0,643.0,0,1725
2025-12-09 14:56:00+05:30,643.0,643.0,643.0,643.0,0,1725
2025-12-09 14:57:00+05:30,643.0,643.0,643.0,643.0,0,1725
2025-12-09 14:58:00+05:30,643.0,643.0,643.0,643.0,0,1725
2025-12-09 14:59:00+05:30,643.0,643.0,643.0,643.0,0,1725
2025-12-09 15:00:00+05:30,656.4,656.4,656.4,656.4,75,1725
2025-12-09 15:01:00+05:30,656.4,656.4,656.4,656.4,0,1725
2025-12-09 15:02:00+05:30,656.4,656.4,656.4,656.4,0,1725
2025-12-09 15:03:00+05:30,656.4,656.4,656.4,656.4,0,1725
2025-12-09 15:04:00+05:30,656.4,656.4,656.4,656.4,0,1725
2025-12-09 15:05:00+05:30,656.4,656.4,656.4,656.4,0,1725
2025-12-09 15:06:00+05:30,656.4,656.4,656.4,656.4,0,1725
2025-12-09 15:07:00+05:30,656.4,656.4,656.4,656.4,0,1725
2025-12-09 15:08:00+05:30,656.4,656.4,656.4,656.4,0,1725
2025-12-09 15:09:00+05:30,656.4,656.4,656.4,656.4,0,1725
2025-12-09 15:10:00+05:30,656.4,656.4,656.4,656.4,0,1725
2025-12-09 15:11:00+05:30,656.4,656.4,656.4,656.4,0,1725
2025-12-09 15:12:00+05:30,656.4,656.4,656.4,656.4,0,1725
2025-12-09 15:13:00+05:30,656.4,656.4,656.4,656.4,0,1725
2025-12-09 15:14:00+05:30,656.4,656.4,656.4,656.4,0,1725
2025-12-09 15:15:00+05:30,656.4,656.4,656.4,656.4,0,1725
2025-12-09 15:16:00+05:30,640.85,645.0,640.85,642.0,600,1800
2025-12-09 15:17:00+05:30,642.0,642.0,642.0,642.0,75,1950
2025-12-09 15:18:00+05:30,642.0,642.0,642.0,642.0,0,1950
2025-12-09 15:19:00+05:30,642.0,642.0,642.0,642.0,0,1950
2025-12-09 15:20:00+05:30,642.0,642.0,642.0,642.0,0,1950
2025-12-09 15:21:00+05:30,642.0,642.0,642.0,642.0,0,1950
2025-12-09 15:22:00+05:30,642.0,642.0,642.0,642.0,0,1950
2025-12-09 15:23:00+05:30,642.0,642.0,642.0,642.0,0,1950
2025-12-09 15:24:00+05:30,642.0,642.0,642.0,642.0,0,1950
2025-12-09 15:25:00+05:30,642.0,642.0,642.0,642.0,0,1950
2025-12-09 15:26:00+05:30,642.0,642.0,642.0,642.0,0,1950
2025-12-09 15:27:00+05:30,642.0,642.0,642.0,642.0,0,1950
2025-12-09 15:28:00+05:30,642.0,642.0,642.0,642.0,0,1950
2025-12-09 15:29:00+05:30,642.0,642.0,642.0,642.0,0,1950
2025-12-10 09:15:00+05:30,627.15,627.15,626.75,626.75,300,2025
2025-12-10 09:16:00+05:30,626.9,656.2,626.9,645.7,975,2025
2025-12-10 09:17:00+05:30,647.9,655.8,647.6,647.6,675,2025
2025-12-10 09:18:00+05:30,658.6,667.0,658.6,667.0,225,2025
2025-12-10 09:19:00+05:30,676.15,676.6,667.0,667.0,975,2700
2025-12-10 09:20:00+05:30,659.85,659.85,638.95,638.95,1425,2700
2025-12-10 09:21:00+05:30,634.15,650.65,634.15,639.5,300,2700
2025-12-10 09:22:00+05:30,649.95,649.95,649.95,649.95,75,2550
2025-12-10 09:23:00+05:30,652.05,657.5,652.05,657.5,750,2550
2025-12-10 09:24:00+05:30,658.6,658.6,646.0,646.0,450,2550
2025-12-10 09:25:00+05:30,639.4,642.55,638.25,642.55,675,3300
2025-12-10 09:26:00+05:30,638.95,648.65,638.85,648.65,1500,3300
2025-12-10 09:27:00+05:30,648.65,648.65,648.65,648.65,0,3300
2025-12-10 09:28:00+05:30,648.65,648.65,648.65,648.65,0,3300
2025-12-10 09:29:00+05:30,648.65,648.65,648.65,648.65,0,3300
2025-12-10 09:30:00+05:30,648.65,648.65,648.65,648.65,0,3300
2025-12-10 09:31:00+05:30,681.4,686.8,681.0,686.8,1350,3975
2025-12-10 09:32:00+05:30,685.5,692.45,685.5,692.45,525,3975
2025-12-10 09:33:00+05:30,678.4,678.4,678.4,678.4,150,3975
2025-12-10 09:34:00+05:30,687.85,687.9,687.85,687.9,225,3150
2025-12-10 09:35:00+05:30,691.65,691.65,691.65,691.65,225,3150
2025-12-10 09:36:00+05:30,691.65,691.65,691.65,691.65,0,3150
2025-12-10 09:37:00+05:30,691.65,691.65,691.65,691.65,0,3150
2025-12-10 09:38:00+05:30,691.65,691.65,691.65,691.65,0,3150
2025-12-10 09:39:00+05:30,691.65,691.65,691.65,691.65,0,3150
2025-12-10 09:40:00+05:30,691.65,691.65,691.65,691.65,0,3150
2025-12-10 09:41:00+05:30,691.65,691.65,691.65,691.65,0,3150
2025-12-10 09:42:00+05:30,704.45,704.8,704.45,704.8,750,3150
2025-12-10 09:43:00+05:30,704.8,704.8,704.8,704.8,0,3150
2025-12-10 09:44:00+05:30,699.9,701.2,687.25,701.2,675,3750
2025-12-10 09:45:00+05:30,701.2,701.2,701.2,701.2,0,3750
2025-12-10 09:46:00+05:30,701.2,701.2,701.2,701.2,0,3750
2025-12-10 09:47:00+05:30,701.2,701.2,701.2,701.2,0,3750
2025-12-10 09:48:00+05:30,696.2,696.2,696.2,696.2,75,3600
2025-12-10 09:49:00+05:30,686.05,686.1,686.05,686.1,225,3600
2025-12-10 09:50:00+05:30,682.35,687.4,680.15,687.4,450,3600
2025-12-10 09:51:00+05:30,679.95,693.8,679.95,693.8,225,3600
2025-12-10 09:52:00+05:30,693.8,693.8,693.8,693.8,0,3600
2025-12-10 09:53:00+05:30,693.8,693.8,693.8,693.8,0,3600
2025-12-10 09:54:00+05:30,693.8,693.8,693.8,693.8,0,3600
2025-12-10 09:55:00+05:30,686.4,686.4,686.4,686.4,75,3750
2025-12-10 09:56:00+05:30,687.35,688.15,687.35,688.15,225,3750
2025-12-10 09:57:00+05:30,688.15,688.15,688.15,688.15,0,3750
2025-12-10 09:58:00+05:30,688.15,688.15,688.15,688.15,0,3750
2025-12-10 09:59:00+05:30,688.15,688.15,688.15,688.15,0,3750
2025-12-10 10:00:00+05:30,679.35,679.35,679.35,679.35,75,3600
2025-12-10 10:01:00+05:30,677.05,677.05,677.05,677.05,75,3600
2025-12-10 10:02:00+05:30,695.45,695.9,695.45,695.9,375,3600
2025-12-10 10:03:00+05:30,706.55,706.55,706.55,706.55,75,3600
2025-12-10 10:04:00+05:30,698.3,698.3,698.3,698.3,150,3600
2025-12-10 10:05:00+05:30,698.3,698.3,698.3,698.3,0,3600
2025-12-10 10:06:00+05:30,698.3,698.3,698.3,698.3,0,3600
2025-12-10 10:07:00+05:30,698.3,698.3,698.3,698.3,0,3600
2025-12-10 10:08:00+05:30,698.3,698.3,698.3,698.3,0,3600
2025-12-10 10:09:00+05:30,706.65,706.65,706.65,706.65,75,3525
2025-12-10 10:10:00+05:30,706.65,706.65,706.65,706.65,0,3525
2025-12-10 10:11:00+05:30,706.65,706.65,706.65,706.65,0,3525
2025-12-10 10:12:00+05:30,706.65,706.65,706.65,706.65,0,3525
2025-12-10 10:13:00+05:30,706.65,706.65,706.65,706.65,0,3525
2025-12-10 10:14:00+05:30,706.65,706.65,706.65,706.65,0,3525
2025-12-10 10:15:00+05:30,719.25,725.45,719.25,725.45,750,3525
2025-12-10 10:16:00+05:30,725.45,725.45,725.45,725.45,0,3525
2025-12-10 10:17:00+05:30,719.6,719.6,719.6,719.6,150,4125
2025-12-10 10:18:00+05:30,719.6,719.6,719.6,719.6,0,4125
2025-12-10 10:19:00+05:30,719.6,719.6,719.6,719.6,0,4125
2025-12-10 10:20:00+05:30,731.75,731.8,731.75,731.8,225,4275
2025-12-10 10:21:00+05:30,731.8,731.8,731.8,731.8,0,4275
2025-12-10 10:22:00+05:30,727.25,727.25,727.25,727.25,150,4125
2025-12-10 10:23:00+05:30,727.25,727.25,727.25,727.25,0,4125
2025-12-10 10:24:00+05:30,727.25,727.25,727.25,727.25,0,4125
2025-12-10 10:25:00+05:30,727.25,727.25,727.25,727.25,0,4125
2025-12-10 10:26:00+05:30,727.25,727.25,727.25,727.25,0,4125
2025-12-10 10:27:00+05:30,727.25,727.25,727.25,727.25,0,4125
2025-12-10 10:28:00+05:30,722.5,722.5,722.5,722.5,150,4200
2025-12-10 10:29:00+05:30,713.85,713.95,713.85,713.95,300,4200
2025-12-10 10:30:00+05:30,718.75,720.35,718.75,720.35,300,4200
2025-12-10 10:31:00+05:30,721.65,721.65,718.6,718.6,150,4500
2025-12-10 10:32:00+05:30,718.6,718.6,718.6,718.6,0,4500
2025-12-10 10:33:00+05:30,717.25,717.25,715.55,715.55,150,4500
2025-12-10 10:34:00+05:30,715.55,715.55,715.55,715.55,0,4500
2025-12-10 10:35:00+05:30,723.2,723.2,723.2,723.2,150,4575
2025-12-10 10:36:00+05:30,726.35,726.35,726.35,726.35,75,4575
2025-12-10 10:37:00+05:30,726.35,726.35,726.35,726.35,0,4575
2025-12-10 10:38:00+05:30,713.1,713.25,713.1,713.25,375,4500
2025-12-10 10:39:00+05:30,713.25,713.25,713.25,713.25,0,4500
2025-12-10 10:40:00+05:30,713.25,713.25,713.25,713.25,0,4500
2025-12-10 10:41:00+05:30,700.65,700.65,700.3,700.3,225,4875
2025-12-10 10:42:00+05:30,704.25,704.25,704.25,704.25,75,4875
2025-12-10 10:43:00+05:30,704.25,704.25,704.25,704.25,0,4875
2025-12-10 10:44:00+05:30,704.25,704.25,704.25,704.25,0,4875
2025-12-10 10:45:00+05:30,708.3,708.3,708.3,708.3,150,4875
2025-12-10 10:46:00+05:30,705.25,705.25,705.25,705.25,75,4875
2025-12-10 10:47:00+05:30,689.0,689.0,689.0,689.0,75,4950
2025-12-10 10:48:00+05:30,689.0,689.0,689.0,689.0,0,4950
2025-12-10 10:49:00+05:30,682.1,682.1,681.7,681.7,675,4950
2025-12-10 10:50:00+05:30,671.65,671.65,669.0,669.0,675,4950
2025-12-10 10:51:00+05:30,661.4,670.8,661.4,670.8,1275,4950
2025-12-10 10:52:00+05:30,664.45,664.45,664.45,664.45,150,4950
2025-12-10 10:53:00+05:30,664.45,664.45,664.45,664.45,0,4950
2025-12-10 10:54:00+05:30,664.45,664.45,664.45,664.45,0,4950
2025-12-10 10:55:00+05:30,639.9,639.9,639.9,639.9,150,5025
2025-12-10 10:56:00+05:30,647.0,647.15,647.0,647.0,1125,5025
2025-12-10 10:57:00+05:30,650.85,650.85,647.1,648.05,1800,5025
2025-12-10 10:58:00+05:30,648.05,648.05,648.05,648.05,0,5025
2025-12-10 10:59:00+05:30,636.35,636.35,620.9,620.9,525,5700
2025-12-10 11:00:00+05:30,608.85,613.65,608.85,612.95,1200,5700
2025-12-10 11:01:00+05:30,612.35,623.05,610.45,623.05,300,5775
2025-12-10 11:02:00+05:30,624.75,628.8,624.75,628.8,225,5775
2025-12-10 11:03:00+05:30,630.25,630.25,628.05,628.05,225,5775
2025-12-10 11:04:00+05:30,628.05,628.05,628.05,628.05,0,5775
2025-12-10 11:05:00+05:30,640.75,640.75,640.65,640.65,300,6000
2025-12-10 11:06:00+05:30,642.0,645.9,642.0,645.9,225,6000
2025-12-10 11:07:00+05:30,645.9,645.9,645.9,645.9,0,6000
2025-12-10 11:08:00+05:30,638.5,638.5,638.5,638.5,150,5625
2025-12-10 11:09:00+05:30,643.85,643.85,643.85,643.85,75,5625
2025-12-10 11:10:00+05:30,645.65,651.5,645.65,649.2,900,5400
2025-12-10 11:11:00+05:30,650.35,650.35,648.4,648.4,225,5400
2025-12-10 11:12:00+05:30,642.0,645.1,642.0,645.1,150,5400
2025-12-10 11:13:00+05:30,645.1,645.1,645.1,645.1,0,5400
2025-12-10 11:14:00+05:30,645.1,645.1,645.1,645.1,0,5400
2025-12-10 11:15:00+05:30,645.1,645.1,645.1,645.1,0,5400
2025-12-10 11:16:00+05:30,645.1,645.1,645.1,645.1,0,5400
2025-12-10 11:17:00+05:30,645.1,645.1,645.1,645.1,0,5400
2025-12-10 11:18:00+05:30,650.65,650.65,650.65,650.65,75,5400
2025-12-10 11:19:00+05:30,650.65,650.65,650.65,650.65,0,5400
2025-12-10 11:20:00+05:30,651.65,651.65,651.65,651.65,150,5400
2025-12-10 11:21:00+05:30,643.8,643.8,643.8,643.8,75,5400
2025-12-10 11:22:00+05:30,655.25,655.25,655.25,655.25,75,5400
2025-12-10 11:23:00+05:30,647.45,647.45,642.8,642.8,150,5325
2025-12-10 11:24:00+05:30,642.8,642.8,642.8,642.8,0,5325
2025-12-10 11:25:00+05:30,649.45,649.45,649.45,649.45,75,5400
2025-12-10 11:26:00+05:30,649.45,649.45,649.45,649.45,0,5400
2025-12-10 11:27:00+05:30,649.45,649.45,649.45,649.45,0,5400
2025-12-10 11:28:00+05:30,649.45,649.45,649.45,649.45,0,5400
2025-12-10 11:29:00+05:30,638.25,641.35,636.05,636.05,300,5400
2025-12-10 11:30:00+05:30,636.4,636.4,636.4,636.4,75,5400
2025-12-10 11:31:00+05:30,630.15,630.7,630.15,630.7,150,5625
2025-12-10 11:32:00+05:30,634.6,636.8,634.55,636.8,525,5625
2025-12-10 11:33:00+05:30,637.0,637.0,637.0,637.0,75,5625
2025-12-10 11:34:00+05:30,627.35,627.35,627.0,627.0,600,5700
2025-12-10 11:35:00+05:30,626.45,632.45,626.45,632.45,300,5700
2025-12-10 11:36:00+05:30,636.6,636.6,636.6,636.6,75,5700
2025-12-10 11:37:00+05:30,636.6,636.6,636.6,636.6,0,5700
2025-12-10 11:38:00+05:30,636.6,636.6,636.6,636.6,0,5700
2025-12-10 11:39:00+05:30,636.6,636.6,636.6,636.6,0,5700
2025-12-10 11:40:00+05:30,636.6,636.6,636.6,636.6,0,5700
2025-12-10 11:41:00+05:30,635.9,635.9,634.5,635.45,225,5775
2025-12-10 11:42:00+05:30,635.45,635.45,635.45,635.45,0,5775
2025-12-10 11:43:00+05:30,635.45,635.45,635.45,635.45,0,5775
2025-12-10 11:44:00+05:30,635.45,635.45,635.45,635.45,0,5775
2025-12-10 11:45:00+05:30,621.9,626.05,621.55,626.05,825,5775
2025-12-10 11:46:00+05:30,624.05,624.05,623.65,623.65,150,5775
2025-12-10 11:47:00+05:30,623.45,628.0,623.45,628.0,225,5850
2025-12-10 11:48:00+05:30,628.0,628.0,628.0,628.0,0,5850
2025-12-10 11:49:00+05:30,628.0,628.0,628.0,628.0,0,5850
2025-12-10 11:50:00+05:30,628.0,628.0,628.0,628.0,0,5850
2025-12-10 11:51:00+05:30,616.6,617.7,616.6,617.7,225,5850
2025-12-10 11:52:00+05:30,617.7,617.7,617.7,617.7,0,5850
2025-12-10 11:53:00+05:30,617.7,617.7,617.7,617.7,0,5850
2025-12-10 11:54:00+05:30,617.7,617.7,617.7,617.7,0,5850
2025-12-10 11:55:00+05:30,617.7,617.7,617.7,617.7,0,5850
2025-12-10 11:56:00+05:30,626.35,629.45,626.35,629.45,225,5850
2025-12-10 11:57:00+05:30,627.25,627.25,627.25,627.25,75,5850
2025-12-10 11:58:00+05:30,624.0,624.0,624.0,624.0,75,5850
2025-12-10 11:59:00+05:30,623.0,623.0,623.0,623.0,75,6000
2025-12-10 12:00:00+05:30,623.0,623.0,623.0,623.0,0,6000
2025-12-10 12:01:00+05:30,615.95,615.95,605.4,605.4,600,6150
2025-12-10 12:02:00+05:30,611.6,611.6,611.6,611.6,75,6150
2025-12-10 12:03:00+05:30,611.6,611.6,611.6,611.6,0,6150
2025-12-10 12:04:00+05:30,616.95,616.95,616.95,616.95,75,6225
2025-12-10 12:05:00+05:30,624.0,626.35,624.0,626.35,150,6225
2025-12-10 12:06:00+05:30,633.0,633.0,633.0,633.0,75,6225
2025-12-10 12:07:00+05:30,633.0,633.0,633.0,633.0,0,6225
2025-12-10 12:08:00+05:30,633.0,633.0,633.0,633.0,0,6225
2025-12-10 12:09:00+05:30,629.3,629.3,629.3,629.3,150,6150
2025-12-10 12:10:00+05:30,629.3,629.3,629.3,629.3,0,6150
2025-12-10 12:11:00+05:30,620.05,624.1,620.05,622.65,300,6150
2025-12-10 12:12:00+05:30,622.65,622.65,622.65,622.65,0,6150
2025-12-10 12:13:00+05:30,622.65,622.65,622.65,622.65,0,6150
2025-12-10 12:14:00+05:30,619.95,619.95,619.95,619.95,75,6150
2025-12-10 12:15:00+05:30,619.95,619.95,619.95,619.95,0,6150
2025-12-10 12:16:00+05:30,616.0,616.0,614.1,614.1,225,6150
2025-12-10 12:17:00+05:30,614.1,614.1,614.1,614.1,0,6150
2025-12-10 12:18:00+05:30,617.0,617.0,617.0,617.0,225,6300
2025-12-10 12:19:00+05:30,617.0,617.0,617.0,617.0,0,6300
2025-12-10 12:20:00+05:30,623.85,623.85,623.85,623.85,75,6300
2025-12-10 12:21:00+05:30,623.85,623.85,623.85,623.85,0,6300
2025-12-10 12:22:00+05:30,623.85,623.85,623.85,623.85,0,6300
2025-12-10 12:23:00+05:30,623.85,623.85,623.85,623.85,0,6300
2025-12-10 12:24:00+05:30,623.85,623.85,623.85,623.85,0,6300
2025-12-10 12:25:00+05:30,623.85,623.85,623.85,623.85,0,6300
2025-12-10 12:26:00+05:30,608.7,609.0,608.7,609.0,150,6225
2025-12-10 12:27:00+05:30,609.0,609.0,609.0,609.0,0,6225
2025-12-10 12:28:00+05:30,609.0,609.0,609.0,609.0,0,6225
2025-12-10 12:29:00+05:30,609.0,609.0,609.0,609.0,0,6225
2025-12-10 12:30:00+05:30,609.0,609.0,609.0,609.0,0,6225
2025-12-10 12:31:00+05:30,585.4,585.4,585.25,585.25,300,6375
2025-12-10 12:32:00+05:30,586.0,586.0,586.0,586.0,75,6375
2025-12-10 12:33:00+05:30,581.75,581.75,577.7,577.7,300,6375
2025-12-10 12:34:00+05:30,581.65,583.0,575.7,576.15,1500,6375
2025-12-10 12:35:00+05:30,576.15,576.15,576.15,576.15,75,6375
2025-12-10 12:36:00+05:30,572.8,572.8,563.2,564.65,675,6375
2025-12-10 12:37:00+05:30,564.8,564.8,563.35,563.7,225,6375
2025-12-10 12:38:00+05:30,560.85,565.35,557.65,557.65,1200,6825
2025-12-10 12:39:00+05:30,557.8,560.8,557.8,560.8,225,6825
2025-12-10 12:40:00+05:30,560.8,560.8,560.8,560.8,0,6825
2025-12-10 12:41:00+05:30,564.0,565.25,560.35,561.9,1575,6600
2025-12-10 12:42:00+05:30,560.4,561.35,557.35,557.35,525,6600
2025-12-10 12:43:00+05:30,560.7,560.7,560.7,560.7,150,6600
2025-12-10 12:44:00+05:30,560.7,560.7,560.7,560.7,0,6600
2025-12-10 12:45:00+05:30,560.9,562.95,560.9,562.95,150,7875
2025-12-10 12:46:00+05:30,567.65,569.05,567.65,569.05,150,7875
2025-12-10 12:47:00+05:30,572.25,577.45,571.15,577.45,750,7950
2025-12-10 12:48:00+05:30,575.3,575.6,574.75,575.6,300,7950
2025-12-10 12:49:00+05:30,572.35,574.25,571.1,574.25,225,7950
2025-12-10 12:50:00+05:30,574.25,574.25,574.25,574.25,0,7950
2025-12-10 12:51:00+05:30,574.25,574.25,574.25,574.25,0,7950
2025-12-10 12:52:00+05:30,582.35,582.45,580.4,580.4,900,8025
2025-12-10 12:53:00+05:30,580.4,580.4,580.4,580.4,0,8025
2025-12-10 12:54:00+05:30,580.4,580.4,580.4,580.4,0,8025
2025-12-10 12:55:00+05:30,580.4,580.4,580.4,580.4,0,8025
2025-12-10 12:56:00+05:30,585.8,586.05,583.95,584.3,675,8475
2025-12-10 12:57:00+05:30,585.3,585.3,585.3,585.3,75,8475
2025-12-10 12:58:00+05:30,585.3,585.3,585.3,585.3,0,8475
2025-12-10 12:59:00+05:30,585.3,585.3,585.3,585.3,0,8475
2025-12-10 13:00:00+05:30,585.3,585.3,585.3,585.3,0,8475
2025-12-10 13:01:00+05:30,585.3,585.3,585.3,585.3,0,8475
2025-12-10 13:02:00+05:30,585.3,585.3,585.3,585.3,0,8475
2025-12-10 13:03:00+05:30,585.3,585.3,585.3,585.3,0,8475
2025-12-10 13:04:00+05:30,585.3,585.3,585.3,585.3,0,8475
2025-12-10 13:05:00+05:30,585.3,585.3,585.3,585.3,0,8475
2025-12-10 13:06:00+05:30,579.55,579.55,579.55,579.55,75,9000
2025-12-10 13:07:00+05:30,579.55,579.55,579.55,579.55,0,9000
2025-12-10 13:08:00+05:30,593.5,593.5,593.5,593.5,75,9000
2025-12-10 13:09:00+05:30,593.5,593.5,593.5,593.5,0,9000
2025-12-10 13:10:00+05:30,590.5,590.5,590.5,590.5,75,9000
2025-12-10 13:11:00+05:30,590.5,590.5,590.5,590.5,0,9000
2025-12-10 13:12:00+05:30,596.0,596.0,596.0,596.0,150,9000
2025-12-10 13:13:00+05:30,596.0,596.0,596.0,596.0,0,9000
2025-12-10 13:14:00+05:30,591.2,591.2,591.2,591.2,75,9150
2025-12-10 13:15:00+05:30,591.2,591.2,591.2,591.2,0,9150
2025-12-10 13:16:00+05:30,593.25,593.25,592.4,592.4,150,9150
2025-12-10 13:17:00+05:30,592.4,592.4,592.4,592.4,0,9150
2025-12-10 13:18:00+05:30,600.0,602.3,600.0,602.3,1800,9075
2025-12-10 13:19:00+05:30,606.0,615.55,606.0,615.55,1275,9075
2025-12-10 13:20:00+05:30,615.55,615.55,615.55,615.55,0,9075
2025-12-10 13:21:00+05:30,613.2,617.65,613.2,617.65,375,11325
2025-12-10 13:22:00+05:30,617.65,617.65,617.65,617.65,0,11325
2025-12-10 13:23:00+05:30,617.65,617.65,617.65,617.65,0,11325
2025-12-10 13:24:00+05:30,617.65,617.65,617.65,617.65,0,11325
2025-12-10 13:25:00+05:30,617.65,617.65,617.65,617.65,0,11325
2025-12-10 13:26:00+05:30,617.65,617.65,617.65,617.65,0,11325
2025-12-10 13:27:00+05:30,612.0,614.6,608.4,614.55,975,11025
2025-12-10 13:28:00+05:30,620.6,620.6,620.6,620.6,150,11025
2025-12-10 13:29:00+05:30,622.7,622.8,622.7,622.8,300,11400
2025-12-10 13:30:00+05:30,622.8,622.8,622.8,622.8,0,11400
2025-12-10 13:31:00+05:30,622.8,622.8,622.8,622.8,0,11400
2025-12-10 13:32:00+05:30,622.8,622.8,622.8,622.8,0,11400
2025-12-10 13:33:00+05:30,622.8,622.8,622.8,622.8,0,11400
2025-12-10 13:34:00+05:30,622.8,622.8,622.8,622.8,0,11400
2025-12-10 13:35:00+05:30,622.8,622.8,622.8,622.8,0,11400
2025-12-10 13:36:00+05:30,627.9,638.0,627.9,638.0,150,11400
2025-12-10 13:37:00+05:30,639.95,639.95,638.0,638.0,825,11400
2025-12-10 13:38:00+05:30,638.0,638.0,638.0,638.0,0,11400
2025-12-10 13:39:00+05:30,638.0,638.0,638.0,638.0,0,11400
2025-12-10 13:40:00+05:30,638.0,638.0,638.0,638.0,0,11400
2025-12-10 13:41:00+05:30,625.85,625.9,625.85,625.9,225,11325
2025-12-10 13:42:00+05:30,625.9,625.9,625.9,625.9,0,11325
2025-12-10 13:43:00+05:30,625.9,625.9,625.9,625.9,0,11325
2025-12-10 13:44:00+05:30,625.9,625.9,625.9,625.9,0,11325
2025-12-10 13:45:00+05:30,625.9,625.9,625.9,625.9,0,11325
2025-12-10 13:46:00+05:30,625.9,625.9,625.9,625.9,0,11325
2025-12-10 13:47:00+05:30,625.9,625.9,625.9,625.9,0,11325
2025-12-10 13:48:00+05:30,604.3,604.3,603.95,603.95,825,11475
2025-12-10 13:49:00+05:30,603.95,603.95,603.95,603.95,0,11475
2025-12-10 13:50:00+05:30,601.4,601.75,601.4,601.75,225,10875
2025-12-10 13:51:00+05:30,598.4,598.85,598.4,598.85,150,10875
2025-12-10 13:52:00+05:30,598.85,598.85,598.85,598.85,0,10875
2025-12-10 13:53:00+05:30,604.0,604.0,604.0,604.0,150,10875
2025-12-10 13:54:00+05:30,604.0,604.0,604.0,604.0,0,10875
2025-12-10 13:55:00+05:30,603.0,603.0,603.0,603.0,750,10875
2025-12-10 13:56:00+05:30,585.65,585.65,585.0,585.0,225,11775
2025-12-10 13:57:00+05:30,585.0,585.0,585.0,585.0,0,11775
2025-12-10 13:58:00+05:30,585.0,585.0,585.0,585.0,0,11775
2025-12-10 13:59:00+05:30,585.0,585.0,585.0,585.0,0,11775
2025-12-10 14:00:00+05:30,585.0,585.0,585.0,585.0,0,11775
2025-12-10 14:01:00+05:30,585.0,585.0,585.0,585.0,0,11775
2025-12-10 14:02:00+05:30,571.3,571.3,571.3,571.3,225,11850
2025-12-10 14:03:00+05:30,566.5,567.4,565.95,567.4,1125,11850
2025-12-10 14:04:00+05:30,557.45,557.5,556.85,556.85,525,11850
2025-12-10 14:05:00+05:30,556.85,556.85,556.85,556.85,0,11850
2025-12-10 14:06:00+05:30,552.2,552.2,547.45,551.35,2025,11700
2025-12-10 14:07:00+05:30,556.15,556.65,555.2,556.65,375,11700
2025-12-10 14:08:00+05:30,556.0,560.2,556.0,560.2,1425,11925
2025-12-10 14:09:00+05:30,559.25,559.25,558.65,558.65,150,11925
2025-12-10 14:10:00+05:30,553.45,553.45,552.35,552.35,150,11925
2025-12-10 14:11:00+05:30,560.4,562.65,560.2,560.2,825,11850
2025-12-10 14:12:00+05:30,552.1,552.1,551.25,551.25,225,11850
2025-12-10 14:13:00+05:30,551.25,551.25,551.25,551.25,0,11850
2025-12-10 14:14:00+05:30,553.6,553.6,553.6,553.6,75,11850
2025-12-10 14:15:00+05:30,553.6,553.6,553.6,553.6,0,11850
2025-12-10 14:16:00+05:30,555.2,557.35,553.75,557.35,300,12150
2025-12-10 14:17:00+05:30,558.2,558.2,558.2,558.2,75,12150
2025-12-10 14:18:00+05:30,558.2,558.2,558.2,558.2,0,12150
2025-12-10 14:19:00+05:30,558.2,558.2,558.2,558.2,0,12150
2025-12-10 14:20:00+05:30,545.0,545.0,539.15,539.9,1800,12225
2025-12-10 14:21:00+05:30,542.25,543.15,540.2,540.2,1200,12225
2025-12-10 14:22:00+05:30,552.4,552.4,552.4,552.4,75,12225
2025-12-10 14:23:00+05:30,556.75,556.75,556.75,556.75,150,12225
2025-12-10 14:24:00+05:30,543.4,543.4,542.15,542.15,150,12000
2025-12-10 14:25:00+05:30,540.25,540.25,540.1,540.1,225,12000
2025-12-10 14:26:00+05:30,537.45,542.8,537.0,542.8,450,12000
2025-12-10 14:27:00+05:30,542.8,542.8,542.8,542.8,0,12000
2025-12-10 14:28:00+05:30,542.8,542.8,542.8,542.8,0,12000
2025-12-10 14:29:00+05:30,532.75,532.75,532.75,532.75,75,12300
2025-12-10 14:30:00+05:30,548.2,550.5,548.2,550.5,375,12225
2025-12-10 14:31:00+05:30,550.55,550.55,548.9,548.9,225,12225
2025-12-10 14:32:00+05:30,554.7,556.8,554.25,556.8,375,12600
2025-12-10 14:33:00+05:30,555.5,559.2,555.5,559.2,150,12600
2025-12-10 14:34:00+05:30,569.15,569.15,566.5,567.9,600,12600
2025-12-10 14:35:00+05:30,562.45,562.45,557.65,557.65,150,12375
2025-12-10 14:36:00+05:30,553.2,553.2,549.55,549.7,375,12375
2025-12-10 14:37:00+05:30,551.4,552.2,551.1,551.1,225,12375
2025-12-10 14:38:00+05:30,556.35,556.35,546.15,546.15,300,12750
2025-12-10 14:39:00+05:30,546.15,546.15,546.15,546.15,0,12750
2025-12-10 14:40:00+05:30,546.15,546.15,546.15,546.15,0,12750
2025-12-10 14:41:00+05:30,551.9,553.45,551.9,552.4,225,12750
2025-12-10 14:42:00+05:30,552.5,552.5,552.5,552.5,150,12825
2025-12-10 14:43:00+05:30,546.8,547.35,542.45,543.75,525,12825
2025-12-10 14:44:00+05:30,546.7,548.95,546.7,548.95,300,12975
2025-12-10 14:45:00+05:30,548.25,549.9,548.25,549.9,225,12975
2025-12-10 14:46:00+05:30,550.55,551.0,550.4,550.4,975,12975
2025-12-10 14:47:00+05:30,549.25,549.25,549.25,549.25,75,12825
2025-12-10 14:48:00+05:30,550.2,561.15,550.2,561.15,225,12825
2025-12-10 14:49:00+05:30,561.15,561.15,561.15,561.15,0,12825
2025-12-10 14:50:00+05:30,561.15,561.15,561.15,561.15,0,12825
2025-12-10 14:51:00+05:30,561.15,561.15,561.15,561.15,0,12825
2025-12-10 14:52:00+05:30,558.4,559.15,558.4,559.15,150,12900
2025-12-10 14:53:00+05:30,559.15,559.15,559.15,559.15,0,12900
2025-12-10 14:54:00+05:30,559.15,559.15,559.15,559.15,0,12900
2025-12-10 14:55:00+05:30,559.15,559.15,559.15,559.15,0,12900
2025-12-10 14:56:00+05:30,559.15,559.15,559.15,559.15,0,12900
2025-12-10 14:57:00+05:30,559.15,559.15,559.15,559.15,0,12900
2025-12-10 14:58:00+05:30,559.15,559.15,559.15,559.15,0,12900
2025-12-10 14:59:00+05:30,559.15,559.15,559.15,559.15,0,12900
2025-12-10 15:00:00+05:30,553.3,556.45,553.3,555.5,375,12900
2025-12-10 15:01:00+05:30,556.3,557.8,555.65,555.65,450,12900
2025-12-10 15:02:00+05:30,559.25,566.45,559.25,561.35,300,12225
2025-12-10 15:03:00+05:30,561.35,561.35,561.35,561.35,0,12225
2025-12-10 15:04:00+05:30,555.6,555.6,555.6,555.6,150,12225
2025-12-10 15:05:00+05:30,547.6,547.6,547.6,547.6,75,12075
2025-12-10 15:06:00+05:30,549.95,552.55,549.95,551.5,450,12075
2025-12-10 15:07:00+05:30,553.7,553.7,553.65,553.65,300,12075
2025-12-10 15:08:00+05:30,553.65,553.65,553.65,553.65,0,12075
2025-12-10 15:09:00+05:30,554.6,554.6,554.6,554.6,75,11400
2025-12-10 15:10:00+05:30,556.6,556.6,550.65,550.65,900,11400
2025-12-10 15:11:00+05:30,553.5,555.3,553.5,555.1,225,11400
2025-12-10 15:12:00+05:30,556.05,557.35,556.05,557.35,225,11100
2025-12-10 15:13:00+05:30,555.4,555.5,553.85,553.85,675,11100
2025-12-10 15:14:00+05:30,555.15,556.9,555.15,556.9,675,11100
2025-12-10 15:15:00+05:30,558.7,562.65,558.7,562.65,225,10575
2025-12-10 15:16:00+05:30,554.7,554.7,554.7,554.7,150,10575
2025-12-10 15:17:00+05:30,555.85,556.45,555.15,555.4,300,10500
2025-12-10 15:18:00+05:30,552.45,558.5,552.4,558.5,375,10500
2025-12-10 15:19:00+05:30,558.5,558.5,558.5,558.5,0,10500
2025-12-10 15:20:00+05:30,559.3,559.3,557.7,559.2,225,10425
2025-12-10 15:21:00+05:30,560.95,560.95,560.95,560.95,75,10425
2025-12-10 15:22:00+05:30,560.95,560.95,560.95,560.95,0,10425
2025-12-10 15:23:00+05:30,560.15,560.15,559.9,559.9,300,10425
2025-12-10 15:24:00+05:30,555.0,555.0,555.0,555.0,75,10575
2025-12-10 15:25:00+05:30,555.0,555.0,555.0,555.0,0,10575
2025-12-10 15:26:00+05:30,556.3,556.3,556.3,556.3,75,10575
2025-12-10 15:27:00+05:30,556.3,556.3,556.3,556.3,0,10575
2025-12-10 15:28:00+05:30,556.3,556.3,556.3,556.3,0,10575
2025-12-10 15:29:00+05:30,552.1,552.1,552.1,552.1,225,10500
2025-12-11 09:15:00+05:30,580.7,580.7,576.0,576.0,225,10275
2025-12-11 09:16:00+05:30,540.05,540.05,540.0,540.0,600,10500
2025-12-11 09:17:00+05:30,540.85,548.55,540.85,548.55,375,10500
2025-12-11 09:18:00+05:30,545.95,553.05,545.95,553.05,450,10500
2025-12-11 09:19:00+05:30,550.7,569.25,550.7,566.75,600,11475
2025-12-11 09:20:00+05:30,580.0,580.0,580.0,580.0,225,11475
2025-12-11 09:21:00+05:30,595.45,595.45,594.95,594.95,150,11475
2025-12-11 09:22:00+05:30,594.95,594.95,594.95,594.95,0,11475
2025-12-11 09:23:00+05:30,570.05,570.05,570.0,570.0,150,10950
2025-12-11 09:24:00+05:30,570.0,570.0,570.0,570.0,0,10950
2025-12-11 09:25:00+05:30,574.8,574.9,570.1,570.1,450,11100
2025-12-11 09:26:00+05:30,571.95,571.95,571.95,571.95,75,11100
2025-12-11 09:27:00+05:30,582.15,583.1,582.15,583.1,375,11100
2025-12-11 09:28:00+05:30,594.95,594.95,594.95,594.95,75,11100
2025-12-11 09:29:00+05:30,599.0,599.0,599.0,599.0,225,11100
2025-12-11 09:30:00+05:30,581.8,584.85,579.05,580.85,450,11100
2025-12-11 09:31:00+05:30,583.95,583.95,583.95,583.95,75,10575
2025-12-11 09:32:00+05:30,581.9,595.8,581.9,595.8,300,10575
2025-12-11 09:33:00+05:30,581.75,581.75,581.75,581.75,225,10575
2025-12-11 09:34:00+05:30,583.95,583.95,583.95,583.95,150,10575
2025-12-11 09:35:00+05:30,575.8,575.8,575.8,575.8,75,10875
2025-12-11 09:36:00+05:30,571.4,576.6,562.45,562.45,675,10875
2025-12-11 09:37:00+05:30,555.85,555.85,541.5,541.5,300,10950
2025-12-11 09:38:00+05:30,532.65,535.0,521.75,521.75,750,10950
2025-12-11 09:39:00+05:30,522.35,529.5,512.75,512.75,750,10950
2025-12-11 09:40:00+05:30,512.55,512.55,498.75,498.75,1125,11550
2025-12-11 09:41:00+05:30,498.65,502.5,494.25,494.3,975,11550
2025-12-11 09:42:00+05:30,493.05,498.45,492.2,498.45,2175,11550
2025-12-11 09:43:00+05:30,517.6,517.6,517.6,517.6,150,13050
2025-12-11 09:44:00+05:30,515.0,515.0,510.75,510.75,150,13050
2025-12-11 09:45:00+05:30,502.4,502.4,502.4,502.4,75,13050
2025-12-11 09:46:00+05:30,493.3,503.2,493.3,503.2,150,13275
2025-12-11 09:47:00+05:30,505.6,505.6,500.0,503.25,675,13275
2025-12-11 09:48:00+05:30,527.35,527.35,525.55,525.55,225,13275
2025-12-11 09:49:00+05:30,522.0,532.4,522.0,532.4,675,14025
2025-12-11 09:50:00+05:30,532.65,532.65,523.45,523.45,375,14025
2025-12-11 09:51:00+05:30,527.05,527.05,524.1,524.1,150,14025
2025-12-11 09:52:00+05:30,516.25,516.25,510.9,510.9,150,13950
2025-12-11 09:53:00+05:30,520.15,520.15,520.15,520.15,150,13950
2025-12-11 09:54:00+05:30,520.15,520.15,520.15,520.15,0,13950
2025-12-11 09:55:00+05:30,520.15,520.15,520.15,520.15,0,13950
2025-12-11 09:56:00+05:30,520.35,525.75,518.6,518.6,450,13875
2025-12-11 09:57:00+05:30,512.8,512.8,511.7,511.7,150,13875
2025-12-11 09:58:00+05:30,523.25,523.25,523.25,523.25,150,14025
2025-12-11 09:59:00+05:30,523.25,523.25,523.25,523.25,0,14025
2025-12-11 10:00:00+05:30,516.2,516.2,515.95,515.95,225,14025
2025-12-11 10:01:00+05:30,515.95,515.95,515.95,515.95,0,14025
2025-12-11 10:02:00+05:30,514.5,514.5,514.5,514.5,75,14175
2025-12-11 10:03:00+05:30,514.5,514.5,514.5,514.5,0,14175
2025-12-11 10:04:00+05:30,538.45,540.6,538.45,540.2,600,14100
2025-12-11 10:05:00+05:30,540.6,560.0,540.6,560.0,450,14100
2025-12-11 10:06:00+05:30,563.1,570.15,562.8,568.0,1275,14100
2025-12-11 10:07:00+05:30,570.0,571.3,565.5,571.3,450,12750
2025-12-11 10:08:00+05:30,568.35,568.35,556.15,556.15,150,12750
2025-12-11 10:09:00+05:30,556.15,556.15,556.15,556.15,0,12750
2025-12-11 10:10:00+05:30,571.1,571.1,569.25,569.25,150,12525
2025-12-11 10:11:00+05:30,562.65,568.35,562.65,568.35,150,12525
2025-12-11 10:12:00+05:30,566.45,582.25,566.45,574.0,300,12525
2025-12-11 10:13:00+05:30,581.15,593.1,581.15,593.1,975,12300
2025-12-11 10:14:00+05:30,595.0,595.0,595.0,595.0,75,12300
2025-12-11 10:15:00+05:30,616.05,620.0,616.05,620.0,150,12300
2025-12-11 10:16:00+05:30,623.55,623.55,623.55,623.55,225,12300
2025-12-11 10:17:00+05:30,623.55,623.55,623.55,623.55,0,12300
2025-12-11 10:18:00+05:30,622.55,622.55,620.35,620.35,300,12000
2025-12-11 10:19:00+05:30,617.7,617.7,617.65,617.65,225,12000
2025-12-11 10:20:00+05:30,617.65,617.65,617.65,617.65,0,12000
2025-12-11 10:21:00+05:30,617.65,617.65,617.65,617.65,0,12000
2025-12-11 10:22:00+05:30,603.35,603.35,603.35,603.35,75,12000
2025-12-11 10:23:00+05:30,609.5,615.4,609.5,615.4,600,12000
2025-12-11 10:24:00+05:30,615.4,615.4,615.4,615.4,0,12000
2025-12-11 10:25:00+05:30,617.9,617.9,617.85,617.85,225,12075
2025-12-11 10:26:00+05:30,615.0,615.0,615.0,615.0,75,12075
2025-12-11 10:27:00+05:30,619.15,619.15,619.15,619.15,75,12075
2025-12-11 10:28:00+05:30,619.15,619.15,619.15,619.15,0,12075
2025-12-11 10:29:00+05:30,605.25,605.25,605.25,605.25,75,11850
2025-12-11 10:30:00+05:30,614.1,614.1,614.1,614.1,150,11850
2025-12-11 10:31:00+05:30,619.2,631.7,619.2,631.7,375,11850
2025-12-11 10:32:00+05:30,636.75,636.75,636.75,636.75,150,11850
2025-12-11 10:33:00+05:30,635.0,635.0,635.0,635.0,75,11850
2025-12-11 10:34:00+05:30,635.0,635.0,635.0,635.0,0,11850
2025-12-11 10:35:00+05:30,629.8,629.8,629.8,629.8,150,11850
2025-12-11 10:36:00+05:30,626.6,626.8,626.6,626.8,150,11850
2025-12-11 10:37:00+05:30,633.05,633.05,632.9,632.9,225,11925
2025-12-11 10:38:00+05:30,636.05,637.4,636.05,637.4,225,11925
2025-12-11 10:39:00+05:30,637.4,637.4,637.4,637.4,0,11925
2025-12-11 10:40:00+05:30,631.4,631.4,631.4,631.4,75,11925
2025-12-11 10:41:00+05:30,637.1,643.8,637.1,643.7,1350,11925
2025-12-11 10:42:00+05:30,641.85,642.0,641.15,641.15,225,11925
2025-12-11 10:43:00+05:30,641.15,641.15,641.15,641.15,0,11925
2025-12-11 10:44:00+05:30,641.15,641.15,641.15,641.15,0,11925
2025-12-11 10:45:00+05:30,631.4,631.4,631.4,631.4,150,11250
2025-12-11 10:46:00+05:30,630.55,633.85,630.55,633.85,450,11250
2025-12-11 10:47:00+05:30,634.35,647.0,634.35,647.0,525,11250
2025-12-11 10:48:00+05:30,647.0,647.0,647.0,647.0,0,11250
2025-12-11 10:49:00+05:30,647.0,647.0,647.0,647.0,0,11250
2025-12-11 10:50:00+05:30,647.0,647.0,647.0,647.0,0,11250
2025-12-11 10:51:00+05:30,643.85,646.85,643.6,646.8,525,10875
2025-12-11 10:52:00+05:30,645.1,645.1,634.4,635.25,900,10575
2025-12-11 10:53:00+05:30,634.7,634.7,634.4,634.4,150,10575
2025-12-11 10:54:00+05:30,634.4,634.4,634.4,634.4,0,10575
2025-12-11 10:55:00+05:30,634.4,634.4,634.4,634.4,0,10575
2025-12-11 10:56:00+05:30,620.3,621.45,613.45,618.5,900,10500
2025-12-11 10:57:00+05:30,620.75,621.2,620.5,620.5,375,10500
2025-12-11 10:58:00+05:30,612.35,612.35,612.35,612.35,75,10500
2025-12-11 10:59:00+05:30,596.15,596.15,596.15,596.15,150,10425
2025-12-11 11:00:00+05:30,589.1,596.7,589.1,596.7,450,10425
2025-12-11 11:01:00+05:30,596.0,597.95,595.9,597.95,675,10950
2025-12-11 11:02:00+05:30,598.65,598.65,597.1,597.1,150,10950
2025-12-11 11:03:00+05:30,577.7,577.7,577.7,577.7,150,10950
2025-12-11 11:04:00+05:30,584.4,584.4,572.65,572.7,450,11025
2025-12-11 11:05:00+05:30,572.7,572.7,572.7,572.7,0,11025
2025-12-11 11:06:00+05:30,574.5,575.9,571.0,571.0,1200,11025
2025-12-11 11:07:00+05:30,581.35,581.95,580.0,581.95,225,11550
2025-12-11 11:08:00+05:30,570.75,570.95,568.0,568.0,525,11550
2025-12-11 11:09:00+05:30,567.35,574.85,567.35,574.85,675,11550
2025-12-11 11:10:00+05:30,586.85,586.85,586.85,586.85,75,11550
2025-12-11 11:11:00+05:30,593.45,595.3,593.45,595.3,600,12675
2025-12-11 11:12:00+05:30,594.5,594.5,586.35,586.35,900,12675
2025-12-11 11:13:00+05:30,586.35,586.35,586.35,586.35,0,12675
2025-12-11 11:14:00+05:30,598.9,598.9,598.9,598.9,75,11850
2025-12-11 11:15:00+05:30,598.9,598.9,598.9,598.9,0,11850
2025-12-11 11:16:00+05:30,591.9,591.9,591.9,591.9,150,11850
2025-12-11 11:17:00+05:30,591.9,591.9,591.9,591.9,75,11775
2025-12-11 11:18:00+05:30,612.9,612.9,612.9,612.9,150,11775
2025-12-11 11:19:00+05:30,612.9,612.9,612.9,612.9,0,11775
2025-12-11 11:20:00+05:30,612.9,612.9,612.9,612.9,0,11775
2025-12-11 11:21:00+05:30,620.7,620.7,620.7,620.7,75,11700
2025-12-11 11:22:00+05:30,617.75,617.75,616.75,616.75,150,11700
2025-12-11 11:23:00+05:30,613.15,613.2,613.15,613.2,225,11925
2025-12-11 11:24:00+05:30,613.2,613.2,613.2,613.2,0,11925
2025-12-11 11:25:00+05:30,613.2,613.2,613.2,613.2,0,11925
2025-12-11 11:26:00+05:30,628.7,628.7,624.85,624.85,450,12000
2025-12-11 11:27:00+05:30,621.55,622.5,621.55,622.5,150,12000
2025-12-11 11:28:00+05:30,622.5,622.5,622.5,622.5,0,12000
2025-12-11 11:29:00+05:30,622.5,622.5,622.5,622.5,0,12000
2025-12-11 11:30:00+05:30,622.5,622.5,622.5,622.5,0,12000
2025-12-11 11:31:00+05:30,622.5,622.5,622.5,622.5,0,12000
2025-12-11 11:32:00+05:30,625.9,625.9,625.9,625.9,75,12075
2025-12-11 11:33:00+05:30,625.9,625.9,625.9,625.9,0,12075
2025-12-11 11:34:00+05:30,625.9,625.9,625.9,625.9,0,12075
2025-12-11 11:35:00+05:30,625.9,625.9,625.9,625.9,0,12075
2025-12-11 11:36:00+05:30,606.6,612.0,606.1,612.0,300,12075
2025-12-11 11:37:00+05:30,612.0,612.0,612.0,612.0,0,12075
2025-12-11 11:38:00+05:30,619.0,622.85,619.0,622.85,150,12375
2025-12-11 11:39:00+05:30,623.75,623.75,623.75,623.75,75,12375
2025-12-11 11:40:00+05:30,618.7,618.7,618.65,618.65,225,12450
2025-12-11 11:41:00+05:30,617.15,619.65,617.15,619.05,300,12450
2025-12-11 11:42:00+05:30,620.9,620.9,620.9,620.9,150,12450
2025-12-11 11:43:00+05:30,625.1,625.1,624.95,624.95,150,12450
2025-12-11 11:44:00+05:30,624.95,624.95,624.95,624.95,0,12450
2025-12-11 11:45:00+05:30,624.95,624.95,624.95,624.95,0,12450
2025-12-11 11:46:00+05:30,618.7,621.4,618.7,620.3,225,12675
2025-12-11 11:47:00+05:30,622.35,622.35,621.25,621.25,150,12900
2025-12-11 11:48:00+05:30,621.25,621.25,621.25,621.25,0,12900
2025-12-11 11:49:00+05:30,621.25,621.25,621.25,621.25,0,12900
2025-12-11 11:50:00+05:30,621.25,621.25,621.25,621.25,0,12900
2025-12-11 11:51:00+05:30,622.75,623.4,622.75,623.15,300,12975
2025-12-11 11:52:00+05:30,623.15,623.15,623.15,623.15,0,12975
2025-12-11 11:53:00+05:30,623.15,623.15,623.15,623.15,0,12975
2025-12-11 11:54:00+05:30,623.15,623.15,623.15,623.15,0,12975
2025-12-11 11:55:00+05:30,623.15,623.15,623.15,623.15,0,12975
2025-12-11 11:56:00+05:30,631.25,631.5,630.2,631.5,300,13200
2025-12-11 11:57:00+05:30,641.0,641.9,634.85,634.85,450,13200
2025-12-11 11:58:00+05:30,634.85,634.85,634.85,634.85,0,13200
2025-12-11 11:59:00+05:30,634.85,634.85,634.85,634.85,0,13200
2025-12-11 12:00:00+05:30,642.7,642.7,642.7,642.7,75,13275
2025-12-11 12:01:00+05:30,645.15,650.9,645.15,650.9,300,13275
2025-12-11 12:02:00+05:30,653.3,655.7,653.3,655.7,150,13350
2025-12-11 12:03:00+05:30,665.0,669.0,665.0,668.9,525,13350
2025-12-11 12:04:00+05:30,668.9,668.9,668.9,668.9,0,13350
2025-12-11 12:05:00+05:30,679.4,679.4,670.25,670.25,300,13050
2025-12-11 12:06:00+05:30,677.4,677.4,677.4,677.4,75,13050
2025-12-11 12:07:00+05:30,675.9,678.55,675.9,678.55,150,13050
2025-12-11 12:08:00+05:30,669.95,669.95,669.95,669.95,75,13200
2025-12-11 12:09:00+05:30,669.95,669.95,669.95,669.95,0,13200
2025-12-11 12:10:00+05:30,669.95,669.95,669.95,669.95,0,13200
2025-12-11 12:11:00+05:30,672.65,674.25,672.65,674.25,150,13200
2025-12-11 12:12:00+05:30,679.55,679.55,679.55,679.55,75,13200
2025-12-11 12:13:00+05:30,680.0,680.0,678.6,678.6,225,13425
2025-12-11 12:14:00+05:30,678.6,678.6,678.6,678.6,0,13425
2025-12-11 12:15:00+05:30,678.6,678.6,678.6,678.6,0,13425
2025-12-11 12:16:00+05:30,673.55,676.2,673.55,676.2,450,13725
2025-12-11 12:17:00+05:30,670.65,670.65,670.65,670.65,75,13725
2025-12-11 12:18:00+05:30,677.6,677.6,677.6,677.6,75,13725
2025-12-11 12:19:00+05:30,676.1,676.7,675.65,676.15,825,13725
2025-12-11 12:20:00+05:30,676.15,676.15,676.15,676.15,0,13725
2025-12-11 12:21:00+05:30,680.05,680.05,675.4,675.6,525,14625
2025-12-11 12:22:00+05:30,675.6,675.6,675.6,675.6,0,14625
2025-12-11 12:23:00+05:30,684.8,688.1,683.95,684.1,825,15150
2025-12-11 12:24:00+05:30,684.1,684.1,684.1,684.1,0,15150
2025-12-11 12:25:00+05:30,684.1,684.1,684.1,684.1,0,15150
2025-12-11 12:26:00+05:30,676.15,676.4,676.0,676.0,225,15900
2025-12-11 12:27:00+05:30,687.9,687.9,687.9,687.9,75,15900
2025-12-11 12:28:00+05:30,687.9,687.9,687.9,687.9,0,15900
2025-12-11 12:29:00+05:30,687.9,687.9,687.9,687.9,0,15900
2025-12-11 12:30:00+05:30,687.9,687.9,687.9,687.9,0,15900
2025-12-11 12:31:00+05:30,696.2,697.7,695.9,697.45,525,16125
2025-12-11 12:32:00+05:30,695.65,695.65,694.35,694.9,225,16650
2025-12-11 12:33:00+05:30,695.2,695.2,695.2,695.2,75,16650
2025-12-11 12:34:00+05:30,694.5,694.5,694.5,694.5,75,16650
2025-12-11 12:35:00+05:30,686.75,686.75,685.45,685.45,225,17025
2025-12-11 12:36:00+05:30,687.2,687.65,683.7,683.7,750,17025
2025-12-11 12:37:00+05:30,683.5,684.0,683.35,684.0,300,17025
2025-12-11 12:38:00+05:30,684.0,684.0,684.0,684.0,0,17025
2025-12-11 12:39:00+05:30,684.0,684.0,684.0,684.0,0,17025
2025-12-11 12:40:00+05:30,684.0,684.0,684.0,684.0,0,17025
2025-12-11 12:41:00+05:30,677.5,677.5,674.05,676.05,450,18150
2025-12-11 12:42:00+05:30,678.75,680.8,677.8,680.35,1575,18150
2025-12-11 12:43:00+05:30,685.0,690.2,685.0,690.2,450,18150
2025-12-11 12:44:00+05:30,690.2,690.2,690.2,690.2,0,18150
2025-12-11 12:45:00+05:30,690.2,690.2,690.2,690.2,0,18150
2025-12-11 12:46:00+05:30,687.85,687.85,687.1,687.1,150,20100
2025-12-11 12:47:00+05:30,687.1,687.1,687.1,687.1,0,20100
2025-12-11 12:48:00+05:30,687.1,687.1,687.1,687.1,0,20100
2025-12-11 12:49:00+05:30,687.1,687.1,687.1,687.1,0,20100
2025-12-11 12:50:00+05:30,687.1,687.1,687.1,687.1,0,20100
2025-12-11 12:51:00+05:30,680.6,681.35,680.6,681.35,150,20250
2025-12-11 12:52:00+05:30,681.35,681.35,681.35,681.35,0,20250
2025-12-11 12:53:00+05:30,681.35,681.35,681.35,681.35,0,20250
2025-12-11 12:54:00+05:30,681.35,681.35,681.35,681.35,0,20250
2025-12-11 12:55:00+05:30,681.35,681.35,681.35,681.35,0,20250
2025-12-11 12:56:00+05:30,685.3,685.3,683.65,683.65,225,20400
2025-12-11 12:57:00+05:30,683.3,683.3,683.3,683.3,75,20400
2025-12-11 12:58:00+05:30,683.3,683.3,683.3,683.3,0,20400
2025-12-11 12:59:00+05:30,683.3,683.3,683.3,683.3,0,20400
2025-12-11 13:00:00+05:30,683.3,683.3,683.3,683.3,0,20400
2025-12-11 13:01:00+05:30,668.65,672.85,668.65,670.95,600,20700
2025-12-11 13:02:00+05:30,670.95,670.95,670.95,670.95,0,20700
2025-12-11 13:03:00+05:30,670.95,670.95,670.95,670.95,0,20700
2025-12-11 13:04:00+05:30,670.95,670.95,670.95,670.95,0,20700
2025-12-11 13:05:00+05:30,670.95,670.95,670.95,670.95,0,20700
2025-12-11 13:06:00+05:30,657.8,657.8,657.4,657.4,225,21300
2025-12-11 13:07:00+05:30,657.4,657.4,657.4,657.4,0,21300
2025-12-11 13:08:00+05:30,657.4,657.4,657.4,657.4,0,21300
2025-12-11 13:09:00+05:30,657.4,657.4,657.4,657.4,0,21300
2025-12-11 13:10:00+05:30,657.4,657.4,657.4,657.4,0,21300
2025-12-11 13:11:00+05:30,657.4,657.4,657.4,657.4,0,21300
2025-12-11 13:12:00+05:30,657.4,657.4,657.4,657.4,0,21300
2025-12-11 13:13:00+05:30,657.4,657.4,657.4,657.4,0,21300
2025-12-11 13:14:00+05:30,657.4,657.4,657.4,657.4,0,21300
2025-12-11 13:15:00+05:30,657.4,657.4,657.4,657.4,0,21300
2025-12-11 13:16:00+05:30,657.4,657.4,657.4,657.4,0,21300
2025-12-11 13:17:00+05:30,657.4,657.4,657.4,657.4,0,21300
2025-12-11 13:18:00+05:30,657.4,657.4,657.4,657.4,0,21300
2025-12-11 13:19:00+05:30,657.4,657.4,657.4,657.4,0,21300
2025-12-11 13:20:00+05:30,657.4,657.4,657.4,657.4,0,21300
2025-12-11 13:21:00+05:30,657.4,657.4,657.4,657.4,0,21300
2025-12-11 13:22:00+05:30,657.4,657.4,657.4,657.4,0,21300
2025-12-11 13:23:00+05:30,657.4,657.4,657.4,657.4,0,21300
2025-12-11 13:24:00+05:30,657.4,657.4,657.4,657.4,0,21300
2025-12-11 13:25:00+05:30,657.4,657.4,657.4,657.4,0,21300
2025-12-11 13:26:00+05:30,657.4,657.4,657.4,657.4,0,21300
2025-12-11 13:27:00+05:30,657.4,657.4,657.4,657.4,0,21300
2025-12-11 13:28:00+05:30,657.4,657.4,657.4,657.4,0,21300
2025-12-11 13:29:00+05:30,657.4,657.4,657.4,657.4,0,21300
2025-12-11 13:30:00+05:30,657.4,657.4,657.4,657.4,0,21300
2025-12-11 13:31:00+05:30,657.4,657.4,657.4,657.4,0,21300
2025-12-11 13:32:00+05:30,657.4,657.4,657.4,657.4,0,21300
2025-12-11 13:33:00+05:30,661.2,661.2,661.2,661.2,75,21525
2025-12-11 13:34:00+05:30,661.2,661.2,661.2,661.2,0,21525
2025-12-11 13:35:00+05:30,661.2,661.2,661.2,661.2,0,21525
2025-12-11 13:36:00+05:30,661.2,661.2,661.2,661.2,0,21525
2025-12-11 13:37:00+05:30,661.2,661.2,661.2,661.2,0,21525
2025-12-11 13:38:00+05:30,661.2,661.2,661.2,661.2,0,21525
2025-12-11 13:39:00+05:30,661.2,661.2,661.2,661.2,0,21525
2025-12-11 13:40:00+05:30,661.2,661.2,661.2,661.2,0,21525
2025-12-11 13:41:00+05:30,661.2,661.2,661.2,661.2,0,21525
2025-12-11 13:42:00+05:30,661.2,661.2,661.2,661.2,0,21525
2025-12-11 13:43:00+05:30,661.2,661.2,661.2,661.2,0,21525
2025-12-11 13:44:00+05:30,661.2,661.2,661.2,661.2,0,21525
2025-12-11 13:45:00+05:30,661.2,661.2,661.2,661.2,0,21525
2025-12-11 13:46:00+05:30,661.2,661.2,661.2,661.2,0,21525
2025-12-11 13:47:00+05:30,661.2,661.2,661.2,661.2,0,21525
2025-12-11 13:48:00+05:30,661.2,661.2,661.2,661.2,0,21525
2025-12-11 13:49:00+05:30,661.2,661.2,661.2,661.2,0,21525
2025-12-11 13:50:00+05:30,661.2,661.2,661.2,661.2,0,21525
2025-12-11 13:51:00+05:30,661.2,661.2,661.2,661.2,0,21525
2025-12-11 13:52:00+05:30,661.2,661.2,661.2,661.2,0,21525
2025-12-11 13:53:00+05:30,661.2,661.2,661.2,661.2,0,21525
2025-12-11 13:54:00+05:30,661.2,661.2,661.2,661.2,0,21525
2025-12-11 13:55:00+05:30,661.2,661.2,661.2,661.2,0,21525
2025-12-11 13:56:00+05:30,661.2,661.2,661.2,661.2,0,21525
2025-12-11 13:57:00+05:30,661.2,661.2,661.2,661.2,0,21525
2025-12-11 13:58:00+05:30,661.2,661.2,661.2,661.2,0,21525
2025-12-11 13:59:00+05:30,661.2,661.2,661.2,661.2,0,21525
2025-12-11 14:00:00+05:30,661.2,661.2,661.2,661.2,0,21525
2025-12-11 14:01:00+05:30,671.55,671.55,671.45,671.45,150,21450
2025-12-11 14:02:00+05:30,671.45,671.45,671.45,671.45,0,21450
2025-12-11 14:03:00+05:30,671.45,671.45,671.45,671.45,0,21450
2025-12-11 14:04:00+05:30,671.45,671.45,671.45,671.45,0,21450
2025-12-11 14:05:00+05:30,671.45,671.45,671.45,671.45,0,21450
2025-12-11 14:06:00+05:30,671.45,671.45,671.45,671.45,0,21450
2025-12-11 14:07:00+05:30,671.45,671.45,671.45,671.45,0,21450
2025-12-11 14:08:00+05:30,671.45,671.45,671.45,671.45,0,21450
2025-12-11 14:09:00+05:30,671.45,671.45,671.45,671.45,0,21450
2025-12-11 14:10:00+05:30,671.45,671.45,671.45,671.45,0,21450
2025-12-11 14:11:00+05:30,671.45,671.45,671.45,671.45,0,21450
2025-12-11 14:12:00+05:30,671.45,671.45,671.45,671.45,0,21450
2025-12-11 14:13:00+05:30,671.45,671.45,671.45,671.45,0,21450
2025-12-11 14:14:00+05:30,671.45,671.45,671.45,671.45,0,21450
2025-12-11 14:15:00+05:30,671.45,671.45,671.45,671.45,0,21450
2025-12-11 14:16:00+05:30,671.45,671.45,671.45,671.45,0,21450
2025-12-11 14:17:00+05:30,671.45,671.45,671.45,671.45,0,21450
2025-12-11 14:18:00+05:30,671.45,671.45,671.45,671.45,0,21450
2025-12-11 14:19:00+05:30,671.45,671.45,671.45,671.45,0,21450
2025-12-11 14:20:00+05:30,671.45,671.45,671.45,671.45,0,21450
2025-12-11 14:21:00+05:30,671.45,671.45,671.45,671.45,0,21450
2025-12-11 14:22:00+05:30,671.45,671.45,671.45,671.45,0,21450
2025-12-11 14:23:00+05:30,671.45,671.45,671.45,671.45,0,21450
2025-12-11 14:24:00+05:30,671.45,671.45,671.45,671.45,0,21450
2025-12-11 14:25:00+05:30,671.45,671.45,671.45,671.45,0,21450
2025-12-11 14:26:00+05:30,671.45,671.45,671.45,671.45,0,21450
2025-12-11 14:27:00+05:30,671.45,671.45,671.45,671.45,0,21450
2025-12-11 14:28:00+05:30,671.45,671.45,671.45,671.45,0,21450
2025-12-11 14:29:00+05:30,671.45,671.45,671.45,671.45,0,21450
2025-12-11 14:30:00+05:30,671.45,671.45,671.45,671.45,0,21450
2025-12-11 14:31:00+05:30,671.45,671.45,671.45,671.45,0,21450
2025-12-11 14:32:00+05:30,671.45,671.45,671.45,671.45,0,21450
2025-12-11 14:33:00+05:30,671.45,671.45,671.45,671.45,0,21450
2025-12-11 14:34:00+05:30,671.45,671.45,671.45,671.45,0,21450
2025-12-11 14:35:00+05:30,671.45,671.45,671.45,671.45,0,21450
2025-12-11 14:36:00+05:30,671.45,671.45,671.45,671.45,0,21450
2025-12-11 14:37:00+05:30,671.45,671.45,671.45,671.45,0,21450
2025-12-11 14:38:00+05:30,671.45,671.45,671.45,671.45,0,21450
2025-12-11 14:39:00+05:30,671.45,671.45,671.45,671.45,0,21450
2025-12-11 14:40:00+05:30,671.45,671.45,671.45,671.45,0,21450
2025-12-11 14:41:00+05:30,671.45,671.45,671.45,671.45,0,21450
2025-12-11 14:42:00+05:30,683.95,683.95,683.95,683.95,75,21600
2025-12-11 14:43:00+05:30,683.95,683.95,683.95,683.95,0,21600
2025-12-11 14:44:00+05:30,683.95,683.95,683.95,683.95,0,21600
2025-12-11 14:45:00+05:30,683.95,683.95,683.95,683.95,0,21600
2025-12-11 14:46:00+05:30,683.95,683.95,683.95,683.95,0,21600
2025-12-11 14:47:00+05:30,683.95,683.95,683.95,683.95,0,21600
2025-12-11 14:48:00+05:30,659.1,659.1,659.0,659.0,150,21600
2025-12-11 14:49:00+05:30,659.0,659.0,659.0,659.0,0,21600
2025-12-11 14:50:00+05:30,659.0,659.0,659.0,659.0,0,21600
2025-12-11 14:51:00+05:30,659.0,659.0,659.0,659.0,0,21600
2025-12-11 14:52:00+05:30,659.0,659.0,659.0,659.0,0,21600
2025-12-11 14:53:00+05:30,659.0,659.0,659.0,659.0,0,21600
2025-12-11 14:54:00+05:30,659.0,659.0,659.0,659.0,0,21600
2025-12-11 14:55:00+05:30,659.0,659.0,659.0,659.0,0,21600
2025-12-11 14:56:00+05:30,659.0,659.0,659.0,659.0,0,21600
2025-12-11 14:57:00+05:30,659.0,659.0,659.0,659.0,0,21600
2025-12-11 14:58:00+05:30,659.0,659.0,659.0,659.0,0,21600
2025-12-11 14:59:00+05:30,659.0,659.0,659.0,659.0,0,21600
2025-12-11 15:00:00+05:30,659.0,659.0,659.0,659.0,0,21600
2025-12-11 15:01:00+05:30,659.0,659.0,659.0,659.0,0,21600
2025-12-11 15:02:00+05:30,678.85,678.85,674.75,677.6,825,21675
2025-12-11 15:03:00+05:30,677.6,677.6,677.6,677.6,0,21675
2025-12-11 15:04:00+05:30,677.6,677.6,677.6,677.6,0,21675
2025-12-11 15:05:00+05:30,677.6,677.6,677.6,677.6,0,21675
2025-12-11 15:06:00+05:30,677.6,677.6,677.6,677.6,0,21675
2025-12-11 15:07:00+05:30,677.6,677.6,677.6,677.6,0,21675
2025-12-11 15:08:00+05:30,677.6,677.6,677.6,677.6,0,21675
2025-12-11 15:09:00+05:30,687.2,687.2,686.15,686.15,225,21975
2025-12-11 15:10:00+05:30,686.15,686.15,686.15,686.15,0,21975
2025-12-11 15:11:00+05:30,686.15,686.15,686.15,686.15,0,21975
2025-12-11 15:12:00+05:30,686.3,686.3,686.3,686.3,75,21900
2025-12-11 15:13:00+05:30,685.55,685.55,685.55,685.55,75,21900
2025-12-11 15:14:00+05:30,685.55,685.55,685.55,685.55,0,21900
2025-12-11 15:15:00+05:30,685.55,685.55,685.55,685.55,0,21900
2025-12-11 15:16:00+05:30,685.55,685.55,685.55,685.55,0,21900
2025-12-11 15:17:00+05:30,685.55,685.55,685.55,685.55,0,21900
2025-12-11 15:18:00+05:30,685.55,685.55,685.55,685.55,0,21900
2025-12-11 15:19:00+05:30,685.55,685.55,685.55,685.55,75,21900
2025-12-11 15:20:00+05:30,685.55,685.55,685.55,685.55,0,21900
2025-12-11 15:21:00+05:30,685.55,685.55,685.55,685.55,0,21900
2025-12-11 15:22:00+05:30,685.55,685.55,685.55,685.55,0,21900
2025-12-11 15:23:00+05:30,685.55,685.55,685.55,685.55,0,21900
2025-12-11 15:24:00+05:30,685.55,685.55,685.55,685.55,0,21900
2025-12-11 15:25:00+05:30,682.7,682.7,682.7,682.7,225,21825
2025-12-11 15:26:00+05:30,679.45,679.45,679.45,679.45,75,21825
2025-12-11 15:27:00+05:30,679.45,679.45,679.45,679.45,0,21825
2025-12-11 15:28:00+05:30,679.45,679.45,679.45,679.45,0,21825
2025-12-11 15:29:00+05:30,679.05,682.7,679.05,682.7,450,21525
2025-12-12 09:18:00+05:30,769.0,769.0,769.0,769.0,75,21300
2025-12-12 09:19:00+05:30,769.0,769.0,769.0,769.0,0,21300
2025-12-12 09:20:00+05:30,783.9,783.9,783.75,783.75,150,21375
2025-12-12 09:21:00+05:30,786.1,786.1,786.1,786.1,75,21375
2025-12-12 09:22:00+05:30,786.0,786.0,786.0,786.0,75,21525
2025-12-12 09:23:00+05:30,780.7,780.7,776.5,776.5,150,21525
2025-12-12 09:24:00+05:30,776.5,776.5,776.5,776.5,0,21525
2025-12-12 09:25:00+05:30,772.9,772.9,772.9,772.9,75,21675
2025-12-12 09:26:00+05:30,772.9,772.9,772.9,772.9,0,21675
2025-12-12 09:27:00+05:30,782.0,782.0,782.0,782.0,75,21675
2025-12-12 09:28:00+05:30,786.0,786.0,786.0,786.0,75,21750
2025-12-12 09:29:00+05:30,786.0,786.0,786.0,786.0,0,21750
2025-12-12 09:30:00+05:30,794.0,804.9,794.0,804.9,300,21750
2025-12-12 09:31:00+05:30,804.9,804.9,804.9,804.9,0,21750
2025-12-12 09:32:00+05:30,814.0,814.0,814.0,814.0,75,21450
2025-12-12 09:33:00+05:30,814.0,814.0,814.0,814.0,0,21450
2025-12-12 09:34:00+05:30,814.0,814.0,814.0,814.0,0,21450
2025-12-12 09:35:00+05:30,814.0,814.0,814.0,814.0,0,21450
2025-12-12 09:36:00+05:30,814.0,814.0,814.0,814.0,0,21450
2025-12-12 09:37:00+05:30,814.0,814.0,814.0,814.0,0,21450
2025-12-12 09:38:00+05:30,809.5,809.5,809.5,809.5,75,21375
2025-12-12 09:39:00+05:30,809.5,809.5,809.5,809.5,0,21375
2025-12-12 09:40:00+05:30,809.5,809.5,809.5,809.5,0,21375
2025-12-12 09:41:00+05:30,809.5,809.5,809.5,809.5,0,21375
2025-12-12 09:42:00+05:30,809.5,809.5,809.5,809.5,0,21375
2025-12-12 09:43:00+05:30,806.25,806.25,806.25,806.25,75,21300
2025-12-12 09:44:00+05:30,808.55,808.55,808.55,808.55,75,21300
2025-12-12 09:45:00+05:30,808.55,808.55,808.55,808.55,0,21300
2025-12-12 09:46:00+05:30,808.55,808.55,808.55,808.55,0,21300
2025-12-12 09:47:00+05:30,808.55,808.55,808.55,808.55,0,21300
2025-12-12 09:48:00+05:30,795.85,795.85,795.8,795.8,150,21300
2025-12-12 09:49:00+05:30,795.7,795.9,795.7,795.9,150,21450
2025-12-12 09:50:00+05:30,795.9,795.9,795.9,795.9,0,21450
2025-12-12 09:51:00+05:30,801.2,801.2,801.2,801.2,75,21450
2025-12-12 09:52:00+05:30,798.1,798.1,798.1,798.1,75,21300
2025-12-12 09:53:00+05:30,798.1,798.1,798.1,798.1,0,21300
2025-12-12 09:54:00+05:30,798.1,798.1,798.1,798.1,0,21300
2025-12-12 09:55:00+05:30,798.1,798.1,798.1,798.1,0,21300
2025-12-12 09:56:00+05:30,800.7,800.75,798.55,798.55,225,21300
2025-12-12 09:57:00+05:30,798.55,798.55,798.55,798.55,0,21300
2025-12-12 09:58:00+05:30,798.55,798.55,798.55,798.55,0,21300
2025-12-12 09:59:00+05:30,798.55,798.55,798.55,798.55,0,21300
2025-12-12 10:00:00+05:30,798.55,798.55,798.55,798.55,0,21300
2025-12-12 10:01:00+05:30,788.9,788.9,788.9,788.9,75,21225
2025-12-12 10:02:00+05:30,788.9,788.9,788.9,788.9,0,21225
2025-12-12 10:03:00+05:30,788.9,788.9,788.9,788.9,0,21225
2025-12-12 10:04:00+05:30,788.9,788.9,788.9,788.9,0,21225
2025-12-12 10:05:00+05:30,788.9,788.9,788.9,788.9,0,21225
2025-12-12 10:06:00+05:30,788.9,788.9,788.9,788.9,0,21225
2025-12-12 10:07:00+05:30,788.9,788.9,788.9,788.9,0,21225
2025-12-12 10:08:00+05:30,788.9,788.9,788.9,788.9,0,21225
2025-12-12 10:09:00+05:30,788.9,788.9,788.9,788.9,0,21225
2025-12-12 10:10:00+05:30,788.9,788.9,788.9,788.9,0,21225
2025-12-12 10:11:00+05:30,788.9,788.9,788.9,788.9,0,21225
2025-12-12 10:12:00+05:30,788.9,788.9,788.9,788.9,0,21225
2025-12-12 10:13:00+05:30,788.9,788.9,788.9,788.9,0,21225
2025-12-12 10:14:00+05:30,788.9,788.9,788.9,788.9,0,21225
2025-12-12 10:15:00+05:30,788.9,788.9,788.9,788.9,0,21225
2025-12-12 10:16:00+05:30,784.05,784.05,784.05,784.05,75,21225
2025-12-12 10:17:00+05:30,784.05,784.05,784.05,784.05,0,21225
2025-12-12 10:18:00+05:30,784.05,784.05,784.05,784.05,0,21225
2025-12-12 10:19:00+05:30,784.05,784.05,784.05,784.05,0,21225
2025-12-12 10:20:00+05:30,784.05,784.05,784.05,784.05,0,21225
2025-12-12 10:21:00+05:30,782.15,782.15,782.15,782.15,75,21300
2025-12-12 10:22:00+05:30,782.15,782.15,782.15,782.15,0,21300
2025-12-12 10:23:00+05:30,782.15,782.15,782.15,782.15,0,21300
2025-12-12 10:24:00+05:30,782.15,782.15,782.15,782.15,0,21300
2025-12-12 10:25:00+05:30,782.15,782.15,782.15,782.15,0,21300
2025-12-12 10:26:00+05:30,782.15,782.15,782.15,782.15,0,21300
2025-12-12 10:27:00+05:30,716.4,721.1,716.35,721.1,300,21300
2025-12-12 10:28:00+05:30,721.1,721.1,721.1,721.1,0,21300
2025-12-12 10:29:00+05:30,729.25,729.25,729.25,729.25,75,21375
2025-12-12 10:30:00+05:30,729.25,729.25,729.25,729.25,0,21375
2025-12-12 10:31:00+05:30,747.35,747.35,747.35,747.35,75,21450
2025-12-12 10:32:00+05:30,747.35,747.35,747.35,747.35,0,21450
2025-12-12 10:33:00+05:30,747.35,747.35,747.35,747.35,0,21450
2025-12-12 10:34:00+05:30,755.0,755.0,755.0,755.0,75,21525
2025-12-12 10:35:00+05:30,755.0,755.0,755.0,755.0,0,21525
2025-12-12 10:36:00+05:30,755.0,755.0,755.0,755.0,0,21525
2025-12-12 10:37:00+05:30,755.0,755.0,755.0,755.0,0,21525
2025-12-12 10:38:00+05:30,755.0,755.0,755.0,755.0,0,21525
2025-12-12 10:39:00+05:30,755.0,755.0,755.0,755.0,0,21525
2025-12-12 10:40:00+05:30,755.0,755.0,755.0,755.0,0,21525
2025-12-12 10:41:00+05:30,755.0,755.0,755.0,755.0,0,21525
2025-12-12 10:42:00+05:30,755.0,755.0,755.0,755.0,0,21525
2025-12-12 10:43:00+05:30,755.0,755.0,755.0,755.0,0,21525
2025-12-12 10:44:00+05:30,755.0,755.0,755.0,755.0,0,21525
2025-12-12 10:45:00+05:30,755.0,755.0,755.0,755.0,0,21525
2025-12-12 10:46:00+05:30,755.0,755.0,755.0,755.0,0,21525
2025-12-12 10:47:00+05:30,755.0,755.0,755.0,755.0,0,21525
2025-12-12 10:48:00+05:30,755.0,755.0,755.0,755.0,0,21525
2025-12-12 10:49:00+05:30,755.0,755.0,755.0,755.0,0,21525
2025-12-12 10:50:00+05:30,755.0,755.0,755.0,755.0,0,21525
2025-12-12 10:51:00+05:30,755.0,755.0,755.0,755.0,0,21525
2025-12-12 10:52:00+05:30,755.0,755.0,755.0,755.0,0,21525
2025-12-12 10:53:00+05:30,755.0,755.0,755.0,755.0,0,21525
2025-12-12 10:54:00+05:30,755.0,755.0,755.0,755.0,0,21525
2025-12-12 10:55:00+05:30,755.0,755.0,755.0,755.0,0,21525
2025-12-12 10:56:00+05:30,755.0,755.0,755.0,755.0,0,21525
2025-12-12 10:57:00+05:30,755.0,755.0,755.0,755.0,0,21525
2025-12-12 10:58:00+05:30,755.0,755.0,755.0,755.0,0,21525
2025-12-12 10:59:00+05:30,755.0,755.0,755.0,755.0,0,21525
2025-12-12 11:00:00+05:30,755.0,755.0,755.0,755.0,0,21525
2025-12-12 11:01:00+05:30,755.0,755.0,755.0,755.0,0,21525
2025-12-12 11:02:00+05:30,755.0,755.0,755.0,755.0,0,21525
2025-12-12 11:03:00+05:30,755.0,755.0,755.0,755.0,0,21525
2025-12-12 11:04:00+05:30,755.0,755.0,755.0,755.0,0,21525
2025-12-12 11:05:00+05:30,755.0,755.0,755.0,755.0,0,21525
2025-12-12 11:06:00+05:30,755.0,755.0,755.0,755.0,0,21525
2025-12-12 11:07:00+05:30,755.0,755.0,755.0,755.0,0,21525
2025-12-12 11:08:00+05:30,755.0,755.0,755.0,755.0,0,21525
2025-12-12 11:09:00+05:30,755.0,755.0,755.0,755.0,0,21525
2025-12-12 11:10:00+05:30,755.0,755.0,755.0,755.0,0,21525
2025-12-12 11:11:00+05:30,755.0,755.0,755.0,755.0,0,21525
2025-12-12 11:12:00+05:30,755.0,755.0,755.0,755.0,0,21525
2025-12-12 11:13:00+05:30,755.0,755.0,755.0,755.0,0,21525
2025-12-12 11:14:00+05:30,755.0,755.0,755.0,755.0,0,21525
2025-12-12 11:15:00+05:30,755.0,755.0,755.0,755.0,0,21525
2025-12-12 11:16:00+05:30,755.0,755.0,755.0,755.0,0,21525
2025-12-12 11:17:00+05:30,755.0,755.0,755.0,755.0,0,21525
2025-12-12 11:18:00+05:30,755.0,755.0,755.0,755.0,0,21525
2025-12-12 11:19:00+05:30,755.0,755.0,755.0,755.0,0,21525
2025-12-12 11:20:00+05:30,755.0,755.0,755.0,755.0,0,21525
2025-12-12 11:21:00+05:30,782.3,782.3,782.3,782.3,75,21525
2025-12-12 11:22:00+05:30,782.3,782.3,782.3,782.3,0,21525
2025-12-12 11:23:00+05:30,782.3,782.3,782.3,782.3,0,21525
2025-12-12 11:24:00+05:30,782.3,782.3,782.3,782.3,0,21525
2025-12-12 11:25:00+05:30,782.3,782.3,782.3,782.3,0,21525
2025-12-12 11:26:00+05:30,782.3,782.3,782.3,782.3,0,21525
2025-12-12 11:27:00+05:30,782.3,782.3,782.3,782.3,0,21525
2025-12-12 11:28:00+05:30,782.3,782.3,782.3,782.3,0,21525
2025-12-12 11:29:00+05:30,782.3,782.3,782.3,782.3,0,21525
2025-12-12 11:30:00+05:30,782.3,782.3,782.3,782.3,0,21525
2025-12-12 11:31:00+05:30,782.3,782.3,782.3,782.3,0,21525
2025-12-12 11:32:00+05:30,782.3,782.3,782.3,782.3,0,21525
2025-12-12 11:33:00+05:30,782.3,782.3,782.3,782.3,0,21525
2025-12-12 11:34:00+05:30,782.3,782.3,782.3,782.3,0,21525
2025-12-12 11:35:00+05:30,782.3,782.3,782.3,782.3,0,21525
2025-12-12 11:36:00+05:30,782.3,782.3,782.3,782.3,0,21525
2025-12-12 11:37:00+05:30,782.3,782.3,782.3,782.3,0,21525
2025-12-12 11:38:00+05:30,782.3,782.3,782.3,782.3,0,21525
2025-12-12 11:39:00+05:30,782.3,782.3,782.3,782.3,0,21525
2025-12-12 11:40:00+05:30,782.3,782.3,782.3,782.3,0,21525
2025-12-12 11:41:00+05:30,782.3,782.3,782.3,782.3,0,21525
2025-12-12 11:42:00+05:30,782.3,782.3,782.3,782.3,0,21525
2025-12-12 11:43:00+05:30,782.3,782.3,782.3,782.3,0,21525
2025-12-12 11:44:00+05:30,782.3,782.3,782.3,782.3,0,21525
2025-12-12 11:45:00+05:30,782.3,782.3,782.3,782.3,0,21525
2025-12-12 11:46:00+05:30,782.3,782.3,782.3,782.3,0,21525
2025-12-12 11:47:00+05:30,782.3,782.3,782.3,782.3,0,21525
2025-12-12 11:48:00+05:30,782.3,782.3,782.3,782.3,0,21525
2025-12-12 11:49:00+05:30,782.3,782.3,782.3,782.3,0,21525
2025-12-12 11:50:00+05:30,782.3,782.3,782.3,782.3,0,21525
2025-12-12 11:51:00+05:30,782.3,782.3,782.3,782.3,0,21525
2025-12-12 11:52:00+05:30,782.3,782.3,782.3,782.3,0,21525
2025-12-12 11:53:00+05:30,782.3,782.3,782.3,782.3,0,21525
2025-12-12 11:54:00+05:30,782.3,782.3,782.3,782.3,0,21525
2025-12-12 11:55:00+05:30,782.3,782.3,782.3,782.3,0,21525
2025-12-12 11:56:00+05:30,782.3,782.3,782.3,782.3,0,21525
2025-12-12 11:57:00+05:30,782.3,782.3,782.3,782.3,0,21525
2025-12-12 11:58:00+05:30,782.3,782.3,782.3,782.3,0,21525
2025-12-12 11:59:00+05:30,782.3,782.3,782.3,782.3,0,21525
2025-12-12 12:00:00+05:30,782.3,782.3,782.3,782.3,0,21525
2025-12-12 12:01:00+05:30,782.3,782.3,782.3,782.3,0,21525
2025-12-12 12:02:00+05:30,782.3,782.3,782.3,782.3,0,21525
2025-12-12 12:03:00+05:30,782.3,782.3,782.3,782.3,0,21525
2025-12-12 12:04:00+05:30,782.3,782.3,782.3,782.3,0,21525
2025-12-12 12:05:00+05:30,782.3,782.3,782.3,782.3,0,21525
2025-12-12 12:06:00+05:30,782.3,782.3,782.3,782.3,0,21525
2025-12-12 12:07:00+05:30,782.3,782.3,782.3,782.3,0,21525
2025-12-12 12:08:00+05:30,782.3,782.3,782.3,782.3,0,21525
2025-12-12 12:09:00+05:30,782.3,782.3,782.3,782.3,0,21525
2025-12-12 12:10:00+05:30,782.3,782.3,782.3,782.3,0,21525
2025-12-12 12:11:00+05:30,782.3,782.3,782.3,782.3,0,21525
2025-12-12 12:12:00+05:30,782.3,782.3,782.3,782.3,0,21525
2025-12-12 12:13:00+05:30,782.3,782.3,782.3,782.3,0,21525
2025-12-12 12:14:00+05:30,782.3,782.3,782.3,782.3,0,21525
2025-12-12 12:15:00+05:30,782.3,782.3,782.3,782.3,0,21525
2025-12-12 12:16:00+05:30,781.0,781.0,781.0,781.0,75,21450
2025-12-12 12:17:00+05:30,781.0,781.0,781.0,781.0,0,21450
2025-12-12 12:18:00+05:30,781.0,781.0,781.0,781.0,0,21450
2025-12-12 12:19:00+05:30,781.0,781.0,781.0,781.0,0,21450
2025-12-12 12:20:00+05:30,781.0,781.0,781.0,781.0,0,21450
2025-12-12 12:21:00+05:30,781.0,781.0,781.0,781.0,0,21450
2025-12-12 12:22:00+05:30,781.0,781.0,781.0,781.0,0,21450
2025-12-12 12:23:00+05:30,781.0,781.0,781.0,781.0,0,21450
2025-12-12 12:24:00+05:30,781.0,781.0,781.0,781.0,0,21450
2025-12-12 12:25:00+05:30,781.0,781.0,781.0,781.0,0,21450
2025-12-12 12:26:00+05:30,781.0,781.0,781.0,781.0,0,21450
2025-12-12 12:27:00+05:30,781.0,781.0,781.0,781.0,0,21450
2025-12-12 12:28:00+05:30,781.0,781.0,781.0,781.0,0,21450
2025-12-12 12:29:00+05:30,781.0,781.0,781.0,781.0,0,21450
2025-12-12 12:30:00+05:30,781.0,781.0,781.0,781.0,0,21450
2025-12-12 12:31:00+05:30,781.0,781.0,781.0,781.0,0,21450
2025-12-12 12:32:00+05:30,781.0,781.0,781.0,781.0,0,21450
2025-12-12 12:33:00+05:30,781.0,781.0,781.0,781.0,0,21450
2025-12-12 12:34:00+05:30,781.0,781.0,781.0,781.0,0,21450
2025-12-12 12:35:00+05:30,781.0,781.0,781.0,781.0,0,21450
2025-12-12 12:36:00+05:30,781.0,781.0,781.0,781.0,0,21450
2025-12-12 12:37:00+05:30,781.0,781.0,781.0,781.0,0,21450
2025-12-12 12:38:00+05:30,781.0,781.0,781.0,781.0,0,21450
2025-12-12 12:39:00+05:30,781.0,781.0,781.0,781.0,0,21450
2025-12-12 12:40:00+05:30,781.0,781.0,781.0,781.0,0,21450
2025-12-12 12:41:00+05:30,781.0,781.0,781.0,781.0,0,21450
2025-12-12 12:42:00+05:30,781.0,781.0,781.0,781.0,0,21450
2025-12-12 12:43:00+05:30,781.0,781.0,781.0,781.0,0,21450
2025-12-12 12:44:00+05:30,781.0,781.0,781.0,781.0,0,21450
2025-12-12 12:45:00+05:30,781.0,781.0,781.0,781.0,0,21450
2025-12-12 12:46:00+05:30,785.85,785.85,785.85,785.85,75,21525
2025-12-12 12:47:00+05:30,785.85,785.85,785.85,785.85,0,21525
2025-12-12 12:48:00+05:30,785.85,785.85,785.85,785.85,0,21525
2025-12-12 12:49:00+05:30,785.85,785.85,785.85,785.85,0,21525
2025-12-12 12:50:00+05:30,785.85,785.85,785.85,785.85,0,21525
2025-12-12 12:51:00+05:30,785.85,785.85,785.85,785.85,0,21525
2025-12-12 12:52:00+05:30,785.85,785.85,785.85,785.85,0,21525
2025-12-12 12:53:00+05:30,785.85,785.85,785.85,785.85,0,21525
2025-12-12 12:54:00+05:30,785.85,785.85,785.85,785.85,0,21525
2025-12-12 12:55:00+05:30,785.85,785.85,785.85,785.85,0,21525
2025-12-12 12:56:00+05:30,785.85,785.85,785.85,785.85,0,21525
2025-12-12 12:57:00+05:30,785.85,785.85,785.85,785.85,0,21525
2025-12-12 12:58:00+05:30,785.85,785.85,785.85,785.85,0,21525
2025-12-12 12:59:00+05:30,785.85,785.85,785.85,785.85,0,21525
2025-12-12 13:00:00+05:30,785.85,785.85,785.85,785.85,0,21525
2025-12-12 13:01:00+05:30,785.85,785.85,785.85,785.85,0,21525
2025-12-12 13:02:00+05:30,785.85,785.85,785.85,785.85,0,21525
2025-12-12 13:03:00+05:30,785.85,785.85,785.85,785.85,0,21525
2025-12-12 13:04:00+05:30,785.85,785.85,785.85,785.85,0,21525
2025-12-12 13:05:00+05:30,785.85,785.85,785.85,785.85,0,21525
2025-12-12 13:06:00+05:30,785.85,785.85,785.85,785.85,0,21525
2025-12-12 13:07:00+05:30,785.85,785.85,785.85,785.85,0,21525
2025-12-12 13:08:00+05:30,785.85,785.85,785.85,785.85,0,21525
2025-12-12 13:09:00+05:30,785.85,785.85,785.85,785.85,0,21525
2025-12-12 13:10:00+05:30,785.85,785.85,785.85,785.85,0,21525
2025-12-12 13:11:00+05:30,785.85,785.85,785.85,785.85,0,21525
2025-12-12 13:12:00+05:30,785.85,785.85,785.85,785.85,0,21525
2025-12-12 13:13:00+05:30,785.85,785.85,785.85,785.85,0,21525
2025-12-12 13:14:00+05:30,785.85,785.85,785.85,785.85,0,21525
2025-12-12 13:15:00+05:30,785.85,785.85,785.85,785.85,0,21525
2025-12-12 13:16:00+05:30,785.85,785.85,785.85,785.85,0,21525
2025-12-12 13:17:00+05:30,785.85,785.85,785.85,785.85,0,21525
2025-12-12 13:18:00+05:30,785.85,785.85,785.85,785.85,0,21525
2025-12-12 13:19:00+05:30,785.85,785.85,785.85,785.85,0,21525
2025-12-12 13:20:00+05:30,785.85,785.85,785.85,785.85,0,21525
2025-12-12 13:21:00+05:30,785.85,785.85,785.85,785.85,0,21525
2025-12-12 13:22:00+05:30,785.85,785.85,785.85,785.85,0,21525
2025-12-12 13:23:00+05:30,785.85,785.85,785.85,785.85,0,21525
2025-12-12 13:24:00+05:30,785.85,785.85,785.85,785.85,0,21525
2025-12-12 13:25:00+05:30,785.85,785.85,785.85,785.85,0,21525
2025-12-12 13:26:00+05:30,785.85,785.85,785.85,785.85,0,21525
2025-12-12 13:27:00+05:30,785.85,785.85,785.85,785.85,0,21525
2025-12-12 13:28:00+05:30,785.85,785.85,785.85,785.85,0,21525
2025-12-12 13:29:00+05:30,785.85,785.85,785.85,785.85,0,21525
2025-12-12 13:30:00+05:30,785.85,785.85,785.85,785.85,0,21525
2025-12-12 13:31:00+05:30,785.85,785.85,785.85,785.85,0,21525
2025-12-12 13:32:00+05:30,785.85,785.85,785.85,785.85,0,21525
2025-12-12 13:33:00+05:30,785.85,785.85,785.85,785.85,0,21525
2025-12-12 13:34:00+05:30,785.85,785.85,785.85,785.85,0,21525
2025-12-12 13:35:00+05:30,785.85,785.85,785.85,785.85,0,21525
2025-12-12 13:36:00+05:30,785.85,785.85,785.85,785.85,0,21525
2025-12-12 13:37:00+05:30,785.85,785.85,785.85,785.85,0,21525
2025-12-12 13:38:00+05:30,785.85,785.85,785.85,785.85,0,21525
2025-12-12 13:39:00+05:30,785.85,785.85,785.85,785.85,0,21525
2025-12-12 13:40:00+05:30,785.85,785.85,785.85,785.85,0,21525
2025-12-12 13:41:00+05:30,785.85,785.85,785.85,785.85,0,21525
2025-12-12 13:42:00+05:30,785.85,785.85,785.85,785.85,0,21525
2025-12-12 13:43:00+05:30,785.85,785.85,785.85,785.85,0,21525
2025-12-12 13:44:00+05:30,785.85,785.85,785.85,785.85,0,21525
2025-12-12 13:45:00+05:30,785.85,785.85,785.85,785.85,0,21525
2025-12-12 13:46:00+05:30,785.85,785.85,785.85,785.85,0,21525
2025-12-12 13:47:00+05:30,785.85,785.85,785.85,785.85,0,21525
2025-12-12 13:48:00+05:30,785.85,785.85,785.85,785.85,0,21525
2025-12-12 13:49:00+05:30,785.85,785.85,785.85,785.85,0,21525
2025-12-12 13:50:00+05:30,785.85,785.85,785.85,785.85,0,21525
2025-12-12 13:51:00+05:30,785.85,785.85,785.85,785.85,0,21525
2025-12-12 13:52:00+05:30,785.85,785.85,785.85,785.85,0,21525
2025-12-12 13:53:00+05:30,785.85,785.85,785.85,785.85,0,21525
2025-12-12 13:54:00+05:30,785.85,785.85,785.85,785.85,0,21525
2025-12-12 13:55:00+05:30,785.85,785.85,785.85,785.85,0,21525
2025-12-12 13:56:00+05:30,785.85,785.85,785.85,785.85,0,21525
2025-12-12 13:57:00+05:30,785.85,785.85,785.85,785.85,0,21525
2025-12-12 13:58:00+05:30,785.85,785.85,785.85,785.85,0,21525
2025-12-12 13:59:00+05:30,785.85,785.85,785.85,785.85,0,21525
2025-12-12 14:00:00+05:30,785.85,785.85,785.85,785.85,0,21525
2025-12-12 14:01:00+05:30,785.85,785.85,785.85,785.85,0,21525
2025-12-12 14:02:00+05:30,785.85,785.85,785.85,785.85,0,21525
2025-12-12 14:03:00+05:30,785.85,785.85,785.85,785.85,0,21525
2025-12-12 14:04:00+05:30,785.85,785.85,785.85,785.85,0,21525
2025-12-12 14:05:00+05:30,824.0,824.0,824.0,824.0,75,21525
2025-12-12 14:06:00+05:30,824.0,824.0,824.0,824.0,0,21525
2025-12-12 14:07:00+05:30,813.85,813.85,812.75,812.75,750,21525
2025-12-12 14:08:00+05:30,812.75,812.75,812.75,812.75,0,21525
2025-12-12 14:09:00+05:30,812.75,812.75,812.75,812.75,0,21525
2025-12-12 14:10:00+05:30,821.15,821.15,821.1,821.1,150,22200
2025-12-12 14:11:00+05:30,818.4,819.0,818.0,819.0,225,22350
2025-12-12 14:12:00+05:30,817.65,818.7,817.65,818.2,375,22350
2025-12-12 14:13:00+05:30,818.2,818.2,818.2,818.2,0,22350
2025-12-12 14:14:00+05:30,818.2,818.2,818.2,818.2,0,22350
2025-12-12 14:15:00+05:30,818.2,818.2,818.2,818.2,0,22350
2025-12-12 14:16:00+05:30,818.2,818.2,818.2,818.2,0,22350
2025-12-12 14:17:00+05:30,818.2,818.2,818.2,818.2,0,22350
2025-12-12 14:18:00+05:30,818.2,818.2,818.2,818.2,0,22350
2025-12-12 14:19:00+05:30,818.2,818.2,818.2,818.2,0,22350
2025-12-12 14:20:00+05:30,818.2,818.2,818.2,818.2,0,22350
2025-12-12 14:21:00+05:30,818.2,818.2,818.2,818.2,0,22350
2025-12-12 14:22:00+05:30,818.2,818.2,818.2,818.2,0,22350
2025-12-12 14:23:00+05:30,818.2,818.2,818.2,818.2,0,22350
2025-12-12 14:24:00+05:30,818.2,818.2,818.2,818.2,0,22350
2025-12-12 14:25:00+05:30,818.2,818.2,818.2,818.2,0,22350
2025-12-12 14:26:00+05:30,814.2,814.2,814.2,814.2,150,22800
2025-12-12 14:27:00+05:30,814.2,814.2,814.2,814.2,0,22800
2025-12-12 14:28:00+05:30,814.2,814.2,814.2,814.2,0,22800
2025-12-12 14:29:00+05:30,814.2,814.2,814.2,814.2,0,22800
2025-12-12 14:30:00+05:30,814.2,814.2,814.2,814.2,0,22800
2025-12-12 14:31:00+05:30,814.2,814.2,814.2,814.2,0,22800
2025-12-12 14:32:00+05:30,814.2,814.2,814.2,814.2,0,22800
2025-12-12 14:33:00+05:30,814.2,814.2,814.2,814.2,0,22800
2025-12-12 14:34:00+05:30,814.2,814.2,814.2,814.2,0,22800
2025-12-12 14:35:00+05:30,814.2,814.2,814.2,814.2,0,22800
2025-12-12 14:36:00+05:30,814.2,814.2,814.2,814.2,0,22800
2025-12-12 14:37:00+05:30,814.2,814.2,814.2,814.2,0,22800
2025-12-12 14:38:00+05:30,814.2,814.2,814.2,814.2,0,22800
2025-12-12 14:39:00+05:30,814.2,814.2,814.2,814.2,0,22800
2025-12-12 14:40:00+05:30,814.2,814.2,814.2,814.2,0,22800
2025-12-12 14:41:00+05:30,793.45,794.3,792.7,792.7,975,22950
2025-12-12 14:42:00+05:30,792.95,792.95,791.5,791.5,600,22950
2025-12-12 14:43:00+05:30,798.45,799.35,798.35,799.2,600,22950
2025-12-12 14:44:00+05:30,799.2,799.2,799.2,799.2,0,22950
2025-12-12 14:45:00+05:30,799.2,799.2,799.2,799.2,0,22950
2025-12-12 14:46:00+05:30,799.2,799.2,799.2,799.2,0,22950
2025-12-12 14:47:00+05:30,799.2,799.2,799.2,799.2,0,22950
2025-12-12 14:48:00+05:30,799.2,799.2,799.2,799.2,0,22950
2025-12-12 14:49:00+05:30,799.2,799.2,799.2,799.2,0,22950
2025-12-12 14:50:00+05:30,799.2,799.2,799.2,799.2,0,22950
2025-12-12 14:51:00+05:30,799.2,799.2,799.2,799.2,0,22950
2025-12-12 14:52:00+05:30,799.2,799.2,799.2,799.2,0,22950
2025-12-12 14:53:00+05:30,799.2,799.2,799.2,799.2,0,22950
2025-12-12 14:54:00+05:30,799.2,799.2,799.2,799.2,0,22950
2025-12-12 14:55:00+05:30,799.2,799.2,799.2,799.2,0,22950
2025-12-12 14:56:00+05:30,799.2,799.2,799.2,799.2,0,22950
2025-12-12 14:57:00+05:30,799.2,799.2,799.2,799.2,0,22950
2025-12-12 14:58:00+05:30,799.2,799.2,799.2,799.2,0,22950
2025-12-12 14:59:00+05:30,799.2,799.2,799.2,799.2,0,22950
2025-12-12 15:00:00+05:30,799.2,799.2,799.2,799.2,0,22950
2025-12-12 15:01:00+05:30,799.2,799.2,799.2,799.2,0,22950
2025-12-12 15:02:00+05:30,799.2,799.2,799.2,799.2,0,22950
2025-12-12 15:03:00+05:30,799.2,799.2,799.2,799.2,0,22950
2025-12-12 15:04:00+05:30,799.2,799.2,799.2,799.2,0,22950
2025-12-12 15:05:00+05:30,799.2,799.2,799.2,799.2,0,22950
2025-12-12 15:06:00+05:30,799.2,799.2,799.2,799.2,0,22950
2025-12-12 15:07:00+05:30,799.2,799.2,799.2,799.2,0,22950
2025-12-12 15:08:00+05:30,799.2,799.2,799.2,799.2,0,22950
2025-12-12 15:09:00+05:30,799.2,799.2,799.2,799.2,0,22950
2025-12-12 15:10:00+05:30,814.4,814.4,814.4,814.4,75,23775
2025-12-12 15:11:00+05:30,814.4,814.4,814.4,814.4,0,23775
2025-12-12 15:12:00+05:30,814.4,814.4,814.4,814.4,0,23775
2025-12-12 15:13:00+05:30,814.4,814.4,814.4,814.4,0,23775
2025-12-12 15:14:00+05:30,814.4,814.4,814.4,814.4,0,23775
2025-12-12 15:15:00+05:30,814.4,814.4,814.4,814.4,0,23775
2025-12-12 15:16:00+05:30,814.4,814.4,814.4,814.4,0,23775
2025-12-12 15:17:00+05:30,814.4,814.4,814.4,814.4,0,23775
2025-12-12 15:18:00+05:30,814.4,814.4,814.4,814.4,0,23775
2025-12-12 15:19:00+05:30,814.4,814.4,814.4,814.4,0,23775
2025-12-12 15:20:00+05:30,814.4,814.4,814.4,814.4,0,23775
2025-12-12 15:21:00+05:30,810.6,810.6,809.05,809.05,450,23775
2025-12-12 15:22:00+05:30,807.55,807.55,807.55,807.55,225,23775
2025-12-12 15:23:00+05:30,814.2,814.2,814.2,814.2,225,23850
2025-12-12 15:24:00+05:30,812.45,812.75,812.45,812.75,450,23850
2025-12-12 15:25:00+05:30,812.3,812.3,812.25,812.25,450,23850
2025-12-12 15:26:00+05:30,812.25,812.25,812.25,812.25,0,23850
2025-12-12 15:27:00+05:30,812.25,812.25,812.25,812.25,0,23850
2025-12-12 15:28:00+05:30,812.25,812.25,812.25,812.25,0,23850
2025-12-12 15:29:00+05:30,813.35,813.75,813.35,813.75,150,23400
2025-12-15 09:16:00+05:30,716.7,716.7,716.7,716.7,75,23250
2025-12-15 09:17:00+05:30,716.7,716.7,716.7,716.7,0,23250
2025-12-15 09:18:00+05:30,716.7,716.7,716.7,716.7,0,23250
2025-12-15 09:19:00+05:30,716.7,716.7,716.7,716.7,0,23250
2025-12-15 09:20:00+05:30,707.85,711.1,701.8,701.8,1500,23325
2025-12-15 09:21:00+05:30,701.8,701.8,701.8,701.8,0,23325
2025-12-15 09:22:00+05:30,701.8,701.8,701.8,701.8,0,23325
2025-12-15 09:23:00+05:30,701.8,701.8,701.8,701.8,0,23325
2025-12-15 09:24:00+05:30,701.8,701.8,701.8,701.8,0,23325
2025-12-15 09:25:00+05:30,688.55,688.55,688.55,688.55,75,22575
2025-12-15 09:26:00+05:30,688.0,688.0,688.0,688.0,75,22575
2025-12-15 09:27:00+05:30,688.0,688.0,688.0,688.0,0,22575
2025-12-15 09:28:00+05:30,688.0,688.0,688.0,688.0,0,22575
2025-12-15 09:29:00+05:30,688.0,688.0,688.0,688.0,0,22575
2025-12-15 09:30:00+05:30,688.0,688.0,688.0,688.0,0,22575
2025-12-15 09:31:00+05:30,688.0,688.0,688.0,688.0,0,22575
2025-12-15 09:32:00+05:30,688.0,688.0,688.0,688.0,0,22575
2025-12-15 09:33:00+05:30,688.65,690.9,688.65,690.9,150,22575
2025-12-15 09:34:00+05:30,690.9,690.9,690.9,690.9,0,22575
2025-12-15 09:35:00+05:30,690.9,690.9,690.9,690.9,0,22575
2025-12-15 09:36:00+05:30,690.9,690.9,690.9,690.9,0,22575
2025-12-15 09:37:00+05:30,690.9,690.9,690.9,690.9,0,22575
2025-12-15 09:38:00+05:30,686.95,686.95,686.95,686.95,75,22425
2025-12-15 09:39:00+05:30,686.95,686.95,686.95,686.95,0,22425
2025-12-15 09:40:00+05:30,686.95,686.95,686.95,686.95,0,22425
2025-12-15 09:41:00+05:30,688.65,688.65,688.65,688.65,75,22350
2025-12-15 09:42:00+05:30,688.65,688.65,688.65,688.65,0,22350
2025-12-15 09:43:00+05:30,683.15,685.0,669.5,669.5,1200,21975
2025-12-15 09:44:00+05:30,672.0,672.0,671.7,671.7,225,21975
2025-12-15 09:45:00+05:30,669.1,669.15,669.1,669.1,300,21975
2025-12-15 09:46:00+05:30,671.95,671.95,671.85,671.85,150,21375
2025-12-15 09:47:00+05:30,683.65,683.8,683.65,683.8,150,21375
2025-12-15 09:48:00+05:30,689.9,689.9,689.9,689.9,75,21375
2025-12-15 09:49:00+05:30,690.9,691.9,689.2,691.35,375,20850
2025-12-15 09:50:00+05:30,691.35,691.35,691.35,691.35,0,20850
2025-12-15 09:51:00+05:30,697.15,697.45,697.15,697.45,150,20850
2025-12-15 09:52:00+05:30,695.85,695.85,695.85,695.85,75,20700
2025-12-15 09:53:00+05:30,690.7,690.7,690.25,690.25,225,20700
2025-12-15 09:54:00+05:30,690.25,690.25,690.25,690.25,0,20700
2025-12-15 09:55:00+05:30,690.25,690.25,690.25,690.25,0,20700
2025-12-15 09:56:00+05:30,690.45,690.65,690.45,690.65,225,20700
2025-12-15 09:57:00+05:30,690.65,690.65,690.65,690.65,0,20700
2025-12-15 09:58:00+05:30,690.65,690.65,690.65,690.65,0,20700
2025-12-15 09:59:00+05:30,690.65,690.65,690.65,690.65,0,20700
2025-12-15 10:00:00+05:30,690.65,690.65,690.65,690.65,0,20700
2025-12-15 10:01:00+05:30,704.7,704.95,704.7,704.95,225,20475
2025-12-15 10:02:00+05:30,704.95,704.95,704.95,704.95,0,20475
2025-12-15 10:03:00+05:30,704.95,704.95,704.95,704.95,0,20475
2025-12-15 10:04:00+05:30,704.95,704.95,704.95,704.95,0,20475
2025-12-15 10:05:00+05:30,704.95,704.95,704.95,704.95,0,20475
2025-12-15 10:06:00+05:30,704.95,704.95,704.95,704.95,0,20475
2025-12-15 10:07:00+05:30,704.95,704.95,704.95,704.95,0,20475
2025-12-15 10:08:00+05:30,704.95,704.95,704.95,704.95,0,20475
2025-12-15 10:09:00+05:30,700.6,700.6,700.6,700.6,75,20250
2025-12-15 10:10:00+05:30,700.6,700.6,700.6,700.6,0,20250
2025-12-15 10:11:00+05:30,700.6,700.6,700.6,700.6,0,20250
2025-12-15 10:12:00+05:30,700.6,700.6,700.6,700.6,0,20250
2025-12-15 10:13:00+05:30,714.5,714.5,714.5,714.5,75,20325
2025-12-15 10:14:00+05:30,714.5,714.5,714.5,714.5,0,20325
2025-12-15 10:15:00+05:30,714.75,714.75,714.75,714.75,75,20325
2025-12-15 10:16:00+05:30,714.75,714.75,714.75,714.75,0,20325
2025-12-15 10:17:00+05:30,714.75,714.75,714.75,714.75,0,20325
2025-12-15 10:18:00+05:30,714.75,714.75,714.75,714.75,0,20325
2025-12-15 10:19:00+05:30,714.75,714.75,714.75,714.75,0,20325
2025-12-15 10:20:00+05:30,714.75,714.75,714.75,714.75,0,20325
2025-12-15 10:21:00+05:30,714.75,714.75,714.75,714.75,0,20325
2025-12-15 10:22:00+05:30,714.75,714.75,714.75,714.75,0,20325
2025-12-15 10:23:00+05:30,714.75,714.75,714.75,714.75,0,20325
2025-12-15 10:24:00+05:30,714.75,714.75,714.75,714.75,0,20325
2025-12-15 10:25:00+05:30,700.55,700.55,700.55,700.55,75,20325
2025-12-15 10:26:00+05:30,727.0,727.0,727.0,727.0,75,20325
2025-12-15 10:27:00+05:30,727.0,727.0,727.0,727.0,0,20325
2025-12-15 10:28:00+05:30,727.0,727.0,727.0,727.0,0,20325
2025-12-15 10:29:00+05:30,727.0,727.0,727.0,727.0,0,20325
2025-12-15 10:30:00+05:30,727.0,727.0,727.0,727.0,0,20325
2025-12-15 10:31:00+05:30,727.0,727.0,727.0,727.0,0,20325
2025-12-15 10:32:00+05:30,727.0,727.0,727.0,727.0,0,20325
2025-12-15 10:33:00+05:30,727.0,727.0,727.0,727.0,0,20325
2025-12-15 10:34:00+05:30,727.0,727.0,727.0,727.0,0,20325
2025-12-15 10:35:00+05:30,727.0,727.0,727.0,727.0,0,20325
2025-12-15 10:36:00+05:30,727.0,727.0,727.0,727.0,0,20325
2025-12-15 10:37:00+05:30,727.0,727.0,727.0,727.0,0,20325
2025-12-15 10:38:00+05:30,705.7,705.7,705.7,705.7,75,20400
2025-12-15 10:39:00+05:30,705.7,705.7,705.7,705.7,0,20400
2025-12-15 10:40:00+05:30,705.7,705.7,705.7,705.7,0,20400
2025-12-15 10:41:00+05:30,706.2,706.2,706.2,706.2,300,20400
2025-12-15 10:42:00+05:30,706.2,706.2,706.2,706.2,0,20400
2025-12-15 10:43:00+05:30,706.2,706.2,706.2,706.2,0,20400
2025-12-15 10:44:00+05:30,706.2,706.2,706.2,706.2,0,20400
2025-12-15 10:45:00+05:30,726.45,726.45,726.45,726.45,75,20325
2025-12-15 10:46:00+05:30,726.45,726.45,726.45,726.45,0,20325
2025-12-15 10:47:00+05:30,715.3,715.3,715.3,715.3,75,20325
2025-12-15 10:48:00+05:30,726.4,726.4,726.4,726.4,75,20325
2025-12-15 10:49:00+05:30,726.4,726.4,726.4,726.4,0,20325
2025-12-15 10:50:00+05:30,739.3,740.05,739.3,740.05,1500,20250
2025-12-15 10:51:00+05:30,740.05,740.05,740.05,740.05,0,20250
2025-12-15 10:52:00+05:30,740.05,740.05,740.05,740.05,0,20250
2025-12-15 10:53:00+05:30,740.05,740.05,740.05,740.05,0,20250
2025-12-15 10:54:00+05:30,743.75,743.75,743.75,743.75,750,20100
2025-12-15 10:55:00+05:30,744.25,744.25,744.25,744.25,75,20175
2025-12-15 10:56:00+05:30,744.25,744.25,744.25,744.25,0,20175
2025-12-15 10:57:00+05:30,744.25,744.25,744.25,744.25,0,20175
2025-12-15 10:58:00+05:30,739.25,739.25,739.25,739.25,75,20250
2025-12-15 10:59:00+05:30,739.25,739.25,739.25,739.25,0,20250
2025-12-15 11:00:00+05:30,739.25,739.25,739.25,739.25,0,20250
2025-12-15 11:01:00+05:30,739.25,739.25,739.25,739.25,0,20250
2025-12-15 11:02:00+05:30,739.25,739.25,739.25,739.25,0,20250
2025-12-15 11:03:00+05:30,739.25,739.25,739.25,739.25,0,20250
2025-12-15 11:04:00+05:30,739.25,739.25,739.25,739.25,0,20250
2025-12-15 11:05:00+05:30,735.5,735.5,735.5,735.5,75,20250
2025-12-15 11:06:00+05:30,735.5,735.5,735.5,735.5,0,20250
2025-12-15 11:07:00+05:30,735.5,735.5,735.5,735.5,0,20250
2025-12-15 11:08:00+05:30,735.5,735.5,735.5,735.5,0,20250
2025-12-15 11:09:00+05:30,735.5,735.5,735.5,735.5,0,20250
2025-12-15 11:10:00+05:30,735.5,735.5,735.5,735.5,0,20250
2025-12-15 11:11:00+05:30,735.5,735.5,735.5,735.5,0,20250
2025-12-15 11:12:00+05:30,735.5,735.5,735.5,735.5,0,20250
2025-12-15 11:13:00+05:30,735.5,735.5,735.5,735.5,0,20250
2025-12-15 11:14:00+05:30,735.5,735.5,735.5,735.5,0,20250
2025-12-15 11:15:00+05:30,735.5,735.5,735.5,735.5,0,20250
2025-12-15 11:16:00+05:30,727.05,727.05,727.05,727.05,75,20175
2025-12-15 11:17:00+05:30,727.05,727.05,727.05,727.05,0,20175
2025-12-15 11:18:00+05:30,727.05,727.05,727.05,727.05,0,20175
2025-12-15 11:19:00+05:30,727.05,727.05,727.05,727.05,0,20175
2025-12-15 11:20:00+05:30,717.65,717.65,717.65,717.65,75,20175
2025-12-15 11:21:00+05:30,717.65,717.65,717.65,717.65,0,20175
2025-12-15 11:22:00+05:30,717.65,717.65,717.65,717.65,0,20175
2025-12-15 11:23:00+05:30,717.65,717.65,717.65,717.65,0,20175
2025-12-15 11:24:00+05:30,724.4,724.4,724.4,724.4,75,20250
2025-12-15 11:25:00+05:30,724.4,724.4,724.4,724.4,0,20250
2025-12-15 11:26:00+05:30,724.4,724.4,724.4,724.4,0,20250
2025-12-15 11:27:00+05:30,739.25,748.7,739.25,748.7,150,20250
2025-12-15 11:28:00+05:30,748.7,748.7,748.7,748.7,0,20250
2025-12-15 11:29:00+05:30,747.4,747.4,746.95,746.95,825,20175
2025-12-15 11:30:00+05:30,746.95,746.95,746.95,746.95,0,20175
2025-12-15 11:31:00+05:30,746.95,746.95,746.95,746.95,0,20175
2025-12-15 11:32:00+05:30,746.95,746.95,746.95,746.95,0,20175
2025-12-15 11:33:00+05:30,746.95,746.95,746.95,746.95,0,20175
2025-12-15 11:34:00+05:30,746.95,746.95,746.95,746.95,0,20175
2025-12-15 11:35:00+05:30,746.95,746.95,746.95,746.95,0,20175
2025-12-15 11:36:00+05:30,718.75,718.75,718.75,718.75,75,19425
2025-12-15 11:37:00+05:30,713.95,713.95,713.95,713.95,75,19425
2025-12-15 11:38:00+05:30,713.95,713.95,713.95,713.95,0,19425
2025-12-15 11:39:00+05:30,713.95,713.95,713.95,713.95,0,19425
2025-12-15 11:40:00+05:30,713.95,713.95,713.95,713.95,0,19425
2025-12-15 11:41:00+05:30,713.95,713.95,713.95,713.95,0,19425
2025-12-15 11:42:00+05:30,713.95,713.95,713.95,713.95,0,19425
2025-12-15 11:43:00+05:30,713.95,713.95,713.95,713.95,0,19425
2025-12-15 11:44:00+05:30,713.95,713.95,713.95,713.95,0,19425
2025-12-15 11:45:00+05:30,713.95,713.95,713.95,713.95,0,19425
2025-12-15 11:46:00+05:30,713.95,713.95,713.95,713.95,0,19425
2025-12-15 11:47:00+05:30,713.95,713.95,713.95,713.95,0,19425
2025-12-15 11:48:00+05:30,750.85,750.85,750.85,750.85,75,19350
2025-12-15 11:49:00+05:30,750.85,750.85,750.85,750.85,0,19350
2025-12-15 11:50:00+05:30,750.85,750.85,750.85,750.85,0,19350
2025-12-15 11:51:00+05:30,750.85,750.85,750.85,750.85,0,19350
2025-12-15 11:52:00+05:30,750.85,750.85,750.85,750.85,0,19350
2025-12-15 11:53:00+05:30,750.85,750.85,750.85,750.85,0,19350
2025-12-15 11:54:00+05:30,750.85,750.85,750.85,750.85,0,19350
2025-12-15 11:55:00+05:30,750.85,750.85,750.85,750.85,0,19350
2025-12-15 11:56:00+05:30,750.85,750.85,750.85,750.85,0,19350
2025-12-15 11:57:00+05:30,750.85,750.85,750.85,750.85,0,19350
2025-12-15 11:58:00+05:30,750.85,750.85,750.85,750.85,0,19350
2025-12-15 11:59:00+05:30,750.85,750.85,750.85,750.85,0,19350
2025-12-15 12:00:00+05:30,750.85,750.85,750.85,750.85,0,19350
2025-12-15 12:01:00+05:30,750.85,750.85,750.85,750.85,0,19350
2025-12-15 12:02:00+05:30,750.85,750.85,750.85,750.85,0,19350
2025-12-15 12:03:00+05:30,750.85,750.85,750.85,750.85,0,19350
2025-12-15 12:04:00+05:30,750.85,750.85,750.85,750.85,0,19350
2025-12-15 12:05:00+05:30,750.85,750.85,750.85,750.85,0,19350
2025-12-15 12:06:00+05:30,750.85,750.85,750.85,750.85,0,19350
2025-12-15 12:07:00+05:30,750.85,750.85,750.85,750.85,0,19350
2025-12-15 12:08:00+05:30,750.85,750.85,750.85,750.85,0,19350
2025-12-15 12:09:00+05:30,750.85,750.85,750.85,750.85,0,19350
2025-12-15 12:10:00+05:30,750.85,750.85,750.85,750.85,0,19350
2025-12-15 12:11:00+05:30,750.85,750.85,750.85,750.85,0,19350
2025-12-15 12:12:00+05:30,776.55,776.55,776.55,776.55,75,19350
2025-12-15 12:13:00+05:30,776.55,776.55,776.55,776.55,0,19350
2025-12-15 12:14:00+05:30,776.55,776.55,776.55,776.55,0,19350
2025-12-15 12:15:00+05:30,776.55,776.55,776.55,776.55,0,19350
2025-12-15 12:16:00+05:30,776.6,776.6,776.6,776.6,75,19350
2025-12-15 12:17:00+05:30,776.6,776.6,776.6,776.6,0,19350
2025-12-15 12:18:00+05:30,776.6,776.6,776.6,776.6,0,19350
2025-12-15 12:19:00+05:30,776.6,776.6,776.6,776.6,0,19350
2025-12-15 12:20:00+05:30,776.6,776.6,776.6,776.6,0,19350
2025-12-15 12:21:00+05:30,776.6,776.6,776.6,776.6,0,19350
2025-12-15 12:22:00+05:30,776.6,776.6,776.6,776.6,0,19350
2025-12-15 12:23:00+05:30,783.45,783.45,783.45,783.45,75,19425
2025-12-15 12:24:00+05:30,778.2,778.2,778.2,778.2,75,19425
2025-12-15 12:25:00+05:30,778.2,778.2,778.2,778.2,0,19425
2025-12-15 12:26:00+05:30,779.35,779.35,779.35,779.35,75,19275
2025-12-15 12:27:00+05:30,779.35,779.35,779.35,779.35,0,19275
2025-12-15 12:28:00+05:30,779.35,779.35,779.35,779.35,0,19275
2025-12-15 12:29:00+05:30,779.35,779.35,779.35,779.35,0,19275
2025-12-15 12:30:00+05:30,779.35,779.35,779.35,779.35,0,19275
2025-12-15 12:31:00+05:30,779.35,779.35,779.35,779.35,0,19275
2025-12-15 12:32:00+05:30,779.35,779.35,779.35,779.35,0,19275
2025-12-15 12:33:00+05:30,779.35,779.35,779.35,779.35,0,19275
2025-12-15 12:34:00+05:30,779.35,779.35,779.35,779.35,0,19275
2025-12-15 12:35:00+05:30,779.35,779.35,779.35,779.35,0,19275
2025-12-15 12:36:00+05:30,779.35,779.35,779.35,779.35,0,19275
2025-12-15 12:37:00+05:30,779.35,779.35,779.35,779.35,0,19275
2025-12-15 12:38:00+05:30,779.35,779.35,779.35,779.35,0,19275
2025-12-15 12:39:00+05:30,779.35,779.35,779.35,779.35,0,19275
2025-12-15 12:40:00+05:30,779.35,779.35,779.35,779.35,0,19275
2025-12-15 12:41:00+05:30,772.4,772.4,771.95,771.95,150,19350
2025-12-15 12:42:00+05:30,771.95,771.95,771.95,771.95,0,19350
2025-12-15 12:43:00+05:30,771.95,771.95,771.95,771.95,0,19350
2025-12-15 12:44:00+05:30,771.95,771.95,771.95,771.95,0,19350
2025-12-15 12:45:00+05:30,771.95,771.95,771.95,771.95,0,19350
2025-12-15 12:46:00+05:30,771.95,771.95,771.95,771.95,0,19350
2025-12-15 12:47:00+05:30,771.95,771.95,771.95,771.95,0,19350
2025-12-15 12:48:00+05:30,771.95,771.95,771.95,771.95,0,19350
2025-12-15 12:49:00+05:30,773.3,773.3,773.3,773.3,75,19500
2025-12-15 12:50:00+05:30,772.2,772.2,772.2,772.2,75,19575
2025-12-15 12:51:00+05:30,774.75,774.75,774.75,774.75,75,19575
2025-12-15 12:52:00+05:30,774.75,774.75,774.75,774.75,0,19575
2025-12-15 12:53:00+05:30,774.75,774.75,774.75,774.75,0,19575
2025-12-15 12:54:00+05:30,774.75,774.75,774.75,774.75,0,19575
2025-12-15 12:55:00+05:30,774.75,774.75,774.75,774.75,0,19575
2025-12-15 12:56:00+05:30,774.75,774.75,774.75,774.75,0,19575
2025-12-15 12:57:00+05:30,774.75,774.75,774.75,774.75,0,19575
2025-12-15 12:58:00+05:30,774.75,774.75,774.75,774.75,0,19575
2025-12-15 12:59:00+05:30,774.75,774.75,774.75,774.75,0,19575
2025-12-15 13:00:00+05:30,774.75,774.75,774.75,774.75,0,19575
2025-12-15 13:01:00+05:30,774.75,774.75,774.75,774.75,0,19575
2025-12-15 13:02:00+05:30,774.75,774.75,774.75,774.75,0,19575
2025-12-15 13:03:00+05:30,774.75,774.75,774.75,774.75,0,19575
2025-12-15 13:04:00+05:30,774.75,774.75,774.75,774.75,0,19575
2025-12-15 13:05:00+05:30,774.75,774.75,774.75,774.75,0,19575
2025-12-15 13:06:00+05:30,774.75,774.75,774.75,774.75,0,19575
2025-12-15 13:07:00+05:30,774.75,774.75,774.75,774.75,0,19575
2025-12-15 13:08:00+05:30,774.75,774.75,774.75,774.75,0,19575
2025-12-15 13:09:00+05:30,774.75,774.75,774.75,774.75,0,19575
2025-12-15 13:10:00+05:30,774.75,774.75,774.75,774.75,0,19575
2025-12-15 13:11:00+05:30,787.6,788.55,787.6,788.55,150,19500
2025-12-15 13:12:00+05:30,790.05,790.05,790.05,790.05,300,19500
2025-12-15 13:13:00+05:30,790.05,790.05,790.05,790.05,0,19500
2025-12-15 13:14:00+05:30,794.15,794.15,794.15,794.15,75,19575
2025-12-15 13:15:00+05:30,794.15,794.15,794.15,794.15,0,19575
2025-12-15 13:16:00+05:30,794.15,794.15,794.15,794.15,0,19575
2025-12-15 13:17:00+05:30,794.15,794.15,794.15,794.15,0,19575
2025-12-15 13:18:00+05:30,794.15,794.15,794.15,794.15,0,19575
2025-12-15 13:19:00+05:30,794.15,794.15,794.15,794.15,0,19575
2025-12-15 13:20:00+05:30,794.15,794.15,794.15,794.15,0,19575
2025-12-15 13:21:00+05:30,782.4,782.4,782.4,782.4,75,19575
2025-12-15 13:22:00+05:30,782.45,782.45,782.45,782.45,75,19575
2025-12-15 13:23:00+05:30,782.45,782.45,782.45,782.45,0,19575
2025-12-15 13:24:00+05:30,782.45,782.45,782.45,782.45,0,19575
2025-12-15 13:25:00+05:30,782.45,782.45,782.45,782.45,0,19575
2025-12-15 13:26:00+05:30,780.95,780.95,780.95,780.95,150,19575
2025-12-15 13:27:00+05:30,780.95,780.95,780.95,780.95,0,19575
2025-12-15 13:28:00+05:30,780.95,780.95,780.95,780.95,0,19575
2025-12-15 13:29:00+05:30,780.95,780.95,780.95,780.95,0,19575
2025-12-15 13:30:00+05:30,780.95,780.95,780.95,780.95,0,19575
2025-12-15 13:31:00+05:30,778.85,779.75,778.85,779.75,150,19725
2025-12-15 13:32:00+05:30,779.75,779.75,779.75,779.75,0,19725
2025-12-15 13:33:00+05:30,779.75,779.75,779.75,779.75,0,19725
2025-12-15 13:34:00+05:30,779.75,779.75,779.75,779.75,0,19725
2025-12-15 13:35:00+05:30,779.75,779.75,779.75,779.75,0,19725
2025-12-15 13:36:00+05:30,779.75,779.75,779.75,779.75,0,19725
2025-12-15 13:37:00+05:30,779.75,779.75,779.75,779.75,0,19725
2025-12-15 13:38:00+05:30,779.75,779.75,779.75,779.75,0,19725
2025-12-15 13:39:00+05:30,779.75,779.75,779.75,779.75,0,19725
2025-12-15 13:40:00+05:30,779.75,779.75,779.75,779.75,0,19725
2025-12-15 13:41:00+05:30,782.7,782.7,782.7,782.7,75,19800
2025-12-15 13:42:00+05:30,782.7,782.7,782.7,782.7,0,19800
2025-12-15 13:43:00+05:30,782.7,782.7,782.7,782.7,0,19800
2025-12-15 13:44:00+05:30,782.7,782.7,782.7,782.7,0,19800
2025-12-15 13:45:00+05:30,782.7,782.7,782.7,782.7,0,19800
2025-12-15 13:46:00+05:30,776.25,776.25,776.25,776.25,75,19875
2025-12-15 13:47:00+05:30,776.25,776.25,776.25,776.25,0,19875
2025-12-15 13:48:00+05:30,776.25,776.25,776.25,776.25,0,19875
2025-12-15 13:49:00+05:30,776.25,776.25,776.25,776.25,0,19875
2025-12-15 13:50:00+05:30,776.25,776.25,776.25,776.25,0,19875
2025-12-15 13:51:00+05:30,776.25,776.25,776.25,776.25,0,19875
2025-12-15 13:52:00+05:30,776.25,776.25,776.25,776.25,0,19875
2025-12-15 13:53:00+05:30,776.25,776.25,776.25,776.25,0,19875
2025-12-15 13:54:00+05:30,776.25,776.25,776.25,776.25,0,19875
2025-12-15 13:55:00+05:30,776.25,776.25,776.25,776.25,0,19875
2025-12-15 13:56:00+05:30,776.25,776.25,776.25,776.25,0,19875
2025-12-15 13:57:00+05:30,776.25,776.25,776.25,776.25,0,19875
2025-12-15 13:58:00+05:30,776.25,776.25,776.25,776.25,0,19875
2025-12-15 13:59:00+05:30,776.25,776.25,776.25,776.25,0,19875
2025-12-15 14:00:00+05:30,776.25,776.25,776.25,776.25,0,19875
2025-12-15 14:01:00+05:30,776.25,776.25,776.25,776.25,0,19875
2025-12-15 14:02:00+05:30,776.25,776.25,776.25,776.25,0,19875
2025-12-15 14:03:00+05:30,776.25,776.25,776.25,776.25,0,19875
2025-12-15 14:04:00+05:30,776.25,776.25,776.25,776.25,0,19875
2025-12-15 14:05:00+05:30,776.25,776.25,776.25,776.25,0,19875
2025-12-15 14:06:00+05:30,776.25,776.25,776.25,776.25,0,19875
2025-12-15 14:07:00+05:30,787.6,789.35,787.6,789.35,150,19950
2025-12-15 14:08:00+05:30,789.35,789.35,789.35,789.35,0,19950
2025-12-15 14:09:00+05:30,789.35,789.35,789.35,789.35,0,19950
2025-12-15 14:10:00+05:30,789.35,789.35,789.35,789.35,0,19950
2025-12-15 14:11:00+05:30,789.35,789.35,789.35,789.35,0,19950
2025-12-15 14:12:00+05:30,789.35,789.35,789.35,789.35,0,19950
2025-12-15 14:13:00+05:30,789.35,789.35,789.35,789.35,0,19950
2025-12-15 14:14:00+05:30,789.35,789.35,789.35,789.35,0,19950
2025-12-15 14:15:00+05:30,789.35,789.35,789.35,789.35,0,19950
2025-12-15 14:16:00+05:30,768.05,768.05,768.05,768.05,75,19950
2025-12-15 14:17:00+05:30,768.05,768.05,768.05,768.05,0,19950
2025-12-15 14:18:00+05:30,768.05,768.05,768.05,768.05,0,19950
2025-12-15 14:19:00+05:30,768.05,768.05,768.05,768.05,0,19950
2025-12-15 14:20:00+05:30,767.15,767.15,767.15,767.15,75,19950
2025-12-15 14:21:00+05:30,767.15,767.15,767.15,767.15,0,19950
2025-12-15 14:22:00+05:30,767.15,767.15,767.15,767.15,0,19950
2025-12-15 14:23:00+05:30,767.0,767.0,767.0,767.0,75,19950
2025-12-15 14:24:00+05:30,767.0,767.0,767.0,767.0,0,19950
2025-12-15 14:25:00+05:30,767.0,767.0,767.0,767.0,0,19950
2025-12-15 14:26:00+05:30,767.0,767.0,767.0,767.0,0,19950
2025-12-15 14:27:00+05:30,767.0,767.0,767.0,767.0,0,19950
2025-12-15 14:28:00+05:30,767.0,767.0,767.0,767.0,0,19950
2025-12-15 14:29:00+05:30,767.0,767.0,767.0,767.0,0,19950
2025-12-15 14:30:00+05:30,767.0,767.0,767.0,767.0,0,19950
2025-12-15 14:31:00+05:30,767.0,767.0,767.0,767.0,0,19950
2025-12-15 14:32:00+05:30,767.0,767.0,767.0,767.0,0,19950
2025-12-15 14:33:00+05:30,767.0,767.0,767.0,767.0,0,19950
2025-12-15 14:34:00+05:30,767.0,767.0,767.0,767.0,0,19950
2025-12-15 14:35:00+05:30,767.0,767.0,767.0,767.0,0,19950
2025-12-15 14:36:00+05:30,767.0,767.0,767.0,767.0,0,19950
2025-12-15 14:37:00+05:30,767.0,767.0,767.0,767.0,0,19950
2025-12-15 14:38:00+05:30,767.0,767.0,767.0,767.0,0,19950
2025-12-15 14:39:00+05:30,767.0,767.0,767.0,767.0,0,19950
2025-12-15 14:40:00+05:30,767.0,767.0,767.0,767.0,0,19950
2025-12-15 14:41:00+05:30,767.0,767.0,767.0,767.0,0,19950
2025-12-15 14:42:00+05:30,767.0,767.0,767.0,767.0,0,19950
2025-12-15 14:43:00+05:30,767.0,767.0,767.0,767.0,0,19950
2025-12-15 14:44:00+05:30,767.0,767.0,767.0,767.0,0,19950
2025-12-15 14:45:00+05:30,791.0,792.2,789.15,791.2,600,19875
2025-12-15 14:46:00+05:30,791.2,791.2,791.2,791.2,0,19875
2025-12-15 14:47:00+05:30,791.2,791.2,791.2,791.2,0,19875
2025-12-15 14:48:00+05:30,791.2,791.2,791.2,791.2,0,19875
2025-12-15 14:49:00+05:30,791.2,791.2,791.2,791.2,0,19875
2025-12-15 14:50:00+05:30,782.75,782.75,782.75,782.75,75,19950
2025-12-15 14:51:00+05:30,782.75,782.75,782.75,782.75,0,19950
2025-12-15 14:52:00+05:30,782.75,782.75,782.75,782.75,0,19950
2025-12-15 14:53:00+05:30,782.75,782.75,782.75,782.75,0,19950
2025-12-15 14:54:00+05:30,782.75,782.75,782.75,782.75,0,19950
2025-12-15 14:55:00+05:30,782.75,782.75,782.75,782.75,0,19950
2025-12-15 14:56:00+05:30,782.75,782.75,782.75,782.75,0,19950
2025-12-15 14:57:00+05:30,782.75,782.75,782.75,782.75,0,19950
2025-12-15 14:58:00+05:30,782.75,782.75,782.75,782.75,0,19950
2025-12-15 14:59:00+05:30,782.75,782.75,782.75,782.75,0,19950
2025-12-15 15:00:00+05:30,782.75,782.75,782.75,782.75,0,19950
2025-12-15 15:01:00+05:30,782.75,782.75,782.75,782.75,0,19950
2025-12-15 15:02:00+05:30,782.75,782.75,782.75,782.75,0,19950
2025-12-15 15:03:00+05:30,782.75,782.75,782.75,782.75,0,19950
2025-12-15 15:04:00+05:30,782.75,782.75,782.75,782.75,0,19950
2025-12-15 15:05:00+05:30,782.75,782.75,782.75,782.75,0,19950
2025-12-15 15:06:00+05:30,782.75,782.75,782.75,782.75,0,19950
2025-12-15 15:07:00+05:30,782.75,782.75,782.75,782.75,0,19950
2025-12-15 15:08:00+05:30,782.75,782.75,782.75,782.75,0,19950
2025-12-15 15:09:00+05:30,782.75,782.75,782.75,782.75,0,19950
2025-12-15 15:10:00+05:30,783.95,783.95,783.95,783.95,75,19875
2025-12-15 15:11:00+05:30,783.95,783.95,783.95,783.95,0,19875
2025-12-15 15:12:00+05:30,783.95,783.95,783.95,783.95,0,19875
2025-12-15 15:13:00+05:30,783.95,783.95,783.95,783.95,0,19875
2025-12-15 15:14:00+05:30,784.45,784.45,784.45,784.45,75,19875
2025-12-15 15:15:00+05:30,784.45,784.45,784.45,784.45,0,19875
2025-12-15 15:16:00+05:30,784.45,784.45,784.45,784.45,0,19875
2025-12-15 15:17:00+05:30,784.45,784.45,784.45,784.45,0,19875
2025-12-15 15:18:00+05:30,784.45,784.45,784.45,784.45,0,19875
2025-12-15 15:19:00+05:30,784.45,784.45,784.45,784.45,0,19875
2025-12-15 15:20:00+05:30,773.6,773.6,773.6,773.6,150,19875
2025-12-15 15:21:00+05:30,773.6,773.6,773.6,773.6,0,19875
2025-12-15 15:22:00+05:30,773.6,773.6,773.6,773.6,0,19875
2025-12-15 15:23:00+05:30,773.6,773.6,773.6,773.6,0,19875
2025-12-15 15:24:00+05:30,773.6,773.6,773.6,773.6,0,19875
2025-12-15 15:25:00+05:30,773.6,773.6,773.6,773.6,0,19875
2025-12-15 15:26:00+05:30,773.6,773.6,773.6,773.6,0,19875
2025-12-15 15:27:00+05:30,773.6,773.6,773.6,773.6,0,19875
2025-12-15 15:28:00+05:30,773.6,773.6,773.6,773.6,0,19875
2025-12-15 15:29:00+05:30,773.6,773.6,773.6,773.6,0,19875
2025-12-16 09:36:00+05:30,666.0,666.0,664.3,664.85,525,19800
2025-12-16 09:37:00+05:30,667.2,667.2,667.2,667.2,75,19275
2025-12-16 09:38:00+05:30,673.15,673.15,673.15,673.15,75,19275
2025-12-16 09:39:00+05:30,673.15,673.15,673.15,673.15,0,19275
2025-12-16 09:40:00+05:30,673.15,673.15,673.15,673.15,0,19275
2025-12-16 09:41:00+05:30,684.9,685.4,684.9,685.3,375,19275
2025-12-16 09:42:00+05:30,685.7,685.7,683.75,683.75,150,19275
2025-12-16 09:43:00+05:30,683.4,683.4,683.25,683.25,150,18750
2025-12-16 09:44:00+05:30,683.25,683.25,683.25,683.25,0,18750
2025-12-16 09:45:00+05:30,683.25,683.25,683.25,683.25,0,18750
2025-12-16 09:46:00+05:30,681.2,681.9,681.2,681.9,225,18600
2025-12-16 09:47:00+05:30,683.7,684.15,683.65,684.15,750,18600
2025-12-16 09:48:00+05:30,683.75,684.25,683.75,684.25,150,18600
2025-12-16 09:49:00+05:30,690.75,690.8,690.75,690.8,150,18600
2025-12-16 09:50:00+05:30,686.15,689.05,684.8,686.75,1875,17325
2025-12-16 09:51:00+05:30,689.15,689.35,686.95,686.95,300,17325
2025-12-16 09:52:00+05:30,677.9,679.6,677.9,679.6,150,15150
2025-12-16 09:53:00+05:30,688.05,692.15,688.05,692.15,450,15150
2025-12-16 09:54:00+05:30,692.15,692.65,692.15,692.65,150,15150
2025-12-16 09:55:00+05:30,689.35,689.35,688.1,688.6,225,15150
2025-12-16 09:56:00+05:30,688.6,688.6,688.6,688.6,0,15150
2025-12-16 09:57:00+05:30,679.0,682.1,677.25,677.65,750,14250
2025-12-16 09:58:00+05:30,674.9,674.9,673.55,673.55,150,14250
2025-12-16 09:59:00+05:30,659.3,659.3,659.25,659.25,150,13275
2025-12-16 10:00:00+05:30,659.25,659.25,659.25,659.25,0,13275
2025-12-16 10:01:00+05:30,648.15,648.8,648.15,648.3,450,12825
2025-12-16 10:02:00+05:30,643.75,644.05,638.45,639.45,675,12825
2025-12-16 10:03:00+05:30,639.1,639.1,638.05,638.15,300,12825
2025-12-16 10:04:00+05:30,638.15,638.15,638.15,638.15,0,12825
2025-12-16 10:05:00+05:30,638.15,638.15,638.15,638.15,0,12825
2025-12-16 10:06:00+05:30,644.15,648.2,644.15,648.2,750,11775
2025-12-16 10:07:00+05:30,646.9,650.55,646.45,648.4,3225,11775
2025-12-16 10:08:00+05:30,645.65,645.9,644.7,644.7,225,11775
2025-12-16 10:09:00+05:30,641.4,642.05,640.4,641.45,450,11775
2025-12-16 10:10:00+05:30,642.2,642.85,641.95,641.95,600,10125
2025-12-16 10:11:00+05:30,640.5,643.3,640.35,643.3,600,10125
2025-12-16 10:12:00+05:30,638.8,640.15,638.8,640.15,600,10125
2025-12-16 10:13:00+05:30,638.95,641.8,638.65,641.65,825,9375
2025-12-16 10:14:00+05:30,645.6,646.25,645.6,646.25,150,9375
2025-12-16 10:15:00+05:30,646.25,646.25,646.25,646.25,0,9375
2025-12-16 10:16:00+05:30,647.95,648.85,647.95,648.85,225,9375
2025-12-16 10:17:00+05:30,648.05,652.1,648.0,652.1,1425,9375
2025-12-16 10:18:00+05:30,654.95,659.95,654.95,659.95,150,9375
2025-12-16 10:19:00+05:30,663.45,663.45,661.5,661.5,150,9450
2025-12-16 10:20:00+05:30,662.8,662.8,658.7,658.7,1650,9450
2025-12-16 10:21:00+05:30,658.7,658.7,658.7,658.7,0,9450
2025-12-16 10:22:00+05:30,662.25,662.25,662.25,662.25,75,9450
2025-12-16 10:23:00+05:30,662.25,662.25,662.25,662.25,0,9450
2025-12-16 10:24:00+05:30,662.25,662.25,662.25,662.25,0,9450
2025-12-16 10:25:00+05:30,662.25,662.25,662.25,662.25,0,9450
2025-12-16 10:26:00+05:30,662.25,662.25,662.25,662.25,0,9450
2025-12-16 10:27:00+05:30,662.25,662.25,662.25,662.25,0,9450
2025-12-16 10:28:00+05:30,662.25,662.25,662.25,662.25,0,9450
2025-12-16 10:29:00+05:30,662.25,662.25,662.25,662.25,0,9450
2025-12-16 10:30:00+05:30,662.25,662.25,662.25,662.25,0,9450
2025-12-16 10:31:00+05:30,662.25,662.25,662.25,662.25,0,9450
2025-12-16 10:32:00+05:30,662.25,662.25,662.25,662.25,0,9450
2025-12-16 10:33:00+05:30,662.25,662.25,662.25,662.25,0,9450
2025-12-16 10:34:00+05:30,662.25,662.25,662.25,662.25,0,9450
2025-12-16 10:35:00+05:30,662.25,662.25,662.25,662.25,0,9450
2025-12-16 10:36:00+05:30,662.25,662.25,662.25,662.25,0,9450
2025-12-16 10:37:00+05:30,662.25,662.25,662.25,662.25,0,9450
2025-12-16 10:38:00+05:30,662.25,662.25,662.25,662.25,0,9450
2025-12-16 10:39:00+05:30,658.0,658.0,658.0,658.0,225,8775
2025-12-16 10:40:00+05:30,658.0,658.0,658.0,658.0,0,8775
2025-12-16 10:41:00+05:30,658.0,658.0,658.0,658.0,0,8775
2025-12-16 10:42:00+05:30,658.0,658.0,658.0,658.0,0,8775
2025-12-16 10:43:00+05:30,658.0,658.0,658.0,658.0,0,8775
2025-12-16 10:44:00+05:30,658.0,658.0,658.0,658.0,0,8775
2025-12-16 10:45:00+05:30,658.0,658.0,658.0,658.0,0,8775
2025-12-16 10:46:00+05:30,658.0,658.0,658.0,658.0,0,8775
2025-12-16 10:47:00+05:30,658.0,658.0,658.0,658.0,0,8775
2025-12-16 10:48:00+05:30,658.0,658.0,658.0,658.0,0,8775
2025-12-16 10:49:00+05:30,658.0,658.0,658.0,658.0,0,8775
2025-12-16 10:50:00+05:30,658.0,658.0,658.0,658.0,0,8775
2025-12-16 10:51:00+05:30,658.0,658.0,658.0,658.0,0,8775
2025-12-16 10:52:00+05:30,658.0,658.0,658.0,658.0,0,8775
2025-12-16 10:53:00+05:30,658.0,658.0,658.0,658.0,0,8775
2025-12-16 10:54:00+05:30,658.0,658.0,658.0,658.0,0,8775
2025-12-16 10:55:00+05:30,658.0,658.0,658.0,658.0,0,8775
2025-12-16 10:56:00+05:30,658.0,658.0,658.0,658.0,0,8775
2025-12-16 10:57:00+05:30,658.0,658.0,658.0,658.0,0,8775
2025-12-16 10:58:00+05:30,658.0,658.0,658.0,658.0,225,8775
2025-12-16 10:59:00+05:30,658.0,658.0,658.0,658.0,0,8775
2025-12-16 11:00:00+05:30,658.0,658.0,658.0,658.0,0,8775
2025-12-16 11:01:00+05:30,658.0,658.0,658.0,658.0,0,8775
2025-12-16 11:02:00+05:30,658.0,658.0,658.0,658.0,0,8775
2025-12-16 11:03:00+05:30,658.0,658.0,658.0,658.0,0,8775
2025-12-16 11:04:00+05:30,658.0,658.0,658.0,658.0,0,8775
2025-12-16 11:05:00+05:30,658.0,658.0,658.0,658.0,0,8775
2025-12-16 11:06:00+05:30,658.0,658.0,658.0,658.0,0,8775
2025-12-16 11:07:00+05:30,658.0,658.0,658.0,658.0,0,8775
2025-12-16 11:08:00+05:30,658.0,658.0,658.0,658.0,0,8775
2025-12-16 11:09:00+05:30,658.0,658.0,658.0,658.0,0,8775
2025-12-16 11:10:00+05:30,658.0,658.0,658.0,658.0,0,8775
2025-12-16 11:11:00+05:30,658.0,658.0,658.0,658.0,0,8775
2025-12-16 11:12:00+05:30,658.0,658.0,658.0,658.0,0,8775
2025-12-16 11:13:00+05:30,658.0,658.0,658.0,658.0,0,8775
2025-12-16 11:14:00+05:30,658.0,658.0,658.0,658.0,0,8775
2025-12-16 11:15:00+05:30,658.0,658.0,658.0,658.0,0,8775
2025-12-16 11:16:00+05:30,658.0,658.0,658.0,658.0,0,8775
2025-12-16 11:17:00+05:30,658.0,658.0,658.0,658.0,0,8775
2025-12-16 11:18:00+05:30,658.0,658.0,658.0,658.0,0,8775
2025-12-16 11:19:00+05:30,658.0,658.0,658.0,658.0,0,8775
2025-12-16 11:20:00+05:30,654.65,654.65,654.65,654.65,75,8550
2025-12-16 11:21:00+05:30,652.5,652.5,647.0,647.0,225,8550
2025-12-16 11:22:00+05:30,647.0,647.0,647.0,647.0,0,8550
2025-12-16 11:23:00+05:30,647.0,647.0,647.0,647.0,0,8550
2025-12-16 11:24:00+05:30,647.0,647.0,647.0,647.0,0,8550
2025-12-16 11:25:00+05:30,647.0,647.0,647.0,647.0,0,8550
2025-12-16 11:26:00+05:30,647.0,647.0,647.0,647.0,0,8550
2025-12-16 11:27:00+05:30,647.0,647.0,647.0,647.0,0,8550
2025-12-16 11:28:00+05:30,647.0,647.0,647.0,647.0,0,8550
2025-12-16 11:29:00+05:30,647.0,647.0,647.0,647.0,0,8550
2025-12-16 11:30:00+05:30,647.0,647.0,647.0,647.0,0,8550
2025-12-16 11:31:00+05:30,647.0,647.0,647.0,647.0,0,8550
2025-12-16 11:32:00+05:30,653.0,653.0,652.3,652.3,300,8325
2025-12-16 11:33:00+05:30,646.0,646.0,646.0,646.0,75,8325
2025-12-16 11:34:00+05:30,646.0,646.0,646.0,646.0,0,8325
2025-12-16 11:35:00+05:30,635.75,635.75,635.75,635.75,75,8025
2025-12-16 11:36:00+05:30,635.75,635.75,635.75,635.75,0,8025
2025-12-16 11:37:00+05:30,635.75,635.75,635.75,635.75,0,8025
2025-12-16 11:38:00+05:30,635.75,635.75,635.75,635.75,0,8025
2025-12-16 11:39:00+05:30,635.75,635.75,635.75,635.75,0,8025
2025-12-16 11:40:00+05:30,635.75,635.75,635.75,635.75,0,8025
2025-12-16 11:41:00+05:30,635.75,635.75,635.75,635.75,0,8025
2025-12-16 11:42:00+05:30,635.75,635.75,635.75,635.75,0,8025
2025-12-16 11:43:00+05:30,635.75,635.75,635.75,635.75,0,8025
2025-12-16 11:44:00+05:30,635.75,635.75,635.75,635.75,0,8025
2025-12-16 11:45:00+05:30,635.75,635.75,635.75,635.75,0,8025
2025-12-16 11:46:00+05:30,635.75,635.75,635.75,635.75,0,8025
2025-12-16 11:47:00+05:30,635.75,635.75,635.75,635.75,0,8025
2025-12-16 11:48:00+05:30,635.75,635.75,635.75,635.75,0,8025
2025-12-16 11:49:00+05:30,635.75,635.75,635.75,635.75,0,8025
2025-12-16 11:50:00+05:30,635.75,635.75,635.75,635.75,0,8025
2025-12-16 11:51:00+05:30,635.75,635.75,635.75,635.75,0,8025
2025-12-16 11:52:00+05:30,635.75,635.75,635.75,635.75,0,8025
2025-12-16 11:53:00+05:30,635.1,635.1,635.0,635.0,150,7950
2025-12-16 11:54:00+05:30,635.0,635.0,635.0,635.0,0,7950
2025-12-16 11:55:00+05:30,635.0,635.0,635.0,635.0,0,7950
2025-12-16 11:56:00+05:30,635.0,635.0,635.0,635.0,0,7950
2025-12-16 11:57:00+05:30,635.0,635.0,635.0,635.0,0,7950
2025-12-16 11:58:00+05:30,635.0,635.0,635.0,635.0,0,7950
2025-12-16 11:59:00+05:30,635.0,635.0,635.0,635.0,0,7950
2025-12-16 12:00:00+05:30,635.0,635.0,635.0,635.0,0,7950
2025-12-16 12:01:00+05:30,635.0,635.0,635.0,635.0,0,7950
2025-12-16 12:02:00+05:30,635.0,635.0,635.0,635.0,0,7950
2025-12-16 12:03:00+05:30,635.0,635.0,635.0,635.0,0,7950
2025-12-16 12:04:00+05:30,635.0,635.0,635.0,635.0,0,7950
2025-12-16 12:05:00+05:30,635.0,635.0,635.0,635.0,0,7950
2025-12-16 12:06:00+05:30,635.0,635.0,635.0,635.0,0,7950
2025-12-16 12:07:00+05:30,635.0,635.0,635.0,635.0,0,7950
2025-12-16 12:08:00+05:30,635.0,635.0,635.0,635.0,0,7950
2025-12-16 12:09:00+05:30,635.0,635.0,635.0,635.0,0,7950
2025-12-16 12:10:00+05:30,635.0,635.0,635.0,635.0,0,7950
2025-12-16 12:11:00+05:30,635.0,635.0,635.0,635.0,0,7950
2025-12-16 12:12:00+05:30,635.0,635.0,635.0,635.0,0,7950
2025-12-16 12:13:00+05:30,635.0,635.0,635.0,635.0,0,7950
2025-12-16 12:14:00+05:30,635.0,635.0,635.0,635.0,0,7950
2025-12-16 12:15:00+05:30,635.0,635.0,635.0,635.0,0,7950
2025-12-16 12:16:00+05:30,635.0,635.0,635.0,635.0,0,7950
2025-12-16 12:17:00+05:30,635.0,635.0,635.0,635.0,0,7950
2025-12-16 12:18:00+05:30,635.0,635.0,635.0,635.0,0,7950
2025-12-16 12:19:00+05:30,635.0,635.0,635.0,635.0,0,7950
2025-12-16 12:20:00+05:30,635.0,635.0,635.0,635.0,0,7950
2025-12-16 12:21:00+05:30,635.0,635.0,635.0,635.0,0,7950
2025-12-16 12:22:00+05:30,635.0,635.0,635.0,635.0,0,7950
2025-12-16 12:23:00+05:30,635.0,635.0,635.0,635.0,0,7950
2025-12-16 12:24:00+05:30,635.0,635.0,635.0,635.0,0,7950
2025-12-16 12:25:00+05:30,635.0,635.0,635.0,635.0,0,7950
2025-12-16 12:26:00+05:30,635.0,635.0,635.0,635.0,0,7950
2025-12-16 12:27:00+05:30,635.0,635.0,635.0,635.0,0,7950
2025-12-16 12:28:00+05:30,654.6,654.6,654.6,654.6,150,7800
2025-12-16 12:29:00+05:30,654.6,654.6,654.6,654.6,0,7800
2025-12-16 12:30:00+05:30,654.6,654.6,654.6,654.6,0,7800
2025-12-16 12:31:00+05:30,654.6,654.6,654.6,654.6,0,7800
2025-12-16 12:32:00+05:30,654.6,654.6,654.6,654.6,0,7800
2025-12-16 12:33:00+05:30,654.6,654.6,654.6,654.6,0,7800
2025-12-16 12:34:00+05:30,654.6,654.6,654.6,654.6,0,7800
2025-12-16 12:35:00+05:30,654.6,654.6,654.6,654.6,0,7800
2025-12-16 12:36:00+05:30,654.6,654.6,654.6,654.6,0,7800
2025-12-16 12:37:00+05:30,654.6,654.6,654.6,654.6,0,7800
2025-12-16 12:38:00+05:30,654.6,654.6,654.6,654.6,0,7800
2025-12-16 12:39:00+05:30,654.6,654.6,654.6,654.6,0,7800
2025-12-16 12:40:00+05:30,654.6,654.6,654.6,654.6,0,7800
2025-12-16 12:41:00+05:30,654.6,654.6,654.6,654.6,0,7800
2025-12-16 12:42:00+05:30,643.9,643.9,643.9,643.9,75,7800
2025-12-16 12:43:00+05:30,643.9,643.9,643.9,643.9,0,7800
2025-12-16 12:44:00+05:30,643.9,643.9,643.9,643.9,0,7800
2025-12-16 12:45:00+05:30,643.9,643.9,643.9,643.9,0,7800
2025-12-16 12:46:00+05:30,643.9,643.9,643.9,643.9,0,7800
2025-12-16 12:47:00+05:30,643.9,643.9,643.9,643.9,0,7800
2025-12-16 12:48:00+05:30,643.9,643.9,643.9,643.9,0,7800
2025-12-16 12:49:00+05:30,643.9,643.9,643.9,643.9,0,7800
2025-12-16 12:50:00+05:30,643.9,643.9,643.9,643.9,0,7800
2025-12-16 12:51:00+05:30,638.3,638.3,638.3,638.3,75,7725
2025-12-16 12:52:00+05:30,638.3,638.3,638.3,638.3,0,7725
2025-12-16 12:53:00+05:30,638.3,638.3,638.3,638.3,0,7725
2025-12-16 12:54:00+05:30,638.3,638.3,638.3,638.3,0,7725
2025-12-16 12:55:00+05:30,638.3,638.3,638.3,638.3,0,7725
2025-12-16 12:56:00+05:30,638.3,638.3,638.3,638.3,0,7725
2025-12-16 12:57:00+05:30,638.3,638.3,638.3,638.3,0,7725
2025-12-16 12:58:00+05:30,638.3,638.3,638.3,638.3,0,7725
2025-12-16 12:59:00+05:30,638.3,638.3,638.3,638.3,0,7725
2025-12-16 13:00:00+05:30,638.3,638.3,638.3,638.3,0,7725
2025-12-16 13:01:00+05:30,638.3,638.3,638.3,638.3,0,7725
2025-12-16 13:02:00+05:30,638.3,638.3,638.3,638.3,0,7725
2025-12-16 13:03:00+05:30,638.3,638.3,638.3,638.3,0,7725
2025-12-16 13:04:00+05:30,638.3,638.3,638.3,638.3,0,7725
2025-12-16 13:05:00+05:30,638.3,638.3,638.3,638.3,0,7725
2025-12-16 13:06:00+05:30,638.3,638.3,638.3,638.3,0,7725
2025-12-16 13:07:00+05:30,638.3,638.3,638.3,638.3,0,7725
2025-12-16 13:08:00+05:30,638.3,638.3,638.3,638.3,0,7725
2025-12-16 13:09:00+05:30,638.3,638.3,638.3,638.3,0,7725
2025-12-16 13:10:00+05:30,637.35,637.35,637.35,637.35,75,7650
2025-12-16 13:11:00+05:30,637.35,637.35,637.35,637.35,0,7650
2025-12-16 13:12:00+05:30,637.35,637.35,637.35,637.35,0,7650
2025-12-16 13:13:00+05:30,637.65,637.65,637.65,637.65,75,7575
2025-12-16 13:14:00+05:30,637.65,637.65,637.65,637.65,0,7575
2025-12-16 13:15:00+05:30,637.65,637.65,637.65,637.65,0,7575
2025-12-16 13:16:00+05:30,637.65,637.65,637.65,637.65,0,7575
2025-12-16 13:17:00+05:30,637.65,637.65,637.65,637.65,0,7575
2025-12-16 13:18:00+05:30,637.65,637.65,637.65,637.65,0,7575
2025-12-16 13:19:00+05:30,637.65,637.65,637.65,637.65,0,7575
2025-12-16 13:20:00+05:30,637.65,637.65,637.65,637.65,0,7575
2025-12-16 13:21:00+05:30,637.65,637.65,637.65,637.65,0,7575
2025-12-16 13:22:00+05:30,637.65,637.65,637.65,637.65,0,7575
2025-12-16 13:23:00+05:30,637.65,637.65,637.65,637.65,0,7575
2025-12-16 13:24:00+05:30,637.65,637.65,637.65,637.65,0,7575
2025-12-16 13:25:00+05:30,637.65,637.65,637.65,637.65,0,7575
2025-12-16 13:26:00+05:30,637.65,637.65,637.65,637.65,300,7575
2025-12-16 13:27:00+05:30,637.65,637.65,637.65,637.65,0,7575
2025-12-16 13:28:00+05:30,637.65,637.65,637.65,637.65,0,7575
2025-12-16 13:29:00+05:30,637.65,637.65,637.65,637.65,0,7575
2025-12-16 13:30:00+05:30,637.65,637.65,637.65,637.65,0,7575
2025-12-16 13:31:00+05:30,637.65,637.65,637.65,637.65,0,7575
2025-12-16 13:32:00+05:30,637.65,637.65,637.65,637.65,0,7575
2025-12-16 13:33:00+05:30,637.65,637.65,637.65,637.65,0,7575
2025-12-16 13:34:00+05:30,637.65,637.65,637.65,637.65,0,7575
2025-12-16 13:35:00+05:30,637.65,637.65,637.65,637.65,0,7575
2025-12-16 13:36:00+05:30,637.65,637.65,637.65,637.65,0,7575
2025-12-16 13:37:00+05:30,637.65,637.65,637.65,637.65,0,7575
2025-12-16 13:38:00+05:30,637.65,637.65,637.65,637.65,0,7575
2025-12-16 13:39:00+05:30,637.65,637.65,637.65,637.65,0,7575
2025-12-16 13:40:00+05:30,659.45,659.45,659.45,659.45,75,7275
2025-12-16 13:41:00+05:30,659.45,659.45,659.45,659.45,0,7275
2025-12-16 13:42:00+05:30,659.45,659.45,659.45,659.45,0,7275
2025-12-16 13:43:00+05:30,659.45,659.45,659.45,659.45,0,7275
2025-12-16 13:44:00+05:30,665.15,665.15,665.15,665.15,75,7275
2025-12-16 13:45:00+05:30,665.15,665.15,665.15,665.15,0,7275
2025-12-16 13:46:00+05:30,680.0,680.0,680.0,680.0,75,7275
2025-12-16 13:47:00+05:30,680.0,680.0,680.0,680.0,0,7275
2025-12-16 13:48:00+05:30,680.0,680.0,680.0,680.0,0,7275
2025-12-16 13:49:00+05:30,677.35,677.35,677.35,677.35,300,7125
2025-12-16 13:50:00+05:30,677.35,677.35,677.35,677.35,0,7125
2025-12-16 13:51:00+05:30,677.35,677.35,677.35,677.35,0,7125
2025-12-16 13:52:00+05:30,677.35,677.35,677.35,677.35,0,7125
2025-12-16 13:53:00+05:30,677.35,677.35,677.35,677.35,0,7125
2025-12-16 13:54:00+05:30,677.35,677.35,677.35,677.35,0,7125
2025-12-16 13:55:00+05:30,677.35,677.35,677.35,677.35,0,7125
2025-12-16 13:56:00+05:30,672.85,672.85,672.85,672.85,300,7425
2025-12-16 13:57:00+05:30,672.85,672.85,672.85,672.85,0,7425
2025-12-16 13:58:00+05:30,672.85,672.85,672.85,672.85,0,7425
2025-12-16 13:59:00+05:30,672.85,672.85,672.85,672.85,0,7425
2025-12-16 14:00:00+05:30,672.85,672.85,672.85,672.85,0,7425
2025-12-16 14:01:00+05:30,672.85,672.85,672.85,672.85,0,7425
2025-12-16 14:02:00+05:30,672.85,672.85,672.85,672.85,0,7425
2025-12-16 14:03:00+05:30,672.85,672.85,672.85,672.85,0,7425
2025-12-16 14:04:00+05:30,672.85,672.85,672.85,672.85,0,7425
2025-12-16 14:05:00+05:30,672.85,672.85,672.85,672.85,0,7425
2025-12-16 14:06:00+05:30,672.85,672.85,672.85,672.85,0,7425
2025-12-16 14:07:00+05:30,672.85,672.85,672.85,672.85,0,7425
2025-12-16 14:08:00+05:30,672.85,672.85,672.85,672.85,0,7425
2025-12-16 14:09:00+05:30,672.85,672.85,672.85,672.85,0,7425
2025-12-16 14:10:00+05:30,672.85,672.85,672.85,672.85,0,7425
2025-12-16 14:11:00+05:30,672.85,672.85,672.85,672.85,0,7425
2025-12-16 14:12:00+05:30,672.85,672.85,672.85,672.85,0,7425
2025-12-16 14:13:00+05:30,672.85,672.85,672.85,672.85,0,7425
2025-12-16 14:14:00+05:30,672.85,672.85,672.85,672.85,0,7425
2025-12-16 14:15:00+05:30,672.85,672.85,672.85,672.85,0,7425
2025-12-16 14:16:00+05:30,672.85,672.85,672.85,672.85,0,7425
2025-12-16 14:17:00+05:30,672.85,672.85,672.85,672.85,0,7425
2025-12-16 14:18:00+05:30,672.85,672.85,672.85,672.85,0,7425
2025-12-16 14:19:00+05:30,618.1,618.1,615.65,615.65,375,7125
2025-12-16 14:20:00+05:30,615.65,615.65,615.65,615.65,0,7125
2025-12-16 14:21:00+05:30,615.65,615.65,615.65,615.65,0,7125
2025-12-16 14:22:00+05:30,615.65,615.65,615.65,615.65,0,7125
2025-12-16 14:23:00+05:30,615.65,615.65,615.65,615.65,0,7125
2025-12-16 14:24:00+05:30,615.65,615.65,615.65,615.65,0,7125
2025-12-16 14:25:00+05:30,615.65,615.65,615.65,615.65,0,7125
2025-12-16 14:26:00+05:30,615.65,615.65,615.65,615.65,0,7125
2025-12-16 14:27:00+05:30,615.65,615.65,615.65,615.65,0,7125
2025-12-16 14:28:00+05:30,615.65,615.65,615.65,615.65,0,7125
2025-12-16 14:29:00+05:30,615.65,615.65,615.65,615.65,0,7125
2025-12-16 14:30:00+05:30,615.65,615.65,615.65,615.65,0,7125
2025-12-16 14:31:00+05:30,615.65,615.65,615.65,615.65,0,7125
2025-12-16 14:32:00+05:30,615.65,615.65,615.65,615.65,0,7125
2025-12-16 14:33:00+05:30,615.65,615.65,615.65,615.65,0,7125
2025-12-16 14:34:00+05:30,615.65,615.65,615.65,615.65,0,7125
2025-12-16 14:35:00+05:30,615.65,615.65,615.65,615.65,0,7125
2025-12-16 14:36:00+05:30,615.65,615.65,615.65,615.65,0,7125
2025-12-16 14:37:00+05:30,615.65,615.65,615.65,615.65,0,7125
2025-12-16 14:38:00+05:30,615.65,615.65,615.65,615.65,0,7125
2025-12-16 14:39:00+05:30,615.65,615.65,615.65,615.65,0,7125
2025-12-16 14:40:00+05:30,615.65,615.65,615.65,615.65,0,7125
2025-12-16 14:41:00+05:30,615.65,615.65,615.65,615.65,0,7125
2025-12-16 14:42:00+05:30,618.35,618.35,618.35,618.35,75,6900
2025-12-16 14:43:00+05:30,618.35,618.35,618.35,618.35,0,6900
2025-12-16 14:44:00+05:30,618.35,618.35,618.35,618.35,0,6900
2025-12-16 14:45:00+05:30,618.35,618.35,618.35,618.35,0,6900
2025-12-16 14:46:00+05:30,618.35,618.35,618.35,618.35,0,6900
2025-12-16 14:47:00+05:30,618.35,618.35,618.35,618.35,0,6900
2025-12-16 14:48:00+05:30,618.35,618.35,618.35,618.35,0,6900
2025-12-16 14:49:00+05:30,618.35,618.35,618.35,618.35,0,6900
2025-12-16 14:50:00+05:30,618.35,618.35,618.35,618.35,0,6900
2025-12-16 14:51:00+05:30,618.35,618.35,618.35,618.35,0,6900
2025-12-16 14:52:00+05:30,618.35,618.35,618.35,618.35,0,6900
2025-12-16 14:53:00+05:30,618.35,618.35,618.35,618.35,0,6900
2025-12-16 14:54:00+05:30,618.35,618.35,618.35,618.35,0,6900
2025-12-16 14:55:00+05:30,618.35,618.35,618.35,618.35,0,6900
2025-12-16 14:56:00+05:30,618.35,618.35,618.35,618.35,0,6900
2025-12-16 14:57:00+05:30,618.35,618.35,618.35,618.35,0,6900
2025-12-16 14:58:00+05:30,618.35,618.35,618.35,618.35,0,6900
2025-12-16 14:59:00+05:30,618.35,618.35,618.35,618.35,0,6900
2025-12-16 15:00:00+05:30,646.75,646.8,646.75,646.8,375,6825
2025-12-16 15:01:00+05:30,646.8,646.8,646.8,646.8,0,6825
2025-12-16 15:02:00+05:30,628.05,628.05,627.35,627.35,150,6825
2025-12-16 15:03:00+05:30,627.35,627.35,627.35,627.35,0,6825
2025-12-16 15:04:00+05:30,627.35,627.35,627.35,627.35,0,6825
2025-12-16 15:05:00+05:30,622.85,622.85,622.85,622.85,75,6750
2025-12-16 15:06:00+05:30,622.85,622.85,622.85,622.85,0,6750
2025-12-16 15:07:00+05:30,622.85,622.85,622.85,622.85,0,6750
2025-12-16 15:08:00+05:30,620.55,620.55,620.55,620.55,75,6750
2025-12-16 15:09:00+05:30,620.55,620.55,620.55,620.55,0,6750
2025-12-16 15:10:00+05:30,620.55,620.55,620.55,620.55,0,6750
2025-12-16 15:11:00+05:30,620.55,620.55,620.55,620.55,0,6750
2025-12-16 15:12:00+05:30,620.55,620.55,620.55,620.55,0,6750
2025-12-16 15:13:00+05:30,617.05,617.1,617.05,617.1,150,6600
2025-12-16 15:14:00+05:30,617.1,617.1,617.1,617.1,0,6600
2025-12-16 15:15:00+05:30,614.95,615.55,613.65,615.2,1050,6450
2025-12-16 15:16:00+05:30,613.45,614.45,612.45,612.45,1125,6450
2025-12-16 15:17:00+05:30,613.45,613.45,612.35,613.2,375,6450
2025-12-16 15:18:00+05:30,613.2,613.2,613.2,613.2,0,6450
2025-12-16 15:19:00+05:30,613.2,613.2,613.2,613.2,0,6450
2025-12-16 15:20:00+05:30,613.2,613.2,613.2,613.2,0,6450
2025-12-16 15:21:00+05:30,613.2,613.2,613.2,613.2,0,6450
2025-12-16 15:22:00+05:30,613.2,613.2,613.2,613.2,0,6450
2025-12-16 15:23:00+05:30,613.2,613.2,613.2,613.2,0,6450
2025-12-16 15:24:00+05:30,613.2,613.2,613.2,613.2,0,6450
2025-12-16 15:25:00+05:30,613.2,613.2,613.2,613.2,0,6450
2025-12-16 15:26:00+05:30,613.2,613.2,613.2,613.2,0,6450
2025-12-16 15:27:00+05:30,613.2,613.2,613.2,613.2,0,6450
2025-12-16 15:28:00+05:30,613.2,613.2,613.2,613.2,0,6450
2025-12-16 15:29:00+05:30,613.2,613.2,613.2,613.2,0,6450
