timestamp,open,high,low,close,volume,open_interest
2026-04-08 09:18:00+05:30,171.6,173.6,168.8,170.4,1300,845
2026-04-08 09:19:00+05:30,168.85,170.7,168.85,170.7,260,845
2026-04-08 09:20:00+05:30,174.15,174.15,174.1,174.1,130,845
2026-04-08 09:21:00+05:30,174.3,174.4,173.1,173.1,195,845
2026-04-08 09:22:00+05:30,173.1,173.1,173.1,173.1,0,845
2026-04-08 09:23:00+05:30,165.75,165.75,165.75,165.75,65,1430
2026-04-08 09:24:00+05:30,159.15,159.15,159.15,159.15,65,1430
2026-04-08 09:25:00+05:30,159.15,159.15,159.15,159.15,0,1430
2026-04-08 09:26:00+05:30,159.15,159.15,159.15,159.15,0,1430
2026-04-08 09:27:00+05:30,159.15,159.15,159.15,159.15,0,1430
2026-04-08 09:28:00+05:30,159.15,159.15,159.15,159.15,0,1430
2026-04-08 09:29:00+05:30,162.15,162.95,161.6,162.95,325,1430
2026-04-08 09:30:00+05:30,162.95,162.95,162.95,162.95,0,1430
2026-04-08 09:31:00+05:30,168.05,168.05,168.05,168.05,65,1690
2026-04-08 09:32:00+05:30,168.05,168.05,168.05,168.05,0,1690
2026-04-08 09:33:00+05:30,162.3,163.65,162.3,163.65,130,1690
2026-04-08 09:34:00+05:30,160.4,160.4,160.35,160.35,130,1820
2026-04-08 09:35:00+05:30,161.55,161.85,161.2,161.85,325,1820
2026-04-08 09:36:00+05:30,163.5,163.5,163.5,163.5,65,1820
2026-04-08 09:37:00+05:30,163.5,163.5,163.5,163.5,0,1820
2026-04-08 09:38:00+05:30,163.5,163.5,163.5,163.5,0,1820
2026-04-08 09:39:00+05:30,163.5,163.5,163.5,163.5,0,1820
2026-04-08 09:40:00+05:30,163.5,163.5,163.5,163.5,0,1820
2026-04-08 09:41:00+05:30,168.45,170.1,166.7,166.7,390,2210
2026-04-08 09:42:00+05:30,164.5,164.5,164.5,164.5,130,2210
2026-04-08 09:43:00+05:30,164.5,164.5,164.5,164.5,0,2210
2026-04-08 09:44:00+05:30,168.5,168.5,168.4,168.5,520,2405
2026-04-08 09:45:00+05:30,169.85,173.3,169.85,173.3,390,2405
2026-04-08 09:46:00+05:30,174.0,174.0,174.0,174.0,65,3120
2026-04-08 09:47:00+05:30,176.6,176.6,175.95,176.45,260,3120
2026-04-08 09:48:00+05:30,177.8,177.8,177.8,177.8,65,3120
2026-04-08 09:49:00+05:30,176.0,176.0,175.05,175.55,455,3185
2026-04-08 09:50:00+05:30,176.0,178.75,176.0,178.75,325,3185
2026-04-08 09:51:00+05:30,178.3,178.75,177.35,177.35,260,3185
2026-04-08 09:52:00+05:30,177.35,177.35,177.35,177.35,0,3185
2026-04-08 09:53:00+05:30,172.0,172.0,172.0,172.0,130,3900
2026-04-08 09:54:00+05:30,166.3,168.9,166.3,168.8,520,3900
2026-04-08 09:55:00+05:30,168.8,168.8,168.8,168.8,0,3900
2026-04-08 09:56:00+05:30,170.95,170.95,170.95,170.95,65,3900
2026-04-08 09:57:00+05:30,170.15,170.15,170.15,170.15,65,3900
2026-04-08 09:58:00+05:30,172.7,172.7,163.2,163.85,585,3965
2026-04-08 09:59:00+05:30,162.25,162.25,162.25,162.25,195,3965
2026-04-08 10:00:00+05:30,166.0,166.0,164.2,164.2,130,3965
2026-04-08 10:01:00+05:30,164.85,164.85,163.6,164.5,325,4160
2026-04-08 10:02:00+05:30,165.2,165.25,164.0,164.75,1300,4160
2026-04-08 10:03:00+05:30,161.95,161.95,161.95,161.95,65,4160
2026-04-08 10:04:00+05:30,158.95,158.95,158.95,158.95,65,5525
2026-04-08 10:05:00+05:30,168.85,168.85,168.85,168.85,65,5525
2026-04-08 10:06:00+05:30,167.85,167.85,164.0,164.0,130,5525
2026-04-08 10:07:00+05:30,159.95,159.95,159.95,159.95,65,5590
2026-04-08 10:08:00+05:30,159.6,159.6,159.6,159.6,65,5590
2026-04-08 10:09:00+05:30,159.6,159.6,159.6,159.6,0,5590
2026-04-08 10:10:00+05:30,159.6,159.6,159.6,159.6,0,5590
2026-04-08 10:11:00+05:30,159.6,159.6,159.6,159.6,0,5590
2026-04-08 10:12:00+05:30,161.1,161.1,161.1,161.1,65,5720
2026-04-08 10:13:00+05:30,159.0,159.85,158.85,159.85,195,5785
2026-04-08 10:14:00+05:30,158.55,158.55,157.1,157.3,195,5785
2026-04-08 10:15:00+05:30,155.7,155.7,155.0,155.65,260,5785
2026-04-08 10:16:00+05:30,155.65,155.65,155.65,155.65,0,5785
2026-04-08 10:17:00+05:30,155.0,156.8,155.0,156.8,195,5980
2026-04-08 10:18:00+05:30,161.6,161.6,161.6,161.6,130,5980
2026-04-08 10:19:00+05:30,160.2,162.35,160.2,162.35,260,6110
2026-04-08 10:20:00+05:30,163.75,163.75,160.0,160.85,455,6110
2026-04-08 10:21:00+05:30,160.85,160.85,158.2,158.2,455,6110
2026-04-08 10:22:00+05:30,155.9,157.2,155.65,156.95,390,7020
2026-04-08 10:23:00+05:30,158.2,158.2,158.2,158.2,65,7020
2026-04-08 10:24:00+05:30,160.0,160.0,160.0,160.0,65,7020
2026-04-08 10:25:00+05:30,157.5,157.85,157.5,157.85,130,7215
2026-04-08 10:26:00+05:30,158.4,158.4,155.5,156.35,390,7215
2026-04-08 10:27:00+05:30,158.6,159.95,158.6,159.95,195,7215
2026-04-08 10:28:00+05:30,159.95,159.95,159.95,159.95,0,7215
2026-04-08 10:29:00+05:30,164.5,164.5,163.6,163.65,260,7345
2026-04-08 10:30:00+05:30,163.45,164.75,163.45,164.75,130,7345
2026-04-08 10:31:00+05:30,164.1,164.1,164.1,164.1,65,7475
2026-04-08 10:32:00+05:30,164.1,164.1,164.1,164.1,0,7475
2026-04-08 10:33:00+05:30,163.75,166.0,163.75,166.0,195,7475
2026-04-08 10:34:00+05:30,166.0,166.0,166.0,166.0,0,7475
2026-04-08 10:35:00+05:30,166.0,166.0,166.0,166.0,0,7475
2026-04-08 10:36:00+05:30,160.35,160.75,160.35,160.75,130,7410
2026-04-08 10:37:00+05:30,163.3,163.35,163.3,163.35,195,7410
2026-04-08 10:38:00+05:30,162.3,162.3,162.3,162.3,65,7410
2026-04-08 10:39:00+05:30,163.2,163.2,163.2,163.2,65,7410
2026-04-08 10:40:00+05:30,162.6,162.6,160.0,160.0,130,7670
2026-04-08 10:41:00+05:30,159.75,160.4,159.75,160.4,130,7670
2026-04-08 10:42:00+05:30,161.8,161.8,161.8,161.8,65,7670
2026-04-08 10:43:00+05:30,165.4,165.4,165.1,165.1,130,7800
2026-04-08 10:44:00+05:30,168.25,170.1,168.25,169.85,390,7800
2026-04-08 10:45:00+05:30,169.35,169.35,169.35,169.35,65,7800
2026-04-08 10:46:00+05:30,169.35,169.35,169.35,169.35,0,7800
2026-04-08 10:47:00+05:30,169.25,169.75,166.9,169.2,1300,7930
2026-04-08 10:48:00+05:30,169.8,171.85,169.8,171.65,325,7930
2026-04-08 10:49:00+05:30,171.25,171.25,166.0,169.25,1690,9750
2026-04-08 10:50:00+05:30,168.95,170.1,168.7,170.1,455,9750
2026-04-08 10:51:00+05:30,170.5,170.5,167.05,167.05,260,9750
2026-04-08 10:52:00+05:30,168.1,168.1,168.1,168.1,65,9750
2026-04-08 10:53:00+05:30,172.4,173.5,172.35,172.55,455,10010
2026-04-08 10:54:00+05:30,172.75,176.4,172.75,176.4,195,10010
2026-04-08 10:55:00+05:30,177.0,177.0,174.15,174.35,585,10400
2026-04-08 10:56:00+05:30,174.15,174.15,174.15,174.15,65,10400
2026-04-08 10:57:00+05:30,177.0,178.1,176.3,176.3,390,10400
2026-04-08 10:58:00+05:30,177.05,179.8,176.45,178.05,1170,11895
2026-04-08 10:59:00+05:30,176.9,176.9,175.7,175.7,130,11895
2026-04-08 11:00:00+05:30,178.65,180.0,178.25,180.0,520,11895
2026-04-08 11:01:00+05:30,181.95,187.0,181.95,185.1,2340,13780
2026-04-08 11:02:00+05:30,186.0,186.5,183.5,183.5,1235,13780
2026-04-08 11:03:00+05:30,182.85,184.15,182.4,182.55,1950,13780
2026-04-08 11:04:00+05:30,183.0,183.1,181.2,183.1,1300,17225
2026-04-08 11:05:00+05:30,185.3,185.3,185.0,185.0,130,17225
2026-04-08 11:06:00+05:30,182.3,183.15,179.8,183.15,1105,17225
2026-04-08 11:07:00+05:30,182.2,182.2,178.6,179.8,780,19630
2026-04-08 11:08:00+05:30,180.65,183.25,179.4,179.4,1300,19630
2026-04-08 11:09:00+05:30,179.4,179.4,179.4,179.4,0,19630
2026-04-08 11:10:00+05:30,179.4,179.4,179.4,179.4,0,19630
2026-04-08 11:11:00+05:30,183.25,183.55,182.0,182.0,260,20930
2026-04-08 11:12:00+05:30,181.8,181.8,181.8,181.8,130,20930
2026-04-08 11:13:00+05:30,177.85,177.9,177.65,177.9,195,20930
2026-04-08 11:14:00+05:30,180.7,180.7,179.2,179.2,195,21320
2026-04-08 11:15:00+05:30,181.1,182.45,181.1,182.45,195,21320
2026-04-08 11:16:00+05:30,182.25,184.35,182.25,184.3,325,21775
2026-04-08 11:17:00+05:30,185.25,185.25,180.65,181.35,325,21775
2026-04-08 11:18:00+05:30,181.35,181.35,181.35,181.35,0,21775
2026-04-08 11:19:00+05:30,179.85,179.85,179.85,179.85,65,21775
2026-04-08 11:20:00+05:30,180.6,184.65,180.6,183.6,195,22230
2026-04-08 11:21:00+05:30,184.5,184.5,183.45,183.45,390,22230
2026-04-08 11:22:00+05:30,182.4,183.0,182.4,183.0,520,22230
2026-04-08 11:23:00+05:30,180.4,181.6,180.4,181.6,195,23140
2026-04-08 11:24:00+05:30,183.7,183.7,183.7,183.7,130,23140
2026-04-08 11:25:00+05:30,180.6,180.6,180.6,180.6,65,23140
2026-04-08 11:26:00+05:30,176.6,176.6,176.6,176.6,130,23400
2026-04-08 11:27:00+05:30,177.7,178.8,177.7,178.8,130,23400
2026-04-08 11:28:00+05:30,175.45,175.45,175.0,175.0,130,23400
2026-04-08 11:29:00+05:30,178.0,178.0,178.0,178.0,65,23335
2026-04-08 11:30:00+05:30,177.3,178.6,176.55,176.55,390,23335
2026-04-08 11:31:00+05:30,177.45,177.45,175.0,175.0,130,23530
2026-04-08 11:32:00+05:30,175.0,175.0,175.0,175.0,0,23530
2026-04-08 11:33:00+05:30,175.0,175.0,175.0,175.0,0,23530
2026-04-08 11:34:00+05:30,174.7,174.7,172.2,172.2,325,23595
2026-04-08 11:35:00+05:30,175.35,175.5,175.35,175.5,195,23595
2026-04-08 11:36:00+05:30,174.1,174.1,174.1,174.1,65,23595
2026-04-08 11:37:00+05:30,175.3,175.3,171.95,171.95,1365,24310
2026-04-08 11:38:00+05:30,171.3,171.6,166.25,166.25,260,24310
2026-04-08 11:39:00+05:30,166.55,169.9,166.55,169.75,325,24310
2026-04-08 11:40:00+05:30,170.5,170.85,170.05,170.3,650,25545
2026-04-08 11:41:00+05:30,171.6,171.6,171.6,171.6,65,25545
2026-04-08 11:42:00+05:30,171.6,171.6,171.6,171.6,0,25545
2026-04-08 11:43:00+05:30,171.6,171.6,171.6,171.6,0,25545
2026-04-08 11:44:00+05:30,176.75,176.75,176.75,176.75,65,25545
2026-04-08 11:45:00+05:30,179.05,179.3,178.85,179.3,325,25545
2026-04-08 11:46:00+05:30,179.9,181.6,177.05,178.8,845,26195
2026-04-08 11:47:00+05:30,179.2,179.2,177.4,177.4,195,26195
2026-04-08 11:48:00+05:30,175.8,175.85,175.8,175.85,130,26195
2026-04-08 11:49:00+05:30,175.85,175.85,175.85,175.85,0,26195
2026-04-08 11:50:00+05:30,175.8,175.8,169.7,169.7,975,26455
2026-04-08 11:51:00+05:30,170.0,170.0,157.8,163.8,1430,26455
2026-04-08 11:52:00+05:30,166.4,170.65,166.15,168.5,2405,29510
2026-04-08 11:53:00+05:30,168.5,168.5,168.5,168.5,0,29510
2026-04-08 11:54:00+05:30,166.8,168.0,166.8,168.0,195,29510
2026-04-08 11:55:00+05:30,167.0,167.0,163.35,164.45,325,29770
2026-04-08 11:56:00+05:30,164.75,164.75,164.4,164.4,130,29770
2026-04-08 11:57:00+05:30,166.25,169.4,166.25,167.95,1170,29770
2026-04-08 11:58:00+05:30,166.1,168.05,166.1,166.8,260,29640
2026-04-08 11:59:00+05:30,166.2,166.4,165.3,166.4,195,29640
2026-04-08 12:00:00+05:30,163.45,165.6,163.3,165.35,1235,29640
2026-04-08 12:01:00+05:30,165.85,166.2,164.25,166.2,585,29640
2026-04-08 12:02:00+05:30,166.2,166.2,166.2,166.2,0,29640
2026-04-08 12:03:00+05:30,169.25,170.1,169.25,170.1,130,30680
2026-04-08 12:04:00+05:30,168.45,168.45,167.25,167.25,130,30680
2026-04-08 12:05:00+05:30,167.25,167.25,167.25,167.25,0,30680
2026-04-08 12:06:00+05:30,172.2,172.2,168.85,168.85,260,30875
2026-04-08 12:07:00+05:30,171.5,171.5,171.5,171.5,65,30875
2026-04-08 12:08:00+05:30,171.95,172.05,171.95,172.05,130,30940
2026-04-08 12:09:00+05:30,171.45,171.45,171.45,171.45,65,30940
2026-04-08 12:10:00+05:30,171.95,171.95,171.65,171.65,130,30940
2026-04-08 12:11:00+05:30,171.3,171.3,170.0,170.55,585,31135
2026-04-08 12:12:00+05:30,170.45,171.8,170.45,171.8,130,31135
2026-04-08 12:13:00+05:30,171.8,171.8,171.8,171.8,0,31135
2026-04-08 12:14:00+05:30,170.65,171.5,170.65,171.5,260,31265
2026-04-08 12:15:00+05:30,170.7,170.7,170.65,170.65,1040,31265
2026-04-08 12:16:00+05:30,170.75,170.75,170.55,170.55,130,31265
2026-04-08 12:17:00+05:30,170.7,170.7,170.3,170.3,260,32175
2026-04-08 12:18:00+05:30,170.3,170.3,170.3,170.3,0,32175
2026-04-08 12:19:00+05:30,170.3,170.3,170.3,170.3,0,32175
2026-04-08 12:20:00+05:30,172.5,172.5,172.5,172.5,65,32435
2026-04-08 12:21:00+05:30,172.5,172.5,172.5,172.5,0,32435
2026-04-08 12:22:00+05:30,172.5,172.5,172.5,172.5,0,32435
2026-04-08 12:23:00+05:30,172.5,172.5,172.5,172.5,0,32435
2026-04-08 12:24:00+05:30,172.5,172.5,172.5,172.5,0,32435
2026-04-08 12:25:00+05:30,172.5,172.5,172.5,172.5,0,32435
2026-04-08 12:26:00+05:30,172.5,172.5,172.5,172.5,0,32435
2026-04-08 12:27:00+05:30,172.5,172.5,172.5,172.5,0,32435
2026-04-08 12:28:00+05:30,172.5,172.5,172.5,172.5,0,32435
2026-04-08 12:29:00+05:30,172.5,172.5,172.5,172.5,0,32435
2026-04-08 12:30:00+05:30,172.5,172.5,172.5,172.5,0,32435
2026-04-08 12:31:00+05:30,161.0,161.0,152.45,157.45,1690,32500
2026-04-08 12:32:00+05:30,156.8,157.55,156.8,156.8,845,31915
2026-04-08 12:33:00+05:30,156.8,156.8,156.8,156.8,0,31915
2026-04-08 12:34:00+05:30,159.55,159.55,159.55,159.55,65,31915
2026-04-08 12:35:00+05:30,159.55,159.55,159.55,159.55,0,31915
2026-04-08 12:36:00+05:30,159.55,159.55,159.55,159.55,0,31915
2026-04-08 12:37:00+05:30,161.45,161.45,161.45,161.45,65,31785
2026-04-08 12:38:00+05:30,161.45,161.45,161.45,161.45,0,31785
2026-04-08 12:39:00+05:30,156.75,156.75,156.65,156.65,195,31850
2026-04-08 12:40:00+05:30,156.85,156.85,156.85,156.85,65,31850
2026-04-08 12:41:00+05:30,156.85,156.85,156.85,156.85,0,31850
2026-04-08 12:42:00+05:30,156.85,156.85,156.85,156.85,0,31850
2026-04-08 12:43:00+05:30,164.45,165.3,164.45,165.3,260,31785
2026-04-08 12:44:00+05:30,165.4,165.6,164.6,165.6,325,31915
2026-04-08 12:45:00+05:30,165.6,165.6,165.6,165.6,0,31915
2026-04-08 12:46:00+05:30,166.95,166.95,166.95,166.95,65,31915
2026-04-08 12:47:00+05:30,166.35,167.35,166.35,167.35,130,31980
2026-04-08 12:48:00+05:30,166.35,166.35,166.35,166.35,65,31980
2026-04-08 12:49:00+05:30,166.35,166.35,166.35,166.35,0,31980
2026-04-08 12:50:00+05:30,169.6,172.1,169.6,172.1,195,32045
2026-04-08 12:51:00+05:30,172.1,172.1,172.1,172.1,0,32045
2026-04-08 12:52:00+05:30,170.55,170.55,170.55,170.55,65,32045
2026-04-08 12:53:00+05:30,170.2,170.8,169.7,169.7,195,32240
2026-04-08 12:54:00+05:30,169.7,169.7,169.7,169.7,0,32240
2026-04-08 12:55:00+05:30,173.05,173.1,173.05,173.1,195,32240
2026-04-08 12:56:00+05:30,175.0,175.0,174.2,174.9,195,32500
2026-04-08 12:57:00+05:30,175.45,176.75,174.9,174.9,390,32500
2026-04-08 12:58:00+05:30,176.8,176.8,176.8,176.8,65,32500
2026-04-08 12:59:00+05:30,176.8,176.8,176.8,176.8,0,32500
2026-04-08 13:00:00+05:30,175.35,175.35,171.85,171.85,585,32695
2026-04-08 13:01:00+05:30,170.45,171.35,170.45,171.35,130,32695
2026-04-08 13:02:00+05:30,172.9,173.6,172.9,173.45,195,33345
2026-04-08 13:03:00+05:30,174.0,174.0,174.0,174.0,65,33345
2026-04-08 13:04:00+05:30,171.75,171.75,171.7,171.7,260,33345
2026-04-08 13:05:00+05:30,171.7,171.7,171.7,171.7,0,33345
2026-04-08 13:06:00+05:30,173.5,173.5,171.45,171.45,520,33865
2026-04-08 13:07:00+05:30,171.45,171.45,171.45,171.45,0,33865
2026-04-08 13:08:00+05:30,167.45,167.55,167.45,167.55,585,34320
2026-04-08 13:09:00+05:30,167.55,167.55,167.55,167.55,0,34320
2026-04-08 13:10:00+05:30,171.8,171.8,171.8,171.8,65,34320
2026-04-08 13:11:00+05:30,173.6,173.6,173.15,173.15,130,34970
2026-04-08 13:12:00+05:30,175.2,175.2,174.85,174.85,845,34970
2026-04-08 13:13:00+05:30,171.5,171.6,171.5,171.6,325,34970
2026-04-08 13:14:00+05:30,173.2,173.3,172.7,172.7,195,36205
2026-04-08 13:15:00+05:30,172.45,172.45,171.1,171.1,130,36205
2026-04-08 13:16:00+05:30,174.55,174.55,174.55,174.55,65,36205
2026-04-08 13:17:00+05:30,174.4,174.5,174.1,174.1,325,36530
2026-04-08 13:18:00+05:30,175.5,175.5,175.0,175.0,390,36530
2026-04-08 13:19:00+05:30,175.0,175.0,175.0,175.0,0,36530
2026-04-08 13:20:00+05:30,175.0,175.0,175.0,175.0,0,36530
2026-04-08 13:21:00+05:30,173.05,173.05,172.85,172.85,130,37180
2026-04-08 13:22:00+05:30,172.85,172.85,172.85,172.85,0,37180
2026-04-08 13:23:00+05:30,174.35,174.35,174.35,174.35,65,37310
2026-04-08 13:24:00+05:30,173.8,173.8,173.8,173.8,65,37310
2026-04-08 13:25:00+05:30,174.3,174.3,174.15,174.15,130,37310
2026-04-08 13:26:00+05:30,176.85,176.85,176.1,176.25,780,37830
2026-04-08 13:27:00+05:30,177.3,178.75,177.2,177.2,195,37830
2026-04-08 13:28:00+05:30,176.7,176.7,176.7,176.7,195,37830
2026-04-08 13:29:00+05:30,178.4,178.4,178.4,178.4,65,38545
2026-04-08 13:30:00+05:30,178.55,178.55,177.05,177.15,325,38545
2026-04-08 13:31:00+05:30,177.15,177.15,177.15,177.15,0,38545
2026-04-08 13:32:00+05:30,178.6,178.6,178.6,178.6,65,38870
2026-04-08 13:33:00+05:30,177.55,177.55,177.1,177.1,325,38870
2026-04-08 13:34:00+05:30,175.3,179.5,175.3,179.5,780,38870
2026-04-08 13:35:00+05:30,179.0,179.0,179.0,179.0,65,39650
2026-04-08 13:36:00+05:30,180.3,185.25,180.3,184.1,1365,39650
2026-04-08 13:37:00+05:30,182.9,183.45,182.9,183.45,130,39650
2026-04-08 13:38:00+05:30,183.2,188.5,183.2,188.5,130,40040
2026-04-08 13:39:00+05:30,187.7,192.3,187.7,188.8,520,40040
2026-04-08 13:40:00+05:30,183.5,183.5,179.15,181.4,585,40040
2026-04-08 13:41:00+05:30,181.2,181.2,181.2,181.2,65,40040
2026-04-08 13:42:00+05:30,181.2,181.2,181.2,181.2,0,40040
2026-04-08 13:43:00+05:30,181.55,181.55,181.05,181.05,130,40495
2026-04-08 13:44:00+05:30,181.05,181.05,181.05,181.05,0,40495
2026-04-08 13:45:00+05:30,179.45,179.45,179.05,179.05,130,40495
2026-04-08 13:46:00+05:30,177.25,177.25,177.25,177.25,65,40495
2026-04-08 13:47:00+05:30,176.45,176.45,176.4,176.4,130,40495
2026-04-08 13:48:00+05:30,175.7,175.7,175.7,175.7,65,40365
2026-04-08 13:49:00+05:30,176.8,176.95,176.8,176.95,130,40365
2026-04-08 13:50:00+05:30,177.65,180.1,177.65,180.1,130,40430
2026-04-08 13:51:00+05:30,179.65,179.65,179.65,179.65,65,40430
2026-04-08 13:52:00+05:30,176.25,176.25,176.25,176.25,65,40430
2026-04-08 13:53:00+05:30,174.15,177.1,173.3,177.1,520,40365
2026-04-08 13:54:00+05:30,176.15,176.15,174.8,175.4,260,40365
2026-04-08 13:55:00+05:30,176.15,176.45,176.15,176.45,260,40365
2026-04-08 13:56:00+05:30,176.45,176.45,176.45,176.45,0,40365
2026-04-08 13:57:00+05:30,178.55,178.55,178.55,178.55,65,40170
2026-04-08 13:58:00+05:30,178.3,179.7,178.25,179.7,195,40170
2026-04-08 13:59:00+05:30,178.95,178.95,178.95,178.95,65,40235
2026-04-08 14:00:00+05:30,176.35,176.35,176.35,176.35,65,40235
2026-04-08 14:01:00+05:30,176.35,176.35,176.35,176.35,0,40235
2026-04-08 14:02:00+05:30,176.1,176.1,176.1,176.1,65,40235
2026-04-08 14:03:00+05:30,176.1,176.1,176.1,176.1,0,40235
2026-04-08 14:04:00+05:30,176.85,176.85,176.2,176.2,390,40235
2026-04-08 14:05:00+05:30,176.2,176.2,176.2,176.2,0,40235
2026-04-08 14:06:00+05:30,174.0,174.0,169.9,169.95,975,40495
2026-04-08 14:07:00+05:30,173.75,176.15,173.7,175.2,455,40495
2026-04-08 14:08:00+05:30,173.55,173.55,172.7,172.7,195,40495
2026-04-08 14:09:00+05:30,174.95,176.35,174.45,176.35,195,40755
2026-04-08 14:10:00+05:30,176.5,176.5,176.5,176.5,130,40755
2026-04-08 14:11:00+05:30,174.6,176.55,174.6,176.55,130,40820
2026-04-08 14:12:00+05:30,176.95,176.95,176.95,176.95,65,40820
2026-04-08 14:13:00+05:30,174.05,174.05,171.55,173.15,975,40820
2026-04-08 14:14:00+05:30,172.75,174.95,172.55,174.95,325,40820
2026-04-08 14:15:00+05:30,174.85,177.9,173.85,177.7,260,40820
2026-04-08 14:16:00+05:30,175.4,176.6,174.95,176.6,780,40820
2026-04-08 14:17:00+05:30,176.3,176.35,175.2,175.55,715,41275
2026-04-08 14:18:00+05:30,175.15,175.25,175.15,175.25,130,41275
2026-04-08 14:19:00+05:30,179.6,179.6,179.6,179.6,65,41275
2026-04-08 14:20:00+05:30,179.3,179.3,179.3,179.3,65,41275
2026-04-08 14:21:00+05:30,183.1,183.1,180.4,180.4,325,41405
2026-04-08 14:22:00+05:30,180.4,180.4,180.4,180.4,0,41405
2026-04-08 14:23:00+05:30,180.4,180.4,180.4,180.4,0,41405
2026-04-08 14:24:00+05:30,180.45,180.45,180.45,180.45,65,41730
2026-04-08 14:25:00+05:30,181.95,181.95,181.95,181.95,65,41730
2026-04-08 14:26:00+05:30,180.3,180.3,180.3,180.3,65,41730
2026-04-08 14:27:00+05:30,180.3,180.3,180.3,180.3,0,41730
2026-04-08 14:28:00+05:30,181.45,181.45,181.45,181.45,65,41925
2026-04-08 14:29:00+05:30,181.45,181.45,181.45,181.45,0,41925
2026-04-08 14:30:00+05:30,181.45,181.45,181.45,181.45,0,41925
2026-04-08 14:31:00+05:30,185.3,187.5,185.3,187.5,325,41860
2026-04-08 14:32:00+05:30,184.5,184.5,184.5,184.5,65,42185
2026-04-08 14:33:00+05:30,184.5,184.5,184.5,184.5,325,42185
2026-04-08 14:34:00+05:30,184.35,184.35,184.35,184.35,65,42185
2026-04-08 14:35:00+05:30,183.85,183.85,183.85,183.85,65,42185
2026-04-08 14:36:00+05:30,183.85,183.85,183.85,183.85,0,42185
2026-04-08 14:37:00+05:30,185.0,185.0,185.0,185.0,65,42120
2026-04-08 14:38:00+05:30,183.1,184.1,182.7,184.1,260,42120
2026-04-08 14:39:00+05:30,184.1,184.1,184.1,184.1,0,42120
2026-04-08 14:40:00+05:30,184.1,184.1,184.1,184.1,0,42120
2026-04-08 14:41:00+05:30,184.2,184.2,184.2,184.2,65,42120
2026-04-08 14:42:00+05:30,184.2,184.2,184.2,184.2,0,42120
2026-04-08 14:43:00+05:30,184.2,184.2,184.2,184.2,0,42120
2026-04-08 14:44:00+05:30,192.35,193.25,192.35,193.25,390,42055
2026-04-08 14:45:00+05:30,192.35,196.65,192.05,195.7,1105,42055
2026-04-08 14:46:00+05:30,195.45,195.45,189.65,189.65,585,42055
2026-04-08 14:47:00+05:30,191.3,191.3,191.3,191.3,65,42055
2026-04-08 14:48:00+05:30,196.05,196.65,194.15,194.15,715,42250
2026-04-08 14:49:00+05:30,193.6,193.7,183.1,187.2,2080,42250
2026-04-08 14:50:00+05:30,187.1,187.1,181.95,183.6,1755,43550
2026-04-08 14:51:00+05:30,185.05,185.05,183.65,184.35,390,43550
2026-04-08 14:52:00+05:30,183.9,185.45,183.9,184.9,455,43550
2026-04-08 14:53:00+05:30,184.75,184.75,184.1,184.1,130,43550
2026-04-08 14:54:00+05:30,184.9,186.15,184.9,185.95,845,43940
2026-04-08 14:55:00+05:30,184.9,185.85,184.9,185.35,390,43940
2026-04-08 14:56:00+05:30,185.8,186.3,185.8,186.3,260,43940
2026-04-08 14:57:00+05:30,187.95,188.0,186.65,186.65,260,43485
2026-04-08 14:58:00+05:30,186.65,186.65,186.65,186.65,0,43485
2026-04-08 14:59:00+05:30,186.65,186.65,186.65,186.65,0,43485
2026-04-08 15:00:00+05:30,186.4,186.4,179.0,180.1,780,43550
2026-04-08 15:01:00+05:30,178.45,180.65,172.15,180.65,1560,43550
2026-04-08 15:02:00+05:30,180.1,181.5,180.1,181.5,325,43550
2026-04-08 15:03:00+05:30,183.9,185.85,183.9,185.3,260,43810
2026-04-08 15:04:00+05:30,185.3,185.3,185.3,185.3,0,43810
2026-04-08 15:05:00+05:30,187.35,189.85,187.25,189.85,910,43680
2026-04-08 15:06:00+05:30,189.5,190.1,189.05,189.15,1950,43680
2026-04-08 15:07:00+05:30,190.6,190.75,189.2,189.2,390,43680
2026-04-08 15:08:00+05:30,187.3,188.8,187.3,188.8,650,43355
2026-04-08 15:09:00+05:30,189.4,189.4,189.4,189.4,65,43355
2026-04-08 15:10:00+05:30,189.4,190.65,189.4,190.65,130,43355
2026-04-08 15:11:00+05:30,190.65,190.65,190.65,190.65,0,43355
2026-04-08 15:12:00+05:30,189.95,190.0,187.55,188.1,325,43095
2026-04-08 15:13:00+05:30,189.4,189.4,184.0,184.0,715,43095
2026-04-08 15:14:00+05:30,184.2,184.2,183.0,183.55,780,42900
2026-04-08 15:15:00+05:30,186.25,186.3,184.65,186.0,3640,42900
2026-04-08 15:16:00+05:30,186.0,186.0,186.0,186.0,0,42900
2026-04-08 15:17:00+05:30,186.5,186.95,186.5,186.95,130,42900
2026-04-08 15:18:00+05:30,187.3,187.3,187.05,187.05,325,44655
2026-04-08 15:19:00+05:30,187.1,187.8,187.1,187.5,715,44655
2026-04-08 15:20:00+05:30,186.95,188.55,186.45,188.55,455,45045
2026-04-08 15:21:00+05:30,188.0,188.0,187.1,187.1,650,45045
2026-04-08 15:22:00+05:30,187.1,187.1,187.1,187.1,0,45045
2026-04-08 15:23:00+05:30,186.4,186.8,185.85,186.8,2145,45045
2026-04-08 15:24:00+05:30,186.8,187.35,186.8,187.35,520,44200
2026-04-08 15:25:00+05:30,187.55,188.55,187.55,188.55,650,44200
2026-04-08 15:26:00+05:30,188.1,190.3,187.85,190.3,1495,43615
2026-04-08 15:27:00+05:30,189.95,192.95,189.95,192.95,1300,43615
2026-04-08 15:28:00+05:30,194.0,194.85,192.8,193.95,1560,43615
2026-04-08 15:29:00+05:30,194.8,196.45,194.4,195.15,585,43615
2026-04-09 09:15:00+05:30,134.35,137.9,124.65,128.55,4420,43355
2026-04-09 09:16:00+05:30,127.7,140.65,127.7,140.65,2600,45175
2026-04-09 09:17:00+05:30,144.95,156.15,144.95,153.2,1300,45175
2026-04-09 09:18:00+05:30,152.45,153.8,150.3,153.75,1430,44590
2026-04-09 09:19:00+05:30,153.7,155.9,152.85,155.7,1235,44590
2026-04-09 09:20:00+05:30,154.1,163.3,154.1,161.45,2210,44590
2026-04-09 09:21:00+05:30,162.1,168.2,159.0,166.0,5460,44590
2026-04-09 09:22:00+05:30,165.9,168.35,164.25,164.75,1625,47190
2026-04-09 09:23:00+05:30,164.6,167.75,164.6,165.2,3380,47190
2026-04-09 09:24:00+05:30,165.55,173.0,165.55,171.9,1300,47190
2026-04-09 09:25:00+05:30,170.8,173.6,170.8,173.6,195,47060
2026-04-09 09:26:00+05:30,174.3,177.55,172.0,177.55,2015,47060
2026-04-09 09:27:00+05:30,178.15,183.9,178.15,181.15,455,47060
2026-04-09 09:28:00+05:30,181.15,181.15,181.15,181.15,0,47060
2026-04-09 09:29:00+05:30,178.0,182.0,177.0,182.0,2665,46930
2026-04-09 09:30:00+05:30,183.9,183.9,179.1,179.1,195,46930
2026-04-09 09:31:00+05:30,173.55,173.55,165.1,165.55,1755,46670
2026-04-09 09:32:00+05:30,170.55,170.55,164.45,164.45,715,46670
2026-04-09 09:33:00+05:30,163.3,163.3,159.85,159.85,1105,46670
2026-04-09 09:34:00+05:30,156.45,162.1,156.45,162.1,195,47255
2026-04-09 09:35:00+05:30,158.35,163.4,158.3,163.0,780,47255
2026-04-09 09:36:00+05:30,163.5,165.55,162.0,165.55,195,47255
2026-04-09 09:37:00+05:30,165.05,165.05,159.9,160.1,845,47905
2026-04-09 09:38:00+05:30,161.8,162.0,157.05,157.05,585,47905
2026-04-09 09:39:00+05:30,155.45,158.5,155.45,158.5,195,47905
2026-04-09 09:40:00+05:30,158.5,158.5,158.5,158.5,0,47905
2026-04-09 09:41:00+05:30,157.5,157.5,157.5,157.5,65,48035
2026-04-09 09:42:00+05:30,149.75,149.75,147.95,148.25,650,48035
2026-04-09 09:43:00+05:30,148.25,148.25,148.25,148.25,0,48035
2026-04-09 09:44:00+05:30,148.4,149.1,148.3,148.95,455,47970
2026-04-09 09:45:00+05:30,152.3,152.3,151.9,151.9,195,47970
2026-04-09 09:46:00+05:30,147.95,148.9,147.95,148.9,195,48100
2026-04-09 09:47:00+05:30,149.7,149.7,149.7,149.7,65,48100
2026-04-09 09:48:00+05:30,142.4,144.05,142.05,142.4,1365,48100
2026-04-09 09:49:00+05:30,140.05,140.55,139.05,140.55,585,48165
2026-04-09 09:50:00+05:30,139.55,140.7,139.2,140.35,1170,48165
2026-04-09 09:51:00+05:30,141.0,141.0,140.4,140.4,780,48165
2026-04-09 09:52:00+05:30,142.35,143.95,141.85,143.95,195,48425
2026-04-09 09:53:00+05:30,145.35,145.35,141.85,143.2,650,48425
2026-04-09 09:54:00+05:30,142.1,142.3,141.1,141.1,260,48425
2026-04-09 09:55:00+05:30,139.55,141.3,137.8,141.3,1560,48100
2026-04-09 09:56:00+05:30,140.95,141.5,139.7,140.75,1235,48100
2026-04-09 09:57:00+05:30,142.05,142.05,138.2,138.9,585,48100
2026-04-09 09:58:00+05:30,139.05,139.05,136.05,136.05,650,48490
2026-04-09 09:59:00+05:30,134.95,139.85,134.85,139.85,780,48490
2026-04-09 10:00:00+05:30,136.05,137.65,136.05,137.65,130,48490
2026-04-09 10:01:00+05:30,139.3,141.6,139.3,141.6,910,49140
2026-04-09 10:02:00+05:30,142.0,142.2,140.0,140.95,585,49140
2026-04-09 10:03:00+05:30,142.2,144.05,142.2,143.85,650,49140
2026-04-09 10:04:00+05:30,142.7,142.8,142.7,142.8,260,48425
2026-04-09 10:05:00+05:30,141.45,144.1,141.45,144.1,325,48425
2026-04-09 10:06:00+05:30,144.95,144.95,142.45,142.45,390,48425
2026-04-09 10:07:00+05:30,142.7,143.3,142.7,143.3,130,48685
2026-04-09 10:08:00+05:30,141.95,143.75,141.8,143.75,715,48685
2026-04-09 10:09:00+05:30,145.05,145.2,143.85,144.8,1430,48685
2026-04-09 10:10:00+05:30,146.25,148.15,146.1,147.9,1885,50180
2026-04-09 10:11:00+05:30,147.8,150.0,147.8,150.0,195,50180
2026-04-09 10:12:00+05:30,150.0,150.0,150.0,150.0,0,50180
2026-04-09 10:13:00+05:30,150.7,150.7,148.5,148.5,455,51220
2026-04-09 10:14:00+05:30,149.3,149.3,149.3,149.3,65,51220
2026-04-09 10:15:00+05:30,147.05,147.05,145.25,146.35,585,51220
2026-04-09 10:16:00+05:30,146.15,146.15,146.15,146.15,65,51220
2026-04-09 10:17:00+05:30,148.85,148.85,148.85,148.85,65,52130
2026-04-09 10:18:00+05:30,152.55,152.55,151.7,152.0,455,52130
2026-04-09 10:19:00+05:30,151.5,153.15,151.5,153.15,195,51805
2026-04-09 10:20:00+05:30,152.6,152.6,151.5,151.5,130,51805
2026-04-09 10:21:00+05:30,151.5,151.5,151.5,151.5,0,51805
2026-04-09 10:22:00+05:30,152.15,152.15,152.15,152.15,65,51805
2026-04-09 10:23:00+05:30,148.55,150.0,148.55,150.0,195,51870
2026-04-09 10:24:00+05:30,150.9,150.9,150.9,150.9,130,51870
2026-04-09 10:25:00+05:30,148.55,148.55,148.55,148.55,325,51870
2026-04-09 10:26:00+05:30,146.95,147.3,142.35,142.8,1690,52065
2026-04-09 10:27:00+05:30,144.45,144.65,144.2,144.2,195,52065
2026-04-09 10:28:00+05:30,144.2,144.2,144.2,144.2,0,52065
2026-04-09 10:29:00+05:30,144.2,144.2,144.2,144.2,0,52065
2026-04-09 10:30:00+05:30,147.85,147.85,147.85,147.85,65,52910
2026-04-09 10:31:00+05:30,147.85,147.85,147.85,147.85,0,52910
2026-04-09 10:32:00+05:30,147.8,147.8,147.8,147.8,65,52845
2026-04-09 10:33:00+05:30,147.2,148.05,147.2,148.05,520,52845
2026-04-09 10:34:00+05:30,148.05,148.05,148.05,148.05,0,52845
2026-04-09 10:35:00+05:30,147.05,148.5,147.05,148.5,130,52975
2026-04-09 10:36:00+05:30,149.05,149.05,143.8,143.8,260,52975
2026-04-09 10:37:00+05:30,146.0,146.8,146.0,146.8,130,53105
2026-04-09 10:38:00+05:30,144.15,144.15,144.15,144.15,130,53105
2026-04-09 10:39:00+05:30,144.15,144.15,144.15,144.15,0,53105
2026-04-09 10:40:00+05:30,142.2,142.2,142.2,142.2,65,53040
2026-04-09 10:41:00+05:30,142.9,145.35,142.45,145.35,390,53040
2026-04-09 10:42:00+05:30,143.75,143.75,141.8,141.8,195,53040
2026-04-09 10:43:00+05:30,140.0,140.0,140.0,140.0,65,53235
2026-04-09 10:44:00+05:30,138.75,139.75,138.7,139.75,325,53235
2026-04-09 10:45:00+05:30,139.75,139.75,139.75,139.75,0,53235
2026-04-09 10:46:00+05:30,142.1,142.1,142.1,142.1,65,53430
2026-04-09 10:47:00+05:30,143.75,143.8,143.75,143.8,260,53430
2026-04-09 10:48:00+05:30,143.8,143.8,143.8,143.8,0,53430
2026-04-09 10:49:00+05:30,143.8,143.8,143.8,143.8,0,53430
2026-04-09 10:50:00+05:30,143.8,143.8,143.8,143.8,0,53430
2026-04-09 10:51:00+05:30,141.35,141.35,141.35,141.35,65,53170
2026-04-09 10:52:00+05:30,140.7,140.7,140.7,140.7,65,53235
2026-04-09 10:53:00+05:30,140.05,140.05,140.0,140.0,130,53235
2026-04-09 10:54:00+05:30,140.0,140.0,140.0,140.0,0,53235
2026-04-09 10:55:00+05:30,143.95,144.05,142.65,142.65,520,53365
2026-04-09 10:56:00+05:30,144.8,144.8,144.8,144.8,130,53365
2026-04-09 10:57:00+05:30,144.8,144.8,144.8,144.8,0,53365
2026-04-09 10:58:00+05:30,142.35,142.4,142.35,142.4,130,53625
2026-04-09 10:59:00+05:30,142.45,142.45,142.45,142.45,65,53625
2026-04-09 11:00:00+05:30,144.2,145.6,144.0,145.6,650,53625
2026-04-09 11:01:00+05:30,145.6,145.6,145.6,145.6,0,53625
2026-04-09 11:02:00+05:30,145.8,145.95,145.8,145.95,520,53430
2026-04-09 11:03:00+05:30,142.5,142.5,142.5,142.5,65,53430
2026-04-09 11:04:00+05:30,143.85,143.85,143.65,143.65,130,53690
2026-04-09 11:05:00+05:30,142.6,142.6,140.75,141.45,3380,53690
2026-04-09 11:06:00+05:30,138.9,138.9,138.05,138.3,1365,53690
2026-04-09 11:07:00+05:30,137.85,141.65,137.85,141.65,195,53690
2026-04-09 11:08:00+05:30,143.95,143.95,143.95,143.95,65,54730
2026-04-09 11:09:00+05:30,143.95,143.95,143.95,143.95,0,54730
2026-04-09 11:10:00+05:30,145.0,147.0,144.75,147.0,910,54795
2026-04-09 11:11:00+05:30,147.0,147.0,147.0,147.0,0,54795
2026-04-09 11:12:00+05:30,144.0,144.0,142.8,142.8,650,54795
2026-04-09 11:13:00+05:30,143.95,143.95,143.95,143.95,65,55185
2026-04-09 11:14:00+05:30,143.95,143.95,143.95,143.95,0,55185
2026-04-09 11:15:00+05:30,144.45,144.45,144.45,144.45,65,55185
2026-04-09 11:16:00+05:30,141.3,141.3,141.3,141.3,65,55185
2026-04-09 11:17:00+05:30,141.35,141.5,141.25,141.25,455,55250
2026-04-09 11:18:00+05:30,141.25,141.25,141.25,141.25,0,55250
2026-04-09 11:19:00+05:30,141.25,141.25,141.25,141.25,0,55250
2026-04-09 11:20:00+05:30,141.1,141.1,141.1,141.1,65,55380
2026-04-09 11:21:00+05:30,138.8,139.05,138.7,139.05,520,55380
2026-04-09 11:22:00+05:30,141.35,141.35,141.35,141.35,65,55250
2026-04-09 11:23:00+05:30,141.35,141.35,141.35,141.35,0,55250
2026-04-09 11:24:00+05:30,142.8,143.05,141.9,141.9,260,55250
2026-04-09 11:25:00+05:30,142.4,142.4,142.4,142.4,65,55380
2026-04-09 11:26:00+05:30,142.95,142.95,142.95,142.95,65,55380
2026-04-09 11:27:00+05:30,142.55,142.95,142.55,142.95,910,55380
2026-04-09 11:28:00+05:30,142.4,145.0,142.4,145.0,130,56225
2026-04-09 11:29:00+05:30,145.0,145.0,145.0,145.0,0,56225
2026-04-09 11:30:00+05:30,145.0,145.0,145.0,145.0,0,56225
2026-04-09 11:31:00+05:30,145.0,145.0,145.0,145.0,0,56225
2026-04-09 11:32:00+05:30,147.7,147.7,147.5,147.5,130,56160
2026-04-09 11:33:00+05:30,148.0,148.0,148.0,148.0,65,56160
2026-04-09 11:34:00+05:30,144.3,144.3,144.3,144.3,65,56095
2026-04-09 11:35:00+05:30,145.1,145.1,145.0,145.0,390,56095
2026-04-09 11:36:00+05:30,145.0,145.0,145.0,145.0,0,56095
2026-04-09 11:37:00+05:30,145.35,145.5,145.35,145.5,325,56355
2026-04-09 11:38:00+05:30,145.5,145.5,145.5,145.5,0,56355
2026-04-09 11:39:00+05:30,145.5,145.5,145.5,145.5,0,56355
2026-04-09 11:40:00+05:30,145.5,145.5,145.5,145.5,0,56355
2026-04-09 11:41:00+05:30,145.35,145.35,145.35,145.35,65,56485
2026-04-09 11:42:00+05:30,148.25,148.25,148.05,148.05,650,56485
2026-04-09 11:43:00+05:30,148.05,148.05,148.05,148.05,0,56485
2026-04-09 11:44:00+05:30,148.05,148.05,148.05,148.05,0,56485
2026-04-09 11:45:00+05:30,148.05,148.05,148.05,148.05,0,56485
2026-04-09 11:46:00+05:30,148.05,148.05,148.05,148.05,0,56485
2026-04-09 11:47:00+05:30,148.05,148.05,148.05,148.05,0,56485
2026-04-09 11:48:00+05:30,147.65,150.0,147.65,148.9,520,56615
2026-04-09 11:49:00+05:30,150.0,152.55,150.0,152.55,260,56550
2026-04-09 11:50:00+05:30,150.8,150.8,150.8,150.8,130,56550
2026-04-09 11:51:00+05:30,150.15,150.15,150.15,150.15,65,56550
2026-04-09 11:52:00+05:30,151.45,151.75,151.45,151.75,325,56550
2026-04-09 11:53:00+05:30,153.3,153.55,151.3,153.55,1820,56615
2026-04-09 11:54:00+05:30,153.55,153.55,153.55,153.55,0,56615
2026-04-09 11:55:00+05:30,155.0,155.0,154.7,154.7,390,57395
2026-04-09 11:56:00+05:30,155.3,155.3,155.3,155.3,65,57395
2026-04-09 11:57:00+05:30,153.8,154.55,152.0,154.0,3900,57395
2026-04-09 11:58:00+05:30,154.0,154.0,154.0,154.0,0,57395
2026-04-09 11:59:00+05:30,150.15,150.15,150.15,150.15,65,59085
2026-04-09 12:00:00+05:30,153.8,153.8,153.8,153.8,65,59085
2026-04-09 12:01:00+05:30,153.5,153.75,153.5,153.75,130,59085
2026-04-09 12:02:00+05:30,150.0,150.1,150.0,150.1,455,59085
2026-04-09 12:03:00+05:30,150.1,150.1,150.1,150.1,0,59085
2026-04-09 12:04:00+05:30,151.35,151.35,149.95,149.95,1170,59085
2026-04-09 12:05:00+05:30,149.95,149.95,149.95,149.95,0,59085
2026-04-09 12:06:00+05:30,149.95,149.95,149.95,149.95,65,59085
2026-04-09 12:07:00+05:30,152.0,152.0,151.4,152.0,195,59085
2026-04-09 12:08:00+05:30,152.0,152.0,152.0,152.0,0,59085
2026-04-09 12:09:00+05:30,154.6,155.5,154.6,155.5,390,59085
2026-04-09 12:10:00+05:30,155.35,155.35,154.5,154.5,455,59085
2026-04-09 12:11:00+05:30,154.5,154.5,154.5,154.5,0,59085
2026-04-09 12:12:00+05:30,153.05,154.3,153.05,154.3,130,59605
2026-04-09 12:13:00+05:30,154.3,154.3,154.3,154.3,0,59605
2026-04-09 12:14:00+05:30,150.7,151.5,150.7,151.5,325,59605
2026-04-09 12:15:00+05:30,151.5,151.5,151.5,151.5,0,59605
2026-04-09 12:16:00+05:30,151.5,151.5,151.5,151.5,0,59605
2026-04-09 12:17:00+05:30,151.5,151.5,151.5,151.5,0,59605
2026-04-09 12:18:00+05:30,151.7,151.7,149.7,149.7,325,59865
2026-04-09 12:19:00+05:30,149.7,149.7,149.7,149.7,0,59865
2026-04-09 12:20:00+05:30,149.55,149.55,149.55,149.55,65,59800
2026-04-09 12:21:00+05:30,150.0,150.0,150.0,150.0,65,59800
2026-04-09 12:22:00+05:30,150.0,150.0,150.0,150.0,0,59800
2026-04-09 12:23:00+05:30,150.0,150.0,150.0,150.0,0,59800
2026-04-09 12:24:00+05:30,150.0,150.0,150.0,150.0,0,59800
2026-04-09 12:25:00+05:30,150.0,150.0,150.0,150.0,0,59800
2026-04-09 12:26:00+05:30,145.65,147.4,145.65,147.4,325,59930
2026-04-09 12:27:00+05:30,146.55,146.55,146.55,146.55,65,59930
2026-04-09 12:28:00+05:30,150.05,150.05,150.05,150.05,65,59930
2026-04-09 12:29:00+05:30,150.05,150.05,150.05,150.05,0,59930
2026-04-09 12:30:00+05:30,150.05,150.05,150.05,150.05,0,59930
2026-04-09 12:31:00+05:30,150.95,151.1,150.95,151.1,1365,60060
2026-04-09 12:32:00+05:30,151.1,151.1,151.1,151.1,0,60060
2026-04-09 12:33:00+05:30,150.0,150.0,149.05,149.05,195,60320
2026-04-09 12:34:00+05:30,146.2,146.2,146.15,146.2,195,60320
2026-04-09 12:35:00+05:30,146.2,146.2,146.2,146.2,0,60320
2026-04-09 12:36:00+05:30,146.0,146.0,146.0,146.0,65,60320
2026-04-09 12:37:00+05:30,144.1,144.1,144.1,144.1,65,60320
2026-04-09 12:38:00+05:30,144.1,144.1,144.1,144.1,0,60320
2026-04-09 12:39:00+05:30,142.0,142.0,142.0,142.0,65,60255
2026-04-09 12:40:00+05:30,142.0,142.0,142.0,142.0,0,60255
2026-04-09 12:41:00+05:30,142.0,142.0,142.0,142.0,0,60255
2026-04-09 12:42:00+05:30,142.0,142.0,142.0,142.0,0,60255
2026-04-09 12:43:00+05:30,142.0,142.0,142.0,142.0,0,60255
2026-04-09 12:44:00+05:30,142.0,142.0,142.0,142.0,0,60255
2026-04-09 12:45:00+05:30,142.75,142.75,141.8,142.2,390,60255
2026-04-09 12:46:00+05:30,136.95,136.95,136.95,136.95,65,60255
2026-04-09 12:47:00+05:30,138.25,138.3,136.0,136.0,520,60255
2026-04-09 12:48:00+05:30,134.9,135.0,133.3,133.7,390,60255
2026-04-09 12:49:00+05:30,133.95,135.55,133.95,135.55,1235,60255
2026-04-09 12:50:00+05:30,135.45,135.55,133.2,134.95,2600,60905
2026-04-09 12:51:00+05:30,135.65,137.5,135.35,135.35,195,60905
2026-04-09 12:52:00+05:30,136.15,136.15,136.15,136.15,65,60905
2026-04-09 12:53:00+05:30,136.15,136.15,136.15,136.15,0,60905
2026-04-09 12:54:00+05:30,138.7,138.7,138.2,138.2,325,62660
2026-04-09 12:55:00+05:30,138.2,138.2,138.2,138.2,0,62660
2026-04-09 12:56:00+05:30,139.7,139.7,139.7,139.7,65,62920
2026-04-09 12:57:00+05:30,139.0,139.0,139.0,139.0,65,62920
2026-04-09 12:58:00+05:30,140.05,140.1,138.65,138.65,260,62920
2026-04-09 12:59:00+05:30,138.65,138.65,138.65,138.65,65,62985
2026-04-09 13:00:00+05:30,139.05,139.05,138.85,138.85,130,62985
2026-04-09 13:01:00+05:30,138.85,138.85,138.85,138.85,0,62985
2026-04-09 13:02:00+05:30,138.85,138.85,138.85,138.85,0,62985
2026-04-09 13:03:00+05:30,138.3,138.3,138.3,138.3,65,63115
2026-04-09 13:04:00+05:30,139.9,140.15,139.9,140.15,130,63115
2026-04-09 13:05:00+05:30,140.3,140.3,138.8,138.8,195,63180
2026-04-09 13:06:00+05:30,138.8,138.8,138.8,138.8,0,63180
2026-04-09 13:07:00+05:30,139.45,139.65,139.45,139.45,195,63180
2026-04-09 13:08:00+05:30,139.4,139.4,139.4,139.4,65,63180
2026-04-09 13:09:00+05:30,139.1,139.1,139.1,139.1,65,63310
2026-04-09 13:10:00+05:30,136.65,137.0,136.65,137.0,130,63310
2026-04-09 13:11:00+05:30,137.0,137.0,137.0,137.0,0,63310
2026-04-09 13:12:00+05:30,135.0,135.05,135.0,135.05,130,63180
2026-04-09 13:13:00+05:30,135.1,135.7,135.1,135.7,195,63180
2026-04-09 13:14:00+05:30,135.7,135.7,135.7,135.7,65,63050
2026-04-09 13:15:00+05:30,134.15,134.15,134.1,134.1,130,63050
2026-04-09 13:16:00+05:30,134.1,134.1,134.1,134.1,0,63050
2026-04-09 13:17:00+05:30,134.05,134.05,134.05,134.05,65,63115
2026-04-09 13:18:00+05:30,132.2,132.75,131.9,132.75,1365,63115
2026-04-09 13:19:00+05:30,132.95,134.55,132.55,133.2,2210,63115
2026-04-09 13:20:00+05:30,132.6,132.7,132.1,132.1,325,62985
2026-04-09 13:21:00+05:30,128.5,129.15,128.5,129.15,130,62985
2026-04-09 13:22:00+05:30,128.8,132.9,128.3,132.9,3900,62985
2026-04-09 13:23:00+05:30,133.0,133.0,131.2,131.2,325,62920
2026-04-09 13:24:00+05:30,131.55,131.55,131.55,131.55,65,62920
2026-04-09 13:25:00+05:30,130.9,130.95,130.65,130.7,585,62920
2026-04-09 13:26:00+05:30,130.7,130.7,130.7,130.7,0,62920
2026-04-09 13:27:00+05:30,130.7,130.7,130.7,130.7,0,62920
2026-04-09 13:28:00+05:30,130.7,130.7,130.7,130.7,0,62920
2026-04-09 13:29:00+05:30,128.6,128.6,128.6,128.6,65,62985
2026-04-09 13:30:00+05:30,129.35,130.6,129.0,129.0,325,62985
2026-04-09 13:31:00+05:30,129.0,129.0,129.0,129.0,0,62985
2026-04-09 13:32:00+05:30,128.25,128.25,128.25,128.25,65,62985
2026-04-09 13:33:00+05:30,131.3,131.3,131.3,131.3,65,63115
2026-04-09 13:34:00+05:30,132.15,132.15,132.15,132.15,65,63115
2026-04-09 13:35:00+05:30,132.5,132.5,132.5,132.5,65,63115
2026-04-09 13:36:00+05:30,132.5,132.5,132.5,132.5,0,63115
2026-04-09 13:37:00+05:30,132.0,132.0,132.0,132.0,65,63115
2026-04-09 13:38:00+05:30,131.2,132.0,130.35,132.0,455,63115
2026-04-09 13:39:00+05:30,130.75,131.15,130.5,130.6,520,63115
2026-04-09 13:40:00+05:30,129.95,129.95,129.95,129.95,65,63115
2026-04-09 13:41:00+05:30,128.6,128.6,128.25,128.25,130,63245
2026-04-09 13:42:00+05:30,128.95,128.95,128.55,128.55,130,63245
2026-04-09 13:43:00+05:30,128.45,128.45,128.45,128.45,65,63245
2026-04-09 13:44:00+05:30,128.4,128.4,127.45,127.45,130,63050
2026-04-09 13:45:00+05:30,127.45,127.45,127.45,127.45,0,63050
2026-04-09 13:46:00+05:30,127.2,127.2,126.3,126.3,195,63050
2026-04-09 13:47:00+05:30,125.6,125.6,124.9,125.55,1820,63050
2026-04-09 13:48:00+05:30,124.4,127.2,124.3,127.2,455,63050
2026-04-09 13:49:00+05:30,127.8,128.3,126.65,126.65,325,63050
2026-04-09 13:50:00+05:30,125.95,127.85,125.55,127.25,3575,63830
2026-04-09 13:51:00+05:30,127.25,127.5,126.45,126.45,1170,63830
2026-04-09 13:52:00+05:30,126.35,126.35,124.8,124.8,260,65975
2026-04-09 13:53:00+05:30,124.85,124.85,122.7,123.85,2665,65975
2026-04-09 13:54:00+05:30,124.65,124.85,124.65,124.7,195,65975
2026-04-09 13:55:00+05:30,126.2,126.2,126.2,126.2,65,65975
2026-04-09 13:56:00+05:30,125.75,125.75,125.75,125.75,65,65975
2026-04-09 13:57:00+05:30,126.05,126.5,125.95,126.5,455,67990
2026-04-09 13:58:00+05:30,125.7,125.7,125.7,125.7,65,67990
2026-04-09 13:59:00+05:30,124.2,125.2,124.2,125.2,650,67990
2026-04-09 14:00:00+05:30,122.95,123.95,122.95,123.95,130,67990
2026-04-09 14:01:00+05:30,125.05,125.5,125.05,125.5,130,67990
2026-04-09 14:02:00+05:30,127.15,127.15,127.15,127.15,65,67990
2026-04-09 14:03:00+05:30,127.15,127.15,127.15,127.15,0,67990
2026-04-09 14:04:00+05:30,127.9,127.9,127.9,127.9,65,68185
2026-04-09 14:05:00+05:30,124.4,124.4,124.4,124.4,65,68250
2026-04-09 14:06:00+05:30,126.9,127.0,126.9,127.0,130,68250
2026-04-09 14:07:00+05:30,127.0,127.0,127.0,127.0,0,68250
2026-04-09 14:08:00+05:30,127.0,127.0,127.0,127.0,0,68250
2026-04-09 14:09:00+05:30,127.0,127.0,127.0,127.0,0,68250
2026-04-09 14:10:00+05:30,125.15,125.15,125.15,125.15,65,68185
2026-04-09 14:11:00+05:30,125.15,125.15,125.15,125.15,0,68185
2026-04-09 14:12:00+05:30,121.85,122.8,121.85,122.75,195,68185
2026-04-09 14:13:00+05:30,125.15,125.15,123.75,123.75,195,68185
2026-04-09 14:14:00+05:30,121.25,121.75,121.05,121.05,1105,68185
2026-04-09 14:15:00+05:30,120.85,121.0,120.0,120.0,585,68185
2026-04-09 14:16:00+05:30,119.25,119.25,118.95,119.0,325,68185
2026-04-09 14:17:00+05:30,119.0,119.0,119.0,119.0,195,68315
2026-04-09 14:18:00+05:30,116.9,117.8,116.9,117.8,130,68315
2026-04-09 14:19:00+05:30,117.45,118.5,116.2,116.2,585,68315
2026-04-09 14:20:00+05:30,118.7,119.2,118.05,118.05,195,68315
2026-04-09 14:21:00+05:30,117.55,117.55,117.55,117.55,65,67925
2026-04-09 14:22:00+05:30,114.95,115.1,114.95,115.0,520,67925
2026-04-09 14:23:00+05:30,112.55,114.5,112.55,113.8,260,68185
2026-04-09 14:24:00+05:30,114.85,114.85,113.0,113.5,195,68185
2026-04-09 14:25:00+05:30,114.55,114.9,113.15,113.15,650,68185
2026-04-09 14:26:00+05:30,113.5,114.25,111.1,112.9,2210,69355
2026-04-09 14:27:00+05:30,112.15,112.7,112.0,112.45,845,69355
2026-04-09 14:28:00+05:30,113.3,113.3,111.5,112.1,845,69355
2026-04-09 14:29:00+05:30,111.2,111.5,110.45,110.45,390,70070
2026-04-09 14:30:00+05:30,110.75,111.0,110.5,110.5,845,70070
2026-04-09 14:31:00+05:30,110.5,110.5,104.4,105.5,4290,70070
2026-04-09 14:32:00+05:30,105.8,108.25,105.5,108.25,2405,67340
2026-04-09 14:33:00+05:30,109.4,109.4,108.5,108.5,520,67340
2026-04-09 14:34:00+05:30,108.45,108.45,107.15,107.9,845,67340
2026-04-09 14:35:00+05:30,107.9,107.9,107.9,107.9,65,67340
2026-04-09 14:36:00+05:30,109.4,109.4,109.2,109.2,585,67600
2026-04-09 14:37:00+05:30,109.35,109.95,107.85,108.35,1040,67600
2026-04-09 14:38:00+05:30,108.0,109.6,108.0,109.6,260,66560
2026-04-09 14:39:00+05:30,108.9,110.45,107.5,110.45,1040,66560
2026-04-09 14:40:00+05:30,109.85,109.85,108.7,108.7,325,66560
2026-04-09 14:41:00+05:30,110.3,110.3,110.3,110.3,130,65455
2026-04-09 14:42:00+05:30,111.5,112.4,111.5,112.4,455,65455
2026-04-09 14:43:00+05:30,116.95,116.95,116.05,116.05,715,65455
2026-04-09 14:44:00+05:30,114.95,115.5,114.9,115.45,260,65520
2026-04-09 14:45:00+05:30,114.2,115.35,114.0,114.0,195,65520
2026-04-09 14:46:00+05:30,114.0,114.0,114.0,114.0,0,65520
2026-04-09 14:47:00+05:30,114.15,114.15,114.15,114.15,65,65520
2026-04-09 14:48:00+05:30,116.6,116.65,115.0,115.0,520,65390
2026-04-09 14:49:00+05:30,114.85,116.75,114.15,116.65,910,65390
2026-04-09 14:50:00+05:30,117.1,117.1,114.8,114.8,260,65585
2026-04-09 14:51:00+05:30,115.45,116.7,115.45,116.15,585,65585
2026-04-09 14:52:00+05:30,116.25,117.9,116.25,116.6,1105,65585
2026-04-09 14:53:00+05:30,117.65,117.65,116.2,117.3,2015,65520
2026-04-09 14:54:00+05:30,117.75,117.75,116.3,116.7,325,65520
2026-04-09 14:55:00+05:30,116.7,116.7,115.4,116.55,910,65520
2026-04-09 14:56:00+05:30,116.5,118.0,115.65,115.65,2015,65585
2026-04-09 14:57:00+05:30,116.0,116.85,115.5,116.8,390,65585
2026-04-09 14:58:00+05:30,115.55,115.55,114.55,114.55,585,65585
2026-04-09 14:59:00+05:30,115.15,115.85,115.15,115.85,325,65195
2026-04-09 15:00:00+05:30,117.65,117.65,112.45,114.75,1040,65195
2026-04-09 15:01:00+05:30,114.15,118.2,114.15,117.9,4095,65195
2026-04-09 15:02:00+05:30,118.0,124.7,118.0,123.35,7215,59800
2026-04-09 15:03:00+05:30,123.75,128.1,121.15,122.5,5070,59800
2026-04-09 15:04:00+05:30,122.7,122.7,118.6,120.0,4940,59800
2026-04-09 15:05:00+05:30,119.5,121.45,117.4,121.2,3965,58890
2026-04-09 15:06:00+05:30,121.6,123.65,119.95,123.65,3900,58890
2026-04-09 15:07:00+05:30,123.6,123.6,120.65,123.1,5265,58890
2026-04-09 15:08:00+05:30,122.45,125.7,122.15,125.7,8710,68900
2026-04-09 15:09:00+05:30,125.65,129.7,125.65,127.65,4290,68900
2026-04-09 15:10:00+05:30,128.4,128.8,126.95,128.5,3315,68900
2026-04-09 15:11:00+05:30,127.9,128.65,126.9,127.95,4030,76635
2026-04-09 15:12:00+05:30,127.35,131.6,127.35,130.75,5265,76635
2026-04-09 15:13:00+05:30,130.2,130.5,128.15,128.3,5655,76635
2026-04-09 15:14:00+05:30,128.45,130.1,128.0,128.6,3835,84240
2026-04-09 15:15:00+05:30,129.0,130.0,125.9,127.45,3965,84240
2026-04-09 15:16:00+05:30,127.75,129.05,126.45,128.5,3770,84240
2026-04-09 15:17:00+05:30,128.85,130.3,128.85,129.75,4680,92495
2026-04-09 15:18:00+05:30,129.2,129.45,127.65,129.3,5330,92495
2026-04-09 15:19:00+05:30,129.1,129.95,127.3,128.15,5070,92495
2026-04-09 15:20:00+05:30,128.65,129.1,128.6,129.1,260,97825
2026-04-09 15:21:00+05:30,129.3,129.4,127.7,128.2,910,97825
2026-04-09 15:22:00+05:30,128.35,129.75,128.3,129.75,1235,97825
2026-04-09 15:23:00+05:30,129.3,129.3,128.05,128.1,520,97825
2026-04-09 15:24:00+05:30,128.0,128.45,126.45,127.7,4745,97825
2026-04-09 15:25:00+05:30,127.85,128.25,127.45,128.25,585,97825
2026-04-09 15:26:00+05:30,128.05,128.9,128.0,128.2,2275,101075
2026-04-09 15:27:00+05:30,128.4,128.9,127.5,127.9,2535,101075
2026-04-09 15:28:00+05:30,127.0,130.5,126.7,129.5,5200,101075
2026-04-09 15:29:00+05:30,128.5,129.0,124.95,129.0,7215,102245
2026-04-10 09:15:00+05:30,139.95,141.0,134.0,135.65,9425,98930
2026-04-10 09:16:00+05:30,135.75,143.05,135.75,141.25,8710,98930
2026-04-10 09:17:00+05:30,141.45,143.35,138.55,141.75,5915,98930
2026-04-10 09:18:00+05:30,141.6,143.9,138.8,139.6,3705,98930
2026-04-10 09:19:00+05:30,139.75,144.0,138.0,143.85,3770,94510
2026-04-10 09:20:00+05:30,143.6,145.55,140.5,143.7,9165,94510
2026-04-10 09:21:00+05:30,143.3,143.45,138.95,138.95,4225,94510
2026-04-10 09:22:00+05:30,139.55,141.0,138.3,138.9,5005,90090
2026-04-10 09:23:00+05:30,139.5,140.05,135.6,135.6,5980,90090
2026-04-10 09:24:00+05:30,135.15,136.0,131.35,133.0,7085,90090
2026-04-10 09:25:00+05:30,133.7,138.95,133.7,137.3,2275,91455
2026-04-10 09:26:00+05:30,138.15,138.15,131.85,131.85,715,91455
2026-04-10 09:27:00+05:30,131.4,132.65,129.25,131.6,6630,91455
2026-04-10 09:28:00+05:30,133.95,136.95,133.3,136.7,2925,87620
2026-04-10 09:29:00+05:30,136.95,137.7,135.6,137.6,1560,87620
2026-04-10 09:30:00+05:30,138.5,140.0,137.25,140.0,2210,87620
2026-04-10 09:31:00+05:30,140.35,140.7,137.6,138.25,715,85150
2026-04-10 09:32:00+05:30,137.05,140.8,136.5,140.8,1040,85150
2026-04-10 09:33:00+05:30,140.8,142.85,138.4,140.95,5655,85150
2026-04-10 09:34:00+05:30,142.05,142.3,139.0,139.0,2275,84240
2026-04-10 09:35:00+05:30,138.0,139.35,135.0,136.2,1820,84240
2026-04-10 09:36:00+05:30,136.55,138.05,135.8,138.05,1040,84240
2026-04-10 09:37:00+05:30,137.75,138.45,137.55,138.3,585,82225
2026-04-10 09:38:00+05:30,139.7,139.7,135.9,137.55,3380,82225
2026-04-10 09:39:00+05:30,136.35,140.0,136.35,138.9,780,82225
2026-04-10 09:40:00+05:30,139.05,140.1,139.05,139.05,1560,82095
2026-04-10 09:41:00+05:30,139.4,140.1,137.8,138.7,1170,82095
2026-04-10 09:42:00+05:30,139.55,140.4,139.55,140.4,130,82095
2026-04-10 09:43:00+05:30,141.0,144.0,141.0,142.8,21190,82225
2026-04-10 09:44:00+05:30,141.55,141.6,140.35,141.3,715,82225
2026-04-10 09:45:00+05:30,141.9,142.4,139.9,140.55,910,82225
2026-04-10 09:46:00+05:30,141.9,144.3,141.9,144.0,1430,97760
2026-04-10 09:47:00+05:30,145.5,148.35,145.0,147.2,2470,97760
2026-04-10 09:48:00+05:30,148.75,151.5,148.75,150.0,1885,97760
2026-04-10 09:49:00+05:30,145.7,147.85,144.95,146.45,975,97695
2026-04-10 09:50:00+05:30,148.05,148.2,146.7,147.25,650,97695
2026-04-10 09:51:00+05:30,147.1,147.1,146.5,146.65,585,97695
2026-04-10 09:52:00+05:30,145.4,146.0,145.0,145.8,5980,98280
2026-04-10 09:53:00+05:30,147.15,147.2,146.45,146.45,325,98280
2026-04-10 09:54:00+05:30,148.35,149.7,146.85,149.7,3510,98280
2026-04-10 09:55:00+05:30,149.4,150.55,146.65,146.65,1755,103285
2026-04-10 09:56:00+05:30,146.65,146.65,146.65,146.65,0,103285
2026-04-10 09:57:00+05:30,149.35,151.0,148.5,150.15,1300,103285
2026-04-10 09:58:00+05:30,151.0,151.0,149.05,149.05,260,103350
2026-04-10 09:59:00+05:30,149.45,149.45,148.55,148.55,195,103350
2026-04-10 10:00:00+05:30,148.55,150.7,148.55,149.85,10985,103350
2026-04-10 10:01:00+05:30,149.8,152.45,148.6,152.4,1300,103740
2026-04-10 10:02:00+05:30,151.25,151.25,147.4,147.4,1365,103740
2026-04-10 10:03:00+05:30,147.2,147.2,147.2,147.2,65,103740
2026-04-10 10:04:00+05:30,145.05,146.25,143.75,144.15,1300,104195
2026-04-10 10:05:00+05:30,143.85,143.85,131.75,134.05,5460,104195
2026-04-10 10:06:00+05:30,134.3,138.1,134.15,136.3,4225,104195
2026-04-10 10:07:00+05:30,136.4,136.8,136.4,136.8,130,104195
2026-04-10 10:08:00+05:30,136.1,139.0,136.1,137.9,2340,105495
2026-04-10 10:09:00+05:30,139.7,141.75,139.7,140.5,2015,105495
2026-04-10 10:10:00+05:30,140.6,143.85,140.6,143.85,650,103415
2026-04-10 10:11:00+05:30,143.6,145.2,143.05,143.05,1170,103415
2026-04-10 10:12:00+05:30,144.3,146.05,144.3,145.0,845,103415
2026-04-10 10:13:00+05:30,145.3,148.8,145.1,146.95,1235,102570
2026-04-10 10:14:00+05:30,145.95,148.85,145.95,148.85,585,102570
2026-04-10 10:15:00+05:30,150.0,152.9,150.0,152.05,2990,102570
2026-04-10 10:16:00+05:30,152.0,154.7,151.15,154.4,2470,103090
2026-04-10 10:17:00+05:30,154.65,155.3,151.55,152.9,2600,103090
2026-04-10 10:18:00+05:30,154.5,154.65,152.55,153.5,2665,103090
2026-04-10 10:19:00+05:30,154.15,154.2,152.35,152.8,1690,102765
2026-04-10 10:20:00+05:30,154.1,156.75,153.75,153.9,3640,102765
2026-04-10 10:21:00+05:30,154.7,157.0,153.05,153.05,1365,102765
2026-04-10 10:22:00+05:30,155.6,155.6,153.0,153.0,650,104715
2026-04-10 10:23:00+05:30,152.2,153.15,151.4,153.15,2145,104715
2026-04-10 10:24:00+05:30,154.4,155.15,154.4,155.15,195,104715
2026-04-10 10:25:00+05:30,154.85,157.9,154.8,156.7,2080,105950
2026-04-10 10:26:00+05:30,156.6,157.35,153.8,153.8,1430,105950
2026-04-10 10:27:00+05:30,152.9,152.9,150.0,150.0,585,105950
2026-04-10 10:28:00+05:30,150.4,150.4,148.0,148.75,780,106340
2026-04-10 10:29:00+05:30,149.35,150.7,149.15,150.7,715,106340
2026-04-10 10:30:00+05:30,150.85,153.8,150.85,153.8,195,106340
2026-04-10 10:31:00+05:30,154.2,155.0,152.65,152.65,1300,106470
2026-04-10 10:32:00+05:30,152.95,154.0,152.0,153.65,1040,106470
2026-04-10 10:33:00+05:30,151.5,151.55,151.1,151.55,585,106470
2026-04-10 10:34:00+05:30,152.1,154.0,152.1,154.0,130,106405
2026-04-10 10:35:00+05:30,155.55,155.55,153.65,153.65,195,106405
2026-04-10 10:36:00+05:30,155.1,155.1,155.1,155.1,65,106405
2026-04-10 10:37:00+05:30,154.35,154.35,152.15,153.0,520,106730
2026-04-10 10:38:00+05:30,153.15,153.2,152.35,152.4,845,106730
2026-04-10 10:39:00+05:30,151.85,152.15,151.85,152.15,130,106730
2026-04-10 10:40:00+05:30,152.65,155.4,152.65,155.4,650,106470
2026-04-10 10:41:00+05:30,151.95,151.95,151.7,151.9,325,106470
2026-04-10 10:42:00+05:30,152.75,153.55,152.75,153.55,325,106470
2026-04-10 10:43:00+05:30,153.9,155.05,152.5,152.5,2015,107315
2026-04-10 10:44:00+05:30,152.75,153.0,151.8,152.3,715,107315
2026-04-10 10:45:00+05:30,152.0,152.0,150.0,150.1,1105,107315
2026-04-10 10:46:00+05:30,151.6,152.55,149.5,149.85,715,107380
2026-04-10 10:47:00+05:30,149.75,152.55,149.75,152.2,910,107380
2026-04-10 10:48:00+05:30,152.85,152.85,152.85,152.85,65,107380
2026-04-10 10:49:00+05:30,150.25,150.75,149.8,150.65,455,107770
2026-04-10 10:50:00+05:30,150.0,151.0,149.35,151.0,715,107770
2026-04-10 10:51:00+05:30,149.75,150.4,149.75,150.4,130,107770
2026-04-10 10:52:00+05:30,148.95,148.95,148.95,148.95,130,107705
2026-04-10 10:53:00+05:30,150.2,150.2,148.15,149.85,715,107705
2026-04-10 10:54:00+05:30,149.9,149.9,148.75,148.75,2015,107705
2026-04-10 10:55:00+05:30,148.75,149.05,148.75,149.05,130,107250
2026-04-10 10:56:00+05:30,148.0,148.0,146.5,147.65,520,107250
2026-04-10 10:57:00+05:30,146.55,146.6,142.3,143.15,1885,107250
2026-04-10 10:58:00+05:30,143.55,144.25,143.55,144.25,130,108030
2026-04-10 10:59:00+05:30,147.95,149.3,147.95,149.3,260,108030
2026-04-10 11:00:00+05:30,152.05,152.45,151.2,152.4,455,108030
2026-04-10 11:01:00+05:30,154.3,154.95,154.3,154.95,1040,108030
2026-04-10 11:02:00+05:30,152.75,154.15,152.45,154.1,2535,108940
2026-04-10 11:03:00+05:30,153.05,153.9,151.75,153.9,1300,108940
2026-04-10 11:04:00+05:30,153.7,154.6,153.65,154.6,455,109135
2026-04-10 11:05:00+05:30,154.15,154.15,152.0,152.0,260,109135
2026-04-10 11:06:00+05:30,153.5,153.5,153.5,153.5,65,109135
2026-04-10 11:07:00+05:30,153.5,153.5,153.5,153.5,0,109135
2026-04-10 11:08:00+05:30,153.7,154.45,153.65,154.45,455,109330
2026-04-10 11:09:00+05:30,154.05,154.05,154.05,154.05,325,109330
2026-04-10 11:10:00+05:30,154.7,156.0,154.7,156.0,520,109395
2026-04-10 11:11:00+05:30,156.6,156.6,156.6,156.6,130,109395
2026-04-10 11:12:00+05:30,156.35,156.35,156.35,156.35,65,109395
2026-04-10 11:13:00+05:30,156.15,156.15,155.0,155.0,325,109265
2026-04-10 11:14:00+05:30,154.9,154.9,154.9,154.9,65,109265
2026-04-10 11:15:00+05:30,155.0,155.0,155.0,155.0,65,109265
2026-04-10 11:16:00+05:30,153.45,153.5,152.45,152.45,1105,109980
2026-04-10 11:17:00+05:30,151.6,151.6,150.0,150.0,260,109980
2026-04-10 11:18:00+05:30,149.4,150.35,149.4,150.35,260,109980
2026-04-10 11:19:00+05:30,148.8,148.8,148.45,148.45,130,109980
2026-04-10 11:20:00+05:30,151.7,151.8,151.2,151.2,455,109785
2026-04-10 11:21:00+05:30,152.05,153.4,150.05,153.4,1430,109785
2026-04-10 11:22:00+05:30,152.75,153.1,152.65,153.1,325,109525
2026-04-10 11:23:00+05:30,151.4,151.7,150.7,151.7,845,109525
2026-04-10 11:24:00+05:30,150.85,151.0,150.15,151.0,260,109525
2026-04-10 11:25:00+05:30,151.0,151.0,151.0,151.0,0,109525
2026-04-10 11:26:00+05:30,153.1,153.35,153.1,153.35,130,110045
2026-04-10 11:27:00+05:30,153.35,153.35,153.35,153.35,0,110045
2026-04-10 11:28:00+05:30,150.85,150.85,150.0,150.1,195,110045
2026-04-10 11:29:00+05:30,148.6,148.6,147.0,147.85,1625,110175
2026-04-10 11:30:00+05:30,149.3,149.3,148.35,148.35,325,110175
2026-04-10 11:31:00+05:30,148.35,148.35,148.35,148.35,0,110175
2026-04-10 11:32:00+05:30,150.3,150.4,150.3,150.4,715,110825
2026-04-10 11:33:00+05:30,150.55,150.95,150.55,150.95,260,110825
2026-04-10 11:34:00+05:30,151.25,152.1,151.25,152.1,520,111475
2026-04-10 11:35:00+05:30,151.35,151.35,151.25,151.25,390,111475
2026-04-10 11:36:00+05:30,151.2,151.2,148.8,148.8,455,111475
2026-04-10 11:37:00+05:30,148.0,148.0,147.4,147.75,260,110760
2026-04-10 11:38:00+05:30,149.05,149.65,148.65,149.65,260,110760
2026-04-10 11:39:00+05:30,149.0,149.0,149.0,149.0,65,110760
2026-04-10 11:40:00+05:30,148.65,148.65,148.55,148.55,130,110695
2026-04-10 11:41:00+05:30,147.55,147.65,147.4,147.65,910,110695
2026-04-10 11:42:00+05:30,145.0,145.8,144.35,144.35,780,110695
2026-04-10 11:43:00+05:30,144.4,147.0,144.4,147.0,780,111215
2026-04-10 11:44:00+05:30,147.95,147.95,145.55,145.55,715,111215
2026-04-10 11:45:00+05:30,146.3,147.8,146.3,147.8,325,111215
2026-04-10 11:46:00+05:30,147.45,147.45,147.4,147.4,325,111215
2026-04-10 11:47:00+05:30,145.85,145.85,143.0,143.0,325,111280
2026-04-10 11:48:00+05:30,140.25,142.95,139.55,142.95,845,111280
2026-04-10 11:49:00+05:30,142.95,143.85,141.1,143.55,5720,112840
2026-04-10 11:50:00+05:30,146.45,147.55,146.45,147.55,455,112840
2026-04-10 11:51:00+05:30,148.7,148.7,147.5,147.5,520,112840
2026-04-10 11:52:00+05:30,147.5,147.5,147.5,147.5,0,112840
2026-04-10 11:53:00+05:30,146.0,146.5,146.0,146.5,130,113230
2026-04-10 11:54:00+05:30,146.5,146.5,146.5,146.5,130,113230
2026-04-10 11:55:00+05:30,147.5,147.5,146.45,146.45,455,113230
2026-04-10 11:56:00+05:30,146.95,146.95,146.95,146.95,65,112970
2026-04-10 11:57:00+05:30,146.95,146.95,146.95,146.95,195,112970
2026-04-10 11:58:00+05:30,147.45,148.65,147.45,148.65,520,112970
2026-04-10 11:59:00+05:30,148.75,149.4,148.35,148.8,2015,112775
2026-04-10 12:00:00+05:30,148.6,149.65,147.25,148.3,1430,112775
2026-04-10 12:01:00+05:30,148.35,149.45,148.15,149.45,260,112775
2026-04-10 12:02:00+05:30,150.35,150.6,149.4,149.9,390,115505
2026-04-10 12:03:00+05:30,151.65,152.9,151.65,152.25,2145,115505
2026-04-10 12:04:00+05:30,152.6,155.0,152.6,155.0,1625,117260
2026-04-10 12:05:00+05:30,154.1,155.25,154.0,154.1,1495,117260
2026-04-10 12:06:00+05:30,153.15,154.5,153.1,154.5,1170,117260
2026-04-10 12:07:00+05:30,155.0,155.3,155.0,155.3,585,117260
2026-04-10 12:08:00+05:30,154.7,155.5,154.0,154.0,975,117065
2026-04-10 12:09:00+05:30,153.85,156.0,153.8,156.0,1950,117065
2026-04-10 12:10:00+05:30,155.05,155.05,154.55,154.55,195,117065
2026-04-10 12:11:00+05:30,154.9,154.9,154.9,154.9,65,117325
2026-04-10 12:12:00+05:30,154.15,154.15,154.15,154.15,65,117325
2026-04-10 12:13:00+05:30,155.55,155.55,155.55,155.55,65,117325
2026-04-10 12:14:00+05:30,156.5,156.5,154.4,154.4,390,117195
2026-04-10 12:15:00+05:30,154.55,154.55,151.3,151.3,260,117195
2026-04-10 12:16:00+05:30,150.5,152.85,150.5,152.85,585,117195
2026-04-10 12:17:00+05:30,154.65,154.8,154.0,154.8,650,117520
2026-04-10 12:18:00+05:30,152.2,152.75,150.95,152.75,780,117520
2026-04-10 12:19:00+05:30,151.95,152.75,151.95,152.4,1430,117520
2026-04-10 12:20:00+05:30,152.6,153.1,151.5,151.65,2665,117845
2026-04-10 12:21:00+05:30,151.0,151.0,150.0,150.0,195,117845
2026-04-10 12:22:00+05:30,150.0,150.0,150.0,150.0,0,117845
2026-04-10 12:23:00+05:30,153.45,153.45,153.45,153.45,65,116610
2026-04-10 12:24:00+05:30,155.0,155.7,155.0,155.1,1105,116610
2026-04-10 12:25:00+05:30,156.0,158.8,155.55,158.05,1560,116610
2026-04-10 12:26:00+05:30,158.95,159.0,154.85,154.9,650,116025
2026-04-10 12:27:00+05:30,154.7,154.7,152.75,152.75,1430,116025
2026-04-10 12:28:00+05:30,150.35,150.35,150.2,150.3,325,116025
2026-04-10 12:29:00+05:30,150.7,153.2,150.5,153.2,715,115700
2026-04-10 12:30:00+05:30,153.5,153.65,152.95,153.65,325,115700
2026-04-10 12:31:00+05:30,153.75,153.75,153.15,153.15,130,115700
2026-04-10 12:32:00+05:30,153.1,153.1,153.1,153.1,65,115115
2026-04-10 12:33:00+05:30,153.1,153.1,153.1,153.1,715,115115
2026-04-10 12:34:00+05:30,152.0,152.95,151.55,152.95,1105,115115
2026-04-10 12:35:00+05:30,152.7,152.7,152.7,152.7,65,115700
2026-04-10 12:36:00+05:30,152.6,154.0,152.6,154.0,130,115700
2026-04-10 12:37:00+05:30,153.55,154.0,153.55,154.0,130,115700
2026-04-10 12:38:00+05:30,154.0,154.0,154.0,154.0,0,115700
2026-04-10 12:39:00+05:30,153.25,153.25,150.65,152.15,2665,115505
2026-04-10 12:40:00+05:30,153.5,153.6,153.5,153.6,325,115505
2026-04-10 12:41:00+05:30,154.0,154.0,153.1,153.1,260,113880
2026-04-10 12:42:00+05:30,153.0,154.35,153.0,153.3,325,113880
2026-04-10 12:43:00+05:30,153.55,153.55,151.25,151.25,195,113880
2026-04-10 12:44:00+05:30,151.05,151.05,150.1,150.1,520,114205
2026-04-10 12:45:00+05:30,149.9,149.9,149.9,149.9,390,114205
2026-04-10 12:46:00+05:30,149.2,149.65,148.9,149.65,520,114205
2026-04-10 12:47:00+05:30,148.7,151.1,148.7,151.1,325,115375
2026-04-10 12:48:00+05:30,152.35,153.3,152.15,153.3,845,115375
2026-04-10 12:49:00+05:30,152.55,153.0,152.55,153.0,195,115375
2026-04-10 12:50:00+05:30,151.05,151.15,148.55,148.8,325,115570
2026-04-10 12:51:00+05:30,149.85,150.9,149.85,150.9,130,115570
2026-04-10 12:52:00+05:30,151.1,153.05,151.1,152.85,390,115570
2026-04-10 12:53:00+05:30,152.75,152.95,151.3,151.65,910,114985
2026-04-10 12:54:00+05:30,152.45,152.6,148.4,149.1,4420,114985
2026-04-10 12:55:00+05:30,151.3,151.3,150.0,150.55,520,114985
2026-04-10 12:56:00+05:30,150.4,150.4,149.6,149.9,325,114790
2026-04-10 12:57:00+05:30,150.0,151.35,150.0,151.35,520,114790
2026-04-10 12:58:00+05:30,151.85,151.85,150.95,150.95,260,114790
2026-04-10 12:59:00+05:30,151.25,151.25,150.75,150.75,130,114660
2026-04-10 13:00:00+05:30,151.0,151.0,150.2,150.2,2015,114660
2026-04-10 13:01:00+05:30,151.9,151.9,151.2,151.2,260,114660
2026-04-10 13:02:00+05:30,150.9,151.65,150.9,151.65,585,114790
2026-04-10 13:03:00+05:30,153.15,153.65,152.75,152.75,650,114790
2026-04-10 13:04:00+05:30,152.85,155.0,152.7,154.8,20215,114790
2026-04-10 13:05:00+05:30,154.8,154.8,153.1,154.1,21320,134940
2026-04-10 13:06:00+05:30,154.5,155.0,154.35,154.9,3900,134940
2026-04-10 13:07:00+05:30,155.1,155.4,154.25,154.25,10985,134940
2026-04-10 13:08:00+05:30,154.35,156.4,154.35,155.45,7540,166270
2026-04-10 13:09:00+05:30,155.0,155.3,154.0,155.0,6175,166270
2026-04-10 13:10:00+05:30,155.0,155.0,153.0,154.2,15405,166270
2026-04-10 13:11:00+05:30,153.9,153.9,152.2,152.7,4550,175825
2026-04-10 13:12:00+05:30,152.6,152.9,150.8,151.45,12675,175825
2026-04-10 13:13:00+05:30,152.3,152.5,149.1,149.1,10660,175825
2026-04-10 13:14:00+05:30,149.25,151.85,149.1,151.35,8645,196885
2026-04-10 13:15:00+05:30,151.3,152.0,150.5,151.8,2665,196885
2026-04-10 13:16:00+05:30,151.4,151.45,150.5,150.6,1755,196885
2026-04-10 13:17:00+05:30,151.75,153.3,151.75,152.2,5720,201955
2026-04-10 13:18:00+05:30,152.95,153.0,150.6,150.6,6955,201955
2026-04-10 13:19:00+05:30,150.4,151.15,150.0,150.05,3445,201955
2026-04-10 13:20:00+05:30,150.1,151.2,149.55,151.2,8450,211770
2026-04-10 13:21:00+05:30,151.6,151.6,150.0,150.3,3835,211770
2026-04-10 13:22:00+05:30,150.4,151.8,150.4,151.55,715,211770
2026-04-10 13:23:00+05:30,151.3,151.4,150.3,150.3,1820,213460
2026-04-10 13:24:00+05:30,150.0,151.2,149.8,150.2,8450,213460
2026-04-10 13:25:00+05:30,150.6,151.5,149.9,151.5,3445,213460
2026-04-10 13:26:00+05:30,151.65,152.55,151.2,151.7,2275,219505
2026-04-10 13:27:00+05:30,151.55,152.25,149.9,150.2,2730,219505
2026-04-10 13:28:00+05:30,151.0,151.9,150.9,151.55,4290,219505
2026-04-10 13:29:00+05:30,152.2,152.45,150.5,151.6,2795,225095
2026-04-10 13:30:00+05:30,152.2,152.5,151.0,151.0,455,225095
2026-04-10 13:31:00+05:30,152.0,152.25,151.3,151.9,3575,225095
2026-04-10 13:32:00+05:30,152.5,153.5,151.9,153.2,5330,219375
2026-04-10 13:33:00+05:30,152.3,152.3,151.35,151.65,1820,219375
2026-04-10 13:34:00+05:30,150.65,152.0,150.0,151.85,7345,219375
2026-04-10 13:35:00+05:30,150.65,151.55,148.5,149.05,7865,224380
2026-04-10 13:36:00+05:30,150.25,151.5,150.25,150.85,1885,224380
2026-04-10 13:37:00+05:30,150.6,151.5,150.25,151.4,2145,224380
2026-04-10 13:38:00+05:30,150.35,151.6,150.35,151.6,650,230100
2026-04-10 13:39:00+05:30,151.4,152.3,151.0,151.65,2275,230100
2026-04-10 13:40:00+05:30,152.2,152.95,151.6,151.8,6500,230100
2026-04-10 13:41:00+05:30,152.5,153.65,152.5,152.6,4485,226590
2026-04-10 13:42:00+05:30,152.65,155.1,152.65,154.6,8190,226590
2026-04-10 13:43:00+05:30,155.0,156.35,154.5,154.9,6630,226590
2026-04-10 13:44:00+05:30,154.9,155.1,154.25,155.1,2405,216905
2026-04-10 13:45:00+05:30,155.1,156.75,155.0,156.75,2405,216905
2026-04-10 13:46:00+05:30,157.0,157.95,155.35,156.2,10335,216905
2026-04-10 13:47:00+05:30,156.5,156.65,155.0,155.0,2795,211770
2026-04-10 13:48:00+05:30,154.4,154.6,151.0,152.8,12545,211770
2026-04-10 13:49:00+05:30,153.2,153.2,151.95,152.9,2210,211770
2026-04-10 13:50:00+05:30,152.2,152.3,150.65,152.25,1495,208585
2026-04-10 13:51:00+05:30,152.75,154.65,152.4,154.2,1560,208585
2026-04-10 13:52:00+05:30,155.1,155.7,153.9,154.8,4095,208585
2026-04-10 13:53:00+05:30,154.25,155.2,154.25,154.8,1820,211055
2026-04-10 13:54:00+05:30,154.95,155.6,154.9,154.9,780,211055
2026-04-10 13:55:00+05:30,155.2,156.0,155.05,155.4,1235,211055
2026-04-10 13:56:00+05:30,155.35,156.8,155.25,155.65,1625,210470
2026-04-10 13:57:00+05:30,156.0,156.8,155.8,156.8,8970,210470
2026-04-10 13:58:00+05:30,157.0,160.0,156.7,160.0,12480,210470
2026-04-10 13:59:00+05:30,160.0,164.0,158.7,161.3,8840,192270
2026-04-10 14:00:00+05:30,161.35,164.25,159.2,161.3,30355,192270
2026-04-10 14:01:00+05:30,161.95,163.5,161.35,163.1,17160,192270
2026-04-10 14:02:00+05:30,163.55,163.75,159.2,159.95,8970,156130
2026-04-10 14:03:00+05:30,160.2,161.2,160.15,160.35,3315,156130
2026-04-10 14:04:00+05:30,160.2,161.3,160.2,160.3,2600,156130
2026-04-10 14:05:00+05:30,161.0,162.55,161.0,162.5,4095,151190
2026-04-10 14:06:00+05:30,161.8,161.9,160.8,161.65,845,151190
2026-04-10 14:07:00+05:30,161.35,161.35,158.3,159.6,3120,151190
2026-04-10 14:08:00+05:30,159.45,159.55,158.3,159.05,2210,150085
2026-04-10 14:09:00+05:30,159.9,160.65,158.6,160.65,2210,150085
2026-04-10 14:10:00+05:30,160.55,161.35,158.85,159.3,3445,150085
2026-04-10 14:11:00+05:30,161.0,161.45,160.45,160.45,1105,149955
2026-04-10 14:12:00+05:30,161.0,162.35,161.0,162.1,3055,149955
2026-04-10 14:13:00+05:30,163.0,163.5,160.25,160.9,6630,149955
2026-04-10 14:14:00+05:30,161.0,161.75,143.55,154.0,26130,150280
2026-04-10 14:15:00+05:30,152.7,152.7,124.8,134.0,30355,150280
2026-04-10 14:16:00+05:30,134.6,144.15,134.4,134.55,17550,150280
2026-04-10 14:17:00+05:30,136.55,145.85,136.5,143.7,6955,143325
2026-04-10 14:18:00+05:30,144.7,146.9,143.55,146.0,5005,143325
2026-04-10 14:19:00+05:30,143.8,144.15,141.8,143.75,6175,143325
2026-04-10 14:20:00+05:30,144.35,146.4,143.35,146.4,4875,140530
2026-04-10 14:21:00+05:30,148.0,148.1,146.2,148.0,2145,140530
2026-04-10 14:22:00+05:30,148.9,150.25,140.0,140.0,6695,140530
2026-04-10 14:23:00+05:30,140.05,140.95,134.55,134.55,7280,144755
2026-04-10 14:24:00+05:30,135.0,135.0,130.95,131.7,4160,144755
2026-04-10 14:25:00+05:30,131.15,135.25,128.0,134.5,8515,144755
2026-04-10 14:26:00+05:30,134.7,137.0,133.4,137.0,4745,145535
2026-04-10 14:27:00+05:30,136.2,136.2,133.2,134.25,4875,145535
2026-04-10 14:28:00+05:30,135.0,136.5,134.1,134.85,5590,145535
2026-04-10 14:29:00+05:30,135.0,136.4,132.85,135.4,3965,141440
2026-04-10 14:30:00+05:30,134.85,139.0,134.8,138.8,2535,141440
2026-04-10 14:31:00+05:30,138.2,138.2,135.0,136.55,3250,141440
2026-04-10 14:32:00+05:30,135.8,135.9,134.8,134.8,2080,142740
2026-04-10 14:33:00+05:30,137.0,139.3,136.4,136.95,3055,142740
2026-04-10 14:34:00+05:30,137.0,137.0,135.3,135.35,1365,142740
2026-04-10 14:35:00+05:30,136.0,136.0,132.25,133.2,23660,134810
2026-04-10 14:36:00+05:30,132.8,134.0,129.45,132.5,12090,134810
2026-04-10 14:37:00+05:30,133.35,134.05,131.8,133.7,2925,134810
2026-04-10 14:38:00+05:30,134.0,135.0,133.6,134.3,1950,126945
2026-04-10 14:39:00+05:30,136.3,137.25,135.45,135.45,1560,126945
2026-04-10 14:40:00+05:30,134.8,137.9,134.8,136.95,715,126945
2026-04-10 14:41:00+05:30,137.1,140.7,137.0,139.4,3510,126035
2026-04-10 14:42:00+05:30,138.0,141.45,138.0,140.6,3900,126035
2026-04-10 14:43:00+05:30,140.4,140.4,139.0,139.35,1820,126035
2026-04-10 14:44:00+05:30,138.9,141.15,138.0,141.15,2405,121875
2026-04-10 14:45:00+05:30,140.0,140.6,138.4,140.6,3250,121875
2026-04-10 14:46:00+05:30,140.5,141.1,139.0,139.0,1235,121875
2026-04-10 14:47:00+05:30,138.0,139.05,137.0,137.75,1755,119340
2026-04-10 14:48:00+05:30,138.15,141.2,137.0,140.25,3575,119340
2026-04-10 14:49:00+05:30,141.0,154.0,141.0,152.7,11375,119340
2026-04-10 14:50:00+05:30,152.0,152.0,144.95,145.05,8840,113750
2026-04-10 14:51:00+05:30,144.75,149.5,144.75,148.2,1430,113750
2026-04-10 14:52:00+05:30,149.25,151.0,148.0,148.65,2340,113750
2026-04-10 14:53:00+05:30,148.4,148.4,146.65,147.95,4095,111800
2026-04-10 14:54:00+05:30,147.0,148.1,144.05,146.05,2535,111800
2026-04-10 14:55:00+05:30,146.55,150.15,146.55,149.1,6370,111800
2026-04-10 14:56:00+05:30,147.85,149.35,147.85,149.3,1040,109915
2026-04-10 14:57:00+05:30,149.25,149.6,148.05,148.45,910,109915
2026-04-10 14:58:00+05:30,149.0,150.2,149.0,149.95,1300,109915
2026-04-10 14:59:00+05:30,149.3,149.95,146.3,146.35,1300,109590
2026-04-10 15:00:00+05:30,149.0,150.0,148.35,148.85,2860,109590
2026-04-10 15:01:00+05:30,148.8,152.7,147.0,150.5,6695,109590
2026-04-10 15:02:00+05:30,149.4,151.2,147.25,151.05,5135,107510
2026-04-10 15:03:00+05:30,151.0,155.5,151.0,155.5,11115,107510
2026-04-10 15:04:00+05:30,155.7,156.9,153.75,156.2,9685,107510
2026-04-10 15:05:00+05:30,156.55,161.0,155.9,160.05,11570,99190
2026-04-10 15:06:00+05:30,160.55,162.75,159.0,161.4,9880,99190
2026-04-10 15:07:00+05:30,161.0,163.8,159.5,163.8,6305,99190
2026-04-10 15:08:00+05:30,164.0,164.0,161.1,162.65,9490,91715
2026-04-10 15:09:00+05:30,162.1,164.5,161.75,163.65,7670,91715
2026-04-10 15:10:00+05:30,163.65,165.75,163.0,165.05,10660,91715
2026-04-10 15:11:00+05:30,164.75,167.9,164.75,167.8,8385,95095
2026-04-10 15:12:00+05:30,168.15,170.0,162.05,164.1,12480,95095
2026-04-10 15:13:00+05:30,165.15,166.65,164.25,165.35,7085,95095
2026-04-10 15:14:00+05:30,164.6,164.6,162.0,163.2,4810,102375
2026-04-10 15:15:00+05:30,163.05,164.6,158.95,161.95,12025,102375
2026-04-10 15:16:00+05:30,162.05,165.5,161.65,164.25,5460,102375
2026-04-10 15:17:00+05:30,164.55,165.6,162.0,162.75,7085,111345
2026-04-10 15:18:00+05:30,162.3,164.4,161.6,162.7,7215,111345
2026-04-10 15:19:00+05:30,162.25,163.8,162.25,163.0,8450,111345
2026-04-10 15:20:00+05:30,163.4,164.0,160.95,163.55,6695,115765
2026-04-10 15:21:00+05:30,163.8,164.55,163.35,164.25,4745,115765
2026-04-10 15:22:00+05:30,164.2,164.45,163.65,164.1,2405,115765
2026-04-10 15:23:00+05:30,164.0,165.0,163.65,164.95,1885,113685
2026-04-10 15:24:00+05:30,164.15,164.9,163.5,164.6,7085,113685
2026-04-10 15:25:00+05:30,164.3,165.2,164.25,165.2,4030,113685
2026-04-10 15:26:00+05:30,165.3,165.35,164.0,164.4,3380,114855
2026-04-10 15:27:00+05:30,164.0,164.25,163.5,164.0,7540,114855
2026-04-10 15:28:00+05:30,163.95,164.55,163.55,164.5,7345,114855
2026-04-10 15:29:00+05:30,163.75,168.0,161.25,168.0,6175,109460
2026-04-13 09:15:00+05:30,57.9,69.0,49.35,67.5,37180,109395
2026-04-13 09:16:00+05:30,68.75,69.0,57.9,59.15,36595,108355
2026-04-13 09:17:00+05:30,59.15,59.15,56.4,56.4,17030,108355
2026-04-13 09:18:00+05:30,56.45,56.7,53.0,54.4,21125,108355
2026-04-13 09:19:00+05:30,54.45,56.7,54.35,55.8,13000,108290
2026-04-13 09:20:00+05:30,55.8,56.85,55.25,56.0,12545,108290
2026-04-13 09:21:00+05:30,55.75,55.8,54.45,54.7,10335,108290
2026-04-13 09:22:00+05:30,54.85,54.85,54.0,54.25,6305,116025
2026-04-13 09:23:00+05:30,54.4,56.4,54.3,56.0,4550,116025
2026-04-13 09:24:00+05:30,55.9,57.4,55.25,57.0,7150,116025
2026-04-13 09:25:00+05:30,56.8,59.05,56.4,58.65,10075,120575
2026-04-13 09:26:00+05:30,59.0,59.45,57.6,59.15,2925,120575
2026-04-13 09:27:00+05:30,58.8,60.05,58.55,60.05,3770,120575
2026-04-13 09:28:00+05:30,60.0,60.35,58.15,59.45,5070,126165
2026-04-13 09:29:00+05:30,59.2,61.25,59.1,60.7,68705,126165
2026-04-13 09:30:00+05:30,60.5,60.5,57.6,57.65,19240,126165
2026-04-13 09:31:00+05:30,57.5,57.5,56.35,56.45,4875,180635
2026-04-13 09:32:00+05:30,56.05,57.65,56.0,57.3,3250,180635
2026-04-13 09:33:00+05:30,57.55,58.35,57.0,57.2,5980,180635
2026-04-13 09:34:00+05:30,57.35,58.0,56.7,57.6,5590,178555
2026-04-13 09:35:00+05:30,57.05,57.1,55.4,55.85,2795,178555
2026-04-13 09:36:00+05:30,55.0,55.05,53.75,53.75,7930,178555
2026-04-13 09:37:00+05:30,53.75,54.25,53.35,54.0,4290,177905
2026-04-13 09:38:00+05:30,54.2,54.65,54.0,54.25,2730,177905
2026-04-13 09:39:00+05:30,54.0,55.05,54.0,55.05,6565,177905
2026-04-13 09:40:00+05:30,55.3,55.3,54.5,54.9,1625,178945
2026-04-13 09:41:00+05:30,55.7,57.8,55.45,57.8,7150,178945
2026-04-13 09:42:00+05:30,57.95,59.05,57.2,57.3,5915,178945
2026-04-13 09:43:00+05:30,56.3,59.6,56.0,59.5,3185,175695
2026-04-13 09:44:00+05:30,59.25,59.25,58.45,59.2,2145,175695
2026-04-13 09:45:00+05:30,58.85,58.85,56.25,57.35,12870,175695
2026-04-13 09:46:00+05:30,57.7,58.0,56.35,58.0,5655,182845
2026-04-13 09:47:00+05:30,57.7,58.7,56.4,57.65,3445,182845
2026-04-13 09:48:00+05:30,56.45,57.45,55.3,56.85,5135,182845
2026-04-13 09:49:00+05:30,56.8,58.55,56.5,58.55,2860,185380
2026-04-13 09:50:00+05:30,58.6,59.25,57.95,58.75,3705,185380
2026-04-13 09:51:00+05:30,58.0,59.1,57.0,58.85,910,185380
2026-04-13 09:52:00+05:30,58.95,59.55,58.3,58.95,3640,188305
2026-04-13 09:53:00+05:30,59.2,59.65,58.45,58.5,3120,188305
2026-04-13 09:54:00+05:30,58.7,60.95,58.05,58.3,5785,188305
2026-04-13 09:55:00+05:30,59.5,62.65,59.5,60.75,11115,187720
2026-04-13 09:56:00+05:30,61.3,62.1,60.8,61.65,2730,187720
2026-04-13 09:57:00+05:30,61.5,61.55,60.3,61.0,5135,187720
2026-04-13 09:58:00+05:30,61.15,62.5,60.85,61.4,3315,191815
2026-04-13 09:59:00+05:30,61.15,62.95,61.15,62.1,7215,191815
2026-04-13 10:00:00+05:30,62.0,62.1,60.6,62.1,4095,191815
2026-04-13 10:01:00+05:30,61.95,63.0,61.5,62.95,5200,190970
2026-04-13 10:02:00+05:30,63.0,63.1,61.7,62.75,2730,190970
2026-04-13 10:03:00+05:30,62.6,63.2,61.75,62.05,2795,190970
2026-04-13 10:04:00+05:30,61.65,63.3,60.4,63.25,2340,193050
2026-04-13 10:05:00+05:30,63.3,63.7,62.6,62.9,2340,193050
2026-04-13 10:06:00+05:30,63.25,63.25,61.55,62.05,2080,193050
2026-04-13 10:07:00+05:30,62.5,63.7,62.5,63.2,3250,193180
2026-04-13 10:08:00+05:30,63.1,63.1,61.95,62.7,3575,193180
2026-04-13 10:09:00+05:30,62.15,63.75,62.1,63.55,5135,193180
2026-04-13 10:10:00+05:30,63.4,64.1,62.3,63.0,5005,197990
2026-04-13 10:11:00+05:30,62.95,64.1,61.5,63.7,4355,197990
2026-04-13 10:12:00+05:30,64.0,64.9,63.0,63.45,4225,197990
2026-04-13 10:13:00+05:30,63.75,64.15,61.6,62.65,7020,204490
2026-04-13 10:14:00+05:30,61.2,62.1,60.65,61.35,6890,204490
2026-04-13 10:15:00+05:30,61.0,61.0,59.25,60.05,6760,204490
2026-04-13 10:16:00+05:30,59.1,60.75,58.8,58.8,2470,211120
2026-04-13 10:17:00+05:30,59.1,59.25,58.45,58.9,5330,211120
2026-04-13 10:18:00+05:30,58.3,62.3,58.3,62.3,3705,211120
2026-04-13 10:19:00+05:30,62.55,63.85,61.4,63.85,4095,215345
2026-04-13 10:20:00+05:30,63.35,65.05,63.15,65.05,6760,215345
2026-04-13 10:21:00+05:30,65.9,70.0,65.75,69.2,11960,215345
2026-04-13 10:22:00+05:30,69.3,72.55,69.0,72.55,17095,212550
2026-04-13 10:23:00+05:30,72.0,72.3,69.95,71.25,5590,212550
2026-04-13 10:24:00+05:30,71.3,73.15,69.2,70.0,10140,212550
2026-04-13 10:25:00+05:30,70.55,71.95,70.0,70.8,5200,224770
2026-04-13 10:26:00+05:30,70.1,72.45,70.0,72.45,5330,224770
2026-04-13 10:27:00+05:30,72.35,74.8,72.35,74.35,6565,224770
2026-04-13 10:28:00+05:30,74.5,74.85,73.9,74.35,1950,228150
2026-04-13 10:29:00+05:30,74.05,74.3,72.8,73.7,2535,228150
2026-04-13 10:30:00+05:30,75.0,75.3,74.0,74.2,4550,228150
2026-04-13 10:31:00+05:30,74.55,74.55,73.05,73.2,2730,225875
2026-04-13 10:32:00+05:30,73.0,73.45,72.45,73.45,2600,225875
2026-04-13 10:33:00+05:30,73.4,73.4,70.45,71.85,5785,225875
2026-04-13 10:34:00+05:30,71.8,72.65,71.6,72.5,2535,225875
2026-04-13 10:35:00+05:30,73.1,73.5,72.8,72.9,1040,225875
2026-04-13 10:36:00+05:30,72.0,72.5,71.25,72.05,2665,225875
2026-04-13 10:37:00+05:30,71.45,72.1,71.0,71.85,1300,225615
2026-04-13 10:38:00+05:30,72.1,72.2,71.5,71.65,1430,225615
2026-04-13 10:39:00+05:30,71.7,74.95,71.7,74.95,3055,225615
2026-04-13 10:40:00+05:30,74.9,75.85,74.25,75.2,11830,227565
2026-04-13 10:41:00+05:30,75.05,76.6,69.75,71.4,17745,227565
2026-04-13 10:42:00+05:30,71.95,72.0,70.5,70.65,5265,227565
2026-04-13 10:43:00+05:30,70.7,73.8,70.6,73.8,1170,234520
2026-04-13 10:44:00+05:30,73.7,74.2,72.6,73.3,2470,234520
2026-04-13 10:45:00+05:30,73.0,75.55,72.65,73.55,5395,234520
2026-04-13 10:46:00+05:30,74.8,76.0,74.05,74.85,2470,236470
2026-04-13 10:47:00+05:30,74.85,74.9,72.65,72.65,4290,236470
2026-04-13 10:48:00+05:30,74.05,75.4,73.75,73.75,2925,236470
2026-04-13 10:49:00+05:30,73.5,74.0,73.0,73.95,2080,234260
2026-04-13 10:50:00+05:30,73.7,75.0,73.7,73.95,2665,234260
2026-04-13 10:51:00+05:30,74.4,74.7,73.2,73.2,1755,234260
2026-04-13 10:52:00+05:30,73.05,74.7,73.05,74.45,975,236080
2026-04-13 10:53:00+05:30,74.9,75.2,73.3,73.3,3120,236080
2026-04-13 10:54:00+05:30,74.5,74.7,73.1,74.15,1820,236080
2026-04-13 10:55:00+05:30,74.25,75.35,74.05,74.55,1105,236990
2026-04-13 10:56:00+05:30,75.45,75.95,75.05,75.95,2015,236990
2026-04-13 10:57:00+05:30,76.5,77.15,76.0,76.0,5785,236990
2026-04-13 10:58:00+05:30,76.35,76.35,73.9,73.9,1560,237575
2026-04-13 10:59:00+05:30,74.2,74.45,72.6,74.4,3575,237575
2026-04-13 11:00:00+05:30,74.4,74.45,73.4,74.45,2600,237575
2026-04-13 11:01:00+05:30,74.45,74.45,73.25,73.25,2730,238875
2026-04-13 11:02:00+05:30,73.5,74.25,73.5,73.95,1820,238875
2026-04-13 11:03:00+05:30,73.95,74.1,72.75,73.2,2860,238875
2026-04-13 11:04:00+05:30,73.2,73.75,72.95,73.0,3380,242450
2026-04-13 11:05:00+05:30,74.0,76.1,74.0,75.8,1300,242450
2026-04-13 11:06:00+05:30,75.95,75.95,74.1,74.1,1560,242450
2026-04-13 11:07:00+05:30,75.5,75.5,74.85,75.15,325,241865
2026-04-13 11:08:00+05:30,75.1,75.6,75.1,75.6,260,241865
2026-04-13 11:09:00+05:30,75.8,76.2,75.1,75.1,1755,241865
2026-04-13 11:10:00+05:30,75.9,75.9,73.7,73.7,780,240955
2026-04-13 11:11:00+05:30,73.6,74.0,72.5,74.0,845,240955
2026-04-13 11:12:00+05:30,75.0,75.7,74.95,75.3,1040,240955
2026-04-13 11:13:00+05:30,75.15,75.8,74.8,75.45,1755,241670
2026-04-13 11:14:00+05:30,75.0,75.0,74.45,74.5,1755,241670
2026-04-13 11:15:00+05:30,75.5,76.15,75.2,75.65,2470,241670
2026-04-13 11:16:00+05:30,75.95,76.25,75.3,76.25,2080,240240
2026-04-13 11:17:00+05:30,76.05,76.35,75.4,76.0,1235,240240
2026-04-13 11:18:00+05:30,76.0,76.05,75.6,75.6,845,240240
2026-04-13 11:19:00+05:30,75.85,76.0,75.8,76.0,455,240760
2026-04-13 11:20:00+05:30,75.8,75.8,73.85,73.95,1235,240760
2026-04-13 11:21:00+05:30,73.0,73.85,73.0,73.7,845,240760
2026-04-13 11:22:00+05:30,74.05,76.2,74.05,76.0,2080,241085
2026-04-13 11:23:00+05:30,76.3,77.3,75.25,75.6,1560,241085
2026-04-13 11:24:00+05:30,75.85,76.3,74.95,75.35,2015,241085
2026-04-13 11:25:00+05:30,75.35,77.0,74.95,76.0,3705,241085
2026-04-13 11:26:00+05:30,75.65,75.65,75.3,75.3,390,241085
2026-04-13 11:27:00+05:30,74.25,74.85,74.1,74.85,1690,241085
2026-04-13 11:28:00+05:30,75.05,75.05,74.95,75.0,585,241085
2026-04-13 11:29:00+05:30,74.95,75.05,74.0,74.3,2080,239135
2026-04-13 11:30:00+05:30,75.4,75.45,75.4,75.45,195,239135
2026-04-13 11:31:00+05:30,75.6,76.1,73.8,73.8,3835,242515
2026-04-13 11:32:00+05:30,73.6,74.2,73.05,73.8,1365,242515
2026-04-13 11:33:00+05:30,74.15,74.15,73.5,73.5,1170,242515
2026-04-13 11:34:00+05:30,73.15,74.0,73.0,74.0,2535,242515
2026-04-13 11:35:00+05:30,74.3,75.15,74.3,75.15,455,243425
2026-04-13 11:36:00+05:30,75.0,75.6,74.1,75.6,585,243425
2026-04-13 11:37:00+05:30,75.75,76.3,75.25,75.25,1495,243490
2026-04-13 11:38:00+05:30,75.55,77.85,75.55,76.55,4810,243490
2026-04-13 11:39:00+05:30,77.0,77.8,75.65,76.75,4095,243490
2026-04-13 11:40:00+05:30,76.45,77.7,76.25,77.0,1820,241280
2026-04-13 11:41:00+05:30,76.0,76.75,76.0,76.75,2015,241280
2026-04-13 11:42:00+05:30,76.8,76.9,76.0,76.2,2015,241280
2026-04-13 11:43:00+05:30,76.3,76.3,75.65,76.0,2015,241280
2026-04-13 11:44:00+05:30,75.15,76.55,75.1,76.45,1105,241280
2026-04-13 11:45:00+05:30,76.6,77.75,76.5,77.75,4615,241280
2026-04-13 11:46:00+05:30,78.0,78.3,77.25,77.6,2860,239460
2026-04-13 11:47:00+05:30,77.6,77.7,77.0,77.05,975,239460
2026-04-13 11:48:00+05:30,77.55,78.5,77.55,78.0,2535,239460
2026-04-13 11:49:00+05:30,78.6,79.8,78.0,79.8,2275,240630
2026-04-13 11:50:00+05:30,80.0,84.0,79.4,84.0,10790,240630
2026-04-13 11:51:00+05:30,84.4,86.25,82.5,84.85,8645,240630
2026-04-13 11:52:00+05:30,84.4,84.5,81.9,82.0,2795,240305
2026-04-13 11:53:00+05:30,82.0,82.35,81.25,82.0,3640,240305
2026-04-13 11:54:00+05:30,82.15,85.25,82.1,85.25,7280,240305
2026-04-13 11:55:00+05:30,85.45,88.25,85.45,86.8,12675,236470
2026-04-13 11:56:00+05:30,86.8,86.8,84.2,84.4,4485,236470
2026-04-13 11:57:00+05:30,84.4,85.3,84.2,84.3,6695,236470
2026-04-13 11:58:00+05:30,84.65,84.65,84.0,84.0,2405,236470
2026-04-13 11:59:00+05:30,83.8,84.3,81.7,82.65,5850,237315
2026-04-13 12:00:00+05:30,84.0,84.5,83.55,84.4,2665,237315
2026-04-13 12:01:00+05:30,84.4,84.4,82.25,82.8,1365,237185
2026-04-13 12:02:00+05:30,82.75,83.7,82.75,83.3,1040,237185
2026-04-13 12:03:00+05:30,83.05,83.5,82.55,83.5,650,237185
2026-04-13 12:04:00+05:30,83.05,83.75,83.05,83.5,195,237510
2026-04-13 12:05:00+05:30,84.0,84.7,84.0,84.7,455,237510
2026-04-13 12:06:00+05:30,84.8,86.9,84.7,86.6,2730,237510
2026-04-13 12:07:00+05:30,86.8,86.9,85.6,86.35,13000,237510
2026-04-13 12:08:00+05:30,86.25,86.25,84.95,85.0,1300,247650
2026-04-13 12:09:00+05:30,85.15,86.25,85.15,86.25,975,247650
2026-04-13 12:10:00+05:30,86.0,87.4,86.0,87.4,1495,247650
2026-04-13 12:11:00+05:30,87.35,87.6,85.7,85.7,845,245570
2026-04-13 12:12:00+05:30,85.75,86.3,85.55,85.9,2340,245570
2026-04-13 12:13:00+05:30,86.1,87.6,86.05,87.4,1560,245570
2026-04-13 12:14:00+05:30,87.6,89.55,87.6,89.55,6500,245830
2026-04-13 12:15:00+05:30,90.0,91.4,89.35,89.4,6435,245830
2026-04-13 12:16:00+05:30,89.9,91.4,89.0,91.15,18720,245830
2026-04-13 12:17:00+05:30,91.15,91.8,90.0,90.0,12610,244920
2026-04-13 12:18:00+05:30,90.15,90.4,88.7,90.05,5460,244920
2026-04-13 12:19:00+05:30,90.75,92.15,90.15,92.15,17875,244920
2026-04-13 12:20:00+05:30,92.35,92.8,91.85,92.65,5590,234585
2026-04-13 12:21:00+05:30,92.6,92.6,89.7,89.7,6305,234585
2026-04-13 12:22:00+05:30,89.05,89.9,87.7,87.9,6565,234585
2026-04-13 12:23:00+05:30,88.0,89.55,88.0,89.35,4940,238940
2026-04-13 12:24:00+05:30,89.35,90.6,88.6,90.6,3250,238940
2026-04-13 12:25:00+05:30,90.95,91.85,90.95,91.75,4095,238940
2026-04-13 12:26:00+05:30,91.95,95.2,91.3,95.2,7150,244660
2026-04-13 12:27:00+05:30,94.75,96.2,92.5,96.2,11310,244660
2026-04-13 12:28:00+05:30,96.1,97.9,94.5,97.2,26325,244660
2026-04-13 12:29:00+05:30,96.8,97.95,95.75,97.95,14365,247585
2026-04-13 12:30:00+05:30,99.0,99.5,96.05,97.5,9945,247585
2026-04-13 12:31:00+05:30,97.4,99.0,97.15,98.1,14430,247585
2026-04-13 12:32:00+05:30,98.1,98.6,97.8,97.9,5200,232570
2026-04-13 12:33:00+05:30,97.85,98.0,95.2,97.35,3900,232570
2026-04-13 12:34:00+05:30,97.9,97.9,96.05,97.0,2470,232570
2026-04-13 12:35:00+05:30,97.4,98.55,96.75,96.75,2405,231465
2026-04-13 12:36:00+05:30,97.25,97.65,95.7,96.45,1040,231465
2026-04-13 12:37:00+05:30,96.9,98.35,96.75,98.35,1170,231465
2026-04-13 12:38:00+05:30,98.7,99.5,98.65,99.5,3250,230945
2026-04-13 12:39:00+05:30,99.5,100.0,96.5,96.5,5460,230945
2026-04-13 12:40:00+05:30,97.15,97.55,95.05,96.4,3185,230945
2026-04-13 12:41:00+05:30,96.6,97.65,96.6,97.1,2015,233545
2026-04-13 12:42:00+05:30,97.7,98.75,97.45,98.55,3770,233545
2026-04-13 12:43:00+05:30,98.4,98.4,97.5,97.9,2145,233545
2026-04-13 12:44:00+05:30,98.0,98.7,98.0,98.0,2795,236665
2026-04-13 12:45:00+05:30,98.05,98.05,95.9,95.9,2795,236665
2026-04-13 12:46:00+05:30,95.6,95.85,94.45,95.55,6110,236665
2026-04-13 12:47:00+05:30,95.95,97.0,95.9,96.45,4290,237380
2026-04-13 12:48:00+05:30,97.0,97.0,96.0,96.5,1885,237380
2026-04-13 12:49:00+05:30,97.05,97.65,97.05,97.05,4355,237380
2026-04-13 12:50:00+05:30,97.4,97.4,96.45,96.85,845,240305
2026-04-13 12:51:00+05:30,97.0,97.0,95.2,96.5,3055,240305
2026-04-13 12:52:00+05:30,96.25,96.9,96.25,96.9,780,240305
2026-04-13 12:53:00+05:30,96.8,96.95,96.2,96.7,845,239785
2026-04-13 12:54:00+05:30,96.7,96.7,92.9,93.45,3900,239785
2026-04-13 12:55:00+05:30,92.5,92.65,89.8,91.45,14365,239785
2026-04-13 12:56:00+05:30,92.05,92.35,86.45,86.45,5785,237185
2026-04-13 12:57:00+05:30,85.4,86.75,80.6,86.35,9360,237185
2026-04-13 12:58:00+05:30,87.7,90.6,87.5,88.3,5720,237185
2026-04-13 12:59:00+05:30,88.15,88.85,87.35,87.35,2210,235495
2026-04-13 13:00:00+05:30,87.75,88.25,85.75,88.25,3575,235495
2026-04-13 13:01:00+05:30,88.1,89.2,88.0,88.75,1170,235495
2026-04-13 13:02:00+05:30,88.45,88.45,84.2,84.2,2210,235365
2026-04-13 13:03:00+05:30,84.0,84.3,80.45,81.15,8190,235365
2026-04-13 13:04:00+05:30,82.4,83.9,82.0,83.0,4095,235365
2026-04-13 13:05:00+05:30,83.15,85.3,83.15,84.8,7995,236795
2026-04-13 13:06:00+05:30,84.75,87.6,84.65,87.6,3055,236795
2026-04-13 13:07:00+05:30,87.45,88.4,87.2,88.2,2340,236795
2026-04-13 13:08:00+05:30,87.85,89.25,87.85,89.2,780,240760
2026-04-13 13:09:00+05:30,88.95,90.2,88.0,88.0,2275,240760
2026-04-13 13:10:00+05:30,87.8,88.2,87.05,87.8,1560,240760
2026-04-13 13:11:00+05:30,87.95,90.05,87.95,90.05,1950,240305
2026-04-13 13:12:00+05:30,90.8,92.55,90.5,92.55,7020,240305
2026-04-13 13:13:00+05:30,92.15,92.4,89.6,89.6,1820,240305
2026-04-13 13:14:00+05:30,88.85,92.1,88.45,91.75,2470,241215
2026-04-13 13:15:00+05:30,91.85,93.95,90.9,91.45,4550,241215
2026-04-13 13:16:00+05:30,92.1,92.1,88.5,88.5,2015,241215
2026-04-13 13:17:00+05:30,88.25,88.75,87.6,88.55,1950,239590
2026-04-13 13:18:00+05:30,87.8,92.05,87.7,91.7,2925,239590
2026-04-13 13:19:00+05:30,92.85,94.0,92.0,94.0,3250,239590
2026-04-13 13:20:00+05:30,94.15,94.5,92.45,93.0,3055,240695
2026-04-13 13:21:00+05:30,93.55,94.5,93.15,93.8,2795,240695
2026-04-13 13:22:00+05:30,94.2,94.35,91.95,92.0,1235,240695
2026-04-13 13:23:00+05:30,91.1,93.45,91.1,92.7,1170,241410
2026-04-13 13:24:00+05:30,92.95,93.95,92.1,93.55,2470,241410
2026-04-13 13:25:00+05:30,93.65,94.45,93.0,93.0,1885,241410
2026-04-13 13:26:00+05:30,92.85,93.0,90.95,91.3,1625,241995
2026-04-13 13:27:00+05:30,91.35,92.05,90.9,91.5,1625,241995
2026-04-13 13:28:00+05:30,91.9,92.85,91.9,92.65,1365,241995
2026-04-13 13:29:00+05:30,92.7,92.7,90.95,90.95,2470,244140
2026-04-13 13:30:00+05:30,92.25,93.1,91.75,92.55,715,244140
2026-04-13 13:31:00+05:30,92.15,93.0,90.95,92.85,4355,244140
2026-04-13 13:32:00+05:30,92.95,94.15,92.15,93.55,975,244790
2026-04-13 13:33:00+05:30,94.0,95.25,91.7,93.15,6500,244790
2026-04-13 13:34:00+05:30,93.5,95.1,93.5,93.55,4225,244790
2026-04-13 13:35:00+05:30,94.2,95.75,93.0,95.25,8125,245830
2026-04-13 13:36:00+05:30,95.8,96.0,93.0,94.9,6565,245830
2026-04-13 13:37:00+05:30,95.0,95.85,94.75,95.5,11505,245830
2026-04-13 13:38:00+05:30,95.75,96.25,94.0,94.2,11830,254670
2026-04-13 13:39:00+05:30,94.0,94.0,91.45,93.45,7735,254670
2026-04-13 13:40:00+05:30,94.15,94.5,93.4,93.9,4550,254670
2026-04-13 13:41:00+05:30,94.05,95.75,91.7,94.45,106535,320320
2026-04-13 13:42:00+05:30,94.05,96.25,92.95,93.2,14365,320320
2026-04-13 13:43:00+05:30,92.7,94.1,92.35,93.6,3185,320320
2026-04-13 13:44:00+05:30,93.9,94.25,92.95,93.8,1885,361010
2026-04-13 13:45:00+05:30,93.6,94.15,91.95,92.3,3510,361010
2026-04-13 13:46:00+05:30,92.7,93.3,91.85,91.85,780,361010
2026-04-13 13:47:00+05:30,92.6,92.8,92.3,92.3,715,361660
2026-04-13 13:48:00+05:30,91.75,93.3,91.75,93.25,1560,361660
2026-04-13 13:49:00+05:30,93.75,94.3,93.0,93.9,3055,361660
2026-04-13 13:50:00+05:30,93.15,94.4,92.7,94.4,4745,361530
2026-04-13 13:51:00+05:30,94.2,96.0,93.25,95.0,3315,361530
2026-04-13 13:52:00+05:30,95.0,100.65,95.0,99.5,70915,361530
2026-04-13 13:53:00+05:30,99.9,100.0,97.0,99.15,57330,293475
2026-04-13 13:54:00+05:30,99.9,101.6,99.3,101.3,38545,293475
2026-04-13 13:55:00+05:30,100.65,105.7,100.0,105.45,23010,293475
2026-04-13 13:56:00+05:30,105.25,107.35,104.3,106.05,13715,277160
2026-04-13 13:57:00+05:30,106.0,108.45,105.45,106.1,13260,277160
2026-04-13 13:58:00+05:30,106.65,109.3,105.4,105.75,7865,277160
2026-04-13 13:59:00+05:30,106.0,107.55,104.45,104.8,67405,269490
2026-04-13 14:00:00+05:30,104.9,107.2,102.05,103.65,27495,269490
2026-04-13 14:01:00+05:30,104.0,105.55,104.0,104.0,6955,269490
2026-04-13 14:02:00+05:30,104.2,105.6,101.45,101.85,6955,238095
2026-04-13 14:03:00+05:30,102.45,102.95,101.0,101.9,4940,238095
2026-04-13 14:04:00+05:30,101.9,103.6,101.8,103.2,5915,238095
2026-04-13 14:05:00+05:30,103.2,103.2,97.1,98.55,12805,237900
2026-04-13 14:06:00+05:30,99.6,99.6,95.35,95.4,5265,237900
2026-04-13 14:07:00+05:30,95.6,97.65,94.15,97.05,5980,237900
2026-04-13 14:08:00+05:30,97.2,98.55,96.7,98.0,4095,241215
2026-04-13 14:09:00+05:30,97.6,97.85,93.0,93.2,3900,241215
2026-04-13 14:10:00+05:30,93.05,93.1,89.3,91.15,8385,241215
2026-04-13 14:11:00+05:30,91.2,91.45,87.15,88.3,8710,241865
2026-04-13 14:12:00+05:30,88.7,90.85,87.55,90.8,4290,241865
2026-04-13 14:13:00+05:30,90.75,91.2,89.6,90.85,2795,241865
2026-04-13 14:14:00+05:30,90.8,92.6,90.8,92.6,1170,243685
2026-04-13 14:15:00+05:30,92.8,94.45,90.0,90.5,5980,243685
2026-04-13 14:16:00+05:30,90.0,92.95,89.55,91.05,7150,243685
2026-04-13 14:17:00+05:30,90.2,92.7,90.2,92.35,1690,245180
2026-04-13 14:18:00+05:30,92.4,94.6,91.55,91.55,2990,245180
2026-04-13 14:19:00+05:30,92.05,93.45,91.55,93.4,2535,245180
2026-04-13 14:20:00+05:30,92.85,94.95,92.85,93.65,4355,246350
2026-04-13 14:21:00+05:30,93.1,94.8,92.75,94.4,2665,246350
2026-04-13 14:22:00+05:30,94.15,96.8,93.55,96.2,6110,246350
2026-04-13 14:23:00+05:30,95.55,95.9,94.7,95.6,10270,244920
2026-04-13 14:24:00+05:30,94.55,95.65,93.9,95.0,3445,244920
2026-04-13 14:25:00+05:30,95.0,97.85,95.0,96.65,3510,244920
2026-04-13 14:26:00+05:30,96.7,98.65,96.0,98.6,8775,244985
2026-04-13 14:27:00+05:30,98.25,99.2,97.6,98.6,3185,244985
2026-04-13 14:28:00+05:30,99.0,99.0,97.5,97.5,2665,244985
2026-04-13 14:29:00+05:30,97.35,98.0,95.6,96.15,3510,244335
2026-04-13 14:30:00+05:30,95.95,99.65,95.55,99.6,8840,244335
2026-04-13 14:31:00+05:30,99.15,99.25,97.4,98.15,2990,244335
2026-04-13 14:32:00+05:30,98.4,99.5,97.7,99.45,2080,242580
2026-04-13 14:33:00+05:30,99.65,101.25,99.05,100.0,7735,242580
2026-04-13 14:34:00+05:30,99.85,100.7,99.05,100.7,3120,242580
2026-04-13 14:35:00+05:30,100.7,102.4,99.0,102.05,4550,246025
2026-04-13 14:36:00+05:30,101.95,101.95,100.0,101.0,4680,246025
2026-04-13 14:37:00+05:30,101.4,101.45,99.95,100.15,2730,246025
2026-04-13 14:38:00+05:30,100.1,102.65,100.0,101.9,7995,246415
2026-04-13 14:39:00+05:30,102.25,102.25,97.4,97.6,4875,246415
2026-04-13 14:40:00+05:30,98.05,99.5,95.7,98.4,5135,246415
2026-04-13 14:41:00+05:30,98.4,99.6,98.4,99.15,2340,247065
2026-04-13 14:42:00+05:30,99.15,99.85,96.0,96.0,4355,247065
2026-04-13 14:43:00+05:30,96.45,96.6,93.7,95.0,8905,247065
2026-04-13 14:44:00+05:30,94.55,98.25,94.3,96.55,6760,247650
2026-04-13 14:45:00+05:30,96.55,98.8,95.8,97.6,9945,247650
2026-04-13 14:46:00+05:30,98.5,99.7,97.4,97.65,9620,247650
2026-04-13 14:47:00+05:30,97.6,99.1,97.15,97.9,1885,248430
2026-04-13 14:48:00+05:30,97.65,101.75,97.5,101.75,5135,248430
2026-04-13 14:49:00+05:30,102.0,102.5,101.2,102.3,9555,248430
2026-04-13 14:50:00+05:30,102.6,103.0,100.4,101.5,5980,246025
2026-04-13 14:51:00+05:30,102.1,103.0,101.7,101.7,4095,246025
2026-04-13 14:52:00+05:30,101.7,103.15,100.5,100.5,4745,246025
2026-04-13 14:53:00+05:30,100.85,103.7,99.3,102.4,12285,242190
2026-04-13 14:54:00+05:30,102.4,103.3,100.1,103.0,5590,242190
2026-04-13 14:55:00+05:30,102.9,104.35,101.5,103.0,10075,242190
2026-04-13 14:56:00+05:30,103.1,103.1,100.9,101.45,2080,240370
2026-04-13 14:57:00+05:30,101.15,101.85,100.8,101.55,3185,240370
2026-04-13 14:58:00+05:30,101.8,103.45,101.25,102.1,5655,240370
2026-04-13 14:59:00+05:30,103.0,103.0,99.0,99.1,7605,239070
2026-04-13 15:00:00+05:30,99.5,99.55,89.2,89.2,29770,239070
2026-04-13 15:01:00+05:30,89.15,91.15,86.8,88.65,21450,239070
2026-04-13 15:02:00+05:30,88.3,94.0,88.05,94.0,22815,225615
2026-04-13 15:03:00+05:30,94.3,96.4,92.95,92.95,18525,225615
2026-04-13 15:04:00+05:30,93.2,94.8,91.15,91.35,19825,225615
2026-04-13 15:05:00+05:30,90.85,93.15,89.05,90.95,12870,235430
2026-04-13 15:06:00+05:30,90.9,93.4,90.9,93.0,4940,235430
2026-04-13 15:07:00+05:30,93.3,93.65,89.75,89.75,31525,235430
2026-04-13 15:08:00+05:30,89.6,91.6,89.4,89.7,9490,226200
2026-04-13 15:09:00+05:30,89.6,89.65,88.6,89.15,6565,226200
2026-04-13 15:10:00+05:30,89.1,90.4,88.45,90.4,18850,226200
2026-04-13 15:11:00+05:30,90.2,90.5,88.7,90.2,11960,239330
2026-04-13 15:12:00+05:30,90.3,91.45,89.6,89.8,8125,239330
2026-04-13 15:13:00+05:30,89.6,90.05,89.05,89.65,8515,239330
2026-04-13 15:14:00+05:30,89.8,91.45,89.4,91.2,8190,242060
2026-04-13 15:15:00+05:30,91.0,91.65,90.45,91.5,10335,242060
2026-04-13 15:16:00+05:30,91.3,91.3,89.0,89.0,5200,242060
2026-04-13 15:17:00+05:30,88.8,89.2,88.0,88.45,11830,238420
2026-04-13 15:18:00+05:30,88.85,89.2,85.8,86.15,10920,238420
2026-04-13 15:19:00+05:30,85.85,86.2,84.1,84.4,23530,238420
2026-04-13 15:20:00+05:30,84.15,84.4,82.35,83.95,10530,253370
2026-04-13 15:21:00+05:30,84.2,84.55,83.85,84.2,14300,253370
2026-04-13 15:22:00+05:30,84.25,84.45,82.55,82.6,8970,253370
2026-04-13 15:23:00+05:30,82.95,83.0,80.7,81.85,21190,261105
2026-04-13 15:24:00+05:30,82.25,84.0,81.95,83.75,10205,261105
2026-04-13 15:25:00+05:30,83.75,84.4,81.7,84.4,25220,261105
2026-04-13 15:26:00+05:30,84.4,84.45,83.6,83.9,6890,261105
2026-04-13 15:27:00+05:30,83.85,85.45,83.65,85.4,11895,273975
2026-04-13 15:28:00+05:30,85.35,86.45,85.05,85.05,12870,273975
2026-04-13 15:29:00+05:30,85.0,85.0,82.1,82.7,36205,273975
2026-04-15 09:15:00+05:30,160.0,210.5,159.9,171.3,625235,459420
2026-04-15 09:16:00+05:30,170.65,172.8,162.9,168.1,360230,459420
2026-04-15 09:17:00+05:30,167.5,171.2,164.5,166.35,223145,459420
2026-04-15 09:18:00+05:30,166.25,172.95,163.3,169.1,180440,459420
2026-04-15 09:19:00+05:30,168.8,169.95,165.5,167.8,137085,665795
2026-04-15 09:20:00+05:30,167.6,170.35,166.3,168.55,152035,665795
2026-04-15 09:21:00+05:30,168.5,169.6,163.0,165.6,165360,665795
2026-04-15 09:22:00+05:30,165.7,169.4,162.7,165.6,150475,769080
2026-04-15 09:23:00+05:30,165.6,168.25,164.25,166.75,96265,769080
2026-04-15 09:24:00+05:30,166.8,167.1,163.0,163.25,72865,769080
2026-04-15 09:25:00+05:30,163.75,165.9,161.4,164.5,116220,810875
2026-04-15 09:26:00+05:30,164.8,165.05,162.1,162.8,68575,810875
2026-04-15 09:27:00+05:30,163.1,163.9,156.35,157.55,214630,810875
2026-04-15 09:28:00+05:30,157.7,160.6,156.3,159.75,91195,843700
2026-04-15 09:29:00+05:30,159.55,160.8,158.1,160.4,96590,843700
2026-04-15 09:30:00+05:30,160.25,161.0,155.85,158.05,134810,843700
2026-04-15 09:31:00+05:30,158.05,159.0,155.7,157.8,88920,886535
2026-04-15 09:32:00+05:30,157.75,159.6,156.1,159.45,62205,886535
2026-04-15 09:33:00+05:30,159.2,160.3,156.4,156.75,63375,886535
2026-04-15 09:34:00+05:30,156.95,157.8,152.8,156.25,188695,901875
2026-04-15 09:35:00+05:30,156.05,158.0,155.4,157.7,58435,901875
2026-04-15 09:36:00+05:30,157.65,160.95,157.65,159.2,96005,901875
2026-04-15 09:37:00+05:30,159.35,160.5,158.0,158.65,47385,949585
2026-04-15 09:38:00+05:30,158.35,158.9,151.25,151.35,128960,949585
2026-04-15 09:39:00+05:30,151.6,155.45,150.9,153.95,107250,949585
2026-04-15 09:40:00+05:30,153.95,159.3,152.9,158.95,144495,996385
2026-04-15 09:41:00+05:30,158.95,161.0,158.0,160.15,134550,996385
2026-04-15 09:42:00+05:30,159.95,163.7,159.95,163.6,168740,996385
2026-04-15 09:43:00+05:30,163.75,168.4,163.15,168.2,199745,1049815
2026-04-15 09:44:00+05:30,168.5,169.7,165.65,166.15,155675,1049815
2026-04-15 09:45:00+05:30,166.35,171.3,166.35,170.85,234130,1049815
2026-04-15 09:46:00+05:30,171.35,172.45,169.15,171.0,186485,1106170
2026-04-15 09:47:00+05:30,171.3,172.0,167.55,169.0,127075,1106170
2026-04-15 09:48:00+05:30,168.65,169.0,160.9,163.25,192530,1106170
2026-04-15 09:49:00+05:30,163.3,164.0,159.25,160.1,93340,1162720
2026-04-15 09:50:00+05:30,159.7,161.25,155.7,157.8,126035,1162720
2026-04-15 09:51:00+05:30,157.9,163.3,157.5,161.55,90025,1162720
2026-04-15 09:52:00+05:30,161.55,167.4,161.45,166.7,113490,1195870
2026-04-15 09:53:00+05:30,166.35,167.35,164.6,166.9,70525,1195870
2026-04-15 09:54:00+05:30,166.9,168.65,164.25,164.25,114400,1195870
2026-04-15 09:55:00+05:30,164.2,170.95,164.2,169.3,109980,1215500
2026-04-15 09:56:00+05:30,169.4,169.65,167.1,168.3,69745,1215500
2026-04-15 09:57:00+05:30,168.4,171.55,166.95,169.5,88595,1215500
2026-04-15 09:58:00+05:30,170.05,170.1,163.35,165.6,85475,1249625
2026-04-15 09:59:00+05:30,165.85,168.8,164.45,168.1,49660,1249625
2026-04-15 10:00:00+05:30,167.65,170.9,167.45,169.0,99840,1249625
2026-04-15 10:01:00+05:30,168.5,172.85,167.4,167.45,165815,1257425
2026-04-15 10:02:00+05:30,167.5,169.1,165.0,167.15,92105,1257425
2026-04-15 10:03:00+05:30,167.15,170.45,167.0,169.95,50050,1257425
2026-04-15 10:04:00+05:30,170.0,172.0,168.7,171.35,99450,1311830
2026-04-15 10:05:00+05:30,171.9,175.0,171.8,173.0,233935,1311830
2026-04-15 10:06:00+05:30,173.45,176.2,172.3,175.4,164515,1311830
2026-04-15 10:07:00+05:30,175.15,179.0,174.85,175.95,191295,1287780
2026-04-15 10:08:00+05:30,176.6,177.1,171.7,173.45,103610,1287780
2026-04-15 10:09:00+05:30,173.45,176.0,172.45,174.5,66820,1287780
2026-04-15 10:10:00+05:30,174.0,178.2,173.45,177.15,101595,1274390
2026-04-15 10:11:00+05:30,177.0,178.2,174.35,176.05,115375,1274390
2026-04-15 10:12:00+05:30,176.3,179.15,175.45,175.65,135720,1274390
2026-04-15 10:13:00+05:30,175.9,176.9,174.2,175.75,80470,1284075
2026-04-15 10:14:00+05:30,175.5,175.9,174.0,175.3,58695,1284075
2026-04-15 10:15:00+05:30,175.5,178.75,175.2,176.75,93990,1284075
2026-04-15 10:16:00+05:30,177.05,178.65,175.8,177.95,71955,1283360
2026-04-15 10:17:00+05:30,177.3,178.8,176.8,177.6,64675,1283360
2026-04-15 10:18:00+05:30,177.6,180.95,176.5,180.45,129610,1283360
2026-04-15 10:19:00+05:30,180.55,185.0,180.15,184.2,205530,1244295
2026-04-15 10:20:00+05:30,184.0,186.65,183.1,186.1,177905,1244295
2026-04-15 10:21:00+05:30,185.6,186.0,180.1,180.8,140790,1184105
2026-04-15 10:22:00+05:30,180.8,183.55,177.8,183.45,141960,1184105
2026-04-15 10:23:00+05:30,183.4,188.4,182.5,186.8,195585,1184105
2026-04-15 10:24:00+05:30,186.7,188.5,183.7,185.0,131820,1184105
2026-04-15 10:25:00+05:30,185.05,185.2,180.75,184.35,138710,1195805
2026-04-15 10:26:00+05:30,183.9,185.9,182.3,183.4,53755,1195805
2026-04-15 10:27:00+05:30,182.85,186.65,182.85,186.1,54665,1195805
2026-04-15 10:28:00+05:30,186.25,186.55,183.1,183.25,54145,1193790
2026-04-15 10:29:00+05:30,183.4,184.6,181.15,183.6,67015,1193790
2026-04-15 10:30:00+05:30,183.95,191.0,183.85,189.25,242645,1193790
2026-04-15 10:31:00+05:30,189.2,189.65,184.35,184.85,96200,1189825
2026-04-15 10:32:00+05:30,184.9,187.5,183.35,186.0,81120,1189825
2026-04-15 10:33:00+05:30,186.0,186.2,183.25,184.65,46930,1189825
2026-04-15 10:34:00+05:30,184.8,186.6,180.0,183.3,95225,1178840
2026-04-15 10:35:00+05:30,183.25,184.0,180.4,181.15,50960,1178840
2026-04-15 10:36:00+05:30,181.15,183.0,176.0,176.35,116870,1178840
2026-04-15 10:37:00+05:30,176.4,181.0,176.35,180.0,81055,1151280
2026-04-15 10:38:00+05:30,179.95,182.0,179.1,179.85,59865,1151280
2026-04-15 10:39:00+05:30,179.75,180.0,175.25,177.1,103870,1151280
2026-04-15 10:40:00+05:30,177.2,180.45,176.55,179.9,72540,1203930
2026-04-15 10:41:00+05:30,179.7,180.95,177.0,177.9,46150,1203930
2026-04-15 10:42:00+05:30,177.8,180.0,177.8,179.9,43875,1203930
2026-04-15 10:43:00+05:30,179.8,179.9,177.1,177.8,47515,1219920
2026-04-15 10:44:00+05:30,177.85,178.15,173.7,176.7,103285,1219920
2026-04-15 10:45:00+05:30,176.25,179.65,175.65,176.6,72670,1219920
2026-04-15 10:46:00+05:30,177.0,178.9,176.4,177.0,35165,1225315
2026-04-15 10:47:00+05:30,177.4,178.2,175.2,177.0,40365,1225315
2026-04-15 10:48:00+05:30,177.25,180.35,175.85,177.8,77285,1225315
2026-04-15 10:49:00+05:30,178.4,179.4,177.0,177.0,33475,1260610
2026-04-15 10:50:00+05:30,177.0,177.5,169.55,170.75,215215,1260610
2026-04-15 10:51:00+05:30,170.8,172.9,168.15,169.7,157170,1260610
2026-04-15 10:52:00+05:30,169.95,170.35,166.55,167.1,108290,1289925
2026-04-15 10:53:00+05:30,167.1,167.2,161.5,162.45,226330,1289925
2026-04-15 10:54:00+05:30,162.9,169.55,162.2,168.0,128440,1289925
2026-04-15 10:55:00+05:30,167.8,171.0,167.55,169.55,130975,1361230
2026-04-15 10:56:00+05:30,169.45,170.0,167.35,168.85,49595,1361230
2026-04-15 10:57:00+05:30,168.9,171.45,168.3,170.95,51155,1361230
2026-04-15 10:58:00+05:30,171.25,171.9,167.9,168.6,83850,1386515
2026-04-15 10:59:00+05:30,168.65,169.35,166.5,166.5,49530,1386515
2026-04-15 11:00:00+05:30,166.8,166.95,162.55,163.8,151060,1386515
2026-04-15 11:01:00+05:30,163.7,166.8,163.0,165.25,65585,1382160
2026-04-15 11:02:00+05:30,165.4,167.75,165.2,166.45,55380,1382160
2026-04-15 11:03:00+05:30,166.35,166.35,164.0,166.0,50635,1382160
2026-04-15 11:04:00+05:30,165.25,166.9,164.7,165.8,31265,1395355
2026-04-15 11:05:00+05:30,165.75,166.45,163.35,163.9,39325,1395355
2026-04-15 11:06:00+05:30,163.65,163.65,161.1,162.2,88205,1395355
2026-04-15 11:07:00+05:30,162.6,162.6,158.1,159.5,126620,1387685
2026-04-15 11:08:00+05:30,159.5,162.0,159.5,161.0,50440,1387685
2026-04-15 11:09:00+05:30,160.85,161.55,158.1,159.5,62140,1387685
2026-04-15 11:10:00+05:30,158.95,159.9,153.35,155.7,130585,1415635
2026-04-15 11:11:00+05:30,155.45,158.05,154.6,157.5,94640,1415635
2026-04-15 11:12:00+05:30,157.6,159.2,155.6,156.55,83655,1415635
2026-04-15 11:13:00+05:30,156.3,158.0,155.5,157.5,62790,1427790
2026-04-15 11:14:00+05:30,157.7,159.2,156.85,157.0,69030,1427790
2026-04-15 11:15:00+05:30,157.05,159.0,153.6,158.65,137345,1465165
2026-04-15 11:16:00+05:30,158.95,159.7,157.2,158.65,88270,1465165
2026-04-15 11:17:00+05:30,158.9,161.5,158.75,160.4,113555,1465165
2026-04-15 11:18:00+05:30,160.5,163.0,159.65,159.65,126880,1465165
2026-04-15 11:19:00+05:30,159.95,160.4,156.1,158.25,82745,1497600
2026-04-15 11:20:00+05:30,158.0,161.75,157.6,160.85,56745,1497600
2026-04-15 11:21:00+05:30,161.4,162.0,160.2,161.7,52065,1497600
2026-04-15 11:22:00+05:30,161.7,163.8,161.5,162.3,99515,1524835
2026-04-15 11:23:00+05:30,162.15,163.4,160.3,160.4,51610,1524835
2026-04-15 11:24:00+05:30,160.45,163.15,160.0,162.95,39000,1524835
2026-04-15 11:25:00+05:30,162.95,162.95,160.1,160.95,40040,1515475
2026-04-15 11:26:00+05:30,160.85,161.85,157.7,157.9,62075,1515475
2026-04-15 11:27:00+05:30,157.75,162.2,157.7,162.1,61815,1515475
2026-04-15 11:28:00+05:30,162.0,162.25,158.8,160.5,32630,1491165
2026-04-15 11:29:00+05:30,160.6,162.0,159.7,160.1,36465,1491165
2026-04-15 11:30:00+05:30,160.4,162.7,160.0,160.8,48750,1491165
2026-04-15 11:31:00+05:30,161.25,161.85,160.05,161.0,24570,1536405
2026-04-15 11:32:00+05:30,161.0,161.4,159.25,160.25,31395,1536405
2026-04-15 11:33:00+05:30,160.15,160.7,159.2,159.25,22295,1536405
2026-04-15 11:34:00+05:30,159.35,160.8,159.0,159.5,22685,1565525
2026-04-15 11:35:00+05:30,159.4,162.65,159.35,162.1,57330,1565525
2026-04-15 11:36:00+05:30,162.1,162.9,160.95,162.65,45695,1565525
2026-04-15 11:37:00+05:30,162.55,163.6,162.3,162.55,78325,1582555
2026-04-15 11:38:00+05:30,162.5,163.25,162.4,162.55,38545,1582555
2026-04-15 11:39:00+05:30,162.3,163.2,161.6,163.2,30485,1582555
2026-04-15 11:40:00+05:30,162.85,163.9,160.75,162.5,52585,1611935
2026-04-15 11:41:00+05:30,162.9,165.65,162.7,164.8,96460,1611935
2026-04-15 11:42:00+05:30,165.0,166.0,163.7,166.0,59345,1611935
2026-04-15 11:43:00+05:30,165.9,167.2,165.65,167.15,101920,1610700
2026-04-15 11:44:00+05:30,167.0,168.0,165.05,167.65,76505,1610700
2026-04-15 11:45:00+05:30,167.8,168.6,164.5,166.0,96980,1610700
2026-04-15 11:46:00+05:30,166.0,166.9,165.05,165.65,33345,1644565
2026-04-15 11:47:00+05:30,165.65,167.6,164.45,167.4,61360,1644565
2026-04-15 11:48:00+05:30,167.25,171.4,167.0,171.0,128245,1644565
2026-04-15 11:49:00+05:30,171.0,172.5,170.1,171.7,121355,1610245
2026-04-15 11:50:00+05:30,171.9,172.3,170.1,170.8,99125,1610245
2026-04-15 11:51:00+05:30,170.85,173.5,170.45,172.0,103545,1610245
2026-04-15 11:52:00+05:30,171.75,172.1,170.0,170.0,66495,1637545
2026-04-15 11:53:00+05:30,170.0,170.25,168.25,169.3,74555,1637545
2026-04-15 11:54:00+05:30,169.0,172.0,168.95,171.3,65780,1637545
2026-04-15 11:55:00+05:30,171.0,171.55,169.2,170.85,49660,1638130
2026-04-15 11:56:00+05:30,170.5,171.85,169.6,170.4,46280,1638130
2026-04-15 11:57:00+05:30,170.1,171.0,168.0,168.35,45110,1638130
2026-04-15 11:58:00+05:30,168.0,169.75,167.2,167.7,41080,1619150
2026-04-15 11:59:00+05:30,167.7,169.35,167.05,168.9,25545,1619150
2026-04-15 12:00:00+05:30,169.3,172.3,168.8,171.65,83395,1619150
2026-04-15 12:01:00+05:30,172.05,172.2,169.1,169.95,54470,1615445
2026-04-15 12:02:00+05:30,170.05,171.0,168.5,170.5,33410,1615445
2026-04-15 12:03:00+05:30,170.45,171.5,169.25,170.7,33215,1615445
2026-04-15 12:04:00+05:30,170.65,173.6,170.2,172.2,82485,1621230
2026-04-15 12:05:00+05:30,172.5,172.6,170.0,170.2,56225,1621230
2026-04-15 12:06:00+05:30,170.0,172.5,169.75,171.6,43290,1621230
2026-04-15 12:07:00+05:30,171.5,171.9,170.95,171.4,23790,1610180
2026-04-15 12:08:00+05:30,171.4,172.3,170.65,172.0,31265,1610180
2026-04-15 12:09:00+05:30,171.75,172.75,171.25,171.4,30420,1610180
2026-04-15 12:10:00+05:30,172.0,173.5,171.5,173.1,56160,1575795
2026-04-15 12:11:00+05:30,173.1,173.5,172.15,172.8,36530,1575795
2026-04-15 12:12:00+05:30,172.55,173.6,171.6,172.85,50180,1575795
2026-04-15 12:13:00+05:30,172.9,173.1,170.4,171.2,40040,1568190
2026-04-15 12:14:00+05:30,170.9,172.5,170.5,171.55,20280,1568190
2026-04-15 12:15:00+05:30,171.6,172.5,171.05,172.15,33995,1568190
2026-04-15 12:16:00+05:30,172.45,173.45,172.1,173.2,29640,1557660
2026-04-15 12:17:00+05:30,172.95,173.3,166.05,168.5,114140,1557660
2026-04-15 12:18:00+05:30,168.55,168.8,165.6,168.5,75790,1557660
2026-04-15 12:19:00+05:30,168.9,170.0,166.75,168.25,42835,1517815
2026-04-15 12:20:00+05:30,168.25,169.25,166.5,166.55,30940,1517815
2026-04-15 12:21:00+05:30,166.75,167.15,159.05,162.2,168480,1517815
2026-04-15 12:22:00+05:30,162.4,162.5,158.0,161.45,82745,1486095
2026-04-15 12:23:00+05:30,161.75,164.0,161.5,163.9,82095,1486095
2026-04-15 12:24:00+05:30,163.75,167.65,163.45,165.85,89960,1486095
2026-04-15 12:25:00+05:30,165.7,167.5,164.6,165.8,67210,1531140
2026-04-15 12:26:00+05:30,165.6,167.25,164.35,166.8,50115,1531140
2026-04-15 12:27:00+05:30,166.9,170.25,166.8,168.05,110045,1531140
2026-04-15 12:28:00+05:30,168.0,168.0,164.2,166.45,57135,1543100
2026-04-15 12:29:00+05:30,166.4,166.5,163.2,164.45,50700,1543100
2026-04-15 12:30:00+05:30,164.15,165.0,161.85,162.95,50895,1543100
2026-04-15 12:31:00+05:30,163.05,164.75,160.55,162.0,54405,1545895
2026-04-15 12:32:00+05:30,162.2,163.9,160.8,161.85,33605,1545895
2026-04-15 12:33:00+05:30,162.1,163.3,161.4,161.8,20930,1545895
2026-04-15 12:34:00+05:30,161.75,164.5,161.0,163.75,33800,1545505
2026-04-15 12:35:00+05:30,164.0,166.5,162.95,166.3,50440,1545505
2026-04-15 12:36:00+05:30,166.3,168.0,165.3,167.8,61360,1545505
2026-04-15 12:37:00+05:30,167.7,168.1,166.65,167.5,41860,1566825
2026-04-15 12:38:00+05:30,167.8,170.5,167.0,170.25,62335,1566825
2026-04-15 12:39:00+05:30,169.85,170.8,167.1,168.65,74750,1566825
2026-04-15 12:40:00+05:30,168.55,169.0,166.7,168.4,33540,1572935
2026-04-15 12:41:00+05:30,168.2,169.95,166.8,167.55,36140,1572935
2026-04-15 12:42:00+05:30,168.1,168.5,164.5,165.1,45370,1572935
2026-04-15 12:43:00+05:30,165.0,167.8,164.45,167.8,37635,1572935
2026-04-15 12:44:00+05:30,167.8,168.25,165.8,166.0,33215,1572220
2026-04-15 12:45:00+05:30,166.8,168.75,165.5,168.65,43680,1572220
2026-04-15 12:46:00+05:30,168.55,168.75,164.35,165.9,43095,1572220
2026-04-15 12:47:00+05:30,165.75,166.0,160.7,161.5,69680,1578850
2026-04-15 12:48:00+05:30,161.5,161.8,159.0,159.35,78455,1578850
2026-04-15 12:49:00+05:30,159.45,161.5,159.15,161.2,52975,1578850
2026-04-15 12:50:00+05:30,161.3,162.0,160.65,161.75,54535,1581320
2026-04-15 12:51:00+05:30,161.7,166.75,161.7,165.35,75400,1581320
2026-04-15 12:52:00+05:30,165.5,165.65,160.5,160.75,42445,1581320
2026-04-15 12:53:00+05:30,160.75,161.15,155.2,157.6,134160,1600560
2026-04-15 12:54:00+05:30,157.25,158.8,156.2,158.8,79690,1600560
2026-04-15 12:55:00+05:30,158.6,159.55,157.55,158.2,49725,1600560
2026-04-15 12:56:00+05:30,158.65,160.75,157.65,160.75,30160,1632475
2026-04-15 12:57:00+05:30,160.45,161.0,159.05,159.2,37115,1632475
2026-04-15 12:58:00+05:30,159.05,159.05,156.7,157.4,50115,1632475
2026-04-15 12:59:00+05:30,157.6,158.3,156.0,156.0,36725,1645865
2026-04-15 13:00:00+05:30,156.0,156.55,154.0,154.3,89375,1645865
2026-04-15 13:01:00+05:30,154.0,158.95,154.0,158.2,63180,1645865
2026-04-15 13:02:00+05:30,158.3,160.0,157.7,159.3,73060,1631175
2026-04-15 13:03:00+05:30,159.75,160.75,158.4,159.25,59930,1631175
2026-04-15 13:04:00+05:30,159.45,159.55,157.2,157.7,23270,1631175
2026-04-15 13:05:00+05:30,158.0,159.0,157.1,157.3,25090,1601795
2026-04-15 13:06:00+05:30,157.1,158.85,156.9,157.7,22425,1601795
2026-04-15 13:07:00+05:30,158.0,158.95,155.15,156.05,35360,1601795
2026-04-15 13:08:00+05:30,155.8,158.3,155.35,157.95,24830,1598870
2026-04-15 13:09:00+05:30,158.0,160.4,158.0,160.25,59085,1598870
2026-04-15 13:10:00+05:30,160.35,161.0,159.8,160.35,51870,1598870
2026-04-15 13:11:00+05:30,160.85,161.8,159.45,161.75,57720,1577290
2026-04-15 13:12:00+05:30,161.2,165.0,160.65,163.5,86515,1577290
2026-04-15 13:13:00+05:30,163.7,165.0,161.25,163.5,57980,1577290
2026-04-15 13:14:00+05:30,163.7,164.3,162.3,163.3,36140,1574950
2026-04-15 13:15:00+05:30,163.6,163.8,160.1,161.75,44525,1574950
2026-04-15 13:16:00+05:30,161.65,163.9,160.2,162.8,46865,1574950
2026-04-15 13:17:00+05:30,163.1,163.9,161.65,163.35,33605,1578590
2026-04-15 13:18:00+05:30,163.45,164.4,162.7,163.65,33930,1578590
2026-04-15 13:19:00+05:30,163.8,166.2,163.0,166.0,104845,1578590
2026-04-15 13:20:00+05:30,165.75,167.55,165.65,166.8,91390,1576380
2026-04-15 13:21:00+05:30,167.15,167.15,163.4,163.6,81185,1576380
2026-04-15 13:22:00+05:30,163.65,164.25,158.8,161.85,109005,1576380
2026-04-15 13:23:00+05:30,161.5,162.7,157.0,157.5,85345,1520675
2026-04-15 13:24:00+05:30,157.4,157.65,145.75,150.2,407225,1520675
2026-04-15 13:25:00+05:30,150.1,153.1,149.6,151.9,100425,1520675
2026-04-15 13:26:00+05:30,151.95,152.85,149.4,152.5,60125,1550185
2026-04-15 13:27:00+05:30,152.5,154.5,151.75,152.75,72085,1550185
2026-04-15 13:28:00+05:30,153.0,154.0,150.65,151.2,71500,1550185
2026-04-15 13:29:00+05:30,151.2,152.8,150.7,151.5,39000,1554345
2026-04-15 13:30:00+05:30,151.8,152.0,149.25,150.75,79690,1554345
2026-04-15 13:31:00+05:30,150.95,154.0,150.9,153.5,75075,1554345
2026-04-15 13:32:00+05:30,153.4,158.85,153.0,158.1,147615,1555450
2026-04-15 13:33:00+05:30,158.5,161.1,158.2,160.45,129285,1555450
2026-04-15 13:34:00+05:30,160.65,161.4,156.4,156.75,69940,1555450
2026-04-15 13:35:00+05:30,156.55,161.9,155.2,161.45,83980,1522950
2026-04-15 13:36:00+05:30,161.25,161.85,159.6,160.05,98410,1522950
2026-04-15 13:37:00+05:30,159.75,160.2,157.5,157.5,46800,1522950
2026-04-15 13:38:00+05:30,157.6,158.0,155.75,156.4,37115,1542775
2026-04-15 13:39:00+05:30,156.0,156.0,148.25,150.45,170950,1542775
2026-04-15 13:40:00+05:30,150.4,153.3,149.45,153.2,64415,1542775
2026-04-15 13:41:00+05:30,152.85,155.05,152.4,154.6,51090,1517945
2026-04-15 13:42:00+05:30,154.65,157.05,154.55,156.2,60645,1517945
2026-04-15 13:43:00+05:30,156.65,157.15,155.25,156.35,33020,1517945
2026-04-15 13:44:00+05:30,156.4,158.35,156.25,157.45,42640,1518205
2026-04-15 13:45:00+05:30,157.35,159.75,156.0,158.8,77740,1518205
2026-04-15 13:46:00+05:30,158.75,159.5,156.35,156.85,56940,1518205
2026-04-15 13:47:00+05:30,156.75,157.75,155.4,156.05,43810,1536730
2026-04-15 13:48:00+05:30,156.3,157.5,154.8,155.75,28795,1536730
2026-04-15 13:49:00+05:30,155.6,157.45,153.75,157.0,40300,1536730
2026-04-15 13:50:00+05:30,157.5,158.0,156.3,157.35,23660,1535885
2026-04-15 13:51:00+05:30,157.75,158.5,156.45,157.25,28795,1535885
2026-04-15 13:52:00+05:30,157.05,157.2,154.05,155.4,45695,1535885
2026-04-15 13:53:00+05:30,155.75,156.0,153.65,156.0,28470,1530620
2026-04-15 13:54:00+05:30,156.1,157.15,154.4,155.0,21645,1530620
2026-04-15 13:55:00+05:30,155.05,157.95,154.95,157.7,29900,1530620
2026-04-15 13:56:00+05:30,157.7,160.85,157.6,160.35,80275,1527110
2026-04-15 13:57:00+05:30,160.2,160.85,159.15,159.45,48750,1527110
2026-04-15 13:58:00+05:30,159.35,161.7,159.0,160.1,65260,1527110
2026-04-15 13:59:00+05:30,159.95,162.65,159.0,161.8,68315,1531010
2026-04-15 14:00:00+05:30,162.1,163.5,161.2,162.35,73190,1531010
2026-04-15 14:01:00+05:30,162.35,163.5,161.55,162.7,62010,1531010
2026-04-15 14:02:00+05:30,162.7,164.0,162.45,162.85,40690,1532570
2026-04-15 14:03:00+05:30,162.8,165.9,161.6,165.2,86840,1532570
2026-04-15 14:04:00+05:30,165.6,166.3,162.05,164.6,79690,1532570
2026-04-15 14:05:00+05:30,165.0,165.35,163.2,163.8,48360,1520090
2026-04-15 14:06:00+05:30,163.5,165.5,163.05,164.35,31785,1520090
2026-04-15 14:07:00+05:30,164.5,166.0,164.0,164.3,58435,1520090
2026-04-15 14:08:00+05:30,164.4,164.8,162.0,163.0,47255,1512810
2026-04-15 14:09:00+05:30,163.2,163.85,161.7,163.05,42250,1512810
2026-04-15 14:10:00+05:30,162.75,162.75,159.55,160.6,77675,1512810
2026-04-15 14:11:00+05:30,160.85,162.6,158.0,161.75,61620,1491555
2026-04-15 14:12:00+05:30,162.2,167.5,161.9,166.7,156910,1491555
2026-04-15 14:13:00+05:30,166.6,166.85,163.0,163.8,74685,1491555
2026-04-15 14:14:00+05:30,163.1,163.15,160.5,162.4,56290,1487590
2026-04-15 14:15:00+05:30,162.05,162.35,159.05,160.0,51090,1487590
2026-04-15 14:16:00+05:30,159.7,161.9,159.1,161.5,21125,1487590
2026-04-15 14:17:00+05:30,161.3,163.95,161.15,162.4,37310,1488240
2026-04-15 14:18:00+05:30,162.45,162.75,159.25,160.5,33215,1488240
2026-04-15 14:19:00+05:30,160.15,162.9,160.0,162.45,15080,1488240
2026-04-15 14:20:00+05:30,162.45,163.95,161.3,163.15,45240,1506765
2026-04-15 14:21:00+05:30,162.85,166.0,162.85,165.4,57850,1506765
2026-04-15 14:22:00+05:30,165.45,166.5,163.35,163.65,75855,1506765
2026-04-15 14:23:00+05:30,164.1,164.35,160.85,161.85,72865,1510990
2026-04-15 14:24:00+05:30,162.35,163.35,160.7,161.2,36725,1510990
2026-04-15 14:25:00+05:30,160.9,164.2,160.5,163.7,42705,1510990
2026-04-15 14:26:00+05:30,163.4,164.7,162.9,163.5,40430,1492725
2026-04-15 14:27:00+05:30,163.9,165.65,163.0,163.0,48685,1492725
2026-04-15 14:28:00+05:30,163.0,163.6,162.0,163.6,24310,1492725
2026-04-15 14:29:00+05:30,163.5,164.75,162.5,164.15,27365,1488435
2026-04-15 14:30:00+05:30,164.25,166.85,164.05,165.55,102375,1488435
2026-04-15 14:31:00+05:30,165.0,166.6,164.25,165.5,58175,1488435
2026-04-15 14:32:00+05:30,165.5,166.0,159.55,162.05,100555,1460550
2026-04-15 14:33:00+05:30,162.7,163.4,160.8,161.9,33280,1460550
2026-04-15 14:34:00+05:30,162.15,163.65,161.85,163.2,34515,1460550
2026-04-15 14:35:00+05:30,162.9,163.15,160.0,162.1,36335,1465750
2026-04-15 14:36:00+05:30,162.45,162.5,160.0,160.85,30225,1465750
2026-04-15 14:37:00+05:30,160.4,161.4,156.45,158.15,122980,1465750
2026-04-15 14:38:00+05:30,158.65,158.75,154.7,154.8,84695,1465035
2026-04-15 14:39:00+05:30,154.8,158.1,154.4,158.1,67405,1465035
2026-04-15 14:40:00+05:30,158.15,159.35,157.15,158.6,48750,1465035
2026-04-15 14:41:00+05:30,158.95,159.6,157.0,158.9,48100,1476865
2026-04-15 14:42:00+05:30,158.95,161.85,158.05,161.75,56160,1476865
2026-04-15 14:43:00+05:30,161.35,163.1,160.65,162.1,63830,1476865
2026-04-15 14:44:00+05:30,162.0,163.5,160.8,163.45,95810,1473745
2026-04-15 14:45:00+05:30,163.4,166.5,163.2,163.8,136370,1473745
2026-04-15 14:46:00+05:30,164.0,164.25,162.8,163.75,33215,1473745
2026-04-15 14:47:00+05:30,163.6,166.95,162.65,165.5,56485,1402050
2026-04-15 14:48:00+05:30,165.75,166.4,163.9,164.7,31395,1402050
2026-04-15 14:49:00+05:30,164.65,168.0,164.65,168.0,78000,1402050
2026-04-15 14:50:00+05:30,167.65,168.2,165.0,166.7,84175,1365910
2026-04-15 14:51:00+05:30,167.0,175.0,166.45,174.65,279305,1365910
2026-04-15 14:52:00+05:30,174.5,176.75,172.75,175.25,233415,1365910
2026-04-15 14:53:00+05:30,175.25,175.9,170.2,170.8,190710,1304940
2026-04-15 14:54:00+05:30,171.15,173.4,169.4,172.5,136110,1304940
2026-04-15 14:55:00+05:30,172.25,172.8,170.45,172.5,53820,1304940
2026-04-15 14:56:00+05:30,172.3,172.85,168.6,172.6,119535,1303835
2026-04-15 14:57:00+05:30,172.3,173.75,171.0,172.85,96330,1303835
2026-04-15 14:58:00+05:30,173.0,173.8,171.8,173.8,56745,1303835
2026-04-15 14:59:00+05:30,173.7,175.0,171.85,172.35,118690,1305980
2026-04-15 15:00:00+05:30,174.0,174.75,160.1,162.65,315900,1305980
2026-04-15 15:01:00+05:30,163.0,164.25,160.0,162.75,119145,1305980
2026-04-15 15:02:00+05:30,162.95,164.55,160.7,162.7,101140,1243515
2026-04-15 15:03:00+05:30,162.55,165.0,162.55,164.3,53690,1243515
2026-04-15 15:04:00+05:30,164.35,165.35,163.0,165.15,46020,1243515
2026-04-15 15:05:00+05:30,165.4,166.0,162.25,162.25,65000,1245595
2026-04-15 15:06:00+05:30,162.15,163.8,161.5,162.2,64285,1245595
2026-04-15 15:07:00+05:30,161.9,161.95,155.05,157.8,181025,1245595
2026-04-15 15:08:00+05:30,157.85,159.35,154.4,157.05,95095,1211535
2026-04-15 15:09:00+05:30,157.65,160.25,157.45,159.2,81120,1211535
2026-04-15 15:10:00+05:30,159.15,161.15,157.65,160.5,58175,1211535
2026-04-15 15:11:00+05:30,160.05,160.05,158.0,158.5,37830,1205945
2026-04-15 15:12:00+05:30,158.65,160.2,156.85,158.3,53950,1205945
2026-04-15 15:13:00+05:30,158.35,159.6,158.0,158.75,37440,1205945
2026-04-15 15:14:00+05:30,158.65,160.65,158.25,159.05,157170,1132885
2026-04-15 15:15:00+05:30,159.1,160.7,157.05,159.9,218985,1132885
2026-04-15 15:16:00+05:30,159.8,160.2,158.6,159.5,57850,1132885
2026-04-15 15:17:00+05:30,159.7,160.8,159.2,160.2,69030,1092910
2026-04-15 15:18:00+05:30,160.3,160.8,159.65,160.25,55900,1092910
2026-04-15 15:19:00+05:30,160.25,160.5,157.7,158.45,94315,1092910
2026-04-15 15:20:00+05:30,158.45,160.4,158.3,159.75,92235,1061645
2026-04-15 15:21:00+05:30,159.8,160.5,159.2,160.0,63310,1061645
2026-04-15 15:22:00+05:30,160.05,160.3,158.0,160.0,87750,1061645
2026-04-15 15:23:00+05:30,159.95,160.3,158.5,159.75,61815,1014390
2026-04-15 15:24:00+05:30,159.75,160.0,158.8,160.0,55185,1014390
2026-04-15 15:25:00+05:30,160.2,161.55,159.8,160.7,120770,1014390
2026-04-15 15:26:00+05:30,160.65,160.8,157.85,158.65,51805,920855
2026-04-15 15:27:00+05:30,158.65,158.65,156.5,156.75,65195,920855
2026-04-15 15:28:00+05:30,156.95,157.2,153.85,155.45,116740,920855
2026-04-15 15:29:00+05:30,155.4,155.4,152.55,152.85,149240,845780
2026-04-16 09:15:00+05:30,186.0,200.5,158.55,189.45,1196000,1284335
2026-04-16 09:16:00+05:30,190.1,196.65,183.4,188.95,907595,1284335
2026-04-16 09:17:00+05:30,188.5,197.25,188.3,196.35,775450,1901120
2026-04-16 09:18:00+05:30,195.65,196.5,188.4,193.8,832910,1901120
2026-04-16 09:19:00+05:30,193.95,203.35,193.6,203.1,1086020,1901120
2026-04-16 09:20:00+05:30,203.05,207.85,200.7,205.05,821275,1901120
2026-04-16 09:21:00+05:30,205.0,206.0,201.55,203.3,403715,2135445
2026-04-16 09:22:00+05:30,203.4,207.1,200.1,205.15,462410,2135445
2026-04-16 09:23:00+05:30,204.8,205.3,198.6,199.7,463905,2135445
2026-04-16 09:24:00+05:30,199.6,201.65,192.55,200.4,549835,2493465
2026-04-16 09:25:00+05:30,200.4,209.0,199.8,205.7,986895,2493465
2026-04-16 09:26:00+05:30,205.7,207.0,201.0,204.05,445965,2493465
2026-04-16 09:27:00+05:30,203.85,208.4,200.75,200.95,396370,2910700
2026-04-16 09:28:00+05:30,200.85,206.1,197.65,205.9,386945,2910700
2026-04-16 09:29:00+05:30,205.45,207.6,201.4,203.3,248885,2910700
2026-04-16 09:30:00+05:30,203.35,207.0,201.6,203.05,204685,3035695
2026-04-16 09:31:00+05:30,202.75,203.35,197.0,197.9,323245,3035695
2026-04-16 09:32:00+05:30,197.9,198.3,190.05,190.55,463970,3035695
2026-04-16 09:33:00+05:30,190.35,192.7,188.1,191.05,667225,3258775
2026-04-16 09:34:00+05:30,191.05,191.1,185.8,189.45,389155,3258775
2026-04-16 09:35:00+05:30,189.1,190.1,183.7,186.9,357955,3258775
2026-04-16 09:36:00+05:30,186.2,191.0,185.85,187.55,407680,3258775
2026-04-16 09:37:00+05:30,187.0,187.4,178.9,180.1,706680,3532360
2026-04-16 09:38:00+05:30,180.15,180.35,165.75,168.4,1009515,3532360
2026-04-16 09:39:00+05:30,168.95,177.7,166.45,176.0,795340,3532360
2026-04-16 09:40:00+05:30,176.5,177.0,168.05,169.15,632190,3773510
2026-04-16 09:41:00+05:30,168.85,170.3,166.1,167.75,371150,3773510
2026-04-16 09:42:00+05:30,167.85,172.0,165.55,167.85,466765,3773510
2026-04-16 09:43:00+05:30,168.2,170.2,166.05,168.7,260260,4118725
2026-04-16 09:44:00+05:30,168.95,169.3,165.0,165.45,241800,4118725
2026-04-16 09:45:00+05:30,165.6,168.0,163.05,167.7,525200,4118725
2026-04-16 09:46:00+05:30,167.65,175.4,167.25,174.35,898690,4287465
2026-04-16 09:47:00+05:30,174.45,176.0,171.25,172.3,438555,4287465
2026-04-16 09:48:00+05:30,172.3,175.45,171.45,173.8,354380,4572490
2026-04-16 09:49:00+05:30,174.1,175.2,171.2,174.75,271895,4572490
2026-04-16 09:50:00+05:30,174.4,178.2,173.6,176.35,495560,4572490
2026-04-16 09:51:00+05:30,176.2,176.8,170.6,175.55,438750,4572490
2026-04-16 09:52:00+05:30,175.35,178.4,174.05,174.6,387920,4678180
2026-04-16 09:53:00+05:30,174.2,175.0,166.4,167.0,430235,4678180
2026-04-16 09:54:00+05:30,166.95,170.8,164.45,168.75,386555,4678180
2026-04-16 09:55:00+05:30,169.1,169.45,165.6,166.65,208520,4832230
2026-04-16 09:56:00+05:30,166.65,167.7,160.05,162.95,477945,4832230
2026-04-16 09:57:00+05:30,162.7,162.9,156.7,157.95,750100,4808960
2026-04-16 09:58:00+05:30,157.9,160.0,155.5,158.0,338390,4808960
2026-04-16 09:59:00+05:30,158.2,159.0,154.1,154.95,274300,4808960
2026-04-16 10:00:00+05:30,155.0,156.75,153.45,155.0,244465,4808960
2026-04-16 10:01:00+05:30,154.75,161.15,154.0,160.7,288925,5011175
2026-04-16 10:02:00+05:30,160.8,162.4,159.85,160.4,353275,5011175
2026-04-16 10:03:00+05:30,160.4,161.35,157.65,160.2,166335,5011175
2026-04-16 10:04:00+05:30,159.95,165.5,159.15,164.35,325390,4952870
2026-04-16 10:05:00+05:30,164.0,165.0,162.4,164.1,252850,4952870
2026-04-16 10:06:00+05:30,164.05,164.6,158.85,159.7,185445,4952870
2026-04-16 10:07:00+05:30,159.7,165.0,159.15,165.0,169715,4906850
2026-04-16 10:08:00+05:30,165.0,167.75,164.05,167.5,397800,4906850
2026-04-16 10:09:00+05:30,167.45,168.5,165.15,167.65,266565,4906850
2026-04-16 10:10:00+05:30,167.3,171.6,166.75,170.65,496210,5045105
2026-04-16 10:11:00+05:30,170.45,171.25,168.0,169.85,262145,5045105
2026-04-16 10:12:00+05:30,169.65,169.9,163.25,165.55,357630,5045105
2026-04-16 10:13:00+05:30,165.15,169.9,165.0,167.7,183950,4877860
2026-04-16 10:14:00+05:30,167.8,168.6,166.35,167.8,118495,4877860
2026-04-16 10:15:00+05:30,167.0,168.1,161.55,163.7,328445,4938765
2026-04-16 10:16:00+05:30,163.35,167.3,161.5,166.8,230620,4938765
2026-04-16 10:17:00+05:30,166.8,168.0,163.6,165.45,156650,4938765
2026-04-16 10:18:00+05:30,165.25,170.5,165.25,169.8,261495,4938765
2026-04-16 10:19:00+05:30,170.35,171.4,164.5,166.0,355550,5017415
2026-04-16 10:20:00+05:30,165.9,166.7,163.6,166.6,153985,5017415
2026-04-16 10:21:00+05:30,166.4,166.8,160.7,162.05,195585,5017415
2026-04-16 10:22:00+05:30,162.05,164.95,161.3,164.45,99255,4908280
2026-04-16 10:23:00+05:30,164.5,166.0,162.8,164.95,95355,4908280
2026-04-16 10:24:00+05:30,165.0,165.85,162.35,163.0,85735,4908280
2026-04-16 10:25:00+05:30,162.75,166.8,162.0,166.05,133770,4932785
2026-04-16 10:26:00+05:30,166.45,167.95,165.8,166.45,157170,4932785
2026-04-16 10:27:00+05:30,166.8,168.85,159.85,160.4,297115,4872400
2026-04-16 10:28:00+05:30,160.0,162.0,156.85,161.5,298285,4872400
2026-04-16 10:29:00+05:30,161.9,164.9,159.7,161.95,152685,4872400
2026-04-16 10:30:00+05:30,161.65,166.5,161.4,164.35,176800,4872400
2026-04-16 10:31:00+05:30,164.05,167.95,163.25,166.9,178750,4878835
2026-04-16 10:32:00+05:30,167.35,168.0,162.8,163.25,163345,4878835
2026-04-16 10:33:00+05:30,163.55,166.45,162.3,165.85,110175,4915950
2026-04-16 10:34:00+05:30,165.7,167.0,163.3,166.9,139490,4915950
2026-04-16 10:35:00+05:30,166.7,168.7,165.55,167.3,170170,4915950
2026-04-16 10:36:00+05:30,167.05,170.7,166.45,168.0,243750,4915950
2026-04-16 10:37:00+05:30,168.6,169.75,166.0,169.0,140400,4849780
2026-04-16 10:38:00+05:30,169.2,169.45,163.9,164.1,154050,4849780
2026-04-16 10:39:00+05:30,164.0,164.1,158.05,160.25,327600,4849780
2026-04-16 10:40:00+05:30,160.4,161.5,158.8,159.75,146185,4866030
2026-04-16 10:41:00+05:30,159.65,164.4,159.65,163.25,144690,4866030
2026-04-16 10:42:00+05:30,163.0,166.2,162.35,164.7,181025,4866030
2026-04-16 10:43:00+05:30,165.15,166.0,163.15,165.5,104650,4851210
2026-04-16 10:44:00+05:30,165.6,166.4,163.55,163.8,66495,4851210
2026-04-16 10:45:00+05:30,163.95,167.4,163.4,165.35,141765,4851210
2026-04-16 10:46:00+05:30,166.0,168.45,164.7,167.3,106730,4833010
2026-04-16 10:47:00+05:30,167.0,168.1,165.85,167.1,107055,4833010
2026-04-16 10:48:00+05:30,167.35,169.3,166.2,166.55,164255,4833010
2026-04-16 10:49:00+05:30,166.2,167.35,165.0,167.3,141245,4785105
2026-04-16 10:50:00+05:30,167.15,167.3,165.05,166.65,66300,4785105
2026-04-16 10:51:00+05:30,167.0,167.7,164.35,164.75,96395,4779840
2026-04-16 10:52:00+05:30,165.15,165.95,162.7,163.75,107575,4779840
2026-04-16 10:53:00+05:30,163.85,166.95,163.75,165.3,51155,4779840
2026-04-16 10:54:00+05:30,165.4,166.0,163.65,164.95,59995,4779840
2026-04-16 10:55:00+05:30,164.8,164.8,161.55,163.0,132340,4824040
2026-04-16 10:56:00+05:30,163.0,163.35,160.05,161.3,121225,4824040
2026-04-16 10:57:00+05:30,161.25,164.1,160.9,163.3,90285,4824040
2026-04-16 10:58:00+05:30,163.55,163.6,160.75,162.0,74360,4848545
2026-04-16 10:59:00+05:30,161.7,163.0,160.55,161.7,109785,4848545
2026-04-16 11:00:00+05:30,161.7,164.7,161.7,163.9,110825,4848545
2026-04-16 11:01:00+05:30,163.95,167.7,163.95,164.95,183885,4826835
2026-04-16 11:02:00+05:30,164.9,167.3,163.25,166.2,81770,4826835
2026-04-16 11:03:00+05:30,166.1,168.5,165.25,167.4,178230,4754750
2026-04-16 11:04:00+05:30,167.15,168.5,165.6,167.4,155740,4754750
2026-04-16 11:05:00+05:30,167.35,169.35,165.7,167.75,184210,4754750
2026-04-16 11:06:00+05:30,167.45,168.9,166.4,167.8,117130,4754750
2026-04-16 11:07:00+05:30,167.75,168.0,164.6,165.65,137800,4749680
2026-04-16 11:08:00+05:30,165.45,168.5,162.6,167.8,210405,4749680
2026-04-16 11:09:00+05:30,167.75,169.3,165.65,167.1,208975,4749680
2026-04-16 11:10:00+05:30,166.95,167.05,163.35,164.25,134225,4711460
2026-04-16 11:11:00+05:30,163.9,165.15,162.35,162.9,126425,4711460
2026-04-16 11:12:00+05:30,162.8,163.55,158.9,159.6,238225,4711460
2026-04-16 11:13:00+05:30,159.6,163.0,159.4,161.3,137670,4818255
2026-04-16 11:14:00+05:30,161.05,162.3,160.85,162.0,75530,4818255
2026-04-16 11:15:00+05:30,162.05,163.85,158.0,158.45,265265,4818255
2026-04-16 11:16:00+05:30,158.45,160.0,157.4,158.05,211185,4873310
2026-04-16 11:17:00+05:30,158.0,158.5,155.0,156.15,267930,4873310
2026-04-16 11:18:00+05:30,155.9,160.6,155.25,160.0,210730,4873310
2026-04-16 11:19:00+05:30,159.6,162.0,158.5,162.0,178295,4916860
2026-04-16 11:20:00+05:30,162.0,165.5,160.5,163.1,260780,4916860
2026-04-16 11:21:00+05:30,163.2,164.65,161.1,163.1,130650,4916860
2026-04-16 11:22:00+05:30,163.3,163.45,158.0,159.8,162110,4825730
2026-04-16 11:23:00+05:30,159.5,159.5,156.0,156.85,158340,4825730
2026-04-16 11:24:00+05:30,157.2,157.6,155.65,157.0,125255,4932915
2026-04-16 11:25:00+05:30,157.2,157.9,154.0,154.1,201760,4932915
2026-04-16 11:26:00+05:30,154.05,154.55,148.0,150.8,551395,4932915
2026-04-16 11:27:00+05:30,150.6,153.0,149.25,150.95,235105,4932915
2026-04-16 11:28:00+05:30,151.0,153.4,148.25,153.35,186485,4867850
2026-04-16 11:29:00+05:30,153.35,154.3,152.0,154.05,163800,4867850
2026-04-16 11:30:00+05:30,153.5,154.35,152.0,152.9,119925,4867850
2026-04-16 11:31:00+05:30,152.8,154.55,150.5,151.0,145405,4962165
2026-04-16 11:32:00+05:30,151.0,153.2,150.0,153.0,115180,4962165
2026-04-16 11:33:00+05:30,152.95,153.0,150.65,151.75,61815,4962165
2026-04-16 11:34:00+05:30,151.5,153.8,150.5,152.6,90090,4961970
2026-04-16 11:35:00+05:30,152.55,153.2,150.8,152.65,63895,4961970
2026-04-16 11:36:00+05:30,152.2,153.45,151.1,151.95,60255,4961970
2026-04-16 11:37:00+05:30,151.75,152.8,147.85,148.45,115245,4936425
2026-04-16 11:38:00+05:30,148.55,148.95,144.35,145.45,315250,4936425
2026-04-16 11:39:00+05:30,145.6,145.75,140.65,143.85,379665,4936425
2026-04-16 11:40:00+05:30,143.6,144.1,140.35,141.1,177840,4828720
2026-04-16 11:41:00+05:30,141.05,142.3,140.15,141.3,140595,4828720
2026-04-16 11:42:00+05:30,141.3,141.5,138.05,139.4,215800,4828720
2026-04-16 11:43:00+05:30,139.55,141.95,139.5,140.0,111995,4752930
2026-04-16 11:44:00+05:30,140.0,140.85,136.3,136.35,331045,4752930
2026-04-16 11:45:00+05:30,136.3,136.9,133.15,134.25,364845,4752930
2026-04-16 11:46:00+05:30,134.35,134.75,128.45,128.5,336050,4666090
2026-04-16 11:47:00+05:30,128.85,130.3,125.65,126.0,289185,4666090
2026-04-16 11:48:00+05:30,126.05,128.8,124.7,128.6,283075,4574115
2026-04-16 11:49:00+05:30,128.8,133.5,128.55,131.85,345410,4574115
2026-04-16 11:50:00+05:30,131.9,131.9,127.2,127.8,179270,4574115
2026-04-16 11:51:00+05:30,127.8,127.95,125.15,126.0,162890,4574115
2026-04-16 11:52:00+05:30,126.1,128.85,126.1,127.75,119925,4602455
2026-04-16 11:53:00+05:30,127.95,129.75,126.95,128.85,104520,4602455
2026-04-16 11:54:00+05:30,128.8,131.0,128.5,129.75,106730,4602455
2026-04-16 11:55:00+05:30,129.55,129.75,128.05,128.2,86840,4643795
2026-04-16 11:56:00+05:30,128.15,128.75,125.65,126.0,165295,4643795
2026-04-16 11:57:00+05:30,126.0,126.0,119.5,119.6,328445,4643795
2026-04-16 11:58:00+05:30,119.75,123.0,118.6,122.2,223990,4503980
2026-04-16 11:59:00+05:30,122.3,123.6,119.95,120.0,145340,4503980
2026-04-16 12:00:00+05:30,120.0,120.1,112.5,115.35,440505,4503980
2026-04-16 12:01:00+05:30,115.1,117.6,111.4,111.5,223730,4437030
2026-04-16 12:02:00+05:30,111.6,114.4,111.1,114.15,162630,4437030
2026-04-16 12:03:00+05:30,114.1,115.5,112.4,112.95,271375,4437030
2026-04-16 12:04:00+05:30,113.05,113.9,110.75,111.45,174200,4234295
2026-04-16 12:05:00+05:30,111.25,113.3,111.0,113.2,172250,4234295
2026-04-16 12:06:00+05:30,113.3,113.7,110.45,112.65,161525,4234295
2026-04-16 12:07:00+05:30,112.55,113.75,107.7,108.65,266695,4262830
2026-04-16 12:08:00+05:30,108.15,110.95,107.4,110.4,178555,4262830
2026-04-16 12:09:00+05:30,110.85,113.2,110.3,112.15,148395,4262830
2026-04-16 12:10:00+05:30,112.0,114.3,111.7,114.15,130000,4221945
2026-04-16 12:11:00+05:30,113.95,115.1,112.9,114.35,144170,4221945
2026-04-16 12:12:00+05:30,114.5,115.8,112.2,112.85,127465,4221945
2026-04-16 12:13:00+05:30,113.05,115.6,112.85,115.55,72345,4262050
2026-04-16 12:14:00+05:30,115.15,116.9,114.35,115.9,74815,4262050
2026-04-16 12:15:00+05:30,115.6,116.5,114.8,115.7,96135,4262050
2026-04-16 12:16:00+05:30,115.85,115.85,113.65,114.35,76960,4226430
2026-04-16 12:17:00+05:30,114.45,114.75,112.0,112.15,79170,4226430
2026-04-16 12:18:00+05:30,112.3,115.0,111.0,115.0,91325,4226430
2026-04-16 12:19:00+05:30,115.0,115.5,113.3,115.35,55900,4199845
2026-04-16 12:20:00+05:30,115.15,115.3,113.75,114.45,54925,4199845
2026-04-16 12:21:00+05:30,114.25,115.85,113.95,115.65,41210,4199845
2026-04-16 12:22:00+05:30,115.85,116.15,112.8,113.7,69225,4200040
2026-04-16 12:23:00+05:30,113.75,113.85,110.05,110.45,69420,4200040
2026-04-16 12:24:00+05:30,110.7,112.4,109.4,111.6,112515,4200040
2026-04-16 12:25:00+05:30,111.65,112.7,110.0,112.05,54275,4214015
2026-04-16 12:26:00+05:30,112.0,112.25,110.35,111.45,42835,4214015
2026-04-16 12:27:00+05:30,110.7,111.0,108.45,109.65,100555,4214015
2026-04-16 12:28:00+05:30,109.65,110.8,109.2,110.65,41340,4210115
2026-04-16 12:29:00+05:30,110.5,111.2,108.5,109.2,42055,4210115
2026-04-16 12:30:00+05:30,109.2,109.3,107.3,108.8,94185,4210115
2026-04-16 12:31:00+05:30,108.65,110.5,107.85,109.95,87165,4243980
2026-04-16 12:32:00+05:30,110.2,111.55,108.8,109.45,77740,4243980
2026-04-16 12:33:00+05:30,109.45,109.45,105.4,107.75,137345,4243980
2026-04-16 12:34:00+05:30,107.55,107.85,102.15,102.3,232115,4196400
2026-04-16 12:35:00+05:30,102.45,104.45,101.4,102.0,192205,4196400
2026-04-16 12:36:00+05:30,102.0,103.5,99.6,101.0,190840,4196400
2026-04-16 12:37:00+05:30,100.85,103.95,100.6,103.7,101010,4124705
2026-04-16 12:38:00+05:30,103.35,105.9,103.35,105.65,98800,4124705
2026-04-16 12:39:00+05:30,105.8,107.75,105.45,107.65,89440,4124705
2026-04-16 12:40:00+05:30,107.85,109.2,106.95,109.15,116545,4088760
2026-04-16 12:41:00+05:30,109.05,109.8,107.55,107.75,68380,4088760
2026-04-16 12:42:00+05:30,107.8,109.75,107.1,109.4,60515,4088760
2026-04-16 12:43:00+05:30,109.3,110.2,107.8,108.6,65325,4100785
2026-04-16 12:44:00+05:30,108.7,109.0,104.2,105.0,88855,4100785
2026-04-16 12:45:00+05:30,105.0,105.3,102.7,103.6,117260,4100785
2026-04-16 12:46:00+05:30,103.8,107.4,103.8,106.0,93730,4064645
2026-04-16 12:47:00+05:30,106.45,106.45,102.7,103.05,68380,4064645
2026-04-16 12:48:00+05:30,103.2,104.35,102.5,103.35,46085,4064645
2026-04-16 12:49:00+05:30,103.5,103.75,101.85,102.1,57525,4064645
2026-04-16 12:50:00+05:30,102.3,103.0,100.4,100.4,85605,4064645
2026-04-16 12:51:00+05:30,100.65,104.0,98.8,101.8,157560,4064645
2026-04-16 12:52:00+05:30,101.95,103.5,101.8,103.1,59735,4092400
2026-04-16 12:53:00+05:30,103.1,105.0,101.6,102.1,80665,4092400
2026-04-16 12:54:00+05:30,101.9,102.3,97.85,98.4,111605,4092400
2026-04-16 12:55:00+05:30,98.3,99.85,97.0,98.8,106600,4096365
2026-04-16 12:56:00+05:30,98.5,98.75,96.5,96.85,96980,4096365
2026-04-16 12:57:00+05:30,96.9,97.45,95.2,97.1,112775,4096365
2026-04-16 12:58:00+05:30,97.0,98.0,96.65,97.6,94835,4063930
2026-04-16 12:59:00+05:30,97.5,100.5,97.1,99.6,101465,4063930
2026-04-16 13:00:00+05:30,99.75,103.0,98.65,100.95,123370,4063930
2026-04-16 13:01:00+05:30,101.0,101.9,99.65,100.0,98345,4027335
2026-04-16 13:02:00+05:30,99.8,101.6,99.8,100.45,34970,4027335
2026-04-16 13:03:00+05:30,100.35,104.55,100.35,103.75,81510,4027335
2026-04-16 13:04:00+05:30,103.8,103.85,101.05,103.1,57785,4012060
2026-04-16 13:05:00+05:30,103.25,104.45,102.5,103.3,79040,4012060
2026-04-16 13:06:00+05:30,103.1,103.6,98.55,100.3,96070,4012060
2026-04-16 13:07:00+05:30,100.5,100.85,98.1,99.7,50115,4031170
2026-04-16 13:08:00+05:30,99.85,100.8,98.95,99.35,39910,4031170
2026-04-16 13:09:00+05:30,99.0,99.25,96.6,97.95,89635,4031170
2026-04-16 13:10:00+05:30,97.95,97.95,93.7,95.8,162565,4031170
2026-04-16 13:11:00+05:30,95.7,97.9,94.45,97.15,90545,4091815
2026-04-16 13:12:00+05:30,97.15,98.3,96.05,96.7,86905,4091815
2026-04-16 13:13:00+05:30,96.65,97.5,95.55,96.0,70525,4091815
2026-04-16 13:14:00+05:30,95.95,96.8,94.6,95.3,116935,4097600
2026-04-16 13:15:00+05:30,95.3,96.15,94.0,95.9,82225,4097600
2026-04-16 13:16:00+05:30,95.9,96.1,93.75,94.7,55445,4097600
2026-04-16 13:17:00+05:30,94.7,95.5,92.3,95.5,101660,4112875
2026-04-16 13:18:00+05:30,95.4,96.8,95.05,95.9,104585,4112875
2026-04-16 13:19:00+05:30,95.85,98.8,95.0,97.4,116870,4112875
2026-04-16 13:20:00+05:30,97.4,97.95,96.0,96.7,50245,4149210
2026-04-16 13:21:00+05:30,96.75,97.5,96.5,97.45,42380,4149210
2026-04-16 13:22:00+05:30,97.15,99.0,96.25,96.6,121745,4149210
2026-04-16 13:23:00+05:30,96.3,96.7,92.7,92.95,96850,4143295
2026-04-16 13:24:00+05:30,92.9,93.25,90.4,91.0,227825,4143295
2026-04-16 13:25:00+05:30,91.0,92.15,89.8,91.25,152165,4143295
2026-04-16 13:26:00+05:30,90.85,91.85,88.5,89.75,105820,4165005
2026-04-16 13:27:00+05:30,89.9,89.95,87.5,89.8,144040,4165005
2026-04-16 13:28:00+05:30,89.7,92.75,89.6,92.3,98475,4165005
2026-04-16 13:29:00+05:30,92.5,92.85,90.4,91.3,50050,4045990
2026-04-16 13:30:00+05:30,91.2,92.2,90.2,91.2,49205,4045990
2026-04-16 13:31:00+05:30,91.2,91.8,90.3,91.45,30485,4045990
2026-04-16 13:32:00+05:30,91.5,92.35,90.55,90.7,45825,4065230
2026-04-16 13:33:00+05:30,90.8,92.5,90.35,92.05,30875,4065230
2026-04-16 13:34:00+05:30,92.35,92.8,90.1,91.0,68120,4065230
2026-04-16 13:35:00+05:30,90.5,91.0,89.85,90.35,42185,4077320
2026-04-16 13:36:00+05:30,90.35,91.95,89.55,90.6,39975,4077320
2026-04-16 13:37:00+05:30,90.4,91.0,88.8,89.55,35100,4077320
2026-04-16 13:38:00+05:30,89.5,91.0,89.3,90.95,35555,4084860
2026-04-16 13:39:00+05:30,91.0,92.9,91.0,91.8,62855,4084860
2026-04-16 13:40:00+05:30,91.8,93.45,90.8,92.25,39455,4084860
2026-04-16 13:41:00+05:30,91.9,96.0,91.55,94.8,59800,4074330
2026-04-16 13:42:00+05:30,95.0,96.75,94.8,95.2,108875,4074330
2026-04-16 13:43:00+05:30,95.4,97.15,95.4,95.75,69940,4074330
2026-04-16 13:44:00+05:30,96.0,97.6,95.15,97.05,91975,4064580
2026-04-16 13:45:00+05:30,96.85,99.55,96.65,98.85,152880,4064580
2026-04-16 13:46:00+05:30,98.65,100.6,97.8,100.0,165620,4064580
2026-04-16 13:47:00+05:30,99.85,100.0,97.0,99.05,108745,4046965
2026-04-16 13:48:00+05:30,98.95,100.9,98.0,100.8,74685,4046965
2026-04-16 13:49:00+05:30,100.9,100.9,98.7,100.05,68705,4046965
2026-04-16 13:50:00+05:30,100.25,111.15,100.0,109.3,396760,4053465
2026-04-16 13:51:00+05:30,109.2,110.6,106.2,107.7,260975,4053465
2026-04-16 13:52:00+05:30,107.1,108.45,105.0,106.8,172315,4053465
2026-04-16 13:53:00+05:30,106.95,107.05,105.0,106.15,95420,3957265
2026-04-16 13:54:00+05:30,105.85,108.4,104.1,107.75,118820,3957265
2026-04-16 13:55:00+05:30,107.85,109.65,105.55,105.75,225745,3957265
2026-04-16 13:56:00+05:30,105.8,107.55,103.5,106.7,145015,3960905
2026-04-16 13:57:00+05:30,106.85,107.0,104.4,104.7,117845,3960905
2026-04-16 13:58:00+05:30,104.7,107.9,102.45,103.65,113100,3960905
2026-04-16 13:59:00+05:30,103.8,107.7,103.8,106.3,101205,3991845
2026-04-16 14:00:00+05:30,106.6,106.6,103.1,104.0,73385,3991845
2026-04-16 14:01:00+05:30,104.25,105.5,103.2,103.25,70525,3991845
2026-04-16 14:02:00+05:30,103.2,104.5,98.75,99.05,169975,3981575
2026-04-16 14:03:00+05:30,98.9,100.8,95.0,95.25,224575,3981575
2026-04-16 14:04:00+05:30,95.35,97.95,95.3,96.35,73710,3981575
2026-04-16 14:05:00+05:30,96.3,96.4,93.05,95.6,158145,3986970
2026-04-16 14:06:00+05:30,95.6,98.0,95.25,96.25,74100,3986970
2026-04-16 14:07:00+05:30,96.35,100.0,95.85,98.1,85800,3986970
2026-04-16 14:08:00+05:30,98.0,99.05,95.8,96.75,74425,3971955
2026-04-16 14:09:00+05:30,96.7,98.5,96.6,98.3,27625,3971955
2026-04-16 14:10:00+05:30,98.2,99.05,97.3,99.05,54405,3971955
2026-04-16 14:11:00+05:30,99.05,103.0,99.05,101.6,160875,3971955
2026-04-16 14:12:00+05:30,101.6,103.75,100.45,103.75,72670,3971955
2026-04-16 14:13:00+05:30,103.85,104.0,101.15,102.8,60515,3971955
2026-04-16 14:14:00+05:30,102.7,104.9,101.6,102.65,147225,3988790
2026-04-16 14:15:00+05:30,102.85,103.6,100.5,103.35,79495,3988790
2026-04-16 14:16:00+05:30,103.05,103.45,98.8,100.95,77415,3988790
2026-04-16 14:17:00+05:30,100.95,102.35,99.95,101.4,75855,4001205
2026-04-16 14:18:00+05:30,101.55,101.7,99.5,101.25,49335,4001205
2026-04-16 14:19:00+05:30,101.5,102.6,100.0,101.7,46150,4001205
2026-04-16 14:20:00+05:30,101.45,102.95,100.3,101.4,52845,3990285
2026-04-16 14:21:00+05:30,101.65,102.25,100.5,102.0,28340,3990285
2026-04-16 14:22:00+05:30,102.0,104.4,101.95,103.85,46475,3990285
2026-04-16 14:23:00+05:30,103.9,103.95,100.5,100.85,52780,3979885
2026-04-16 14:24:00+05:30,100.95,101.75,97.45,101.15,116220,3979885
2026-04-16 14:25:00+05:30,101.45,103.9,101.0,103.55,80795,3979885
2026-04-16 14:26:00+05:30,103.65,108.65,103.6,108.2,183105,3938090
2026-04-16 14:27:00+05:30,108.05,109.6,106.85,108.1,136500,3938090
2026-04-16 14:28:00+05:30,108.1,108.8,106.4,107.85,82745,3938090
2026-04-16 14:29:00+05:30,107.8,110.7,105.75,110.3,158210,3902600
2026-04-16 14:30:00+05:30,110.35,114.85,110.35,114.55,238875,3902600
2026-04-16 14:31:00+05:30,114.4,119.3,114.2,119.0,280215,3902600
2026-04-16 14:32:00+05:30,119.35,122.5,117.15,122.35,263640,3787940
2026-04-16 14:33:00+05:30,122.9,125.9,119.65,123.15,354770,3787940
2026-04-16 14:34:00+05:30,123.2,128.25,122.6,127.0,246025,3787940
2026-04-16 14:35:00+05:30,126.95,128.95,121.6,122.3,331825,3702985
2026-04-16 14:36:00+05:30,122.35,123.7,120.5,123.05,168935,3702985
2026-04-16 14:37:00+05:30,123.15,124.0,119.45,120.35,160810,3702985
2026-04-16 14:38:00+05:30,120.3,122.55,119.9,121.8,131560,3682640
2026-04-16 14:39:00+05:30,121.7,123.8,119.1,122.25,158405,3682640
2026-04-16 14:40:00+05:30,122.3,126.3,122.3,124.0,181090,3682640
2026-04-16 14:41:00+05:30,123.75,126.6,123.3,126.05,103805,3689335
2026-04-16 14:42:00+05:30,126.2,127.6,124.2,125.65,197210,3689335
2026-04-16 14:43:00+05:30,125.6,126.75,123.5,125.35,128440,3689335
2026-04-16 14:44:00+05:30,125.6,126.05,117.3,120.65,329550,3720535
2026-04-16 14:45:00+05:30,120.85,128.0,120.5,126.3,364260,3720535
2026-04-16 14:46:00+05:30,126.3,126.35,121.5,124.15,122655,3720535
2026-04-16 14:47:00+05:30,123.9,125.0,123.1,124.35,130130,3607500
2026-04-16 14:48:00+05:30,124.2,126.75,123.4,125.7,101660,3607500
2026-04-16 14:49:00+05:30,125.7,125.8,123.0,125.6,85280,3607500
2026-04-16 14:50:00+05:30,125.85,127.35,124.0,125.1,138645,3572075
2026-04-16 14:51:00+05:30,125.4,129.2,124.15,128.4,161460,3572075
2026-04-16 14:52:00+05:30,128.8,129.9,124.5,125.1,174785,3572075
2026-04-16 14:53:00+05:30,125.05,126.85,121.35,125.55,142545,3496350
2026-04-16 14:54:00+05:30,125.05,126.5,123.0,124.05,77740,3496350
2026-04-16 14:55:00+05:30,123.9,124.8,120.0,121.0,103025,3496350
2026-04-16 14:56:00+05:30,121.45,122.95,119.05,119.2,119210,3478215
2026-04-16 14:57:00+05:30,119.45,122.55,117.55,119.6,143520,3478215
2026-04-16 14:58:00+05:30,119.55,122.9,117.85,122.9,95810,3478215
2026-04-16 14:59:00+05:30,122.75,123.85,120.3,121.65,80405,3485235
2026-04-16 15:00:00+05:30,121.85,126.3,114.3,116.0,358150,3485235
2026-04-16 15:01:00+05:30,116.0,116.0,111.0,112.5,255710,3485235
2026-04-16 15:02:00+05:30,112.0,116.45,110.1,114.1,191360,3414320
2026-04-16 15:03:00+05:30,114.15,117.25,113.4,116.9,138255,3414320
2026-04-16 15:04:00+05:30,116.7,121.15,115.25,115.7,175240,3418480
2026-04-16 15:05:00+05:30,115.6,116.85,113.0,115.5,118300,3418480
2026-04-16 15:06:00+05:30,115.5,116.35,111.55,112.3,115830,3418480
2026-04-16 15:07:00+05:30,111.85,112.65,108.9,109.25,181870,3418480
2026-04-16 15:08:00+05:30,109.2,109.4,104.55,105.4,221845,3368820
2026-04-16 15:09:00+05:30,105.25,107.4,105.15,107.15,157495,3368820
2026-04-16 15:10:00+05:30,106.85,110.8,106.5,109.75,167570,3368820
2026-04-16 15:11:00+05:30,109.65,111.8,108.35,110.65,147225,3353480
2026-04-16 15:12:00+05:30,110.7,111.85,108.85,111.35,147680,3353480
2026-04-16 15:13:00+05:30,111.1,113.15,110.3,110.75,125450,3353480
2026-04-16 15:14:00+05:30,110.85,112.7,110.5,112.45,187915,3300180
2026-04-16 15:15:00+05:30,112.4,116.8,111.3,115.85,258245,3300180
2026-04-16 15:16:00+05:30,116.0,116.0,113.25,113.95,142610,3300180
2026-04-16 15:17:00+05:30,114.15,116.0,113.1,115.65,156650,3225235
2026-04-16 15:18:00+05:30,115.65,116.75,113.95,116.3,108550,3225235
2026-04-16 15:19:00+05:30,116.3,116.4,115.3,115.7,197665,3225235
2026-04-16 15:20:00+05:30,115.55,117.05,115.0,116.65,148330,3160690
2026-04-16 15:21:00+05:30,116.55,116.7,115.7,116.35,125125,3160690
2026-04-16 15:22:00+05:30,116.35,116.4,113.65,114.6,178295,3160690
2026-04-16 15:23:00+05:30,114.5,114.65,113.3,114.25,78975,3078595
2026-04-16 15:24:00+05:30,114.3,114.5,113.0,114.5,157040,3078595
2026-04-16 15:25:00+05:30,114.5,116.8,114.05,116.2,157170,3078595
2026-04-16 15:26:00+05:30,116.2,116.4,112.6,115.3,135590,2976415
2026-04-16 15:27:00+05:30,115.0,115.85,114.05,114.8,120055,2976415
2026-04-16 15:28:00+05:30,114.65,115.4,112.7,115.0,161590,2976415
2026-04-16 15:29:00+05:30,114.65,115.0,109.0,110.35,233545,2813395
2026-04-17 09:15:00+05:30,80.0,97.85,63.1,92.05,927355,2787070
2026-04-17 09:16:00+05:30,92.5,109.9,87.45,91.6,1235910,2994225
2026-04-17 09:17:00+05:30,91.4,107.0,89.5,105.4,882440,2994225
2026-04-17 09:18:00+05:30,105.05,109.55,103.0,107.25,726570,3343275
2026-04-17 09:19:00+05:30,107.35,109.75,100.35,105.2,572000,3343275
2026-04-17 09:20:00+05:30,105.5,110.2,104.5,108.8,611650,3343275
2026-04-17 09:21:00+05:30,108.55,112.0,105.0,108.55,507000,3343275
2026-04-17 09:22:00+05:30,108.55,112.4,107.6,108.4,473525,3542565
2026-04-17 09:23:00+05:30,108.45,113.4,107.3,110.85,400790,3542565
2026-04-17 09:24:00+05:30,110.9,112.75,102.35,104.0,478335,3699930
2026-04-17 09:25:00+05:30,103.8,110.0,103.05,109.95,434330,3699930
2026-04-17 09:26:00+05:30,109.9,113.45,108.2,112.65,416650,3699930
2026-04-17 09:27:00+05:30,112.75,112.9,109.05,109.05,235950,3699930
2026-04-17 09:28:00+05:30,109.3,115.55,108.45,113.9,572845,3694990
2026-04-17 09:29:00+05:30,113.95,114.3,111.1,113.5,288015,3694990
2026-04-17 09:30:00+05:30,113.6,115.55,106.3,107.45,484965,3694990
2026-04-17 09:31:00+05:30,107.7,107.7,102.35,106.25,463125,3780075
2026-04-17 09:32:00+05:30,106.15,109.95,103.5,106.6,387595,3780075
2026-04-17 09:33:00+05:30,106.5,107.0,102.0,104.65,268450,3780075
2026-04-17 09:34:00+05:30,104.95,106.25,101.35,102.2,223210,3988595
2026-04-17 09:35:00+05:30,102.45,102.45,97.8,98.4,504140,3988595
2026-04-17 09:36:00+05:30,98.25,99.95,96.65,96.8,291330,3940560
2026-04-17 09:37:00+05:30,96.75,98.2,93.45,95.35,487825,3940560
2026-04-17 09:38:00+05:30,95.35,109.2,95.35,106.1,919100,3940560
2026-04-17 09:39:00+05:30,106.05,109.2,102.4,103.25,562705,3940560
2026-04-17 09:40:00+05:30,103.45,108.45,102.5,107.6,419250,4058340
2026-04-17 09:41:00+05:30,107.55,108.0,100.6,100.9,367640,4058340
2026-04-17 09:42:00+05:30,101.0,101.15,95.7,97.5,627965,4058340
2026-04-17 09:43:00+05:30,97.2,99.45,93.55,97.5,339755,4246385
2026-04-17 09:44:00+05:30,97.65,99.8,96.25,97.65,253370,4246385
2026-04-17 09:45:00+05:30,97.55,99.5,95.85,97.5,226525,4246385
2026-04-17 09:46:00+05:30,97.5,100.65,97.2,99.8,321035,4448405
2026-04-17 09:47:00+05:30,99.6,103.4,99.4,103.05,274950,4448405
2026-04-17 09:48:00+05:30,102.85,106.25,102.6,104.35,352495,4448405
2026-04-17 09:49:00+05:30,104.6,108.9,103.8,107.2,310570,4453605
2026-04-17 09:50:00+05:30,107.2,111.6,107.2,107.25,445640,4453605
2026-04-17 09:51:00+05:30,107.5,110.7,106.95,108.15,229775,4453605
2026-04-17 09:52:00+05:30,108.2,110.65,106.65,110.1,227500,4387760
2026-04-17 09:53:00+05:30,110.25,112.0,108.35,110.2,302055,4387760
2026-04-17 09:54:00+05:30,110.25,111.0,106.0,109.35,226395,4329585
2026-04-17 09:55:00+05:30,109.2,111.0,104.85,108.55,292565,4329585
2026-04-17 09:56:00+05:30,108.35,114.5,107.65,112.8,336765,4329585
2026-04-17 09:57:00+05:30,113.05,116.85,111.75,111.75,606060,4329585
2026-04-17 09:58:00+05:30,111.95,114.1,106.2,107.0,369785,4360330
2026-04-17 09:59:00+05:30,106.85,112.0,106.35,110.7,209495,4360330
2026-04-17 10:00:00+05:30,110.55,113.4,110.0,112.9,210470,4432740
2026-04-17 10:01:00+05:30,112.9,114.85,102.3,108.85,602160,4432740
2026-04-17 10:02:00+05:30,108.65,110.75,106.1,110.0,287170,4432740
2026-04-17 10:03:00+05:30,110.25,116.6,108.35,115.95,516100,4432740
2026-04-17 10:04:00+05:30,115.8,124.7,115.8,124.15,970970,4308005
2026-04-17 10:05:00+05:30,124.1,127.7,122.1,124.7,864370,4308005
2026-04-17 10:06:00+05:30,124.7,129.8,124.3,129.55,644540,4308005
2026-04-17 10:07:00+05:30,129.45,133.35,127.4,131.65,786825,4031495
2026-04-17 10:08:00+05:30,131.9,133.0,124.2,125.9,621335,4031495
2026-04-17 10:09:00+05:30,125.95,127.95,124.15,127.0,313365,4031495
2026-04-17 10:10:00+05:30,127.15,127.5,122.25,125.0,317005,4042935
2026-04-17 10:11:00+05:30,124.8,125.65,122.75,124.15,239720,4042935
2026-04-17 10:12:00+05:30,124.1,127.4,122.5,127.25,323895,4042935
2026-04-17 10:13:00+05:30,127.3,130.2,126.45,128.8,422435,4113200
2026-04-17 10:14:00+05:30,128.8,130.4,127.15,129.9,277225,4113200
2026-04-17 10:15:00+05:30,129.9,138.0,129.75,137.2,920075,4020510
2026-04-17 10:16:00+05:30,136.95,139.65,136.3,138.55,633295,4020510
2026-04-17 10:17:00+05:30,138.25,140.6,133.4,135.3,592800,4020510
2026-04-17 10:18:00+05:30,135.3,137.3,132.8,137.0,254865,4020510
2026-04-17 10:19:00+05:30,136.65,137.0,132.8,133.9,243425,4039035
2026-04-17 10:20:00+05:30,133.6,136.3,131.25,133.65,282490,4039035
2026-04-17 10:21:00+05:30,133.55,136.3,131.4,135.25,271830,4039035
2026-04-17 10:22:00+05:30,135.25,137.55,135.05,137.1,318045,4096365
2026-04-17 10:23:00+05:30,137.45,137.65,133.05,133.45,343590,4096365
2026-04-17 10:24:00+05:30,133.45,137.0,133.05,135.65,202020,4111640
2026-04-17 10:25:00+05:30,135.7,143.0,135.7,138.35,514930,4111640
2026-04-17 10:26:00+05:30,138.5,142.9,138.2,142.0,481195,4111640
2026-04-17 10:27:00+05:30,141.95,145.6,138.8,143.5,646945,4111640
2026-04-17 10:28:00+05:30,143.45,144.0,140.0,140.5,562250,3859570
2026-04-17 10:29:00+05:30,140.25,143.3,137.0,137.0,556140,3859570
2026-04-17 10:30:00+05:30,137.0,142.0,136.35,137.65,365170,3849755
2026-04-17 10:31:00+05:30,137.35,138.1,134.5,137.7,409565,3849755
2026-04-17 10:32:00+05:30,137.75,137.8,129.15,130.85,536640,3849755
2026-04-17 10:33:00+05:30,130.85,133.0,129.75,131.6,375115,3849755
2026-04-17 10:34:00+05:30,131.6,132.3,126.0,129.9,451035,3862560
2026-04-17 10:35:00+05:30,129.85,131.6,128.25,131.4,206960,3862560
2026-04-17 10:36:00+05:30,131.1,132.9,129.4,132.65,342160,3862560
2026-04-17 10:37:00+05:30,132.6,132.7,125.25,127.8,401765,3948100
2026-04-17 10:38:00+05:30,127.8,128.2,123.7,124.85,340015,3948100
2026-04-17 10:39:00+05:30,124.55,126.65,121.3,123.0,324870,3948100
2026-04-17 10:40:00+05:30,123.0,123.55,118.6,121.5,403065,3907020
2026-04-17 10:41:00+05:30,121.45,125.5,120.85,125.3,376090,3907020
2026-04-17 10:42:00+05:30,125.0,129.5,124.05,126.0,399815,3907020
2026-04-17 10:43:00+05:30,125.95,128.2,123.0,124.0,302250,4129450
2026-04-17 10:44:00+05:30,124.1,127.5,123.55,127.1,240565,4129450
2026-04-17 10:45:00+05:30,127.05,128.0,124.2,127.3,188630,4129450
2026-04-17 10:46:00+05:30,127.55,131.0,126.4,127.0,418145,4195425
2026-04-17 10:47:00+05:30,127.05,129.55,125.55,126.15,218075,4195425
2026-04-17 10:48:00+05:30,126.25,127.85,123.5,125.4,209820,4195425
2026-04-17 10:49:00+05:30,125.75,128.0,125.15,125.8,153790,4284865
2026-04-17 10:50:00+05:30,126.1,128.05,124.0,126.6,144300,4284865
2026-04-17 10:51:00+05:30,126.85,126.85,122.0,123.6,216190,4284865
2026-04-17 10:52:00+05:30,123.55,125.3,122.8,124.45,122200,4303065
2026-04-17 10:53:00+05:30,124.45,124.65,122.0,122.9,111475,4303065
2026-04-17 10:54:00+05:30,122.8,126.85,122.5,124.55,126230,4303065
2026-04-17 10:55:00+05:30,124.55,126.5,124.3,125.6,105235,4330105
2026-04-17 10:56:00+05:30,125.75,127.85,124.8,127.3,140725,4330105
2026-04-17 10:57:00+05:30,127.1,127.6,124.4,125.6,136630,4330105
2026-04-17 10:58:00+05:30,125.45,125.65,122.3,123.25,134355,4335435
2026-04-17 10:59:00+05:30,123.55,124.9,122.0,122.35,92495,4335435
2026-04-17 11:00:00+05:30,122.55,123.45,120.4,123.0,261430,4335435
2026-04-17 11:01:00+05:30,122.8,125.45,122.6,123.45,134225,4336930
2026-04-17 11:02:00+05:30,123.4,125.05,120.8,120.95,129090,4336930
2026-04-17 11:03:00+05:30,120.95,121.75,116.55,118.0,416520,4336930
2026-04-17 11:04:00+05:30,118.35,119.45,113.9,119.3,488410,4199975
2026-04-17 11:05:00+05:30,119.1,121.8,118.5,120.95,236665,4199975
2026-04-17 11:06:00+05:30,121.05,123.0,117.3,119.15,250250,4199975
2026-04-17 11:07:00+05:30,119.1,124.9,118.85,121.65,257855,4281290
2026-04-17 11:08:00+05:30,121.5,122.6,120.8,122.0,124280,4281290
2026-04-17 11:09:00+05:30,122.1,122.75,120.5,121.8,125645,4281290
2026-04-17 11:10:00+05:30,121.75,128.9,121.3,128.5,455390,4326205
2026-04-17 11:11:00+05:30,128.55,131.0,127.3,128.4,490360,4326205
2026-04-17 11:12:00+05:30,128.75,129.5,124.8,125.1,298740,4472065
2026-04-17 11:13:00+05:30,125.0,127.75,124.0,127.25,175825,4472065
2026-04-17 11:14:00+05:30,127.5,127.75,124.1,126.1,131105,4472065
2026-04-17 11:15:00+05:30,126.05,129.9,126.05,129.4,218725,4472065
2026-04-17 11:16:00+05:30,129.7,130.8,128.2,130.55,236860,4489030
2026-04-17 11:17:00+05:30,130.45,131.5,127.6,127.75,192725,4489030
2026-04-17 11:18:00+05:30,127.85,132.0,127.35,128.75,216710,4489030
2026-04-17 11:19:00+05:30,129.0,130.95,127.75,130.85,150020,4505410
2026-04-17 11:20:00+05:30,130.7,132.35,129.0,130.35,252200,4505410
2026-04-17 11:21:00+05:30,130.25,131.0,129.15,130.6,107055,4505410
2026-04-17 11:22:00+05:30,130.8,132.65,130.5,131.95,204490,4465240
2026-04-17 11:23:00+05:30,131.95,133.1,131.1,131.65,251095,4465240
2026-04-17 11:24:00+05:30,132.25,132.65,127.8,129.3,216060,4465240
2026-04-17 11:25:00+05:30,129.2,132.95,128.45,132.45,161785,4382430
2026-04-17 11:26:00+05:30,132.15,133.0,130.6,131.4,137150,4382430
2026-04-17 11:27:00+05:30,131.25,132.05,125.35,128.3,298090,4382430
2026-04-17 11:28:00+05:30,128.5,129.25,125.95,129.15,113295,4303650
2026-04-17 11:29:00+05:30,129.0,130.4,127.8,129.3,114465,4303650
2026-04-17 11:30:00+05:30,129.7,134.3,129.0,130.7,417820,4303650
2026-04-17 11:31:00+05:30,130.75,130.8,127.55,128.9,210665,4387500
2026-04-17 11:32:00+05:30,129.1,129.9,127.75,129.0,98735,4387500
2026-04-17 11:33:00+05:30,129.15,132.9,128.75,132.6,171470,4387500
2026-04-17 11:34:00+05:30,132.75,133.5,130.4,133.2,170430,4434625
2026-04-17 11:35:00+05:30,133.15,134.25,130.85,133.5,247325,4434625
2026-04-17 11:36:00+05:30,133.3,136.5,132.9,134.2,408265,4434625
2026-04-17 11:37:00+05:30,134.3,136.95,134.05,134.25,264550,4387045
2026-04-17 11:38:00+05:30,134.7,135.8,133.15,134.2,276705,4387045
2026-04-17 11:39:00+05:30,134.2,134.65,130.65,133.35,235625,4387045
2026-04-17 11:40:00+05:30,133.55,135.4,132.35,134.05,187395,4329715
2026-04-17 11:41:00+05:30,134.3,136.25,133.65,134.2,201110,4329715
2026-04-17 11:42:00+05:30,134.2,135.6,132.4,135.4,118365,4329715
2026-04-17 11:43:00+05:30,135.7,141.2,134.9,139.25,377910,4259905
2026-04-17 11:44:00+05:30,139.3,142.9,137.2,137.7,574535,4259905
2026-04-17 11:45:00+05:30,137.75,138.35,135.0,136.0,281775,4259905
2026-04-17 11:46:00+05:30,135.95,138.0,134.3,135.95,201240,4194710
2026-04-17 11:47:00+05:30,135.95,137.4,131.9,132.25,285025,4194710
2026-04-17 11:48:00+05:30,132.05,132.7,128.25,131.85,287690,4227860
2026-04-17 11:49:00+05:30,132.0,132.5,128.3,131.2,191230,4227860
2026-04-17 11:50:00+05:30,131.05,137.35,131.0,137.05,328055,4227860
2026-04-17 11:51:00+05:30,136.85,139.8,135.35,139.75,349115,4227860
2026-04-17 11:52:00+05:30,139.65,140.4,136.35,137.0,332475,4259125
2026-04-17 11:53:00+05:30,137.1,142.0,135.05,141.25,324025,4259125
2026-04-17 11:54:00+05:30,141.2,148.95,140.6,146.3,1144520,4308915
2026-04-17 11:55:00+05:30,146.25,150.0,144.0,148.5,819325,4308915
2026-04-17 11:56:00+05:30,148.5,148.85,142.3,142.7,640055,4308915
2026-04-17 11:57:00+05:30,142.75,144.6,141.3,143.5,393640,4308915
2026-04-17 11:58:00+05:30,143.5,143.8,135.6,136.5,616200,4399200
2026-04-17 11:59:00+05:30,136.35,137.85,129.35,130.45,712400,4399200
2026-04-17 12:00:00+05:30,130.1,131.45,124.6,126.75,787345,4399200
2026-04-17 12:01:00+05:30,126.7,131.2,126.0,130.8,598585,4283305
2026-04-17 12:02:00+05:30,130.8,131.25,129.35,129.85,312715,4283305
2026-04-17 12:03:00+05:30,129.9,130.2,126.45,127.15,268775,4283305
2026-04-17 12:04:00+05:30,127.15,128.2,126.0,126.35,225550,4417335
2026-04-17 12:05:00+05:30,126.15,127.3,124.0,125.6,342615,4417335
2026-04-17 12:06:00+05:30,125.65,129.0,125.35,128.85,240890,4417335
2026-04-17 12:07:00+05:30,128.7,131.7,128.4,131.2,359385,4514770
2026-04-17 12:08:00+05:30,131.35,132.5,130.0,130.45,357955,4514770
2026-04-17 12:09:00+05:30,130.4,132.0,128.85,130.85,217425,4514770
2026-04-17 12:10:00+05:30,130.85,131.8,129.45,129.75,169195,4630080
2026-04-17 12:11:00+05:30,129.4,132.6,128.4,132.3,225745,4630080
2026-04-17 12:12:00+05:30,132.2,133.55,130.7,132.7,261235,4630080
2026-04-17 12:13:00+05:30,132.65,132.9,128.55,130.8,197340,4592250
2026-04-17 12:14:00+05:30,130.6,133.4,130.4,132.85,143845,4592250
2026-04-17 12:15:00+05:30,133.0,135.0,130.6,134.95,249015,4592250
2026-04-17 12:16:00+05:30,134.6,135.95,132.7,133.65,348725,4600050
2026-04-17 12:17:00+05:30,133.65,134.95,132.15,133.55,142675,4600050
2026-04-17 12:18:00+05:30,133.45,134.7,132.45,133.5,93470,4600050
2026-04-17 12:19:00+05:30,133.65,134.85,131.65,131.95,221650,4656860
2026-04-17 12:20:00+05:30,131.85,133.7,130.1,130.4,199810,4656860
2026-04-17 12:21:00+05:30,130.6,133.8,130.3,130.85,97500,4656860
2026-04-17 12:22:00+05:30,131.0,133.4,129.55,133.1,151775,4620395
2026-04-17 12:23:00+05:30,133.0,133.75,131.5,133.3,97045,4620395
2026-04-17 12:24:00+05:30,133.0,134.9,132.9,134.2,129415,4620395
2026-04-17 12:25:00+05:30,134.2,134.9,132.2,133.2,91975,4656600
2026-04-17 12:26:00+05:30,133.5,134.5,132.15,134.2,82680,4656600
2026-04-17 12:27:00+05:30,134.5,134.75,132.45,132.8,86840,4656600
2026-04-17 12:28:00+05:30,132.95,133.3,130.5,131.15,127660,4624815
2026-04-17 12:29:00+05:30,131.2,132.3,130.1,130.1,98280,4624815
2026-04-17 12:30:00+05:30,130.35,131.8,128.85,130.8,226850,4624815
2026-04-17 12:31:00+05:30,130.85,131.7,129.1,129.4,101920,4624815
2026-04-17 12:32:00+05:30,129.0,129.75,125.1,127.55,387010,4649125
2026-04-17 12:33:00+05:30,127.3,129.0,125.0,128.2,331565,4649125
2026-04-17 12:34:00+05:30,128.2,128.3,124.5,124.9,151125,4649125
2026-04-17 12:35:00+05:30,124.9,127.6,124.7,127.2,135720,4601155
2026-04-17 12:36:00+05:30,127.25,128.75,126.3,126.7,145925,4601155
2026-04-17 12:37:00+05:30,126.7,128.2,125.35,125.35,79885,4601155
2026-04-17 12:38:00+05:30,125.6,127.8,125.3,126.35,90675,4646915
2026-04-17 12:39:00+05:30,126.2,126.45,122.7,124.1,202995,4646915
2026-04-17 12:40:00+05:30,124.1,125.35,122.35,125.25,252070,4646915
2026-04-17 12:41:00+05:30,125.0,126.4,124.8,126.4,112645,4608695
2026-04-17 12:42:00+05:30,126.3,128.75,125.7,128.3,234975,4608695
2026-04-17 12:43:00+05:30,128.5,128.95,126.25,127.2,126490,4608695
2026-04-17 12:44:00+05:30,127.2,127.2,122.7,125.8,248495,4689035
2026-04-17 12:45:00+05:30,125.55,128.0,124.95,127.5,151645,4689035
2026-04-17 12:46:00+05:30,127.45,128.2,126.2,126.9,138710,4689035
2026-04-17 12:47:00+05:30,126.85,128.0,125.0,125.4,133510,4691830
2026-04-17 12:48:00+05:30,125.4,125.95,121.8,123.75,239330,4691830
2026-04-17 12:49:00+05:30,123.65,126.5,123.35,125.7,100685,4691830
2026-04-17 12:50:00+05:30,125.8,127.0,125.15,125.2,90285,4676425
2026-04-17 12:51:00+05:30,125.25,125.6,121.85,123.7,159055,4676425
2026-04-17 12:52:00+05:30,123.5,124.05,119.4,121.0,371605,4676425
2026-04-17 12:53:00+05:30,120.95,121.25,118.85,121.05,163735,4628455
2026-04-17 12:54:00+05:30,121.0,121.7,119.7,120.1,129675,4628455
2026-04-17 12:55:00+05:30,120.15,122.5,119.7,122.5,109460,4628455
2026-04-17 12:56:00+05:30,122.55,124.1,122.15,123.1,136825,4579250
2026-04-17 12:57:00+05:30,123.3,123.75,120.5,121.2,97955,4579250
2026-04-17 12:58:00+05:30,121.25,121.8,120.0,121.45,76635,4579250
2026-04-17 12:59:00+05:30,121.75,123.5,120.1,122.85,88075,4600050
2026-04-17 13:00:00+05:30,122.4,124.3,121.25,124.25,112255,4600050
2026-04-17 13:01:00+05:30,124.05,124.5,121.65,123.65,141505,4600050
2026-04-17 13:02:00+05:30,123.65,125.4,122.75,123.85,145730,4634760
2026-04-17 13:03:00+05:30,124.0,124.45,121.5,122.6,101075,4634760
2026-04-17 13:04:00+05:30,122.6,125.5,122.6,123.65,117910,4634760
2026-04-17 13:05:00+05:30,123.35,126.3,122.85,126.3,118560,4665830
2026-04-17 13:06:00+05:30,126.1,128.4,125.8,127.2,327795,4665830
2026-04-17 13:07:00+05:30,127.0,128.75,125.85,128.2,161850,4665830
2026-04-17 13:08:00+05:30,128.2,130.7,127.9,130.2,296790,4643600
2026-04-17 13:09:00+05:30,130.2,132.7,129.4,130.1,459030,4643600
2026-04-17 13:10:00+05:30,130.4,132.0,129.8,131.75,355290,4643600
2026-04-17 13:11:00+05:30,131.8,132.75,130.5,132.0,253695,4741490
2026-04-17 13:12:00+05:30,132.05,135.0,131.55,134.1,431860,4741490
2026-04-17 13:13:00+05:30,134.15,135.0,132.1,132.5,218465,4741490
2026-04-17 13:14:00+05:30,132.85,133.45,131.1,131.9,196820,4692155
2026-04-17 13:15:00+05:30,131.85,133.75,130.6,132.45,206245,4692155
2026-04-17 13:16:00+05:30,132.5,133.55,128.5,130.1,243555,4692155
2026-04-17 13:17:00+05:30,130.2,131.0,126.6,128.65,261235,4645420
2026-04-17 13:18:00+05:30,129.0,129.0,125.85,126.7,158210,4645420
2026-04-17 13:19:00+05:30,126.65,127.7,124.2,125.1,232245,4645420
2026-04-17 13:20:00+05:30,125.0,127.55,124.8,126.9,122720,4529200
2026-04-17 13:21:00+05:30,126.9,126.95,124.5,125.5,126100,4529200
2026-04-17 13:22:00+05:30,125.35,129.0,124.85,128.8,147160,4529200
2026-04-17 13:23:00+05:30,129.0,132.85,128.0,131.3,315575,4513340
2026-04-17 13:24:00+05:30,130.9,132.05,126.05,126.7,403520,4513340
2026-04-17 13:25:00+05:30,127.0,127.9,125.6,126.6,236990,4513340
2026-04-17 13:26:00+05:30,126.25,128.2,123.95,128.0,265265,4616235
2026-04-17 13:27:00+05:30,128.15,131.45,126.3,130.95,266825,4616235
2026-04-17 13:28:00+05:30,130.8,133.0,130.2,132.7,232700,4616235
2026-04-17 13:29:00+05:30,132.95,134.0,131.1,134.0,245895,4653675
2026-04-17 13:30:00+05:30,134.0,135.0,132.1,132.25,311480,4653675
2026-04-17 13:31:00+05:30,132.55,135.2,131.5,134.55,242970,4653675
2026-04-17 13:32:00+05:30,134.55,135.35,131.65,135.2,217230,4675125
2026-04-17 13:33:00+05:30,135.15,136.0,133.85,134.95,306670,4675125
2026-04-17 13:34:00+05:30,134.75,136.2,134.05,135.65,221390,4675125
2026-04-17 13:35:00+05:30,135.85,136.4,132.5,133.0,303160,4608175
2026-04-17 13:36:00+05:30,133.0,134.0,132.0,132.85,136435,4608175
2026-04-17 13:37:00+05:30,132.85,135.0,132.8,134.35,104715,4608175
2026-04-17 13:38:00+05:30,134.65,136.3,133.1,136.15,136890,4600830
2026-04-17 13:39:00+05:30,136.15,140.75,135.85,138.45,685100,4600830
2026-04-17 13:40:00+05:30,138.45,142.7,138.15,141.65,636740,4600830
2026-04-17 13:41:00+05:30,141.65,146.9,140.9,146.3,728325,4562805
2026-04-17 13:42:00+05:30,146.25,147.45,143.4,145.75,592865,4562805
2026-04-17 13:43:00+05:30,145.7,145.9,138.3,141.05,618345,4562805
2026-04-17 13:44:00+05:30,141.3,141.3,136.0,136.75,459420,4658615
2026-04-17 13:45:00+05:30,136.4,140.3,136.4,138.0,326820,4658615
2026-04-17 13:46:00+05:30,137.95,140.6,136.5,139.55,285805,4658615
2026-04-17 13:47:00+05:30,139.7,140.5,138.1,139.85,216320,4813705
2026-04-17 13:48:00+05:30,139.85,140.5,139.0,139.0,229515,4813705
2026-04-17 13:49:00+05:30,139.0,139.9,137.15,138.75,289445,4813705
2026-04-17 13:50:00+05:30,138.7,139.7,137.0,137.25,155285,4939545
2026-04-17 13:51:00+05:30,137.5,138.25,136.2,138.1,189605,4939545
2026-04-17 13:52:00+05:30,138.1,139.0,136.5,137.35,175175,4939545
2026-04-17 13:53:00+05:30,137.45,137.8,133.2,136.0,456495,4950335
2026-04-17 13:54:00+05:30,135.85,138.5,135.4,138.45,198055,4950335
2026-04-17 13:55:00+05:30,138.3,139.35,136.7,137.05,297570,4950335
2026-04-17 13:56:00+05:30,137.0,137.3,132.0,135.3,527540,4938245
2026-04-17 13:57:00+05:30,135.55,137.5,134.65,136.45,193700,4938245
2026-04-17 13:58:00+05:30,136.75,138.5,135.75,138.0,186810,4938245
2026-04-17 13:59:00+05:30,138.0,138.9,136.1,136.7,214565,4853680
2026-04-17 14:00:00+05:30,136.4,140.85,136.25,139.8,424320,4853680
2026-04-17 14:01:00+05:30,139.75,141.0,139.55,140.4,284245,4853680
2026-04-17 14:02:00+05:30,140.65,140.95,139.15,140.3,254280,4952480
2026-04-17 14:03:00+05:30,140.3,141.0,139.3,140.0,255125,4952480
2026-04-17 14:04:00+05:30,139.95,140.4,133.75,135.05,590460,4952480
2026-04-17 14:05:00+05:30,135.45,137.7,133.85,137.45,258440,5080595
2026-04-17 14:06:00+05:30,137.7,140.3,136.2,138.9,271960,5080595
2026-04-17 14:07:00+05:30,138.95,142.6,138.6,141.7,331240,5080595
2026-04-17 14:08:00+05:30,141.7,142.0,137.2,140.0,341315,5127005
2026-04-17 14:09:00+05:30,140.15,142.0,139.15,139.7,343720,5127005
2026-04-17 14:10:00+05:30,139.95,143.55,139.35,142.3,298220,5100615
2026-04-17 14:11:00+05:30,142.6,144.35,142.2,142.85,501670,5100615
2026-04-17 14:12:00+05:30,142.95,143.95,141.25,142.05,294840,5100615
2026-04-17 14:13:00+05:30,142.05,142.65,138.7,138.9,332150,5100615
2026-04-17 14:14:00+05:30,138.9,139.3,136.15,138.35,329485,5049070
2026-04-17 14:15:00+05:30,138.45,139.55,137.55,138.4,208650,5049070
2026-04-17 14:16:00+05:30,138.4,141.0,138.0,140.75,327925,5049070
2026-04-17 14:17:00+05:30,141.0,144.2,138.15,138.45,588445,5148195
2026-04-17 14:18:00+05:30,138.1,143.0,136.4,141.5,412620,5148195
2026-04-17 14:19:00+05:30,141.25,142.8,141.25,141.7,227435,5148195
2026-04-17 14:20:00+05:30,141.8,148.0,141.65,147.55,850460,5008965
2026-04-17 14:21:00+05:30,147.5,147.6,144.3,145.85,865020,5008965
2026-04-17 14:22:00+05:30,145.85,145.9,139.2,142.65,746200,5008965
2026-04-17 14:23:00+05:30,142.5,143.2,141.0,141.95,302380,4986410
2026-04-17 14:24:00+05:30,142.3,145.3,141.5,144.2,351065,4986410
2026-04-17 14:25:00+05:30,143.95,144.85,141.8,142.6,264940,4986410
2026-04-17 14:26:00+05:30,142.7,143.25,138.05,139.2,438035,5065125
2026-04-17 14:27:00+05:30,139.15,140.75,137.55,139.7,386815,5065125
2026-04-17 14:28:00+05:30,139.2,140.65,136.1,136.85,346190,5041855
2026-04-17 14:29:00+05:30,136.7,138.2,135.15,135.5,355680,5041855
2026-04-17 14:30:00+05:30,135.8,138.85,134.15,138.25,448240,5041855
2026-04-17 14:31:00+05:30,138.0,139.85,137.6,138.9,325780,5041855
2026-04-17 14:32:00+05:30,138.9,139.4,137.2,139.25,198055,5131750
2026-04-17 14:33:00+05:30,139.1,140.5,138.0,139.75,299065,5131750
2026-04-17 14:34:00+05:30,139.45,141.75,138.2,141.5,258440,5131750
2026-04-17 14:35:00+05:30,141.4,142.65,140.05,141.3,295230,5071430
2026-04-17 14:36:00+05:30,141.6,148.0,140.4,146.4,1091220,5071430
2026-04-17 14:37:00+05:30,146.8,147.6,145.0,145.25,508365,5071430
2026-04-17 14:38:00+05:30,145.2,148.6,143.1,148.15,579540,4779775
2026-04-17 14:39:00+05:30,147.85,149.25,146.0,146.3,567775,4779775
2026-04-17 14:40:00+05:30,146.0,150.95,145.2,146.3,954655,4779775
2026-04-17 14:41:00+05:30,146.3,147.85,145.0,147.45,625235,4823520
2026-04-17 14:42:00+05:30,147.85,153.25,147.5,151.9,823810,4823520
2026-04-17 14:43:00+05:30,151.55,158.0,150.7,152.25,1384110,4823520
2026-04-17 14:44:00+05:30,152.25,159.3,151.95,158.2,1274650,4615975
2026-04-17 14:45:00+05:30,158.2,162.0,154.7,160.35,1196650,4615975
2026-04-17 14:46:00+05:30,160.35,169.0,158.65,165.5,2030730,4615975
2026-04-17 14:47:00+05:30,165.95,167.3,156.4,159.5,1430390,4636840
2026-04-17 14:48:00+05:30,159.45,161.75,157.15,159.95,696540,4636840
2026-04-17 14:49:00+05:30,159.5,162.95,159.05,160.0,591695,4636840
2026-04-17 14:50:00+05:30,159.95,161.35,158.05,161.0,435370,5096000
2026-04-17 14:51:00+05:30,161.0,164.5,160.25,164.25,749320,5096000
2026-04-17 14:52:00+05:30,164.35,166.05,160.5,163.05,812435,5096000
2026-04-17 14:53:00+05:30,163.4,163.85,161.0,162.0,340470,5076240
2026-04-17 14:54:00+05:30,161.7,163.35,160.4,162.45,382330,5076240
2026-04-17 14:55:00+05:30,162.6,164.2,160.5,162.6,424645,5076240
2026-04-17 14:56:00+05:30,162.9,162.9,158.15,160.8,536575,5002140
2026-04-17 14:57:00+05:30,160.85,162.0,157.1,161.4,529750,5002140
2026-04-17 14:58:00+05:30,161.4,163.45,160.65,162.4,853255,5002140
2026-04-17 14:59:00+05:30,162.35,164.4,160.6,161.1,436540,5020730
2026-04-17 15:00:00+05:30,161.6,166.35,146.65,151.6,1945320,5020730
2026-04-17 15:01:00+05:30,151.3,156.0,150.55,151.75,891215,5020730
2026-04-17 15:02:00+05:30,151.75,153.0,148.7,152.55,679315,4568330
2026-04-17 15:03:00+05:30,152.1,154.6,151.35,153.3,616655,4568330
2026-04-17 15:04:00+05:30,153.15,160.4,152.85,160.2,870090,4546685
2026-04-17 15:05:00+05:30,159.75,164.0,158.8,162.8,886665,4546685
2026-04-17 15:06:00+05:30,162.75,164.0,159.4,160.65,664625,4546685
2026-04-17 15:07:00+05:30,160.95,161.75,159.2,160.1,320255,4546685
2026-04-17 15:08:00+05:30,160.25,162.0,156.5,161.8,549250,4474145
2026-04-17 15:09:00+05:30,161.75,162.0,160.25,161.15,280475,4474145
2026-04-17 15:10:00+05:30,161.1,162.4,159.3,161.6,442260,4474145
2026-04-17 15:11:00+05:30,161.6,162.5,159.55,161.95,350220,4380675
2026-04-17 15:12:00+05:30,162.15,162.35,160.5,161.5,252395,4380675
2026-04-17 15:13:00+05:30,161.8,162.4,158.8,159.1,336895,4278105
2026-04-17 15:14:00+05:30,159.75,161.3,159.4,160.8,269035,4278105
2026-04-17 15:15:00+05:30,160.9,161.2,155.7,157.55,638755,4278105
2026-04-17 15:16:00+05:30,157.5,160.6,155.5,159.8,402935,4278105
2026-04-17 15:17:00+05:30,159.8,161.2,158.2,160.95,262405,3973450
2026-04-17 15:18:00+05:30,160.95,161.4,159.25,160.7,236860,3973450
2026-04-17 15:19:00+05:30,160.3,161.0,159.0,159.95,237510,3973450
2026-04-17 15:20:00+05:30,160.0,160.0,155.25,156.75,528450,3840980
2026-04-17 15:21:00+05:30,156.25,158.8,154.55,158.35,373490,3840980
2026-04-17 15:22:00+05:30,158.45,161.95,157.85,161.0,433875,3840980
2026-04-17 15:23:00+05:30,161.0,162.5,160.5,162.2,309270,3469440
2026-04-17 15:24:00+05:30,162.1,162.5,160.75,161.15,255905,3469440
2026-04-17 15:25:00+05:30,161.0,162.0,159.65,161.3,344500,3469440
2026-04-17 15:26:00+05:30,161.75,162.0,160.4,161.25,223340,3148860
2026-04-17 15:27:00+05:30,160.8,161.9,159.45,161.5,359385,3148860
2026-04-17 15:28:00+05:30,161.1,162.0,160.65,161.9,354575,3148860
2026-04-17 15:29:00+05:30,162.0,171.5,161.75,170.1,752505,2640235
2026-04-20 09:15:00+05:30,178.6,178.6,98.25,102.9,2360150,2603900
2026-04-20 09:16:00+05:30,102.85,112.0,87.85,96.65,2133105,3132415
2026-04-20 09:17:00+05:30,96.4,115.0,95.65,114.5,2010385,3132415
2026-04-20 09:18:00+05:30,114.35,119.55,104.0,108.85,1715935,3132415
2026-04-20 09:19:00+05:30,108.75,127.4,105.6,127.4,1508260,3951025
2026-04-20 09:20:00+05:30,127.1,136.8,125.45,134.4,2739945,3951025
2026-04-20 09:21:00+05:30,134.8,138.9,127.1,137.65,1862250,4549480
2026-04-20 09:22:00+05:30,137.65,145.85,135.0,142.8,1709630,4549480
2026-04-20 09:23:00+05:30,142.75,152.0,140.6,146.1,1474850,4549480
2026-04-20 09:24:00+05:30,146.35,152.45,144.1,148.5,1047800,4549480
2026-04-20 09:25:00+05:30,148.9,167.25,146.55,161.3,2188420,4502095
2026-04-20 09:26:00+05:30,161.1,164.0,144.0,146.2,1179945,4502095
2026-04-20 09:27:00+05:30,145.8,152.5,145.0,149.95,668265,4502095
2026-04-20 09:28:00+05:30,149.9,163.55,149.9,154.65,1326520,4528940
2026-04-20 09:29:00+05:30,154.6,156.55,146.9,147.25,673270,4528940
2026-04-20 09:30:00+05:30,147.4,152.75,140.8,143.1,911170,4528940
2026-04-20 09:31:00+05:30,142.85,145.35,138.6,141.55,858845,4443855
2026-04-20 09:32:00+05:30,141.2,144.0,126.25,130.7,1209000,4443855
2026-04-20 09:33:00+05:30,130.45,141.95,129.5,139.25,1388920,4443855
2026-04-20 09:34:00+05:30,138.9,140.0,128.5,133.35,840255,4984980
2026-04-20 09:35:00+05:30,133.0,137.35,128.5,133.85,771875,4984980
2026-04-20 09:36:00+05:30,134.0,138.65,125.9,129.1,872170,4984980
2026-04-20 09:37:00+05:30,128.95,132.1,126.7,128.8,429325,5381480
2026-04-20 09:38:00+05:30,128.8,133.0,123.1,126.0,821535,5381480
2026-04-20 09:39:00+05:30,125.9,129.85,123.9,128.5,586430,5381480
2026-04-20 09:40:00+05:30,128.55,129.4,124.15,127.85,534625,5711290
2026-04-20 09:41:00+05:30,127.8,133.2,120.15,120.85,954720,5711290
2026-04-20 09:42:00+05:30,120.55,124.75,115.7,120.5,1026545,5711290
2026-04-20 09:43:00+05:30,120.4,120.9,110.2,111.1,1016990,5963100
2026-04-20 09:44:00+05:30,111.1,112.4,105.0,106.2,1178190,5963100
2026-04-20 09:45:00+05:30,106.5,107.25,100.95,104.45,1094275,5963100
2026-04-20 09:46:00+05:30,104.4,105.55,100.45,100.6,585780,6407115
2026-04-20 09:47:00+05:30,100.95,101.0,96.85,99.0,972595,6407115
2026-04-20 09:48:00+05:30,99.0,100.85,97.35,99.4,544440,6407115
2026-04-20 09:49:00+05:30,99.5,102.95,98.8,100.2,613080,6543095
2026-04-20 09:50:00+05:30,100.25,101.3,96.8,99.8,606515,6543095
2026-04-20 09:51:00+05:30,99.65,104.85,98.7,101.95,636935,6543095
2026-04-20 09:52:00+05:30,101.65,107.0,101.4,105.2,919685,6782750
2026-04-20 09:53:00+05:30,105.1,114.0,105.1,110.2,1572610,6782750
2026-04-20 09:54:00+05:30,110.25,126.0,110.2,122.75,1907945,6488820
2026-04-20 09:55:00+05:30,123.1,129.0,117.35,125.6,2031380,6488820
2026-04-20 09:56:00+05:30,125.25,125.8,115.65,118.6,1214590,6488820
2026-04-20 09:57:00+05:30,118.0,121.65,115.0,117.2,748605,6488820
2026-04-20 09:58:00+05:30,117.2,118.8,113.75,116.95,607035,6503055
2026-04-20 09:59:00+05:30,116.9,123.0,115.1,120.55,705835,6503055
2026-04-20 10:00:00+05:30,120.9,123.5,116.55,121.5,646425,6503055
2026-04-20 10:01:00+05:30,121.8,125.0,118.4,119.4,802880,6680895
2026-04-20 10:02:00+05:30,119.35,127.6,117.25,126.6,1011660,6680895
2026-04-20 10:03:00+05:30,126.9,139.7,125.7,135.6,2677870,6680895
2026-04-20 10:04:00+05:30,135.35,136.0,127.25,134.85,1325090,6356350
2026-04-20 10:05:00+05:30,134.65,138.3,132.7,136.9,1049685,6356350
2026-04-20 10:06:00+05:30,136.75,137.5,130.2,133.5,703430,6356350
2026-04-20 10:07:00+05:30,133.15,140.0,132.75,138.9,1005355,6660745
2026-04-20 10:08:00+05:30,138.8,146.65,138.8,144.2,1806285,6660745
2026-04-20 10:09:00+05:30,144.3,153.7,142.6,149.75,1651195,6660745
2026-04-20 10:10:00+05:30,150.0,151.3,143.45,148.05,1175460,5989815
2026-04-20 10:11:00+05:30,148.05,148.55,144.4,146.15,474240,5989815
2026-04-20 10:12:00+05:30,146.2,149.85,138.8,140.15,783185,5989815
2026-04-20 10:13:00+05:30,140.25,145.4,139.05,145.05,513110,5821855
2026-04-20 10:14:00+05:30,145.1,149.7,140.9,147.25,701220,5821855
2026-04-20 10:15:00+05:30,147.1,150.9,143.45,150.25,733005,5821855
2026-04-20 10:16:00+05:30,150.5,154.65,149.5,151.75,1202695,5941325
2026-04-20 10:17:00+05:30,151.8,159.6,151.0,157.4,1381445,5941325
2026-04-20 10:18:00+05:30,157.4,159.75,150.05,155.55,957645,5941325
2026-04-20 10:19:00+05:30,155.0,155.8,150.0,153.5,468455,5580965
2026-04-20 10:20:00+05:30,152.95,156.65,146.8,147.65,648570,5580965
2026-04-20 10:21:00+05:30,148.0,151.0,141.75,150.6,788255,5524220
2026-04-20 10:22:00+05:30,150.25,155.5,149.2,152.1,682500,5524220
2026-04-20 10:23:00+05:30,151.75,156.45,150.05,156.25,452530,5524220
2026-04-20 10:24:00+05:30,155.55,163.5,155.35,156.9,1284855,5448625
2026-04-20 10:25:00+05:30,156.75,157.9,149.35,156.25,817960,5448625
2026-04-20 10:26:00+05:30,156.3,161.0,155.85,159.1,579280,5448625
2026-04-20 10:27:00+05:30,158.9,159.8,152.5,157.2,468910,5448625
2026-04-20 10:28:00+05:30,157.5,165.0,155.3,164.2,867165,5405075
2026-04-20 10:29:00+05:30,164.25,165.0,158.8,162.75,751660,5405075
2026-04-20 10:30:00+05:30,162.9,181.5,162.7,178.95,2354495,4335825
2026-04-20 10:31:00+05:30,179.25,185.0,175.3,181.0,1044940,4335825
2026-04-20 10:32:00+05:30,181.0,190.0,178.95,185.2,1125735,4335825
2026-04-20 10:33:00+05:30,185.3,188.2,179.3,185.65,528905,4335825
2026-04-20 10:34:00+05:30,185.3,186.75,177.3,180.3,371800,4011410
2026-04-20 10:35:00+05:30,180.35,185.55,178.3,182.7,366925,4011410
2026-04-20 10:36:00+05:30,183.55,186.0,179.0,180.4,329355,4011410
2026-04-20 10:37:00+05:30,180.05,187.0,179.3,182.85,304850,3996265
2026-04-20 10:38:00+05:30,183.1,183.7,176.4,176.9,307385,3996265
2026-04-20 10:39:00+05:30,176.95,181.25,172.0,180.1,496535,3996265
2026-04-20 10:40:00+05:30,180.15,188.0,179.4,185.75,524290,3932760
2026-04-20 10:41:00+05:30,186.0,187.0,181.6,183.6,246480,3932760
2026-04-20 10:42:00+05:30,183.2,185.0,179.6,184.2,211445,3932760
2026-04-20 10:43:00+05:30,184.0,184.6,180.0,183.8,129935,3890640
2026-04-20 10:44:00+05:30,183.8,186.45,182.4,182.75,213590,3890640
2026-04-20 10:45:00+05:30,182.35,182.65,176.0,176.1,379990,3890640
2026-04-20 10:46:00+05:30,176.15,177.8,170.4,173.4,370500,3806075
2026-04-20 10:47:00+05:30,173.5,182.4,172.0,179.9,375830,3806075
2026-04-20 10:48:00+05:30,179.65,183.3,179.0,182.2,197340,3806075
2026-04-20 10:49:00+05:30,181.8,182.25,176.0,179.9,149695,3845920
2026-04-20 10:50:00+05:30,179.65,180.4,171.4,172.3,240695,3845920
2026-04-20 10:51:00+05:30,172.4,173.5,167.0,169.15,311610,3845920
2026-04-20 10:52:00+05:30,168.65,177.85,168.5,173.2,290875,3779035
2026-04-20 10:53:00+05:30,173.0,176.65,172.15,176.0,121550,3779035
2026-04-20 10:54:00+05:30,176.35,179.0,173.15,175.45,161005,3779035
2026-04-20 10:55:00+05:30,175.5,176.3,168.75,171.2,247455,3808675
2026-04-20 10:56:00+05:30,170.8,173.4,168.85,172.65,117195,3808675
2026-04-20 10:57:00+05:30,172.9,178.0,172.85,176.05,203320,3808675
2026-04-20 10:58:00+05:30,176.05,179.5,174.3,178.65,220545,3796780
2026-04-20 10:59:00+05:30,178.75,179.5,176.0,178.5,202410,3796780
2026-04-20 11:00:00+05:30,178.25,178.75,169.0,174.25,314600,3796780
2026-04-20 11:01:00+05:30,174.1,176.1,170.7,172.8,116220,3836170
2026-04-20 11:02:00+05:30,172.7,175.05,169.05,171.7,144690,3836170
2026-04-20 11:03:00+05:30,171.7,178.0,170.05,177.6,127920,3836170
2026-04-20 11:04:00+05:30,177.6,185.05,175.55,183.0,349700,3812185
2026-04-20 11:05:00+05:30,183.05,185.0,179.3,184.1,287105,3812185
2026-04-20 11:06:00+05:30,184.15,187.25,175.5,177.6,410865,3741530
2026-04-20 11:07:00+05:30,177.6,181.1,177.0,178.5,171405,3741530
2026-04-20 11:08:00+05:30,178.45,179.55,170.3,171.65,212160,3741530
2026-04-20 11:09:00+05:30,171.65,171.75,166.0,167.4,320775,3741530
2026-04-20 11:10:00+05:30,167.7,170.5,160.7,167.85,660465,3647930
2026-04-20 11:11:00+05:30,168.1,169.8,165.3,166.65,230230,3647930
2026-04-20 11:12:00+05:30,166.4,172.9,166.35,169.2,291005,3647930
2026-04-20 11:13:00+05:30,169.35,171.8,167.05,171.35,171990,3788265
2026-04-20 11:14:00+05:30,171.35,171.75,162.9,163.0,282165,3788265
2026-04-20 11:15:00+05:30,163.25,174.2,162.6,173.35,223600,3788265
2026-04-20 11:16:00+05:30,173.65,177.5,169.55,169.85,368030,3795545
2026-04-20 11:17:00+05:30,169.8,175.8,169.6,175.0,131300,3795545
2026-04-20 11:18:00+05:30,174.85,182.7,173.95,179.8,337415,3795545
2026-04-20 11:19:00+05:30,179.35,180.0,173.55,176.95,173680,3752385
2026-04-20 11:20:00+05:30,177.4,180.1,175.7,179.4,137475,3752385
2026-04-20 11:21:00+05:30,179.7,183.5,176.3,182.5,188175,3752385
2026-04-20 11:22:00+05:30,182.55,184.5,177.0,182.8,229450,3733275
2026-04-20 11:23:00+05:30,182.45,190.0,180.1,189.2,358605,3733275
2026-04-20 11:24:00+05:30,189.6,200.95,186.6,197.7,1180790,3733275
2026-04-20 11:25:00+05:30,197.3,201.45,195.1,198.75,482885,3302910
2026-04-20 11:26:00+05:30,198.35,200.75,196.6,198.85,244660,3302910
2026-04-20 11:27:00+05:30,199.35,199.5,189.6,196.2,368160,3302910
2026-04-20 11:28:00+05:30,196.25,200.5,196.05,198.65,256750,3149965
2026-04-20 11:29:00+05:30,199.25,204.0,198.15,199.8,352950,3149965
2026-04-20 11:30:00+05:30,199.65,202.05,196.3,198.05,203255,3149965
2026-04-20 11:31:00+05:30,198.1,198.1,190.35,193.2,234585,3076840
2026-04-20 11:32:00+05:30,193.45,198.45,191.05,197.0,246090,3076840
2026-04-20 11:33:00+05:30,197.05,197.6,192.2,193.4,118235,3076840
2026-04-20 11:34:00+05:30,192.95,195.8,191.55,192.35,64025,3204435
2026-04-20 11:35:00+05:30,192.05,198.0,189.55,197.9,207025,3204435
2026-04-20 11:36:00+05:30,197.85,198.7,190.8,192.95,137865,3204435
2026-04-20 11:37:00+05:30,193.35,195.1,191.0,192.15,82875,3280355
2026-04-20 11:38:00+05:30,191.8,194.25,186.5,194.25,194805,3280355
2026-04-20 11:39:00+05:30,194.05,197.0,193.65,196.05,135785,3280355
2026-04-20 11:40:00+05:30,196.0,198.3,194.15,197.5,137865,3293290
2026-04-20 11:41:00+05:30,198.0,198.5,191.75,194.8,114465,3293290
2026-04-20 11:42:00+05:30,194.75,199.65,194.05,199.5,170950,3293290
2026-04-20 11:43:00+05:30,199.55,201.0,197.35,198.5,231985,3206190
2026-04-20 11:44:00+05:30,198.65,200.85,193.05,195.6,149630,3206190
2026-04-20 11:45:00+05:30,195.15,199.5,194.8,199.0,91390,3206190
2026-04-20 11:46:00+05:30,199.0,202.45,198.5,199.45,165165,3153020
2026-04-20 11:47:00+05:30,198.8,202.45,197.2,199.1,126555,3153020
2026-04-20 11:48:00+05:30,199.05,200.9,191.45,193.05,203255,3153020
2026-04-20 11:49:00+05:30,193.5,197.5,191.3,196.75,173940,3066050
2026-04-20 11:50:00+05:30,196.8,196.85,191.0,191.4,90545,3066050
2026-04-20 11:51:00+05:30,191.9,194.9,189.25,189.65,122785,3066050
2026-04-20 11:52:00+05:30,189.55,192.7,188.65,191.5,97825,3067545
2026-04-20 11:53:00+05:30,192.05,194.4,189.95,194.4,77805,3067545
2026-04-20 11:54:00+05:30,194.1,198.0,192.8,196.8,125775,3067545
2026-04-20 11:55:00+05:30,197.0,198.6,193.5,195.0,106275,3037710
2026-04-20 11:56:00+05:30,195.0,197.15,192.05,194.7,78715,3037710
2026-04-20 11:57:00+05:30,194.7,197.8,194.1,196.6,55055,3037710
2026-04-20 11:58:00+05:30,197.0,198.8,195.35,198.35,80730,2982005
2026-04-20 11:59:00+05:30,198.1,198.55,192.35,196.3,82615,2982005
2026-04-20 12:00:00+05:30,195.9,202.0,195.3,199.35,160745,2982005
2026-04-20 12:01:00+05:30,198.9,200.7,192.6,192.9,99580,2944370
2026-04-20 12:02:00+05:30,192.9,197.0,191.35,197.0,72735,2944370
2026-04-20 12:03:00+05:30,196.95,197.1,191.6,192.3,45240,2944370
2026-04-20 12:04:00+05:30,191.9,194.15,190.0,191.7,85540,2946970
2026-04-20 12:05:00+05:30,191.3,192.95,186.25,187.7,145275,2946970
2026-04-20 12:06:00+05:30,187.7,189.5,184.3,189.05,198510,2946970
2026-04-20 12:07:00+05:30,189.05,190.5,185.7,187.3,118040,2923635
2026-04-20 12:08:00+05:30,187.7,192.0,187.4,189.7,103155,2923635
2026-04-20 12:09:00+05:30,189.7,190.15,185.2,186.55,143325,2923635
2026-04-20 12:10:00+05:30,186.6,187.2,180.3,183.4,259870,2925585
2026-04-20 12:11:00+05:30,183.45,186.0,182.1,184.75,104455,2925585
2026-04-20 12:12:00+05:30,184.3,188.45,183.75,185.0,90545,2925585
2026-04-20 12:13:00+05:30,184.8,186.0,178.6,179.0,192595,2925585
2026-04-20 12:14:00+05:30,179.0,180.5,173.05,179.7,304590,2949700
2026-04-20 12:15:00+05:30,179.7,181.5,177.1,180.5,171015,2949700
2026-04-20 12:16:00+05:30,180.85,184.0,172.45,176.35,235235,3002740
2026-04-20 12:17:00+05:30,176.4,178.2,173.7,177.0,114075,3002740
2026-04-20 12:18:00+05:30,176.65,178.05,173.8,177.2,102830,3002740
2026-04-20 12:19:00+05:30,176.7,177.0,172.5,176.7,100295,3002740
2026-04-20 12:20:00+05:30,176.7,180.85,176.0,180.3,161915,3013075
2026-04-20 12:21:00+05:30,180.6,182.6,178.45,179.45,168025,3013075
2026-04-20 12:22:00+05:30,178.85,184.9,178.15,184.7,147290,3054480
2026-04-20 12:23:00+05:30,184.25,185.8,180.1,184.2,160160,3054480
2026-04-20 12:24:00+05:30,183.9,186.0,181.8,185.95,115960,3054480
2026-04-20 12:25:00+05:30,186.0,188.8,184.0,188.4,180505,3054480
2026-04-20 12:26:00+05:30,188.75,199.95,182.55,197.65,517335,3052010
2026-04-20 12:27:00+05:30,197.25,199.75,194.75,198.25,262210,3052010
2026-04-20 12:28:00+05:30,198.05,198.7,191.3,191.85,196755,2977585
2026-04-20 12:29:00+05:30,191.85,199.95,191.3,197.45,250445,2977585
2026-04-20 12:30:00+05:30,197.5,203.5,195.45,196.95,289380,2977585
2026-04-20 12:31:00+05:30,196.8,196.9,190.45,193.65,184145,2977585
2026-04-20 12:32:00+05:30,193.6,200.0,193.1,199.65,101140,2955810
2026-04-20 12:33:00+05:30,199.2,206.0,198.35,201.6,319605,2955810
2026-04-20 12:34:00+05:30,202.05,203.5,198.5,199.8,163410,2955810
2026-04-20 12:35:00+05:30,199.65,202.8,195.65,197.6,157950,2887625
2026-04-20 12:36:00+05:30,197.65,198.75,190.05,196.1,214955,2887625
2026-04-20 12:37:00+05:30,195.75,197.4,193.15,193.4,68705,2887625
2026-04-20 12:38:00+05:30,193.45,202.4,192.25,200.8,172835,2908945
2026-04-20 12:39:00+05:30,201.35,203.0,198.25,200.4,118495,2908945
2026-04-20 12:40:00+05:30,200.8,202.7,194.75,197.75,130520,2908945
2026-04-20 12:41:00+05:30,197.8,201.0,196.1,197.6,72930,2900560
2026-04-20 12:42:00+05:30,198.0,201.0,197.1,197.3,59995,2900560
2026-04-20 12:43:00+05:30,197.4,198.9,195.2,196.3,43615,2900560
2026-04-20 12:44:00+05:30,196.4,197.95,192.8,197.6,88985,2888470
2026-04-20 12:45:00+05:30,197.15,197.9,194.35,195.0,51155,2888470
2026-04-20 12:46:00+05:30,194.75,198.7,194.0,198.5,47320,2888470
2026-04-20 12:47:00+05:30,198.55,205.0,196.8,203.9,296400,2880475
2026-04-20 12:48:00+05:30,203.4,208.35,201.35,204.4,216255,2880475
2026-04-20 12:49:00+05:30,204.9,204.9,198.4,202.3,149240,2880475
2026-04-20 12:50:00+05:30,201.75,207.75,201.1,204.55,117650,2801370
2026-04-20 12:51:00+05:30,204.2,212.95,201.4,209.9,265785,2801370
2026-04-20 12:52:00+05:30,209.9,212.3,207.1,209.8,280345,2801370
2026-04-20 12:53:00+05:30,209.55,210.35,203.3,208.0,166660,2693990
2026-04-20 12:54:00+05:30,207.95,212.0,200.45,202.85,181415,2693990
2026-04-20 12:55:00+05:30,203.3,205.8,200.25,205.55,134355,2693990
2026-04-20 12:56:00+05:30,205.35,206.0,198.2,198.8,156715,2714790
2026-04-20 12:57:00+05:30,198.95,202.5,196.1,197.95,119145,2714790
2026-04-20 12:58:00+05:30,197.7,197.7,192.05,196.25,195195,2714790
2026-04-20 12:59:00+05:30,196.15,197.55,193.5,194.65,114465,2767245
2026-04-20 13:00:00+05:30,194.35,195.8,160.35,178.3,977470,2767245
2026-04-20 13:01:00+05:30,178.55,183.6,170.4,173.25,532740,2767245
2026-04-20 13:02:00+05:30,173.45,180.85,172.1,179.45,212290,2989610
2026-04-20 13:03:00+05:30,179.1,183.2,176.1,179.65,217360,2989610
2026-04-20 13:04:00+05:30,179.55,180.4,176.65,178.3,101335,2989610
2026-04-20 13:05:00+05:30,177.85,184.0,175.0,179.95,224575,3062410
2026-04-20 13:06:00+05:30,180.05,180.05,166.5,170.1,443105,3062410
2026-04-20 13:07:00+05:30,169.85,173.95,163.45,171.5,355875,3062410
2026-04-20 13:08:00+05:30,171.4,173.0,167.5,167.5,137410,3105635
2026-04-20 13:09:00+05:30,167.5,173.45,167.4,167.6,136435,3105635
2026-04-20 13:10:00+05:30,167.1,169.05,163.4,164.8,289380,3184545
2026-04-20 13:11:00+05:30,164.75,165.05,154.95,159.6,661895,3184545
2026-04-20 13:12:00+05:30,159.4,167.2,156.15,165.35,470275,3184545
2026-04-20 13:13:00+05:30,165.55,167.85,164.0,167.5,247000,3184545
2026-04-20 13:14:00+05:30,166.8,169.3,162.75,163.6,257075,3331055
2026-04-20 13:15:00+05:30,163.7,163.7,156.95,158.55,291655,3331055
2026-04-20 13:16:00+05:30,158.85,167.0,152.65,162.95,565825,3331055
2026-04-20 13:17:00+05:30,163.1,168.0,162.05,167.15,296075,3441750
2026-04-20 13:18:00+05:30,166.9,168.5,164.1,166.2,287885,3441750
2026-04-20 13:19:00+05:30,165.9,165.9,162.2,163.7,142285,3441750
2026-04-20 13:20:00+05:30,163.8,165.6,161.35,163.4,132795,3517865
2026-04-20 13:21:00+05:30,163.2,163.2,156.5,160.25,264550,3517865
2026-04-20 13:22:00+05:30,160.55,161.0,151.2,154.25,318565,3517865
2026-04-20 13:23:00+05:30,154.0,154.15,144.0,145.05,951925,3241030
2026-04-20 13:24:00+05:30,145.35,153.7,142.55,148.85,625170,3241030
2026-04-20 13:25:00+05:30,148.75,149.2,141.45,141.8,430105,3241030
2026-04-20 13:26:00+05:30,141.9,142.6,134.0,138.75,826735,3408795
2026-04-20 13:27:00+05:30,138.7,138.95,133.25,135.7,555165,3408795
2026-04-20 13:28:00+05:30,135.7,139.65,132.3,138.75,589030,3408795
2026-04-20 13:29:00+05:30,138.4,150.95,137.55,150.95,1025440,3779750
2026-04-20 13:30:00+05:30,150.55,154.85,147.0,149.35,1114555,3779750
2026-04-20 13:31:00+05:30,149.3,149.3,142.75,145.4,553605,3779750
2026-04-20 13:32:00+05:30,145.4,146.15,139.45,144.55,389480,3835325
2026-04-20 13:33:00+05:30,144.4,150.45,142.95,148.2,392860,3835325
2026-04-20 13:34:00+05:30,148.55,150.55,146.7,148.25,344435,3835325
2026-04-20 13:35:00+05:30,148.25,148.55,144.05,146.4,298350,3942705
2026-04-20 13:36:00+05:30,146.05,146.3,135.0,137.05,663845,3942705
2026-04-20 13:37:00+05:30,137.0,142.05,133.75,136.25,420680,4027205
2026-04-20 13:38:00+05:30,136.25,142.45,135.4,140.75,366730,4027205
2026-04-20 13:39:00+05:30,140.55,140.55,137.7,139.9,165035,4027205
2026-04-20 13:40:00+05:30,139.9,144.85,135.9,142.6,306735,4027205
2026-04-20 13:41:00+05:30,142.6,146.0,140.0,144.15,415285,4102150
2026-04-20 13:42:00+05:30,144.25,149.65,142.6,148.35,434265,4102150
2026-04-20 13:43:00+05:30,148.35,154.25,146.85,151.0,689975,4102150
2026-04-20 13:44:00+05:30,151.5,154.35,146.4,147.25,479505,4205045
2026-04-20 13:45:00+05:30,147.35,149.0,145.0,146.55,381550,4205045
2026-04-20 13:46:00+05:30,146.6,146.7,140.75,145.2,412945,4205045
2026-04-20 13:47:00+05:30,145.15,150.75,144.8,148.7,362050,4223180
2026-04-20 13:48:00+05:30,148.7,148.8,143.95,145.9,251745,4223180
2026-04-20 13:49:00+05:30,145.65,146.8,140.6,142.15,301990,4223180
2026-04-20 13:50:00+05:30,142.3,144.4,139.35,143.2,334685,4345250
2026-04-20 13:51:00+05:30,142.8,144.3,137.45,141.75,412425,4345250
2026-04-20 13:52:00+05:30,141.4,142.6,138.0,142.2,268125,4345250
2026-04-20 13:53:00+05:30,142.05,145.8,141.8,142.4,368290,4345835
2026-04-20 13:54:00+05:30,142.7,150.3,142.45,147.0,520000,4345835
2026-04-20 13:55:00+05:30,147.0,147.4,141.1,142.55,358670,4345835
2026-04-20 13:56:00+05:30,142.7,143.45,139.35,141.65,249470,4336345
2026-04-20 13:57:00+05:30,141.7,147.0,138.45,146.15,320580,4336345
2026-04-20 13:58:00+05:30,146.0,149.0,141.0,143.9,373880,4336345
2026-04-20 13:59:00+05:30,144.15,150.0,144.0,147.45,351715,4314050
2026-04-20 14:00:00+05:30,147.7,148.0,140.3,140.3,331305,4314050
2026-04-20 14:01:00+05:30,140.25,142.9,137.9,142.85,428285,4314050
2026-04-20 14:02:00+05:30,142.6,142.6,133.25,139.1,555165,4400175
2026-04-20 14:03:00+05:30,139.45,146.6,139.15,144.55,344240,4400175
2026-04-20 14:04:00+05:30,144.6,149.4,140.5,146.9,416585,4400175
2026-04-20 14:05:00+05:30,146.85,147.05,139.3,142.6,338520,4366765
2026-04-20 14:06:00+05:30,142.4,143.75,135.95,138.15,300365,4366765
2026-04-20 14:07:00+05:30,138.15,139.35,134.55,137.35,415740,4366765
2026-04-20 14:08:00+05:30,137.55,138.5,134.4,135.35,287885,4531735
2026-04-20 14:09:00+05:30,135.05,139.75,132.45,139.2,384410,4531735
2026-04-20 14:10:00+05:30,139.15,144.4,138.4,144.05,466505,4531735
2026-04-20 14:11:00+05:30,144.05,148.5,141.55,144.0,500890,4386460
2026-04-20 14:12:00+05:30,143.95,147.35,141.0,142.6,297115,4386460
2026-04-20 14:13:00+05:30,142.3,146.25,140.2,146.0,195325,4386460
2026-04-20 14:14:00+05:30,145.8,147.45,141.9,146.2,239070,4414280
2026-04-20 14:15:00+05:30,146.2,148.0,142.15,145.95,298610,4414280
2026-04-20 14:16:00+05:30,145.85,148.8,142.7,147.75,285285,4414280
2026-04-20 14:17:00+05:30,148.2,150.45,145.55,146.7,621855,4366310
2026-04-20 14:18:00+05:30,146.95,148.95,142.1,144.35,347295,4366310
2026-04-20 14:19:00+05:30,144.1,146.85,139.15,145.45,358020,4366310
2026-04-20 14:20:00+05:30,145.15,151.6,144.95,151.2,394485,4320680
2026-04-20 14:21:00+05:30,151.1,151.55,145.4,145.85,400010,4320680
2026-04-20 14:22:00+05:30,145.95,147.55,143.0,146.45,292240,4320680
2026-04-20 14:23:00+05:30,146.45,150.8,144.45,150.55,236405,4331015
2026-04-20 14:24:00+05:30,150.15,165.0,149.5,159.75,1576055,4331015
2026-04-20 14:25:00+05:30,159.75,170.0,159.3,163.45,1005810,4064515
2026-04-20 14:26:00+05:30,163.5,165.5,154.6,159.1,668395,4064515
2026-04-20 14:27:00+05:30,159.4,168.05,156.85,164.1,628160,4064515
2026-04-20 14:28:00+05:30,164.3,171.8,163.6,168.15,617630,4064515
2026-04-20 14:29:00+05:30,168.65,168.8,161.0,164.1,380250,3915600
2026-04-20 14:30:00+05:30,164.1,164.4,154.15,155.65,517140,3915600
2026-04-20 14:31:00+05:30,155.65,159.65,155.3,158.05,336375,3856515
2026-04-20 14:32:00+05:30,158.35,158.45,149.15,155.5,656435,3856515
2026-04-20 14:33:00+05:30,155.45,160.7,153.2,159.65,347490,3856515
2026-04-20 14:34:00+05:30,159.7,161.4,155.3,159.4,311805,3856515
2026-04-20 14:35:00+05:30,159.6,161.5,155.0,157.95,253565,3942835
2026-04-20 14:36:00+05:30,157.85,163.95,157.8,161.15,302965,3942835
2026-04-20 14:37:00+05:30,161.15,162.0,155.6,156.0,254670,3942835
2026-04-20 14:38:00+05:30,156.25,156.25,150.7,150.7,357955,3869840
2026-04-20 14:39:00+05:30,150.7,152.65,145.3,150.0,550290,3869840
2026-04-20 14:40:00+05:30,150.25,150.25,144.3,148.4,329615,3869840
2026-04-20 14:41:00+05:30,148.4,149.95,143.3,143.75,223340,3778515
2026-04-20 14:42:00+05:30,143.85,148.1,143.75,146.4,173550,3778515
2026-04-20 14:43:00+05:30,146.85,148.75,145.1,146.25,179530,3778515
2026-04-20 14:44:00+05:30,146.6,151.5,144.0,150.2,287170,3706560
2026-04-20 14:45:00+05:30,150.6,151.8,143.6,147.55,501475,3706560
2026-04-20 14:46:00+05:30,147.55,148.0,131.35,138.8,1174225,3706560
2026-04-20 14:47:00+05:30,138.75,140.85,132.5,134.35,495690,3748745
2026-04-20 14:48:00+05:30,133.95,139.75,133.0,138.65,375180,3748745
2026-04-20 14:49:00+05:30,139.15,146.0,138.35,145.7,479635,3748745
2026-04-20 14:50:00+05:30,145.4,146.8,140.7,143.8,431990,3760380
2026-04-20 14:51:00+05:30,143.45,147.35,142.5,146.3,254930,3760380
2026-04-20 14:52:00+05:30,146.3,149.0,146.05,147.95,301795,3760380
2026-04-20 14:53:00+05:30,147.25,148.3,145.2,147.3,191360,3645070
2026-04-20 14:54:00+05:30,147.0,151.95,145.95,150.3,291265,3645070
2026-04-20 14:55:00+05:30,150.25,153.8,144.4,146.55,522990,3645070
2026-04-20 14:56:00+05:30,146.6,148.95,145.25,146.8,332800,3686410
2026-04-20 14:57:00+05:30,146.75,149.0,142.7,143.3,419770,3686410
2026-04-20 14:58:00+05:30,143.5,148.0,143.0,147.55,169845,3686410
2026-04-20 14:59:00+05:30,147.9,152.35,146.65,148.2,462345,3603925
2026-04-20 15:00:00+05:30,149.05,164.0,148.6,156.25,1025505,3603925
2026-04-20 15:01:00+05:30,156.65,160.7,155.25,160.0,484185,3521895
2026-04-20 15:02:00+05:30,160.0,161.3,153.6,154.6,358995,3521895
2026-04-20 15:03:00+05:30,154.65,157.0,151.25,152.85,296400,3521895
2026-04-20 15:04:00+05:30,152.6,153.4,148.1,151.15,354900,3521895
2026-04-20 15:05:00+05:30,151.45,151.95,145.4,148.1,396500,3328975
2026-04-20 15:06:00+05:30,148.1,149.55,141.0,143.05,469885,3328975
2026-04-20 15:07:00+05:30,143.05,145.85,142.0,145.5,245375,3328975
2026-04-20 15:08:00+05:30,145.55,145.7,138.75,144.55,436800,3273270
2026-04-20 15:09:00+05:30,144.2,146.4,141.8,142.65,313755,3273270
2026-04-20 15:10:00+05:30,142.4,145.5,141.15,145.0,286390,3273270
2026-04-20 15:11:00+05:30,145.2,145.9,143.2,143.7,211705,3199495
2026-04-20 15:12:00+05:30,143.95,144.1,141.0,141.65,215540,3199495
2026-04-20 15:13:00+05:30,141.9,141.9,136.25,139.4,380835,3199495
2026-04-20 15:14:00+05:30,139.4,141.1,134.1,136.05,397410,3108560
2026-04-20 15:15:00+05:30,136.05,136.25,127.05,130.3,881660,3108560
2026-04-20 15:16:00+05:30,130.0,130.55,120.7,122.25,692835,3108560
2026-04-20 15:17:00+05:30,122.45,123.35,114.8,120.45,1056900,2971215
2026-04-20 15:18:00+05:30,120.4,120.45,103.9,108.8,1136330,2971215
2026-04-20 15:19:00+05:30,108.8,111.55,103.0,105.9,989755,2971215
2026-04-20 15:20:00+05:30,105.95,114.45,105.0,111.85,1158950,3016975
2026-04-20 15:21:00+05:30,111.85,111.85,108.4,110.55,478530,3016975
2026-04-20 15:22:00+05:30,110.45,112.65,107.9,108.55,564330,3016975
2026-04-20 15:23:00+05:30,108.75,109.75,106.1,107.4,485485,2922920
2026-04-20 15:24:00+05:30,107.7,107.95,100.05,102.8,821145,2922920
2026-04-20 15:25:00+05:30,103.05,110.45,102.95,108.9,922155,2922920
2026-04-20 15:26:00+05:30,108.7,111.55,108.35,110.0,673595,2665715
2026-04-20 15:27:00+05:30,110.0,113.0,109.0,112.0,559000,2665715
2026-04-20 15:28:00+05:30,111.95,112.3,107.15,107.65,630045,2665715
2026-04-20 15:29:00+05:30,107.75,109.2,105.8,106.25,759005,2241005
2026-04-21 09:15:00+05:30,128.15,128.15,72.65,116.0,4073680,3065790
2026-04-21 09:16:00+05:30,116.25,127.75,111.8,114.75,3158935,3065790
2026-04-21 09:17:00+05:30,114.65,125.0,112.6,120.3,1241175,3065790
2026-04-21 09:18:00+05:30,120.3,134.2,119.35,131.05,1892670,3065790
2026-04-21 09:19:00+05:30,130.75,139.9,127.0,137.65,1477580,3191500
2026-04-21 09:20:00+05:30,138.05,151.6,137.8,141.25,1806480,3191500
2026-04-21 09:21:00+05:30,141.4,147.45,133.35,135.25,808925,3191500
2026-04-21 09:22:00+05:30,135.35,145.45,128.15,140.25,1077050,2992795
2026-04-21 09:23:00+05:30,140.25,149.45,140.1,149.0,676325,2992795
2026-04-21 09:24:00+05:30,148.4,155.45,136.55,136.9,1155180,2992795
2026-04-21 09:25:00+05:30,137.2,141.5,124.65,140.0,1207180,3133910
2026-04-21 09:26:00+05:30,140.05,147.5,138.25,139.05,948350,3133910
2026-04-21 09:27:00+05:30,139.75,144.4,133.45,135.3,514995,3133910
2026-04-21 09:28:00+05:30,135.25,139.0,131.0,132.5,383955,3569475
2026-04-21 09:29:00+05:30,132.75,134.35,125.05,126.55,471900,3569475
2026-04-21 09:30:00+05:30,126.55,131.15,120.35,121.35,774605,3569475
2026-04-21 09:31:00+05:30,121.65,132.25,117.2,131.6,943475,3656510
2026-04-21 09:32:00+05:30,131.55,140.0,129.4,137.2,863135,3656510
2026-04-21 09:33:00+05:30,136.8,140.5,133.0,134.15,545025,3656510
2026-04-21 09:34:00+05:30,134.05,137.45,126.05,136.25,612755,3741920
2026-04-21 09:35:00+05:30,135.95,149.0,134.8,143.7,1481090,3741920
2026-04-21 09:36:00+05:30,143.85,148.75,132.25,136.95,926120,3741920
2026-04-21 09:37:00+05:30,137.0,142.25,134.5,137.5,409305,3621020
2026-04-21 09:38:00+05:30,137.0,151.0,137.0,145.3,859820,3621020
2026-04-21 09:39:00+05:30,145.35,146.65,137.7,140.25,417430,3621020
2026-04-21 09:40:00+05:30,140.7,141.6,126.35,127.85,682695,3608995
2026-04-21 09:41:00+05:30,127.6,137.0,125.3,136.25,612105,3608995
2026-04-21 09:42:00+05:30,136.2,141.65,132.55,132.8,559325,3608995
2026-04-21 09:43:00+05:30,132.5,132.7,123.15,131.5,737750,3706235
2026-04-21 09:44:00+05:30,131.8,141.15,131.1,137.25,544960,3706235
2026-04-21 09:45:00+05:30,137.35,175.0,136.6,172.5,2509975,2846610
2026-04-21 09:46:00+05:30,172.8,183.75,162.45,176.85,1998880,2846610
2026-04-21 09:47:00+05:30,177.2,178.75,162.55,166.95,642460,2846610
2026-04-21 09:48:00+05:30,166.75,175.0,165.1,171.1,395655,2846610
2026-04-21 09:49:00+05:30,170.85,172.6,166.9,169.7,222625,2664025
2026-04-21 09:50:00+05:30,169.7,178.95,168.5,177.95,409045,2664025
2026-04-21 09:51:00+05:30,178.05,179.7,167.6,169.7,367510,2664025
2026-04-21 09:52:00+05:30,170.0,172.2,157.25,158.5,461955,2609750
2026-04-21 09:53:00+05:30,158.6,163.0,155.75,159.55,326430,2609750
2026-04-21 09:54:00+05:30,159.2,166.95,152.7,165.4,438035,2609750
2026-04-21 09:55:00+05:30,165.4,168.0,160.0,164.8,309595,2640820
2026-04-21 09:56:00+05:30,164.85,166.95,158.05,159.95,207935,2640820
2026-04-21 09:57:00+05:30,159.2,169.6,157.4,166.8,279630,2640820
2026-04-21 09:58:00+05:30,166.9,167.7,161.5,163.5,211705,2628470
2026-04-21 09:59:00+05:30,164.55,168.0,163.0,168.0,138385,2628470
2026-04-21 10:00:00+05:30,168.35,173.3,165.35,170.05,363740,2628470
2026-04-21 10:01:00+05:30,170.5,172.9,164.8,167.2,238290,2649920
2026-04-21 10:02:00+05:30,166.15,169.55,163.05,164.15,166985,2649920
2026-04-21 10:03:00+05:30,164.5,177.85,163.25,175.75,370695,2649920
2026-04-21 10:04:00+05:30,176.7,183.55,173.5,182.55,607945,2575820
2026-04-21 10:05:00+05:30,182.85,185.0,173.6,179.4,640705,2575820
2026-04-21 10:06:00+05:30,179.2,182.0,170.65,179.5,296400,2575820
2026-04-21 10:07:00+05:30,179.8,187.25,179.0,182.25,419835,2544880
2026-04-21 10:08:00+05:30,182.3,191.0,180.35,186.45,458120,2544880
2026-04-21 10:09:00+05:30,186.65,188.95,182.1,188.55,212225,2544880
2026-04-21 10:10:00+05:30,189.0,189.15,178.25,184.3,320840,2287090
2026-04-21 10:11:00+05:30,184.35,185.0,173.65,176.65,282360,2287090
2026-04-21 10:12:00+05:30,176.1,181.55,175.95,179.2,125190,2287090
2026-04-21 10:13:00+05:30,178.75,183.75,178.0,181.0,149435,2291705
2026-04-21 10:14:00+05:30,181.05,181.45,173.35,176.45,143260,2291705
2026-04-21 10:15:00+05:30,176.45,182.35,176.3,179.85,202930,2291705
2026-04-21 10:16:00+05:30,180.1,182.85,174.0,177.0,184015,2245100
2026-04-21 10:17:00+05:30,177.0,177.35,171.6,175.9,107770,2245100
2026-04-21 10:18:00+05:30,175.5,176.15,169.3,171.25,154375,2245100
2026-04-21 10:19:00+05:30,171.0,174.7,165.6,166.35,154180,2213835
2026-04-21 10:20:00+05:30,166.25,167.05,159.1,165.75,394095,2213835
2026-04-21 10:21:00+05:30,165.3,167.15,158.05,164.9,168090,2225340
2026-04-21 10:22:00+05:30,164.85,164.85,158.0,158.75,146120,2225340
2026-04-21 10:23:00+05:30,158.8,160.65,155.4,157.75,208780,2225340
2026-04-21 10:24:00+05:30,158.0,161.0,157.05,160.55,122915,2225340
2026-04-21 10:25:00+05:30,160.5,161.4,152.05,159.0,270790,2289625
2026-04-21 10:26:00+05:30,158.5,161.1,155.0,157.65,157300,2289625
2026-04-21 10:27:00+05:30,156.75,159.75,150.5,151.6,190840,2289625
2026-04-21 10:28:00+05:30,151.3,157.05,149.5,151.4,215345,2291185
2026-04-21 10:29:00+05:30,151.5,159.0,149.25,157.0,159770,2291185
2026-04-21 10:30:00+05:30,156.75,164.0,155.5,163.8,427375,2363790
2026-04-21 10:31:00+05:30,163.8,173.0,163.65,168.3,570180,2363790
2026-04-21 10:32:00+05:30,168.6,171.0,161.55,163.45,272675,2363790
2026-04-21 10:33:00+05:30,162.95,180.4,162.45,174.8,491595,2363790
2026-04-21 10:34:00+05:30,174.65,192.7,173.3,188.9,532805,2203565
2026-04-21 10:35:00+05:30,189.3,199.0,188.3,195.75,514930,2203565
2026-04-21 10:36:00+05:30,196.35,197.35,190.75,194.3,260260,2203565
2026-04-21 10:37:00+05:30,194.3,194.45,186.0,188.15,213460,1959295
2026-04-21 10:38:00+05:30,188.05,191.4,186.55,189.75,107510,1959295
2026-04-21 10:39:00+05:30,190.2,196.0,189.05,194.3,163930,1959295
2026-04-21 10:40:00+05:30,194.45,195.25,191.5,194.4,160095,1972035
2026-04-21 10:41:00+05:30,195.0,195.9,179.2,179.75,347685,1972035
2026-04-21 10:42:00+05:30,179.3,186.65,178.0,183.55,239785,1927120
2026-04-21 10:43:00+05:30,184.7,188.7,183.6,187.5,169195,1927120
2026-04-21 10:44:00+05:30,187.35,189.75,185.55,187.05,90480,1927120
2026-04-21 10:45:00+05:30,187.1,194.0,187.1,191.3,135655,1927120
2026-04-21 10:46:00+05:30,191.0,191.65,185.0,187.55,118560,1920360
2026-04-21 10:47:00+05:30,187.45,188.0,182.15,184.35,116545,1920360
2026-04-21 10:48:00+05:30,184.35,187.0,181.4,186.2,105105,1920360
2026-04-21 10:49:00+05:30,186.3,188.6,185.65,187.15,62530,1948635
2026-04-21 10:50:00+05:30,187.95,188.8,183.15,186.8,77675,1948635
2026-04-21 10:51:00+05:30,187.2,199.0,186.7,198.3,231530,1948635
2026-04-21 10:52:00+05:30,197.85,198.6,191.45,193.65,194545,1925040
2026-04-21 10:53:00+05:30,193.25,195.5,190.2,194.5,136630,1925040
2026-04-21 10:54:00+05:30,194.4,202.5,193.85,199.2,300560,1925040
2026-04-21 10:55:00+05:30,199.85,210.65,199.25,202.95,419965,1763125
2026-04-21 10:56:00+05:30,203.45,206.9,200.75,202.4,121225,1763125
2026-04-21 10:57:00+05:30,202.8,205.0,199.05,205.0,130390,1763125
2026-04-21 10:58:00+05:30,204.25,217.2,203.6,212.35,406705,1721005
2026-04-21 10:59:00+05:30,212.85,218.95,207.35,210.8,222300,1721005
2026-04-21 11:00:00+05:30,211.05,213.4,205.4,211.95,266695,1721005
2026-04-21 11:01:00+05:30,212.0,212.7,199.5,201.3,284115,1616160
2026-04-21 11:02:00+05:30,201.3,205.4,198.45,204.9,113230,1616160
2026-04-21 11:03:00+05:30,204.55,206.45,202.85,205.1,67925,1615250
2026-04-21 11:04:00+05:30,205.2,211.0,204.5,210.05,74165,1615250
2026-04-21 11:05:00+05:30,209.9,215.3,208.8,213.3,262535,1615250
2026-04-21 11:06:00+05:30,213.5,215.0,208.3,212.05,263185,1615250
2026-04-21 11:07:00+05:30,212.1,216.85,211.35,213.3,109460,1594710
2026-04-21 11:08:00+05:30,213.3,216.55,212.0,214.1,289185,1594710
2026-04-21 11:09:00+05:30,214.55,216.0,208.0,209.05,117845,1594710
2026-04-21 11:10:00+05:30,209.35,209.4,201.55,204.9,105820,1559415
2026-04-21 11:11:00+05:30,205.0,207.7,203.8,205.5,68380,1559415
2026-04-21 11:12:00+05:30,205.7,208.8,205.2,208.6,46540,1559415
2026-04-21 11:13:00+05:30,208.55,212.45,206.3,208.0,126945,1569360
2026-04-21 11:14:00+05:30,208.0,212.2,208.0,210.35,40885,1569360
2026-04-21 11:15:00+05:30,209.6,211.35,206.0,206.5,41730,1569360
2026-04-21 11:16:00+05:30,206.95,207.4,202.15,202.4,67015,1561430
2026-04-21 11:17:00+05:30,202.1,208.0,201.0,205.8,73190,1561430
2026-04-21 11:18:00+05:30,206.6,209.0,203.8,205.35,48100,1561430
2026-04-21 11:19:00+05:30,205.75,207.4,204.5,205.25,18460,1563835
2026-04-21 11:20:00+05:30,205.5,206.4,203.0,203.7,33475,1563835
2026-04-21 11:21:00+05:30,203.95,205.0,200.2,201.15,54470,1563835
2026-04-21 11:22:00+05:30,200.8,201.6,195.2,198.8,127920,1551615
2026-04-21 11:23:00+05:30,198.55,200.5,195.0,198.0,55510,1551615
2026-04-21 11:24:00+05:30,198.3,201.8,197.4,198.75,57330,1551615
2026-04-21 11:25:00+05:30,199.1,201.95,198.0,199.0,45760,1573780
2026-04-21 11:26:00+05:30,198.45,198.5,194.05,195.2,55510,1573780
2026-04-21 11:27:00+05:30,195.5,197.05,190.0,192.45,103220,1573780
2026-04-21 11:28:00+05:30,192.75,193.25,184.85,191.35,162565,1563575
2026-04-21 11:29:00+05:30,191.25,193.8,190.0,191.95,62985,1563575
2026-04-21 11:30:00+05:30,191.95,194.3,187.65,189.2,68250,1563575
2026-04-21 11:31:00+05:30,188.95,192.05,185.0,185.4,66040,1584960
2026-04-21 11:32:00+05:30,185.3,189.45,178.55,180.1,149045,1584960
2026-04-21 11:33:00+05:30,180.55,184.45,176.6,180.3,205855,1584960
2026-04-21 11:34:00+05:30,180.8,183.2,177.4,179.1,101400,1617200
2026-04-21 11:35:00+05:30,179.1,179.55,170.5,173.55,198705,1617200
2026-04-21 11:36:00+05:30,173.15,186.4,171.9,183.5,333255,1617200
2026-04-21 11:37:00+05:30,183.0,187.15,179.15,183.6,123955,1607060
2026-04-21 11:38:00+05:30,183.95,190.0,183.35,189.3,146120,1607060
2026-04-21 11:39:00+05:30,188.55,191.0,183.45,183.5,198445,1607060
2026-04-21 11:40:00+05:30,183.9,186.45,181.1,185.6,229190,1710800
2026-04-21 11:41:00+05:30,185.0,188.5,183.1,183.5,76440,1710800
2026-04-21 11:42:00+05:30,183.85,188.8,181.65,185.7,203385,1710800
2026-04-21 11:43:00+05:30,185.65,189.45,185.5,187.7,52000,1824095
2026-04-21 11:44:00+05:30,187.65,193.0,186.25,192.5,133055,1824095
2026-04-21 11:45:00+05:30,192.2,195.95,190.85,194.35,176280,1824095
2026-04-21 11:46:00+05:30,194.65,199.9,194.45,199.2,339560,1709695
2026-04-21 11:47:00+05:30,199.35,202.7,196.8,200.45,289445,1709695
2026-04-21 11:48:00+05:30,199.95,200.5,191.85,196.85,109850,1709695
2026-04-21 11:49:00+05:30,196.9,197.25,190.45,194.05,75985,1607710
2026-04-21 11:50:00+05:30,194.0,197.45,183.1,183.75,200330,1607710
2026-04-21 11:51:00+05:30,183.25,193.5,182.4,186.9,165490,1607710
2026-04-21 11:52:00+05:30,187.5,188.6,179.5,186.7,137735,1590550
2026-04-21 11:53:00+05:30,185.7,190.55,185.5,188.5,71110,1590550
2026-04-21 11:54:00+05:30,188.1,191.35,187.0,190.85,54015,1590550
2026-04-21 11:55:00+05:30,189.95,193.0,189.1,192.7,54080,1613495
2026-04-21 11:56:00+05:30,192.4,196.95,191.25,195.4,104845,1613495
2026-04-21 11:57:00+05:30,195.45,195.6,183.4,187.05,140595,1613495
2026-04-21 11:58:00+05:30,187.3,189.55,181.2,183.55,94510,1617005
2026-04-21 11:59:00+05:30,183.25,191.55,180.95,191.55,95680,1617005
2026-04-21 12:00:00+05:30,190.8,195.4,185.85,189.55,97240,1617005
2026-04-21 12:01:00+05:30,189.7,196.0,188.45,195.55,78130,1617005
2026-04-21 12:02:00+05:30,196.0,200.6,195.65,198.3,144820,1601860
2026-04-21 12:03:00+05:30,197.65,204.0,197.25,200.8,132015,1601860
2026-04-21 12:04:00+05:30,201.0,204.3,200.3,201.4,88075,1601860
2026-04-21 12:05:00+05:30,202.05,202.6,196.35,198.0,101400,1589055
2026-04-21 12:06:00+05:30,197.15,204.0,196.7,203.0,83850,1589055
2026-04-21 12:07:00+05:30,203.1,205.55,201.25,204.6,93860,1589055
2026-04-21 12:08:00+05:30,204.55,207.45,200.9,200.9,122005,1581775
2026-04-21 12:09:00+05:30,200.3,204.2,199.35,204.0,72605,1581775
2026-04-21 12:10:00+05:30,203.85,215.0,203.45,211.4,198835,1524445
2026-04-21 12:11:00+05:30,211.15,218.05,208.8,216.7,244660,1524445
2026-04-21 12:12:00+05:30,216.3,218.0,212.4,212.85,114725,1524445
2026-04-21 12:13:00+05:30,212.5,220.85,212.5,217.7,338000,1524445
2026-04-21 12:14:00+05:30,217.45,218.5,213.6,214.6,158405,1482455
2026-04-21 12:15:00+05:30,214.6,217.5,213.75,213.85,56420,1482455
2026-04-21 12:16:00+05:30,213.85,215.2,210.35,212.95,78130,1482455
2026-04-21 12:17:00+05:30,213.0,213.0,205.0,205.9,102180,1452620
2026-04-21 12:18:00+05:30,205.0,212.7,203.8,212.7,78585,1452620
2026-04-21 12:19:00+05:30,212.0,219.95,211.85,216.4,126425,1444430
2026-04-21 12:20:00+05:30,216.4,218.3,210.25,217.35,92040,1444430
2026-04-21 12:21:00+05:30,217.35,222.55,215.6,216.6,131040,1444430
2026-04-21 12:22:00+05:30,216.35,221.4,215.35,221.0,56875,1444430
2026-04-21 12:23:00+05:30,220.05,232.8,219.75,225.8,255840,1431755
2026-04-21 12:24:00+05:30,225.55,227.0,213.95,219.0,137995,1431755
2026-04-21 12:25:00+05:30,219.0,221.45,214.35,218.7,113750,1431755
2026-04-21 12:26:00+05:30,219.6,221.0,216.8,218.2,52715,1403545
2026-04-21 12:27:00+05:30,218.35,218.4,213.5,214.6,52845,1403545
2026-04-21 12:28:00+05:30,215.0,216.6,210.25,213.0,103610,1403545
2026-04-21 12:29:00+05:30,213.8,215.6,209.65,213.5,131495,1405170
2026-04-21 12:30:00+05:30,212.75,216.75,212.15,216.75,71760,1405170
2026-04-21 12:31:00+05:30,216.8,220.45,215.25,219.35,174850,1405170
2026-04-21 12:32:00+05:30,220.2,221.1,214.25,215.5,115440,1424670
2026-04-21 12:33:00+05:30,216.2,218.2,206.5,207.0,101270,1424670
2026-04-21 12:34:00+05:30,207.25,209.75,200.9,202.35,118820,1424670
2026-04-21 12:35:00+05:30,202.95,207.6,200.75,206.7,78325,1414465
2026-04-21 12:36:00+05:30,207.55,212.65,207.3,209.4,78130,1414465
2026-04-21 12:37:00+05:30,209.35,213.3,209.3,211.75,40040,1414465
2026-04-21 12:38:00+05:30,211.45,213.0,207.25,209.05,40885,1422265
2026-04-21 12:39:00+05:30,209.2,210.85,205.35,209.85,36660,1422265
2026-04-21 12:40:00+05:30,209.85,210.2,205.8,207.75,19890,1422265
2026-04-21 12:41:00+05:30,207.5,210.2,205.8,207.1,40820,1414075
2026-04-21 12:42:00+05:30,206.75,210.2,206.2,207.9,22490,1414075
2026-04-21 12:43:00+05:30,207.9,208.2,203.6,207.05,51025,1414075
2026-04-21 12:44:00+05:30,206.75,206.75,202.0,203.05,29965,1412775
2026-04-21 12:45:00+05:30,203.4,204.75,193.75,198.75,123630,1412775
2026-04-21 12:46:00+05:30,198.4,199.8,185.95,191.0,164385,1412775
2026-04-21 12:47:00+05:30,190.6,192.0,178.85,183.25,209755,1403220
2026-04-21 12:48:00+05:30,183.05,188.8,182.45,185.85,131040,1403220
2026-04-21 12:49:00+05:30,185.0,192.3,183.5,190.2,125190,1403220
2026-04-21 12:50:00+05:30,189.1,191.0,184.9,187.45,91650,1436110
2026-04-21 12:51:00+05:30,186.95,189.0,180.8,184.15,87620,1436110
2026-04-21 12:52:00+05:30,183.5,196.0,183.5,188.8,142025,1436110
2026-04-21 12:53:00+05:30,189.05,193.7,184.15,191.85,270465,1450670
2026-04-21 12:54:00+05:30,192.6,193.9,189.0,190.15,82095,1450670
2026-04-21 12:55:00+05:30,189.6,198.45,188.3,197.45,73840,1450670
2026-04-21 12:56:00+05:30,197.55,198.65,192.0,195.85,83265,1450865
2026-04-21 12:57:00+05:30,196.55,198.35,186.05,188.15,111215,1450865
2026-04-21 12:58:00+05:30,188.7,194.0,188.35,192.2,68835,1450865
2026-04-21 12:59:00+05:30,192.5,193.45,188.3,191.0,42640,1452100
2026-04-21 13:00:00+05:30,191.2,194.4,189.0,191.4,46605,1452100
2026-04-21 13:01:00+05:30,192.0,193.0,178.85,183.1,188240,1452100
2026-04-21 13:02:00+05:30,183.6,184.3,177.4,184.0,99385,1447875
2026-04-21 13:03:00+05:30,183.6,186.9,181.5,186.15,74230,1447875
2026-04-21 13:04:00+05:30,186.55,186.6,175.25,177.85,81835,1447875
2026-04-21 13:05:00+05:30,177.5,184.3,173.6,183.1,129935,1448070
2026-04-21 13:06:00+05:30,183.75,185.3,181.0,183.6,70265,1448070
2026-04-21 13:07:00+05:30,183.6,188.0,180.0,183.45,92950,1448070
2026-04-21 13:08:00+05:30,183.15,186.65,180.6,184.75,35295,1453985
2026-04-21 13:09:00+05:30,185.5,189.15,181.85,181.85,87360,1453985
2026-04-21 13:10:00+05:30,182.15,183.3,172.25,179.25,148005,1453985
2026-04-21 13:11:00+05:30,179.3,186.0,179.25,184.9,70525,1450410
2026-04-21 13:12:00+05:30,185.55,194.2,185.55,192.65,156585,1450410
2026-04-21 13:13:00+05:30,192.85,193.8,189.0,192.9,91260,1450410
2026-04-21 13:14:00+05:30,192.7,196.7,191.35,193.6,104455,1443325
2026-04-21 13:15:00+05:30,193.0,200.8,193.0,199.0,169780,1443325
2026-04-21 13:16:00+05:30,199.1,211.3,199.1,207.55,271050,1443325
2026-04-21 13:17:00+05:30,207.55,209.0,200.45,204.0,108160,1399775
2026-04-21 13:18:00+05:30,203.65,204.3,199.6,200.9,110435,1399775
2026-04-21 13:19:00+05:30,201.15,201.2,194.75,199.0,127465,1399775
2026-04-21 13:20:00+05:30,198.8,206.8,195.7,204.35,147030,1477060
2026-04-21 13:21:00+05:30,204.35,205.5,198.8,201.25,73710,1477060
2026-04-21 13:22:00+05:30,201.65,202.25,194.5,196.25,133900,1477060
2026-04-21 13:23:00+05:30,196.15,201.25,195.6,198.9,241410,1499485
2026-04-21 13:24:00+05:30,198.95,199.95,195.35,199.1,135525,1499485
2026-04-21 13:25:00+05:30,199.6,201.7,197.0,200.45,185835,1499485
2026-04-21 13:26:00+05:30,200.35,203.0,199.8,203.0,115505,1811810
2026-04-21 13:27:00+05:30,203.0,204.3,200.2,202.0,92690,1811810
2026-04-21 13:28:00+05:30,201.55,204.4,199.9,202.2,69160,1811810
2026-04-21 13:29:00+05:30,201.5,206.15,196.3,203.0,106600,1839435
2026-04-21 13:30:00+05:30,203.45,207.0,202.05,206.5,303550,1839435
2026-04-21 13:31:00+05:30,206.7,209.0,204.7,208.25,327925,1839435
2026-04-21 13:32:00+05:30,208.0,221.4,206.3,218.85,366015,1412775
2026-04-21 13:33:00+05:30,219.05,223.45,216.1,217.3,164255,1412775
2026-04-21 13:34:00+05:30,217.0,219.0,211.35,216.4,90870,1412775
2026-04-21 13:35:00+05:30,215.95,217.75,210.1,213.55,92690,1392365
2026-04-21 13:36:00+05:30,213.5,214.75,199.7,202.3,105430,1392365
2026-04-21 13:37:00+05:30,201.95,203.9,193.3,194.85,143715,1392365
2026-04-21 13:38:00+05:30,194.95,197.25,190.0,196.3,139295,1393925
2026-04-21 13:39:00+05:30,197.6,201.6,195.25,199.15,179790,1393925
2026-04-21 13:40:00+05:30,199.8,203.0,197.3,200.9,83070,1393925
2026-04-21 13:41:00+05:30,200.65,201.95,193.4,194.35,56615,1394575
2026-04-21 13:42:00+05:30,194.1,195.5,184.25,187.8,145210,1394575
2026-04-21 13:43:00+05:30,188.0,188.1,166.0,170.65,376740,1394575
2026-04-21 13:44:00+05:30,170.4,180.0,169.65,178.65,205660,1438255
2026-04-21 13:45:00+05:30,178.45,181.1,172.5,180.9,156975,1438255
2026-04-21 13:46:00+05:30,181.05,186.0,179.35,184.5,319410,1438255
2026-04-21 13:47:00+05:30,184.5,185.1,173.0,180.0,316290,1426555
2026-04-21 13:48:00+05:30,180.3,182.55,175.05,181.15,89570,1426555
2026-04-21 13:49:00+05:30,181.3,187.0,179.05,186.05,90480,1426555
2026-04-21 13:50:00+05:30,185.9,189.85,182.6,183.0,143520,1421355
2026-04-21 13:51:00+05:30,182.55,197.0,182.15,196.35,163345,1421355
2026-04-21 13:52:00+05:30,196.15,201.0,194.25,196.05,146900,1421355
2026-04-21 13:53:00+05:30,196.4,199.65,193.2,194.35,68120,1399515
2026-04-21 13:54:00+05:30,194.4,199.9,191.1,198.85,93925,1399515
2026-04-21 13:55:00+05:30,198.65,210.0,198.2,208.6,209560,1399515
2026-04-21 13:56:00+05:30,208.6,215.9,208.35,211.05,170560,1363375
2026-04-21 13:57:00+05:30,211.55,212.2,206.55,207.35,84955,1363375
2026-04-21 13:58:00+05:30,207.9,213.25,207.7,208.65,70395,1363375
2026-04-21 13:59:00+05:30,208.75,210.25,205.3,208.1,65130,1375140
2026-04-21 14:00:00+05:30,208.4,209.25,198.4,199.7,137085,1375140
2026-04-21 14:01:00+05:30,198.65,203.7,194.1,199.15,130000,1375140
2026-04-21 14:02:00+05:30,199.05,201.0,192.15,198.45,257660,1392950
2026-04-21 14:03:00+05:30,198.3,203.55,196.6,197.65,226590,1392950
2026-04-21 14:04:00+05:30,197.4,199.35,190.5,192.8,164515,1392950
2026-04-21 14:05:00+05:30,192.5,192.6,186.15,188.0,115960,1534390
2026-04-21 14:06:00+05:30,188.05,191.1,180.1,184.2,128895,1534390
2026-04-21 14:07:00+05:30,184.0,188.6,183.4,185.75,57525,1534390
2026-04-21 14:08:00+05:30,185.4,191.9,181.55,181.7,115895,1532830
2026-04-21 14:09:00+05:30,181.8,183.85,177.0,182.65,115440,1532830
2026-04-21 14:10:00+05:30,182.05,184.7,176.5,181.6,99515,1532830
2026-04-21 14:11:00+05:30,181.75,182.55,172.9,178.55,118690,1557790
2026-04-21 14:12:00+05:30,180.0,187.15,178.55,186.85,122395,1557790
2026-04-21 14:13:00+05:30,186.85,193.45,182.55,188.5,168610,1557790
2026-04-21 14:14:00+05:30,188.85,191.75,184.7,186.4,100230,1535560
2026-04-21 14:15:00+05:30,186.75,196.0,184.0,193.2,101790,1535560
2026-04-21 14:16:00+05:30,193.6,201.4,193.6,201.2,265395,1535560
2026-04-21 14:17:00+05:30,201.5,208.65,200.55,207.55,187395,1434030
2026-04-21 14:18:00+05:30,207.35,212.3,206.1,208.95,220610,1434030
2026-04-21 14:19:00+05:30,209.3,210.3,202.1,203.9,220025,1434030
2026-04-21 14:20:00+05:30,205.55,214.2,205.55,209.5,136825,1308515
2026-04-21 14:21:00+05:30,210.0,222.0,206.3,218.35,140790,1308515
2026-04-21 14:22:00+05:30,218.15,239.8,216.45,236.95,300690,1308515
2026-04-21 14:23:00+05:30,237.4,238.6,224.8,230.25,146770,1247025
2026-04-21 14:24:00+05:30,229.8,234.9,225.7,234.3,70460,1247025
2026-04-21 14:25:00+05:30,234.3,235.0,217.15,222.5,246090,1247025
2026-04-21 14:26:00+05:30,221.95,228.15,212.9,224.05,252330,1243580
2026-04-21 14:27:00+05:30,224.2,225.3,216.1,217.35,62010,1243580
2026-04-21 14:28:00+05:30,216.4,227.4,216.35,223.7,79820,1243580
2026-04-21 14:29:00+05:30,223.8,226.0,221.3,225.05,39585,1233700
2026-04-21 14:30:00+05:30,224.9,225.65,212.85,216.3,84045,1233700
2026-04-21 14:31:00+05:30,216.5,217.15,209.25,213.2,58760,1233700
2026-04-21 14:32:00+05:30,213.2,220.0,210.9,215.55,61165,1221025
2026-04-21 14:33:00+05:30,215.05,217.15,210.75,212.35,27690,1221025
2026-04-21 14:34:00+05:30,212.1,212.9,203.85,204.45,69615,1221025
2026-04-21 14:35:00+05:30,203.5,207.65,198.5,206.25,111215,1214590
2026-04-21 14:36:00+05:30,206.25,211.2,203.3,206.95,96330,1214590
2026-04-21 14:37:00+05:30,208.0,214.0,206.0,206.9,82810,1214590
2026-04-21 14:38:00+05:30,206.7,206.95,198.2,205.0,90545,1227915
2026-04-21 14:39:00+05:30,204.95,204.95,196.15,197.45,71500,1227915
2026-04-21 14:40:00+05:30,197.0,205.4,194.1,202.65,113230,1227915
2026-04-21 14:41:00+05:30,204.2,207.4,193.1,196.35,69485,1233960
2026-04-21 14:42:00+05:30,195.85,198.65,186.0,187.85,113620,1233960
2026-04-21 14:43:00+05:30,187.95,191.4,176.0,190.05,283855,1233960
2026-04-21 14:44:00+05:30,189.65,194.55,182.0,183.35,182520,1223820
2026-04-21 14:45:00+05:30,185.15,191.65,184.3,189.6,83330,1223820
2026-04-21 14:46:00+05:30,189.1,191.0,182.65,188.55,82160,1223820
2026-04-21 14:47:00+05:30,189.05,201.55,187.65,200.65,198640,1237730
2026-04-21 14:48:00+05:30,200.7,202.45,193.0,196.3,105430,1237730
2026-04-21 14:49:00+05:30,195.55,205.6,194.0,203.1,115245,1237730
2026-04-21 14:50:00+05:30,203.0,213.95,201.75,213.35,170820,1203800
2026-04-21 14:51:00+05:30,213.35,215.9,206.0,208.7,158015,1203800
2026-04-21 14:52:00+05:30,209.2,213.05,205.6,209.7,92625,1203800
2026-04-21 14:53:00+05:30,209.25,212.0,206.05,210.9,56485,1156350
2026-04-21 14:54:00+05:30,210.7,215.85,208.55,213.15,82420,1156350
2026-04-21 14:55:00+05:30,213.55,219.45,211.6,216.25,86580,1156350
2026-04-21 14:56:00+05:30,217.6,226.5,216.8,224.15,125580,1150890
2026-04-21 14:57:00+05:30,224.25,227.0,216.75,216.75,101595,1150890
2026-04-21 14:58:00+05:30,216.5,220.55,212.2,220.0,130975,1150890
2026-04-21 14:59:00+05:30,220.5,223.0,215.15,219.15,47580,1117025
2026-04-21 15:00:00+05:30,218.9,244.0,218.45,238.7,322140,1117025
2026-04-21 15:01:00+05:30,238.7,244.3,228.35,230.25,155480,1063725
2026-04-21 15:02:00+05:30,230.0,232.45,213.9,222.85,212875,1063725
2026-04-21 15:03:00+05:30,222.4,229.9,220.0,222.95,149240,1063725
2026-04-21 15:04:00+05:30,224.0,224.8,217.0,223.85,113490,1063725
2026-04-21 15:05:00+05:30,223.65,227.2,221.6,222.85,77935,1063855
2026-04-21 15:06:00+05:30,223.3,224.6,220.0,222.55,42705,1063855
2026-04-21 15:07:00+05:30,222.45,229.7,220.05,225.9,81965,1063855
2026-04-21 15:08:00+05:30,225.95,226.4,220.3,222.9,90285,1046565
2026-04-21 15:09:00+05:30,223.35,224.95,220.85,223.8,40365,1046565
2026-04-21 15:10:00+05:30,223.0,223.5,220.5,223.0,29185,1046565
2026-04-21 15:11:00+05:30,223.6,226.3,223.0,224.4,41665,1028625
2026-04-21 15:12:00+05:30,225.05,225.1,222.1,223.55,27625,1028625
2026-04-21 15:13:00+05:30,223.4,224.55,222.1,223.15,18980,1028625
2026-04-21 15:14:00+05:30,224.0,224.55,220.9,223.0,34255,999765
2026-04-21 15:15:00+05:30,222.95,225.0,221.3,224.3,61100,999765
2026-04-21 15:16:00+05:30,224.25,228.6,224.25,228.3,70200,999765
2026-04-21 15:17:00+05:30,228.6,230.95,226.5,228.3,89570,936910
2026-04-21 15:18:00+05:30,229.3,229.5,225.6,226.75,38805,936910
2026-04-21 15:19:00+05:30,227.6,228.0,226.5,226.9,30485,936910
2026-04-21 15:20:00+05:30,226.75,229.0,226.7,226.75,24115,894205
2026-04-21 15:21:00+05:30,227.35,228.8,226.6,227.85,18395,894205
2026-04-21 15:22:00+05:30,227.75,228.25,226.55,226.75,26650,894205
2026-04-21 15:23:00+05:30,226.8,228.0,226.15,227.95,24830,894205
2026-04-21 15:24:00+05:30,227.95,228.25,227.2,227.25,25870,866060
2026-04-21 15:25:00+05:30,227.2,228.1,226.45,226.9,46410,866060
2026-04-21 15:26:00+05:30,226.85,227.15,225.7,226.0,27495,866060
2026-04-21 15:27:00+05:30,226.5,227.0,225.9,226.35,21255,830050
2026-04-21 15:28:00+05:30,226.5,227.0,226.1,226.2,22815,830050
2026-04-21 15:29:00+05:30,226.85,227.0,225.55,226.05,39520,830050
