timestamp,open,high,low,close,volume,open_interest
2025-12-16 09:15:00+05:30,62.0,62.0,51.7,52.8,69900,3563775
2025-12-16 09:16:00+05:30,52.6,52.6,51.0,51.75,61425,3549975
2025-12-16 09:17:00+05:30,51.55,53.4,51.2,52.0,42075,3549975
2025-12-16 09:18:00+05:30,51.55,53.55,51.55,53.0,55500,3549975
2025-12-16 09:19:00+05:30,52.75,53.7,52.75,53.2,15150,3561450
2025-12-16 09:20:00+05:30,52.55,53.2,51.75,53.2,14625,3561450
2025-12-16 09:21:00+05:30,53.0,54.0,52.7,53.8,23850,3561450
2025-12-16 09:22:00+05:30,53.4,53.55,52.15,52.2,135450,3555450
2025-12-16 09:23:00+05:30,52.35,53.05,51.95,51.95,38775,3555450
2025-12-16 09:24:00+05:30,51.3,52.05,51.3,51.8,14625,3555450
2025-12-16 09:25:00+05:30,51.8,52.5,51.25,52.25,17925,3482775
2025-12-16 09:26:00+05:30,52.2,53.55,51.75,51.75,23925,3482775
2025-12-16 09:27:00+05:30,51.95,53.1,51.75,53.1,27750,3482775
2025-12-16 09:28:00+05:30,53.05,54.2,52.9,53.95,90600,3465750
2025-12-16 09:29:00+05:30,53.45,53.7,53.0,53.0,42675,3465750
2025-12-16 09:30:00+05:30,53.0,53.15,52.2,52.6,120900,3465750
2025-12-16 09:31:00+05:30,52.35,52.7,51.9,52.4,39225,3363450
2025-12-16 09:32:00+05:30,52.25,52.95,52.25,52.65,23700,3363450
2025-12-16 09:33:00+05:30,52.75,53.75,52.55,53.75,18375,3363450
2025-12-16 09:34:00+05:30,53.65,53.8,52.95,53.25,12300,3347100
2025-12-16 09:35:00+05:30,53.15,53.35,52.4,52.45,6300,3347100
2025-12-16 09:36:00+05:30,52.55,52.75,52.05,52.05,9000,3347100
2025-12-16 09:37:00+05:30,52.45,54.5,52.15,54.5,212325,3345525
2025-12-16 09:38:00+05:30,54.55,55.65,53.85,54.5,183450,3345525
2025-12-16 09:39:00+05:30,54.4,55.15,54.35,54.75,36525,3345525
2025-12-16 09:40:00+05:30,54.85,55.55,54.55,55.45,27450,3088500
2025-12-16 09:41:00+05:30,55.2,56.0,54.8,56.0,21150,3088500
2025-12-16 09:42:00+05:30,55.55,56.35,55.4,56.1,24525,3088500
2025-12-16 09:43:00+05:30,56.0,56.25,55.65,55.65,12375,3064950
2025-12-16 09:44:00+05:30,55.8,56.1,54.75,55.65,12900,3064950
2025-12-16 09:45:00+05:30,55.6,56.25,55.5,56.1,28350,3064950
2025-12-16 09:46:00+05:30,55.85,56.35,55.85,56.15,27975,3051450
2025-12-16 09:47:00+05:30,56.2,56.3,55.8,55.8,19950,3051450
2025-12-16 09:48:00+05:30,55.75,56.6,55.4,56.25,12900,3051450
2025-12-16 09:49:00+05:30,55.95,56.25,55.65,55.7,15525,3023625
2025-12-16 09:50:00+05:30,55.9,55.9,55.25,55.25,11250,3023625
2025-12-16 09:51:00+05:30,55.05,55.8,54.8,55.0,19050,3023625
2025-12-16 09:52:00+05:30,54.85,55.8,54.25,55.65,28575,3011400
2025-12-16 09:53:00+05:30,55.75,56.2,55.2,56.15,12675,3011400
2025-12-16 09:54:00+05:30,56.2,56.35,55.8,56.15,15150,3011400
2025-12-16 09:55:00+05:30,56.2,56.25,54.5,54.5,49725,3007650
2025-12-16 09:56:00+05:30,54.6,55.0,54.0,54.9,38700,3007650
2025-12-16 09:57:00+05:30,54.85,55.9,54.75,54.85,23700,3007650
2025-12-16 09:58:00+05:30,55.15,55.15,52.35,52.35,15300,2979975
2025-12-16 09:59:00+05:30,52.4,52.45,50.6,51.3,33900,2979975
2025-12-16 10:00:00+05:30,51.0,51.85,51.0,51.35,32475,2979975
2025-12-16 10:01:00+05:30,51.0,51.35,50.35,50.35,94800,2947125
2025-12-16 10:02:00+05:30,50.45,50.65,48.85,48.95,64575,2947125
2025-12-16 10:03:00+05:30,48.85,49.0,48.35,48.75,32175,2947125
2025-12-16 10:04:00+05:30,48.9,50.05,48.65,49.65,47175,2834100
2025-12-16 10:05:00+05:30,49.5,50.5,49.4,50.1,32175,2834100
2025-12-16 10:06:00+05:30,50.1,50.85,50.0,50.85,28500,2834100
2025-12-16 10:07:00+05:30,50.85,50.9,50.55,50.9,13500,2815425
2025-12-16 10:08:00+05:30,50.9,50.9,50.25,50.45,12900,2815425
2025-12-16 10:09:00+05:30,50.6,50.6,49.9,49.95,27300,2815425
2025-12-16 10:10:00+05:30,49.85,50.15,49.65,50.15,13200,2815350
2025-12-16 10:11:00+05:30,49.8,49.9,49.35,49.7,14925,2815350
2025-12-16 10:12:00+05:30,49.75,49.75,49.35,49.7,21375,2815350
2025-12-16 10:13:00+05:30,49.5,50.25,49.0,49.8,24000,2807400
2025-12-16 10:14:00+05:30,49.9,50.45,49.8,50.2,8250,2807400
2025-12-16 10:15:00+05:30,50.2,50.45,50.0,50.45,14850,2807400
2025-12-16 10:16:00+05:30,50.5,50.85,50.2,50.85,14250,2820600
2025-12-16 10:17:00+05:30,50.8,51.15,50.8,51.0,10800,2820600
2025-12-16 10:18:00+05:30,51.05,51.65,51.05,51.65,10350,2820600
2025-12-16 10:19:00+05:30,51.8,52.45,51.8,52.25,68775,2822775
2025-12-16 10:20:00+05:30,52.6,52.6,51.6,52.05,30750,2822775
2025-12-16 10:21:00+05:30,52.05,52.25,51.8,52.25,3975,2822775
2025-12-16 10:22:00+05:30,52.25,52.35,51.3,51.5,7200,2789775
2025-12-16 10:23:00+05:30,51.5,51.7,51.15,51.15,9525,2789775
2025-12-16 10:24:00+05:30,51.1,51.75,51.1,51.75,3600,2789775
2025-12-16 10:25:00+05:30,51.75,52.25,51.45,51.8,9150,2792250
2025-12-16 10:26:00+05:30,51.75,52.95,51.75,52.45,12450,2792250
2025-12-16 10:27:00+05:30,52.5,52.75,51.9,52.0,7425,2792250
2025-12-16 10:28:00+05:30,52.1,52.4,51.4,51.8,23175,2775600
2025-12-16 10:29:00+05:30,51.85,52.35,51.85,51.95,11775,2775600
2025-12-16 10:30:00+05:30,51.9,52.55,51.7,52.55,7050,2775600
2025-12-16 10:31:00+05:30,52.7,53.05,52.25,52.65,7500,2774400
2025-12-16 10:32:00+05:30,52.55,53.1,52.3,52.4,10200,2774400
2025-12-16 10:33:00+05:30,52.35,52.75,51.95,52.05,3300,2774400
2025-12-16 10:34:00+05:30,51.95,51.95,51.5,51.6,11100,2771775
2025-12-16 10:35:00+05:30,51.6,51.65,49.85,49.9,11250,2771775
2025-12-16 10:36:00+05:30,50.0,50.85,50.0,50.0,25125,2771775
2025-12-16 10:37:00+05:30,50.1,50.6,49.9,50.6,16050,2771775
2025-12-16 10:38:00+05:30,51.0,51.45,50.6,51.35,7575,2771775
2025-12-16 10:39:00+05:30,51.5,51.5,50.0,50.2,7650,2771775
2025-12-16 10:40:00+05:30,50.1,50.45,50.0,50.25,5550,2778975
2025-12-16 10:41:00+05:30,50.5,50.8,50.15,50.6,3300,2778975
2025-12-16 10:42:00+05:30,50.4,50.6,49.25,49.65,20175,2778975
2025-12-16 10:43:00+05:30,49.7,50.0,49.65,49.95,9300,2768775
2025-12-16 10:44:00+05:30,49.9,50.5,49.85,50.15,13275,2768775
2025-12-16 10:45:00+05:30,50.05,50.05,49.55,49.85,1275,2768775
2025-12-16 10:46:00+05:30,49.7,50.45,49.5,50.2,9000,2767500
2025-12-16 10:47:00+05:30,50.1,50.2,49.9,50.2,3450,2767500
2025-12-16 10:48:00+05:30,50.1,50.5,49.6,50.3,10875,2767500
2025-12-16 10:49:00+05:30,50.25,50.25,49.85,49.9,2700,2773200
2025-12-16 10:50:00+05:30,49.85,49.9,49.5,49.7,8625,2773200
2025-12-16 10:51:00+05:30,49.75,50.2,49.75,50.2,6150,2773200
2025-12-16 10:52:00+05:30,50.1,50.55,49.7,49.95,10425,2768025
2025-12-16 10:53:00+05:30,50.0,50.3,49.8,49.9,16425,2768025
2025-12-16 10:54:00+05:30,50.2,50.45,50.2,50.2,3900,2768025
2025-12-16 10:55:00+05:30,50.2,50.55,49.5,49.5,14625,2760225
2025-12-16 10:56:00+05:30,49.7,49.7,48.7,48.8,15675,2760225
2025-12-16 10:57:00+05:30,49.3,49.4,48.8,49.4,48075,2760225
2025-12-16 10:58:00+05:30,49.4,49.7,49.2,49.6,36300,2748825
2025-12-16 10:59:00+05:30,49.55,49.65,49.15,49.2,14100,2748825
2025-12-16 11:00:00+05:30,49.05,49.05,48.3,48.7,12675,2748825
2025-12-16 11:01:00+05:30,48.8,49.15,48.75,49.15,975,2748825
2025-12-16 11:02:00+05:30,49.25,49.3,48.95,49.2,3075,2746500
2025-12-16 11:03:00+05:30,49.0,49.25,48.6,49.05,2400,2746500
2025-12-16 11:04:00+05:30,49.35,49.4,48.8,48.8,3900,2745900
2025-12-16 11:05:00+05:30,48.9,49.35,48.6,49.1,5325,2745900
2025-12-16 11:06:00+05:30,49.2,49.65,49.2,49.55,5700,2745900
2025-12-16 11:07:00+05:30,49.75,50.0,49.75,50.0,12375,2746500
2025-12-16 11:08:00+05:30,50.0,50.0,49.85,49.85,2175,2746500
2025-12-16 11:09:00+05:30,49.9,49.9,49.3,49.6,6600,2746500
2025-12-16 11:10:00+05:30,49.7,49.95,49.35,49.6,6600,2745675
2025-12-16 11:11:00+05:30,49.75,49.8,49.2,49.45,1350,2745675
2025-12-16 11:12:00+05:30,49.2,49.5,48.9,48.9,5400,2745675
2025-12-16 11:13:00+05:30,48.9,49.7,48.9,49.7,4050,2743200
2025-12-16 11:14:00+05:30,49.8,49.8,49.0,49.2,2475,2743200
2025-12-16 11:15:00+05:30,48.85,49.3,48.85,49.1,3150,2743200
2025-12-16 11:16:00+05:30,48.95,49.25,48.9,49.0,5250,2741700
2025-12-16 11:17:00+05:30,48.8,49.0,48.8,48.85,3825,2741700
2025-12-16 11:18:00+05:30,48.85,48.9,48.6,48.6,8250,2741700
2025-12-16 11:19:00+05:30,48.5,49.15,48.45,49.15,9675,2736375
2025-12-16 11:20:00+05:30,49.05,49.15,48.8,48.95,4350,2736375
2025-12-16 11:21:00+05:30,49.0,49.0,48.2,48.7,6075,2736375
2025-12-16 11:22:00+05:30,48.85,49.25,48.85,49.0,1500,2739375
2025-12-16 11:23:00+05:30,49.25,49.4,49.0,49.3,2700,2739375
2025-12-16 11:24:00+05:30,49.25,49.25,48.55,48.55,2775,2739375
2025-12-16 11:25:00+05:30,48.55,49.0,47.4,49.0,9450,2741700
2025-12-16 11:26:00+05:30,49.2,49.3,48.85,49.15,2775,2741700
2025-12-16 11:27:00+05:30,49.3,49.3,48.8,49.0,1800,2741700
2025-12-16 11:28:00+05:30,49.0,49.1,48.85,49.0,8700,2743050
2025-12-16 11:29:00+05:30,49.3,49.3,49.05,49.05,4800,2743050
2025-12-16 11:30:00+05:30,49.25,49.3,48.8,48.8,10500,2743050
2025-12-16 11:31:00+05:30,48.7,49.2,48.7,48.9,5100,2760900
2025-12-16 11:32:00+05:30,48.9,48.95,47.6,47.6,20550,2760900
2025-12-16 11:33:00+05:30,47.6,47.6,46.4,46.6,11550,2760900
2025-12-16 11:34:00+05:30,46.75,47.3,46.2,46.5,6825,2754900
2025-12-16 11:35:00+05:30,46.65,46.65,45.15,45.3,10425,2754900
2025-12-16 11:36:00+05:30,45.25,46.05,44.95,45.85,29700,2754900
2025-12-16 11:37:00+05:30,45.8,46.65,45.8,46.5,40050,2746500
2025-12-16 11:38:00+05:30,46.75,46.8,46.4,46.6,15900,2746500
2025-12-16 11:39:00+05:30,46.5,46.7,46.3,46.45,12750,2746500
2025-12-16 11:40:00+05:30,46.4,46.5,46.2,46.25,9750,2741400
2025-12-16 11:41:00+05:30,46.15,46.3,45.85,46.1,17400,2741400
2025-12-16 11:42:00+05:30,46.2,46.35,46.05,46.05,10575,2741400
2025-12-16 11:43:00+05:30,46.3,46.45,46.0,46.35,21150,2737875
2025-12-16 11:44:00+05:30,46.2,46.2,45.9,46.1,15225,2737875
2025-12-16 11:45:00+05:30,46.05,46.5,45.75,46.5,10500,2737875
2025-12-16 11:46:00+05:30,46.2,46.55,46.15,46.45,13875,2733750
2025-12-16 11:47:00+05:30,45.85,46.4,45.85,46.15,15900,2733750
2025-12-16 11:48:00+05:30,46.05,46.15,45.9,45.9,5550,2733750
2025-12-16 11:49:00+05:30,45.9,46.15,45.8,46.0,7800,2729625
2025-12-16 11:50:00+05:30,46.1,46.55,46.1,46.25,13200,2729625
2025-12-16 11:51:00+05:30,46.2,46.7,46.2,46.7,8775,2729625
2025-12-16 11:52:00+05:30,46.55,46.75,46.55,46.75,6600,2729625
2025-12-16 11:53:00+05:30,46.65,46.8,46.4,46.75,7950,2738250
2025-12-16 11:54:00+05:30,46.85,47.0,46.65,46.65,2250,2738250
2025-12-16 11:55:00+05:30,46.8,46.85,46.7,46.8,1200,2738250
2025-12-16 11:56:00+05:30,46.7,46.8,46.5,46.8,2325,2736675
2025-12-16 11:57:00+05:30,46.55,46.75,46.4,46.4,1800,2736675
2025-12-16 11:58:00+05:30,46.25,46.3,46.0,46.05,3000,2737575
2025-12-16 11:59:00+05:30,46.2,46.45,46.0,46.3,16050,2737575
2025-12-16 12:00:00+05:30,46.15,46.35,46.05,46.2,3525,2737575
2025-12-16 12:01:00+05:30,46.2,46.5,46.0,46.1,7050,2737575
2025-12-16 12:02:00+05:30,46.1,46.45,46.1,46.1,10650,2732925
2025-12-16 12:03:00+05:30,46.25,46.25,45.8,45.85,13725,2732925
2025-12-16 12:04:00+05:30,45.95,46.25,45.85,45.85,20400,2732925
2025-12-16 12:05:00+05:30,45.95,46.3,45.95,46.2,4125,2732550
2025-12-16 12:06:00+05:30,46.45,46.7,46.4,46.6,18150,2732550
2025-12-16 12:07:00+05:30,46.4,46.8,46.25,46.8,1950,2732550
2025-12-16 12:08:00+05:30,46.9,47.0,46.5,46.5,24975,2740800
2025-12-16 12:09:00+05:30,46.5,46.8,46.5,46.55,5250,2740800
2025-12-16 12:10:00+05:30,46.75,47.05,46.4,46.95,4050,2740800
2025-12-16 12:11:00+05:30,47.0,47.25,46.95,47.05,2400,2752350
2025-12-16 12:12:00+05:30,47.0,47.2,47.0,47.05,900,2752350
2025-12-16 12:13:00+05:30,47.3,47.35,47.05,47.15,2625,2752350
2025-12-16 12:14:00+05:30,47.0,47.1,46.85,47.1,1275,2752875
2025-12-16 12:15:00+05:30,46.85,47.0,46.75,46.75,825,2752875
2025-12-16 12:16:00+05:30,46.85,47.2,46.85,47.2,2100,2752875
2025-12-16 12:17:00+05:30,47.05,47.35,47.05,47.05,1875,2752950
2025-12-16 12:18:00+05:30,47.15,47.3,47.15,47.15,1650,2752950
2025-12-16 12:19:00+05:30,47.3,47.55,47.15,47.3,4875,2752950
2025-12-16 12:20:00+05:30,47.45,47.6,47.15,47.3,12750,2753325
2025-12-16 12:21:00+05:30,47.2,47.95,47.05,47.05,5550,2753325
2025-12-16 12:22:00+05:30,47.1,47.3,46.95,46.95,20850,2753325
2025-12-16 12:23:00+05:30,47.2,47.3,46.8,46.9,18900,2756775
2025-12-16 12:24:00+05:30,47.05,47.65,47.05,47.4,11550,2756775
2025-12-16 12:25:00+05:30,47.55,48.0,47.55,47.8,18375,2756775
2025-12-16 12:26:00+05:30,47.8,48.4,47.8,48.0,12675,2768400
2025-12-16 12:27:00+05:30,48.0,48.85,48.0,48.85,6225,2768400
2025-12-16 12:28:00+05:30,48.6,48.95,48.5,48.95,2325,2768400
2025-12-16 12:29:00+05:30,48.8,49.15,48.8,48.8,8400,2769525
2025-12-16 12:30:00+05:30,49.0,49.1,48.15,48.15,4800,2769525
2025-12-16 12:31:00+05:30,48.75,49.1,48.65,49.1,1200,2769525
2025-12-16 12:32:00+05:30,49.5,49.5,48.85,48.85,11925,2774325
2025-12-16 12:33:00+05:30,48.7,48.7,48.05,48.25,3300,2774325
2025-12-16 12:34:00+05:30,48.5,49.0,48.3,49.0,6375,2774325
2025-12-16 12:35:00+05:30,49.0,49.3,48.95,49.3,1725,2776575
2025-12-16 12:36:00+05:30,49.15,49.2,48.4,48.7,5475,2776575
2025-12-16 12:37:00+05:30,48.3,48.35,46.6,47.1,13425,2776575
2025-12-16 12:38:00+05:30,46.85,47.2,46.8,46.9,2475,2768850
2025-12-16 12:39:00+05:30,46.75,46.85,46.5,46.85,1275,2768850
2025-12-16 12:40:00+05:30,47.0,47.05,46.8,46.9,7050,2768850
2025-12-16 12:41:00+05:30,46.7,47.45,46.7,47.45,1500,2767875
2025-12-16 12:42:00+05:30,47.35,47.35,46.05,46.3,6375,2767875
2025-12-16 12:43:00+05:30,46.2,46.95,46.2,46.9,3000,2767875
2025-12-16 12:44:00+05:30,46.95,47.4,46.95,47.1,3375,2767950
2025-12-16 12:45:00+05:30,46.65,46.8,46.65,46.75,750,2767950
2025-12-16 12:46:00+05:30,46.8,46.9,46.8,46.9,975,2767950
2025-12-16 12:47:00+05:30,46.85,46.85,46.15,46.15,600,2767950
2025-12-16 12:48:00+05:30,46.1,46.15,45.75,45.95,16200,2767950
2025-12-16 12:49:00+05:30,45.85,46.0,45.65,46.0,4200,2767950
2025-12-16 12:50:00+05:30,46.1,46.2,46.0,46.2,9825,2754375
2025-12-16 12:51:00+05:30,45.7,46.1,45.7,45.85,3825,2754375
2025-12-16 12:52:00+05:30,45.95,46.4,45.95,46.4,7275,2754375
2025-12-16 12:53:00+05:30,46.15,46.6,46.15,46.55,3750,2750775
2025-12-16 12:54:00+05:30,46.3,46.3,45.85,45.85,14775,2750775
2025-12-16 12:55:00+05:30,45.9,46.0,45.5,46.0,6600,2750775
2025-12-16 12:56:00+05:30,45.8,46.5,45.8,46.3,16050,2744850
2025-12-16 12:57:00+05:30,46.25,46.25,45.55,45.85,4050,2744850
2025-12-16 12:58:00+05:30,45.9,46.4,45.8,46.4,6900,2744850
2025-12-16 12:59:00+05:30,46.35,46.5,46.15,46.3,5250,2760150
2025-12-16 13:00:00+05:30,46.3,46.35,45.8,46.0,3075,2760150
2025-12-16 13:01:00+05:30,45.95,46.05,45.8,46.0,1950,2760150
2025-12-16 13:02:00+05:30,46.0,46.1,45.7,45.8,12300,2756175
2025-12-16 13:03:00+05:30,45.9,46.0,45.8,45.8,6225,2756175
2025-12-16 13:04:00+05:30,45.55,45.55,45.05,45.3,2550,2756175
2025-12-16 13:05:00+05:30,45.25,45.5,44.35,44.65,17625,2753550
2025-12-16 13:06:00+05:30,44.65,44.85,44.25,44.6,14625,2753550
2025-12-16 13:07:00+05:30,44.5,45.05,44.5,44.85,4650,2753550
2025-12-16 13:08:00+05:30,44.7,44.8,44.35,44.45,9150,2746350
2025-12-16 13:09:00+05:30,44.75,44.85,44.55,44.85,3975,2746350
2025-12-16 13:10:00+05:30,44.85,44.95,44.7,44.85,3375,2746350
2025-12-16 13:11:00+05:30,44.75,44.95,44.5,44.8,6225,2748525
2025-12-16 13:12:00+05:30,44.8,44.95,44.6,44.85,4275,2748525
2025-12-16 13:13:00+05:30,44.9,44.9,44.0,44.85,10650,2748525
2025-12-16 13:14:00+05:30,44.6,44.85,44.4,44.5,6225,2749050
2025-12-16 13:15:00+05:30,44.25,44.5,44.0,44.5,8775,2749050
2025-12-16 13:16:00+05:30,44.4,44.65,44.25,44.6,5850,2749050
2025-12-16 13:17:00+05:30,44.65,45.0,44.6,44.8,3300,2745000
2025-12-16 13:18:00+05:30,44.9,44.9,43.95,44.05,4950,2745000
2025-12-16 13:19:00+05:30,44.05,44.4,44.0,44.2,3150,2745000
2025-12-16 13:20:00+05:30,44.35,44.5,44.15,44.45,3825,2740200
2025-12-16 13:21:00+05:30,44.45,44.6,44.3,44.4,3600,2740200
2025-12-16 13:22:00+05:30,44.45,44.45,44.1,44.2,3000,2740200
2025-12-16 13:23:00+05:30,44.3,44.35,44.15,44.35,2250,2743650
2025-12-16 13:24:00+05:30,44.35,44.4,44.3,44.3,1875,2743650
2025-12-16 13:25:00+05:30,44.4,44.45,44.25,44.3,2100,2743650
2025-12-16 13:26:00+05:30,44.6,44.7,44.25,44.35,6300,2748600
2025-12-16 13:27:00+05:30,44.25,44.25,44.25,44.25,225,2748600
2025-12-16 13:28:00+05:30,44.3,44.5,44.2,44.25,3225,2748600
2025-12-16 13:29:00+05:30,44.55,44.55,44.4,44.55,3975,2750325
2025-12-16 13:30:00+05:30,44.2,44.65,44.2,44.4,3450,2750325
2025-12-16 13:31:00+05:30,44.7,45.0,44.65,45.0,5400,2750325
2025-12-16 13:32:00+05:30,44.55,44.9,44.55,44.85,2025,2746575
2025-12-16 13:33:00+05:30,44.9,45.2,44.85,45.0,4875,2746575
2025-12-16 13:34:00+05:30,45.15,45.15,45.1,45.1,450,2746575
2025-12-16 13:35:00+05:30,45.3,45.75,45.3,45.5,2850,2750250
2025-12-16 13:36:00+05:30,45.7,45.95,45.7,45.75,15450,2750250
2025-12-16 13:37:00+05:30,45.75,46.05,45.65,46.0,2775,2750250
2025-12-16 13:38:00+05:30,46.05,46.3,46.05,46.25,1875,2760225
2025-12-16 13:39:00+05:30,46.3,46.4,46.1,46.35,20100,2760225
2025-12-16 13:40:00+05:30,46.4,47.3,46.2,47.3,13050,2760225
2025-12-16 13:41:00+05:30,47.1,47.4,46.6,46.6,14325,2774025
2025-12-16 13:42:00+05:30,46.6,46.9,46.5,46.8,6300,2774025
2025-12-16 13:43:00+05:30,46.8,47.05,46.75,46.8,8100,2774025
2025-12-16 13:44:00+05:30,46.8,46.95,46.65,46.9,3150,2769450
2025-12-16 13:45:00+05:30,47.1,48.3,47.0,47.9,9375,2769450
2025-12-16 13:46:00+05:30,48.1,48.55,48.0,48.3,16425,2769450
2025-12-16 13:47:00+05:30,48.3,48.8,47.8,48.8,5550,2770425
2025-12-16 13:48:00+05:30,48.75,49.05,48.55,48.55,8700,2770425
2025-12-16 13:49:00+05:30,48.7,48.7,48.05,48.35,35250,2770425
2025-12-16 13:50:00+05:30,48.6,48.6,48.0,48.0,9225,2804325
2025-12-16 13:51:00+05:30,48.0,48.7,48.0,48.45,6225,2804325
2025-12-16 13:52:00+05:30,48.5,48.5,47.7,47.7,3225,2804325
2025-12-16 13:53:00+05:30,47.9,48.45,47.9,48.2,2775,2803275
2025-12-16 13:54:00+05:30,48.3,48.5,48.05,48.2,6975,2803275
2025-12-16 13:55:00+05:30,47.75,47.9,47.1,47.35,1575,2803275
2025-12-16 13:56:00+05:30,47.4,47.55,46.55,47.55,14250,2797950
2025-12-16 13:57:00+05:30,47.45,47.75,47.2,47.2,1725,2797950
2025-12-16 13:58:00+05:30,47.25,47.4,45.25,45.25,23850,2797950
2025-12-16 13:59:00+05:30,45.15,45.9,45.0,45.05,15450,2778825
2025-12-16 14:00:00+05:30,44.9,45.45,44.45,44.7,4650,2778825
2025-12-16 14:01:00+05:30,44.75,45.5,44.6,44.8,14400,2778825
2025-12-16 14:02:00+05:30,45.05,45.2,44.3,45.0,3975,2772975
2025-12-16 14:03:00+05:30,44.75,45.0,44.75,44.85,450,2772975
2025-12-16 14:04:00+05:30,44.95,45.65,44.8,45.65,3900,2772975
2025-12-16 14:05:00+05:30,45.35,45.7,45.25,45.6,9975,2775150
2025-12-16 14:06:00+05:30,45.65,46.25,45.55,46.1,2025,2775150
2025-12-16 14:07:00+05:30,45.3,45.3,44.4,44.4,12225,2775150
2025-12-16 14:08:00+05:30,44.3,44.8,44.1,44.6,9975,2775225
2025-12-16 14:09:00+05:30,44.5,44.7,44.1,44.3,3525,2775225
2025-12-16 14:10:00+05:30,44.3,44.6,44.0,44.45,8625,2775225
2025-12-16 14:11:00+05:30,44.35,44.7,44.1,44.1,9075,2775675
2025-12-16 14:12:00+05:30,43.9,44.35,43.8,44.15,14475,2775675
2025-12-16 14:13:00+05:30,44.1,44.1,43.7,43.75,7650,2775675
2025-12-16 14:14:00+05:30,43.85,44.1,43.7,43.95,6450,2769825
2025-12-16 14:15:00+05:30,44.05,44.15,43.85,44.15,5550,2769825
2025-12-16 14:16:00+05:30,43.95,44.35,43.95,44.25,4350,2769825
2025-12-16 14:17:00+05:30,44.35,44.35,43.9,44.0,3375,2773425
2025-12-16 14:18:00+05:30,44.0,44.2,42.95,42.95,7050,2773425
2025-12-16 14:19:00+05:30,43.0,43.4,41.2,41.2,27825,2773425
2025-12-16 14:20:00+05:30,41.35,41.6,40.75,41.3,27600,2770125
2025-12-16 14:21:00+05:30,41.55,41.85,41.5,41.7,25650,2770125
2025-12-16 14:22:00+05:30,41.7,41.95,41.5,41.65,13425,2770125
2025-12-16 14:23:00+05:30,41.7,42.2,41.5,42.1,39675,2784900
2025-12-16 14:24:00+05:30,42.2,42.25,41.95,42.25,27450,2784900
2025-12-16 14:25:00+05:30,42.0,42.3,41.8,42.1,32775,2784900
2025-12-16 14:26:00+05:30,42.05,42.05,41.75,42.05,6750,2757225
2025-12-16 14:27:00+05:30,42.0,42.2,41.85,42.0,7125,2757225
2025-12-16 14:28:00+05:30,41.9,42.0,41.6,41.9,16425,2757225
2025-12-16 14:29:00+05:30,41.9,42.35,41.9,41.95,6000,2759025
2025-12-16 14:30:00+05:30,42.1,42.1,41.55,41.75,7425,2759025
2025-12-16 14:31:00+05:30,42.05,42.05,41.5,41.5,6300,2759025
2025-12-16 14:32:00+05:30,41.5,41.75,41.45,41.6,2250,2759325
2025-12-16 14:33:00+05:30,41.6,41.9,41.45,41.45,11925,2759325
2025-12-16 14:34:00+05:30,41.35,41.55,41.25,41.25,7800,2759325
2025-12-16 14:35:00+05:30,41.4,41.85,41.4,41.55,4875,2751825
2025-12-16 14:36:00+05:30,41.5,41.7,41.45,41.7,3000,2751825
2025-12-16 14:37:00+05:30,41.6,42.0,41.6,42.0,27375,2751825
2025-12-16 14:38:00+05:30,42.0,42.5,42.0,42.5,15900,2755200
2025-12-16 14:39:00+05:30,42.35,42.5,42.3,42.4,23550,2755200
2025-12-16 14:40:00+05:30,42.4,42.5,42.1,42.25,18225,2755200
2025-12-16 14:41:00+05:30,42.25,42.35,42.2,42.3,12300,2762175
2025-12-16 14:42:00+05:30,42.3,42.35,42.2,42.3,3150,2762175
2025-12-16 14:43:00+05:30,42.2,42.5,42.15,42.5,4275,2762175
2025-12-16 14:44:00+05:30,42.6,42.6,42.2,42.2,13875,2759250
2025-12-16 14:45:00+05:30,42.4,42.4,41.5,41.5,3000,2759250
2025-12-16 14:46:00+05:30,41.4,42.2,41.4,42.2,7725,2759250
2025-12-16 14:47:00+05:30,42.1,42.3,42.0,42.3,4125,2758725
2025-12-16 14:48:00+05:30,42.15,42.4,41.8,41.95,6225,2758725
2025-12-16 14:49:00+05:30,41.6,42.25,41.55,42.25,10875,2758725
2025-12-16 14:50:00+05:30,42.1,42.1,41.5,41.95,19725,2770875
2025-12-16 14:51:00+05:30,42.1,42.55,41.8,42.55,2475,2770875
2025-12-16 14:52:00+05:30,42.0,42.3,41.9,42.3,4575,2770875
2025-12-16 14:53:00+05:30,42.45,43.0,42.25,42.65,10125,2772075
2025-12-16 14:54:00+05:30,42.65,42.7,42.15,42.7,7800,2772075
2025-12-16 14:55:00+05:30,42.7,42.75,42.15,42.3,3750,2772075
2025-12-16 14:56:00+05:30,42.1,42.8,42.0,42.4,5850,2778225
2025-12-16 14:57:00+05:30,42.45,42.7,42.1,42.5,7275,2778225
2025-12-16 14:58:00+05:30,42.6,42.8,42.5,42.75,9000,2778225
2025-12-16 14:59:00+05:30,42.85,43.0,42.7,42.9,3825,2778975
2025-12-16 15:00:00+05:30,43.2,43.2,42.0,42.05,20550,2778975
2025-12-16 15:01:00+05:30,42.05,42.3,41.2,41.25,17325,2778975
2025-12-16 15:02:00+05:30,41.5,41.55,40.85,41.0,11400,2778975
2025-12-16 15:03:00+05:30,41.0,41.05,40.75,40.75,14025,2783175
2025-12-16 15:04:00+05:30,40.95,41.0,40.5,40.54,3225,2783175
2025-12-16 15:05:00+05:30,40.45,40.65,39.79,39.79,12375,2781675
2025-12-16 15:06:00+05:30,40.1,40.15,39.95,40.0,9825,2781675
2025-12-16 15:07:00+05:30,39.85,39.95,39.4,39.95,10575,2781675
2025-12-16 15:08:00+05:30,40.0,40.1,39.65,39.65,14700,2785275
2025-12-16 15:09:00+05:30,39.54,39.75,38.54,38.54,27075,2785275
2025-12-16 15:10:00+05:30,38.6,38.79,38.25,38.29,35250,2785275
2025-12-16 15:11:00+05:30,38.6,38.65,38.15,38.15,47550,2782950
2025-12-16 15:12:00+05:30,38.29,38.29,37.7,37.75,12375,2782950
2025-12-16 15:13:00+05:30,37.79,38.04,37.6,38.04,17250,2782950
2025-12-16 15:14:00+05:30,38.1,38.25,37.85,38.25,10500,2782950
2025-12-16 15:15:00+05:30,38.25,38.35,38.1,38.15,10650,2780550
2025-12-16 15:16:00+05:30,38.1,38.29,38.04,38.2,9750,2780550
2025-12-16 15:17:00+05:30,38.29,38.4,38.0,38.0,20400,2784450
2025-12-16 15:18:00+05:30,38.04,38.04,37.35,37.4,18900,2784450
2025-12-16 15:19:00+05:30,37.35,37.6,36.5,36.54,41925,2784450
2025-12-16 15:20:00+05:30,36.5,36.85,36.35,36.85,22425,2771850
2025-12-16 15:21:00+05:30,36.85,36.9,36.0,36.25,96750,2771850
2025-12-16 15:22:00+05:30,36.35,37.25,36.2,37.0,32025,2771850
2025-12-16 15:23:00+05:30,37.1,37.9,37.1,37.79,33825,2771850
2025-12-16 15:24:00+05:30,37.75,38.0,37.54,37.95,37575,2840175
2025-12-16 15:25:00+05:30,37.9,38.35,37.7,38.2,54450,2840175
2025-12-16 15:26:00+05:30,38.29,38.29,37.79,38.04,26250,2840175
2025-12-16 15:27:00+05:30,38.15,38.15,37.35,37.6,46800,2845275
2025-12-16 15:28:00+05:30,37.35,37.65,37.25,37.45,45075,2845275
2025-12-16 15:29:00+05:30,37.45,37.95,37.15,37.85,33600,2845275
2025-12-17 09:15:00+05:30,34.95,36.95,33.75,35.95,172425,2886975
2025-12-17 09:16:00+05:30,36.29,38.85,35.9,38.75,93300,2974425
2025-12-17 09:17:00+05:30,38.5,39.1,38.0,38.35,60150,2974425
2025-12-17 09:18:00+05:30,38.54,38.9,37.35,38.04,69075,2974425
2025-12-17 09:19:00+05:30,38.5,38.5,36.79,36.79,36225,2951850
2025-12-17 09:20:00+05:30,37.15,38.2,36.75,38.2,40650,2951850
2025-12-17 09:21:00+05:30,38.0,39.0,38.0,38.85,29550,2951850
2025-12-17 09:22:00+05:30,39.29,42.25,38.9,42.2,44625,2996925
2025-12-17 09:23:00+05:30,42.0,42.0,40.85,40.9,36975,2996925
2025-12-17 09:24:00+05:30,40.9,43.0,40.9,41.85,32175,2996925
2025-12-17 09:25:00+05:30,42.0,42.4,41.45,41.5,26475,3021900
2025-12-17 09:26:00+05:30,41.7,42.75,41.45,41.6,16125,3021900
2025-12-17 09:27:00+05:30,41.7,42.65,41.7,41.9,18075,3021900
2025-12-17 09:28:00+05:30,41.7,42.25,41.55,41.55,25500,3018600
2025-12-17 09:29:00+05:30,41.6,42.15,40.5,40.5,82950,3018600
2025-12-17 09:30:00+05:30,40.54,41.3,39.35,39.5,67950,3018600
2025-12-17 09:31:00+05:30,40.45,40.85,39.7,40.5,48825,3006900
2025-12-17 09:32:00+05:30,40.65,41.75,40.2,41.75,19275,3006900
2025-12-17 09:33:00+05:30,41.65,42.3,41.3,41.9,89175,3006900
2025-12-17 09:34:00+05:30,42.0,43.95,41.55,43.05,39750,2975100
2025-12-17 09:35:00+05:30,43.3,44.0,43.15,43.7,99150,2975100
2025-12-17 09:36:00+05:30,43.5,43.7,42.6,42.6,18150,2975100
2025-12-17 09:37:00+05:30,42.75,43.55,42.55,42.75,11475,2972475
2025-12-17 09:38:00+05:30,42.65,43.0,42.3,42.4,22200,2972475
2025-12-17 09:39:00+05:30,42.3,42.4,41.5,42.15,7725,2972475
2025-12-17 09:40:00+05:30,41.6,42.1,41.1,42.1,16350,2950125
2025-12-17 09:41:00+05:30,42.1,42.5,41.45,41.5,6600,2950125
2025-12-17 09:42:00+05:30,41.45,41.55,40.1,40.2,34425,2950125
2025-12-17 09:43:00+05:30,40.0,40.0,37.85,38.4,16500,2964075
2025-12-17 09:44:00+05:30,38.29,38.29,36.6,36.79,35775,2964075
2025-12-17 09:45:00+05:30,36.7,37.4,36.4,36.85,13275,2964075
2025-12-17 09:46:00+05:30,36.95,38.35,36.95,37.7,44100,2952300
2025-12-17 09:47:00+05:30,37.9,38.04,37.5,37.5,64425,2952300
2025-12-17 09:48:00+05:30,36.79,36.79,35.1,35.2,36000,2952300
2025-12-17 09:49:00+05:30,35.5,36.45,35.45,36.0,35100,2968650
2025-12-17 09:50:00+05:30,36.1,36.29,35.75,36.1,57375,2968650
2025-12-17 09:51:00+05:30,36.0,36.25,35.79,36.04,22575,2968650
2025-12-17 09:52:00+05:30,35.79,35.79,34.2,35.0,22875,2926500
2025-12-17 09:53:00+05:30,34.85,35.35,34.75,35.1,37050,2926500
2025-12-17 09:54:00+05:30,35.15,36.1,35.15,36.1,27225,2926500
2025-12-17 09:55:00+05:30,35.75,36.25,35.54,36.1,50700,2907375
2025-12-17 09:56:00+05:30,36.15,36.5,36.15,36.25,17400,2907375
2025-12-17 09:57:00+05:30,36.5,36.6,35.45,35.45,14475,2907375
2025-12-17 09:58:00+05:30,35.65,35.7,35.29,35.7,12225,2901375
2025-12-17 09:59:00+05:30,35.65,36.45,35.2,35.2,16050,2901375
2025-12-17 10:00:00+05:30,35.15,35.75,34.95,35.2,10575,2901375
2025-12-17 10:01:00+05:30,35.0,35.2,34.65,35.0,17400,2901225
2025-12-17 10:02:00+05:30,35.1,35.29,35.0,35.1,70875,2901225
2025-12-17 10:03:00+05:30,35.0,35.15,33.7,34.29,113100,2901225
2025-12-17 10:04:00+05:30,34.29,34.29,32.9,33.0,23400,2815275
2025-12-17 10:05:00+05:30,33.0,33.35,32.79,32.9,114000,2815275
2025-12-17 10:06:00+05:30,32.9,33.0,31.55,31.65,99375,2815275
2025-12-17 10:07:00+05:30,31.6,31.65,31.2,31.65,47850,2710425
2025-12-17 10:08:00+05:30,31.55,32.29,31.5,31.9,36450,2710425
2025-12-17 10:09:00+05:30,32.0,32.54,31.95,32.4,21825,2710425
2025-12-17 10:10:00+05:30,32.4,32.4,32.0,32.04,40650,2675175
2025-12-17 10:11:00+05:30,32.04,32.29,32.0,32.15,70950,2675175
2025-12-17 10:12:00+05:30,32.1,32.9,32.0,32.65,45825,2675175
2025-12-17 10:13:00+05:30,32.7,32.9,32.15,32.25,18450,2616675
2025-12-17 10:14:00+05:30,32.29,32.4,31.7,32.25,18450,2616675
2025-12-17 10:15:00+05:30,32.25,32.25,31.6,32.04,15750,2616675
2025-12-17 10:16:00+05:30,32.04,32.2,31.9,32.04,25500,2610750
2025-12-17 10:17:00+05:30,32.0,32.15,32.0,32.0,71400,2610750
2025-12-17 10:18:00+05:30,32.2,33.2,32.1,33.15,12225,2610750
2025-12-17 10:19:00+05:30,33.54,33.54,33.2,33.29,9150,2607825
2025-12-17 10:20:00+05:30,33.25,33.4,33.0,33.29,75225,2607825
2025-12-17 10:21:00+05:30,33.25,33.54,32.5,32.5,15225,2607825
2025-12-17 10:22:00+05:30,32.5,32.79,32.0,32.1,46725,2573625
2025-12-17 10:23:00+05:30,32.1,32.25,32.0,32.04,22500,2573625
2025-12-17 10:24:00+05:30,32.04,32.15,31.7,31.7,48675,2573625
2025-12-17 10:25:00+05:30,31.55,31.8,31.25,31.4,39450,2543775
2025-12-17 10:26:00+05:30,31.65,31.85,31.5,31.85,18825,2543775
2025-12-17 10:27:00+05:30,31.8,32.0,31.6,31.6,2175,2543775
2025-12-17 10:28:00+05:30,31.75,31.75,30.9,30.95,6825,2544300
2025-12-17 10:29:00+05:30,30.3,30.8,30.15,30.6,18900,2544300
2025-12-17 10:30:00+05:30,30.65,30.9,30.5,30.7,37950,2544300
2025-12-17 10:31:00+05:30,30.7,31.0,30.65,30.95,15225,2521050
2025-12-17 10:32:00+05:30,30.7,31.05,30.7,30.85,55500,2521050
2025-12-17 10:33:00+05:30,30.85,30.95,30.7,30.95,10425,2521050
2025-12-17 10:34:00+05:30,31.0,31.55,30.75,30.75,4800,2500725
2025-12-17 10:35:00+05:30,30.85,30.85,30.4,30.4,9075,2500725
2025-12-17 10:36:00+05:30,30.45,30.75,30.45,30.65,13500,2500725
2025-12-17 10:37:00+05:30,30.75,30.85,30.4,30.55,11475,2497650
2025-12-17 10:38:00+05:30,30.4,30.5,30.0,30.25,16725,2497650
2025-12-17 10:39:00+05:30,30.2,30.5,30.15,30.5,5475,2497650
2025-12-17 10:40:00+05:30,30.5,30.5,30.0,30.05,10275,2486325
2025-12-17 10:41:00+05:30,30.1,30.35,30.1,30.25,9750,2486325
2025-12-17 10:42:00+05:30,30.4,30.75,30.2,30.7,5775,2486325
2025-12-17 10:43:00+05:30,30.75,31.0,30.6,30.6,2925,2491575
2025-12-17 10:44:00+05:30,30.3,30.7,30.2,30.7,6075,2491575
2025-12-17 10:45:00+05:30,30.6,30.75,30.2,30.6,15375,2491575
2025-12-17 10:46:00+05:30,30.9,30.9,30.35,30.75,9375,2495925
2025-12-17 10:47:00+05:30,30.8,31.35,30.8,31.05,5775,2495925
2025-12-17 10:48:00+05:30,31.05,31.25,30.8,31.05,8400,2495925
2025-12-17 10:49:00+05:30,31.0,31.25,30.7,30.9,14925,2492925
2025-12-17 10:50:00+05:30,31.0,31.2,30.95,31.0,7200,2492925
2025-12-17 10:51:00+05:30,30.75,30.8,30.25,30.7,10800,2492925
2025-12-17 10:52:00+05:30,30.65,30.65,30.1,30.5,7800,2489625
2025-12-17 10:53:00+05:30,30.3,31.1,30.2,31.1,4350,2489625
2025-12-17 10:54:00+05:30,31.05,31.05,30.05,30.05,4575,2489625
2025-12-17 10:55:00+05:30,30.1,30.2,29.3,29.3,52125,2474550
2025-12-17 10:56:00+05:30,29.2,29.7,29.1,29.6,30975,2474550
2025-12-17 10:57:00+05:30,29.6,29.65,29.0,29.65,13275,2474550
2025-12-17 10:58:00+05:30,29.7,30.45,29.6,30.15,8550,2457975
2025-12-17 10:59:00+05:30,30.3,30.65,29.95,30.3,8925,2457975
2025-12-17 11:00:00+05:30,30.4,30.7,30.1,30.1,7575,2457975
2025-12-17 11:01:00+05:30,30.05,30.5,30.05,30.4,2400,2452800
2025-12-17 11:02:00+05:30,30.5,30.95,30.4,30.95,5550,2452800
2025-12-17 11:03:00+05:30,30.85,30.9,30.05,30.9,12300,2452800
2025-12-17 11:04:00+05:30,30.9,30.95,30.5,30.6,16725,2461200
2025-12-17 11:05:00+05:30,30.55,30.9,30.45,30.7,6225,2461200
2025-12-17 11:06:00+05:30,30.85,31.35,30.75,31.35,18675,2461200
2025-12-17 11:07:00+05:30,31.0,31.45,30.95,31.1,3075,2466450
2025-12-17 11:08:00+05:30,31.0,31.25,30.95,30.95,12000,2466450
2025-12-17 11:09:00+05:30,31.2,31.3,31.0,31.15,4500,2466450
2025-12-17 11:10:00+05:30,31.15,31.45,31.1,31.2,4725,2474625
2025-12-17 11:11:00+05:30,31.15,31.15,30.7,30.95,12225,2474625
2025-12-17 11:12:00+05:30,31.2,31.5,30.95,30.95,3300,2474625
2025-12-17 11:13:00+05:30,30.95,31.45,30.7,31.45,7350,2475075
2025-12-17 11:14:00+05:30,31.3,32.45,31.15,32.2,20250,2475075
2025-12-17 11:15:00+05:30,32.1,32.5,31.95,32.45,13500,2475075
2025-12-17 11:16:00+05:30,32.45,32.65,32.35,32.45,18375,2470350
2025-12-17 11:17:00+05:30,32.5,32.85,32.29,32.54,13650,2470350
2025-12-17 11:18:00+05:30,32.6,32.75,31.65,31.9,14850,2470350
2025-12-17 11:19:00+05:30,31.95,31.95,31.45,31.95,11625,2479350
2025-12-17 11:20:00+05:30,31.9,31.9,31.1,31.2,20025,2479350
2025-12-17 11:21:00+05:30,31.15,32.0,30.75,31.8,13650,2479350
2025-12-17 11:22:00+05:30,31.9,32.04,31.8,31.95,13275,2500800
2025-12-17 11:23:00+05:30,32.0,32.0,31.3,31.5,3675,2500800
2025-12-17 11:24:00+05:30,31.1,31.4,31.1,31.4,2550,2500800
2025-12-17 11:25:00+05:30,31.3,31.65,31.0,31.05,5775,2498325
2025-12-17 11:26:00+05:30,30.95,30.95,30.65,30.7,975,2498325
2025-12-17 11:27:00+05:30,30.7,30.7,30.55,30.7,3225,2498325
2025-12-17 11:28:00+05:30,30.4,30.4,29.65,29.95,6225,2496525
2025-12-17 11:29:00+05:30,29.8,30.45,29.8,30.45,11250,2496525
2025-12-17 11:30:00+05:30,30.1,30.3,29.8,30.0,10200,2496525
2025-12-17 11:31:00+05:30,30.1,30.8,30.05,30.65,2775,2492625
2025-12-17 11:32:00+05:30,30.65,30.65,29.95,29.95,8100,2492625
2025-12-17 11:33:00+05:30,29.95,30.35,29.45,30.35,6750,2492625
2025-12-17 11:34:00+05:30,30.3,30.45,30.3,30.3,750,2493225
2025-12-17 11:35:00+05:30,30.25,30.3,29.65,30.05,8175,2493225
2025-12-17 11:36:00+05:30,30.15,30.25,29.95,29.95,675,2493225
2025-12-17 11:37:00+05:30,30.05,30.15,29.9,30.05,5625,2491125
2025-12-17 11:38:00+05:30,30.0,30.25,29.95,30.0,7200,2491125
2025-12-17 11:39:00+05:30,30.05,30.5,30.05,30.25,4575,2491125
2025-12-17 11:40:00+05:30,30.4,30.65,30.25,30.65,2400,2488350
2025-12-17 11:41:00+05:30,30.95,31.2,30.85,31.05,7650,2488350
2025-12-17 11:42:00+05:30,30.9,31.3,30.9,31.0,6000,2488350
2025-12-17 11:43:00+05:30,31.15,31.5,31.15,31.2,4200,2484450
2025-12-17 11:44:00+05:30,31.25,31.45,30.75,30.95,3375,2484450
2025-12-17 11:45:00+05:30,30.8,30.95,30.7,30.8,6225,2484450
2025-12-17 11:46:00+05:30,31.0,31.45,30.9,31.35,3675,2477700
2025-12-17 11:47:00+05:30,31.55,31.75,31.45,31.45,4500,2477700
2025-12-17 11:48:00+05:30,31.6,31.6,31.15,31.4,2400,2477700
2025-12-17 11:49:00+05:30,31.4,31.5,31.4,31.4,1875,2480325
2025-12-17 11:50:00+05:30,31.4,31.4,31.3,31.3,2925,2480325
2025-12-17 11:51:00+05:30,31.25,31.25,30.7,30.7,2100,2480325
2025-12-17 11:52:00+05:30,30.75,31.1,30.45,30.45,2850,2478900
2025-12-17 11:53:00+05:30,30.8,31.0,30.5,31.0,10875,2478900
2025-12-17 11:54:00+05:30,30.95,31.1,30.9,31.0,3750,2478900
2025-12-17 11:55:00+05:30,30.45,30.95,30.45,30.95,1350,2476500
2025-12-17 11:56:00+05:30,30.8,30.8,29.9,30.05,7050,2476500
2025-12-17 11:57:00+05:30,29.9,29.9,29.65,29.65,6075,2476500
2025-12-17 11:58:00+05:30,29.9,30.35,29.9,30.05,1650,2476950
2025-12-17 11:59:00+05:30,29.65,29.65,29.25,29.4,9525,2476950
2025-12-17 12:00:00+05:30,29.35,29.35,28.6,28.75,10575,2476950
2025-12-17 12:01:00+05:30,28.75,28.75,28.5,28.7,6600,2479950
2025-12-17 12:02:00+05:30,28.8,28.8,27.7,28.05,17325,2479950
2025-12-17 12:03:00+05:30,27.9,28.4,27.8,28.2,10575,2479950
2025-12-17 12:04:00+05:30,28.35,28.35,27.85,27.9,10875,2469450
2025-12-17 12:05:00+05:30,27.8,28.45,27.65,28.4,23775,2469450
2025-12-17 12:06:00+05:30,28.3,28.5,28.0,28.0,4125,2469450
2025-12-17 12:07:00+05:30,27.95,28.35,27.85,27.9,8925,2458200
2025-12-17 12:08:00+05:30,27.9,27.95,27.65,27.8,8850,2458200
2025-12-17 12:09:00+05:30,27.85,28.0,27.75,27.75,10200,2458200
2025-12-17 12:10:00+05:30,27.75,28.0,27.7,28.0,16875,2450850
2025-12-17 12:11:00+05:30,28.05,28.1,27.9,27.9,10650,2450850
2025-12-17 12:12:00+05:30,27.95,28.0,27.75,27.75,13275,2450850
2025-12-17 12:13:00+05:30,27.95,28.35,27.6,27.6,13275,2438925
2025-12-17 12:14:00+05:30,27.6,27.85,27.35,27.6,5850,2438925
2025-12-17 12:15:00+05:30,27.6,27.95,27.4,27.65,23175,2438925
2025-12-17 12:16:00+05:30,27.65,27.75,27.6,27.7,4950,2435100
2025-12-17 12:17:00+05:30,27.85,28.0,27.65,27.95,6975,2435100
2025-12-17 12:18:00+05:30,27.8,28.0,27.8,27.9,11400,2435100
2025-12-17 12:19:00+05:30,28.05,28.1,27.9,27.95,7425,2436600
2025-12-17 12:20:00+05:30,27.85,27.9,27.7,27.8,1725,2436600
2025-12-17 12:21:00+05:30,27.7,28.0,27.7,27.95,3900,2436600
2025-12-17 12:22:00+05:30,28.0,28.25,27.9,28.1,7875,2436600
2025-12-17 12:23:00+05:30,27.85,28.35,27.85,27.95,7275,2431575
2025-12-17 12:24:00+05:30,27.9,27.9,27.1,27.25,5175,2431575
2025-12-17 12:25:00+05:30,27.3,28.1,27.3,27.75,6900,2431575
2025-12-17 12:26:00+05:30,27.6,27.6,26.75,27.05,18900,2426250
2025-12-17 12:27:00+05:30,27.15,27.15,26.4,26.8,16875,2426250
2025-12-17 12:28:00+05:30,26.9,27.0,26.65,26.65,6675,2426250
2025-12-17 12:29:00+05:30,26.65,26.9,26.6,26.75,21525,2414475
2025-12-17 12:30:00+05:30,26.8,27.1,26.8,26.9,14925,2414475
2025-12-17 12:31:00+05:30,26.9,27.25,26.9,26.9,16575,2414475
2025-12-17 12:32:00+05:30,26.9,27.05,26.7,26.75,11925,2398575
2025-12-17 12:33:00+05:30,27.05,27.2,26.8,27.2,5175,2398575
2025-12-17 12:34:00+05:30,26.95,27.3,26.95,27.3,4725,2398575
2025-12-17 12:35:00+05:30,27.35,27.35,27.05,27.2,5025,2392725
2025-12-17 12:36:00+05:30,27.1,27.4,27.05,27.35,6150,2392725
2025-12-17 12:37:00+05:30,27.35,27.35,26.75,26.75,4950,2392725
2025-12-17 12:38:00+05:30,26.9,26.95,26.45,26.65,10200,2392425
2025-12-17 12:39:00+05:30,26.6,27.1,26.45,26.8,5325,2392425
2025-12-17 12:40:00+05:30,26.9,27.0,26.65,26.65,3525,2392425
2025-12-17 12:41:00+05:30,26.65,26.9,26.5,26.55,4725,2384400
2025-12-17 12:42:00+05:30,26.55,26.7,26.5,26.7,4575,2384400
2025-12-17 12:43:00+05:30,26.6,27.1,26.6,27.1,4350,2384400
2025-12-17 12:44:00+05:30,27.2,27.35,26.95,27.05,7575,2382150
2025-12-17 12:45:00+05:30,27.4,27.4,26.85,27.3,9525,2382150
2025-12-17 12:46:00+05:30,27.3,27.3,27.1,27.15,5400,2382150
2025-12-17 12:47:00+05:30,27.3,27.3,27.1,27.1,4575,2381325
2025-12-17 12:48:00+05:30,27.1,27.1,26.6,26.6,3225,2381325
2025-12-17 12:49:00+05:30,26.8,27.0,26.7,26.95,6600,2381325
2025-12-17 12:50:00+05:30,27.15,27.45,27.0,27.2,12000,2380950
2025-12-17 12:51:00+05:30,27.2,27.4,27.2,27.3,4275,2380950
2025-12-17 12:52:00+05:30,27.25,27.45,27.25,27.25,3675,2380950
2025-12-17 12:53:00+05:30,27.25,27.25,26.5,26.5,10500,2382300
2025-12-17 12:54:00+05:30,26.45,26.5,26.05,26.05,8700,2382300
2025-12-17 12:55:00+05:30,26.05,26.1,25.7,25.8,11850,2382300
2025-12-17 12:56:00+05:30,25.8,26.45,25.8,26.35,50700,2378175
2025-12-17 12:57:00+05:30,26.3,26.45,26.1,26.4,4050,2378175
2025-12-17 12:58:00+05:30,26.45,26.45,26.1,26.1,41250,2378175
2025-12-17 12:59:00+05:30,26.1,26.25,26.1,26.15,3675,2400525
2025-12-17 13:00:00+05:30,26.15,26.4,26.1,26.1,7650,2400525
2025-12-17 13:01:00+05:30,26.05,26.4,26.05,26.3,3825,2400525
2025-12-17 13:02:00+05:30,26.3,26.55,26.25,26.35,3525,2398950
2025-12-17 13:03:00+05:30,26.3,26.45,26.15,26.4,5475,2398950
2025-12-17 13:04:00+05:30,26.5,26.65,26.35,26.6,3900,2398950
2025-12-17 13:05:00+05:30,26.65,26.85,26.55,26.8,4875,2395050
2025-12-17 13:06:00+05:30,26.7,26.8,26.55,26.7,5925,2395050
2025-12-17 13:07:00+05:30,26.7,26.9,26.6,26.7,10050,2395050
2025-12-17 13:08:00+05:30,26.65,27.0,26.65,26.85,6375,2400675
2025-12-17 13:09:00+05:30,26.65,26.95,26.35,26.4,10425,2400675
2025-12-17 13:10:00+05:30,26.45,26.55,26.2,26.4,8100,2400675
2025-12-17 13:11:00+05:30,26.25,27.1,26.25,27.0,6450,2404125
2025-12-17 13:12:00+05:30,27.0,27.1,26.85,26.85,3375,2404125
2025-12-17 13:13:00+05:30,26.8,26.8,26.5,26.55,825,2404125
2025-12-17 13:14:00+05:30,26.5,26.55,26.35,26.5,1500,2403975
2025-12-17 13:15:00+05:30,26.35,26.65,26.35,26.5,2775,2403975
2025-12-17 13:16:00+05:30,26.6,26.8,26.5,26.7,3225,2403975
2025-12-17 13:17:00+05:30,26.6,26.75,26.6,26.7,4050,2401650
2025-12-17 13:18:00+05:30,26.6,26.8,26.6,26.8,3975,2401650
2025-12-17 13:19:00+05:30,26.95,27.4,26.85,27.1,2550,2401650
2025-12-17 13:20:00+05:30,27.0,27.05,26.85,26.85,2475,2405850
2025-12-17 13:21:00+05:30,27.1,27.2,27.05,27.05,10125,2405850
2025-12-17 13:22:00+05:30,27.05,27.4,26.7,26.95,7275,2405850
2025-12-17 13:23:00+05:30,27.0,27.2,27.0,27.1,1200,2406675
2025-12-17 13:24:00+05:30,27.25,27.8,27.2,27.35,7200,2406675
2025-12-17 13:25:00+05:30,27.45,27.65,27.3,27.5,7650,2406675
2025-12-17 13:26:00+05:30,27.4,27.65,27.2,27.55,8400,2405550
2025-12-17 13:27:00+05:30,27.65,27.65,27.4,27.45,5475,2405550
2025-12-17 13:28:00+05:30,27.5,27.65,27.3,27.3,4050,2405550
2025-12-17 13:29:00+05:30,27.1,27.3,27.0,27.05,5325,2409900
2025-12-17 13:30:00+05:30,26.95,27.2,26.8,26.85,10500,2409900
2025-12-17 13:31:00+05:30,26.65,26.75,26.5,26.75,5400,2409900
2025-12-17 13:32:00+05:30,26.7,27.1,26.7,26.8,4500,2406825
2025-12-17 13:33:00+05:30,26.75,26.9,26.5,26.9,4425,2406825
2025-12-17 13:34:00+05:30,26.8,26.9,26.6,26.9,1275,2406825
2025-12-17 13:35:00+05:30,26.65,26.8,26.3,26.3,1950,2405325
2025-12-17 13:36:00+05:30,26.15,26.2,25.95,26.05,7275,2405325
2025-12-17 13:37:00+05:30,26.1,26.6,26.1,26.6,1125,2405325
2025-12-17 13:38:00+05:30,26.35,26.35,26.0,26.1,4275,2404500
2025-12-17 13:39:00+05:30,26.05,26.3,26.0,26.25,2175,2404500
2025-12-17 13:40:00+05:30,26.2,26.5,26.2,26.5,4425,2404500
2025-12-17 13:41:00+05:30,26.7,26.7,26.0,26.0,2550,2411550
2025-12-17 13:42:00+05:30,26.1,26.1,25.5,25.5,5250,2411550
2025-12-17 13:43:00+05:30,25.45,25.95,25.45,25.6,23775,2411550
2025-12-17 13:44:00+05:30,25.6,26.2,25.6,26.05,13350,2422575
2025-12-17 13:45:00+05:30,26.1,26.25,25.8,25.9,4125,2422575
2025-12-17 13:46:00+05:30,26.1,26.4,25.95,26.3,3225,2422575
2025-12-17 13:47:00+05:30,26.35,26.35,25.9,26.25,3750,2422500
2025-12-17 13:48:00+05:30,26.3,26.4,26.15,26.25,5850,2422500
2025-12-17 13:49:00+05:30,26.25,26.35,25.75,25.75,10200,2422500
2025-12-17 13:50:00+05:30,25.7,25.9,25.7,25.8,3675,2421150
2025-12-17 13:51:00+05:30,25.6,25.7,25.4,25.5,7425,2421150
2025-12-17 13:52:00+05:30,25.5,25.9,25.4,25.85,3300,2421150
2025-12-17 13:53:00+05:30,25.65,26.0,25.55,25.55,5550,2423325
2025-12-17 13:54:00+05:30,25.6,25.65,25.45,25.55,5025,2423325
2025-12-17 13:55:00+05:30,25.4,25.55,24.75,24.75,11775,2423325
2025-12-17 13:56:00+05:30,24.85,25.2,24.6,25.2,11400,2423325
2025-12-17 13:57:00+05:30,25.1,25.55,25.1,25.5,6975,2423325
2025-12-17 13:58:00+05:30,25.4,25.75,25.3,25.75,2550,2423325
2025-12-17 13:59:00+05:30,25.75,26.0,25.7,25.9,1800,2423400
2025-12-17 14:00:00+05:30,25.9,26.4,25.9,26.15,24000,2423400
2025-12-17 14:01:00+05:30,25.9,26.35,25.8,26.2,9450,2423400
2025-12-17 14:02:00+05:30,26.15,26.15,25.5,25.5,4725,2431050
2025-12-17 14:03:00+05:30,25.35,25.65,25.3,25.4,13650,2431050
2025-12-17 14:04:00+05:30,25.4,25.95,25.4,25.95,8175,2431050
2025-12-17 14:05:00+05:30,25.9,26.4,25.9,26.3,2550,2432850
2025-12-17 14:06:00+05:30,26.15,26.35,26.0,26.3,6000,2432850
2025-12-17 14:07:00+05:30,26.15,26.15,25.9,25.95,2850,2432850
2025-12-17 14:08:00+05:30,26.0,26.25,25.9,25.9,3750,2431275
2025-12-17 14:09:00+05:30,25.95,25.95,25.6,25.6,1875,2431275
2025-12-17 14:10:00+05:30,25.65,25.7,25.45,25.65,5475,2431275
2025-12-17 14:11:00+05:30,25.65,25.65,25.3,25.3,2100,2432175
2025-12-17 14:12:00+05:30,25.5,25.6,25.35,25.6,2175,2432175
2025-12-17 14:13:00+05:30,25.5,26.0,25.5,25.65,3675,2432175
2025-12-17 14:14:00+05:30,25.85,26.45,25.85,26.35,3075,2431725
2025-12-17 14:15:00+05:30,26.2,26.45,26.2,26.4,675,2431725
2025-12-17 14:16:00+05:30,26.35,26.9,26.35,26.9,4200,2431725
2025-12-17 14:17:00+05:30,26.8,26.8,26.55,26.6,2850,2430900
2025-12-17 14:18:00+05:30,26.85,26.85,26.6,26.85,4500,2430900
2025-12-17 14:19:00+05:30,26.85,26.9,26.45,26.75,3900,2430900
2025-12-17 14:20:00+05:30,26.8,27.0,25.9,25.9,9300,2428575
2025-12-17 14:21:00+05:30,25.9,26.4,25.9,26.4,2550,2428575
2025-12-17 14:22:00+05:30,26.25,26.35,26.0,26.2,8250,2428575
2025-12-17 14:23:00+05:30,26.3,26.5,26.2,26.2,4875,2425800
2025-12-17 14:24:00+05:30,26.05,26.2,25.5,25.65,2550,2425800
2025-12-17 14:25:00+05:30,25.45,25.7,25.45,25.55,3525,2425800
2025-12-17 14:26:00+05:30,25.6,25.7,25.55,25.7,2475,2424600
2025-12-17 14:27:00+05:30,25.75,25.8,25.25,25.35,1950,2424600
2025-12-17 14:28:00+05:30,25.3,25.65,25.3,25.65,3525,2424600
2025-12-17 14:29:00+05:30,25.35,25.7,25.15,25.7,7050,2425575
2025-12-17 14:30:00+05:30,25.65,25.65,25.45,25.6,4350,2425575
2025-12-17 14:31:00+05:30,25.5,25.65,25.4,25.45,8175,2425575
2025-12-17 14:32:00+05:30,25.3,25.95,25.3,25.95,15225,2430300
2025-12-17 14:33:00+05:30,25.65,25.9,25.65,25.65,5850,2430300
2025-12-17 14:34:00+05:30,25.7,26.25,25.7,26.25,7275,2430300
2025-12-17 14:35:00+05:30,26.25,26.5,25.95,26.0,17775,2437575
2025-12-17 14:36:00+05:30,25.95,26.1,25.2,25.25,9900,2437575
2025-12-17 14:37:00+05:30,25.3,25.7,25.2,25.25,10950,2437575
2025-12-17 14:38:00+05:30,25.3,25.6,25.15,25.5,7275,2441250
2025-12-17 14:39:00+05:30,25.4,25.5,25.2,25.35,5325,2441250
2025-12-17 14:40:00+05:30,25.35,25.7,25.2,25.7,12225,2441250
2025-12-17 14:41:00+05:30,25.85,25.95,25.65,25.65,4275,2441775
2025-12-17 14:42:00+05:30,25.65,25.8,25.4,25.4,9825,2441775
2025-12-17 14:43:00+05:30,25.3,25.65,25.3,25.65,2775,2441775
2025-12-17 14:44:00+05:30,25.7,26.05,25.7,26.05,5475,2438850
2025-12-17 14:45:00+05:30,25.95,26.5,25.95,26.2,6300,2438850
2025-12-17 14:46:00+05:30,26.25,26.25,25.45,25.5,5025,2438850
2025-12-17 14:47:00+05:30,25.65,25.65,25.4,25.4,2100,2437425
2025-12-17 14:48:00+05:30,25.55,25.7,25.5,25.7,6750,2437425
2025-12-17 14:49:00+05:30,25.65,26.5,25.65,26.3,18750,2437425
2025-12-17 14:50:00+05:30,26.2,26.5,26.2,26.5,10050,2440800
2025-12-17 14:51:00+05:30,26.5,26.5,26.0,26.15,6450,2440800
2025-12-17 14:52:00+05:30,26.1,26.3,25.95,26.3,2700,2440800
2025-12-17 14:53:00+05:30,26.55,26.55,26.1,26.15,7125,2438775
2025-12-17 14:54:00+05:30,26.25,26.4,25.95,25.95,17775,2438775
2025-12-17 14:55:00+05:30,26.0,26.4,25.95,25.95,12075,2438775
2025-12-17 14:56:00+05:30,25.85,26.1,25.75,26.1,4950,2440050
2025-12-17 14:57:00+05:30,26.0,26.35,26.0,26.3,3375,2440050
2025-12-17 14:58:00+05:30,26.35,26.45,26.2,26.3,3225,2440050
2025-12-17 14:59:00+05:30,26.3,26.6,26.05,26.15,4725,2438400
2025-12-17 15:00:00+05:30,26.55,27.2,26.4,26.6,18150,2438400
2025-12-17 15:01:00+05:30,26.65,27.25,26.65,26.85,10800,2438400
2025-12-17 15:02:00+05:30,26.85,27.0,26.0,26.15,4350,2437500
2025-12-17 15:03:00+05:30,26.1,26.6,26.1,26.2,11100,2437500
2025-12-17 15:04:00+05:30,26.4,26.75,26.2,26.6,28800,2437500
2025-12-17 15:05:00+05:30,26.75,26.95,26.5,26.55,6600,2435475
2025-12-17 15:06:00+05:30,26.6,26.7,26.3,26.5,5625,2435475
2025-12-17 15:07:00+05:30,26.5,26.5,26.0,26.05,28725,2435475
2025-12-17 15:08:00+05:30,26.15,26.5,26.15,26.5,9000,2432250
2025-12-17 15:09:00+05:30,26.6,26.75,26.1,26.2,7875,2432250
2025-12-17 15:10:00+05:30,26.35,26.4,25.9,25.9,51000,2432250
2025-12-17 15:11:00+05:30,26.0,26.0,25.75,26.0,22575,2454375
2025-12-17 15:12:00+05:30,26.15,26.2,25.8,26.1,15975,2454375
2025-12-17 15:13:00+05:30,26.15,26.25,26.05,26.15,6450,2454375
2025-12-17 15:14:00+05:30,26.1,26.35,25.9,26.35,17550,2457450
2025-12-17 15:15:00+05:30,26.35,26.35,25.35,25.75,34200,2457450
2025-12-17 15:16:00+05:30,25.65,25.8,25.4,25.7,27450,2457450
2025-12-17 15:17:00+05:30,25.75,25.75,25.3,25.6,22875,2470950
2025-12-17 15:18:00+05:30,25.6,25.65,25.35,25.5,18225,2470950
2025-12-17 15:19:00+05:30,25.8,26.15,25.6,26.05,24075,2470950
2025-12-17 15:20:00+05:30,26.25,26.35,26.05,26.25,6300,2475975
2025-12-17 15:21:00+05:30,26.3,26.5,26.25,26.25,17550,2475975
2025-12-17 15:22:00+05:30,26.35,27.15,26.35,27.15,16500,2475975
2025-12-17 15:23:00+05:30,27.25,27.5,27.2,27.5,16950,2478225
2025-12-17 15:24:00+05:30,27.6,27.8,27.25,27.5,109575,2478225
2025-12-17 15:25:00+05:30,27.75,27.75,27.5,27.5,20475,2478225
2025-12-17 15:26:00+05:30,27.5,27.9,27.45,27.9,17700,2510475
2025-12-17 15:27:00+05:30,27.9,28.1,27.9,28.05,25800,2510475
2025-12-17 15:28:00+05:30,28.05,28.1,27.8,27.8,24375,2510475
2025-12-17 15:29:00+05:30,27.9,28.3,27.8,28.3,46200,2480175
2025-12-18 09:15:00+05:30,25.0,25.0,20.8,20.8,108600,2472900
2025-12-18 09:16:00+05:30,20.6,21.35,19.89,21.35,103950,2473050
2025-12-18 09:17:00+05:30,21.55,22.05,21.35,21.75,40125,2473050
2025-12-18 09:18:00+05:30,22.1,22.25,21.65,21.65,41475,2473050
2025-12-18 09:19:00+05:30,21.85,22.55,21.35,21.35,43800,2454300
2025-12-18 09:20:00+05:30,21.35,21.5,21.0,21.35,41025,2454300
2025-12-18 09:21:00+05:30,21.35,22.5,21.35,21.4,30450,2454300
2025-12-18 09:22:00+05:30,21.65,22.15,21.55,21.75,17400,2446050
2025-12-18 09:23:00+05:30,21.65,22.4,21.65,22.3,26625,2446050
2025-12-18 09:24:00+05:30,22.55,23.2,22.2,22.5,17775,2446050
2025-12-18 09:25:00+05:30,22.65,23.05,22.35,23.05,27450,2441475
2025-12-18 09:26:00+05:30,23.05,23.4,22.55,22.55,81225,2441475
2025-12-18 09:27:00+05:30,22.5,23.15,22.45,22.8,27825,2441475
2025-12-18 09:28:00+05:30,22.75,22.9,21.85,21.85,19350,2399250
2025-12-18 09:29:00+05:30,22.0,22.15,21.35,21.35,14700,2399250
2025-12-18 09:30:00+05:30,21.3,21.9,21.1,21.6,23850,2399250
2025-12-18 09:31:00+05:30,21.7,21.8,21.2,21.6,17550,2386725
2025-12-18 09:32:00+05:30,21.75,21.75,21.0,21.0,14325,2386725
2025-12-18 09:33:00+05:30,20.9,20.9,20.39,20.7,11625,2386725
2025-12-18 09:34:00+05:30,20.85,21.1,20.6,20.7,32025,2395575
2025-12-18 09:35:00+05:30,20.7,20.7,20.2,20.2,16650,2395575
2025-12-18 09:36:00+05:30,20.35,20.8,20.35,20.8,25350,2395575
2025-12-18 09:37:00+05:30,21.05,21.05,20.55,20.6,17700,2408625
2025-12-18 09:38:00+05:30,20.65,21.0,20.5,20.5,11325,2408625
2025-12-18 09:39:00+05:30,20.25,20.55,20.1,20.3,12075,2408625
2025-12-18 09:40:00+05:30,20.3,20.39,20.05,20.35,19575,2408400
2025-12-18 09:41:00+05:30,20.2,20.39,20.0,20.0,57225,2408400
2025-12-18 09:42:00+05:30,20.1,20.1,19.2,19.3,21675,2408400
2025-12-18 09:43:00+05:30,19.3,19.55,19.14,19.5,39525,2390475
2025-12-18 09:44:00+05:30,19.35,19.45,19.05,19.14,25875,2390475
2025-12-18 09:45:00+05:30,19.0,19.05,18.7,18.95,56025,2390475
2025-12-18 09:46:00+05:30,19.0,19.0,18.39,18.6,26325,2404650
2025-12-18 09:47:00+05:30,18.55,18.75,18.39,18.64,70800,2404650
2025-12-18 09:48:00+05:30,18.64,18.64,18.35,18.45,25875,2404650
2025-12-18 09:49:00+05:30,18.64,18.7,18.5,18.7,15600,2387550
2025-12-18 09:50:00+05:30,18.6,18.7,18.5,18.6,21225,2387550
2025-12-18 09:51:00+05:30,18.7,19.0,18.7,18.85,22200,2387550
2025-12-18 09:52:00+05:30,18.8,19.25,18.8,19.2,39825,2377800
2025-12-18 09:53:00+05:30,19.2,19.25,18.95,18.95,19950,2377800
2025-12-18 09:54:00+05:30,19.0,19.2,18.95,19.14,15750,2377800
2025-12-18 09:55:00+05:30,19.1,19.25,18.95,19.2,12750,2368350
2025-12-18 09:56:00+05:30,19.1,19.25,19.0,19.05,14625,2368350
2025-12-18 09:57:00+05:30,19.1,19.1,18.95,19.05,7125,2368350
2025-12-18 09:58:00+05:30,18.89,19.3,18.75,19.25,8325,2366850
2025-12-18 09:59:00+05:30,19.45,19.6,19.1,19.2,17175,2366850
2025-12-18 10:00:00+05:30,19.25,19.25,19.0,19.0,10875,2366850
2025-12-18 10:01:00+05:30,19.1,19.35,18.95,19.0,7200,2363250
2025-12-18 10:02:00+05:30,19.05,19.2,18.89,19.05,5250,2363250
2025-12-18 10:03:00+05:30,19.05,19.14,18.89,19.1,4425,2363250
2025-12-18 10:04:00+05:30,18.95,19.2,18.85,19.2,11100,2363775
2025-12-18 10:05:00+05:30,19.2,19.35,19.05,19.3,13575,2363775
2025-12-18 10:06:00+05:30,19.5,19.95,19.5,19.75,73275,2363775
2025-12-18 10:07:00+05:30,19.6,19.89,19.55,19.89,13500,2337600
2025-12-18 10:08:00+05:30,19.85,20.35,19.85,20.35,11250,2337600
2025-12-18 10:09:00+05:30,20.5,20.5,20.14,20.3,9525,2337600
2025-12-18 10:10:00+05:30,20.3,20.39,20.1,20.14,8400,2336025
2025-12-18 10:11:00+05:30,20.2,21.6,20.2,21.35,26250,2336025
2025-12-18 10:12:00+05:30,21.4,22.0,21.15,21.65,37350,2336025
2025-12-18 10:13:00+05:30,21.65,22.1,21.6,21.75,20925,2319225
2025-12-18 10:14:00+05:30,21.8,21.8,21.1,21.15,28050,2319225
2025-12-18 10:15:00+05:30,21.1,21.35,20.45,20.75,21600,2319225
2025-12-18 10:16:00+05:30,20.95,21.55,20.95,21.3,6675,2314725
2025-12-18 10:17:00+05:30,21.25,23.35,20.85,23.1,12300,2314725
2025-12-18 10:18:00+05:30,22.6,23.15,22.35,23.15,14025,2314725
2025-12-18 10:19:00+05:30,23.45,24.8,23.15,24.8,16275,2316525
2025-12-18 10:20:00+05:30,25.1,25.45,24.0,24.2,42150,2316525
2025-12-18 10:21:00+05:30,23.95,24.8,23.7,24.6,28200,2316525
2025-12-18 10:22:00+05:30,24.8,25.5,24.6,25.2,29025,2342625
2025-12-18 10:23:00+05:30,25.3,27.6,25.15,27.25,41325,2342625
2025-12-18 10:24:00+05:30,27.4,27.4,25.65,25.65,33900,2342625
2025-12-18 10:25:00+05:30,25.55,25.85,25.2,25.3,12225,2356350
2025-12-18 10:26:00+05:30,25.2,25.65,24.45,24.45,11700,2356350
2025-12-18 10:27:00+05:30,24.35,24.85,24.1,24.6,13350,2356350
2025-12-18 10:28:00+05:30,24.6,25.3,24.5,25.3,11850,2351100
2025-12-18 10:29:00+05:30,25.0,25.75,25.0,25.15,13500,2351100
2025-12-18 10:30:00+05:30,25.5,25.85,24.75,24.85,15225,2351100
2025-12-18 10:31:00+05:30,25.0,26.45,25.0,26.05,9825,2356800
2025-12-18 10:32:00+05:30,26.3,26.7,26.15,26.35,12375,2356800
2025-12-18 10:33:00+05:30,26.5,27.95,26.45,27.5,55950,2356800
2025-12-18 10:34:00+05:30,27.8,30.35,27.7,29.35,100350,2363250
2025-12-18 10:35:00+05:30,29.0,29.2,27.7,27.7,23700,2363250
2025-12-18 10:36:00+05:30,27.7,27.7,26.65,27.0,21000,2363250
2025-12-18 10:37:00+05:30,27.3,28.25,27.05,27.55,23100,2371950
2025-12-18 10:38:00+05:30,27.2,27.5,27.0,27.0,4050,2371950
2025-12-18 10:39:00+05:30,27.25,27.7,26.95,27.7,2175,2371950
2025-12-18 10:40:00+05:30,27.55,27.85,27.2,27.7,7725,2377275
2025-12-18 10:41:00+05:30,28.0,28.4,27.9,28.15,10350,2377275
2025-12-18 10:42:00+05:30,28.55,29.5,28.55,29.5,14025,2377275
2025-12-18 10:43:00+05:30,29.5,29.85,28.55,28.55,13950,2374650
2025-12-18 10:44:00+05:30,28.35,28.35,27.2,27.65,11700,2374650
2025-12-18 10:45:00+05:30,27.6,28.5,27.55,28.45,8250,2374650
2025-12-18 10:46:00+05:30,28.35,28.35,27.8,28.0,9000,2376150
2025-12-18 10:47:00+05:30,27.8,28.8,27.8,28.5,4800,2376150
2025-12-18 10:48:00+05:30,28.45,28.45,27.55,27.9,2100,2376150
2025-12-18 10:49:00+05:30,27.75,27.75,27.1,27.1,3675,2381250
2025-12-18 10:50:00+05:30,27.1,27.6,26.5,26.7,11550,2381250
2025-12-18 10:51:00+05:30,26.65,26.8,26.35,26.55,9900,2381250
2025-12-18 10:52:00+05:30,26.65,26.8,25.9,26.1,19425,2379825
2025-12-18 10:53:00+05:30,26.1,26.75,25.35,26.55,22875,2379825
2025-12-18 10:54:00+05:30,26.55,27.15,26.15,26.25,15000,2379825
2025-12-18 10:55:00+05:30,26.65,27.0,25.75,26.15,11700,2377500
2025-12-18 10:56:00+05:30,26.3,26.65,26.2,26.65,1575,2377500
2025-12-18 10:57:00+05:30,26.45,27.15,26.35,26.9,2775,2377500
2025-12-18 10:58:00+05:30,27.15,27.15,26.15,26.15,1050,2377125
2025-12-18 10:59:00+05:30,26.3,27.2,26.3,27.2,5175,2377125
2025-12-18 11:00:00+05:30,27.1,27.3,26.35,26.55,11025,2377125
2025-12-18 11:01:00+05:30,26.55,26.8,26.55,26.65,2100,2380125
2025-12-18 11:02:00+05:30,26.75,26.8,25.7,25.7,7800,2380125
2025-12-18 11:03:00+05:30,25.45,25.8,25.1,25.1,12075,2380125
2025-12-18 11:04:00+05:30,25.15,25.15,24.6,24.85,8550,2379375
2025-12-18 11:05:00+05:30,24.9,25.65,24.9,25.35,8925,2379375
2025-12-18 11:06:00+05:30,25.2,25.9,25.2,25.35,3975,2379375
2025-12-18 11:07:00+05:30,25.35,25.35,24.45,24.7,5400,2382075
2025-12-18 11:08:00+05:30,24.6,25.7,24.55,25.7,7650,2382075
2025-12-18 11:09:00+05:30,25.6,25.95,25.3,25.4,13350,2382075
2025-12-18 11:10:00+05:30,25.3,25.5,24.55,24.55,2775,2382450
2025-12-18 11:11:00+05:30,25.0,25.5,24.85,25.25,1500,2382450
2025-12-18 11:12:00+05:30,25.25,25.25,24.7,25.15,2850,2382450
2025-12-18 11:13:00+05:30,25.0,25.25,24.55,24.55,5625,2383650
2025-12-18 11:14:00+05:30,24.95,24.95,24.35,24.6,3900,2383650
2025-12-18 11:15:00+05:30,24.3,24.3,23.6,24.2,8625,2383650
2025-12-18 11:16:00+05:30,24.25,24.3,23.4,23.95,3825,2382450
2025-12-18 11:17:00+05:30,23.85,24.2,23.85,24.0,2925,2382450
2025-12-18 11:18:00+05:30,23.8,24.15,23.7,24.15,8550,2382450
2025-12-18 11:19:00+05:30,24.6,24.6,23.8,23.95,9450,2377800
2025-12-18 11:20:00+05:30,23.8,25.1,23.8,25.1,2550,2377800
2025-12-18 11:21:00+05:30,25.15,25.9,25.15,25.7,12675,2377800
2025-12-18 11:22:00+05:30,25.7,26.8,25.7,26.8,11025,2389200
2025-12-18 11:23:00+05:30,26.5,26.55,26.25,26.5,3750,2389200
2025-12-18 11:24:00+05:30,27.1,27.1,26.6,27.0,5025,2389200
2025-12-18 11:25:00+05:30,27.1,27.5,26.75,27.25,9300,2392500
2025-12-18 11:26:00+05:30,27.0,27.15,26.55,26.65,2700,2392500
2025-12-18 11:27:00+05:30,26.7,27.1,26.65,26.95,1500,2392500
2025-12-18 11:28:00+05:30,26.7,26.8,25.65,26.05,2250,2394075
2025-12-18 11:29:00+05:30,26.65,27.05,26.45,27.05,1725,2394075
2025-12-18 11:30:00+05:30,27.25,27.65,27.1,27.2,3600,2394075
2025-12-18 11:31:00+05:30,27.15,27.45,26.7,26.75,7425,2393700
2025-12-18 11:32:00+05:30,26.45,27.25,26.45,27.15,7950,2393700
2025-12-18 11:33:00+05:30,27.65,27.65,27.1,27.1,2925,2393700
2025-12-18 11:34:00+05:30,26.85,27.0,26.6,26.8,3375,2389200
2025-12-18 11:35:00+05:30,26.75,26.75,26.1,26.1,3000,2389200
2025-12-18 11:36:00+05:30,26.4,26.55,26.35,26.5,1875,2389200
2025-12-18 11:37:00+05:30,26.6,27.1,26.6,27.1,2700,2389200
2025-12-18 11:38:00+05:30,26.85,27.15,26.85,27.15,3375,2388375
2025-12-18 11:39:00+05:30,27.3,27.4,27.2,27.2,2025,2388375
2025-12-18 11:40:00+05:30,27.1,27.1,26.6,26.8,1050,2390250
2025-12-18 11:41:00+05:30,26.9,26.9,26.35,26.65,5250,2390250
2025-12-18 11:42:00+05:30,26.5,26.5,26.2,26.5,3000,2390250
2025-12-18 11:43:00+05:30,26.45,26.45,25.55,25.6,2400,2389575
2025-12-18 11:44:00+05:30,25.75,25.8,25.35,25.8,5400,2389575
2025-12-18 11:45:00+05:30,25.65,26.0,25.35,25.35,14625,2389575
2025-12-18 11:46:00+05:30,25.3,25.8,25.3,25.55,10500,2393550
2025-12-18 11:47:00+05:30,25.5,26.1,25.1,26.0,3900,2393550
2025-12-18 11:48:00+05:30,25.85,26.3,25.7,25.8,6975,2393550
2025-12-18 11:49:00+05:30,25.6,26.0,25.5,25.85,2925,2394450
2025-12-18 11:50:00+05:30,25.85,26.35,25.6,26.3,9675,2394450
2025-12-18 11:51:00+05:30,26.2,26.8,26.1,26.5,9000,2394450
2025-12-18 11:52:00+05:30,26.5,27.5,26.5,27.25,82125,2381775
2025-12-18 11:53:00+05:30,27.4,28.25,27.2,27.85,14625,2381775
2025-12-18 11:54:00+05:30,27.6,28.65,27.6,27.9,67275,2381775
2025-12-18 11:55:00+05:30,27.95,28.15,27.4,28.1,13725,2361975
2025-12-18 11:56:00+05:30,27.8,28.4,27.55,28.4,8550,2361975
2025-12-18 11:57:00+05:30,28.3,28.3,28.0,28.0,16275,2361975
2025-12-18 11:58:00+05:30,27.85,27.85,27.4,27.65,9900,2361975
2025-12-18 11:59:00+05:30,27.8,27.8,27.2,27.35,2775,2369850
2025-12-18 12:00:00+05:30,27.2,27.2,26.45,26.8,6375,2369850
2025-12-18 12:01:00+05:30,26.7,27.1,26.7,27.0,2025,2370525
2025-12-18 12:02:00+05:30,27.8,28.05,27.5,27.85,8775,2370525
2025-12-18 12:03:00+05:30,28.3,28.3,27.45,27.5,2550,2370525
2025-12-18 12:04:00+05:30,27.5,27.5,26.75,27.2,7650,2372100
2025-12-18 12:05:00+05:30,27.2,27.5,27.15,27.2,5775,2372100
2025-12-18 12:06:00+05:30,27.1,27.2,26.5,26.9,3900,2372100
2025-12-18 12:07:00+05:30,26.8,27.35,26.8,27.35,3450,2372850
2025-12-18 12:08:00+05:30,27.5,27.5,27.1,27.25,1125,2372850
2025-12-18 12:09:00+05:30,27.6,27.95,27.6,27.85,10200,2372850
2025-12-18 12:10:00+05:30,27.85,27.95,27.25,27.5,10050,2376675
2025-12-18 12:11:00+05:30,27.75,28.3,27.75,28.25,12975,2376675
2025-12-18 12:12:00+05:30,28.2,28.2,27.65,27.65,8625,2376675
2025-12-18 12:13:00+05:30,27.7,28.2,27.5,27.95,6675,2380725
2025-12-18 12:14:00+05:30,27.95,28.1,27.65,28.05,3300,2380725
2025-12-18 12:15:00+05:30,28.0,28.65,27.95,28.0,31725,2380725
2025-12-18 12:16:00+05:30,28.1,28.2,27.85,27.85,5400,2380275
2025-12-18 12:17:00+05:30,28.0,28.55,27.95,28.4,5100,2380275
2025-12-18 12:18:00+05:30,28.5,28.9,27.45,27.45,3975,2380275
2025-12-18 12:19:00+05:30,27.4,27.4,27.25,27.25,5250,2379375
2025-12-18 12:20:00+05:30,27.25,27.65,27.25,27.25,6450,2379375
2025-12-18 12:21:00+05:30,27.25,27.6,27.25,27.6,3600,2379375
2025-12-18 12:22:00+05:30,27.7,27.75,27.35,27.35,5925,2379375
2025-12-18 12:23:00+05:30,27.2,27.9,26.8,27.7,8025,2372175
2025-12-18 12:24:00+05:30,27.8,27.8,27.25,27.25,5625,2372175
2025-12-18 12:25:00+05:30,27.15,27.4,27.15,27.4,3975,2373600
2025-12-18 12:26:00+05:30,27.35,28.0,27.35,27.5,5475,2373600
2025-12-18 12:27:00+05:30,27.6,27.75,27.3,27.5,3225,2373600
2025-12-18 12:28:00+05:30,27.45,27.9,27.45,27.75,1725,2373600
2025-12-18 12:29:00+05:30,27.85,27.9,27.35,27.75,6075,2370150
2025-12-18 12:30:00+05:30,27.9,28.6,27.85,28.6,7200,2370150
2025-12-18 12:31:00+05:30,28.45,28.55,27.95,27.95,1650,2370150
2025-12-18 12:32:00+05:30,28.05,28.1,27.75,28.1,2250,2372025
2025-12-18 12:33:00+05:30,28.3,28.6,28.3,28.45,4650,2372025
2025-12-18 12:34:00+05:30,28.4,28.7,28.4,28.7,2400,2374275
2025-12-18 12:35:00+05:30,29.0,29.25,28.6,28.6,16875,2374275
2025-12-18 12:36:00+05:30,28.45,28.95,28.0,28.55,18600,2374275
2025-12-18 12:37:00+05:30,28.6,29.3,28.6,29.3,3300,2366775
2025-12-18 12:38:00+05:30,29.35,29.75,29.0,29.0,44550,2366775
2025-12-18 12:39:00+05:30,29.0,29.05,28.7,28.7,10125,2366775
2025-12-18 12:40:00+05:30,28.7,28.8,28.35,28.35,17025,2366775
2025-12-18 12:41:00+05:30,28.5,28.65,28.25,28.5,6900,2394975
2025-12-18 12:42:00+05:30,28.6,29.3,28.55,29.1,4875,2394975
2025-12-18 12:43:00+05:30,29.0,29.2,28.65,28.8,4500,2394975
2025-12-18 12:44:00+05:30,28.55,28.8,28.5,28.7,7650,2394750
2025-12-18 12:45:00+05:30,29.15,29.4,28.8,28.85,10500,2394750
2025-12-18 12:46:00+05:30,28.75,29.05,28.55,28.95,7725,2394750
2025-12-18 12:47:00+05:30,29.1,29.1,28.7,28.7,3825,2391375
2025-12-18 12:48:00+05:30,28.5,28.5,27.75,28.1,7500,2391375
2025-12-18 12:49:00+05:30,28.1,28.1,27.7,28.05,4800,2391375
2025-12-18 12:50:00+05:30,27.95,27.95,27.15,27.15,21225,2392125
2025-12-18 12:51:00+05:30,27.2,27.9,27.2,27.9,2400,2392125
2025-12-18 12:52:00+05:30,27.75,27.75,27.35,27.55,3300,2392125
2025-12-18 12:53:00+05:30,27.45,27.45,26.65,26.7,5025,2408100
2025-12-18 12:54:00+05:30,26.8,27.45,26.8,27.15,2550,2408100
2025-12-18 12:55:00+05:30,27.05,27.5,27.05,27.35,2775,2408100
2025-12-18 12:56:00+05:30,27.3,27.65,27.0,27.0,3375,2408400
2025-12-18 12:57:00+05:30,27.0,27.15,26.1,26.1,6375,2408400
2025-12-18 12:58:00+05:30,26.1,26.25,26.0,26.25,3150,2408400
2025-12-18 12:59:00+05:30,26.4,26.55,26.2,26.5,4350,2402850
2025-12-18 13:00:00+05:30,26.55,26.65,26.2,26.35,750,2402850
2025-12-18 13:01:00+05:30,26.85,27.25,26.6,26.6,5100,2402850
2025-12-18 13:02:00+05:30,26.3,26.65,26.3,26.65,1950,2401500
2025-12-18 13:03:00+05:30,26.95,27.1,26.7,26.9,3900,2401500
2025-12-18 13:04:00+05:30,26.95,27.2,26.85,26.95,4725,2401500
2025-12-18 13:05:00+05:30,26.9,27.3,26.7,27.0,3600,2402250
2025-12-18 13:06:00+05:30,26.9,27.3,26.9,27.2,2175,2402250
2025-12-18 13:07:00+05:30,27.0,27.05,27.0,27.0,600,2402250
2025-12-18 13:08:00+05:30,27.2,27.65,27.2,27.65,2175,2402925
2025-12-18 13:09:00+05:30,27.4,27.4,26.9,26.9,3900,2402925
2025-12-18 13:10:00+05:30,27.05,27.4,27.0,27.0,6750,2402925
2025-12-18 13:11:00+05:30,27.0,27.0,25.75,25.75,9000,2408625
2025-12-18 13:12:00+05:30,25.9,26.6,25.9,26.4,5925,2408625
2025-12-18 13:13:00+05:30,26.35,27.15,26.35,27.15,4125,2408625
2025-12-18 13:14:00+05:30,27.1,27.2,26.9,26.9,5250,2405400
2025-12-18 13:15:00+05:30,26.75,26.75,26.4,26.55,2175,2405400
2025-12-18 13:16:00+05:30,26.5,26.85,26.15,26.2,6000,2405400
2025-12-18 13:17:00+05:30,26.15,26.95,26.15,26.9,2850,2406375
2025-12-18 13:18:00+05:30,26.65,26.65,26.0,26.05,2025,2406375
2025-12-18 13:19:00+05:30,26.25,26.25,26.15,26.15,2100,2406375
2025-12-18 13:20:00+05:30,26.1,26.15,26.0,26.15,6000,2403300
2025-12-18 13:21:00+05:30,26.45,26.6,25.75,25.75,6075,2403300
2025-12-18 13:22:00+05:30,25.6,26.0,25.4,25.9,4875,2403300
2025-12-18 13:23:00+05:30,25.7,26.0,25.4,25.7,6075,2406150
2025-12-18 13:24:00+05:30,25.85,26.4,25.85,26.2,7725,2406150
2025-12-18 13:25:00+05:30,26.05,26.25,26.05,26.1,4650,2406150
2025-12-18 13:26:00+05:30,26.0,26.8,26.0,26.4,5400,2404800
2025-12-18 13:27:00+05:30,26.3,26.5,26.15,26.3,2100,2404800
2025-12-18 13:28:00+05:30,26.4,26.4,25.9,25.95,1575,2404800
2025-12-18 13:29:00+05:30,26.0,26.0,25.0,25.0,11475,2405775
2025-12-18 13:30:00+05:30,24.95,25.55,24.95,25.55,4425,2405775
2025-12-18 13:31:00+05:30,25.4,25.45,25.2,25.2,2700,2405775
2025-12-18 13:32:00+05:30,25.1,25.1,24.2,24.3,9525,2399175
2025-12-18 13:33:00+05:30,24.25,24.3,23.3,23.3,11775,2399175
2025-12-18 13:34:00+05:30,23.35,23.75,23.25,23.4,12900,2399175
2025-12-18 13:35:00+05:30,23.3,23.55,23.1,23.5,14325,2399325
2025-12-18 13:36:00+05:30,23.55,23.65,22.8,23.2,16425,2399325
2025-12-18 13:37:00+05:30,23.55,24.25,23.35,24.25,8925,2399325
2025-12-18 13:38:00+05:30,23.95,24.2,23.9,24.0,8625,2387550
2025-12-18 13:39:00+05:30,24.0,24.55,23.9,24.15,15075,2387550
2025-12-18 13:40:00+05:30,24.1,24.25,23.7,23.7,3150,2387550
2025-12-18 13:41:00+05:30,24.0,24.2,23.6,23.7,5625,2382825
2025-12-18 13:42:00+05:30,23.35,23.7,23.35,23.7,3450,2382825
2025-12-18 13:43:00+05:30,23.95,24.3,23.9,24.15,5475,2382825
2025-12-18 13:44:00+05:30,24.0,24.0,23.25,23.3,5850,2380275
2025-12-18 13:45:00+05:30,23.35,23.55,23.35,23.45,900,2380275
2025-12-18 13:46:00+05:30,23.55,23.65,23.35,23.35,3900,2380275
2025-12-18 13:47:00+05:30,23.35,23.55,23.0,23.55,6075,2379750
2025-12-18 13:48:00+05:30,23.4,23.9,23.4,23.9,2250,2379750
2025-12-18 13:49:00+05:30,23.95,24.15,23.55,23.55,8925,2379750
2025-12-18 13:50:00+05:30,23.35,23.9,23.35,23.85,4125,2386200
2025-12-18 13:51:00+05:30,23.9,23.9,23.65,23.65,5925,2386200
2025-12-18 13:52:00+05:30,23.65,23.75,23.35,23.5,7950,2386200
2025-12-18 13:53:00+05:30,23.6,24.2,23.6,23.95,5775,2386800
2025-12-18 13:54:00+05:30,24.45,24.65,23.85,24.15,20550,2386800
2025-12-18 13:55:00+05:30,24.1,24.1,23.8,24.1,5325,2386800
2025-12-18 13:56:00+05:30,23.65,23.9,23.55,23.9,1575,2379150
2025-12-18 13:57:00+05:30,23.75,23.75,22.55,22.55,16350,2379150
2025-12-18 13:58:00+05:30,22.6,22.8,22.0,22.8,11625,2379150
2025-12-18 13:59:00+05:30,22.8,22.9,22.6,22.7,4275,2367675
2025-12-18 14:00:00+05:30,22.7,23.0,22.05,22.05,9975,2367675
2025-12-18 14:01:00+05:30,21.95,22.15,21.7,21.75,13950,2367675
2025-12-18 14:02:00+05:30,21.6,21.6,20.14,20.45,27675,2362350
2025-12-18 14:03:00+05:30,20.39,20.65,20.35,20.5,42900,2362350
2025-12-18 14:04:00+05:30,20.65,21.05,20.5,20.75,11250,2362350
2025-12-18 14:05:00+05:30,20.6,20.8,20.39,20.45,9450,2369625
2025-12-18 14:06:00+05:30,20.55,20.55,20.1,20.45,14175,2369625
2025-12-18 14:07:00+05:30,20.45,20.45,19.3,19.5,52575,2369625
2025-12-18 14:08:00+05:30,19.5,19.89,19.5,19.7,9000,2339550
2025-12-18 14:09:00+05:30,19.75,20.0,19.5,19.5,7575,2339550
2025-12-18 14:10:00+05:30,19.39,19.64,18.89,19.25,36450,2339550
2025-12-18 14:11:00+05:30,19.1,19.3,18.8,19.2,14775,2348550
2025-12-18 14:12:00+05:30,19.25,19.5,19.2,19.39,43125,2348550
2025-12-18 14:13:00+05:30,19.25,19.6,19.14,19.5,31950,2348550
2025-12-18 14:14:00+05:30,19.45,19.55,19.14,19.14,9075,2356200
2025-12-18 14:15:00+05:30,19.0,19.5,19.0,19.25,21525,2356200
2025-12-18 14:16:00+05:30,19.25,19.3,18.7,19.2,20850,2356200
2025-12-18 14:17:00+05:30,19.3,20.0,19.14,19.95,19350,2359800
2025-12-18 14:18:00+05:30,20.1,20.14,19.95,20.0,6825,2359800
2025-12-18 14:19:00+05:30,20.05,20.3,19.35,19.45,10500,2359800
2025-12-18 14:20:00+05:30,19.45,19.55,19.3,19.55,12825,2357775
2025-12-18 14:21:00+05:30,19.5,19.5,18.95,19.1,8700,2357775
2025-12-18 14:22:00+05:30,19.05,19.14,18.85,18.89,29025,2357775
2025-12-18 14:23:00+05:30,18.89,18.95,18.05,18.14,40200,2355750
2025-12-18 14:24:00+05:30,18.0,18.14,17.8,17.89,21450,2355750
2025-12-18 14:25:00+05:30,17.8,18.0,17.75,18.0,17775,2355750
2025-12-18 14:26:00+05:30,18.0,18.14,17.85,18.14,20700,2358600
2025-12-18 14:27:00+05:30,18.05,18.3,18.05,18.3,4500,2358600
2025-12-18 14:28:00+05:30,18.35,18.64,17.8,17.8,15375,2358600
2025-12-18 14:29:00+05:30,17.85,18.55,17.85,18.45,23475,2357475
2025-12-18 14:30:00+05:30,18.55,18.95,18.35,18.89,15750,2357475
2025-12-18 14:31:00+05:30,18.89,19.35,18.89,19.35,5250,2357475
2025-12-18 14:32:00+05:30,19.3,19.8,19.25,19.7,26775,2355300
2025-12-18 14:33:00+05:30,19.64,19.85,19.45,19.64,15450,2355300
2025-12-18 14:34:00+05:30,19.8,19.89,19.0,19.05,12900,2355300
2025-12-18 14:35:00+05:30,19.1,19.1,18.7,18.8,10350,2358300
2025-12-18 14:36:00+05:30,18.95,19.05,18.8,18.95,3525,2358300
2025-12-18 14:37:00+05:30,18.85,18.85,18.75,18.85,4575,2358300
2025-12-18 14:38:00+05:30,18.8,18.89,18.5,18.5,4125,2359650
2025-12-18 14:39:00+05:30,18.55,18.6,18.35,18.5,6300,2359650
2025-12-18 14:40:00+05:30,18.3,18.55,18.3,18.5,11400,2359650
2025-12-18 14:41:00+05:30,18.5,18.89,18.39,18.8,16650,2359800
2025-12-18 14:42:00+05:30,18.85,18.85,18.5,18.85,4575,2359800
2025-12-18 14:43:00+05:30,18.64,18.7,18.2,18.35,3525,2359800
2025-12-18 14:44:00+05:30,18.45,18.64,18.45,18.6,9300,2365350
2025-12-18 14:45:00+05:30,18.64,18.75,18.55,18.7,7200,2365350
2025-12-18 14:46:00+05:30,18.89,19.14,18.75,18.85,5550,2365350
2025-12-18 14:47:00+05:30,18.8,18.85,18.45,18.85,21975,2367225
2025-12-18 14:48:00+05:30,18.85,19.0,18.6,18.6,6450,2367225
2025-12-18 14:49:00+05:30,18.6,18.6,18.39,18.39,6750,2367225
2025-12-18 14:50:00+05:30,18.5,18.55,18.14,18.3,22425,2392425
2025-12-18 14:51:00+05:30,18.25,18.39,18.05,18.1,9900,2392425
2025-12-18 14:52:00+05:30,18.05,18.1,17.7,18.0,15975,2392425
2025-12-18 14:53:00+05:30,17.75,17.8,17.3,17.35,15450,2401200
2025-12-18 14:54:00+05:30,17.35,18.25,17.25,18.0,4050,2401200
2025-12-18 14:55:00+05:30,18.0,18.1,17.85,18.1,12000,2401200
2025-12-18 14:56:00+05:30,18.3,18.6,18.05,18.3,15900,2400675
2025-12-18 14:57:00+05:30,18.35,18.5,18.1,18.1,2025,2400675
2025-12-18 14:58:00+05:30,18.1,18.3,18.05,18.25,10725,2400675
2025-12-18 14:59:00+05:30,18.25,18.35,18.0,18.0,8400,2399925
2025-12-18 15:00:00+05:30,18.3,18.8,18.2,18.35,13200,2399925
2025-12-18 15:01:00+05:30,18.2,18.55,18.1,18.45,4950,2399925
2025-12-18 15:02:00+05:30,18.39,18.6,18.39,18.55,16050,2396325
2025-12-18 15:03:00+05:30,18.64,19.1,18.6,19.0,16050,2396325
2025-12-18 15:04:00+05:30,18.89,19.3,18.89,19.25,38475,2396325
2025-12-18 15:05:00+05:30,19.05,19.05,18.8,19.05,5700,2375850
2025-12-18 15:06:00+05:30,19.2,19.45,18.7,18.75,17925,2375850
2025-12-18 15:07:00+05:30,18.8,19.1,18.8,19.05,11250,2375850
2025-12-18 15:08:00+05:30,19.1,19.3,19.05,19.1,7125,2375325
2025-12-18 15:09:00+05:30,19.14,19.39,19.14,19.39,14850,2375325
2025-12-18 15:10:00+05:30,19.5,19.5,19.3,19.5,9150,2375325
2025-12-18 15:11:00+05:30,19.5,19.5,19.3,19.3,17175,2378475
2025-12-18 15:12:00+05:30,19.25,19.3,18.89,18.89,26175,2378475
2025-12-18 15:13:00+05:30,18.95,18.95,18.7,18.8,5850,2378475
2025-12-18 15:14:00+05:30,18.85,19.0,18.7,19.0,5025,2389950
2025-12-18 15:15:00+05:30,19.0,19.25,18.95,19.25,9600,2389950
2025-12-18 15:16:00+05:30,19.2,19.75,19.1,19.5,17250,2389950
2025-12-18 15:17:00+05:30,19.64,19.7,19.35,19.39,32250,2388075
2025-12-18 15:18:00+05:30,19.5,19.7,19.39,19.7,13275,2388075
2025-12-18 15:19:00+05:30,19.7,19.8,19.64,19.75,28425,2388075
2025-12-18 15:20:00+05:30,19.8,19.85,19.64,19.75,36525,2373675
2025-12-18 15:21:00+05:30,19.75,19.89,19.64,19.75,47025,2373675
2025-12-18 15:22:00+05:30,19.75,19.75,19.5,19.64,10650,2373675
2025-12-18 15:23:00+05:30,19.5,19.6,19.39,19.39,11025,2368800
2025-12-18 15:24:00+05:30,19.5,19.5,19.39,19.5,8475,2368800
2025-12-18 15:25:00+05:30,19.6,19.6,19.3,19.35,17925,2368800
2025-12-18 15:26:00+05:30,19.5,19.55,19.35,19.45,21825,2367525
2025-12-18 15:27:00+05:30,19.39,19.7,19.39,19.64,19275,2367525
2025-12-18 15:28:00+05:30,19.64,19.85,19.55,19.7,22800,2367525
2025-12-18 15:29:00+05:30,19.64,20.1,19.55,20.05,21975,2360400
2025-12-19 09:15:00+05:30,24.95,26.95,22.8,25.05,147300,2353350
2025-12-19 09:16:00+05:30,24.95,26.5,24.9,26.3,63000,2350050
2025-12-19 09:17:00+05:30,26.35,26.85,25.75,26.65,50175,2350050
2025-12-19 09:18:00+05:30,26.85,28.45,26.7,27.9,76650,2350050
2025-12-19 09:19:00+05:30,27.6,27.75,26.5,26.7,28425,2353050
2025-12-19 09:20:00+05:30,27.1,28.1,27.1,28.1,47325,2353050
2025-12-19 09:21:00+05:30,27.75,28.35,27.65,27.9,24900,2353050
2025-12-19 09:22:00+05:30,27.75,28.15,27.0,27.8,78600,2364225
2025-12-19 09:23:00+05:30,27.7,28.0,27.15,27.9,76575,2364225
2025-12-19 09:24:00+05:30,27.85,28.25,27.65,27.95,46950,2364225
2025-12-19 09:25:00+05:30,27.95,28.05,27.4,27.6,64800,2389275
2025-12-19 09:26:00+05:30,27.65,28.1,27.2,27.2,62550,2389275
2025-12-19 09:27:00+05:30,27.3,28.35,27.2,28.1,31200,2389275
2025-12-19 09:28:00+05:30,28.1,29.2,28.1,29.15,58800,2418225
2025-12-19 09:29:00+05:30,29.1,29.95,28.85,29.95,28725,2418225
2025-12-19 09:30:00+05:30,30.2,34.29,30.2,32.5,125550,2418225
2025-12-19 09:31:00+05:30,32.9,32.9,31.9,31.95,57150,2397375
2025-12-19 09:32:00+05:30,32.04,32.6,31.4,32.1,45600,2397375
2025-12-19 09:33:00+05:30,31.9,32.35,31.1,31.8,35175,2397375
2025-12-19 09:34:00+05:30,31.95,33.04,31.95,32.85,52800,2413725
2025-12-19 09:35:00+05:30,32.65,32.85,31.75,32.0,63225,2413725
2025-12-19 09:36:00+05:30,32.0,32.15,31.25,32.15,69300,2413725
2025-12-19 09:37:00+05:30,32.1,32.7,31.95,32.45,71100,2501175
2025-12-19 09:38:00+05:30,32.5,32.6,31.3,31.75,67275,2501175
2025-12-19 09:39:00+05:30,32.04,32.4,31.75,32.25,94200,2501175
2025-12-19 09:40:00+05:30,32.29,32.5,30.95,31.1,111000,2580975
2025-12-19 09:41:00+05:30,31.0,32.0,30.75,31.7,109725,2580975
2025-12-19 09:42:00+05:30,31.65,31.9,31.2,31.2,47475,2580975
2025-12-19 09:43:00+05:30,31.15,31.15,30.6,30.75,40425,2711775
2025-12-19 09:44:00+05:30,30.9,31.35,30.5,30.65,56325,2711775
2025-12-19 09:45:00+05:30,30.7,31.85,30.7,31.8,207000,2711775
2025-12-19 09:46:00+05:30,31.8,32.25,30.75,30.75,36600,2866575
2025-12-19 09:47:00+05:30,30.9,31.25,30.4,30.8,31725,2866575
2025-12-19 09:48:00+05:30,30.95,31.15,29.1,29.7,62775,2866575
2025-12-19 09:49:00+05:30,29.6,29.6,28.1,28.55,51900,2871075
2025-12-19 09:50:00+05:30,28.55,29.5,28.55,29.1,35475,2871075
2025-12-19 09:51:00+05:30,29.15,29.15,28.35,28.6,27900,2871075
2025-12-19 09:52:00+05:30,28.6,29.1,28.35,29.1,18450,2854425
2025-12-19 09:53:00+05:30,29.0,29.3,28.65,28.95,10875,2854425
2025-12-19 09:54:00+05:30,28.8,30.0,28.8,30.0,9375,2854425
2025-12-19 09:55:00+05:30,29.85,29.95,29.2,29.4,16425,2861175
2025-12-19 09:56:00+05:30,29.3,30.1,28.6,28.8,12900,2861175
2025-12-19 09:57:00+05:30,28.85,29.55,28.8,29.55,6150,2861175
2025-12-19 09:58:00+05:30,29.9,30.2,29.6,29.85,7500,2863200
2025-12-19 09:59:00+05:30,29.8,30.15,29.45,29.7,13050,2863200
2025-12-19 10:00:00+05:30,29.45,30.7,29.45,30.1,35175,2863200
2025-12-19 10:01:00+05:30,30.1,30.15,28.95,30.15,8775,2872725
2025-12-19 10:02:00+05:30,30.1,30.55,30.0,30.0,20325,2872725
2025-12-19 10:03:00+05:30,30.1,30.15,29.8,30.15,12675,2872725
2025-12-19 10:04:00+05:30,29.95,30.35,29.45,29.7,9675,2872800
2025-12-19 10:05:00+05:30,29.65,29.7,27.2,27.2,18450,2872800
2025-12-19 10:06:00+05:30,27.35,27.65,26.3,26.4,46950,2872800
2025-12-19 10:07:00+05:30,26.45,27.0,25.7,26.7,127200,2912475
2025-12-19 10:08:00+05:30,26.8,27.3,26.65,27.3,40350,2912475
2025-12-19 10:09:00+05:30,27.4,28.05,27.3,28.05,9600,2912475
2025-12-19 10:10:00+05:30,27.85,28.15,27.3,27.8,7800,2921700
2025-12-19 10:11:00+05:30,27.65,27.7,26.5,27.15,12150,2921700
2025-12-19 10:12:00+05:30,27.15,27.15,26.5,26.5,9150,2921700
2025-12-19 10:13:00+05:30,26.45,26.6,25.9,25.9,14625,2927100
2025-12-19 10:14:00+05:30,26.0,26.25,25.85,26.05,16350,2927100
2025-12-19 10:15:00+05:30,25.85,26.15,25.7,26.05,13050,2927100
2025-12-19 10:16:00+05:30,26.1,26.55,26.0,26.3,18750,2926125
2025-12-19 10:17:00+05:30,26.55,27.3,26.45,27.2,11775,2926125
2025-12-19 10:18:00+05:30,27.2,27.2,26.55,27.1,5700,2926125
2025-12-19 10:19:00+05:30,27.15,27.15,26.75,27.1,4350,2925075
2025-12-19 10:20:00+05:30,26.8,27.05,26.35,26.6,12000,2925075
2025-12-19 10:21:00+05:30,26.25,27.15,26.25,27.05,6750,2925075
2025-12-19 10:22:00+05:30,27.0,27.0,26.25,26.9,17325,2925300
2025-12-19 10:23:00+05:30,26.8,27.1,26.45,27.1,20700,2925300
2025-12-19 10:24:00+05:30,27.15,27.25,26.5,26.8,21225,2925300
2025-12-19 10:25:00+05:30,27.05,27.05,26.75,26.8,9825,2935950
2025-12-19 10:26:00+05:30,26.8,27.4,26.8,27.3,8475,2935950
2025-12-19 10:27:00+05:30,27.4,28.4,27.0,28.4,15900,2935950
2025-12-19 10:28:00+05:30,28.3,28.75,28.3,28.3,15900,2931900
2025-12-19 10:29:00+05:30,28.3,28.45,27.85,28.0,9225,2931900
2025-12-19 10:30:00+05:30,28.1,28.45,28.1,28.2,10575,2931900
2025-12-19 10:31:00+05:30,28.3,28.75,28.15,28.65,14475,2927775
2025-12-19 10:32:00+05:30,28.7,28.85,28.4,28.6,2700,2927775
2025-12-19 10:33:00+05:30,28.8,28.9,28.25,28.25,2550,2927775
2025-12-19 10:34:00+05:30,28.2,28.6,27.65,28.6,7875,2923800
2025-12-19 10:35:00+05:30,28.5,28.8,28.2,28.25,11100,2923800
2025-12-19 10:36:00+05:30,28.05,28.55,28.0,28.35,21150,2923800
2025-12-19 10:37:00+05:30,28.3,28.65,27.9,28.1,21900,2941875
2025-12-19 10:38:00+05:30,28.05,28.8,28.05,28.8,8250,2941875
2025-12-19 10:39:00+05:30,28.9,29.0,28.45,28.95,8625,2941875
2025-12-19 10:40:00+05:30,28.95,29.5,28.7,29.5,16275,2945625
2025-12-19 10:41:00+05:30,29.5,29.5,28.25,28.3,17625,2945625
2025-12-19 10:42:00+05:30,28.35,29.8,28.35,29.8,21225,2945625
2025-12-19 10:43:00+05:30,29.75,29.8,29.4,29.45,12300,2952300
2025-12-19 10:44:00+05:30,29.5,30.3,29.45,30.05,25800,2952300
2025-12-19 10:45:00+05:30,30.25,30.35,29.75,30.1,19950,2952300
2025-12-19 10:46:00+05:30,30.05,30.15,29.45,29.45,16650,2952675
2025-12-19 10:47:00+05:30,29.5,29.75,29.05,29.2,16950,2952675
2025-12-19 10:48:00+05:30,29.1,29.15,28.5,28.7,26550,2952675
2025-12-19 10:49:00+05:30,28.65,28.75,28.35,28.7,14850,2953125
2025-12-19 10:50:00+05:30,28.75,29.1,28.35,28.5,26250,2953125
2025-12-19 10:51:00+05:30,28.75,29.7,28.75,29.7,15600,2953125
2025-12-19 10:52:00+05:30,29.55,29.65,29.1,29.65,15900,2932425
2025-12-19 10:53:00+05:30,29.5,29.9,29.25,29.25,9675,2932425
2025-12-19 10:54:00+05:30,29.1,29.1,28.6,28.8,5775,2932425
2025-12-19 10:55:00+05:30,28.6,29.1,28.6,29.0,24750,2914950
2025-12-19 10:56:00+05:30,29.1,29.15,28.05,28.05,5400,2914950
2025-12-19 10:57:00+05:30,27.8,28.0,27.0,27.0,13425,2914950
2025-12-19 10:58:00+05:30,26.95,28.05,26.95,28.05,10575,2909925
2025-12-19 10:59:00+05:30,27.75,27.8,27.25,27.4,4200,2909925
2025-12-19 11:00:00+05:30,27.45,27.85,27.4,27.65,26775,2909925
2025-12-19 11:01:00+05:30,27.65,28.0,27.3,27.4,15900,2909775
2025-12-19 11:02:00+05:30,27.55,27.85,26.85,26.85,16575,2909775
2025-12-19 11:03:00+05:30,26.95,27.3,26.65,27.05,8475,2909775
2025-12-19 11:04:00+05:30,27.05,27.05,26.4,26.6,4275,2916450
2025-12-19 11:05:00+05:30,26.85,27.0,26.6,26.7,8700,2916450
2025-12-19 11:06:00+05:30,26.7,26.8,26.05,26.05,14625,2916450
2025-12-19 11:07:00+05:30,25.9,26.45,25.55,26.35,15375,2915925
2025-12-19 11:08:00+05:30,26.3,26.9,26.15,26.7,17250,2915925
2025-12-19 11:09:00+05:30,26.7,26.85,26.35,26.85,11100,2915925
2025-12-19 11:10:00+05:30,26.75,27.0,26.75,26.8,5025,2921925
2025-12-19 11:11:00+05:30,26.95,27.3,26.6,26.95,7275,2921925
2025-12-19 11:12:00+05:30,26.8,27.1,26.75,27.1,7650,2921925
2025-12-19 11:13:00+05:30,26.75,26.75,26.5,26.6,5325,2918775
2025-12-19 11:14:00+05:30,26.8,27.05,26.65,26.9,7800,2918775
2025-12-19 11:15:00+05:30,27.05,27.15,26.7,26.75,15000,2918775
2025-12-19 11:16:00+05:30,26.7,27.1,26.7,26.8,6225,2920425
2025-12-19 11:17:00+05:30,27.0,27.35,26.45,26.45,4875,2920425
2025-12-19 11:18:00+05:30,26.35,26.4,26.0,26.3,7275,2920425
2025-12-19 11:19:00+05:30,26.35,26.45,26.25,26.3,1650,2920425
2025-12-19 11:20:00+05:30,26.2,26.3,25.85,25.85,9000,2921325
2025-12-19 11:21:00+05:30,25.8,26.6,25.7,26.5,9225,2921325
2025-12-19 11:22:00+05:30,26.55,27.1,26.4,26.75,20175,2910900
2025-12-19 11:23:00+05:30,26.6,26.6,26.25,26.25,1650,2910900
2025-12-19 11:24:00+05:30,26.05,26.05,25.3,25.35,10575,2910900
2025-12-19 11:25:00+05:30,25.35,25.75,25.2,25.7,4200,2913525
2025-12-19 11:26:00+05:30,25.4,25.65,25.3,25.3,16500,2913525
2025-12-19 11:27:00+05:30,25.1,25.2,24.55,24.95,15975,2913525
2025-12-19 11:28:00+05:30,25.05,25.1,24.55,24.55,5625,2914725
2025-12-19 11:29:00+05:30,24.5,24.55,23.5,23.8,44325,2914725
2025-12-19 11:30:00+05:30,23.45,23.45,23.05,23.35,26325,2914725
2025-12-19 11:31:00+05:30,23.5,23.9,23.25,23.25,26775,2902125
2025-12-19 11:32:00+05:30,23.4,23.7,23.35,23.7,16725,2902125
2025-12-19 11:33:00+05:30,23.6,23.65,22.75,23.5,23625,2902125
2025-12-19 11:34:00+05:30,23.4,23.7,23.4,23.5,17325,2886750
2025-12-19 11:35:00+05:30,23.5,23.9,23.2,23.7,16650,2886750
2025-12-19 11:36:00+05:30,23.8,24.6,23.8,24.15,20850,2886750
2025-12-19 11:37:00+05:30,24.2,24.4,23.8,23.8,14025,2884500
2025-12-19 11:38:00+05:30,23.9,23.9,23.5,23.9,16575,2884500
2025-12-19 11:39:00+05:30,23.85,24.1,23.8,23.8,4275,2884500
2025-12-19 11:40:00+05:30,23.8,23.8,23.55,23.75,4125,2900325
2025-12-19 11:41:00+05:30,23.75,23.8,23.35,23.55,10875,2900325
2025-12-19 11:42:00+05:30,23.45,23.6,23.15,23.15,13050,2900325
2025-12-19 11:43:00+05:30,23.2,23.2,21.55,21.9,28200,2898600
2025-12-19 11:44:00+05:30,21.8,22.25,21.2,21.4,27150,2898600
2025-12-19 11:45:00+05:30,21.25,21.25,20.55,21.15,21075,2898600
2025-12-19 11:46:00+05:30,21.1,21.7,21.1,21.45,12450,2888475
2025-12-19 11:47:00+05:30,21.5,21.95,21.5,21.85,12450,2888475
2025-12-19 11:48:00+05:30,21.8,22.4,21.7,22.25,10500,2888475
2025-12-19 11:49:00+05:30,22.25,22.35,21.95,22.05,6075,2883825
2025-12-19 11:50:00+05:30,22.1,22.75,22.0,22.65,8325,2883825
2025-12-19 11:51:00+05:30,22.7,22.85,22.45,22.5,7650,2883825
2025-12-19 11:52:00+05:30,22.35,22.6,22.25,22.4,14400,2883825
2025-12-19 11:53:00+05:30,22.45,22.5,22.3,22.35,3825,2884950
2025-12-19 11:54:00+05:30,22.45,22.9,22.4,22.45,6300,2884950
2025-12-19 11:55:00+05:30,22.45,22.95,22.45,22.75,10500,2884950
2025-12-19 11:56:00+05:30,22.7,22.8,22.4,22.7,3075,2878500
2025-12-19 11:57:00+05:30,22.65,22.75,22.4,22.55,19650,2878500
2025-12-19 11:58:00+05:30,22.55,22.7,22.45,22.55,9750,2868750
2025-12-19 11:59:00+05:30,22.45,22.8,22.3,22.7,22650,2868750
2025-12-19 12:00:00+05:30,22.6,22.8,22.6,22.8,6150,2868750
2025-12-19 12:01:00+05:30,23.25,23.7,23.05,23.65,16425,2863875
2025-12-19 12:02:00+05:30,23.5,23.7,23.4,23.45,18900,2863875
2025-12-19 12:03:00+05:30,23.4,23.55,23.05,23.2,24000,2863875
2025-12-19 12:04:00+05:30,23.2,23.3,23.0,23.05,9525,2856300
2025-12-19 12:05:00+05:30,23.05,23.4,22.9,23.0,8475,2856300
2025-12-19 12:06:00+05:30,23.1,23.6,23.05,23.35,15825,2856300
2025-12-19 12:07:00+05:30,23.25,23.55,23.25,23.4,4725,2856300
2025-12-19 12:08:00+05:30,23.5,24.1,23.45,23.85,23475,2868450
2025-12-19 12:09:00+05:30,24.0,24.35,23.85,24.15,78375,2868450
2025-12-19 12:10:00+05:30,24.0,24.1,23.75,23.85,17775,2868450
2025-12-19 12:11:00+05:30,23.95,24.3,23.6,23.6,30150,2847000
2025-12-19 12:12:00+05:30,23.7,23.7,23.2,23.5,13275,2847000
2025-12-19 12:13:00+05:30,23.45,23.6,23.45,23.6,1200,2847000
2025-12-19 12:14:00+05:30,23.6,23.75,23.5,23.55,3975,2837175
2025-12-19 12:15:00+05:30,23.75,23.85,23.6,23.65,1575,2837175
2025-12-19 12:16:00+05:30,23.65,23.9,23.45,23.55,11325,2837175
2025-12-19 12:17:00+05:30,23.45,23.45,23.05,23.3,4500,2829750
2025-12-19 12:18:00+05:30,23.25,23.25,23.1,23.2,4275,2829750
2025-12-19 12:19:00+05:30,23.25,23.25,22.35,22.35,8625,2829750
2025-12-19 12:20:00+05:30,22.3,22.3,21.85,22.2,15750,2826300
2025-12-19 12:21:00+05:30,22.2,22.65,22.15,22.6,4800,2826300
2025-12-19 12:22:00+05:30,23.0,23.15,22.75,22.85,7275,2826300
2025-12-19 12:23:00+05:30,22.8,23.0,22.8,22.9,1575,2830050
2025-12-19 12:24:00+05:30,22.95,22.95,22.2,22.2,2175,2830050
2025-12-19 12:25:00+05:30,22.3,23.0,22.25,22.95,19950,2830050
2025-12-19 12:26:00+05:30,22.8,22.8,22.4,22.55,3150,2843475
2025-12-19 12:27:00+05:30,22.45,22.5,22.25,22.25,3300,2843475
2025-12-19 12:28:00+05:30,22.2,22.35,21.9,22.15,22425,2843475
2025-12-19 12:29:00+05:30,22.1,22.4,22.05,22.15,4650,2861100
2025-12-19 12:30:00+05:30,22.25,22.7,22.25,22.4,6975,2861100
2025-12-19 12:31:00+05:30,22.3,22.9,22.3,22.9,5700,2861100
2025-12-19 12:32:00+05:30,22.9,23.8,22.9,23.8,17250,2862675
2025-12-19 12:33:00+05:30,23.55,23.8,23.05,23.75,37650,2862675
2025-12-19 12:34:00+05:30,23.75,23.95,23.5,23.95,32325,2862675
2025-12-19 12:35:00+05:30,23.8,24.05,23.65,23.8,32775,2896950
2025-12-19 12:36:00+05:30,23.75,23.85,23.45,23.7,5550,2896950
2025-12-19 12:37:00+05:30,23.85,24.05,23.6,23.75,20550,2896950
2025-12-19 12:38:00+05:30,23.6,23.95,23.6,23.75,21000,2903700
2025-12-19 12:39:00+05:30,24.0,24.55,23.8,24.4,18375,2903700
2025-12-19 12:40:00+05:30,24.35,24.35,23.9,24.0,17400,2903700
2025-12-19 12:41:00+05:30,24.0,24.6,23.95,24.45,7050,2902725
2025-12-19 12:42:00+05:30,24.45,24.45,24.15,24.3,3225,2902725
2025-12-19 12:43:00+05:30,24.2,24.3,24.0,24.15,3075,2902725
2025-12-19 12:44:00+05:30,24.05,24.05,23.8,24.05,4500,2901300
2025-12-19 12:45:00+05:30,24.0,24.35,23.85,24.0,4650,2901300
2025-12-19 12:46:00+05:30,23.95,24.15,23.95,24.0,3600,2901300
2025-12-19 12:47:00+05:30,24.0,24.05,23.8,23.85,5925,2900625
2025-12-19 12:48:00+05:30,23.95,23.95,23.55,23.6,17925,2900625
2025-12-19 12:49:00+05:30,23.6,23.8,23.3,23.3,15000,2900625
2025-12-19 12:50:00+05:30,23.3,23.3,22.8,22.9,26025,2907300
2025-12-19 12:51:00+05:30,22.7,23.4,22.45,23.4,19350,2907300
2025-12-19 12:52:00+05:30,23.1,23.15,22.65,23.1,5700,2907300
2025-12-19 12:53:00+05:30,23.2,23.35,22.8,23.05,3900,2907900
2025-12-19 12:54:00+05:30,23.15,23.25,23.0,23.0,4350,2907900
2025-12-19 12:55:00+05:30,22.85,23.05,22.75,22.75,7200,2907900
2025-12-19 12:56:00+05:30,23.0,23.4,23.0,23.3,4650,2908125
2025-12-19 12:57:00+05:30,23.45,23.55,22.7,23.0,10950,2908125
2025-12-19 12:58:00+05:30,23.2,23.4,23.1,23.4,4050,2908125
2025-12-19 12:59:00+05:30,23.45,23.45,23.1,23.15,2850,2908425
2025-12-19 13:00:00+05:30,23.05,23.05,22.75,22.75,6600,2908425
2025-12-19 13:01:00+05:30,22.6,22.95,22.45,22.95,15675,2908425
2025-12-19 13:02:00+05:30,23.15,23.35,23.15,23.2,1650,2904525
2025-12-19 13:03:00+05:30,23.0,23.2,23.0,23.2,4650,2904525
2025-12-19 13:04:00+05:30,23.2,23.2,22.8,22.9,4275,2904525
2025-12-19 13:05:00+05:30,22.95,23.2,22.8,22.85,8925,2901150
2025-12-19 13:06:00+05:30,22.8,22.9,22.4,22.4,1875,2901150
2025-12-19 13:07:00+05:30,22.4,22.85,22.4,22.85,8550,2901150
2025-12-19 13:08:00+05:30,22.9,22.9,22.4,22.45,4650,2903625
2025-12-19 13:09:00+05:30,22.65,22.65,22.05,22.3,23925,2903625
2025-12-19 13:10:00+05:30,22.4,22.7,22.3,22.7,825,2903625
2025-12-19 13:11:00+05:30,22.4,22.4,22.2,22.35,2550,2886750
2025-12-19 13:12:00+05:30,22.2,22.2,21.4,21.4,15075,2886750
2025-12-19 13:13:00+05:30,21.65,21.75,21.2,21.35,25275,2886750
2025-12-19 13:14:00+05:30,21.7,21.85,21.5,21.7,17475,2874000
2025-12-19 13:15:00+05:30,21.75,21.95,21.6,21.6,10275,2874000
2025-12-19 13:16:00+05:30,21.7,21.8,21.65,21.8,14925,2874000
2025-12-19 13:17:00+05:30,22.0,22.2,21.85,22.15,6075,2875575
2025-12-19 13:18:00+05:30,22.0,22.3,21.95,22.3,8175,2875575
2025-12-19 13:19:00+05:30,22.2,22.75,22.2,22.75,8925,2875575
2025-12-19 13:20:00+05:30,22.65,22.9,22.5,22.85,18000,2886150
2025-12-19 13:21:00+05:30,22.85,22.95,22.6,22.75,12675,2886150
2025-12-19 13:22:00+05:30,22.9,23.2,22.75,22.85,22800,2886150
2025-12-19 13:23:00+05:30,22.7,22.9,22.7,22.75,2025,2890425
2025-12-19 13:24:00+05:30,22.8,23.15,22.7,23.1,8100,2890425
2025-12-19 13:25:00+05:30,23.1,23.1,22.85,23.1,10575,2890425
2025-12-19 13:26:00+05:30,23.2,23.25,22.95,23.05,14850,2892450
2025-12-19 13:27:00+05:30,23.2,23.8,23.2,23.4,13875,2892450
2025-12-19 13:28:00+05:30,23.45,23.6,22.9,23.4,12450,2892450
2025-12-19 13:29:00+05:30,23.3,23.85,23.25,23.85,4725,2892375
2025-12-19 13:30:00+05:30,23.75,23.8,23.55,23.6,15525,2892375
2025-12-19 13:31:00+05:30,23.65,24.1,23.6,23.95,14100,2892375
2025-12-19 13:32:00+05:30,23.95,24.0,23.65,23.95,12675,2884650
2025-12-19 13:33:00+05:30,23.9,24.5,23.75,24.5,14250,2884650
2025-12-19 13:34:00+05:30,24.45,24.6,24.15,24.4,17775,2884650
2025-12-19 13:35:00+05:30,24.4,24.7,24.25,24.65,29925,2883975
2025-12-19 13:36:00+05:30,24.7,25.3,24.55,25.25,30750,2883975
2025-12-19 13:37:00+05:30,25.2,25.2,24.6,24.8,48075,2883975
2025-12-19 13:38:00+05:30,24.7,24.7,24.0,24.25,8475,2898300
2025-12-19 13:39:00+05:30,24.3,24.45,24.25,24.45,16950,2898300
2025-12-19 13:40:00+05:30,24.5,24.85,24.3,24.8,7050,2898300
2025-12-19 13:41:00+05:30,24.8,25.25,24.7,24.9,32625,2889975
2025-12-19 13:42:00+05:30,25.0,25.25,24.7,24.75,12375,2889975
2025-12-19 13:43:00+05:30,25.0,25.15,24.95,25.0,2700,2889975
2025-12-19 13:44:00+05:30,24.95,25.5,24.95,25.35,23400,2887500
2025-12-19 13:45:00+05:30,25.5,25.65,25.05,25.3,16425,2887500
2025-12-19 13:46:00+05:30,25.25,25.7,25.2,25.7,18450,2887500
2025-12-19 13:47:00+05:30,26.05,26.25,25.75,26.1,37950,2884875
2025-12-19 13:48:00+05:30,26.1,26.25,25.85,26.25,8550,2884875
2025-12-19 13:49:00+05:30,26.35,26.35,25.35,25.8,36300,2884875
2025-12-19 13:50:00+05:30,25.65,25.95,25.2,25.8,20775,2897775
2025-12-19 13:51:00+05:30,25.85,26.1,25.6,26.0,20025,2897775
2025-12-19 13:52:00+05:30,26.0,26.35,26.0,26.1,13950,2897775
2025-12-19 13:53:00+05:30,25.95,25.95,25.25,25.5,12450,2887875
2025-12-19 13:54:00+05:30,25.45,25.45,24.8,24.85,10725,2887875
2025-12-19 13:55:00+05:30,25.0,25.3,24.65,24.65,8700,2887875
2025-12-19 13:56:00+05:30,24.65,25.55,24.55,25.4,12750,2890800
2025-12-19 13:57:00+05:30,25.55,26.05,25.15,25.8,17850,2890800
2025-12-19 13:58:00+05:30,25.75,25.75,25.35,25.65,4800,2890800
2025-12-19 13:59:00+05:30,25.6,26.0,25.45,26.0,6825,2891850
2025-12-19 14:00:00+05:30,26.1,26.5,26.1,26.4,12600,2891850
2025-12-19 14:01:00+05:30,26.5,26.65,26.3,26.4,8850,2891850
2025-12-19 14:02:00+05:30,26.5,26.5,25.7,25.9,9600,2891550
2025-12-19 14:03:00+05:30,25.65,25.65,25.2,25.2,14400,2891550
2025-12-19 14:04:00+05:30,25.25,25.25,24.3,25.0,21225,2891550
2025-12-19 14:05:00+05:30,24.95,25.2,24.7,24.8,15000,2900625
2025-12-19 14:06:00+05:30,25.0,25.1,24.15,24.15,21000,2900625
2025-12-19 14:07:00+05:30,24.25,24.5,23.9,23.9,10875,2900625
2025-12-19 14:08:00+05:30,24.0,24.5,24.0,24.5,15825,2897925
2025-12-19 14:09:00+05:30,24.5,24.8,24.25,24.3,18000,2897925
2025-12-19 14:10:00+05:30,24.35,24.5,23.95,23.95,11550,2897925
2025-12-19 14:11:00+05:30,23.9,24.05,23.7,23.9,8175,2897325
2025-12-19 14:12:00+05:30,24.1,24.9,24.05,24.8,14700,2897325
2025-12-19 14:13:00+05:30,24.95,25.05,24.3,24.55,12300,2897325
2025-12-19 14:14:00+05:30,24.45,24.65,24.45,24.5,4200,2895075
2025-12-19 14:15:00+05:30,24.7,24.7,24.4,24.4,11550,2895075
2025-12-19 14:16:00+05:30,24.35,25.0,24.35,24.85,11250,2895075
2025-12-19 14:17:00+05:30,24.85,25.15,24.75,25.15,11775,2897025
2025-12-19 14:18:00+05:30,25.1,25.6,25.1,25.35,11625,2897025
2025-12-19 14:19:00+05:30,25.3,25.7,25.25,25.7,5700,2897025
2025-12-19 14:20:00+05:30,25.6,25.9,25.35,25.65,7725,2899050
2025-12-19 14:21:00+05:30,25.65,25.75,25.5,25.75,23100,2899050
2025-12-19 14:22:00+05:30,25.5,25.6,25.2,25.35,12525,2899050
2025-12-19 14:23:00+05:30,25.35,26.4,25.35,26.4,19725,2911200
2025-12-19 14:24:00+05:30,26.35,27.45,26.35,27.25,40425,2911200
2025-12-19 14:25:00+05:30,27.4,28.1,26.35,26.35,64425,2911200
2025-12-19 14:26:00+05:30,26.25,26.5,25.95,26.05,13425,2916900
2025-12-19 14:27:00+05:30,26.0,26.0,25.2,25.2,5550,2916900
2025-12-19 14:28:00+05:30,25.2,25.95,25.2,25.55,5925,2916900
2025-12-19 14:29:00+05:30,25.65,25.7,25.1,25.5,15525,2914725
2025-12-19 14:30:00+05:30,25.7,25.85,25.6,25.85,6300,2914725
2025-12-19 14:31:00+05:30,25.8,25.9,25.6,25.65,10275,2914725
2025-12-19 14:32:00+05:30,25.7,26.15,25.6,25.85,8625,2917950
2025-12-19 14:33:00+05:30,25.8,25.8,24.75,25.35,28050,2917950
2025-12-19 14:34:00+05:30,25.15,25.4,25.1,25.15,15225,2917950
2025-12-19 14:35:00+05:30,24.95,25.25,24.85,25.25,12825,2916000
2025-12-19 14:36:00+05:30,25.15,25.15,24.8,24.9,35925,2916000
2025-12-19 14:37:00+05:30,25.0,25.45,25.0,25.3,12150,2916000
2025-12-19 14:38:00+05:30,25.35,26.2,25.35,26.05,21075,2926875
2025-12-19 14:39:00+05:30,26.05,26.15,25.6,25.6,8850,2926875
2025-12-19 14:40:00+05:30,25.7,25.7,25.1,25.15,8025,2926875
2025-12-19 14:41:00+05:30,25.2,25.3,25.0,25.0,12450,2925900
2025-12-19 14:42:00+05:30,24.95,25.95,24.95,25.7,8400,2925900
2025-12-19 14:43:00+05:30,25.7,25.7,25.0,25.2,11550,2925900
2025-12-19 14:44:00+05:30,25.35,25.55,25.25,25.55,2325,2924175
2025-12-19 14:45:00+05:30,25.5,25.75,25.45,25.75,23250,2924175
2025-12-19 14:46:00+05:30,25.9,26.1,25.85,26.1,14175,2924175
2025-12-19 14:47:00+05:30,25.95,26.15,25.8,26.1,13725,2909625
2025-12-19 14:48:00+05:30,26.1,26.75,26.0,26.75,12900,2909625
2025-12-19 14:49:00+05:30,26.85,26.9,26.45,26.55,13650,2909625
2025-12-19 14:50:00+05:30,26.25,26.35,25.75,25.75,18900,2915025
2025-12-19 14:51:00+05:30,25.7,25.75,25.2,25.2,33375,2915025
2025-12-19 14:52:00+05:30,25.2,25.85,25.05,25.8,16950,2915025
2025-12-19 14:53:00+05:30,25.8,25.8,25.35,25.45,10950,2944725
2025-12-19 14:54:00+05:30,25.45,25.45,24.95,25.2,16350,2944725
2025-12-19 14:55:00+05:30,25.25,25.75,24.9,25.75,26625,2944725
2025-12-19 14:56:00+05:30,25.45,25.45,25.0,25.05,17025,2945325
2025-12-19 14:57:00+05:30,24.8,25.1,24.8,25.1,9525,2945325
2025-12-19 14:58:00+05:30,25.1,25.25,24.85,24.85,13950,2945325
2025-12-19 14:59:00+05:30,24.95,25.1,24.55,24.8,12225,2953125
2025-12-19 15:00:00+05:30,24.75,24.9,23.65,24.4,54750,2953125
2025-12-19 15:01:00+05:30,24.45,25.0,23.9,25.0,43875,2953125
2025-12-19 15:02:00+05:30,25.0,25.4,24.7,24.9,27675,2959425
2025-12-19 15:03:00+05:30,25.0,25.4,24.8,25.2,13425,2959425
2025-12-19 15:04:00+05:30,24.95,25.2,24.55,25.2,5625,2959425
2025-12-19 15:05:00+05:30,25.3,25.7,25.25,25.7,13650,2960775
2025-12-19 15:06:00+05:30,25.65,25.85,25.4,25.75,9600,2960775
2025-12-19 15:07:00+05:30,26.0,26.2,25.8,26.1,37875,2960775
2025-12-19 15:08:00+05:30,25.95,25.95,25.7,25.95,22800,2960100
2025-12-19 15:09:00+05:30,25.95,26.25,25.95,26.25,26775,2960100
2025-12-19 15:10:00+05:30,26.2,26.4,26.0,26.2,70725,2960100
2025-12-19 15:11:00+05:30,26.25,26.25,25.85,25.85,23400,2991300
2025-12-19 15:12:00+05:30,25.95,25.95,25.1,25.65,27225,2991300
2025-12-19 15:13:00+05:30,25.6,25.8,25.45,25.65,15375,2991300
2025-12-19 15:14:00+05:30,25.7,26.05,25.6,26.05,22800,2980800
2025-12-19 15:15:00+05:30,26.0,26.0,25.3,25.55,103725,2980800
2025-12-19 15:16:00+05:30,25.5,25.95,25.5,25.7,49275,2980800
2025-12-19 15:17:00+05:30,25.7,25.75,25.4,25.5,41025,2930775
2025-12-19 15:18:00+05:30,25.5,25.7,25.4,25.45,40800,2930775
2025-12-19 15:19:00+05:30,25.45,25.55,25.0,25.1,49425,2930775
2025-12-19 15:20:00+05:30,25.25,25.35,24.9,25.25,32625,2922450
2025-12-19 15:21:00+05:30,25.3,25.65,25.15,25.55,33450,2922450
2025-12-19 15:22:00+05:30,25.55,25.55,25.3,25.5,82800,2922450
2025-12-19 15:23:00+05:30,25.35,25.5,25.15,25.4,33975,2878575
2025-12-19 15:24:00+05:30,25.4,25.4,24.95,25.1,39075,2878575
2025-12-19 15:25:00+05:30,25.2,25.45,25.1,25.2,35475,2878575
2025-12-19 15:26:00+05:30,25.35,25.35,25.05,25.15,30525,2852250
2025-12-19 15:27:00+05:30,25.15,25.6,25.15,25.5,50250,2852250
2025-12-19 15:28:00+05:30,25.45,25.6,25.25,25.3,37575,2852250
2025-12-19 15:29:00+05:30,25.7,26.5,25.7,26.5,94050,2842650
2025-12-22 09:15:00+05:30,41.3,45.1,36.65,45.1,310575,2834550
2025-12-22 09:16:00+05:30,46.75,48.2,46.6,47.2,232875,2787300
2025-12-22 09:17:00+05:30,47.2,47.7,45.1,45.4,97125,2787300
2025-12-22 09:18:00+05:30,45.5,46.3,44.3,44.7,105075,2787300
2025-12-22 09:19:00+05:30,45.0,45.95,44.45,45.6,56625,2818500
2025-12-22 09:20:00+05:30,45.6,49.8,45.6,49.25,153975,2818500
2025-12-22 09:21:00+05:30,49.2,49.9,49.1,49.3,68625,2818500
2025-12-22 09:22:00+05:30,49.1,51.0,48.65,49.7,111750,2786550
2025-12-22 09:23:00+05:30,50.3,50.45,49.3,49.8,33375,2786550
2025-12-22 09:24:00+05:30,49.5,49.65,48.0,48.2,64800,2786550
2025-12-22 09:25:00+05:30,47.85,48.75,46.65,48.75,55275,2793900
2025-12-22 09:26:00+05:30,48.35,50.2,48.35,49.6,67200,2793900
2025-12-22 09:27:00+05:30,49.55,50.2,49.1,49.6,79875,2793900
2025-12-22 09:28:00+05:30,49.5,49.85,49.05,49.7,42825,2811825
2025-12-22 09:29:00+05:30,49.6,49.6,48.25,48.6,37275,2811825
2025-12-22 09:30:00+05:30,49.0,49.85,48.4,48.45,58575,2811825
2025-12-22 09:31:00+05:30,48.7,49.35,48.55,49.35,36075,2819175
2025-12-22 09:32:00+05:30,49.3,49.4,48.65,48.85,46050,2819175
2025-12-22 09:33:00+05:30,49.1,49.1,47.4,47.4,43725,2819175
2025-12-22 09:34:00+05:30,47.1,47.1,45.75,46.15,65475,2812200
2025-12-22 09:35:00+05:30,46.25,47.55,45.7,47.55,65175,2812200
2025-12-22 09:36:00+05:30,47.35,47.35,46.85,46.85,31800,2812200
2025-12-22 09:37:00+05:30,46.85,47.4,45.7,46.8,17850,2802225
2025-12-22 09:38:00+05:30,46.7,47.3,45.6,45.75,25500,2802225
2025-12-22 09:39:00+05:30,45.65,46.15,44.85,45.3,33150,2802225
2025-12-22 09:40:00+05:30,45.75,46.1,45.15,45.75,25425,2813325
2025-12-22 09:41:00+05:30,45.75,46.65,45.35,46.65,20175,2813325
2025-12-22 09:42:00+05:30,46.15,47.75,46.05,47.75,21150,2813325
2025-12-22 09:43:00+05:30,47.55,48.0,46.8,47.0,10800,2815425
2025-12-22 09:44:00+05:30,46.8,47.85,46.8,47.7,18600,2815425
2025-12-22 09:45:00+05:30,47.7,49.15,47.7,48.85,36375,2815425
2025-12-22 09:46:00+05:30,48.85,49.05,48.4,48.95,26175,2808000
2025-12-22 09:47:00+05:30,49.0,49.0,48.15,48.55,18750,2808000
2025-12-22 09:48:00+05:30,48.55,48.75,46.15,46.15,41400,2808000
2025-12-22 09:49:00+05:30,46.15,46.7,45.2,45.75,42000,2817825
2025-12-22 09:50:00+05:30,46.0,46.8,45.95,46.2,33825,2817825
2025-12-22 09:51:00+05:30,46.35,46.5,45.4,45.8,127275,2817825
2025-12-22 09:52:00+05:30,45.7,45.8,45.15,45.25,84450,2922675
2025-12-22 09:53:00+05:30,45.45,46.5,45.15,46.45,15825,2922675
2025-12-22 09:54:00+05:30,46.25,46.7,46.05,46.35,21750,2922675
2025-12-22 09:55:00+05:30,46.15,46.75,45.75,46.4,15975,2980125
2025-12-22 09:56:00+05:30,46.45,46.65,46.1,46.5,15525,2980125
2025-12-22 09:57:00+05:30,46.45,47.45,46.45,47.4,20250,2980125
2025-12-22 09:58:00+05:30,47.05,49.3,47.05,49.3,38325,2987100
2025-12-22 09:59:00+05:30,49.5,49.85,48.8,49.2,31800,2987100
2025-12-22 10:00:00+05:30,49.45,49.75,48.8,49.7,37350,2987100
2025-12-22 10:01:00+05:30,49.65,49.85,47.9,48.5,27600,2991375
2025-12-22 10:02:00+05:30,48.75,48.9,48.1,48.2,10050,2991375
2025-12-22 10:03:00+05:30,48.4,49.0,48.3,48.65,16125,2991375
2025-12-22 10:04:00+05:30,48.65,49.25,48.35,49.1,7200,3000900
2025-12-22 10:05:00+05:30,49.25,49.45,48.6,48.6,17625,3000900
2025-12-22 10:06:00+05:30,48.8,48.8,47.35,47.4,15975,3000900
2025-12-22 10:07:00+05:30,47.6,47.8,46.3,46.35,20625,3003375
2025-12-22 10:08:00+05:30,46.35,47.8,46.15,47.65,10425,3003375
2025-12-22 10:09:00+05:30,47.45,47.45,46.7,47.05,7050,3003375
2025-12-22 10:10:00+05:30,47.2,47.35,46.1,46.25,9525,3008325
2025-12-22 10:11:00+05:30,46.65,47.9,46.6,47.2,16725,3008325
2025-12-22 10:12:00+05:30,46.85,47.25,46.55,47.25,22725,3008325
2025-12-22 10:13:00+05:30,47.1,48.25,47.0,47.95,14550,3016500
2025-12-22 10:14:00+05:30,47.95,47.95,47.2,47.6,8925,3016500
2025-12-22 10:15:00+05:30,47.55,48.35,47.55,48.3,24375,3016500
2025-12-22 10:16:00+05:30,48.2,48.35,47.5,47.8,7125,3016575
2025-12-22 10:17:00+05:30,47.6,47.85,47.1,47.55,12900,3016575
2025-12-22 10:18:00+05:30,47.45,47.9,46.85,47.35,7275,3016575
2025-12-22 10:19:00+05:30,47.4,48.25,47.3,47.95,4875,3023625
2025-12-22 10:20:00+05:30,47.65,47.65,47.0,47.6,16125,3023625
2025-12-22 10:21:00+05:30,47.75,47.85,47.3,47.6,10650,3023625
2025-12-22 10:22:00+05:30,47.65,47.75,46.8,46.9,11475,3026925
2025-12-22 10:23:00+05:30,46.95,47.8,46.25,47.8,12825,3026925
2025-12-22 10:24:00+05:30,48.0,48.0,47.3,47.65,11250,3026925
2025-12-22 10:25:00+05:30,47.8,47.85,47.2,47.65,7125,3028725
2025-12-22 10:26:00+05:30,47.55,47.7,47.15,47.45,6450,3028725
2025-12-22 10:27:00+05:30,47.3,47.6,46.95,47.05,16950,3028725
2025-12-22 10:28:00+05:30,47.2,47.45,46.2,46.2,4575,3031050
2025-12-22 10:29:00+05:30,46.4,46.9,45.55,46.9,19425,3031050
2025-12-22 10:30:00+05:30,46.7,46.9,45.85,46.05,12375,3031050
2025-12-22 10:31:00+05:30,46.3,47.25,46.3,46.6,15975,3035925
2025-12-22 10:32:00+05:30,46.55,47.7,46.55,47.7,12375,3035925
2025-12-22 10:33:00+05:30,47.6,47.6,46.3,47.3,4500,3035925
2025-12-22 10:34:00+05:30,47.1,47.85,47.0,47.85,10500,3024450
2025-12-22 10:35:00+05:30,47.65,48.45,47.5,48.15,26850,3024450
2025-12-22 10:36:00+05:30,48.35,48.4,47.4,47.4,16650,3024450
2025-12-22 10:37:00+05:30,47.7,47.7,45.9,46.0,13050,3031425
2025-12-22 10:38:00+05:30,46.0,47.0,45.35,47.0,19350,3031425
2025-12-22 10:39:00+05:30,46.75,47.0,46.15,46.35,21525,3031425
2025-12-22 10:40:00+05:30,46.45,46.65,45.95,46.3,15525,3034050
2025-12-22 10:41:00+05:30,46.4,46.5,45.6,46.0,18375,3034050
2025-12-22 10:42:00+05:30,45.95,46.2,45.45,45.6,12750,3034050
2025-12-22 10:43:00+05:30,45.6,47.1,45.6,46.75,20850,3042600
2025-12-22 10:44:00+05:30,46.75,47.1,46.35,46.4,25650,3042600
2025-12-22 10:45:00+05:30,46.5,46.65,45.6,45.85,13725,3042600
2025-12-22 10:46:00+05:30,46.0,46.7,46.0,46.5,5700,3055275
2025-12-22 10:47:00+05:30,46.45,47.4,46.45,47.3,6900,3055275
2025-12-22 10:48:00+05:30,47.3,48.3,47.1,48.2,9825,3055275
2025-12-22 10:49:00+05:30,48.05,48.85,47.9,48.85,14775,3054675
2025-12-22 10:50:00+05:30,48.6,48.75,48.4,48.6,6450,3054675
2025-12-22 10:51:00+05:30,48.75,49.6,48.6,49.2,40875,3054675
2025-12-22 10:52:00+05:30,49.2,49.35,48.95,49.1,28200,3061275
2025-12-22 10:53:00+05:30,49.15,49.15,48.4,49.05,13725,3061275
2025-12-22 10:54:00+05:30,49.1,49.4,49.0,49.25,9225,3061275
2025-12-22 10:55:00+05:30,49.05,49.3,48.75,48.9,11250,3061800
2025-12-22 10:56:00+05:30,48.9,49.35,48.9,49.15,7875,3061800
2025-12-22 10:57:00+05:30,49.2,49.2,48.85,49.0,14250,3061800
2025-12-22 10:58:00+05:30,49.2,49.2,48.45,48.6,7350,3063900
2025-12-22 10:59:00+05:30,48.6,49.55,48.5,49.45,40950,3063900
2025-12-22 11:00:00+05:30,49.5,50.05,49.05,49.05,22575,3063900
2025-12-22 11:01:00+05:30,49.1,49.1,47.95,48.25,20250,3043050
2025-12-22 11:02:00+05:30,48.25,48.25,47.3,47.8,16650,3043050
2025-12-22 11:03:00+05:30,47.65,47.8,47.3,47.3,7725,3043050
2025-12-22 11:04:00+05:30,47.6,47.65,47.35,47.35,6525,3043200
2025-12-22 11:05:00+05:30,47.5,47.9,46.6,47.5,17325,3043200
2025-12-22 11:06:00+05:30,47.6,48.0,47.15,48.0,8925,3043200
2025-12-22 11:07:00+05:30,47.75,47.8,47.3,47.3,19575,3044700
2025-12-22 11:08:00+05:30,47.75,48.05,47.5,48.0,14025,3044700
2025-12-22 11:09:00+05:30,47.9,48.15,47.45,47.6,6000,3044700
2025-12-22 11:10:00+05:30,47.7,47.8,47.5,47.5,8625,3049200
2025-12-22 11:11:00+05:30,47.3,47.75,46.9,47.0,7125,3049200
2025-12-22 11:12:00+05:30,47.0,47.9,47.0,47.9,15825,3049200
2025-12-22 11:13:00+05:30,47.6,47.75,46.85,47.5,6675,3061725
2025-12-22 11:14:00+05:30,47.65,47.65,47.25,47.4,11700,3061725
2025-12-22 11:15:00+05:30,47.2,47.45,47.0,47.2,5475,3061725
2025-12-22 11:16:00+05:30,47.1,47.25,46.7,46.7,4875,3060975
2025-12-22 11:17:00+05:30,46.5,46.95,46.1,46.1,9675,3060975
2025-12-22 11:18:00+05:30,45.65,46.35,45.65,46.2,24075,3060975
2025-12-22 11:19:00+05:30,46.2,46.55,45.8,46.4,8400,3065025
2025-12-22 11:20:00+05:30,46.45,46.45,45.4,45.8,18750,3065025
2025-12-22 11:21:00+05:30,45.85,46.85,45.85,46.85,2625,3065025
2025-12-22 11:22:00+05:30,46.8,46.85,46.2,46.5,2850,3070875
2025-12-22 11:23:00+05:30,46.45,46.6,46.25,46.35,2850,3070875
2025-12-22 11:24:00+05:30,46.3,46.45,45.95,46.25,10350,3070875
2025-12-22 11:25:00+05:30,46.4,46.75,46.4,46.6,6825,3074400
2025-12-22 11:26:00+05:30,47.0,47.6,47.0,47.15,11925,3074400
2025-12-22 11:27:00+05:30,47.15,47.5,47.15,47.4,5925,3074400
2025-12-22 11:28:00+05:30,47.5,47.85,47.4,47.45,9150,3080625
2025-12-22 11:29:00+05:30,47.35,48.15,47.35,47.8,9825,3080625
2025-12-22 11:30:00+05:30,47.95,47.95,47.55,47.55,6375,3080625
2025-12-22 11:31:00+05:30,47.7,48.1,47.45,47.75,5475,3087000
2025-12-22 11:32:00+05:30,47.6,47.8,47.15,47.2,5625,3087000
2025-12-22 11:33:00+05:30,47.35,47.9,47.05,47.45,10575,3087000
2025-12-22 11:34:00+05:30,47.5,47.8,47.4,47.5,8100,3089250
2025-12-22 11:35:00+05:30,47.75,48.05,47.35,47.35,13725,3089250
2025-12-22 11:36:00+05:30,47.7,48.25,47.7,47.9,2325,3089250
2025-12-22 11:37:00+05:30,48.0,48.65,48.0,48.4,11925,3094050
2025-12-22 11:38:00+05:30,48.3,48.35,47.85,48.0,4950,3094050
2025-12-22 11:39:00+05:30,48.1,48.3,47.05,47.15,13125,3094050
2025-12-22 11:40:00+05:30,47.25,47.85,47.2,47.25,4500,3091725
2025-12-22 11:41:00+05:30,47.25,47.7,47.25,47.3,4275,3091725
2025-12-22 11:42:00+05:30,47.45,47.45,46.75,47.05,9600,3091725
2025-12-22 11:43:00+05:30,46.9,47.15,46.9,47.15,3825,3091125
2025-12-22 11:44:00+05:30,47.4,47.4,47.0,47.0,3300,3091125
2025-12-22 11:45:00+05:30,47.15,47.35,46.95,47.35,3975,3091125
2025-12-22 11:46:00+05:30,47.35,48.0,47.05,47.75,4950,3093225
2025-12-22 11:47:00+05:30,47.8,47.9,47.45,47.45,2250,3093225
2025-12-22 11:48:00+05:30,47.25,47.65,46.9,47.25,8700,3093225
2025-12-22 11:49:00+05:30,47.25,48.35,47.25,48.25,6600,3096675
2025-12-22 11:50:00+05:30,48.2,49.1,48.2,48.9,44250,3096675
2025-12-22 11:51:00+05:30,48.95,49.55,48.85,48.85,26475,3096675
2025-12-22 11:52:00+05:30,48.8,49.25,48.5,49.05,10425,3104775
2025-12-22 11:53:00+05:30,49.2,49.6,48.75,49.15,10500,3104775
2025-12-22 11:54:00+05:30,49.2,49.2,48.4,48.95,22200,3104775
2025-12-22 11:55:00+05:30,48.9,49.0,48.45,48.55,6675,3106500
2025-12-22 11:56:00+05:30,48.5,48.85,48.1,48.5,8925,3106500
2025-12-22 11:57:00+05:30,48.5,48.75,47.8,47.8,9225,3106500
2025-12-22 11:58:00+05:30,47.85,48.0,47.35,47.95,6825,3110550
2025-12-22 11:59:00+05:30,48.1,48.6,47.95,48.15,7650,3110550
2025-12-22 12:00:00+05:30,48.35,48.55,48.25,48.55,4050,3110550
2025-12-22 12:01:00+05:30,48.4,48.4,48.05,48.25,5475,3110550
2025-12-22 12:02:00+05:30,48.4,48.4,48.0,48.05,4500,3116700
2025-12-22 12:03:00+05:30,48.3,48.4,47.85,48.15,4275,3116700
2025-12-22 12:04:00+05:30,48.05,48.1,47.7,48.1,4275,3116700
2025-12-22 12:05:00+05:30,48.15,48.6,48.1,48.6,6900,3122700
2025-12-22 12:06:00+05:30,48.6,48.85,48.25,48.4,10350,3122700
2025-12-22 12:07:00+05:30,48.45,49.25,48.45,49.1,14850,3122700
2025-12-22 12:08:00+05:30,49.1,49.3,48.8,48.85,6075,3132900
2025-12-22 12:09:00+05:30,48.85,49.4,48.15,48.25,17925,3132900
2025-12-22 12:10:00+05:30,48.5,48.65,48.2,48.4,7650,3132900
2025-12-22 12:11:00+05:30,48.45,48.65,48.2,48.4,8400,3135225
2025-12-22 12:12:00+05:30,48.3,48.65,47.75,47.75,5775,3135225
2025-12-22 12:13:00+05:30,47.8,47.85,46.45,46.45,11025,3135225
2025-12-22 12:14:00+05:30,46.3,46.4,46.1,46.3,11325,3135675
2025-12-22 12:15:00+05:30,46.25,47.2,46.25,47.15,13200,3135675
2025-12-22 12:16:00+05:30,47.05,47.25,46.8,47.1,8925,3135675
2025-12-22 12:17:00+05:30,47.35,48.35,47.25,48.35,5475,3145875
2025-12-22 12:18:00+05:30,48.35,48.9,48.2,48.9,8550,3145875
2025-12-22 12:19:00+05:30,48.5,49.15,47.2,48.45,35175,3145875
2025-12-22 12:20:00+05:30,48.45,49.35,48.45,49.2,12600,3151950
2025-12-22 12:21:00+05:30,49.15,49.25,48.65,49.1,35475,3151950
2025-12-22 12:22:00+05:30,49.0,49.0,48.3,48.4,29925,3151950
2025-12-22 12:23:00+05:30,48.55,48.8,47.6,47.9,28575,3177150
2025-12-22 12:24:00+05:30,47.75,48.0,47.55,47.55,13200,3177150
2025-12-22 12:25:00+05:30,47.5,48.55,47.35,48.45,23850,3177150
2025-12-22 12:26:00+05:30,48.15,48.2,47.7,47.7,14400,3184200
2025-12-22 12:27:00+05:30,47.9,47.95,47.45,47.65,9975,3184200
2025-12-22 12:28:00+05:30,47.6,47.85,47.2,47.5,13800,3184200
2025-12-22 12:29:00+05:30,47.6,47.6,46.6,46.85,17325,3184650
2025-12-22 12:30:00+05:30,47.0,47.5,46.55,47.15,19575,3184650
2025-12-22 12:31:00+05:30,47.3,47.5,46.85,47.1,10350,3184650
2025-12-22 12:32:00+05:30,47.15,47.35,46.85,46.85,9900,3188700
2025-12-22 12:33:00+05:30,46.9,46.9,46.25,46.25,22725,3188700
2025-12-22 12:34:00+05:30,46.3,46.75,46.1,46.2,9825,3188700
2025-12-22 12:35:00+05:30,46.1,46.6,46.0,46.5,29025,3198750
2025-12-22 12:36:00+05:30,46.35,47.1,46.0,46.9,15075,3198750
2025-12-22 12:37:00+05:30,46.95,47.2,46.85,47.1,4050,3198750
2025-12-22 12:38:00+05:30,46.95,47.1,46.7,46.9,4800,3207075
2025-12-22 12:39:00+05:30,47.0,47.0,46.6,46.8,7650,3207075
2025-12-22 12:40:00+05:30,46.85,47.3,46.65,47.0,9675,3207075
2025-12-22 12:41:00+05:30,47.15,47.15,46.5,46.55,10800,3211275
2025-12-22 12:42:00+05:30,46.55,46.8,46.0,46.25,9000,3211275
2025-12-22 12:43:00+05:30,46.2,46.3,45.4,45.6,9600,3211275
2025-12-22 12:44:00+05:30,45.45,45.5,44.55,44.65,28950,3217050
2025-12-22 12:45:00+05:30,44.65,45.15,43.25,45.0,45375,3217050
2025-12-22 12:46:00+05:30,45.15,45.15,44.25,44.3,23550,3217050
2025-12-22 12:47:00+05:30,44.4,44.5,44.0,44.2,19800,3234075
2025-12-22 12:48:00+05:30,44.0,44.65,43.8,44.45,30825,3234075
2025-12-22 12:49:00+05:30,44.65,44.65,43.6,43.6,15900,3234075
2025-12-22 12:50:00+05:30,43.35,44.5,43.35,44.35,25875,3235125
2025-12-22 12:51:00+05:30,44.4,45.0,44.4,44.75,11775,3235125
2025-12-22 12:52:00+05:30,44.7,45.35,44.65,45.35,13200,3235125
2025-12-22 12:53:00+05:30,45.35,45.75,45.05,45.7,6375,3231000
2025-12-22 12:54:00+05:30,45.8,46.5,45.75,46.3,19575,3231000
2025-12-22 12:55:00+05:30,46.3,46.95,46.3,46.6,24750,3231000
2025-12-22 12:56:00+05:30,46.75,46.9,46.15,46.8,88425,3223950
2025-12-22 12:57:00+05:30,46.85,46.85,46.2,46.2,13425,3223950
2025-12-22 12:58:00+05:30,46.1,46.25,45.6,45.6,89550,3223950
2025-12-22 12:59:00+05:30,45.55,46.4,45.5,46.0,15750,3367125
2025-12-22 13:00:00+05:30,46.2,46.35,46.15,46.35,4575,3367125
2025-12-22 13:01:00+05:30,46.25,46.45,46.15,46.25,8475,3367125
2025-12-22 13:02:00+05:30,46.15,46.3,45.65,45.65,10425,3367950
2025-12-22 13:03:00+05:30,45.7,45.8,45.35,45.35,13875,3367950
2025-12-22 13:04:00+05:30,45.3,45.9,45.3,45.8,11250,3367950
2025-12-22 13:05:00+05:30,45.75,45.8,45.4,45.4,7875,3365100
2025-12-22 13:06:00+05:30,45.35,45.6,45.2,45.4,5100,3365100
2025-12-22 13:07:00+05:30,45.3,45.5,45.1,45.3,9750,3365100
2025-12-22 13:08:00+05:30,45.25,45.5,45.1,45.5,6825,3366750
2025-12-22 13:09:00+05:30,45.4,46.05,45.4,45.8,7350,3366750
2025-12-22 13:10:00+05:30,45.8,46.5,45.7,46.1,9450,3366750
2025-12-22 13:11:00+05:30,46.25,46.5,46.2,46.25,12525,3368925
2025-12-22 13:12:00+05:30,46.2,46.2,45.4,45.45,8700,3368925
2025-12-22 13:13:00+05:30,45.4,45.75,45.4,45.7,2775,3368925
2025-12-22 13:14:00+05:30,46.0,46.3,45.95,45.95,3600,3368025
2025-12-22 13:15:00+05:30,46.0,46.5,45.95,46.5,8400,3368025
2025-12-22 13:16:00+05:30,46.6,46.85,46.35,46.85,75000,3368025
2025-12-22 13:17:00+05:30,46.75,46.85,46.55,46.6,28200,3301650
2025-12-22 13:18:00+05:30,46.65,46.85,46.6,46.85,9375,3301650
2025-12-22 13:19:00+05:30,46.65,46.65,46.45,46.5,27075,3301650
2025-12-22 13:20:00+05:30,46.45,46.75,46.45,46.5,6450,3259875
2025-12-22 13:21:00+05:30,46.65,46.85,46.5,46.85,7050,3259875
2025-12-22 13:22:00+05:30,46.65,47.25,46.65,47.2,9450,3259875
2025-12-22 13:23:00+05:30,47.0,47.0,46.75,46.75,18300,3255900
2025-12-22 13:24:00+05:30,46.75,47.4,46.75,47.35,14550,3255900
2025-12-22 13:25:00+05:30,47.35,47.55,47.2,47.2,10500,3255900
2025-12-22 13:26:00+05:30,47.2,47.75,47.2,47.75,15750,3254250
2025-12-22 13:27:00+05:30,47.5,48.15,47.35,48.0,29700,3254250
2025-12-22 13:28:00+05:30,47.85,48.1,47.4,47.6,8700,3254250
2025-12-22 13:29:00+05:30,47.5,47.65,47.35,47.65,12225,3258075
2025-12-22 13:30:00+05:30,47.8,47.85,47.2,47.45,13800,3258075
2025-12-22 13:31:00+05:30,47.45,47.7,47.35,47.4,16650,3258075
2025-12-22 13:32:00+05:30,47.35,47.7,47.35,47.5,8700,3256050
2025-12-22 13:33:00+05:30,47.65,47.75,47.4,47.7,14775,3256050
2025-12-22 13:34:00+05:30,47.65,48.3,47.65,48.3,28575,3256050
2025-12-22 13:35:00+05:30,48.35,48.45,47.25,47.25,7500,3261375
2025-12-22 13:36:00+05:30,47.0,47.0,45.2,45.2,20175,3261375
2025-12-22 13:37:00+05:30,45.35,45.6,45.1,45.35,18450,3261375
2025-12-22 13:38:00+05:30,45.3,45.5,44.9,44.9,15150,3263400
2025-12-22 13:39:00+05:30,44.9,45.45,44.7,45.05,20700,3263400
2025-12-22 13:40:00+05:30,45.25,45.65,44.95,45.3,6825,3263400
2025-12-22 13:41:00+05:30,45.1,45.55,44.95,45.55,11475,3272475
2025-12-22 13:42:00+05:30,45.7,45.9,45.6,45.6,3450,3272475
2025-12-22 13:43:00+05:30,45.65,46.35,45.65,46.35,6825,3272475
2025-12-22 13:44:00+05:30,46.4,46.5,45.95,45.95,6675,3272400
2025-12-22 13:45:00+05:30,45.8,46.25,45.55,46.1,3750,3272400
2025-12-22 13:46:00+05:30,46.15,46.4,46.1,46.4,2775,3272400
2025-12-22 13:47:00+05:30,46.35,46.8,46.35,46.65,10350,3270075
2025-12-22 13:48:00+05:30,46.5,46.7,46.35,46.35,3150,3270075
2025-12-22 13:49:00+05:30,46.4,46.85,46.4,46.8,4050,3270075
2025-12-22 13:50:00+05:30,46.7,46.8,46.7,46.7,1950,3268200
2025-12-22 13:51:00+05:30,46.75,46.75,46.4,46.6,9075,3268200
2025-12-22 13:52:00+05:30,46.7,46.7,46.2,46.2,3900,3268200
2025-12-22 13:53:00+05:30,46.25,46.5,46.25,46.35,1650,3269250
2025-12-22 13:54:00+05:30,46.3,46.3,45.7,45.9,3900,3269250
2025-12-22 13:55:00+05:30,45.8,46.25,45.8,46.0,4050,3269250
2025-12-22 13:56:00+05:30,46.1,46.1,45.6,45.6,3300,3270825
2025-12-22 13:57:00+05:30,45.6,46.05,45.6,45.75,3300,3270825
2025-12-22 13:58:00+05:30,45.9,46.1,45.85,45.95,825,3270825
2025-12-22 13:59:00+05:30,46.05,46.15,45.85,45.85,3900,3273375
2025-12-22 14:00:00+05:30,45.8,46.3,45.45,46.3,4875,3273375
2025-12-22 14:01:00+05:30,46.55,46.9,46.5,46.9,12075,3273375
2025-12-22 14:02:00+05:30,46.9,46.9,46.45,46.45,675,3267525
2025-12-22 14:03:00+05:30,46.4,46.4,45.15,45.75,11175,3267525
2025-12-22 14:04:00+05:30,45.8,46.25,45.8,46.1,5025,3267525
2025-12-22 14:05:00+05:30,46.1,46.25,45.65,45.75,8025,3271650
2025-12-22 14:06:00+05:30,45.7,45.95,45.7,45.95,1500,3271650
2025-12-22 14:07:00+05:30,46.1,46.1,45.5,45.6,3450,3271650
2025-12-22 14:08:00+05:30,44.85,44.9,43.65,43.7,24300,3274125
2025-12-22 14:09:00+05:30,44.0,44.2,43.5,44.15,9600,3274125
2025-12-22 14:10:00+05:30,44.15,44.7,44.15,44.55,9975,3274125
2025-12-22 14:11:00+05:30,44.6,45.1,44.4,44.8,11250,3269250
2025-12-22 14:12:00+05:30,44.75,45.7,44.5,45.65,10725,3269250
2025-12-22 14:13:00+05:30,45.65,46.3,45.65,45.95,13425,3269250
2025-12-22 14:14:00+05:30,46.0,46.3,45.9,46.25,4575,3263925
2025-12-22 14:15:00+05:30,46.1,46.55,46.1,46.45,11850,3263925
2025-12-22 14:16:00+05:30,46.55,46.65,46.1,46.25,41475,3263925
2025-12-22 14:17:00+05:30,46.05,46.2,45.45,45.65,8925,3253350
2025-12-22 14:18:00+05:30,45.6,45.6,45.15,45.25,11325,3253350
2025-12-22 14:19:00+05:30,45.35,45.75,45.35,45.75,9000,3253350
2025-12-22 14:20:00+05:30,45.55,45.85,45.2,45.7,8325,3254925
2025-12-22 14:21:00+05:30,45.6,45.85,44.95,45.85,12150,3254925
2025-12-22 14:22:00+05:30,45.9,46.45,45.8,46.35,13125,3254925
2025-12-22 14:23:00+05:30,46.5,47.15,46.3,46.85,21225,3245250
2025-12-22 14:24:00+05:30,46.7,47.1,46.7,46.85,6900,3245250
2025-12-22 14:25:00+05:30,47.2,47.45,46.65,47.05,20025,3245250
2025-12-22 14:26:00+05:30,47.05,47.25,46.85,47.25,9300,3245850
2025-12-22 14:27:00+05:30,47.15,48.0,47.1,47.65,10500,3245850
2025-12-22 14:28:00+05:30,47.7,47.95,47.55,47.6,13725,3245850
2025-12-22 14:29:00+05:30,47.65,47.9,47.25,47.85,14850,3247500
2025-12-22 14:30:00+05:30,47.85,47.85,47.1,47.35,19125,3247500
2025-12-22 14:31:00+05:30,47.35,47.6,46.9,47.4,13650,3247500
2025-12-22 14:32:00+05:30,47.5,47.6,47.15,47.25,11625,3233700
2025-12-22 14:33:00+05:30,47.1,47.35,46.8,47.25,13500,3233700
2025-12-22 14:34:00+05:30,47.3,50.0,47.25,49.85,73950,3233700
2025-12-22 14:35:00+05:30,50.0,50.1,49.55,49.85,32475,3225525
2025-12-22 14:36:00+05:30,49.75,49.75,48.9,49.5,51525,3225525
2025-12-22 14:37:00+05:30,49.35,49.5,49.0,49.2,34875,3225525
2025-12-22 14:38:00+05:30,49.0,49.5,48.05,48.1,40650,3232575
2025-12-22 14:39:00+05:30,48.0,48.25,47.65,48.1,163275,3232575
2025-12-22 14:40:00+05:30,48.1,48.35,47.95,48.0,13725,3232575
2025-12-22 14:41:00+05:30,48.15,48.65,48.0,48.65,25500,3366525
2025-12-22 14:42:00+05:30,48.6,48.8,48.4,48.45,33375,3366525
2025-12-22 14:43:00+05:30,48.5,48.7,47.9,48.05,29100,3366525
2025-12-22 14:44:00+05:30,48.0,48.4,48.0,48.25,8625,3344775
2025-12-22 14:45:00+05:30,48.15,48.3,47.85,48.3,6525,3344775
2025-12-22 14:46:00+05:30,48.3,48.8,48.2,48.65,26400,3344775
2025-12-22 14:47:00+05:30,48.8,48.8,48.2,48.25,12750,3351225
2025-12-22 14:48:00+05:30,48.4,48.55,48.15,48.45,5775,3351225
2025-12-22 14:49:00+05:30,48.4,48.4,48.25,48.4,5850,3351225
2025-12-22 14:50:00+05:30,48.4,48.45,48.15,48.25,3600,3350025
2025-12-22 14:51:00+05:30,48.25,48.7,48.2,48.5,10800,3350025
2025-12-22 14:52:00+05:30,48.5,48.85,48.4,48.65,31575,3350025
2025-12-22 14:53:00+05:30,48.6,48.6,48.05,48.45,41625,3322575
2025-12-22 14:54:00+05:30,48.55,48.75,48.45,48.5,9525,3322575
2025-12-22 14:55:00+05:30,48.6,48.95,48.5,48.8,17325,3322575
2025-12-22 14:56:00+05:30,48.7,49.35,48.7,49.0,12075,3320325
2025-12-22 14:57:00+05:30,49.0,49.4,49.0,49.15,15900,3320325
2025-12-22 14:58:00+05:30,49.25,49.25,48.8,49.2,19275,3320325
2025-12-22 14:59:00+05:30,49.15,49.3,48.8,49.1,14100,3317925
2025-12-22 15:00:00+05:30,49.3,49.75,49.1,49.35,51225,3317925
2025-12-22 15:01:00+05:30,49.2,49.75,49.2,49.3,31125,3317925
2025-12-22 15:02:00+05:30,49.5,49.65,48.8,48.85,38625,3321075
2025-12-22 15:03:00+05:30,48.8,49.35,48.8,49.35,38475,3321075
2025-12-22 15:04:00+05:30,49.25,49.25,48.95,49.2,20175,3321075
2025-12-22 15:05:00+05:30,49.05,49.3,48.95,49.15,23625,3335550
2025-12-22 15:06:00+05:30,49.2,49.45,48.85,49.45,29925,3335550
2025-12-22 15:07:00+05:30,49.25,49.5,48.6,48.6,69750,3335550
2025-12-22 15:08:00+05:30,48.6,48.7,48.25,48.3,60825,3357525
2025-12-22 15:09:00+05:30,48.4,48.65,48.15,48.65,42975,3357525
2025-12-22 15:10:00+05:30,48.75,48.75,48.15,48.65,59625,3357525
2025-12-22 15:11:00+05:30,48.6,49.0,48.55,48.95,37425,3368475
2025-12-22 15:12:00+05:30,48.85,49.1,48.8,48.85,72750,3368475
2025-12-22 15:13:00+05:30,48.9,49.0,48.65,48.85,57975,3368475
2025-12-22 15:14:00+05:30,48.75,49.45,48.75,49.1,33000,3377025
2025-12-22 15:15:00+05:30,49.15,49.65,48.9,49.25,61875,3377025
2025-12-22 15:16:00+05:30,49.1,49.45,48.95,49.2,20100,3377025
2025-12-22 15:17:00+05:30,49.25,49.5,49.0,49.0,32175,3375075
2025-12-22 15:18:00+05:30,49.15,49.3,49.0,49.2,34725,3375075
2025-12-22 15:19:00+05:30,49.15,49.15,48.65,48.95,91200,3375075
2025-12-22 15:20:00+05:30,49.0,49.1,48.65,48.9,47475,3349200
2025-12-22 15:21:00+05:30,48.75,49.0,48.65,48.75,46650,3349200
2025-12-22 15:22:00+05:30,48.5,48.85,48.2,48.8,42900,3349200
2025-12-22 15:23:00+05:30,48.7,49.2,48.7,49.15,42300,3319500
2025-12-22 15:24:00+05:30,49.05,49.25,49.0,49.1,27450,3319500
2025-12-22 15:25:00+05:30,49.05,49.65,49.05,49.5,64950,3319500
2025-12-22 15:26:00+05:30,49.5,50.05,49.5,49.75,56850,3319500
2025-12-22 15:27:00+05:30,49.85,50.2,49.8,49.8,43200,3296250
2025-12-22 15:28:00+05:30,49.8,50.2,49.65,50.2,97350,3296250
2025-12-22 15:29:00+05:30,50.2,52.8,50.0,50.35,77925,3296250
2025-12-23 09:15:00+05:30,52.7,58.95,52.15,52.5,275925,3295125
2025-12-23 09:16:00+05:30,51.45,51.45,47.55,49.7,196050,3297075
2025-12-23 09:17:00+05:30,49.5,49.6,46.35,48.7,140700,3297075
2025-12-23 09:18:00+05:30,47.7,50.65,47.7,49.1,101700,3297075
2025-12-23 09:19:00+05:30,48.95,50.0,48.35,50.0,108375,3341475
2025-12-23 09:20:00+05:30,50.35,50.35,48.65,49.6,96825,3341475
2025-12-23 09:21:00+05:30,49.85,51.95,49.05,50.85,127725,3341475
2025-12-23 09:22:00+05:30,50.45,51.05,47.05,47.1,145125,3487125
2025-12-23 09:23:00+05:30,47.6,48.05,46.95,47.8,84975,3487125
2025-12-23 09:24:00+05:30,47.45,47.7,45.3,45.7,72600,3487125
2025-12-23 09:25:00+05:30,45.4,45.7,43.6,44.8,87525,3517425
2025-12-23 09:26:00+05:30,44.75,46.1,44.55,45.15,89775,3517425
2025-12-23 09:27:00+05:30,45.65,45.9,44.1,45.15,123375,3517425
2025-12-23 09:28:00+05:30,44.85,45.65,44.6,44.95,57000,3459900
2025-12-23 09:29:00+05:30,45.0,45.75,44.9,44.9,42225,3459900
2025-12-23 09:30:00+05:30,44.65,44.65,42.25,43.2,190050,3459900
2025-12-23 09:31:00+05:30,42.85,44.35,41.9,44.25,64275,3401400
2025-12-23 09:32:00+05:30,43.9,43.9,42.2,42.35,61350,3401400
2025-12-23 09:33:00+05:30,42.25,42.95,42.2,42.6,57075,3401400
2025-12-23 09:34:00+05:30,42.85,42.9,42.2,42.6,98250,3421200
2025-12-23 09:35:00+05:30,42.6,42.65,41.5,42.2,49950,3421200
2025-12-23 09:36:00+05:30,42.9,43.25,42.25,43.25,49125,3421200
2025-12-23 09:37:00+05:30,43.25,44.0,42.45,42.6,67950,3456375
2025-12-23 09:38:00+05:30,42.6,43.3,41.85,42.1,31800,3456375
2025-12-23 09:39:00+05:30,42.0,42.6,41.3,41.6,31050,3456375
2025-12-23 09:40:00+05:30,41.7,41.8,39.65,41.75,78300,3478050
2025-12-23 09:41:00+05:30,41.35,41.4,39.79,41.05,47850,3478050
2025-12-23 09:42:00+05:30,41.25,41.25,39.95,40.4,33825,3478050
2025-12-23 09:43:00+05:30,40.2,40.2,36.75,36.9,114975,3505350
2025-12-23 09:44:00+05:30,36.95,37.9,36.7,37.85,109500,3505350
2025-12-23 09:45:00+05:30,37.65,38.45,36.4,38.2,124800,3505350
2025-12-23 09:46:00+05:30,37.9,38.5,37.54,38.5,47250,3541650
2025-12-23 09:47:00+05:30,38.4,39.75,38.15,39.75,66075,3541650
2025-12-23 09:48:00+05:30,39.75,41.4,39.75,40.5,89100,3541650
2025-12-23 09:49:00+05:30,40.5,41.4,39.75,39.75,64575,3555975
2025-12-23 09:50:00+05:30,39.85,40.45,39.04,40.2,48525,3555975
2025-12-23 09:51:00+05:30,40.2,41.1,40.1,40.25,35850,3555975
2025-12-23 09:52:00+05:30,40.25,40.85,39.85,40.7,20325,3577125
2025-12-23 09:53:00+05:30,40.75,41.6,40.75,41.25,34275,3577125
2025-12-23 09:54:00+05:30,41.4,42.15,41.0,41.75,49125,3577125
2025-12-23 09:55:00+05:30,41.85,42.9,40.7,42.9,93825,3591150
2025-12-23 09:56:00+05:30,42.6,45.1,42.6,44.75,96600,3591150
2025-12-23 09:57:00+05:30,44.85,46.65,44.55,46.55,145200,3591150
2025-12-23 09:58:00+05:30,46.55,47.8,46.25,47.5,70800,3541800
2025-12-23 09:59:00+05:30,47.4,47.6,46.2,47.6,130200,3541800
2025-12-23 10:00:00+05:30,47.7,48.6,47.35,47.6,69150,3541800
2025-12-23 10:01:00+05:30,47.85,50.25,47.85,49.65,133725,3444900
2025-12-23 10:02:00+05:30,49.4,51.05,48.75,50.45,209025,3444900
2025-12-23 10:03:00+05:30,50.3,50.95,49.55,49.9,133125,3444900
2025-12-23 10:04:00+05:30,50.2,50.25,48.2,48.8,102075,3475650
2025-12-23 10:05:00+05:30,48.55,50.1,48.55,49.35,92250,3475650
2025-12-23 10:06:00+05:30,49.5,49.5,47.5,48.55,46350,3475650
2025-12-23 10:07:00+05:30,48.45,48.95,47.2,48.5,105900,3522975
2025-12-23 10:08:00+05:30,48.85,50.5,48.4,50.0,106275,3522975
2025-12-23 10:09:00+05:30,49.75,50.3,49.75,49.95,41100,3522975
2025-12-23 10:10:00+05:30,50.0,50.4,49.8,50.4,42000,3555000
2025-12-23 10:11:00+05:30,50.45,52.4,50.25,52.25,140400,3555000
2025-12-23 10:12:00+05:30,52.2,53.0,51.9,52.4,82275,3555000
2025-12-23 10:13:00+05:30,52.3,52.55,50.4,50.4,125550,3595050
2025-12-23 10:14:00+05:30,50.1,50.1,48.95,49.4,118200,3595050
2025-12-23 10:15:00+05:30,49.55,50.25,48.6,49.45,119625,3595050
2025-12-23 10:16:00+05:30,49.75,50.7,49.75,50.4,50100,3651600
2025-12-23 10:17:00+05:30,50.5,50.6,49.0,49.05,13725,3651600
2025-12-23 10:18:00+05:30,49.3,49.3,47.7,47.7,34425,3651600
2025-12-23 10:19:00+05:30,47.85,47.85,44.2,44.4,123675,3656025
2025-12-23 10:20:00+05:30,44.55,44.7,42.65,42.75,138000,3656025
2025-12-23 10:21:00+05:30,42.9,43.7,42.0,43.7,125925,3656025
2025-12-23 10:22:00+05:30,43.6,43.9,42.55,43.45,64500,3821775
2025-12-23 10:23:00+05:30,43.3,43.6,42.9,43.1,36150,3821775
2025-12-23 10:24:00+05:30,42.6,43.75,42.6,43.5,35700,3821775
2025-12-23 10:25:00+05:30,43.6,45.0,43.6,43.95,50325,3844350
2025-12-23 10:26:00+05:30,43.85,45.55,43.85,45.4,97950,3844350
2025-12-23 10:27:00+05:30,45.7,45.85,44.15,44.55,59775,3844350
2025-12-23 10:28:00+05:30,44.55,45.0,42.9,43.7,43200,3905475
2025-12-23 10:29:00+05:30,43.6,45.55,43.25,45.55,23700,3905475
2025-12-23 10:30:00+05:30,45.15,45.6,44.55,45.35,32175,3905475
2025-12-23 10:31:00+05:30,45.35,45.65,44.35,44.65,34800,3875550
2025-12-23 10:32:00+05:30,44.5,45.9,44.5,45.75,56775,3875550
2025-12-23 10:33:00+05:30,45.8,45.8,44.95,44.95,17175,3875550
2025-12-23 10:34:00+05:30,44.8,44.9,43.35,43.5,29400,3912225
2025-12-23 10:35:00+05:30,43.65,44.4,43.35,43.85,18450,3912225
2025-12-23 10:36:00+05:30,43.7,43.95,42.6,42.6,32625,3912225
2025-12-23 10:37:00+05:30,42.3,43.35,42.25,42.45,22725,3928725
2025-12-23 10:38:00+05:30,42.35,43.7,42.35,43.1,24150,3928725
2025-12-23 10:39:00+05:30,43.3,44.35,43.3,44.0,17100,3928725
2025-12-23 10:40:00+05:30,43.7,44.0,43.3,43.65,15525,3932550
2025-12-23 10:41:00+05:30,44.0,45.6,44.0,45.0,31200,3932550
2025-12-23 10:42:00+05:30,45.1,46.35,45.1,46.35,35700,3932550
2025-12-23 10:43:00+05:30,46.3,46.3,45.3,45.3,12150,3941100
2025-12-23 10:44:00+05:30,45.35,46.45,45.3,46.25,7125,3941100
2025-12-23 10:45:00+05:30,46.3,46.5,45.8,46.2,16275,3941100
2025-12-23 10:46:00+05:30,46.1,46.7,46.1,46.25,20400,3949425
2025-12-23 10:47:00+05:30,46.05,46.55,45.6,46.15,29025,3949425
2025-12-23 10:48:00+05:30,46.25,46.95,45.25,45.25,13800,3949425
2025-12-23 10:49:00+05:30,45.25,46.15,44.85,45.95,8850,3951150
2025-12-23 10:50:00+05:30,46.05,46.5,45.95,46.5,10950,3951150
2025-12-23 10:51:00+05:30,46.55,47.1,46.3,46.9,29325,3951150
2025-12-23 10:52:00+05:30,47.0,47.05,46.15,46.4,14100,3950400
2025-12-23 10:53:00+05:30,46.25,46.5,45.9,46.25,22725,3950400
2025-12-23 10:54:00+05:30,46.0,46.0,44.8,45.85,23325,3950400
2025-12-23 10:55:00+05:30,46.0,46.2,45.65,45.9,16650,3953175
2025-12-23 10:56:00+05:30,45.95,46.0,44.6,44.6,29025,3953175
2025-12-23 10:57:00+05:30,44.55,44.95,44.3,44.8,72075,3953175
2025-12-23 10:58:00+05:30,44.95,45.65,44.65,44.85,13650,4008450
2025-12-23 10:59:00+05:30,44.75,45.3,44.65,45.0,19950,4008450
2025-12-23 11:00:00+05:30,44.75,45.45,44.45,45.1,13650,4008450
2025-12-23 11:01:00+05:30,45.0,45.55,44.6,45.4,16125,4014075
2025-12-23 11:02:00+05:30,45.3,45.45,44.25,44.25,9450,4014075
2025-12-23 11:03:00+05:30,44.25,44.65,43.85,44.4,21450,4014075
2025-12-23 11:04:00+05:30,44.0,44.3,43.2,44.3,37200,4025700
2025-12-23 11:05:00+05:30,44.3,45.1,44.3,45.0,41100,4025700
2025-12-23 11:06:00+05:30,45.1,45.3,44.6,44.85,8925,4025700
2025-12-23 11:07:00+05:30,44.9,45.65,44.9,45.0,16350,4027575
2025-12-23 11:08:00+05:30,44.9,45.15,44.7,44.8,11475,4027575
2025-12-23 11:09:00+05:30,45.35,45.8,45.2,45.75,9900,4027575
2025-12-23 11:10:00+05:30,46.1,47.05,45.7,47.05,49200,4022475
2025-12-23 11:11:00+05:30,46.8,47.25,46.45,46.5,41850,4022475
2025-12-23 11:12:00+05:30,46.85,47.0,46.55,47.0,21825,4022475
2025-12-23 11:13:00+05:30,46.75,46.75,46.3,46.65,7875,4017075
2025-12-23 11:14:00+05:30,46.55,46.55,45.8,45.9,9750,4017075
2025-12-23 11:15:00+05:30,46.05,46.6,45.85,45.9,8700,4017075
2025-12-23 11:16:00+05:30,45.7,45.85,45.15,45.75,13200,4017900
2025-12-23 11:17:00+05:30,45.65,45.8,45.2,45.35,9375,4017900
2025-12-23 11:18:00+05:30,45.7,46.35,45.3,45.85,13275,4017900
2025-12-23 11:19:00+05:30,45.8,47.25,45.8,46.8,19800,4024200
2025-12-23 11:20:00+05:30,47.05,47.05,46.35,47.0,14400,4024200
2025-12-23 11:21:00+05:30,46.75,47.15,46.6,46.8,16125,4024200
2025-12-23 11:22:00+05:30,46.75,46.95,46.45,46.6,5850,4025775
2025-12-23 11:23:00+05:30,46.8,46.8,46.35,46.35,3225,4025775
2025-12-23 11:24:00+05:30,46.15,46.9,46.15,46.8,23250,4025775
2025-12-23 11:25:00+05:30,46.75,47.0,46.5,46.9,6525,4031175
2025-12-23 11:26:00+05:30,47.0,47.35,45.75,46.15,54600,4031175
2025-12-23 11:27:00+05:30,46.15,46.15,45.2,45.75,28725,4031175
2025-12-23 11:28:00+05:30,45.7,46.15,44.95,44.95,46200,4057800
2025-12-23 11:29:00+05:30,44.9,45.95,44.75,45.95,23550,4057800
2025-12-23 11:30:00+05:30,45.7,46.2,45.15,45.6,15300,4057800
2025-12-23 11:31:00+05:30,45.5,45.9,45.1,45.1,13950,4069950
2025-12-23 11:32:00+05:30,45.05,45.25,44.05,44.1,30300,4069950
2025-12-23 11:33:00+05:30,44.15,44.6,43.95,44.55,12075,4069950
2025-12-23 11:34:00+05:30,44.45,44.65,44.05,44.65,19650,4081125
2025-12-23 11:35:00+05:30,44.65,44.65,42.4,42.4,50475,4081125
2025-12-23 11:36:00+05:30,42.35,42.9,41.2,42.6,58950,4081125
2025-12-23 11:37:00+05:30,42.75,42.9,42.35,42.45,27075,4084350
2025-12-23 11:38:00+05:30,42.5,42.5,41.45,41.45,30000,4084350
2025-12-23 11:39:00+05:30,41.35,42.35,41.35,41.85,44850,4084350
2025-12-23 11:40:00+05:30,41.85,41.85,40.65,40.95,43350,4097325
2025-12-23 11:41:00+05:30,40.95,41.25,40.45,41.15,69000,4097325
2025-12-23 11:42:00+05:30,41.15,41.25,40.79,41.0,81600,4097325
2025-12-23 11:43:00+05:30,41.05,42.45,41.0,41.15,47100,4070850
2025-12-23 11:44:00+05:30,40.9,41.45,40.79,41.2,36375,4070850
2025-12-23 11:45:00+05:30,41.1,41.65,40.85,41.4,25200,4070850
2025-12-23 11:46:00+05:30,41.3,41.6,40.2,41.6,45900,4059150
2025-12-23 11:47:00+05:30,41.55,41.85,41.3,41.5,18375,4059150
2025-12-23 11:48:00+05:30,41.35,41.35,40.35,41.0,28350,4059150
2025-12-23 11:49:00+05:30,40.85,41.55,40.45,41.25,58200,4052025
2025-12-23 11:50:00+05:30,41.0,42.4,41.0,42.0,32175,4052025
2025-12-23 11:51:00+05:30,42.0,42.5,42.0,42.5,38475,4052025
2025-12-23 11:52:00+05:30,42.55,43.45,42.2,43.45,24075,4036125
2025-12-23 11:53:00+05:30,43.35,43.8,43.0,43.5,26475,4036125
2025-12-23 11:54:00+05:30,43.65,43.7,43.15,43.4,17625,4036125
2025-12-23 11:55:00+05:30,43.6,43.6,42.65,42.7,22125,4043925
2025-12-23 11:56:00+05:30,42.65,44.0,42.65,43.7,16050,4043925
2025-12-23 11:57:00+05:30,43.7,44.1,43.5,43.65,14775,4043925
2025-12-23 11:58:00+05:30,43.5,43.65,42.6,42.6,21675,4037325
2025-12-23 11:59:00+05:30,42.55,43.05,42.2,43.05,18975,4037325
2025-12-23 12:00:00+05:30,42.85,43.45,42.8,43.4,16275,4037325
2025-12-23 12:01:00+05:30,43.2,43.45,42.85,43.25,22800,4021800
2025-12-23 12:02:00+05:30,43.25,43.4,43.0,43.35,17550,4021800
2025-12-23 12:03:00+05:30,43.35,43.4,43.15,43.4,6900,4021800
2025-12-23 12:04:00+05:30,43.25,44.3,43.25,43.8,21825,4030950
2025-12-23 12:05:00+05:30,43.8,43.9,43.3,43.8,23550,4030950
2025-12-23 12:06:00+05:30,43.7,43.9,43.3,43.85,11550,4030950
2025-12-23 12:07:00+05:30,43.8,43.85,43.05,43.35,9150,4031625
2025-12-23 12:08:00+05:30,43.2,43.85,43.15,43.75,9825,4031625
2025-12-23 12:09:00+05:30,43.65,43.8,43.45,43.7,5625,4031625
2025-12-23 12:10:00+05:30,43.8,43.8,43.25,43.25,9375,4033650
2025-12-23 12:11:00+05:30,43.3,44.4,43.3,43.6,28050,4033650
2025-12-23 12:12:00+05:30,44.25,45.1,44.15,44.75,25800,4033650
2025-12-23 12:13:00+05:30,44.75,44.75,43.55,43.7,21525,4033650
2025-12-23 12:14:00+05:30,43.75,43.85,42.8,42.8,19950,4036950
2025-12-23 12:15:00+05:30,43.0,43.55,43.0,43.15,11625,4036950
2025-12-23 12:16:00+05:30,43.25,43.7,42.8,42.8,11550,4036950
2025-12-23 12:17:00+05:30,43.0,43.2,42.6,42.8,11175,4040325
2025-12-23 12:18:00+05:30,42.6,43.05,42.2,42.35,38025,4040325
2025-12-23 12:19:00+05:30,42.5,43.05,42.3,42.9,22125,4040325
2025-12-23 12:20:00+05:30,43.0,43.8,42.95,43.15,22125,4044150
2025-12-23 12:21:00+05:30,43.15,43.25,42.85,42.95,19050,4044150
2025-12-23 12:22:00+05:30,43.0,43.8,43.0,43.45,12975,4044150
2025-12-23 12:23:00+05:30,43.4,43.45,43.1,43.35,6675,4035300
2025-12-23 12:24:00+05:30,43.25,43.6,42.85,43.45,14550,4035300
2025-12-23 12:25:00+05:30,43.55,43.55,42.75,43.25,11850,4035300
2025-12-23 12:26:00+05:30,43.2,43.35,43.0,43.0,10050,4044525
2025-12-23 12:27:00+05:30,43.05,43.2,42.7,42.7,12450,4044525
2025-12-23 12:28:00+05:30,42.65,42.8,41.6,42.0,38175,4044525
2025-12-23 12:29:00+05:30,41.75,42.15,41.45,41.5,17700,4054725
2025-12-23 12:30:00+05:30,41.45,41.75,41.1,41.2,40275,4054725
2025-12-23 12:31:00+05:30,41.3,41.5,40.9,41.05,19275,4054725
2025-12-23 12:32:00+05:30,40.9,41.85,40.9,41.7,21150,4067850
2025-12-23 12:33:00+05:30,41.55,42.0,41.2,41.5,27150,4067850
2025-12-23 12:34:00+05:30,41.6,42.15,41.6,41.85,26475,4067850
2025-12-23 12:35:00+05:30,42.0,42.4,41.8,42.2,27300,4081950
2025-12-23 12:36:00+05:30,42.3,43.2,42.3,42.85,45075,4081950
2025-12-23 12:37:00+05:30,42.8,43.05,42.65,42.65,22725,4081950
2025-12-23 12:38:00+05:30,42.5,42.95,42.5,42.6,10725,4088700
2025-12-23 12:39:00+05:30,42.6,42.6,41.9,42.1,18000,4088700
2025-12-23 12:40:00+05:30,42.25,43.1,42.25,42.8,18750,4088700
2025-12-23 12:41:00+05:30,42.85,43.0,42.55,42.8,8700,4085550
2025-12-23 12:42:00+05:30,42.7,43.0,42.35,42.35,6900,4085550
2025-12-23 12:43:00+05:30,42.45,42.7,42.1,42.25,5400,4085550
2025-12-23 12:44:00+05:30,42.25,42.65,42.15,42.4,3675,4087950
2025-12-23 12:45:00+05:30,42.45,42.65,42.45,42.45,3900,4087950
2025-12-23 12:46:00+05:30,42.5,42.95,42.1,42.9,15600,4087950
2025-12-23 12:47:00+05:30,42.8,43.1,42.6,42.8,36600,4093875
2025-12-23 12:48:00+05:30,42.8,42.9,42.5,42.75,9675,4093875
2025-12-23 12:49:00+05:30,42.6,42.9,42.45,42.6,12300,4093875
2025-12-23 12:50:00+05:30,42.6,42.95,42.6,42.75,7950,4117650
2025-12-23 12:51:00+05:30,42.95,43.25,42.8,43.15,22800,4117650
2025-12-23 12:52:00+05:30,43.15,43.45,42.5,42.6,22950,4117650
2025-12-23 12:53:00+05:30,42.5,43.25,42.45,42.85,14550,4128975
2025-12-23 12:54:00+05:30,42.8,43.6,42.8,43.05,17325,4128975
2025-12-23 12:55:00+05:30,43.0,43.25,42.85,43.2,11175,4128975
2025-12-23 12:56:00+05:30,43.2,43.8,43.0,43.0,15150,4134900
2025-12-23 12:57:00+05:30,43.0,43.4,42.75,42.75,25275,4134900
2025-12-23 12:58:00+05:30,43.0,43.45,42.9,43.25,6750,4134900
2025-12-23 12:59:00+05:30,43.3,43.75,43.1,43.1,12525,4141575
2025-12-23 13:00:00+05:30,43.05,44.0,43.0,43.9,21675,4141575
2025-12-23 13:01:00+05:30,43.8,44.35,43.65,43.9,33075,4141575
2025-12-23 13:02:00+05:30,43.95,44.2,43.05,43.45,22950,4134525
2025-12-23 13:03:00+05:30,43.25,43.75,43.15,43.25,19725,4134525
2025-12-23 13:04:00+05:30,43.05,43.1,42.9,43.0,11250,4134525
2025-12-23 13:05:00+05:30,43.0,43.3,42.5,42.5,18300,4151100
2025-12-23 13:06:00+05:30,42.6,43.15,42.4,42.9,46200,4151100
2025-12-23 13:07:00+05:30,42.75,43.0,42.6,43.0,10650,4151100
2025-12-23 13:08:00+05:30,42.7,42.95,42.6,42.9,11175,4163700
2025-12-23 13:09:00+05:30,42.75,43.15,42.7,43.1,17775,4163700
2025-12-23 13:10:00+05:30,43.0,43.4,43.0,43.1,23175,4163700
2025-12-23 13:11:00+05:30,43.05,43.05,42.8,43.0,4800,4161000
2025-12-23 13:12:00+05:30,42.95,43.1,42.7,42.95,10650,4161000
2025-12-23 13:13:00+05:30,42.9,43.0,42.75,42.95,3525,4161000
2025-12-23 13:14:00+05:30,42.95,43.0,42.05,42.05,17550,4158975
2025-12-23 13:15:00+05:30,42.0,42.4,42.0,42.2,34725,4158975
2025-12-23 13:16:00+05:30,42.2,43.35,42.05,43.35,18675,4158975
2025-12-23 13:17:00+05:30,43.4,44.05,43.4,43.55,21450,4162275
2025-12-23 13:18:00+05:30,43.55,43.85,43.2,43.2,11025,4162275
2025-12-23 13:19:00+05:30,43.15,43.3,42.9,43.3,39150,4162275
2025-12-23 13:20:00+05:30,43.4,43.4,43.1,43.3,10200,4160700
2025-12-23 13:21:00+05:30,43.3,43.35,42.95,43.05,3000,4160700
2025-12-23 13:22:00+05:30,42.95,43.15,42.85,42.95,14700,4160700
2025-12-23 13:23:00+05:30,42.9,42.9,42.55,42.6,10425,4165575
2025-12-23 13:24:00+05:30,42.7,42.7,42.3,42.6,10200,4165575
2025-12-23 13:25:00+05:30,42.35,42.95,42.25,42.7,20625,4165575
2025-12-23 13:26:00+05:30,42.85,43.15,42.7,42.95,39825,4171500
2025-12-23 13:27:00+05:30,42.9,43.3,42.9,43.15,20250,4171500
2025-12-23 13:28:00+05:30,43.2,43.25,43.05,43.15,13800,4171500
2025-12-23 13:29:00+05:30,43.0,43.6,43.0,43.15,6525,4196100
2025-12-23 13:30:00+05:30,43.15,43.45,43.05,43.25,12825,4196100
2025-12-23 13:31:00+05:30,43.15,43.2,42.8,42.85,9900,4196100
2025-12-23 13:32:00+05:30,42.75,43.15,42.4,43.05,18525,4194000
2025-12-23 13:33:00+05:30,42.85,43.15,42.65,43.0,8325,4194000
2025-12-23 13:34:00+05:30,42.85,43.2,42.85,42.95,9375,4194000
2025-12-23 13:35:00+05:30,42.9,43.2,42.35,42.45,62475,4197825
2025-12-23 13:36:00+05:30,42.35,42.75,42.1,42.45,15525,4197825
2025-12-23 13:37:00+05:30,42.45,42.7,42.3,42.55,23100,4197825
2025-12-23 13:38:00+05:30,42.6,42.65,42.4,42.5,10125,4236150
2025-12-23 13:39:00+05:30,42.55,42.8,41.85,41.95,27675,4236150
2025-12-23 13:40:00+05:30,41.95,42.15,41.65,41.8,32700,4236150
2025-12-23 13:41:00+05:30,41.75,41.95,40.5,40.5,67200,4238100
2025-12-23 13:42:00+05:30,40.75,42.4,40.75,42.15,37350,4238100
2025-12-23 13:43:00+05:30,42.3,42.6,41.35,41.4,37200,4238100
2025-12-23 13:44:00+05:30,41.45,41.85,41.15,41.8,18975,4239225
2025-12-23 13:45:00+05:30,41.65,41.95,41.6,41.85,40425,4239225
2025-12-23 13:46:00+05:30,41.75,42.1,41.65,41.8,17625,4239225
2025-12-23 13:47:00+05:30,41.85,42.3,41.7,41.95,13875,4230300
2025-12-23 13:48:00+05:30,41.95,42.55,41.85,42.05,10050,4230300
2025-12-23 13:49:00+05:30,42.45,43.2,42.2,42.35,45975,4230300
2025-12-23 13:50:00+05:30,42.4,42.4,41.55,42.05,47400,4238475
2025-12-23 13:51:00+05:30,42.0,42.45,41.85,42.4,11400,4238475
2025-12-23 13:52:00+05:30,42.35,42.75,42.35,42.65,24525,4238475
2025-12-23 13:53:00+05:30,42.7,43.05,42.55,42.95,20400,4226925
2025-12-23 13:54:00+05:30,42.9,43.6,42.85,43.25,42225,4226925
2025-12-23 13:55:00+05:30,43.3,44.3,43.15,44.15,84900,4226925
2025-12-23 13:56:00+05:30,44.3,44.45,43.75,43.8,55275,4196100
2025-12-23 13:57:00+05:30,43.5,43.7,43.3,43.35,14400,4196100
2025-12-23 13:58:00+05:30,43.4,43.85,42.55,42.9,15675,4196100
2025-12-23 13:59:00+05:30,43.1,43.65,42.5,43.65,25800,4192575
2025-12-23 14:00:00+05:30,43.7,44.15,43.15,43.25,75600,4192575
2025-12-23 14:01:00+05:30,43.35,43.6,43.05,43.5,13875,4192575
2025-12-23 14:02:00+05:30,43.5,43.95,43.25,43.9,20625,4191225
2025-12-23 14:03:00+05:30,43.85,44.9,43.8,44.6,80925,4191225
2025-12-23 14:04:00+05:30,44.7,45.0,44.5,44.5,76800,4191225
2025-12-23 14:05:00+05:30,44.6,44.6,43.85,44.1,30150,4191675
2025-12-23 14:06:00+05:30,44.1,44.2,43.55,43.7,24525,4191675
2025-12-23 14:07:00+05:30,43.65,43.9,43.35,43.45,32250,4191675
2025-12-23 14:08:00+05:30,43.5,44.15,43.4,44.05,40425,4187925
2025-12-23 14:09:00+05:30,44.05,44.05,43.3,43.75,33075,4187925
2025-12-23 14:10:00+05:30,43.45,44.3,43.4,44.2,20700,4187925
2025-12-23 14:11:00+05:30,44.3,44.75,43.45,43.45,37875,4209450
2025-12-23 14:12:00+05:30,43.45,44.3,43.45,44.25,9150,4209450
2025-12-23 14:13:00+05:30,44.15,44.35,43.65,44.35,20400,4209450
2025-12-23 14:14:00+05:30,44.45,46.4,44.3,46.3,124050,4226100
2025-12-23 14:15:00+05:30,46.4,49.65,45.9,49.0,307125,4226100
2025-12-23 14:16:00+05:30,49.2,49.9,48.9,49.35,181275,4226100
2025-12-23 14:17:00+05:30,49.4,50.0,49.25,49.95,125400,4139775
2025-12-23 14:18:00+05:30,49.85,53.2,49.85,52.7,290325,4139775
2025-12-23 14:19:00+05:30,53.05,53.05,49.9,50.75,138525,4139775
2025-12-23 14:20:00+05:30,51.0,51.95,50.9,51.6,83250,4051950
2025-12-23 14:21:00+05:30,51.5,52.4,50.6,50.9,102975,4051950
2025-12-23 14:22:00+05:30,51.05,51.4,50.6,50.8,67950,4051950
2025-12-23 14:23:00+05:30,50.75,51.7,50.7,51.7,86175,4048950
2025-12-23 14:24:00+05:30,51.45,51.85,51.25,51.6,76650,4048950
2025-12-23 14:25:00+05:30,51.55,51.85,51.25,51.65,79725,4048950
2025-12-23 14:26:00+05:30,51.95,52.1,50.0,50.6,110100,4095300
2025-12-23 14:27:00+05:30,50.65,51.3,50.45,51.25,114300,4095300
2025-12-23 14:28:00+05:30,50.9,51.5,50.6,50.6,489150,4095300
2025-12-23 14:29:00+05:30,50.1,50.55,49.05,49.3,741075,4712175
2025-12-23 14:30:00+05:30,49.45,49.45,47.3,47.6,246675,4712175
2025-12-23 14:31:00+05:30,47.6,47.6,45.9,46.6,306150,4712175
2025-12-23 14:32:00+05:30,46.7,47.65,46.15,46.7,84825,5013150
2025-12-23 14:33:00+05:30,46.8,46.8,43.5,44.15,249900,5013150
2025-12-23 14:34:00+05:30,44.15,45.4,44.15,45.1,175200,5013150
2025-12-23 14:35:00+05:30,45.2,45.85,44.55,45.85,43350,5087550
2025-12-23 14:36:00+05:30,45.75,46.35,45.3,46.05,114900,5087550
2025-12-23 14:37:00+05:30,45.95,46.1,45.45,45.95,83550,5087550
2025-12-23 14:38:00+05:30,45.95,46.45,45.95,46.2,92175,5193450
2025-12-23 14:39:00+05:30,46.2,46.25,44.75,45.8,134700,5193450
2025-12-23 14:40:00+05:30,45.75,46.05,44.35,44.8,140475,5193450
2025-12-23 14:41:00+05:30,44.75,44.75,40.65,40.7,231600,5274600
2025-12-23 14:42:00+05:30,40.54,41.15,40.0,40.25,218325,5274600
2025-12-23 14:43:00+05:30,40.04,41.05,39.79,40.29,130275,5274600
2025-12-23 14:44:00+05:30,40.2,40.4,38.54,38.6,130575,5345250
2025-12-23 14:45:00+05:30,38.5,38.5,36.0,38.2,306750,5345250
2025-12-23 14:46:00+05:30,38.15,40.04,38.15,39.7,270225,5345250
2025-12-23 14:47:00+05:30,40.0,40.54,38.9,38.95,109050,5521350
2025-12-23 14:48:00+05:30,39.4,40.29,39.29,40.04,156900,5521350
2025-12-23 14:49:00+05:30,39.79,40.65,39.79,40.6,79575,5521350
2025-12-23 14:50:00+05:30,40.54,40.6,38.9,39.35,160200,5555775
2025-12-23 14:51:00+05:30,39.29,39.54,39.15,39.45,36525,5555775
2025-12-23 14:52:00+05:30,39.35,40.15,39.35,39.9,71775,5555775
2025-12-23 14:53:00+05:30,39.85,40.29,39.85,40.29,57825,5557875
2025-12-23 14:54:00+05:30,40.15,40.2,39.6,39.79,34800,5557875
2025-12-23 14:55:00+05:30,40.0,40.15,39.6,40.0,58200,5557875
2025-12-23 14:56:00+05:30,39.9,40.0,39.65,39.95,17700,5570100
2025-12-23 14:57:00+05:30,39.9,39.9,39.15,39.4,30375,5570100
2025-12-23 14:58:00+05:30,39.5,40.1,39.35,39.79,63525,5570100
2025-12-23 14:59:00+05:30,40.04,40.65,39.95,40.5,72375,5578575
2025-12-23 15:00:00+05:30,40.5,40.9,40.2,40.6,147825,5578575
2025-12-23 15:01:00+05:30,40.7,40.9,39.65,40.25,153150,5578575
2025-12-23 15:02:00+05:30,40.35,40.54,40.0,40.0,54000,5573325
2025-12-23 15:03:00+05:30,39.9,39.9,35.95,36.7,187725,5573325
2025-12-23 15:04:00+05:30,36.75,37.29,35.7,37.29,113400,5573325
2025-12-23 15:05:00+05:30,37.25,37.65,36.9,36.9,111900,5601450
2025-12-23 15:06:00+05:30,36.95,37.29,36.25,36.25,288525,5601450
2025-12-23 15:07:00+05:30,36.5,36.95,36.15,36.29,87900,5601450
2025-12-23 15:08:00+05:30,36.29,36.79,35.54,36.79,115500,5515500
2025-12-23 15:09:00+05:30,36.7,36.85,36.2,36.35,86775,5515500
2025-12-23 15:10:00+05:30,36.65,36.79,36.35,36.6,79725,5515500
2025-12-23 15:11:00+05:30,36.65,36.79,36.29,36.79,82575,5546850
2025-12-23 15:12:00+05:30,36.7,36.79,36.25,36.7,88425,5546850
2025-12-23 15:13:00+05:30,36.6,36.75,36.35,36.4,157875,5546850
2025-12-23 15:14:00+05:30,36.45,36.7,36.29,36.7,182175,5463525
2025-12-23 15:15:00+05:30,36.4,36.85,36.4,36.54,115425,5463525
2025-12-23 15:16:00+05:30,36.35,36.5,36.25,36.35,99525,5463525
2025-12-23 15:17:00+05:30,36.35,36.45,36.2,36.35,90075,5406225
2025-12-23 15:18:00+05:30,36.2,36.29,35.9,35.95,160050,5406225
2025-12-23 15:19:00+05:30,36.2,36.2,35.0,35.29,188250,5406225
2025-12-23 15:20:00+05:30,35.29,35.75,35.15,35.7,118425,5377350
2025-12-23 15:21:00+05:30,35.7,35.7,35.04,35.25,113325,5377350
2025-12-23 15:22:00+05:30,35.15,35.25,34.79,35.04,248700,5377350
2025-12-23 15:23:00+05:30,35.04,35.25,34.85,35.2,145425,5316375
2025-12-23 15:24:00+05:30,35.2,35.35,35.0,35.0,86325,5316375
2025-12-23 15:25:00+05:30,35.2,35.25,34.0,34.9,340050,5316375
2025-12-23 15:26:00+05:30,34.75,34.9,34.54,34.6,170250,5242050
2025-12-23 15:27:00+05:30,34.5,34.9,34.5,34.75,125775,5242050
2025-12-23 15:28:00+05:30,34.54,34.7,34.4,34.54,175725,5242050
2025-12-23 15:29:00+05:30,34.54,35.5,34.5,35.4,392325,5136450
2025-12-24 09:15:00+05:30,33.95,35.35,25.4,25.5,1438350,5124225
2025-12-24 09:16:00+05:30,25.4,28.85,24.9,28.45,846375,5717775
2025-12-24 09:17:00+05:30,28.35,32.45,28.35,32.45,880650,5717775
2025-12-24 09:18:00+05:30,32.15,38.85,32.15,36.25,1374075,5717775
2025-12-24 09:19:00+05:30,37.54,41.05,37.54,39.15,916125,5551200
2025-12-24 09:20:00+05:30,39.25,39.65,38.04,39.0,499875,5551200
2025-12-24 09:21:00+05:30,39.5,41.9,39.4,41.1,653775,5551200
2025-12-24 09:22:00+05:30,41.2,41.2,38.15,38.25,475275,5818500
2025-12-24 09:23:00+05:30,38.7,39.65,37.75,38.4,357825,5818500
2025-12-24 09:24:00+05:30,38.75,40.1,38.5,38.9,265950,5818500
2025-12-24 09:25:00+05:30,38.54,39.9,38.45,38.7,325500,5968950
2025-12-24 09:26:00+05:30,38.7,39.85,38.35,39.29,243675,5968950
2025-12-24 09:27:00+05:30,39.65,41.35,39.4,39.4,449850,5968950
2025-12-24 09:28:00+05:30,39.7,41.2,39.6,40.79,262800,6059925
2025-12-24 09:29:00+05:30,40.9,41.1,40.2,40.35,235200,6059925
2025-12-24 09:30:00+05:30,40.65,41.5,39.9,39.95,364050,6059925
2025-12-24 09:31:00+05:30,40.0,41.15,39.85,39.95,192300,6071550
2025-12-24 09:32:00+05:30,40.1,40.95,39.6,40.5,321750,6071550
2025-12-24 09:33:00+05:30,40.45,43.25,40.29,41.5,589500,6071550
2025-12-24 09:34:00+05:30,41.75,41.75,40.25,40.25,317400,6036150
2025-12-24 09:35:00+05:30,40.7,40.79,38.45,38.45,380550,6036150
2025-12-24 09:36:00+05:30,38.4,39.79,38.0,38.2,439650,6036150
2025-12-24 09:37:00+05:30,38.45,39.79,38.25,38.5,134100,6069525
2025-12-24 09:38:00+05:30,38.75,39.6,37.75,38.15,337575,6069525
2025-12-24 09:39:00+05:30,38.25,38.25,36.9,38.0,305025,6069525
2025-12-24 09:40:00+05:30,37.85,38.95,36.4,38.04,465000,6032100
2025-12-24 09:41:00+05:30,38.2,38.2,36.1,36.1,321525,6032100
2025-12-24 09:42:00+05:30,36.0,36.6,35.15,35.15,280800,6032100
2025-12-24 09:43:00+05:30,36.04,36.15,33.7,35.2,413100,5936700
2025-12-24 09:44:00+05:30,35.15,37.0,35.15,36.79,297075,5936700
2025-12-24 09:45:00+05:30,37.2,38.15,35.79,37.29,481500,5936700
2025-12-24 09:46:00+05:30,37.4,37.7,34.45,34.45,305100,5943750
2025-12-24 09:47:00+05:30,34.45,35.5,33.15,33.15,299850,5943750
2025-12-24 09:48:00+05:30,33.15,33.79,32.15,33.45,388875,5943750
2025-12-24 09:49:00+05:30,33.7,33.79,32.65,33.1,224625,5980950
2025-12-24 09:50:00+05:30,33.29,35.0,33.0,34.45,210825,5980950
2025-12-24 09:51:00+05:30,34.35,36.5,34.15,36.45,258375,5980950
2025-12-24 09:52:00+05:30,36.35,38.79,36.2,38.79,462525,6004350
2025-12-24 09:53:00+05:30,38.45,38.45,35.0,35.04,382875,6004350
2025-12-24 09:54:00+05:30,35.65,36.75,35.65,36.6,183750,6004350
2025-12-24 09:55:00+05:30,36.45,36.45,34.5,35.54,227550,6069075
2025-12-24 09:56:00+05:30,35.54,35.75,34.2,34.6,143550,6069075
2025-12-24 09:57:00+05:30,34.45,35.4,34.0,35.0,227400,6069075
2025-12-24 09:58:00+05:30,35.2,36.75,35.2,36.75,174300,6073725
2025-12-24 09:59:00+05:30,36.9,37.2,36.29,36.29,237300,6073725
2025-12-24 10:00:00+05:30,36.2,36.7,35.65,36.5,140700,6073725
2025-12-24 10:01:00+05:30,36.4,36.85,35.25,35.79,179850,6069825
2025-12-24 10:02:00+05:30,35.85,36.2,35.2,35.2,105225,6069825
2025-12-24 10:03:00+05:30,35.45,35.54,34.79,34.79,140475,6069825
2025-12-24 10:04:00+05:30,34.65,34.65,33.45,33.9,202500,6109125
2025-12-24 10:05:00+05:30,34.1,34.25,33.5,34.1,207600,6109125
2025-12-24 10:06:00+05:30,34.2,35.0,33.29,33.29,161400,6109125
2025-12-24 10:07:00+05:30,33.6,34.75,33.54,34.54,107400,6122250
2025-12-24 10:08:00+05:30,34.5,34.9,32.65,33.75,267450,6122250
2025-12-24 10:09:00+05:30,34.0,34.95,33.04,34.75,171450,6122250
2025-12-24 10:10:00+05:30,34.4,36.95,34.4,36.79,301125,6121350
2025-12-24 10:11:00+05:30,36.45,37.65,35.5,37.65,211125,6121350
2025-12-24 10:12:00+05:30,37.6,37.9,35.95,36.35,286800,6121350
2025-12-24 10:13:00+05:30,36.2,38.95,35.79,38.7,314850,6121200
2025-12-24 10:14:00+05:30,38.6,39.4,38.04,39.04,417900,6121200
2025-12-24 10:15:00+05:30,39.1,41.55,38.35,40.79,541650,6121200
2025-12-24 10:16:00+05:30,40.7,40.7,39.04,39.95,456900,6072450
2025-12-24 10:17:00+05:30,40.1,40.1,37.79,38.35,366375,6072450
2025-12-24 10:18:00+05:30,38.5,39.29,38.2,38.7,221100,6072450
2025-12-24 10:19:00+05:30,38.75,38.75,37.0,37.1,258300,6159450
2025-12-24 10:20:00+05:30,37.15,37.29,35.75,35.75,275550,6159450
2025-12-24 10:21:00+05:30,35.79,37.15,35.79,36.85,225000,6159450
2025-12-24 10:22:00+05:30,36.85,37.35,36.0,36.65,138825,6267450
2025-12-24 10:23:00+05:30,37.0,37.15,36.35,36.6,112350,6267450
2025-12-24 10:24:00+05:30,36.7,37.1,35.54,36.15,165375,6267450
2025-12-24 10:25:00+05:30,36.29,36.6,35.65,36.15,136575,6311400
2025-12-24 10:26:00+05:30,36.2,37.2,36.04,37.04,151575,6311400
2025-12-24 10:27:00+05:30,37.25,37.85,36.29,36.54,253125,6311400
2025-12-24 10:28:00+05:30,36.5,37.6,36.25,36.9,134475,6306750
2025-12-24 10:29:00+05:30,37.0,37.45,36.75,37.04,84600,6306750
2025-12-24 10:30:00+05:30,37.04,37.6,36.6,36.95,133725,6306750
2025-12-24 10:31:00+05:30,37.1,37.75,36.5,36.54,187200,6342450
2025-12-24 10:32:00+05:30,36.45,36.85,35.95,36.29,290775,6342450
2025-12-24 10:33:00+05:30,36.15,37.0,35.9,36.54,161925,6342450
2025-12-24 10:34:00+05:30,36.54,36.75,36.29,36.6,69825,6459000
2025-12-24 10:35:00+05:30,36.75,37.54,36.6,36.7,217050,6459000
2025-12-24 10:36:00+05:30,36.79,36.95,35.04,35.29,208050,6459000
2025-12-24 10:37:00+05:30,35.29,36.0,34.45,34.85,220725,6456375
2025-12-24 10:38:00+05:30,34.6,35.1,33.75,33.85,290925,6456375
2025-12-24 10:39:00+05:30,33.95,34.75,33.79,34.4,186975,6456375
2025-12-24 10:40:00+05:30,34.35,34.7,34.0,34.7,110475,6462600
2025-12-24 10:41:00+05:30,34.6,34.85,33.75,34.15,125625,6462600
2025-12-24 10:42:00+05:30,34.15,34.75,34.04,34.54,76425,6462600
2025-12-24 10:43:00+05:30,34.35,34.79,33.5,34.29,107400,6482625
2025-12-24 10:44:00+05:30,34.2,34.54,33.15,33.35,153975,6482625
2025-12-24 10:45:00+05:30,33.45,33.7,33.04,33.45,167025,6482625
2025-12-24 10:46:00+05:30,33.25,33.29,32.5,32.7,170100,6523725
2025-12-24 10:47:00+05:30,32.65,33.04,31.85,31.85,220050,6523725
2025-12-24 10:48:00+05:30,31.75,31.75,29.95,30.0,573375,6523725
2025-12-24 10:49:00+05:30,30.15,31.8,30.15,31.4,301575,6440250
2025-12-24 10:50:00+05:30,31.5,31.65,30.35,30.8,215850,6440250
2025-12-24 10:51:00+05:30,30.85,30.95,29.55,29.6,264675,6440250
2025-12-24 10:52:00+05:30,29.9,30.35,29.75,30.25,182325,6496200
2025-12-24 10:53:00+05:30,30.25,30.65,30.05,30.65,130500,6496200
2025-12-24 10:54:00+05:30,30.75,31.0,29.25,29.7,280425,6496200
2025-12-24 10:55:00+05:30,29.85,30.3,29.15,29.6,192375,6558825
2025-12-24 10:56:00+05:30,29.75,31.0,29.7,30.9,216075,6558825
2025-12-24 10:57:00+05:30,30.75,31.45,30.25,31.4,200625,6558825
2025-12-24 10:58:00+05:30,31.5,31.9,31.2,31.5,285900,6591450
2025-12-24 10:59:00+05:30,31.6,31.7,30.2,30.9,230325,6591450
2025-12-24 11:00:00+05:30,31.05,31.45,30.75,30.85,103275,6591450
2025-12-24 11:01:00+05:30,31.0,31.45,30.8,30.95,93750,6630675
2025-12-24 11:02:00+05:30,30.65,31.05,27.9,27.95,426075,6630675
2025-12-24 11:03:00+05:30,27.8,29.1,27.5,28.75,363300,6630675
2025-12-24 11:04:00+05:30,28.8,29.45,28.35,28.95,193500,6612150
2025-12-24 11:05:00+05:30,29.25,29.8,29.25,29.65,147600,6612150
2025-12-24 11:06:00+05:30,29.85,30.2,29.2,29.2,150675,6612150
2025-12-24 11:07:00+05:30,29.3,29.95,28.75,29.6,107400,6641925
2025-12-24 11:08:00+05:30,29.8,30.45,29.1,29.45,207000,6641925
2025-12-24 11:09:00+05:30,29.55,30.25,29.3,29.65,148425,6641925
2025-12-24 11:10:00+05:30,29.55,29.9,29.1,29.5,102225,6663150
2025-12-24 11:11:00+05:30,29.4,29.75,29.0,29.3,141150,6663150
2025-12-24 11:12:00+05:30,29.2,30.85,29.2,30.6,175125,6663150
2025-12-24 11:13:00+05:30,30.7,31.55,30.7,31.55,257850,6660600
2025-12-24 11:14:00+05:30,31.85,31.9,31.2,31.25,154950,6660600
2025-12-24 11:15:00+05:30,31.25,31.55,30.95,31.2,120600,6660600
2025-12-24 11:16:00+05:30,31.05,31.75,30.9,31.05,157425,6699300
2025-12-24 11:17:00+05:30,30.8,31.1,30.55,30.65,107250,6699300
2025-12-24 11:18:00+05:30,30.8,31.4,30.55,30.6,123075,6699300
2025-12-24 11:19:00+05:30,30.65,31.05,30.2,30.8,147825,6727125
2025-12-24 11:20:00+05:30,31.05,31.45,30.5,31.45,111000,6727125
2025-12-24 11:21:00+05:30,31.4,32.35,31.2,32.29,258150,6727125
2025-12-24 11:22:00+05:30,32.35,32.45,31.75,32.45,182025,6768450
2025-12-24 11:23:00+05:30,32.45,33.5,32.45,32.7,292050,6768450
2025-12-24 11:24:00+05:30,32.85,32.85,31.4,31.5,232050,6768450
2025-12-24 11:25:00+05:30,31.55,31.6,30.1,30.15,269325,6881250
2025-12-24 11:26:00+05:30,30.4,30.4,29.15,29.9,244950,6881250
2025-12-24 11:27:00+05:30,30.0,30.55,29.8,30.3,168450,6881250
2025-12-24 11:28:00+05:30,30.0,31.0,29.7,30.9,113550,6813675
2025-12-24 11:29:00+05:30,31.0,31.45,30.65,31.25,116100,6813675
2025-12-24 11:30:00+05:30,31.25,31.35,30.8,31.0,79050,6813675
2025-12-24 11:31:00+05:30,31.15,31.2,30.1,30.2,130275,6823200
2025-12-24 11:32:00+05:30,30.35,31.4,30.1,31.0,141825,6823200
2025-12-24 11:33:00+05:30,31.05,31.55,30.7,30.7,96825,6823200
2025-12-24 11:34:00+05:30,30.9,31.6,30.7,30.7,71925,6811350
2025-12-24 11:35:00+05:30,30.9,31.2,30.6,30.85,56700,6811350
2025-12-24 11:36:00+05:30,31.0,31.0,30.4,30.65,89400,6811350
2025-12-24 11:37:00+05:30,30.8,31.05,29.95,29.95,98250,6832200
2025-12-24 11:38:00+05:30,30.0,30.4,29.75,29.95,74775,6832200
2025-12-24 11:39:00+05:30,30.0,30.0,29.35,29.35,110025,6832200
2025-12-24 11:40:00+05:30,29.55,29.65,28.75,28.95,175500,6841725
2025-12-24 11:41:00+05:30,29.15,29.25,28.45,29.05,159225,6841725
2025-12-24 11:42:00+05:30,29.05,29.05,27.55,27.75,182475,6841725
2025-12-24 11:43:00+05:30,27.65,27.8,26.1,26.1,473175,6914025
2025-12-24 11:44:00+05:30,25.7,26.05,24.85,25.15,711900,6914025
2025-12-24 11:45:00+05:30,25.25,25.45,24.5,24.6,413700,6914025
2025-12-24 11:46:00+05:30,24.25,25.25,24.05,24.6,355350,7038600
2025-12-24 11:47:00+05:30,24.65,24.75,24.0,24.5,364275,7038600
2025-12-24 11:48:00+05:30,24.45,24.75,24.3,24.6,206400,7038600
2025-12-24 11:49:00+05:30,24.6,25.25,24.6,24.65,377250,7157625
2025-12-24 11:50:00+05:30,24.55,24.95,24.4,24.9,104550,7157625
2025-12-24 11:51:00+05:30,24.9,24.9,24.25,24.45,123000,7157625
2025-12-24 11:52:00+05:30,24.5,24.85,23.9,24.2,179550,7153725
2025-12-24 11:53:00+05:30,24.45,24.85,24.4,24.6,125850,7153725
2025-12-24 11:54:00+05:30,24.6,25.05,24.55,25.0,143775,7153725
2025-12-24 11:55:00+05:30,25.05,25.75,25.05,25.6,249375,7125375
2025-12-24 11:56:00+05:30,25.65,25.9,25.5,25.7,177300,7125375
2025-12-24 11:57:00+05:30,25.8,25.8,25.2,25.55,137775,7125375
2025-12-24 11:58:00+05:30,25.5,26.5,25.35,26.5,128025,7125375
2025-12-24 11:59:00+05:30,26.55,26.6,25.45,25.45,251700,7125375
2025-12-24 12:00:00+05:30,25.5,25.8,25.5,25.75,106350,7125375
2025-12-24 12:01:00+05:30,25.6,25.95,24.7,25.0,208200,7137825
2025-12-24 12:02:00+05:30,25.15,26.2,25.15,26.0,155925,7137825
2025-12-24 12:03:00+05:30,26.1,26.1,25.7,25.9,90825,7137825
2025-12-24 12:04:00+05:30,25.95,26.3,25.8,26.0,111150,7103925
2025-12-24 12:05:00+05:30,26.0,26.5,25.85,26.0,189300,7103925
2025-12-24 12:06:00+05:30,26.0,26.25,25.55,26.15,137325,7103925
2025-12-24 12:07:00+05:30,26.2,26.45,25.65,25.75,123600,7161000
2025-12-24 12:08:00+05:30,25.75,25.9,25.35,25.35,83250,7161000
2025-12-24 12:09:00+05:30,25.5,25.5,25.0,25.35,96600,7161000
2025-12-24 12:10:00+05:30,25.4,25.7,25.1,25.7,90600,7178700
2025-12-24 12:11:00+05:30,25.6,25.7,24.85,24.95,83625,7178700
2025-12-24 12:12:00+05:30,24.8,25.5,24.75,25.45,101175,7178700
2025-12-24 12:13:00+05:30,25.6,26.1,25.25,26.05,134250,7161525
2025-12-24 12:14:00+05:30,26.05,26.35,25.85,26.1,67875,7161525
2025-12-24 12:15:00+05:30,26.0,26.1,25.6,25.85,64725,7161525
2025-12-24 12:16:00+05:30,25.65,26.5,25.65,26.4,122025,7159200
2025-12-24 12:17:00+05:30,26.3,26.5,25.8,25.9,122100,7159200
2025-12-24 12:18:00+05:30,25.9,27.15,25.9,27.1,144000,7159200
2025-12-24 12:19:00+05:30,27.2,27.2,26.2,26.2,266175,7153050
2025-12-24 12:20:00+05:30,26.3,26.3,25.45,25.45,171525,7153050
2025-12-24 12:21:00+05:30,25.55,26.45,25.5,26.15,157800,7153050
2025-12-24 12:22:00+05:30,26.0,26.05,25.45,25.65,70500,7225650
2025-12-24 12:23:00+05:30,25.45,25.75,25.3,25.3,101400,7225650
2025-12-24 12:24:00+05:30,25.3,25.45,25.05,25.25,89775,7225650
2025-12-24 12:25:00+05:30,25.3,25.85,25.0,25.85,113025,7238175
2025-12-24 12:26:00+05:30,25.95,27.55,25.8,27.55,200700,7238175
2025-12-24 12:27:00+05:30,27.25,27.3,26.7,26.7,264825,7238175
2025-12-24 12:28:00+05:30,26.45,26.65,26.1,26.15,118050,7221600
2025-12-24 12:29:00+05:30,26.1,26.85,26.05,26.85,106950,7221600
2025-12-24 12:30:00+05:30,27.05,27.05,26.25,26.5,90300,7221600
2025-12-24 12:31:00+05:30,26.4,27.45,26.4,27.2,199800,7221600
2025-12-24 12:32:00+05:30,27.2,28.0,27.2,27.35,243375,7230000
2025-12-24 12:33:00+05:30,27.45,27.6,26.8,26.95,137550,7230000
2025-12-24 12:34:00+05:30,27.0,27.25,26.75,26.75,123600,7230000
2025-12-24 12:35:00+05:30,26.85,27.15,26.7,27.0,71550,7265925
2025-12-24 12:36:00+05:30,26.95,27.6,26.55,26.7,171075,7265925
2025-12-24 12:37:00+05:30,26.65,26.85,26.25,26.85,81225,7265925
2025-12-24 12:38:00+05:30,26.8,26.95,26.15,26.15,75900,7264650
2025-12-24 12:39:00+05:30,26.15,26.25,25.2,25.7,300300,7264650
2025-12-24 12:40:00+05:30,25.6,25.65,25.2,25.35,124125,7264650
2025-12-24 12:41:00+05:30,25.35,25.65,24.6,24.85,195150,7207575
2025-12-24 12:42:00+05:30,24.65,24.65,23.8,24.1,206175,7207575
2025-12-24 12:43:00+05:30,24.1,25.35,24.05,25.35,121875,7207575
2025-12-24 12:44:00+05:30,25.25,25.25,24.5,24.8,118875,7201275
2025-12-24 12:45:00+05:30,24.6,24.75,24.15,24.35,97950,7201275
2025-12-24 12:46:00+05:30,24.4,24.4,24.05,24.4,59550,7201275
2025-12-24 12:47:00+05:30,24.35,24.65,24.1,24.1,148950,7207800
2025-12-24 12:48:00+05:30,24.4,24.8,24.1,24.75,80550,7207800
2025-12-24 12:49:00+05:30,24.75,24.75,23.4,23.75,166950,7207800
2025-12-24 12:50:00+05:30,23.75,24.05,23.55,23.55,93300,7214850
2025-12-24 12:51:00+05:30,23.5,23.95,23.15,23.85,140400,7214850
2025-12-24 12:52:00+05:30,23.65,23.7,23.25,23.35,104775,7214850
2025-12-24 12:53:00+05:30,23.25,24.0,23.25,23.9,128025,7192200
2025-12-24 12:54:00+05:30,23.85,23.85,23.05,23.4,101250,7192200
2025-12-24 12:55:00+05:30,23.65,23.9,23.4,23.4,67200,7192200
2025-12-24 12:56:00+05:30,23.45,23.6,22.85,23.6,148725,7168800
2025-12-24 12:57:00+05:30,23.6,23.95,23.2,23.6,103425,7168800
2025-12-24 12:58:00+05:30,23.65,24.05,23.45,23.7,103050,7168800
2025-12-24 12:59:00+05:30,23.7,23.8,23.3,23.5,102450,7137075
2025-12-24 13:00:00+05:30,23.45,23.65,22.2,22.6,255600,7137075
2025-12-24 13:01:00+05:30,22.55,23.2,21.95,22.65,280875,7137075
2025-12-24 13:02:00+05:30,22.75,22.8,21.8,21.9,196575,7238025
2025-12-24 13:03:00+05:30,22.05,22.8,21.9,22.8,283500,7238025
2025-12-24 13:04:00+05:30,22.85,23.15,22.7,23.15,155100,7238025
2025-12-24 13:05:00+05:30,23.1,23.1,21.75,22.55,287025,7209900
2025-12-24 13:06:00+05:30,22.1,22.45,21.4,21.6,213675,7209900
2025-12-24 13:07:00+05:30,21.9,22.55,21.9,22.15,214575,7209900
2025-12-24 13:08:00+05:30,21.8,22.0,21.6,21.8,147000,7174950
2025-12-24 13:09:00+05:30,21.15,21.85,20.85,21.85,432450,7174950
2025-12-24 13:10:00+05:30,21.85,21.95,21.25,21.35,173400,7174950
2025-12-24 13:11:00+05:30,21.35,21.85,20.75,21.0,193800,7311375
2025-12-24 13:12:00+05:30,21.05,21.7,20.55,21.2,228525,7311375
2025-12-24 13:13:00+05:30,21.2,22.15,21.2,22.0,164775,7311375
2025-12-24 13:14:00+05:30,22.1,22.4,21.85,21.85,172050,7293750
2025-12-24 13:15:00+05:30,21.7,21.95,20.8,21.4,310800,7293750
2025-12-24 13:16:00+05:30,21.6,22.1,21.4,21.9,147450,7293750
2025-12-24 13:17:00+05:30,21.8,21.9,21.25,21.35,110475,7324950
2025-12-24 13:18:00+05:30,21.2,21.3,20.9,21.1,315300,7324950
2025-12-24 13:19:00+05:30,21.35,21.4,20.8,20.8,72975,7324950
2025-12-24 13:20:00+05:30,20.7,21.45,20.65,21.35,156975,7452900
2025-12-24 13:21:00+05:30,21.4,21.95,20.9,21.0,276150,7452900
2025-12-24 13:22:00+05:30,21.1,21.1,20.35,20.65,162375,7452900
2025-12-24 13:23:00+05:30,20.8,20.9,20.2,20.8,226500,7554900
2025-12-24 13:24:00+05:30,20.85,21.2,20.65,20.75,203475,7554900
2025-12-24 13:25:00+05:30,20.85,20.85,20.05,20.3,374850,7554900
2025-12-24 13:26:00+05:30,20.14,21.0,19.85,20.8,818475,7842525
2025-12-24 13:27:00+05:30,20.75,21.4,20.65,20.85,145500,7842525
2025-12-24 13:28:00+05:30,20.85,21.15,20.65,20.85,94950,7842525
2025-12-24 13:29:00+05:30,20.5,20.7,20.25,20.3,208650,8028600
2025-12-24 13:30:00+05:30,20.35,20.35,19.64,20.0,236625,8028600
2025-12-24 13:31:00+05:30,20.1,20.25,19.05,19.35,223200,8028600
2025-12-24 13:32:00+05:30,19.25,19.25,17.64,17.95,664500,8119800
2025-12-24 13:33:00+05:30,17.75,18.3,17.5,18.2,537000,8119800
2025-12-24 13:34:00+05:30,18.2,18.75,18.1,18.6,268425,8119800
2025-12-24 13:35:00+05:30,18.6,18.6,18.14,18.14,676050,8569200
2025-12-24 13:36:00+05:30,18.14,18.2,17.7,18.05,776175,8569200
2025-12-24 13:37:00+05:30,18.2,18.2,17.85,18.05,181350,8569200
2025-12-24 13:38:00+05:30,18.1,18.3,17.89,18.3,143550,8889975
2025-12-24 13:39:00+05:30,18.35,18.35,17.7,17.7,458025,8889975
2025-12-24 13:40:00+05:30,17.75,18.05,17.64,17.7,149775,8889975
2025-12-24 13:41:00+05:30,17.75,17.89,17.55,17.7,381975,9039675
2025-12-24 13:42:00+05:30,17.7,17.7,17.0,17.25,263250,9039675
2025-12-24 13:43:00+05:30,17.2,17.89,17.14,17.85,252900,9039675
2025-12-24 13:44:00+05:30,17.8,18.25,17.8,18.25,191325,8855850
2025-12-24 13:45:00+05:30,18.2,18.3,17.75,18.05,191625,8855850
2025-12-24 13:46:00+05:30,18.05,18.14,17.64,18.14,72150,8855850
2025-12-24 13:47:00+05:30,18.25,18.25,17.64,17.75,101850,8880975
2025-12-24 13:48:00+05:30,17.8,18.0,17.64,17.89,85125,8880975
2025-12-24 13:49:00+05:30,17.89,18.39,17.89,18.35,129375,8880975
2025-12-24 13:50:00+05:30,18.2,18.39,18.1,18.3,148800,8909175
2025-12-24 13:51:00+05:30,18.39,19.0,18.3,19.0,234600,8909175
2025-12-24 13:52:00+05:30,19.0,19.1,18.55,18.55,300825,8909175
2025-12-24 13:53:00+05:30,18.55,19.0,18.55,19.0,134400,8953875
2025-12-24 13:54:00+05:30,19.0,19.14,18.85,19.1,223650,8953875
2025-12-24 13:55:00+05:30,19.14,19.35,18.95,18.95,127800,8953875
2025-12-24 13:56:00+05:30,18.95,19.05,17.7,17.75,221700,8909400
2025-12-24 13:57:00+05:30,17.7,17.75,16.7,17.5,501525,8909400
2025-12-24 13:58:00+05:30,17.5,17.6,17.25,17.39,180600,8909400
2025-12-24 13:59:00+05:30,17.45,17.64,17.3,17.3,94350,8910900
2025-12-24 14:00:00+05:30,17.14,17.3,16.85,17.05,239100,8910900
2025-12-24 14:01:00+05:30,17.05,17.05,16.35,16.85,500700,8910900
2025-12-24 14:02:00+05:30,16.8,17.2,16.8,17.0,201000,9043350
2025-12-24 14:03:00+05:30,17.0,17.0,16.64,16.64,159525,9043350
2025-12-24 14:04:00+05:30,16.7,17.3,16.7,17.14,125700,9043350
2025-12-24 14:05:00+05:30,16.95,17.39,16.95,17.3,401400,8961300
2025-12-24 14:06:00+05:30,17.35,17.35,16.89,17.1,228900,8961300
2025-12-24 14:07:00+05:30,17.05,17.2,16.85,16.85,148575,8961300
2025-12-24 14:08:00+05:30,16.89,17.05,16.55,16.55,187500,8834475
2025-12-24 14:09:00+05:30,16.64,17.25,16.5,17.05,228075,8834475
2025-12-24 14:10:00+05:30,17.0,17.14,16.0,16.45,236175,8834475
2025-12-24 14:11:00+05:30,16.39,16.8,16.35,16.35,187350,8819025
2025-12-24 14:12:00+05:30,16.45,16.64,16.1,16.35,326250,8819025
2025-12-24 14:13:00+05:30,16.2,16.3,16.05,16.14,363600,8819025
2025-12-24 14:14:00+05:30,16.25,16.6,16.25,16.5,199050,9099600
2025-12-24 14:15:00+05:30,16.5,16.5,16.2,16.2,88050,9099600
2025-12-24 14:16:00+05:30,16.25,16.85,16.25,16.5,258300,9099600
2025-12-24 14:17:00+05:30,16.6,16.6,15.9,16.3,162150,9016950
2025-12-24 14:18:00+05:30,16.35,16.55,16.2,16.35,56325,9016950
2025-12-24 14:19:00+05:30,16.3,16.35,16.05,16.14,154725,9016950
2025-12-24 14:20:00+05:30,16.14,16.25,15.5,15.7,320025,9053325
2025-12-24 14:21:00+05:30,15.6,15.75,15.3,15.45,241725,9053325
2025-12-24 14:22:00+05:30,15.55,15.65,14.8,14.95,267750,9053325
2025-12-24 14:23:00+05:30,14.95,15.05,14.65,14.65,266925,9188025
2025-12-24 14:24:00+05:30,14.65,15.4,14.5,15.2,244500,9188025
2025-12-24 14:25:00+05:30,15.2,15.3,14.6,14.8,463125,9188025
2025-12-24 14:26:00+05:30,14.9,14.9,13.7,14.05,649350,9342375
2025-12-24 14:27:00+05:30,14.15,14.6,14.15,14.55,316500,9342375
2025-12-24 14:28:00+05:30,14.55,14.75,14.45,14.65,142650,9342375
2025-12-24 14:29:00+05:30,14.7,15.0,14.6,14.75,282150,9389400
2025-12-24 14:30:00+05:30,14.8,15.65,14.7,15.5,286425,9389400
2025-12-24 14:31:00+05:30,15.4,15.5,14.85,14.95,179025,9389400
2025-12-24 14:32:00+05:30,14.9,15.0,14.6,14.8,144600,9280425
2025-12-24 14:33:00+05:30,14.8,15.15,14.8,15.05,204525,9280425
2025-12-24 14:34:00+05:30,15.25,15.4,14.85,15.0,140400,9280425
2025-12-24 14:35:00+05:30,15.05,15.15,14.9,15.05,75450,9274125
2025-12-24 14:36:00+05:30,15.05,15.05,14.45,14.55,380175,9274125
2025-12-24 14:37:00+05:30,14.55,14.65,14.3,14.55,99075,9274125
2025-12-24 14:38:00+05:30,14.6,14.6,14.35,14.5,128775,9235425
2025-12-24 14:39:00+05:30,14.5,14.55,14.3,14.5,245850,9235425
2025-12-24 14:40:00+05:30,14.5,14.7,14.15,14.35,320025,9235425
2025-12-24 14:41:00+05:30,14.35,14.5,14.25,14.5,163125,9150150
2025-12-24 14:42:00+05:30,14.45,14.5,14.2,14.5,143775,9150150
2025-12-24 14:43:00+05:30,14.5,14.5,14.35,14.45,83100,9150150
2025-12-24 14:44:00+05:30,14.5,14.85,14.4,14.8,148275,9081000
2025-12-24 14:45:00+05:30,14.95,15.4,14.8,14.85,333300,9081000
2025-12-24 14:46:00+05:30,14.95,15.2,14.9,15.2,120975,9081000
2025-12-24 14:47:00+05:30,15.2,15.55,15.2,15.5,230175,9099225
2025-12-24 14:48:00+05:30,15.55,15.65,14.9,14.9,153375,9099225
2025-12-24 14:49:00+05:30,14.95,14.95,14.55,14.55,119475,9099225
2025-12-24 14:50:00+05:30,14.6,14.6,14.3,14.35,177000,9102000
2025-12-24 14:51:00+05:30,14.3,14.4,14.15,14.15,191100,9102000
2025-12-24 14:52:00+05:30,14.2,14.6,14.2,14.2,202575,9102000
2025-12-24 14:53:00+05:30,14.2,14.25,13.95,13.95,177225,9024375
2025-12-24 14:54:00+05:30,14.0,14.65,13.9,14.6,155475,9024375
2025-12-24 14:55:00+05:30,14.65,14.85,14.5,14.55,133725,9024375
2025-12-24 14:56:00+05:30,14.6,14.85,14.6,14.75,80775,9004125
2025-12-24 14:57:00+05:30,14.65,14.75,14.35,14.6,116775,9004125
2025-12-24 14:58:00+05:30,14.7,14.8,14.6,14.75,128175,9004125
2025-12-24 14:59:00+05:30,14.75,15.45,14.75,15.25,245175,8995725
2025-12-24 15:00:00+05:30,15.6,15.75,14.7,14.7,405600,8995725
2025-12-24 15:01:00+05:30,14.75,14.85,14.3,14.4,236700,8995725
2025-12-24 15:02:00+05:30,14.35,14.35,13.95,14.0,719850,9353400
2025-12-24 15:03:00+05:30,13.9,14.3,13.75,13.9,1244775,9353400
2025-12-24 15:04:00+05:30,13.9,14.1,13.65,14.05,497850,9353400
2025-12-24 15:05:00+05:30,14.1,14.45,13.9,14.45,693225,10490775
2025-12-24 15:06:00+05:30,14.4,14.45,14.0,14.4,607050,10490775
2025-12-24 15:07:00+05:30,14.4,14.4,13.75,13.8,314250,10490775
2025-12-24 15:08:00+05:30,13.95,14.1,13.7,14.0,229200,10676925
2025-12-24 15:09:00+05:30,14.05,14.25,13.95,14.2,358050,10676925
2025-12-24 15:10:00+05:30,14.3,14.45,14.15,14.35,222675,10676925
2025-12-24 15:11:00+05:30,14.35,14.5,14.05,14.5,305775,10726650
2025-12-24 15:12:00+05:30,14.45,14.5,14.3,14.4,160800,10726650
2025-12-24 15:13:00+05:30,14.4,14.45,14.25,14.45,233625,10726650
2025-12-24 15:14:00+05:30,14.45,14.85,14.35,14.85,245700,10717200
2025-12-24 15:15:00+05:30,15.05,15.15,14.6,14.85,462600,10717200
2025-12-24 15:16:00+05:30,14.75,14.8,14.5,14.8,257700,10717200
2025-12-24 15:17:00+05:30,14.9,14.95,14.55,14.65,246675,10593150
2025-12-24 15:18:00+05:30,14.75,15.05,14.65,14.85,333000,10593150
2025-12-24 15:19:00+05:30,14.95,14.95,14.65,14.75,220800,10593150
2025-12-24 15:20:00+05:30,14.7,15.05,14.7,14.95,373350,10549275
2025-12-24 15:21:00+05:30,15.0,15.0,14.7,14.75,240375,10549275
2025-12-24 15:22:00+05:30,14.8,14.8,14.5,14.55,263475,10549275
2025-12-24 15:23:00+05:30,14.65,14.8,14.6,14.7,220875,10497075
2025-12-24 15:24:00+05:30,14.7,14.9,14.55,14.9,276300,10497075
2025-12-24 15:25:00+05:30,14.9,14.95,14.4,14.4,260550,10497075
2025-12-24 15:26:00+05:30,14.4,14.45,14.2,14.35,165375,10481700
2025-12-24 15:27:00+05:30,14.45,14.45,14.2,14.2,213150,10481700
2025-12-24 15:28:00+05:30,14.1,14.25,13.75,13.75,483450,10481700
2025-12-24 15:29:00+05:30,13.85,13.85,12.95,13.1,560550,10468950
2025-12-26 09:15:00+05:30,9.9,9.9,7.35,7.5,5166300,10337475
2025-12-26 09:16:00+05:30,7.6,8.19,7.4,8.19,2009250,8999625
2025-12-26 09:17:00+05:30,8.15,9.5,8.15,8.8,1741350,8999625
2025-12-26 09:18:00+05:30,8.85,10.19,8.6,9.85,1290675,8999625
2025-12-26 09:19:00+05:30,9.85,10.35,9.1,9.1,1055625,9491250
2025-12-26 09:20:00+05:30,9.15,9.35,8.65,8.85,1273800,9491250
2025-12-26 09:21:00+05:30,8.8,9.05,8.35,8.35,894450,9491250
2025-12-26 09:22:00+05:30,8.5,8.75,7.95,8.4,793275,9686325
2025-12-26 09:23:00+05:30,8.4,8.94,8.25,8.25,831900,9686325
2025-12-26 09:24:00+05:30,8.3,9.0,8.3,8.85,872475,9686325
2025-12-26 09:25:00+05:30,9.0,9.5,8.3,8.69,1086825,9735900
2025-12-26 09:26:00+05:30,8.65,8.85,8.35,8.44,672075,9735900
2025-12-26 09:27:00+05:30,8.44,8.6,7.9,7.9,714975,9735900
2025-12-26 09:28:00+05:30,7.8,8.3,7.75,8.15,603900,10044225
2025-12-26 09:29:00+05:30,8.19,8.19,7.45,7.8,635850,10044225
2025-12-26 09:30:00+05:30,7.75,7.9,7.05,7.2,710175,10044225
2025-12-26 09:31:00+05:30,7.25,7.25,6.95,7.0,1037925,10048050
2025-12-26 09:32:00+05:30,6.9,7.05,6.45,6.5,1562400,10048050
2025-12-26 09:33:00+05:30,6.45,6.45,6.1,6.25,1880625,10048050
2025-12-26 09:34:00+05:30,6.3,6.35,6.15,6.25,377025,10885125
2025-12-26 09:35:00+05:30,6.25,6.35,6.0,6.05,683700,10885125
2025-12-26 09:36:00+05:30,6.05,6.2,6.05,6.1,486975,10885125
2025-12-26 09:37:00+05:30,6.15,6.2,5.85,5.85,919050,10719075
2025-12-26 09:38:00+05:30,5.85,6.05,5.8,6.0,691875,10719075
2025-12-26 09:39:00+05:30,5.9,5.95,5.8,5.8,393225,10719075
2025-12-26 09:40:00+05:30,5.8,5.9,5.55,5.7,1571100,10950300
2025-12-26 09:41:00+05:30,5.7,5.9,5.7,5.85,562050,10950300
2025-12-26 09:42:00+05:30,5.9,5.9,5.6,5.7,486600,10950300
2025-12-26 09:43:00+05:30,5.75,5.75,5.4,5.5,1010775,11648925
2025-12-26 09:44:00+05:30,5.5,5.6,5.45,5.45,501300,11648925
2025-12-26 09:45:00+05:30,5.45,5.7,5.45,5.65,339525,11648925
2025-12-26 09:46:00+05:30,5.7,5.7,5.5,5.6,364650,11456775
2025-12-26 09:47:00+05:30,5.6,5.7,5.55,5.6,211950,11456775
2025-12-26 09:48:00+05:30,5.6,5.65,5.5,5.6,334575,11456775
2025-12-26 09:49:00+05:30,5.55,5.7,5.55,5.65,190425,11378625
2025-12-26 09:50:00+05:30,5.6,5.7,5.5,5.55,401100,11378625
2025-12-26 09:51:00+05:30,5.5,5.6,5.35,5.4,275025,11378625
2025-12-26 09:52:00+05:30,5.3,5.35,5.09,5.15,689625,11455425
2025-12-26 09:53:00+05:30,5.09,5.3,5.05,5.3,811425,11455425
2025-12-26 09:54:00+05:30,5.25,5.35,5.25,5.3,309000,11455425
2025-12-26 09:55:00+05:30,5.3,5.35,5.2,5.25,252450,11626350
2025-12-26 09:56:00+05:30,5.2,5.35,5.2,5.3,324450,11626350
2025-12-26 09:57:00+05:30,5.3,5.3,5.25,5.3,119700,11626350
2025-12-26 09:58:00+05:30,5.25,5.35,5.25,5.35,191700,11523600
2025-12-26 09:59:00+05:30,5.35,5.4,5.3,5.3,175950,11523600
2025-12-26 10:00:00+05:30,5.3,5.35,5.15,5.15,121575,11523600
2025-12-26 10:01:00+05:30,5.2,5.25,5.09,5.25,206400,11568975
2025-12-26 10:02:00+05:30,5.2,5.25,5.09,5.09,113250,11568975
2025-12-26 10:03:00+05:30,5.09,5.3,5.09,5.25,164025,11568975
2025-12-26 10:04:00+05:30,5.25,5.5,5.25,5.5,222975,11551200
2025-12-26 10:05:00+05:30,5.5,5.55,5.35,5.4,213075,11551200
2025-12-26 10:06:00+05:30,5.4,5.5,5.35,5.5,111600,11551200
2025-12-26 10:07:00+05:30,5.45,5.5,5.3,5.35,191550,11572125
2025-12-26 10:08:00+05:30,5.35,5.5,5.35,5.4,170325,11572125
2025-12-26 10:09:00+05:30,5.4,5.45,5.25,5.3,258675,11572125
2025-12-26 10:10:00+05:30,5.25,5.3,5.15,5.2,192600,11748375
2025-12-26 10:11:00+05:30,5.2,5.3,5.09,5.25,119550,11748375
2025-12-26 10:12:00+05:30,5.25,5.35,5.2,5.35,116625,11748375
2025-12-26 10:13:00+05:30,5.35,5.4,5.25,5.3,132750,11786325
2025-12-26 10:14:00+05:30,5.25,5.3,5.15,5.15,122850,11786325
2025-12-26 10:15:00+05:30,5.15,5.25,5.09,5.15,122175,11786325
2025-12-26 10:16:00+05:30,5.2,5.3,5.2,5.25,245325,11821500
2025-12-26 10:17:00+05:30,5.2,5.25,5.09,5.15,86250,11821500
2025-12-26 10:18:00+05:30,5.15,5.2,5.09,5.15,140625,11821500
2025-12-26 10:19:00+05:30,5.2,5.25,5.15,5.2,129525,11812500
2025-12-26 10:20:00+05:30,5.2,5.2,5.09,5.15,138750,11812500
2025-12-26 10:21:00+05:30,5.09,5.2,5.05,5.15,154050,11812500
2025-12-26 10:22:00+05:30,5.15,5.15,5.0,5.0,325050,11799975
2025-12-26 10:23:00+05:30,5.0,5.09,5.0,5.09,280650,11799975
2025-12-26 10:24:00+05:30,5.09,5.15,4.9,4.95,308250,11799975
2025-12-26 10:25:00+05:30,4.9,5.0,4.84,4.95,241125,11729925
2025-12-26 10:26:00+05:30,4.9,5.0,4.9,4.95,139050,11729925
2025-12-26 10:27:00+05:30,5.0,5.05,4.95,5.0,109350,11729925
2025-12-26 10:28:00+05:30,5.0,5.05,4.9,5.0,149250,11680800
2025-12-26 10:29:00+05:30,5.05,5.15,5.0,5.09,231900,11680800
2025-12-26 10:30:00+05:30,5.15,5.15,4.95,5.0,192825,11680800
2025-12-26 10:31:00+05:30,5.0,5.15,4.95,5.05,151800,11660700
2025-12-26 10:32:00+05:30,5.09,5.09,4.84,4.9,129525,11660700
2025-12-26 10:33:00+05:30,4.95,5.09,4.95,5.0,116100,11660700
2025-12-26 10:34:00+05:30,5.0,5.0,4.84,4.9,105825,11667150
2025-12-26 10:35:00+05:30,4.9,4.9,4.8,4.84,215250,11667150
2025-12-26 10:36:00+05:30,4.84,5.0,4.84,4.95,132150,11667150
2025-12-26 10:37:00+05:30,5.0,5.0,4.8,4.84,132975,11689125
2025-12-26 10:38:00+05:30,4.84,4.9,4.75,4.8,118275,11689125
2025-12-26 10:39:00+05:30,4.75,4.95,4.75,4.9,123750,11689125
2025-12-26 10:40:00+05:30,4.95,5.0,4.84,4.9,111975,11667900
2025-12-26 10:41:00+05:30,4.84,4.9,4.8,4.9,92325,11667900
2025-12-26 10:42:00+05:30,4.9,4.95,4.84,4.95,152175,11667900
2025-12-26 10:43:00+05:30,4.9,4.95,4.75,4.75,85350,11627850
2025-12-26 10:44:00+05:30,4.8,4.84,4.7,4.84,110400,11627850
2025-12-26 10:45:00+05:30,4.8,4.84,4.65,4.65,169725,11627850
2025-12-26 10:46:00+05:30,4.75,4.8,4.65,4.75,152775,11673000
2025-12-26 10:47:00+05:30,4.7,4.8,4.7,4.7,93150,11673000
2025-12-26 10:48:00+05:30,4.75,4.8,4.7,4.75,110325,11673000
2025-12-26 10:49:00+05:30,4.75,4.75,4.65,4.75,103050,11665725
2025-12-26 10:50:00+05:30,4.75,4.8,4.65,4.65,214875,11665725
2025-12-26 10:51:00+05:30,4.7,4.7,4.59,4.7,293025,11665725
2025-12-26 10:52:00+05:30,4.65,4.7,4.65,4.7,148125,11749425
2025-12-26 10:53:00+05:30,4.75,4.8,4.65,4.75,411450,11749425
2025-12-26 10:54:00+05:30,4.75,4.75,4.65,4.65,70950,11749425
2025-12-26 10:55:00+05:30,4.7,4.7,4.59,4.59,29100,11884875
2025-12-26 10:56:00+05:30,4.65,4.65,4.45,4.55,342525,11884875
2025-12-26 10:57:00+05:30,4.5,4.65,4.5,4.59,295200,11884875
2025-12-26 10:58:00+05:30,4.65,4.75,4.59,4.75,220200,11700225
2025-12-26 10:59:00+05:30,4.7,4.9,4.7,4.75,185025,11700225
2025-12-26 11:00:00+05:30,4.75,4.75,4.59,4.65,207225,11700225
2025-12-26 11:01:00+05:30,4.59,4.84,4.59,4.8,185025,11751300
2025-12-26 11:02:00+05:30,4.84,4.84,4.55,4.55,237075,11751300
2025-12-26 11:03:00+05:30,4.59,4.7,4.55,4.59,201450,11751300
2025-12-26 11:04:00+05:30,4.59,4.65,4.55,4.59,60075,11764050
2025-12-26 11:05:00+05:30,4.59,4.59,4.45,4.5,108000,11764050
2025-12-26 11:06:00+05:30,4.45,4.55,4.4,4.4,227475,11764050
2025-12-26 11:07:00+05:30,4.4,4.45,4.34,4.4,212775,11730900
2025-12-26 11:08:00+05:30,4.4,4.4,4.3,4.3,255300,11730900
2025-12-26 11:09:00+05:30,4.34,4.4,4.25,4.3,215100,11730900
2025-12-26 11:10:00+05:30,4.3,4.45,4.3,4.45,697500,11708850
2025-12-26 11:11:00+05:30,4.4,4.45,4.3,4.3,228225,11708850
2025-12-26 11:12:00+05:30,4.3,4.3,4.15,4.15,549450,11708850
2025-12-26 11:13:00+05:30,4.2,4.2,4.09,4.09,434550,11666850
2025-12-26 11:14:00+05:30,4.09,4.25,4.09,4.2,132300,11666850
2025-12-26 11:15:00+05:30,4.2,4.25,4.15,4.15,230025,11666850
2025-12-26 11:16:00+05:30,4.2,4.25,4.15,4.25,205725,11670150
2025-12-26 11:17:00+05:30,4.25,4.3,4.2,4.25,185175,11670150
2025-12-26 11:18:00+05:30,4.25,4.3,4.2,4.25,150150,11670150
2025-12-26 11:19:00+05:30,4.2,4.25,4.2,4.25,135900,11692275
2025-12-26 11:20:00+05:30,4.2,4.3,4.2,4.2,341625,11692275
2025-12-26 11:21:00+05:30,4.2,4.3,4.2,4.25,177225,11692275
2025-12-26 11:22:00+05:30,4.3,4.3,4.2,4.25,108750,11631600
2025-12-26 11:23:00+05:30,4.2,4.25,4.15,4.15,200175,11631600
2025-12-26 11:24:00+05:30,4.15,4.25,4.15,4.2,194025,11631600
2025-12-26 11:25:00+05:30,4.25,4.25,4.15,4.25,179250,11714475
2025-12-26 11:26:00+05:30,4.25,4.25,4.2,4.2,104625,11714475
2025-12-26 11:27:00+05:30,4.25,4.25,4.2,4.25,38100,11714475
2025-12-26 11:28:00+05:30,4.25,4.25,4.2,4.25,46650,11707875
2025-12-26 11:29:00+05:30,4.25,4.3,4.2,4.25,114300,11707875
2025-12-26 11:30:00+05:30,4.2,4.3,4.2,4.3,251625,11707875
2025-12-26 11:31:00+05:30,4.25,4.3,4.25,4.3,71325,11749050
2025-12-26 11:32:00+05:30,4.3,4.3,4.2,4.25,124350,11749050
2025-12-26 11:33:00+05:30,4.2,4.3,4.2,4.3,134475,11749050
2025-12-26 11:34:00+05:30,4.25,4.3,4.2,4.3,75675,11710575
2025-12-26 11:35:00+05:30,4.3,4.3,4.2,4.3,152100,11710575
2025-12-26 11:36:00+05:30,4.3,4.34,4.25,4.34,123075,11710575
2025-12-26 11:37:00+05:30,4.3,4.3,4.25,4.3,172575,11707500
2025-12-26 11:38:00+05:30,4.25,4.3,4.2,4.25,117900,11707500
2025-12-26 11:39:00+05:30,4.3,4.3,4.25,4.25,138525,11707500
2025-12-26 11:40:00+05:30,4.2,4.3,4.2,4.25,154500,11697825
2025-12-26 11:41:00+05:30,4.3,4.3,4.25,4.3,118800,11697825
2025-12-26 11:42:00+05:30,4.25,4.34,4.25,4.34,84600,11697825
2025-12-26 11:43:00+05:30,4.3,4.34,4.3,4.3,105900,11761725
2025-12-26 11:44:00+05:30,4.3,4.34,4.3,4.34,62775,11761725
2025-12-26 11:45:00+05:30,4.34,4.34,4.3,4.3,80325,11761725
2025-12-26 11:46:00+05:30,4.3,4.34,4.3,4.34,78375,11748075
2025-12-26 11:47:00+05:30,4.3,4.34,4.25,4.25,66150,11748075
2025-12-26 11:48:00+05:30,4.3,4.34,4.2,4.3,212850,11748075
2025-12-26 11:49:00+05:30,4.25,4.3,4.25,4.25,24150,11817150
2025-12-26 11:50:00+05:30,4.25,4.34,4.25,4.34,161250,11817150
2025-12-26 11:51:00+05:30,4.3,4.4,4.3,4.34,126225,11817150
2025-12-26 11:52:00+05:30,4.34,4.4,4.34,4.34,66975,11704950
2025-12-26 11:53:00+05:30,4.4,4.4,4.34,4.34,86850,11704950
2025-12-26 11:54:00+05:30,4.34,4.45,4.34,4.4,90225,11704950
2025-12-26 11:55:00+05:30,4.45,4.45,4.4,4.4,43200,11719875
2025-12-26 11:56:00+05:30,4.4,4.45,4.34,4.4,152925,11719875
2025-12-26 11:57:00+05:30,4.4,4.45,4.34,4.4,116550,11719875
2025-12-26 11:58:00+05:30,4.4,4.45,4.34,4.34,100575,11685225
2025-12-26 11:59:00+05:30,4.4,4.4,4.3,4.34,65100,11685225
2025-12-26 12:00:00+05:30,4.34,4.4,4.3,4.4,163200,11685225
2025-12-26 12:01:00+05:30,4.34,4.45,4.34,4.4,94125,11623275
2025-12-26 12:02:00+05:30,4.34,4.45,4.34,4.4,145500,11623275
2025-12-26 12:03:00+05:30,4.45,4.45,4.4,4.45,60450,11623275
2025-12-26 12:04:00+05:30,4.45,4.45,4.3,4.3,110775,11681025
2025-12-26 12:05:00+05:30,4.34,4.34,4.2,4.3,143100,11681025
2025-12-26 12:06:00+05:30,4.34,4.34,4.25,4.3,56475,11681025
2025-12-26 12:07:00+05:30,4.34,4.4,4.25,4.34,136950,11673600
2025-12-26 12:08:00+05:30,4.34,4.4,4.3,4.3,83250,11673600
2025-12-26 12:09:00+05:30,4.34,4.34,4.3,4.3,42750,11673600
2025-12-26 12:10:00+05:30,4.25,4.4,4.25,4.3,98925,11627925
2025-12-26 12:11:00+05:30,4.34,4.34,4.3,4.34,68325,11627925
2025-12-26 12:12:00+05:30,4.34,4.4,4.3,4.4,74025,11627925
2025-12-26 12:13:00+05:30,4.34,4.4,4.3,4.4,45675,11627925
2025-12-26 12:14:00+05:30,4.4,4.4,4.34,4.34,48900,11662125
2025-12-26 12:15:00+05:30,4.4,4.4,4.3,4.34,113100,11662125
2025-12-26 12:16:00+05:30,4.34,4.34,4.25,4.25,38175,11662125
2025-12-26 12:17:00+05:30,4.25,4.3,4.15,4.15,432750,11634075
2025-12-26 12:18:00+05:30,4.2,4.3,4.15,4.25,370875,11634075
2025-12-26 12:19:00+05:30,4.25,4.34,4.25,4.34,73350,11634075
2025-12-26 12:20:00+05:30,4.3,4.3,4.25,4.3,64275,11957475
2025-12-26 12:21:00+05:30,4.25,4.25,4.15,4.25,167925,11957475
2025-12-26 12:22:00+05:30,4.2,4.25,4.05,4.09,214950,11957475
2025-12-26 12:23:00+05:30,4.15,4.2,4.09,4.2,186300,11934150
2025-12-26 12:24:00+05:30,4.15,4.2,4.15,4.15,59550,11934150
2025-12-26 12:25:00+05:30,4.2,4.2,4.15,4.2,44850,11934150
2025-12-26 12:26:00+05:30,4.2,4.2,4.15,4.15,99750,11953500
2025-12-26 12:27:00+05:30,4.2,4.2,4.15,4.15,109575,11953500
2025-12-26 12:28:00+05:30,4.15,4.2,4.15,4.15,29250,11953500
2025-12-26 12:29:00+05:30,4.15,4.2,4.15,4.2,32925,11925525
2025-12-26 12:30:00+05:30,4.2,4.2,4.09,4.09,82125,11925525
2025-12-26 12:31:00+05:30,4.09,4.09,4.05,4.09,146925,11925525
2025-12-26 12:32:00+05:30,4.09,4.09,4.0,4.09,285000,11946750
2025-12-26 12:33:00+05:30,4.05,4.09,4.0,4.05,225675,11946750
2025-12-26 12:34:00+05:30,4.0,4.15,4.0,4.15,177675,11946750
2025-12-26 12:35:00+05:30,4.15,4.2,4.0,4.0,163425,11900850
2025-12-26 12:36:00+05:30,4.0,4.05,3.95,4.05,170625,11900850
2025-12-26 12:37:00+05:30,4.0,4.05,3.9,3.9,206025,11900850
2025-12-26 12:38:00+05:30,3.95,3.95,3.9,3.95,138600,11895825
2025-12-26 12:39:00+05:30,3.95,3.95,3.9,3.95,205875,11895825
2025-12-26 12:40:00+05:30,3.95,4.05,3.95,4.0,388725,11895825
2025-12-26 12:41:00+05:30,3.95,4.05,3.9,4.0,517650,11738925
2025-12-26 12:42:00+05:30,4.0,4.09,4.0,4.09,309075,11738925
2025-12-26 12:43:00+05:30,4.09,4.09,4.0,4.05,195975,11738925
2025-12-26 12:44:00+05:30,4.09,4.09,4.0,4.0,149700,11637900
2025-12-26 12:45:00+05:30,4.05,4.05,4.0,4.0,89400,11637900
2025-12-26 12:46:00+05:30,4.05,4.09,4.0,4.09,276825,11637900
2025-12-26 12:47:00+05:30,4.15,4.15,4.05,4.09,128325,11757075
2025-12-26 12:48:00+05:30,4.09,4.09,4.05,4.09,64275,11757075
2025-12-26 12:49:00+05:30,4.09,4.09,4.0,4.0,67875,11757075
2025-12-26 12:50:00+05:30,4.0,4.05,4.0,4.05,23100,11717925
2025-12-26 12:51:00+05:30,4.05,4.05,3.95,4.0,91950,11717925
2025-12-26 12:52:00+05:30,4.05,4.05,4.0,4.0,70275,11717925
2025-12-26 12:53:00+05:30,4.0,4.05,4.0,4.0,68025,11688300
2025-12-26 12:54:00+05:30,4.05,4.05,4.0,4.05,44850,11688300
2025-12-26 12:55:00+05:30,4.05,4.05,4.0,4.05,36750,11688300
2025-12-26 12:56:00+05:30,4.0,4.05,4.0,4.05,105300,11690175
2025-12-26 12:57:00+05:30,4.05,4.05,4.0,4.05,100800,11690175
2025-12-26 12:58:00+05:30,4.05,4.05,4.0,4.0,80475,11690175
2025-12-26 12:59:00+05:30,4.05,4.05,4.0,4.05,22725,11664975
2025-12-26 13:00:00+05:30,4.05,4.05,4.0,4.05,160650,11664975
2025-12-26 13:01:00+05:30,4.0,4.05,4.0,4.05,62625,11664975
2025-12-26 13:02:00+05:30,4.05,4.05,3.95,4.0,61875,11643750
2025-12-26 13:03:00+05:30,3.95,4.0,3.95,3.95,67200,11643750
2025-12-26 13:04:00+05:30,4.0,4.0,3.95,3.95,34350,11643750
2025-12-26 13:05:00+05:30,3.95,4.0,3.9,3.95,85350,11642400
2025-12-26 13:06:00+05:30,3.95,3.95,3.85,3.9,111075,11642400
2025-12-26 13:07:00+05:30,3.9,3.95,3.9,3.95,65550,11642400
2025-12-26 13:08:00+05:30,3.9,3.95,3.9,3.95,24975,11658300
2025-12-26 13:09:00+05:30,3.9,3.9,3.85,3.9,90525,11658300
2025-12-26 13:10:00+05:30,3.85,3.95,3.85,3.85,149700,11658300
2025-12-26 13:11:00+05:30,3.9,3.9,3.85,3.9,28200,11657625
2025-12-26 13:12:00+05:30,3.9,3.9,3.85,3.9,16275,11657625
2025-12-26 13:13:00+05:30,3.9,3.9,3.85,3.85,45000,11657625
2025-12-26 13:14:00+05:30,3.85,3.9,3.85,3.85,84600,11666775
2025-12-26 13:15:00+05:30,3.85,3.9,3.85,3.9,74550,11666775
2025-12-26 13:16:00+05:30,3.9,3.9,3.8,3.8,141450,11666775
2025-12-26 13:17:00+05:30,3.85,3.9,3.8,3.85,128850,11657925
2025-12-26 13:18:00+05:30,3.85,3.9,3.85,3.85,62475,11657925
2025-12-26 13:19:00+05:30,3.9,3.9,3.85,3.85,32700,11657925
2025-12-26 13:20:00+05:30,3.9,3.9,3.85,3.9,19425,11651700
2025-12-26 13:21:00+05:30,3.9,4.0,3.85,3.95,94575,11651700
2025-12-26 13:22:00+05:30,3.9,3.95,3.9,3.95,151650,11651700
2025-12-26 13:23:00+05:30,3.9,3.95,3.85,3.9,64875,11714100
2025-12-26 13:24:00+05:30,3.85,3.9,3.85,3.9,16650,11714100
2025-12-26 13:25:00+05:30,3.85,3.95,3.85,3.85,54300,11714100
2025-12-26 13:26:00+05:30,3.9,3.9,3.85,3.9,34800,11710875
2025-12-26 13:27:00+05:30,3.9,3.95,3.85,3.9,46275,11710875
2025-12-26 13:28:00+05:30,3.95,4.05,3.9,4.05,79200,11710875
2025-12-26 13:29:00+05:30,4.05,4.05,3.95,3.95,73425,11693700
2025-12-26 13:30:00+05:30,3.95,4.05,3.95,4.05,40875,11693700
2025-12-26 13:31:00+05:30,4.05,4.05,3.95,4.05,52275,11693700
2025-12-26 13:32:00+05:30,4.05,4.05,4.0,4.05,40125,11681100
2025-12-26 13:33:00+05:30,4.0,4.0,3.95,4.0,35475,11681100
2025-12-26 13:34:00+05:30,4.0,4.0,3.95,3.95,21300,11681100
2025-12-26 13:35:00+05:30,3.95,4.0,3.95,3.95,39300,11673075
2025-12-26 13:36:00+05:30,3.95,4.0,3.95,3.95,17700,11673075
2025-12-26 13:37:00+05:30,3.95,4.0,3.95,3.95,21300,11673075
2025-12-26 13:38:00+05:30,3.95,4.09,3.95,4.05,268875,11576925
2025-12-26 13:39:00+05:30,4.05,4.09,4.0,4.05,48675,11576925
2025-12-26 13:40:00+05:30,4.05,4.05,4.0,4.0,87150,11576925
2025-12-26 13:41:00+05:30,4.05,4.05,4.0,4.0,13500,11536350
2025-12-26 13:42:00+05:30,4.0,4.05,4.0,4.0,43425,11536350
2025-12-26 13:43:00+05:30,4.0,4.05,4.0,4.05,21825,11536350
2025-12-26 13:44:00+05:30,4.05,4.09,4.0,4.05,118125,11522025
2025-12-26 13:45:00+05:30,4.09,4.15,4.05,4.09,157200,11522025
2025-12-26 13:46:00+05:30,4.05,4.09,4.05,4.05,61575,11522025
2025-12-26 13:47:00+05:30,4.05,4.09,4.05,4.09,60225,11392050
2025-12-26 13:48:00+05:30,4.05,4.09,4.05,4.05,73350,11392050
2025-12-26 13:49:00+05:30,4.09,4.09,4.05,4.09,47475,11392050
2025-12-26 13:50:00+05:30,4.05,4.09,4.0,4.0,45075,11324625
2025-12-26 13:51:00+05:30,4.0,4.05,4.0,4.0,41850,11324625
2025-12-26 13:52:00+05:30,4.05,4.05,4.0,4.05,173175,11324625
2025-12-26 13:53:00+05:30,4.05,4.05,4.0,4.0,93375,11237025
2025-12-26 13:54:00+05:30,4.0,4.05,3.95,4.0,295350,11237025
2025-12-26 13:55:00+05:30,4.0,4.05,4.0,4.0,41400,11237025
2025-12-26 13:56:00+05:30,4.0,4.05,4.0,4.0,40125,11141775
2025-12-26 13:57:00+05:30,4.05,4.09,4.0,4.09,43875,11141775
2025-12-26 13:58:00+05:30,4.05,4.09,4.05,4.05,96300,11141775
2025-12-26 13:59:00+05:30,4.05,4.09,4.0,4.05,58725,11150925
2025-12-26 14:00:00+05:30,4.0,4.09,4.0,4.05,61125,11150925
2025-12-26 14:01:00+05:30,4.0,4.05,4.0,4.05,4350,11150925
2025-12-26 14:02:00+05:30,4.0,4.09,4.0,4.0,51000,11136300
2025-12-26 14:03:00+05:30,4.05,4.05,4.0,4.0,45900,11136300
2025-12-26 14:04:00+05:30,4.05,4.09,4.0,4.05,62850,11136300
2025-12-26 14:05:00+05:30,4.09,4.09,4.0,4.0,200400,11110425
2025-12-26 14:06:00+05:30,4.0,4.05,3.95,3.95,94950,11110425
2025-12-26 14:07:00+05:30,3.95,4.0,3.9,3.95,74250,11110425
2025-12-26 14:08:00+05:30,3.95,3.95,3.9,3.95,36600,11094825
2025-12-26 14:09:00+05:30,3.95,4.05,3.85,3.95,263250,11094825
2025-12-26 14:10:00+05:30,4.0,4.0,3.85,3.9,115200,11094825
2025-12-26 14:11:00+05:30,3.9,3.95,3.85,3.9,90825,11092725
2025-12-26 14:12:00+05:30,3.9,3.95,3.85,3.85,123000,11092725
2025-12-26 14:13:00+05:30,3.85,3.85,3.8,3.8,92625,11092725
2025-12-26 14:14:00+05:30,3.8,3.85,3.8,3.85,160650,11093775
2025-12-26 14:15:00+05:30,3.85,3.9,3.8,3.8,80025,11093775
2025-12-26 14:16:00+05:30,3.8,3.85,3.8,3.85,31725,11093775
2025-12-26 14:17:00+05:30,3.8,3.85,3.75,3.8,78075,11068875
2025-12-26 14:18:00+05:30,3.8,3.85,3.75,3.8,92175,11068875
2025-12-26 14:19:00+05:30,3.8,3.85,3.8,3.8,44625,11068875
2025-12-26 14:20:00+05:30,3.85,3.85,3.8,3.8,66225,11059875
2025-12-26 14:21:00+05:30,3.8,3.85,3.8,3.8,196875,11059875
2025-12-26 14:22:00+05:30,3.8,3.85,3.75,3.75,178275,11059875
2025-12-26 14:23:00+05:30,3.8,3.8,3.7,3.7,238575,10970250
2025-12-26 14:24:00+05:30,3.7,3.75,3.7,3.75,160800,10970250
2025-12-26 14:25:00+05:30,3.7,3.75,3.65,3.7,175725,10970250
2025-12-26 14:26:00+05:30,3.7,3.75,3.65,3.65,108975,10849650
2025-12-26 14:27:00+05:30,3.7,3.8,3.7,3.75,126750,10849650
2025-12-26 14:28:00+05:30,3.8,3.8,3.75,3.75,149025,10849650
2025-12-26 14:29:00+05:30,3.75,3.8,3.65,3.65,263025,10795050
2025-12-26 14:30:00+05:30,3.7,3.7,3.6,3.6,279600,10795050
2025-12-26 14:31:00+05:30,3.6,3.7,3.6,3.65,135525,10795050
2025-12-26 14:32:00+05:30,3.7,3.75,3.65,3.75,76200,10670700
2025-12-26 14:33:00+05:30,3.75,3.75,3.7,3.75,73050,10670700
2025-12-26 14:34:00+05:30,3.75,3.8,3.75,3.8,128250,10670700
2025-12-26 14:35:00+05:30,3.75,3.8,3.75,3.8,158550,10656525
2025-12-26 14:36:00+05:30,3.8,3.8,3.75,3.75,72000,10656525
2025-12-26 14:37:00+05:30,3.75,3.8,3.7,3.75,364125,10656525
2025-12-26 14:38:00+05:30,3.8,3.8,3.7,3.7,90600,10777200
2025-12-26 14:39:00+05:30,3.75,3.75,3.7,3.75,80175,10777200
2025-12-26 14:40:00+05:30,3.75,3.75,3.65,3.7,119775,10777200
2025-12-26 14:41:00+05:30,3.65,3.7,3.65,3.7,155850,10797675
2025-12-26 14:42:00+05:30,3.65,3.7,3.65,3.7,122100,10797675
2025-12-26 14:43:00+05:30,3.7,3.7,3.6,3.6,204150,10797675
2025-12-26 14:44:00+05:30,3.65,3.7,3.65,3.65,250575,10811625
2025-12-26 14:45:00+05:30,3.7,3.7,3.6,3.65,355725,10811625
2025-12-26 14:46:00+05:30,3.65,3.7,3.6,3.65,206100,10811625
2025-12-26 14:47:00+05:30,3.6,3.7,3.6,3.7,152400,10873650
2025-12-26 14:48:00+05:30,3.7,3.8,3.7,3.75,126750,10873650
2025-12-26 14:49:00+05:30,3.75,3.75,3.7,3.7,206025,10873650
2025-12-26 14:50:00+05:30,3.75,3.75,3.65,3.7,675000,11150250
2025-12-26 14:51:00+05:30,3.65,3.75,3.65,3.75,234525,11150250
2025-12-26 14:52:00+05:30,3.75,3.8,3.7,3.75,235875,11150250
2025-12-26 14:53:00+05:30,3.8,3.8,3.65,3.7,128175,11179950
2025-12-26 14:54:00+05:30,3.7,3.75,3.65,3.65,138600,11179950
2025-12-26 14:55:00+05:30,3.65,3.75,3.65,3.7,167250,11179950
2025-12-26 14:56:00+05:30,3.75,3.75,3.7,3.75,134400,11122200
2025-12-26 14:57:00+05:30,3.75,3.8,3.7,3.75,90600,11122200
2025-12-26 14:58:00+05:30,3.8,3.85,3.7,3.8,212550,11122200
2025-12-26 14:59:00+05:30,3.8,3.95,3.8,3.9,252600,11070225
2025-12-26 15:00:00+05:30,3.9,3.9,3.8,3.8,293700,11070225
2025-12-26 15:01:00+05:30,3.85,3.9,3.8,3.9,280875,11070225
2025-12-26 15:02:00+05:30,3.9,4.05,3.85,4.0,351450,10925775
2025-12-26 15:03:00+05:30,3.95,4.05,3.95,4.0,151725,10925775
2025-12-26 15:04:00+05:30,3.95,4.0,3.9,3.9,277800,10925775
2025-12-26 15:05:00+05:30,3.85,3.95,3.85,3.9,375075,11100450
2025-12-26 15:06:00+05:30,3.85,3.9,3.8,3.85,187275,11100450
2025-12-26 15:07:00+05:30,3.85,3.9,3.8,3.9,383700,11100450
2025-12-26 15:08:00+05:30,3.85,3.9,3.8,3.9,464700,10970700
2025-12-26 15:09:00+05:30,3.85,3.95,3.85,3.9,357450,10970700
2025-12-26 15:10:00+05:30,3.9,4.0,3.9,3.9,302850,10970700
2025-12-26 15:11:00+05:30,3.9,4.0,3.9,4.0,260400,10783725
2025-12-26 15:12:00+05:30,3.9,4.0,3.9,3.95,193275,10783725
2025-12-26 15:13:00+05:30,3.95,4.0,3.95,3.95,182925,10783725
2025-12-26 15:14:00+05:30,4.0,4.05,3.95,4.05,492375,10642950
2025-12-26 15:15:00+05:30,4.09,4.2,4.05,4.09,425550,10642950
2025-12-26 15:16:00+05:30,4.15,4.25,4.09,4.2,396675,10642950
2025-12-26 15:17:00+05:30,4.15,4.25,4.09,4.09,219750,10596375
2025-12-26 15:18:00+05:30,4.15,4.15,4.05,4.09,323550,10596375
2025-12-26 15:19:00+05:30,4.09,4.2,4.09,4.2,268725,10596375
2025-12-26 15:20:00+05:30,4.25,4.4,4.25,4.3,525450,10251750
2025-12-26 15:21:00+05:30,4.34,4.45,4.25,4.34,684000,10251750
2025-12-26 15:22:00+05:30,4.34,4.34,4.25,4.3,662250,10251750
2025-12-26 15:23:00+05:30,4.3,4.34,4.09,4.25,666900,10005375
2025-12-26 15:24:00+05:30,4.25,4.4,4.2,4.34,356025,10005375
2025-12-26 15:25:00+05:30,4.34,4.55,4.34,4.5,697500,10005375
2025-12-26 15:26:00+05:30,4.5,4.59,4.45,4.5,483900,10088175
2025-12-26 15:27:00+05:30,4.55,4.65,4.5,4.59,603375,10088175
2025-12-26 15:28:00+05:30,4.59,4.84,4.59,4.7,711300,10088175
2025-12-26 15:29:00+05:30,4.8,4.8,4.2,4.2,765300,10116750
2025-12-29 09:15:00+05:30,3.7,3.7,2.54,2.7,2935350,10065075
2025-12-29 09:16:00+05:30,2.6,2.6,2.4,2.5,1902675,10117650
2025-12-29 09:17:00+05:30,2.45,2.5,2.35,2.45,1562775,10117650
2025-12-29 09:18:00+05:30,2.5,2.5,2.4,2.4,1276950,10117650
2025-12-29 09:19:00+05:30,2.4,2.5,2.4,2.4,840975,10209600
2025-12-29 09:20:00+05:30,2.45,2.5,2.35,2.4,911550,10209600
2025-12-29 09:21:00+05:30,2.4,2.4,2.35,2.35,458850,10209600
2025-12-29 09:22:00+05:30,2.35,2.4,2.35,2.35,486075,10328625
2025-12-29 09:23:00+05:30,2.35,2.45,2.35,2.45,682050,10328625
2025-12-29 09:24:00+05:30,2.45,2.45,2.4,2.4,888150,10328625
2025-12-29 09:25:00+05:30,2.4,2.4,2.35,2.4,237825,10419450
2025-12-29 09:26:00+05:30,2.4,2.4,2.35,2.35,596250,10419450
2025-12-29 09:27:00+05:30,2.4,2.4,2.29,2.35,474375,10419450
2025-12-29 09:28:00+05:30,2.35,2.35,2.29,2.35,350475,10325250
2025-12-29 09:29:00+05:30,2.35,2.35,2.25,2.29,504375,10325250
2025-12-29 09:30:00+05:30,2.29,2.29,2.25,2.25,362025,10325250
2025-12-29 09:31:00+05:30,2.29,2.29,2.25,2.25,228675,10354425
2025-12-29 09:32:00+05:30,2.25,2.29,2.25,2.29,575475,10354425
2025-12-29 09:33:00+05:30,2.29,2.4,2.29,2.4,803100,10354425
2025-12-29 09:34:00+05:30,2.35,2.45,2.35,2.4,550500,10033200
2025-12-29 09:35:00+05:30,2.4,2.5,2.35,2.45,816000,10033200
2025-12-29 09:36:00+05:30,2.4,2.45,2.35,2.4,482700,10033200
2025-12-29 09:37:00+05:30,2.4,2.4,2.29,2.29,269775,9914025
2025-12-29 09:38:00+05:30,2.29,2.35,2.25,2.29,421425,9914025
2025-12-29 09:39:00+05:30,2.29,2.4,2.25,2.35,236775,9914025
2025-12-29 09:40:00+05:30,2.35,2.4,2.29,2.29,346425,9933750
2025-12-29 09:41:00+05:30,2.29,2.35,2.25,2.25,184125,9933750
2025-12-29 09:42:00+05:30,2.25,2.29,2.25,2.29,116100,9933750
2025-12-29 09:43:00+05:30,2.25,2.29,2.2,2.25,324825,10073325
2025-12-29 09:44:00+05:30,2.25,2.29,2.2,2.25,472500,10073325
2025-12-29 09:45:00+05:30,2.25,2.25,2.2,2.2,160275,10073325
2025-12-29 09:46:00+05:30,2.2,2.25,2.2,2.25,275175,9969450
2025-12-29 09:47:00+05:30,2.25,2.25,2.2,2.2,168300,9969450
2025-12-29 09:48:00+05:30,2.2,2.25,2.2,2.2,176175,9969450
2025-12-29 09:49:00+05:30,2.25,2.25,2.15,2.2,145050,9853950
2025-12-29 09:50:00+05:30,2.2,2.2,2.1,2.1,213000,9853950
2025-12-29 09:51:00+05:30,2.1,2.15,2.1,2.15,106050,9853950
2025-12-29 09:52:00+05:30,2.1,2.15,2.04,2.04,519225,9813525
2025-12-29 09:53:00+05:30,2.1,2.1,2.0,2.0,535950,9813525
2025-12-29 09:54:00+05:30,2.04,2.1,2.0,2.0,410775,9813525
2025-12-29 09:55:00+05:30,2.0,2.04,1.95,2.0,587700,9694125
2025-12-29 09:56:00+05:30,1.95,2.0,1.9,1.9,861300,9694125
2025-12-29 09:57:00+05:30,1.95,1.95,1.9,1.95,255600,9694125
2025-12-29 09:58:00+05:30,1.9,1.95,1.85,1.85,544425,9587775
2025-12-29 09:59:00+05:30,1.85,1.9,1.85,1.9,384450,9587775
2025-12-29 10:00:00+05:30,1.9,1.9,1.85,1.85,650175,9587775
2025-12-29 10:01:00+05:30,1.9,1.9,1.85,1.9,477525,9374700
2025-12-29 10:02:00+05:30,1.85,1.9,1.85,1.9,69000,9374700
2025-12-29 10:03:00+05:30,1.85,1.9,1.85,1.9,102375,9374700
2025-12-29 10:04:00+05:30,1.9,1.9,1.85,1.85,111000,9361200
2025-12-29 10:05:00+05:30,1.85,1.85,1.8,1.8,590325,9361200
2025-12-29 10:06:00+05:30,1.85,1.85,1.8,1.85,78825,9361200
2025-12-29 10:07:00+05:30,1.8,1.85,1.8,1.85,81225,9324225
2025-12-29 10:08:00+05:30,1.8,1.85,1.8,1.85,139125,9324225
2025-12-29 10:09:00+05:30,1.8,1.85,1.8,1.85,88350,9324225
2025-12-29 10:10:00+05:30,1.85,1.85,1.8,1.85,81675,9315900
2025-12-29 10:11:00+05:30,1.85,1.85,1.8,1.85,92250,9315900
2025-12-29 10:12:00+05:30,1.85,1.9,1.8,1.85,268575,9315900
2025-12-29 10:13:00+05:30,1.9,1.9,1.85,1.9,270075,9317175
2025-12-29 10:14:00+05:30,1.85,1.9,1.85,1.9,40875,9317175
2025-12-29 10:15:00+05:30,1.9,1.9,1.85,1.85,61575,9317175
2025-12-29 10:16:00+05:30,1.9,1.9,1.85,1.9,130575,9327825
2025-12-29 10:17:00+05:30,1.9,1.9,1.85,1.85,60450,9327825
2025-12-29 10:18:00+05:30,1.9,1.9,1.8,1.8,367125,9327825
2025-12-29 10:19:00+05:30,1.8,1.85,1.8,1.8,68250,9330375
2025-12-29 10:20:00+05:30,1.85,1.85,1.8,1.85,172350,9330375
2025-12-29 10:21:00+05:30,1.85,1.85,1.8,1.85,69150,9330375
2025-12-29 10:22:00+05:30,1.8,1.85,1.8,1.85,87075,9351975
2025-12-29 10:23:00+05:30,1.85,1.85,1.8,1.85,42675,9351975
2025-12-29 10:24:00+05:30,1.8,1.9,1.8,1.9,149100,9351975
2025-12-29 10:25:00+05:30,1.9,1.9,1.85,1.9,96750,9302850
2025-12-29 10:26:00+05:30,1.85,1.9,1.85,1.9,220275,9302850
2025-12-29 10:27:00+05:30,1.85,1.9,1.85,1.85,37050,9302850
2025-12-29 10:28:00+05:30,1.85,1.9,1.85,1.9,44025,9346950
2025-12-29 10:29:00+05:30,1.9,1.9,1.85,1.9,41625,9346950
2025-12-29 10:30:00+05:30,1.9,1.9,1.85,1.85,41025,9346950
2025-12-29 10:31:00+05:30,1.9,1.9,1.85,1.9,40125,9346275
2025-12-29 10:32:00+05:30,1.9,1.9,1.85,1.85,71700,9346275
2025-12-29 10:33:00+05:30,1.9,1.9,1.85,1.9,83475,9346275
2025-12-29 10:34:00+05:30,1.9,1.95,1.85,1.95,161400,9359775
2025-12-29 10:35:00+05:30,1.95,2.0,1.9,2.0,247500,9359775
2025-12-29 10:36:00+05:30,2.0,2.0,1.95,2.0,85200,9359775
2025-12-29 10:37:00+05:30,2.0,2.0,1.95,2.0,32325,9395925
2025-12-29 10:38:00+05:30,1.95,2.0,1.95,2.0,32850,9395925
2025-12-29 10:39:00+05:30,2.0,2.0,1.95,1.95,133275,9395925
2025-12-29 10:40:00+05:30,1.95,2.0,1.95,1.95,450375,9405300
2025-12-29 10:41:00+05:30,1.95,2.04,1.95,2.04,190200,9405300
2025-12-29 10:42:00+05:30,2.04,2.04,1.95,2.0,178125,9405300
2025-12-29 10:43:00+05:30,2.0,2.1,2.0,2.1,348450,9430650
2025-12-29 10:44:00+05:30,2.04,2.15,2.04,2.15,415725,9430650
2025-12-29 10:45:00+05:30,2.15,2.15,2.1,2.1,413700,9430650
2025-12-29 10:46:00+05:30,2.1,2.1,2.0,2.1,604725,9468000
2025-12-29 10:47:00+05:30,2.04,2.1,2.04,2.1,189750,9468000
2025-12-29 10:48:00+05:30,2.1,2.2,2.04,2.2,235875,9468000
2025-12-29 10:49:00+05:30,2.2,2.25,2.15,2.25,235275,9529725
2025-12-29 10:50:00+05:30,2.25,2.25,2.15,2.2,360375,9529725
2025-12-29 10:51:00+05:30,2.2,2.25,2.15,2.15,145650,9529725
2025-12-29 10:52:00+05:30,2.1,2.2,2.1,2.2,214350,9579750
2025-12-29 10:53:00+05:30,2.2,2.25,2.15,2.2,151725,9579750
2025-12-29 10:54:00+05:30,2.15,2.2,2.15,2.2,55200,9579750
2025-12-29 10:55:00+05:30,2.15,2.2,2.15,2.2,97125,9609450
2025-12-29 10:56:00+05:30,2.2,2.2,2.15,2.2,35250,9609450
2025-12-29 10:57:00+05:30,2.2,2.2,2.1,2.15,175050,9609450
2025-12-29 10:58:00+05:30,2.1,2.15,2.1,2.15,281325,9635625
2025-12-29 10:59:00+05:30,2.1,2.15,2.1,2.1,151125,9635625
2025-12-29 11:00:00+05:30,2.15,2.2,2.1,2.15,102450,9635625
2025-12-29 11:01:00+05:30,2.15,2.2,2.1,2.2,96900,9608100
2025-12-29 11:02:00+05:30,2.2,2.2,2.1,2.1,90525,9608100
2025-12-29 11:03:00+05:30,2.15,2.2,2.15,2.15,384225,9608100
2025-12-29 11:04:00+05:30,2.15,2.2,2.1,2.15,353475,9588750
2025-12-29 11:05:00+05:30,2.1,2.15,2.1,2.15,155775,9588750
2025-12-29 11:06:00+05:30,2.15,2.2,2.15,2.2,201675,9588750
2025-12-29 11:07:00+05:30,2.2,2.25,2.15,2.25,406800,9613125
2025-12-29 11:08:00+05:30,2.25,2.25,2.2,2.2,220575,9613125
2025-12-29 11:09:00+05:30,2.15,2.25,2.15,2.2,261075,9613125
2025-12-29 11:10:00+05:30,2.2,2.25,2.15,2.2,129450,9635475
2025-12-29 11:11:00+05:30,2.2,2.25,2.2,2.2,207225,9635475
2025-12-29 11:12:00+05:30,2.2,2.25,2.2,2.2,247725,9635475
2025-12-29 11:13:00+05:30,2.25,2.29,2.2,2.25,182850,9652275
2025-12-29 11:14:00+05:30,2.25,2.25,2.2,2.2,165525,9652275
2025-12-29 11:15:00+05:30,2.25,2.25,2.2,2.2,60900,9652275
2025-12-29 11:16:00+05:30,2.2,2.29,2.2,2.29,234075,9653625
2025-12-29 11:17:00+05:30,2.29,2.29,2.25,2.25,117525,9653625
2025-12-29 11:18:00+05:30,2.29,2.35,2.25,2.25,370650,9653625
2025-12-29 11:19:00+05:30,2.25,2.35,2.25,2.29,572325,9626100
2025-12-29 11:20:00+05:30,2.35,2.4,2.29,2.35,844275,9626100
2025-12-29 11:21:00+05:30,2.35,2.4,2.29,2.4,633750,9626100
2025-12-29 11:22:00+05:30,2.4,2.5,2.35,2.35,273150,9468675
2025-12-29 11:23:00+05:30,2.35,2.4,2.35,2.35,143550,9468675
2025-12-29 11:24:00+05:30,2.35,2.4,2.35,2.35,262350,9468675
2025-12-29 11:25:00+05:30,2.4,2.45,2.35,2.45,156075,9529350
2025-12-29 11:26:00+05:30,2.4,2.45,2.29,2.29,291300,9529350
2025-12-29 11:27:00+05:30,2.35,2.35,2.25,2.29,131100,9529350
2025-12-29 11:28:00+05:30,2.25,2.35,2.25,2.25,150375,9483300
2025-12-29 11:29:00+05:30,2.29,2.29,2.25,2.25,97575,9483300
2025-12-29 11:30:00+05:30,2.29,2.35,2.25,2.29,56250,9483300
2025-12-29 11:31:00+05:30,2.29,2.35,2.29,2.29,108675,9475800
2025-12-29 11:32:00+05:30,2.29,2.29,2.25,2.29,241425,9475800
2025-12-29 11:33:00+05:30,2.25,2.29,2.25,2.29,38325,9475800
2025-12-29 11:34:00+05:30,2.29,2.29,2.25,2.29,103800,9404925
2025-12-29 11:35:00+05:30,2.29,2.35,2.25,2.35,122700,9404925
2025-12-29 11:36:00+05:30,2.35,2.35,2.29,2.35,58575,9404925
2025-12-29 11:37:00+05:30,2.29,2.35,2.25,2.29,321675,9400350
2025-12-29 11:38:00+05:30,2.25,2.29,2.25,2.25,40500,9400350
2025-12-29 11:39:00+05:30,2.25,2.29,2.25,2.29,30975,9400350
2025-12-29 11:40:00+05:30,2.29,2.29,2.25,2.29,179025,9310575
2025-12-29 11:41:00+05:30,2.25,2.29,2.25,2.25,45225,9310575
2025-12-29 11:42:00+05:30,2.25,2.29,2.25,2.25,132300,9310575
2025-12-29 11:43:00+05:30,2.29,2.29,2.2,2.2,67125,9298800
2025-12-29 11:44:00+05:30,2.25,2.25,2.2,2.25,38925,9298800
2025-12-29 11:45:00+05:30,2.2,2.29,2.2,2.2,122925,9298800
2025-12-29 11:46:00+05:30,2.2,2.29,2.2,2.29,157650,9324075
2025-12-29 11:47:00+05:30,2.25,2.29,2.25,2.25,60975,9324075
2025-12-29 11:48:00+05:30,2.29,2.29,2.2,2.25,73350,9324075
2025-12-29 11:49:00+05:30,2.25,2.29,2.2,2.25,111600,9305100
2025-12-29 11:50:00+05:30,2.25,2.29,2.2,2.25,279300,9305100
2025-12-29 11:51:00+05:30,2.29,2.29,2.2,2.25,63225,9305100
2025-12-29 11:52:00+05:30,2.25,2.25,2.2,2.2,31950,9229125
2025-12-29 11:53:00+05:30,2.2,2.25,2.2,2.25,39900,9229125
2025-12-29 11:54:00+05:30,2.2,2.25,2.2,2.2,23625,9229125
2025-12-29 11:55:00+05:30,2.25,2.29,2.2,2.29,116700,9218550
2025-12-29 11:56:00+05:30,2.25,2.29,2.25,2.25,12075,9218550
2025-12-29 11:57:00+05:30,2.29,2.35,2.29,2.35,148350,9218550
2025-12-29 11:58:00+05:30,2.35,2.35,2.29,2.35,253125,9218550
2025-12-29 11:59:00+05:30,2.29,2.35,2.29,2.35,39300,9220425
2025-12-29 12:00:00+05:30,2.29,2.35,2.29,2.29,171750,9220425
2025-12-29 12:01:00+05:30,2.29,2.35,2.29,2.29,84450,9220425
2025-12-29 12:02:00+05:30,2.29,2.35,2.25,2.25,1370625,9213750
2025-12-29 12:03:00+05:30,2.25,2.35,2.25,2.29,459225,9213750
2025-12-29 12:04:00+05:30,2.29,2.45,2.29,2.4,928350,8642250
2025-12-29 12:05:00+05:30,2.45,2.45,2.35,2.4,201150,8642250
2025-12-29 12:06:00+05:30,2.35,2.4,2.35,2.35,27375,8642250
2025-12-29 12:07:00+05:30,2.4,2.4,2.35,2.4,41700,8620800
2025-12-29 12:08:00+05:30,2.4,2.4,2.35,2.35,65700,8620800
2025-12-29 12:09:00+05:30,2.35,2.35,2.29,2.29,123075,8620800
2025-12-29 12:10:00+05:30,2.35,2.35,2.29,2.29,29475,8620800
2025-12-29 12:11:00+05:30,2.29,2.29,2.15,2.15,424200,8676825
2025-12-29 12:12:00+05:30,2.15,2.2,2.15,2.2,215100,8676825
2025-12-29 12:13:00+05:30,2.2,2.2,2.15,2.15,11775,8676825
2025-12-29 12:14:00+05:30,2.15,2.2,2.15,2.2,30000,8489175
2025-12-29 12:15:00+05:30,2.2,2.2,2.1,2.15,418200,8489175
2025-12-29 12:16:00+05:30,2.2,2.2,2.15,2.15,63675,8489175
2025-12-29 12:17:00+05:30,2.2,2.2,2.1,2.15,118800,8575425
2025-12-29 12:18:00+05:30,2.15,2.15,2.1,2.15,60675,8575425
2025-12-29 12:19:00+05:30,2.15,2.15,2.1,2.1,9675,8575425
2025-12-29 12:20:00+05:30,2.15,2.2,2.15,2.15,70500,8562825
2025-12-29 12:21:00+05:30,2.15,2.2,2.15,2.15,36075,8562825
2025-12-29 12:22:00+05:30,2.2,2.2,2.15,2.2,29700,8562825
2025-12-29 12:23:00+05:30,2.2,2.2,2.15,2.15,120975,8627850
2025-12-29 12:24:00+05:30,2.2,2.2,2.15,2.2,25425,8627850
2025-12-29 12:25:00+05:30,2.2,2.25,2.2,2.25,345825,8627850
2025-12-29 12:26:00+05:30,2.2,2.25,2.2,2.2,56925,8605275
2025-12-29 12:27:00+05:30,2.2,2.29,2.2,2.29,133650,8605275
2025-12-29 12:28:00+05:30,2.29,2.35,2.25,2.29,259575,8605275
2025-12-29 12:29:00+05:30,2.25,2.35,2.25,2.29,239400,8627325
2025-12-29 12:30:00+05:30,2.35,2.35,2.29,2.35,441000,8627325
2025-12-29 12:31:00+05:30,2.29,2.35,2.29,2.29,93600,8627325
2025-12-29 12:32:00+05:30,2.29,2.5,2.29,2.45,561750,8618100
2025-12-29 12:33:00+05:30,2.45,2.5,2.4,2.45,331275,8618100
2025-12-29 12:34:00+05:30,2.4,2.45,2.35,2.4,329775,8618100
2025-12-29 12:35:00+05:30,2.4,2.5,2.4,2.45,292800,8596575
2025-12-29 12:36:00+05:30,2.45,2.45,2.35,2.35,169725,8596575
2025-12-29 12:37:00+05:30,2.35,2.4,2.29,2.29,160500,8596575
2025-12-29 12:38:00+05:30,2.29,2.35,2.29,2.29,54225,8716200
2025-12-29 12:39:00+05:30,2.29,2.35,2.29,2.35,37950,8716200
2025-12-29 12:40:00+05:30,2.29,2.35,2.29,2.35,31725,8716200
2025-12-29 12:41:00+05:30,2.29,2.35,2.29,2.35,131325,8726700
2025-12-29 12:42:00+05:30,2.35,2.45,2.29,2.29,315375,8726700
2025-12-29 12:43:00+05:30,2.35,2.4,2.35,2.4,113775,8726700
2025-12-29 12:44:00+05:30,2.4,2.4,2.29,2.35,231225,8715975
2025-12-29 12:45:00+05:30,2.4,2.4,2.35,2.35,155250,8715975
2025-12-29 12:46:00+05:30,2.35,2.4,2.35,2.4,71850,8715975
2025-12-29 12:47:00+05:30,2.4,2.4,2.35,2.35,49875,8717550
2025-12-29 12:48:00+05:30,2.4,2.4,2.35,2.35,53775,8717550
2025-12-29 12:49:00+05:30,2.35,2.4,2.35,2.35,36300,8717550
2025-12-29 12:50:00+05:30,2.4,2.4,2.35,2.35,25425,8762175
2025-12-29 12:51:00+05:30,2.4,2.45,2.35,2.4,134475,8762175
2025-12-29 12:52:00+05:30,2.4,2.45,2.35,2.4,117075,8762175
2025-12-29 12:53:00+05:30,2.4,2.4,2.35,2.35,117675,8742150
2025-12-29 12:54:00+05:30,2.4,2.4,2.29,2.35,159075,8742150
2025-12-29 12:55:00+05:30,2.29,2.35,2.25,2.29,89025,8742150
2025-12-29 12:56:00+05:30,2.25,2.29,2.25,2.25,80175,8740500
2025-12-29 12:57:00+05:30,2.29,2.29,2.25,2.29,27300,8740500
2025-12-29 12:58:00+05:30,2.29,2.29,2.25,2.29,51825,8740500
2025-12-29 12:59:00+05:30,2.29,2.35,2.25,2.29,134250,8742525
2025-12-29 13:00:00+05:30,2.29,2.35,2.29,2.35,29625,8742525
2025-12-29 13:01:00+05:30,2.35,2.4,2.29,2.4,142725,8742525
2025-12-29 13:02:00+05:30,2.4,2.4,2.35,2.35,39075,8739075
2025-12-29 13:03:00+05:30,2.29,2.35,2.29,2.29,199425,8739075
2025-12-29 13:04:00+05:30,2.35,2.35,2.29,2.29,61050,8739075
2025-12-29 13:05:00+05:30,2.29,2.35,2.25,2.25,122250,8858475
2025-12-29 13:06:00+05:30,2.25,2.29,2.25,2.25,34575,8858475
2025-12-29 13:07:00+05:30,2.29,2.29,2.2,2.25,122475,8858475
2025-12-29 13:08:00+05:30,2.25,2.25,2.2,2.25,31350,8817600
2025-12-29 13:09:00+05:30,2.25,2.25,2.2,2.2,43125,8817600
2025-12-29 13:10:00+05:30,2.2,2.25,2.2,2.2,202125,8817600
2025-12-29 13:11:00+05:30,2.25,2.25,2.2,2.2,74025,8832675
2025-12-29 13:12:00+05:30,2.25,2.25,2.2,2.25,79050,8832675
2025-12-29 13:13:00+05:30,2.2,2.25,2.2,2.25,9000,8832675
2025-12-29 13:14:00+05:30,2.2,2.29,2.2,2.29,289575,8813400
2025-12-29 13:15:00+05:30,2.29,2.29,2.2,2.29,271575,8813400
2025-12-29 13:16:00+05:30,2.29,2.29,2.25,2.29,98475,8813400
2025-12-29 13:17:00+05:30,2.29,2.35,2.29,2.35,92700,8822625
2025-12-29 13:18:00+05:30,2.29,2.35,2.25,2.29,138300,8822625
2025-12-29 13:19:00+05:30,2.29,2.29,2.2,2.2,215625,8822625
2025-12-29 13:20:00+05:30,2.2,2.25,2.2,2.2,151425,8834025
2025-12-29 13:21:00+05:30,2.25,2.25,2.2,2.2,109650,8834025
2025-12-29 13:22:00+05:30,2.25,2.25,2.2,2.2,108675,8834025
2025-12-29 13:23:00+05:30,2.2,2.29,2.2,2.25,281925,8853900
2025-12-29 13:24:00+05:30,2.29,2.29,2.25,2.25,111150,8853900
2025-12-29 13:25:00+05:30,2.29,2.29,2.2,2.25,120525,8853900
2025-12-29 13:26:00+05:30,2.25,2.29,2.2,2.25,196125,8731350
2025-12-29 13:27:00+05:30,2.29,2.29,2.25,2.25,77700,8731350
2025-12-29 13:28:00+05:30,2.25,2.29,2.25,2.25,75000,8731350
2025-12-29 13:29:00+05:30,2.25,2.29,2.25,2.25,53925,8705175
2025-12-29 13:30:00+05:30,2.25,2.29,2.25,2.29,140850,8705175
2025-12-29 13:31:00+05:30,2.25,2.29,2.25,2.25,54150,8705175
2025-12-29 13:32:00+05:30,2.25,2.29,2.25,2.25,58875,8653725
2025-12-29 13:33:00+05:30,2.29,2.29,2.25,2.25,20850,8653725
2025-12-29 13:34:00+05:30,2.25,2.29,2.2,2.25,71325,8653725
2025-12-29 13:35:00+05:30,2.25,2.25,2.2,2.25,25725,8640375
2025-12-29 13:36:00+05:30,2.2,2.25,2.2,2.2,157350,8640375
2025-12-29 13:37:00+05:30,2.2,2.29,2.15,2.29,248550,8640375
2025-12-29 13:38:00+05:30,2.25,2.29,2.25,2.29,322725,8573925
2025-12-29 13:39:00+05:30,2.29,2.4,2.29,2.4,436500,8573925
2025-12-29 13:40:00+05:30,2.4,2.45,2.35,2.4,256500,8573925
2025-12-29 13:41:00+05:30,2.45,2.45,2.35,2.45,487275,8496975
2025-12-29 13:42:00+05:30,2.4,2.5,2.4,2.45,302550,8496975
2025-12-29 13:43:00+05:30,2.4,2.45,2.4,2.45,195375,8496975
2025-12-29 13:44:00+05:30,2.4,2.5,2.4,2.45,429750,8475975
2025-12-29 13:45:00+05:30,2.45,2.5,2.4,2.4,309600,8475975
2025-12-29 13:46:00+05:30,2.4,2.4,2.29,2.29,143100,8475975
2025-12-29 13:47:00+05:30,2.29,2.29,2.25,2.25,126675,8503500
2025-12-29 13:48:00+05:30,2.29,2.29,2.25,2.25,192525,8503500
2025-12-29 13:49:00+05:30,2.25,2.25,2.2,2.2,172425,8503500
2025-12-29 13:50:00+05:30,2.15,2.25,2.15,2.2,174675,8437575
2025-12-29 13:51:00+05:30,2.2,2.29,2.2,2.25,160575,8437575
2025-12-29 13:52:00+05:30,2.25,2.29,2.2,2.2,184800,8437575
2025-12-29 13:53:00+05:30,2.2,2.25,2.2,2.2,49275,8368875
2025-12-29 13:54:00+05:30,2.25,2.25,2.15,2.2,117750,8368875
2025-12-29 13:55:00+05:30,2.2,2.25,2.2,2.25,135750,8368875
2025-12-29 13:56:00+05:30,2.2,2.29,2.2,2.25,94275,8348325
2025-12-29 13:57:00+05:30,2.29,2.29,2.2,2.25,40575,8348325
2025-12-29 13:58:00+05:30,2.2,2.25,2.2,2.2,64500,8348325
2025-12-29 13:59:00+05:30,2.2,2.25,2.2,2.2,23475,8340000
2025-12-29 14:00:00+05:30,2.2,2.25,2.2,2.2,55275,8340000
2025-12-29 14:01:00+05:30,2.25,2.25,2.15,2.15,76950,8340000
2025-12-29 14:02:00+05:30,2.15,2.2,2.15,2.15,68850,8339175
2025-12-29 14:03:00+05:30,2.15,2.2,2.1,2.1,83100,8339175
2025-12-29 14:04:00+05:30,2.1,2.15,2.1,2.1,27975,8339175
2025-12-29 14:05:00+05:30,2.1,2.15,2.1,2.1,35775,8322075
2025-12-29 14:06:00+05:30,2.1,2.15,2.1,2.1,73350,8322075
2025-12-29 14:07:00+05:30,2.1,2.1,2.04,2.1,273300,8322075
2025-12-29 14:08:00+05:30,2.04,2.1,2.04,2.04,68925,8314350
2025-12-29 14:09:00+05:30,2.1,2.15,2.1,2.1,168375,8314350
2025-12-29 14:10:00+05:30,2.15,2.15,2.1,2.1,207150,8314350
2025-12-29 14:11:00+05:30,2.15,2.2,2.1,2.15,310875,8203200
2025-12-29 14:12:00+05:30,2.1,2.2,2.1,2.1,129450,8203200
2025-12-29 14:13:00+05:30,2.1,2.15,2.1,2.1,42825,8203200
2025-12-29 14:14:00+05:30,2.1,2.15,2.1,2.1,112950,8219175
2025-12-29 14:15:00+05:30,2.1,2.25,2.1,2.25,581700,8219175
2025-12-29 14:16:00+05:30,2.25,2.25,2.15,2.15,250725,8219175
2025-12-29 14:17:00+05:30,2.15,2.25,2.15,2.25,110025,8242275
2025-12-29 14:18:00+05:30,2.25,2.29,2.25,2.29,156825,8242275
2025-12-29 14:19:00+05:30,2.29,2.4,2.25,2.4,267525,8242275
2025-12-29 14:20:00+05:30,2.4,2.45,2.29,2.45,247875,8255175
2025-12-29 14:21:00+05:30,2.45,2.45,2.4,2.45,121200,8255175
2025-12-29 14:22:00+05:30,2.4,2.45,2.4,2.4,237075,8255175
2025-12-29 14:23:00+05:30,2.45,2.45,2.35,2.35,164325,8258550
2025-12-29 14:24:00+05:30,2.35,2.35,2.15,2.2,242850,8258550
2025-12-29 14:25:00+05:30,2.2,2.25,2.15,2.15,460800,8258550
2025-12-29 14:26:00+05:30,2.15,2.2,2.15,2.15,199875,8115750
2025-12-29 14:27:00+05:30,2.15,2.2,2.1,2.1,274800,8115750
2025-12-29 14:28:00+05:30,2.1,2.15,2.1,2.1,153075,8115750
2025-12-29 14:29:00+05:30,2.1,2.15,2.04,2.1,145875,8055750
2025-12-29 14:30:00+05:30,2.04,2.1,2.04,2.1,252450,8055750
2025-12-29 14:31:00+05:30,2.1,2.15,2.1,2.1,85200,8055750
2025-12-29 14:32:00+05:30,2.1,2.1,2.04,2.1,54975,8031975
2025-12-29 14:33:00+05:30,2.1,2.1,2.04,2.04,168300,8031975
2025-12-29 14:34:00+05:30,2.04,2.04,2.0,2.0,220050,8031975
2025-12-29 14:35:00+05:30,2.0,2.04,2.0,2.04,80700,8041275
2025-12-29 14:36:00+05:30,2.0,2.1,2.0,2.1,156750,8041275
2025-12-29 14:37:00+05:30,2.04,2.1,2.04,2.04,51000,8041275
2025-12-29 14:38:00+05:30,2.04,2.1,2.04,2.1,76050,8043600
2025-12-29 14:39:00+05:30,2.04,2.1,2.0,2.0,48975,8043600
2025-12-29 14:40:00+05:30,2.0,2.04,2.0,2.0,46275,8043600
2025-12-29 14:41:00+05:30,2.0,2.04,2.0,2.04,585150,8222850
2025-12-29 14:42:00+05:30,2.04,2.1,2.04,2.1,165150,8222850
2025-12-29 14:43:00+05:30,2.04,2.1,2.04,2.04,150525,8222850
2025-12-29 14:44:00+05:30,2.04,2.2,2.04,2.1,372525,8257575
2025-12-29 14:45:00+05:30,2.1,2.15,2.04,2.1,163575,8257575
2025-12-29 14:46:00+05:30,2.1,2.15,2.04,2.1,117000,8257575
2025-12-29 14:47:00+05:30,2.1,2.1,2.04,2.1,98625,8214375
2025-12-29 14:48:00+05:30,2.04,2.1,2.0,2.04,329550,8214375
2025-12-29 14:49:00+05:30,2.04,2.04,2.0,2.04,121125,8214375
2025-12-29 14:50:00+05:30,1.95,2.04,1.95,2.04,295650,8248725
2025-12-29 14:51:00+05:30,2.04,2.04,2.0,2.04,183300,8248725
2025-12-29 14:52:00+05:30,2.0,2.04,2.0,2.04,146175,8248725
2025-12-29 14:53:00+05:30,2.04,2.04,2.0,2.04,90600,8224875
2025-12-29 14:54:00+05:30,2.0,2.2,2.0,2.2,252375,8224875
2025-12-29 14:55:00+05:30,2.2,2.2,2.1,2.1,132150,8224875
2025-12-29 14:56:00+05:30,2.1,2.15,2.1,2.1,67050,8243625
2025-12-29 14:57:00+05:30,2.1,2.1,2.04,2.1,128625,8243625
2025-12-29 14:58:00+05:30,2.04,2.1,2.0,2.04,104325,8243625
2025-12-29 14:59:00+05:30,2.0,2.04,2.0,2.0,201675,8238600
2025-12-29 15:00:00+05:30,2.0,2.1,2.0,2.04,441975,8238600
2025-12-29 15:01:00+05:30,2.04,2.15,2.04,2.04,268350,8238600
2025-12-29 15:02:00+05:30,2.04,2.15,2.04,2.04,328500,8131200
2025-12-29 15:03:00+05:30,2.04,2.1,2.04,2.04,233625,8131200
2025-12-29 15:04:00+05:30,2.1,2.1,2.04,2.1,114300,8131200
2025-12-29 15:05:00+05:30,2.1,2.1,2.0,2.1,430875,8113425
2025-12-29 15:06:00+05:30,2.1,2.1,2.04,2.1,116400,8113425
2025-12-29 15:07:00+05:30,2.04,2.1,2.0,2.0,277050,8113425
2025-12-29 15:08:00+05:30,2.0,2.1,2.0,2.1,198750,8097375
2025-12-29 15:09:00+05:30,2.1,2.1,2.04,2.1,248775,8097375
2025-12-29 15:10:00+05:30,2.04,2.15,2.04,2.1,617250,8097375
2025-12-29 15:11:00+05:30,2.1,2.2,2.1,2.15,269025,8305875
2025-12-29 15:12:00+05:30,2.15,2.2,2.15,2.15,125775,8305875
2025-12-29 15:13:00+05:30,2.15,2.2,2.15,2.2,487200,8305875
2025-12-29 15:14:00+05:30,2.2,2.25,2.15,2.15,381975,8500350
2025-12-29 15:15:00+05:30,2.1,2.2,2.1,2.15,392250,8500350
2025-12-29 15:16:00+05:30,2.15,2.25,2.15,2.2,448275,8500350
2025-12-29 15:17:00+05:30,2.2,2.25,2.2,2.25,171900,8361525
2025-12-29 15:18:00+05:30,2.25,2.25,2.2,2.2,282825,8361525
2025-12-29 15:19:00+05:30,2.2,2.25,2.2,2.2,134025,8361525
2025-12-29 15:20:00+05:30,2.2,2.25,2.2,2.2,360600,8321325
2025-12-29 15:21:00+05:30,2.2,2.2,2.15,2.15,629100,8321325
2025-12-29 15:22:00+05:30,2.15,2.15,2.1,2.1,459225,8321325
2025-12-29 15:23:00+05:30,2.1,2.1,2.0,2.0,297675,8140875
2025-12-29 15:24:00+05:30,2.0,2.0,1.95,2.0,454800,8140875
2025-12-29 15:25:00+05:30,2.15,2.2,2.04,2.1,972000,8140875
2025-12-29 15:26:00+05:30,2.15,2.2,2.1,2.15,552450,7989000
2025-12-29 15:27:00+05:30,2.15,2.2,2.1,2.15,369450,7989000
2025-12-29 15:28:00+05:30,2.15,2.2,2.1,2.2,638850,7989000
2025-12-29 15:29:00+05:30,2.15,2.25,2.0,2.04,830400,8174400
2025-12-30 09:15:00+05:30,1.4,1.6,1.0,1.45,3942075,8140725
2025-12-30 09:16:00+05:30,1.4,1.5,1.35,1.4,2338050,8672550
2025-12-30 09:17:00+05:30,1.4,1.45,1.3,1.35,1483500,8672550
2025-12-30 09:18:00+05:30,1.35,1.4,1.2,1.25,1152975,8672550
2025-12-30 09:19:00+05:30,1.3,1.3,1.2,1.25,858975,9074250
2025-12-30 09:20:00+05:30,1.3,1.3,1.2,1.25,1289850,9074250
2025-12-30 09:21:00+05:30,1.3,1.35,1.25,1.3,896250,9074250
2025-12-30 09:22:00+05:30,1.35,1.35,1.25,1.3,982125,9425100
2025-12-30 09:23:00+05:30,1.3,1.3,1.25,1.3,818475,9425100
2025-12-30 09:24:00+05:30,1.25,1.35,1.25,1.35,551175,9425100
2025-12-30 09:25:00+05:30,1.35,1.35,1.3,1.3,527925,9764700
2025-12-30 09:26:00+05:30,1.3,1.35,1.3,1.35,488700,9764700
2025-12-30 09:27:00+05:30,1.35,1.35,1.3,1.3,329775,9764700
2025-12-30 09:28:00+05:30,1.35,1.35,1.3,1.35,543300,10021800
2025-12-30 09:29:00+05:30,1.3,1.4,1.3,1.35,409350,10021800
2025-12-30 09:30:00+05:30,1.35,1.45,1.35,1.45,755100,10021800
2025-12-30 09:31:00+05:30,1.45,1.45,1.4,1.45,351975,10231050
2025-12-30 09:32:00+05:30,1.45,1.45,1.4,1.45,482250,10231050
2025-12-30 09:33:00+05:30,1.4,1.4,1.35,1.4,368550,10231050
2025-12-30 09:34:00+05:30,1.4,1.4,1.3,1.3,506325,10432500
2025-12-30 09:35:00+05:30,1.3,1.35,1.25,1.3,519900,10432500
2025-12-30 09:36:00+05:30,1.3,1.3,1.2,1.2,407775,10432500
2025-12-30 09:37:00+05:30,1.25,1.25,1.1,1.1,348525,10489650
2025-12-30 09:38:00+05:30,1.14,1.14,1.05,1.05,372075,10489650
2025-12-30 09:39:00+05:30,1.05,1.1,1.05,1.1,367050,10489650
2025-12-30 09:40:00+05:30,1.05,1.1,1.05,1.05,339375,10313475
2025-12-30 09:41:00+05:30,1.1,1.14,1.05,1.1,428175,10313475
2025-12-30 09:42:00+05:30,1.1,1.1,1.05,1.05,462375,10313475
2025-12-30 09:43:00+05:30,1.05,1.14,1.0,1.0,1153800,10565100
2025-12-30 09:44:00+05:30,1.05,1.05,0.95,1.0,407025,10565100
2025-12-30 09:45:00+05:30,1.05,1.1,1.0,1.05,665250,10565100
2025-12-30 09:46:00+05:30,1.1,1.1,1.05,1.05,229425,10545825
2025-12-30 09:47:00+05:30,1.05,1.1,1.05,1.1,263325,10545825
2025-12-30 09:48:00+05:30,1.1,1.14,1.05,1.14,242025,10545825
2025-12-30 09:49:00+05:30,1.1,1.2,1.1,1.14,566325,10593300
2025-12-30 09:50:00+05:30,1.1,1.14,1.1,1.14,119025,10593300
2025-12-30 09:51:00+05:30,1.14,1.14,1.0,1.05,298350,10593300
2025-12-30 09:52:00+05:30,1.05,1.05,0.9,0.9,421875,10752750
2025-12-30 09:53:00+05:30,0.95,0.95,0.9,0.9,229800,10752750
2025-12-30 09:54:00+05:30,0.95,1.0,0.9,0.95,287175,10752750
2025-12-30 09:55:00+05:30,0.95,1.0,0.9,0.9,458550,10527825
2025-12-30 09:56:00+05:30,0.9,0.95,0.9,0.95,216900,10527825
2025-12-30 09:57:00+05:30,0.95,0.95,0.9,0.95,163800,10527825
2025-12-30 09:58:00+05:30,0.95,0.95,0.9,0.95,186825,10500525
2025-12-30 09:59:00+05:30,0.95,0.95,0.9,0.9,104625,10500525
2025-12-30 10:00:00+05:30,0.95,0.95,0.9,0.95,123375,10500525
2025-12-30 10:01:00+05:30,0.95,0.95,0.9,0.95,203400,10576125
2025-12-30 10:02:00+05:30,0.9,1.0,0.9,0.9,279150,10576125
2025-12-30 10:03:00+05:30,0.95,0.95,0.9,0.9,86175,10576125
2025-12-30 10:04:00+05:30,0.95,0.95,0.85,0.85,162150,10703925
2025-12-30 10:05:00+05:30,0.9,0.9,0.85,0.85,146475,10703925
2025-12-30 10:06:00+05:30,0.9,0.9,0.75,0.8,760650,10703925
2025-12-30 10:07:00+05:30,0.8,0.85,0.75,0.75,241425,10871625
2025-12-30 10:08:00+05:30,0.75,0.8,0.7,0.75,105900,10871625
2025-12-30 10:09:00+05:30,0.75,0.8,0.7,0.8,212025,10871625
2025-12-30 10:10:00+05:30,0.8,0.8,0.75,0.8,77400,10793625
2025-12-30 10:11:00+05:30,0.75,0.8,0.7,0.75,114825,10793625
2025-12-30 10:12:00+05:30,0.75,0.75,0.7,0.7,114975,10793625
2025-12-30 10:13:00+05:30,0.75,0.75,0.7,0.7,32100,10756200
2025-12-30 10:14:00+05:30,0.7,0.75,0.7,0.7,175425,10756200
2025-12-30 10:15:00+05:30,0.7,0.75,0.7,0.75,62700,10756200
2025-12-30 10:16:00+05:30,0.75,0.8,0.7,0.75,231525,10706550
2025-12-30 10:17:00+05:30,0.75,0.8,0.7,0.75,290100,10706550
2025-12-30 10:18:00+05:30,0.75,0.8,0.75,0.75,152175,10706550
2025-12-30 10:19:00+05:30,0.75,0.8,0.75,0.75,161175,10736325
2025-12-30 10:20:00+05:30,0.8,0.8,0.75,0.75,197775,10736325
2025-12-30 10:21:00+05:30,0.75,0.8,0.7,0.7,90300,10736325
2025-12-30 10:22:00+05:30,0.7,0.75,0.7,0.7,36825,10854675
2025-12-30 10:23:00+05:30,0.7,0.75,0.6,0.65,426675,10854675
2025-12-30 10:24:00+05:30,0.65,0.7,0.6,0.6,349800,10854675
2025-12-30 10:25:00+05:30,0.65,0.65,0.6,0.65,236025,10617375
2025-12-30 10:26:00+05:30,0.6,0.65,0.6,0.6,290775,10617375
2025-12-30 10:27:00+05:30,0.6,0.65,0.6,0.6,352200,10617375
2025-12-30 10:28:00+05:30,0.6,0.65,0.55,0.55,364575,10597800
2025-12-30 10:29:00+05:30,0.6,0.6,0.55,0.6,63750,10597800
2025-12-30 10:30:00+05:30,0.6,0.6,0.55,0.6,309375,10597800
2025-12-30 10:31:00+05:30,0.6,0.6,0.55,0.6,150675,10519650
2025-12-30 10:32:00+05:30,0.6,0.6,0.55,0.55,66150,10519650
2025-12-30 10:33:00+05:30,0.55,0.6,0.55,0.55,55875,10519650
2025-12-30 10:34:00+05:30,0.6,0.6,0.55,0.6,88950,10463850
2025-12-30 10:35:00+05:30,0.55,0.6,0.55,0.55,48075,10463850
2025-12-30 10:36:00+05:30,0.55,0.6,0.55,0.6,119100,10463850
2025-12-30 10:37:00+05:30,0.55,0.6,0.5,0.5,173550,10411050
2025-12-30 10:38:00+05:30,0.5,0.55,0.5,0.5,225000,10411050
2025-12-30 10:39:00+05:30,0.55,0.6,0.5,0.55,221100,10411050
2025-12-30 10:40:00+05:30,0.6,0.6,0.55,0.55,121800,10362825
2025-12-30 10:41:00+05:30,0.6,0.6,0.55,0.6,37050,10362825
2025-12-30 10:42:00+05:30,0.55,0.6,0.55,0.6,63075,10362825
2025-12-30 10:43:00+05:30,0.55,0.6,0.55,0.55,28800,10360200
2025-12-30 10:44:00+05:30,0.55,0.6,0.55,0.6,46200,10360200
2025-12-30 10:45:00+05:30,0.6,0.6,0.55,0.55,107250,10360200
2025-12-30 10:46:00+05:30,0.6,0.6,0.55,0.55,137625,10338600
2025-12-30 10:47:00+05:30,0.6,0.6,0.55,0.6,49800,10338600
2025-12-30 10:48:00+05:30,0.55,0.6,0.55,0.6,43050,10338600
2025-12-30 10:49:00+05:30,0.6,0.6,0.55,0.55,23175,10312800
2025-12-30 10:50:00+05:30,0.55,0.65,0.55,0.6,319575,10312800
2025-12-30 10:51:00+05:30,0.6,0.65,0.6,0.6,83925,10312800
2025-12-30 10:52:00+05:30,0.65,0.65,0.6,0.6,114825,10312650
2025-12-30 10:53:00+05:30,0.65,0.65,0.6,0.6,162450,10312650
2025-12-30 10:54:00+05:30,0.65,0.65,0.6,0.6,130575,10312650
2025-12-30 10:55:00+05:30,0.65,0.65,0.6,0.65,180825,10358625
2025-12-30 10:56:00+05:30,0.65,0.75,0.65,0.7,490800,10358625
2025-12-30 10:57:00+05:30,0.75,0.75,0.7,0.75,424425,10358625
2025-12-30 10:58:00+05:30,0.75,0.75,0.7,0.7,207975,10491975
2025-12-30 10:59:00+05:30,0.75,0.8,0.7,0.75,961275,10491975
2025-12-30 11:00:00+05:30,0.75,0.8,0.7,0.8,537600,10491975
2025-12-30 11:01:00+05:30,0.8,0.8,0.7,0.75,426750,11202375
2025-12-30 11:02:00+05:30,0.75,0.8,0.75,0.75,181950,11202375
2025-12-30 11:03:00+05:30,0.75,0.8,0.75,0.75,99600,11202375
2025-12-30 11:04:00+05:30,0.75,0.8,0.7,0.75,109575,11324850
2025-12-30 11:05:00+05:30,0.75,0.75,0.65,0.65,107100,11324850
2025-12-30 11:06:00+05:30,0.7,0.7,0.65,0.65,121050,11324850
2025-12-30 11:07:00+05:30,0.65,0.75,0.65,0.75,143850,11322975
2025-12-30 11:08:00+05:30,0.7,0.75,0.7,0.75,68925,11322975
2025-12-30 11:09:00+05:30,0.75,0.75,0.7,0.7,267450,11322975
2025-12-30 11:10:00+05:30,0.7,0.8,0.7,0.75,344250,11433075
2025-12-30 11:11:00+05:30,0.8,0.8,0.7,0.75,430350,11433075
2025-12-30 11:12:00+05:30,0.8,0.8,0.75,0.8,118950,11433075
2025-12-30 11:13:00+05:30,0.75,0.8,0.7,0.75,158625,11611050
2025-12-30 11:14:00+05:30,0.7,0.75,0.7,0.75,85800,11611050
2025-12-30 11:15:00+05:30,0.7,0.75,0.7,0.75,162075,11611050
2025-12-30 11:16:00+05:30,0.7,0.75,0.7,0.7,145125,11728500
2025-12-30 11:17:00+05:30,0.7,0.75,0.7,0.7,82275,11728500
2025-12-30 11:18:00+05:30,0.75,0.75,0.7,0.75,21225,11728500
2025-12-30 11:19:00+05:30,0.7,0.75,0.7,0.7,50025,11807100
2025-12-30 11:20:00+05:30,0.75,0.75,0.7,0.75,29400,11807100
2025-12-30 11:21:00+05:30,0.75,0.75,0.7,0.75,131925,11807100
2025-12-30 11:22:00+05:30,0.75,0.75,0.7,0.7,51450,11823075
2025-12-30 11:23:00+05:30,0.7,0.75,0.7,0.75,69450,11823075
2025-12-30 11:24:00+05:30,0.75,0.75,0.7,0.7,24750,11823075
2025-12-30 11:25:00+05:30,0.7,0.75,0.65,0.65,125175,11853225
2025-12-30 11:26:00+05:30,0.7,0.7,0.65,0.65,70200,11853225
2025-12-30 11:27:00+05:30,0.7,0.7,0.6,0.65,230175,11853225
2025-12-30 11:28:00+05:30,0.7,0.7,0.65,0.65,19425,11607600
2025-12-30 11:29:00+05:30,0.7,0.7,0.65,0.7,24900,11607600
2025-12-30 11:30:00+05:30,0.7,0.7,0.65,0.65,60750,11607600
2025-12-30 11:31:00+05:30,0.7,0.7,0.65,0.7,124275,11583975
2025-12-30 11:32:00+05:30,0.7,0.7,0.65,0.7,79875,11583975
2025-12-30 11:33:00+05:30,0.7,0.75,0.65,0.75,123450,11583975
2025-12-30 11:34:00+05:30,0.75,0.75,0.7,0.75,112200,11631300
2025-12-30 11:35:00+05:30,0.7,0.8,0.7,0.8,460800,11631300
2025-12-30 11:36:00+05:30,0.75,0.85,0.75,0.8,170475,11631300
2025-12-30 11:37:00+05:30,0.85,0.9,0.8,0.9,318675,11768325
2025-12-30 11:38:00+05:30,0.9,0.9,0.85,0.85,264675,11768325
2025-12-30 11:39:00+05:30,0.85,0.9,0.8,0.9,292575,11768325
2025-12-30 11:40:00+05:30,0.9,0.9,0.85,0.9,248250,11768325
2025-12-30 11:41:00+05:30,0.85,0.85,0.8,0.8,89925,12048075
2025-12-30 11:42:00+05:30,0.8,0.85,0.8,0.85,140700,12048075
2025-12-30 11:43:00+05:30,0.75,0.8,0.75,0.75,61575,12085500
2025-12-30 11:44:00+05:30,0.8,0.8,0.75,0.75,31800,12085500
2025-12-30 11:45:00+05:30,0.75,0.8,0.7,0.7,222975,12085500
2025-12-30 11:46:00+05:30,0.75,0.8,0.7,0.75,309075,12085500
2025-12-30 11:47:00+05:30,0.8,0.8,0.75,0.75,92925,12104175
2025-12-30 11:48:00+05:30,0.75,0.8,0.75,0.75,8700,12104175
2025-12-30 11:49:00+05:30,0.8,0.8,0.75,0.8,20550,12104175
2025-12-30 11:50:00+05:30,0.8,0.8,0.75,0.8,116550,12024150
2025-12-30 11:51:00+05:30,0.75,0.8,0.75,0.75,85275,12024150
2025-12-30 11:52:00+05:30,0.75,0.8,0.75,0.75,31125,12024150
2025-12-30 11:53:00+05:30,0.8,0.8,0.7,0.7,99075,12035325
2025-12-30 11:54:00+05:30,0.7,0.75,0.7,0.75,44625,12035325
2025-12-30 11:55:00+05:30,0.75,0.75,0.7,0.7,16575,12035325
2025-12-30 11:56:00+05:30,0.75,0.75,0.7,0.75,152400,12027225
2025-12-30 11:57:00+05:30,0.75,0.75,0.7,0.75,61425,12027225
2025-12-30 11:58:00+05:30,0.75,0.75,0.7,0.75,129975,12027225
2025-12-30 11:59:00+05:30,0.75,0.75,0.7,0.7,93300,11996850
2025-12-30 12:00:00+05:30,0.75,0.75,0.65,0.65,300600,11996850
2025-12-30 12:01:00+05:30,0.65,0.7,0.65,0.7,194100,11996850
2025-12-30 12:02:00+05:30,0.65,0.7,0.65,0.7,136200,11971650
2025-12-30 12:03:00+05:30,0.7,0.75,0.65,0.75,110625,11971650
2025-12-30 12:04:00+05:30,0.75,0.75,0.7,0.75,190350,11971650
2025-12-30 12:05:00+05:30,0.75,0.75,0.7,0.75,54450,11948700
2025-12-30 12:06:00+05:30,0.75,0.8,0.75,0.8,139125,11948700
2025-12-30 12:07:00+05:30,0.8,0.85,0.75,0.85,313650,11948700
2025-12-30 12:08:00+05:30,0.8,0.8,0.75,0.8,141975,12103725
2025-12-30 12:09:00+05:30,0.8,0.8,0.75,0.8,115125,12103725
2025-12-30 12:10:00+05:30,0.8,0.8,0.75,0.8,98850,12103725
2025-12-30 12:11:00+05:30,0.8,0.8,0.75,0.75,92550,12130800
2025-12-30 12:12:00+05:30,0.8,0.85,0.8,0.8,159225,12130800
2025-12-30 12:13:00+05:30,0.85,0.85,0.8,0.8,80700,12130800
2025-12-30 12:14:00+05:30,0.8,0.85,0.75,0.8,116250,12236025
2025-12-30 12:15:00+05:30,0.8,0.8,0.75,0.8,145650,12236025
2025-12-30 12:16:00+05:30,0.75,0.8,0.75,0.8,86625,12236025
2025-12-30 12:17:00+05:30,0.75,0.8,0.75,0.8,123600,12229875
2025-12-30 12:18:00+05:30,0.8,0.8,0.75,0.75,111450,12229875
2025-12-30 12:19:00+05:30,0.8,0.8,0.75,0.8,72600,12229875
2025-12-30 12:20:00+05:30,0.8,0.8,0.75,0.8,86925,12227625
2025-12-30 12:21:00+05:30,0.8,0.8,0.75,0.75,71325,12227625
2025-12-30 12:22:00+05:30,0.8,0.85,0.75,0.8,98400,12227625
2025-12-30 12:23:00+05:30,0.85,0.85,0.75,0.75,72075,12268275
2025-12-30 12:24:00+05:30,0.8,0.8,0.75,0.8,32550,12268275
2025-12-30 12:25:00+05:30,0.8,0.8,0.75,0.8,290925,12268275
2025-12-30 12:26:00+05:30,0.8,0.8,0.75,0.8,45525,12109050
2025-12-30 12:27:00+05:30,0.75,0.8,0.75,0.8,29700,12109050
2025-12-30 12:28:00+05:30,0.75,0.8,0.75,0.75,36750,12109050
2025-12-30 12:29:00+05:30,0.8,0.85,0.75,0.85,406800,12137775
2025-12-30 12:30:00+05:30,0.85,0.85,0.8,0.8,177900,12137775
2025-12-30 12:31:00+05:30,0.85,0.85,0.8,0.8,85725,12137775
2025-12-30 12:32:00+05:30,0.85,0.85,0.75,0.75,177825,12367950
2025-12-30 12:33:00+05:30,0.75,0.8,0.75,0.75,106800,12367950
2025-12-30 12:34:00+05:30,0.75,0.8,0.75,0.8,80925,12367950
2025-12-30 12:35:00+05:30,0.8,0.8,0.75,0.75,86475,12394050
2025-12-30 12:36:00+05:30,0.8,0.8,0.75,0.8,132750,12394050
2025-12-30 12:37:00+05:30,0.8,0.8,0.75,0.75,113100,12394050
2025-12-30 12:38:00+05:30,0.75,0.75,0.7,0.7,364575,12415875
2025-12-30 12:39:00+05:30,0.7,0.75,0.7,0.75,107325,12415875
2025-12-30 12:40:00+05:30,0.7,0.75,0.7,0.7,237600,12415875
2025-12-30 12:41:00+05:30,0.7,0.75,0.7,0.75,79050,12292050
2025-12-30 12:42:00+05:30,0.75,0.8,0.7,0.75,158025,12292050
2025-12-30 12:43:00+05:30,0.75,0.8,0.75,0.75,96375,12292050
2025-12-30 12:44:00+05:30,0.8,0.8,0.7,0.7,226725,12277050
2025-12-30 12:45:00+05:30,0.7,0.7,0.65,0.65,248400,12277050
2025-12-30 12:46:00+05:30,0.65,0.75,0.65,0.7,221400,12277050
2025-12-30 12:47:00+05:30,0.7,0.7,0.65,0.7,137850,12134400
2025-12-30 12:48:00+05:30,0.7,0.75,0.7,0.7,76800,12134400
2025-12-30 12:49:00+05:30,0.7,0.75,0.65,0.7,109650,12134400
2025-12-30 12:50:00+05:30,0.7,0.7,0.65,0.7,236250,12164850
2025-12-30 12:51:00+05:30,0.65,0.7,0.55,0.65,771225,12164850
2025-12-30 12:52:00+05:30,0.65,0.7,0.6,0.65,238050,12164850
2025-12-30 12:53:00+05:30,0.65,0.7,0.65,0.65,238350,11800200
2025-12-30 12:54:00+05:30,0.65,0.7,0.6,0.65,175050,11800200
2025-12-30 12:55:00+05:30,0.6,0.7,0.6,0.65,756750,11800200
2025-12-30 12:56:00+05:30,0.7,0.75,0.65,0.65,291450,11386875
2025-12-30 12:57:00+05:30,0.7,0.8,0.65,0.75,483900,11386875
2025-12-30 12:58:00+05:30,0.8,0.8,0.75,0.75,197850,11386875
2025-12-30 12:59:00+05:30,0.75,0.75,0.7,0.7,92775,11466675
2025-12-30 13:00:00+05:30,0.75,0.75,0.65,0.7,117750,11466675
2025-12-30 13:01:00+05:30,0.7,0.7,0.65,0.7,163575,11466675
2025-12-30 13:02:00+05:30,0.7,0.7,0.65,0.7,195150,11513850
2025-12-30 13:03:00+05:30,0.7,0.7,0.6,0.65,88875,11513850
2025-12-30 13:04:00+05:30,0.65,0.7,0.65,0.65,193725,11513850
2025-12-30 13:05:00+05:30,0.65,0.7,0.6,0.65,147675,11605500
2025-12-30 13:06:00+05:30,0.65,0.65,0.6,0.6,95475,11605500
2025-12-30 13:07:00+05:30,0.65,0.65,0.6,0.6,51075,11605500
2025-12-30 13:08:00+05:30,0.65,0.65,0.55,0.6,123075,11632125
2025-12-30 13:09:00+05:30,0.6,0.6,0.55,0.55,112725,11632125
2025-12-30 13:10:00+05:30,0.55,0.6,0.45,0.5,821475,11632125
2025-12-30 13:11:00+05:30,0.5,0.55,0.45,0.55,959100,11445825
2025-12-30 13:12:00+05:30,0.5,0.6,0.5,0.55,974025,11445825
2025-12-30 13:13:00+05:30,0.55,0.6,0.5,0.55,429150,11445825
2025-12-30 13:14:00+05:30,0.5,0.55,0.5,0.5,214275,11022825
2025-12-30 13:15:00+05:30,0.55,0.65,0.55,0.55,354450,11022825
2025-12-30 13:16:00+05:30,0.6,0.65,0.55,0.55,187875,11022825
2025-12-30 13:17:00+05:30,0.6,0.6,0.55,0.55,269250,11032800
2025-12-30 13:18:00+05:30,0.6,0.6,0.55,0.55,61875,11032800
2025-12-30 13:19:00+05:30,0.6,0.6,0.55,0.55,134400,11032800
2025-12-30 13:20:00+05:30,0.6,0.6,0.55,0.55,258300,11069325
2025-12-30 13:21:00+05:30,0.6,0.6,0.55,0.55,132450,11069325
2025-12-30 13:22:00+05:30,0.55,0.6,0.55,0.55,18075,11069325
2025-12-30 13:23:00+05:30,0.55,0.6,0.5,0.5,205200,11264775
2025-12-30 13:24:00+05:30,0.5,0.55,0.5,0.55,75225,11264775
2025-12-30 13:25:00+05:30,0.5,0.55,0.5,0.5,42450,11264775
2025-12-30 13:26:00+05:30,0.5,0.6,0.5,0.55,213825,11052750
2025-12-30 13:27:00+05:30,0.55,0.6,0.45,0.5,697800,11052750
2025-12-30 13:28:00+05:30,0.5,0.55,0.45,0.45,381600,11052750
2025-12-30 13:29:00+05:30,0.45,0.5,0.45,0.45,116025,10971900
2025-12-30 13:30:00+05:30,0.5,0.5,0.45,0.45,69975,10971900
2025-12-30 13:31:00+05:30,0.5,0.5,0.45,0.5,81075,10971900
2025-12-30 13:32:00+05:30,0.45,0.5,0.45,0.45,260925,10942350
2025-12-30 13:33:00+05:30,0.45,0.5,0.45,0.45,263625,10942350
2025-12-30 13:34:00+05:30,0.45,0.5,0.45,0.45,207225,10942350
2025-12-30 13:35:00+05:30,0.45,0.5,0.4,0.4,366150,10954050
2025-12-30 13:36:00+05:30,0.4,0.45,0.4,0.4,1098225,10954050
2025-12-30 13:37:00+05:30,0.4,0.45,0.35,0.35,434400,10954050
2025-12-30 13:38:00+05:30,0.35,0.45,0.35,0.45,694275,10698750
2025-12-30 13:39:00+05:30,0.45,0.45,0.4,0.4,132300,10698750
2025-12-30 13:40:00+05:30,0.4,0.45,0.4,0.4,45225,10698750
2025-12-30 13:41:00+05:30,0.4,0.45,0.35,0.4,267150,10582200
2025-12-30 13:42:00+05:30,0.4,0.4,0.35,0.35,88575,10582200
2025-12-30 13:43:00+05:30,0.35,0.4,0.25,0.3,1864875,10582200
2025-12-30 13:44:00+05:30,0.3,0.3,0.25,0.25,420825,10343850
2025-12-30 13:45:00+05:30,0.25,0.3,0.2,0.2,1204050,10343850
2025-12-30 13:46:00+05:30,0.25,0.3,0.2,0.3,1468725,10343850
2025-12-30 13:47:00+05:30,0.25,0.3,0.25,0.3,438675,10168875
2025-12-30 13:48:00+05:30,0.3,0.3,0.25,0.25,329775,10168875
2025-12-30 13:49:00+05:30,0.3,0.3,0.25,0.25,97725,10168875
2025-12-30 13:50:00+05:30,0.25,0.3,0.25,0.25,237975,10081875
2025-12-30 13:51:00+05:30,0.3,0.3,0.25,0.3,917250,10081875
2025-12-30 13:52:00+05:30,0.3,0.35,0.25,0.25,415350,10081875
2025-12-30 13:53:00+05:30,0.25,0.3,0.25,0.25,22575,10017225
2025-12-30 13:54:00+05:30,0.25,0.3,0.25,0.25,17175,10017225
2025-12-30 13:55:00+05:30,0.3,0.3,0.25,0.25,38625,10017225
2025-12-30 13:56:00+05:30,0.25,0.3,0.25,0.25,948975,10006650
2025-12-30 13:57:00+05:30,0.25,0.3,0.2,0.2,234075,10006650
2025-12-30 13:58:00+05:30,0.2,0.25,0.2,0.25,39150,10006650
2025-12-30 13:59:00+05:30,0.25,0.25,0.2,0.2,72675,9913425
2025-12-30 14:00:00+05:30,0.2,0.25,0.2,0.2,32550,9913425
2025-12-30 14:01:00+05:30,0.2,0.25,0.2,0.25,62325,9913425
2025-12-30 14:02:00+05:30,0.25,0.25,0.2,0.25,250650,9796575
2025-12-30 14:03:00+05:30,0.25,0.25,0.2,0.25,20700,9796575
2025-12-30 14:04:00+05:30,0.25,0.25,0.2,0.2,62850,9796575
2025-12-30 14:05:00+05:30,0.2,0.25,0.2,0.2,196500,9804750
2025-12-30 14:06:00+05:30,0.25,0.25,0.2,0.2,85200,9804750
2025-12-30 14:07:00+05:30,0.2,0.25,0.2,0.2,43200,9804750
2025-12-30 14:08:00+05:30,0.2,0.25,0.15,0.2,555525,9722925
2025-12-30 14:09:00+05:30,0.2,0.25,0.15,0.25,663075,9722925
2025-12-30 14:10:00+05:30,0.25,0.25,0.2,0.25,114375,9722925
2025-12-30 14:11:00+05:30,0.2,0.25,0.2,0.2,193725,9396300
2025-12-30 14:12:00+05:30,0.2,0.25,0.2,0.2,23025,9396300
2025-12-30 14:13:00+05:30,0.2,0.25,0.2,0.2,11400,9396300
2025-12-30 14:14:00+05:30,0.25,0.25,0.2,0.25,28800,9489375
2025-12-30 14:15:00+05:30,0.2,0.25,0.2,0.2,103725,9489375
2025-12-30 14:16:00+05:30,0.25,0.25,0.15,0.2,34575,9489375
2025-12-30 14:17:00+05:30,0.15,0.2,0.15,0.15,300675,9444375
2025-12-30 14:18:00+05:30,0.2,0.2,0.15,0.15,48750,9444375
2025-12-30 14:19:00+05:30,0.2,0.2,0.15,0.2,45675,9444375
2025-12-30 14:20:00+05:30,0.2,0.25,0.15,0.2,491400,9449175
2025-12-30 14:21:00+05:30,0.25,0.25,0.2,0.25,126450,9449175
2025-12-30 14:22:00+05:30,0.2,0.25,0.15,0.15,570900,9449175
2025-12-30 14:23:00+05:30,0.15,0.2,0.15,0.15,323625,9666000
2025-12-30 14:24:00+05:30,0.2,0.2,0.15,0.2,383775,9666000
2025-12-30 14:25:00+05:30,0.2,0.2,0.15,0.15,140925,9666000
2025-12-30 14:26:00+05:30,0.15,0.2,0.15,0.15,383400,9722850
2025-12-30 14:27:00+05:30,0.15,0.2,0.15,0.15,160725,9722850
2025-12-30 14:28:00+05:30,0.2,0.2,0.15,0.15,118725,9722850
2025-12-30 14:29:00+05:30,0.2,0.2,0.15,0.2,119625,9715725
2025-12-30 14:30:00+05:30,0.2,0.2,0.15,0.2,153375,9715725
2025-12-30 14:31:00+05:30,0.2,0.2,0.15,0.2,341550,9715725
2025-12-30 14:32:00+05:30,0.2,0.2,0.15,0.15,177375,9703500
2025-12-30 14:33:00+05:30,0.2,0.2,0.15,0.15,179175,9703500
2025-12-30 14:34:00+05:30,0.2,0.25,0.15,0.25,665400,9703500
2025-12-30 14:35:00+05:30,0.2,0.35,0.2,0.35,811875,9485250
2025-12-30 14:36:00+05:30,0.3,0.35,0.3,0.3,317700,9485250
2025-12-30 14:37:00+05:30,0.35,0.35,0.2,0.2,497475,9485250
2025-12-30 14:38:00+05:30,0.25,0.4,0.2,0.35,1010700,9478425
2025-12-30 14:39:00+05:30,0.3,0.35,0.25,0.3,629850,9478425
2025-12-30 14:40:00+05:30,0.3,0.35,0.25,0.25,218475,9478425
2025-12-30 14:41:00+05:30,0.25,0.3,0.2,0.3,267600,9537600
2025-12-30 14:42:00+05:30,0.3,0.3,0.25,0.3,225450,9537600
2025-12-30 14:43:00+05:30,0.3,0.3,0.2,0.25,149475,9537600
2025-12-30 14:44:00+05:30,0.2,0.25,0.2,0.25,67200,9494100
2025-12-30 14:45:00+05:30,0.25,0.25,0.2,0.25,45300,9494100
2025-12-30 14:46:00+05:30,0.25,0.25,0.2,0.25,108525,9494100
2025-12-30 14:47:00+05:30,0.2,0.25,0.15,0.2,183375,9128025
2025-12-30 14:48:00+05:30,0.15,0.2,0.15,0.15,98850,9128025
2025-12-30 14:49:00+05:30,0.15,0.2,0.15,0.2,103050,9128025
2025-12-30 14:50:00+05:30,0.15,0.2,0.15,0.2,145650,8963625
2025-12-30 14:51:00+05:30,0.2,0.2,0.15,0.15,73950,8963625
2025-12-30 14:52:00+05:30,0.15,0.2,0.15,0.15,157275,8963625
2025-12-30 14:53:00+05:30,0.15,0.2,0.15,0.15,143775,8904000
2025-12-30 14:54:00+05:30,0.15,0.2,0.15,0.2,55125,8904000
2025-12-30 14:55:00+05:30,0.2,0.2,0.15,0.15,104700,8904000
2025-12-30 14:56:00+05:30,0.2,0.2,0.15,0.2,72675,8904000
2025-12-30 14:57:00+05:30,0.15,0.2,0.15,0.15,56100,8875275
2025-12-30 14:58:00+05:30,0.2,0.2,0.15,0.2,101700,8875275
2025-12-30 14:59:00+05:30,0.15,0.2,0.15,0.2,227100,8786025
2025-12-30 15:00:00+05:30,0.2,0.2,0.15,0.15,364500,8786025
2025-12-30 15:01:00+05:30,0.15,0.2,0.15,0.15,136125,8786025
2025-12-30 15:02:00+05:30,0.15,0.2,0.1,0.15,826200,8459475
2025-12-30 15:03:00+05:30,0.15,0.2,0.15,0.15,179100,8459475
2025-12-30 15:04:00+05:30,0.15,0.2,0.15,0.15,172275,8459475
2025-12-30 15:05:00+05:30,0.15,0.2,0.15,0.15,156675,8292900
2025-12-30 15:06:00+05:30,0.15,0.2,0.15,0.15,415275,8292900
2025-12-30 15:07:00+05:30,0.2,0.2,0.1,0.1,720600,8292900
2025-12-30 15:08:00+05:30,0.1,0.15,0.1,0.15,201900,8292900
2025-12-30 15:09:00+05:30,0.15,0.15,0.1,0.1,151425,7929675
2025-12-30 15:10:00+05:30,0.1,0.1,0.1,0.1,230175,7929675
2025-12-30 15:11:00+05:30,0.1,0.15,0.1,0.15,125325,7929675
2025-12-30 15:12:00+05:30,0.1,0.15,0.1,0.1,158925,7722300
2025-12-30 15:13:00+05:30,0.1,0.15,0.1,0.1,194625,7722300
2025-12-30 15:14:00+05:30,0.1,0.15,0.05,0.05,199425,7722300
2025-12-30 15:15:00+05:30,0.05,0.1,0.05,0.05,256500,7579575
2025-12-30 15:16:00+05:30,0.05,0.1,0.05,0.1,127500,7579575
2025-12-30 15:17:00+05:30,0.05,0.1,0.05,0.05,357975,7579575
2025-12-30 15:18:00+05:30,0.1,0.1,0.05,0.05,303900,7381875
2025-12-30 15:19:00+05:30,0.05,0.1,0.05,0.05,84225,7381875
2025-12-30 15:20:00+05:30,0.05,0.1,0.05,0.05,841125,7381875
2025-12-30 15:21:00+05:30,0.05,0.05,0.05,0.05,781650,6566925
2025-12-30 15:22:00+05:30,0.05,0.1,0.05,0.1,126900,6566925
2025-12-30 15:23:00+05:30,0.05,0.1,0.05,0.05,73575,6566925
2025-12-30 15:24:00+05:30,0.1,0.1,0.05,0.05,239400,5794425
2025-12-30 15:25:00+05:30,0.05,0.05,0.05,0.05,44025,5794425
2025-12-30 15:26:00+05:30,0.05,0.05,0.05,0.05,65400,5794425
2025-12-30 15:27:00+05:30,0.05,0.05,0.05,0.05,78750,5478525
2025-12-30 15:28:00+05:30,0.05,0.05,0.05,0.05,13725,5478525
2025-12-30 15:29:00+05:30,0.05,0.05,0.05,0.05,117900,5478525
