timestamp,open,high,low,close,volume,open_interest
2026-04-08 09:17:00+05:30,317.35,317.35,300.4,301.4,3185,65
2026-04-08 09:18:00+05:30,303.05,307.45,299.45,305.2,2860,65
2026-04-08 09:19:00+05:30,303.55,308.5,303.55,305.7,1170,2340
2026-04-08 09:20:00+05:30,304.4,304.4,297.5,297.5,260,2340
2026-04-08 09:21:00+05:30,290.2,290.25,288.3,288.7,325,3770
2026-04-08 09:22:00+05:30,290.95,297.4,290.95,297.35,455,3770
2026-04-08 09:23:00+05:30,295.0,305.75,295.0,305.15,1300,3770
2026-04-08 09:24:00+05:30,308.35,309.4,305.15,309.4,1625,3770
2026-04-08 09:25:00+05:30,306.25,310.6,305.0,308.75,1300,5070
2026-04-08 09:26:00+05:30,308.75,308.75,308.3,308.75,260,5070
2026-04-08 09:27:00+05:30,301.35,301.35,298.7,298.7,195,5070
2026-04-08 09:28:00+05:30,300.55,305.0,300.55,305.0,2210,5980
2026-04-08 09:29:00+05:30,306.1,306.1,300.9,300.95,325,5980
2026-04-08 09:30:00+05:30,297.0,297.0,296.95,296.95,130,5980
2026-04-08 09:31:00+05:30,287.5,287.5,283.8,286.05,390,7085
2026-04-08 09:32:00+05:30,286.05,286.05,286.05,286.05,0,7085
2026-04-08 09:33:00+05:30,292.7,292.7,292.7,292.7,65,7085
2026-04-08 09:34:00+05:30,292.7,292.7,292.7,292.7,0,7085
2026-04-08 09:35:00+05:30,289.5,289.5,288.0,288.0,260,6890
2026-04-08 09:36:00+05:30,288.0,288.0,288.0,288.0,0,6890
2026-04-08 09:37:00+05:30,280.0,280.0,278.85,280.0,650,7085
2026-04-08 09:38:00+05:30,280.0,280.0,280.0,280.0,65,7085
2026-04-08 09:39:00+05:30,275.8,275.8,275.8,275.8,65,7085
2026-04-08 09:40:00+05:30,275.8,275.8,275.8,275.8,0,7085
2026-04-08 09:41:00+05:30,274.0,276.4,273.8,276.4,390,7150
2026-04-08 09:42:00+05:30,276.4,276.4,276.4,276.4,325,7150
2026-04-08 09:43:00+05:30,278.35,278.35,278.35,278.35,195,7150
2026-04-08 09:44:00+05:30,276.75,276.75,275.0,275.0,195,7215
2026-04-08 09:45:00+05:30,270.4,270.85,269.55,269.95,975,7215
2026-04-08 09:46:00+05:30,266.45,266.45,263.65,263.75,260,8190
2026-04-08 09:47:00+05:30,263.75,263.75,263.75,263.75,0,8190
2026-04-08 09:48:00+05:30,260.0,260.9,259.75,259.75,390,8190
2026-04-08 09:49:00+05:30,258.55,262.3,258.55,262.3,130,8320
2026-04-08 09:50:00+05:30,261.15,261.25,258.3,258.3,325,8320
2026-04-08 09:51:00+05:30,257.65,260.15,257.5,260.15,260,8320
2026-04-08 09:52:00+05:30,260.45,260.45,259.7,259.7,195,8320
2026-04-08 09:53:00+05:30,262.7,262.7,262.7,262.7,130,8320
2026-04-08 09:54:00+05:30,268.65,268.65,267.6,267.6,520,8320
2026-04-08 09:55:00+05:30,267.6,267.6,267.6,267.6,0,8320
2026-04-08 09:56:00+05:30,264.75,264.75,263.5,263.5,455,8125
2026-04-08 09:57:00+05:30,268.05,268.05,268.05,268.05,65,8125
2026-04-08 09:58:00+05:30,269.7,278.65,269.7,276.35,1755,7800
2026-04-08 09:59:00+05:30,276.6,280.25,276.6,279.45,845,7800
2026-04-08 10:00:00+05:30,274.05,275.35,273.95,273.95,585,7800
2026-04-08 10:01:00+05:30,273.95,273.95,273.95,273.95,0,7800
2026-04-08 10:02:00+05:30,268.25,268.25,268.25,268.25,130,7475
2026-04-08 10:03:00+05:30,275.0,275.0,275.0,275.0,65,7475
2026-04-08 10:04:00+05:30,277.25,277.25,275.35,275.35,390,7540
2026-04-08 10:05:00+05:30,269.6,269.7,268.95,269.0,715,7540
2026-04-08 10:06:00+05:30,269.0,269.0,269.0,269.0,0,7540
2026-04-08 10:07:00+05:30,269.0,269.0,269.0,269.0,0,7540
2026-04-08 10:08:00+05:30,277.1,277.1,277.1,277.1,130,7605
2026-04-08 10:09:00+05:30,276.5,276.5,276.5,276.5,65,7605
2026-04-08 10:10:00+05:30,278.6,281.0,278.6,278.85,585,7865
2026-04-08 10:11:00+05:30,278.85,278.85,278.85,278.85,0,7865
2026-04-08 10:12:00+05:30,278.85,278.85,278.85,278.85,0,7865
2026-04-08 10:13:00+05:30,278.85,278.85,278.85,278.85,0,7865
2026-04-08 10:14:00+05:30,280.05,280.05,280.05,280.05,65,8255
2026-04-08 10:15:00+05:30,286.2,286.2,285.85,285.85,130,8255
2026-04-08 10:16:00+05:30,285.85,285.85,285.85,285.85,0,8255
2026-04-08 10:17:00+05:30,278.85,280.6,278.85,280.6,195,8320
2026-04-08 10:18:00+05:30,279.35,279.4,273.0,273.0,1820,8320
2026-04-08 10:19:00+05:30,275.0,277.3,275.0,276.85,390,9685
2026-04-08 10:20:00+05:30,269.0,273.9,269.0,273.9,390,9685
2026-04-08 10:21:00+05:30,275.4,277.85,275.4,277.85,780,9685
2026-04-08 10:22:00+05:30,279.6,282.75,279.6,282.75,325,10270
2026-04-08 10:23:00+05:30,279.1,279.9,277.0,277.0,455,10270
2026-04-08 10:24:00+05:30,277.0,277.85,274.85,277.85,455,10270
2026-04-08 10:25:00+05:30,277.8,281.8,277.8,278.0,715,10985
2026-04-08 10:26:00+05:30,280.2,280.25,275.6,276.5,2795,10985
2026-04-08 10:27:00+05:30,278.05,278.3,276.4,276.4,325,10985
2026-04-08 10:28:00+05:30,273.5,273.5,272.75,272.75,260,11700
2026-04-08 10:29:00+05:30,264.55,268.6,264.55,268.6,195,11700
2026-04-08 10:30:00+05:30,267.8,267.8,267.8,267.8,130,11700
2026-04-08 10:31:00+05:30,263.7,266.2,263.7,265.4,260,11830
2026-04-08 10:32:00+05:30,265.75,265.75,265.75,265.75,65,11830
2026-04-08 10:33:00+05:30,259.6,259.6,259.15,259.15,455,11830
2026-04-08 10:34:00+05:30,259.15,259.15,259.15,259.15,0,11830
2026-04-08 10:35:00+05:30,262.15,262.2,261.55,261.55,325,11895
2026-04-08 10:36:00+05:30,263.05,263.05,263.0,263.0,130,11895
2026-04-08 10:37:00+05:30,265.4,265.4,265.35,265.35,130,12025
2026-04-08 10:38:00+05:30,259.15,263.55,257.05,263.55,715,12025
2026-04-08 10:39:00+05:30,264.9,264.9,263.4,263.4,130,12025
2026-04-08 10:40:00+05:30,267.15,267.25,267.15,267.25,130,11505
2026-04-08 10:41:00+05:30,264.4,264.4,263.3,263.3,130,11505
2026-04-08 10:42:00+05:30,263.3,263.3,263.3,263.3,0,11505
2026-04-08 10:43:00+05:30,263.3,263.3,263.3,263.3,0,11505
2026-04-08 10:44:00+05:30,253.0,253.0,252.9,252.9,130,11635
2026-04-08 10:45:00+05:30,253.15,253.15,253.15,253.15,65,11635
2026-04-08 10:46:00+05:30,253.75,253.75,248.4,248.4,325,11830
2026-04-08 10:47:00+05:30,248.8,249.1,248.05,248.6,780,11830
2026-04-08 10:48:00+05:30,248.6,248.6,248.6,248.6,0,11830
2026-04-08 10:49:00+05:30,246.25,247.55,246.25,247.55,130,11830
2026-04-08 10:50:00+05:30,249.25,250.9,249.25,250.9,130,11960
2026-04-08 10:51:00+05:30,248.7,250.45,248.7,250.45,455,11960
2026-04-08 10:52:00+05:30,250.45,250.45,250.45,250.45,0,11960
2026-04-08 10:53:00+05:30,244.8,244.8,243.0,243.0,195,12090
2026-04-08 10:54:00+05:30,242.2,242.2,239.3,239.3,130,12090
2026-04-08 10:55:00+05:30,239.3,239.3,239.3,239.3,0,12090
2026-04-08 10:56:00+05:30,238.5,238.5,236.1,236.1,130,12220
2026-04-08 10:57:00+05:30,231.45,232.0,230.35,232.0,260,12220
2026-04-08 10:58:00+05:30,231.25,231.25,231.2,231.2,195,12155
2026-04-08 10:59:00+05:30,230.85,230.9,230.85,230.9,130,12155
2026-04-08 11:00:00+05:30,228.9,230.65,228.3,228.3,455,12155
2026-04-08 11:01:00+05:30,227.0,228.3,223.55,226.65,1105,12350
2026-04-08 11:02:00+05:30,225.0,228.4,225.0,228.4,325,12350
2026-04-08 11:03:00+05:30,228.4,228.4,228.4,228.4,0,12350
2026-04-08 11:04:00+05:30,227.65,227.8,227.65,227.8,390,12350
2026-04-08 11:05:00+05:30,224.25,225.05,223.5,223.5,325,12870
2026-04-08 11:06:00+05:30,228.55,228.55,226.75,226.75,195,12870
2026-04-08 11:07:00+05:30,228.25,228.25,228.25,228.25,65,13065
2026-04-08 11:08:00+05:30,227.8,227.85,227.35,227.85,260,13065
2026-04-08 11:09:00+05:30,226.5,227.1,226.25,226.25,455,13065
2026-04-08 11:10:00+05:30,225.3,225.3,225.3,225.3,65,12675
2026-04-08 11:11:00+05:30,225.3,225.3,225.3,225.3,0,12675
2026-04-08 11:12:00+05:30,225.3,225.3,225.3,225.3,0,12675
2026-04-08 11:13:00+05:30,225.3,225.3,225.3,225.3,0,12675
2026-04-08 11:14:00+05:30,225.3,225.3,225.3,225.3,0,12675
2026-04-08 11:15:00+05:30,226.45,227.7,226.45,227.7,130,12675
2026-04-08 11:16:00+05:30,222.0,222.0,221.0,221.0,195,12805
2026-04-08 11:17:00+05:30,220.0,224.0,220.0,224.0,325,12805
2026-04-08 11:18:00+05:30,224.0,224.0,224.0,224.0,0,12805
2026-04-08 11:19:00+05:30,229.2,229.2,229.2,229.2,65,12805
2026-04-08 11:20:00+05:30,229.2,229.2,229.2,229.2,0,12805
2026-04-08 11:21:00+05:30,220.0,222.4,220.0,222.4,455,12740
2026-04-08 11:22:00+05:30,224.1,224.15,224.1,224.15,130,13130
2026-04-08 11:23:00+05:30,224.15,224.15,224.15,224.15,0,13130
2026-04-08 11:24:00+05:30,221.15,222.95,221.15,222.95,650,13130
2026-04-08 11:25:00+05:30,222.95,222.95,222.95,222.95,0,13130
2026-04-08 11:26:00+05:30,230.5,230.55,230.25,230.25,260,13260
2026-04-08 11:27:00+05:30,227.9,227.9,227.9,227.9,65,13260
2026-04-08 11:28:00+05:30,231.25,231.25,231.25,231.25,65,13260
2026-04-08 11:29:00+05:30,231.25,231.25,231.25,231.25,0,13260
2026-04-08 11:30:00+05:30,231.25,231.25,231.25,231.25,0,13260
2026-04-08 11:31:00+05:30,228.85,228.85,228.85,228.85,65,13455
2026-04-08 11:32:00+05:30,232.05,232.05,232.05,232.05,130,13390
2026-04-08 11:33:00+05:30,232.05,232.05,232.05,232.05,0,13390
2026-04-08 11:34:00+05:30,230.55,232.05,230.55,232.05,130,13520
2026-04-08 11:35:00+05:30,230.3,230.3,230.3,230.3,65,13520
2026-04-08 11:36:00+05:30,230.3,230.3,230.3,230.3,0,13520
2026-04-08 11:37:00+05:30,231.6,231.6,231.6,231.6,65,13520
2026-04-08 11:38:00+05:30,233.6,234.05,233.6,234.05,195,13520
2026-04-08 11:39:00+05:30,234.05,234.05,234.05,234.05,0,13520
2026-04-08 11:40:00+05:30,234.8,234.8,234.8,234.8,65,13650
2026-04-08 11:41:00+05:30,234.05,234.05,234.0,234.0,130,13650
2026-04-08 11:42:00+05:30,234.0,234.0,234.0,234.0,0,13650
2026-04-08 11:43:00+05:30,234.0,234.0,234.0,234.0,0,13650
2026-04-08 11:44:00+05:30,234.0,234.0,234.0,234.0,0,13650
2026-04-08 11:45:00+05:30,234.0,234.0,234.0,234.0,0,13650
2026-04-08 11:46:00+05:30,226.5,226.5,226.45,226.45,130,13780
2026-04-08 11:47:00+05:30,228.35,229.25,228.1,229.25,455,13845
2026-04-08 11:48:00+05:30,229.25,229.25,229.25,229.25,0,13845
2026-04-08 11:49:00+05:30,229.25,229.25,229.25,229.25,0,13845
2026-04-08 11:50:00+05:30,231.1,231.75,231.1,231.75,130,13975
2026-04-08 11:51:00+05:30,235.1,241.7,235.1,241.7,195,13975
2026-04-08 11:52:00+05:30,239.2,239.2,237.65,237.65,260,14170
2026-04-08 11:53:00+05:30,241.85,241.85,241.85,241.85,65,14170
2026-04-08 11:54:00+05:30,240.45,240.45,240.45,240.45,65,14170
2026-04-08 11:55:00+05:30,240.4,245.4,240.4,245.4,455,14170
2026-04-08 11:56:00+05:30,246.1,246.1,241.8,241.8,195,14755
2026-04-08 11:57:00+05:30,241.8,244.5,241.75,243.75,260,14755
2026-04-08 11:58:00+05:30,244.85,246.9,244.85,246.4,260,14755
2026-04-08 11:59:00+05:30,246.8,247.55,245.65,245.65,650,15015
2026-04-08 12:00:00+05:30,247.0,247.3,244.95,245.7,780,15015
2026-04-08 12:01:00+05:30,246.85,248.0,246.85,248.0,260,15015
2026-04-08 12:02:00+05:30,246.15,246.15,246.05,246.05,260,15340
2026-04-08 12:03:00+05:30,239.8,239.8,239.75,239.75,195,15340
2026-04-08 12:04:00+05:30,241.5,241.5,241.5,241.5,65,15340
2026-04-08 12:05:00+05:30,238.65,238.65,238.5,238.5,260,15535
2026-04-08 12:06:00+05:30,238.55,238.55,238.55,238.55,65,15535
2026-04-08 12:07:00+05:30,238.55,238.55,238.55,238.55,0,15535
2026-04-08 12:08:00+05:30,235.65,235.65,235.65,235.65,65,15600
2026-04-08 12:09:00+05:30,235.65,235.65,235.65,235.65,0,15600
2026-04-08 12:10:00+05:30,232.5,232.5,232.45,232.45,195,15600
2026-04-08 12:11:00+05:30,234.9,234.9,234.9,234.9,1235,15470
2026-04-08 12:12:00+05:30,234.9,234.9,234.9,234.9,0,15470
2026-04-08 12:13:00+05:30,234.9,234.9,234.9,234.9,0,15470
2026-04-08 12:14:00+05:30,234.9,234.9,234.9,234.9,0,15470
2026-04-08 12:15:00+05:30,234.9,234.9,234.9,234.9,0,15470
2026-04-08 12:16:00+05:30,234.9,234.9,234.9,234.9,0,15470
2026-04-08 12:17:00+05:30,235.0,235.6,235.0,235.6,130,15470
2026-04-08 12:18:00+05:30,235.6,235.6,235.6,235.6,0,15470
2026-04-08 12:19:00+05:30,235.6,235.6,235.6,235.6,0,15470
2026-04-08 12:20:00+05:30,235.6,235.6,235.6,235.6,0,15470
2026-04-08 12:21:00+05:30,235.6,235.6,235.6,235.6,0,15470
2026-04-08 12:22:00+05:30,235.6,235.6,235.6,235.6,0,15470
2026-04-08 12:23:00+05:30,235.6,235.6,235.6,235.6,0,15470
2026-04-08 12:24:00+05:30,235.6,235.6,235.6,235.6,0,15470
2026-04-08 12:25:00+05:30,235.6,235.6,235.6,235.6,0,15470
2026-04-08 12:26:00+05:30,235.75,235.75,235.75,235.75,65,15470
2026-04-08 12:27:00+05:30,239.1,239.1,239.1,239.1,65,15470
2026-04-08 12:28:00+05:30,239.1,239.1,239.1,239.1,0,15470
2026-04-08 12:29:00+05:30,239.1,239.1,239.1,239.1,0,15470
2026-04-08 12:30:00+05:30,239.1,239.1,239.1,239.1,0,15470
2026-04-08 12:31:00+05:30,250.0,250.0,250.0,250.0,65,15470
2026-04-08 12:32:00+05:30,259.95,260.55,258.4,260.0,260,15405
2026-04-08 12:33:00+05:30,260.0,260.0,260.0,260.0,0,15405
2026-04-08 12:34:00+05:30,260.95,260.95,260.95,260.95,65,15405
2026-04-08 12:35:00+05:30,260.95,260.95,260.95,260.95,0,15405
2026-04-08 12:36:00+05:30,260.95,260.95,260.95,260.95,0,15405
2026-04-08 12:37:00+05:30,260.95,260.95,260.95,260.95,0,15405
2026-04-08 12:38:00+05:30,260.95,260.95,260.95,260.95,0,15405
2026-04-08 12:39:00+05:30,260.95,260.95,260.95,260.95,0,15405
2026-04-08 12:40:00+05:30,256.95,256.95,256.95,256.95,65,15405
2026-04-08 12:41:00+05:30,257.85,257.9,257.85,257.9,130,15405
2026-04-08 12:42:00+05:30,257.9,257.9,257.9,257.9,0,15405
2026-04-08 12:43:00+05:30,249.8,249.8,249.45,249.45,520,15405
2026-04-08 12:44:00+05:30,244.35,245.55,244.35,244.75,195,15340
2026-04-08 12:45:00+05:30,245.8,245.8,245.8,245.8,65,15340
2026-04-08 12:46:00+05:30,243.8,243.8,243.75,243.75,195,15340
2026-04-08 12:47:00+05:30,243.2,243.2,242.85,242.85,325,15275
2026-04-08 12:48:00+05:30,243.05,243.05,243.0,243.0,195,15275
2026-04-08 12:49:00+05:30,240.0,240.0,238.8,238.8,130,15275
2026-04-08 12:50:00+05:30,238.8,238.8,238.8,238.8,65,15275
2026-04-08 12:51:00+05:30,238.8,238.8,238.8,238.8,0,15275
2026-04-08 12:52:00+05:30,238.8,238.8,238.8,238.8,0,15275
2026-04-08 12:53:00+05:30,238.8,238.8,238.8,238.8,0,15275
2026-04-08 12:54:00+05:30,238.8,238.8,238.8,238.8,0,15275
2026-04-08 12:55:00+05:30,234.65,234.65,234.6,234.6,325,15275
2026-04-08 12:56:00+05:30,234.6,234.6,234.6,234.6,0,15275
2026-04-08 12:57:00+05:30,234.6,234.6,234.6,234.6,0,15275
2026-04-08 12:58:00+05:30,234.6,234.6,234.6,234.6,0,15275
2026-04-08 12:59:00+05:30,234.6,234.6,234.6,234.6,0,15275
2026-04-08 13:00:00+05:30,234.6,234.6,234.6,234.6,0,15275
2026-04-08 13:01:00+05:30,234.6,234.6,234.6,234.6,0,15275
2026-04-08 13:02:00+05:30,234.6,234.6,234.6,234.6,0,15275
2026-04-08 13:03:00+05:30,235.4,235.6,235.4,235.6,325,15145
2026-04-08 13:04:00+05:30,235.6,235.6,235.6,235.6,0,15145
2026-04-08 13:05:00+05:30,235.6,235.6,235.6,235.6,0,15145
2026-04-08 13:06:00+05:30,235.6,235.6,235.6,235.6,0,15145
2026-04-08 13:07:00+05:30,235.6,235.6,235.6,235.6,0,15145
2026-04-08 13:08:00+05:30,237.3,237.55,236.0,236.0,780,15340
2026-04-08 13:09:00+05:30,236.85,238.5,236.4,238.5,975,15340
2026-04-08 13:10:00+05:30,236.5,236.5,236.5,236.5,65,15340
2026-04-08 13:11:00+05:30,236.5,236.5,236.5,236.5,0,15340
2026-04-08 13:12:00+05:30,232.9,232.9,232.9,232.9,65,16835
2026-04-08 13:13:00+05:30,237.4,237.45,237.4,237.45,130,16835
2026-04-08 13:14:00+05:30,235.6,235.6,235.6,235.6,65,16965
2026-04-08 13:15:00+05:30,234.4,234.4,234.4,234.4,65,16965
2026-04-08 13:16:00+05:30,234.4,234.4,234.4,234.4,0,16965
2026-04-08 13:17:00+05:30,232.8,232.8,232.8,232.8,65,16965
2026-04-08 13:18:00+05:30,232.8,232.8,232.8,232.8,0,16965
2026-04-08 13:19:00+05:30,232.8,232.8,232.8,232.8,0,16965
2026-04-08 13:20:00+05:30,235.8,235.8,235.7,235.7,130,16900
2026-04-08 13:21:00+05:30,234.0,234.0,234.0,234.0,260,16900
2026-04-08 13:22:00+05:30,234.0,234.0,234.0,234.0,0,16900
2026-04-08 13:23:00+05:30,234.0,234.0,234.0,234.0,0,16900
2026-04-08 13:24:00+05:30,234.0,234.0,234.0,234.0,0,16900
2026-04-08 13:25:00+05:30,234.0,234.0,234.0,234.0,0,16900
2026-04-08 13:26:00+05:30,228.7,228.7,228.6,228.6,455,17030
2026-04-08 13:27:00+05:30,228.8,228.8,228.8,228.8,65,17030
2026-04-08 13:28:00+05:30,229.55,229.55,229.55,229.55,130,17030
2026-04-08 13:29:00+05:30,229.55,229.55,229.55,229.55,0,17030
2026-04-08 13:30:00+05:30,229.55,229.55,229.55,229.55,0,17030
2026-04-08 13:31:00+05:30,229.55,229.55,229.55,229.55,0,17030
2026-04-08 13:32:00+05:30,229.4,229.4,229.4,229.4,65,16965
2026-04-08 13:33:00+05:30,229.4,229.4,229.4,229.4,0,16965
2026-04-08 13:34:00+05:30,231.7,231.9,229.35,231.2,780,16900
2026-04-08 13:35:00+05:30,231.2,231.2,231.2,231.2,0,16900
2026-04-08 13:36:00+05:30,231.2,231.2,231.2,231.2,0,16900
2026-04-08 13:37:00+05:30,227.6,227.6,225.85,225.85,195,16705
2026-04-08 13:38:00+05:30,226.65,226.65,225.0,225.0,195,16640
2026-04-08 13:39:00+05:30,223.35,223.35,219.4,223.3,585,16640
2026-04-08 13:40:00+05:30,227.25,227.25,227.25,227.25,130,16640
2026-04-08 13:41:00+05:30,227.25,227.25,227.25,227.25,0,16640
2026-04-08 13:42:00+05:30,233.45,233.45,228.5,228.5,130,16640
2026-04-08 13:43:00+05:30,229.95,229.95,229.95,229.95,65,16640
2026-04-08 13:44:00+05:30,233.25,233.25,233.25,233.25,65,16640
2026-04-08 13:45:00+05:30,233.0,233.0,231.3,231.35,260,16705
2026-04-08 13:46:00+05:30,231.6,232.25,231.6,232.1,260,16705
2026-04-08 13:47:00+05:30,232.7,232.7,232.7,232.7,65,16510
2026-04-08 13:48:00+05:30,232.7,232.7,232.7,232.7,0,16510
2026-04-08 13:49:00+05:30,232.75,232.75,232.75,232.75,65,16510
2026-04-08 13:50:00+05:30,232.75,232.75,232.75,232.75,0,16510
2026-04-08 13:51:00+05:30,232.75,232.75,232.75,232.75,0,16510
2026-04-08 13:52:00+05:30,232.75,232.75,232.75,232.75,0,16510
2026-04-08 13:53:00+05:30,235.0,235.5,235.0,235.5,390,16510
2026-04-08 13:54:00+05:30,235.5,235.5,235.5,235.5,0,16510
2026-04-08 13:55:00+05:30,235.5,235.5,235.5,235.5,0,16510
2026-04-08 13:56:00+05:30,235.5,235.5,235.5,235.5,0,16510
2026-04-08 13:57:00+05:30,232.3,232.3,232.3,232.3,65,16575
2026-04-08 13:58:00+05:30,232.3,232.3,232.3,232.3,0,16575
2026-04-08 13:59:00+05:30,232.3,232.3,232.3,232.3,0,16575
2026-04-08 14:00:00+05:30,233.0,233.0,233.0,233.0,130,16575
2026-04-08 14:01:00+05:30,233.0,233.0,233.0,233.0,0,16575
2026-04-08 14:02:00+05:30,233.0,233.0,233.0,233.0,0,16575
2026-04-08 14:03:00+05:30,233.05,233.05,233.05,233.05,65,16705
2026-04-08 14:04:00+05:30,233.05,233.05,233.05,233.05,0,16705
2026-04-08 14:05:00+05:30,233.05,233.05,233.05,233.05,0,16705
2026-04-08 14:06:00+05:30,237.2,241.35,237.2,241.35,910,16770
2026-04-08 14:07:00+05:30,242.2,242.2,240.4,240.65,455,16770
2026-04-08 14:08:00+05:30,238.4,238.4,238.4,238.4,65,16510
2026-04-08 14:09:00+05:30,238.4,238.4,238.4,238.4,0,16510
2026-04-08 14:10:00+05:30,238.4,238.4,238.4,238.4,65,16510
2026-04-08 14:11:00+05:30,238.4,238.4,238.4,238.4,0,16510
2026-04-08 14:12:00+05:30,235.0,235.65,234.9,235.65,780,16575
2026-04-08 14:13:00+05:30,237.9,243.25,237.9,242.95,910,16575
2026-04-08 14:14:00+05:30,242.65,242.8,242.45,242.8,520,16510
2026-04-08 14:15:00+05:30,242.85,242.85,241.9,241.95,520,16510
2026-04-08 14:16:00+05:30,241.95,241.95,241.95,241.95,0,16510
2026-04-08 14:17:00+05:30,242.7,242.85,242.7,242.85,195,16510
2026-04-08 14:18:00+05:30,241.3,241.3,241.3,241.3,65,16250
2026-04-08 14:19:00+05:30,236.75,236.75,236.75,236.75,65,16250
2026-04-08 14:20:00+05:30,234.05,234.05,234.05,234.05,65,16250
2026-04-08 14:21:00+05:30,234.05,234.05,234.05,234.05,0,16250
2026-04-08 14:22:00+05:30,232.8,232.8,232.8,232.8,65,16185
2026-04-08 14:23:00+05:30,232.8,232.8,232.8,232.8,0,16185
2026-04-08 14:24:00+05:30,232.8,232.8,232.8,232.8,0,16185
2026-04-08 14:25:00+05:30,232.0,232.0,230.7,230.7,260,16250
2026-04-08 14:26:00+05:30,232.0,232.0,232.0,232.0,65,16250
2026-04-08 14:27:00+05:30,232.0,232.0,232.0,232.0,0,16250
2026-04-08 14:28:00+05:30,232.0,232.0,232.0,232.0,0,16250
2026-04-08 14:29:00+05:30,230.5,230.5,230.5,230.5,65,16250
2026-04-08 14:30:00+05:30,231.35,233.6,231.35,232.35,520,16250
2026-04-08 14:31:00+05:30,228.6,229.6,228.35,229.6,325,16250
2026-04-08 14:32:00+05:30,229.6,229.6,229.6,229.6,0,16250
2026-04-08 14:33:00+05:30,231.45,231.45,231.45,231.45,65,16055
2026-04-08 14:34:00+05:30,231.45,231.45,231.45,231.45,0,16055
2026-04-08 14:35:00+05:30,231.45,231.45,231.45,231.45,0,16055
2026-04-08 14:36:00+05:30,231.45,231.45,231.45,231.45,0,16055
2026-04-08 14:37:00+05:30,229.4,229.4,228.65,228.85,390,16120
2026-04-08 14:38:00+05:30,230.3,230.3,227.35,227.4,650,16120
2026-04-08 14:39:00+05:30,230.0,230.0,230.0,230.0,130,16120
2026-04-08 14:40:00+05:30,230.0,230.0,230.0,230.0,0,16120
2026-04-08 14:41:00+05:30,230.0,230.0,230.0,230.0,0,16120
2026-04-08 14:42:00+05:30,230.0,230.0,230.0,230.0,0,16120
2026-04-08 14:43:00+05:30,230.0,230.0,230.0,230.0,0,16120
2026-04-08 14:44:00+05:30,222.25,223.2,222.25,223.2,130,16055
2026-04-08 14:45:00+05:30,223.65,223.65,221.85,222.0,195,16055
2026-04-08 14:46:00+05:30,225.6,225.6,225.6,225.6,65,16055
2026-04-08 14:47:00+05:30,225.6,225.6,225.6,225.6,0,16055
2026-04-08 14:48:00+05:30,217.1,217.1,217.1,217.1,65,16055
2026-04-08 14:49:00+05:30,227.6,227.95,227.15,227.95,455,16055
2026-04-08 14:50:00+05:30,229.4,236.65,227.9,231.7,2860,15015
2026-04-08 14:51:00+05:30,231.95,231.95,231.95,231.95,65,15015
2026-04-08 14:52:00+05:30,230.2,230.2,230.2,230.2,65,15015
2026-04-08 14:53:00+05:30,230.2,230.2,230.2,230.2,0,15015
2026-04-08 14:54:00+05:30,230.15,230.15,228.25,228.25,130,15015
2026-04-08 14:55:00+05:30,228.25,228.25,228.25,228.25,0,15015
2026-04-08 14:56:00+05:30,228.25,228.25,228.25,228.25,0,15015
2026-04-08 14:57:00+05:30,228.25,228.25,228.25,228.25,0,15015
2026-04-08 14:58:00+05:30,228.25,228.25,228.25,228.25,0,15015
2026-04-08 14:59:00+05:30,228.25,228.25,228.25,228.25,0,15015
2026-04-08 15:00:00+05:30,234.9,234.9,234.9,234.9,130,15015
2026-04-08 15:01:00+05:30,236.3,240.2,235.15,235.15,2080,15015
2026-04-08 15:02:00+05:30,233.95,233.95,232.55,233.2,1495,15015
2026-04-08 15:03:00+05:30,226.75,226.75,226.75,226.75,65,13195
2026-04-08 15:04:00+05:30,226.75,226.75,226.75,226.75,0,13195
2026-04-08 15:05:00+05:30,225.0,225.0,225.0,225.0,65,13195
2026-04-08 15:06:00+05:30,225.0,225.0,225.0,225.0,0,13195
2026-04-08 15:07:00+05:30,225.0,225.0,225.0,225.0,0,13195
2026-04-08 15:08:00+05:30,225.0,225.0,225.0,225.0,0,13195
2026-04-08 15:09:00+05:30,226.25,226.35,223.55,223.55,520,13260
2026-04-08 15:10:00+05:30,223.55,223.55,223.55,223.55,0,13260
2026-04-08 15:11:00+05:30,229.35,229.55,229.35,229.55,130,13260
2026-04-08 15:12:00+05:30,226.95,227.7,226.95,227.7,260,12935
2026-04-08 15:13:00+05:30,228.4,230.15,228.4,230.15,585,12935
2026-04-08 15:14:00+05:30,228.95,229.95,228.95,229.9,260,12740
2026-04-08 15:15:00+05:30,229.25,231.5,229.25,231.5,585,12740
2026-04-08 15:16:00+05:30,231.5,231.5,231.5,231.5,0,12740
2026-04-08 15:17:00+05:30,229.45,229.45,229.45,229.45,65,12740
2026-04-08 15:18:00+05:30,230.45,231.55,230.45,230.8,390,13130
2026-04-08 15:19:00+05:30,230.25,230.25,230.25,230.25,65,13130
2026-04-08 15:20:00+05:30,229.15,229.15,229.15,229.15,780,13130
2026-04-08 15:21:00+05:30,227.55,227.55,227.55,227.55,65,13195
2026-04-08 15:22:00+05:30,228.7,228.7,228.65,228.65,195,13195
2026-04-08 15:23:00+05:30,227.55,227.55,227.55,227.55,65,13195
2026-04-08 15:24:00+05:30,225.4,225.85,225.4,225.85,1430,13000
2026-04-08 15:25:00+05:30,226.2,226.55,224.65,224.65,390,13000
2026-04-08 15:26:00+05:30,224.8,224.8,223.9,223.9,390,13000
2026-04-08 15:27:00+05:30,223.3,225.45,223.3,225.45,845,12350
2026-04-08 15:28:00+05:30,223.6,223.65,219.3,220.0,1885,12350
2026-04-08 15:29:00+05:30,219.05,219.05,217.5,217.5,260,12350
2026-04-09 09:15:00+05:30,226.0,273.25,226.0,271.9,4615,11765
2026-04-09 09:16:00+05:30,268.1,278.2,264.2,265.45,10010,14300
2026-04-09 09:17:00+05:30,265.65,267.85,256.6,257.5,1690,14300
2026-04-09 09:18:00+05:30,254.35,255.3,251.55,253.95,1105,14300
2026-04-09 09:19:00+05:30,253.55,253.55,247.95,247.95,1170,21320
2026-04-09 09:20:00+05:30,248.8,249.25,240.6,245.35,5720,21320
2026-04-09 09:21:00+05:30,245.8,249.95,241.75,242.75,5655,21320
2026-04-09 09:22:00+05:30,244.05,244.05,239.75,243.15,1235,24440
2026-04-09 09:23:00+05:30,244.05,244.25,242.7,244.25,715,24440
2026-04-09 09:24:00+05:30,243.5,243.6,234.75,237.4,1170,24440
2026-04-09 09:25:00+05:30,238.1,240.0,237.95,237.95,780,25285
2026-04-09 09:26:00+05:30,238.2,239.25,237.8,239.0,260,25285
2026-04-09 09:27:00+05:30,240.25,240.25,237.15,240.15,845,25285
2026-04-09 09:28:00+05:30,239.1,239.65,239.1,239.65,585,26390
2026-04-09 09:29:00+05:30,242.7,242.7,240.35,240.35,390,26390
2026-04-09 09:30:00+05:30,237.75,247.55,237.4,246.85,650,26390
2026-04-09 09:31:00+05:30,248.2,250.0,247.45,250.0,845,27430
2026-04-09 09:32:00+05:30,251.65,254.25,249.9,254.25,715,27430
2026-04-09 09:33:00+05:30,259.65,262.6,257.4,259.4,650,27430
2026-04-09 09:34:00+05:30,262.2,264.9,262.2,264.9,195,27300
2026-04-09 09:35:00+05:30,261.8,261.8,256.7,259.15,715,27300
2026-04-09 09:36:00+05:30,256.45,257.05,253.0,253.0,650,27300
2026-04-09 09:37:00+05:30,254.75,260.0,254.05,260.0,260,27300
2026-04-09 09:38:00+05:30,260.0,264.4,260.0,263.2,390,27300
2026-04-09 09:39:00+05:30,267.35,267.35,262.45,262.65,455,27300
2026-04-09 09:40:00+05:30,263.0,263.0,259.8,261.75,325,27430
2026-04-09 09:41:00+05:30,270.95,270.95,268.25,268.25,130,27430
2026-04-09 09:42:00+05:30,270.45,274.4,269.85,274.4,585,27430
2026-04-09 09:43:00+05:30,272.95,274.0,272.4,272.4,455,27625
2026-04-09 09:44:00+05:30,274.0,277.0,274.0,277.0,260,27625
2026-04-09 09:45:00+05:30,275.05,277.9,269.9,277.9,1820,27625
2026-04-09 09:46:00+05:30,278.0,281.9,278.0,278.0,1365,28340
2026-04-09 09:47:00+05:30,276.75,285.6,276.75,285.6,910,28340
2026-04-09 09:48:00+05:30,286.0,287.65,285.4,287.3,1040,28340
2026-04-09 09:49:00+05:30,289.9,300.0,289.9,300.0,3835,29770
2026-04-09 09:50:00+05:30,301.65,305.75,300.6,303.8,1755,29770
2026-04-09 09:51:00+05:30,302.95,317.5,302.95,312.6,5525,29770
2026-04-09 09:52:00+05:30,313.85,313.85,303.1,303.95,2795,31135
2026-04-09 09:53:00+05:30,302.7,310.45,302.7,310.25,975,31135
2026-04-09 09:54:00+05:30,311.15,311.15,309.0,309.2,650,31135
2026-04-09 09:55:00+05:30,314.0,320.0,314.0,317.95,2535,32760
2026-04-09 09:56:00+05:30,315.6,317.95,313.7,316.8,2470,32760
2026-04-09 09:57:00+05:30,313.35,317.5,313.3,317.5,910,32760
2026-04-09 09:58:00+05:30,316.9,321.0,316.2,321.0,1560,34190
2026-04-09 09:59:00+05:30,323.0,328.3,319.75,320.8,3445,34190
2026-04-09 10:00:00+05:30,325.45,335.35,324.9,325.0,5135,34190
2026-04-09 10:01:00+05:30,325.25,325.25,315.1,318.65,1755,36140
2026-04-09 10:02:00+05:30,314.85,321.15,313.35,314.9,1950,36140
2026-04-09 10:03:00+05:30,313.6,313.9,304.25,307.4,1495,36140
2026-04-09 10:04:00+05:30,308.5,310.85,308.5,308.5,1040,36205
2026-04-09 10:05:00+05:30,311.6,311.8,301.8,302.85,715,36205
2026-04-09 10:06:00+05:30,299.1,302.75,299.1,302.75,585,36205
2026-04-09 10:07:00+05:30,303.95,304.3,302.65,302.75,715,36205
2026-04-09 10:08:00+05:30,311.45,311.9,304.8,304.85,650,36205
2026-04-09 10:09:00+05:30,304.85,305.25,302.55,302.75,1105,36205
2026-04-09 10:10:00+05:30,301.2,301.2,295.75,295.75,1690,36595
2026-04-09 10:11:00+05:30,297.85,298.55,296.0,297.55,260,36595
2026-04-09 10:12:00+05:30,289.05,291.5,289.05,291.5,520,36595
2026-04-09 10:13:00+05:30,290.95,294.15,290.65,294.15,1300,36530
2026-04-09 10:14:00+05:30,291.4,295.75,288.6,295.75,1365,36530
2026-04-09 10:15:00+05:30,296.75,302.45,296.75,302.45,1040,36530
2026-04-09 10:16:00+05:30,302.3,302.3,299.95,301.85,1300,36400
2026-04-09 10:17:00+05:30,299.95,300.1,292.8,292.8,455,36400
2026-04-09 10:18:00+05:30,292.75,292.8,284.1,285.2,2210,36400
2026-04-09 10:19:00+05:30,285.2,285.25,281.1,281.1,2210,35620
2026-04-09 10:20:00+05:30,281.8,285.85,281.7,283.05,1625,35620
2026-04-09 10:21:00+05:30,285.65,285.85,284.8,284.8,260,35620
2026-04-09 10:22:00+05:30,281.0,283.75,280.6,283.75,260,35360
2026-04-09 10:23:00+05:30,287.4,287.6,286.8,287.6,1365,35360
2026-04-09 10:24:00+05:30,285.0,285.0,285.0,285.0,260,35360
2026-04-09 10:25:00+05:30,285.5,285.5,285.5,285.5,130,35360
2026-04-09 10:26:00+05:30,300.15,300.6,300.15,300.6,650,35490
2026-04-09 10:27:00+05:30,299.75,299.75,299.2,299.2,260,35490
2026-04-09 10:28:00+05:30,298.0,298.0,296.5,296.55,195,35490
2026-04-09 10:29:00+05:30,296.55,298.05,296.55,296.65,325,35230
2026-04-09 10:30:00+05:30,290.0,290.0,287.3,287.3,130,35230
2026-04-09 10:31:00+05:30,289.05,292.55,289.05,292.05,650,35490
2026-04-09 10:32:00+05:30,292.25,292.9,288.15,288.15,520,35490
2026-04-09 10:33:00+05:30,283.0,285.0,283.0,285.0,195,35490
2026-04-09 10:34:00+05:30,285.5,285.5,285.5,285.5,65,35555
2026-04-09 10:35:00+05:30,284.45,284.5,284.45,284.5,130,35555
2026-04-09 10:36:00+05:30,282.95,292.85,282.85,292.7,520,35555
2026-04-09 10:37:00+05:30,290.35,290.35,290.35,290.35,65,35685
2026-04-09 10:38:00+05:30,299.8,299.8,298.35,298.35,130,35685
2026-04-09 10:39:00+05:30,295.25,295.25,295.25,295.25,65,35685
2026-04-09 10:40:00+05:30,299.25,306.4,299.25,305.75,585,35815
2026-04-09 10:41:00+05:30,304.45,304.9,301.0,301.0,260,35815
2026-04-09 10:42:00+05:30,301.35,306.0,301.35,306.0,650,35815
2026-04-09 10:43:00+05:30,305.4,308.95,305.15,308.95,1105,36140
2026-04-09 10:44:00+05:30,310.0,312.5,309.0,309.45,1040,36140
2026-04-09 10:45:00+05:30,304.7,307.5,304.3,304.3,585,36140
2026-04-09 10:46:00+05:30,300.0,300.0,300.0,300.0,65,36205
2026-04-09 10:47:00+05:30,302.45,302.45,302.45,302.45,65,36205
2026-04-09 10:48:00+05:30,300.95,300.95,300.95,300.95,130,36205
2026-04-09 10:49:00+05:30,302.9,302.9,300.7,300.7,130,36270
2026-04-09 10:50:00+05:30,300.7,300.7,300.7,300.7,0,36270
2026-04-09 10:51:00+05:30,301.5,304.05,301.45,304.05,520,36270
2026-04-09 10:52:00+05:30,301.05,303.1,301.05,303.05,260,36465
2026-04-09 10:53:00+05:30,302.6,302.7,299.7,300.5,650,36465
2026-04-09 10:54:00+05:30,304.25,304.45,303.75,303.75,520,36465
2026-04-09 10:55:00+05:30,297.5,297.5,296.0,296.0,455,36140
2026-04-09 10:56:00+05:30,292.65,293.95,292.65,293.4,325,36140
2026-04-09 10:57:00+05:30,293.4,293.4,293.4,293.4,0,36140
2026-04-09 10:58:00+05:30,293.4,293.4,293.4,293.4,0,36140
2026-04-09 10:59:00+05:30,293.4,293.4,293.4,293.4,0,36140
2026-04-09 11:00:00+05:30,295.0,295.0,288.7,289.1,195,36010
2026-04-09 11:01:00+05:30,289.1,289.1,289.1,289.1,0,36010
2026-04-09 11:02:00+05:30,283.35,283.35,282.65,282.65,260,35880
2026-04-09 11:03:00+05:30,286.0,291.95,284.95,290.75,260,35880
2026-04-09 11:04:00+05:30,288.45,288.45,288.45,288.45,65,35490
2026-04-09 11:05:00+05:30,288.7,290.15,286.95,286.95,390,35490
2026-04-09 11:06:00+05:30,287.8,295.25,287.0,295.25,715,35490
2026-04-09 11:07:00+05:30,289.2,289.2,285.9,285.9,195,35685
2026-04-09 11:08:00+05:30,284.5,285.8,284.5,285.8,130,35685
2026-04-09 11:09:00+05:30,281.45,281.9,281.45,281.45,260,35685
2026-04-09 11:10:00+05:30,282.35,283.2,282.35,283.2,130,35750
2026-04-09 11:11:00+05:30,280.15,283.05,280.15,283.05,260,35750
2026-04-09 11:12:00+05:30,283.05,283.05,283.05,283.05,0,35750
2026-04-09 11:13:00+05:30,285.95,286.85,284.85,284.85,325,35945
2026-04-09 11:14:00+05:30,285.4,285.4,284.65,284.75,195,35945
2026-04-09 11:15:00+05:30,283.95,284.0,283.95,284.0,260,35945
2026-04-09 11:16:00+05:30,284.0,284.0,284.0,284.0,0,35945
2026-04-09 11:17:00+05:30,292.7,292.8,292.7,292.8,390,36400
2026-04-09 11:18:00+05:30,296.0,297.25,296.0,296.6,585,36400
2026-04-09 11:19:00+05:30,298.6,298.6,295.25,296.4,650,36400
2026-04-09 11:20:00+05:30,292.9,294.1,292.9,294.1,130,36335
2026-04-09 11:21:00+05:30,303.6,303.6,303.6,303.6,65,36335
2026-04-09 11:22:00+05:30,303.25,303.25,297.4,297.5,520,36205
2026-04-09 11:23:00+05:30,296.25,296.25,295.55,295.55,520,36205
2026-04-09 11:24:00+05:30,290.05,294.9,290.05,294.9,390,36205
2026-04-09 11:25:00+05:30,294.0,294.0,291.95,291.95,325,36205
2026-04-09 11:26:00+05:30,287.9,287.9,287.9,287.9,130,36335
2026-04-09 11:27:00+05:30,288.25,288.25,286.8,286.9,325,36335
2026-04-09 11:28:00+05:30,281.1,282.3,281.1,282.3,195,36140
2026-04-09 11:29:00+05:30,283.75,284.55,283.65,284.55,585,36140
2026-04-09 11:30:00+05:30,277.0,277.0,277.0,277.0,520,36140
2026-04-09 11:31:00+05:30,275.8,278.1,275.8,278.1,195,36010
2026-04-09 11:32:00+05:30,278.2,278.2,277.95,277.95,390,36010
2026-04-09 11:33:00+05:30,275.55,275.55,275.55,275.55,65,36010
2026-04-09 11:34:00+05:30,275.55,275.55,275.55,275.55,0,36010
2026-04-09 11:35:00+05:30,275.55,275.55,275.55,275.55,0,36010
2026-04-09 11:36:00+05:30,284.85,284.85,281.75,281.75,195,35880
2026-04-09 11:37:00+05:30,281.1,281.4,281.1,281.4,130,35880
2026-04-09 11:38:00+05:30,281.55,281.55,280.3,280.3,130,35945
2026-04-09 11:39:00+05:30,278.25,281.4,278.2,281.4,260,35945
2026-04-09 11:40:00+05:30,281.6,281.65,281.6,281.65,195,35945
2026-04-09 11:41:00+05:30,281.25,281.25,281.25,281.25,130,36075
2026-04-09 11:42:00+05:30,279.3,279.3,279.3,279.3,65,36075
2026-04-09 11:43:00+05:30,281.75,281.75,281.75,281.75,65,36075
2026-04-09 11:44:00+05:30,279.2,279.2,277.9,277.9,130,36205
2026-04-09 11:45:00+05:30,277.05,281.45,277.05,281.45,195,36205
2026-04-09 11:46:00+05:30,283.75,283.95,283.0,283.95,1430,36140
2026-04-09 11:47:00+05:30,282.0,282.0,282.0,282.0,65,36140
2026-04-09 11:48:00+05:30,274.85,274.85,274.85,274.85,65,36140
2026-04-09 11:49:00+05:30,274.85,274.85,274.85,274.85,0,36140
2026-04-09 11:50:00+05:30,269.15,271.35,269.15,271.35,195,36595
2026-04-09 11:51:00+05:30,271.35,271.35,271.35,271.35,0,36595
2026-04-09 11:52:00+05:30,268.1,269.5,268.1,269.5,455,36595
2026-04-09 11:53:00+05:30,264.0,264.0,264.0,264.0,65,36595
2026-04-09 11:54:00+05:30,265.55,268.55,265.55,268.55,455,36595
2026-04-09 11:55:00+05:30,266.5,266.5,257.8,261.6,585,36790
2026-04-09 11:56:00+05:30,261.5,261.5,260.8,261.3,325,36790
2026-04-09 11:57:00+05:30,261.85,263.6,261.6,263.6,845,36790
2026-04-09 11:58:00+05:30,263.6,263.6,263.6,263.6,0,36790
2026-04-09 11:59:00+05:30,269.6,269.6,265.0,265.4,1105,36335
2026-04-09 12:00:00+05:30,262.65,262.95,262.65,262.95,715,36335
2026-04-09 12:01:00+05:30,260.7,263.6,260.7,263.6,390,36335
2026-04-09 12:02:00+05:30,267.0,267.0,265.9,266.25,195,36920
2026-04-09 12:03:00+05:30,270.2,270.2,267.1,269.75,195,36920
2026-04-09 12:04:00+05:30,267.75,271.75,267.75,269.3,715,36920
2026-04-09 12:05:00+05:30,274.7,274.7,274.7,274.7,65,37115
2026-04-09 12:06:00+05:30,271.85,271.85,271.8,271.8,130,37115
2026-04-09 12:07:00+05:30,269.6,269.6,268.1,268.1,325,37115
2026-04-09 12:08:00+05:30,263.0,263.0,263.0,263.0,65,36790
2026-04-09 12:09:00+05:30,261.75,261.75,258.9,259.65,910,36790
2026-04-09 12:10:00+05:30,259.25,259.25,257.3,257.3,910,36530
2026-04-09 12:11:00+05:30,257.3,257.3,257.3,257.3,130,36530
2026-04-09 12:12:00+05:30,258.45,259.25,258.45,259.25,130,36530
2026-04-09 12:13:00+05:30,258.0,261.2,258.0,261.2,325,36530
2026-04-09 12:14:00+05:30,265.55,265.55,265.55,265.55,65,36075
2026-04-09 12:15:00+05:30,265.55,265.55,265.55,265.55,65,36075
2026-04-09 12:16:00+05:30,266.45,266.45,266.45,266.45,65,36075
2026-04-09 12:17:00+05:30,266.45,266.45,266.45,266.45,0,36075
2026-04-09 12:18:00+05:30,266.4,266.4,266.4,266.4,65,36010
2026-04-09 12:19:00+05:30,266.3,268.0,266.3,268.0,195,36010
2026-04-09 12:20:00+05:30,268.05,268.75,268.05,268.75,130,36010
2026-04-09 12:21:00+05:30,268.5,268.5,266.6,266.7,390,36010
2026-04-09 12:22:00+05:30,266.35,266.4,266.35,266.4,130,36010
2026-04-09 12:23:00+05:30,268.95,269.0,268.95,269.0,130,36270
2026-04-09 12:24:00+05:30,271.0,272.0,271.0,271.55,195,36270
2026-04-09 12:25:00+05:30,272.85,274.95,272.85,274.8,585,36270
2026-04-09 12:26:00+05:30,275.1,275.1,275.0,275.0,260,36205
2026-04-09 12:27:00+05:30,276.95,276.95,275.15,275.15,195,36205
2026-04-09 12:28:00+05:30,271.85,272.1,268.6,268.6,780,36205
2026-04-09 12:29:00+05:30,264.35,267.35,264.35,267.35,520,36075
2026-04-09 12:30:00+05:30,266.05,266.05,264.05,264.05,130,36075
2026-04-09 12:31:00+05:30,263.05,263.05,263.05,263.05,130,36075
2026-04-09 12:32:00+05:30,264.5,264.5,264.45,264.45,130,36140
2026-04-09 12:33:00+05:30,268.6,268.8,268.15,268.8,390,36140
2026-04-09 12:34:00+05:30,272.75,273.65,271.25,271.9,975,36140
2026-04-09 12:35:00+05:30,271.9,271.9,271.9,271.9,0,36140
2026-04-09 12:36:00+05:30,273.6,274.6,273.6,273.95,260,36205
2026-04-09 12:37:00+05:30,275.4,275.7,275.2,275.7,325,36205
2026-04-09 12:38:00+05:30,277.95,277.95,277.55,277.65,715,36140
2026-04-09 12:39:00+05:30,276.0,280.0,275.7,280.0,455,36140
2026-04-09 12:40:00+05:30,278.35,278.35,275.0,275.0,130,36140
2026-04-09 12:41:00+05:30,275.0,275.0,275.0,275.0,0,36140
2026-04-09 12:42:00+05:30,276.8,276.8,276.8,276.8,65,36530
2026-04-09 12:43:00+05:30,276.8,276.8,276.8,276.8,0,36530
2026-04-09 12:44:00+05:30,276.8,276.8,276.8,276.8,0,36530
2026-04-09 12:45:00+05:30,281.65,281.65,280.1,281.2,455,36465
2026-04-09 12:46:00+05:30,282.1,289.35,280.25,289.35,325,36465
2026-04-09 12:47:00+05:30,291.55,295.45,289.85,295.45,845,36985
2026-04-09 12:48:00+05:30,298.9,301.4,298.35,301.4,455,36985
2026-04-09 12:49:00+05:30,300.2,303.05,299.6,303.05,1040,36985
2026-04-09 12:50:00+05:30,304.95,305.0,297.85,297.85,1040,36725
2026-04-09 12:51:00+05:30,298.45,298.45,298.45,298.45,65,36725
2026-04-09 12:52:00+05:30,298.45,298.45,298.45,298.45,0,36725
2026-04-09 12:53:00+05:30,298.45,298.45,298.45,298.45,0,36725
2026-04-09 12:54:00+05:30,298.45,298.45,298.45,298.45,0,36725
2026-04-09 12:55:00+05:30,292.45,292.5,290.2,290.2,260,36595
2026-04-09 12:56:00+05:30,289.55,290.75,289.55,290.75,260,36465
2026-04-09 12:57:00+05:30,293.7,293.8,293.7,293.8,195,36465
2026-04-09 12:58:00+05:30,291.0,291.0,289.4,289.4,195,36465
2026-04-09 12:59:00+05:30,289.4,289.4,289.4,289.4,0,36465
2026-04-09 13:00:00+05:30,291.85,292.05,289.55,291.85,715,36660
2026-04-09 13:01:00+05:30,293.45,293.45,293.45,293.45,65,36660
2026-04-09 13:02:00+05:30,288.9,295.25,288.55,295.25,455,36725
2026-04-09 13:03:00+05:30,297.05,297.05,294.35,294.35,195,36725
2026-04-09 13:04:00+05:30,294.35,294.35,294.35,294.35,0,36725
2026-04-09 13:05:00+05:30,294.35,294.35,294.35,294.35,0,36725
2026-04-09 13:06:00+05:30,300.45,300.45,297.65,297.65,195,36725
2026-04-09 13:07:00+05:30,293.6,293.6,290.95,293.25,325,36725
2026-04-09 13:08:00+05:30,294.15,294.15,294.15,294.15,65,36400
2026-04-09 13:09:00+05:30,294.15,294.15,294.15,294.15,0,36400
2026-04-09 13:10:00+05:30,294.15,294.15,294.15,294.15,65,36400
2026-04-09 13:11:00+05:30,300.2,300.25,299.55,299.55,195,36400
2026-04-09 13:12:00+05:30,305.5,306.4,304.7,305.35,1105,36400
2026-04-09 13:13:00+05:30,303.5,303.5,298.8,298.8,195,36400
2026-04-09 13:14:00+05:30,300.0,300.0,300.0,300.0,65,37115
2026-04-09 13:15:00+05:30,304.0,304.0,303.7,303.7,130,37115
2026-04-09 13:16:00+05:30,306.45,306.85,306.25,306.85,325,37115
2026-04-09 13:17:00+05:30,307.0,308.55,307.0,308.55,325,37570
2026-04-09 13:18:00+05:30,308.15,308.55,308.15,308.55,130,37570
2026-04-09 13:19:00+05:30,308.55,308.8,307.85,308.7,455,37570
2026-04-09 13:20:00+05:30,311.3,312.8,311.15,312.75,1885,37635
2026-04-09 13:21:00+05:30,314.15,321.0,313.7,321.0,3575,37635
2026-04-09 13:22:00+05:30,323.2,326.4,317.7,318.65,5005,37635
2026-04-09 13:23:00+05:30,316.0,319.7,316.0,319.7,1300,42250
2026-04-09 13:24:00+05:30,317.65,321.4,317.6,320.45,1365,42250
2026-04-09 13:25:00+05:30,322.0,322.5,319.8,322.5,4290,42250
2026-04-09 13:26:00+05:30,319.5,319.5,315.4,317.7,2730,44070
2026-04-09 13:27:00+05:30,317.35,321.55,317.35,321.55,650,44070
2026-04-09 13:28:00+05:30,320.45,323.9,320.4,323.0,2080,44070
2026-04-09 13:29:00+05:30,324.85,326.3,324.85,325.8,1365,45175
2026-04-09 13:30:00+05:30,324.15,326.3,321.75,326.3,1950,45175
2026-04-09 13:31:00+05:30,329.15,333.45,328.65,330.4,6240,45175
2026-04-09 13:32:00+05:30,330.1,333.5,326.85,326.9,1885,47255
2026-04-09 13:33:00+05:30,325.0,325.0,317.35,317.35,2795,47255
2026-04-09 13:34:00+05:30,316.25,320.9,316.25,319.2,2275,47255
2026-04-09 13:35:00+05:30,319.5,320.35,315.75,315.75,1365,48100
2026-04-09 13:36:00+05:30,315.75,317.1,315.0,317.1,2405,48100
2026-04-09 13:37:00+05:30,315.0,320.65,314.95,320.65,325,48100
2026-04-09 13:38:00+05:30,323.5,325.55,322.35,322.95,2535,49465
2026-04-09 13:39:00+05:30,325.25,326.75,325.25,325.55,1235,49465
2026-04-09 13:40:00+05:30,326.4,327.5,324.7,326.0,1885,49465
2026-04-09 13:41:00+05:30,327.7,331.8,327.7,331.1,2015,47515
2026-04-09 13:42:00+05:30,330.3,332.6,328.15,328.15,2015,47515
2026-04-09 13:43:00+05:30,330.75,331.75,330.3,331.75,1690,47515
2026-04-09 13:44:00+05:30,330.35,333.3,330.35,331.9,2015,49465
2026-04-09 13:45:00+05:30,332.2,332.2,328.0,328.0,1625,49465
2026-04-09 13:46:00+05:30,327.15,334.55,327.15,331.95,2015,49465
2026-04-09 13:47:00+05:30,335.0,343.35,335.0,342.9,4745,49790
2026-04-09 13:48:00+05:30,342.0,342.6,331.9,335.35,5655,49790
2026-04-09 13:49:00+05:30,332.95,332.95,330.0,331.7,1170,49790
2026-04-09 13:50:00+05:30,332.3,332.3,324.0,324.0,3250,50830
2026-04-09 13:51:00+05:30,321.7,322.5,317.2,319.65,3055,50830
2026-04-09 13:52:00+05:30,323.7,325.65,323.7,324.9,975,50830
2026-04-09 13:53:00+05:30,329.55,331.7,329.55,330.0,7085,54275
2026-04-09 13:54:00+05:30,328.95,328.95,322.05,322.05,975,54275
2026-04-09 13:55:00+05:30,324.1,324.25,322.1,324.25,2860,54275
2026-04-09 13:56:00+05:30,322.45,322.45,320.3,320.3,3575,58110
2026-04-09 13:57:00+05:30,320.3,320.3,320.3,320.3,0,58110
2026-04-09 13:58:00+05:30,322.5,326.25,322.05,326.25,910,58110
2026-04-09 13:59:00+05:30,326.0,326.0,323.7,323.7,520,59670
2026-04-09 14:00:00+05:30,324.4,329.9,324.4,326.5,585,59670
2026-04-09 14:01:00+05:30,324.15,324.15,321.85,322.15,1495,59670
2026-04-09 14:02:00+05:30,321.75,324.4,321.25,323.8,845,59995
2026-04-09 14:03:00+05:30,324.05,324.05,317.5,317.5,2080,59995
2026-04-09 14:04:00+05:30,316.65,316.65,311.15,312.15,1820,59995
2026-04-09 14:05:00+05:30,317.95,323.8,317.95,323.8,1495,61230
2026-04-09 14:06:00+05:30,321.75,321.75,318.0,318.0,1820,61230
2026-04-09 14:07:00+05:30,318.8,322.05,317.0,317.0,1105,61230
2026-04-09 14:08:00+05:30,313.3,314.2,311.45,311.45,1040,63765
2026-04-09 14:09:00+05:30,310.0,315.5,309.55,314.85,1690,63765
2026-04-09 14:10:00+05:30,315.9,324.75,315.9,324.75,1690,63765
2026-04-09 14:11:00+05:30,324.55,327.0,322.05,327.0,910,65325
2026-04-09 14:12:00+05:30,329.05,331.45,328.7,329.65,585,65325
2026-04-09 14:13:00+05:30,326.5,326.5,323.7,325.15,715,65325
2026-04-09 14:14:00+05:30,325.25,330.2,325.25,330.2,1365,66495
2026-04-09 14:15:00+05:30,329.55,331.15,327.5,331.15,2795,66495
2026-04-09 14:16:00+05:30,332.6,332.75,328.95,328.95,3120,66495
2026-04-09 14:17:00+05:30,327.75,327.75,325.0,325.65,650,67535
2026-04-09 14:18:00+05:30,326.8,332.05,326.8,330.0,2730,67535
2026-04-09 14:19:00+05:30,331.25,332.45,328.7,332.45,1430,67535
2026-04-09 14:20:00+05:30,331.3,331.3,327.95,327.95,585,67535
2026-04-09 14:21:00+05:30,328.45,328.45,327.25,327.25,845,69420
2026-04-09 14:22:00+05:30,334.0,334.5,331.65,333.55,2860,69420
2026-04-09 14:23:00+05:30,335.0,340.55,335.0,340.55,4810,68315
2026-04-09 14:24:00+05:30,339.95,344.0,338.2,338.7,3770,68315
2026-04-09 14:25:00+05:30,340.85,344.85,340.65,343.75,1950,68315
2026-04-09 14:26:00+05:30,345.0,351.65,344.1,350.85,7540,66235
2026-04-09 14:27:00+05:30,354.0,354.65,348.65,349.25,4160,66235
2026-04-09 14:28:00+05:30,348.55,348.55,341.2,344.15,1950,66235
2026-04-09 14:29:00+05:30,344.0,345.0,342.75,345.0,3445,67405
2026-04-09 14:30:00+05:30,343.7,346.0,343.2,345.7,2340,67405
2026-04-09 14:31:00+05:30,346.05,365.0,345.0,362.75,7150,67405
2026-04-09 14:32:00+05:30,362.05,364.85,353.55,354.9,7085,63570
2026-04-09 14:33:00+05:30,355.3,355.3,350.0,353.7,1300,63570
2026-04-09 14:34:00+05:30,353.0,356.55,353.0,355.85,4225,63570
2026-04-09 14:35:00+05:30,353.1,353.75,349.25,349.25,1235,61685
2026-04-09 14:36:00+05:30,351.75,356.0,350.55,353.15,650,61685
2026-04-09 14:37:00+05:30,351.2,353.25,350.9,353.25,585,61685
2026-04-09 14:38:00+05:30,355.0,355.15,352.6,354.15,780,62465
2026-04-09 14:39:00+05:30,355.0,355.05,348.65,349.0,1235,62465
2026-04-09 14:40:00+05:30,349.55,349.55,346.35,346.35,1300,62465
2026-04-09 14:41:00+05:30,345.25,345.95,340.5,340.55,3055,64350
2026-04-09 14:42:00+05:30,340.55,340.55,334.45,335.75,1560,64350
2026-04-09 14:43:00+05:30,327.25,329.3,327.25,329.3,195,64350
2026-04-09 14:44:00+05:30,330.0,330.55,329.55,329.55,455,64350
2026-04-09 14:45:00+05:30,333.7,335.75,332.3,334.9,715,65910
2026-04-09 14:46:00+05:30,335.65,337.5,335.55,336.3,390,65910
2026-04-09 14:47:00+05:30,337.5,337.5,331.55,331.55,455,65845
2026-04-09 14:48:00+05:30,328.5,334.0,327.7,334.0,4225,65845
2026-04-09 14:49:00+05:30,336.2,336.25,332.55,332.55,5460,65845
2026-04-09 14:50:00+05:30,332.8,338.4,332.8,338.15,6045,63375
2026-04-09 14:51:00+05:30,338.4,339.7,333.75,334.4,6305,63375
2026-04-09 14:52:00+05:30,333.7,334.4,327.7,331.85,3510,63375
2026-04-09 14:53:00+05:30,331.3,331.35,328.5,329.2,5850,64350
2026-04-09 14:54:00+05:30,328.6,329.9,325.4,327.0,2795,64350
2026-04-09 14:55:00+05:30,327.6,332.75,327.45,330.7,2665,64350
2026-04-09 14:56:00+05:30,330.3,330.5,325.0,328.15,1040,63700
2026-04-09 14:57:00+05:30,326.9,328.05,326.0,328.05,650,63700
2026-04-09 14:58:00+05:30,328.05,331.85,328.05,331.6,1365,63700
2026-04-09 14:59:00+05:30,329.35,329.45,328.2,328.45,585,63895
2026-04-09 15:00:00+05:30,324.0,332.05,320.0,331.75,1300,63895
2026-04-09 15:01:00+05:30,324.3,324.3,314.3,315.0,1235,63895
2026-04-09 15:02:00+05:30,314.0,314.15,300.75,303.75,13455,65845
2026-04-09 15:03:00+05:30,303.65,305.1,293.0,300.85,8320,65845
2026-04-09 15:04:00+05:30,301.45,313.1,301.45,310.65,4940,65845
2026-04-09 15:05:00+05:30,310.15,316.0,307.55,307.55,7215,67015
2026-04-09 15:06:00+05:30,307.35,311.75,304.25,304.25,4160,67015
2026-04-09 15:07:00+05:30,305.25,310.15,305.25,306.85,1105,67015
2026-04-09 15:08:00+05:30,308.4,308.65,303.7,303.7,845,67730
2026-04-09 15:09:00+05:30,303.8,303.8,296.15,299.35,5005,67730
2026-04-09 15:10:00+05:30,298.6,298.6,296.4,296.5,1950,67730
2026-04-09 15:11:00+05:30,294.65,299.2,294.1,298.25,2470,68575
2026-04-09 15:12:00+05:30,298.0,298.0,290.85,292.15,3835,68575
2026-04-09 15:13:00+05:30,293.85,297.1,293.85,297.1,260,68575
2026-04-09 15:14:00+05:30,297.0,297.6,296.05,296.05,195,70395
2026-04-09 15:15:00+05:30,296.65,303.0,296.65,301.4,4355,70395
2026-04-09 15:16:00+05:30,302.2,303.55,301.55,302.2,4030,70395
2026-04-09 15:17:00+05:30,300.0,301.95,298.2,301.8,910,67145
2026-04-09 15:18:00+05:30,302.15,305.0,301.5,304.9,2860,67145
2026-04-09 15:19:00+05:30,302.2,304.2,301.3,303.25,2080,67145
2026-04-09 15:20:00+05:30,303.05,303.2,300.8,300.8,2275,66235
2026-04-09 15:21:00+05:30,300.55,301.25,299.75,299.75,1820,66235
2026-04-09 15:22:00+05:30,299.35,301.2,298.7,300.95,1885,66235
2026-04-09 15:23:00+05:30,299.35,301.05,298.95,299.6,2470,66365
2026-04-09 15:24:00+05:30,300.7,300.75,299.35,299.35,2470,66365
2026-04-09 15:25:00+05:30,299.25,300.2,298.95,300.2,2600,66365
2026-04-09 15:26:00+05:30,300.4,301.15,298.95,301.0,3770,68965
2026-04-09 15:27:00+05:30,300.65,301.55,300.2,301.15,6435,68965
2026-04-09 15:28:00+05:30,300.65,302.35,300.05,301.55,6045,68965
2026-04-09 15:29:00+05:30,301.85,304.95,300.05,304.85,11700,68250
2026-04-10 09:15:00+05:30,260.0,262.6,243.1,247.8,7280,67080
2026-04-10 09:16:00+05:30,248.25,249.05,227.4,228.0,30940,67665
2026-04-10 09:17:00+05:30,228.1,231.55,225.75,228.0,5590,67665
2026-04-10 09:18:00+05:30,228.95,230.6,223.15,226.7,36660,67665
2026-04-10 09:19:00+05:30,225.3,225.3,215.25,215.25,4485,97500
2026-04-10 09:20:00+05:30,215.55,220.35,212.85,217.05,3445,97500
2026-04-10 09:21:00+05:30,217.95,220.55,216.7,218.75,5070,97500
2026-04-10 09:22:00+05:30,218.3,218.75,215.95,217.85,5460,96525
2026-04-10 09:23:00+05:30,217.5,220.85,216.25,219.95,1625,96525
2026-04-10 09:24:00+05:30,221.65,226.1,219.55,225.05,715,96525
2026-04-10 09:25:00+05:30,222.05,224.1,218.0,218.55,2860,95160
2026-04-10 09:26:00+05:30,220.85,227.55,220.85,227.55,1430,95160
2026-04-10 09:27:00+05:30,227.9,230.75,226.65,226.65,1495,95160
2026-04-10 09:28:00+05:30,226.3,230.4,222.2,222.75,5135,95160
2026-04-10 09:29:00+05:30,224.7,227.05,220.7,220.7,1755,95160
2026-04-10 09:30:00+05:30,220.45,221.7,218.0,220.45,3445,95160
2026-04-10 09:31:00+05:30,220.05,224.2,218.0,223.45,1690,95550
2026-04-10 09:32:00+05:30,225.65,226.25,221.4,221.4,455,95550
2026-04-10 09:33:00+05:30,218.0,220.4,215.0,217.1,1885,95550
2026-04-10 09:34:00+05:30,215.35,221.5,215.0,221.0,1235,94965
2026-04-10 09:35:00+05:30,222.15,223.45,221.0,223.45,520,94965
2026-04-10 09:36:00+05:30,226.55,227.85,225.65,225.65,455,94965
2026-04-10 09:37:00+05:30,226.4,226.4,222.5,223.65,455,95420
2026-04-10 09:38:00+05:30,223.65,223.75,218.8,221.6,715,95420
2026-04-10 09:39:00+05:30,221.75,221.75,219.95,221.35,1820,95420
2026-04-10 09:40:00+05:30,220.9,222.8,220.3,222.8,390,95160
2026-04-10 09:41:00+05:30,219.95,223.9,217.3,222.6,1430,95160
2026-04-10 09:42:00+05:30,220.55,220.9,219.2,219.2,390,95160
2026-04-10 09:43:00+05:30,215.15,217.5,214.85,215.95,390,94705
2026-04-10 09:44:00+05:30,220.0,221.15,219.75,221.15,195,94705
2026-04-10 09:45:00+05:30,217.6,220.2,217.6,218.8,910,94705
2026-04-10 09:46:00+05:30,217.3,217.35,214.35,214.4,390,94770
2026-04-10 09:47:00+05:30,211.1,213.85,207.15,208.55,3055,94770
2026-04-10 09:48:00+05:30,206.25,207.9,204.3,207.9,2080,94770
2026-04-10 09:49:00+05:30,210.0,212.05,208.75,210.2,2665,96330
2026-04-10 09:50:00+05:30,206.7,207.25,206.3,207.25,455,96330
2026-04-10 09:51:00+05:30,207.15,208.3,207.15,207.35,2275,96330
2026-04-10 09:52:00+05:30,207.0,207.85,207.0,207.5,520,97565
2026-04-10 09:53:00+05:30,205.65,205.7,205.0,205.0,715,97565
2026-04-10 09:54:00+05:30,204.9,205.5,203.55,205.5,910,97565
2026-04-10 09:55:00+05:30,201.05,204.9,201.05,204.9,10790,97955
2026-04-10 09:56:00+05:30,204.9,204.9,203.55,204.15,325,97955
2026-04-10 09:57:00+05:30,203.45,203.45,202.65,202.65,260,97955
2026-04-10 09:58:00+05:30,202.5,203.95,202.5,203.1,455,105820
2026-04-10 09:59:00+05:30,203.1,203.45,202.3,203.45,1040,105820
2026-04-10 10:00:00+05:30,201.3,201.3,199.6,200.2,1040,105820
2026-04-10 10:01:00+05:30,200.75,200.8,199.0,199.0,1170,105755
2026-04-10 10:02:00+05:30,201.3,202.8,200.0,202.8,260,105755
2026-04-10 10:03:00+05:30,202.45,202.45,201.8,201.8,260,105755
2026-04-10 10:04:00+05:30,204.45,204.5,204.45,204.5,130,106080
2026-04-10 10:05:00+05:30,208.0,218.0,207.85,214.45,3510,106080
2026-04-10 10:06:00+05:30,215.45,215.9,211.75,215.2,2015,106080
2026-04-10 10:07:00+05:30,215.2,215.2,214.6,214.75,325,106600
2026-04-10 10:08:00+05:30,213.05,217.25,211.7,211.9,1170,106600
2026-04-10 10:09:00+05:30,212.65,212.65,210.05,210.1,260,106600
2026-04-10 10:10:00+05:30,209.8,209.8,206.2,206.2,910,106470
2026-04-10 10:11:00+05:30,205.3,206.45,204.5,205.55,845,106470
2026-04-10 10:12:00+05:30,204.7,204.85,202.85,203.1,520,106470
2026-04-10 10:13:00+05:30,203.6,203.6,199.25,199.8,1430,105430
2026-04-10 10:14:00+05:30,199.5,201.25,197.0,197.0,1105,105430
2026-04-10 10:15:00+05:30,195.45,195.45,191.95,193.85,21840,105430
2026-04-10 10:16:00+05:30,194.6,194.85,190.4,190.4,1625,94250
2026-04-10 10:17:00+05:30,190.0,193.2,189.0,190.85,4160,94250
2026-04-10 10:18:00+05:30,190.5,191.2,189.3,190.95,1040,94250
2026-04-10 10:19:00+05:30,191.0,191.0,189.0,189.0,650,92690
2026-04-10 10:20:00+05:30,188.2,188.2,186.0,187.05,1430,92690
2026-04-10 10:21:00+05:30,186.0,186.7,183.6,186.7,2925,92690
2026-04-10 10:22:00+05:30,185.3,187.45,185.0,187.45,1365,93210
2026-04-10 10:23:00+05:30,187.6,187.6,184.0,184.15,2405,93210
2026-04-10 10:24:00+05:30,183.8,185.1,181.3,182.05,19955,93210
2026-04-10 10:25:00+05:30,181.6,181.6,178.75,180.2,1560,80275
2026-04-10 10:26:00+05:30,179.0,183.1,179.0,183.1,585,80275
2026-04-10 10:27:00+05:30,183.05,186.05,183.05,186.05,1170,80275
2026-04-10 10:28:00+05:30,187.75,188.55,187.75,188.35,780,80405
2026-04-10 10:29:00+05:30,187.85,188.55,187.6,187.6,325,80405
2026-04-10 10:30:00+05:30,185.25,185.25,185.15,185.15,260,80405
2026-04-10 10:31:00+05:30,185.0,185.65,185.0,185.65,195,80405
2026-04-10 10:32:00+05:30,186.55,188.7,186.55,188.7,325,80405
2026-04-10 10:33:00+05:30,187.3,187.3,187.3,187.3,65,80405
2026-04-10 10:34:00+05:30,187.45,187.45,184.75,184.75,715,80340
2026-04-10 10:35:00+05:30,183.85,184.75,183.85,184.75,130,80340
2026-04-10 10:36:00+05:30,184.15,184.25,184.15,184.25,260,80340
2026-04-10 10:37:00+05:30,188.0,188.35,188.0,188.35,195,79950
2026-04-10 10:38:00+05:30,187.45,188.25,187.25,188.25,845,79950
2026-04-10 10:39:00+05:30,188.25,188.25,187.85,188.05,975,79950
2026-04-10 10:40:00+05:30,187.7,187.95,185.7,185.7,1235,80665
2026-04-10 10:41:00+05:30,186.85,190.1,186.65,190.1,390,80665
2026-04-10 10:42:00+05:30,188.1,188.4,187.75,187.75,455,80665
2026-04-10 10:43:00+05:30,187.9,188.25,187.6,188.25,195,80535
2026-04-10 10:44:00+05:30,188.45,189.0,188.45,188.95,455,80535
2026-04-10 10:45:00+05:30,192.0,192.0,191.95,192.0,520,80535
2026-04-10 10:46:00+05:30,190.0,193.1,190.0,193.1,520,80665
2026-04-10 10:47:00+05:30,193.0,193.0,190.9,192.0,260,80665
2026-04-10 10:48:00+05:30,193.4,193.4,193.4,193.4,65,80665
2026-04-10 10:49:00+05:30,193.35,193.35,192.45,192.75,1235,80665
2026-04-10 10:50:00+05:30,194.5,194.5,193.75,194.1,455,80665
2026-04-10 10:51:00+05:30,194.25,194.35,194.25,194.35,130,80665
2026-04-10 10:52:00+05:30,194.95,196.35,194.75,194.95,520,80210
2026-04-10 10:53:00+05:30,194.95,195.35,194.25,195.35,585,80210
2026-04-10 10:54:00+05:30,195.35,195.9,194.5,195.0,780,80210
2026-04-10 10:55:00+05:30,195.4,196.5,195.2,196.5,910,80080
2026-04-10 10:56:00+05:30,196.85,198.3,196.5,198.15,2600,80080
2026-04-10 10:57:00+05:30,199.55,200.2,199.55,200.2,325,80080
2026-04-10 10:58:00+05:30,199.9,199.9,197.9,198.05,1170,80860
2026-04-10 10:59:00+05:30,191.85,191.85,191.85,191.85,65,80860
2026-04-10 11:00:00+05:30,190.0,190.0,188.5,188.5,325,80860
2026-04-10 11:01:00+05:30,188.9,188.9,185.7,186.25,1105,80080
2026-04-10 11:02:00+05:30,186.55,187.5,186.55,187.5,130,80080
2026-04-10 11:03:00+05:30,189.05,190.75,189.05,190.75,195,80080
2026-04-10 11:04:00+05:30,190.25,190.4,189.35,189.35,195,80080
2026-04-10 11:05:00+05:30,190.5,193.0,190.3,191.8,1495,80080
2026-04-10 11:06:00+05:30,190.7,191.2,189.8,189.8,585,80080
2026-04-10 11:07:00+05:30,191.7,191.75,190.2,190.75,455,80080
2026-04-10 11:08:00+05:30,188.2,189.05,187.5,188.35,9880,79560
2026-04-10 11:09:00+05:30,186.65,186.65,185.0,185.0,585,79560
2026-04-10 11:10:00+05:30,184.8,187.5,184.7,184.7,780,77870
2026-04-10 11:11:00+05:30,185.95,185.95,185.95,185.95,130,77870
2026-04-10 11:12:00+05:30,185.65,185.65,184.5,184.6,455,77870
2026-04-10 11:13:00+05:30,183.0,183.45,182.15,183.45,1105,77610
2026-04-10 11:14:00+05:30,184.9,185.45,184.9,185.45,130,77610
2026-04-10 11:15:00+05:30,184.85,185.45,184.85,185.45,130,77610
2026-04-10 11:16:00+05:30,187.5,188.5,187.5,188.1,195,77480
2026-04-10 11:17:00+05:30,188.45,191.55,188.45,191.55,845,77480
2026-04-10 11:18:00+05:30,191.95,192.5,191.95,192.5,130,77480
2026-04-10 11:19:00+05:30,193.9,193.9,193.3,193.4,195,77480
2026-04-10 11:20:00+05:30,191.35,191.8,191.35,191.8,130,77675
2026-04-10 11:21:00+05:30,191.35,191.45,190.6,191.45,390,77675
2026-04-10 11:22:00+05:30,191.95,191.95,189.0,189.0,195,77545
2026-04-10 11:23:00+05:30,189.0,189.0,189.0,189.0,0,77545
2026-04-10 11:24:00+05:30,191.7,191.7,191.7,191.7,65,77545
2026-04-10 11:25:00+05:30,189.0,189.15,189.0,189.15,585,77545
2026-04-10 11:26:00+05:30,187.95,187.95,187.95,187.95,520,77740
2026-04-10 11:27:00+05:30,188.65,190.65,188.65,190.65,260,77740
2026-04-10 11:28:00+05:30,190.8,190.8,190.8,190.8,65,77740
2026-04-10 11:29:00+05:30,194.45,194.6,194.45,194.6,520,77870
2026-04-10 11:30:00+05:30,194.05,194.3,193.75,194.3,1365,77870
2026-04-10 11:31:00+05:30,191.05,191.05,191.0,191.0,130,77870
2026-04-10 11:32:00+05:30,191.0,191.0,191.0,191.0,0,77870
2026-04-10 11:33:00+05:30,191.0,191.0,191.0,191.0,0,77870
2026-04-10 11:34:00+05:30,191.0,191.0,191.0,191.0,0,77870
2026-04-10 11:35:00+05:30,191.0,191.0,191.0,191.0,0,77870
2026-04-10 11:36:00+05:30,189.1,192.15,189.1,192.15,260,77935
2026-04-10 11:37:00+05:30,194.1,194.1,194.1,194.1,65,77935
2026-04-10 11:38:00+05:30,194.8,194.8,194.75,194.75,130,77935
2026-04-10 11:39:00+05:30,194.75,194.75,194.75,194.75,0,77935
2026-04-10 11:40:00+05:30,194.3,194.35,193.1,193.35,1560,77935
2026-04-10 11:41:00+05:30,193.35,193.35,193.35,193.35,0,77935
2026-04-10 11:42:00+05:30,197.1,198.7,196.35,196.35,455,78845
2026-04-10 11:43:00+05:30,196.8,196.8,195.95,195.95,130,78845
2026-04-10 11:44:00+05:30,193.55,195.2,193.55,195.2,715,78650
2026-04-10 11:45:00+05:30,194.55,194.55,193.65,193.65,455,78650
2026-04-10 11:46:00+05:30,195.0,195.0,195.0,195.0,130,78650
2026-04-10 11:47:00+05:30,199.95,200.75,199.95,200.75,585,78780
2026-04-10 11:48:00+05:30,201.8,202.7,199.2,200.0,2275,78780
2026-04-10 11:49:00+05:30,200.0,205.85,200.0,202.5,3120,76765
2026-04-10 11:50:00+05:30,201.2,201.55,196.2,196.2,910,76765
2026-04-10 11:51:00+05:30,195.35,195.35,193.0,193.0,1235,76765
2026-04-10 11:52:00+05:30,193.3,194.2,192.45,193.7,2860,79040
2026-04-10 11:53:00+05:30,193.55,194.6,193.55,194.35,780,79040
2026-04-10 11:54:00+05:30,195.35,195.35,193.5,193.5,650,79040
2026-04-10 11:55:00+05:30,194.3,194.9,194.1,194.1,1430,79040
2026-04-10 11:56:00+05:30,194.75,195.2,194.75,195.2,195,79820
2026-04-10 11:57:00+05:30,192.35,192.35,191.0,191.4,780,79820
2026-04-10 11:58:00+05:30,191.9,191.9,191.85,191.85,520,79820
2026-04-10 11:59:00+05:30,191.05,191.05,190.65,190.65,130,79820
2026-04-10 12:00:00+05:30,190.0,191.8,190.0,190.1,2405,79820
2026-04-10 12:01:00+05:30,190.35,190.35,190.15,190.15,195,79820
2026-04-10 12:02:00+05:30,189.25,189.25,189.25,189.25,65,80730
2026-04-10 12:03:00+05:30,186.1,187.1,186.1,187.1,520,80730
2026-04-10 12:04:00+05:30,187.2,187.2,186.0,186.0,390,80470
2026-04-10 12:05:00+05:30,185.45,187.45,185.45,187.45,325,80470
2026-04-10 12:06:00+05:30,187.7,188.05,186.0,186.0,520,80470
2026-04-10 12:07:00+05:30,185.6,187.2,185.6,186.4,390,80470
2026-04-10 12:08:00+05:30,185.6,186.45,184.2,186.45,455,80470
2026-04-10 12:09:00+05:30,186.3,186.3,185.0,185.0,260,80470
2026-04-10 12:10:00+05:30,184.6,187.15,184.6,186.95,2015,80470
2026-04-10 12:11:00+05:30,186.8,186.8,186.8,186.8,65,79885
2026-04-10 12:12:00+05:30,187.75,187.75,186.45,186.45,195,79885
2026-04-10 12:13:00+05:30,185.95,185.95,184.65,185.35,1040,80600
2026-04-10 12:14:00+05:30,184.95,185.8,184.5,185.8,390,80600
2026-04-10 12:15:00+05:30,186.05,190.05,185.6,190.0,650,80600
2026-04-10 12:16:00+05:30,188.6,188.6,188.15,188.15,390,80600
2026-04-10 12:17:00+05:30,186.0,186.0,186.0,186.0,65,80275
2026-04-10 12:18:00+05:30,188.95,188.95,188.8,188.8,130,80275
2026-04-10 12:19:00+05:30,187.9,187.9,187.9,187.9,65,80275
2026-04-10 12:20:00+05:30,187.35,187.35,187.35,187.35,65,80275
2026-04-10 12:21:00+05:30,188.2,188.2,187.15,187.15,130,80275
2026-04-10 12:22:00+05:30,188.45,188.45,188.45,188.45,65,80275
2026-04-10 12:23:00+05:30,187.0,187.0,187.0,187.0,65,80145
2026-04-10 12:24:00+05:30,184.4,184.4,180.0,180.05,390,80145
2026-04-10 12:25:00+05:30,179.6,180.1,176.8,176.8,585,80145
2026-04-10 12:26:00+05:30,179.3,179.35,178.1,178.1,650,80015
2026-04-10 12:27:00+05:30,181.6,183.45,181.45,182.2,1170,80015
2026-04-10 12:28:00+05:30,185.0,185.05,185.0,185.05,130,80015
2026-04-10 12:29:00+05:30,184.55,184.55,184.3,184.3,130,80795
2026-04-10 12:30:00+05:30,183.85,184.1,181.55,181.55,390,80795
2026-04-10 12:31:00+05:30,181.55,181.55,181.55,181.55,0,80795
2026-04-10 12:32:00+05:30,181.55,181.55,181.55,181.55,0,80795
2026-04-10 12:33:00+05:30,181.55,181.55,181.55,181.55,0,80795
2026-04-10 12:34:00+05:30,183.15,184.2,182.9,183.55,585,80925
2026-04-10 12:35:00+05:30,183.55,183.55,183.55,183.55,0,80925
2026-04-10 12:36:00+05:30,182.5,182.65,182.5,182.65,195,81055
2026-04-10 12:37:00+05:30,183.9,183.9,183.9,183.9,260,81055
2026-04-10 12:38:00+05:30,183.9,184.0,182.95,182.95,715,80990
2026-04-10 12:39:00+05:30,182.1,183.75,182.0,182.3,1755,80990
2026-04-10 12:40:00+05:30,182.3,182.3,182.3,182.3,0,80990
2026-04-10 12:41:00+05:30,182.3,182.3,182.3,182.3,0,80990
2026-04-10 12:42:00+05:30,181.0,181.3,180.95,181.25,455,80340
2026-04-10 12:43:00+05:30,183.1,184.25,183.1,184.25,390,80340
2026-04-10 12:44:00+05:30,184.25,184.25,184.25,184.25,0,80340
2026-04-10 12:45:00+05:30,185.05,185.05,185.05,185.05,130,80535
2026-04-10 12:46:00+05:30,185.05,185.05,185.05,185.05,0,80535
2026-04-10 12:47:00+05:30,185.05,185.05,185.05,185.05,65,80340
2026-04-10 12:48:00+05:30,182.95,182.95,182.0,182.05,520,80340
2026-04-10 12:49:00+05:30,182.05,182.05,182.05,182.05,0,80340
2026-04-10 12:50:00+05:30,185.6,186.6,184.15,186.6,9815,80275
2026-04-10 12:51:00+05:30,185.55,186.4,185.55,186.4,130,80275
2026-04-10 12:52:00+05:30,186.4,186.4,186.4,186.4,0,80275
2026-04-10 12:53:00+05:30,184.45,184.45,184.45,184.45,65,74685
2026-04-10 12:54:00+05:30,186.1,188.05,186.1,186.55,2795,74685
2026-04-10 12:55:00+05:30,186.2,186.2,186.2,186.2,130,74685
2026-04-10 12:56:00+05:30,185.1,186.9,185.0,186.9,1040,75075
2026-04-10 12:57:00+05:30,187.2,187.35,185.45,185.45,780,75075
2026-04-10 12:58:00+05:30,184.9,184.95,184.9,184.95,130,75075
2026-04-10 12:59:00+05:30,184.95,184.95,184.95,184.95,0,75075
2026-04-10 13:00:00+05:30,184.95,184.95,184.95,184.95,0,75075
2026-04-10 13:01:00+05:30,181.9,182.55,181.9,182.55,390,75595
2026-04-10 13:02:00+05:30,183.2,183.2,183.1,183.1,585,75075
2026-04-10 13:03:00+05:30,181.8,181.8,180.0,180.65,1040,75075
2026-04-10 13:04:00+05:30,180.65,180.65,180.6,180.6,325,75075
2026-04-10 13:05:00+05:30,182.95,182.95,182.95,182.95,65,75075
2026-04-10 13:06:00+05:30,182.6,182.6,182.4,182.4,195,75075
2026-04-10 13:07:00+05:30,180.5,181.2,180.5,181.2,910,75075
2026-04-10 13:08:00+05:30,181.0,181.0,180.7,180.7,260,75400
2026-04-10 13:09:00+05:30,180.45,180.45,180.45,180.45,65,75400
2026-04-10 13:10:00+05:30,181.15,181.15,180.75,180.75,195,75400
2026-04-10 13:11:00+05:30,181.65,181.65,181.65,181.65,65,75205
2026-04-10 13:12:00+05:30,182.55,185.65,182.55,185.65,1625,75205
2026-04-10 13:13:00+05:30,185.3,185.8,185.3,185.8,455,75205
2026-04-10 13:14:00+05:30,186.9,187.0,184.8,184.8,910,75400
2026-04-10 13:15:00+05:30,186.7,186.75,185.2,185.2,1235,75400
2026-04-10 13:16:00+05:30,187.05,187.05,186.1,186.75,650,75400
2026-04-10 13:17:00+05:30,186.0,186.3,182.85,182.85,780,75465
2026-04-10 13:18:00+05:30,184.8,187.0,184.8,187.0,2990,75465
2026-04-10 13:19:00+05:30,187.3,187.5,186.3,186.95,4225,75465
2026-04-10 13:20:00+05:30,187.3,187.4,187.05,187.05,520,77805
2026-04-10 13:21:00+05:30,187.05,187.05,187.05,187.05,0,77805
2026-04-10 13:22:00+05:30,187.35,187.35,185.85,185.95,520,77805
2026-04-10 13:23:00+05:30,186.6,187.45,186.55,187.25,455,78195
2026-04-10 13:24:00+05:30,188.0,188.0,186.55,186.55,260,78195
2026-04-10 13:25:00+05:30,186.55,186.55,186.55,186.55,0,78195
2026-04-10 13:26:00+05:30,184.65,184.65,184.65,184.65,65,78455
2026-04-10 13:27:00+05:30,184.65,187.05,184.65,187.05,650,78455
2026-04-10 13:28:00+05:30,187.05,187.05,187.05,187.05,0,78455
2026-04-10 13:29:00+05:30,183.85,185.35,183.85,184.05,650,78390
2026-04-10 13:30:00+05:30,183.0,184.5,183.0,184.5,195,78390
2026-04-10 13:31:00+05:30,183.0,183.35,182.15,183.3,1300,78390
2026-04-10 13:32:00+05:30,182.0,182.0,180.35,180.35,1365,78650
2026-04-10 13:33:00+05:30,181.2,183.15,181.05,183.15,975,78650
2026-04-10 13:34:00+05:30,183.85,184.5,183.3,184.45,1040,78650
2026-04-10 13:35:00+05:30,184.25,186.35,184.25,186.35,715,78325
2026-04-10 13:36:00+05:30,185.05,185.1,184.2,184.2,195,78325
2026-04-10 13:37:00+05:30,183.35,183.4,183.35,183.4,130,78325
2026-04-10 13:38:00+05:30,183.55,183.55,182.35,182.6,325,78455
2026-04-10 13:39:00+05:30,182.6,182.6,180.45,180.45,455,78455
2026-04-10 13:40:00+05:30,181.2,181.3,180.55,180.9,1625,78455
2026-04-10 13:41:00+05:30,179.85,179.95,179.3,179.5,1235,79105
2026-04-10 13:42:00+05:30,178.7,178.85,177.3,178.4,1040,79105
2026-04-10 13:43:00+05:30,178.1,178.3,177.1,177.1,715,79105
2026-04-10 13:44:00+05:30,178.7,178.85,178.5,178.5,455,79820
2026-04-10 13:45:00+05:30,178.0,178.0,177.35,177.4,520,79820
2026-04-10 13:46:00+05:30,176.4,177.5,175.8,176.85,1105,79820
2026-04-10 13:47:00+05:30,177.7,177.7,177.7,177.7,65,79430
2026-04-10 13:48:00+05:30,180.35,182.1,180.35,181.35,3315,79430
2026-04-10 13:49:00+05:30,181.55,182.2,181.5,182.2,260,79430
2026-04-10 13:50:00+05:30,182.15,182.15,181.1,181.1,260,80925
2026-04-10 13:51:00+05:30,181.3,181.3,179.0,179.45,845,80925
2026-04-10 13:52:00+05:30,178.3,180.8,177.95,180.7,1040,80925
2026-04-10 13:53:00+05:30,180.25,180.25,179.8,179.8,260,81510
2026-04-10 13:54:00+05:30,179.8,179.8,179.8,179.8,0,81510
2026-04-10 13:55:00+05:30,180.2,180.2,179.85,179.85,260,81510
2026-04-10 13:56:00+05:30,179.25,179.25,177.6,177.6,2145,81965
2026-04-10 13:57:00+05:30,177.75,177.75,177.75,177.75,65,81965
2026-04-10 13:58:00+05:30,175.95,175.95,172.1,172.4,1625,81965
2026-04-10 13:59:00+05:30,172.75,172.75,169.9,172.05,1040,81640
2026-04-10 14:00:00+05:30,171.65,174.45,170.75,173.4,1300,81640
2026-04-10 14:01:00+05:30,172.25,172.25,171.0,171.35,390,81640
2026-04-10 14:02:00+05:30,172.1,173.85,172.1,173.85,1040,80730
2026-04-10 14:03:00+05:30,173.1,174.15,173.1,174.15,260,80730
2026-04-10 14:04:00+05:30,174.35,174.95,174.35,174.6,390,80730
2026-04-10 14:05:00+05:30,174.05,174.05,173.2,173.5,520,80860
2026-04-10 14:06:00+05:30,173.6,173.9,173.45,173.9,260,80860
2026-04-10 14:07:00+05:30,173.8,174.4,173.3,173.3,1105,80860
2026-04-10 14:08:00+05:30,173.55,174.25,173.3,174.25,715,80860
2026-04-10 14:09:00+05:30,173.85,174.3,173.85,173.9,650,80600
2026-04-10 14:10:00+05:30,172.8,174.5,172.8,174.5,260,80600
2026-04-10 14:11:00+05:30,174.8,174.8,173.25,173.75,1235,80600
2026-04-10 14:12:00+05:30,172.75,172.75,172.35,172.7,715,80340
2026-04-10 14:13:00+05:30,171.35,173.15,171.35,172.95,845,80340
2026-04-10 14:14:00+05:30,175.4,188.95,175.4,180.45,17225,82550
2026-04-10 14:15:00+05:30,183.4,206.25,183.4,200.2,9945,82550
2026-04-10 14:16:00+05:30,192.95,204.45,190.95,203.4,6890,82550
2026-04-10 14:17:00+05:30,201.0,201.0,192.15,193.35,2990,80145
2026-04-10 14:18:00+05:30,192.65,193.85,189.35,189.35,1170,80145
2026-04-10 14:19:00+05:30,193.4,193.7,190.55,191.2,2275,80145
2026-04-10 14:20:00+05:30,190.85,192.3,187.15,187.15,1300,81445
2026-04-10 14:21:00+05:30,186.85,188.25,186.85,187.25,650,81445
2026-04-10 14:22:00+05:30,185.3,194.25,184.6,194.15,2600,81445
2026-04-10 14:23:00+05:30,193.6,200.55,193.6,200.55,2275,81185
2026-04-10 14:24:00+05:30,200.0,206.0,200.0,205.05,1430,81185
2026-04-10 14:25:00+05:30,206.8,210.0,203.85,204.25,4550,81185
2026-04-10 14:26:00+05:30,205.75,210.0,205.75,210.0,1105,80990
2026-04-10 14:27:00+05:30,207.6,215.4,207.6,213.4,2145,80990
2026-04-10 14:28:00+05:30,211.55,212.6,209.15,210.0,3640,80990
2026-04-10 14:29:00+05:30,210.45,212.8,208.6,208.6,3185,81965
2026-04-10 14:30:00+05:30,212.2,212.2,206.05,206.7,2015,81965
2026-04-10 14:31:00+05:30,207.95,208.05,205.15,205.75,1560,81965
2026-04-10 14:32:00+05:30,206.45,207.05,204.95,206.5,3900,80990
2026-04-10 14:33:00+05:30,202.0,202.05,197.25,202.05,4355,80990
2026-04-10 14:34:00+05:30,200.2,203.0,200.2,203.0,1170,80990
2026-04-10 14:35:00+05:30,202.6,204.2,201.5,204.2,1755,83070
2026-04-10 14:36:00+05:30,203.7,210.85,203.7,204.75,1820,83070
2026-04-10 14:37:00+05:30,208.1,209.65,206.6,207.5,4810,83070
2026-04-10 14:38:00+05:30,206.25,207.5,204.75,204.85,780,83070
2026-04-10 14:39:00+05:30,203.55,205.0,200.8,204.95,2015,85995
2026-04-10 14:40:00+05:30,205.5,205.5,202.6,202.6,1105,85995
2026-04-10 14:41:00+05:30,202.95,203.65,198.65,198.65,975,85345
2026-04-10 14:42:00+05:30,202.95,202.95,200.55,200.55,4095,85345
2026-04-10 14:43:00+05:30,201.55,203.5,201.55,202.8,520,85345
2026-04-10 14:44:00+05:30,202.8,203.8,201.2,201.2,1755,87685
2026-04-10 14:45:00+05:30,203.4,208.6,203.4,205.8,2535,87685
2026-04-10 14:46:00+05:30,204.15,206.25,203.45,206.25,975,87685
2026-04-10 14:47:00+05:30,207.55,209.4,206.6,206.6,910,88465
2026-04-10 14:48:00+05:30,207.6,208.7,203.75,205.1,650,88465
2026-04-10 14:49:00+05:30,205.2,205.2,186.4,188.5,6630,88465
2026-04-10 14:50:00+05:30,189.6,193.6,189.6,193.6,3445,88530
2026-04-10 14:51:00+05:30,191.3,192.5,188.25,189.55,1365,88530
2026-04-10 14:52:00+05:30,188.5,190.45,188.5,190.15,3055,88530
2026-04-10 14:53:00+05:30,189.95,190.05,186.55,186.55,5980,92885
2026-04-10 14:54:00+05:30,190.15,192.75,187.4,191.2,2730,92885
2026-04-10 14:55:00+05:30,190.65,192.1,189.4,191.2,3575,92885
2026-04-10 14:56:00+05:30,192.45,193.05,190.65,190.65,3965,97370
2026-04-10 14:57:00+05:30,192.0,192.6,191.0,191.0,2535,97370
2026-04-10 14:58:00+05:30,190.1,190.2,189.35,190.2,1235,97370
2026-04-10 14:59:00+05:30,190.1,192.0,190.1,192.0,585,97370
2026-04-10 15:00:00+05:30,190.35,191.05,188.1,188.85,1885,99710
2026-04-10 15:01:00+05:30,188.85,190.65,181.1,184.75,2405,99710
2026-04-10 15:02:00+05:30,186.0,186.4,184.75,185.9,390,99710
2026-04-10 15:03:00+05:30,182.3,182.8,179.6,180.05,2600,100165
2026-04-10 15:04:00+05:30,179.4,181.5,177.95,177.95,3900,100165
2026-04-10 15:05:00+05:30,177.15,177.2,172.35,172.8,1170,104130
2026-04-10 15:06:00+05:30,172.8,173.0,170.65,171.15,8450,104130
2026-04-10 15:07:00+05:30,171.55,171.55,168.85,168.85,2860,104130
2026-04-10 15:08:00+05:30,168.55,168.85,164.7,165.35,1820,102895
2026-04-10 15:09:00+05:30,166.7,169.7,166.05,169.0,2470,102895
2026-04-10 15:10:00+05:30,169.1,169.2,166.0,166.0,2470,102895
2026-04-10 15:11:00+05:30,166.85,167.3,165.9,167.25,1820,101530
2026-04-10 15:12:00+05:30,166.0,169.2,165.7,166.7,5200,101530
2026-04-10 15:13:00+05:30,166.4,167.4,165.4,167.4,3445,101530
2026-04-10 15:14:00+05:30,166.4,167.6,166.2,167.6,1625,101010
2026-04-10 15:15:00+05:30,167.5,172.85,167.5,171.35,1170,101010
2026-04-10 15:16:00+05:30,171.25,171.25,169.1,169.75,1170,101010
2026-04-10 15:17:00+05:30,170.7,170.7,166.05,168.35,5590,102960
2026-04-10 15:18:00+05:30,169.55,169.55,167.2,168.05,2600,102960
2026-04-10 15:19:00+05:30,168.5,170.05,168.15,169.25,2080,102960
2026-04-10 15:20:00+05:30,170.3,171.85,170.3,170.75,2145,103090
2026-04-10 15:21:00+05:30,170.55,170.55,168.9,169.55,1235,103090
2026-04-10 15:22:00+05:30,170.1,170.45,168.7,168.95,3250,103090
2026-04-10 15:23:00+05:30,168.8,168.8,168.3,168.5,520,102440
2026-04-10 15:24:00+05:30,167.95,168.1,166.8,168.0,1950,102440
2026-04-10 15:25:00+05:30,168.25,168.7,168.0,168.0,1625,102440
2026-04-10 15:26:00+05:30,168.0,168.8,166.5,167.0,5265,105170
2026-04-10 15:27:00+05:30,167.0,167.15,165.85,165.85,2535,105170
2026-04-10 15:28:00+05:30,166.55,166.75,165.55,166.75,3315,105170
2026-04-10 15:29:00+05:30,166.75,171.35,166.75,169.1,4030,105365
2026-04-13 09:15:00+05:30,290.7,355.9,249.0,353.55,46020,105170
2026-04-13 09:16:00+05:30,352.25,390.45,350.65,377.5,36595,102830
2026-04-13 09:17:00+05:30,377.1,384.1,368.0,377.85,9815,102830
2026-04-13 09:18:00+05:30,378.35,389.65,377.1,387.15,7930,102830
2026-04-13 09:19:00+05:30,388.0,389.15,378.6,382.0,5980,86255
2026-04-13 09:20:00+05:30,381.7,384.15,380.05,381.95,2535,86255
2026-04-13 09:21:00+05:30,383.2,383.85,378.75,381.05,4160,86255
2026-04-13 09:22:00+05:30,380.85,384.85,378.9,382.45,2990,87230
2026-04-13 09:23:00+05:30,381.0,381.0,376.0,376.0,1885,87230
2026-04-13 09:24:00+05:30,378.25,382.5,375.2,375.85,6565,87230
2026-04-13 09:25:00+05:30,377.65,378.3,369.7,370.6,7215,86450
2026-04-13 09:26:00+05:30,372.0,375.3,370.0,370.0,3770,86450
2026-04-13 09:27:00+05:30,372.3,372.3,363.95,369.1,4485,86450
2026-04-13 09:28:00+05:30,368.4,380.5,368.4,377.05,50570,103415
2026-04-13 09:29:00+05:30,377.95,380.4,372.65,375.1,10010,103415
2026-04-13 09:30:00+05:30,376.4,382.5,376.4,382.1,4680,103415
2026-04-13 09:31:00+05:30,382.8,385.0,380.0,380.0,10205,149305
2026-04-13 09:32:00+05:30,383.5,383.5,368.9,369.75,5915,149305
2026-04-13 09:33:00+05:30,369.1,372.45,367.1,368.95,7800,149305
2026-04-13 09:34:00+05:30,369.65,370.4,367.2,369.35,4485,149890
2026-04-13 09:35:00+05:30,372.05,380.0,371.9,379.5,3510,149890
2026-04-13 09:36:00+05:30,383.1,384.45,379.5,384.45,2080,149890
2026-04-13 09:37:00+05:30,383.4,383.4,381.95,382.75,1495,149435
2026-04-13 09:38:00+05:30,382.5,382.5,379.3,379.3,1820,149435
2026-04-13 09:39:00+05:30,378.8,383.15,375.9,378.2,2275,149435
2026-04-13 09:40:00+05:30,380.4,383.25,378.1,381.0,910,147680
2026-04-13 09:41:00+05:30,378.0,378.0,357.75,357.75,11310,147680
2026-04-13 09:42:00+05:30,358.45,362.1,349.85,362.0,15470,147680
2026-04-13 09:43:00+05:30,363.0,364.85,356.75,357.0,3250,144495
2026-04-13 09:44:00+05:30,356.0,360.45,356.0,358.75,1755,144495
2026-04-13 09:45:00+05:30,360.35,368.0,360.3,363.2,2145,144495
2026-04-13 09:46:00+05:30,362.55,365.55,362.45,362.45,3250,145665
2026-04-13 09:47:00+05:30,358.8,360.15,354.65,359.3,1885,145665
2026-04-13 09:48:00+05:30,363.1,367.9,363.1,364.95,3900,145665
2026-04-13 09:49:00+05:30,366.0,367.0,359.3,359.8,1105,143910
2026-04-13 09:50:00+05:30,357.05,360.25,355.85,358.4,2210,143910
2026-04-13 09:51:00+05:30,358.8,364.3,354.0,355.5,1560,143910
2026-04-13 09:52:00+05:30,353.15,358.05,353.15,355.7,1235,144820
2026-04-13 09:53:00+05:30,355.4,357.85,352.85,357.05,1625,144820
2026-04-13 09:54:00+05:30,357.05,357.05,346.0,355.75,4290,144820
2026-04-13 09:55:00+05:30,355.0,355.0,340.1,343.7,8450,145145
2026-04-13 09:56:00+05:30,343.0,343.1,340.2,341.75,3120,145145
2026-04-13 09:57:00+05:30,343.65,346.45,343.45,344.4,1950,145145
2026-04-13 09:58:00+05:30,341.75,343.45,335.3,341.75,4225,145860
2026-04-13 09:59:00+05:30,341.9,343.15,339.65,343.15,3575,145860
2026-04-13 10:00:00+05:30,343.65,347.4,341.7,346.05,4420,145860
2026-04-13 10:01:00+05:30,347.0,347.1,339.3,341.4,2730,151710
2026-04-13 10:02:00+05:30,340.1,342.7,338.65,339.95,910,151710
2026-04-13 10:03:00+05:30,341.8,343.45,337.25,342.45,2925,151710
2026-04-13 10:04:00+05:30,344.15,347.0,339.2,339.7,3185,152555
2026-04-13 10:05:00+05:30,339.2,341.35,336.95,339.85,2210,152555
2026-04-13 10:06:00+05:30,339.65,345.85,339.65,344.4,4225,152555
2026-04-13 10:07:00+05:30,344.15,346.2,337.85,340.25,4810,157300
2026-04-13 10:08:00+05:30,341.35,344.65,340.75,340.75,3120,157300
2026-04-13 10:09:00+05:30,342.15,342.15,337.6,337.6,2405,157300
2026-04-13 10:10:00+05:30,339.2,342.15,336.65,337.1,3315,155350
2026-04-13 10:11:00+05:30,338.95,344.35,337.6,337.6,1755,155350
2026-04-13 10:12:00+05:30,337.05,338.8,330.7,337.4,8515,155350
2026-04-13 10:13:00+05:30,335.35,342.35,333.85,340.4,5850,158275
2026-04-13 10:14:00+05:30,343.8,347.75,343.4,346.7,4095,158275
2026-04-13 10:15:00+05:30,347.0,353.0,347.0,352.75,11700,158275
2026-04-13 10:16:00+05:30,354.0,356.1,347.4,355.45,2535,157365
2026-04-13 10:17:00+05:30,355.95,356.4,352.55,356.4,2405,157365
2026-04-13 10:18:00+05:30,355.05,355.05,342.85,343.3,3900,157365
2026-04-13 10:19:00+05:30,340.0,346.85,338.5,338.95,2275,156975
2026-04-13 10:20:00+05:30,337.5,337.9,328.85,330.2,10010,156975
2026-04-13 10:21:00+05:30,327.25,329.25,313.6,319.1,39585,156975
2026-04-13 10:22:00+05:30,319.2,322.45,316.0,316.0,8320,164450
2026-04-13 10:23:00+05:30,315.55,323.45,315.5,319.4,10075,164450
2026-04-13 10:24:00+05:30,318.55,322.45,315.0,318.7,17095,164450
2026-04-13 10:25:00+05:30,318.7,322.6,317.35,321.0,9230,182910
2026-04-13 10:26:00+05:30,321.0,322.55,318.0,318.0,3640,182910
2026-04-13 10:27:00+05:30,317.15,317.35,312.15,313.9,16770,182910
2026-04-13 10:28:00+05:30,313.3,316.6,313.0,316.35,10985,191295
2026-04-13 10:29:00+05:30,315.6,319.0,315.6,317.8,3250,191295
2026-04-13 10:30:00+05:30,318.0,318.85,314.75,314.75,57980,191295
2026-04-13 10:31:00+05:30,315.5,316.45,314.0,314.75,10400,245180
2026-04-13 10:32:00+05:30,314.85,316.2,313.55,314.0,8515,245180
2026-04-13 10:33:00+05:30,313.75,320.2,313.25,318.1,8645,245180
2026-04-13 10:34:00+05:30,316.9,318.85,315.35,317.15,3250,251550
2026-04-13 10:35:00+05:30,315.1,318.75,314.1,318.75,4810,251550
2026-04-13 10:36:00+05:30,318.9,320.95,318.0,320.05,10725,251550
2026-04-13 10:37:00+05:30,319.95,322.0,317.45,318.15,15665,267995
2026-04-13 10:38:00+05:30,317.1,319.4,316.1,317.85,2925,267995
2026-04-13 10:39:00+05:30,317.8,317.8,310.1,310.1,20020,267995
2026-04-13 10:40:00+05:30,310.0,311.9,307.25,310.95,13325,259090
2026-04-13 10:41:00+05:30,310.0,323.95,306.15,318.35,24960,259090
2026-04-13 10:42:00+05:30,317.95,322.5,317.9,321.1,9035,259090
2026-04-13 10:43:00+05:30,321.1,321.9,313.8,314.05,8190,266045
2026-04-13 10:44:00+05:30,314.25,318.85,313.95,316.7,8060,266045
2026-04-13 10:45:00+05:30,316.85,318.1,309.1,311.4,12025,266045
2026-04-13 10:46:00+05:30,311.1,312.0,304.0,307.4,16770,273260
2026-04-13 10:47:00+05:30,307.55,313.5,307.5,309.5,15860,273260
2026-04-13 10:48:00+05:30,308.95,309.6,306.0,309.6,6630,273260
2026-04-13 10:49:00+05:30,309.75,315.45,309.2,311.8,7865,286845
2026-04-13 10:50:00+05:30,311.4,312.0,308.7,308.8,8580,286845
2026-04-13 10:51:00+05:30,309.6,311.75,308.0,311.5,4420,286845
2026-04-13 10:52:00+05:30,310.45,311.15,305.2,305.6,18785,296725
2026-04-13 10:53:00+05:30,305.5,309.25,303.0,307.25,17290,296725
2026-04-13 10:54:00+05:30,307.55,308.25,305.2,305.85,10855,296725
2026-04-13 10:55:00+05:30,305.25,306.75,301.5,303.75,9620,306605
2026-04-13 10:56:00+05:30,302.95,304.2,300.65,300.65,10725,306605
2026-04-13 10:57:00+05:30,300.65,301.85,298.5,300.25,16705,306605
2026-04-13 10:58:00+05:30,301.9,306.8,301.75,306.65,10855,317525
2026-04-13 10:59:00+05:30,306.1,311.45,306.1,306.35,19240,317525
2026-04-13 11:00:00+05:30,306.85,309.75,306.45,307.35,12675,317525
2026-04-13 11:01:00+05:30,307.0,310.5,307.0,309.6,8580,324090
2026-04-13 11:02:00+05:30,309.0,309.25,306.7,308.1,10400,324090
2026-04-13 11:03:00+05:30,307.3,310.0,307.0,308.45,4420,324090
2026-04-13 11:04:00+05:30,307.8,309.75,307.4,309.6,4745,331955
2026-04-13 11:05:00+05:30,308.25,308.25,300.35,301.55,7865,331955
2026-04-13 11:06:00+05:30,301.6,307.05,301.2,306.2,8255,331955
2026-04-13 11:07:00+05:30,306.5,307.45,302.35,302.35,6760,338000
2026-04-13 11:08:00+05:30,302.9,305.0,301.2,301.3,7995,338000
2026-04-13 11:09:00+05:30,301.8,302.65,300.0,301.65,10270,338000
2026-04-13 11:10:00+05:30,301.3,309.0,300.6,308.0,11310,348010
2026-04-13 11:11:00+05:30,308.9,310.0,306.0,308.6,20280,348010
2026-04-13 11:12:00+05:30,307.9,308.0,303.8,303.8,8320,348010
2026-04-13 11:13:00+05:30,303.5,305.95,303.5,305.3,2925,356460
2026-04-13 11:14:00+05:30,306.85,308.0,305.2,306.3,7345,356460
2026-04-13 11:15:00+05:30,305.0,305.8,303.2,303.65,6500,356460
2026-04-13 11:16:00+05:30,303.05,304.0,301.85,301.95,9100,364390
2026-04-13 11:17:00+05:30,302.9,303.35,301.15,302.1,2340,364390
2026-04-13 11:18:00+05:30,302.1,302.25,300.85,300.85,7410,364390
2026-04-13 11:19:00+05:30,301.0,302.4,300.2,300.8,10660,373555
2026-04-13 11:20:00+05:30,300.8,304.75,300.0,304.1,8645,373555
2026-04-13 11:21:00+05:30,304.9,308.0,304.9,307.0,18655,373555
2026-04-13 11:22:00+05:30,306.55,307.85,295.8,295.8,24700,385320
2026-04-13 11:23:00+05:30,296.25,300.0,293.0,298.8,23140,385320
2026-04-13 11:24:00+05:30,299.0,302.35,297.5,300.95,21970,385320
2026-04-13 11:25:00+05:30,301.2,302.3,294.05,297.2,15665,397020
2026-04-13 11:26:00+05:30,297.0,299.65,296.1,297.85,6890,397020
2026-04-13 11:27:00+05:30,299.3,303.3,299.3,303.0,6435,397020
2026-04-13 11:28:00+05:30,303.2,303.25,301.35,302.95,5135,400855
2026-04-13 11:29:00+05:30,302.5,306.5,302.2,304.85,19240,400855
2026-04-13 11:30:00+05:30,305.0,305.75,302.0,302.6,5850,400855
2026-04-13 11:31:00+05:30,302.0,307.0,299.0,306.9,11895,405860
2026-04-13 11:32:00+05:30,307.0,309.75,305.95,308.2,16445,405860
2026-04-13 11:33:00+05:30,306.5,308.85,305.6,307.7,7995,405860
2026-04-13 11:34:00+05:30,309.0,309.0,305.0,306.05,12545,403455
2026-04-13 11:35:00+05:30,305.9,306.0,298.85,298.85,8125,403455
2026-04-13 11:36:00+05:30,299.15,304.8,299.0,299.0,12155,403455
2026-04-13 11:37:00+05:30,298.5,299.9,293.5,296.45,18850,406835
2026-04-13 11:38:00+05:30,297.35,297.4,289.0,292.9,33280,406835
2026-04-13 11:39:00+05:30,291.95,296.2,289.3,293.95,17615,406835
2026-04-13 11:40:00+05:30,294.25,294.6,290.65,293.0,13845,420485
2026-04-13 11:41:00+05:30,294.65,297.0,294.65,296.1,14040,420485
2026-04-13 11:42:00+05:30,295.65,297.4,295.0,297.4,4550,420485
2026-04-13 11:43:00+05:30,296.75,298.5,295.25,298.5,11115,423930
2026-04-13 11:44:00+05:30,297.65,299.0,295.0,295.0,11895,423930
2026-04-13 11:45:00+05:30,295.95,296.5,290.3,290.3,11765,423930
2026-04-13 11:46:00+05:30,290.2,292.4,286.45,291.0,16965,423930
2026-04-13 11:47:00+05:30,290.45,292.35,290.45,291.75,9555,422890
2026-04-13 11:48:00+05:30,290.9,291.35,287.05,288.45,17550,422890
2026-04-13 11:49:00+05:30,287.5,288.45,282.5,282.5,12545,439140
2026-04-13 11:50:00+05:30,282.5,284.25,273.1,273.1,98345,439140
2026-04-13 11:51:00+05:30,273.0,278.65,272.3,276.55,21060,439140
2026-04-13 11:52:00+05:30,276.55,283.0,276.55,283.0,15340,417105
2026-04-13 11:53:00+05:30,281.7,283.15,280.55,280.75,13520,417105
2026-04-13 11:54:00+05:30,281.0,281.0,274.6,274.6,15340,417105
2026-04-13 11:55:00+05:30,274.4,274.4,269.2,271.4,26520,417105
2026-04-13 11:56:00+05:30,271.45,276.25,270.6,276.25,6630,420355
2026-04-13 11:57:00+05:30,275.9,277.0,274.55,275.85,16055,420355
2026-04-13 11:58:00+05:30,275.9,278.0,275.6,276.1,12285,420355
2026-04-13 11:59:00+05:30,276.6,280.4,276.6,278.3,10920,427765
2026-04-13 12:00:00+05:30,278.25,278.7,276.45,277.5,4875,427765
2026-04-13 12:01:00+05:30,277.0,281.2,276.45,280.95,15470,427765
2026-04-13 12:02:00+05:30,280.8,281.1,279.2,281.0,32305,434070
2026-04-13 12:03:00+05:30,280.75,281.6,279.25,279.75,22750,434070
2026-04-13 12:04:00+05:30,278.2,280.25,278.15,279.15,2730,434070
2026-04-13 12:05:00+05:30,278.45,278.45,276.5,277.0,3380,472940
2026-04-13 12:06:00+05:30,276.1,276.15,271.75,271.75,11830,472940
2026-04-13 12:07:00+05:30,271.05,274.3,271.05,272.7,4615,472940
2026-04-13 12:08:00+05:30,272.65,276.35,272.65,275.55,6695,472680
2026-04-13 12:09:00+05:30,275.55,275.65,272.55,273.0,5265,472680
2026-04-13 12:10:00+05:30,272.5,272.5,268.0,268.4,11700,472680
2026-04-13 12:11:00+05:30,268.6,273.7,268.0,272.3,8385,477230
2026-04-13 12:12:00+05:30,274.05,275.0,272.8,274.6,6695,477230
2026-04-13 12:13:00+05:30,273.55,274.65,271.35,271.4,2340,477230
2026-04-13 12:14:00+05:30,271.35,271.6,266.1,266.7,11505,478595
2026-04-13 12:15:00+05:30,266.8,271.75,264.85,270.0,15600,478595
2026-04-13 12:16:00+05:30,270.7,272.0,269.3,269.35,5070,478595
2026-04-13 12:17:00+05:30,269.3,270.65,268.1,270.65,5135,479180
2026-04-13 12:18:00+05:30,270.9,273.0,270.05,271.05,9750,479180
2026-04-13 12:19:00+05:30,271.0,271.7,268.05,268.8,8255,479180
2026-04-13 12:20:00+05:30,268.7,269.85,267.05,268.85,8840,478985
2026-04-13 12:21:00+05:30,268.1,272.9,267.95,272.9,3575,478985
2026-04-13 12:22:00+05:30,273.0,276.0,272.35,276.0,8060,478985
2026-04-13 12:23:00+05:30,276.0,276.0,274.0,274.65,8255,478205
2026-04-13 12:24:00+05:30,274.35,275.95,272.45,272.45,5200,478205
2026-04-13 12:25:00+05:30,272.6,273.1,270.2,271.35,5720,478205
2026-04-13 12:26:00+05:30,270.8,271.25,256.25,262.5,39325,482755
2026-04-13 12:27:00+05:30,262.55,266.9,260.0,260.0,9425,482755
2026-04-13 12:28:00+05:30,259.85,263.75,259.65,260.3,11245,482755
2026-04-13 12:29:00+05:30,260.2,262.35,259.0,259.0,10790,489385
2026-04-13 12:30:00+05:30,258.4,262.45,256.45,261.15,7930,489385
2026-04-13 12:31:00+05:30,261.2,261.8,259.85,261.35,9100,489385
2026-04-13 12:32:00+05:30,261.5,263.6,261.45,262.6,8320,487630
2026-04-13 12:33:00+05:30,262.85,267.6,262.4,264.85,15535,487630
2026-04-13 12:34:00+05:30,264.7,267.7,264.7,265.8,5395,487630
2026-04-13 12:35:00+05:30,265.8,266.8,264.0,266.65,2275,493155
2026-04-13 12:36:00+05:30,265.6,269.1,264.8,267.45,4355,493155
2026-04-13 12:37:00+05:30,267.25,267.25,264.0,264.15,4680,493155
2026-04-13 12:38:00+05:30,263.3,263.9,261.0,261.6,5655,489775
2026-04-13 12:39:00+05:30,260.45,265.75,259.05,265.75,5460,489775
2026-04-13 12:40:00+05:30,264.65,267.85,263.95,264.65,2730,489775
2026-04-13 12:41:00+05:30,264.8,266.15,264.0,264.85,2925,490035
2026-04-13 12:42:00+05:30,265.1,265.7,261.0,261.25,4160,490035
2026-04-13 12:43:00+05:30,261.0,262.85,261.0,262.7,2275,490035
2026-04-13 12:44:00+05:30,262.1,262.8,260.7,261.0,2015,492505
2026-04-13 12:45:00+05:30,261.6,266.0,260.7,265.6,2665,492505
2026-04-13 12:46:00+05:30,264.85,266.75,264.8,265.25,3380,492505
2026-04-13 12:47:00+05:30,264.0,265.3,262.55,263.2,3185,492765
2026-04-13 12:48:00+05:30,263.9,265.35,262.85,265.1,1885,492765
2026-04-13 12:49:00+05:30,264.0,264.0,262.25,262.9,3445,492765
2026-04-13 12:50:00+05:30,263.05,265.35,263.0,264.95,3120,492960
2026-04-13 12:51:00+05:30,265.15,267.7,264.85,265.05,3510,492960
2026-04-13 12:52:00+05:30,265.05,265.45,264.0,265.15,2275,492960
2026-04-13 12:53:00+05:30,264.15,266.0,264.1,264.85,2600,491335
2026-04-13 12:54:00+05:30,265.85,272.0,265.5,269.45,5525,491335
2026-04-13 12:55:00+05:30,270.65,272.65,270.0,270.35,8580,491335
2026-04-13 12:56:00+05:30,270.4,278.1,268.65,277.9,24180,493025
2026-04-13 12:57:00+05:30,277.2,285.65,274.7,274.7,37830,493025
2026-04-13 12:58:00+05:30,274.6,275.45,269.25,274.95,21840,493025
2026-04-13 12:59:00+05:30,274.0,276.6,273.4,276.1,13845,494585
2026-04-13 13:00:00+05:30,275.45,280.2,275.0,275.0,26065,494585
2026-04-13 13:01:00+05:30,274.05,276.1,272.95,275.3,6370,494585
2026-04-13 13:02:00+05:30,275.7,283.4,275.7,283.4,4615,487370
2026-04-13 13:03:00+05:30,283.55,289.9,282.25,286.05,41535,487370
2026-04-13 13:04:00+05:30,285.0,285.0,280.0,282.75,18395,487370
2026-04-13 13:05:00+05:30,282.35,283.5,277.05,280.9,16770,498680
2026-04-13 13:06:00+05:30,279.65,280.3,273.9,278.15,13585,498680
2026-04-13 13:07:00+05:30,277.25,278.15,275.0,276.9,3055,498680
2026-04-13 13:08:00+05:30,276.9,277.15,273.1,273.15,3120,502840
2026-04-13 13:09:00+05:30,273.3,275.3,270.05,274.85,8450,502840
2026-04-13 13:10:00+05:30,277.1,278.0,275.0,277.4,7735,502840
2026-04-13 13:11:00+05:30,277.2,277.2,272.7,272.8,2015,504985
2026-04-13 13:12:00+05:30,272.0,272.1,268.6,268.75,13130,504985
2026-04-13 13:13:00+05:30,268.6,275.5,268.5,275.5,11505,504985
2026-04-13 13:14:00+05:30,275.4,276.65,270.45,270.95,17095,511030
2026-04-13 13:15:00+05:30,270.0,270.0,263.75,269.0,26065,511030
2026-04-13 13:16:00+05:30,267.9,274.9,267.9,274.9,7670,511030
2026-04-13 13:17:00+05:30,274.9,276.0,272.7,274.9,7345,508300
2026-04-13 13:18:00+05:30,275.0,275.0,266.75,267.0,6760,508300
2026-04-13 13:19:00+05:30,266.0,268.85,262.6,265.05,13910,508300
2026-04-13 13:20:00+05:30,263.0,268.0,262.55,267.4,10920,512590
2026-04-13 13:21:00+05:30,267.15,268.35,266.5,266.5,7410,512590
2026-04-13 13:22:00+05:30,267.3,270.2,265.0,270.2,2535,512590
2026-04-13 13:23:00+05:30,271.0,272.9,267.5,269.1,3445,514085
2026-04-13 13:24:00+05:30,269.25,270.85,268.05,269.3,11115,514085
2026-04-13 13:25:00+05:30,269.1,269.35,266.85,268.0,2990,514085
2026-04-13 13:26:00+05:30,268.0,271.5,268.0,271.4,1885,522210
2026-04-13 13:27:00+05:30,271.8,272.15,268.75,269.6,4615,522210
2026-04-13 13:28:00+05:30,270.1,270.1,268.0,268.25,1300,522210
2026-04-13 13:29:00+05:30,269.05,270.45,269.05,269.1,2860,518830
2026-04-13 13:30:00+05:30,268.85,268.85,265.2,267.1,7410,518830
2026-04-13 13:31:00+05:30,266.55,269.0,262.4,262.9,9035,518830
2026-04-13 13:32:00+05:30,262.8,264.65,258.0,259.35,19760,521040
2026-04-13 13:33:00+05:30,258.95,261.15,251.35,259.1,33540,521040
2026-04-13 13:34:00+05:30,258.95,258.95,254.4,257.45,6370,521040
2026-04-13 13:35:00+05:30,256.7,260.05,255.8,256.3,9295,518765
2026-04-13 13:36:00+05:30,255.65,262.3,255.65,259.15,6695,518765
2026-04-13 13:37:00+05:30,259.1,259.1,255.35,255.7,5135,518765
2026-04-13 13:38:00+05:30,255.75,259.0,254.8,259.0,6175,519740
2026-04-13 13:39:00+05:30,259.0,264.9,259.0,262.4,7865,519740
2026-04-13 13:40:00+05:30,262.5,263.25,260.85,263.0,1885,519740
2026-04-13 13:41:00+05:30,263.05,266.3,262.55,262.9,3120,519480
2026-04-13 13:42:00+05:30,264.05,265.9,260.6,265.9,9230,519480
2026-04-13 13:43:00+05:30,266.05,266.35,262.3,263.15,9490,519480
2026-04-13 13:44:00+05:30,261.85,265.0,261.3,262.95,2730,528255
2026-04-13 13:45:00+05:30,263.65,266.6,263.65,266.3,2600,528255
2026-04-13 13:46:00+05:30,264.2,265.95,264.0,264.8,910,528255
2026-04-13 13:47:00+05:30,265.2,266.85,264.75,266.85,2405,528775
2026-04-13 13:48:00+05:30,266.85,267.3,263.0,263.1,6760,528775
2026-04-13 13:49:00+05:30,262.0,264.05,260.95,262.4,2145,528775
2026-04-13 13:50:00+05:30,262.4,262.95,260.0,260.75,7215,528710
2026-04-13 13:51:00+05:30,261.3,264.75,258.7,258.9,3770,528710
2026-04-13 13:52:00+05:30,258.85,259.55,246.65,247.8,52520,528710
2026-04-13 13:53:00+05:30,247.8,249.85,245.9,247.25,20800,531765
2026-04-13 13:54:00+05:30,246.75,247.75,241.0,241.0,13065,531765
2026-04-13 13:55:00+05:30,241.3,242.3,236.7,237.1,18265,531765
2026-04-13 13:56:00+05:30,236.25,237.45,232.8,233.85,13390,542360
2026-04-13 13:57:00+05:30,233.85,234.95,230.7,232.0,28405,542360
2026-04-13 13:58:00+05:30,232.0,235.15,228.55,234.35,14820,542360
2026-04-13 13:59:00+05:30,234.4,236.0,231.7,236.0,5980,534495
2026-04-13 14:00:00+05:30,236.35,239.15,232.1,237.0,8320,534495
2026-04-13 14:01:00+05:30,236.35,237.65,236.0,237.4,6890,534495
2026-04-13 14:02:00+05:30,237.75,240.0,236.7,239.95,3900,535145
2026-04-13 14:03:00+05:30,239.3,240.05,237.95,238.75,5525,535145
2026-04-13 14:04:00+05:30,238.75,238.8,235.0,236.0,6500,535145
2026-04-13 14:05:00+05:30,236.4,247.6,236.0,244.35,8645,535925
2026-04-13 14:06:00+05:30,243.4,248.0,241.5,247.1,8190,535925
2026-04-13 14:07:00+05:30,248.0,248.0,242.75,244.45,15600,535925
2026-04-13 14:08:00+05:30,245.35,245.75,242.9,245.0,6175,529880
2026-04-13 14:09:00+05:30,245.6,251.0,244.8,249.65,22100,529880
2026-04-13 14:10:00+05:30,250.35,254.4,250.0,253.1,32370,529880
2026-04-13 14:11:00+05:30,252.65,260.0,252.45,258.65,31720,540280
2026-04-13 14:12:00+05:30,257.2,259.95,255.95,256.8,24765,540280
2026-04-13 14:13:00+05:30,256.8,260.35,256.65,259.0,12285,540280
2026-04-13 14:14:00+05:30,259.15,260.9,255.5,255.5,6955,553345
2026-04-13 14:15:00+05:30,255.25,261.9,251.2,261.55,9295,553345
2026-04-13 14:16:00+05:30,261.9,262.0,258.9,259.0,9425,553345
2026-04-13 14:17:00+05:30,259.85,261.35,255.7,255.7,5135,555230
2026-04-13 14:18:00+05:30,256.3,256.65,251.15,256.65,5070,555230
2026-04-13 14:19:00+05:30,258.6,258.85,253.9,253.9,2665,555230
2026-04-13 14:20:00+05:30,254.35,254.35,250.05,252.95,3380,556270
2026-04-13 14:21:00+05:30,255.0,255.45,252.45,252.95,1430,556270
2026-04-13 14:22:00+05:30,254.7,255.8,246.6,247.0,3575,556270
2026-04-13 14:23:00+05:30,249.65,250.5,247.0,250.15,3900,490425
2026-04-13 14:24:00+05:30,250.7,253.6,249.0,250.05,2795,490425
2026-04-13 14:25:00+05:30,249.9,249.9,244.4,247.05,8060,490425
2026-04-13 14:26:00+05:30,245.95,248.1,240.25,240.25,4745,490815
2026-04-13 14:27:00+05:30,241.45,243.5,238.8,241.9,6500,490815
2026-04-13 14:28:00+05:30,240.2,244.0,240.05,244.0,3380,490815
2026-04-13 14:29:00+05:30,243.55,247.35,243.55,247.15,2730,495235
2026-04-13 14:30:00+05:30,246.45,247.0,235.0,235.5,16055,495235
2026-04-13 14:31:00+05:30,235.2,240.1,235.1,239.0,11895,495235
2026-04-13 14:32:00+05:30,238.8,240.6,236.7,237.65,5135,500890
2026-04-13 14:33:00+05:30,237.45,238.0,234.0,238.0,9360,500890
2026-04-13 14:34:00+05:30,237.95,239.7,237.65,239.05,4940,500890
2026-04-13 14:35:00+05:30,240.0,241.4,237.35,237.9,3315,504790
2026-04-13 14:36:00+05:30,239.0,242.75,239.0,240.45,2470,504790
2026-04-13 14:37:00+05:30,240.4,241.5,238.95,240.85,3510,504790
2026-04-13 14:38:00+05:30,241.25,241.25,236.35,238.25,5070,504790
2026-04-13 14:39:00+05:30,238.4,247.0,238.25,245.3,3770,504790
2026-04-13 14:40:00+05:30,244.85,248.55,242.0,244.95,4290,504790
2026-04-13 14:41:00+05:30,245.15,246.95,244.2,246.85,5135,504140
2026-04-13 14:42:00+05:30,245.9,250.35,245.9,249.3,6630,504140
2026-04-13 14:43:00+05:30,250.9,253.75,249.65,252.65,6695,504140
2026-04-13 14:44:00+05:30,252.4,254.8,246.75,249.1,6695,504140
2026-04-13 14:45:00+05:30,249.75,250.55,246.15,246.15,5980,504140
2026-04-13 14:46:00+05:30,246.95,250.05,244.0,249.4,4420,504140
2026-04-13 14:47:00+05:30,249.35,251.4,248.55,250.0,3380,505895
2026-04-13 14:48:00+05:30,251.0,251.25,244.0,244.4,8775,505895
2026-04-13 14:49:00+05:30,244.5,246.65,242.8,243.85,4615,505895
2026-04-13 14:50:00+05:30,244.85,248.6,244.7,246.25,3575,507065
2026-04-13 14:51:00+05:30,245.0,245.2,241.95,242.05,2080,507065
2026-04-13 14:52:00+05:30,242.75,242.75,239.0,242.1,5850,507065
2026-04-13 14:53:00+05:30,242.1,243.25,237.0,238.8,14365,507065
2026-04-13 14:54:00+05:30,238.8,242.5,236.0,236.85,9165,502125
2026-04-13 14:55:00+05:30,236.95,237.45,232.55,236.8,5915,502125
2026-04-13 14:56:00+05:30,237.0,237.85,234.75,237.8,3315,502125
2026-04-13 14:57:00+05:30,238.35,238.35,236.0,236.95,2340,503295
2026-04-13 14:58:00+05:30,236.0,236.1,231.8,233.0,4095,503295
2026-04-13 14:59:00+05:30,232.65,237.0,231.3,237.0,4550,503880
2026-04-13 15:00:00+05:30,237.0,252.65,236.85,252.65,19890,503880
2026-04-13 15:01:00+05:30,252.3,256.35,246.05,250.2,29900,503880
2026-04-13 15:02:00+05:30,253.0,253.0,238.7,238.7,17420,498095
2026-04-13 15:03:00+05:30,238.8,243.85,231.45,243.5,14170,498095
2026-04-13 15:04:00+05:30,242.8,247.25,237.9,246.6,10270,498095
2026-04-13 15:05:00+05:30,247.45,251.55,243.5,249.55,46215,490360
2026-04-13 15:06:00+05:30,248.95,249.15,243.75,248.45,51415,490360
2026-04-13 15:07:00+05:30,247.35,254.25,247.15,253.35,13195,490360
2026-04-13 15:08:00+05:30,254.0,256.45,251.9,255.8,15405,471705
2026-04-13 15:09:00+05:30,255.5,257.0,254.2,257.0,18265,471705
2026-04-13 15:10:00+05:30,256.95,259.0,255.75,255.8,16640,471705
2026-04-13 15:11:00+05:30,255.9,258.65,253.7,253.7,24440,465010
2026-04-13 15:12:00+05:30,254.0,256.9,252.0,256.5,13845,465010
2026-04-13 15:13:00+05:30,257.0,258.6,256.0,256.95,13715,465010
2026-04-13 15:14:00+05:30,256.85,257.75,255.5,256.65,8970,465010
2026-04-13 15:15:00+05:30,256.3,258.65,255.15,255.8,14495,461045
2026-04-13 15:16:00+05:30,256.0,256.1,251.35,253.65,18330,461045
2026-04-13 15:17:00+05:30,253.5,257.75,253.5,254.45,8125,461045
2026-04-13 15:18:00+05:30,254.0,256.4,252.4,256.15,10985,452010
2026-04-13 15:19:00+05:30,255.8,257.45,255.4,257.4,11180,452010
2026-04-13 15:20:00+05:30,257.0,259.35,256.7,258.25,13000,452010
2026-04-13 15:21:00+05:30,259.05,260.0,258.4,259.6,17355,448825
2026-04-13 15:22:00+05:30,260.0,260.0,255.4,257.0,19955,448825
2026-04-13 15:23:00+05:30,257.0,259.9,257.0,258.4,9880,448825
2026-04-13 15:24:00+05:30,258.05,259.0,257.6,259.0,16965,441610
2026-04-13 15:25:00+05:30,259.0,261.5,258.7,261.5,22880,441610
2026-04-13 15:26:00+05:30,260.95,261.4,258.8,260.0,27560,441610
2026-04-13 15:27:00+05:30,259.15,260.5,259.0,260.1,19630,424840
2026-04-13 15:28:00+05:30,259.9,260.8,259.0,259.0,20085,424840
2026-04-13 15:29:00+05:30,259.2,259.2,246.7,247.6,43420,424840
2026-04-15 09:15:00+05:30,118.0,118.0,67.95,72.9,324740,418860
2026-04-15 09:16:00+05:30,73.05,78.5,70.5,71.8,174460,418860
2026-04-15 09:17:00+05:30,71.8,74.8,71.0,73.4,99190,418860
2026-04-15 09:18:00+05:30,73.25,73.95,69.75,71.25,133055,418860
2026-04-15 09:19:00+05:30,71.2,72.1,70.15,71.5,98475,534105
2026-04-15 09:20:00+05:30,71.25,72.5,69.1,71.15,82940,534105
2026-04-15 09:21:00+05:30,71.35,75.95,70.3,75.3,78000,534105
2026-04-15 09:22:00+05:30,75.5,77.0,72.45,76.15,71565,541970
2026-04-15 09:23:00+05:30,76.4,77.35,73.0,74.5,62660,541970
2026-04-15 09:24:00+05:30,74.5,78.7,73.85,77.05,50765,541970
2026-04-15 09:25:00+05:30,77.1,78.35,75.35,75.9,66235,547105
2026-04-15 09:26:00+05:30,76.05,79.0,75.9,78.35,55445,547105
2026-04-15 09:27:00+05:30,78.1,84.75,77.35,84.55,101270,547105
2026-04-15 09:28:00+05:30,84.3,86.4,82.0,84.3,104585,578825
2026-04-15 09:29:00+05:30,84.35,85.8,82.3,83.1,66170,578825
2026-04-15 09:30:00+05:30,83.1,89.15,82.45,87.95,113425,578825
2026-04-15 09:31:00+05:30,87.95,90.55,87.35,87.9,93795,611455
2026-04-15 09:32:00+05:30,88.05,91.9,87.4,88.25,95680,611455
2026-04-15 09:33:00+05:30,88.05,92.75,87.0,91.85,108680,611455
2026-04-15 09:34:00+05:30,91.8,95.25,90.9,93.55,120315,625430
2026-04-15 09:35:00+05:30,93.5,94.85,91.5,93.7,85215,625430
2026-04-15 09:36:00+05:30,93.4,96.2,90.55,94.3,94185,625430
2026-04-15 09:37:00+05:30,93.95,95.1,92.2,93.75,45760,622505
2026-04-15 09:38:00+05:30,93.75,103.2,93.05,103.1,185770,622505
2026-04-15 09:39:00+05:30,102.95,104.45,99.6,101.7,163150,622505
2026-04-15 09:40:00+05:30,101.5,101.95,93.65,94.6,149890,663780
2026-04-15 09:41:00+05:30,94.6,95.7,92.25,93.3,71240,663780
2026-04-15 09:42:00+05:30,93.2,93.5,89.9,90.25,117325,699010
2026-04-15 09:43:00+05:30,90.0,90.4,85.0,85.0,105040,699010
2026-04-15 09:44:00+05:30,84.85,85.2,82.8,85.0,79495,699010
2026-04-15 09:45:00+05:30,84.7,84.85,80.25,80.75,91000,699010
2026-04-15 09:46:00+05:30,80.6,82.1,79.45,80.9,65000,717990
2026-04-15 09:47:00+05:30,80.6,82.15,79.75,81.05,61100,717990
2026-04-15 09:48:00+05:30,81.5,86.3,81.5,84.95,93990,717990
2026-04-15 09:49:00+05:30,85.0,86.75,83.85,86.4,64480,749190
2026-04-15 09:50:00+05:30,86.65,90.25,85.45,89.1,114725,749190
2026-04-15 09:51:00+05:30,89.0,89.1,84.7,86.5,60775,749190
2026-04-15 09:52:00+05:30,86.4,86.8,82.25,83.2,57460,808405
2026-04-15 09:53:00+05:30,83.0,84.2,82.0,82.25,21125,808405
2026-04-15 09:54:00+05:30,82.25,83.6,80.6,83.0,39910,808405
2026-04-15 09:55:00+05:30,83.1,83.1,79.35,80.05,79820,786760
2026-04-15 09:56:00+05:30,80.3,82.3,80.25,81.15,59995,786760
2026-04-15 09:57:00+05:30,81.15,82.0,79.0,80.0,44525,801840
2026-04-15 09:58:00+05:30,80.0,83.55,79.8,82.4,35555,801840
2026-04-15 09:59:00+05:30,82.25,82.8,80.0,80.0,28795,801840
2026-04-15 10:00:00+05:30,80.0,80.35,78.4,79.35,40560,801840
2026-04-15 10:01:00+05:30,79.7,81.15,77.0,81.0,48230,820885
2026-04-15 10:02:00+05:30,80.95,82.75,80.4,81.05,33280,820885
2026-04-15 10:03:00+05:30,81.2,81.2,78.9,78.9,25285,820885
2026-04-15 10:04:00+05:30,78.65,79.45,77.25,77.95,41665,834015
2026-04-15 10:05:00+05:30,77.6,78.2,76.3,77.8,52065,834015
2026-04-15 10:06:00+05:30,78.2,78.25,75.4,75.8,64155,834015
2026-04-15 10:07:00+05:30,75.9,76.4,74.45,75.85,59215,829400
2026-04-15 10:08:00+05:30,75.75,77.5,75.55,77.0,36140,829400
2026-04-15 10:09:00+05:30,77.0,77.1,75.0,76.0,15730,839800
2026-04-15 10:10:00+05:30,76.15,76.15,73.75,74.35,48165,839800
2026-04-15 10:11:00+05:30,74.25,75.3,73.7,74.15,21125,839800
2026-04-15 10:12:00+05:30,74.05,74.1,72.35,73.75,54275,839800
2026-04-15 10:13:00+05:30,73.8,74.9,73.4,74.15,39000,862485
2026-04-15 10:14:00+05:30,74.3,74.6,73.65,74.0,19175,862485
2026-04-15 10:15:00+05:30,73.7,73.7,72.05,73.1,43485,862485
2026-04-15 10:16:00+05:30,73.0,74.0,72.45,73.0,120575,898495
2026-04-15 10:17:00+05:30,73.1,73.8,72.8,73.7,13130,898495
2026-04-15 10:18:00+05:30,73.55,73.85,72.25,72.8,22165,898495
2026-04-15 10:19:00+05:30,72.65,72.7,71.25,72.1,31980,803985
2026-04-15 10:20:00+05:30,72.0,72.3,71.0,71.5,26650,803985
2026-04-15 10:21:00+05:30,71.35,73.0,71.3,72.8,57265,803985
2026-04-15 10:22:00+05:30,72.95,73.95,72.05,72.15,25415,846885
2026-04-15 10:23:00+05:30,72.5,72.6,70.35,70.7,39715,846885
2026-04-15 10:24:00+05:30,71.0,72.5,70.7,72.05,22360,846885
2026-04-15 10:25:00+05:30,72.0,73.3,71.75,72.3,28600,849550
2026-04-15 10:26:00+05:30,72.3,72.65,71.75,72.55,13065,849550
2026-04-15 10:27:00+05:30,72.35,72.6,71.5,71.7,13780,849550
2026-04-15 10:28:00+05:30,71.7,72.8,71.7,72.35,15990,865735
2026-04-15 10:29:00+05:30,72.3,72.8,71.6,71.9,40950,865735
2026-04-15 10:30:00+05:30,71.9,72.05,70.05,71.35,99970,865735
2026-04-15 10:31:00+05:30,71.45,72.6,71.4,72.4,24505,887900
2026-04-15 10:32:00+05:30,72.35,72.75,71.55,71.75,26065,887900
2026-04-15 10:33:00+05:30,71.65,72.2,71.45,71.85,10725,887900
2026-04-15 10:34:00+05:30,71.65,73.05,71.1,72.1,18135,888290
2026-04-15 10:35:00+05:30,72.0,72.3,71.65,71.95,14820,888290
2026-04-15 10:36:00+05:30,71.9,72.9,71.25,72.9,33280,888290
2026-04-15 10:37:00+05:30,72.6,73.15,71.3,71.65,37505,911170
2026-04-15 10:38:00+05:30,71.7,72.0,70.75,71.45,28730,911170
2026-04-15 10:39:00+05:30,71.4,72.85,71.35,72.3,21840,911170
2026-04-15 10:40:00+05:30,72.15,72.5,71.5,71.85,15340,932360
2026-04-15 10:41:00+05:30,71.9,73.2,71.6,72.6,23335,932360
2026-04-15 10:42:00+05:30,72.75,73.3,72.45,72.6,22100,932360
2026-04-15 10:43:00+05:30,72.65,73.4,72.4,73.15,26130,932620
2026-04-15 10:44:00+05:30,73.25,74.5,72.9,73.4,79625,932620
2026-04-15 10:45:00+05:30,73.55,73.7,72.05,73.35,26910,932620
2026-04-15 10:46:00+05:30,73.25,73.35,72.1,72.9,19955,917995
2026-04-15 10:47:00+05:30,73.0,73.2,71.65,72.0,40105,917995
2026-04-15 10:48:00+05:30,72.05,72.6,70.6,72.0,26325,917995
2026-04-15 10:49:00+05:30,71.95,72.65,71.55,72.5,31330,940485
2026-04-15 10:50:00+05:30,72.7,75.4,72.35,75.0,61165,940485
2026-04-15 10:51:00+05:30,75.2,76.0,74.2,75.8,58175,940485
2026-04-15 10:52:00+05:30,75.65,77.95,75.65,77.65,79430,928460
2026-04-15 10:53:00+05:30,77.55,81.65,77.35,81.3,116155,928460
2026-04-15 10:54:00+05:30,81.45,81.55,77.4,78.55,95615,928460
2026-04-15 10:55:00+05:30,78.45,78.85,76.5,77.5,64610,875940
2026-04-15 10:56:00+05:30,78.0,79.4,77.5,78.3,50050,875940
2026-04-15 10:57:00+05:30,78.05,78.55,76.0,76.2,24895,887510
2026-04-15 10:58:00+05:30,76.05,79.1,75.8,78.6,40170,887510
2026-04-15 10:59:00+05:30,78.7,79.4,77.9,79.0,25545,887510
2026-04-15 11:00:00+05:30,79.0,82.1,79.0,80.65,99645,887510
2026-04-15 11:01:00+05:30,80.85,81.0,78.35,79.6,28210,866515
2026-04-15 11:02:00+05:30,79.55,79.55,77.3,78.6,32890,866515
2026-04-15 11:03:00+05:30,78.65,81.0,78.6,79.45,34255,866515
2026-04-15 11:04:00+05:30,79.7,80.3,78.8,79.85,11245,866385
2026-04-15 11:05:00+05:30,79.9,81.75,79.45,81.5,26585,866385
2026-04-15 11:06:00+05:30,81.75,82.7,81.05,81.95,53885,866385
2026-04-15 11:07:00+05:30,82.0,84.7,81.8,83.75,67080,858325
2026-04-15 11:08:00+05:30,83.5,83.7,81.9,82.25,51545,858325
2026-04-15 11:09:00+05:30,82.25,87.0,82.25,85.95,99710,858325
2026-04-15 11:10:00+05:30,86.2,89.25,84.95,88.75,99905,832065
2026-04-15 11:11:00+05:30,89.05,89.65,84.95,86.0,81250,832065
2026-04-15 11:12:00+05:30,86.3,87.5,84.2,87.05,55900,832065
2026-04-15 11:13:00+05:30,86.75,88.0,85.9,87.4,31525,852930
2026-04-15 11:14:00+05:30,87.4,88.3,85.95,88.25,34840,852930
2026-04-15 11:15:00+05:30,88.35,91.75,86.75,86.85,129090,852930
2026-04-15 11:16:00+05:30,86.85,87.65,85.2,86.4,35490,827970
2026-04-15 11:17:00+05:30,86.05,86.25,83.8,85.2,54990,827970
2026-04-15 11:18:00+05:30,85.0,86.5,83.0,86.45,43290,827970
2026-04-15 11:19:00+05:30,86.5,90.4,86.05,88.8,55640,817115
2026-04-15 11:20:00+05:30,89.05,89.15,86.2,86.7,30485,817115
2026-04-15 11:21:00+05:30,86.75,87.95,86.3,86.5,18135,817115
2026-04-15 11:22:00+05:30,86.45,87.1,85.0,86.45,55250,818545
2026-04-15 11:23:00+05:30,86.25,87.6,85.0,87.6,15080,818545
2026-04-15 11:24:00+05:30,87.55,87.95,84.55,84.55,18850,818545
2026-04-15 11:25:00+05:30,84.9,87.2,84.75,85.9,17290,819195
2026-04-15 11:26:00+05:30,86.0,89.2,85.65,88.95,32955,819195
2026-04-15 11:27:00+05:30,89.2,89.2,85.1,85.35,38285,819195
2026-04-15 11:28:00+05:30,85.1,87.95,85.0,87.45,18525,817440
2026-04-15 11:29:00+05:30,87.0,87.65,85.55,87.0,22360,817440
2026-04-15 11:30:00+05:30,87.0,87.5,85.05,86.2,23010,817440
2026-04-15 11:31:00+05:30,86.35,87.35,85.5,86.0,20995,818415
2026-04-15 11:32:00+05:30,85.9,87.7,85.65,87.0,20410,818415
2026-04-15 11:33:00+05:30,86.8,87.25,85.75,86.85,5655,818415
2026-04-15 11:34:00+05:30,86.45,86.7,85.0,86.35,11050,825240
2026-04-15 11:35:00+05:30,86.25,86.3,83.3,83.45,24180,825240
2026-04-15 11:36:00+05:30,83.35,84.95,83.1,84.0,17160,825240
2026-04-15 11:37:00+05:30,83.65,84.85,83.1,84.85,18655,814320
2026-04-15 11:38:00+05:30,84.85,85.15,84.1,84.35,11505,814320
2026-04-15 11:39:00+05:30,85.0,85.15,83.55,83.6,10790,814320
2026-04-15 11:40:00+05:30,83.5,85.1,82.8,83.8,14755,811330
2026-04-15 11:41:00+05:30,83.25,83.4,81.4,82.6,42770,811330
2026-04-15 11:42:00+05:30,82.75,83.15,80.4,80.4,34905,811330
2026-04-15 11:43:00+05:30,80.45,80.7,79.2,79.55,42055,791700
2026-04-15 11:44:00+05:30,79.55,80.75,78.6,78.65,20670,791700
2026-04-15 11:45:00+05:30,78.7,81.7,77.85,80.8,33020,791700
2026-04-15 11:46:00+05:30,80.85,81.3,79.9,80.35,18980,799630
2026-04-15 11:47:00+05:30,80.45,81.45,78.85,78.9,24050,799630
2026-04-15 11:48:00+05:30,79.1,79.15,76.05,76.25,26390,799630
2026-04-15 11:49:00+05:30,76.05,76.2,74.55,74.9,70005,799955
2026-04-15 11:50:00+05:30,74.9,75.65,74.2,75.2,19890,799955
2026-04-15 11:51:00+05:30,75.0,75.6,73.7,75.2,16900,799955
2026-04-15 11:52:00+05:30,75.15,75.9,74.75,75.65,12155,818480
2026-04-15 11:53:00+05:30,76.0,76.55,75.3,75.9,15080,818480
2026-04-15 11:54:00+05:30,75.5,75.7,74.1,74.65,20670,818480
2026-04-15 11:55:00+05:30,74.6,75.85,74.35,74.75,20475,829075
2026-04-15 11:56:00+05:30,74.75,75.5,73.95,75.15,31070,829075
2026-04-15 11:57:00+05:30,75.35,75.7,74.5,75.7,7605,829075
2026-04-15 11:58:00+05:30,75.8,76.35,75.0,76.0,19825,846560
2026-04-15 11:59:00+05:30,75.8,76.2,74.8,75.1,28145,846560
2026-04-15 12:00:00+05:30,75.05,75.15,73.15,73.4,25025,846560
2026-04-15 12:01:00+05:30,73.35,75.0,73.35,74.1,5460,858650
2026-04-15 12:02:00+05:30,74.5,75.2,73.7,73.7,9230,858650
2026-04-15 12:03:00+05:30,73.85,74.75,73.25,73.85,51220,858650
2026-04-15 12:04:00+05:30,73.8,74.2,72.0,73.55,46930,850135
2026-04-15 12:05:00+05:30,73.5,75.0,73.5,74.95,20085,850135
2026-04-15 12:06:00+05:30,75.0,75.35,73.55,74.35,14170,850135
2026-04-15 12:07:00+05:30,74.7,75.0,74.55,74.85,8060,849550
2026-04-15 12:08:00+05:30,74.95,75.35,74.3,74.5,8580,849550
2026-04-15 12:09:00+05:30,74.4,75.0,73.85,74.9,2990,849550
2026-04-15 12:10:00+05:30,74.95,74.95,73.6,74.15,9490,850525
2026-04-15 12:11:00+05:30,74.05,74.15,73.65,73.95,11180,850525
2026-04-15 12:12:00+05:30,73.95,74.6,73.1,73.3,10400,850525
2026-04-15 12:13:00+05:30,73.35,75.1,73.35,74.75,10790,847275
2026-04-15 12:14:00+05:30,74.8,74.85,74.0,74.4,4355,847275
2026-04-15 12:15:00+05:30,74.2,74.7,73.6,74.05,40105,847275
2026-04-15 12:16:00+05:30,73.6,74.55,73.5,73.5,5395,876785
2026-04-15 12:17:00+05:30,73.4,76.15,73.3,75.7,36660,876785
2026-04-15 12:18:00+05:30,76.1,77.3,75.85,76.05,58695,876785
2026-04-15 12:19:00+05:30,76.15,77.15,75.55,76.8,22945,855010
2026-04-15 12:20:00+05:30,76.9,77.2,75.45,77.2,18850,855010
2026-04-15 12:21:00+05:30,77.3,80.9,77.0,79.9,46930,855010
2026-04-15 12:22:00+05:30,80.05,82.05,80.0,80.45,44395,852280
2026-04-15 12:23:00+05:30,80.0,80.25,78.35,78.65,32370,852280
2026-04-15 12:24:00+05:30,78.75,78.75,75.8,76.7,30420,852280
2026-04-15 12:25:00+05:30,76.9,77.25,75.55,76.05,23855,845910
2026-04-15 12:26:00+05:30,76.4,76.95,74.9,75.0,26065,845910
2026-04-15 12:27:00+05:30,75.0,75.25,73.3,75.15,35945,845910
2026-04-15 12:28:00+05:30,75.15,77.05,75.1,76.1,25415,840905
2026-04-15 12:29:00+05:30,76.3,78.2,76.1,77.65,24505,840905
2026-04-15 12:30:00+05:30,77.6,79.15,77.3,78.45,24700,840905
2026-04-15 12:31:00+05:30,78.6,80.3,77.4,79.6,25480,849160
2026-04-15 12:32:00+05:30,79.35,80.35,78.2,79.55,18590,849160
2026-04-15 12:33:00+05:30,79.35,79.6,78.2,79.35,24180,849160
2026-04-15 12:34:00+05:30,79.35,79.9,77.8,78.15,10530,859625
2026-04-15 12:35:00+05:30,77.9,78.7,75.45,75.65,33605,859625
2026-04-15 12:36:00+05:30,75.4,76.4,74.8,75.05,20735,856375
2026-04-15 12:37:00+05:30,75.1,76.15,75.0,75.4,17745,856375
2026-04-15 12:38:00+05:30,75.7,75.7,74.45,74.85,28535,856375
2026-04-15 12:39:00+05:30,75.0,76.7,74.55,76.35,26390,856375
2026-04-15 12:40:00+05:30,76.35,77.45,76.1,76.75,15795,856375
2026-04-15 12:41:00+05:30,76.7,78.0,75.85,77.3,12025,857740
2026-04-15 12:42:00+05:30,77.35,78.35,76.9,77.95,7800,857740
2026-04-15 12:43:00+05:30,78.05,78.35,76.25,76.25,28210,857740
2026-04-15 12:44:00+05:30,76.25,77.15,75.7,76.4,27300,856375
2026-04-15 12:45:00+05:30,76.35,76.35,74.65,74.75,20605,856375
2026-04-15 12:46:00+05:30,74.7,76.8,74.7,76.5,12610,856375
2026-04-15 12:47:00+05:30,76.1,79.2,76.1,79.2,41795,876915
2026-04-15 12:48:00+05:30,78.95,81.75,78.95,81.6,41860,876915
2026-04-15 12:49:00+05:30,81.85,81.85,79.75,79.9,59410,876915
2026-04-15 12:50:00+05:30,79.95,80.2,79.25,79.45,16510,860015
2026-04-15 12:51:00+05:30,79.6,79.6,75.25,76.7,28405,860015
2026-04-15 12:52:00+05:30,76.65,79.2,76.65,78.75,16315,860015
2026-04-15 12:53:00+05:30,79.15,82.5,79.05,81.6,49335,861120
2026-04-15 12:54:00+05:30,81.55,83.0,80.85,81.0,43485,861120
2026-04-15 12:55:00+05:30,80.9,81.85,80.3,81.6,24830,861120
2026-04-15 12:56:00+05:30,81.5,82.15,79.55,79.6,33670,864565
2026-04-15 12:57:00+05:30,79.55,81.25,79.5,80.85,17940,864565
2026-04-15 12:58:00+05:30,80.9,82.9,80.9,82.15,30355,864565
2026-04-15 12:59:00+05:30,82.5,83.5,81.65,83.3,23530,869115
2026-04-15 13:00:00+05:30,83.45,84.85,83.0,84.85,70590,869115
2026-04-15 13:01:00+05:30,84.6,84.85,80.8,81.05,32565,869115
2026-04-15 13:02:00+05:30,81.0,82.0,80.05,80.55,21255,851825
2026-04-15 13:03:00+05:30,80.35,81.1,78.8,80.6,31200,851825
2026-04-15 13:04:00+05:30,80.5,81.95,80.5,81.55,14365,851825
2026-04-15 13:05:00+05:30,81.75,82.75,80.75,82.35,8385,851240
2026-04-15 13:06:00+05:30,82.3,82.75,81.55,81.9,7280,851240
2026-04-15 13:07:00+05:30,82.05,83.7,81.3,83.4,25740,851240
2026-04-15 13:08:00+05:30,83.55,84.2,81.85,81.9,19955,847340
2026-04-15 13:09:00+05:30,81.65,81.65,79.8,80.1,25935,847340
2026-04-15 13:10:00+05:30,80.05,80.25,78.75,78.75,18980,847340
2026-04-15 13:11:00+05:30,78.8,79.75,77.15,77.25,24830,852995
2026-04-15 13:12:00+05:30,77.25,77.95,75.45,76.9,33735,852995
2026-04-15 13:13:00+05:30,77.2,78.8,76.85,77.5,28860,852995
2026-04-15 13:14:00+05:30,77.55,78.25,76.55,76.55,7020,856960
2026-04-15 13:15:00+05:30,76.8,78.8,76.55,76.8,16705,856960
2026-04-15 13:16:00+05:30,77.15,77.45,75.2,75.85,26715,856960
2026-04-15 13:17:00+05:30,76.15,77.1,75.55,75.55,22555,853450
2026-04-15 13:18:00+05:30,75.85,76.4,75.2,75.5,9750,853450
2026-04-15 13:19:00+05:30,75.6,76.1,74.7,74.95,33865,853450
2026-04-15 13:20:00+05:30,75.0,76.0,74.3,75.75,23270,861835
2026-04-15 13:21:00+05:30,75.85,77.65,75.55,77.25,24310,861835
2026-04-15 13:22:00+05:30,77.45,79.55,77.2,78.4,36205,861835
2026-04-15 13:23:00+05:30,78.6,80.5,77.85,80.5,17030,854620
2026-04-15 13:24:00+05:30,80.55,85.0,79.65,83.75,100295,854620
2026-04-15 13:25:00+05:30,83.9,84.8,82.4,83.9,40690,854620
2026-04-15 13:26:00+05:30,83.55,85.45,83.0,83.15,42445,860600
2026-04-15 13:27:00+05:30,83.15,84.25,82.0,84.0,28925,860600
2026-04-15 13:28:00+05:30,84.0,85.85,83.15,85.1,27690,860600
2026-04-15 13:29:00+05:30,85.25,86.2,84.4,85.4,34840,860145
2026-04-15 13:30:00+05:30,85.25,87.25,84.9,85.1,48100,860145
2026-04-15 13:31:00+05:30,85.25,85.25,82.85,82.9,21645,860145
2026-04-15 13:32:00+05:30,83.35,83.6,79.25,79.35,53235,850720
2026-04-15 13:33:00+05:30,79.3,79.35,76.8,77.55,88075,850720
2026-04-15 13:34:00+05:30,77.45,80.1,77.0,79.85,43745,850720
2026-04-15 13:35:00+05:30,79.75,80.6,76.2,76.45,28990,891020
2026-04-15 13:36:00+05:30,76.4,77.25,76.0,77.2,23595,891020
2026-04-15 13:37:00+05:30,77.3,78.4,77.15,78.1,22880,891020
2026-04-15 13:38:00+05:30,78.05,79.6,78.05,79.25,15210,904345
2026-04-15 13:39:00+05:30,79.8,85.2,79.8,84.15,108485,904345
2026-04-15 13:40:00+05:30,84.1,85.5,82.05,82.05,37245,904345
2026-04-15 13:41:00+05:30,82.15,82.55,79.7,80.05,43420,838045
2026-04-15 13:42:00+05:30,80.0,80.0,78.1,78.65,44005,838045
2026-04-15 13:43:00+05:30,79.35,79.95,78.0,78.3,12220,838045
2026-04-15 13:44:00+05:30,78.65,78.65,77.3,78.2,19175,885755
2026-04-15 13:45:00+05:30,78.2,78.8,77.0,78.25,24895,885755
2026-04-15 13:46:00+05:30,78.1,79.45,77.75,79.1,13975,885755
2026-04-15 13:47:00+05:30,79.15,80.0,78.7,79.6,23205,897325
2026-04-15 13:48:00+05:30,79.35,79.95,78.8,79.6,24375,897325
2026-04-15 13:49:00+05:30,79.9,80.55,78.5,78.75,15990,897325
2026-04-15 13:50:00+05:30,78.5,79.35,78.0,78.15,14430,906230
2026-04-15 13:51:00+05:30,78.45,79.1,77.8,78.8,10920,906230
2026-04-15 13:52:00+05:30,78.95,80.7,78.6,80.2,49140,906230
2026-04-15 13:53:00+05:30,80.0,81.75,80.0,80.0,33280,883025
2026-04-15 13:54:00+05:30,80.15,81.35,79.1,80.8,30485,883025
2026-04-15 13:55:00+05:30,80.85,81.1,78.65,78.95,19370,883025
2026-04-15 13:56:00+05:30,78.5,78.5,76.3,76.8,25935,874640
2026-04-15 13:57:00+05:30,76.8,77.8,76.55,77.7,17615,874640
2026-04-15 13:58:00+05:30,77.7,77.95,76.2,77.4,21255,874640
2026-04-15 13:59:00+05:30,77.6,77.9,75.6,76.1,26715,876460
2026-04-15 14:00:00+05:30,76.1,76.4,75.35,76.0,37960,876460
2026-04-15 14:01:00+05:30,75.85,76.75,75.55,75.65,24765,876460
2026-04-15 14:02:00+05:30,75.7,75.95,74.75,75.3,23530,898235
2026-04-15 14:03:00+05:30,75.45,76.0,73.8,74.35,28015,898235
2026-04-15 14:04:00+05:30,74.35,76.1,73.85,75.0,21060,898235
2026-04-15 14:05:00+05:30,74.85,75.9,74.8,75.65,10660,894790
2026-04-15 14:06:00+05:30,75.25,75.6,74.2,74.35,14040,894790
2026-04-15 14:07:00+05:30,74.45,74.55,73.3,74.05,18330,894790
2026-04-15 14:08:00+05:30,73.9,74.6,73.5,74.35,9750,909610
2026-04-15 14:09:00+05:30,74.15,74.75,73.7,74.4,10595,909610
2026-04-15 14:10:00+05:30,74.25,76.25,74.2,76.05,27755,909610
2026-04-15 14:11:00+05:30,75.85,77.05,74.65,74.8,43030,920530
2026-04-15 14:12:00+05:30,74.95,74.95,72.5,72.85,95420,920530
2026-04-15 14:13:00+05:30,72.85,74.9,72.8,74.45,32175,920530
2026-04-15 14:14:00+05:30,74.5,75.2,74.3,74.35,34580,922610
2026-04-15 14:15:00+05:30,74.4,76.0,74.3,75.8,38805,922610
2026-04-15 14:16:00+05:30,76.0,76.35,74.5,74.85,15080,922610
2026-04-15 14:17:00+05:30,74.75,74.8,73.5,74.35,11050,911365
2026-04-15 14:18:00+05:30,74.05,75.8,73.8,75.5,10985,911365
2026-04-15 14:19:00+05:30,75.5,75.5,74.0,74.1,10465,911365
2026-04-15 14:20:00+05:30,74.2,74.85,73.6,73.9,5785,917345
2026-04-15 14:21:00+05:30,73.9,73.9,72.65,73.05,32565,917345
2026-04-15 14:22:00+05:30,73.15,73.85,72.25,73.7,16900,917345
2026-04-15 14:23:00+05:30,73.55,75.25,73.55,74.9,16185,914550
2026-04-15 14:24:00+05:30,75.0,75.25,74.1,74.85,13975,914550
2026-04-15 14:25:00+05:30,74.95,75.15,73.5,73.5,21320,914550
2026-04-15 14:26:00+05:30,73.3,74.0,72.35,72.75,11375,935935
2026-04-15 14:27:00+05:30,72.8,73.3,71.8,73.3,29250,935935
2026-04-15 14:28:00+05:30,73.05,73.6,72.5,72.55,13520,935935
2026-04-15 14:29:00+05:30,72.5,72.9,71.85,71.85,27560,934830
2026-04-15 14:30:00+05:30,72.0,72.35,70.55,72.05,111020,934830
2026-04-15 14:31:00+05:30,72.2,72.55,71.0,71.75,12350,934830
2026-04-15 14:32:00+05:30,71.55,74.65,71.45,73.8,26845,932490
2026-04-15 14:33:00+05:30,73.8,74.45,72.55,73.5,30030,932490
2026-04-15 14:34:00+05:30,73.35,73.4,72.3,72.65,16575,932490
2026-04-15 14:35:00+05:30,72.7,74.85,72.7,74.05,19500,941655
2026-04-15 14:36:00+05:30,74.1,75.3,73.7,74.8,24180,941655
2026-04-15 14:37:00+05:30,75.05,76.8,74.5,75.75,42705,941655
2026-04-15 14:38:00+05:30,75.6,76.9,75.4,76.9,32825,929565
2026-04-15 14:39:00+05:30,76.75,77.0,75.5,75.65,19110,929565
2026-04-15 14:40:00+05:30,75.5,75.9,74.75,75.2,20995,929565
2026-04-15 14:41:00+05:30,74.95,75.95,74.75,75.45,12870,925860
2026-04-15 14:42:00+05:30,75.75,76.0,74.15,74.15,24830,925860
2026-04-15 14:43:00+05:30,74.15,75.2,73.7,74.85,20410,925860
2026-04-15 14:44:00+05:30,75.0,76.2,74.8,75.9,38220,924560
2026-04-15 14:45:00+05:30,76.0,76.9,74.85,76.05,40625,924560
2026-04-15 14:46:00+05:30,76.1,76.55,75.35,75.75,17290,924560
2026-04-15 14:47:00+05:30,75.95,76.0,73.8,74.2,24895,915850
2026-04-15 14:48:00+05:30,74.2,75.55,73.8,75.0,22815,915850
2026-04-15 14:49:00+05:30,75.1,75.1,73.25,73.5,13650,915850
2026-04-15 14:50:00+05:30,73.65,75.1,73.4,74.15,12220,915135
2026-04-15 14:51:00+05:30,74.3,74.3,71.45,72.0,82550,915135
2026-04-15 14:52:00+05:30,72.25,72.4,70.75,71.3,24635,915135
2026-04-15 14:53:00+05:30,71.3,72.5,71.1,72.35,26520,916890
2026-04-15 14:54:00+05:30,72.4,73.0,71.85,72.25,42250,916890
2026-04-15 14:55:00+05:30,72.2,73.0,72.2,72.5,21580,916890
2026-04-15 14:56:00+05:30,72.45,73.4,71.85,71.95,15145,924495
2026-04-15 14:57:00+05:30,72.0,72.8,71.55,72.0,14820,924495
2026-04-15 14:58:00+05:30,71.95,72.25,70.7,70.7,21385,924495
2026-04-15 14:59:00+05:30,70.75,70.9,69.5,70.55,59995,930670
2026-04-15 15:00:00+05:30,70.55,74.2,69.7,72.9,66105,930670
2026-04-15 15:01:00+05:30,72.75,74.1,72.25,73.1,73905,930670
2026-04-15 15:02:00+05:30,73.05,73.75,72.5,73.5,28340,947050
2026-04-15 15:03:00+05:30,73.45,73.85,72.5,73.3,14495,947050
2026-04-15 15:04:00+05:30,73.15,74.0,72.6,72.7,17875,947050
2026-04-15 15:05:00+05:30,72.7,74.4,72.3,74.25,33150,937365
2026-04-15 15:06:00+05:30,73.95,74.65,73.75,74.15,31395,937365
2026-04-15 15:07:00+05:30,74.35,77.85,74.35,76.8,120315,937365
2026-04-15 15:08:00+05:30,76.55,78.5,76.05,77.9,65715,955955
2026-04-15 15:09:00+05:30,77.9,79.7,77.7,79.0,86515,955955
2026-04-15 15:10:00+05:30,78.75,80.25,77.85,78.7,51090,955955
2026-04-15 15:11:00+05:30,78.75,80.1,78.65,79.7,26260,913120
2026-04-15 15:12:00+05:30,79.85,79.9,78.45,79.2,26000,913120
2026-04-15 15:13:00+05:30,79.2,79.25,77.45,78.1,42900,913120
2026-04-15 15:14:00+05:30,78.35,78.95,77.4,78.85,33345,892060
2026-04-15 15:15:00+05:30,78.9,80.55,77.25,77.55,79690,892060
2026-04-15 15:16:00+05:30,77.65,78.95,77.05,78.65,47775,892060
2026-04-15 15:17:00+05:30,78.65,78.85,76.9,77.35,60060,860990
2026-04-15 15:18:00+05:30,77.25,77.25,76.0,76.9,35620,860990
2026-04-15 15:19:00+05:30,76.9,78.5,76.55,78.0,26000,860990
2026-04-15 15:20:00+05:30,78.15,78.15,76.85,77.55,41925,850785
2026-04-15 15:21:00+05:30,77.55,79.7,77.25,79.45,74685,850785
2026-04-15 15:22:00+05:30,79.55,79.55,78.6,79.15,61685,850785
2026-04-15 15:23:00+05:30,78.9,79.3,78.25,79.3,32825,831675
2026-04-15 15:24:00+05:30,79.3,79.3,78.65,78.95,39390,831675
2026-04-15 15:25:00+05:30,78.75,79.9,77.85,79.9,80470,831675
2026-04-15 15:26:00+05:30,79.8,79.85,79.2,79.45,82485,816920
2026-04-15 15:27:00+05:30,79.5,79.75,79.3,79.6,29965,816920
2026-04-15 15:28:00+05:30,79.55,79.55,78.8,79.0,85475,816920
2026-04-15 15:29:00+05:30,79.0,80.0,78.95,79.8,82420,730210
2026-04-16 09:15:00+05:30,56.0,56.0,34.9,45.25,238810,726180
2026-04-16 09:16:00+05:30,45.0,46.75,44.1,44.6,151645,726180
2026-04-16 09:17:00+05:30,44.75,45.05,41.0,41.55,270595,726180
2026-04-16 09:18:00+05:30,41.55,42.3,39.9,40.35,133705,725205
2026-04-16 09:19:00+05:30,40.3,40.45,38.75,39.05,74685,725205
2026-04-16 09:20:00+05:30,39.2,39.4,37.45,39.2,159900,725205
2026-04-16 09:21:00+05:30,39.05,39.4,37.8,38.1,82680,799630
2026-04-16 09:22:00+05:30,38.05,38.85,37.5,38.0,69225,799630
2026-04-16 09:23:00+05:30,37.95,38.45,36.5,36.9,50180,799630
2026-04-16 09:24:00+05:30,36.85,38.35,35.7,36.2,69550,843960
2026-04-16 09:25:00+05:30,36.1,36.25,34.8,35.9,67990,843960
2026-04-16 09:26:00+05:30,36.0,36.2,35.25,35.7,53235,843960
2026-04-16 09:27:00+05:30,35.8,35.95,34.7,35.6,34385,865475
2026-04-16 09:28:00+05:30,35.6,36.4,34.7,34.7,24700,865475
2026-04-16 09:29:00+05:30,34.85,36.1,34.2,35.95,32955,865475
2026-04-16 09:30:00+05:30,35.9,36.2,35.0,35.75,18135,868595
2026-04-16 09:31:00+05:30,36.0,37.85,35.85,37.8,29965,868595
2026-04-16 09:32:00+05:30,37.85,39.0,37.2,39.0,42510,868595
2026-04-16 09:33:00+05:30,39.15,40.25,38.45,38.9,63765,890565
2026-04-16 09:34:00+05:30,38.9,39.2,38.4,38.55,35880,890565
2026-04-16 09:35:00+05:30,38.6,39.65,38.5,39.05,35555,890565
2026-04-16 09:36:00+05:30,39.05,40.3,38.7,39.85,36725,890565
2026-04-16 09:37:00+05:30,39.8,43.1,39.7,42.7,83720,903435
2026-04-16 09:38:00+05:30,42.55,46.7,42.35,45.9,95810,903435
2026-04-16 09:39:00+05:30,46.0,47.5,43.5,43.5,132015,903435
2026-04-16 09:40:00+05:30,43.65,48.2,43.5,47.45,106730,936650
2026-04-16 09:41:00+05:30,47.45,48.6,46.75,47.8,76440,936650
2026-04-16 09:42:00+05:30,48.0,49.1,46.55,47.9,94770,936650
2026-04-16 09:43:00+05:30,47.6,48.1,46.45,46.95,50115,943800
2026-04-16 09:44:00+05:30,46.95,48.0,46.15,48.0,30875,943800
2026-04-16 09:45:00+05:30,47.75,49.75,47.0,47.15,80340,943800
2026-04-16 09:46:00+05:30,47.4,47.4,44.0,44.65,81575,942175
2026-04-16 09:47:00+05:30,44.65,45.45,43.4,44.75,54275,942175
2026-04-16 09:48:00+05:30,45.0,45.35,42.6,43.75,39455,942175
2026-04-16 09:49:00+05:30,43.95,44.55,42.6,43.05,25025,965900
2026-04-16 09:50:00+05:30,43.3,43.45,42.0,42.75,36270,965900
2026-04-16 09:51:00+05:30,42.95,45.2,42.55,42.95,33735,965900
2026-04-16 09:52:00+05:30,42.95,43.65,41.7,42.8,57265,966290
2026-04-16 09:53:00+05:30,43.15,46.3,42.65,46.0,32370,966290
2026-04-16 09:54:00+05:30,46.2,47.25,44.9,45.45,46540,966290
2026-04-16 09:55:00+05:30,45.4,46.6,45.35,46.1,95615,986115
2026-04-16 09:56:00+05:30,46.1,48.75,45.85,48.45,63115,986115
2026-04-16 09:57:00+05:30,48.6,50.9,48.3,50.35,72995,986115
2026-04-16 09:58:00+05:30,50.25,50.5,48.75,49.6,70200,994110
2026-04-16 09:59:00+05:30,49.45,51.4,49.25,50.75,94640,994110
2026-04-16 10:00:00+05:30,50.7,51.05,49.5,50.65,61880,994110
2026-04-16 10:01:00+05:30,50.55,51.95,48.5,48.85,81835,1009125
2026-04-16 10:02:00+05:30,48.85,49.1,47.45,48.1,43355,1009125
2026-04-16 10:03:00+05:30,48.05,49.2,47.6,48.4,22100,1009125
2026-04-16 10:04:00+05:30,48.25,48.55,45.2,45.65,42120,1008735
2026-04-16 10:05:00+05:30,45.7,46.9,45.45,45.8,25155,1008735
2026-04-16 10:06:00+05:30,45.85,48.95,45.85,48.6,18850,1008735
2026-04-16 10:07:00+05:30,48.7,48.9,46.3,46.4,21580,1010685
2026-04-16 10:08:00+05:30,46.55,46.65,44.5,44.65,33345,1010685
2026-04-16 10:09:00+05:30,44.55,45.75,43.9,45.3,33540,1010685
2026-04-16 10:10:00+05:30,44.8,45.0,43.65,44.0,31915,1012310
2026-04-16 10:11:00+05:30,43.75,44.8,43.75,44.2,19825,1012310
2026-04-16 10:12:00+05:30,44.35,46.6,44.3,45.7,38805,1003795
2026-04-16 10:13:00+05:30,45.8,45.8,43.8,44.4,19630,1003795
2026-04-16 10:14:00+05:30,44.55,44.8,43.5,43.9,22100,1003795
2026-04-16 10:15:00+05:30,44.05,46.3,43.6,45.6,22945,1003795
2026-04-16 10:16:00+05:30,45.6,46.45,43.6,43.9,27820,1011205
2026-04-16 10:17:00+05:30,43.85,45.3,43.35,44.25,13260,1011205
2026-04-16 10:18:00+05:30,44.15,44.15,41.7,41.85,41600,1011205
2026-04-16 10:19:00+05:30,41.9,43.85,41.15,43.6,46865,1018095
2026-04-16 10:20:00+05:30,43.65,44.25,43.3,43.3,15600,1018095
2026-04-16 10:21:00+05:30,43.55,45.75,43.35,45.25,18265,1018095
2026-04-16 10:22:00+05:30,45.45,45.45,44.2,44.2,16380,1010295
2026-04-16 10:23:00+05:30,44.2,44.6,43.5,43.55,9945,1010295
2026-04-16 10:24:00+05:30,43.5,44.3,43.15,43.9,15730,1010295
2026-04-16 10:25:00+05:30,44.1,44.4,42.2,42.3,14430,1016340
2026-04-16 10:26:00+05:30,42.3,42.85,42.1,42.55,9295,1016340
2026-04-16 10:27:00+05:30,42.5,45.6,41.75,45.55,39650,1016340
2026-04-16 10:28:00+05:30,45.6,46.65,44.55,45.05,31395,1016405
2026-04-16 10:29:00+05:30,44.85,45.65,43.35,44.35,18785,1016405
2026-04-16 10:30:00+05:30,44.45,44.55,42.1,43.0,16900,1016405
2026-04-16 10:31:00+05:30,43.1,43.5,41.45,41.8,26585,1025570
2026-04-16 10:32:00+05:30,41.8,43.3,41.45,43.1,18265,1025570
2026-04-16 10:33:00+05:30,43.3,43.75,41.8,41.8,11635,1025570
2026-04-16 10:34:00+05:30,41.9,43.1,41.5,41.95,22620,1038505
2026-04-16 10:35:00+05:30,41.95,41.95,40.65,41.0,41210,1038505
2026-04-16 10:36:00+05:30,40.9,41.4,39.6,41.0,56355,1030445
2026-04-16 10:37:00+05:30,40.95,41.55,40.5,40.65,9815,1030445
2026-04-16 10:38:00+05:30,40.85,42.55,40.85,42.35,8515,1030445
2026-04-16 10:39:00+05:30,42.85,45.1,42.65,44.05,38675,1030445
2026-04-16 10:40:00+05:30,44.05,45.05,43.8,44.5,33865,1027455
2026-04-16 10:41:00+05:30,44.7,44.7,42.05,42.4,18460,1027455
2026-04-16 10:42:00+05:30,42.65,42.75,41.0,41.6,25350,1027455
2026-04-16 10:43:00+05:30,41.4,42.0,40.8,40.85,6695,1012635
2026-04-16 10:44:00+05:30,40.85,41.55,40.75,41.1,8840,1012635
2026-04-16 10:45:00+05:30,41.1,41.1,40.2,40.85,28340,1012635
2026-04-16 10:46:00+05:30,40.8,41.05,39.7,40.0,16185,1011985
2026-04-16 10:47:00+05:30,40.2,40.45,39.9,39.95,13065,1011985
2026-04-16 10:48:00+05:30,39.8,40.05,39.05,39.95,20345,1011985
2026-04-16 10:49:00+05:30,40.0,40.3,39.4,39.4,18330,1018550
2026-04-16 10:50:00+05:30,39.5,40.15,39.45,39.6,4485,1018550
2026-04-16 10:51:00+05:30,39.6,40.25,39.2,40.0,10985,1018550
2026-04-16 10:52:00+05:30,40.3,40.7,39.65,40.15,8515,1020955
2026-04-16 10:53:00+05:30,40.0,40.2,39.2,39.6,13390,1020955
2026-04-16 10:54:00+05:30,39.55,40.3,39.5,39.95,8970,1020955
2026-04-16 10:55:00+05:30,39.95,41.15,39.95,40.8,18135,1022190
2026-04-16 10:56:00+05:30,40.8,42.2,40.75,41.65,23660,1022190
2026-04-16 10:57:00+05:30,41.65,41.9,40.45,40.7,8255,1022190
2026-04-16 10:58:00+05:30,40.75,41.95,40.7,41.4,12415,1013025
2026-04-16 10:59:00+05:30,41.8,42.0,41.15,41.15,13715,1013025
2026-04-16 11:00:00+05:30,41.05,41.05,39.8,39.85,23920,1013025
2026-04-16 11:01:00+05:30,39.7,40.2,38.7,40.0,28730,1011725
2026-04-16 11:02:00+05:30,39.85,40.2,39.05,39.4,10790,1011725
2026-04-16 11:03:00+05:30,39.4,39.55,38.35,38.95,24895,1011725
2026-04-16 11:04:00+05:30,39.05,39.5,38.2,38.75,27300,1005095
2026-04-16 11:05:00+05:30,38.65,39.0,38.3,38.65,16120,1005095
2026-04-16 11:06:00+05:30,38.75,39.15,38.65,38.65,3315,1005095
2026-04-16 11:07:00+05:30,38.8,39.55,38.7,39.0,16835,998855
2026-04-16 11:08:00+05:30,39.6,40.15,38.1,38.25,16770,998855
2026-04-16 11:09:00+05:30,38.45,39.25,38.0,38.75,17420,998855
2026-04-16 11:10:00+05:30,38.85,39.75,38.7,39.45,11375,994240
2026-04-16 11:11:00+05:30,39.45,39.9,39.2,39.6,11765,994240
2026-04-16 11:12:00+05:30,39.75,41.6,39.35,41.6,22230,994240
2026-04-16 11:13:00+05:30,41.25,41.6,40.35,41.2,37440,994370
2026-04-16 11:14:00+05:30,41.25,41.25,40.2,40.2,13000,994370
2026-04-16 11:15:00+05:30,40.15,41.8,39.5,41.7,10595,994370
2026-04-16 11:16:00+05:30,41.7,42.6,41.4,42.45,30420,1011075
2026-04-16 11:17:00+05:30,42.7,44.7,42.7,44.25,48685,1011075
2026-04-16 11:18:00+05:30,44.4,44.7,41.95,41.95,33475,1011075
2026-04-16 11:19:00+05:30,42.4,42.65,40.85,41.1,18590,1005940
2026-04-16 11:20:00+05:30,40.55,41.25,39.45,40.5,19630,1005940
2026-04-16 11:21:00+05:30,40.5,40.75,39.4,39.8,54665,1005940
2026-04-16 11:22:00+05:30,40.0,41.85,40.0,40.9,21255,998920
2026-04-16 11:23:00+05:30,40.95,42.5,40.95,42.05,23140,998920
2026-04-16 11:24:00+05:30,41.95,43.3,41.95,43.15,28795,998920
2026-04-16 11:25:00+05:30,43.15,45.0,43.0,44.85,38090,1000805
2026-04-16 11:26:00+05:30,45.0,47.1,44.75,46.85,90415,1000805
2026-04-16 11:27:00+05:30,46.75,47.3,44.8,46.05,47775,1000805
2026-04-16 11:28:00+05:30,46.45,47.65,44.6,44.7,40755,983385
2026-04-16 11:29:00+05:30,44.35,44.8,43.8,43.85,15600,983385
2026-04-16 11:30:00+05:30,43.75,44.6,43.2,44.1,14430,983385
2026-04-16 11:31:00+05:30,44.6,45.4,43.3,45.4,10140,985530
2026-04-16 11:32:00+05:30,45.5,45.8,44.0,44.2,13585,985530
2026-04-16 11:33:00+05:30,44.4,45.15,44.25,44.85,20670,985530
2026-04-16 11:34:00+05:30,44.6,45.35,43.5,44.1,8385,993200
2026-04-16 11:35:00+05:30,44.6,45.35,43.9,44.05,25675,993200
2026-04-16 11:36:00+05:30,44.2,44.7,43.65,44.05,8905,993200
2026-04-16 11:37:00+05:30,43.95,46.2,43.65,46.0,13325,998530
2026-04-16 11:38:00+05:30,45.95,47.35,45.3,46.45,40105,998530
2026-04-16 11:39:00+05:30,46.4,47.8,45.4,45.9,49595,998530
2026-04-16 11:40:00+05:30,46.15,48.1,46.15,47.6,86385,1033045
2026-04-16 11:41:00+05:30,47.35,48.2,47.25,47.75,26910,1033045
2026-04-16 11:42:00+05:30,47.75,49.2,47.55,48.75,47450,1033045
2026-04-16 11:43:00+05:30,48.55,49.7,47.35,49.5,45890,1024465
2026-04-16 11:44:00+05:30,49.5,51.65,48.8,51.4,127530,1024465
2026-04-16 11:45:00+05:30,51.5,54.7,51.3,54.5,171990,1024465
2026-04-16 11:46:00+05:30,54.25,57.55,54.15,57.3,146445,1044550
2026-04-16 11:47:00+05:30,57.15,59.4,56.6,59.1,88530,1044550
2026-04-16 11:48:00+05:30,59.05,60.95,56.55,56.55,197795,1044550
2026-04-16 11:49:00+05:30,56.4,56.6,53.85,54.45,94055,959465
2026-04-16 11:50:00+05:30,54.75,58.6,54.7,57.9,42120,959465
2026-04-16 11:51:00+05:30,58.15,59.0,56.9,57.6,37245,959465
2026-04-16 11:52:00+05:30,57.5,57.5,55.25,56.05,42900,984490
2026-04-16 11:53:00+05:30,56.0,56.65,54.85,55.45,48750,984490
2026-04-16 11:54:00+05:30,55.85,55.85,53.9,54.8,32370,984490
2026-04-16 11:55:00+05:30,55.0,56.5,55.0,56.3,26130,983905
2026-04-16 11:56:00+05:30,56.4,58.6,56.15,57.95,30745,983905
2026-04-16 11:57:00+05:30,57.9,62.25,57.9,61.7,61620,983905
2026-04-16 11:58:00+05:30,62.0,63.25,59.7,60.65,91975,989625
2026-04-16 11:59:00+05:30,60.95,62.7,59.7,61.85,65260,989625
2026-04-16 12:00:00+05:30,61.85,70.0,61.55,69.05,190450,989625
2026-04-16 12:01:00+05:30,69.2,71.9,65.75,71.5,122980,965575
2026-04-16 12:02:00+05:30,71.6,75.0,69.35,73.1,349375,965575
2026-04-16 12:03:00+05:30,73.25,74.95,70.3,73.2,132080,965575
2026-04-16 12:04:00+05:30,72.95,74.1,71.3,71.95,67405,927745
2026-04-16 12:05:00+05:30,71.95,73.15,67.95,68.0,99255,927745
2026-04-16 12:06:00+05:30,67.85,70.4,67.6,69.15,84760,927745
2026-04-16 12:07:00+05:30,69.2,73.7,68.7,72.0,79625,937430
2026-04-16 12:08:00+05:30,72.1,72.6,68.45,68.65,60775,937430
2026-04-16 12:09:00+05:30,68.5,69.05,66.3,66.95,67015,937430
2026-04-16 12:10:00+05:30,67.05,67.95,64.8,65.1,52715,936650
2026-04-16 12:11:00+05:30,65.25,66.1,63.9,64.55,80405,936650
2026-04-16 12:12:00+05:30,64.95,68.8,64.05,68.0,61360,936650
2026-04-16 12:13:00+05:30,68.1,68.3,65.2,65.3,36920,940095
2026-04-16 12:14:00+05:30,65.15,66.65,64.0,65.7,17875,940095
2026-04-16 12:15:00+05:30,65.55,66.35,64.2,65.25,24570,940095
2026-04-16 12:16:00+05:30,65.6,68.1,65.4,67.0,29510,939445
2026-04-16 12:17:00+05:30,66.95,69.5,66.7,69.1,49270,939445
2026-04-16 12:18:00+05:30,69.4,70.6,65.5,65.5,45305,939445
2026-04-16 12:19:00+05:30,65.25,67.6,65.25,65.3,15730,955630
2026-04-16 12:20:00+05:30,65.45,67.0,64.9,66.05,23465,955630
2026-04-16 12:21:00+05:30,66.1,66.7,64.5,64.7,29120,955630
2026-04-16 12:22:00+05:30,64.5,67.85,64.2,66.6,31785,945685
2026-04-16 12:23:00+05:30,66.8,70.5,66.5,70.15,26325,945685
2026-04-16 12:24:00+05:30,70.45,71.95,68.7,69.65,55250,957580
2026-04-16 12:25:00+05:30,69.7,71.7,67.85,67.9,36335,957580
2026-04-16 12:26:00+05:30,68.1,69.65,67.0,68.0,14040,957580
2026-04-16 12:27:00+05:30,68.15,70.35,68.15,69.45,25805,957580
2026-04-16 12:28:00+05:30,69.4,69.45,66.8,67.0,13650,955240
2026-04-16 12:29:00+05:30,66.9,68.4,66.6,67.65,14690,955240
2026-04-16 12:30:00+05:30,67.9,69.9,67.4,67.65,33020,955240
2026-04-16 12:31:00+05:30,68.0,69.2,65.65,66.3,32435,955435
2026-04-16 12:32:00+05:30,66.25,67.6,65.35,67.1,29575,955435
2026-04-16 12:33:00+05:30,67.15,70.1,67.15,68.7,34320,955435
2026-04-16 12:34:00+05:30,69.1,71.75,68.35,71.55,58500,953550
2026-04-16 12:35:00+05:30,71.5,74.9,69.75,74.0,98735,953550
2026-04-16 12:36:00+05:30,73.85,77.5,72.45,76.3,163345,953550
2026-04-16 12:37:00+05:30,76.4,77.9,73.85,77.0,86840,934440
2026-04-16 12:38:00+05:30,76.9,77.05,71.45,71.65,66105,934440
2026-04-16 12:39:00+05:30,71.3,72.0,69.3,69.3,76115,934440
2026-04-16 12:40:00+05:30,69.35,71.55,68.8,69.0,38740,956475
2026-04-16 12:41:00+05:30,69.15,70.55,68.05,69.75,19500,956475
2026-04-16 12:42:00+05:30,69.75,70.1,67.1,67.65,33540,956475
2026-04-16 12:43:00+05:30,67.75,69.75,67.0,67.6,31525,963690
2026-04-16 12:44:00+05:30,67.5,72.8,67.45,72.25,39715,963690
2026-04-16 12:45:00+05:30,72.25,74.45,71.65,72.5,58760,963690
2026-04-16 12:46:00+05:30,72.4,72.4,68.4,69.2,43485,977665
2026-04-16 12:47:00+05:30,69.15,72.9,69.15,72.4,39715,977665
2026-04-16 12:48:00+05:30,72.4,73.6,71.25,72.65,32500,977665
2026-04-16 12:49:00+05:30,72.45,73.9,71.25,72.8,20410,978575
2026-04-16 12:50:00+05:30,72.75,73.7,71.15,73.0,20085,978575
2026-04-16 12:51:00+05:30,72.9,74.25,69.25,70.85,35035,978575
2026-04-16 12:52:00+05:30,70.65,70.95,69.0,69.2,23920,973895
2026-04-16 12:53:00+05:30,69.3,71.7,67.75,71.0,43745,973895
2026-04-16 12:54:00+05:30,71.0,74.0,71.0,73.6,56160,973895
2026-04-16 12:55:00+05:30,73.45,74.95,72.15,73.45,42900,951275
2026-04-16 12:56:00+05:30,73.7,74.8,72.25,73.5,41340,951275
2026-04-16 12:57:00+05:30,73.55,74.1,72.0,72.3,50440,951275
2026-04-16 12:58:00+05:30,72.5,72.5,70.8,71.25,19175,944060
2026-04-16 12:59:00+05:30,71.1,71.5,68.6,69.1,38090,944060
2026-04-16 13:00:00+05:30,69.1,70.3,67.3,69.5,47320,944060
2026-04-16 13:01:00+05:30,69.4,70.5,69.0,70.35,27495,956020
2026-04-16 13:02:00+05:30,70.4,70.4,68.85,69.65,11375,956020
2026-04-16 13:03:00+05:30,69.3,69.5,65.95,66.75,39845,956020
2026-04-16 13:04:00+05:30,66.7,68.75,66.35,67.0,18460,969930
2026-04-16 13:05:00+05:30,66.5,67.35,65.65,66.55,26065,969930
2026-04-16 13:06:00+05:30,66.45,71.0,66.45,69.95,42315,969930
2026-04-16 13:07:00+05:30,70.0,71.75,69.85,70.2,38870,969930
2026-04-16 13:08:00+05:30,70.15,71.2,69.4,70.7,23530,960960
2026-04-16 13:09:00+05:30,71.0,73.2,70.85,72.35,41470,960960
2026-04-16 13:10:00+05:30,72.15,77.75,72.15,75.45,66625,960960
2026-04-16 13:11:00+05:30,75.5,76.95,73.2,73.65,57200,932360
2026-04-16 13:12:00+05:30,73.9,75.2,72.3,73.1,43355,932360
2026-04-16 13:13:00+05:30,73.3,73.5,70.85,72.3,40560,932360
2026-04-16 13:14:00+05:30,72.2,72.7,70.75,71.9,30030,934440
2026-04-16 13:15:00+05:30,72.5,73.5,70.85,71.05,32045,934440
2026-04-16 13:16:00+05:30,71.05,72.7,70.9,71.85,13065,934440
2026-04-16 13:17:00+05:30,72.05,74.95,70.7,70.7,39065,932685
2026-04-16 13:18:00+05:30,70.7,71.6,69.75,70.8,50245,932685
2026-04-16 13:19:00+05:30,70.8,71.45,67.75,69.0,46865,932685
2026-04-16 13:20:00+05:30,68.85,70.85,68.6,70.25,22880,956475
2026-04-16 13:21:00+05:30,70.35,70.65,69.55,70.1,24180,956475
2026-04-16 13:22:00+05:30,70.15,71.3,68.4,71.1,34840,956475
2026-04-16 13:23:00+05:30,71.15,75.1,70.75,74.55,69875,962715
2026-04-16 13:24:00+05:30,74.85,77.9,74.35,76.65,86710,962715
2026-04-16 13:25:00+05:30,76.75,78.6,75.3,75.55,63700,962715
2026-04-16 13:26:00+05:30,75.55,76.55,73.6,75.5,50570,932555
2026-04-16 13:27:00+05:30,75.25,77.5,75.15,75.5,64155,932555
2026-04-16 13:28:00+05:30,75.9,75.9,72.65,72.9,36725,932555
2026-04-16 13:29:00+05:30,72.7,74.75,72.7,74.0,23660,972790
2026-04-16 13:30:00+05:30,74.15,75.3,73.25,74.4,62400,972790
2026-04-16 13:31:00+05:30,74.6,75.1,72.75,72.75,15210,972790
2026-04-16 13:32:00+05:30,72.85,74.0,71.8,73.9,20865,968240
2026-04-16 13:33:00+05:30,73.5,74.4,71.3,71.3,18330,968240
2026-04-16 13:34:00+05:30,71.5,73.85,71.15,73.0,21970,968240
2026-04-16 13:35:00+05:30,73.3,74.6,73.15,73.55,32825,972530
2026-04-16 13:36:00+05:30,73.9,74.3,72.0,72.75,22035,972530
2026-04-16 13:37:00+05:30,73.45,74.8,73.15,74.8,20085,972530
2026-04-16 13:38:00+05:30,74.9,75.4,73.35,74.0,23595,972530
2026-04-16 13:39:00+05:30,73.25,73.7,71.65,73.25,25870,972530
2026-04-16 13:40:00+05:30,73.35,74.0,71.65,73.05,21580,972530
2026-04-16 13:41:00+05:30,73.2,73.6,69.9,71.15,58370,965640
2026-04-16 13:42:00+05:30,70.95,70.95,69.2,70.4,36465,965640
2026-04-16 13:43:00+05:30,70.0,70.5,68.7,69.85,28210,965640
2026-04-16 13:44:00+05:30,69.65,71.1,69.0,70.05,29510,967395
2026-04-16 13:45:00+05:30,69.85,69.9,67.35,67.75,78520,967395
2026-04-16 13:46:00+05:30,67.65,68.4,67.15,67.2,28470,967395
2026-04-16 13:47:00+05:30,67.55,69.95,67.2,68.5,38090,952575
2026-04-16 13:48:00+05:30,68.65,69.05,66.35,66.7,28275,952575
2026-04-16 13:49:00+05:30,66.6,68.0,66.4,66.7,16705,952575
2026-04-16 13:50:00+05:30,66.8,66.8,59.7,60.65,132600,954980
2026-04-16 13:51:00+05:30,61.0,62.55,59.85,62.0,64610,954980
2026-04-16 13:52:00+05:30,61.9,62.9,60.6,61.15,32305,954980
2026-04-16 13:53:00+05:30,61.0,62.1,61.0,61.85,24505,943410
2026-04-16 13:54:00+05:30,61.95,62.6,59.75,59.75,28665,943410
2026-04-16 13:55:00+05:30,59.9,61.2,58.9,61.0,61165,943410
2026-04-16 13:56:00+05:30,60.95,61.85,59.0,59.15,27300,944125
2026-04-16 13:57:00+05:30,59.25,60.75,59.2,60.45,32500,944125
2026-04-16 13:58:00+05:30,60.4,61.0,58.5,60.15,26585,944125
2026-04-16 13:59:00+05:30,59.9,60.1,57.3,58.2,29900,936780
2026-04-16 14:00:00+05:30,58.15,59.9,57.95,58.95,26130,936780
2026-04-16 14:01:00+05:30,59.05,59.5,58.4,59.5,18655,936780
2026-04-16 14:02:00+05:30,59.65,62.4,58.9,62.4,37115,929565
2026-04-16 14:03:00+05:30,62.45,67.45,61.5,66.75,128570,929565
2026-04-16 14:04:00+05:30,66.8,66.85,64.75,66.1,54080,915915
2026-04-16 14:05:00+05:30,66.1,70.6,66.1,67.3,93405,915915
2026-04-16 14:06:00+05:30,67.25,68.2,65.05,67.05,48815,915915
2026-04-16 14:07:00+05:30,66.9,67.45,63.55,65.0,39650,915915
2026-04-16 14:08:00+05:30,65.55,66.45,64.0,65.3,33150,924690
2026-04-16 14:09:00+05:30,65.7,65.7,63.9,64.35,15405,924690
2026-04-16 14:10:00+05:30,64.4,65.0,63.65,63.65,27625,924690
2026-04-16 14:11:00+05:30,63.5,63.5,60.95,62.3,37505,925860
2026-04-16 14:12:00+05:30,62.1,63.0,60.55,60.55,17160,925860
2026-04-16 14:13:00+05:30,60.95,62.3,60.55,61.4,15340,925860
2026-04-16 14:14:00+05:30,61.2,62.4,60.0,61.9,28340,927810
2026-04-16 14:15:00+05:30,62.35,63.5,61.4,61.4,21060,927810
2026-04-16 14:16:00+05:30,61.9,65.1,61.8,63.0,44200,927810
2026-04-16 14:17:00+05:30,63.15,63.75,62.1,62.8,14690,913250
2026-04-16 14:18:00+05:30,62.9,64.1,62.6,62.8,19045,913250
2026-04-16 14:19:00+05:30,62.85,63.5,61.8,62.35,14105,913250
2026-04-16 14:20:00+05:30,62.65,63.4,61.9,62.65,10790,910390
2026-04-16 14:21:00+05:30,62.65,63.45,61.7,61.7,13780,910390
2026-04-16 14:22:00+05:30,62.0,62.2,60.55,60.85,23725,910390
2026-04-16 14:23:00+05:30,61.1,63.05,61.05,63.05,13195,911170
2026-04-16 14:24:00+05:30,63.25,66.0,63.0,63.45,30745,911170
2026-04-16 14:25:00+05:30,63.25,63.3,61.35,61.55,12675,911170
2026-04-16 14:26:00+05:30,61.65,61.85,58.8,59.05,51805,909870
2026-04-16 14:27:00+05:30,59.1,59.75,58.1,58.85,30680,909870
2026-04-16 14:28:00+05:30,58.9,59.5,58.6,59.05,13975,909870
2026-04-16 14:29:00+05:30,59.0,59.8,57.0,57.25,22555,912210
2026-04-16 14:30:00+05:30,57.25,57.6,55.75,56.0,76440,912210
2026-04-16 14:31:00+05:30,55.95,56.6,54.25,54.55,54405,912210
2026-04-16 14:32:00+05:30,54.4,55.2,53.15,53.2,44850,921310
2026-04-16 14:33:00+05:30,53.25,55.0,52.25,53.6,48360,921310
2026-04-16 14:34:00+05:30,53.5,53.75,51.1,51.35,34580,921310
2026-04-16 14:35:00+05:30,51.25,51.8,50.35,50.85,466830,910585
2026-04-16 14:36:00+05:30,50.9,51.75,49.05,49.3,199290,910585
2026-04-16 14:37:00+05:30,49.25,50.4,48.9,49.4,159575,910585
2026-04-16 14:38:00+05:30,49.55,49.65,47.8,47.9,37050,1351285
2026-04-16 14:39:00+05:30,48.2,48.9,46.8,47.9,51285,1351285
2026-04-16 14:40:00+05:30,47.7,47.9,46.8,47.3,42900,1351285
2026-04-16 14:41:00+05:30,47.4,47.6,46.4,46.65,65325,1380795
2026-04-16 14:42:00+05:30,46.6,47.05,45.8,46.45,68965,1380795
2026-04-16 14:43:00+05:30,46.55,46.9,45.45,45.7,53430,1380795
2026-04-16 14:44:00+05:30,45.8,49.8,45.8,48.8,80145,1410630
2026-04-16 14:45:00+05:30,48.9,49.45,46.0,46.7,72670,1410630
2026-04-16 14:46:00+05:30,46.75,48.0,46.75,47.25,44915,1410630
2026-04-16 14:47:00+05:30,47.25,47.3,45.9,46.65,46605,1401400
2026-04-16 14:48:00+05:30,46.4,46.5,45.3,46.0,36985,1401400
2026-04-16 14:49:00+05:30,46.25,47.25,46.05,46.45,24050,1401400
2026-04-16 14:50:00+05:30,46.2,47.05,45.85,46.7,50050,1391520
2026-04-16 14:51:00+05:30,46.65,47.15,45.7,45.7,34320,1391520
2026-04-16 14:52:00+05:30,45.5,47.0,45.5,47.0,38155,1391520
2026-04-16 14:53:00+05:30,47.05,48.2,45.6,45.85,73580,1427985
2026-04-16 14:54:00+05:30,45.85,46.7,45.05,45.8,20670,1427985
2026-04-16 14:55:00+05:30,45.85,47.5,45.4,47.0,23790,1427985
2026-04-16 14:56:00+05:30,47.0,47.7,45.85,47.7,50765,1425385
2026-04-16 14:57:00+05:30,47.65,48.15,46.25,47.0,34905,1425385
2026-04-16 14:58:00+05:30,47.25,47.9,45.9,46.0,16380,1425385
2026-04-16 14:59:00+05:30,46.0,47.2,45.45,46.75,31460,1448460
2026-04-16 15:00:00+05:30,46.75,49.25,45.05,48.45,91260,1448460
2026-04-16 15:01:00+05:30,48.7,51.95,48.7,49.95,149955,1448460
2026-04-16 15:02:00+05:30,50.15,51.5,48.1,49.55,61620,1501370
2026-04-16 15:03:00+05:30,49.35,49.9,47.85,48.5,34320,1501370
2026-04-16 15:04:00+05:30,48.7,49.45,46.35,49.3,67340,1501370
2026-04-16 15:05:00+05:30,49.3,51.75,49.05,50.2,47060,1475175
2026-04-16 15:06:00+05:30,50.2,54.1,49.9,53.5,51025,1475175
2026-04-16 15:07:00+05:30,53.55,56.05,53.15,54.7,78195,1475175
2026-04-16 15:08:00+05:30,54.55,58.4,54.0,57.4,126620,1445015
2026-04-16 15:09:00+05:30,58.1,59.5,57.4,58.7,106210,1445015
2026-04-16 15:10:00+05:30,58.85,59.35,54.7,54.95,88660,1445015
2026-04-16 15:11:00+05:30,54.65,54.85,52.85,53.45,64415,1428115
2026-04-16 15:12:00+05:30,53.35,55.55,53.1,54.95,51805,1428115
2026-04-16 15:13:00+05:30,54.85,55.75,53.7,55.4,42380,1428115
2026-04-16 15:14:00+05:30,55.4,55.7,54.5,55.2,40885,1420120
2026-04-16 15:15:00+05:30,55.0,56.2,52.1,52.9,105495,1420120
2026-04-16 15:16:00+05:30,53.05,54.2,52.95,53.9,39130,1420120
2026-04-16 15:17:00+05:30,53.8,54.55,52.6,54.25,62140,1414855
2026-04-16 15:18:00+05:30,54.45,55.25,53.85,55.1,51220,1414855
2026-04-16 15:19:00+05:30,55.15,55.15,53.5,53.9,33215,1414855
2026-04-16 15:20:00+05:30,54.1,54.15,52.1,52.8,52715,1393990
2026-04-16 15:21:00+05:30,52.75,53.95,52.7,52.7,43485,1393990
2026-04-16 15:22:00+05:30,52.7,53.6,52.2,53.0,82225,1393990
2026-04-16 15:23:00+05:30,53.0,53.05,51.65,52.1,91650,1408290
2026-04-16 15:24:00+05:30,52.1,53.2,51.05,53.15,117650,1408290
2026-04-16 15:25:00+05:30,53.2,53.8,52.15,53.3,134680,1408290
2026-04-16 15:26:00+05:30,53.2,54.1,52.65,53.7,71955,1514435
2026-04-16 15:27:00+05:30,53.65,55.35,53.45,55.25,88920,1514435
2026-04-16 15:28:00+05:30,54.9,57.8,54.85,57.45,143975,1514435
2026-04-16 15:29:00+05:30,57.45,58.4,55.65,56.55,115180,1553695
2026-04-17 09:15:00+05:30,57.8,63.05,49.6,51.75,1341145,1546870
2026-04-17 09:16:00+05:30,51.7,51.75,44.15,49.4,897585,1539525
2026-04-17 09:17:00+05:30,49.35,50.4,44.55,46.15,371150,1539525
2026-04-17 09:18:00+05:30,46.3,47.75,45.0,47.1,335270,1539525
2026-04-17 09:19:00+05:30,47.15,49.4,46.4,46.55,189995,1456130
2026-04-17 09:20:00+05:30,46.4,47.1,45.5,46.35,197600,1456130
2026-04-17 09:21:00+05:30,46.4,46.85,45.0,45.85,95290,1456130
2026-04-17 09:22:00+05:30,45.75,45.75,44.1,45.6,81640,1495455
2026-04-17 09:23:00+05:30,45.6,45.8,44.35,44.85,63310,1495455
2026-04-17 09:24:00+05:30,44.85,47.95,44.55,47.15,102050,1495455
2026-04-17 09:25:00+05:30,47.25,47.7,45.3,45.4,162890,1508195
2026-04-17 09:26:00+05:30,45.5,46.55,44.5,44.7,101400,1508195
2026-04-17 09:27:00+05:30,44.6,45.55,43.75,44.65,96460,1508195
2026-04-17 09:28:00+05:30,44.85,45.0,43.05,43.7,102895,1555515
2026-04-17 09:29:00+05:30,43.7,44.2,42.5,42.7,79690,1555515
2026-04-17 09:30:00+05:30,42.7,46.05,42.3,45.8,120900,1555515
2026-04-17 09:31:00+05:30,45.75,47.35,45.65,46.25,116090,1585740
2026-04-17 09:32:00+05:30,46.25,47.1,44.95,46.25,101400,1585740
2026-04-17 09:33:00+05:30,46.2,48.25,45.9,47.0,108225,1585740
2026-04-17 09:34:00+05:30,47.0,49.15,46.5,48.8,101595,1608165
2026-04-17 09:35:00+05:30,48.7,51.95,48.7,51.25,312325,1608165
2026-04-17 09:36:00+05:30,51.35,52.65,50.5,52.2,227825,1608165
2026-04-17 09:37:00+05:30,52.15,53.75,51.2,51.8,208195,1605110
2026-04-17 09:38:00+05:30,51.8,51.85,45.15,46.5,287105,1605110
2026-04-17 09:39:00+05:30,46.45,47.25,44.7,46.4,163085,1605110
2026-04-17 09:40:00+05:30,46.4,46.8,43.55,44.7,104390,1663285
2026-04-17 09:41:00+05:30,44.7,47.55,44.35,47.25,83460,1663285
2026-04-17 09:42:00+05:30,47.4,49.7,47.4,49.2,199160,1663285
2026-04-17 09:43:00+05:30,49.2,50.75,47.85,48.75,121680,1646710
2026-04-17 09:44:00+05:30,48.75,48.9,47.05,47.25,76440,1646710
2026-04-17 09:45:00+05:30,47.2,48.2,45.65,47.15,132080,1646710
2026-04-17 09:46:00+05:30,47.15,47.25,45.35,45.85,76310,1624350
2026-04-17 09:47:00+05:30,46.1,46.15,43.8,44.45,126425,1624350
2026-04-17 09:48:00+05:30,44.45,44.75,43.5,44.7,93535,1624350
2026-04-17 09:49:00+05:30,44.7,44.75,42.8,43.75,68510,1601600
2026-04-17 09:50:00+05:30,43.6,43.6,41.55,43.4,131170,1601600
2026-04-17 09:51:00+05:30,43.3,43.5,42.05,42.85,41210,1601600
2026-04-17 09:52:00+05:30,42.8,43.3,41.9,42.25,49335,1600170
2026-04-17 09:53:00+05:30,42.15,43.1,41.65,42.8,55445,1600170
2026-04-17 09:54:00+05:30,42.65,43.5,41.9,42.6,48945,1600170
2026-04-17 09:55:00+05:30,42.5,43.8,41.85,43.15,137085,1647295
2026-04-17 09:56:00+05:30,43.05,43.45,39.95,40.5,167375,1647295
2026-04-17 09:57:00+05:30,40.55,41.0,39.5,40.8,119015,1647295
2026-04-17 09:58:00+05:30,40.9,42.35,40.3,42.0,73320,1669915
2026-04-17 09:59:00+05:30,42.05,42.4,40.0,40.45,60125,1669915
2026-04-17 10:00:00+05:30,40.6,40.65,39.65,39.9,101140,1669915
2026-04-17 10:01:00+05:30,39.8,43.85,39.15,41.7,108160,1703780
2026-04-17 10:02:00+05:30,41.4,42.4,40.6,40.95,70265,1703780
2026-04-17 10:03:00+05:30,40.8,41.55,39.1,39.6,69615,1703780
2026-04-17 10:04:00+05:30,39.55,39.55,37.5,37.8,164385,1707030
2026-04-17 10:05:00+05:30,37.85,38.05,36.6,36.65,165295,1707030
2026-04-17 10:06:00+05:30,36.6,36.95,35.8,36.2,110500,1707030
2026-04-17 10:07:00+05:30,36.05,36.55,35.75,36.25,101660,1722240
2026-04-17 10:08:00+05:30,36.2,36.75,35.75,36.7,122005,1722240
2026-04-17 10:09:00+05:30,36.6,36.95,36.2,36.6,47060,1722240
2026-04-17 10:10:00+05:30,36.6,37.05,36.35,36.35,65520,1762670
2026-04-17 10:11:00+05:30,36.45,36.6,35.5,35.65,58760,1762670
2026-04-17 10:12:00+05:30,35.7,36.0,35.25,35.3,52650,1762670
2026-04-17 10:13:00+05:30,35.4,35.45,34.4,34.65,106600,1752725
2026-04-17 10:14:00+05:30,34.65,35.0,33.95,34.1,80145,1752725
2026-04-17 10:15:00+05:30,34.05,34.15,33.35,33.7,281255,1752725
2026-04-17 10:16:00+05:30,33.8,33.9,33.2,33.35,276445,1972295
2026-04-17 10:17:00+05:30,33.25,33.9,33.0,33.35,67145,1972295
2026-04-17 10:18:00+05:30,33.4,33.6,33.1,33.1,39715,1972295
2026-04-17 10:19:00+05:30,33.15,33.4,32.75,32.95,88530,2052115
2026-04-17 10:20:00+05:30,32.85,33.35,32.65,33.15,29315,2052115
2026-04-17 10:21:00+05:30,33.15,33.35,32.65,32.65,93015,2052115
2026-04-17 10:22:00+05:30,32.75,32.8,32.15,32.35,54860,2058160
2026-04-17 10:23:00+05:30,32.3,33.1,32.25,32.95,39715,2058160
2026-04-17 10:24:00+05:30,33.0,33.1,32.15,32.3,33345,2058160
2026-04-17 10:25:00+05:30,32.2,32.35,31.8,32.25,72735,2060175
2026-04-17 10:26:00+05:30,32.25,32.3,31.6,31.8,61750,2060175
2026-04-17 10:27:00+05:30,31.95,32.35,31.8,32.1,42315,2060175
2026-04-17 10:28:00+05:30,32.1,32.65,31.7,32.4,97435,2047890
2026-04-17 10:29:00+05:30,32.4,33.55,32.15,33.3,88790,2047890
2026-04-17 10:30:00+05:30,33.35,33.5,32.45,33.35,64805,2047890
2026-04-17 10:31:00+05:30,33.3,33.8,33.1,33.6,64935,2018770
2026-04-17 10:32:00+05:30,33.5,35.4,33.5,35.25,83525,2018770
2026-04-17 10:33:00+05:30,35.2,35.4,34.45,34.6,176605,2018770
2026-04-17 10:34:00+05:30,34.6,36.0,34.35,35.2,66885,2057640
2026-04-17 10:35:00+05:30,35.2,35.4,34.35,34.5,67600,2057640
2026-04-17 10:36:00+05:30,34.5,35.0,34.05,34.05,37245,2053675
2026-04-17 10:37:00+05:30,34.1,36.1,34.0,35.85,66820,2053675
2026-04-17 10:38:00+05:30,35.8,36.15,35.25,35.7,60580,2053675
2026-04-17 10:39:00+05:30,35.65,36.35,34.95,36.1,145730,2053675
2026-04-17 10:40:00+05:30,36.0,37.15,35.8,36.2,124800,2067845
2026-04-17 10:41:00+05:30,36.3,36.4,35.3,35.4,106925,2067845
2026-04-17 10:42:00+05:30,35.3,35.7,34.4,35.4,65650,2067845
2026-04-17 10:43:00+05:30,35.4,36.25,34.9,36.0,83265,2076750
2026-04-17 10:44:00+05:30,35.9,36.1,35.0,35.1,34255,2076750
2026-04-17 10:45:00+05:30,35.0,35.9,35.0,35.1,28015,2076750
2026-04-17 10:46:00+05:30,35.0,35.1,34.1,34.9,72540,2042690
2026-04-17 10:47:00+05:30,34.85,35.15,34.15,34.75,31525,2042690
2026-04-17 10:48:00+05:30,34.9,35.6,34.7,35.15,29055,2042690
2026-04-17 10:49:00+05:30,35.0,35.05,33.75,34.2,51220,2041195
2026-04-17 10:50:00+05:30,34.3,34.95,33.65,34.05,29380,2041195
2026-04-17 10:51:00+05:30,34.3,35.5,34.3,35.05,35945,2041195
2026-04-17 10:52:00+05:30,35.0,35.1,34.4,34.6,30875,2041715
2026-04-17 10:53:00+05:30,34.5,35.15,34.5,35.05,13780,2041715
2026-04-17 10:54:00+05:30,34.7,34.95,33.9,34.35,35100,2041715
2026-04-17 10:55:00+05:30,34.4,34.4,33.85,34.0,25025,2046590
2026-04-17 10:56:00+05:30,34.05,34.3,33.6,33.65,19695,2046590
2026-04-17 10:57:00+05:30,33.8,34.65,33.7,34.1,20670,2046590
2026-04-17 10:58:00+05:30,34.2,35.25,34.2,35.1,15015,2045680
2026-04-17 10:59:00+05:30,35.0,35.25,34.3,35.2,18330,2045680
2026-04-17 11:00:00+05:30,35.1,36.1,35.0,35.05,53170,2045680
2026-04-17 11:01:00+05:30,35.05,35.2,34.3,34.85,23855,2041585
2026-04-17 11:02:00+05:30,34.95,35.7,34.45,35.7,20475,2041585
2026-04-17 11:03:00+05:30,35.65,36.85,35.25,36.5,59735,2041585
2026-04-17 11:04:00+05:30,36.55,37.75,36.05,36.4,97565,2048995
2026-04-17 11:05:00+05:30,36.3,36.5,35.25,35.45,124735,2048995
2026-04-17 11:06:00+05:30,35.5,36.75,35.05,36.35,75855,2048995
2026-04-17 11:07:00+05:30,36.25,36.4,34.3,35.5,78390,2059395
2026-04-17 11:08:00+05:30,35.4,35.75,34.85,34.95,17615,2059395
2026-04-17 11:09:00+05:30,34.8,35.45,34.6,34.7,12415,2059395
2026-04-17 11:10:00+05:30,34.65,35.05,32.9,32.9,135915,2065505
2026-04-17 11:11:00+05:30,32.85,33.75,32.35,33.6,74360,2065505
2026-04-17 11:12:00+05:30,33.7,34.55,33.3,34.4,63700,2065505
2026-04-17 11:13:00+05:30,34.45,34.85,33.45,33.65,23530,2031445
2026-04-17 11:14:00+05:30,33.45,34.4,33.35,34.0,30745,2031445
2026-04-17 11:15:00+05:30,34.0,34.0,32.65,32.7,38220,2031445
2026-04-17 11:16:00+05:30,32.65,33.25,32.5,32.5,52910,2037295
2026-04-17 11:17:00+05:30,32.5,33.05,32.35,33.0,33020,2037295
2026-04-17 11:18:00+05:30,33.0,33.3,32.0,32.75,81185,2037295
2026-04-17 11:19:00+05:30,32.8,33.25,32.4,32.45,41405,2037880
2026-04-17 11:20:00+05:30,32.45,32.9,32.05,32.55,31590,2037880
2026-04-17 11:21:00+05:30,32.45,32.65,32.25,32.4,24375,2037880
2026-04-17 11:22:00+05:30,32.35,32.6,31.9,32.2,62920,2043990
2026-04-17 11:23:00+05:30,32.05,32.25,31.75,32.2,98865,2043990
2026-04-17 11:24:00+05:30,32.1,33.65,32.1,33.25,40300,2043990
2026-04-17 11:25:00+05:30,33.15,33.25,32.1,32.2,47190,2014675
2026-04-17 11:26:00+05:30,32.15,32.55,32.1,32.35,10985,2014675
2026-04-17 11:27:00+05:30,32.3,33.9,32.25,33.15,33735,2014675
2026-04-17 11:28:00+05:30,33.25,33.85,32.65,32.65,39780,2015585
2026-04-17 11:29:00+05:30,32.7,33.1,32.3,32.4,21320,2015585
2026-04-17 11:30:00+05:30,32.2,32.4,31.3,32.05,65845,2015585
2026-04-17 11:31:00+05:30,32.0,32.45,31.9,32.2,24765,2010970
2026-04-17 11:32:00+05:30,32.1,32.4,31.9,31.9,33280,2010970
2026-04-17 11:33:00+05:30,32.0,32.0,31.05,31.1,41990,2010970
2026-04-17 11:34:00+05:30,31.0,31.55,30.8,30.9,64415,1977820
2026-04-17 11:35:00+05:30,30.85,31.35,30.55,30.65,63115,1977820
2026-04-17 11:36:00+05:30,30.75,30.9,30.2,30.8,75530,1977820
2026-04-17 11:37:00+05:30,30.75,30.75,30.05,30.55,32435,1944540
2026-04-17 11:38:00+05:30,30.5,30.75,30.25,30.7,32110,1944540
2026-04-17 11:39:00+05:30,30.65,31.5,30.55,30.95,12740,1944540
2026-04-17 11:40:00+05:30,31.0,31.2,30.6,30.65,56160,1915940
2026-04-17 11:41:00+05:30,30.65,30.9,30.3,30.9,37115,1915940
2026-04-17 11:42:00+05:30,30.8,31.2,30.4,30.45,14625,1915940
2026-04-17 11:43:00+05:30,30.4,30.5,29.85,30.05,42445,1915485
2026-04-17 11:44:00+05:30,30.15,30.5,29.9,30.45,53820,1915485
2026-04-17 11:45:00+05:30,30.45,31.1,30.35,30.75,23595,1915485
2026-04-17 11:46:00+05:30,30.8,31.2,30.45,30.65,23010,1901250
2026-04-17 11:47:00+05:30,30.75,31.7,30.45,31.6,44850,1901250
2026-04-17 11:48:00+05:30,31.55,32.2,31.2,31.2,54275,1901250
2026-04-17 11:49:00+05:30,31.3,32.0,31.3,31.5,35230,1901965
2026-04-17 11:50:00+05:30,31.5,31.65,30.4,30.4,40235,1901965
2026-04-17 11:51:00+05:30,30.4,30.85,30.1,30.2,37115,1901965
2026-04-17 11:52:00+05:30,30.1,30.8,30.1,30.55,42120,1905865
2026-04-17 11:53:00+05:30,30.55,30.95,29.7,29.95,64285,1905865
2026-04-17 11:54:00+05:30,29.9,29.9,28.65,29.1,129155,1905865
2026-04-17 11:55:00+05:30,29.1,29.3,28.35,28.55,126555,1913665
2026-04-17 11:56:00+05:30,28.55,28.9,28.4,28.5,84500,1913665
2026-04-17 11:57:00+05:30,28.45,28.6,27.95,28.0,62790,1913665
2026-04-17 11:58:00+05:30,27.9,29.35,27.9,29.2,70265,1946035
2026-04-17 11:59:00+05:30,29.05,30.6,28.85,30.25,143650,1946035
2026-04-17 12:00:00+05:30,30.45,31.45,30.0,30.8,154765,1946035
2026-04-17 12:01:00+05:30,30.8,31.15,29.8,29.95,147810,1930370
2026-04-17 12:02:00+05:30,29.85,30.7,29.85,30.7,44850,1930370
2026-04-17 12:03:00+05:30,30.65,31.65,30.55,31.2,34125,1930370
2026-04-17 12:04:00+05:30,31.2,31.55,30.95,31.55,46995,1947855
2026-04-17 12:05:00+05:30,31.55,32.65,31.25,31.9,80535,1947855
2026-04-17 12:06:00+05:30,32.0,32.0,30.85,30.95,64870,1947855
2026-04-17 12:07:00+05:30,30.85,31.05,30.1,30.25,52520,1918280
2026-04-17 12:08:00+05:30,30.4,30.4,29.7,30.25,34515,1918280
2026-04-17 12:09:00+05:30,30.2,30.45,29.7,30.0,73775,1918280
2026-04-17 12:10:00+05:30,30.1,30.3,29.7,30.0,31980,1935245
2026-04-17 12:11:00+05:30,30.1,30.35,29.25,29.3,31330,1935245
2026-04-17 12:12:00+05:30,29.2,29.55,28.85,29.0,54015,1935245
2026-04-17 12:13:00+05:30,29.0,29.9,28.95,29.4,13845,1941875
2026-04-17 12:14:00+05:30,29.25,29.45,28.6,28.65,17485,1941875
2026-04-17 12:15:00+05:30,28.7,29.4,28.35,28.35,27820,1941875
2026-04-17 12:16:00+05:30,28.35,29.1,28.2,28.8,34775,1957020
2026-04-17 12:17:00+05:30,28.7,29.0,28.5,28.7,21840,1957020
2026-04-17 12:18:00+05:30,28.7,28.9,28.1,28.45,25935,1957020
2026-04-17 12:19:00+05:30,28.35,29.2,28.35,29.1,35100,1960985
2026-04-17 12:20:00+05:30,29.15,29.4,28.65,29.35,18135,1960985
2026-04-17 12:21:00+05:30,29.3,29.3,28.4,29.1,25090,1960985
2026-04-17 12:22:00+05:30,29.0,29.4,28.6,28.7,14755,1960985
2026-04-17 12:23:00+05:30,28.65,29.05,28.4,28.55,18655,1953640
2026-04-17 12:24:00+05:30,28.5,28.65,28.3,28.3,21320,1953640
2026-04-17 12:25:00+05:30,28.45,28.8,28.25,28.5,32240,1953640
2026-04-17 12:26:00+05:30,28.3,28.7,28.15,28.15,12350,1953770
2026-04-17 12:27:00+05:30,28.15,28.35,28.05,28.2,28795,1953770
2026-04-17 12:28:00+05:30,28.2,28.8,28.05,28.75,24960,1953770
2026-04-17 12:29:00+05:30,28.9,28.9,28.5,28.9,14300,1941030
2026-04-17 12:30:00+05:30,28.9,29.5,28.65,28.95,23335,1941030
2026-04-17 12:31:00+05:30,29.05,29.4,28.7,29.4,27235,1941030
2026-04-17 12:32:00+05:30,29.4,30.8,29.25,30.2,62725,1946750
2026-04-17 12:33:00+05:30,30.2,31.05,29.75,29.85,88920,1946750
2026-04-17 12:34:00+05:30,29.85,31.3,29.85,31.25,34645,1946750
2026-04-17 12:35:00+05:30,31.4,31.5,30.3,30.35,39780,1925690
2026-04-17 12:36:00+05:30,30.35,30.9,30.0,30.8,19630,1925690
2026-04-17 12:37:00+05:30,30.75,31.3,30.45,31.3,21450,1925690
2026-04-17 12:38:00+05:30,31.3,31.45,30.6,31.2,31850,1920360
2026-04-17 12:39:00+05:30,31.25,32.0,31.2,31.9,41535,1920360
2026-04-17 12:40:00+05:30,31.95,32.5,31.0,31.05,91130,1920360
2026-04-17 12:41:00+05:30,31.1,31.25,30.5,30.5,30095,1933425
2026-04-17 12:42:00+05:30,30.55,30.75,29.95,30.25,52390,1933425
2026-04-17 12:43:00+05:30,30.25,30.65,30.0,30.65,18460,1933425
2026-04-17 12:44:00+05:30,30.65,32.15,30.65,31.0,36400,1933945
2026-04-17 12:45:00+05:30,30.95,31.15,30.05,30.35,48945,1933945
2026-04-17 12:46:00+05:30,30.3,30.5,29.95,30.05,31330,1933945
2026-04-17 12:47:00+05:30,30.25,31.15,29.9,31.0,12285,1941615
2026-04-17 12:48:00+05:30,30.95,32.2,30.95,31.45,29185,1941615
2026-04-17 12:49:00+05:30,31.45,31.45,30.4,30.55,19955,1941615
2026-04-17 12:50:00+05:30,30.55,30.6,30.0,30.4,28210,1944995
2026-04-17 12:51:00+05:30,30.5,31.5,30.4,31.0,27235,1944995
2026-04-17 12:52:00+05:30,30.85,31.65,30.65,31.35,28795,1944995
2026-04-17 12:53:00+05:30,31.35,31.65,30.7,30.7,33995,1956695
2026-04-17 12:54:00+05:30,30.65,31.15,30.3,30.9,100360,1956695
2026-04-17 12:55:00+05:30,30.95,31.4,30.7,30.7,22685,1956695
2026-04-17 12:56:00+05:30,30.65,30.7,30.15,30.5,27950,1943370
2026-04-17 12:57:00+05:30,30.35,31.45,30.25,31.3,29055,1943370
2026-04-17 12:58:00+05:30,31.3,31.8,31.15,31.3,59995,1943370
2026-04-17 12:59:00+05:30,31.4,31.75,30.45,30.6,45045,1955655
2026-04-17 13:00:00+05:30,30.6,30.85,29.9,29.95,88790,1955655
2026-04-17 13:01:00+05:30,29.95,30.8,29.8,30.15,28795,1955655
2026-04-17 13:02:00+05:30,30.1,30.4,29.5,30.25,47125,1981525
2026-04-17 13:03:00+05:30,30.15,30.9,30.05,30.45,20865,1981525
2026-04-17 13:04:00+05:30,30.3,30.35,29.55,30.15,28730,1981525
2026-04-17 13:05:00+05:30,30.35,30.4,29.55,29.6,9425,1970995
2026-04-17 13:06:00+05:30,29.65,29.7,28.95,29.3,31005,1970995
2026-04-17 13:07:00+05:30,29.1,29.4,28.45,28.45,36725,1970995
2026-04-17 13:08:00+05:30,28.45,28.65,28.05,28.05,44135,1962025
2026-04-17 13:09:00+05:30,28.05,28.15,27.6,27.8,54925,1962025
2026-04-17 13:10:00+05:30,27.65,27.7,27.1,27.15,164060,1962025
2026-04-17 13:11:00+05:30,27.2,27.55,27.05,27.25,46085,1918670
2026-04-17 13:12:00+05:30,27.25,27.55,26.9,27.25,48425,1918670
2026-04-17 13:13:00+05:30,27.25,27.8,27.25,27.5,31720,1918670
2026-04-17 13:14:00+05:30,27.55,27.75,27.45,27.65,20735,1938690
2026-04-17 13:15:00+05:30,27.65,27.75,27.15,27.4,48230,1938690
2026-04-17 13:16:00+05:30,27.35,28.05,27.2,27.55,89765,1938690
2026-04-17 13:17:00+05:30,27.6,28.35,27.4,27.95,26000,1991145
2026-04-17 13:18:00+05:30,28.0,28.45,27.9,28.25,43875,1991145
2026-04-17 13:19:00+05:30,28.2,28.6,27.9,28.45,50895,1991145
2026-04-17 13:20:00+05:30,28.45,28.45,27.65,27.75,28600,1986920
2026-04-17 13:21:00+05:30,27.85,28.45,27.85,28.2,19435,1986920
2026-04-17 13:22:00+05:30,28.35,28.4,27.45,27.5,23595,1986920
2026-04-17 13:23:00+05:30,27.45,27.6,26.45,26.8,46345,1989000
2026-04-17 13:24:00+05:30,27.0,28.2,26.75,28.05,30355,1989000
2026-04-17 13:25:00+05:30,28.15,28.4,27.95,28.15,50050,1989000
2026-04-17 13:26:00+05:30,28.35,28.5,27.45,27.45,36790,1975610
2026-04-17 13:27:00+05:30,27.6,27.7,26.8,26.8,23075,1975610
2026-04-17 13:28:00+05:30,26.95,27.05,26.3,26.4,36335,1975610
2026-04-17 13:29:00+05:30,26.35,26.75,25.85,25.85,44070,1975090
2026-04-17 13:30:00+05:30,25.8,26.35,25.55,26.25,35620,1975090
2026-04-17 13:31:00+05:30,26.15,26.4,25.85,25.95,31525,1975090
2026-04-17 13:32:00+05:30,26.0,26.6,25.85,25.9,28080,1981460
2026-04-17 13:33:00+05:30,25.85,26.2,25.7,25.8,72605,1981460
2026-04-17 13:34:00+05:30,25.8,25.85,25.45,25.45,22620,1981460
2026-04-17 13:35:00+05:30,25.5,26.5,25.45,26.5,21840,2019030
2026-04-17 13:36:00+05:30,26.45,26.6,26.25,26.45,12155,2019030
2026-04-17 13:37:00+05:30,26.45,26.45,25.9,25.95,122330,2019030
2026-04-17 13:38:00+05:30,25.95,26.2,25.65,25.75,13455,1962025
2026-04-17 13:39:00+05:30,25.85,25.85,25.15,25.4,76700,1962025
2026-04-17 13:40:00+05:30,25.65,25.75,25.35,25.5,35035,1962025
2026-04-17 13:41:00+05:30,25.6,25.65,25.1,25.1,55185,1983410
2026-04-17 13:42:00+05:30,25.1,25.4,24.85,24.9,51545,1983410
2026-04-17 13:43:00+05:30,24.9,25.8,24.9,25.45,47320,1983410
2026-04-17 13:44:00+05:30,25.5,26.15,25.5,26.1,33475,1947205
2026-04-17 13:45:00+05:30,26.05,26.05,25.6,25.75,25155,1947205
2026-04-17 13:46:00+05:30,25.8,26.05,25.45,25.45,22555,1942005
2026-04-17 13:47:00+05:30,25.45,25.7,25.3,25.3,22685,1942005
2026-04-17 13:48:00+05:30,25.35,25.35,25.05,25.1,31785,1942005
2026-04-17 13:49:00+05:30,25.25,25.5,25.0,25.0,29575,1942005
2026-04-17 13:50:00+05:30,25.1,25.15,24.6,24.8,57005,1967355
2026-04-17 13:51:00+05:30,24.85,25.1,24.6,24.7,18590,1967355
2026-04-17 13:52:00+05:30,24.75,24.8,24.45,24.6,17030,1967355
2026-04-17 13:53:00+05:30,24.6,25.15,24.6,24.75,28990,1979055
2026-04-17 13:54:00+05:30,24.7,24.85,24.1,24.1,35880,1979055
2026-04-17 13:55:00+05:30,24.2,24.65,24.05,24.6,34190,1979055
2026-04-17 13:56:00+05:30,24.65,25.65,24.6,25.0,133770,1975675
2026-04-17 13:57:00+05:30,25.1,25.2,24.5,24.55,61100,1975675
2026-04-17 13:58:00+05:30,24.55,24.7,24.15,24.2,50050,1975675
2026-04-17 13:59:00+05:30,24.15,24.65,24.05,24.65,39130,2001285
2026-04-17 14:00:00+05:30,24.65,24.65,24.0,24.2,28860,2001285
2026-04-17 14:01:00+05:30,24.3,24.3,23.75,23.9,35165,2001285
2026-04-17 14:02:00+05:30,23.8,24.05,23.6,23.6,56940,2002520
2026-04-17 14:03:00+05:30,23.6,23.75,23.5,23.75,44395,2002520
2026-04-17 14:04:00+05:30,23.7,25.0,23.65,24.7,43095,2002520
2026-04-17 14:05:00+05:30,24.8,24.9,24.1,24.2,37440,1993680
2026-04-17 14:06:00+05:30,24.15,24.3,23.75,24.0,41340,1993680
2026-04-17 14:07:00+05:30,24.05,24.1,23.5,23.75,44265,1993680
2026-04-17 14:08:00+05:30,23.7,24.2,23.65,23.8,51090,1934335
2026-04-17 14:09:00+05:30,23.65,23.75,23.35,23.55,16640,1934335
2026-04-17 14:10:00+05:30,23.5,23.65,23.3,23.4,18980,1934335
2026-04-17 14:11:00+05:30,23.45,23.45,22.8,22.95,136240,1921530
2026-04-17 14:12:00+05:30,23.0,23.05,22.7,22.85,25805,1921530
2026-04-17 14:13:00+05:30,22.9,23.45,22.8,23.45,39780,1921530
2026-04-17 14:14:00+05:30,23.35,24.0,23.35,23.65,30940,1908205
2026-04-17 14:15:00+05:30,23.6,23.6,23.25,23.45,44460,1908205
2026-04-17 14:16:00+05:30,23.35,23.45,22.85,22.9,26065,1908205
2026-04-17 14:17:00+05:30,22.85,23.4,22.5,23.4,52195,1902680
2026-04-17 14:18:00+05:30,23.45,23.7,22.7,22.7,23335,1902680
2026-04-17 14:19:00+05:30,22.95,23.25,22.9,23.25,49075,1902680
2026-04-17 14:20:00+05:30,23.25,23.25,22.4,22.55,97955,1885650
2026-04-17 14:21:00+05:30,22.55,22.95,22.3,22.45,76700,1885650
2026-04-17 14:22:00+05:30,22.5,23.85,22.45,23.25,84630,1885650
2026-04-17 14:23:00+05:30,23.1,23.25,22.85,22.95,25935,1863810
2026-04-17 14:24:00+05:30,22.95,23.15,22.7,23.0,27755,1863810
2026-04-17 14:25:00+05:30,23.05,23.55,23.0,23.25,37700,1863810
2026-04-17 14:26:00+05:30,23.25,24.25,23.2,24.0,44005,1862380
2026-04-17 14:27:00+05:30,23.95,24.1,23.65,23.7,33670,1862380
2026-04-17 14:28:00+05:30,23.6,24.1,23.5,23.95,29965,1862380
2026-04-17 14:29:00+05:30,24.0,24.25,23.7,23.95,30810,1878825
2026-04-17 14:30:00+05:30,24.0,24.6,23.85,24.0,58435,1878825
2026-04-17 14:31:00+05:30,24.0,24.15,23.7,23.95,20410,1878825
2026-04-17 14:32:00+05:30,24.0,24.2,23.85,23.9,48620,1870115
2026-04-17 14:33:00+05:30,23.9,24.1,23.55,23.8,29705,1870115
2026-04-17 14:34:00+05:30,23.75,23.95,23.2,23.25,23985,1870115
2026-04-17 14:35:00+05:30,23.2,23.6,23.1,23.35,20280,1874535
2026-04-17 14:36:00+05:30,23.4,23.45,22.45,22.65,61815,1874535
2026-04-17 14:37:00+05:30,22.55,22.7,22.2,22.6,30810,1874535
2026-04-17 14:38:00+05:30,22.65,22.95,22.0,22.1,53950,1854645
2026-04-17 14:39:00+05:30,22.05,22.3,21.65,22.1,79950,1854645
2026-04-17 14:40:00+05:30,22.15,22.4,21.9,22.3,30225,1854645
2026-04-17 14:41:00+05:30,22.15,22.4,22.1,22.1,31720,1822535
2026-04-17 14:42:00+05:30,22.0,22.25,21.85,22.05,43680,1822535
2026-04-17 14:43:00+05:30,22.1,22.3,21.85,22.05,117195,1822535
2026-04-17 14:44:00+05:30,22.05,22.1,21.5,21.5,133770,1769365
2026-04-17 14:45:00+05:30,21.6,21.9,21.1,21.15,204230,1769365
2026-04-17 14:46:00+05:30,21.15,21.2,20.3,20.45,253695,1769365
2026-04-17 14:47:00+05:30,20.45,21.4,20.4,21.3,172120,1683175
2026-04-17 14:48:00+05:30,21.25,21.55,21.05,21.55,29965,1683175
2026-04-17 14:49:00+05:30,21.5,21.5,20.8,20.95,79105,1683175
2026-04-17 14:50:00+05:30,20.95,21.1,20.85,21.05,31265,1624480
2026-04-17 14:51:00+05:30,21.0,21.1,20.7,20.85,34840,1624480
2026-04-17 14:52:00+05:30,20.8,21.15,20.6,20.7,133835,1624480
2026-04-17 14:53:00+05:30,20.65,20.9,20.55,20.85,45435,1621880
2026-04-17 14:54:00+05:30,20.8,21.25,20.75,21.25,38610,1621880
2026-04-17 14:55:00+05:30,21.2,21.75,21.2,21.65,54405,1621880
2026-04-17 14:56:00+05:30,21.65,22.2,21.6,21.95,117975,1622855
2026-04-17 14:57:00+05:30,21.95,22.05,21.4,21.5,108420,1622855
2026-04-17 14:58:00+05:30,21.5,21.85,21.25,21.7,38090,1622855
2026-04-17 14:59:00+05:30,21.7,21.8,21.4,21.55,60190,1631305
2026-04-17 15:00:00+05:30,21.55,22.5,20.8,21.8,180115,1631305
2026-04-17 15:01:00+05:30,21.8,22.75,21.75,22.6,126945,1631305
2026-04-17 15:02:00+05:30,22.6,23.35,22.3,22.9,217165,1577810
2026-04-17 15:03:00+05:30,22.95,22.95,22.4,22.55,77480,1577810
2026-04-17 15:04:00+05:30,22.6,22.6,21.75,21.9,67535,1577810
2026-04-17 15:05:00+05:30,21.9,22.0,21.35,21.75,65390,1534195
2026-04-17 15:06:00+05:30,21.7,21.9,21.45,21.85,117975,1534195
2026-04-17 15:07:00+05:30,21.85,21.9,21.65,21.7,31525,1534195
2026-04-17 15:08:00+05:30,21.65,21.8,21.15,21.3,36985,1509820
2026-04-17 15:09:00+05:30,21.3,21.5,21.15,21.5,37375,1509820
2026-04-17 15:10:00+05:30,21.55,21.7,21.45,21.7,41925,1509820
2026-04-17 15:11:00+05:30,21.7,22.1,21.6,21.9,70720,1479790
2026-04-17 15:12:00+05:30,21.95,21.95,21.35,21.4,32500,1479790
2026-04-17 15:13:00+05:30,21.4,21.4,20.75,21.35,74685,1479790
2026-04-17 15:14:00+05:30,21.3,21.45,21.05,21.35,52780,1461135
2026-04-17 15:15:00+05:30,21.4,22.15,21.4,21.85,187005,1461135
2026-04-17 15:16:00+05:30,21.8,22.3,21.65,22.2,129740,1461135
2026-04-17 15:17:00+05:30,22.2,22.4,21.85,22.15,105560,1409590
2026-04-17 15:18:00+05:30,22.15,22.35,21.9,22.3,63700,1409590
2026-04-17 15:19:00+05:30,22.25,22.4,21.95,22.4,50440,1409590
2026-04-17 15:20:00+05:30,22.3,22.95,22.25,22.85,228215,1359475
2026-04-17 15:21:00+05:30,22.85,24.45,22.75,23.15,253955,1359475
2026-04-17 15:22:00+05:30,23.15,23.15,22.15,22.65,170560,1359475
2026-04-17 15:23:00+05:30,22.6,23.2,22.2,22.95,168545,1344460
2026-04-17 15:24:00+05:30,22.95,23.45,22.3,23.0,163085,1344460
2026-04-17 15:25:00+05:30,23.0,23.1,22.35,22.95,111215,1344460
2026-04-17 15:26:00+05:30,22.95,22.95,22.35,22.75,136240,1349400
2026-04-17 15:27:00+05:30,22.7,22.75,22.3,22.55,93275,1349400
2026-04-17 15:28:00+05:30,22.6,23.05,22.25,23.0,198055,1349400
2026-04-17 15:29:00+05:30,22.95,23.1,21.95,22.0,176280,1328925
2026-04-20 09:15:00+05:30,14.0,21.25,9.45,19.15,1089010,1285505
2026-04-20 09:16:00+05:30,19.15,20.55,17.1,18.35,610740,1327820
2026-04-20 09:17:00+05:30,18.4,19.3,15.4,15.6,550680,1327820
2026-04-20 09:18:00+05:30,15.65,16.9,15.45,16.35,503100,1327820
2026-04-20 09:19:00+05:30,16.3,16.85,14.7,14.7,332995,1443910
2026-04-20 09:20:00+05:30,14.75,14.95,13.6,13.75,301470,1443910
2026-04-20 09:21:00+05:30,13.7,13.85,13.2,13.55,341185,1443910
2026-04-20 09:22:00+05:30,13.55,13.55,12.85,13.05,179725,1663870
2026-04-20 09:23:00+05:30,13.1,13.2,12.5,13.15,268840,1663870
2026-04-20 09:24:00+05:30,13.2,13.2,12.65,12.9,160615,1663870
2026-04-20 09:25:00+05:30,12.85,13.05,12.1,12.25,224640,1721395
2026-04-20 09:26:00+05:30,12.2,12.5,12.0,12.3,317070,1721395
2026-04-20 09:27:00+05:30,12.3,12.35,11.85,11.95,248235,1721395
2026-04-20 09:28:00+05:30,11.9,11.95,11.4,11.85,140270,1696695
2026-04-20 09:29:00+05:30,11.85,12.35,11.75,12.35,104975,1696695
2026-04-20 09:30:00+05:30,12.3,12.35,11.85,12.15,269620,1696695
2026-04-20 09:31:00+05:30,12.2,12.95,12.15,12.75,146250,1793740
2026-04-20 09:32:00+05:30,12.8,15.1,12.65,14.15,249535,1793740
2026-04-20 09:33:00+05:30,14.25,14.35,12.6,12.9,241605,1793740
2026-04-20 09:34:00+05:30,12.9,13.85,12.8,12.9,196105,1819480
2026-04-20 09:35:00+05:30,12.95,13.45,12.3,12.7,122265,1819480
2026-04-20 09:36:00+05:30,12.7,13.5,12.2,13.05,132145,1819480
2026-04-20 09:37:00+05:30,13.1,13.35,12.5,12.8,158210,1835795
2026-04-20 09:38:00+05:30,12.8,13.5,12.3,13.15,145730,1835795
2026-04-20 09:39:00+05:30,13.25,13.55,12.7,13.3,213850,1835795
2026-04-20 09:40:00+05:30,13.3,14.2,13.1,13.2,153660,1834495
2026-04-20 09:41:00+05:30,13.25,14.2,12.65,14.1,180050,1834495
2026-04-20 09:42:00+05:30,14.2,14.7,13.4,14.1,168545,1834495
2026-04-20 09:43:00+05:30,14.0,15.8,13.95,15.4,315575,1861600
2026-04-20 09:44:00+05:30,15.45,16.35,15.15,15.6,299585,1861600
2026-04-20 09:45:00+05:30,15.6,16.55,15.3,15.6,240825,1861600
2026-04-20 09:46:00+05:30,15.6,16.8,15.3,16.7,146185,1865305
2026-04-20 09:47:00+05:30,16.65,18.45,16.6,17.45,463905,1865305
2026-04-20 09:48:00+05:30,17.45,18.15,17.05,17.8,224055,1865305
2026-04-20 09:49:00+05:30,17.85,18.1,16.7,17.3,244205,1903980
2026-04-20 09:50:00+05:30,17.3,18.05,16.7,16.9,213395,1903980
2026-04-20 09:51:00+05:30,16.85,17.3,15.85,16.45,226655,1903980
2026-04-20 09:52:00+05:30,16.45,16.7,15.5,15.95,123565,1934270
2026-04-20 09:53:00+05:30,15.95,16.0,14.3,15.1,215800,1934270
2026-04-20 09:54:00+05:30,15.1,15.1,13.45,13.75,164970,1853540
2026-04-20 09:55:00+05:30,13.75,14.45,13.45,13.55,132275,1853540
2026-04-20 09:56:00+05:30,13.65,14.55,13.65,14.25,149825,1853540
2026-04-20 09:57:00+05:30,14.3,14.8,13.85,14.6,130130,1853540
2026-04-20 09:58:00+05:30,14.55,15.0,14.3,14.45,93405,1879475
2026-04-20 09:59:00+05:30,14.5,14.6,13.95,14.2,72540,1879475
2026-04-20 10:00:00+05:30,14.25,14.65,13.95,14.05,90610,1879475
2026-04-20 10:01:00+05:30,14.05,14.3,13.6,14.0,106340,1911000
2026-04-20 10:02:00+05:30,14.05,14.25,12.85,12.85,127920,1911000
2026-04-20 10:03:00+05:30,12.9,12.9,11.9,12.25,155870,1911000
2026-04-20 10:04:00+05:30,12.25,13.05,12.25,12.4,98540,1925755
2026-04-20 10:05:00+05:30,12.4,12.45,12.1,12.15,49855,1925755
2026-04-20 10:06:00+05:30,12.2,12.75,12.1,12.55,73710,1925755
2026-04-20 10:07:00+05:30,12.6,12.7,12.0,12.05,62920,1959360
2026-04-20 10:08:00+05:30,12.05,12.05,11.6,11.75,106600,1959360
2026-04-20 10:09:00+05:30,11.7,11.85,11.5,11.8,102505,1973205
2026-04-20 10:10:00+05:30,11.8,12.0,11.35,11.45,207935,1973205
2026-04-20 10:11:00+05:30,11.5,11.8,11.35,11.7,194675,1973205
2026-04-20 10:12:00+05:30,11.65,12.25,11.65,12.15,185315,1973205
2026-04-20 10:13:00+05:30,12.15,12.15,11.8,11.85,52195,2265575
2026-04-20 10:14:00+05:30,11.9,12.1,11.6,11.7,69095,2265575
2026-04-20 10:15:00+05:30,11.7,12.2,11.7,11.9,120965,2265575
2026-04-20 10:16:00+05:30,11.85,11.95,11.65,11.75,101920,2369055
2026-04-20 10:17:00+05:30,11.7,11.8,11.35,11.55,86645,2369055
2026-04-20 10:18:00+05:30,11.5,11.8,11.4,11.6,80730,2369055
2026-04-20 10:19:00+05:30,11.6,11.75,11.35,11.4,87555,2433340
2026-04-20 10:20:00+05:30,11.4,11.6,11.35,11.6,42185,2433340
2026-04-20 10:21:00+05:30,11.6,11.85,11.5,11.5,69095,2433340
2026-04-20 10:22:00+05:30,11.5,11.5,11.15,11.2,139230,2474160
2026-04-20 10:23:00+05:30,11.25,11.3,11.05,11.2,85605,2474160
2026-04-20 10:24:00+05:30,11.2,11.4,11.05,11.4,73255,2474160
2026-04-20 10:25:00+05:30,11.4,11.65,11.25,11.5,88530,2477735
2026-04-20 10:26:00+05:30,11.5,11.5,11.25,11.35,77285,2477735
2026-04-20 10:27:00+05:30,11.4,11.65,11.3,11.55,40755,2477735
2026-04-20 10:28:00+05:30,11.45,11.6,11.25,11.25,68315,2489240
2026-04-20 10:29:00+05:30,11.35,11.4,11.2,11.3,70265,2489240
2026-04-20 10:30:00+05:30,11.25,11.35,10.6,10.6,251940,2489240
2026-04-20 10:31:00+05:30,10.6,10.65,10.05,10.1,172380,2561910
2026-04-20 10:32:00+05:30,10.15,10.2,9.75,9.9,227110,2561910
2026-04-20 10:33:00+05:30,9.9,10.35,9.85,10.0,127595,2561910
2026-04-20 10:34:00+05:30,10.05,10.2,9.9,10.05,67665,2645760
2026-04-20 10:35:00+05:30,10.0,10.1,9.85,9.85,85735,2645760
2026-04-20 10:36:00+05:30,9.85,10.3,9.85,10.3,80275,2721290
2026-04-20 10:37:00+05:30,10.3,10.4,10.15,10.2,53105,2721290
2026-04-20 10:38:00+05:30,10.15,10.2,10.0,10.05,94510,2721290
2026-04-20 10:39:00+05:30,10.05,10.1,9.7,9.9,102700,2721290
2026-04-20 10:40:00+05:30,9.9,9.95,9.7,9.7,70525,2776605
2026-04-20 10:41:00+05:30,9.75,9.9,9.7,9.85,63245,2776605
2026-04-20 10:42:00+05:30,9.85,10.0,9.75,9.8,53625,2776605
2026-04-20 10:43:00+05:30,9.8,10.0,9.8,9.9,78910,2799615
2026-04-20 10:44:00+05:30,9.9,10.1,9.85,10.1,28210,2799615
2026-04-20 10:45:00+05:30,10.15,10.35,10.1,10.25,64155,2799615
2026-04-20 10:46:00+05:30,10.25,10.35,10.2,10.25,57135,2822495
2026-04-20 10:47:00+05:30,10.2,10.25,10.05,10.2,66495,2822495
2026-04-20 10:48:00+05:30,10.2,10.45,10.15,10.35,49270,2822495
2026-04-20 10:49:00+05:30,10.4,10.45,10.3,10.35,21775,2817295
2026-04-20 10:50:00+05:30,10.25,10.5,10.25,10.4,57850,2817295
2026-04-20 10:51:00+05:30,10.4,10.75,10.4,10.6,54405,2817295
2026-04-20 10:52:00+05:30,10.6,10.6,10.35,10.5,47710,2863445
2026-04-20 10:53:00+05:30,10.5,10.5,10.3,10.4,16315,2863445
2026-04-20 10:54:00+05:30,10.35,10.45,10.25,10.25,29120,2863445
2026-04-20 10:55:00+05:30,10.25,10.6,10.25,10.5,70915,2873780
2026-04-20 10:56:00+05:30,10.5,10.7,10.4,10.5,33670,2873780
2026-04-20 10:57:00+05:30,10.45,10.5,10.3,10.4,32045,2873780
2026-04-20 10:58:00+05:30,10.45,10.45,10.2,10.25,38220,2877030
2026-04-20 10:59:00+05:30,10.25,10.35,10.2,10.2,57330,2877030
2026-04-20 11:00:00+05:30,10.2,10.6,10.15,10.45,52260,2877030
2026-04-20 11:01:00+05:30,10.45,10.55,10.35,10.5,16185,2884245
2026-04-20 11:02:00+05:30,10.45,10.6,10.35,10.5,23920,2884245
2026-04-20 11:03:00+05:30,10.45,10.55,10.3,10.3,22490,2884245
2026-04-20 11:04:00+05:30,10.4,10.45,10.15,10.2,49335,2891525
2026-04-20 11:05:00+05:30,10.25,10.3,10.0,10.05,34255,2891525
2026-04-20 11:06:00+05:30,10.0,10.35,9.85,10.3,80210,2891525
2026-04-20 11:07:00+05:30,10.2,10.3,10.1,10.2,57915,2903160
2026-04-20 11:08:00+05:30,10.3,10.8,10.25,10.75,58500,2903160
2026-04-20 11:09:00+05:30,10.7,11.15,10.7,11.0,92105,2903160
2026-04-20 11:10:00+05:30,11.0,11.35,10.7,10.8,125255,2919150
2026-04-20 11:11:00+05:30,10.85,10.95,10.75,10.85,70720,2919150
2026-04-20 11:12:00+05:30,10.9,10.9,10.4,10.45,78260,2919150
2026-04-20 11:13:00+05:30,10.55,10.65,10.25,10.25,43225,2935270
2026-04-20 11:14:00+05:30,10.25,10.85,10.25,10.8,48035,2935270
2026-04-20 11:15:00+05:30,10.85,10.85,10.2,10.25,36920,2935270
2026-04-20 11:16:00+05:30,10.3,10.45,10.1,10.45,27170,2943590
2026-04-20 11:17:00+05:30,10.5,10.5,10.2,10.25,22100,2943590
2026-04-20 11:18:00+05:30,10.25,10.25,9.95,10.1,48035,2943590
2026-04-20 11:19:00+05:30,10.15,10.35,10.1,10.1,15600,2938845
2026-04-20 11:20:00+05:30,10.1,10.1,9.9,9.9,33735,2938845
2026-04-20 11:21:00+05:30,9.9,10.05,9.8,9.8,27560,2938845
2026-04-20 11:22:00+05:30,9.8,10.1,9.8,9.95,30030,2932930
2026-04-20 11:23:00+05:30,9.95,9.95,9.7,9.8,53430,2932930
2026-04-20 11:24:00+05:30,9.8,9.85,9.55,9.75,129220,2932930
2026-04-20 11:25:00+05:30,9.75,9.85,9.55,9.6,77935,2945150
2026-04-20 11:26:00+05:30,9.6,9.8,9.55,9.8,87815,2945150
2026-04-20 11:27:00+05:30,9.8,10.0,9.75,9.75,67925,3026010
2026-04-20 11:28:00+05:30,9.8,9.8,9.4,9.45,135005,3026010
2026-04-20 11:29:00+05:30,9.5,9.5,9.35,9.4,104975,3026010
2026-04-20 11:30:00+05:30,9.35,9.5,9.25,9.45,88010,3026010
2026-04-20 11:31:00+05:30,9.45,9.5,9.2,9.3,94250,3038620
2026-04-20 11:32:00+05:30,9.3,9.75,9.15,9.2,359515,3038620
2026-04-20 11:33:00+05:30,9.25,9.4,8.95,9.0,94965,3038620
2026-04-20 11:34:00+05:30,8.95,9.1,8.9,8.95,71370,2821000
2026-04-20 11:35:00+05:30,8.95,9.25,8.95,9.2,87685,2821000
2026-04-20 11:36:00+05:30,9.2,9.35,9.05,9.3,70980,2821000
2026-04-20 11:37:00+05:30,9.35,9.4,9.2,9.4,57980,2816450
2026-04-20 11:38:00+05:30,9.35,9.75,9.35,9.55,200980,2816450
2026-04-20 11:39:00+05:30,9.5,9.6,9.45,9.45,46930,2816450
2026-04-20 11:40:00+05:30,9.5,9.6,9.45,9.5,36725,2706665
2026-04-20 11:41:00+05:30,9.5,9.65,9.45,9.55,51935,2706665
2026-04-20 11:42:00+05:30,9.55,9.6,9.4,9.4,31915,2706665
2026-04-20 11:43:00+05:30,9.45,9.5,9.35,9.45,93730,2770235
2026-04-20 11:44:00+05:30,9.4,9.55,9.35,9.45,57330,2770235
2026-04-20 11:45:00+05:30,9.4,9.45,9.3,9.35,39325,2770235
2026-04-20 11:46:00+05:30,9.35,9.35,9.2,9.25,64935,2797340
2026-04-20 11:47:00+05:30,9.3,9.35,9.2,9.2,41015,2797340
2026-04-20 11:48:00+05:30,9.2,9.5,9.15,9.35,25415,2797340
2026-04-20 11:49:00+05:30,9.4,9.45,9.25,9.35,38285,2792335
2026-04-20 11:50:00+05:30,9.4,9.4,9.25,9.4,32435,2792335
2026-04-20 11:51:00+05:30,9.4,9.65,9.3,9.45,72540,2792335
2026-04-20 11:52:00+05:30,9.45,9.5,9.25,9.3,28795,2800265
2026-04-20 11:53:00+05:30,9.25,9.3,9.2,9.25,18395,2800265
2026-04-20 11:54:00+05:30,9.2,9.25,9.05,9.1,45305,2800265
2026-04-20 11:55:00+05:30,9.1,9.25,9.05,9.2,31460,2791230
2026-04-20 11:56:00+05:30,9.25,9.35,9.2,9.25,13585,2791230
2026-04-20 11:57:00+05:30,9.2,9.3,9.15,9.25,10790,2791230
2026-04-20 11:58:00+05:30,9.2,9.2,9.1,9.1,15730,2794090
2026-04-20 11:59:00+05:30,9.15,9.25,9.1,9.1,80015,2794090
2026-04-20 12:00:00+05:30,9.1,9.2,9.05,9.15,44525,2794090
2026-04-20 12:01:00+05:30,9.2,9.3,9.1,9.3,29770,2794090
2026-04-20 12:02:00+05:30,9.3,9.4,9.15,9.15,21970,2767050
2026-04-20 12:03:00+05:30,9.2,9.3,9.05,9.3,23205,2767050
2026-04-20 12:04:00+05:30,9.35,9.5,9.3,9.4,44265,2765750
2026-04-20 12:05:00+05:30,9.35,9.6,9.3,9.55,23530,2765750
2026-04-20 12:06:00+05:30,9.5,9.6,9.3,9.35,67795,2765750
2026-04-20 12:07:00+05:30,9.4,9.45,9.2,9.35,247845,2765750
2026-04-20 12:08:00+05:30,9.35,9.5,9.3,9.4,50700,2771405
2026-04-20 12:09:00+05:30,9.45,9.6,9.4,9.6,48490,2771405
2026-04-20 12:10:00+05:30,9.6,9.7,9.5,9.6,59995,2771405
2026-04-20 12:11:00+05:30,9.6,9.75,9.5,9.75,99905,2786290
2026-04-20 12:12:00+05:30,9.8,9.9,9.75,9.85,55510,2786290
2026-04-20 12:13:00+05:30,9.9,10.2,9.85,10.15,76830,2786290
2026-04-20 12:14:00+05:30,10.2,10.8,10.2,10.25,109980,2790775
2026-04-20 12:15:00+05:30,10.2,10.35,10.1,10.3,48100,2790775
2026-04-20 12:16:00+05:30,10.25,10.6,10.1,10.35,66755,2790775
2026-04-20 12:17:00+05:30,10.35,10.45,10.15,10.3,57525,2800655
2026-04-20 12:18:00+05:30,10.25,10.35,10.0,10.15,33800,2800655
2026-04-20 12:19:00+05:30,10.15,10.35,10.0,10.0,54795,2800655
2026-04-20 12:20:00+05:30,10.0,10.05,9.85,10.0,73580,2808195
2026-04-20 12:21:00+05:30,10.0,10.1,9.95,10.05,51155,2808195
2026-04-20 12:22:00+05:30,10.15,10.2,9.8,9.95,40430,2808195
2026-04-20 12:23:00+05:30,9.9,10.05,9.75,9.9,62335,2789410
2026-04-20 12:24:00+05:30,9.85,9.95,9.75,9.75,26845,2789410
2026-04-20 12:25:00+05:30,9.75,9.85,9.65,9.7,37440,2789410
2026-04-20 12:26:00+05:30,9.65,9.8,9.2,9.2,119275,2764775
2026-04-20 12:27:00+05:30,9.25,9.3,8.95,8.95,90740,2764775
2026-04-20 12:28:00+05:30,9.0,9.45,8.95,9.15,194740,2684565
2026-04-20 12:29:00+05:30,9.2,9.25,8.85,8.9,134485,2684565
2026-04-20 12:30:00+05:30,8.9,9.0,8.7,8.9,105170,2684565
2026-04-20 12:31:00+05:30,8.9,9.3,8.9,9.1,67405,2684565
2026-04-20 12:32:00+05:30,9.1,9.15,8.8,8.8,48945,2707965
2026-04-20 12:33:00+05:30,8.85,8.85,8.65,8.75,61750,2707965
2026-04-20 12:34:00+05:30,8.75,8.75,8.55,8.6,67665,2707965
2026-04-20 12:35:00+05:30,8.65,8.85,8.55,8.7,76895,2720185
2026-04-20 12:36:00+05:30,8.7,9.15,8.7,8.9,58500,2720185
2026-04-20 12:37:00+05:30,8.85,9.1,8.85,9.1,36595,2720185
2026-04-20 12:38:00+05:30,9.15,9.25,8.9,9.0,51805,2733835
2026-04-20 12:39:00+05:30,8.95,9.1,8.9,9.0,32305,2733835
2026-04-20 12:40:00+05:30,9.0,9.2,8.9,9.05,74685,2733835
2026-04-20 12:41:00+05:30,9.0,9.1,8.9,8.95,51415,2757495
2026-04-20 12:42:00+05:30,8.95,9.0,8.85,8.9,16510,2757495
2026-04-20 12:43:00+05:30,8.95,9.05,8.85,9.0,78325,2757495
2026-04-20 12:44:00+05:30,9.05,9.2,9.0,9.1,64935,2778360
2026-04-20 12:45:00+05:30,9.15,9.35,9.1,9.35,632060,2778360
2026-04-20 12:46:00+05:30,9.35,9.5,9.3,9.3,74295,2778360
2026-04-20 12:47:00+05:30,9.3,9.35,9.05,9.05,46410,2801760
2026-04-20 12:48:00+05:30,9.1,9.2,8.9,8.95,139685,2801760
2026-04-20 12:49:00+05:30,8.95,9.2,8.9,9.1,850720,2801760
2026-04-20 12:50:00+05:30,9.15,9.2,8.95,9.0,67665,2944175
2026-04-20 12:51:00+05:30,9.05,9.2,8.9,8.9,37375,2944175
2026-04-20 12:52:00+05:30,8.95,9.05,8.85,8.95,45500,2944175
2026-04-20 12:53:00+05:30,9.0,9.25,8.95,9.05,36985,2951650
2026-04-20 12:54:00+05:30,9.05,9.2,8.9,9.15,73710,2951650
2026-04-20 12:55:00+05:30,9.15,9.3,9.1,9.2,31720,2951650
2026-04-20 12:56:00+05:30,9.2,9.45,9.2,9.35,55120,2954835
2026-04-20 12:57:00+05:30,9.4,9.6,9.35,9.55,83980,2954835
2026-04-20 12:58:00+05:30,9.55,10.0,9.5,9.7,44395,2954835
2026-04-20 12:59:00+05:30,9.75,9.85,9.65,9.65,68705,2983370
2026-04-20 13:00:00+05:30,9.65,11.0,9.55,9.75,397475,2983370
2026-04-20 13:01:00+05:30,9.8,10.45,9.7,10.25,244140,2983370
2026-04-20 13:02:00+05:30,10.3,10.4,9.95,10.1,143195,2975895
2026-04-20 13:03:00+05:30,10.05,10.25,9.7,9.95,171015,2975895
2026-04-20 13:04:00+05:30,9.95,10.15,9.85,10.0,44200,2975895
2026-04-20 13:05:00+05:30,10.0,10.15,9.6,9.85,82810,2946775
2026-04-20 13:06:00+05:30,9.85,10.4,9.85,10.2,270465,2946775
2026-04-20 13:07:00+05:30,10.15,10.6,9.9,10.1,222040,2946775
2026-04-20 13:08:00+05:30,10.0,10.7,10.0,10.7,142090,2968290
2026-04-20 13:09:00+05:30,10.7,10.85,10.25,10.8,106340,2968290
2026-04-20 13:10:00+05:30,10.85,11.1,10.4,10.9,268775,2968290
2026-04-20 13:11:00+05:30,10.95,12.2,10.9,11.7,576940,2820870
2026-04-20 13:12:00+05:30,11.6,12.45,11.05,11.25,410085,2820870
2026-04-20 13:13:00+05:30,11.15,11.4,10.85,10.85,138710,2820870
2026-04-20 13:14:00+05:30,10.9,11.15,10.65,11.1,71305,2885285
2026-04-20 13:15:00+05:30,11.15,12.3,11.15,12.0,212225,2885285
2026-04-20 13:16:00+05:30,12.0,12.8,10.85,11.0,359840,2885285
2026-04-20 13:17:00+05:30,11.1,11.2,10.65,10.75,87165,2872675
2026-04-20 13:18:00+05:30,10.8,11.2,10.65,10.95,82095,2872675
2026-04-20 13:19:00+05:30,11.05,11.4,11.0,11.2,78780,2872675
2026-04-20 13:20:00+05:30,11.2,11.45,10.95,11.2,53105,2869685
2026-04-20 13:21:00+05:30,11.2,12.0,11.2,11.85,95355,2869685
2026-04-20 13:22:00+05:30,11.75,12.7,11.7,12.1,139685,2869685
2026-04-20 13:23:00+05:30,12.1,12.85,12.05,12.7,279500,2858635
2026-04-20 13:24:00+05:30,12.6,13.05,11.6,12.25,299260,2858635
2026-04-20 13:25:00+05:30,12.2,12.85,12.15,12.85,163995,2858635
2026-04-20 13:26:00+05:30,12.8,13.2,12.35,12.45,232830,2891655
2026-04-20 13:27:00+05:30,12.55,12.95,12.2,12.25,150800,2891655
2026-04-20 13:28:00+05:30,12.3,12.65,11.85,11.95,142350,2891655
2026-04-20 13:29:00+05:30,11.85,12.05,11.15,11.15,226850,2880020
2026-04-20 13:30:00+05:30,11.15,11.45,11.0,11.45,232505,2880020
2026-04-20 13:31:00+05:30,11.45,11.95,11.4,11.45,99255,2880020
2026-04-20 13:32:00+05:30,11.55,12.25,11.55,11.6,83720,2829710
2026-04-20 13:33:00+05:30,11.65,11.85,11.15,11.2,56680,2829710
2026-04-20 13:34:00+05:30,11.3,11.4,11.0,11.35,60515,2829710
2026-04-20 13:35:00+05:30,11.3,11.8,11.2,11.3,52065,2828800
2026-04-20 13:36:00+05:30,11.45,12.65,11.45,12.35,83720,2828800
2026-04-20 13:37:00+05:30,12.4,12.65,11.9,12.3,182585,2828800
2026-04-20 13:38:00+05:30,12.3,12.45,11.85,12.0,123435,2912910
2026-04-20 13:39:00+05:30,12.0,12.25,12.0,12.05,57915,2912910
2026-04-20 13:40:00+05:30,11.95,12.45,11.45,11.75,241410,2912910
2026-04-20 13:41:00+05:30,11.75,11.95,11.35,11.5,72995,3029325
2026-04-20 13:42:00+05:30,11.5,11.65,11.25,11.3,50700,3029325
2026-04-20 13:43:00+05:30,11.3,11.45,10.95,11.2,173290,3029325
2026-04-20 13:44:00+05:30,11.25,11.6,11.05,11.6,63830,2961790
2026-04-20 13:45:00+05:30,11.6,11.85,11.45,11.55,37440,2961790
2026-04-20 13:46:00+05:30,11.65,12.25,11.5,11.85,123565,2961790
2026-04-20 13:47:00+05:30,11.85,11.95,11.7,11.9,106080,2965755
2026-04-20 13:48:00+05:30,11.95,12.2,11.8,11.95,55510,2965755
2026-04-20 13:49:00+05:30,11.95,12.5,11.9,12.35,104065,2965755
2026-04-20 13:50:00+05:30,12.3,12.6,12.1,12.25,152295,2908360
2026-04-20 13:51:00+05:30,12.25,12.6,11.95,12.0,106860,2908360
2026-04-20 13:52:00+05:30,12.0,12.35,11.85,12.1,61165,2908360
2026-04-20 13:53:00+05:30,12.05,12.2,11.7,12.0,288275,2942875
2026-04-20 13:54:00+05:30,12.0,12.1,11.5,11.75,70915,2942875
2026-04-20 13:55:00+05:30,11.75,12.05,11.7,11.95,58500,2942875
2026-04-20 13:56:00+05:30,11.95,12.2,11.8,12.0,74425,3041350
2026-04-20 13:57:00+05:30,12.15,12.35,11.5,11.65,49465,3041350
2026-04-20 13:58:00+05:30,11.55,11.85,11.3,11.6,115895,3041350
2026-04-20 13:59:00+05:30,11.5,11.5,11.0,11.2,68640,2999490
2026-04-20 14:00:00+05:30,11.25,11.9,11.1,11.9,73190,2999490
2026-04-20 14:01:00+05:30,11.95,12.2,11.6,11.7,142805,2999490
2026-04-20 14:02:00+05:30,11.8,12.55,11.75,12.25,117325,2977975
2026-04-20 14:03:00+05:30,12.1,12.2,11.6,11.8,31135,2977975
2026-04-20 14:04:00+05:30,11.8,12.0,11.3,11.55,34905,2977975
2026-04-20 14:05:00+05:30,11.55,12.2,11.5,11.85,72215,2984215
2026-04-20 14:06:00+05:30,11.85,12.55,11.65,12.3,98150,2984215
2026-04-20 14:07:00+05:30,12.25,12.7,12.15,12.5,94510,2984215
2026-04-20 14:08:00+05:30,12.55,13.05,12.45,12.9,107055,2987595
2026-04-20 14:09:00+05:30,13.0,13.15,12.3,12.35,101790,2987595
2026-04-20 14:10:00+05:30,12.3,12.4,11.55,11.55,76895,2987595
2026-04-20 14:11:00+05:30,11.5,11.7,11.1,11.5,83720,3004755
2026-04-20 14:12:00+05:30,11.45,11.45,10.95,11.3,160485,3004755
2026-04-20 14:13:00+05:30,11.35,11.4,10.7,10.7,58890,3004755
2026-04-20 14:14:00+05:30,10.75,11.0,10.4,10.5,91390,2959905
2026-04-20 14:15:00+05:30,10.55,10.9,10.4,10.6,186615,2959905
2026-04-20 14:16:00+05:30,10.55,10.95,10.2,10.25,106990,2959905
2026-04-20 14:17:00+05:30,10.2,10.55,10.05,10.35,94770,2886845
2026-04-20 14:18:00+05:30,10.55,11.0,10.25,10.9,85215,2886845
2026-04-20 14:19:00+05:30,10.9,11.6,10.85,11.0,82355,2886845
2026-04-20 14:20:00+05:30,11.05,11.1,10.2,10.25,45630,2902835
2026-04-20 14:21:00+05:30,10.25,10.65,10.2,10.5,163800,2902835
2026-04-20 14:22:00+05:30,10.6,11.05,10.5,10.6,105300,2902835
2026-04-20 14:23:00+05:30,10.55,10.55,9.9,9.9,113295,2899845
2026-04-20 14:24:00+05:30,9.95,10.0,9.25,9.75,486915,2899845
2026-04-20 14:25:00+05:30,9.75,9.85,9.3,9.65,293215,2899845
2026-04-20 14:26:00+05:30,9.65,10.45,9.45,10.05,186615,2869685
2026-04-20 14:27:00+05:30,10.05,10.35,9.35,9.5,119925,2869685
2026-04-20 14:28:00+05:30,9.5,9.7,9.4,9.5,186290,2869685
2026-04-20 14:29:00+05:30,9.55,9.75,9.55,9.6,65130,2920710
2026-04-20 14:30:00+05:30,9.6,10.4,9.6,10.3,184405,2920710
2026-04-20 14:31:00+05:30,10.2,10.4,10.05,10.15,78065,2920710
2026-04-20 14:32:00+05:30,10.1,11.0,10.1,10.5,218205,2859545
2026-04-20 14:33:00+05:30,10.5,10.65,9.85,9.95,84760,2859545
2026-04-20 14:34:00+05:30,9.95,10.1,9.7,9.75,40950,2859545
2026-04-20 14:35:00+05:30,9.7,9.9,9.6,9.7,26455,2863575
2026-04-20 14:36:00+05:30,9.8,9.8,9.35,9.55,151450,2863575
2026-04-20 14:37:00+05:30,9.5,9.9,9.5,9.85,47255,2863575
2026-04-20 14:38:00+05:30,9.9,10.4,9.9,10.4,65910,2893215
2026-04-20 14:39:00+05:30,10.5,10.95,10.3,10.4,115765,2893215
2026-04-20 14:40:00+05:30,10.45,11.15,10.45,10.75,171405,2893215
2026-04-20 14:41:00+05:30,10.75,11.05,10.55,10.95,104975,2913625
2026-04-20 14:42:00+05:30,10.95,10.95,10.3,10.35,98800,2913625
2026-04-20 14:43:00+05:30,10.35,10.55,10.2,10.35,60125,2913625
2026-04-20 14:44:00+05:30,10.3,10.5,10.1,10.15,181350,2901275
2026-04-20 14:45:00+05:30,10.25,10.8,9.7,10.3,650390,2901275
2026-04-20 14:46:00+05:30,10.3,11.95,10.25,10.75,506155,2901275
2026-04-20 14:47:00+05:30,10.7,11.35,10.35,11.25,166465,2610400
2026-04-20 14:48:00+05:30,11.25,11.25,10.55,10.75,131690,2610400
2026-04-20 14:49:00+05:30,10.7,10.75,10.05,10.15,108420,2610400
2026-04-20 14:50:00+05:30,10.05,10.55,10.05,10.25,119405,2601365
2026-04-20 14:51:00+05:30,10.3,10.4,10.1,10.1,72345,2601365
2026-04-20 14:52:00+05:30,10.15,10.25,10.0,10.15,64350,2601365
2026-04-20 14:53:00+05:30,10.15,10.3,10.0,10.1,55250,2592070
2026-04-20 14:54:00+05:30,10.1,10.15,9.6,9.65,103415,2592070
2026-04-20 14:55:00+05:30,9.7,9.95,9.45,9.7,147095,2592070
2026-04-20 14:56:00+05:30,9.7,9.75,9.5,9.65,82290,2560025
2026-04-20 14:57:00+05:30,9.6,9.95,9.45,9.95,133770,2560025
2026-04-20 14:58:00+05:30,9.9,9.95,9.55,9.6,44785,2560025
2026-04-20 14:59:00+05:30,9.6,9.7,9.3,9.6,284180,2583425
2026-04-20 15:00:00+05:30,9.55,9.65,8.6,8.85,324415,2583425
2026-04-20 15:01:00+05:30,8.9,8.95,8.5,8.75,172250,2583425
2026-04-20 15:02:00+05:30,8.7,9.4,8.55,9.35,216970,2584725
2026-04-20 15:03:00+05:30,9.35,9.5,9.25,9.45,96980,2584725
2026-04-20 15:04:00+05:30,9.35,9.75,9.35,9.55,87425,2584725
2026-04-20 15:05:00+05:30,9.55,10.3,9.55,10.15,111735,2618915
2026-04-20 15:06:00+05:30,10.2,10.85,9.95,10.6,105300,2618915
2026-04-20 15:07:00+05:30,10.6,11.6,10.5,11.25,174850,2618915
2026-04-20 15:08:00+05:30,11.25,12.0,11.15,11.45,169780,2644005
2026-04-20 15:09:00+05:30,11.45,11.65,11.0,11.55,119210,2644005
2026-04-20 15:10:00+05:30,11.65,11.9,11.35,11.45,126230,2644005
2026-04-20 15:11:00+05:30,11.5,11.5,10.9,10.95,122070,2589925
2026-04-20 15:12:00+05:30,10.95,11.3,10.75,11.15,147485,2589925
2026-04-20 15:13:00+05:30,11.15,11.8,11.0,11.35,144040,2589925
2026-04-20 15:14:00+05:30,11.4,11.45,10.9,11.15,208975,2547480
2026-04-20 15:15:00+05:30,11.15,12.0,11.15,11.55,379990,2547480
2026-04-20 15:16:00+05:30,11.5,12.1,11.35,12.0,164580,2547480
2026-04-20 15:17:00+05:30,12.05,13.5,11.9,13.15,567710,2543840
2026-04-20 15:18:00+05:30,13.2,15.1,13.05,14.75,439920,2543840
2026-04-20 15:19:00+05:30,14.85,15.1,13.45,13.9,531960,2543840
2026-04-20 15:20:00+05:30,13.85,14.6,12.8,13.3,337220,2581800
2026-04-20 15:21:00+05:30,13.25,14.0,13.2,13.9,165425,2581800
2026-04-20 15:22:00+05:30,13.85,13.9,12.0,12.45,687050,2581800
2026-04-20 15:23:00+05:30,12.5,13.2,12.35,12.9,329355,2470715
2026-04-20 15:24:00+05:30,12.85,13.1,12.35,12.55,339885,2470715
2026-04-20 15:25:00+05:30,12.55,12.9,12.05,12.5,197925,2470715
2026-04-20 15:26:00+05:30,12.45,12.8,11.75,12.0,517010,2468505
2026-04-20 15:27:00+05:30,11.95,12.6,11.5,12.35,292695,2468505
2026-04-20 15:28:00+05:30,12.45,13.15,12.3,12.75,329225,2468505
2026-04-20 15:29:00+05:30,12.85,13.0,12.2,12.65,261690,2450305
2026-04-21 09:15:00+05:30,3.9,3.9,1.05,1.1,2203175,2575170
2026-04-21 09:16:00+05:30,1.1,1.15,1.05,1.1,2399020,2575170
2026-04-21 09:17:00+05:30,1.1,1.15,1.0,1.05,1775085,2575170
2026-04-21 09:18:00+05:30,1.05,1.1,1.0,1.1,1242670,2575170
2026-04-21 09:19:00+05:30,1.1,1.1,1.0,1.1,787865,3416140
2026-04-21 09:20:00+05:30,1.1,1.15,1.05,1.05,826865,3416140
2026-04-21 09:21:00+05:30,1.1,1.15,1.05,1.1,447200,3912285
2026-04-21 09:22:00+05:30,1.1,1.15,1.05,1.1,384605,3912285
2026-04-21 09:23:00+05:30,1.1,1.15,1.05,1.1,348465,3912285
2026-04-21 09:24:00+05:30,1.15,1.15,1.1,1.1,429065,3912285
2026-04-21 09:25:00+05:30,1.15,1.15,1.1,1.1,399425,4304495
2026-04-21 09:26:00+05:30,1.15,1.15,1.1,1.15,198705,4304495
2026-04-21 09:27:00+05:30,1.15,1.2,1.1,1.2,592735,4304495
2026-04-21 09:28:00+05:30,1.2,1.2,1.1,1.15,282295,4486170
2026-04-21 09:29:00+05:30,1.15,1.15,1.1,1.15,233220,4486170
2026-04-21 09:30:00+05:30,1.15,1.15,1.1,1.1,379795,4486170
2026-04-21 09:31:00+05:30,1.15,1.15,1.1,1.1,104650,4744220
2026-04-21 09:32:00+05:30,1.15,1.15,1.05,1.1,386815,4744220
2026-04-21 09:33:00+05:30,1.15,1.15,1.05,1.1,259545,4744220
2026-04-21 09:34:00+05:30,1.05,1.1,1.0,1.05,485745,4805060
2026-04-21 09:35:00+05:30,1.05,1.05,1.0,1.05,230945,4805060
2026-04-21 09:36:00+05:30,1.05,1.05,1.0,1.05,168870,4805060
2026-04-21 09:37:00+05:30,1.0,1.05,1.0,1.0,367640,5021900
2026-04-21 09:38:00+05:30,1.05,1.05,0.95,1.05,416975,5021900
2026-04-21 09:39:00+05:30,1.05,1.05,1.0,1.05,136305,5021900
2026-04-21 09:40:00+05:30,1.05,1.05,1.0,1.05,196885,5185700
2026-04-21 09:41:00+05:30,1.05,1.05,1.0,1.05,163735,5185700
2026-04-21 09:42:00+05:30,1.05,1.05,1.0,1.05,256425,5185700
2026-04-21 09:43:00+05:30,1.05,1.05,1.0,1.05,190905,5328765
2026-04-21 09:44:00+05:30,1.05,1.05,0.95,0.95,271115,5328765
2026-04-21 09:45:00+05:30,1.0,1.0,0.95,1.0,324220,5328765
2026-04-21 09:46:00+05:30,1.0,1.05,0.95,0.95,544830,5290090
2026-04-21 09:47:00+05:30,1.0,1.0,0.95,1.0,184210,5290090
2026-04-21 09:48:00+05:30,1.0,1.0,0.95,0.95,186225,5290090
2026-04-21 09:49:00+05:30,1.0,1.0,0.95,0.95,193440,5191940
2026-04-21 09:50:00+05:30,1.0,1.0,0.9,0.95,355030,5191940
2026-04-21 09:51:00+05:30,0.95,0.95,0.9,0.9,219180,5191940
2026-04-21 09:52:00+05:30,0.95,0.95,0.9,0.9,160680,5184400
2026-04-21 09:53:00+05:30,0.95,0.95,0.9,0.95,112190,5184400
2026-04-21 09:54:00+05:30,0.9,0.95,0.9,0.95,104195,5184400
2026-04-21 09:55:00+05:30,0.9,0.95,0.9,0.9,224770,5201430
2026-04-21 09:56:00+05:30,0.95,0.95,0.9,0.95,173615,5201430
2026-04-21 09:57:00+05:30,0.95,0.95,0.9,0.9,138450,5201430
2026-04-21 09:58:00+05:30,0.95,0.95,0.9,0.95,66625,5137275
2026-04-21 09:59:00+05:30,0.9,0.95,0.9,0.95,86710,5137275
2026-04-21 10:00:00+05:30,0.95,0.95,0.9,0.95,234455,5137275
2026-04-21 10:01:00+05:30,0.95,0.95,0.9,0.95,76310,5100485
2026-04-21 10:02:00+05:30,0.95,1.0,0.9,0.95,157430,5100485
2026-04-21 10:03:00+05:30,0.95,1.0,0.95,1.0,93405,5100485
2026-04-21 10:04:00+05:30,1.0,1.0,0.95,1.0,299910,5185180
2026-04-21 10:05:00+05:30,1.0,1.05,1.0,1.0,204750,5185180
2026-04-21 10:06:00+05:30,1.05,1.05,0.95,0.95,168740,5185180
2026-04-21 10:07:00+05:30,0.95,1.0,0.95,0.95,118105,5282095
2026-04-21 10:08:00+05:30,1.0,1.0,0.95,1.0,101595,5282095
2026-04-21 10:09:00+05:30,1.0,1.0,0.95,1.0,170300,5282095
2026-04-21 10:10:00+05:30,1.0,1.05,0.95,0.95,165880,5341180
2026-04-21 10:11:00+05:30,1.0,1.05,0.95,1.0,175175,5341180
2026-04-21 10:12:00+05:30,1.0,1.05,1.0,1.0,64545,5341180
2026-04-21 10:13:00+05:30,1.05,1.05,1.0,1.0,75985,5414370
2026-04-21 10:14:00+05:30,1.05,1.05,1.0,1.05,184470,5414370
2026-04-21 10:15:00+05:30,1.05,1.05,1.0,1.0,157300,5414370
2026-04-21 10:16:00+05:30,1.05,1.05,1.0,1.05,50180,5508035
2026-04-21 10:17:00+05:30,1.05,1.05,1.0,1.05,31070,5508035
2026-04-21 10:18:00+05:30,1.05,1.05,0.95,0.95,91000,5508035
2026-04-21 10:19:00+05:30,0.95,1.0,0.95,1.0,155025,5543200
2026-04-21 10:20:00+05:30,1.0,1.05,0.95,1.05,147615,5543200
2026-04-21 10:21:00+05:30,1.05,1.05,0.95,1.05,186680,5543200
2026-04-21 10:22:00+05:30,1.05,1.05,1.0,1.05,213785,5520255
2026-04-21 10:23:00+05:30,1.0,1.05,1.0,1.0,61685,5520255
2026-04-21 10:24:00+05:30,1.0,1.05,1.0,1.05,58175,5520255
2026-04-21 10:25:00+05:30,1.05,1.05,1.0,1.05,88270,5486195
2026-04-21 10:26:00+05:30,1.0,1.05,1.0,1.0,94120,5486195
2026-04-21 10:27:00+05:30,1.0,1.05,1.0,1.05,74750,5486195
2026-04-21 10:28:00+05:30,1.0,1.05,1.0,1.05,177125,5550805
2026-04-21 10:29:00+05:30,1.05,1.05,1.0,1.05,511875,5550805
2026-04-21 10:30:00+05:30,1.05,1.05,1.0,1.05,103935,5550805
2026-04-21 10:31:00+05:30,1.05,1.05,1.0,1.05,79495,5613855
2026-04-21 10:32:00+05:30,1.05,1.05,1.0,1.05,95420,5613855
2026-04-21 10:33:00+05:30,1.05,1.05,0.95,1.0,80795,5613855
2026-04-21 10:34:00+05:30,0.95,1.0,0.95,0.95,84305,5623865
2026-04-21 10:35:00+05:30,1.0,1.0,0.95,0.95,115440,5623865
2026-04-21 10:36:00+05:30,1.0,1.0,0.9,0.9,135720,5623865
2026-04-21 10:37:00+05:30,0.95,0.95,0.9,0.9,90740,5610215
2026-04-21 10:38:00+05:30,0.9,0.95,0.9,0.9,92560,5610215
2026-04-21 10:39:00+05:30,0.9,0.95,0.85,0.9,201370,5610215
2026-04-21 10:40:00+05:30,0.9,0.9,0.8,0.85,190385,5614115
2026-04-21 10:41:00+05:30,0.8,0.9,0.8,0.9,446550,5614115
2026-04-21 10:42:00+05:30,0.9,0.9,0.8,0.8,380640,5614115
2026-04-21 10:43:00+05:30,0.85,0.85,0.8,0.8,235495,5490030
2026-04-21 10:44:00+05:30,0.8,0.85,0.8,0.85,24895,5490030
2026-04-21 10:45:00+05:30,0.8,0.85,0.8,0.8,39000,5490030
2026-04-21 10:46:00+05:30,0.8,0.85,0.8,0.8,44590,5473650
2026-04-21 10:47:00+05:30,0.8,0.85,0.8,0.8,43810,5473650
2026-04-21 10:48:00+05:30,0.85,0.85,0.8,0.85,47515,5473650
2026-04-21 10:49:00+05:30,0.85,0.85,0.8,0.8,18395,5462795
2026-04-21 10:50:00+05:30,0.85,0.85,0.8,0.8,23205,5462795
2026-04-21 10:51:00+05:30,0.85,0.85,0.8,0.85,259870,5462795
2026-04-21 10:52:00+05:30,0.8,0.9,0.8,0.85,146705,5451550
2026-04-21 10:53:00+05:30,0.9,0.9,0.85,0.85,21190,5451550
2026-04-21 10:54:00+05:30,0.85,0.9,0.8,0.85,342095,5451550
2026-04-21 10:55:00+05:30,0.85,0.9,0.85,0.85,350935,5405400
2026-04-21 10:56:00+05:30,0.85,0.9,0.85,0.85,283530,5405400
2026-04-21 10:57:00+05:30,0.9,0.95,0.85,0.95,311935,5405400
2026-04-21 10:58:00+05:30,0.95,0.95,0.85,0.95,374985,5163860
2026-04-21 10:59:00+05:30,0.95,1.0,0.9,0.9,122135,5163860
2026-04-21 11:00:00+05:30,0.9,1.0,0.9,1.0,267735,5163860
2026-04-21 11:01:00+05:30,1.0,1.05,0.95,1.0,167700,5178355
2026-04-21 11:02:00+05:30,1.0,1.0,0.95,0.95,65130,5178355
2026-04-21 11:03:00+05:30,1.0,1.0,0.9,0.9,105170,5178355
2026-04-21 11:04:00+05:30,0.9,0.95,0.9,0.95,66885,5234580
2026-04-21 11:05:00+05:30,0.95,1.0,0.9,1.0,102115,5234580
2026-04-21 11:06:00+05:30,1.0,1.0,0.95,1.0,67080,5234580
2026-04-21 11:07:00+05:30,0.95,1.0,0.9,0.9,101075,5181410
2026-04-21 11:08:00+05:30,0.95,1.0,0.9,0.95,81575,5181410
2026-04-21 11:09:00+05:30,0.95,1.05,0.9,1.05,209560,5181410
2026-04-21 11:10:00+05:30,1.05,1.05,0.95,1.0,71435,5225740
2026-04-21 11:11:00+05:30,0.95,1.0,0.9,1.0,176605,5225740
2026-04-21 11:12:00+05:30,0.95,1.0,0.95,1.0,205270,5225740
2026-04-21 11:13:00+05:30,1.0,1.0,0.95,0.95,22880,5298670
2026-04-21 11:14:00+05:30,0.95,1.0,0.9,0.9,72540,5298670
2026-04-21 11:15:00+05:30,0.95,0.95,0.9,0.95,7150,5298670
2026-04-21 11:16:00+05:30,0.95,0.95,0.9,0.9,19955,5285930
2026-04-21 11:17:00+05:30,0.9,1.0,0.9,0.95,94900,5285930
2026-04-21 11:18:00+05:30,1.0,1.05,0.95,1.05,57720,5285930
2026-04-21 11:19:00+05:30,1.05,1.05,0.95,0.95,81770,5192395
2026-04-21 11:20:00+05:30,1.0,1.05,0.95,1.0,56485,5192395
2026-04-21 11:21:00+05:30,1.0,1.0,0.95,0.95,119405,5192395
2026-04-21 11:22:00+05:30,1.0,1.0,0.95,0.95,30030,5146440
2026-04-21 11:23:00+05:30,1.0,1.0,0.9,0.95,27365,5146440
2026-04-21 11:24:00+05:30,0.95,0.95,0.9,0.95,46410,5146440
2026-04-21 11:25:00+05:30,0.95,1.0,0.9,0.95,20280,5146440
2026-04-21 11:26:00+05:30,0.95,1.0,0.95,0.95,8060,5157035
2026-04-21 11:27:00+05:30,0.95,1.0,0.9,0.95,43225,5157035
2026-04-21 11:28:00+05:30,0.9,0.95,0.9,0.9,49010,5158140
2026-04-21 11:29:00+05:30,0.9,0.95,0.9,0.9,28080,5158140
2026-04-21 11:30:00+05:30,0.95,0.95,0.9,0.95,32175,5158140
2026-04-21 11:31:00+05:30,0.9,0.95,0.9,0.9,27040,5145725
2026-04-21 11:32:00+05:30,0.9,0.95,0.9,0.9,56875,5145725
2026-04-21 11:33:00+05:30,0.9,0.95,0.9,0.9,61815,5145725
2026-04-21 11:34:00+05:30,0.9,0.95,0.9,0.9,43290,5173025
2026-04-21 11:35:00+05:30,0.95,0.95,0.85,0.85,75400,5173025
2026-04-21 11:36:00+05:30,0.85,0.9,0.85,0.85,87945,5173025
2026-04-21 11:37:00+05:30,0.9,0.9,0.8,0.8,202215,5362695
2026-04-21 11:38:00+05:30,0.85,0.85,0.8,0.85,21710,5362695
2026-04-21 11:39:00+05:30,0.85,0.85,0.8,0.85,16445,5362695
2026-04-21 11:40:00+05:30,0.85,0.85,0.8,0.85,28860,5362695
2026-04-21 11:41:00+05:30,0.8,0.85,0.8,0.8,37440,5369650
2026-04-21 11:42:00+05:30,0.8,0.85,0.8,0.8,21905,5369650
2026-04-21 11:43:00+05:30,0.85,0.85,0.8,0.85,118430,5472415
2026-04-21 11:44:00+05:30,0.8,0.85,0.75,0.75,86970,5472415
2026-04-21 11:45:00+05:30,0.8,0.85,0.8,0.85,105170,5472415
2026-04-21 11:46:00+05:30,0.85,0.85,0.75,0.8,82615,5424770
2026-04-21 11:47:00+05:30,0.8,0.8,0.75,0.8,60190,5424770
2026-04-21 11:48:00+05:30,0.8,0.8,0.75,0.8,36530,5313295
2026-04-21 11:49:00+05:30,0.8,0.8,0.75,0.8,59930,5313295
2026-04-21 11:50:00+05:30,0.8,0.8,0.75,0.8,29965,5313295
2026-04-21 11:51:00+05:30,0.75,0.8,0.7,0.7,294385,5313295
2026-04-21 11:52:00+05:30,0.7,0.75,0.7,0.7,23465,5313295
2026-04-21 11:53:00+05:30,0.7,0.75,0.7,0.75,29120,5314075
2026-04-21 11:54:00+05:30,0.7,0.8,0.7,0.75,87165,5314075
2026-04-21 11:55:00+05:30,0.75,0.8,0.75,0.8,16770,5314075
2026-04-21 11:56:00+05:30,0.75,0.8,0.75,0.75,53495,5297630
2026-04-21 11:57:00+05:30,0.75,0.8,0.75,0.75,26390,5297630
2026-04-21 11:58:00+05:30,0.8,0.8,0.75,0.75,53170,5297630
2026-04-21 11:59:00+05:30,0.8,0.8,0.75,0.75,84435,5271565
2026-04-21 12:00:00+05:30,0.8,0.8,0.75,0.75,99580,5271565
2026-04-21 12:01:00+05:30,0.75,0.75,0.7,0.75,46930,5271565
2026-04-21 12:02:00+05:30,0.7,0.75,0.7,0.7,139360,5272215
2026-04-21 12:03:00+05:30,0.75,0.75,0.7,0.7,102440,5272215
2026-04-21 12:04:00+05:30,0.75,0.8,0.7,0.8,203450,5272215
2026-04-21 12:05:00+05:30,0.8,0.8,0.7,0.75,105300,5139485
2026-04-21 12:06:00+05:30,0.75,0.75,0.7,0.75,42575,5139485
2026-04-21 12:07:00+05:30,0.75,0.75,0.7,0.7,47450,5139485
2026-04-21 12:08:00+05:30,0.7,0.75,0.7,0.75,61490,5109390
2026-04-21 12:09:00+05:30,0.7,0.75,0.7,0.75,63700,5109390
2026-04-21 12:10:00+05:30,0.75,0.75,0.7,0.7,32565,5109390
2026-04-21 12:11:00+05:30,0.7,0.75,0.65,0.65,148070,5104255
2026-04-21 12:12:00+05:30,0.65,0.75,0.65,0.7,201500,5104255
2026-04-21 12:13:00+05:30,0.7,0.75,0.65,0.65,314665,5104255
2026-04-21 12:14:00+05:30,0.65,0.7,0.6,0.65,243035,4964895
2026-04-21 12:15:00+05:30,0.65,0.7,0.6,0.65,261430,4964895
2026-04-21 12:16:00+05:30,0.7,0.7,0.65,0.7,236860,4964895
2026-04-21 12:17:00+05:30,0.65,0.7,0.65,0.65,152100,4721600
2026-04-21 12:18:00+05:30,0.7,0.7,0.65,0.65,158145,4721600
2026-04-21 12:19:00+05:30,0.7,0.75,0.65,0.75,117780,4721600
2026-04-21 12:20:00+05:30,0.7,0.75,0.7,0.7,93535,4551560
2026-04-21 12:21:00+05:30,0.7,0.75,0.7,0.75,41080,4551560
2026-04-21 12:22:00+05:30,0.7,0.75,0.7,0.7,27820,4551560
2026-04-21 12:23:00+05:30,0.7,0.85,0.7,0.8,164970,4528615
2026-04-21 12:24:00+05:30,0.8,0.85,0.75,0.75,91585,4528615
2026-04-21 12:25:00+05:30,0.8,0.8,0.75,0.75,81900,4528615
2026-04-21 12:26:00+05:30,0.75,0.85,0.75,0.85,133835,4512755
2026-04-21 12:27:00+05:30,0.8,0.85,0.8,0.8,26845,4512755
2026-04-21 12:28:00+05:30,0.8,0.85,0.75,0.75,41730,4512755
2026-04-21 12:29:00+05:30,0.8,0.8,0.75,0.75,30550,4506255
2026-04-21 12:30:00+05:30,0.8,0.85,0.75,0.8,100165,4506255
2026-04-21 12:31:00+05:30,0.8,0.85,0.8,0.8,74815,4506255
2026-04-21 12:32:00+05:30,0.8,0.85,0.8,0.85,62465,4517370
2026-04-21 12:33:00+05:30,0.8,0.85,0.75,0.75,137865,4517370
2026-04-21 12:34:00+05:30,0.75,0.8,0.75,0.8,62335,4517370
2026-04-21 12:35:00+05:30,0.8,0.8,0.75,0.8,59020,4527445
2026-04-21 12:36:00+05:30,0.75,0.85,0.75,0.8,148915,4527445
2026-04-21 12:37:00+05:30,0.85,0.85,0.75,0.8,19370,4527445
2026-04-21 12:38:00+05:30,0.75,0.8,0.75,0.75,8190,4480905
2026-04-21 12:39:00+05:30,0.8,0.8,0.75,0.8,12155,4480905
2026-04-21 12:40:00+05:30,0.75,0.8,0.75,0.75,71045,4480905
2026-04-21 12:41:00+05:30,0.75,0.8,0.75,0.75,139165,4435860
2026-04-21 12:42:00+05:30,0.75,0.8,0.75,0.75,30095,4435860
2026-04-21 12:43:00+05:30,0.75,0.8,0.75,0.75,86450,4435860
2026-04-21 12:44:00+05:30,0.75,0.8,0.75,0.75,209365,4301895
2026-04-21 12:45:00+05:30,0.75,0.8,0.7,0.7,133770,4301895
2026-04-21 12:46:00+05:30,0.75,0.75,0.65,0.65,239655,4301895
2026-04-21 12:47:00+05:30,0.65,0.7,0.65,0.65,113880,4298515
2026-04-21 12:48:00+05:30,0.65,0.7,0.65,0.65,137345,4298515
2026-04-21 12:49:00+05:30,0.7,0.7,0.6,0.7,94120,4298515
2026-04-21 12:50:00+05:30,0.7,0.7,0.65,0.65,50440,4297215
2026-04-21 12:51:00+05:30,0.65,0.7,0.65,0.7,162370,4297215
2026-04-21 12:52:00+05:30,0.7,0.7,0.65,0.65,187070,4297215
2026-04-21 12:53:00+05:30,0.7,0.7,0.6,0.6,110370,4339985
2026-04-21 12:54:00+05:30,0.6,0.65,0.6,0.65,61555,4339985
2026-04-21 12:55:00+05:30,0.65,0.65,0.6,0.65,22555,4339985
2026-04-21 12:56:00+05:30,0.65,0.7,0.6,0.65,288795,4394715
2026-04-21 12:57:00+05:30,0.65,0.65,0.6,0.65,148460,4394715
2026-04-21 12:58:00+05:30,0.65,0.7,0.6,0.7,134290,4394715
2026-04-21 12:59:00+05:30,0.65,0.7,0.65,0.7,90480,4323280
2026-04-21 13:00:00+05:30,0.7,0.7,0.6,0.7,82810,4323280
2026-04-21 13:01:00+05:30,0.7,0.7,0.65,0.65,232180,4323280
2026-04-21 13:02:00+05:30,0.7,0.7,0.65,0.7,153530,4320745
2026-04-21 13:03:00+05:30,0.65,0.7,0.6,0.6,34580,4320745
2026-04-21 13:04:00+05:30,0.65,0.65,0.6,0.6,18785,4320745
2026-04-21 13:05:00+05:30,0.6,0.65,0.55,0.6,144950,4315285
2026-04-21 13:06:00+05:30,0.6,0.6,0.55,0.55,22295,4315285
2026-04-21 13:07:00+05:30,0.6,0.6,0.55,0.6,137020,4315285
2026-04-21 13:08:00+05:30,0.6,0.65,0.55,0.65,66170,4299425
2026-04-21 13:09:00+05:30,0.6,0.7,0.6,0.6,77610,4299425
2026-04-21 13:10:00+05:30,0.6,0.65,0.55,0.6,79690,4299425
2026-04-21 13:11:00+05:30,0.55,0.6,0.55,0.6,19435,4308135
2026-04-21 13:12:00+05:30,0.6,0.6,0.55,0.55,17615,4308135
2026-04-21 13:13:00+05:30,0.55,0.6,0.55,0.55,14755,4308135
2026-04-21 13:14:00+05:30,0.55,0.6,0.55,0.55,106080,4309630
2026-04-21 13:15:00+05:30,0.5,0.55,0.5,0.55,64285,4309630
2026-04-21 13:16:00+05:30,0.5,0.55,0.5,0.5,25415,4309630
2026-04-21 13:17:00+05:30,0.5,0.55,0.5,0.5,62985,4252170
2026-04-21 13:18:00+05:30,0.5,0.55,0.5,0.55,41015,4252170
2026-04-21 13:19:00+05:30,0.55,0.55,0.5,0.5,24180,4252170
2026-04-21 13:20:00+05:30,0.55,0.55,0.5,0.55,45500,4235205
2026-04-21 13:21:00+05:30,0.55,0.55,0.5,0.5,11050,4235205
2026-04-21 13:22:00+05:30,0.55,0.55,0.5,0.55,16445,4235205
2026-04-21 13:23:00+05:30,0.5,0.55,0.5,0.55,10660,4231240
2026-04-21 13:24:00+05:30,0.5,0.55,0.5,0.55,104455,4231240
2026-04-21 13:25:00+05:30,0.6,0.6,0.55,0.55,71370,4231240
2026-04-21 13:26:00+05:30,0.55,0.6,0.55,0.55,26260,4277650
2026-04-21 13:27:00+05:30,0.55,0.6,0.5,0.55,75985,4277650
2026-04-21 13:28:00+05:30,0.55,0.55,0.45,0.5,97695,4277650
2026-04-21 13:29:00+05:30,0.45,0.5,0.45,0.5,27105,4258540
2026-04-21 13:30:00+05:30,0.5,0.5,0.45,0.45,16575,4258540
2026-04-21 13:31:00+05:30,0.5,0.5,0.45,0.45,5720,4258540
2026-04-21 13:32:00+05:30,0.45,0.5,0.45,0.45,27105,4255745
2026-04-21 13:33:00+05:30,0.45,0.5,0.45,0.45,50245,4255745
2026-04-21 13:34:00+05:30,0.45,0.5,0.45,0.45,58890,4255745
2026-04-21 13:35:00+05:30,0.45,0.5,0.45,0.45,49985,4229875
2026-04-21 13:36:00+05:30,0.45,0.5,0.4,0.4,148850,4229875
2026-04-21 13:37:00+05:30,0.45,0.45,0.4,0.45,53755,4218500
2026-04-21 13:38:00+05:30,0.45,0.45,0.4,0.45,84890,4218500
2026-04-21 13:39:00+05:30,0.4,0.45,0.4,0.45,19305,4218500
2026-04-21 13:40:00+05:30,0.4,0.45,0.4,0.45,82420,4218500
2026-04-21 13:41:00+05:30,0.45,0.45,0.4,0.4,15145,4144205
2026-04-21 13:42:00+05:30,0.4,0.45,0.4,0.4,35490,4144205
2026-04-21 13:43:00+05:30,0.4,0.45,0.35,0.35,427375,4144205
2026-04-21 13:44:00+05:30,0.35,0.4,0.35,0.4,177515,4149925
2026-04-21 13:45:00+05:30,0.4,0.4,0.35,0.4,248495,4149925
2026-04-21 13:46:00+05:30,0.35,0.4,0.35,0.35,36660,4149925
2026-04-21 13:47:00+05:30,0.35,0.4,0.35,0.35,67340,4137640
2026-04-21 13:48:00+05:30,0.35,0.4,0.35,0.4,32955,4137640
2026-04-21 13:49:00+05:30,0.35,0.35,0.3,0.35,43745,4137640
2026-04-21 13:50:00+05:30,0.35,0.35,0.3,0.35,16705,4127565
2026-04-21 13:51:00+05:30,0.3,0.35,0.3,0.3,125970,4127565
2026-04-21 13:52:00+05:30,0.35,0.35,0.3,0.35,16900,4127565
2026-04-21 13:53:00+05:30,0.3,0.35,0.3,0.35,179075,4104230
2026-04-21 13:54:00+05:30,0.3,0.35,0.3,0.3,30940,4104230
2026-04-21 13:55:00+05:30,0.3,0.35,0.3,0.3,256685,4104230
2026-04-21 13:56:00+05:30,0.35,0.35,0.3,0.3,143260,4122755
2026-04-21 13:57:00+05:30,0.35,0.35,0.25,0.3,65845,4122755
2026-04-21 13:58:00+05:30,0.3,0.3,0.25,0.25,40755,4122755
2026-04-21 13:59:00+05:30,0.25,0.3,0.25,0.25,202410,4220125
2026-04-21 14:00:00+05:30,0.3,0.3,0.25,0.3,298805,4220125
2026-04-21 14:01:00+05:30,0.3,0.3,0.25,0.3,95290,4220125
2026-04-21 14:02:00+05:30,0.3,0.3,0.25,0.25,106925,4271800
2026-04-21 14:03:00+05:30,0.25,0.3,0.25,0.25,62010,4271800
2026-04-21 14:04:00+05:30,0.3,0.3,0.25,0.3,126620,4271800
2026-04-21 14:05:00+05:30,0.3,0.3,0.2,0.25,50830,4276935
2026-04-21 14:06:00+05:30,0.2,0.25,0.2,0.25,21580,4276935
2026-04-21 14:07:00+05:30,0.25,0.25,0.2,0.2,36855,4276935
2026-04-21 14:08:00+05:30,0.2,0.25,0.2,0.2,4615,4264065
2026-04-21 14:09:00+05:30,0.2,0.25,0.2,0.2,207740,4264065
2026-04-21 14:10:00+05:30,0.2,0.25,0.15,0.2,276900,4264065
2026-04-21 14:11:00+05:30,0.2,0.2,0.15,0.2,192465,4241575
2026-04-21 14:12:00+05:30,0.2,0.2,0.15,0.15,414895,4241575
2026-04-21 14:13:00+05:30,0.15,0.2,0.15,0.15,127985,4241575
2026-04-21 14:14:00+05:30,0.15,0.2,0.15,0.15,301730,4234035
2026-04-21 14:15:00+05:30,0.15,0.2,0.15,0.15,157105,4234035
2026-04-21 14:16:00+05:30,0.15,0.2,0.15,0.15,412360,4234035
2026-04-21 14:17:00+05:30,0.15,0.2,0.15,0.15,148460,4206345
2026-04-21 14:18:00+05:30,0.15,0.2,0.15,0.15,75530,4206345
2026-04-21 14:19:00+05:30,0.2,0.2,0.15,0.15,87425,4206345
2026-04-21 14:20:00+05:30,0.15,0.2,0.15,0.2,70525,4124510
2026-04-21 14:21:00+05:30,0.15,0.2,0.15,0.15,21775,4124510
2026-04-21 14:22:00+05:30,0.15,0.2,0.15,0.2,204230,4124510
2026-04-21 14:23:00+05:30,0.15,0.2,0.15,0.15,432380,4070105
2026-04-21 14:24:00+05:30,0.15,0.2,0.15,0.15,123305,4070105
2026-04-21 14:25:00+05:30,0.15,0.2,0.15,0.15,110955,4070105
2026-04-21 14:26:00+05:30,0.15,0.2,0.1,0.1,944515,4045210
2026-04-21 14:27:00+05:30,0.1,0.15,0.1,0.15,251680,4045210
2026-04-21 14:28:00+05:30,0.15,0.2,0.15,0.2,1019980,4045210
2026-04-21 14:29:00+05:30,0.15,0.2,0.15,0.15,31590,3918785
2026-04-21 14:30:00+05:30,0.15,0.2,0.15,0.15,62920,3918785
2026-04-21 14:31:00+05:30,0.15,0.2,0.15,0.2,95355,3918785
2026-04-21 14:32:00+05:30,0.2,0.2,0.15,0.2,23855,3900130
2026-04-21 14:33:00+05:30,0.2,0.2,0.1,0.2,823030,3900130
2026-04-21 14:34:00+05:30,0.2,0.2,0.1,0.15,141895,3900130
2026-04-21 14:35:00+05:30,0.15,0.15,0.1,0.15,45695,3740815
2026-04-21 14:36:00+05:30,0.15,0.15,0.1,0.15,168285,3740815
2026-04-21 14:37:00+05:30,0.15,0.15,0.1,0.1,11700,3740815
2026-04-21 14:38:00+05:30,0.15,0.15,0.1,0.1,12545,3728270
2026-04-21 14:39:00+05:30,0.1,0.15,0.1,0.15,48880,3728270
2026-04-21 14:40:00+05:30,0.1,0.15,0.1,0.15,548210,3728270
2026-04-21 14:41:00+05:30,0.15,0.2,0.1,0.2,507585,3724630
2026-04-21 14:42:00+05:30,0.15,0.2,0.15,0.2,109395,3724630
2026-04-21 14:43:00+05:30,0.2,0.2,0.1,0.2,492180,3724630
2026-04-21 14:44:00+05:30,0.15,0.2,0.15,0.2,84630,3715270
2026-04-21 14:45:00+05:30,0.2,0.2,0.15,0.15,75725,3715270
2026-04-21 14:46:00+05:30,0.15,0.2,0.1,0.1,106600,3715270
2026-04-21 14:47:00+05:30,0.1,0.15,0.1,0.1,53170,3722680
2026-04-21 14:48:00+05:30,0.1,0.15,0.1,0.15,37700,3722680
2026-04-21 14:49:00+05:30,0.1,0.15,0.1,0.15,50895,3722680
2026-04-21 14:50:00+05:30,0.1,0.15,0.1,0.1,211835,3718065
2026-04-21 14:51:00+05:30,0.1,0.15,0.1,0.1,559975,3718065
2026-04-21 14:52:00+05:30,0.1,0.15,0.1,0.15,132145,3718065
2026-04-21 14:53:00+05:30,0.15,0.15,0.1,0.1,12220,3665220
2026-04-21 14:54:00+05:30,0.1,0.15,0.05,0.05,291915,3665220
2026-04-21 14:55:00+05:30,0.1,0.1,0.05,0.1,158665,3665220
2026-04-21 14:56:00+05:30,0.1,0.1,0.05,0.1,28665,3609775
2026-04-21 14:57:00+05:30,0.1,0.1,0.05,0.1,21515,3609775
2026-04-21 14:58:00+05:30,0.1,0.1,0.05,0.05,94640,3609775
2026-04-21 14:59:00+05:30,0.05,0.1,0.05,0.05,61750,3563495
2026-04-21 15:00:00+05:30,0.1,0.15,0.05,0.1,1300455,3563495
2026-04-21 15:01:00+05:30,0.1,0.15,0.1,0.1,137800,3563495
2026-04-21 15:02:00+05:30,0.1,0.15,0.1,0.1,291720,3560960
2026-04-21 15:03:00+05:30,0.1,0.15,0.05,0.05,21385,3560960
2026-04-21 15:04:00+05:30,0.05,0.1,0.05,0.1,8320,3560960
2026-04-21 15:05:00+05:30,0.1,0.1,0.05,0.05,7085,3556085
2026-04-21 15:06:00+05:30,0.05,0.1,0.05,0.1,23205,3556085
2026-04-21 15:07:00+05:30,0.05,0.1,0.05,0.05,62530,3556085
2026-04-21 15:08:00+05:30,0.05,0.1,0.05,0.05,22815,3556085
2026-04-21 15:09:00+05:30,0.1,0.1,0.05,0.05,45370,3542305
2026-04-21 15:10:00+05:30,0.05,0.1,0.05,0.05,90220,3542305
2026-04-21 15:11:00+05:30,0.05,0.1,0.05,0.05,17355,3542305
2026-04-21 15:12:00+05:30,0.05,0.1,0.05,0.1,30940,3534895
2026-04-21 15:13:00+05:30,0.1,0.1,0.05,0.05,91845,3534895
2026-04-21 15:14:00+05:30,0.05,0.1,0.05,0.05,367835,3534895
2026-04-21 15:15:00+05:30,0.05,0.05,0.05,0.05,297180,3324360
2026-04-21 15:16:00+05:30,0.05,0.05,0.05,0.05,94445,3324360
2026-04-21 15:17:00+05:30,0.05,0.1,0.05,0.05,73385,3324360
2026-04-21 15:18:00+05:30,0.05,0.1,0.05,0.05,29575,3149055
2026-04-21 15:19:00+05:30,0.05,0.05,0.05,0.05,24180,3149055
2026-04-21 15:20:00+05:30,0.05,0.05,0.05,0.05,4745,3149055
2026-04-21 15:21:00+05:30,0.05,0.05,0.05,0.05,15340,3109860
2026-04-21 15:22:00+05:30,0.05,0.05,0.05,0.05,18135,3109860
2026-04-21 15:23:00+05:30,0.05,0.05,0.05,0.05,6955,3109860
2026-04-21 15:24:00+05:30,0.05,0.05,0.05,0.05,1040,3072420
2026-04-21 15:25:00+05:30,0.05,0.05,0.05,0.05,7865,3072420
2026-04-21 15:26:00+05:30,0.05,0.05,0.05,0.05,4940,3072420
2026-04-21 15:27:00+05:30,0.05,0.05,0.05,0.05,260,3062280
2026-04-21 15:28:00+05:30,0.05,0.05,0.05,0.05,5265,3062280
2026-04-21 15:29:00+05:30,0.05,0.05,0.05,0.05,7215,3062280
