timestamp,open,high,low,close,volume,open_interest
2025-12-30 09:15:00+05:30,158.19,158.19,137.6,144.0,2600,85280
2025-12-30 09:16:00+05:30,144.8,148.85,144.55,148.85,2015,85150
2025-12-30 09:17:00+05:30,149.75,150.0,147.55,149.85,1040,85150
2025-12-30 09:18:00+05:30,149.85,149.85,146.85,146.85,260,85150
2025-12-30 09:19:00+05:30,146.0,147.4,146.0,147.4,715,85605
2025-12-30 09:20:00+05:30,146.8,146.8,142.55,142.55,585,85605
2025-12-30 09:21:00+05:30,142.0,142.0,140.55,140.55,2080,85605
2025-12-30 09:22:00+05:30,140.3,140.85,140.3,140.5,520,85475
2025-12-30 09:23:00+05:30,140.3,141.65,140.05,140.05,1300,85475
2025-12-30 09:24:00+05:30,140.0,140.65,139.8,140.0,1950,85475
2025-12-30 09:25:00+05:30,140.0,141.05,139.9,141.05,2210,86710
2025-12-30 09:26:00+05:30,141.05,141.55,138.35,138.35,845,86710
2025-12-30 09:27:00+05:30,138.75,139.6,138.75,139.0,715,86710
2025-12-30 09:28:00+05:30,138.55,139.25,138.55,139.25,585,86710
2025-12-30 09:29:00+05:30,140.19,140.19,139.25,139.85,455,86710
2025-12-30 09:30:00+05:30,139.44,139.5,139.44,139.5,455,86710
2025-12-30 09:31:00+05:30,138.85,139.85,138.85,139.3,1430,87100
2025-12-30 09:32:00+05:30,139.4,140.35,139.15,140.35,715,87100
2025-12-30 09:33:00+05:30,141.5,142.19,141.35,142.19,390,87100
2025-12-30 09:34:00+05:30,142.35,149.94,142.35,149.94,1755,88335
2025-12-30 09:35:00+05:30,150.0,152.85,148.4,152.85,1885,88335
2025-12-30 09:36:00+05:30,153.1,154.69,150.25,151.9,1170,88335
2025-12-30 09:37:00+05:30,152.94,152.94,152.05,152.05,325,87490
2025-12-30 09:38:00+05:30,151.8,153.69,151.8,153.4,1690,87490
2025-12-30 09:39:00+05:30,154.69,161.25,154.69,159.69,3185,87490
2025-12-30 09:40:00+05:30,159.44,161.5,159.25,161.5,325,87555
2025-12-30 09:41:00+05:30,159.0,160.4,157.5,159.44,455,87555
2025-12-30 09:42:00+05:30,161.0,162.6,161.0,162.6,1040,87555
2025-12-30 09:43:00+05:30,162.9,166.6,162.9,166.4,2145,87230
2025-12-30 09:44:00+05:30,167.75,168.75,166.85,167.3,975,87230
2025-12-30 09:45:00+05:30,166.7,168.0,163.9,163.9,1300,87230
2025-12-30 09:46:00+05:30,160.94,160.94,158.3,160.3,975,86905
2025-12-30 09:47:00+05:30,155.9,156.8,155.9,156.3,585,86905
2025-12-30 09:48:00+05:30,156.25,156.3,153.05,153.05,325,86905
2025-12-30 09:49:00+05:30,152.69,152.85,149.1,149.69,1040,88010
2025-12-30 09:50:00+05:30,149.69,149.69,149.69,149.69,325,88010
2025-12-30 09:51:00+05:30,156.44,159.94,155.5,159.94,845,88010
2025-12-30 09:52:00+05:30,161.35,165.3,161.35,164.3,1235,88660
2025-12-30 09:53:00+05:30,163.19,163.19,162.69,162.69,195,88660
2025-12-30 09:54:00+05:30,165.0,165.3,163.5,165.15,325,88660
2025-12-30 09:55:00+05:30,164.65,171.9,164.65,171.9,780,88595
2025-12-30 09:56:00+05:30,171.1,171.1,169.25,169.25,455,88595
2025-12-30 09:57:00+05:30,171.35,171.35,170.95,170.95,650,88595
2025-12-30 09:58:00+05:30,168.8,168.8,167.45,167.45,520,88595
2025-12-30 09:59:00+05:30,165.05,165.85,163.1,163.1,650,88335
2025-12-30 10:00:00+05:30,164.2,164.2,163.5,163.5,195,88335
2025-12-30 10:01:00+05:30,162.3,162.55,159.85,161.44,260,88790
2025-12-30 10:02:00+05:30,163.05,166.75,163.05,165.9,390,88790
2025-12-30 10:03:00+05:30,166.25,167.15,163.69,165.05,975,88790
2025-12-30 10:04:00+05:30,166.25,166.25,163.35,163.35,650,89765
2025-12-30 10:05:00+05:30,163.3,163.4,162.5,162.5,260,89765
2025-12-30 10:06:00+05:30,162.55,162.55,160.94,160.94,390,89765
2025-12-30 10:07:00+05:30,161.35,164.0,161.35,161.8,1040,89765
2025-12-30 10:08:00+05:30,162.6,163.19,161.75,162.1,715,89765
2025-12-30 10:09:00+05:30,160.6,161.19,158.94,161.19,780,89765
2025-12-30 10:10:00+05:30,162.5,162.5,161.19,161.19,910,90675
2025-12-30 10:11:00+05:30,163.19,163.19,161.94,162.25,455,90675
2025-12-30 10:12:00+05:30,161.65,167.45,161.65,167.45,455,90675
2025-12-30 10:13:00+05:30,168.0,168.55,168.0,168.55,260,90675
2025-12-30 10:14:00+05:30,171.15,171.15,168.05,168.05,325,90675
2025-12-30 10:15:00+05:30,169.35,171.4,169.35,171.4,195,90675
2025-12-30 10:16:00+05:30,171.4,171.4,170.9,170.9,260,90870
2025-12-30 10:17:00+05:30,171.75,172.5,170.7,172.5,260,90870
2025-12-30 10:18:00+05:30,171.8,173.2,171.4,171.4,1170,90870
2025-12-30 10:19:00+05:30,171.3,171.3,170.45,170.45,195,90870
2025-12-30 10:20:00+05:30,172.2,174.6,172.2,174.6,585,90415
2025-12-30 10:21:00+05:30,175.35,175.75,171.9,171.9,390,90415
2025-12-30 10:22:00+05:30,174.75,174.75,173.6,173.6,520,90805
2025-12-30 10:23:00+05:30,174.05,174.7,174.05,174.5,195,90805
2025-12-30 10:24:00+05:30,175.0,181.1,175.0,179.75,1560,90805
2025-12-30 10:25:00+05:30,180.6,182.45,179.0,179.15,1235,92105
2025-12-30 10:26:00+05:30,179.1,179.1,177.95,177.95,260,92105
2025-12-30 10:27:00+05:30,177.95,178.9,177.95,178.9,260,92105
2025-12-30 10:28:00+05:30,175.9,175.9,175.9,175.9,130,92105
2025-12-30 10:29:00+05:30,178.0,178.0,175.8,175.85,715,92560
2025-12-30 10:30:00+05:30,176.15,180.35,176.15,177.8,2080,92560
2025-12-30 10:31:00+05:30,178.1,179.35,177.8,179.35,325,92560
2025-12-30 10:32:00+05:30,178.35,179.9,178.35,179.15,455,94380
2025-12-30 10:33:00+05:30,179.1,179.15,178.75,178.95,260,94380
2025-12-30 10:34:00+05:30,179.15,180.65,178.15,180.1,585,94575
2025-12-30 10:35:00+05:30,178.4,178.4,176.0,176.0,325,94575
2025-12-30 10:36:00+05:30,175.6,175.85,170.7,171.5,715,94575
2025-12-30 10:37:00+05:30,172.05,174.75,171.2,171.2,585,95615
2025-12-30 10:38:00+05:30,170.7,171.4,169.6,169.6,715,95615
2025-12-30 10:39:00+05:30,170.85,170.9,170.85,170.85,325,95615
2025-12-30 10:40:00+05:30,170.55,170.55,168.5,169.35,325,96200
2025-12-30 10:41:00+05:30,170.2,170.75,168.7,170.75,195,96200
2025-12-30 10:42:00+05:30,170.25,170.25,166.5,166.5,845,96200
2025-12-30 10:43:00+05:30,166.1,167.45,166.1,167.45,130,96200
2025-12-30 10:44:00+05:30,169.2,169.2,165.3,165.3,520,96980
2025-12-30 10:45:00+05:30,166.45,166.45,162.85,163.35,975,96980
2025-12-30 10:46:00+05:30,163.44,166.0,162.5,166.0,1040,97890
2025-12-30 10:47:00+05:30,165.3,165.3,164.75,164.85,455,97890
2025-12-30 10:48:00+05:30,163.85,163.85,161.44,161.44,650,97890
2025-12-30 10:49:00+05:30,162.05,166.05,162.05,166.05,1820,98670
2025-12-30 10:50:00+05:30,165.85,166.75,165.6,165.6,325,98670
2025-12-30 10:51:00+05:30,166.5,166.5,165.75,165.75,195,98670
2025-12-30 10:52:00+05:30,162.65,162.75,162.65,162.75,130,98670
2025-12-30 10:53:00+05:30,160.35,160.35,160.35,160.35,65,99060
2025-12-30 10:54:00+05:30,158.3,158.3,156.9,156.9,325,99060
2025-12-30 10:55:00+05:30,157.65,157.65,156.05,156.5,455,99450
2025-12-30 10:56:00+05:30,156.9,156.9,156.9,156.9,65,99450
2025-12-30 10:57:00+05:30,158.4,159.25,157.4,159.25,520,99450
2025-12-30 10:58:00+05:30,159.3,160.35,158.9,160.35,390,99645
2025-12-30 10:59:00+05:30,157.44,158.44,157.44,158.4,195,99645
2025-12-30 11:00:00+05:30,157.55,157.65,157.55,157.65,390,99645
2025-12-30 11:01:00+05:30,157.0,157.0,157.0,157.0,325,99970
2025-12-30 11:02:00+05:30,157.0,157.0,157.0,157.0,0,99970
2025-12-30 11:03:00+05:30,158.25,158.25,157.35,157.35,130,99970
2025-12-30 11:04:00+05:30,158.05,158.05,158.05,158.05,65,99970
2025-12-30 11:05:00+05:30,157.94,160.0,157.94,159.3,260,100295
2025-12-30 11:06:00+05:30,158.5,159.3,156.0,156.0,325,100295
2025-12-30 11:07:00+05:30,157.94,157.94,157.8,157.8,130,100295
2025-12-30 11:08:00+05:30,157.8,157.8,157.8,157.8,0,100295
2025-12-30 11:09:00+05:30,161.05,161.05,159.55,159.94,2145,100750
2025-12-30 11:10:00+05:30,156.65,156.65,155.65,156.3,585,102570
2025-12-30 11:11:00+05:30,150.0,151.05,150.0,150.85,975,102570
2025-12-30 11:12:00+05:30,153.35,154.19,153.35,154.19,130,102570
2025-12-30 11:13:00+05:30,156.85,157.15,156.85,156.9,195,102570
2025-12-30 11:14:00+05:30,156.9,156.9,156.9,156.9,0,102570
2025-12-30 11:15:00+05:30,156.65,156.65,156.65,156.65,260,103090
2025-12-30 11:16:00+05:30,156.9,156.9,156.55,156.55,195,103090
2025-12-30 11:17:00+05:30,156.55,156.55,156.55,156.55,0,103090
2025-12-30 11:18:00+05:30,156.0,156.0,155.5,155.5,195,103415
2025-12-30 11:19:00+05:30,155.3,155.3,155.3,155.3,65,103415
2025-12-30 11:20:00+05:30,155.3,155.3,155.3,155.3,0,103415
2025-12-30 11:21:00+05:30,156.85,156.85,156.85,156.85,130,103415
2025-12-30 11:22:00+05:30,156.0,156.0,156.0,156.0,910,103415
2025-12-30 11:23:00+05:30,154.0,154.0,153.9,153.9,130,104130
2025-12-30 11:24:00+05:30,152.25,152.25,152.25,152.25,65,104130
2025-12-30 11:25:00+05:30,152.6,152.6,152.6,152.6,65,104130
2025-12-30 11:26:00+05:30,152.65,152.65,151.35,151.35,195,104000
2025-12-30 11:27:00+05:30,151.35,151.35,151.35,151.35,0,104000
2025-12-30 11:28:00+05:30,153.0,153.0,153.0,153.0,130,104000
2025-12-30 11:29:00+05:30,151.8,152.35,151.8,151.94,390,104000
2025-12-30 11:30:00+05:30,150.1,150.1,149.3,149.3,455,104000
2025-12-30 11:31:00+05:30,151.3,151.3,151.3,151.3,65,104455
2025-12-30 11:32:00+05:30,150.0,150.0,150.0,150.0,325,104455
2025-12-30 11:33:00+05:30,149.35,149.35,148.0,148.0,195,104455
2025-12-30 11:34:00+05:30,147.35,147.75,141.44,144.1,780,105300
2025-12-30 11:35:00+05:30,143.85,144.19,143.69,144.19,325,105300
2025-12-30 11:36:00+05:30,144.1,144.69,143.85,144.69,520,105300
2025-12-30 11:37:00+05:30,144.69,144.69,144.69,144.69,65,105300
2025-12-30 11:38:00+05:30,144.85,144.85,144.85,144.85,195,105560
2025-12-30 11:39:00+05:30,145.1,145.1,144.55,144.9,325,105560
2025-12-30 11:40:00+05:30,144.15,145.35,144.15,144.25,260,105560
2025-12-30 11:41:00+05:30,146.55,148.55,146.55,148.55,260,105820
2025-12-30 11:42:00+05:30,149.5,150.5,149.5,150.5,520,105820
2025-12-30 11:43:00+05:30,150.8,150.9,150.75,150.9,390,105820
2025-12-30 11:44:00+05:30,151.44,151.44,150.8,150.9,1170,105885
2025-12-30 11:45:00+05:30,152.05,152.05,151.9,151.9,455,105885
2025-12-30 11:46:00+05:30,153.65,153.65,150.15,150.15,715,105885
2025-12-30 11:47:00+05:30,150.69,150.69,149.75,149.75,325,105495
2025-12-30 11:48:00+05:30,150.8,151.6,150.6,151.6,325,105495
2025-12-30 11:49:00+05:30,150.5,150.5,150.5,150.5,65,105495
2025-12-30 11:50:00+05:30,151.25,151.25,149.55,149.55,520,105690
2025-12-30 11:51:00+05:30,147.9,149.75,147.9,149.69,975,105690
2025-12-30 11:52:00+05:30,147.8,147.8,147.8,147.8,65,105690
2025-12-30 11:53:00+05:30,147.8,147.8,147.8,147.8,0,105690
2025-12-30 11:54:00+05:30,147.55,147.55,147.55,147.55,325,105430
2025-12-30 11:55:00+05:30,147.55,147.55,147.55,147.55,0,105430
2025-12-30 11:56:00+05:30,145.19,145.19,145.19,145.19,65,105365
2025-12-30 11:57:00+05:30,145.19,145.19,143.6,143.6,780,105365
2025-12-30 11:58:00+05:30,143.65,145.44,143.4,145.44,975,105365
2025-12-30 11:59:00+05:30,145.75,145.75,145.75,145.75,65,105950
2025-12-30 12:00:00+05:30,146.0,146.75,145.75,145.75,325,105950
2025-12-30 12:01:00+05:30,145.05,145.44,145.05,145.44,130,105950
2025-12-30 12:02:00+05:30,144.5,145.3,144.5,145.3,325,106015
2025-12-30 12:03:00+05:30,145.3,145.3,145.3,145.3,0,106015
2025-12-30 12:04:00+05:30,143.85,143.85,143.1,143.65,195,106015
2025-12-30 12:05:00+05:30,143.4,143.85,143.4,143.85,260,106145
2025-12-30 12:06:00+05:30,145.0,145.55,144.15,144.19,715,106145
2025-12-30 12:07:00+05:30,144.1,144.1,143.75,143.75,455,106145
2025-12-30 12:08:00+05:30,144.75,145.19,144.75,145.19,195,106730
2025-12-30 12:09:00+05:30,146.0,147.05,146.0,147.05,260,106730
2025-12-30 12:10:00+05:30,146.5,146.5,146.5,146.5,65,106730
2025-12-30 12:11:00+05:30,145.69,145.69,145.69,145.69,65,106665
2025-12-30 12:12:00+05:30,143.75,143.75,143.35,143.35,260,106665
2025-12-30 12:13:00+05:30,141.85,141.85,141.0,141.0,585,106665
2025-12-30 12:14:00+05:30,140.55,140.55,140.05,140.05,390,106925
2025-12-30 12:15:00+05:30,140.05,142.75,140.05,142.75,2015,106925
2025-12-30 12:16:00+05:30,142.9,144.15,142.9,144.0,650,106925
2025-12-30 12:17:00+05:30,143.1,143.1,142.9,142.9,260,107445
2025-12-30 12:18:00+05:30,142.9,144.05,142.9,142.9,325,107445
2025-12-30 12:19:00+05:30,142.9,142.9,142.9,142.9,0,107445
2025-12-30 12:20:00+05:30,143.85,144.75,143.85,144.75,390,107445
2025-12-30 12:21:00+05:30,144.0,144.0,144.0,144.0,195,107445
2025-12-30 12:22:00+05:30,144.3,144.3,142.94,143.0,390,107445
2025-12-30 12:23:00+05:30,142.75,143.35,142.75,143.35,195,107445
2025-12-30 12:24:00+05:30,142.05,142.55,142.05,142.3,195,107900
2025-12-30 12:25:00+05:30,142.3,142.3,142.3,142.3,0,107900
2025-12-30 12:26:00+05:30,143.25,144.19,143.25,144.19,455,108030
2025-12-30 12:27:00+05:30,142.4,142.4,142.1,142.4,390,108030
2025-12-30 12:28:00+05:30,142.0,142.15,142.0,142.15,130,108030
2025-12-30 12:29:00+05:30,141.25,141.25,141.25,141.25,65,108225
2025-12-30 12:30:00+05:30,142.9,143.3,142.5,142.5,195,108225
2025-12-30 12:31:00+05:30,141.94,142.69,141.94,142.69,260,108225
2025-12-30 12:32:00+05:30,143.5,143.5,143.0,143.35,260,108160
2025-12-30 12:33:00+05:30,143.35,143.35,143.35,143.35,0,108160
2025-12-30 12:34:00+05:30,146.4,146.4,144.4,144.4,260,108160
2025-12-30 12:35:00+05:30,143.9,143.9,143.5,143.85,195,108160
2025-12-30 12:36:00+05:30,143.85,143.85,143.85,143.85,0,108160
2025-12-30 12:37:00+05:30,146.4,147.1,146.4,147.1,325,108160
2025-12-30 12:38:00+05:30,148.05,148.05,148.0,148.0,260,108095
2025-12-30 12:39:00+05:30,148.15,148.15,147.19,147.19,520,108095
2025-12-30 12:40:00+05:30,148.5,148.8,148.5,148.8,130,108095
2025-12-30 12:41:00+05:30,147.85,147.85,147.85,147.85,65,108290
2025-12-30 12:42:00+05:30,147.55,147.55,147.55,147.55,195,108290
2025-12-30 12:43:00+05:30,145.35,145.35,145.35,145.35,260,108290
2025-12-30 12:44:00+05:30,145.3,145.3,145.3,145.3,1105,108680
2025-12-30 12:45:00+05:30,145.0,145.0,145.0,145.0,975,108680
2025-12-30 12:46:00+05:30,146.0,146.0,146.0,146.0,195,108680
2025-12-30 12:47:00+05:30,146.0,146.0,146.0,146.0,0,108680
2025-12-30 12:48:00+05:30,147.0,148.8,147.0,148.44,390,110110
2025-12-30 12:49:00+05:30,148.6,148.6,147.8,148.05,715,110110
2025-12-30 12:50:00+05:30,148.05,148.05,148.05,148.05,195,110565
2025-12-30 12:51:00+05:30,147.75,147.75,146.0,146.0,130,110565
2025-12-30 12:52:00+05:30,146.0,146.0,144.75,144.94,195,110565
2025-12-30 12:53:00+05:30,144.94,144.94,144.94,144.94,0,110565
2025-12-30 12:54:00+05:30,144.94,144.94,144.94,144.94,0,110565
2025-12-30 12:55:00+05:30,147.19,147.19,147.19,147.19,65,110630
2025-12-30 12:56:00+05:30,147.19,147.19,147.19,147.19,0,110630
2025-12-30 12:57:00+05:30,145.0,145.0,145.0,145.0,65,110630
2025-12-30 12:58:00+05:30,144.0,144.0,143.0,143.0,325,110630
2025-12-30 12:59:00+05:30,143.19,143.19,141.85,141.85,520,111020
2025-12-30 13:00:00+05:30,142.69,142.69,142.69,142.69,520,111020
2025-12-30 13:01:00+05:30,142.44,142.44,142.44,142.44,130,111020
2025-12-30 13:02:00+05:30,142.44,142.44,142.44,142.44,0,111020
2025-12-30 13:03:00+05:30,142.44,142.44,142.44,142.44,0,111020
2025-12-30 13:04:00+05:30,141.0,141.0,141.0,141.0,195,111215
2025-12-30 13:05:00+05:30,141.05,141.05,141.0,141.0,130,111280
2025-12-30 13:06:00+05:30,140.75,140.75,140.75,140.75,65,111280
2025-12-30 13:07:00+05:30,142.55,142.55,140.25,140.25,780,111280
2025-12-30 13:08:00+05:30,141.4,141.4,141.4,141.4,195,111280
2025-12-30 13:09:00+05:30,141.4,141.4,141.4,141.4,0,111280
2025-12-30 13:10:00+05:30,141.1,141.1,135.4,135.4,1430,110955
2025-12-30 13:11:00+05:30,136.5,139.1,136.5,138.3,1950,111995
2025-12-30 13:12:00+05:30,137.55,138.8,137.55,138.8,390,111995
2025-12-30 13:13:00+05:30,141.55,142.15,141.55,142.0,585,111995
2025-12-30 13:14:00+05:30,142.0,142.0,142.0,142.0,1040,111995
2025-12-30 13:15:00+05:30,142.5,142.5,142.5,142.5,65,111475
2025-12-30 13:16:00+05:30,142.4,142.4,142.4,142.4,65,111475
2025-12-30 13:17:00+05:30,142.94,142.94,142.94,142.94,130,111475
2025-12-30 13:18:00+05:30,141.65,141.65,141.65,141.65,65,111345
2025-12-30 13:19:00+05:30,143.65,143.69,143.65,143.69,195,111345
2025-12-30 13:20:00+05:30,144.05,144.05,142.55,143.0,260,111085
2025-12-30 13:21:00+05:30,143.3,143.5,142.85,143.5,325,111085
2025-12-30 13:22:00+05:30,142.65,143.05,142.65,143.05,130,111085
2025-12-30 13:23:00+05:30,141.55,142.55,141.55,141.69,1950,110630
2025-12-30 13:24:00+05:30,141.69,141.69,141.35,141.35,130,110630
2025-12-30 13:25:00+05:30,141.35,141.35,141.15,141.15,130,110630
2025-12-30 13:26:00+05:30,141.44,141.44,141.44,141.44,65,111085
2025-12-30 13:27:00+05:30,142.65,144.19,142.65,143.94,390,111085
2025-12-30 13:28:00+05:30,143.3,144.94,143.3,143.44,390,111085
2025-12-30 13:29:00+05:30,143.94,143.94,143.94,143.94,130,110825
2025-12-30 13:30:00+05:30,144.5,145.0,144.5,145.0,130,110825
2025-12-30 13:31:00+05:30,144.9,145.5,144.6,145.3,390,110825
2025-12-30 13:32:00+05:30,145.3,145.3,145.3,145.3,0,110825
2025-12-30 13:33:00+05:30,145.3,145.3,145.3,145.3,0,110825
2025-12-30 13:34:00+05:30,149.3,149.3,148.85,148.85,390,110695
2025-12-30 13:35:00+05:30,149.15,149.5,149.15,149.5,195,110630
2025-12-30 13:36:00+05:30,151.35,151.8,151.35,151.8,130,110630
2025-12-30 13:37:00+05:30,152.75,152.75,151.44,151.44,130,110630
2025-12-30 13:38:00+05:30,149.3,150.9,149.3,150.5,1820,110695
2025-12-30 13:39:00+05:30,150.5,150.5,150.5,150.5,0,110695
2025-12-30 13:40:00+05:30,150.25,152.19,150.25,152.19,195,110695
2025-12-30 13:41:00+05:30,153.9,153.9,153.0,153.85,650,110240
2025-12-30 13:42:00+05:30,154.5,154.94,153.9,154.94,4615,110240
2025-12-30 13:43:00+05:30,156.1,159.6,156.1,159.05,1300,110240
2025-12-30 13:44:00+05:30,159.1,159.25,157.75,158.5,1755,113685
2025-12-30 13:45:00+05:30,161.3,164.0,161.3,163.1,1365,113685
2025-12-30 13:46:00+05:30,163.0,163.8,159.6,160.4,1365,113685
2025-12-30 13:47:00+05:30,161.8,166.0,161.8,166.0,2275,114270
2025-12-30 13:48:00+05:30,166.75,166.75,163.75,164.7,2275,114270
2025-12-30 13:49:00+05:30,164.2,165.0,162.69,162.69,1235,114270
2025-12-30 13:50:00+05:30,160.8,162.19,160.8,162.19,975,116285
2025-12-30 13:51:00+05:30,158.19,158.19,155.55,155.55,2600,116285
2025-12-30 13:52:00+05:30,156.05,159.05,156.05,159.05,325,116285
2025-12-30 13:53:00+05:30,160.35,161.8,160.35,161.8,1495,116285
2025-12-30 13:54:00+05:30,160.05,160.44,159.8,159.9,390,117000
2025-12-30 13:55:00+05:30,159.9,160.94,159.9,160.94,585,117000
2025-12-30 13:56:00+05:30,161.1,161.1,161.1,161.1,65,117000
2025-12-30 13:57:00+05:30,159.1,159.1,159.1,159.1,390,117845
2025-12-30 13:58:00+05:30,160.0,161.69,159.65,161.69,390,117845
2025-12-30 13:59:00+05:30,160.15,160.15,158.19,158.19,130,118170
2025-12-30 14:00:00+05:30,160.3,162.0,160.05,162.0,325,118170
2025-12-30 14:01:00+05:30,162.55,162.55,158.0,158.85,715,118170
2025-12-30 14:02:00+05:30,159.75,159.75,159.75,159.75,65,118170
2025-12-30 14:03:00+05:30,160.6,161.1,159.85,161.1,1300,118495
2025-12-30 14:04:00+05:30,161.6,162.0,160.94,160.94,520,118495
2025-12-30 14:05:00+05:30,161.15,161.15,159.85,159.85,390,119015
2025-12-30 14:06:00+05:30,159.05,159.5,156.75,156.75,715,119015
2025-12-30 14:07:00+05:30,157.85,158.25,157.85,158.15,845,119015
2025-12-30 14:08:00+05:30,156.25,156.94,153.85,156.94,325,119535
2025-12-30 14:09:00+05:30,156.94,156.94,156.94,156.94,0,119535
2025-12-30 14:10:00+05:30,158.75,158.75,158.75,158.75,65,119535
2025-12-30 14:11:00+05:30,159.0,159.0,157.55,157.55,195,119535
2025-12-30 14:12:00+05:30,157.55,157.55,157.55,157.55,0,119535
2025-12-30 14:13:00+05:30,159.94,163.0,159.94,162.05,260,119600
2025-12-30 14:14:00+05:30,158.69,160.75,158.69,160.75,520,119210
2025-12-30 14:15:00+05:30,161.65,162.0,161.65,162.0,910,119210
2025-12-30 14:16:00+05:30,163.0,165.25,163.0,165.25,1300,119210
2025-12-30 14:17:00+05:30,164.05,165.95,164.05,165.0,390,118040
2025-12-30 14:18:00+05:30,164.85,164.85,164.05,164.05,780,118040
2025-12-30 14:19:00+05:30,164.95,164.95,161.69,161.69,325,118040
2025-12-30 14:20:00+05:30,162.1,162.1,159.0,159.0,845,118300
2025-12-30 14:21:00+05:30,159.0,160.44,157.1,157.1,1170,118300
2025-12-30 14:22:00+05:30,157.8,157.8,157.8,157.8,130,118300
2025-12-30 14:23:00+05:30,157.8,157.8,157.8,157.8,0,118300
2025-12-30 14:24:00+05:30,157.19,157.19,152.69,155.3,910,119275
2025-12-30 14:25:00+05:30,155.69,155.69,150.0,150.44,325,119275
2025-12-30 14:26:00+05:30,151.1,151.15,151.1,151.15,130,119275
2025-12-30 14:27:00+05:30,153.3,153.3,153.05,153.05,130,120120
2025-12-30 14:28:00+05:30,153.0,153.0,152.05,152.94,650,120120
2025-12-30 14:29:00+05:30,152.55,153.25,152.55,153.25,260,120185
2025-12-30 14:30:00+05:30,154.9,154.9,154.9,154.9,585,120185
2025-12-30 14:31:00+05:30,154.0,154.0,154.0,154.0,65,120185
2025-12-30 14:32:00+05:30,156.55,156.55,156.55,156.55,65,120185
2025-12-30 14:33:00+05:30,156.55,156.55,156.55,156.55,0,120185
2025-12-30 14:34:00+05:30,156.94,158.0,156.94,158.0,195,120640
2025-12-30 14:35:00+05:30,156.4,156.8,156.4,156.8,130,120640
2025-12-30 14:36:00+05:30,155.0,155.0,154.75,154.8,195,120705
2025-12-30 14:37:00+05:30,153.0,153.0,153.0,153.0,65,120705
2025-12-30 14:38:00+05:30,152.15,154.1,152.15,154.0,650,120510
2025-12-30 14:39:00+05:30,154.15,155.55,154.15,155.19,195,120510
2025-12-30 14:40:00+05:30,155.19,155.19,155.19,155.19,0,120510
2025-12-30 14:41:00+05:30,153.0,153.0,151.75,151.75,130,120510
2025-12-30 14:42:00+05:30,153.25,154.94,153.19,154.94,390,120705
2025-12-30 14:43:00+05:30,157.19,159.69,157.19,159.69,260,120705
2025-12-30 14:44:00+05:30,159.4,159.4,156.6,159.25,455,120770
2025-12-30 14:45:00+05:30,158.6,158.6,155.69,155.69,780,120770
2025-12-30 14:46:00+05:30,155.69,155.69,155.69,155.69,0,120770
2025-12-30 14:47:00+05:30,157.94,159.65,157.94,159.65,325,121225
2025-12-30 14:48:00+05:30,159.5,159.8,158.65,159.5,1105,121225
2025-12-30 14:49:00+05:30,158.94,162.0,158.94,162.0,195,121225
2025-12-30 14:50:00+05:30,160.85,162.8,160.85,161.19,520,121225
2025-12-30 14:51:00+05:30,162.35,163.0,161.75,161.75,390,121680
2025-12-30 14:52:00+05:30,161.75,161.75,160.5,160.5,130,121680
2025-12-30 14:53:00+05:30,160.5,160.5,160.5,160.5,0,121680
2025-12-30 14:54:00+05:30,158.3,159.35,158.3,159.35,260,121810
2025-12-30 14:55:00+05:30,159.75,160.0,159.6,159.6,260,121810
2025-12-30 14:56:00+05:30,159.94,162.75,159.94,162.75,650,121420
2025-12-30 14:57:00+05:30,161.69,161.69,158.25,159.35,975,121420
2025-12-30 14:58:00+05:30,157.75,158.1,156.85,158.1,195,121420
2025-12-30 14:59:00+05:30,158.3,159.65,157.85,159.0,1430,122070
2025-12-30 15:00:00+05:30,156.19,156.19,156.19,156.19,65,122070
2025-12-30 15:01:00+05:30,155.4,155.4,153.19,153.19,845,122070
2025-12-30 15:02:00+05:30,154.4,155.19,154.4,155.19,325,122070
2025-12-30 15:03:00+05:30,155.3,157.69,155.3,157.15,390,121940
2025-12-30 15:04:00+05:30,155.15,157.15,155.15,157.15,130,121940
2025-12-30 15:05:00+05:30,157.15,157.15,157.15,157.15,65,121940
2025-12-30 15:06:00+05:30,157.65,160.1,157.65,160.1,130,121940
2025-12-30 15:07:00+05:30,160.25,160.5,157.05,157.05,1170,121940
2025-12-30 15:08:00+05:30,157.25,158.25,157.25,158.25,650,121940
2025-12-30 15:09:00+05:30,158.25,158.25,158.25,158.25,0,121940
2025-12-30 15:10:00+05:30,157.85,158.65,157.85,158.65,260,122135
2025-12-30 15:11:00+05:30,159.15,159.15,158.15,158.15,325,122135
2025-12-30 15:12:00+05:30,159.44,159.44,159.44,159.44,780,122070
2025-12-30 15:13:00+05:30,160.0,160.0,159.65,159.65,195,122070
2025-12-30 15:14:00+05:30,158.85,160.44,158.85,159.44,1495,122070
2025-12-30 15:15:00+05:30,160.69,160.9,160.1,160.65,1820,121875
2025-12-30 15:16:00+05:30,160.9,161.15,160.3,160.3,1820,121875
2025-12-30 15:17:00+05:30,161.1,161.75,161.1,161.69,2015,121875
2025-12-30 15:18:00+05:30,162.19,163.35,162.19,163.0,845,120835
2025-12-30 15:19:00+05:30,162.4,162.65,162.3,162.3,1040,120835
2025-12-30 15:20:00+05:30,161.8,162.6,161.8,162.19,1625,120835
2025-12-30 15:21:00+05:30,160.69,162.4,160.69,162.4,3965,120705
2025-12-30 15:22:00+05:30,162.0,162.6,162.0,162.0,715,120705
2025-12-30 15:23:00+05:30,161.75,163.0,161.75,162.25,650,120705
2025-12-30 15:24:00+05:30,163.0,163.3,161.9,163.05,2275,120380
2025-12-30 15:25:00+05:30,163.44,163.44,162.75,162.75,1560,120380
2025-12-30 15:26:00+05:30,163.3,163.4,162.35,162.5,5655,120380
2025-12-30 15:27:00+05:30,164.0,164.4,163.3,163.8,3185,116480
2025-12-30 15:28:00+05:30,163.95,165.45,163.9,165.45,3250,116480
2025-12-30 15:29:00+05:30,164.85,168.0,164.85,168.0,2145,116480
2025-12-31 09:15:00+05:30,170.15,185.7,170.15,180.1,26715,125190
2025-12-31 09:16:00+05:30,180.55,182.35,177.15,181.0,13715,125190
2025-12-31 09:17:00+05:30,180.9,183.15,180.0,180.0,13520,125190
2025-12-31 09:18:00+05:30,179.55,185.0,178.75,184.85,9945,122785
2025-12-31 09:19:00+05:30,184.85,187.15,183.65,183.65,4810,122785
2025-12-31 09:20:00+05:30,184.65,185.0,180.15,185.0,3965,122785
2025-12-31 09:21:00+05:30,183.2,183.4,180.85,182.65,5200,123630
2025-12-31 09:22:00+05:30,181.8,183.95,181.8,183.15,2275,123630
2025-12-31 09:23:00+05:30,182.35,182.35,178.7,180.0,3835,123630
2025-12-31 09:24:00+05:30,180.35,181.15,177.6,180.0,5460,122915
2025-12-31 09:25:00+05:30,177.1,180.2,170.0,170.0,4160,122915
2025-12-31 09:26:00+05:30,169.55,172.25,169.45,170.3,6500,122915
2025-12-31 09:27:00+05:30,168.85,179.9,166.3,179.9,8450,129740
2025-12-31 09:28:00+05:30,180.95,185.0,180.95,183.6,7995,129740
2025-12-31 09:29:00+05:30,182.7,189.1,182.7,187.05,15470,129740
2025-12-31 09:30:00+05:30,187.5,190.4,184.0,187.0,10140,126685
2025-12-31 09:31:00+05:30,187.5,190.45,187.5,188.75,3640,126685
2025-12-31 09:32:00+05:30,188.2,188.2,185.1,185.5,4225,126685
2025-12-31 09:33:00+05:30,185.2,185.85,182.2,184.75,4095,126945
2025-12-31 09:34:00+05:30,184.25,184.25,175.75,175.75,59215,126945
2025-12-31 09:35:00+05:30,174.45,175.75,172.35,172.35,6760,126945
2025-12-31 09:36:00+05:30,172.65,177.75,172.5,177.45,4875,157885
2025-12-31 09:37:00+05:30,180.4,180.7,176.55,178.25,3770,157885
2025-12-31 09:38:00+05:30,178.9,182.25,178.8,179.35,3185,157885
2025-12-31 09:39:00+05:30,179.75,184.55,179.75,180.35,4290,160485
2025-12-31 09:40:00+05:30,180.45,181.6,177.25,179.8,2340,160485
2025-12-31 09:41:00+05:30,180.0,181.15,177.65,178.8,7670,160485
2025-12-31 09:42:00+05:30,178.65,181.9,178.2,179.1,3575,161655
2025-12-31 09:43:00+05:30,176.8,177.7,172.0,172.0,3055,161655
2025-12-31 09:44:00+05:30,172.6,172.7,166.0,167.6,7800,161655
2025-12-31 09:45:00+05:30,166.65,170.25,164.35,170.1,6240,161785
2025-12-31 09:46:00+05:30,169.8,173.6,169.8,169.8,6630,161785
2025-12-31 09:47:00+05:30,172.1,172.1,169.0,169.0,2860,161785
2025-12-31 09:48:00+05:30,168.0,170.9,168.0,169.45,2015,161785
2025-12-31 09:49:00+05:30,169.8,172.0,169.8,171.9,2600,164905
2025-12-31 09:50:00+05:30,171.8,174.3,171.05,174.3,3965,164905
2025-12-31 09:51:00+05:30,172.95,173.2,170.0,170.75,2470,164905
2025-12-31 09:52:00+05:30,173.55,174.0,169.1,169.1,2340,166725
2025-12-31 09:53:00+05:30,170.4,170.5,169.9,169.9,715,166725
2025-12-31 09:54:00+05:30,171.5,171.55,169.45,171.35,1365,166725
2025-12-31 09:55:00+05:30,170.65,171.1,167.1,170.2,3965,168350
2025-12-31 09:56:00+05:30,168.65,171.85,168.65,171.85,1625,168350
2025-12-31 09:57:00+05:30,172.0,172.0,167.45,168.55,1235,168480
2025-12-31 09:58:00+05:30,170.65,176.4,170.65,176.4,2665,168480
2025-12-31 09:59:00+05:30,178.05,178.05,174.65,174.65,2210,168480
2025-12-31 10:00:00+05:30,173.9,173.9,166.0,167.0,6110,168740
2025-12-31 10:01:00+05:30,167.8,169.25,167.3,167.55,455,168740
2025-12-31 10:02:00+05:30,167.55,174.7,167.55,173.05,2730,168740
2025-12-31 10:03:00+05:30,175.85,175.85,173.15,173.15,4095,168740
2025-12-31 10:04:00+05:30,171.7,172.55,167.0,167.0,1495,169130
2025-12-31 10:05:00+05:30,166.95,167.6,163.0,164.95,4420,169130
2025-12-31 10:06:00+05:30,165.75,168.4,165.5,168.4,1235,169975
2025-12-31 10:07:00+05:30,169.2,173.5,168.4,171.45,2470,169975
2025-12-31 10:08:00+05:30,171.45,174.15,171.45,174.05,2925,169975
2025-12-31 10:09:00+05:30,174.5,175.6,173.2,175.3,2145,171340
2025-12-31 10:10:00+05:30,173.6,175.6,173.6,175.5,910,171340
2025-12-31 10:11:00+05:30,173.85,174.8,173.85,174.8,1495,171340
2025-12-31 10:12:00+05:30,174.8,175.5,174.4,174.65,715,171015
2025-12-31 10:13:00+05:30,174.55,174.8,174.55,174.8,780,171015
2025-12-31 10:14:00+05:30,176.0,178.0,175.95,176.7,1755,171015
2025-12-31 10:15:00+05:30,179.0,181.4,179.0,180.2,5265,171015
2025-12-31 10:16:00+05:30,178.1,178.1,178.0,178.0,845,169715
2025-12-31 10:17:00+05:30,180.0,182.5,179.75,179.75,975,169715
2025-12-31 10:18:00+05:30,178.6,181.0,178.6,181.0,260,170105
2025-12-31 10:19:00+05:30,180.55,183.0,180.55,182.1,5330,170105
2025-12-31 10:20:00+05:30,180.35,182.4,180.35,181.7,2145,170105
2025-12-31 10:21:00+05:30,182.5,183.0,181.4,181.4,4355,169650
2025-12-31 10:22:00+05:30,182.4,182.65,181.25,181.25,845,169650
2025-12-31 10:23:00+05:30,181.9,183.15,180.35,180.35,1430,169650
2025-12-31 10:24:00+05:30,179.5,182.3,179.05,182.15,2210,169780
2025-12-31 10:25:00+05:30,181.95,182.75,181.0,181.0,1235,169780
2025-12-31 10:26:00+05:30,181.0,182.0,181.0,181.0,390,169780
2025-12-31 10:27:00+05:30,181.4,182.0,181.25,181.85,1625,169065
2025-12-31 10:28:00+05:30,182.4,183.35,181.8,182.3,6630,169065
2025-12-31 10:29:00+05:30,182.45,184.45,182.35,184.45,975,169065
2025-12-31 10:30:00+05:30,184.45,185.85,183.35,185.85,4680,168025
2025-12-31 10:31:00+05:30,185.6,192.0,185.2,192.0,7475,168025
2025-12-31 10:32:00+05:30,191.7,193.0,191.0,192.6,7085,168025
2025-12-31 10:33:00+05:30,192.25,194.0,191.65,192.3,6045,168025
2025-12-31 10:34:00+05:30,193.3,193.55,191.9,193.0,2860,164840
2025-12-31 10:35:00+05:30,193.0,193.0,189.9,192.6,6500,164840
2025-12-31 10:36:00+05:30,191.6,193.0,191.6,192.15,2860,164840
2025-12-31 10:37:00+05:30,191.6,191.95,189.2,191.4,4290,165425
2025-12-31 10:38:00+05:30,191.05,192.45,190.6,190.8,2210,165425
2025-12-31 10:39:00+05:30,190.45,191.25,189.65,189.65,1170,165425
2025-12-31 10:40:00+05:30,190.9,193.85,188.85,193.85,5330,166400
2025-12-31 10:41:00+05:30,193.35,203.5,193.35,203.3,11765,166400
2025-12-31 10:42:00+05:30,203.3,206.95,202.6,206.75,10010,166400
2025-12-31 10:43:00+05:30,204.15,204.15,202.7,203.65,5330,164905
2025-12-31 10:44:00+05:30,202.85,204.2,202.6,202.65,2340,164905
2025-12-31 10:45:00+05:30,205.2,205.9,202.85,203.15,7410,164905
2025-12-31 10:46:00+05:30,203.3,205.35,203.3,204.35,8515,164125
2025-12-31 10:47:00+05:30,204.3,204.4,200.45,201.25,3900,164125
2025-12-31 10:48:00+05:30,201.1,201.1,197.0,197.0,10010,164125
2025-12-31 10:49:00+05:30,197.8,200.65,197.7,200.65,3315,162175
2025-12-31 10:50:00+05:30,198.7,199.45,197.25,197.5,1690,162175
2025-12-31 10:51:00+05:30,197.1,200.25,196.65,200.25,3055,162175
2025-12-31 10:52:00+05:30,199.4,203.4,199.4,202.8,7345,162565
2025-12-31 10:53:00+05:30,202.9,205.55,202.3,205.0,3770,162565
2025-12-31 10:54:00+05:30,204.6,204.6,202.75,203.25,2730,162565
2025-12-31 10:55:00+05:30,203.75,203.75,202.0,202.9,2015,165425
2025-12-31 10:56:00+05:30,202.85,202.85,200.8,202.1,2145,165425
2025-12-31 10:57:00+05:30,202.05,204.0,201.9,204.0,1300,165425
2025-12-31 10:58:00+05:30,203.6,205.85,203.2,205.85,3705,166010
2025-12-31 10:59:00+05:30,205.95,205.95,204.3,204.4,2275,166010
2025-12-31 11:00:00+05:30,204.3,204.3,203.45,203.55,1885,166010
2025-12-31 11:01:00+05:30,203.55,205.3,203.05,204.4,2015,165165
2025-12-31 11:02:00+05:30,204.85,205.1,203.0,203.95,2145,165165
2025-12-31 11:03:00+05:30,204.35,205.05,203.8,204.45,6370,165165
2025-12-31 11:04:00+05:30,204.7,205.2,203.05,203.8,3120,166465
2025-12-31 11:05:00+05:30,205.2,206.05,203.0,203.4,2860,166465
2025-12-31 11:06:00+05:30,202.95,203.85,201.9,203.1,3965,166465
2025-12-31 11:07:00+05:30,203.6,204.0,201.5,201.65,1040,166595
2025-12-31 11:08:00+05:30,202.2,203.2,199.65,203.05,3445,166595
2025-12-31 11:09:00+05:30,202.0,202.0,198.45,201.5,2210,166595
2025-12-31 11:10:00+05:30,201.4,202.45,201.05,202.45,1300,166140
2025-12-31 11:11:00+05:30,203.0,203.65,200.95,200.95,1690,166140
2025-12-31 11:12:00+05:30,201.9,201.9,200.8,200.8,260,166140
2025-12-31 11:13:00+05:30,200.45,201.9,199.7,201.5,2990,166855
2025-12-31 11:14:00+05:30,202.2,204.25,202.1,204.25,1820,166855
2025-12-31 11:15:00+05:30,205.0,205.8,203.0,205.8,5525,166855
2025-12-31 11:16:00+05:30,205.1,206.0,203.4,204.65,3380,168935
2025-12-31 11:17:00+05:30,204.2,205.75,204.2,205.1,1885,168935
2025-12-31 11:18:00+05:30,206.0,206.0,204.45,204.45,1235,168935
2025-12-31 11:19:00+05:30,204.25,205.4,202.35,202.35,2405,169455
2025-12-31 11:20:00+05:30,203.1,203.1,200.65,200.65,3770,169455
2025-12-31 11:21:00+05:30,200.05,201.75,200.05,200.4,5525,169455
2025-12-31 11:22:00+05:30,199.6,201.3,199.0,200.2,3900,172705
2025-12-31 11:23:00+05:30,200.2,200.5,200.2,200.5,1170,172705
2025-12-31 11:24:00+05:30,200.35,200.35,195.95,198.0,2015,172705
2025-12-31 11:25:00+05:30,197.6,200.95,197.6,199.3,2080,170755
2025-12-31 11:26:00+05:30,198.8,199.05,198.25,198.25,715,170755
2025-12-31 11:27:00+05:30,198.3,198.3,198.25,198.25,390,170755
2025-12-31 11:28:00+05:30,198.25,198.25,195.3,195.3,1040,171405
2025-12-31 11:29:00+05:30,196.3,197.0,195.95,196.0,6695,171405
2025-12-31 11:30:00+05:30,194.7,195.5,194.25,195.5,3055,171405
2025-12-31 11:31:00+05:30,196.95,197.5,195.5,197.5,1560,171470
2025-12-31 11:32:00+05:30,196.4,196.75,196.4,196.55,2145,171470
2025-12-31 11:33:00+05:30,198.8,200.9,198.8,200.85,520,171470
2025-12-31 11:34:00+05:30,199.8,201.5,199.5,200.85,2080,174070
2025-12-31 11:35:00+05:30,201.7,204.0,201.7,204.0,3510,174070
2025-12-31 11:36:00+05:30,204.3,205.95,203.8,205.95,4550,174070
2025-12-31 11:37:00+05:30,206.0,206.05,204.6,205.65,8905,174135
2025-12-31 11:38:00+05:30,206.0,207.35,206.0,207.0,1820,174135
2025-12-31 11:39:00+05:30,206.15,207.7,206.15,207.05,1625,174135
2025-12-31 11:40:00+05:30,207.3,212.0,207.3,207.85,7865,174785
2025-12-31 11:41:00+05:30,208.2,208.65,208.05,208.2,2665,174785
2025-12-31 11:42:00+05:30,208.65,210.65,208.4,210.0,5980,174785
2025-12-31 11:43:00+05:30,210.35,210.35,208.55,209.7,3900,173485
2025-12-31 11:44:00+05:30,210.95,211.0,209.55,210.55,3185,173485
2025-12-31 11:45:00+05:30,210.55,210.95,207.65,208.55,10075,173485
2025-12-31 11:46:00+05:30,208.9,208.9,206.7,206.9,1950,173355
2025-12-31 11:47:00+05:30,208.15,210.2,208.15,209.4,2210,173355
2025-12-31 11:48:00+05:30,209.4,210.6,208.65,210.5,15860,173355
2025-12-31 11:49:00+05:30,210.6,212.0,210.2,211.75,5395,176475
2025-12-31 11:50:00+05:30,211.5,211.85,209.55,211.85,2535,176475
2025-12-31 11:51:00+05:30,211.2,212.5,210.3,212.0,4095,176475
2025-12-31 11:52:00+05:30,211.55,212.9,210.65,211.4,1885,177710
2025-12-31 11:53:00+05:30,211.1,212.1,211.0,211.8,910,177710
2025-12-31 11:54:00+05:30,211.5,211.7,211.0,211.55,1820,177710
2025-12-31 11:55:00+05:30,211.1,211.35,207.75,208.0,2990,178360
2025-12-31 11:56:00+05:30,208.95,213.1,208.95,213.1,2080,178360
2025-12-31 11:57:00+05:30,213.0,213.0,211.2,211.2,1105,178360
2025-12-31 11:58:00+05:30,210.7,210.7,210.1,210.1,585,179270
2025-12-31 11:59:00+05:30,209.6,210.25,209.0,209.0,1755,179270
2025-12-31 12:00:00+05:30,209.4,210.1,208.65,209.2,2080,179270
2025-12-31 12:01:00+05:30,208.35,212.95,208.35,210.8,5525,178945
2025-12-31 12:02:00+05:30,212.7,213.2,210.2,210.2,2080,178945
2025-12-31 12:03:00+05:30,211.3,212.6,210.95,212.4,1430,178945
2025-12-31 12:04:00+05:30,213.8,213.8,212.1,212.1,1040,179075
2025-12-31 12:05:00+05:30,212.1,212.1,211.0,211.7,4095,179075
2025-12-31 12:06:00+05:30,213.0,213.05,212.5,212.5,1235,179075
2025-12-31 12:07:00+05:30,213.05,218.0,213.05,215.4,3250,181155
2025-12-31 12:08:00+05:30,217.35,220.0,215.4,220.0,21840,181155
2025-12-31 12:09:00+05:30,219.55,222.45,219.5,220.9,5265,181155
2025-12-31 12:10:00+05:30,219.9,219.9,217.85,217.85,3510,178165
2025-12-31 12:11:00+05:30,217.7,219.0,215.55,219.0,4485,178165
2025-12-31 12:12:00+05:30,218.4,223.3,218.4,222.05,5200,178165
2025-12-31 12:13:00+05:30,222.1,228.4,221.15,226.15,5720,176605
2025-12-31 12:14:00+05:30,224.3,225.0,222.65,223.75,16510,176605
2025-12-31 12:15:00+05:30,225.0,225.1,222.1,222.1,4095,176605
2025-12-31 12:16:00+05:30,222.3,223.3,222.2,223.2,2145,175565
2025-12-31 12:17:00+05:30,222.0,222.0,219.6,220.1,11765,175565
2025-12-31 12:18:00+05:30,220.1,222.2,220.1,221.5,3510,175565
2025-12-31 12:19:00+05:30,221.6,221.65,220.3,220.4,5785,175825
2025-12-31 12:20:00+05:30,221.0,223.9,220.95,223.5,1820,175825
2025-12-31 12:21:00+05:30,222.05,224.45,222.05,224.45,780,175825
2025-12-31 12:22:00+05:30,223.7,224.45,222.55,224.45,2535,177125
2025-12-31 12:23:00+05:30,224.35,225.55,224.35,225.4,1820,177125
2025-12-31 12:24:00+05:30,225.5,227.45,225.25,227.45,2145,177125
2025-12-31 12:25:00+05:30,226.95,227.3,224.15,224.2,3445,175890
2025-12-31 12:26:00+05:30,224.7,224.7,223.45,224.05,2795,175890
2025-12-31 12:27:00+05:30,225.0,225.8,225.0,225.8,845,175890
2025-12-31 12:28:00+05:30,226.8,226.8,224.95,225.0,1235,176085
2025-12-31 12:29:00+05:30,225.8,226.25,225.2,226.25,1495,176085
2025-12-31 12:30:00+05:30,224.6,225.0,224.2,224.2,780,176085
2025-12-31 12:31:00+05:30,224.65,228.25,224.65,226.35,3055,175695
2025-12-31 12:32:00+05:30,227.9,228.8,226.35,226.35,3835,175695
2025-12-31 12:33:00+05:30,227.3,233.3,226.95,231.8,4745,175695
2025-12-31 12:34:00+05:30,231.45,232.25,229.7,231.6,1820,173420
2025-12-31 12:35:00+05:30,231.1,234.05,230.0,230.0,910,173420
2025-12-31 12:36:00+05:30,229.95,230.5,229.35,230.5,585,173420
2025-12-31 12:37:00+05:30,230.0,230.0,230.0,230.0,65,173420
2025-12-31 12:38:00+05:30,232.0,232.0,231.2,231.2,195,173420
2025-12-31 12:39:00+05:30,231.2,232.0,230.95,231.7,845,173420
2025-12-31 12:40:00+05:30,232.85,235.0,232.85,234.25,6045,171925
2025-12-31 12:41:00+05:30,233.5,233.5,231.35,232.55,5850,171925
2025-12-31 12:42:00+05:30,232.95,235.65,232.95,235.2,2730,171925
2025-12-31 12:43:00+05:30,234.65,236.95,233.7,236.95,3575,169260
2025-12-31 12:44:00+05:30,236.8,241.95,234.85,241.95,2730,169260
2025-12-31 12:45:00+05:30,242.1,245.0,240.3,245.0,18265,169260
2025-12-31 12:46:00+05:30,245.5,250.65,244.1,250.65,6825,166270
2025-12-31 12:47:00+05:30,249.85,251.0,246.35,249.7,5265,166270
2025-12-31 12:48:00+05:30,249.8,253.65,249.2,253.65,2990,166270
2025-12-31 12:49:00+05:30,253.2,256.45,252.9,254.95,2730,161590
2025-12-31 12:50:00+05:30,254.15,254.95,251.2,252.75,3640,161590
2025-12-31 12:51:00+05:30,253.45,256.0,253.45,255.85,4095,161590
2025-12-31 12:52:00+05:30,256.2,262.25,256.2,261.3,4225,159575
2025-12-31 12:53:00+05:30,262.2,266.95,262.0,266.95,2535,159575
2025-12-31 12:54:00+05:30,264.3,265.0,263.85,263.85,2015,159575
2025-12-31 12:55:00+05:30,264.0,267.0,263.6,264.8,1820,158730
2025-12-31 12:56:00+05:30,266.5,266.95,266.5,266.95,520,158730
2025-12-31 12:57:00+05:30,268.8,273.2,268.6,271.55,2275,158730
2025-12-31 12:58:00+05:30,271.1,274.8,271.1,274.8,2990,157365
2025-12-31 12:59:00+05:30,274.0,274.0,268.55,268.55,1365,157365
2025-12-31 13:00:00+05:30,271.85,273.85,271.85,273.0,715,157365
2025-12-31 13:01:00+05:30,274.0,275.0,273.0,273.5,1105,154635
2025-12-31 13:02:00+05:30,271.25,271.25,266.0,267.0,1755,154635
2025-12-31 13:03:00+05:30,265.8,267.89,265.64,267.1,650,154635
2025-12-31 13:04:00+05:30,267.6,267.89,267.55,267.75,715,153790
2025-12-31 13:05:00+05:30,266.8,266.95,266.8,266.95,390,153790
2025-12-31 13:06:00+05:30,265.2,265.89,261.3,261.3,3055,153790
2025-12-31 13:07:00+05:30,261.64,266.0,261.64,266.0,3185,153205
2025-12-31 13:08:00+05:30,266.0,266.95,265.95,266.55,1365,153205
2025-12-31 13:09:00+05:30,267.0,267.0,266.95,266.95,130,153205
2025-12-31 13:10:00+05:30,266.7,269.3,266.7,268.5,2600,153140
2025-12-31 13:11:00+05:30,267.35,267.35,265.1,266.35,1950,153140
2025-12-31 13:12:00+05:30,267.85,269.14,267.85,269.05,1625,153140
2025-12-31 13:13:00+05:30,270.0,272.0,270.0,272.0,650,152945
2025-12-31 13:14:00+05:30,270.6,271.7,270.14,270.14,520,152945
2025-12-31 13:15:00+05:30,272.0,272.0,268.0,268.0,1235,152945
2025-12-31 13:16:00+05:30,266.89,266.89,264.89,266.14,260,152945
2025-12-31 13:17:00+05:30,264.0,264.2,264.0,264.0,325,152425
2025-12-31 13:18:00+05:30,262.39,262.5,262.0,262.0,1040,152425
2025-12-31 13:19:00+05:30,265.1,265.35,263.8,263.8,715,152555
2025-12-31 13:20:00+05:30,265.39,267.3,265.39,267.3,650,152555
2025-12-31 13:21:00+05:30,267.0,267.7,266.25,266.25,650,152555
2025-12-31 13:22:00+05:30,269.55,269.75,268.95,268.95,650,152555
2025-12-31 13:23:00+05:30,270.55,270.55,269.39,269.39,260,152555
2025-12-31 13:24:00+05:30,270.55,270.7,268.0,268.14,715,152555
2025-12-31 13:25:00+05:30,267.89,268.45,267.89,268.1,195,152555
2025-12-31 13:26:00+05:30,268.6,268.6,268.6,268.6,65,152100
2025-12-31 13:27:00+05:30,267.85,269.55,267.85,268.8,455,152100
2025-12-31 13:28:00+05:30,268.8,268.8,268.8,268.8,0,152100
2025-12-31 13:29:00+05:30,269.0,269.0,269.0,269.0,65,152230
2025-12-31 13:30:00+05:30,269.0,269.0,269.0,269.0,0,152230
2025-12-31 13:31:00+05:30,269.0,269.0,269.0,269.0,0,152230
2025-12-31 13:32:00+05:30,271.8,271.8,271.8,271.8,325,152230
2025-12-31 13:33:00+05:30,270.14,270.14,268.39,268.39,1040,152230
2025-12-31 13:34:00+05:30,263.35,264.89,263.35,263.45,260,152230
2025-12-31 13:35:00+05:30,262.05,262.05,259.25,260.85,6175,152230
2025-12-31 13:36:00+05:30,261.0,261.0,260.75,260.89,2405,152230
2025-12-31 13:37:00+05:30,258.5,258.55,256.0,256.0,715,151515
2025-12-31 13:38:00+05:30,256.2,256.2,254.2,255.4,4030,151515
2025-12-31 13:39:00+05:30,255.6,256.95,255.6,256.95,1300,151515
2025-12-31 13:40:00+05:30,259.2,259.39,257.75,259.39,2015,151515
2025-12-31 13:41:00+05:30,259.39,259.39,259.39,259.39,0,151515
2025-12-31 13:42:00+05:30,262.39,265.0,262.39,265.0,260,151515
2025-12-31 13:43:00+05:30,264.2,264.2,263.0,263.0,1365,151515
2025-12-31 13:44:00+05:30,265.3,265.8,265.3,265.8,585,151450
2025-12-31 13:45:00+05:30,267.85,267.85,266.55,266.55,585,151450
2025-12-31 13:46:00+05:30,267.95,269.0,267.95,269.0,36010,137930
2025-12-31 13:47:00+05:30,270.0,270.64,270.0,270.64,14170,137930
2025-12-31 13:48:00+05:30,271.55,271.55,269.89,269.89,5850,137930
2025-12-31 13:49:00+05:30,271.3,271.3,271.3,271.3,65,137930
2025-12-31 13:50:00+05:30,271.3,271.3,271.3,271.3,0,137930
2025-12-31 13:51:00+05:30,271.55,272.0,271.55,272.0,390,116935
2025-12-31 13:52:00+05:30,272.05,272.05,270.6,270.6,455,116935
2025-12-31 13:53:00+05:30,270.3,272.05,270.3,272.05,455,117000
2025-12-31 13:54:00+05:30,271.95,271.95,271.95,271.95,65,117000
2025-12-31 13:55:00+05:30,271.35,271.35,271.35,271.35,65,117000
2025-12-31 13:56:00+05:30,275.0,275.0,275.0,275.0,260,117065
2025-12-31 13:57:00+05:30,277.0,277.0,274.0,274.0,325,117065
2025-12-31 13:58:00+05:30,276.25,281.8,275.75,278.55,4160,117065
2025-12-31 13:59:00+05:30,281.1,282.05,275.39,275.39,2340,116090
2025-12-31 14:00:00+05:30,276.14,276.14,274.14,274.14,455,116090
2025-12-31 14:01:00+05:30,275.0,275.0,275.0,275.0,65,116090
2025-12-31 14:02:00+05:30,272.25,272.25,267.2,270.3,2145,116155
2025-12-31 14:03:00+05:30,272.55,274.55,272.55,272.6,260,116155
2025-12-31 14:04:00+05:30,274.3,274.3,274.3,274.3,260,116155
2025-12-31 14:05:00+05:30,273.5,273.5,273.5,273.5,65,115310
2025-12-31 14:06:00+05:30,274.7,275.0,273.2,275.0,1560,115310
2025-12-31 14:07:00+05:30,275.0,275.8,274.8,275.8,1040,115310
2025-12-31 14:08:00+05:30,276.64,276.64,273.35,274.5,845,116155
2025-12-31 14:09:00+05:30,275.3,275.3,275.05,275.3,325,116155
2025-12-31 14:10:00+05:30,276.8,276.8,275.2,276.1,195,116155
2025-12-31 14:11:00+05:30,274.39,275.6,274.39,274.7,1625,116025
2025-12-31 14:12:00+05:30,274.3,275.85,273.85,273.85,1040,116025
2025-12-31 14:13:00+05:30,274.0,274.0,274.0,274.0,65,116025
2025-12-31 14:14:00+05:30,273.14,273.14,273.14,273.14,65,116090
2025-12-31 14:15:00+05:30,272.89,272.89,269.0,269.35,1300,116090
2025-12-31 14:16:00+05:30,268.5,269.05,268.5,269.05,1365,116090
2025-12-31 14:17:00+05:30,266.14,266.14,265.75,265.75,390,115895
2025-12-31 14:18:00+05:30,267.39,267.39,267.39,267.39,260,115895
2025-12-31 14:19:00+05:30,269.39,269.39,269.39,269.39,390,115895
2025-12-31 14:20:00+05:30,268.5,268.5,268.5,268.5,1105,115895
2025-12-31 14:21:00+05:30,267.8,267.8,267.8,267.8,65,115895
2025-12-31 14:22:00+05:30,267.8,267.8,267.8,267.8,0,115895
2025-12-31 14:23:00+05:30,266.85,266.85,263.25,263.25,195,116285
2025-12-31 14:24:00+05:30,262.39,262.39,262.35,262.35,1170,116285
2025-12-31 14:25:00+05:30,268.35,268.55,266.1,267.55,2405,116285
2025-12-31 14:26:00+05:30,266.0,266.0,265.45,265.45,390,115700
2025-12-31 14:27:00+05:30,265.45,265.45,265.45,265.45,0,115700
2025-12-31 14:28:00+05:30,265.45,265.45,265.45,265.45,0,115700
2025-12-31 14:29:00+05:30,265.45,265.45,265.45,265.45,0,115700
2025-12-31 14:30:00+05:30,266.45,266.45,266.45,266.45,195,115765
2025-12-31 14:31:00+05:30,266.45,266.45,266.45,266.45,0,115765
2025-12-31 14:32:00+05:30,265.25,265.25,265.25,265.25,65,115960
2025-12-31 14:33:00+05:30,267.0,267.75,267.0,267.75,325,115960
2025-12-31 14:34:00+05:30,264.6,265.45,264.14,264.14,195,115960
2025-12-31 14:35:00+05:30,264.64,264.64,264.64,264.64,65,115960
2025-12-31 14:36:00+05:30,264.64,264.64,264.64,264.64,0,115960
2025-12-31 14:37:00+05:30,266.95,266.95,266.0,266.5,325,115830
2025-12-31 14:38:00+05:30,267.35,267.35,267.35,267.35,1105,115895
2025-12-31 14:39:00+05:30,271.0,271.0,271.0,271.0,260,115895
2025-12-31 14:40:00+05:30,271.0,271.0,271.0,271.0,0,115895
2025-12-31 14:41:00+05:30,272.75,272.75,272.6,272.6,975,115245
2025-12-31 14:42:00+05:30,274.35,275.5,274.1,274.1,1105,115245
2025-12-31 14:43:00+05:30,273.2,275.0,273.0,273.25,8645,115245
2025-12-31 14:44:00+05:30,273.25,273.25,273.25,273.25,0,115245
2025-12-31 14:45:00+05:30,271.0,271.1,268.6,271.1,390,115440
2025-12-31 14:46:00+05:30,272.5,272.5,272.5,272.5,1040,115440
2025-12-31 14:47:00+05:30,272.5,272.5,272.5,272.5,0,115440
2025-12-31 14:48:00+05:30,270.25,270.39,270.0,270.0,260,115765
2025-12-31 14:49:00+05:30,270.39,270.39,270.39,270.39,130,115765
2025-12-31 14:50:00+05:30,270.39,270.39,270.39,270.39,325,115635
2025-12-31 14:51:00+05:30,269.55,269.55,268.6,268.6,1170,115635
2025-12-31 14:52:00+05:30,267.95,267.95,267.95,267.95,130,115635
2025-12-31 14:53:00+05:30,267.39,267.55,267.39,267.55,455,115050
2025-12-31 14:54:00+05:30,269.3,269.3,269.3,269.3,65,115050
2025-12-31 14:55:00+05:30,270.85,272.14,270.85,272.14,585,115050
2025-12-31 14:56:00+05:30,272.64,272.64,272.64,272.64,325,115050
2025-12-31 14:57:00+05:30,272.64,272.64,271.39,271.39,130,115440
2025-12-31 14:58:00+05:30,270.3,270.35,269.5,270.35,195,115440
2025-12-31 14:59:00+05:30,272.7,272.7,272.39,272.39,130,115440
2025-12-31 15:00:00+05:30,270.0,270.0,262.0,264.6,5785,115440
2025-12-31 15:01:00+05:30,264.3,264.5,262.75,264.3,780,115440
2025-12-31 15:02:00+05:30,262.0,262.0,258.85,258.85,2795,114075
2025-12-31 15:03:00+05:30,258.0,259.1,258.0,259.1,975,114075
2025-12-31 15:04:00+05:30,259.7,261.55,259.7,261.55,780,114075
2025-12-31 15:05:00+05:30,260.89,261.14,260.0,260.0,520,113230
2025-12-31 15:06:00+05:30,262.95,264.0,261.64,261.64,780,113230
2025-12-31 15:07:00+05:30,261.7,261.85,256.7,258.8,4030,113230
2025-12-31 15:08:00+05:30,260.25,263.85,260.25,262.45,520,116285
2025-12-31 15:09:00+05:30,264.64,264.64,262.89,262.89,260,116285
2025-12-31 15:10:00+05:30,262.64,263.05,262.39,262.39,390,116285
2025-12-31 15:11:00+05:30,261.2,261.2,255.25,256.64,4680,116090
2025-12-31 15:12:00+05:30,255.65,257.8,253.8,255.8,4290,116090
2025-12-31 15:13:00+05:30,256.14,257.1,255.7,257.1,455,116090
2025-12-31 15:14:00+05:30,257.2,257.45,254.05,257.45,2275,115895
2025-12-31 15:15:00+05:30,258.85,265.45,258.85,265.45,1950,115895
2025-12-31 15:16:00+05:30,263.8,265.25,263.64,265.25,3575,115895
2025-12-31 15:17:00+05:30,264.45,264.45,264.45,264.45,130,117845
2025-12-31 15:18:00+05:30,264.75,265.25,262.8,265.25,1430,117845
2025-12-31 15:19:00+05:30,264.89,264.89,262.89,262.89,585,117845
2025-12-31 15:20:00+05:30,260.7,260.75,256.0,256.0,7995,117260
2025-12-31 15:21:00+05:30,258.55,259.14,258.55,259.14,130,117260
2025-12-31 15:22:00+05:30,259.64,260.0,256.89,257.2,910,117260
2025-12-31 15:23:00+05:30,258.6,258.6,258.39,258.39,325,115180
2025-12-31 15:24:00+05:30,258.05,259.0,256.55,259.0,1170,115180
2025-12-31 15:25:00+05:30,258.55,259.55,257.85,259.55,1755,115180
2025-12-31 15:26:00+05:30,258.89,260.0,258.89,260.0,2145,114400
2025-12-31 15:27:00+05:30,262.2,262.25,259.89,260.0,3770,114400
2025-12-31 15:28:00+05:30,260.89,261.14,260.45,261.14,845,114400
2025-12-31 15:29:00+05:30,261.95,265.64,261.95,264.5,2015,113035
2026-01-01 09:15:00+05:30,278.95,285.05,278.35,280.1,1105,109915
2026-01-01 09:16:00+05:30,276.64,276.64,269.3,275.25,1495,109915
2026-01-01 09:17:00+05:30,275.25,278.85,275.25,278.6,1235,109915
2026-01-01 09:18:00+05:30,278.05,278.05,272.0,272.25,2990,109915
2026-01-01 09:19:00+05:30,267.5,267.7,262.5,265.14,5070,108745
2026-01-01 09:20:00+05:30,262.14,265.1,259.75,259.75,2925,108745
2026-01-01 09:21:00+05:30,260.5,265.55,260.5,263.75,1300,108745
2026-01-01 09:22:00+05:30,262.3,262.7,256.45,256.45,1560,106990
2026-01-01 09:23:00+05:30,256.45,257.89,252.75,252.75,260,106990
2026-01-01 09:24:00+05:30,253.0,259.25,253.0,254.0,1495,106990
2026-01-01 09:25:00+05:30,253.0,255.0,252.55,253.15,2145,106470
2026-01-01 09:26:00+05:30,257.89,258.7,244.2,244.35,1430,106470
2026-01-01 09:27:00+05:30,244.6,251.65,244.6,250.4,1495,106470
2026-01-01 09:28:00+05:30,252.0,259.0,250.65,259.0,910,106210
2026-01-01 09:29:00+05:30,262.0,268.0,261.1,268.0,1690,106210
2026-01-01 09:30:00+05:30,265.7,266.6,262.75,266.45,1950,106210
2026-01-01 09:31:00+05:30,267.0,268.95,255.85,255.85,1235,105950
2026-01-01 09:32:00+05:30,263.7,265.35,263.3,263.3,260,105950
2026-01-01 09:33:00+05:30,262.1,263.1,260.6,260.6,390,105950
2026-01-01 09:34:00+05:30,259.35,261.5,259.35,259.7,910,106080
2026-01-01 09:35:00+05:30,259.7,261.55,259.6,259.6,585,106080
2026-01-01 09:36:00+05:30,262.55,263.35,255.1,255.1,1040,106080
2026-01-01 09:37:00+05:30,255.75,255.75,250.0,254.8,390,105755
2026-01-01 09:38:00+05:30,258.35,258.35,254.0,254.3,1105,105755
2026-01-01 09:39:00+05:30,254.95,254.95,253.4,253.95,1105,105755
2026-01-01 09:40:00+05:30,251.55,253.85,250.95,253.85,1690,105430
2026-01-01 09:41:00+05:30,261.8,261.8,258.7,259.45,390,105430
2026-01-01 09:42:00+05:30,258.0,258.0,252.2,253.55,715,105430
2026-01-01 09:43:00+05:30,257.6,265.0,257.6,264.85,585,105235
2026-01-01 09:44:00+05:30,263.64,264.39,263.64,263.8,1300,105235
2026-01-01 09:45:00+05:30,263.25,263.25,258.14,258.14,325,105235
2026-01-01 09:46:00+05:30,257.64,257.64,255.3,256.85,650,105235
2026-01-01 09:47:00+05:30,252.6,257.05,252.6,257.05,910,105235
2026-01-01 09:48:00+05:30,259.6,262.25,259.6,260.55,715,105235
2026-01-01 09:49:00+05:30,259.95,268.0,259.95,268.0,260,105365
2026-01-01 09:50:00+05:30,268.7,271.3,267.14,271.3,910,105365
2026-01-01 09:51:00+05:30,267.7,271.0,267.55,271.0,585,105365
2026-01-01 09:52:00+05:30,272.05,274.95,272.05,273.45,650,105105
2026-01-01 09:53:00+05:30,272.05,272.05,268.5,268.5,1105,105105
2026-01-01 09:54:00+05:30,270.0,270.0,267.6,269.39,715,105105
2026-01-01 09:55:00+05:30,266.0,268.45,266.0,268.45,975,105040
2026-01-01 09:56:00+05:30,269.2,271.8,269.2,271.8,130,105040
2026-01-01 09:57:00+05:30,267.89,267.89,264.05,266.2,845,105040
2026-01-01 09:58:00+05:30,258.85,258.85,247.85,248.7,1040,104650
2026-01-01 09:59:00+05:30,249.0,251.6,244.65,244.65,910,104650
2026-01-01 10:00:00+05:30,248.0,252.8,248.0,252.8,1040,104650
2026-01-01 10:01:00+05:30,255.0,255.0,252.0,252.0,130,105625
2026-01-01 10:02:00+05:30,248.0,255.15,248.0,255.15,585,105625
2026-01-01 10:03:00+05:30,255.15,255.15,253.2,253.2,195,105625
2026-01-01 10:04:00+05:30,256.5,258.39,256.5,258.39,195,105430
2026-01-01 10:05:00+05:30,255.75,255.75,255.75,255.75,650,105430
2026-01-01 10:06:00+05:30,253.8,255.55,252.95,255.55,585,105430
2026-01-01 10:07:00+05:30,252.75,258.45,251.55,257.45,975,104845
2026-01-01 10:08:00+05:30,257.5,257.5,257.14,257.14,195,104845
2026-01-01 10:09:00+05:30,254.95,254.95,254.4,254.4,780,104845
2026-01-01 10:10:00+05:30,247.2,251.7,247.2,250.4,520,104715
2026-01-01 10:11:00+05:30,249.35,249.35,247.9,248.8,195,104715
2026-01-01 10:12:00+05:30,245.75,245.75,244.6,244.95,1235,104715
2026-01-01 10:13:00+05:30,243.0,244.7,243.0,243.3,845,104910
2026-01-01 10:14:00+05:30,244.45,246.55,244.45,245.95,845,104910
2026-01-01 10:15:00+05:30,244.0,244.0,240.0,244.0,1495,104910
2026-01-01 10:16:00+05:30,242.35,242.35,236.95,236.95,585,104715
2026-01-01 10:17:00+05:30,239.45,241.4,239.45,241.4,195,104715
2026-01-01 10:18:00+05:30,235.8,235.8,233.15,233.15,780,104715
2026-01-01 10:19:00+05:30,233.1,234.35,231.3,233.85,1040,105495
2026-01-01 10:20:00+05:30,232.55,233.05,229.75,230.35,910,105495
2026-01-01 10:21:00+05:30,231.05,231.25,227.25,227.25,1365,105495
2026-01-01 10:22:00+05:30,227.6,228.15,225.0,227.1,3315,107250
2026-01-01 10:23:00+05:30,226.55,231.55,226.15,231.3,1365,107250
2026-01-01 10:24:00+05:30,231.95,235.5,231.9,235.5,2470,107250
2026-01-01 10:25:00+05:30,235.55,240.0,234.95,240.0,3185,109525
2026-01-01 10:26:00+05:30,239.15,242.0,238.7,238.7,1105,109525
2026-01-01 10:27:00+05:30,239.85,242.95,239.85,242.05,715,109525
2026-01-01 10:28:00+05:30,239.5,241.05,239.5,241.05,325,110240
2026-01-01 10:29:00+05:30,242.7,245.35,241.8,245.35,455,110240
2026-01-01 10:30:00+05:30,246.15,249.75,245.2,245.2,2080,110240
2026-01-01 10:31:00+05:30,245.45,245.45,243.6,243.6,325,111215
2026-01-01 10:32:00+05:30,242.6,249.75,242.6,249.75,650,111215
2026-01-01 10:33:00+05:30,250.85,250.85,248.5,250.55,1820,111215
2026-01-01 10:34:00+05:30,252.0,252.0,250.6,250.6,325,110695
2026-01-01 10:35:00+05:30,254.9,256.0,253.3,256.0,455,110695
2026-01-01 10:36:00+05:30,256.6,256.6,251.25,253.7,1560,110695
2026-01-01 10:37:00+05:30,251.75,251.75,250.7,250.7,130,110045
2026-01-01 10:38:00+05:30,250.3,250.3,248.0,248.0,520,110045
2026-01-01 10:39:00+05:30,248.0,248.0,248.0,248.0,0,110045
2026-01-01 10:40:00+05:30,247.85,248.0,245.0,245.1,520,110045
2026-01-01 10:41:00+05:30,241.6,248.25,241.6,248.25,260,110045
2026-01-01 10:42:00+05:30,248.25,248.25,246.9,246.9,130,110045
2026-01-01 10:43:00+05:30,246.75,250.55,246.75,250.55,260,110370
2026-01-01 10:44:00+05:30,250.0,250.0,248.6,248.6,520,110370
2026-01-01 10:45:00+05:30,249.75,253.75,249.75,253.75,1235,110370
2026-01-01 10:46:00+05:30,255.85,256.85,255.85,256.85,715,109980
2026-01-01 10:47:00+05:30,256.35,257.0,254.35,257.0,1625,109980
2026-01-01 10:48:00+05:30,259.2,260.7,258.89,258.89,975,109980
2026-01-01 10:49:00+05:30,259.89,262.0,259.89,262.0,195,108290
2026-01-01 10:50:00+05:30,264.0,264.0,262.0,263.3,455,108290
2026-01-01 10:51:00+05:30,261.2,261.2,261.2,261.2,130,108290
2026-01-01 10:52:00+05:30,261.2,261.2,261.2,261.2,0,108290
2026-01-01 10:53:00+05:30,261.8,263.45,261.8,263.45,195,108095
2026-01-01 10:54:00+05:30,265.0,265.0,261.0,261.89,975,108095
2026-01-01 10:55:00+05:30,261.89,261.89,261.89,261.89,0,108095
2026-01-01 10:56:00+05:30,261.89,261.89,261.89,261.89,0,108095
2026-01-01 10:57:00+05:30,259.1,260.55,259.1,260.55,390,107770
2026-01-01 10:58:00+05:30,260.0,261.35,260.0,260.8,195,107965
2026-01-01 10:59:00+05:30,260.75,261.1,260.75,261.1,325,107965
2026-01-01 11:00:00+05:30,259.64,259.64,258.3,258.3,195,107965
2026-01-01 11:01:00+05:30,261.14,265.89,261.14,263.89,585,107965
2026-01-01 11:02:00+05:30,264.7,266.2,264.7,266.2,130,107965
2026-01-01 11:03:00+05:30,263.25,263.25,263.25,263.25,65,107965
2026-01-01 11:04:00+05:30,261.95,262.14,255.5,255.5,845,107640
2026-01-01 11:05:00+05:30,257.85,257.85,257.85,257.85,65,107640
2026-01-01 11:06:00+05:30,256.85,256.85,254.1,254.1,130,107640
2026-01-01 11:07:00+05:30,255.85,257.64,255.85,257.64,130,107185
2026-01-01 11:08:00+05:30,255.85,255.85,255.85,255.85,65,107185
2026-01-01 11:09:00+05:30,255.85,255.85,255.85,255.85,0,107185
2026-01-01 11:10:00+05:30,252.65,252.65,252.65,252.65,65,107250
2026-01-01 11:11:00+05:30,253.35,253.8,252.2,253.8,1560,107250
2026-01-01 11:12:00+05:30,256.3,260.0,256.3,258.55,520,107250
2026-01-01 11:13:00+05:30,262.0,262.0,262.0,262.0,65,107250
2026-01-01 11:14:00+05:30,262.0,262.0,262.0,262.0,0,107250
2026-01-01 11:15:00+05:30,259.35,259.35,258.25,258.25,520,106925
2026-01-01 11:16:00+05:30,253.8,254.1,251.95,254.1,585,106730
2026-01-01 11:17:00+05:30,256.89,256.89,256.89,256.89,195,106730
2026-01-01 11:18:00+05:30,256.89,256.89,256.89,256.89,0,106730
2026-01-01 11:19:00+05:30,256.89,256.89,256.89,256.89,0,106730
2026-01-01 11:20:00+05:30,259.95,259.95,258.7,258.7,1235,107055
2026-01-01 11:21:00+05:30,261.25,262.0,261.25,262.0,195,107055
2026-01-01 11:22:00+05:30,262.0,262.2,261.14,261.14,520,107055
2026-01-01 11:23:00+05:30,257.0,257.0,255.0,255.0,130,106405
2026-01-01 11:24:00+05:30,255.0,258.85,255.0,258.85,650,106405
2026-01-01 11:25:00+05:30,257.35,257.35,256.35,256.35,390,106340
2026-01-01 11:26:00+05:30,256.95,260.3,256.95,260.3,910,106340
2026-01-01 11:27:00+05:30,261.0,261.0,261.0,261.0,325,106340
2026-01-01 11:28:00+05:30,260.0,260.0,260.0,260.0,65,106275
2026-01-01 11:29:00+05:30,259.45,259.45,256.45,256.45,715,106275
2026-01-01 11:30:00+05:30,255.1,255.1,253.2,253.2,520,106275
2026-01-01 11:31:00+05:30,257.1,257.85,257.1,257.7,1170,106145
2026-01-01 11:32:00+05:30,256.64,256.64,253.0,253.0,325,106145
2026-01-01 11:33:00+05:30,250.75,250.75,250.0,250.0,195,106145
2026-01-01 11:34:00+05:30,249.1,250.85,249.1,250.85,195,106275
2026-01-01 11:35:00+05:30,248.0,248.75,247.35,248.75,845,106275
2026-01-01 11:36:00+05:30,249.25,249.25,249.25,249.25,260,106275
2026-01-01 11:37:00+05:30,249.4,254.0,249.4,254.0,520,105755
2026-01-01 11:38:00+05:30,252.35,252.35,252.35,252.35,65,105755
2026-01-01 11:39:00+05:30,251.7,251.7,251.7,251.7,65,105755
2026-01-01 11:40:00+05:30,251.7,251.7,251.7,251.7,0,105755
2026-01-01 11:41:00+05:30,250.95,251.75,250.95,251.75,195,105950
2026-01-01 11:42:00+05:30,246.95,246.95,246.95,246.95,65,105950
2026-01-01 11:43:00+05:30,242.85,245.0,242.05,242.05,1105,105300
2026-01-01 11:44:00+05:30,240.3,240.3,239.6,239.6,715,105300
2026-01-01 11:45:00+05:30,239.55,241.25,239.55,241.25,585,105300
2026-01-01 11:46:00+05:30,240.45,240.45,240.45,240.45,65,105300
2026-01-01 11:47:00+05:30,239.2,239.2,237.15,238.65,845,105300
2026-01-01 11:48:00+05:30,240.1,241.15,240.1,241.15,520,105300
2026-01-01 11:49:00+05:30,241.3,242.0,240.05,240.05,1040,105755
2026-01-01 11:50:00+05:30,239.35,240.3,239.35,240.3,325,105755
2026-01-01 11:51:00+05:30,238.55,240.9,235.0,237.1,585,105755
2026-01-01 11:52:00+05:30,238.75,238.75,238.75,238.75,130,106015
2026-01-01 11:53:00+05:30,237.35,237.65,237.2,237.65,845,106015
2026-01-01 11:54:00+05:30,240.7,243.45,240.2,243.45,2275,106015
2026-01-01 11:55:00+05:30,243.45,243.9,243.45,243.9,130,106015
2026-01-01 11:56:00+05:30,243.9,243.9,243.9,243.9,0,106015
2026-01-01 11:57:00+05:30,244.2,244.2,244.2,244.2,65,106145
2026-01-01 11:58:00+05:30,244.2,244.2,244.2,244.2,0,106145
2026-01-01 11:59:00+05:30,244.2,244.2,244.2,244.2,0,106145
2026-01-01 12:00:00+05:30,247.45,247.45,247.45,247.45,390,106210
2026-01-01 12:01:00+05:30,250.0,250.0,245.25,246.3,520,106210
2026-01-01 12:02:00+05:30,244.2,247.15,244.2,247.1,390,106015
2026-01-01 12:03:00+05:30,247.35,247.35,244.15,244.15,325,106015
2026-01-01 12:04:00+05:30,242.0,242.0,239.4,239.4,585,106015
2026-01-01 12:05:00+05:30,239.55,241.8,239.45,240.85,910,105820
2026-01-01 12:06:00+05:30,242.0,242.0,241.8,241.8,130,105820
2026-01-01 12:07:00+05:30,241.0,241.0,240.45,240.45,195,105820
2026-01-01 12:08:00+05:30,238.6,238.6,228.95,228.95,2080,105495
2026-01-01 12:09:00+05:30,231.55,234.9,231.15,234.4,1105,105495
2026-01-01 12:10:00+05:30,234.55,236.0,234.55,236.0,520,105495
2026-01-01 12:11:00+05:30,235.85,235.85,235.85,235.85,130,104845
2026-01-01 12:12:00+05:30,237.7,237.7,235.85,235.85,325,104845
2026-01-01 12:13:00+05:30,235.3,236.6,235.3,235.8,650,104845
2026-01-01 12:14:00+05:30,236.0,236.0,233.4,233.4,455,104910
2026-01-01 12:15:00+05:30,227.85,230.35,227.85,229.35,325,104910
2026-01-01 12:16:00+05:30,230.55,233.8,230.55,232.2,1430,104910
2026-01-01 12:17:00+05:30,230.0,230.8,229.5,229.5,650,105755
2026-01-01 12:18:00+05:30,229.7,232.0,226.9,232.0,715,105755
2026-01-01 12:19:00+05:30,230.8,235.85,230.8,235.85,325,105495
2026-01-01 12:20:00+05:30,235.85,235.85,232.5,235.5,1755,105495
2026-01-01 12:21:00+05:30,235.75,235.75,235.75,235.75,130,105495
2026-01-01 12:22:00+05:30,236.9,236.9,236.55,236.55,195,105105
2026-01-01 12:23:00+05:30,236.8,237.05,234.7,234.7,520,105105
2026-01-01 12:24:00+05:30,235.9,235.9,235.1,235.1,195,105105
2026-01-01 12:25:00+05:30,235.55,238.0,235.55,238.0,260,105430
2026-01-01 12:26:00+05:30,238.9,239.3,238.75,238.75,845,105430
2026-01-01 12:27:00+05:30,238.75,238.75,238.75,238.75,0,105430
2026-01-01 12:28:00+05:30,240.65,241.6,240.65,241.6,390,105430
2026-01-01 12:29:00+05:30,242.4,242.4,242.4,242.4,65,105235
2026-01-01 12:30:00+05:30,238.8,238.8,236.85,236.85,520,105235
2026-01-01 12:31:00+05:30,237.1,237.1,233.65,235.9,390,105235
2026-01-01 12:32:00+05:30,240.05,241.0,239.55,239.55,390,105560
2026-01-01 12:33:00+05:30,240.15,240.15,240.15,240.15,130,105560
2026-01-01 12:34:00+05:30,239.55,240.45,239.55,240.45,195,105560
2026-01-01 12:35:00+05:30,240.45,240.45,240.45,240.45,0,105560
2026-01-01 12:36:00+05:30,240.45,240.45,240.45,240.45,0,105560
2026-01-01 12:37:00+05:30,240.45,240.45,240.45,240.45,0,105560
2026-01-01 12:38:00+05:30,235.25,235.25,235.05,235.05,130,105495
2026-01-01 12:39:00+05:30,233.0,233.0,233.0,233.0,325,105495
2026-01-01 12:40:00+05:30,232.15,235.0,232.15,234.65,325,105625
2026-01-01 12:41:00+05:30,233.2,233.6,232.95,232.95,195,105625
2026-01-01 12:42:00+05:30,232.95,232.95,232.95,232.95,0,105625
2026-01-01 12:43:00+05:30,232.95,232.95,232.95,232.95,0,105625
2026-01-01 12:44:00+05:30,236.0,236.0,236.0,236.0,325,105820
2026-01-01 12:45:00+05:30,239.4,239.4,239.4,239.4,65,105820
2026-01-01 12:46:00+05:30,240.0,240.0,240.0,240.0,130,105820
2026-01-01 12:47:00+05:30,239.0,240.9,239.0,240.9,260,105690
2026-01-01 12:48:00+05:30,243.55,245.05,243.55,244.15,1625,105690
2026-01-01 12:49:00+05:30,241.85,241.85,241.85,241.85,130,105690
2026-01-01 12:50:00+05:30,241.3,241.3,238.6,238.6,585,105430
2026-01-01 12:51:00+05:30,239.95,239.95,239.8,239.8,130,105430
2026-01-01 12:52:00+05:30,239.8,239.8,239.8,239.8,0,105430
2026-01-01 12:53:00+05:30,239.8,239.8,239.8,239.8,0,105430
2026-01-01 12:54:00+05:30,239.8,239.8,239.8,239.8,0,105430
2026-01-01 12:55:00+05:30,239.8,239.8,239.8,239.8,0,105430
2026-01-01 12:56:00+05:30,239.8,239.8,239.8,239.8,0,105430
2026-01-01 12:57:00+05:30,239.8,239.8,239.8,239.8,0,105430
2026-01-01 12:58:00+05:30,245.0,245.95,244.9,244.9,260,105170
2026-01-01 12:59:00+05:30,244.9,244.9,244.9,244.9,0,105170
2026-01-01 13:00:00+05:30,244.4,244.4,244.4,244.4,130,104975
2026-01-01 13:01:00+05:30,242.6,242.6,239.55,239.55,130,104975
2026-01-01 13:02:00+05:30,239.55,239.55,239.55,239.55,0,104975
2026-01-01 13:03:00+05:30,239.55,239.55,239.55,239.55,0,104975
2026-01-01 13:04:00+05:30,239.55,239.55,239.55,239.55,0,104975
2026-01-01 13:05:00+05:30,241.4,241.4,241.4,241.4,455,104975
2026-01-01 13:06:00+05:30,244.2,244.2,244.2,244.2,65,104975
2026-01-01 13:07:00+05:30,244.2,244.2,244.2,244.2,0,104975
2026-01-01 13:08:00+05:30,244.7,244.7,242.9,242.9,260,105235
2026-01-01 13:09:00+05:30,245.35,245.35,240.9,240.9,6240,105235
2026-01-01 13:10:00+05:30,244.4,244.4,244.4,244.4,130,105235
2026-01-01 13:11:00+05:30,240.6,240.6,240.6,240.6,65,104650
2026-01-01 13:12:00+05:30,240.6,240.6,240.6,240.6,0,104650
2026-01-01 13:13:00+05:30,240.6,240.6,240.6,240.6,0,104650
2026-01-01 13:14:00+05:30,242.85,242.85,242.85,242.85,65,104585
2026-01-01 13:15:00+05:30,242.85,242.85,242.85,242.85,0,104585
2026-01-01 13:16:00+05:30,242.85,242.85,242.85,242.85,0,104585
2026-01-01 13:17:00+05:30,245.0,245.15,245.0,245.15,390,104585
2026-01-01 13:18:00+05:30,246.15,246.15,246.15,246.15,65,104585
2026-01-01 13:19:00+05:30,245.35,245.35,245.35,245.35,7930,104585
2026-01-01 13:20:00+05:30,247.65,247.65,245.95,245.95,260,102180
2026-01-01 13:21:00+05:30,240.1,240.85,240.1,240.85,260,102180
2026-01-01 13:22:00+05:30,237.95,237.95,237.95,237.95,65,102180
2026-01-01 13:23:00+05:30,235.55,235.55,234.8,234.8,455,102115
2026-01-01 13:24:00+05:30,234.5,234.5,233.0,233.0,195,102115
2026-01-01 13:25:00+05:30,233.0,233.0,233.0,233.0,0,102115
2026-01-01 13:26:00+05:30,234.9,237.35,234.7,237.35,455,102180
2026-01-01 13:27:00+05:30,236.75,238.2,236.65,238.2,780,102180
2026-01-01 13:28:00+05:30,238.2,238.2,238.2,238.2,0,102180
2026-01-01 13:29:00+05:30,238.2,238.2,238.2,238.2,0,102180
2026-01-01 13:30:00+05:30,242.2,242.2,242.0,242.0,2535,101465
2026-01-01 13:31:00+05:30,242.0,242.0,242.0,242.0,0,101465
2026-01-01 13:32:00+05:30,242.0,242.0,242.0,242.0,0,101465
2026-01-01 13:33:00+05:30,242.0,242.0,242.0,242.0,0,101465
2026-01-01 13:34:00+05:30,237.7,237.7,237.7,237.7,130,100425
2026-01-01 13:35:00+05:30,237.9,237.9,237.9,237.9,65,100295
2026-01-01 13:36:00+05:30,239.55,239.55,239.55,239.55,65,100295
2026-01-01 13:37:00+05:30,239.55,239.55,239.55,239.55,0,100295
2026-01-01 13:38:00+05:30,238.8,238.8,238.8,238.8,65,100295
2026-01-01 13:39:00+05:30,238.8,238.8,238.8,238.8,0,100295
2026-01-01 13:40:00+05:30,237.15,237.25,237.15,237.25,780,100165
2026-01-01 13:41:00+05:30,237.25,237.25,237.25,237.25,0,100165
2026-01-01 13:42:00+05:30,237.0,237.0,237.0,237.0,130,100490
2026-01-01 13:43:00+05:30,239.3,239.3,239.3,239.3,65,100490
2026-01-01 13:44:00+05:30,239.3,239.3,239.3,239.3,0,100490
2026-01-01 13:45:00+05:30,239.3,239.3,239.3,239.3,0,100490
2026-01-01 13:46:00+05:30,237.0,237.0,237.0,237.0,65,100425
2026-01-01 13:47:00+05:30,235.0,235.0,235.0,235.0,65,100425
2026-01-01 13:48:00+05:30,237.45,237.45,236.9,236.9,2275,100425
2026-01-01 13:49:00+05:30,236.9,236.9,236.9,236.9,0,100425
2026-01-01 13:50:00+05:30,237.25,237.25,237.25,237.25,65,101400
2026-01-01 13:51:00+05:30,237.15,237.15,237.15,237.15,585,101400
2026-01-01 13:52:00+05:30,237.15,237.15,237.15,237.15,0,101400
2026-01-01 13:53:00+05:30,238.85,238.85,237.0,237.0,130,101400
2026-01-01 13:54:00+05:30,239.85,239.85,239.85,239.85,65,101400
2026-01-01 13:55:00+05:30,239.85,239.85,239.85,239.85,845,101400
2026-01-01 13:56:00+05:30,239.85,239.85,239.85,239.85,0,101400
2026-01-01 13:57:00+05:30,240.1,240.1,240.1,240.1,130,101595
2026-01-01 13:58:00+05:30,242.3,242.3,239.75,239.75,325,101595
2026-01-01 13:59:00+05:30,238.6,238.6,238.6,238.6,650,101595
2026-01-01 14:00:00+05:30,238.6,238.6,238.6,238.6,0,101595
2026-01-01 14:01:00+05:30,240.95,240.95,240.95,240.95,65,101595
2026-01-01 14:02:00+05:30,244.3,244.3,241.5,241.5,260,101660
2026-01-01 14:03:00+05:30,243.0,245.5,243.0,245.5,260,101660
2026-01-01 14:04:00+05:30,247.0,247.95,246.2,247.95,3055,101660
2026-01-01 14:05:00+05:30,253.0,253.0,250.75,250.75,325,100165
2026-01-01 14:06:00+05:30,245.8,248.8,245.8,246.3,780,100165
2026-01-01 14:07:00+05:30,246.5,246.5,246.5,246.5,65,100165
2026-01-01 14:08:00+05:30,246.5,246.5,246.5,246.5,0,100165
2026-01-01 14:09:00+05:30,246.75,246.75,246.75,246.75,65,100100
2026-01-01 14:10:00+05:30,246.75,246.75,246.75,246.75,0,100100
2026-01-01 14:11:00+05:30,246.75,247.9,246.75,247.9,520,99970
2026-01-01 14:12:00+05:30,246.7,246.7,246.7,246.7,130,99970
2026-01-01 14:13:00+05:30,248.1,248.1,247.4,247.4,130,99970
2026-01-01 14:14:00+05:30,249.0,250.0,248.0,248.0,585,99775
2026-01-01 14:15:00+05:30,247.0,247.0,247.0,247.0,65,99775
2026-01-01 14:16:00+05:30,247.0,250.0,247.0,250.0,325,99775
2026-01-01 14:17:00+05:30,249.05,249.05,249.05,249.05,130,99775
2026-01-01 14:18:00+05:30,249.45,251.3,249.45,251.3,1040,99580
2026-01-01 14:19:00+05:30,251.3,251.3,251.2,251.2,585,99580
2026-01-01 14:20:00+05:30,253.0,255.0,253.0,255.0,390,99190
2026-01-01 14:21:00+05:30,256.0,256.0,249.9,249.9,1365,99190
2026-01-01 14:22:00+05:30,245.0,247.0,244.65,247.0,715,99190
2026-01-01 14:23:00+05:30,247.0,247.0,247.0,247.0,0,99190
2026-01-01 14:24:00+05:30,247.35,248.15,247.0,247.0,325,98345
2026-01-01 14:25:00+05:30,245.25,245.25,244.8,244.8,1235,98345
2026-01-01 14:26:00+05:30,245.95,246.2,245.7,245.7,455,98930
2026-01-01 14:27:00+05:30,242.5,242.5,242.5,242.5,65,98930
2026-01-01 14:28:00+05:30,242.5,242.5,242.5,242.5,0,98930
2026-01-01 14:29:00+05:30,241.5,241.5,241.5,241.5,780,98735
2026-01-01 14:30:00+05:30,242.25,243.75,241.7,243.75,390,98735
2026-01-01 14:31:00+05:30,243.4,243.4,243.4,243.4,390,98735
2026-01-01 14:32:00+05:30,241.9,241.9,240.0,240.0,585,98540
2026-01-01 14:33:00+05:30,243.1,244.35,243.1,244.25,195,98540
2026-01-01 14:34:00+05:30,244.25,244.25,244.25,244.25,0,98540
2026-01-01 14:35:00+05:30,248.75,248.75,247.85,247.85,130,98540
2026-01-01 14:36:00+05:30,247.0,247.0,247.0,247.0,65,98085
2026-01-01 14:37:00+05:30,245.0,245.0,245.0,245.0,65,98085
2026-01-01 14:38:00+05:30,245.0,245.0,244.05,244.05,1690,98085
2026-01-01 14:39:00+05:30,244.65,244.65,244.65,244.65,65,97305
2026-01-01 14:40:00+05:30,243.6,243.6,243.6,243.6,65,97305
2026-01-01 14:41:00+05:30,243.85,243.85,243.05,243.05,585,97305
2026-01-01 14:42:00+05:30,243.05,243.05,243.05,243.05,0,97305
2026-01-01 14:43:00+05:30,243.05,243.05,243.05,243.05,65,97110
2026-01-01 14:44:00+05:30,243.6,243.6,243.05,243.05,130,97110
2026-01-01 14:45:00+05:30,243.05,243.05,243.05,243.05,0,97110
2026-01-01 14:46:00+05:30,243.05,243.05,243.05,243.05,0,97110
2026-01-01 14:47:00+05:30,244.3,245.45,244.3,244.9,455,96720
2026-01-01 14:48:00+05:30,244.9,244.9,244.9,244.9,0,96720
2026-01-01 14:49:00+05:30,244.9,244.9,244.9,244.9,0,96720
2026-01-01 14:50:00+05:30,240.1,240.1,237.2,240.05,325,96655
2026-01-01 14:51:00+05:30,241.25,241.25,241.25,241.25,130,96655
2026-01-01 14:52:00+05:30,241.9,243.5,241.9,243.05,195,96655
2026-01-01 14:53:00+05:30,245.3,245.3,245.0,245.0,130,96655
2026-01-01 14:54:00+05:30,245.0,245.0,245.0,245.0,0,96655
2026-01-01 14:55:00+05:30,242.95,242.95,242.95,242.95,65,96655
2026-01-01 14:56:00+05:30,240.55,240.55,240.55,240.55,65,96655
2026-01-01 14:57:00+05:30,240.55,240.55,240.55,240.55,0,96655
2026-01-01 14:58:00+05:30,240.55,240.55,240.55,240.55,0,96655
2026-01-01 14:59:00+05:30,244.7,244.7,244.15,244.15,195,96525
2026-01-01 15:00:00+05:30,244.45,244.45,244.45,244.45,325,96525
2026-01-01 15:01:00+05:30,245.2,245.2,243.7,243.75,1690,96525
2026-01-01 15:02:00+05:30,243.7,243.7,241.95,241.95,455,96525
2026-01-01 15:03:00+05:30,239.3,239.3,237.75,239.05,390,97305
2026-01-01 15:04:00+05:30,239.0,239.0,239.0,239.0,65,97305
2026-01-01 15:05:00+05:30,239.65,239.75,239.65,239.75,260,96850
2026-01-01 15:06:00+05:30,240.0,240.75,239.95,240.75,715,96850
2026-01-01 15:07:00+05:30,240.75,240.75,240.75,240.75,0,96850
2026-01-01 15:08:00+05:30,240.75,240.75,240.75,240.75,0,96850
2026-01-01 15:09:00+05:30,239.7,239.7,239.7,239.7,65,96785
2026-01-01 15:10:00+05:30,239.3,239.55,236.7,236.7,455,96785
2026-01-01 15:11:00+05:30,236.45,237.3,236.45,237.3,195,96785
2026-01-01 15:12:00+05:30,237.65,238.0,237.2,238.0,910,96655
2026-01-01 15:13:00+05:30,238.45,238.45,237.5,237.5,650,96655
2026-01-01 15:14:00+05:30,238.3,239.4,238.3,239.4,260,96005
2026-01-01 15:15:00+05:30,240.2,240.2,240.2,240.2,65,96005
2026-01-01 15:16:00+05:30,240.9,241.1,240.0,240.0,585,96005
2026-01-01 15:17:00+05:30,238.45,238.45,238.45,238.45,260,96005
2026-01-01 15:18:00+05:30,238.6,239.55,238.6,239.35,260,95810
2026-01-01 15:19:00+05:30,239.85,240.5,239.45,240.05,975,95810
2026-01-01 15:20:00+05:30,239.15,239.25,239.15,239.15,195,95615
2026-01-01 15:21:00+05:30,239.05,239.05,239.0,239.0,130,95615
2026-01-01 15:22:00+05:30,239.0,239.0,238.5,238.5,3315,95615
2026-01-01 15:23:00+05:30,239.5,239.5,239.5,239.5,65,95615
2026-01-01 15:24:00+05:30,239.5,239.5,239.5,239.5,0,95615
2026-01-01 15:25:00+05:30,239.7,239.7,239.55,239.55,845,93730
2026-01-01 15:26:00+05:30,238.85,238.85,238.85,238.85,390,93730
2026-01-01 15:27:00+05:30,239.2,239.55,238.65,238.65,1040,92495
2026-01-01 15:28:00+05:30,238.5,239.4,238.5,239.4,910,92495
2026-01-01 15:29:00+05:30,238.75,238.75,236.9,238.15,650,91715
2026-01-02 09:15:00+05:30,259.64,262.3,255.7,260.0,4290,89440
2026-01-02 09:16:00+05:30,258.45,261.0,257.0,258.2,2600,89440
2026-01-02 09:17:00+05:30,259.0,260.6,257.39,257.39,2145,89440
2026-01-02 09:18:00+05:30,258.14,259.1,255.2,255.95,1885,89440
2026-01-02 09:19:00+05:30,256.5,260.0,255.75,260.0,2405,90480
2026-01-02 09:20:00+05:30,259.85,262.0,259.85,261.5,2535,90480
2026-01-02 09:21:00+05:30,260.89,261.64,259.39,259.64,975,90480
2026-01-02 09:22:00+05:30,259.05,265.0,259.05,265.0,1365,91065
2026-01-02 09:23:00+05:30,266.64,268.75,264.25,268.55,2080,91065
2026-01-02 09:24:00+05:30,267.39,267.39,266.5,267.1,780,91065
2026-01-02 09:25:00+05:30,265.45,265.45,260.89,261.35,1105,89960
2026-01-02 09:26:00+05:30,264.35,264.35,264.35,264.35,130,89960
2026-01-02 09:27:00+05:30,266.39,268.1,266.39,268.1,260,89960
2026-01-02 09:28:00+05:30,269.05,276.5,269.05,275.6,2730,89895
2026-01-02 09:29:00+05:30,276.5,279.0,275.1,276.5,1625,89895
2026-01-02 09:30:00+05:30,280.5,280.5,275.0,275.89,2470,89895
2026-01-02 09:31:00+05:30,278.5,278.5,277.8,277.8,1040,89050
2026-01-02 09:32:00+05:30,279.0,290.1,278.2,288.45,2470,89050
2026-01-02 09:33:00+05:30,290.35,290.35,285.5,286.1,2080,89050
2026-01-02 09:34:00+05:30,281.64,282.25,277.8,277.8,1820,88530
2026-01-02 09:35:00+05:30,277.0,282.0,277.0,279.64,975,88530
2026-01-02 09:36:00+05:30,283.55,283.8,283.55,283.8,260,88530
2026-01-02 09:37:00+05:30,285.5,285.5,284.6,284.6,195,88010
2026-01-02 09:38:00+05:30,284.2,284.2,281.75,281.75,325,88010
2026-01-02 09:39:00+05:30,282.05,286.2,282.05,286.2,780,88010
2026-01-02 09:40:00+05:30,285.7,287.1,285.7,286.95,260,88270
2026-01-02 09:41:00+05:30,287.0,296.3,286.64,296.3,3380,88270
2026-01-02 09:42:00+05:30,296.05,304.64,296.05,300.25,4940,88270
2026-01-02 09:43:00+05:30,302.55,302.55,299.5,301.05,1820,84955
2026-01-02 09:44:00+05:30,301.5,308.0,301.5,308.0,5200,84955
2026-01-02 09:45:00+05:30,310.85,310.85,305.75,305.75,845,84955
2026-01-02 09:46:00+05:30,306.1,307.1,305.3,307.1,260,81380
2026-01-02 09:47:00+05:30,310.75,312.0,309.64,311.7,1235,81380
2026-01-02 09:48:00+05:30,311.7,313.35,310.45,312.05,780,81380
2026-01-02 09:49:00+05:30,311.95,311.95,309.75,309.75,975,80990
2026-01-02 09:50:00+05:30,312.1,312.35,311.2,312.2,1365,80990
2026-01-02 09:51:00+05:30,312.5,313.0,312.3,312.3,2015,80990
2026-01-02 09:52:00+05:30,314.5,320.1,314.5,318.1,780,78910
2026-01-02 09:53:00+05:30,318.64,320.2,316.0,319.64,1300,78910
2026-01-02 09:54:00+05:30,322.2,325.0,322.2,324.3,520,78910
2026-01-02 09:55:00+05:30,319.89,319.89,319.89,319.89,195,78130
2026-01-02 09:56:00+05:30,319.89,323.0,319.89,321.89,455,78130
2026-01-02 09:57:00+05:30,320.5,321.0,320.3,321.0,390,78130
2026-01-02 09:58:00+05:30,320.8,320.8,320.8,320.8,65,77935
2026-01-02 09:59:00+05:30,317.89,318.5,316.0,318.5,910,77935
2026-01-02 10:00:00+05:30,317.0,317.0,317.0,317.0,195,77935
2026-01-02 10:01:00+05:30,316.6,318.85,316.6,318.85,1625,77545
2026-01-02 10:02:00+05:30,320.0,320.89,319.95,319.95,520,77545
2026-01-02 10:03:00+05:30,319.39,319.39,317.05,317.05,260,77545
2026-01-02 10:04:00+05:30,314.5,316.8,313.75,316.8,1755,76700
2026-01-02 10:05:00+05:30,317.0,317.0,316.8,316.8,195,76700
2026-01-02 10:06:00+05:30,317.05,317.05,317.05,317.05,65,76700
2026-01-02 10:07:00+05:30,316.5,316.5,316.5,316.5,65,76700
2026-01-02 10:08:00+05:30,313.8,314.0,311.55,311.55,585,76310
2026-01-02 10:09:00+05:30,311.64,311.64,310.7,310.7,130,76310
2026-01-02 10:10:00+05:30,311.85,316.0,311.6,316.0,260,75920
2026-01-02 10:11:00+05:30,316.0,316.0,316.0,316.0,0,75920
2026-01-02 10:12:00+05:30,314.7,314.7,314.7,314.7,65,75920
2026-01-02 10:13:00+05:30,314.05,314.05,313.64,313.64,195,75855
2026-01-02 10:14:00+05:30,314.05,318.6,313.6,318.0,650,75855
2026-01-02 10:15:00+05:30,320.0,323.0,319.55,323.0,1430,75855
2026-01-02 10:16:00+05:30,322.0,322.0,322.0,322.0,1690,75790
2026-01-02 10:17:00+05:30,321.75,321.75,316.55,316.55,780,75790
2026-01-02 10:18:00+05:30,316.0,316.0,309.8,312.55,845,75790
2026-01-02 10:19:00+05:30,314.95,315.3,314.39,314.39,260,75855
2026-01-02 10:20:00+05:30,314.39,315.0,314.39,315.0,130,75855
2026-01-02 10:21:00+05:30,317.0,317.0,316.85,316.85,130,75855
2026-01-02 10:22:00+05:30,316.3,316.8,314.0,314.0,975,75920
2026-01-02 10:23:00+05:30,314.0,314.0,314.0,314.0,0,75920
2026-01-02 10:24:00+05:30,316.89,316.89,316.89,316.89,195,75920
2026-01-02 10:25:00+05:30,316.8,316.8,316.8,316.8,455,75790
2026-01-02 10:26:00+05:30,316.5,316.5,316.5,316.5,65,75790
2026-01-02 10:27:00+05:30,313.35,313.55,313.35,313.55,130,75790
2026-01-02 10:28:00+05:30,313.55,313.55,313.55,313.55,0,75790
2026-01-02 10:29:00+05:30,313.55,313.55,313.55,313.55,0,75790
2026-01-02 10:30:00+05:30,313.55,313.55,313.55,313.55,0,75790
2026-01-02 10:31:00+05:30,313.55,313.55,312.7,312.7,325,75855
2026-01-02 10:32:00+05:30,314.6,314.6,311.55,311.55,260,75660
2026-01-02 10:33:00+05:30,310.6,310.6,310.0,310.0,260,75660
2026-01-02 10:34:00+05:30,311.0,311.14,311.0,311.14,130,75595
2026-01-02 10:35:00+05:30,311.14,311.14,311.14,311.14,0,75595
2026-01-02 10:36:00+05:30,316.14,316.14,316.14,316.14,65,75595
2026-01-02 10:37:00+05:30,317.25,317.55,317.25,317.55,260,75465
2026-01-02 10:38:00+05:30,317.55,317.55,317.55,317.55,0,75465
2026-01-02 10:39:00+05:30,317.55,317.55,317.55,317.55,0,75465
2026-01-02 10:40:00+05:30,318.5,318.5,318.5,318.5,65,75400
2026-01-02 10:41:00+05:30,319.05,319.05,319.05,319.05,130,75400
2026-01-02 10:42:00+05:30,322.0,322.0,322.0,322.0,390,75400
2026-01-02 10:43:00+05:30,316.25,316.25,316.25,316.25,65,75205
2026-01-02 10:44:00+05:30,316.25,316.25,316.25,316.25,0,75205
2026-01-02 10:45:00+05:30,316.25,316.25,316.25,316.25,0,75205
2026-01-02 10:46:00+05:30,317.8,317.8,317.8,317.8,130,75205
2026-01-02 10:47:00+05:30,322.0,322.0,322.0,322.0,650,75075
2026-01-02 10:48:00+05:30,322.0,322.0,322.0,322.0,0,75075
2026-01-02 10:49:00+05:30,320.05,320.05,319.0,319.0,130,74750
2026-01-02 10:50:00+05:30,322.0,324.0,322.0,324.0,2210,74750
2026-01-02 10:51:00+05:30,321.05,321.85,321.05,321.85,260,74750
2026-01-02 10:52:00+05:30,321.0,321.0,320.05,320.05,650,74490
2026-01-02 10:53:00+05:30,320.05,321.0,320.0,321.0,910,74490
2026-01-02 10:54:00+05:30,320.5,320.5,320.5,320.5,130,74490
2026-01-02 10:55:00+05:30,320.5,320.5,320.5,320.5,0,74490
2026-01-02 10:56:00+05:30,320.5,320.5,320.5,320.5,0,74490
2026-01-02 10:57:00+05:30,320.5,320.5,320.5,320.5,65,74815
2026-01-02 10:58:00+05:30,320.5,320.5,320.5,320.5,0,74815
2026-01-02 10:59:00+05:30,320.5,320.5,320.5,320.5,0,74815
2026-01-02 11:00:00+05:30,320.5,320.5,320.5,320.5,0,74815
2026-01-02 11:01:00+05:30,322.0,322.0,320.5,320.5,195,74750
2026-01-02 11:02:00+05:30,320.14,320.14,320.14,320.14,390,74750
2026-01-02 11:03:00+05:30,318.5,318.5,318.14,318.14,910,74750
2026-01-02 11:04:00+05:30,318.14,318.14,318.14,318.14,0,74750
2026-01-02 11:05:00+05:30,320.45,320.45,320.45,320.45,65,74425
2026-01-02 11:06:00+05:30,320.45,320.45,320.45,320.45,0,74425
2026-01-02 11:07:00+05:30,319.95,319.95,319.95,319.95,130,74425
2026-01-02 11:08:00+05:30,316.1,316.1,316.1,316.1,65,74360
2026-01-02 11:09:00+05:30,316.1,316.1,316.1,316.1,0,74360
2026-01-02 11:10:00+05:30,316.1,316.1,316.1,316.1,0,74360
2026-01-02 11:11:00+05:30,317.2,317.2,316.1,316.1,130,74295
2026-01-02 11:12:00+05:30,316.1,316.1,316.1,316.1,0,74295
2026-01-02 11:13:00+05:30,318.05,318.05,318.05,318.05,65,74295
2026-01-02 11:14:00+05:30,321.8,321.8,321.8,321.8,260,74360
2026-01-02 11:15:00+05:30,319.55,319.55,319.55,319.55,65,74360
2026-01-02 11:16:00+05:30,319.55,319.55,319.55,319.55,0,74360
2026-01-02 11:17:00+05:30,322.0,322.0,322.0,322.0,130,74100
2026-01-02 11:18:00+05:30,323.5,323.5,323.5,323.5,1560,74100
2026-01-02 11:19:00+05:30,324.55,324.55,323.5,323.5,455,73450
2026-01-02 11:20:00+05:30,323.5,323.5,323.5,323.5,130,73450
2026-01-02 11:21:00+05:30,324.45,326.8,324.45,326.8,325,73450
2026-01-02 11:22:00+05:30,323.89,324.89,323.89,324.89,520,73450
2026-01-02 11:23:00+05:30,324.5,324.89,324.5,324.89,130,73450
2026-01-02 11:24:00+05:30,324.89,324.89,324.89,324.89,0,73450
2026-01-02 11:25:00+05:30,324.89,324.89,324.89,324.89,0,73450
2026-01-02 11:26:00+05:30,330.35,330.35,330.35,330.35,260,72995
2026-01-02 11:27:00+05:30,329.0,329.0,329.0,329.0,130,72995
2026-01-02 11:28:00+05:30,329.75,332.0,329.75,332.0,130,72865
2026-01-02 11:29:00+05:30,334.9,335.0,334.0,334.9,455,72865
2026-01-02 11:30:00+05:30,336.2,336.55,333.25,333.25,390,72865
2026-01-02 11:31:00+05:30,339.9,342.3,339.9,340.75,1950,72020
2026-01-02 11:32:00+05:30,338.0,338.0,335.95,335.95,910,72020
2026-01-02 11:33:00+05:30,336.85,336.85,336.85,336.85,65,72020
2026-01-02 11:34:00+05:30,336.75,336.75,336.75,336.75,65,72020
2026-01-02 11:35:00+05:30,336.75,336.75,336.75,336.75,0,72020
2026-01-02 11:36:00+05:30,339.0,339.0,338.1,338.95,845,72280
2026-01-02 11:37:00+05:30,338.35,338.35,338.35,338.35,65,72280
2026-01-02 11:38:00+05:30,338.0,338.0,338.0,338.0,65,72345
2026-01-02 11:39:00+05:30,339.65,339.65,339.65,339.65,65,72345
2026-01-02 11:40:00+05:30,339.0,339.35,336.5,336.5,1235,72280
2026-01-02 11:41:00+05:30,338.9,338.9,338.9,338.9,65,72280
2026-01-02 11:42:00+05:30,338.9,338.9,338.9,338.9,0,72280
2026-01-02 11:43:00+05:30,338.9,340.0,338.9,340.0,845,72280
2026-01-02 11:44:00+05:30,343.0,343.05,341.0,341.25,3445,71565
2026-01-02 11:45:00+05:30,341.25,341.25,341.25,341.25,0,71565
2026-01-02 11:46:00+05:30,339.15,339.15,337.55,337.55,195,71565
2026-01-02 11:47:00+05:30,336.5,337.05,336.5,337.05,1105,71760
2026-01-02 11:48:00+05:30,338.95,338.95,338.55,338.55,130,71760
2026-01-02 11:49:00+05:30,338.55,338.55,338.55,338.55,0,71760
2026-01-02 11:50:00+05:30,338.55,338.55,338.55,338.55,0,71760
2026-01-02 11:51:00+05:30,338.55,338.55,338.55,338.55,0,71760
2026-01-02 11:52:00+05:30,344.0,345.05,342.0,342.0,1495,71955
2026-01-02 11:53:00+05:30,342.85,343.2,342.85,343.2,1495,71760
2026-01-02 11:54:00+05:30,345.0,345.0,343.5,343.5,910,71760
2026-01-02 11:55:00+05:30,342.55,342.55,342.55,342.55,910,71760
2026-01-02 11:56:00+05:30,342.55,342.55,342.55,342.55,0,71760
2026-01-02 11:57:00+05:30,339.95,339.95,339.95,339.95,65,73190
2026-01-02 11:58:00+05:30,339.95,339.95,339.95,339.95,0,73190
2026-01-02 11:59:00+05:30,338.45,338.45,338.05,338.05,195,73190
2026-01-02 12:00:00+05:30,337.55,339.0,337.55,339.0,390,73190
2026-01-02 12:01:00+05:30,339.75,339.75,339.75,339.75,65,73190
2026-01-02 12:02:00+05:30,336.0,336.8,335.55,336.3,845,73255
2026-01-02 12:03:00+05:30,336.3,336.3,336.3,336.3,0,73255
2026-01-02 12:04:00+05:30,336.3,336.3,336.3,336.3,0,73255
2026-01-02 12:05:00+05:30,340.0,340.0,340.0,340.0,195,72735
2026-01-02 12:06:00+05:30,340.05,340.05,340.05,340.05,65,72735
2026-01-02 12:07:00+05:30,340.05,340.05,340.05,340.05,0,72735
2026-01-02 12:08:00+05:30,340.9,340.9,340.9,340.9,195,72735
2026-01-02 12:09:00+05:30,339.6,340.1,339.6,340.1,585,72735
2026-01-02 12:10:00+05:30,340.1,340.1,340.1,340.1,0,72735
2026-01-02 12:11:00+05:30,340.1,340.1,340.1,340.1,0,72735
2026-01-02 12:12:00+05:30,340.1,340.1,340.1,340.1,0,72735
2026-01-02 12:13:00+05:30,340.1,340.1,340.1,340.1,0,72735
2026-01-02 12:14:00+05:30,340.1,340.1,340.1,340.1,0,72735
2026-01-02 12:15:00+05:30,340.1,340.1,340.1,340.1,0,72735
2026-01-02 12:16:00+05:30,340.1,340.1,340.1,340.1,0,72735
2026-01-02 12:17:00+05:30,339.65,339.65,339.65,339.65,130,72735
2026-01-02 12:18:00+05:30,337.5,337.5,337.5,337.5,65,72735
2026-01-02 12:19:00+05:30,335.5,335.5,334.0,335.0,585,72735
2026-01-02 12:20:00+05:30,336.5,336.5,336.5,336.5,65,72735
2026-01-02 12:21:00+05:30,338.55,339.0,338.55,339.0,195,72735
2026-01-02 12:22:00+05:30,340.5,341.4,340.5,341.4,260,72735
2026-01-02 12:23:00+05:30,340.5,340.5,340.5,340.5,130,72735
2026-01-02 12:24:00+05:30,341.0,342.2,341.0,342.2,130,72735
2026-01-02 12:25:00+05:30,342.2,342.2,342.2,342.2,0,72735
2026-01-02 12:26:00+05:30,341.05,341.05,341.05,341.05,65,72735
2026-01-02 12:27:00+05:30,342.05,342.05,342.05,342.05,65,72735
2026-01-02 12:28:00+05:30,343.55,343.55,343.1,343.1,130,72735
2026-01-02 12:29:00+05:30,343.55,343.55,343.0,343.0,130,72735
2026-01-02 12:30:00+05:30,343.0,343.0,343.0,343.0,130,72735
2026-01-02 12:31:00+05:30,344.45,344.45,341.4,341.4,3185,72735
2026-01-02 12:32:00+05:30,345.0,347.4,345.0,347.4,3380,72215
2026-01-02 12:33:00+05:30,346.05,346.05,346.05,346.05,130,72215
2026-01-02 12:34:00+05:30,349.75,357.5,349.75,354.3,1950,72215
2026-01-02 12:35:00+05:30,353.05,353.05,353.05,353.05,65,72150
2026-01-02 12:36:00+05:30,352.55,353.25,352.55,353.25,3185,72150
2026-01-02 12:37:00+05:30,351.95,352.05,350.05,352.05,520,72150
2026-01-02 12:38:00+05:30,352.05,352.5,351.55,351.55,455,71110
2026-01-02 12:39:00+05:30,351.55,351.55,351.55,351.55,0,71110
2026-01-02 12:40:00+05:30,350.6,350.6,350.6,350.6,130,71110
2026-01-02 12:41:00+05:30,350.6,350.6,350.6,350.6,0,71110
2026-01-02 12:42:00+05:30,350.6,350.6,350.6,350.6,0,71110
2026-01-02 12:43:00+05:30,348.5,348.5,348.5,348.5,325,71045
2026-01-02 12:44:00+05:30,348.5,348.5,347.1,347.1,195,71045
2026-01-02 12:45:00+05:30,345.65,345.75,345.65,345.75,390,71045
2026-01-02 12:46:00+05:30,345.75,345.75,345.75,345.75,0,71045
2026-01-02 12:47:00+05:30,347.0,347.0,345.0,345.0,520,71240
2026-01-02 12:48:00+05:30,343.0,343.0,340.6,340.6,6305,71240
2026-01-02 12:49:00+05:30,340.0,340.0,337.5,338.75,650,71240
2026-01-02 12:50:00+05:30,339.9,341.5,339.9,341.5,455,76570
2026-01-02 12:51:00+05:30,340.5,341.75,340.5,341.75,260,76570
2026-01-02 12:52:00+05:30,340.0,340.0,340.0,340.0,1820,76570
2026-01-02 12:53:00+05:30,341.0,341.0,340.3,340.3,1365,78065
2026-01-02 12:54:00+05:30,340.2,341.0,340.2,341.0,195,78065
2026-01-02 12:55:00+05:30,341.0,341.0,341.0,341.0,0,78065
2026-01-02 12:56:00+05:30,342.0,344.0,342.0,344.0,130,79040
2026-01-02 12:57:00+05:30,343.0,343.0,343.0,343.0,65,79040
2026-01-02 12:58:00+05:30,343.0,343.0,343.0,343.0,0,79040
2026-01-02 12:59:00+05:30,342.85,343.0,342.85,343.0,130,78975
2026-01-02 13:00:00+05:30,343.0,343.0,343.0,343.0,65,78975
2026-01-02 13:01:00+05:30,343.0,343.0,343.0,343.0,0,78975
2026-01-02 13:02:00+05:30,343.0,343.0,343.0,343.0,0,78975
2026-01-02 13:03:00+05:30,343.0,343.0,343.0,343.0,0,78975
2026-01-02 13:04:00+05:30,343.25,343.25,343.25,343.25,65,78975
2026-01-02 13:05:00+05:30,343.25,343.25,343.25,343.25,0,78975
2026-01-02 13:06:00+05:30,343.25,343.25,343.25,343.25,0,78975
2026-01-02 13:07:00+05:30,344.5,345.0,344.5,345.0,130,78910
2026-01-02 13:08:00+05:30,344.05,345.55,344.05,345.55,390,78975
2026-01-02 13:09:00+05:30,345.65,345.65,345.65,345.65,65,78975
2026-01-02 13:10:00+05:30,345.65,345.65,345.65,345.65,0,78975
2026-01-02 13:11:00+05:30,347.55,347.55,347.55,347.55,130,78910
2026-01-02 13:12:00+05:30,347.55,347.55,347.55,347.55,0,78910
2026-01-02 13:13:00+05:30,347.55,347.55,347.55,347.55,0,78910
2026-01-02 13:14:00+05:30,347.5,347.5,347.5,347.5,195,78910
2026-01-02 13:15:00+05:30,347.5,347.5,347.5,347.5,130,78910
2026-01-02 13:16:00+05:30,347.5,347.5,347.5,347.5,0,78910
2026-01-02 13:17:00+05:30,347.0,347.0,347.0,347.0,910,78910
2026-01-02 13:18:00+05:30,345.5,345.5,345.5,345.5,845,78910
2026-01-02 13:19:00+05:30,345.6,345.6,345.55,345.55,130,78910
2026-01-02 13:20:00+05:30,345.55,345.55,345.55,345.55,0,78910
2026-01-02 13:21:00+05:30,346.95,347.75,346.95,347.75,390,78520
2026-01-02 13:22:00+05:30,347.8,347.8,347.8,347.8,65,78520
2026-01-02 13:23:00+05:30,349.75,351.0,349.75,349.75,195,78130
2026-01-02 13:24:00+05:30,349.75,349.75,349.75,349.75,0,78130
2026-01-02 13:25:00+05:30,349.75,349.75,349.75,349.75,0,78130
2026-01-02 13:26:00+05:30,346.95,346.95,346.95,346.95,65,78065
2026-01-02 13:27:00+05:30,346.95,346.95,346.95,346.95,0,78065
2026-01-02 13:28:00+05:30,344.0,344.0,344.0,344.0,1430,78065
2026-01-02 13:29:00+05:30,344.0,344.0,344.0,344.0,0,78065
2026-01-02 13:30:00+05:30,344.0,344.0,344.0,344.0,0,78065
2026-01-02 13:31:00+05:30,344.0,344.0,344.0,344.0,0,78065
2026-01-02 13:32:00+05:30,344.0,344.0,344.0,344.0,0,78065
2026-01-02 13:33:00+05:30,345.0,345.0,345.0,345.0,390,77155
2026-01-02 13:34:00+05:30,345.0,345.0,345.0,345.0,0,77155
2026-01-02 13:35:00+05:30,345.0,345.0,345.0,345.0,0,77155
2026-01-02 13:36:00+05:30,351.25,351.6,350.0,350.0,845,77155
2026-01-02 13:37:00+05:30,350.0,350.0,350.0,350.0,0,77155
2026-01-02 13:38:00+05:30,347.25,347.25,343.85,344.4,585,77155
2026-01-02 13:39:00+05:30,344.2,344.95,343.7,344.15,520,77155
2026-01-02 13:40:00+05:30,345.05,345.05,345.05,345.05,130,77155
2026-01-02 13:41:00+05:30,346.0,346.0,346.0,346.0,1300,77220
2026-01-02 13:42:00+05:30,346.0,346.0,346.0,346.0,0,77220
2026-01-02 13:43:00+05:30,344.5,344.5,344.5,344.5,65,77220
2026-01-02 13:44:00+05:30,346.45,346.7,345.6,346.7,1300,77285
2026-01-02 13:45:00+05:30,347.4,348.2,347.4,348.0,260,77285
2026-01-02 13:46:00+05:30,348.0,348.0,348.0,348.0,0,77285
2026-01-02 13:47:00+05:30,349.25,349.25,349.25,349.25,130,77285
2026-01-02 13:48:00+05:30,349.25,349.25,349.25,349.25,0,77285
2026-01-02 13:49:00+05:30,346.55,346.55,346.55,346.55,65,77350
2026-01-02 13:50:00+05:30,347.05,347.05,347.05,347.05,130,77285
2026-01-02 13:51:00+05:30,347.15,347.15,347.05,347.05,195,77285
2026-01-02 13:52:00+05:30,347.05,347.05,347.05,347.05,0,77285
2026-01-02 13:53:00+05:30,347.5,351.0,347.5,351.0,455,77025
2026-01-02 13:54:00+05:30,349.05,349.05,349.05,349.05,195,77025
2026-01-02 13:55:00+05:30,349.05,349.05,349.05,349.05,0,77025
2026-01-02 13:56:00+05:30,349.05,349.05,349.05,349.05,0,77025
2026-01-02 13:57:00+05:30,347.7,347.7,347.7,347.7,455,76700
2026-01-02 13:58:00+05:30,346.25,346.65,345.55,345.75,390,76700
2026-01-02 13:59:00+05:30,345.95,346.0,344.9,345.25,520,75920
2026-01-02 14:00:00+05:30,345.8,345.8,345.8,345.8,650,75920
2026-01-02 14:01:00+05:30,346.55,346.55,346.55,346.55,130,75920
2026-01-02 14:02:00+05:30,346.55,346.55,346.55,346.55,0,75920
2026-01-02 14:03:00+05:30,346.55,346.55,346.55,346.55,0,75920
2026-01-02 14:04:00+05:30,346.55,346.55,346.55,346.55,0,75920
2026-01-02 14:05:00+05:30,343.0,343.0,343.0,343.0,260,75660
2026-01-02 14:06:00+05:30,343.55,343.55,343.55,343.55,130,75660
2026-01-02 14:07:00+05:30,344.95,344.95,342.8,342.8,260,75660
2026-01-02 14:08:00+05:30,342.8,342.8,342.8,342.8,0,75660
2026-01-02 14:09:00+05:30,342.8,342.8,342.8,342.8,0,75660
2026-01-02 14:10:00+05:30,347.75,347.75,347.75,347.75,195,75530
2026-01-02 14:11:00+05:30,347.5,347.5,347.5,347.5,130,75660
2026-01-02 14:12:00+05:30,347.5,347.5,347.5,347.5,65,75660
2026-01-02 14:13:00+05:30,347.5,347.5,347.5,347.5,65,75660
2026-01-02 14:14:00+05:30,347.5,347.5,347.5,347.5,195,75660
2026-01-02 14:15:00+05:30,347.05,347.05,347.05,347.05,65,75725
2026-01-02 14:16:00+05:30,347.05,347.05,347.05,347.05,0,75725
2026-01-02 14:17:00+05:30,347.05,347.05,347.05,347.05,0,75725
2026-01-02 14:18:00+05:30,347.05,347.05,347.05,347.05,0,75725
2026-01-02 14:19:00+05:30,346.55,346.55,346.55,346.55,325,75725
2026-01-02 14:20:00+05:30,346.55,346.55,346.55,346.55,0,75725
2026-01-02 14:21:00+05:30,346.55,346.55,346.55,346.55,0,75725
2026-01-02 14:22:00+05:30,350.0,350.0,350.0,350.0,65,75725
2026-01-02 14:23:00+05:30,350.0,350.0,350.0,350.0,0,75725
2026-01-02 14:24:00+05:30,350.0,350.0,350.0,350.0,0,75725
2026-01-02 14:25:00+05:30,353.75,353.75,351.25,351.25,325,75595
2026-01-02 14:26:00+05:30,351.25,353.4,351.25,353.4,195,75595
2026-01-02 14:27:00+05:30,353.4,353.4,353.4,353.4,0,75595
2026-01-02 14:28:00+05:30,353.4,353.4,353.4,353.4,0,75595
2026-01-02 14:29:00+05:30,349.8,349.8,348.95,348.95,455,75400
2026-01-02 14:30:00+05:30,342.8,342.8,342.8,342.8,520,75400
2026-01-02 14:31:00+05:30,342.0,342.0,342.0,342.0,390,75400
2026-01-02 14:32:00+05:30,342.05,342.05,339.35,339.35,585,75400
2026-01-02 14:33:00+05:30,338.5,338.5,337.45,337.5,520,75400
2026-01-02 14:34:00+05:30,337.5,337.5,337.5,337.5,0,75400
2026-01-02 14:35:00+05:30,337.5,337.5,337.5,337.5,130,75400
2026-01-02 14:36:00+05:30,337.5,337.5,337.5,337.5,0,75400
2026-01-02 14:37:00+05:30,337.55,337.55,336.9,336.9,585,75530
2026-01-02 14:38:00+05:30,336.9,336.9,336.9,336.9,0,75530
2026-01-02 14:39:00+05:30,336.1,337.85,332.15,332.15,650,75595
2026-01-02 14:40:00+05:30,329.05,333.85,329.05,332.65,4745,75595
2026-01-02 14:41:00+05:30,334.15,334.55,334.15,334.55,130,75595
2026-01-02 14:42:00+05:30,334.55,334.55,334.55,334.55,0,75595
2026-01-02 14:43:00+05:30,334.55,334.55,334.55,334.55,0,75595
2026-01-02 14:44:00+05:30,333.9,333.9,333.5,333.5,455,75205
2026-01-02 14:45:00+05:30,333.5,333.5,333.5,333.5,0,75205
2026-01-02 14:46:00+05:30,333.5,333.5,333.5,333.5,0,75205
2026-01-02 14:47:00+05:30,333.5,333.5,333.5,333.5,0,75205
2026-01-02 14:48:00+05:30,332.5,332.5,332.5,332.5,65,75205
2026-01-02 14:49:00+05:30,330.05,331.2,330.05,331.0,715,75205
2026-01-02 14:50:00+05:30,335.0,335.0,334.85,334.85,130,75205
2026-01-02 14:51:00+05:30,334.85,334.85,334.85,334.85,0,75205
2026-01-02 14:52:00+05:30,340.6,340.6,337.0,337.0,1170,75140
2026-01-02 14:53:00+05:30,337.9,337.9,337.0,337.0,195,75140
2026-01-02 14:54:00+05:30,340.0,340.0,340.0,340.0,65,74230
2026-01-02 14:55:00+05:30,340.0,340.0,340.0,340.0,0,74230
2026-01-02 14:56:00+05:30,340.8,340.8,340.8,340.8,130,74230
2026-01-02 14:57:00+05:30,340.05,344.0,340.05,344.0,650,74100
2026-01-02 14:58:00+05:30,344.0,344.0,344.0,344.0,585,74100
2026-01-02 14:59:00+05:30,345.45,345.45,343.0,343.35,325,74035
2026-01-02 15:00:00+05:30,346.0,352.0,346.0,352.0,325,74035
2026-01-02 15:01:00+05:30,348.65,349.85,348.65,349.85,455,74035
2026-01-02 15:02:00+05:30,349.85,349.85,349.85,349.85,0,74035
2026-01-02 15:03:00+05:30,349.85,350.55,349.85,350.55,195,73385
2026-01-02 15:04:00+05:30,350.55,350.55,350.55,350.55,0,73385
2026-01-02 15:05:00+05:30,349.25,350.55,349.25,350.55,130,73190
2026-01-02 15:06:00+05:30,350.55,350.95,350.55,350.95,325,73190
2026-01-02 15:07:00+05:30,351.45,353.0,351.45,353.0,130,73190
2026-01-02 15:08:00+05:30,351.55,351.55,351.55,351.55,1040,72995
2026-01-02 15:09:00+05:30,355.0,355.0,353.25,353.25,1430,72995
2026-01-02 15:10:00+05:30,360.0,364.8,360.0,360.35,390,72995
2026-01-02 15:11:00+05:30,362.0,365.1,362.0,365.1,195,73450
2026-01-02 15:12:00+05:30,364.0,364.05,358.35,358.35,520,73450
2026-01-02 15:13:00+05:30,358.35,361.2,358.35,360.0,1040,73450
2026-01-02 15:14:00+05:30,360.6,360.6,360.6,360.6,325,73450
2026-01-02 15:15:00+05:30,354.15,356.4,353.05,354.05,520,73190
2026-01-02 15:16:00+05:30,355.9,355.95,353.05,355.95,455,73190
2026-01-02 15:17:00+05:30,356.0,356.95,356.0,356.95,520,72930
2026-01-02 15:18:00+05:30,356.35,356.65,355.35,355.35,1105,72930
2026-01-02 15:19:00+05:30,355.35,355.35,354.75,354.85,390,72930
2026-01-02 15:20:00+05:30,356.55,356.55,356.55,356.55,65,72930
2026-01-02 15:21:00+05:30,357.5,357.5,357.5,357.5,65,72475
2026-01-02 15:22:00+05:30,359.8,359.8,359.8,359.8,65,72475
2026-01-02 15:23:00+05:30,361.3,361.45,361.3,361.45,260,72475
2026-01-02 15:24:00+05:30,364.9,364.9,362.6,362.6,910,72410
2026-01-02 15:25:00+05:30,364.1,364.1,363.1,363.1,195,72410
2026-01-02 15:26:00+05:30,364.65,366.9,364.65,366.9,1235,72085
2026-01-02 15:27:00+05:30,365.45,368.55,365.45,368.0,1690,72085
2026-01-02 15:28:00+05:30,368.05,374.75,368.05,374.65,1820,72085
2026-01-02 15:29:00+05:30,378.0,378.45,374.55,374.55,4030,72085
2026-01-05 09:15:00+05:30,387.45,392.3,375.0,375.0,2145,70915
2026-01-05 09:16:00+05:30,372.2,372.2,361.35,365.0,1625,70525
2026-01-05 09:17:00+05:30,363.1,365.05,363.1,365.05,780,70525
2026-01-05 09:18:00+05:30,369.45,381.2,365.6,377.85,2730,70525
2026-01-05 09:19:00+05:30,376.9,376.9,376.9,376.9,65,69030
2026-01-05 09:20:00+05:30,356.15,356.15,356.15,356.15,715,69030
2026-01-05 09:21:00+05:30,352.8,361.6,352.7,361.6,1495,69030
2026-01-05 09:22:00+05:30,361.0,361.0,355.45,355.45,325,69485
2026-01-05 09:23:00+05:30,351.5,351.5,346.85,346.85,325,69485
2026-01-05 09:24:00+05:30,341.05,343.95,339.65,340.0,1170,69485
2026-01-05 09:25:00+05:30,340.0,349.95,340.0,349.95,195,70135
2026-01-05 09:26:00+05:30,349.25,355.3,349.25,355.3,520,70135
2026-01-05 09:27:00+05:30,352.25,352.25,335.3,335.3,975,70135
2026-01-05 09:28:00+05:30,339.0,342.95,338.0,338.0,455,69355
2026-01-05 09:29:00+05:30,335.5,335.5,330.0,332.35,585,69355
2026-01-05 09:30:00+05:30,337.5,337.5,331.65,335.0,455,69355
2026-01-05 09:31:00+05:30,332.0,332.0,327.8,327.8,390,69615
2026-01-05 09:32:00+05:30,325.5,325.5,325.5,325.5,260,69615
2026-01-05 09:33:00+05:30,325.0,325.0,320.2,320.2,260,69615
2026-01-05 09:34:00+05:30,316.3,318.5,315.0,318.5,520,69355
2026-01-05 09:35:00+05:30,318.0,320.0,318.0,320.0,195,69355
2026-01-05 09:36:00+05:30,315.05,316.45,315.05,316.45,130,69355
2026-01-05 09:37:00+05:30,315.0,318.5,315.0,318.5,130,69095
2026-01-05 09:38:00+05:30,317.0,319.0,317.0,318.6,1105,69095
2026-01-05 09:39:00+05:30,318.6,318.6,318.6,318.6,65,69095
2026-01-05 09:40:00+05:30,322.8,324.0,322.8,324.0,520,69225
2026-01-05 09:41:00+05:30,327.85,327.85,321.5,321.5,325,69225
2026-01-05 09:42:00+05:30,323.0,324.95,323.0,324.95,195,69225
2026-01-05 09:43:00+05:30,324.05,324.05,320.2,320.2,585,69290
2026-01-05 09:44:00+05:30,318.5,318.5,312.45,313.5,260,69290
2026-01-05 09:45:00+05:30,317.5,320.0,317.5,320.0,195,69290
2026-01-05 09:46:00+05:30,320.0,320.0,320.0,320.0,0,69290
2026-01-05 09:47:00+05:30,322.35,324.5,320.5,320.5,585,68965
2026-01-05 09:48:00+05:30,320.5,320.5,320.5,320.5,0,68965
2026-01-05 09:49:00+05:30,330.95,338.6,328.15,338.6,975,69030
2026-01-05 09:50:00+05:30,337.7,345.45,337.65,345.0,975,69030
2026-01-05 09:51:00+05:30,345.0,345.0,330.8,330.8,195,69030
2026-01-05 09:52:00+05:30,321.5,325.75,321.5,325.64,455,68315
2026-01-05 09:53:00+05:30,330.0,332.0,329.85,332.0,260,68315
2026-01-05 09:54:00+05:30,334.55,341.05,334.55,341.05,325,68315
2026-01-05 09:55:00+05:30,340.5,342.0,340.0,342.0,910,68445
2026-01-05 09:56:00+05:30,351.0,355.25,351.0,355.25,325,68445
2026-01-05 09:57:00+05:30,351.55,351.55,347.35,348.5,325,68445
2026-01-05 09:58:00+05:30,350.0,350.0,350.0,350.0,325,68185
2026-01-05 09:59:00+05:30,347.5,347.5,347.5,347.5,130,68185
2026-01-05 10:00:00+05:30,352.65,358.35,352.65,358.35,455,68185
2026-01-05 10:01:00+05:30,349.4,349.4,349.4,349.4,65,68185
2026-01-05 10:02:00+05:30,349.4,349.4,340.0,340.0,585,68640
2026-01-05 10:03:00+05:30,341.15,345.45,341.15,345.45,130,68640
2026-01-05 10:04:00+05:30,335.0,335.0,335.0,335.0,65,68770
2026-01-05 10:05:00+05:30,330.0,334.6,328.05,334.6,715,68770
2026-01-05 10:06:00+05:30,350.55,355.0,350.55,355.0,1885,68770
2026-01-05 10:07:00+05:30,358.0,359.5,358.0,359.0,195,68965
2026-01-05 10:08:00+05:30,358.7,367.4,356.7,367.4,1820,68965
2026-01-05 10:09:00+05:30,370.0,371.6,367.7,367.7,780,68965
2026-01-05 10:10:00+05:30,368.55,368.8,367.9,367.9,650,68835
2026-01-05 10:11:00+05:30,369.4,370.25,363.65,363.65,325,68835
2026-01-05 10:12:00+05:30,363.65,366.8,363.65,366.8,5590,68835
2026-01-05 10:13:00+05:30,365.25,372.15,365.25,367.85,1235,71175
2026-01-05 10:14:00+05:30,370.1,372.0,370.1,372.0,195,71175
2026-01-05 10:15:00+05:30,372.75,372.75,372.75,372.75,1040,71175
2026-01-05 10:16:00+05:30,374.2,377.0,374.2,375.75,390,71175
2026-01-05 10:17:00+05:30,373.3,374.8,373.3,374.8,130,71175
2026-01-05 10:18:00+05:30,377.0,390.0,377.0,390.0,2145,71175
2026-01-05 10:19:00+05:30,390.2,390.2,387.1,387.1,650,70655
2026-01-05 10:20:00+05:30,387.1,387.1,387.1,387.1,130,70655
2026-01-05 10:21:00+05:30,395.95,395.95,394.25,394.25,455,70655
2026-01-05 10:22:00+05:30,395.05,395.05,390.15,390.15,455,69875
2026-01-05 10:23:00+05:30,393.25,393.25,393.25,393.25,325,69875
2026-01-05 10:24:00+05:30,396.0,402.9,396.0,402.6,5590,69875
2026-01-05 10:25:00+05:30,402.9,402.9,398.5,398.5,325,68510
2026-01-05 10:26:00+05:30,398.65,399.35,398.65,399.35,195,68510
2026-01-05 10:27:00+05:30,402.1,402.1,402.1,402.1,65,68510
2026-01-05 10:28:00+05:30,402.95,402.95,396.7,396.7,195,68380
2026-01-05 10:29:00+05:30,393.4,393.4,390.0,390.0,585,68380
2026-01-05 10:30:00+05:30,385.35,385.35,385.35,385.35,195,68380
2026-01-05 10:31:00+05:30,385.35,385.35,385.35,385.35,0,68380
2026-01-05 10:32:00+05:30,390.2,390.2,390.2,390.2,780,68315
2026-01-05 10:33:00+05:30,390.2,390.2,390.2,390.2,0,68315
2026-01-05 10:34:00+05:30,385.9,385.9,385.9,385.9,65,68315
2026-01-05 10:35:00+05:30,385.9,385.9,385.9,385.9,0,68315
2026-01-05 10:36:00+05:30,389.5,392.0,389.5,391.05,455,67925
2026-01-05 10:37:00+05:30,392.55,392.55,392.5,392.5,195,67925
2026-01-05 10:38:00+05:30,388.0,388.0,388.0,388.0,65,67795
2026-01-05 10:39:00+05:30,389.45,389.45,389.45,389.45,195,67795
2026-01-05 10:40:00+05:30,383.0,383.0,383.0,383.0,65,67795
2026-01-05 10:41:00+05:30,383.0,383.0,379.6,379.6,585,67665
2026-01-05 10:42:00+05:30,379.6,379.6,379.6,379.6,0,67665
2026-01-05 10:43:00+05:30,367.65,369.6,367.65,369.6,325,67730
2026-01-05 10:44:00+05:30,374.0,374.0,374.0,374.0,65,67730
2026-01-05 10:45:00+05:30,376.85,384.9,376.85,384.9,585,67730
2026-01-05 10:46:00+05:30,387.35,387.35,383.0,383.0,195,68055
2026-01-05 10:47:00+05:30,383.0,383.0,383.0,383.0,0,68055
2026-01-05 10:48:00+05:30,383.0,383.0,383.0,383.0,0,68055
2026-01-05 10:49:00+05:30,383.0,383.0,383.0,383.0,0,68055
2026-01-05 10:50:00+05:30,387.45,387.45,387.45,387.45,65,67990
2026-01-05 10:51:00+05:30,387.45,387.45,387.45,387.45,0,67990
2026-01-05 10:52:00+05:30,390.75,390.75,390.75,390.75,65,67990
2026-01-05 10:53:00+05:30,390.75,390.75,390.0,390.0,130,67990
2026-01-05 10:54:00+05:30,386.55,386.55,386.55,386.55,65,67990
2026-01-05 10:55:00+05:30,386.55,386.55,386.55,386.55,0,67990
2026-01-05 10:56:00+05:30,386.55,386.55,386.55,386.55,0,67990
2026-01-05 10:57:00+05:30,383.05,386.85,383.05,386.85,195,68055
2026-01-05 10:58:00+05:30,386.85,386.85,386.85,386.85,0,68055
2026-01-05 10:59:00+05:30,386.45,386.45,384.9,384.9,130,67990
2026-01-05 11:00:00+05:30,377.25,379.5,377.25,379.5,260,67990
2026-01-05 11:01:00+05:30,380.0,380.0,380.0,380.0,390,68120
2026-01-05 11:02:00+05:30,380.0,380.0,380.0,380.0,0,68120
2026-01-05 11:03:00+05:30,389.45,390.0,389.45,389.65,910,68120
2026-01-05 11:04:00+05:30,394.75,395.0,394.75,395.0,130,68055
2026-01-05 11:05:00+05:30,389.3,390.0,389.3,390.0,130,68055
2026-01-05 11:06:00+05:30,387.95,387.95,385.1,385.1,195,68055
2026-01-05 11:07:00+05:30,385.1,385.1,385.1,385.1,0,68055
2026-01-05 11:08:00+05:30,379.4,380.55,379.4,380.55,195,68250
2026-01-05 11:09:00+05:30,380.55,380.55,380.55,380.55,0,68250
2026-01-05 11:10:00+05:30,380.55,380.55,380.55,380.55,0,68250
2026-01-05 11:11:00+05:30,380.55,380.55,380.55,380.55,0,68250
2026-01-05 11:12:00+05:30,380.55,380.55,380.55,380.55,0,68250
2026-01-05 11:13:00+05:30,380.55,380.55,380.55,380.55,0,68250
2026-01-05 11:14:00+05:30,388.0,388.0,388.0,388.0,65,68185
2026-01-05 11:15:00+05:30,388.0,388.0,388.0,388.0,0,68185
2026-01-05 11:16:00+05:30,388.0,388.0,388.0,388.0,0,68185
2026-01-05 11:17:00+05:30,380.6,380.6,380.6,380.6,130,68185
2026-01-05 11:18:00+05:30,380.6,380.6,380.6,380.6,0,68185
2026-01-05 11:19:00+05:30,380.6,380.6,380.6,380.6,0,68185
2026-01-05 11:20:00+05:30,376.0,376.0,376.0,376.0,65,68120
2026-01-05 11:21:00+05:30,373.55,373.55,371.9,371.9,390,68120
2026-01-05 11:22:00+05:30,370.8,372.25,369.7,369.7,975,68120
2026-01-05 11:23:00+05:30,363.35,363.35,350.0,352.65,975,68380
2026-01-05 11:24:00+05:30,356.55,360.35,350.0,350.0,1040,68380
2026-01-05 11:25:00+05:30,352.6,358.5,352.6,358.5,1170,68380
2026-01-05 11:26:00+05:30,355.1,355.1,355.1,355.1,910,68835
2026-01-05 11:27:00+05:30,349.45,356.2,345.3,356.2,2470,68835
2026-01-05 11:28:00+05:30,356.2,356.2,356.2,356.2,0,68835
2026-01-05 11:29:00+05:30,356.15,364.85,356.15,361.7,585,69355
2026-01-05 11:30:00+05:30,359.25,359.25,359.0,359.0,1820,69355
2026-01-05 11:31:00+05:30,359.55,359.55,359.55,359.55,195,69355
2026-01-05 11:32:00+05:30,363.35,363.35,363.35,363.35,130,69355
2026-01-05 11:33:00+05:30,363.35,363.35,363.35,363.35,0,69355
2026-01-05 11:34:00+05:30,350.25,350.25,347.35,347.75,780,70070
2026-01-05 11:35:00+05:30,348.35,356.25,344.2,356.25,8190,70070
2026-01-05 11:36:00+05:30,354.05,354.9,353.95,353.95,585,70070
2026-01-05 11:37:00+05:30,353.95,353.95,353.95,353.95,0,70070
2026-01-05 11:38:00+05:30,353.45,353.45,353.45,353.45,65,71110
2026-01-05 11:39:00+05:30,352.95,354.7,352.85,354.7,325,71110
2026-01-05 11:40:00+05:30,356.8,356.8,356.6,356.6,195,71045
2026-01-05 11:41:00+05:30,355.55,357.7,355.55,357.7,130,71045
2026-01-05 11:42:00+05:30,367.65,368.3,367.65,368.3,260,71045
2026-01-05 11:43:00+05:30,362.75,362.75,362.75,362.75,130,70850
2026-01-05 11:44:00+05:30,362.75,362.75,362.75,362.75,0,70850
2026-01-05 11:45:00+05:30,362.75,362.75,362.75,362.75,0,70850
2026-01-05 11:46:00+05:30,365.0,365.0,362.1,362.1,130,70850
2026-01-05 11:47:00+05:30,365.45,365.45,365.45,365.45,65,70785
2026-01-05 11:48:00+05:30,366.4,366.4,366.4,366.4,65,70785
2026-01-05 11:49:00+05:30,365.0,369.45,365.0,369.45,195,70785
2026-01-05 11:50:00+05:30,366.8,367.75,366.8,367.75,130,70785
2026-01-05 11:51:00+05:30,365.0,365.0,362.2,364.0,2145,70785
2026-01-05 11:52:00+05:30,356.4,356.4,356.4,356.4,130,71305
2026-01-05 11:53:00+05:30,356.3,356.3,355.8,355.8,130,71305
2026-01-05 11:54:00+05:30,352.35,352.35,352.35,352.35,325,71305
2026-01-05 11:55:00+05:30,352.35,352.35,352.35,352.35,0,71305
2026-01-05 11:56:00+05:30,356.25,356.25,356.25,356.25,65,71435
2026-01-05 11:57:00+05:30,352.95,352.95,352.95,352.95,65,71435
2026-01-05 11:58:00+05:30,358.05,360.95,358.05,360.95,130,71435
2026-01-05 11:59:00+05:30,358.15,358.15,357.5,357.5,455,71435
2026-01-05 12:00:00+05:30,359.95,359.95,359.95,359.95,325,71435
2026-01-05 12:01:00+05:30,352.95,352.95,352.95,352.95,65,71435
2026-01-05 12:02:00+05:30,345.15,346.6,345.0,346.6,1170,71305
2026-01-05 12:03:00+05:30,344.65,344.65,344.65,344.65,65,71305
2026-01-05 12:04:00+05:30,348.0,348.7,347.2,347.2,1495,71305
2026-01-05 12:05:00+05:30,347.2,347.2,347.2,347.2,65,72800
2026-01-05 12:06:00+05:30,347.2,347.2,347.2,347.2,0,72800
2026-01-05 12:07:00+05:30,347.75,347.75,347.75,347.75,65,72735
2026-01-05 12:08:00+05:30,344.55,348.0,343.85,348.0,1690,72735
2026-01-05 12:09:00+05:30,348.0,348.0,348.0,348.0,0,72735
2026-01-05 12:10:00+05:30,353.7,353.7,353.7,353.7,260,72735
2026-01-05 12:11:00+05:30,349.05,349.05,349.05,349.05,130,74165
2026-01-05 12:12:00+05:30,349.05,349.05,349.05,349.05,0,74165
2026-01-05 12:13:00+05:30,358.45,358.45,355.55,355.55,130,74165
2026-01-05 12:14:00+05:30,356.75,360.15,356.75,360.15,130,73840
2026-01-05 12:15:00+05:30,360.6,360.6,360.6,360.6,130,73840
2026-01-05 12:16:00+05:30,359.55,359.55,359.45,359.45,130,73840
2026-01-05 12:17:00+05:30,359.45,359.45,359.45,359.45,0,73840
2026-01-05 12:18:00+05:30,362.1,362.1,362.1,362.1,65,74035
2026-01-05 12:19:00+05:30,367.2,367.2,367.2,367.2,325,74035
2026-01-05 12:20:00+05:30,367.2,367.2,367.2,367.2,0,74035
2026-01-05 12:21:00+05:30,366.4,366.45,365.7,365.7,195,74100
2026-01-05 12:22:00+05:30,365.7,365.7,365.7,365.7,0,74100
2026-01-05 12:23:00+05:30,365.7,365.7,365.7,365.7,0,74100
2026-01-05 12:24:00+05:30,365.0,365.0,365.0,365.0,65,74100
2026-01-05 12:25:00+05:30,365.0,365.0,365.0,365.0,0,74100
2026-01-05 12:26:00+05:30,365.0,365.0,365.0,365.0,0,74100
2026-01-05 12:27:00+05:30,365.0,365.0,365.0,365.0,0,74100
2026-01-05 12:28:00+05:30,359.2,359.2,359.2,359.2,65,74100
2026-01-05 12:29:00+05:30,359.2,359.2,359.2,359.2,0,74100
2026-01-05 12:30:00+05:30,359.2,359.2,359.2,359.2,0,74100
2026-01-05 12:31:00+05:30,359.2,359.2,359.2,359.2,0,74100
2026-01-05 12:32:00+05:30,359.2,359.2,359.2,359.2,0,74100
2026-01-05 12:33:00+05:30,359.2,359.2,359.2,359.2,0,74100
2026-01-05 12:34:00+05:30,361.05,361.05,358.75,358.75,195,74035
2026-01-05 12:35:00+05:30,358.75,358.75,358.75,358.75,0,74035
2026-01-05 12:36:00+05:30,358.75,358.75,358.75,358.75,0,74035
2026-01-05 12:37:00+05:30,358.75,358.75,358.75,358.75,0,74035
2026-01-05 12:38:00+05:30,365.3,367.3,365.3,367.3,260,74035
2026-01-05 12:39:00+05:30,363.85,363.85,363.85,363.85,65,74035
2026-01-05 12:40:00+05:30,363.85,363.85,363.85,363.85,0,74035
2026-01-05 12:41:00+05:30,363.85,363.85,363.85,363.85,0,74035
2026-01-05 12:42:00+05:30,355.75,355.75,355.75,355.75,130,74100
2026-01-05 12:43:00+05:30,355.75,355.75,355.75,355.75,0,74100
2026-01-05 12:44:00+05:30,355.75,355.75,355.75,355.75,455,73970
2026-01-05 12:45:00+05:30,357.0,357.0,354.0,354.0,390,73970
2026-01-05 12:46:00+05:30,355.95,355.95,355.95,355.95,65,73970
2026-01-05 12:47:00+05:30,355.95,355.95,355.95,355.95,0,73970
2026-01-05 12:48:00+05:30,355.95,355.95,355.95,355.95,0,73970
2026-01-05 12:49:00+05:30,355.95,355.95,355.95,355.95,0,73970
2026-01-05 12:50:00+05:30,355.95,355.95,355.95,355.95,0,73970
2026-01-05 12:51:00+05:30,370.0,370.0,370.0,370.0,1690,73450
2026-01-05 12:52:00+05:30,370.0,370.0,370.0,370.0,0,73450
2026-01-05 12:53:00+05:30,370.0,370.0,370.0,370.0,0,73450
2026-01-05 12:54:00+05:30,370.0,370.0,370.0,370.0,0,73450
2026-01-05 12:55:00+05:30,370.0,370.0,370.0,370.0,65,73450
2026-01-05 12:56:00+05:30,370.0,370.0,370.0,370.0,0,73450
2026-01-05 12:57:00+05:30,368.65,368.65,368.65,368.65,130,73450
2026-01-05 12:58:00+05:30,359.75,359.75,359.75,359.75,65,73450
2026-01-05 12:59:00+05:30,359.75,359.75,359.75,359.75,0,73450
2026-01-05 13:00:00+05:30,359.75,359.75,359.75,359.75,0,73450
2026-01-05 13:01:00+05:30,359.75,359.75,359.75,359.75,0,73450
2026-01-05 13:02:00+05:30,353.9,353.9,353.9,353.9,325,73580
2026-01-05 13:03:00+05:30,353.3,353.3,353.3,353.3,65,73580
2026-01-05 13:04:00+05:30,352.6,352.6,352.6,352.6,65,73580
2026-01-05 13:05:00+05:30,349.3,349.3,349.3,349.3,130,73515
2026-01-05 13:06:00+05:30,349.3,349.3,349.3,349.3,0,73515
2026-01-05 13:07:00+05:30,349.3,349.3,349.3,349.3,0,73515
2026-01-05 13:08:00+05:30,349.3,349.3,349.3,349.3,0,73515
2026-01-05 13:09:00+05:30,349.3,349.3,349.3,349.3,0,73515
2026-01-05 13:10:00+05:30,343.1,346.7,343.1,346.7,195,73450
2026-01-05 13:11:00+05:30,341.9,341.9,341.9,341.9,130,73450
2026-01-05 13:12:00+05:30,339.35,339.35,336.0,336.0,325,73450
2026-01-05 13:13:00+05:30,336.5,341.1,335.5,341.1,650,73450
2026-01-05 13:14:00+05:30,341.1,341.1,341.1,341.1,0,73450
2026-01-05 13:15:00+05:30,330.0,331.05,328.0,331.05,1105,73515
2026-01-05 13:16:00+05:30,325.0,325.0,325.0,325.0,65,73515
2026-01-05 13:17:00+05:30,326.0,326.8,325.5,326.8,325,73255
2026-01-05 13:18:00+05:30,324.05,324.05,324.05,324.05,65,73255
2026-01-05 13:19:00+05:30,331.0,331.0,331.0,331.0,520,73255
2026-01-05 13:20:00+05:30,329.5,329.5,329.5,329.5,65,73320
2026-01-05 13:21:00+05:30,326.0,326.0,325.0,325.0,130,73320
2026-01-05 13:22:00+05:30,327.9,327.9,327.9,327.9,130,73320
2026-01-05 13:23:00+05:30,327.9,327.9,327.9,327.9,0,73320
2026-01-05 13:24:00+05:30,327.9,327.9,327.9,327.9,0,73320
2026-01-05 13:25:00+05:30,336.55,337.85,336.55,336.55,195,73385
2026-01-05 13:26:00+05:30,335.25,335.25,335.25,335.25,130,73385
2026-01-05 13:27:00+05:30,335.25,335.25,335.25,335.25,0,73385
2026-01-05 13:28:00+05:30,328.0,328.0,326.45,326.45,130,73385
2026-01-05 13:29:00+05:30,321.64,321.64,319.14,319.14,325,73255
2026-01-05 13:30:00+05:30,322.8,322.8,322.8,322.8,65,73255
2026-01-05 13:31:00+05:30,316.0,320.64,316.0,320.64,2600,73255
2026-01-05 13:32:00+05:30,320.64,320.64,320.64,320.64,0,73255
2026-01-05 13:33:00+05:30,318.05,318.05,318.05,318.05,65,74035
2026-01-05 13:34:00+05:30,318.05,318.05,318.05,318.05,0,74035
2026-01-05 13:35:00+05:30,320.85,320.85,320.85,320.85,65,74100
2026-01-05 13:36:00+05:30,316.35,316.35,316.35,316.35,520,74100
2026-01-05 13:37:00+05:30,316.35,316.35,316.1,316.1,390,74100
2026-01-05 13:38:00+05:30,315.0,318.95,315.0,318.95,130,74035
2026-01-05 13:39:00+05:30,315.25,315.25,315.25,315.25,65,74035
2026-01-05 13:40:00+05:30,314.05,315.89,314.05,315.89,325,74035
2026-01-05 13:41:00+05:30,315.89,315.89,315.89,315.89,0,74035
2026-01-05 13:42:00+05:30,315.89,315.89,315.89,315.89,0,74035
2026-01-05 13:43:00+05:30,315.89,315.89,315.89,315.89,0,74035
2026-01-05 13:44:00+05:30,315.89,315.89,315.89,315.89,0,74035
2026-01-05 13:45:00+05:30,325.0,325.0,324.05,324.05,260,74295
2026-01-05 13:46:00+05:30,324.05,324.05,324.05,324.05,0,74295
2026-01-05 13:47:00+05:30,324.05,324.05,324.05,324.05,0,74295
2026-01-05 13:48:00+05:30,324.05,324.05,324.05,324.05,0,74295
2026-01-05 13:49:00+05:30,313.6,313.6,306.05,306.05,650,74230
2026-01-05 13:50:00+05:30,300.3,300.35,297.0,297.0,845,74490
2026-01-05 13:51:00+05:30,292.64,295.89,291.14,295.1,910,74490
2026-01-05 13:52:00+05:30,293.64,293.64,292.5,292.5,1235,74490
2026-01-05 13:53:00+05:30,290.3,291.45,289.35,289.75,845,75400
2026-01-05 13:54:00+05:30,290.64,291.5,288.55,290.45,975,75400
2026-01-05 13:55:00+05:30,290.0,293.05,290.0,290.0,975,75400
2026-01-05 13:56:00+05:30,290.14,290.14,290.14,290.14,325,76310
2026-01-05 13:57:00+05:30,288.0,288.5,285.0,288.5,2145,76310
2026-01-05 13:58:00+05:30,288.75,288.75,288.5,288.5,260,76310
2026-01-05 13:59:00+05:30,286.5,287.5,282.45,282.45,975,77220
2026-01-05 14:00:00+05:30,282.5,282.5,278.0,281.5,1430,77220
2026-01-05 14:01:00+05:30,281.35,281.35,273.3,273.95,2860,77220
2026-01-05 14:02:00+05:30,272.5,272.5,265.55,265.95,1755,78520
2026-01-05 14:03:00+05:30,265.7,266.25,258.5,259.0,11960,78520
2026-01-05 14:04:00+05:30,259.45,261.35,257.95,259.35,1625,78520
2026-01-05 14:05:00+05:30,260.2,261.0,250.0,251.6,2210,89310
2026-01-05 14:06:00+05:30,252.0,262.5,251.55,262.14,6500,89310
2026-01-05 14:07:00+05:30,261.55,262.39,261.05,261.64,910,89310
2026-01-05 14:08:00+05:30,260.55,260.55,256.89,256.89,1885,92300
2026-01-05 14:09:00+05:30,257.35,259.55,256.8,259.55,1885,92300
2026-01-05 14:10:00+05:30,260.55,263.35,258.39,258.39,1170,92300
2026-01-05 14:11:00+05:30,261.2,261.64,260.0,260.0,1430,92300
2026-01-05 14:12:00+05:30,264.45,265.0,263.55,264.8,260,92560
2026-01-05 14:13:00+05:30,264.55,264.55,260.0,261.25,1560,92560
2026-01-05 14:14:00+05:30,261.95,264.2,261.5,261.5,2080,93860
2026-01-05 14:15:00+05:30,262.45,263.35,261.7,263.35,1495,93860
2026-01-05 14:16:00+05:30,262.55,265.3,262.55,265.3,975,93860
2026-01-05 14:17:00+05:30,265.35,265.64,264.35,264.35,910,93860
2026-01-05 14:18:00+05:30,261.0,261.0,261.0,261.0,65,93860
2026-01-05 14:19:00+05:30,260.0,260.85,259.14,259.14,975,93860
2026-01-05 14:20:00+05:30,257.5,259.5,256.35,256.35,1430,94705
2026-01-05 14:21:00+05:30,257.45,257.45,253.3,256.5,1300,94705
2026-01-05 14:22:00+05:30,254.5,255.5,254.05,255.5,910,94705
2026-01-05 14:23:00+05:30,258.05,259.6,258.05,259.6,195,94705
2026-01-05 14:24:00+05:30,262.55,262.55,262.55,262.55,65,95940
2026-01-05 14:25:00+05:30,263.89,266.05,263.0,266.05,845,95940
2026-01-05 14:26:00+05:30,262.85,264.05,262.85,263.6,260,96005
2026-01-05 14:27:00+05:30,265.05,265.05,265.05,265.05,195,96005
2026-01-05 14:28:00+05:30,265.05,265.05,265.05,265.05,0,96005
2026-01-05 14:29:00+05:30,266.89,267.95,261.14,261.14,520,95810
2026-01-05 14:30:00+05:30,262.2,266.1,261.2,266.1,845,95810
2026-01-05 14:31:00+05:30,267.0,269.2,267.0,269.2,390,95810
2026-01-05 14:32:00+05:30,269.0,269.0,268.85,268.85,585,95810
2026-01-05 14:33:00+05:30,269.5,269.5,268.0,268.45,195,95420
2026-01-05 14:34:00+05:30,271.0,271.5,271.0,271.3,390,95420
2026-01-05 14:35:00+05:30,270.64,270.64,268.39,268.39,390,95095
2026-01-05 14:36:00+05:30,268.39,268.39,268.39,268.39,65,95095
2026-01-05 14:37:00+05:30,270.89,270.89,270.89,270.89,65,95095
2026-01-05 14:38:00+05:30,265.0,267.35,261.14,261.89,455,95225
2026-01-05 14:39:00+05:30,261.25,263.35,261.25,263.35,195,95225
2026-01-05 14:40:00+05:30,261.6,265.64,261.6,265.64,2275,95225
2026-01-05 14:41:00+05:30,270.0,270.85,270.0,270.85,260,95225
2026-01-05 14:42:00+05:30,270.85,270.85,270.85,270.85,0,95225
2026-01-05 14:43:00+05:30,271.14,277.0,271.14,276.5,1560,96915
2026-01-05 14:44:00+05:30,276.0,276.5,276.0,276.5,520,96200
2026-01-05 14:45:00+05:30,277.5,277.5,276.95,276.95,975,96200
2026-01-05 14:46:00+05:30,277.8,280.0,277.6,280.0,1430,96200
2026-01-05 14:47:00+05:30,277.89,277.89,273.14,275.0,1235,96720
2026-01-05 14:48:00+05:30,275.0,275.0,275.0,275.0,0,96720
2026-01-05 14:49:00+05:30,274.5,276.14,274.5,276.14,715,96720
2026-01-05 14:50:00+05:30,276.8,276.8,276.8,276.8,130,96720
2026-01-05 14:51:00+05:30,276.8,285.0,276.8,285.0,780,96980
2026-01-05 14:52:00+05:30,287.55,290.0,282.2,282.2,455,96980
2026-01-05 14:53:00+05:30,280.0,280.39,279.6,280.39,975,96980
2026-01-05 14:54:00+05:30,283.75,283.75,283.75,283.75,455,97110
2026-01-05 14:55:00+05:30,286.95,286.95,286.39,286.39,130,97110
2026-01-05 14:56:00+05:30,282.5,283.05,282.5,283.05,390,96785
2026-01-05 14:57:00+05:30,284.95,287.5,283.0,287.5,520,96785
2026-01-05 14:58:00+05:30,285.45,285.45,284.8,284.85,1040,96785
2026-01-05 14:59:00+05:30,287.8,290.95,286.1,290.95,585,96265
2026-01-05 15:00:00+05:30,290.0,290.0,277.64,277.64,650,96265
2026-01-05 15:01:00+05:30,276.55,277.0,274.55,274.55,1300,96265
2026-01-05 15:02:00+05:30,276.55,276.75,276.55,276.75,715,96265
2026-01-05 15:03:00+05:30,284.0,284.0,284.0,284.0,65,95680
2026-01-05 15:04:00+05:30,284.0,284.0,284.0,284.0,0,95680
2026-01-05 15:05:00+05:30,276.0,276.1,272.35,272.35,1170,96265
2026-01-05 15:06:00+05:30,273.0,274.75,273.0,274.75,390,96265
2026-01-05 15:07:00+05:30,272.45,272.45,266.8,268.95,520,96265
2026-01-05 15:08:00+05:30,265.8,265.8,263.05,263.05,1170,96265
2026-01-05 15:09:00+05:30,268.0,268.0,267.39,267.95,845,96070
2026-01-05 15:10:00+05:30,264.64,265.0,262.6,265.0,585,96070
2026-01-05 15:11:00+05:30,264.0,264.1,262.35,263.2,1105,95615
2026-01-05 15:12:00+05:30,261.64,261.64,261.0,261.0,1105,95615
2026-01-05 15:13:00+05:30,258.5,264.25,258.5,264.25,715,95615
2026-01-05 15:14:00+05:30,263.1,265.0,263.1,265.0,1365,95615
2026-01-05 15:15:00+05:30,265.3,265.3,262.0,262.75,910,96200
2026-01-05 15:16:00+05:30,261.75,261.75,260.1,261.25,325,96200
2026-01-05 15:17:00+05:30,262.3,263.64,262.3,263.64,195,96200
2026-01-05 15:18:00+05:30,260.55,263.85,260.55,262.89,910,96330
2026-01-05 15:19:00+05:30,262.64,262.64,261.75,261.75,260,96330
2026-01-05 15:20:00+05:30,261.1,261.1,260.05,260.05,520,96135
2026-01-05 15:21:00+05:30,261.05,261.05,259.45,259.45,390,96135
2026-01-05 15:22:00+05:30,258.5,259.75,258.5,258.8,455,96135
2026-01-05 15:23:00+05:30,256.0,257.5,256.0,257.5,1625,95810
2026-01-05 15:24:00+05:30,257.5,258.39,256.45,258.35,1105,95810
2026-01-05 15:25:00+05:30,260.14,263.39,259.0,263.39,1300,95810
2026-01-05 15:26:00+05:30,262.5,262.95,260.8,260.8,910,96330
2026-01-05 15:27:00+05:30,261.95,261.95,260.0,260.05,2405,96330
2026-01-05 15:28:00+05:30,260.0,262.6,260.0,262.5,4615,96330
2026-01-05 15:29:00+05:30,262.5,262.85,261.3,262.85,975,94315
2026-01-06 09:15:00+05:30,286.85,300.0,275.14,294.39,12090,94185
2026-01-06 09:16:00+05:30,292.39,293.0,271.5,271.5,4355,95485
2026-01-06 09:17:00+05:30,272.3,275.0,270.85,272.0,2405,95485
2026-01-06 09:18:00+05:30,279.5,279.55,276.45,276.45,1690,95485
2026-01-06 09:19:00+05:30,272.0,272.0,260.0,262.85,5135,95940
2026-01-06 09:20:00+05:30,260.25,265.0,254.0,265.0,4615,95940
2026-01-06 09:21:00+05:30,261.5,265.0,257.39,257.39,5590,95940
2026-01-06 09:22:00+05:30,259.55,262.05,255.9,259.95,2470,99450
2026-01-06 09:23:00+05:30,258.0,262.5,257.39,260.05,2795,99450
2026-01-06 09:24:00+05:30,258.0,260.95,258.0,259.85,2145,99450
2026-01-06 09:25:00+05:30,258.0,259.0,253.5,255.6,2795,101400
2026-01-06 09:26:00+05:30,255.45,256.64,251.7,256.64,1820,101400
2026-01-06 09:27:00+05:30,255.6,255.6,252.45,252.65,1040,101400
2026-01-06 09:28:00+05:30,251.0,251.0,241.0,241.0,4680,102505
2026-01-06 09:29:00+05:30,240.9,244.0,240.0,243.7,3510,102505
2026-01-06 09:30:00+05:30,242.0,247.5,242.0,247.0,4615,102505
2026-01-06 09:31:00+05:30,248.5,250.0,246.9,247.0,4485,106015
2026-01-06 09:32:00+05:30,245.45,258.0,245.45,253.75,4030,106015
2026-01-06 09:33:00+05:30,253.85,269.0,253.85,267.7,7605,106015
2026-01-06 09:34:00+05:30,270.85,274.3,264.05,268.5,8060,103090
2026-01-06 09:35:00+05:30,271.55,278.89,271.55,276.75,6825,103090
2026-01-06 09:36:00+05:30,274.0,274.5,266.7,269.05,5655,103090
2026-01-06 09:37:00+05:30,270.0,270.0,258.55,261.8,3575,101400
2026-01-06 09:38:00+05:30,262.05,267.64,258.14,258.14,3510,101400
2026-01-06 09:39:00+05:30,259.0,260.5,252.4,256.5,3120,101400
2026-01-06 09:40:00+05:30,255.35,260.0,250.4,258.75,2990,103740
2026-01-06 09:41:00+05:30,257.8,258.85,254.65,254.65,2795,103740
2026-01-06 09:42:00+05:30,252.6,254.95,248.5,254.95,3575,103740
2026-01-06 09:43:00+05:30,253.85,255.0,251.9,252.35,1105,106600
2026-01-06 09:44:00+05:30,253.6,255.15,252.0,253.85,1365,106600
2026-01-06 09:45:00+05:30,253.5,263.5,253.5,260.39,2665,106600
2026-01-06 09:46:00+05:30,261.8,266.0,261.7,262.0,2405,106990
2026-01-06 09:47:00+05:30,263.1,267.95,263.1,266.0,2275,106990
2026-01-06 09:48:00+05:30,269.5,270.0,267.75,268.85,1170,106990
2026-01-06 09:49:00+05:30,266.8,271.0,266.8,270.05,4290,105170
2026-01-06 09:50:00+05:30,269.75,272.0,268.2,268.2,1170,105170
2026-01-06 09:51:00+05:30,271.3,273.55,270.0,270.6,3380,105170
2026-01-06 09:52:00+05:30,270.14,270.39,269.0,270.39,520,106340
2026-01-06 09:53:00+05:30,272.7,277.6,272.7,272.75,1950,106340
2026-01-06 09:54:00+05:30,272.95,272.95,268.0,272.35,3705,106340
2026-01-06 09:55:00+05:30,274.89,281.0,274.89,281.0,3185,105040
2026-01-06 09:56:00+05:30,287.55,289.89,283.64,287.5,7150,105040
2026-01-06 09:57:00+05:30,289.7,289.7,282.55,282.7,2210,105040
2026-01-06 09:58:00+05:30,282.35,289.39,282.35,289.39,1885,104975
2026-01-06 09:59:00+05:30,291.14,292.3,290.0,291.89,2925,104975
2026-01-06 10:00:00+05:30,292.75,308.05,292.75,297.55,12740,104975
2026-01-06 10:01:00+05:30,300.75,300.75,295.0,295.0,1170,103285
2026-01-06 10:02:00+05:30,294.64,301.0,293.25,301.0,2535,103285
2026-01-06 10:03:00+05:30,301.0,302.0,297.35,297.35,2145,103285
2026-01-06 10:04:00+05:30,299.05,300.05,293.5,293.5,1105,101010
2026-01-06 10:05:00+05:30,291.5,291.5,279.5,281.5,5395,101010
2026-01-06 10:06:00+05:30,283.8,289.8,281.5,289.8,2535,101010
2026-01-06 10:07:00+05:30,289.39,290.3,287.25,287.25,1625,98280
2026-01-06 10:08:00+05:30,288.95,289.7,286.2,286.7,455,98280
2026-01-06 10:09:00+05:30,286.7,286.7,286.7,286.7,0,98280
2026-01-06 10:10:00+05:30,286.7,291.39,282.25,290.95,1755,98930
2026-01-06 10:11:00+05:30,290.95,290.95,285.95,285.95,1885,98930
2026-01-06 10:12:00+05:30,284.1,284.1,284.1,284.1,195,98930
2026-01-06 10:13:00+05:30,287.0,288.55,286.55,288.0,260,98735
2026-01-06 10:14:00+05:30,289.85,290.0,286.5,287.25,1300,98735
2026-01-06 10:15:00+05:30,287.25,287.5,285.5,285.6,1300,98735
2026-01-06 10:16:00+05:30,286.39,287.14,283.45,283.45,260,99255
2026-01-06 10:17:00+05:30,290.89,291.64,290.89,291.64,650,99255
2026-01-06 10:18:00+05:30,294.25,294.25,288.64,288.64,650,99255
2026-01-06 10:19:00+05:30,285.0,285.0,276.1,276.55,910,99255
2026-01-06 10:20:00+05:30,272.8,276.39,272.39,276.39,1690,99255
2026-01-06 10:21:00+05:30,274.0,276.05,272.0,276.05,1495,99255
2026-01-06 10:22:00+05:30,277.0,277.0,273.0,273.0,1300,100295
2026-01-06 10:23:00+05:30,275.5,275.5,269.0,270.64,1690,100295
2026-01-06 10:24:00+05:30,270.2,270.6,265.75,267.55,4810,100295
2026-01-06 10:25:00+05:30,267.85,273.45,267.85,270.1,3120,101660
2026-01-06 10:26:00+05:30,269.8,272.3,269.8,271.25,1105,101660
2026-01-06 10:27:00+05:30,271.3,271.8,269.0,269.8,1170,101660
2026-01-06 10:28:00+05:30,270.7,275.0,268.8,275.0,1950,103675
2026-01-06 10:29:00+05:30,275.0,275.0,269.7,269.7,715,103675
2026-01-06 10:30:00+05:30,269.45,273.2,269.45,269.64,1170,103675
2026-01-06 10:31:00+05:30,270.0,270.35,270.0,270.35,260,104325
2026-01-06 10:32:00+05:30,275.0,278.35,275.0,278.35,780,104325
2026-01-06 10:33:00+05:30,273.39,273.55,268.55,269.45,1170,104325
2026-01-06 10:34:00+05:30,274.35,274.35,274.35,274.35,715,104325
2026-01-06 10:35:00+05:30,272.0,273.35,272.0,272.0,1040,104325
2026-01-06 10:36:00+05:30,271.25,271.25,261.0,265.64,1950,104325
2026-01-06 10:37:00+05:30,261.95,261.95,252.0,252.15,3315,105690
2026-01-06 10:38:00+05:30,251.95,260.7,251.95,259.2,650,105690
2026-01-06 10:39:00+05:30,261.35,262.0,259.6,259.6,3900,105690
2026-01-06 10:40:00+05:30,258.45,259.45,250.0,256.5,5200,106340
2026-01-06 10:41:00+05:30,256.5,260.14,256.35,260.14,1235,106340
2026-01-06 10:42:00+05:30,260.75,263.0,260.55,260.55,1365,106340
2026-01-06 10:43:00+05:30,260.55,260.55,256.2,256.95,1235,107315
2026-01-06 10:44:00+05:30,254.75,256.0,254.75,256.0,520,107315
2026-01-06 10:45:00+05:30,256.0,257.45,255.7,257.45,650,107315
2026-01-06 10:46:00+05:30,256.25,257.0,253.05,257.0,1235,107380
2026-01-06 10:47:00+05:30,258.1,260.0,258.05,259.2,780,107380
2026-01-06 10:48:00+05:30,260.5,263.0,257.25,257.25,1300,107380
2026-01-06 10:49:00+05:30,259.3,259.3,254.0,254.0,1495,107445
2026-01-06 10:50:00+05:30,254.75,257.75,254.55,256.0,1625,107445
2026-01-06 10:51:00+05:30,255.1,255.9,253.3,255.9,2080,107445
2026-01-06 10:52:00+05:30,255.2,255.2,255.0,255.0,195,107445
2026-01-06 10:53:00+05:30,256.8,257.45,256.1,257.45,1040,108550
2026-01-06 10:54:00+05:30,257.64,259.89,257.64,259.35,845,108550
2026-01-06 10:55:00+05:30,260.0,261.3,257.35,258.75,1300,108875
2026-01-06 10:56:00+05:30,256.75,257.55,253.0,253.0,585,108875
2026-01-06 10:57:00+05:30,256.05,256.05,256.05,256.05,390,108875
2026-01-06 10:58:00+05:30,255.0,257.35,250.65,250.65,1755,109265
2026-01-06 10:59:00+05:30,250.35,252.55,249.0,249.4,1950,109265
2026-01-06 11:00:00+05:30,250.1,252.45,249.75,252.45,715,109265
2026-01-06 11:01:00+05:30,252.4,254.1,251.95,251.95,1040,109265
2026-01-06 11:02:00+05:30,251.0,251.0,248.0,250.2,1495,109330
2026-01-06 11:03:00+05:30,249.9,251.9,249.9,251.55,975,109330
2026-01-06 11:04:00+05:30,254.6,258.0,254.6,255.75,1040,109200
2026-01-06 11:05:00+05:30,257.5,257.5,257.05,257.05,520,109200
2026-01-06 11:06:00+05:30,258.64,258.95,257.05,257.05,390,109200
2026-01-06 11:07:00+05:30,255.9,255.9,255.9,255.9,65,109200
2026-01-06 11:08:00+05:30,257.5,257.5,257.5,257.5,130,109200
2026-01-06 11:09:00+05:30,260.5,260.5,258.2,258.2,325,109525
2026-01-06 11:10:00+05:30,258.05,258.05,252.0,252.1,1040,109330
2026-01-06 11:11:00+05:30,252.0,252.0,250.15,251.65,1235,109330
2026-01-06 11:12:00+05:30,248.45,248.45,243.55,244.95,585,109330
2026-01-06 11:13:00+05:30,241.45,245.65,241.4,245.65,1235,110175
2026-01-06 11:14:00+05:30,246.5,247.4,242.35,242.35,1495,110175
2026-01-06 11:15:00+05:30,243.1,243.1,235.05,237.3,10985,110175
2026-01-06 11:16:00+05:30,235.0,235.0,227.35,227.35,3900,118105
2026-01-06 11:17:00+05:30,225.05,225.05,220.25,221.7,53755,118105
2026-01-06 11:18:00+05:30,220.9,223.05,220.9,222.15,5200,118105
2026-01-06 11:19:00+05:30,221.65,222.35,219.25,221.6,6110,147420
2026-01-06 11:20:00+05:30,221.35,221.35,215.45,217.9,7280,147420
2026-01-06 11:21:00+05:30,217.35,218.0,212.0,213.0,8710,147420
2026-01-06 11:22:00+05:30,213.85,216.3,212.35,215.45,4095,150345
2026-01-06 11:23:00+05:30,216.85,219.15,215.95,216.8,7020,150345
2026-01-06 11:24:00+05:30,216.25,218.1,215.65,218.1,4420,150345
2026-01-06 11:25:00+05:30,218.25,218.5,215.75,216.35,2925,152815
2026-01-06 11:26:00+05:30,217.1,222.0,217.1,222.0,2600,152815
2026-01-06 11:27:00+05:30,220.5,223.45,220.1,223.45,3315,152815
2026-01-06 11:28:00+05:30,223.7,223.7,220.85,221.2,5135,155350
2026-01-06 11:29:00+05:30,222.65,225.0,222.15,225.0,9035,155350
2026-01-06 11:30:00+05:30,224.7,225.35,223.55,225.3,23725,155350
2026-01-06 11:31:00+05:30,223.6,225.0,220.8,222.35,24635,192920
2026-01-06 11:32:00+05:30,222.35,223.5,222.0,222.5,17095,192920
2026-01-06 11:33:00+05:30,224.95,226.0,223.35,223.5,2795,192920
2026-01-06 11:34:00+05:30,224.7,230.0,223.75,227.05,3835,213460
2026-01-06 11:35:00+05:30,228.5,229.35,225.25,225.35,2015,213460
2026-01-06 11:36:00+05:30,225.2,226.0,223.95,226.0,2795,213460
2026-01-06 11:37:00+05:30,226.25,229.05,226.25,229.05,1300,214305
2026-01-06 11:38:00+05:30,229.0,230.3,228.55,228.95,1625,214305
2026-01-06 11:39:00+05:30,229.0,230.0,228.65,229.0,975,214305
2026-01-06 11:40:00+05:30,230.05,230.05,228.85,229.35,780,213655
2026-01-06 11:41:00+05:30,230.0,230.0,229.15,229.9,2860,213655
2026-01-06 11:42:00+05:30,230.45,230.95,229.25,229.75,1495,213655
2026-01-06 11:43:00+05:30,231.35,237.55,231.35,234.45,4615,211575
2026-01-06 11:44:00+05:30,235.65,238.0,235.6,237.9,5395,211575
2026-01-06 11:45:00+05:30,237.1,237.1,233.95,234.9,2275,211575
2026-01-06 11:46:00+05:30,234.35,235.9,232.85,234.55,1300,210535
2026-01-06 11:47:00+05:30,235.3,241.65,235.3,241.65,2730,210535
2026-01-06 11:48:00+05:30,241.45,242.05,236.95,236.95,3705,210535
2026-01-06 11:49:00+05:30,237.75,240.8,237.4,240.8,390,210470
2026-01-06 11:50:00+05:30,240.8,240.8,237.9,238.25,1560,210470
2026-01-06 11:51:00+05:30,237.8,237.8,235.4,236.6,845,210470
2026-01-06 11:52:00+05:30,235.95,237.1,235.6,235.95,910,211705
2026-01-06 11:53:00+05:30,236.25,237.15,235.65,237.15,2210,211705
2026-01-06 11:54:00+05:30,239.0,241.0,238.0,239.75,1820,211705
2026-01-06 11:55:00+05:30,239.0,239.0,235.9,236.0,1690,210925
2026-01-06 11:56:00+05:30,235.6,235.6,231.05,231.95,6370,210925
2026-01-06 11:57:00+05:30,230.9,233.2,230.0,230.0,3835,210925
2026-01-06 11:58:00+05:30,230.0,231.45,228.05,229.25,3900,211445
2026-01-06 11:59:00+05:30,229.0,232.0,227.1,230.75,1300,211445
2026-01-06 12:00:00+05:30,231.15,231.15,228.3,228.3,585,211445
2026-01-06 12:01:00+05:30,228.55,228.55,223.0,225.9,3315,211835
2026-01-06 12:02:00+05:30,226.4,226.4,225.0,225.3,1495,211835
2026-01-06 12:03:00+05:30,225.4,232.6,225.05,232.6,780,211835
2026-01-06 12:04:00+05:30,233.5,235.35,232.95,232.95,2145,211380
2026-01-06 12:05:00+05:30,233.0,233.45,228.65,229.15,2340,211380
2026-01-06 12:06:00+05:30,228.85,228.85,226.55,226.7,1235,211380
2026-01-06 12:07:00+05:30,225.9,226.0,223.15,223.15,2405,211510
2026-01-06 12:08:00+05:30,223.1,223.8,220.7,220.8,2795,211510
2026-01-06 12:09:00+05:30,220.7,221.85,220.6,221.5,2340,211510
2026-01-06 12:10:00+05:30,222.0,223.15,221.85,222.3,2145,211510
2026-01-06 12:11:00+05:30,222.0,223.15,222.0,222.1,2860,212745
2026-01-06 12:12:00+05:30,223.15,223.15,222.1,222.1,585,212745
2026-01-06 12:13:00+05:30,222.9,226.7,222.65,226.7,1755,212810
2026-01-06 12:14:00+05:30,227.35,227.95,224.05,224.05,4030,212810
2026-01-06 12:15:00+05:30,222.7,225.7,222.45,225.2,1560,212810
2026-01-06 12:16:00+05:30,226.2,226.2,222.9,224.05,455,212810
2026-01-06 12:17:00+05:30,223.35,224.3,223.25,223.25,715,214370
2026-01-06 12:18:00+05:30,223.0,223.8,223.0,223.0,1105,214370
2026-01-06 12:19:00+05:30,224.1,224.25,223.4,224.25,1235,214370
2026-01-06 12:20:00+05:30,222.0,222.0,220.55,220.55,780,214240
2026-01-06 12:21:00+05:30,220.6,220.6,216.45,220.35,4420,214240
2026-01-06 12:22:00+05:30,219.05,220.05,218.0,218.6,2015,214240
2026-01-06 12:23:00+05:30,218.4,218.4,217.95,217.95,1300,215995
2026-01-06 12:24:00+05:30,217.0,218.3,216.8,218.3,1105,215995
2026-01-06 12:25:00+05:30,217.5,218.3,217.5,217.85,1430,215995
2026-01-06 12:26:00+05:30,218.2,221.1,217.8,219.65,5460,216645
2026-01-06 12:27:00+05:30,219.85,223.35,219.55,223.35,5395,216645
2026-01-06 12:28:00+05:30,224.0,226.55,223.5,223.6,2730,216645
2026-01-06 12:29:00+05:30,226.3,226.7,225.45,225.45,1430,215345
2026-01-06 12:30:00+05:30,225.5,225.5,220.35,221.0,2340,215345
2026-01-06 12:31:00+05:30,221.85,222.15,221.0,222.15,2015,215345
2026-01-06 12:32:00+05:30,220.25,222.95,220.25,222.55,1300,215215
2026-01-06 12:33:00+05:30,223.65,225.85,223.6,225.75,1105,215215
2026-01-06 12:34:00+05:30,225.4,225.4,222.8,224.35,650,215215
2026-01-06 12:35:00+05:30,223.9,227.15,223.9,224.65,1170,215020
2026-01-06 12:36:00+05:30,225.3,225.3,222.95,225.1,1820,215020
2026-01-06 12:37:00+05:30,225.2,225.55,224.6,224.6,2080,215020
2026-01-06 12:38:00+05:30,224.9,224.9,221.0,221.0,910,214760
2026-01-06 12:39:00+05:30,222.8,222.8,220.25,220.25,1105,214760
2026-01-06 12:40:00+05:30,220.45,226.6,220.45,225.25,2990,214760
2026-01-06 12:41:00+05:30,226.45,226.6,224.7,225.65,2015,214500
2026-01-06 12:42:00+05:30,225.8,226.6,225.8,225.8,2015,214500
2026-01-06 12:43:00+05:30,225.8,226.05,221.75,221.95,2080,214500
2026-01-06 12:44:00+05:30,221.95,225.05,221.9,225.05,520,214435
2026-01-06 12:45:00+05:30,224.5,225.55,224.3,225.55,520,214435
2026-01-06 12:46:00+05:30,224.6,224.6,221.0,221.7,1950,214435
2026-01-06 12:47:00+05:30,222.45,226.0,221.5,226.0,1690,214825
2026-01-06 12:48:00+05:30,224.6,225.6,222.75,222.75,390,214825
2026-01-06 12:49:00+05:30,222.75,222.75,219.6,221.2,1950,214825
2026-01-06 12:50:00+05:30,221.45,224.0,221.15,222.75,650,214760
2026-01-06 12:51:00+05:30,224.0,227.05,224.0,226.25,1430,214760
2026-01-06 12:52:00+05:30,225.85,228.2,224.95,225.6,2275,214760
2026-01-06 12:53:00+05:30,225.65,225.85,225.65,225.85,260,215345
2026-01-06 12:54:00+05:30,225.85,227.75,225.5,227.5,1625,215345
2026-01-06 12:55:00+05:30,228.0,230.3,227.9,230.05,4420,215345
2026-01-06 12:56:00+05:30,230.15,230.3,228.5,229.8,1430,214630
2026-01-06 12:57:00+05:30,230.3,235.6,230.3,235.6,3900,214630
2026-01-06 12:58:00+05:30,234.3,234.3,232.6,233.15,2080,214630
2026-01-06 12:59:00+05:30,233.3,235.0,232.2,235.0,3250,214175
2026-01-06 13:00:00+05:30,234.6,237.0,234.45,235.1,6695,214175
2026-01-06 13:01:00+05:30,237.7,240.0,237.2,239.35,5070,214175
2026-01-06 13:02:00+05:30,238.2,239.0,235.0,235.0,2080,211575
2026-01-06 13:03:00+05:30,235.25,235.25,227.8,228.6,5980,211575
2026-01-06 13:04:00+05:30,229.85,231.7,229.85,231.7,260,211575
2026-01-06 13:05:00+05:30,231.0,231.85,230.05,231.85,1040,211445
2026-01-06 13:06:00+05:30,232.35,233.95,232.35,233.05,845,211445
2026-01-06 13:07:00+05:30,233.25,233.25,231.6,231.6,1105,211445
2026-01-06 13:08:00+05:30,235.0,241.3,235.0,240.1,3640,212095
2026-01-06 13:09:00+05:30,240.3,240.3,235.6,236.9,5395,212095
2026-01-06 13:10:00+05:30,237.95,239.15,236.0,236.0,1430,212095
2026-01-06 13:11:00+05:30,234.8,237.9,234.6,237.9,4810,212225
2026-01-06 13:12:00+05:30,237.45,237.45,234.9,234.9,1235,212225
2026-01-06 13:13:00+05:30,234.0,234.0,229.5,230.0,3185,212225
2026-01-06 13:14:00+05:30,229.0,229.0,225.65,227.35,6825,213135
2026-01-06 13:15:00+05:30,227.0,227.0,221.0,221.0,2665,213135
2026-01-06 13:16:00+05:30,222.85,223.4,221.1,222.6,1625,213135
2026-01-06 13:17:00+05:30,223.65,224.5,221.4,221.4,1365,212940
2026-01-06 13:18:00+05:30,222.2,223.95,220.2,220.2,2275,212940
2026-01-06 13:19:00+05:30,220.9,224.2,220.9,224.2,10725,212940
2026-01-06 13:20:00+05:30,223.0,224.85,223.0,224.6,7085,210210
2026-01-06 13:21:00+05:30,223.8,224.35,220.1,220.1,2860,210210
2026-01-06 13:22:00+05:30,221.5,222.3,220.95,222.3,4420,210210
2026-01-06 13:23:00+05:30,222.85,222.85,220.0,220.0,1235,206700
2026-01-06 13:24:00+05:30,220.1,220.65,218.0,219.5,3510,206700
2026-01-06 13:25:00+05:30,219.3,221.25,219.3,221.25,2080,206700
2026-01-06 13:26:00+05:30,222.2,222.3,220.35,220.35,2145,205660
2026-01-06 13:27:00+05:30,220.2,220.2,218.85,218.85,2275,205660
2026-01-06 13:28:00+05:30,218.3,218.95,213.85,214.45,6435,205660
2026-01-06 13:29:00+05:30,214.0,219.95,213.8,219.05,5460,202085
2026-01-06 13:30:00+05:30,218.6,218.6,216.05,217.0,2470,202085
2026-01-06 13:31:00+05:30,215.2,215.45,210.9,213.9,7345,202085
2026-01-06 13:32:00+05:30,214.7,215.4,214.45,214.7,1235,204295
2026-01-06 13:33:00+05:30,215.65,215.65,211.0,211.7,2405,204295
2026-01-06 13:34:00+05:30,211.75,216.0,210.0,215.25,10790,204295
2026-01-06 13:35:00+05:30,215.5,217.75,214.7,217.35,6435,209820
2026-01-06 13:36:00+05:30,216.65,217.55,215.55,215.8,585,209820
2026-01-06 13:37:00+05:30,215.9,217.2,215.65,215.65,1885,209820
2026-01-06 13:38:00+05:30,215.9,216.55,214.1,216.25,910,210600
2026-01-06 13:39:00+05:30,216.4,217.15,216.0,216.1,1170,210600
2026-01-06 13:40:00+05:30,216.1,218.0,215.05,215.8,5265,210600
2026-01-06 13:41:00+05:30,216.25,217.1,214.3,215.05,585,213330
2026-01-06 13:42:00+05:30,214.3,215.65,214.1,215.3,780,213330
2026-01-06 13:43:00+05:30,215.3,219.8,214.7,219.35,3900,213330
2026-01-06 13:44:00+05:30,220.0,223.25,218.65,223.1,4810,215280
2026-01-06 13:45:00+05:30,224.0,224.1,218.55,218.55,13975,215280
2026-01-06 13:46:00+05:30,218.05,219.25,215.75,219.25,3380,215280
2026-01-06 13:47:00+05:30,218.8,223.05,218.8,222.2,3835,221325
2026-01-06 13:48:00+05:30,224.2,224.65,223.0,224.2,5655,221325
2026-01-06 13:49:00+05:30,224.2,225.95,223.85,225.95,2340,221325
2026-01-06 13:50:00+05:30,225.3,228.15,224.35,224.35,8515,221975
2026-01-06 13:51:00+05:30,226.15,227.45,225.95,227.0,2080,221975
2026-01-06 13:52:00+05:30,226.75,227.7,221.05,221.8,6630,221975
2026-01-06 13:53:00+05:30,221.25,223.0,213.65,215.05,4810,224315
2026-01-06 13:54:00+05:30,214.95,216.35,209.85,210.65,9750,224315
2026-01-06 13:55:00+05:30,211.6,216.4,209.75,214.0,5915,224315
2026-01-06 13:56:00+05:30,215.4,217.0,214.95,216.65,1105,225810
2026-01-06 13:57:00+05:30,215.0,215.0,213.0,214.1,1755,225810
2026-01-06 13:58:00+05:30,215.75,215.75,212.5,213.95,1820,225810
2026-01-06 13:59:00+05:30,214.35,215.0,213.85,214.9,910,226525
2026-01-06 14:00:00+05:30,213.45,216.1,213.15,213.15,2925,226525
2026-01-06 14:01:00+05:30,214.7,214.75,214.0,214.0,585,226525
2026-01-06 14:02:00+05:30,217.25,220.05,217.05,217.95,5980,227955
2026-01-06 14:03:00+05:30,218.45,219.15,216.0,216.0,7085,227955
2026-01-06 14:04:00+05:30,215.7,215.85,211.8,211.8,7735,227955
2026-01-06 14:05:00+05:30,213.0,214.85,213.0,214.25,1690,233935
2026-01-06 14:06:00+05:30,214.5,215.0,212.9,212.9,2340,233935
2026-01-06 14:07:00+05:30,213.55,213.65,212.0,212.3,2145,233935
2026-01-06 14:08:00+05:30,212.0,213.2,211.25,211.25,2470,234585
2026-01-06 14:09:00+05:30,211.3,211.55,201.8,201.9,21775,234585
2026-01-06 14:10:00+05:30,200.0,200.2,196.0,196.5,21840,234585
2026-01-06 14:11:00+05:30,195.8,202.1,195.8,202.1,17615,247520
2026-01-06 14:12:00+05:30,202.0,203.8,201.2,201.8,15795,247520
2026-01-06 14:13:00+05:30,201.2,202.05,199.8,199.95,8710,247520
2026-01-06 14:14:00+05:30,199.6,201.3,199.0,201.0,7735,252980
2026-01-06 14:15:00+05:30,200.5,202.4,200.35,201.0,6890,252980
2026-01-06 14:16:00+05:30,201.15,201.95,201.0,201.6,8970,252980
2026-01-06 14:17:00+05:30,202.3,203.3,202.0,203.0,7410,262080
2026-01-06 14:18:00+05:30,203.25,204.6,200.4,201.8,19760,262080
2026-01-06 14:19:00+05:30,200.45,202.55,200.45,202.55,4030,262080
2026-01-06 14:20:00+05:30,202.3,202.3,198.9,198.9,1885,271050
2026-01-06 14:21:00+05:30,198.75,200.1,197.5,197.5,4290,271050
2026-01-06 14:22:00+05:30,198.85,198.85,195.25,198.5,3965,271050
2026-01-06 14:23:00+05:30,200.0,203.3,199.75,202.85,7865,271635
2026-01-06 14:24:00+05:30,202.7,206.95,202.7,205.0,10530,271635
2026-01-06 14:25:00+05:30,204.75,207.2,204.15,204.45,4810,271635
2026-01-06 14:26:00+05:30,204.3,206.0,201.9,206.0,4615,271960
2026-01-06 14:27:00+05:30,205.95,208.1,205.15,208.1,5525,271960
2026-01-06 14:28:00+05:30,208.65,208.65,204.0,204.0,5200,271960
2026-01-06 14:29:00+05:30,205.0,207.4,205.0,207.4,3380,271440
2026-01-06 14:30:00+05:30,207.5,207.5,206.0,206.65,4485,271440
2026-01-06 14:31:00+05:30,206.55,208.75,206.0,206.0,3315,271440
2026-01-06 14:32:00+05:30,206.0,206.25,203.0,205.25,3120,273000
2026-01-06 14:33:00+05:30,205.65,205.65,202.0,202.7,6045,273000
2026-01-06 14:34:00+05:30,201.8,206.85,201.8,204.95,4160,273000
2026-01-06 14:35:00+05:30,204.95,206.0,204.95,205.65,1560,273585
2026-01-06 14:36:00+05:30,206.0,208.1,206.0,207.3,1820,273585
2026-01-06 14:37:00+05:30,207.0,207.3,205.75,205.75,910,273585
2026-01-06 14:38:00+05:30,204.8,205.1,201.2,201.6,5850,273975
2026-01-06 14:39:00+05:30,201.5,207.55,198.45,207.55,14300,273975
2026-01-06 14:40:00+05:30,208.0,210.85,207.85,210.45,9100,273975
2026-01-06 14:41:00+05:30,209.95,209.95,206.05,206.05,5005,279435
2026-01-06 14:42:00+05:30,206.7,207.4,206.0,207.0,2015,279435
2026-01-06 14:43:00+05:30,207.5,210.65,207.5,209.85,2080,279435
2026-01-06 14:44:00+05:30,209.45,210.25,208.15,208.45,3965,280670
2026-01-06 14:45:00+05:30,209.2,211.55,208.0,208.0,2665,280670
2026-01-06 14:46:00+05:30,208.0,210.3,208.0,210.3,1105,280670
2026-01-06 14:47:00+05:30,210.05,213.6,209.45,213.6,9165,280800
2026-01-06 14:48:00+05:30,213.7,214.95,210.65,213.95,7540,280800
2026-01-06 14:49:00+05:30,213.7,213.8,211.45,212.55,4095,280800
2026-01-06 14:50:00+05:30,213.7,216.15,212.85,216.0,15340,279045
2026-01-06 14:51:00+05:30,216.0,216.0,212.0,212.0,14885,279045
2026-01-06 14:52:00+05:30,211.55,212.55,207.0,207.0,11700,279045
2026-01-06 14:53:00+05:30,206.65,209.0,206.0,208.0,10075,280475
2026-01-06 14:54:00+05:30,210.0,211.0,208.8,209.0,9360,280475
2026-01-06 14:55:00+05:30,209.3,211.25,208.0,208.75,5460,280475
2026-01-06 14:56:00+05:30,208.0,210.55,206.7,210.1,9230,287950
2026-01-06 14:57:00+05:30,208.55,211.1,207.95,210.8,4940,287950
2026-01-06 14:58:00+05:30,210.7,211.1,209.6,211.0,7020,287950
2026-01-06 14:59:00+05:30,208.95,212.0,208.95,212.0,9425,296660
2026-01-06 15:00:00+05:30,213.6,215.05,210.1,214.5,22555,296660
2026-01-06 15:01:00+05:30,215.35,215.4,213.0,214.4,15795,296660
2026-01-06 15:02:00+05:30,215.0,215.0,210.0,211.6,6110,308230
2026-01-06 15:03:00+05:30,210.0,211.55,209.2,210.1,8775,308230
2026-01-06 15:04:00+05:30,210.0,211.95,209.2,209.75,5980,308230
2026-01-06 15:05:00+05:30,211.55,212.0,207.75,209.2,10010,313170
2026-01-06 15:06:00+05:30,209.1,211.55,208.8,211.55,5980,313170
2026-01-06 15:07:00+05:30,211.9,213.2,210.9,213.2,9555,313170
2026-01-06 15:08:00+05:30,213.15,214.85,212.25,212.75,8580,320970
2026-01-06 15:09:00+05:30,213.0,213.0,209.55,209.55,2340,320970
2026-01-06 15:10:00+05:30,209.6,212.55,209.6,210.6,3770,320970
2026-01-06 15:11:00+05:30,210.8,211.0,208.0,208.75,5980,325715
2026-01-06 15:12:00+05:30,209.1,209.15,204.8,206.0,11635,325715
2026-01-06 15:13:00+05:30,206.4,206.9,205.4,205.95,5330,325715
2026-01-06 15:14:00+05:30,206.25,207.3,205.55,205.85,4940,333515
2026-01-06 15:15:00+05:30,206.7,208.6,206.05,207.3,6240,333515
2026-01-06 15:16:00+05:30,207.45,208.8,207.45,208.5,1625,333515
2026-01-06 15:17:00+05:30,208.5,210.1,208.45,210.1,1690,335335
2026-01-06 15:18:00+05:30,209.6,210.0,209.0,210.0,1625,335335
2026-01-06 15:19:00+05:30,210.1,211.75,210.1,211.3,3055,335335
2026-01-06 15:20:00+05:30,210.9,210.95,209.55,209.55,5785,335140
2026-01-06 15:21:00+05:30,209.4,209.4,207.2,207.7,3900,335140
2026-01-06 15:22:00+05:30,208.1,208.1,206.35,207.05,4355,335140
2026-01-06 15:23:00+05:30,206.75,207.7,206.3,207.3,3055,336960
2026-01-06 15:24:00+05:30,207.95,210.4,207.85,210.4,2470,336960
2026-01-06 15:25:00+05:30,209.95,210.45,209.55,209.9,7800,336960
2026-01-06 15:26:00+05:30,209.9,210.4,206.9,207.0,9490,338065
2026-01-06 15:27:00+05:30,207.0,207.35,206.4,206.75,4485,338065
2026-01-06 15:28:00+05:30,206.35,207.5,206.2,207.4,8840,338065
2026-01-06 15:29:00+05:30,207.9,208.9,207.05,207.2,14690,333970
2026-01-07 09:15:00+05:30,195.0,195.0,148.19,153.75,374465,490100
2026-01-07 09:16:00+05:30,151.35,166.35,151.05,166.35,344435,490100
2026-01-07 09:17:00+05:30,163.4,166.8,162.35,162.35,242580,490100
2026-01-07 09:18:00+05:30,164.0,166.65,160.35,164.05,168805,652015
2026-01-07 09:19:00+05:30,166.5,167.75,158.69,159.9,173550,652015
2026-01-07 09:20:00+05:30,160.5,171.25,160.15,170.2,258635,652015
2026-01-07 09:21:00+05:30,173.85,189.0,173.85,182.05,609635,753740
2026-01-07 09:22:00+05:30,182.65,186.6,174.8,177.0,257140,753740
2026-01-07 09:23:00+05:30,176.9,187.0,176.1,187.0,227955,753740
2026-01-07 09:24:00+05:30,186.5,188.0,183.1,184.5,156325,878150
2026-01-07 09:25:00+05:30,183.05,184.3,175.4,177.7,196755,878150
2026-01-07 09:26:00+05:30,177.0,177.0,165.95,168.15,274495,878150
2026-01-07 09:27:00+05:30,171.0,173.35,162.19,166.2,244595,878150
2026-01-07 09:28:00+05:30,165.5,167.1,160.9,163.5,156910,916110
2026-01-07 09:29:00+05:30,161.6,163.95,161.0,163.95,108810,916110
2026-01-07 09:30:00+05:30,163.95,170.55,162.65,169.25,197990,916110
2026-01-07 09:31:00+05:30,169.35,169.8,164.1,164.6,139100,983645
2026-01-07 09:32:00+05:30,164.45,177.25,164.4,174.7,199940,983645
2026-01-07 09:33:00+05:30,175.4,180.0,170.9,178.95,288405,983645
2026-01-07 09:34:00+05:30,178.85,179.65,172.45,172.45,217295,991120
2026-01-07 09:35:00+05:30,173.75,177.2,169.85,170.3,159315,991120
2026-01-07 09:36:00+05:30,173.3,176.0,170.85,174.7,80600,991120
2026-01-07 09:37:00+05:30,174.35,181.4,173.9,180.9,270595,1057745
2026-01-07 09:38:00+05:30,180.1,181.5,173.2,173.2,145340,1057745
2026-01-07 09:39:00+05:30,174.0,180.9,173.25,178.45,119405,1057745
2026-01-07 09:40:00+05:30,177.25,181.85,176.65,179.25,85150,1032655
2026-01-07 09:41:00+05:30,179.0,184.8,179.0,183.7,212615,1032655
2026-01-07 09:42:00+05:30,183.85,183.85,167.0,167.7,226135,1032655
2026-01-07 09:43:00+05:30,167.1,168.35,154.65,155.69,318240,961155
2026-01-07 09:44:00+05:30,156.19,158.75,153.15,154.25,253500,961155
2026-01-07 09:45:00+05:30,153.85,162.65,153.65,159.69,219375,961155
2026-01-07 09:46:00+05:30,159.75,159.75,153.3,154.75,165100,1008410
2026-01-07 09:47:00+05:30,155.69,157.69,154.3,156.69,114725,1008410
2026-01-07 09:48:00+05:30,157.35,169.0,157.35,167.5,299780,1008410
2026-01-07 09:49:00+05:30,165.45,167.85,159.6,160.85,158405,1069835
2026-01-07 09:50:00+05:30,161.6,164.0,157.05,158.65,118235,1069835
2026-01-07 09:51:00+05:30,158.35,161.15,158.35,159.4,82550,1069835
2026-01-07 09:52:00+05:30,158.44,158.44,153.8,153.8,168285,1138280
2026-01-07 09:53:00+05:30,152.0,156.55,151.15,156.55,205920,1138280
2026-01-07 09:54:00+05:30,157.3,159.75,153.85,156.69,101400,1138280
2026-01-07 09:55:00+05:30,157.44,160.15,156.44,158.05,110045,1187550
2026-01-07 09:56:00+05:30,158.1,162.0,156.85,159.5,116545,1187550
2026-01-07 09:57:00+05:30,160.4,168.55,160.4,168.15,261040,1187550
2026-01-07 09:58:00+05:30,169.0,171.85,167.5,168.0,352235,1219465
2026-01-07 09:59:00+05:30,168.3,175.85,167.8,175.4,228280,1219465
2026-01-07 10:00:00+05:30,176.1,179.65,174.35,174.45,343005,1219465
2026-01-07 10:01:00+05:30,175.75,175.9,170.45,175.4,193895,1189825
2026-01-07 10:02:00+05:30,175.2,178.6,172.45,177.55,131495,1189825
2026-01-07 10:03:00+05:30,177.9,181.9,176.4,181.65,180115,1189825
2026-01-07 10:04:00+05:30,181.85,187.1,178.2,180.1,350740,1230580
2026-01-07 10:05:00+05:30,179.1,179.35,174.8,178.0,110045,1230580
2026-01-07 10:06:00+05:30,179.95,182.75,176.3,177.85,121095,1230580
2026-01-07 10:07:00+05:30,177.45,181.35,177.45,179.3,72800,1253200
2026-01-07 10:08:00+05:30,180.15,188.6,180.15,188.6,191815,1253200
2026-01-07 10:09:00+05:30,188.9,197.05,185.0,194.05,318825,1253200
2026-01-07 10:10:00+05:30,194.3,194.3,188.95,191.65,200850,1222780
2026-01-07 10:11:00+05:30,192.4,193.5,188.1,191.7,114530,1222780
2026-01-07 10:12:00+05:30,191.45,199.0,191.45,193.9,314990,1222780
2026-01-07 10:13:00+05:30,193.4,197.55,193.4,196.4,119535,1233765
2026-01-07 10:14:00+05:30,197.0,200.0,195.55,199.85,161785,1233765
2026-01-07 10:15:00+05:30,204.1,214.3,204.1,212.85,456690,1233765
2026-01-07 10:16:00+05:30,211.2,212.3,205.5,212.15,137410,1045070
2026-01-07 10:17:00+05:30,211.35,211.35,198.85,198.85,197080,1045070
2026-01-07 10:18:00+05:30,199.9,200.45,193.5,193.5,145990,1045070
2026-01-07 10:19:00+05:30,193.8,194.75,185.4,188.55,180635,989430
2026-01-07 10:20:00+05:30,191.05,199.2,191.05,199.2,141635,989430
2026-01-07 10:21:00+05:30,198.9,199.7,191.0,194.85,117715,989430
2026-01-07 10:22:00+05:30,195.55,196.65,192.75,195.15,63375,1023880
2026-01-07 10:23:00+05:30,195.25,195.25,188.15,188.15,86190,1023880
2026-01-07 10:24:00+05:30,189.8,193.0,188.0,188.0,67795,1023880
2026-01-07 10:25:00+05:30,188.5,189.75,187.05,188.75,54730,1014390
2026-01-07 10:26:00+05:30,188.75,189.55,184.0,184.85,82680,1014390
2026-01-07 10:27:00+05:30,184.85,186.4,177.4,179.2,211965,1014390
2026-01-07 10:28:00+05:30,178.35,179.65,170.05,173.85,161655,1027845
2026-01-07 10:29:00+05:30,175.0,176.95,172.95,174.85,93340,1027845
2026-01-07 10:30:00+05:30,174.0,174.5,170.35,171.45,74750,1027845
2026-01-07 10:31:00+05:30,170.4,175.95,169.85,174.45,78520,1060540
2026-01-07 10:32:00+05:30,173.6,178.45,173.15,177.75,98475,1060540
2026-01-07 10:33:00+05:30,176.1,178.25,171.4,171.65,117520,1060540
2026-01-07 10:34:00+05:30,171.3,173.55,168.25,170.15,86645,1075815
2026-01-07 10:35:00+05:30,170.1,173.85,168.6,172.3,76245,1075815
2026-01-07 10:36:00+05:30,172.2,173.85,167.7,168.45,80405,1075815
2026-01-07 10:37:00+05:30,168.15,172.65,166.4,167.9,98670,1070940
2026-01-07 10:38:00+05:30,168.7,170.0,167.3,169.95,32630,1070940
2026-01-07 10:39:00+05:30,169.9,176.15,169.35,175.55,112255,1070940
2026-01-07 10:40:00+05:30,176.35,179.35,175.8,178.85,188890,1084330
2026-01-07 10:41:00+05:30,177.35,178.45,174.35,174.55,96200,1084330
2026-01-07 10:42:00+05:30,175.15,178.0,168.3,171.3,94575,1084330
2026-01-07 10:43:00+05:30,171.5,176.2,171.1,174.6,62465,1106430
2026-01-07 10:44:00+05:30,175.35,177.9,172.95,175.3,49335,1106430
2026-01-07 10:45:00+05:30,175.7,181.3,173.8,173.8,166855,1106430
2026-01-07 10:46:00+05:30,174.45,175.75,169.8,172.3,91715,1106755
2026-01-07 10:47:00+05:30,174.0,174.95,169.0,169.0,52000,1106755
2026-01-07 10:48:00+05:30,169.85,171.75,166.55,170.25,84825,1106755
2026-01-07 10:49:00+05:30,172.0,176.0,172.0,173.75,70395,1112800
2026-01-07 10:50:00+05:30,173.55,179.15,171.6,179.15,61100,1112800
2026-01-07 10:51:00+05:30,178.95,179.25,174.75,178.4,70525,1112800
2026-01-07 10:52:00+05:30,178.85,184.55,178.0,182.7,204035,1111955
2026-01-07 10:53:00+05:30,183.45,186.95,182.8,186.4,175045,1111955
2026-01-07 10:54:00+05:30,187.0,195.3,187.0,193.0,226330,1111955
2026-01-07 10:55:00+05:30,194.0,196.75,193.6,196.5,155155,1116440
2026-01-07 10:56:00+05:30,196.55,202.6,194.6,200.5,200785,1116440
2026-01-07 10:57:00+05:30,201.1,202.25,194.7,196.55,149370,1116440
2026-01-07 10:58:00+05:30,196.7,196.7,185.95,185.95,173030,1044030
2026-01-07 10:59:00+05:30,186.6,194.2,185.2,193.55,123500,1044030
2026-01-07 11:00:00+05:30,193.7,194.35,191.15,191.55,47710,1044030
2026-01-07 11:01:00+05:30,191.9,197.1,191.1,195.0,72475,1037725
2026-01-07 11:02:00+05:30,193.6,198.7,193.6,198.7,61750,1037725
2026-01-07 11:03:00+05:30,198.45,202.7,197.65,202.7,110630,1037725
2026-01-07 11:04:00+05:30,201.65,207.6,201.65,206.65,219700,1076985
2026-01-07 11:05:00+05:30,206.7,209.0,205.2,207.3,108290,1076985
2026-01-07 11:06:00+05:30,207.65,208.15,202.8,204.2,98410,1076985
2026-01-07 11:07:00+05:30,204.1,204.1,198.3,202.05,100815,1015300
2026-01-07 11:08:00+05:30,201.6,206.8,200.0,206.4,74360,1015300
2026-01-07 11:09:00+05:30,206.75,207.5,199.25,201.5,54405,1015300
2026-01-07 11:10:00+05:30,200.9,201.05,196.65,198.2,60450,1020435
2026-01-07 11:11:00+05:30,197.25,197.3,187.15,188.3,200070,1020435
2026-01-07 11:12:00+05:30,187.75,189.7,187.2,188.35,86710,1020435
2026-01-07 11:13:00+05:30,188.4,189.5,185.3,186.6,70135,951600
2026-01-07 11:14:00+05:30,187.0,190.2,184.45,185.75,75985,951600
2026-01-07 11:15:00+05:30,184.9,185.75,179.9,181.85,111150,951600
2026-01-07 11:16:00+05:30,182.15,182.7,173.9,173.9,88660,975000
2026-01-07 11:17:00+05:30,174.05,180.9,174.05,179.5,73840,975000
2026-01-07 11:18:00+05:30,178.7,183.0,178.15,183.0,71695,975000
2026-01-07 11:19:00+05:30,183.15,186.65,182.55,186.65,122265,995540
2026-01-07 11:20:00+05:30,186.7,187.4,181.6,181.6,87295,995540
2026-01-07 11:21:00+05:30,182.1,188.0,181.75,183.7,65390,995540
2026-01-07 11:22:00+05:30,184.25,184.25,174.45,175.1,133380,1013025
2026-01-07 11:23:00+05:30,174.7,174.85,170.55,171.4,147095,1013025
2026-01-07 11:24:00+05:30,170.9,176.35,170.35,176.35,70590,1013025
2026-01-07 11:25:00+05:30,175.55,178.7,175.2,177.65,85410,982930
2026-01-07 11:26:00+05:30,176.6,184.9,176.6,184.9,113035,982930
2026-01-07 11:27:00+05:30,184.2,191.55,183.9,187.0,198705,982930
2026-01-07 11:28:00+05:30,188.3,189.85,176.85,177.85,123630,1014845
2026-01-07 11:29:00+05:30,177.7,178.55,176.0,178.0,72930,1014845
2026-01-07 11:30:00+05:30,178.65,185.35,178.65,181.7,99970,1014845
2026-01-07 11:31:00+05:30,181.6,186.4,181.6,185.3,53040,1027065
2026-01-07 11:32:00+05:30,185.55,186.45,183.35,184.25,60060,1027065
2026-01-07 11:33:00+05:30,184.85,187.0,181.3,187.0,47255,1027065
2026-01-07 11:34:00+05:30,186.9,194.1,186.9,193.4,158925,1022905
2026-01-07 11:35:00+05:30,193.7,196.1,192.05,196.05,116805,1022905
2026-01-07 11:36:00+05:30,195.85,198.8,195.05,196.95,133900,1022905
2026-01-07 11:37:00+05:30,197.65,198.55,192.6,192.6,92105,1043835
2026-01-07 11:38:00+05:30,192.4,192.55,182.85,184.0,118885,1043835
2026-01-07 11:39:00+05:30,183.85,183.85,176.95,183.3,155220,1043835
2026-01-07 11:40:00+05:30,183.2,185.8,182.7,184.35,88400,982345
2026-01-07 11:41:00+05:30,183.8,187.4,183.7,185.2,62660,982345
2026-01-07 11:42:00+05:30,185.5,185.95,180.0,181.4,51805,982345
2026-01-07 11:43:00+05:30,181.3,183.8,181.05,182.1,40560,993200
2026-01-07 11:44:00+05:30,182.0,182.7,179.35,179.6,23920,993200
2026-01-07 11:45:00+05:30,179.2,179.75,175.15,175.15,70005,993200
2026-01-07 11:46:00+05:30,175.05,177.0,174.6,174.6,64285,1009190
2026-01-07 11:47:00+05:30,175.0,177.2,173.6,175.1,46605,1009190
2026-01-07 11:48:00+05:30,175.15,175.5,172.85,174.7,39000,1009190
2026-01-07 11:49:00+05:30,175.6,176.95,174.65,174.75,46995,1022385
2026-01-07 11:50:00+05:30,175.1,177.5,174.35,174.5,65585,1022385
2026-01-07 11:51:00+05:30,174.6,175.75,171.95,174.6,62530,1022385
2026-01-07 11:52:00+05:30,174.9,175.55,170.5,171.0,57200,1047085
2026-01-07 11:53:00+05:30,171.35,172.0,168.3,170.2,100750,1047085
2026-01-07 11:54:00+05:30,169.5,170.55,163.9,164.0,95615,1047085
2026-01-07 11:55:00+05:30,164.45,169.25,164.15,167.4,71955,1025895
2026-01-07 11:56:00+05:30,167.4,167.75,163.75,164.1,84175,1025895
2026-01-07 11:57:00+05:30,164.0,168.25,163.8,167.8,73645,1025895
2026-01-07 11:58:00+05:30,168.3,168.4,165.85,168.4,35815,1027910
2026-01-07 11:59:00+05:30,168.15,168.3,161.9,164.4,94900,1027910
2026-01-07 12:00:00+05:30,163.5,166.65,162.75,163.95,49790,1027910
2026-01-07 12:01:00+05:30,163.19,164.0,161.8,161.8,46670,1041105
2026-01-07 12:02:00+05:30,162.85,165.45,159.6,160.75,126620,1041105
2026-01-07 12:03:00+05:30,159.9,160.69,157.6,159.3,92560,1041105
2026-01-07 12:04:00+05:30,159.3,162.6,159.15,160.8,71695,1071330
2026-01-07 12:05:00+05:30,161.0,161.44,157.65,161.44,60450,1071330
2026-01-07 12:06:00+05:30,161.55,162.15,158.1,158.1,72085,1071330
2026-01-07 12:07:00+05:30,157.94,161.35,157.3,160.94,52585,1128140
2026-01-07 12:08:00+05:30,160.44,163.35,159.94,163.35,74295,1128140
2026-01-07 12:09:00+05:30,164.15,164.8,159.0,159.85,157040,1128140
2026-01-07 12:10:00+05:30,159.75,162.69,158.4,160.69,56680,1182740
2026-01-07 12:11:00+05:30,160.8,163.8,160.44,162.5,51285,1182740
2026-01-07 12:12:00+05:30,163.19,163.19,159.4,161.05,53885,1182740
2026-01-07 12:13:00+05:30,162.19,164.45,162.0,163.9,89570,1211210
2026-01-07 12:14:00+05:30,163.69,164.15,161.3,162.85,33410,1211210
2026-01-07 12:15:00+05:30,162.6,162.69,159.19,159.19,53560,1211210
2026-01-07 12:16:00+05:30,159.5,162.4,156.19,161.5,124410,1224080
2026-01-07 12:17:00+05:30,161.25,164.3,160.3,164.3,82095,1224080
2026-01-07 12:18:00+05:30,164.95,165.15,159.15,159.3,92105,1224080
2026-01-07 12:19:00+05:30,161.0,162.65,154.85,154.85,102375,1256255
2026-01-07 12:20:00+05:30,156.15,159.25,155.25,156.6,69030,1256255
2026-01-07 12:21:00+05:30,156.19,156.55,152.1,156.25,132600,1256255
2026-01-07 12:22:00+05:30,156.19,161.65,156.19,160.1,88400,1255865
2026-01-07 12:23:00+05:30,160.05,163.25,160.05,161.9,110435,1255865
2026-01-07 12:24:00+05:30,161.9,162.1,155.94,156.55,68315,1255865
2026-01-07 12:25:00+05:30,156.4,160.0,156.35,159.8,51220,1300260
2026-01-07 12:26:00+05:30,160.0,163.65,160.0,162.25,79365,1300260
2026-01-07 12:27:00+05:30,162.6,163.75,159.5,160.15,51675,1300260
2026-01-07 12:28:00+05:30,160.55,160.55,153.15,154.5,112710,1340300
2026-01-07 12:29:00+05:30,155.5,157.15,152.6,153.9,112320,1340300
2026-01-07 12:30:00+05:30,153.55,159.4,152.75,158.4,95680,1340300
2026-01-07 12:31:00+05:30,158.8,160.1,157.1,159.0,60645,1363960
2026-01-07 12:32:00+05:30,158.9,161.35,158.65,160.69,76375,1363960
2026-01-07 12:33:00+05:30,161.25,161.25,153.94,156.65,83265,1363960
2026-01-07 12:34:00+05:30,157.19,161.8,157.19,160.0,62660,1376505
2026-01-07 12:35:00+05:30,160.65,161.0,158.05,159.44,40560,1376505
2026-01-07 12:36:00+05:30,159.6,160.25,155.44,155.94,46670,1376505
2026-01-07 12:37:00+05:30,156.4,159.25,153.9,153.9,58890,1394510
2026-01-07 12:38:00+05:30,154.19,156.65,151.4,156.65,113360,1394510
2026-01-07 12:39:00+05:30,157.0,160.3,155.65,157.35,110825,1394510
2026-01-07 12:40:00+05:30,158.44,158.55,154.5,155.69,39390,1405560
2026-01-07 12:41:00+05:30,155.0,155.05,152.3,153.65,72475,1405560
2026-01-07 12:42:00+05:30,154.8,155.15,146.15,146.55,222365,1405560
2026-01-07 12:43:00+05:30,146.3,147.19,135.75,140.65,333060,1472315
2026-01-07 12:44:00+05:30,142.19,143.55,140.0,141.25,230815,1472315
2026-01-07 12:45:00+05:30,140.9,142.69,139.69,142.69,188630,1472315
2026-01-07 12:46:00+05:30,143.0,143.0,137.94,139.19,202410,1609530
2026-01-07 12:47:00+05:30,139.15,142.55,138.55,141.75,160875,1609530
2026-01-07 12:48:00+05:30,141.65,142.15,139.35,139.35,165685,1609530
2026-01-07 12:49:00+05:30,139.4,140.35,138.55,138.8,117325,1751880
2026-01-07 12:50:00+05:30,139.6,142.35,139.3,142.1,122330,1751880
2026-01-07 12:51:00+05:30,142.0,142.9,138.85,140.25,141375,1751880
2026-01-07 12:52:00+05:30,140.19,141.19,138.6,140.15,78520,1751880
2026-01-07 12:53:00+05:30,139.8,141.75,139.69,140.65,65130,1831310
2026-01-07 12:54:00+05:30,140.69,144.6,140.69,142.35,168545,1831310
2026-01-07 12:55:00+05:30,142.5,144.94,141.94,143.25,156650,1831310
2026-01-07 12:56:00+05:30,144.0,145.69,143.15,143.55,164905,1892995
2026-01-07 12:57:00+05:30,144.1,146.9,144.1,145.75,188630,1892995
2026-01-07 12:58:00+05:30,146.0,146.05,143.05,145.19,122070,1892995
2026-01-07 12:59:00+05:30,145.05,146.65,144.8,146.25,142935,1956435
2026-01-07 13:00:00+05:30,146.3,146.85,145.1,146.0,129870,1956435
2026-01-07 13:01:00+05:30,146.0,153.44,146.0,153.35,290030,1956435
2026-01-07 13:02:00+05:30,152.55,153.0,148.44,149.0,216905,1930890
2026-01-07 13:03:00+05:30,149.0,153.19,149.0,153.0,147485,1930890
2026-01-07 13:04:00+05:30,152.85,153.19,151.19,152.1,115570,1930890
2026-01-07 13:05:00+05:30,152.65,152.75,148.3,151.25,190840,1915745
2026-01-07 13:06:00+05:30,151.5,154.0,148.94,149.05,137865,1915745
2026-01-07 13:07:00+05:30,149.94,153.25,148.9,153.25,104910,1915745
2026-01-07 13:08:00+05:30,153.05,153.05,150.9,150.9,83265,1861925
2026-01-07 13:09:00+05:30,151.1,152.69,150.4,150.4,49010,1861925
2026-01-07 13:10:00+05:30,150.6,152.55,149.94,151.15,68900,1861925
2026-01-07 13:11:00+05:30,151.6,156.69,151.6,156.69,234260,1878695
2026-01-07 13:12:00+05:30,156.65,157.4,150.0,151.65,191230,1878695
2026-01-07 13:13:00+05:30,152.25,154.5,151.55,151.55,67210,1878695
2026-01-07 13:14:00+05:30,151.65,151.65,146.55,147.44,148850,1838460
2026-01-07 13:15:00+05:30,147.9,149.0,144.1,144.1,174200,1838460
2026-01-07 13:16:00+05:30,143.6,148.75,143.0,148.65,147810,1838460
2026-01-07 13:17:00+05:30,148.8,152.0,147.94,148.8,138580,1758250
2026-01-07 13:18:00+05:30,148.85,149.35,146.69,148.25,57785,1758250
2026-01-07 13:19:00+05:30,149.19,149.25,147.85,147.94,51870,1758250
2026-01-07 13:20:00+05:30,147.75,148.3,146.05,147.05,79235,1794650
2026-01-07 13:21:00+05:30,146.25,147.25,143.8,143.8,91715,1794650
2026-01-07 13:22:00+05:30,143.8,145.1,141.6,142.55,131300,1794650
2026-01-07 13:23:00+05:30,142.25,142.85,140.6,142.0,81185,1788150
2026-01-07 13:24:00+05:30,141.69,143.19,139.9,140.65,102700,1788150
2026-01-07 13:25:00+05:30,141.0,141.5,133.05,133.15,352885,1788150
2026-01-07 13:26:00+05:30,132.75,134.65,130.5,132.94,323375,1778140
2026-01-07 13:27:00+05:30,134.0,135.4,133.15,134.19,204230,1778140
2026-01-07 13:28:00+05:30,134.35,135.19,130.0,131.6,279500,1778140
2026-01-07 13:29:00+05:30,131.1,133.5,130.65,132.3,161915,1969435
2026-01-07 13:30:00+05:30,132.25,132.94,131.15,131.15,156130,1969435
2026-01-07 13:31:00+05:30,130.55,136.0,129.69,134.4,276705,1969435
2026-01-07 13:32:00+05:30,134.35,134.94,133.0,133.75,128505,2087150
2026-01-07 13:33:00+05:30,135.0,136.0,133.15,133.15,169845,2087150
2026-01-07 13:34:00+05:30,134.15,134.69,131.65,133.19,124150,2087150
2026-01-07 13:35:00+05:30,133.0,134.6,132.65,134.6,116610,2160795
2026-01-07 13:36:00+05:30,134.15,135.9,134.15,134.75,129350,2160795
2026-01-07 13:37:00+05:30,134.94,135.8,133.3,135.55,92885,2160795
2026-01-07 13:38:00+05:30,135.35,139.4,135.35,139.4,265460,2187185
2026-01-07 13:39:00+05:30,139.55,140.85,136.8,137.15,303355,2187185
2026-01-07 13:40:00+05:30,137.5,137.9,134.0,134.15,219310,2187185
2026-01-07 13:41:00+05:30,134.15,136.8,133.4,135.0,233935,2327260
2026-01-07 13:42:00+05:30,134.9,135.15,132.0,134.4,201045,2327260
2026-01-07 13:43:00+05:30,133.9,134.69,132.75,133.65,126490,2327260
2026-01-07 13:44:00+05:30,134.3,137.6,134.3,135.94,174200,2457325
2026-01-07 13:45:00+05:30,136.35,136.44,134.25,135.25,103545,2457325
2026-01-07 13:46:00+05:30,135.25,138.9,135.25,137.69,254475,2457325
2026-01-07 13:47:00+05:30,137.75,137.85,135.15,137.19,117650,2404740
2026-01-07 13:48:00+05:30,138.5,140.94,138.15,139.8,253890,2404740
2026-01-07 13:49:00+05:30,140.75,141.1,139.05,140.8,159055,2404740
2026-01-07 13:50:00+05:30,140.85,142.05,139.8,141.35,263900,2354560
2026-01-07 13:51:00+05:30,140.6,140.9,134.69,134.69,195585,2354560
2026-01-07 13:52:00+05:30,134.3,135.69,131.1,135.6,286845,2354560
2026-01-07 13:53:00+05:30,135.19,136.94,134.35,136.15,123305,2279615
2026-01-07 13:54:00+05:30,135.8,137.85,135.8,136.8,140855,2279615
2026-01-07 13:55:00+05:30,136.94,137.5,135.25,136.35,80470,2279615
2026-01-07 13:56:00+05:30,136.85,138.8,136.4,138.8,85410,2362750
2026-01-07 13:57:00+05:30,138.19,141.94,137.5,141.85,195260,2362750
2026-01-07 13:58:00+05:30,141.25,145.0,141.19,145.0,326950,2362750
2026-01-07 13:59:00+05:30,145.1,145.1,143.35,144.25,256880,2348645
2026-01-07 14:00:00+05:30,144.25,144.44,138.9,139.25,248950,2348645
2026-01-07 14:01:00+05:30,139.3,139.75,134.25,138.6,300235,2348645
2026-01-07 14:02:00+05:30,138.3,142.1,137.65,142.0,213980,2277990
2026-01-07 14:03:00+05:30,142.4,146.15,142.3,144.85,308620,2277990
2026-01-07 14:04:00+05:30,144.85,148.69,144.85,147.65,352235,2277990
2026-01-07 14:05:00+05:30,147.19,147.4,145.35,146.44,222300,2362620
2026-01-07 14:06:00+05:30,146.5,147.85,145.6,146.5,157755,2362620
2026-01-07 14:07:00+05:30,145.6,147.19,145.3,147.19,111670,2362620
2026-01-07 14:08:00+05:30,147.8,149.25,146.0,147.65,190970,2300545
2026-01-07 14:09:00+05:30,148.19,149.5,146.44,146.44,229450,2300545
2026-01-07 14:10:00+05:30,147.19,147.65,146.0,146.3,143910,2300545
2026-01-07 14:11:00+05:30,147.0,149.25,147.0,148.05,150865,2310295
2026-01-07 14:12:00+05:30,148.44,149.9,146.6,149.35,130260,2310295
2026-01-07 14:13:00+05:30,149.25,149.69,146.69,147.5,145080,2310295
2026-01-07 14:14:00+05:30,146.85,146.85,144.6,145.85,219180,2199730
2026-01-07 14:15:00+05:30,145.6,146.35,144.65,145.69,126815,2199730
2026-01-07 14:16:00+05:30,143.4,145.4,141.6,145.4,186615,2199730
2026-01-07 14:17:00+05:30,144.9,144.9,141.19,142.05,111930,2136485
2026-01-07 14:18:00+05:30,142.4,142.8,137.69,138.35,198315,2136485
2026-01-07 14:19:00+05:30,139.65,141.85,139.65,141.35,130000,2136485
2026-01-07 14:20:00+05:30,141.6,142.0,139.5,140.9,106080,2118545
2026-01-07 14:21:00+05:30,140.35,142.15,138.35,140.3,127725,2118545
2026-01-07 14:22:00+05:30,139.8,144.3,139.8,143.5,161785,2118545
2026-01-07 14:23:00+05:30,144.0,144.9,141.6,143.0,153660,2167685
2026-01-07 14:24:00+05:30,143.05,143.05,138.25,139.44,135915,2167685
2026-01-07 14:25:00+05:30,140.0,141.69,139.4,141.35,79495,2167685
2026-01-07 14:26:00+05:30,141.3,141.55,138.65,138.9,62530,2120885
2026-01-07 14:27:00+05:30,139.19,141.15,138.0,140.69,102635,2120885
2026-01-07 14:28:00+05:30,141.3,145.85,141.3,144.25,205790,2120885
2026-01-07 14:29:00+05:30,144.5,145.44,141.9,144.19,181155,2156830
2026-01-07 14:30:00+05:30,144.85,147.6,144.4,146.5,203125,2156830
2026-01-07 14:31:00+05:30,145.25,145.25,141.44,144.25,209105,2156830
2026-01-07 14:32:00+05:30,144.0,147.44,142.19,142.69,135525,2143830
2026-01-07 14:33:00+05:30,142.25,144.15,136.05,136.05,283465,2143830
2026-01-07 14:34:00+05:30,136.69,139.65,136.1,138.4,170365,2143830
2026-01-07 14:35:00+05:30,140.6,143.4,140.25,140.69,191815,2067455
2026-01-07 14:36:00+05:30,141.4,142.25,139.65,140.0,62725,2067455
2026-01-07 14:37:00+05:30,139.65,140.5,138.65,139.25,70200,2067455
2026-01-07 14:38:00+05:30,139.3,143.8,137.65,143.8,124085,2087215
2026-01-07 14:39:00+05:30,143.9,148.35,142.85,147.8,271570,2087215
2026-01-07 14:40:00+05:30,146.65,147.5,143.85,145.65,192270,2087215
2026-01-07 14:41:00+05:30,145.5,148.15,144.5,147.6,151190,2081495
2026-01-07 14:42:00+05:30,147.15,149.6,146.65,148.94,183950,2081495
2026-01-07 14:43:00+05:30,148.55,152.8,148.44,152.1,350025,2081495
2026-01-07 14:44:00+05:30,152.4,153.69,150.55,151.35,350025,1999010
2026-01-07 14:45:00+05:30,153.0,153.44,150.5,153.44,214955,1999010
2026-01-07 14:46:00+05:30,153.05,153.65,148.94,150.6,175305,1999010
2026-01-07 14:47:00+05:30,150.5,150.5,146.55,147.8,171015,1899430
2026-01-07 14:48:00+05:30,147.55,147.55,141.6,143.25,234780,1899430
2026-01-07 14:49:00+05:30,143.15,144.69,143.15,143.8,107250,1899430
2026-01-07 14:50:00+05:30,144.0,145.4,143.19,143.65,108875,1830400
2026-01-07 14:51:00+05:30,143.85,150.75,143.85,150.65,201240,1830400
2026-01-07 14:52:00+05:30,150.8,155.55,150.8,154.35,301600,1830400
2026-01-07 14:53:00+05:30,154.94,155.85,153.25,155.75,179400,1839890
2026-01-07 14:54:00+05:30,155.6,157.25,155.44,156.35,304525,1839890
2026-01-07 14:55:00+05:30,156.8,157.35,151.35,152.6,256295,1839890
2026-01-07 14:56:00+05:30,152.6,157.0,151.94,156.65,148590,1714180
2026-01-07 14:57:00+05:30,156.15,156.15,153.15,155.3,123825,1714180
2026-01-07 14:58:00+05:30,155.0,156.35,154.15,156.35,79170,1714180
2026-01-07 14:59:00+05:30,156.4,156.94,154.8,156.4,126035,1688245
2026-01-07 15:00:00+05:30,161.0,166.0,155.75,157.25,532610,1688245
2026-01-07 15:01:00+05:30,158.6,160.1,155.15,156.35,153660,1688245
2026-01-07 15:02:00+05:30,156.25,159.0,153.55,155.5,165165,1579435
2026-01-07 15:03:00+05:30,155.3,156.6,152.6,156.6,98995,1579435
2026-01-07 15:04:00+05:30,156.55,157.65,155.85,157.5,81640,1579435
2026-01-07 15:05:00+05:30,157.75,160.1,157.75,160.1,149760,1531855
2026-01-07 15:06:00+05:30,160.5,164.6,160.15,163.35,210080,1531855
2026-01-07 15:07:00+05:30,163.6,165.65,163.1,164.45,204750,1531855
2026-01-07 15:08:00+05:30,163.85,164.3,160.4,161.1,178945,1431300
2026-01-07 15:09:00+05:30,162.0,164.2,161.69,163.44,114660,1431300
2026-01-07 15:10:00+05:30,163.25,163.25,160.65,161.8,140660,1431300
2026-01-07 15:11:00+05:30,162.0,164.75,161.8,164.55,102700,1386320
2026-01-07 15:12:00+05:30,167.0,167.35,164.9,165.65,194545,1386320
2026-01-07 15:13:00+05:30,166.45,172.2,165.6,169.25,251420,1386320
2026-01-07 15:14:00+05:30,168.7,171.5,168.7,171.1,152295,1293890
2026-01-07 15:15:00+05:30,172.1,172.1,163.69,164.45,244855,1293890
2026-01-07 15:16:00+05:30,164.75,164.75,160.4,162.85,120055,1293890
2026-01-07 15:17:00+05:30,162.8,162.8,158.25,158.5,83265,1181505
2026-01-07 15:18:00+05:30,158.5,160.55,156.5,160.05,103350,1181505
2026-01-07 15:19:00+05:30,161.0,163.75,161.0,163.75,95875,1181505
2026-01-07 15:20:00+05:30,162.1,162.55,160.4,161.4,93535,1123850
2026-01-07 15:21:00+05:30,161.15,162.0,160.15,160.8,47125,1123850
2026-01-07 15:22:00+05:30,160.5,162.8,159.5,162.8,62270,1123850
2026-01-07 15:23:00+05:30,162.55,165.1,162.44,163.75,83005,1085110
2026-01-07 15:24:00+05:30,164.1,164.2,163.1,163.44,44460,1085110
2026-01-07 15:25:00+05:30,164.0,166.5,164.0,165.0,89050,1085110
2026-01-07 15:26:00+05:30,165.15,165.9,164.5,164.85,54600,1042340
2026-01-07 15:27:00+05:30,164.6,165.3,164.35,165.3,51610,1042340
2026-01-07 15:28:00+05:30,165.2,166.25,164.8,165.0,62790,1042340
2026-01-07 15:29:00+05:30,164.65,165.0,163.0,163.95,87490,975195
2026-01-08 09:15:00+05:30,158.6,158.6,116.1,125.45,734305,1115140
2026-01-08 09:16:00+05:30,122.8,133.94,122.8,130.6,479180,1115140
2026-01-08 09:17:00+05:30,133.6,137.15,133.6,136.05,505700,1115140
2026-01-08 09:18:00+05:30,136.15,137.4,132.05,135.3,322400,1369810
2026-01-08 09:19:00+05:30,137.05,145.0,136.35,137.1,457015,1369810
2026-01-08 09:20:00+05:30,135.1,135.75,130.85,132.69,307515,1369810
2026-01-08 09:21:00+05:30,132.05,133.0,127.35,131.85,246025,1369810
2026-01-08 09:22:00+05:30,132.44,133.94,125.8,125.8,230620,1525095
2026-01-08 09:23:00+05:30,125.0,129.44,125.0,127.7,271375,1525095
2026-01-08 09:24:00+05:30,126.85,131.75,124.95,126.85,268775,1525095
2026-01-08 09:25:00+05:30,126.3,128.5,122.75,124.4,247390,1766115
2026-01-08 09:26:00+05:30,123.2,123.4,115.1,116.35,432185,1766115
2026-01-08 09:27:00+05:30,115.85,117.85,112.8,117.45,599105,1766115
2026-01-08 09:28:00+05:30,117.8,118.4,113.7,116.2,480220,2048865
2026-01-08 09:29:00+05:30,114.7,115.95,111.3,111.55,564460,2048865
2026-01-08 09:30:00+05:30,112.0,113.8,108.1,108.95,742495,2048865
2026-01-08 09:31:00+05:30,108.25,110.0,106.55,108.85,602745,2658890
2026-01-08 09:32:00+05:30,108.45,109.35,102.6,103.6,625430,2658890
2026-01-08 09:33:00+05:30,103.6,107.35,103.0,105.3,648375,2658890
2026-01-08 09:34:00+05:30,105.65,110.65,104.9,110.0,761150,3331250
2026-01-08 09:35:00+05:30,109.95,111.6,106.45,107.35,565305,3331250
2026-01-08 09:36:00+05:30,107.25,112.45,106.5,112.3,660920,3331250
2026-01-08 09:37:00+05:30,113.1,118.35,111.0,118.35,1356095,3845400
2026-01-08 09:38:00+05:30,117.95,120.2,114.65,119.45,1072630,3845400
2026-01-08 09:39:00+05:30,119.5,123.1,119.25,121.05,995085,3845400
2026-01-08 09:40:00+05:30,121.75,122.5,118.35,120.75,633230,3710655
2026-01-08 09:41:00+05:30,121.25,127.35,121.05,125.6,950950,3710655
2026-01-08 09:42:00+05:30,126.0,126.45,120.7,123.15,504595,3710655
2026-01-08 09:43:00+05:30,122.75,123.55,118.45,123.55,481845,3534700
2026-01-08 09:44:00+05:30,124.6,126.2,120.6,120.6,489710,3534700
2026-01-08 09:45:00+05:30,121.25,121.25,114.9,115.55,679185,3534700
2026-01-08 09:46:00+05:30,115.25,119.15,113.9,118.4,418015,3419715
2026-01-08 09:47:00+05:30,117.95,119.55,114.6,115.35,297830,3419715
2026-01-08 09:48:00+05:30,115.4,116.0,111.7,114.65,396500,3419715
2026-01-08 09:49:00+05:30,114.8,120.75,113.85,120.4,360490,3570970
2026-01-08 09:50:00+05:30,119.75,119.75,114.2,114.2,304850,3570970
2026-01-08 09:51:00+05:30,114.05,115.4,112.3,114.1,428155,3570970
2026-01-08 09:52:00+05:30,114.0,116.2,114.0,115.2,220155,3594110
2026-01-08 09:53:00+05:30,114.8,121.75,112.85,121.75,393120,3594110
2026-01-08 09:54:00+05:30,122.1,130.19,122.1,129.15,1303380,3594110
2026-01-08 09:55:00+05:30,127.9,131.0,121.45,123.2,811460,3659110
2026-01-08 09:56:00+05:30,122.55,125.6,122.05,123.7,315250,3659110
2026-01-08 09:57:00+05:30,123.9,126.0,118.6,121.4,499980,3659110
2026-01-08 09:58:00+05:30,121.6,124.45,120.9,123.4,286000,3657810
2026-01-08 09:59:00+05:30,123.95,127.85,122.2,122.2,459680,3657810
2026-01-08 10:00:00+05:30,122.0,122.35,115.8,116.65,556270,3657810
2026-01-08 10:01:00+05:30,115.65,115.65,110.8,112.75,677885,3596905
2026-01-08 10:02:00+05:30,113.0,114.3,109.2,114.0,482235,3596905
2026-01-08 10:03:00+05:30,114.4,117.3,113.4,113.4,420485,3596905
2026-01-08 10:04:00+05:30,113.65,113.65,108.45,109.35,359970,3662425
2026-01-08 10:05:00+05:30,109.15,112.65,109.15,111.35,284830,3662425
2026-01-08 10:06:00+05:30,110.6,114.15,110.15,110.7,338455,3662425
2026-01-08 10:07:00+05:30,110.85,110.85,106.8,106.8,423800,3810040
2026-01-08 10:08:00+05:30,106.8,107.1,104.45,106.45,643695,3810040
2026-01-08 10:09:00+05:30,105.7,106.85,104.65,104.85,413920,3810040
2026-01-08 10:10:00+05:30,105.05,105.05,101.75,102.6,559585,4007965
2026-01-08 10:11:00+05:30,102.15,104.55,101.95,104.4,471510,4007965
2026-01-08 10:12:00+05:30,103.85,106.9,102.85,106.35,455130,4007965
2026-01-08 10:13:00+05:30,106.05,106.6,104.0,105.55,416845,4445740
2026-01-08 10:14:00+05:30,105.85,108.5,105.05,106.85,621660,4445740
2026-01-08 10:15:00+05:30,107.1,107.1,105.5,105.5,388570,4445740
2026-01-08 10:16:00+05:30,105.4,108.5,102.85,108.5,645190,4718870
2026-01-08 10:17:00+05:30,107.8,108.1,106.05,106.85,262080,4718870
2026-01-08 10:18:00+05:30,106.8,106.8,103.2,104.0,312260,4718870
2026-01-08 10:19:00+05:30,103.95,106.25,96.05,96.45,1000935,4869215
2026-01-08 10:20:00+05:30,97.75,99.65,93.0,94.5,1153945,4869215
2026-01-08 10:21:00+05:30,94.05,94.45,90.4,92.85,1066130,4869215
2026-01-08 10:22:00+05:30,92.85,94.85,92.2,94.35,490425,5202665
2026-01-08 10:23:00+05:30,93.95,96.3,93.95,95.25,446745,5202665
2026-01-08 10:24:00+05:30,95.1,97.35,94.3,97.15,428870,5202665
2026-01-08 10:25:00+05:30,97.15,97.85,95.65,97.55,409760,5573295
2026-01-08 10:26:00+05:30,97.0,99.0,96.6,96.75,560950,5573295
2026-01-08 10:27:00+05:30,97.0,98.1,96.05,96.2,294905,5573295
2026-01-08 10:28:00+05:30,96.25,99.2,96.25,97.4,383500,5717075
2026-01-08 10:29:00+05:30,98.15,101.2,97.45,99.95,610155,5717075
2026-01-08 10:30:00+05:30,100.0,100.45,97.25,97.25,448500,5717075
2026-01-08 10:31:00+05:30,96.95,99.2,96.05,97.25,456950,5856240
2026-01-08 10:32:00+05:30,97.15,98.0,95.65,96.95,263380,5856240
2026-01-08 10:33:00+05:30,96.9,97.1,93.9,93.9,465855,5856240
2026-01-08 10:34:00+05:30,94.6,100.05,94.6,100.05,625690,5952180
2026-01-08 10:35:00+05:30,99.95,101.4,98.0,100.8,435565,5952180
2026-01-08 10:36:00+05:30,101.3,101.3,98.25,98.9,351065,5952180
2026-01-08 10:37:00+05:30,99.0,99.5,95.45,97.05,368875,6097065
2026-01-08 10:38:00+05:30,96.7,96.7,93.3,94.6,479700,6097065
2026-01-08 10:39:00+05:30,95.2,96.9,95.0,96.0,225940,6097065
2026-01-08 10:40:00+05:30,96.15,96.4,93.05,93.35,352950,6308640
2026-01-08 10:41:00+05:30,93.2,95.95,92.8,95.95,257205,6308640
2026-01-08 10:42:00+05:30,96.3,96.6,94.6,94.85,177515,6308640
2026-01-08 10:43:00+05:30,95.2,98.0,94.25,97.0,254995,6455280
2026-01-08 10:44:00+05:30,97.1,98.3,95.75,95.8,392080,6455280
2026-01-08 10:45:00+05:30,95.9,97.65,94.5,97.5,311155,6455280
2026-01-08 10:46:00+05:30,97.4,98.8,96.65,98.8,373945,6477835
2026-01-08 10:47:00+05:30,98.65,98.65,95.75,96.2,282880,6477835
2026-01-08 10:48:00+05:30,96.15,97.4,94.75,96.35,187980,6477835
2026-01-08 10:49:00+05:30,96.1,96.25,94.7,94.7,204685,6598540
2026-01-08 10:50:00+05:30,94.55,96.9,92.8,96.3,466375,6598540
2026-01-08 10:51:00+05:30,95.7,96.9,94.6,95.45,247065,6598540
2026-01-08 10:52:00+05:30,95.65,96.1,89.65,90.7,663325,6702280
2026-01-08 10:53:00+05:30,91.65,93.0,88.5,92.75,789360,6702280
2026-01-08 10:54:00+05:30,92.4,94.65,92.1,94.65,400335,6702280
2026-01-08 10:55:00+05:30,94.1,94.9,92.05,92.5,359255,6872710
2026-01-08 10:56:00+05:30,92.3,94.8,92.1,94.6,258050,6872710
2026-01-08 10:57:00+05:30,94.7,94.9,91.1,91.7,348790,6872710
2026-01-08 10:58:00+05:30,91.7,93.3,91.35,92.3,210535,7090980
2026-01-08 10:59:00+05:30,92.15,92.15,89.3,91.6,572585,7090980
2026-01-08 11:00:00+05:30,92.15,92.15,89.8,91.7,577980,7090980
2026-01-08 11:01:00+05:30,91.5,91.95,90.55,90.55,323245,7256275
2026-01-08 11:02:00+05:30,90.55,90.75,86.65,88.45,774475,7256275
2026-01-08 11:03:00+05:30,88.9,90.3,88.15,89.1,425490,7256275
2026-01-08 11:04:00+05:30,89.15,92.25,89.15,91.9,526825,7522255
2026-01-08 11:05:00+05:30,91.75,91.75,88.75,89.4,400270,7522255
2026-01-08 11:06:00+05:30,89.35,92.05,89.35,91.55,269425,7522255
2026-01-08 11:07:00+05:30,91.7,92.0,90.35,90.9,234975,7731750
2026-01-08 11:08:00+05:30,90.9,91.75,90.25,91.5,150865,7731750
2026-01-08 11:09:00+05:30,91.6,92.05,90.45,91.4,226525,7731750
2026-01-08 11:10:00+05:30,91.25,91.25,89.25,89.5,229645,7857980
2026-01-08 11:11:00+05:30,89.2,90.15,87.85,89.35,422370,7857980
2026-01-08 11:12:00+05:30,89.4,90.35,87.5,88.6,350675,7857980
2026-01-08 11:13:00+05:30,89.25,89.35,87.75,88.9,230100,8021520
2026-01-08 11:14:00+05:30,88.7,89.4,85.65,87.0,599040,8021520
2026-01-08 11:15:00+05:30,87.0,88.9,86.55,88.15,477685,8021520
2026-01-08 11:16:00+05:30,88.0,88.55,87.35,88.25,257985,8296470
2026-01-08 11:17:00+05:30,88.3,89.75,88.05,88.95,373685,8296470
2026-01-08 11:18:00+05:30,88.8,89.2,84.0,84.45,669500,8296470
2026-01-08 11:19:00+05:30,84.25,85.8,82.0,85.2,1098825,8353345
2026-01-08 11:20:00+05:30,85.4,86.0,78.5,79.09,977665,8353345
2026-01-08 11:21:00+05:30,78.95,79.4,76.3,77.59,1089400,8353345
2026-01-08 11:22:00+05:30,77.7,79.95,77.65,79.45,667095,8647015
2026-01-08 11:23:00+05:30,79.34,79.75,77.95,78.05,415740,8647015
2026-01-08 11:24:00+05:30,77.7,78.4,76.75,77.0,429650,8647015
2026-01-08 11:25:00+05:30,77.0,77.8,75.8,77.8,473460,8811205
2026-01-08 11:26:00+05:30,77.84,79.2,77.55,78.59,427115,8811205
2026-01-08 11:27:00+05:30,78.95,79.9,78.59,79.4,397150,8811205
2026-01-08 11:28:00+05:30,79.65,79.84,79.05,79.5,241865,8958495
2026-01-08 11:29:00+05:30,79.5,80.9,78.84,80.55,372190,8958495
2026-01-08 11:30:00+05:30,80.34,80.59,79.2,79.75,371475,8958495
2026-01-08 11:31:00+05:30,79.59,79.65,77.45,79.0,380445,8960315
2026-01-08 11:32:00+05:30,78.59,81.25,78.0,80.84,363935,8960315
2026-01-08 11:33:00+05:30,81.15,81.2,78.9,79.75,311805,8960315
2026-01-08 11:34:00+05:30,79.55,80.55,79.4,79.4,144820,9013160
2026-01-08 11:35:00+05:30,79.55,80.65,79.55,80.65,204230,9013160
2026-01-08 11:36:00+05:30,80.55,81.65,80.55,81.09,424645,9013160
2026-01-08 11:37:00+05:30,81.25,81.25,80.34,80.55,212355,9187425
2026-01-08 11:38:00+05:30,80.8,82.6,80.8,82.35,313820,9187425
2026-01-08 11:39:00+05:30,82.45,83.6,81.5,82.2,546910,9187425
2026-01-08 11:40:00+05:30,82.1,84.0,81.5,82.6,545285,9261200
2026-01-08 11:41:00+05:30,82.7,83.5,81.65,83.2,251095,9261200
2026-01-08 11:42:00+05:30,83.1,83.4,82.1,82.3,203515,9261200
2026-01-08 11:43:00+05:30,82.3,82.5,81.05,81.45,206310,9298510
2026-01-08 11:44:00+05:30,81.55,81.84,81.0,81.15,232050,9298510
2026-01-08 11:45:00+05:30,81.2,82.0,80.25,81.2,197275,9298510
2026-01-08 11:46:00+05:30,81.0,81.05,80.45,80.45,189540,9252295
2026-01-08 11:47:00+05:30,80.45,80.7,77.5,78.75,542815,9252295
2026-01-08 11:48:00+05:30,78.34,78.5,74.75,75.34,713310,9252295
2026-01-08 11:49:00+05:30,75.8,76.95,75.3,75.3,324675,9252360
2026-01-08 11:50:00+05:30,75.25,75.55,73.9,74.5,428285,9252360
2026-01-08 11:51:00+05:30,74.84,75.9,74.8,75.7,210925,9252360
2026-01-08 11:52:00+05:30,75.7,76.59,74.84,75.7,269035,9349145
2026-01-08 11:53:00+05:30,75.45,76.15,74.5,76.15,174070,9349145
2026-01-08 11:54:00+05:30,76.09,76.55,74.7,74.7,195195,9349145
2026-01-08 11:55:00+05:30,74.75,75.15,74.2,75.0,160615,9458280
2026-01-08 11:56:00+05:30,74.9,75.55,72.34,74.15,324545,9458280
2026-01-08 11:57:00+05:30,74.45,74.45,72.3,72.45,362310,9458280
2026-01-08 11:58:00+05:30,72.75,72.75,67.4,67.75,1031615,9364420
2026-01-08 11:59:00+05:30,67.75,69.55,66.75,68.4,681590,9364420
2026-01-08 12:00:00+05:30,68.5,69.2,68.2,68.2,348660,9364420
2026-01-08 12:01:00+05:30,67.95,69.2,67.5,69.09,340600,9225060
2026-01-08 12:02:00+05:30,69.09,69.09,63.7,64.2,781755,9225060
2026-01-08 12:03:00+05:30,64.4,65.5,63.65,63.95,655070,9225060
2026-01-08 12:04:00+05:30,63.9,65.45,63.9,64.25,510900,9010625
2026-01-08 12:05:00+05:30,63.8,63.95,61.15,61.35,818805,9010625
2026-01-08 12:06:00+05:30,62.3,65.2,62.3,64.84,1051050,9010625
2026-01-08 12:07:00+05:30,64.7,65.84,64.09,65.84,983385,9141600
2026-01-08 12:08:00+05:30,65.5,67.4,65.5,66.65,519480,9141600
2026-01-08 12:09:00+05:30,66.15,67.25,65.8,67.25,274235,9141600
2026-01-08 12:10:00+05:30,67.05,67.25,66.34,67.05,243035,9232665
2026-01-08 12:11:00+05:30,67.09,67.65,66.65,67.2,243555,9232665
2026-01-08 12:12:00+05:30,67.15,67.95,66.7,67.5,267345,9232665
2026-01-08 12:13:00+05:30,67.2,68.2,67.0,68.09,202020,9242285
2026-01-08 12:14:00+05:30,68.09,70.45,68.05,70.09,407615,9242285
2026-01-08 12:15:00+05:30,70.25,71.15,69.25,71.09,492115,9242285
2026-01-08 12:16:00+05:30,71.34,73.0,71.2,72.55,491530,9178780
2026-01-08 12:17:00+05:30,72.45,72.45,70.34,71.15,248885,9178780
2026-01-08 12:18:00+05:30,71.0,71.0,69.4,70.3,253175,9178780
2026-01-08 12:19:00+05:30,70.3,70.8,69.8,69.95,201240,9120215
2026-01-08 12:20:00+05:30,70.09,70.3,68.65,68.65,209950,9120215
2026-01-08 12:21:00+05:30,69.0,70.5,68.8,70.5,207740,9120215
2026-01-08 12:22:00+05:30,70.7,71.09,69.34,69.8,165685,9046765
2026-01-08 12:23:00+05:30,69.55,70.0,69.15,69.15,88725,9046765
2026-01-08 12:24:00+05:30,69.4,69.7,68.4,69.3,139685,9046765
2026-01-08 12:25:00+05:30,69.25,72.34,69.15,72.15,229320,9002565
2026-01-08 12:26:00+05:30,72.0,72.55,71.65,72.34,241345,9002565
2026-01-08 12:27:00+05:30,72.3,72.5,71.5,72.25,183430,9002565
2026-01-08 12:28:00+05:30,72.15,72.75,71.2,72.55,149955,9003410
2026-01-08 12:29:00+05:30,72.55,72.55,71.05,71.84,131885,9003410
2026-01-08 12:30:00+05:30,71.84,71.9,70.4,71.34,180765,9003410
2026-01-08 12:31:00+05:30,71.34,71.34,68.75,68.9,199485,9047610
2026-01-08 12:32:00+05:30,69.0,69.0,66.5,68.15,332735,9047610
2026-01-08 12:33:00+05:30,68.15,69.55,67.8,68.09,166010,9047610
2026-01-08 12:34:00+05:30,68.15,68.4,67.7,67.95,102700,9050210
2026-01-08 12:35:00+05:30,67.5,68.15,66.25,66.65,269360,9050210
2026-01-08 12:36:00+05:30,66.75,68.5,66.5,68.5,146055,9050210
2026-01-08 12:37:00+05:30,68.9,69.0,67.84,68.45,147030,9019920
2026-01-08 12:38:00+05:30,68.34,71.2,68.34,70.75,232505,9019920
2026-01-08 12:39:00+05:30,70.84,70.9,68.34,69.55,153400,9019920
2026-01-08 12:40:00+05:30,69.8,69.95,68.59,68.8,105040,8956675
2026-01-08 12:41:00+05:30,68.55,69.9,68.25,69.0,163800,8956675
2026-01-08 12:42:00+05:30,69.2,69.3,67.3,68.2,110240,8956675
2026-01-08 12:43:00+05:30,68.34,69.3,67.9,68.3,75465,8956675
2026-01-08 12:44:00+05:30,68.45,70.8,68.3,70.09,166270,8926450
2026-01-08 12:45:00+05:30,70.25,70.25,67.84,68.84,143130,8926450
2026-01-08 12:46:00+05:30,68.8,69.5,68.3,69.05,75790,8958560
2026-01-08 12:47:00+05:30,69.09,69.09,67.34,67.5,69680,8958560
2026-01-08 12:48:00+05:30,67.4,67.59,66.59,66.59,156455,8958560
2026-01-08 12:49:00+05:30,66.8,68.09,66.25,67.7,156325,8958560
2026-01-08 12:50:00+05:30,67.7,67.7,66.15,66.25,227630,8987615
2026-01-08 12:51:00+05:30,65.95,66.59,65.34,65.4,186680,8987615
2026-01-08 12:52:00+05:30,65.25,65.34,64.0,64.84,221715,8987615
2026-01-08 12:53:00+05:30,64.9,67.7,64.9,67.7,240305,8979490
2026-01-08 12:54:00+05:30,68.5,69.15,67.5,67.7,334165,8979490
2026-01-08 12:55:00+05:30,67.9,68.84,66.05,66.15,171275,8979490
2026-01-08 12:56:00+05:30,66.5,67.45,65.7,66.95,110500,8930155
2026-01-08 12:57:00+05:30,66.9,67.3,66.0,66.3,157170,8930155
2026-01-08 12:58:00+05:30,66.65,66.8,66.15,66.3,62400,8930155
2026-01-08 12:59:00+05:30,66.09,66.55,64.95,65.2,117585,8979815
2026-01-08 13:00:00+05:30,64.95,65.09,63.15,63.15,185185,8979815
2026-01-08 13:01:00+05:30,63.0,63.5,62.65,63.1,239135,8979815
2026-01-08 13:02:00+05:30,63.25,64.3,62.15,64.25,205920,9080045
2026-01-08 13:03:00+05:30,64.84,65.9,64.09,65.5,186875,9080045
2026-01-08 13:04:00+05:30,65.7,69.15,65.59,68.9,301665,9080045
2026-01-08 13:05:00+05:30,69.05,70.0,68.2,68.55,344045,9042800
2026-01-08 13:06:00+05:30,68.95,69.3,67.55,68.3,141700,9042800
2026-01-08 13:07:00+05:30,68.2,68.25,67.2,67.55,117910,9042800
2026-01-08 13:08:00+05:30,67.4,68.0,66.05,66.05,164320,8988460
2026-01-08 13:09:00+05:30,66.05,68.05,64.84,67.7,175435,8988460
2026-01-08 13:10:00+05:30,67.65,69.0,67.45,67.65,144040,8988460
2026-01-08 13:11:00+05:30,67.59,68.15,67.45,67.7,73060,9031100
2026-01-08 13:12:00+05:30,67.34,68.59,66.7,67.45,82745,9031100
2026-01-08 13:13:00+05:30,67.45,67.84,66.3,67.0,93405,9031100
2026-01-08 13:14:00+05:30,67.2,68.9,67.09,67.84,170040,9021285
2026-01-08 13:15:00+05:30,67.75,67.75,65.25,66.0,169000,9021285
2026-01-08 13:16:00+05:30,66.0,66.05,64.59,65.7,130455,9021285
2026-01-08 13:17:00+05:30,65.7,65.7,63.95,64.5,115830,9061130
2026-01-08 13:18:00+05:30,64.5,65.5,63.9,65.25,142545,9061130
2026-01-08 13:19:00+05:30,65.45,65.9,64.75,64.75,71110,9061130
2026-01-08 13:20:00+05:30,64.75,65.3,63.65,65.15,137215,9097790
2026-01-08 13:21:00+05:30,65.0,65.2,64.2,64.3,74035,9097790
2026-01-08 13:22:00+05:30,64.34,64.55,63.15,63.15,101010,9097790
2026-01-08 13:23:00+05:30,63.2,65.2,63.2,64.3,100945,9133605
2026-01-08 13:24:00+05:30,64.65,65.15,63.3,63.3,74880,9133605
2026-01-08 13:25:00+05:30,63.45,64.2,62.8,63.85,147615,9133605
2026-01-08 13:26:00+05:30,63.55,63.55,60.2,60.65,295230,9160905
2026-01-08 13:27:00+05:30,60.7,61.9,59.3,61.45,412295,9160905
2026-01-08 13:28:00+05:30,61.5,61.5,59.75,60.5,180245,9160905
2026-01-08 13:29:00+05:30,60.6,60.6,58.8,59.35,241800,9177415
2026-01-08 13:30:00+05:30,59.05,59.2,57.2,57.45,468195,9177415
2026-01-08 13:31:00+05:30,57.2,59.2,56.8,58.55,299975,9177415
2026-01-08 13:32:00+05:30,58.7,59.2,58.15,58.2,171015,9220120
2026-01-08 13:33:00+05:30,58.35,59.6,58.05,59.5,213785,9220120
2026-01-08 13:34:00+05:30,59.7,61.65,59.7,60.85,239785,9220120
2026-01-08 13:35:00+05:30,60.95,62.9,60.7,62.15,238810,9194315
2026-01-08 13:36:00+05:30,62.05,62.5,60.95,61.55,146380,9194315
2026-01-08 13:37:00+05:30,61.65,61.85,60.0,60.2,173030,9194315
2026-01-08 13:38:00+05:30,60.75,61.15,60.3,60.55,113620,9242870
2026-01-08 13:39:00+05:30,61.35,62.0,60.85,60.85,111475,9242870
2026-01-08 13:40:00+05:30,60.7,60.85,59.45,59.65,140140,9242870
2026-01-08 13:41:00+05:30,59.75,59.75,59.0,59.1,149110,9272120
2026-01-08 13:42:00+05:30,59.45,60.3,58.55,58.65,117845,9272120
2026-01-08 13:43:00+05:30,58.9,60.75,58.75,60.55,124215,9272120
2026-01-08 13:44:00+05:30,60.75,61.45,60.25,61.35,119665,9248590
2026-01-08 13:45:00+05:30,61.6,63.1,60.25,63.0,176345,9248590
2026-01-08 13:46:00+05:30,63.2,65.5,63.2,65.0,444210,9248590
2026-01-08 13:47:00+05:30,65.05,67.0,64.59,66.55,414765,9062365
2026-01-08 13:48:00+05:30,66.4,66.4,64.9,64.9,253630,9062365
2026-01-08 13:49:00+05:30,64.84,65.5,63.55,64.5,177320,9062365
2026-01-08 13:50:00+05:30,64.4,64.4,61.4,61.75,394030,8988200
2026-01-08 13:51:00+05:30,61.95,64.45,61.9,64.25,334685,8988200
2026-01-08 13:52:00+05:30,64.25,64.3,62.05,62.05,148655,8988200
2026-01-08 13:53:00+05:30,62.0,63.75,62.0,63.35,83200,8954595
2026-01-08 13:54:00+05:30,63.45,65.05,63.45,64.3,153790,8954595
2026-01-08 13:55:00+05:30,64.3,66.4,64.2,65.9,235950,8954595
2026-01-08 13:56:00+05:30,65.9,67.15,64.84,67.15,397345,8888555
2026-01-08 13:57:00+05:30,67.5,67.65,65.95,67.34,419640,8888555
2026-01-08 13:58:00+05:30,67.45,67.45,64.45,64.45,324025,8888555
2026-01-08 13:59:00+05:30,64.0,65.65,64.0,64.84,220220,8772725
2026-01-08 14:00:00+05:30,65.75,66.45,65.0,66.25,166400,8772725
2026-01-08 14:01:00+05:30,66.2,67.09,65.8,66.25,221975,8772725
2026-01-08 14:02:00+05:30,66.09,67.5,65.95,66.45,179400,8788260
2026-01-08 14:03:00+05:30,66.2,66.2,62.1,62.1,404560,8788260
2026-01-08 14:04:00+05:30,62.25,64.75,62.1,64.65,162565,8788260
2026-01-08 14:05:00+05:30,64.75,65.9,63.55,65.05,180960,8772725
2026-01-08 14:06:00+05:30,65.0,66.9,64.34,64.4,285545,8772725
2026-01-08 14:07:00+05:30,64.95,66.2,63.95,63.95,139295,8772725
2026-01-08 14:08:00+05:30,64.25,64.25,59.1,59.1,507585,8787025
2026-01-08 14:09:00+05:30,59.2,61.65,59.2,60.7,254085,8787025
2026-01-08 14:10:00+05:30,60.45,61.8,58.35,60.4,286065,8787025
2026-01-08 14:11:00+05:30,60.75,60.95,59.25,60.95,194155,8857875
2026-01-08 14:12:00+05:30,61.3,63.55,61.1,63.25,259415,8857875
2026-01-08 14:13:00+05:30,63.3,64.3,61.05,61.05,175695,8857875
2026-01-08 14:14:00+05:30,61.3,63.5,60.75,63.3,128960,8761545
2026-01-08 14:15:00+05:30,63.3,65.8,62.65,64.0,323700,8761545
2026-01-08 14:16:00+05:30,64.09,65.4,63.85,64.3,152230,8761545
2026-01-08 14:17:00+05:30,64.3,65.5,63.15,64.84,169975,8735610
2026-01-08 14:18:00+05:30,65.0,65.75,64.15,65.75,135655,8735610
2026-01-08 14:19:00+05:30,65.65,67.34,64.8,64.84,361140,8735610
2026-01-08 14:20:00+05:30,64.8,65.7,63.85,65.25,184600,8628620
2026-01-08 14:21:00+05:30,65.34,67.25,65.3,66.09,289250,8628620
2026-01-08 14:22:00+05:30,65.84,67.45,65.84,66.59,315185,8628620
2026-01-08 14:23:00+05:30,66.45,66.65,62.9,63.55,343005,8636290
2026-01-08 14:24:00+05:30,63.4,63.65,60.85,61.4,326755,8636290
2026-01-08 14:25:00+05:30,62.2,62.2,59.2,59.2,326300,8636290
2026-01-08 14:26:00+05:30,59.45,60.5,58.85,59.1,260195,8608470
2026-01-08 14:27:00+05:30,59.25,61.45,59.25,60.15,225615,8608470
2026-01-08 14:28:00+05:30,59.9,59.9,56.35,57.1,318630,8608470
2026-01-08 14:29:00+05:30,56.75,57.15,54.9,56.95,420940,8618870
2026-01-08 14:30:00+05:30,57.85,58.55,57.45,57.8,244790,8618870
2026-01-08 14:31:00+05:30,57.5,60.35,57.15,59.65,316745,8618870
2026-01-08 14:32:00+05:30,59.75,62.65,59.25,61.85,265850,8524555
2026-01-08 14:33:00+05:30,62.15,65.45,62.15,65.45,399035,8524555
2026-01-08 14:34:00+05:30,65.3,65.84,63.9,64.2,345215,8524555
2026-01-08 14:35:00+05:30,64.2,64.45,62.5,63.1,206440,8387145
2026-01-08 14:36:00+05:30,63.5,63.75,62.25,63.3,178360,8387145
2026-01-08 14:37:00+05:30,62.9,64.55,62.6,63.75,158405,8387145
2026-01-08 14:38:00+05:30,64.34,65.8,64.0,64.15,237705,8359520
2026-01-08 14:39:00+05:30,64.0,64.05,61.65,62.2,271245,8359520
2026-01-08 14:40:00+05:30,62.25,62.45,60.75,61.4,186615,8359520
2026-01-08 14:41:00+05:30,61.6,61.6,59.8,60.55,211770,8379345
2026-01-08 14:42:00+05:30,60.5,61.7,59.9,61.7,139815,8379345
2026-01-08 14:43:00+05:30,62.7,62.7,60.7,61.35,184015,8379345
2026-01-08 14:44:00+05:30,61.3,62.25,60.35,62.25,163540,8408010
2026-01-08 14:45:00+05:30,62.9,62.95,60.3,60.9,415090,8408010
2026-01-08 14:46:00+05:30,61.05,62.75,60.85,62.75,142610,8408010
2026-01-08 14:47:00+05:30,62.95,63.35,60.0,60.25,221325,8401055
2026-01-08 14:48:00+05:30,60.6,60.6,58.7,59.75,212290,8401055
2026-01-08 14:49:00+05:30,60.1,61.5,59.35,60.05,123955,8401055
2026-01-08 14:50:00+05:30,60.2,60.8,58.85,60.1,169715,8422375
2026-01-08 14:51:00+05:30,60.5,60.6,58.3,59.85,151515,8422375
2026-01-08 14:52:00+05:30,60.1,60.2,56.55,57.3,246740,8422375
2026-01-08 14:53:00+05:30,57.6,57.6,56.1,56.9,240500,8462155
2026-01-08 14:54:00+05:30,56.75,57.0,55.3,56.35,234975,8462155
2026-01-08 14:55:00+05:30,56.25,57.4,55.6,56.85,187590,8462155
2026-01-08 14:56:00+05:30,56.75,56.75,54.3,55.85,259350,8515260
2026-01-08 14:57:00+05:30,55.75,55.85,53.6,54.3,234780,8515260
2026-01-08 14:58:00+05:30,54.5,55.75,54.4,55.05,161525,8515260
2026-01-08 14:59:00+05:30,55.95,56.85,54.4,55.2,254150,8456240
2026-01-08 15:00:00+05:30,56.75,57.0,49.75,49.85,810420,8456240
2026-01-08 15:01:00+05:30,49.75,51.7,47.65,49.9,744705,8456240
2026-01-08 15:02:00+05:30,50.4,50.4,47.5,47.8,503295,8333065
2026-01-08 15:03:00+05:30,47.55,47.55,43.85,45.2,703040,8333065
2026-01-08 15:04:00+05:30,45.5,45.5,42.0,42.7,588250,8333065
2026-01-08 15:05:00+05:30,42.85,43.2,41.05,42.85,807560,8200790
2026-01-08 15:06:00+05:30,42.8,43.35,42.25,43.3,358085,8200790
2026-01-08 15:07:00+05:30,43.6,43.85,42.7,43.85,597155,8200790
2026-01-08 15:08:00+05:30,43.8,45.55,43.5,44.5,557635,8278595
2026-01-08 15:09:00+05:30,44.75,44.75,43.6,44.25,366080,8278595
2026-01-08 15:10:00+05:30,44.25,46.25,44.25,45.95,481975,8278595
2026-01-08 15:11:00+05:30,45.7,45.7,44.9,45.4,350155,8190000
2026-01-08 15:12:00+05:30,45.4,45.75,44.9,45.75,195715,8190000
2026-01-08 15:13:00+05:30,45.6,45.65,44.95,45.35,226395,8190000
2026-01-08 15:14:00+05:30,45.65,45.65,44.6,44.85,315510,8118175
2026-01-08 15:15:00+05:30,45.1,45.15,44.3,44.7,843960,8118175
2026-01-08 15:16:00+05:30,44.6,44.95,43.2,43.35,538135,8118175
2026-01-08 15:17:00+05:30,43.4,43.4,42.05,42.2,418535,8086130
2026-01-08 15:18:00+05:30,42.15,42.65,41.65,42.35,385775,8086130
2026-01-08 15:19:00+05:30,42.4,42.7,41.95,42.0,315510,8086130
2026-01-08 15:20:00+05:30,42.4,43.55,42.2,43.35,486785,7882095
2026-01-08 15:21:00+05:30,43.15,43.4,42.6,42.95,316420,7882095
2026-01-08 15:22:00+05:30,43.25,43.25,42.5,42.8,329615,7882095
2026-01-08 15:23:00+05:30,42.95,43.05,42.1,42.1,294060,7776925
2026-01-08 15:24:00+05:30,42.2,42.4,41.4,41.45,504920,7776925
2026-01-08 15:25:00+05:30,41.6,42.15,41.3,41.95,499265,7776925
2026-01-08 15:26:00+05:30,41.95,41.95,40.1,40.35,409695,7360990
2026-01-08 15:27:00+05:30,40.54,40.75,39.15,39.5,355745,7360990
2026-01-08 15:28:00+05:30,39.6,39.75,38.7,39.2,477880,7360990
2026-01-08 15:29:00+05:30,39.2,39.2,37.35,37.9,530205,7169825
2026-01-09 09:15:00+05:30,41.0,45.9,35.25,42.85,2365805,7131345
2026-01-09 09:16:00+05:30,41.2,44.4,39.45,43.1,1680510,7520630
2026-01-09 09:17:00+05:30,43.1,49.3,43.1,48.35,1629160,7520630
2026-01-09 09:18:00+05:30,49.4,52.2,46.8,46.8,1668290,7520630
2026-01-09 09:19:00+05:30,46.75,49.9,46.6,49.3,1117025,8225165
2026-01-09 09:20:00+05:30,49.75,50.1,44.85,45.8,1364220,8225165
2026-01-09 09:21:00+05:30,45.5,46.75,39.4,39.7,1380470,8225165
2026-01-09 09:22:00+05:30,39.29,40.0,36.25,36.85,1443585,8675615
2026-01-09 09:23:00+05:30,36.95,39.2,36.54,36.9,801775,8675615
2026-01-09 09:24:00+05:30,36.95,36.95,34.35,34.9,1245920,8675615
2026-01-09 09:25:00+05:30,35.15,35.75,33.29,35.75,1036295,8836295
2026-01-09 09:26:00+05:30,36.15,38.2,34.7,38.2,735020,8836295
2026-01-09 09:27:00+05:30,38.95,39.04,35.85,35.85,758875,8836295
2026-01-09 09:28:00+05:30,35.54,36.45,33.15,33.9,741845,8837790
2026-01-09 09:29:00+05:30,33.9,35.0,32.75,32.85,686270,8837790
2026-01-09 09:30:00+05:30,32.7,36.7,32.15,36.7,933400,8837790
2026-01-09 09:31:00+05:30,37.54,40.75,35.9,35.9,1402440,9092720
2026-01-09 09:32:00+05:30,36.15,36.54,34.2,34.2,645190,9092720
2026-01-09 09:33:00+05:30,34.0,34.04,29.0,29.35,1169155,9092720
2026-01-09 09:34:00+05:30,29.7,32.4,28.95,32.15,991120,9097790
2026-01-09 09:35:00+05:30,32.29,33.54,31.2,32.6,513955,9097790
2026-01-09 09:36:00+05:30,32.25,35.45,32.25,32.79,543725,9097790
2026-01-09 09:37:00+05:30,33.2,35.04,31.6,32.6,440765,9100260
2026-01-09 09:38:00+05:30,32.25,32.6,30.25,30.55,343915,9100260
2026-01-09 09:39:00+05:30,31.0,31.55,29.75,31.55,431470,9100260
2026-01-09 09:40:00+05:30,31.65,31.7,29.6,29.7,456430,9290775
2026-01-09 09:41:00+05:30,29.75,31.8,29.7,31.3,379015,9290775
2026-01-09 09:42:00+05:30,31.25,32.6,30.2,30.9,323830,9290775
2026-01-09 09:43:00+05:30,31.0,33.75,31.0,33.35,686465,9331010
2026-01-09 09:44:00+05:30,33.75,43.2,33.75,43.2,1624350,9331010
2026-01-09 09:45:00+05:30,42.4,42.6,36.35,36.35,1570270,9331010
2026-01-09 09:46:00+05:30,36.35,41.7,35.85,39.54,944385,8862685
2026-01-09 09:47:00+05:30,38.45,44.6,38.45,44.6,1035320,8862685
2026-01-09 09:48:00+05:30,44.95,45.4,43.0,44.55,1461135,8862685
2026-01-09 09:49:00+05:30,44.7,46.7,42.1,42.8,1159600,8869835
2026-01-09 09:50:00+05:30,42.8,42.85,34.9,34.95,1316835,8869835
2026-01-09 09:51:00+05:30,35.75,40.29,35.7,40.29,731380,8869835
2026-01-09 09:52:00+05:30,40.25,41.35,38.15,38.85,590135,8828560
2026-01-09 09:53:00+05:30,38.95,39.7,35.35,35.85,556205,8828560
2026-01-09 09:54:00+05:30,36.9,42.1,36.9,42.1,659165,8828560
2026-01-09 09:55:00+05:30,42.3,45.0,42.05,43.4,863655,8916960
2026-01-09 09:56:00+05:30,43.8,44.8,40.9,44.4,578110,8916960
2026-01-09 09:57:00+05:30,44.65,46.1,42.5,44.1,755625,8916960
2026-01-09 09:58:00+05:30,44.2,47.2,43.6,43.6,783185,8914360
2026-01-09 09:59:00+05:30,44.05,45.0,42.8,44.65,455390,8914360
2026-01-09 10:00:00+05:30,44.1,46.5,42.95,42.95,879775,8914360
2026-01-09 10:01:00+05:30,43.3,43.85,42.0,42.55,698555,9000030
2026-01-09 10:02:00+05:30,43.25,43.25,40.4,41.9,736580,9000030
2026-01-09 10:03:00+05:30,40.65,40.65,36.5,37.4,1093430,9000030
2026-01-09 10:04:00+05:30,37.85,40.75,37.5,40.45,615355,8881925
2026-01-09 10:05:00+05:30,41.5,42.55,37.25,37.79,627250,8881925
2026-01-09 10:06:00+05:30,37.7,41.65,37.54,40.95,498940,8881925
2026-01-09 10:07:00+05:30,41.1,42.75,38.54,41.35,474825,8971495
2026-01-09 10:08:00+05:30,41.6,42.65,40.29,42.4,283140,8971495
2026-01-09 10:09:00+05:30,42.4,44.55,40.4,41.45,676520,8971495
2026-01-09 10:10:00+05:30,41.95,41.95,38.04,40.35,403585,8995025
2026-01-09 10:11:00+05:30,40.15,40.85,37.35,38.9,367835,8995025
2026-01-09 10:12:00+05:30,38.25,39.2,35.65,36.5,533650,8995025
2026-01-09 10:13:00+05:30,36.4,36.75,34.1,34.75,726375,9081735
2026-01-09 10:14:00+05:30,34.79,35.29,34.1,35.29,384670,9081735
2026-01-09 10:15:00+05:30,35.25,36.5,35.15,35.9,405470,9081735
2026-01-09 10:16:00+05:30,36.25,36.25,33.5,35.35,454480,9155315
2026-01-09 10:17:00+05:30,35.15,36.04,33.1,35.15,426790,9155315
2026-01-09 10:18:00+05:30,35.1,35.29,32.79,34.75,377130,9155315
2026-01-09 10:19:00+05:30,35.1,35.9,33.85,33.85,319605,9202700
2026-01-09 10:20:00+05:30,34.2,35.29,32.54,32.85,403260,9202700
2026-01-09 10:21:00+05:30,32.65,37.25,32.65,36.9,435110,9202700
2026-01-09 10:22:00+05:30,36.79,37.79,36.1,36.35,498095,9289735
2026-01-09 10:23:00+05:30,36.04,38.0,35.6,37.79,325260,9289735
2026-01-09 10:24:00+05:30,37.79,39.6,35.5,35.5,657150,9289735
2026-01-09 10:25:00+05:30,35.25,35.25,32.04,32.04,766090,9241960
2026-01-09 10:26:00+05:30,32.25,37.5,32.25,37.5,577785,9241960
2026-01-09 10:27:00+05:30,37.9,41.2,37.65,41.1,1070615,9241960
2026-01-09 10:28:00+05:30,41.35,44.2,41.25,41.75,973375,9161490
2026-01-09 10:29:00+05:30,41.65,41.65,39.6,40.15,607815,9161490
2026-01-09 10:30:00+05:30,40.1,40.85,36.6,38.25,581425,9161490
2026-01-09 10:31:00+05:30,38.29,39.65,37.85,39.65,347035,9109880
2026-01-09 10:32:00+05:30,39.35,40.65,35.95,36.25,502905,9109880
2026-01-09 10:33:00+05:30,36.29,37.6,33.79,34.04,495170,9109880
2026-01-09 10:34:00+05:30,33.79,34.29,31.8,31.95,646295,9109555
2026-01-09 10:35:00+05:30,31.95,34.0,31.95,33.65,528450,9109555
2026-01-09 10:36:00+05:30,33.5,34.0,30.2,30.55,798395,9109555
2026-01-09 10:37:00+05:30,31.1,32.95,30.7,32.95,498160,9226620
2026-01-09 10:38:00+05:30,32.9,33.35,30.8,32.15,505635,9226620
2026-01-09 10:39:00+05:30,32.0,32.9,31.7,32.9,257855,9226620
2026-01-09 10:40:00+05:30,33.15,33.25,31.9,31.9,277225,9333480
2026-01-09 10:41:00+05:30,32.0,32.5,31.15,31.6,218790,9333480
2026-01-09 10:42:00+05:30,31.75,32.4,31.2,32.2,181675,9333480
2026-01-09 10:43:00+05:30,32.1,32.85,31.55,31.85,214890,9398220
2026-01-09 10:44:00+05:30,32.15,33.45,31.95,32.35,368095,9398220
2026-01-09 10:45:00+05:30,32.4,32.95,31.7,32.29,278525,9398220
2026-01-09 10:46:00+05:30,32.25,33.35,32.0,33.1,321685,9390875
2026-01-09 10:47:00+05:30,33.0,34.7,32.95,34.6,420095,9390875
2026-01-09 10:48:00+05:30,34.5,34.7,31.6,32.6,466050,9390875
2026-01-09 10:49:00+05:30,32.35,33.45,31.25,31.25,248690,9430070
2026-01-09 10:50:00+05:30,31.9,33.4,31.85,32.04,213005,9430070
2026-01-09 10:51:00+05:30,31.95,32.2,30.5,30.85,377000,9430070
2026-01-09 10:52:00+05:30,30.95,30.95,28.2,28.65,695630,9450805
2026-01-09 10:53:00+05:30,29.2,29.85,27.55,28.2,689130,9450805
2026-01-09 10:54:00+05:30,28.05,28.45,27.05,27.95,546910,9450805
2026-01-09 10:55:00+05:30,28.25,28.7,27.6,28.1,366795,9452365
2026-01-09 10:56:00+05:30,27.85,28.25,27.6,28.15,232180,9452365
2026-01-09 10:57:00+05:30,27.6,28.4,24.6,24.65,851305,9452365
2026-01-09 10:58:00+05:30,24.65,24.7,23.75,24.4,923520,9549475
2026-01-09 10:59:00+05:30,24.4,26.15,24.4,25.95,640055,9549475
2026-01-09 11:00:00+05:30,25.8,25.8,24.6,24.6,414700,9549475
2026-01-09 11:01:00+05:30,24.55,25.75,24.5,24.75,337155,9568520
2026-01-09 11:02:00+05:30,24.6,24.85,24.15,24.25,386230,9568520
2026-01-09 11:03:00+05:30,24.2,24.95,24.1,24.7,278915,9568520
2026-01-09 11:04:00+05:30,24.75,24.85,23.7,23.95,340080,9591660
2026-01-09 11:05:00+05:30,24.25,24.6,23.65,23.75,314535,9591660
2026-01-09 11:06:00+05:30,23.5,24.55,22.8,24.2,475995,9591660
2026-01-09 11:07:00+05:30,24.35,24.9,23.65,23.8,348530,9648795
2026-01-09 11:08:00+05:30,23.8,23.95,23.1,23.45,293735,9648795
2026-01-09 11:09:00+05:30,23.4,24.3,23.4,24.2,178945,9648795
2026-01-09 11:10:00+05:30,24.3,25.5,24.3,24.75,406835,9646520
2026-01-09 11:11:00+05:30,24.7,24.85,23.95,24.05,276185,9646520
2026-01-09 11:12:00+05:30,24.05,24.55,23.4,23.65,245635,9646520
2026-01-09 11:13:00+05:30,23.7,23.95,23.1,23.1,196170,9673170
2026-01-09 11:14:00+05:30,23.1,23.1,21.75,21.8,715455,9673170
2026-01-09 11:15:00+05:30,21.9,23.25,21.4,23.0,580775,9673170
2026-01-09 11:16:00+05:30,23.15,23.15,21.6,21.7,310960,9685455
2026-01-09 11:17:00+05:30,21.7,22.45,20.8,22.45,616655,9685455
2026-01-09 11:18:00+05:30,22.2,22.5,21.45,21.75,325910,9685455
2026-01-09 11:19:00+05:30,21.7,22.05,21.25,21.85,171925,9605895
2026-01-09 11:20:00+05:30,21.55,21.8,21.3,21.5,277745,9605895
2026-01-09 11:21:00+05:30,21.25,21.6,20.7,20.95,347880,9605895
2026-01-09 11:22:00+05:30,20.9,21.8,20.9,21.65,215995,9603620
2026-01-09 11:23:00+05:30,22.0,22.0,21.3,21.5,266110,9603620
2026-01-09 11:24:00+05:30,21.45,21.5,20.1,20.5,292500,9603620
2026-01-09 11:25:00+05:30,20.8,21.9,20.8,21.85,472095,9758710
2026-01-09 11:26:00+05:30,22.0,22.6,21.5,22.15,374010,9758710
2026-01-09 11:27:00+05:30,22.25,22.6,21.65,21.65,262015,9758710
2026-01-09 11:28:00+05:30,21.45,22.95,21.45,22.55,303485,9771450
2026-01-09 11:29:00+05:30,22.55,22.65,22.1,22.55,201110,9771450
2026-01-09 11:30:00+05:30,22.35,23.2,22.3,22.65,284570,9771450
2026-01-09 11:31:00+05:30,22.75,23.6,22.55,23.3,312715,9724975
2026-01-09 11:32:00+05:30,22.95,23.5,22.55,22.55,346450,9724975
2026-01-09 11:33:00+05:30,22.55,22.85,21.5,21.85,285740,9724975
2026-01-09 11:34:00+05:30,22.05,22.1,20.1,20.1,372710,9729720
2026-01-09 11:35:00+05:30,19.85,19.85,18.0,18.3,1268735,9729720
2026-01-09 11:36:00+05:30,18.55,18.7,17.89,18.7,602745,9729720
2026-01-09 11:37:00+05:30,18.55,18.55,17.55,17.55,691145,9550190
2026-01-09 11:38:00+05:30,17.8,18.0,17.5,17.64,745290,9550190
2026-01-09 11:39:00+05:30,17.55,18.14,17.55,17.95,402285,9550190
2026-01-09 11:40:00+05:30,18.0,18.39,18.0,18.05,375440,9348170
2026-01-09 11:41:00+05:30,18.0,18.1,17.39,17.7,594620,9348170
2026-01-09 11:42:00+05:30,17.7,18.05,17.6,17.6,620425,9348170
2026-01-09 11:43:00+05:30,17.6,17.7,17.05,17.2,392015,9621040
2026-01-09 11:44:00+05:30,17.14,17.25,16.5,16.89,402155,9621040
2026-01-09 11:45:00+05:30,16.75,17.45,16.75,17.35,459810,9621040
2026-01-09 11:46:00+05:30,17.3,17.35,15.85,16.25,1022645,9659715
2026-01-09 11:47:00+05:30,16.2,16.2,15.5,16.14,1368120,9659715
2026-01-09 11:48:00+05:30,16.3,16.64,16.14,16.39,1014910,9659715
2026-01-09 11:49:00+05:30,16.39,16.5,16.1,16.2,276120,10664680
2026-01-09 11:50:00+05:30,16.05,16.5,16.05,16.3,317720,10664680
2026-01-09 11:51:00+05:30,16.3,16.45,16.1,16.14,277550,10664680
2026-01-09 11:52:00+05:30,16.1,16.2,15.8,15.9,370370,10781160
2026-01-09 11:53:00+05:30,15.8,16.14,15.6,16.14,340860,10781160
2026-01-09 11:54:00+05:30,16.1,16.39,16.0,16.2,235235,10781160
2026-01-09 11:55:00+05:30,16.2,16.5,16.2,16.35,283465,10800530
2026-01-09 11:56:00+05:30,16.35,16.35,15.9,16.05,187655,10800530
2026-01-09 11:57:00+05:30,16.0,16.3,15.9,15.95,137735,10800530
2026-01-09 11:58:00+05:30,16.0,16.1,15.85,15.95,140075,10823410
2026-01-09 11:59:00+05:30,16.05,16.1,15.75,16.0,153010,10823410
2026-01-09 12:00:00+05:30,15.95,16.25,15.85,16.0,238940,10823410
2026-01-09 12:01:00+05:30,15.95,16.05,15.6,16.0,191555,10899785
2026-01-09 12:02:00+05:30,16.0,16.25,15.95,16.14,173680,10899785
2026-01-09 12:03:00+05:30,16.1,16.39,16.1,16.25,261300,10899785
2026-01-09 12:04:00+05:30,16.2,16.39,16.14,16.14,452010,11133330
2026-01-09 12:05:00+05:30,16.14,16.3,15.95,16.3,272220,11133330
2026-01-09 12:06:00+05:30,16.25,16.35,16.05,16.35,153270,11133330
2026-01-09 12:07:00+05:30,16.3,16.55,16.2,16.2,195260,11243375
2026-01-09 12:08:00+05:30,16.3,16.5,16.14,16.35,144300,11243375
2026-01-09 12:09:00+05:30,16.3,16.45,15.85,16.05,191035,11243375
2026-01-09 12:10:00+05:30,16.0,16.1,15.6,15.65,178685,11274705
2026-01-09 12:11:00+05:30,15.6,16.0,15.1,15.9,309270,11274705
2026-01-09 12:12:00+05:30,15.85,16.3,15.75,15.9,144040,11274705
2026-01-09 12:13:00+05:30,15.9,16.1,15.65,15.9,110630,11275615
2026-01-09 12:14:00+05:30,15.9,16.0,14.7,15.25,352950,11275615
2026-01-09 12:15:00+05:30,15.3,15.7,15.3,15.4,157430,11275615
2026-01-09 12:16:00+05:30,15.6,16.55,15.45,16.45,310375,11254555
2026-01-09 12:17:00+05:30,16.39,16.5,15.65,15.75,167310,11254555
2026-01-09 12:18:00+05:30,15.8,15.85,15.0,15.35,542620,11254555
2026-01-09 12:19:00+05:30,15.4,15.5,15.1,15.3,128505,11127155
2026-01-09 12:20:00+05:30,15.3,15.4,14.9,14.9,185315,11127155
2026-01-09 12:21:00+05:30,14.95,15.55,14.95,15.25,235235,11127155
2026-01-09 12:22:00+05:30,15.3,15.7,14.85,15.0,202345,11110840
2026-01-09 12:23:00+05:30,14.95,15.2,14.7,15.2,204035,11110840
2026-01-09 12:24:00+05:30,15.25,15.25,14.45,14.55,206245,11110840
2026-01-09 12:25:00+05:30,14.6,15.1,14.6,15.05,193570,11110840
2026-01-09 12:26:00+05:30,15.05,15.05,14.55,14.55,566150,10987730
2026-01-09 12:27:00+05:30,14.75,14.8,14.4,14.5,271440,10987730
2026-01-09 12:28:00+05:30,14.45,14.65,14.2,14.55,318110,10987730
2026-01-09 12:29:00+05:30,14.4,14.4,13.45,13.7,571935,10779405
2026-01-09 12:30:00+05:30,13.85,14.15,13.85,14.1,336050,10779405
2026-01-09 12:31:00+05:30,14.15,14.3,13.95,14.15,239720,10779405
2026-01-09 12:32:00+05:30,14.05,14.35,14.05,14.35,202995,10578360
2026-01-09 12:33:00+05:30,14.4,14.5,13.95,14.05,446420,10578360
2026-01-09 12:34:00+05:30,13.95,14.0,13.55,13.95,458055,10578360
2026-01-09 12:35:00+05:30,13.85,13.9,13.65,13.7,422760,10647910
2026-01-09 12:36:00+05:30,13.65,13.65,13.1,13.3,900120,10647910
2026-01-09 12:37:00+05:30,13.4,13.4,12.75,12.75,860340,10647910
2026-01-09 12:38:00+05:30,12.75,13.15,12.65,13.15,688805,10721685
2026-01-09 12:39:00+05:30,13.1,13.15,12.9,12.9,556920,10721685
2026-01-09 12:40:00+05:30,12.95,13.0,12.7,12.75,340275,10721685
2026-01-09 12:41:00+05:30,12.85,12.85,12.2,12.55,560690,10801245
2026-01-09 12:42:00+05:30,12.6,12.8,12.5,12.6,309595,10801245
2026-01-09 12:43:00+05:30,12.55,12.85,12.55,12.75,272740,10801245
2026-01-09 12:44:00+05:30,12.75,12.75,12.45,12.6,241995,10668840
2026-01-09 12:45:00+05:30,12.6,12.7,12.3,12.55,415090,10668840
2026-01-09 12:46:00+05:30,12.55,12.7,12.4,12.4,475215,10668840
2026-01-09 12:47:00+05:30,12.4,12.5,12.3,12.5,178360,10618920
2026-01-09 12:48:00+05:30,12.45,12.6,12.3,12.4,206830,10618920
2026-01-09 12:49:00+05:30,12.4,12.4,11.8,12.1,513305,10618920
2026-01-09 12:50:00+05:30,12.15,12.4,12.0,12.4,306540,10524865
2026-01-09 12:51:00+05:30,12.4,12.65,12.4,12.45,336180,10524865
2026-01-09 12:52:00+05:30,12.45,13.05,12.35,12.95,282035,10524865
2026-01-09 12:53:00+05:30,12.9,12.9,12.55,12.7,398905,10258105
2026-01-09 12:54:00+05:30,12.7,12.7,12.2,12.2,268970,10258105
2026-01-09 12:55:00+05:30,12.25,12.5,12.2,12.35,310180,10258105
2026-01-09 12:56:00+05:30,12.3,12.45,12.25,12.3,283985,10281310
2026-01-09 12:57:00+05:30,12.3,12.3,12.05,12.2,439075,10281310
2026-01-09 12:58:00+05:30,12.25,12.5,12.2,12.35,442585,10281310
2026-01-09 12:59:00+05:30,12.35,12.45,12.35,12.4,259285,10166455
2026-01-09 13:00:00+05:30,12.5,12.65,12.4,12.6,407810,10166455
2026-01-09 13:01:00+05:30,12.65,12.65,12.4,12.55,285350,10166455
2026-01-09 13:02:00+05:30,12.5,12.75,12.5,12.6,298090,10035545
2026-01-09 13:03:00+05:30,12.6,12.7,12.45,12.6,211120,10035545
2026-01-09 13:04:00+05:30,12.55,12.75,12.4,12.5,201175,10035545
2026-01-09 13:05:00+05:30,12.5,12.7,12.4,12.55,427050,9964565
2026-01-09 13:06:00+05:30,12.55,12.6,12.45,12.6,108875,9964565
2026-01-09 13:07:00+05:30,12.6,12.8,12.45,12.8,113555,9964565
2026-01-09 13:08:00+05:30,12.8,12.95,12.7,12.8,533130,9836450
2026-01-09 13:09:00+05:30,12.95,12.95,12.6,12.65,272805,9836450
2026-01-09 13:10:00+05:30,12.6,13.0,12.6,12.9,212680,9836450
2026-01-09 13:11:00+05:30,12.95,13.1,12.9,13.05,142545,9682205
2026-01-09 13:12:00+05:30,13.0,13.0,12.75,12.8,196365,9682205
2026-01-09 13:13:00+05:30,12.8,13.1,12.8,13.1,137540,9682205
2026-01-09 13:14:00+05:30,13.15,13.4,12.95,12.95,693225,9594325
2026-01-09 13:15:00+05:30,12.95,13.3,12.8,13.25,260130,9594325
2026-01-09 13:16:00+05:30,12.95,13.2,12.95,12.95,204425,9594325
2026-01-09 13:17:00+05:30,13.0,13.15,12.65,12.7,166725,9478690
2026-01-09 13:18:00+05:30,12.75,13.1,12.65,13.1,186160,9478690
2026-01-09 13:19:00+05:30,13.1,13.65,13.1,13.6,334750,9478690
2026-01-09 13:20:00+05:30,13.7,13.75,13.25,13.25,312520,9394645
2026-01-09 13:21:00+05:30,13.2,13.3,13.1,13.15,180440,9394645
2026-01-09 13:22:00+05:30,13.2,13.95,13.2,13.85,365820,9394645
2026-01-09 13:23:00+05:30,13.75,13.85,13.0,13.0,326300,9379890
2026-01-09 13:24:00+05:30,13.15,13.35,12.9,12.9,191295,9379890
2026-01-09 13:25:00+05:30,13.0,13.05,12.65,12.8,199225,9379890
2026-01-09 13:26:00+05:30,12.8,13.1,12.6,13.0,214110,9419085
2026-01-09 13:27:00+05:30,13.1,13.25,13.0,13.15,133055,9419085
2026-01-09 13:28:00+05:30,13.05,13.4,12.9,13.4,149825,9419085
2026-01-09 13:29:00+05:30,13.45,13.5,12.95,13.3,219375,9388795
2026-01-09 13:30:00+05:30,13.3,13.65,13.0,13.0,197015,9388795
2026-01-09 13:31:00+05:30,13.05,13.1,12.7,12.7,276510,9388795
2026-01-09 13:32:00+05:30,12.7,12.95,12.25,12.4,342095,9295780
2026-01-09 13:33:00+05:30,12.45,12.55,12.25,12.45,762125,9295780
2026-01-09 13:34:00+05:30,12.5,12.6,12.2,12.5,171470,9295780
2026-01-09 13:35:00+05:30,12.65,13.4,12.65,13.1,316875,9524775
2026-01-09 13:36:00+05:30,13.1,13.7,12.75,13.7,369460,9524775
2026-01-09 13:37:00+05:30,13.5,14.2,13.45,14.15,452530,9524775
2026-01-09 13:38:00+05:30,14.2,14.7,13.85,13.85,451555,9610965
2026-01-09 13:39:00+05:30,13.85,14.05,13.65,13.7,1163695,9610965
2026-01-09 13:40:00+05:30,13.65,13.85,13.25,13.6,642785,9610965
2026-01-09 13:41:00+05:30,13.6,13.9,13.45,13.5,1908855,11025040
2026-01-09 13:42:00+05:30,13.55,13.7,13.0,13.1,854555,11025040
2026-01-09 13:43:00+05:30,13.15,13.2,12.55,12.6,447070,11025040
2026-01-09 13:44:00+05:30,12.75,12.75,12.3,12.55,238290,12041510
2026-01-09 13:45:00+05:30,12.5,12.75,12.35,12.45,215345,12041510
2026-01-09 13:46:00+05:30,12.45,12.5,12.1,12.15,235235,12041510
2026-01-09 13:47:00+05:30,12.1,12.15,11.75,11.85,340015,12122500
2026-01-09 13:48:00+05:30,11.8,11.9,11.5,11.6,415935,12122500
2026-01-09 13:49:00+05:30,11.65,12.05,11.65,12.0,252395,12122500
2026-01-09 13:50:00+05:30,12.0,12.25,11.95,12.0,361140,11985155
2026-01-09 13:51:00+05:30,12.0,12.0,11.75,11.95,501605,11985155
2026-01-09 13:52:00+05:30,12.0,12.05,11.9,12.0,217490,11985155
2026-01-09 13:53:00+05:30,12.0,12.15,11.75,12.0,215475,11933155
2026-01-09 13:54:00+05:30,12.0,12.15,11.9,12.0,102050,11933155
2026-01-09 13:55:00+05:30,12.0,12.05,11.55,11.65,279890,11933155
2026-01-09 13:56:00+05:30,11.75,12.2,11.7,12.2,483210,11855805
2026-01-09 13:57:00+05:30,12.2,12.3,12.1,12.2,344110,11855805
2026-01-09 13:58:00+05:30,12.3,12.4,12.15,12.25,209495,11855805
2026-01-09 13:59:00+05:30,12.25,12.45,12.25,12.35,137800,11764805
2026-01-09 14:00:00+05:30,12.4,12.6,12.35,12.5,228800,11764805
2026-01-09 14:01:00+05:30,12.5,12.55,12.3,12.4,120705,11764805
2026-01-09 14:02:00+05:30,12.35,12.5,12.35,12.45,83070,11823110
2026-01-09 14:03:00+05:30,12.4,12.45,11.9,12.1,201500,11823110
2026-01-09 14:04:00+05:30,12.1,12.45,12.1,12.25,91910,11823110
2026-01-09 14:05:00+05:30,12.25,12.4,12.15,12.35,131495,11771825
2026-01-09 14:06:00+05:30,12.3,12.45,12.1,12.2,78715,11771825
2026-01-09 14:07:00+05:30,12.1,12.2,12.0,12.05,204750,11771825
2026-01-09 14:08:00+05:30,12.05,12.25,11.85,12.15,83980,11728535
2026-01-09 14:09:00+05:30,12.3,12.55,12.2,12.2,147875,11728535
2026-01-09 14:10:00+05:30,12.2,12.2,11.95,12.0,99840,11728535
2026-01-09 14:11:00+05:30,12.0,12.15,11.8,11.9,121160,11700195
2026-01-09 14:12:00+05:30,11.95,12.15,11.75,11.9,149175,11700195
2026-01-09 14:13:00+05:30,11.85,11.85,11.25,11.35,233935,11700195
2026-01-09 14:14:00+05:30,11.35,11.45,11.15,11.35,269230,11739780
2026-01-09 14:15:00+05:30,11.4,11.75,11.4,11.5,166335,11739780
2026-01-09 14:16:00+05:30,11.6,11.65,11.4,11.6,307840,11739780
2026-01-09 14:17:00+05:30,11.6,11.65,11.3,11.3,127985,11728145
2026-01-09 14:18:00+05:30,11.3,11.3,10.7,11.0,438620,11728145
2026-01-09 14:19:00+05:30,10.95,11.2,10.75,11.2,370825,11728145
2026-01-09 14:20:00+05:30,11.3,11.35,11.05,11.2,270400,11710335
2026-01-09 14:21:00+05:30,11.2,11.25,10.9,10.95,196365,11710335
2026-01-09 14:22:00+05:30,11.0,11.1,10.75,10.75,211315,11710335
2026-01-09 14:23:00+05:30,10.8,11.05,10.75,10.85,286845,11733150
2026-01-09 14:24:00+05:30,10.9,11.2,10.9,11.1,107640,11733150
2026-01-09 14:25:00+05:30,11.05,11.65,11.05,11.5,168155,11733150
2026-01-09 14:26:00+05:30,11.5,11.6,11.15,11.2,70785,11695515
2026-01-09 14:27:00+05:30,11.3,11.4,11.05,11.05,81055,11695515
2026-01-09 14:28:00+05:30,11.05,11.05,10.85,10.85,110955,11695515
2026-01-09 14:29:00+05:30,10.85,11.0,10.65,10.8,153140,11687650
2026-01-09 14:30:00+05:30,10.8,11.0,10.8,10.85,219375,11687650
2026-01-09 14:31:00+05:30,10.85,11.0,10.7,10.8,225290,11687650
2026-01-09 14:32:00+05:30,10.9,10.9,10.7,10.9,121550,11656450
2026-01-09 14:33:00+05:30,10.95,10.95,10.7,10.85,176410,11656450
2026-01-09 14:34:00+05:30,10.8,11.15,10.75,11.15,173745,11656450
2026-01-09 14:35:00+05:30,11.15,11.6,11.1,11.15,194155,11671920
2026-01-09 14:36:00+05:30,11.1,11.1,10.8,10.85,278850,11671920
2026-01-09 14:37:00+05:30,11.0,11.3,10.95,11.05,149435,11671920
2026-01-09 14:38:00+05:30,11.15,11.35,11.05,11.25,216190,11611925
2026-01-09 14:39:00+05:30,11.25,11.25,10.95,10.95,151125,11611925
2026-01-09 14:40:00+05:30,10.95,10.95,10.6,10.9,195390,11611925
2026-01-09 14:41:00+05:30,10.9,10.95,10.15,10.19,448305,11603540
2026-01-09 14:42:00+05:30,10.19,10.19,9.94,10.19,642980,11603540
2026-01-09 14:43:00+05:30,10.19,10.8,10.19,10.55,422045,11603540
2026-01-09 14:44:00+05:30,10.85,11.2,10.85,11.15,608400,11521380
2026-01-09 14:45:00+05:30,11.2,11.7,11.2,11.7,602810,11521380
2026-01-09 14:46:00+05:30,11.75,11.8,11.05,11.35,407355,11521380
2026-01-09 14:47:00+05:30,11.25,11.7,11.25,11.7,275665,11561745
2026-01-09 14:48:00+05:30,11.7,11.7,11.35,11.6,225290,11561745
2026-01-09 14:49:00+05:30,11.65,11.65,11.4,11.65,202475,11561745
2026-01-09 14:50:00+05:30,11.7,11.7,11.2,11.4,179465,11599575
2026-01-09 14:51:00+05:30,11.3,11.5,11.2,11.2,264550,11599575
2026-01-09 14:52:00+05:30,11.25,11.55,11.25,11.4,187200,11599575
2026-01-09 14:53:00+05:30,11.45,11.85,11.45,11.55,223860,11579750
2026-01-09 14:54:00+05:30,11.5,11.7,11.45,11.7,191685,11579750
2026-01-09 14:55:00+05:30,11.75,12.1,11.7,11.8,257075,11579750
2026-01-09 14:56:00+05:30,11.85,12.4,11.7,12.35,239785,11568960
2026-01-09 14:57:00+05:30,12.2,12.45,11.9,12.4,338260,11568960
2026-01-09 14:58:00+05:30,12.45,12.5,11.85,12.1,319150,11568960
2026-01-09 14:59:00+05:30,12.15,12.2,11.95,12.1,170495,11556805
2026-01-09 15:00:00+05:30,12.3,12.3,11.65,12.05,818090,11556805
2026-01-09 15:01:00+05:30,11.9,12.3,11.75,12.3,354510,11556805
2026-01-09 15:02:00+05:30,12.45,12.95,12.45,12.9,415480,11538670
2026-01-09 15:03:00+05:30,12.9,13.85,12.75,13.1,643760,11538670
2026-01-09 15:04:00+05:30,13.15,13.4,13.05,13.3,379990,11538670
2026-01-09 15:05:00+05:30,13.4,13.5,12.85,12.95,559455,11406590
2026-01-09 15:06:00+05:30,12.9,13.8,12.7,13.6,473070,11406590
2026-01-09 15:07:00+05:30,13.65,14.7,13.3,14.7,522080,11406590
2026-01-09 15:08:00+05:30,14.8,14.8,13.85,14.05,490490,11326445
2026-01-09 15:09:00+05:30,14.05,14.25,13.6,14.25,407420,11326445
2026-01-09 15:10:00+05:30,14.25,14.6,14.05,14.3,364845,11326445
2026-01-09 15:11:00+05:30,14.35,14.95,14.05,14.85,380315,11297715
2026-01-09 15:12:00+05:30,14.8,16.39,14.65,15.6,653770,11297715
2026-01-09 15:13:00+05:30,15.85,15.85,14.75,15.15,431275,11297715
2026-01-09 15:14:00+05:30,15.3,15.75,15.1,15.7,314340,11119160
2026-01-09 15:15:00+05:30,15.75,16.1,15.2,16.1,492375,11119160
2026-01-09 15:16:00+05:30,16.1,16.14,15.45,16.0,397345,11119160
2026-01-09 15:17:00+05:30,16.0,16.35,15.5,16.25,329745,11123450
2026-01-09 15:18:00+05:30,16.39,16.39,15.95,16.25,261235,11123450
2026-01-09 15:19:00+05:30,16.25,16.3,15.95,16.25,282880,11123450
2026-01-09 15:20:00+05:30,16.45,17.75,16.39,17.5,824785,10956790
2026-01-09 15:21:00+05:30,17.55,18.55,17.55,18.25,592020,10956790
2026-01-09 15:22:00+05:30,18.1,18.85,17.6,18.55,443105,10956790
2026-01-09 15:23:00+05:30,18.64,18.64,18.14,18.55,356915,10814570
2026-01-09 15:24:00+05:30,18.64,18.8,18.39,18.8,453505,10814570
2026-01-09 15:25:00+05:30,18.95,19.7,18.95,19.7,484250,10814570
2026-01-09 15:26:00+05:30,19.64,19.89,19.35,19.64,443365,10619115
2026-01-09 15:27:00+05:30,19.64,20.5,19.55,20.39,480350,10619115
2026-01-09 15:28:00+05:30,20.55,22.45,20.55,22.1,635765,10619115
2026-01-09 15:29:00+05:30,22.4,22.5,19.89,20.0,824005,10440235
2026-01-12 09:15:00+05:30,12.0,12.0,6.2,6.3,2277405,10026835
2026-01-12 09:16:00+05:30,6.4,6.7,6.0,6.4,2738385,10132460
2026-01-12 09:17:00+05:30,6.5,6.8,6.3,6.3,1634035,10132460
2026-01-12 09:18:00+05:30,6.25,6.85,6.25,6.6,1148680,10132460
2026-01-12 09:19:00+05:30,6.7,6.75,6.2,6.25,1090180,10267335
2026-01-12 09:20:00+05:30,6.2,6.25,5.8,5.85,963755,10267335
2026-01-12 09:21:00+05:30,5.8,5.9,5.7,5.75,763360,10267335
2026-01-12 09:22:00+05:30,5.75,5.8,5.6,5.75,1163175,10243090
2026-01-12 09:23:00+05:30,5.75,5.9,5.55,5.7,665470,10243090
2026-01-12 09:24:00+05:30,5.6,5.7,5.45,5.55,649090,10243090
2026-01-12 09:25:00+05:30,5.55,5.7,5.4,5.45,831870,10454860
2026-01-12 09:26:00+05:30,5.5,5.55,5.4,5.45,479505,10454860
2026-01-12 09:27:00+05:30,5.4,5.45,5.2,5.3,706550,10454860
2026-01-12 09:28:00+05:30,5.25,5.35,5.2,5.2,753740,10394475
2026-01-12 09:29:00+05:30,5.25,5.3,5.2,5.3,685035,10394475
2026-01-12 09:30:00+05:30,5.35,5.5,5.3,5.45,591175,10394475
2026-01-12 09:31:00+05:30,5.45,5.75,5.45,5.65,704405,10298210
2026-01-12 09:32:00+05:30,5.6,5.75,5.55,5.6,397215,10298210
2026-01-12 09:33:00+05:30,5.55,5.75,5.55,5.75,329680,10298210
2026-01-12 09:34:00+05:30,5.75,5.9,5.75,5.8,569140,10254010
2026-01-12 09:35:00+05:30,5.8,5.85,5.7,5.85,427310,10254010
2026-01-12 09:36:00+05:30,5.85,5.85,5.65,5.75,242840,10254010
2026-01-12 09:37:00+05:30,5.75,5.85,5.7,5.7,315900,10247250
2026-01-12 09:38:00+05:30,5.65,5.95,5.6,5.75,559130,10247250
2026-01-12 09:39:00+05:30,5.7,5.8,5.6,5.6,405015,10247250
2026-01-12 09:40:00+05:30,5.6,5.65,5.55,5.55,315705,10258625
2026-01-12 09:41:00+05:30,5.55,5.6,5.3,5.45,513175,10258625
2026-01-12 09:42:00+05:30,5.45,5.45,5.25,5.3,463970,10258625
2026-01-12 09:43:00+05:30,5.2,5.2,4.95,5.05,549575,10187970
2026-01-12 09:44:00+05:30,5.0,5.15,5.0,5.09,321685,10187970
2026-01-12 09:45:00+05:30,5.09,5.15,4.95,4.95,283400,10187970
2026-01-12 09:46:00+05:30,4.95,5.05,4.84,4.9,288925,10194795
2026-01-12 09:47:00+05:30,4.9,4.95,4.8,4.84,201435,10194795
2026-01-12 09:48:00+05:30,4.84,5.2,4.84,5.2,309465,10194795
2026-01-12 09:49:00+05:30,5.25,5.55,5.2,5.55,411125,10186930
2026-01-12 09:50:00+05:30,5.55,5.75,5.25,5.25,596375,10186930
2026-01-12 09:51:00+05:30,5.35,5.5,5.25,5.45,326950,10186930
2026-01-12 09:52:00+05:30,5.45,5.5,5.05,5.05,360880,10177375
2026-01-12 09:53:00+05:30,5.0,5.3,5.0,5.3,337935,10177375
2026-01-12 09:54:00+05:30,5.35,5.45,5.25,5.3,244595,10177375
2026-01-12 09:55:00+05:30,5.35,5.55,5.25,5.25,386815,10201685
2026-01-12 09:56:00+05:30,5.3,5.35,5.09,5.15,249015,10201685
2026-01-12 09:57:00+05:30,5.09,5.09,4.95,5.0,250510,10201685
2026-01-12 09:58:00+05:30,4.95,5.05,4.9,5.0,249990,10168405
2026-01-12 09:59:00+05:30,5.0,5.15,4.9,4.95,180570,10168405
2026-01-12 10:00:00+05:30,4.95,5.09,4.9,4.95,257530,10168405
2026-01-12 10:01:00+05:30,4.95,5.0,4.84,4.95,159510,10149230
2026-01-12 10:02:00+05:30,5.0,5.05,4.84,4.95,194740,10149230
2026-01-12 10:03:00+05:30,5.0,5.0,4.8,4.84,213135,10149230
2026-01-12 10:04:00+05:30,4.9,5.09,4.9,5.09,273520,10089040
2026-01-12 10:05:00+05:30,5.05,5.3,5.05,5.15,388050,10089040
2026-01-12 10:06:00+05:30,5.15,5.15,4.84,4.9,202995,10089040
2026-01-12 10:07:00+05:30,4.9,5.05,4.84,5.0,194480,10121150
2026-01-12 10:08:00+05:30,5.0,5.15,4.95,5.05,151775,10121150
2026-01-12 10:09:00+05:30,5.09,5.09,4.9,4.95,236080,10121150
2026-01-12 10:10:00+05:30,4.95,4.95,4.7,4.8,260195,10056215
2026-01-12 10:11:00+05:30,4.8,4.95,4.8,4.9,206375,10056215
2026-01-12 10:12:00+05:30,4.9,5.0,4.7,4.7,179920,10056215
2026-01-12 10:13:00+05:30,4.8,4.8,4.7,4.75,125515,9970025
2026-01-12 10:14:00+05:30,4.75,4.75,4.59,4.65,126685,9970025
2026-01-12 10:15:00+05:30,4.7,4.75,4.59,4.59,170365,9970025
2026-01-12 10:16:00+05:30,4.59,4.59,4.4,4.5,218920,10029760
2026-01-12 10:17:00+05:30,4.5,4.59,4.5,4.55,260455,10029760
2026-01-12 10:18:00+05:30,4.5,4.59,4.5,4.55,237380,10029760
2026-01-12 10:19:00+05:30,4.55,4.65,4.5,4.55,272675,9940840
2026-01-12 10:20:00+05:30,4.55,4.55,4.45,4.45,89180,9940840
2026-01-12 10:21:00+05:30,4.5,4.5,4.4,4.45,236340,9940840
2026-01-12 10:22:00+05:30,4.4,4.59,4.4,4.5,318175,9916140
2026-01-12 10:23:00+05:30,4.45,4.59,4.4,4.59,195650,9916140
2026-01-12 10:24:00+05:30,4.59,4.7,4.5,4.7,146575,9916140
2026-01-12 10:25:00+05:30,4.7,4.75,4.5,4.55,167960,9931415
2026-01-12 10:26:00+05:30,4.5,4.7,4.45,4.7,111150,9931415
2026-01-12 10:27:00+05:30,4.7,4.95,4.7,4.84,452985,9931415
2026-01-12 10:28:00+05:30,4.84,4.9,4.75,4.8,229645,9977630
2026-01-12 10:29:00+05:30,4.8,4.95,4.7,4.7,255385,9977630
2026-01-12 10:30:00+05:30,4.7,4.75,4.5,4.5,417690,9977630
2026-01-12 10:31:00+05:30,4.55,4.59,4.4,4.5,279565,9816430
2026-01-12 10:32:00+05:30,4.5,4.55,4.34,4.45,232505,9816430
2026-01-12 10:33:00+05:30,4.4,4.5,4.3,4.45,251940,9816430
2026-01-12 10:34:00+05:30,4.5,4.5,4.34,4.34,135395,9876165
2026-01-12 10:35:00+05:30,4.4,4.45,4.3,4.34,265330,9876165
2026-01-12 10:36:00+05:30,4.34,4.4,4.3,4.3,208195,9876165
2026-01-12 10:37:00+05:30,4.34,4.34,4.25,4.3,134745,9850360
2026-01-12 10:38:00+05:30,4.3,4.34,4.2,4.25,125840,9850360
2026-01-12 10:39:00+05:30,4.25,4.3,4.2,4.25,410540,9850360
2026-01-12 10:40:00+05:30,4.25,4.34,4.15,4.3,258180,9820525
2026-01-12 10:41:00+05:30,4.3,4.3,4.15,4.2,203060,9820525
2026-01-12 10:42:00+05:30,4.2,4.2,4.05,4.05,368940,9820525
2026-01-12 10:43:00+05:30,4.09,4.15,4.05,4.05,266500,9613110
2026-01-12 10:44:00+05:30,4.05,4.09,4.0,4.05,84045,9613110
2026-01-12 10:45:00+05:30,4.0,4.05,4.0,4.0,121420,9613110
2026-01-12 10:46:00+05:30,4.05,4.05,3.9,4.0,303875,9555325
2026-01-12 10:47:00+05:30,3.95,4.0,3.95,4.0,169520,9555325
2026-01-12 10:48:00+05:30,4.0,4.15,3.95,4.09,371215,9555325
2026-01-12 10:49:00+05:30,4.05,4.15,4.05,4.15,297050,9453795
2026-01-12 10:50:00+05:30,4.15,4.3,4.15,4.25,262340,9453795
2026-01-12 10:51:00+05:30,4.25,4.25,4.09,4.2,214760,9453795
2026-01-12 10:52:00+05:30,4.2,4.2,4.0,4.09,187655,9413690
2026-01-12 10:53:00+05:30,4.05,4.09,4.0,4.05,123955,9413690
2026-01-12 10:54:00+05:30,4.05,4.09,3.95,4.0,185965,9413690
2026-01-12 10:55:00+05:30,4.05,4.05,3.95,3.95,102765,9416420
2026-01-12 10:56:00+05:30,4.0,4.0,3.9,4.0,162500,9416420
2026-01-12 10:57:00+05:30,4.0,4.0,3.9,3.95,136955,9416420
2026-01-12 10:58:00+05:30,3.95,3.95,3.9,3.9,75205,9443720
2026-01-12 10:59:00+05:30,3.95,3.95,3.9,3.95,116870,9443720
2026-01-12 11:00:00+05:30,3.95,4.0,3.95,4.0,105235,9443720
2026-01-12 11:01:00+05:30,3.95,4.05,3.95,4.05,198835,9394840
2026-01-12 11:02:00+05:30,4.05,4.09,4.05,4.09,298480,9394840
2026-01-12 11:03:00+05:30,4.09,4.09,4.0,4.05,261755,9394840
2026-01-12 11:04:00+05:30,4.05,4.09,4.05,4.05,157820,9273355
2026-01-12 11:05:00+05:30,4.09,4.15,4.05,4.05,148200,9273355
2026-01-12 11:06:00+05:30,4.09,4.15,4.09,4.15,128960,9273355
2026-01-12 11:07:00+05:30,4.15,4.15,4.09,4.09,60905,9270040
2026-01-12 11:08:00+05:30,4.09,4.15,4.09,4.09,65845,9270040
2026-01-12 11:09:00+05:30,4.15,4.15,4.05,4.09,85085,9270040
2026-01-12 11:10:00+05:30,4.09,4.09,4.05,4.09,72150,9259250
2026-01-12 11:11:00+05:30,4.09,4.15,4.0,4.05,371280,9259250
2026-01-12 11:12:00+05:30,4.05,4.05,3.9,3.95,290875,9259250
2026-01-12 11:13:00+05:30,3.95,3.95,3.85,3.9,160615,8977085
2026-01-12 11:14:00+05:30,3.9,3.9,3.8,3.9,400725,8977085
2026-01-12 11:15:00+05:30,3.9,3.95,3.85,3.85,292240,8977085
2026-01-12 11:16:00+05:30,3.9,3.9,3.8,3.85,152555,8812180
2026-01-12 11:17:00+05:30,3.9,3.9,3.85,3.9,122915,8812180
2026-01-12 11:18:00+05:30,3.9,3.9,3.8,3.9,155805,8812180
2026-01-12 11:19:00+05:30,3.9,3.95,3.85,3.95,74425,8816210
2026-01-12 11:20:00+05:30,3.95,4.0,3.9,4.0,147615,8816210
2026-01-12 11:21:00+05:30,3.95,4.0,3.95,3.95,127205,8816210
2026-01-12 11:22:00+05:30,3.95,4.15,3.95,4.15,256750,8720920
2026-01-12 11:23:00+05:30,4.09,4.25,4.09,4.25,149240,8720920
2026-01-12 11:24:00+05:30,4.2,4.25,4.15,4.15,152490,8720920
2026-01-12 11:25:00+05:30,4.2,4.25,4.15,4.2,120900,8640515
2026-01-12 11:26:00+05:30,4.2,4.34,4.2,4.3,231010,8640515
2026-01-12 11:27:00+05:30,4.3,4.34,4.25,4.3,170690,8640515
2026-01-12 11:28:00+05:30,4.3,4.4,4.3,4.34,123890,8643440
2026-01-12 11:29:00+05:30,4.34,4.34,4.3,4.34,219375,8643440
2026-01-12 11:30:00+05:30,4.3,4.34,4.3,4.3,279370,8643440
2026-01-12 11:31:00+05:30,4.3,4.34,4.2,4.2,214045,8615555
2026-01-12 11:32:00+05:30,4.25,4.3,4.15,4.25,325455,8615555
2026-01-12 11:33:00+05:30,4.3,4.3,4.2,4.2,342940,8615555
2026-01-12 11:34:00+05:30,4.2,4.3,4.2,4.3,371020,8621080
2026-01-12 11:35:00+05:30,4.25,4.34,4.25,4.3,249275,8621080
2026-01-12 11:36:00+05:30,4.3,4.3,4.2,4.25,253240,8621080
2026-01-12 11:37:00+05:30,4.25,4.25,4.15,4.15,222560,8538465
2026-01-12 11:38:00+05:30,4.2,4.25,4.15,4.2,158145,8538465
2026-01-12 11:39:00+05:30,4.25,4.25,4.15,4.2,208520,8538465
2026-01-12 11:40:00+05:30,4.2,4.25,4.15,4.2,166595,8661185
2026-01-12 11:41:00+05:30,4.2,4.3,4.2,4.3,128505,8661185
2026-01-12 11:42:00+05:30,4.25,4.3,4.25,4.25,184665,8661185
2026-01-12 11:43:00+05:30,4.25,4.3,4.2,4.2,134420,8706685
2026-01-12 11:44:00+05:30,4.2,4.3,4.2,4.3,124215,8706685
2026-01-12 11:45:00+05:30,4.3,4.3,4.25,4.3,70655,8706685
2026-01-12 11:46:00+05:30,4.3,4.34,4.2,4.2,129740,8704085
2026-01-12 11:47:00+05:30,4.25,4.25,4.09,4.09,118625,8704085
2026-01-12 11:48:00+05:30,4.09,4.09,3.95,4.0,368550,8704085
2026-01-12 11:49:00+05:30,4.0,4.05,4.0,4.0,49010,8612825
2026-01-12 11:50:00+05:30,4.0,4.05,4.0,4.0,81705,8612825
2026-01-12 11:51:00+05:30,4.05,4.09,4.0,4.05,91910,8612825
2026-01-12 11:52:00+05:30,4.09,4.09,4.05,4.09,66105,8603270
2026-01-12 11:53:00+05:30,4.09,4.15,4.05,4.09,98345,8603270
2026-01-12 11:54:00+05:30,4.15,4.15,4.0,4.05,136370,8603270
2026-01-12 11:55:00+05:30,4.0,4.05,3.95,3.95,32500,8396440
2026-01-12 11:56:00+05:30,3.95,4.05,3.95,4.0,259025,8396440
2026-01-12 11:57:00+05:30,4.0,4.05,3.95,4.05,67990,8396440
2026-01-12 11:58:00+05:30,4.05,4.05,3.95,4.0,60645,8404955
2026-01-12 11:59:00+05:30,4.0,4.0,3.95,4.0,80795,8404955
2026-01-12 12:00:00+05:30,4.0,4.05,3.95,4.05,84435,8404955
2026-01-12 12:01:00+05:30,4.0,4.09,4.0,4.09,65390,8384220
2026-01-12 12:02:00+05:30,4.09,4.09,4.0,4.0,94965,8384220
2026-01-12 12:03:00+05:30,4.0,4.09,4.0,4.09,119600,8384220
2026-01-12 12:04:00+05:30,4.09,4.09,4.05,4.09,58240,8379345
2026-01-12 12:05:00+05:30,4.05,4.09,4.05,4.05,28990,8379345
2026-01-12 12:06:00+05:30,4.09,4.09,4.0,4.05,131885,8379345
2026-01-12 12:07:00+05:30,4.05,4.05,4.0,4.05,151840,8407750
2026-01-12 12:08:00+05:30,4.0,4.05,3.9,3.95,185575,8407750
2026-01-12 12:09:00+05:30,3.95,4.0,3.9,3.95,116805,8407750
2026-01-12 12:10:00+05:30,3.95,4.0,3.9,4.0,53365,8407750
2026-01-12 12:11:00+05:30,3.95,4.0,3.85,3.85,177515,8396440
2026-01-12 12:12:00+05:30,3.85,3.9,3.8,3.8,81120,8396440
2026-01-12 12:13:00+05:30,3.8,3.9,3.75,3.85,250835,8396440
2026-01-12 12:14:00+05:30,3.8,4.59,3.8,4.59,1310790,8284315
2026-01-12 12:15:00+05:30,4.59,4.9,4.4,4.4,1637740,8284315
2026-01-12 12:16:00+05:30,4.25,4.5,4.2,4.45,1356680,8284315
2026-01-12 12:17:00+05:30,4.4,4.8,4.34,4.7,2463955,7808125
2026-01-12 12:18:00+05:30,4.59,5.15,4.55,4.59,1705665,7808125
2026-01-12 12:19:00+05:30,4.65,4.75,4.34,4.55,1433120,7808125
2026-01-12 12:20:00+05:30,4.55,5.35,4.55,5.05,1579110,7130240
2026-01-12 12:21:00+05:30,5.05,7.7,4.7,7.45,3504085,7130240
2026-01-12 12:22:00+05:30,7.2,8.55,6.75,7.1,2848820,7130240
2026-01-12 12:23:00+05:30,7.0,7.55,6.8,7.0,2233205,7014670
2026-01-12 12:24:00+05:30,6.9,7.55,6.7,7.2,1133340,7014670
2026-01-12 12:25:00+05:30,7.05,7.85,6.35,7.65,1306435,7014670
2026-01-12 12:26:00+05:30,7.5,8.19,7.05,7.95,1730820,6658535
2026-01-12 12:27:00+05:30,7.85,9.35,7.75,8.94,1704040,6658535
2026-01-12 12:28:00+05:30,9.15,9.15,6.95,6.95,1733290,6658535
2026-01-12 12:29:00+05:30,6.8,7.6,6.35,7.6,1306110,6279325
2026-01-12 12:30:00+05:30,7.4,9.0,7.4,9.0,1144260,6279325
2026-01-12 12:31:00+05:30,9.0,9.25,8.19,8.35,1003210,6279325
2026-01-12 12:32:00+05:30,8.35,11.3,8.35,10.0,2518815,6276985
2026-01-12 12:33:00+05:30,9.9,10.95,9.4,10.8,1748370,6276985
2026-01-12 12:34:00+05:30,10.4,10.65,9.6,10.45,1032785,6276985
2026-01-12 12:35:00+05:30,10.19,10.25,8.9,9.75,1144000,6105385
2026-01-12 12:36:00+05:30,9.69,10.8,9.5,10.8,1464905,6105385
2026-01-12 12:37:00+05:30,10.19,10.75,9.55,9.55,1081600,6105385
2026-01-12 12:38:00+05:30,9.44,9.69,8.3,8.75,1175135,6289920
2026-01-12 12:39:00+05:30,8.55,8.65,7.95,8.25,1264900,6289920
2026-01-12 12:40:00+05:30,8.19,9.0,8.05,8.25,654745,6289920
2026-01-12 12:41:00+05:30,8.19,10.1,8.1,9.55,1321775,6255990
2026-01-12 12:42:00+05:30,9.65,13.95,9.35,13.95,2530710,6255990
2026-01-12 12:43:00+05:30,13.9,14.55,12.6,13.3,2469805,6255990
2026-01-12 12:44:00+05:30,13.2,13.35,11.8,13.25,1298115,6421935
2026-01-12 12:45:00+05:30,13.5,15.95,13.5,14.2,2160210,6421935
2026-01-12 12:46:00+05:30,14.3,14.3,12.25,12.25,934700,6421935
2026-01-12 12:47:00+05:30,12.4,13.65,12.05,13.0,836030,6443905
2026-01-12 12:48:00+05:30,13.0,13.5,11.65,13.1,782600,6443905
2026-01-12 12:49:00+05:30,12.95,13.25,11.85,11.95,605800,6443905
2026-01-12 12:50:00+05:30,12.3,13.6,12.25,13.3,499655,6635850
2026-01-12 12:51:00+05:30,13.25,13.5,12.1,12.1,470210,6635850
2026-01-12 12:52:00+05:30,12.0,13.65,12.0,12.75,795665,6635850
2026-01-12 12:53:00+05:30,12.65,12.95,12.05,12.3,445835,6652230
2026-01-12 12:54:00+05:30,12.5,13.25,12.15,13.1,411710,6652230
2026-01-12 12:55:00+05:30,13.2,13.25,11.2,11.45,625495,6652230
2026-01-12 12:56:00+05:30,11.45,12.0,10.95,11.75,637325,6781255
2026-01-12 12:57:00+05:30,11.9,12.0,10.85,11.45,772915,6781255
2026-01-12 12:58:00+05:30,11.15,12.3,10.9,10.9,746525,6781255
2026-01-12 12:59:00+05:30,11.3,11.3,9.4,9.55,1064245,6833580
2026-01-12 13:00:00+05:30,9.5,9.75,8.5,8.5,1372150,6833580
2026-01-12 13:01:00+05:30,8.5,9.15,8.19,8.5,904800,6833580
2026-01-12 13:02:00+05:30,8.55,8.55,7.45,7.45,1045785,6776770
2026-01-12 13:03:00+05:30,7.35,8.94,7.25,8.8,1433770,6776770
2026-01-12 13:04:00+05:30,8.69,9.85,8.44,9.85,825370,6776770
2026-01-12 13:05:00+05:30,9.94,10.6,9.4,9.65,1042210,6738030
2026-01-12 13:06:00+05:30,10.0,10.55,9.69,9.75,836680,6738030
2026-01-12 13:07:00+05:30,9.75,10.0,9.15,9.3,603785,6738030
2026-01-12 13:08:00+05:30,9.25,10.0,8.75,9.94,568295,6758960
2026-01-12 13:09:00+05:30,9.8,10.9,9.75,10.45,953485,6758960
2026-01-12 13:10:00+05:30,10.5,10.85,9.85,10.1,696280,6758960
2026-01-12 13:11:00+05:30,10.1,11.05,9.85,10.6,482235,6875895
2026-01-12 13:12:00+05:30,10.85,11.85,10.65,10.7,1066520,6875895
2026-01-12 13:13:00+05:30,10.45,10.85,9.9,10.0,614770,6875895
2026-01-12 13:14:00+05:30,9.94,10.6,9.3,10.6,561600,7115095
2026-01-12 13:15:00+05:30,10.65,11.35,10.65,11.15,676260,7115095
2026-01-12 13:16:00+05:30,11.1,11.8,11.0,11.4,520455,7115095
2026-01-12 13:17:00+05:30,11.4,11.6,10.05,10.19,491400,7136675
2026-01-12 13:18:00+05:30,10.19,10.3,9.5,9.85,330135,7136675
2026-01-12 13:19:00+05:30,10.0,10.0,8.94,8.94,443755,7136675
2026-01-12 13:20:00+05:30,9.1,9.4,8.3,8.75,623025,7140640
2026-01-12 13:21:00+05:30,8.75,9.1,8.6,8.75,440570,7140640
2026-01-12 13:22:00+05:30,8.85,8.85,8.4,8.55,277940,7140640
2026-01-12 13:23:00+05:30,8.69,8.8,8.1,8.65,389480,7192445
2026-01-12 13:24:00+05:30,8.75,8.75,8.25,8.6,427115,7192445
2026-01-12 13:25:00+05:30,7.85,8.19,7.1,8.1,1050790,7192445
2026-01-12 13:26:00+05:30,7.85,8.1,7.35,7.55,548925,7011875
2026-01-12 13:27:00+05:30,7.7,8.05,6.6,6.75,975975,7011875
2026-01-12 13:28:00+05:30,6.95,7.35,6.65,6.85,471185,7011875
2026-01-12 13:29:00+05:30,6.95,7.1,6.4,6.5,651495,7080190
2026-01-12 13:30:00+05:30,6.45,8.19,6.45,8.1,975585,7080190
2026-01-12 13:31:00+05:30,8.25,9.25,8.25,9.25,1062425,7080190
2026-01-12 13:32:00+05:30,9.3,11.05,9.3,10.55,1139710,6978010
2026-01-12 13:33:00+05:30,10.65,11.45,10.4,11.4,1310595,6978010
2026-01-12 13:34:00+05:30,11.4,12.3,11.35,11.85,1113580,6978010
2026-01-12 13:35:00+05:30,11.8,12.2,11.5,11.65,991965,6953700
2026-01-12 13:36:00+05:30,11.55,12.4,11.55,11.75,961545,6953700
2026-01-12 13:37:00+05:30,11.8,12.3,10.0,10.35,1266005,6953700
2026-01-12 13:38:00+05:30,10.4,10.45,8.94,8.94,1070160,7117045
2026-01-12 13:39:00+05:30,9.1,10.19,9.05,9.94,807300,7117045
2026-01-12 13:40:00+05:30,9.9,10.9,9.9,10.0,690820,7117045
2026-01-12 13:41:00+05:30,9.94,10.8,9.94,10.65,558870,7110220
2026-01-12 13:42:00+05:30,10.6,10.6,9.6,10.0,458055,7110220
2026-01-12 13:43:00+05:30,9.94,10.25,9.75,9.8,382915,7110220
2026-01-12 13:44:00+05:30,9.8,9.8,8.65,8.8,572390,7179055
2026-01-12 13:45:00+05:30,8.8,9.94,8.8,9.5,495040,7179055
2026-01-12 13:46:00+05:30,9.55,10.1,9.4,9.65,297180,7179055
2026-01-12 13:47:00+05:30,9.65,9.85,9.19,9.35,218075,7276035
2026-01-12 13:48:00+05:30,9.5,9.85,9.05,9.19,393965,7276035
2026-01-12 13:49:00+05:30,9.15,9.3,8.65,8.8,328250,7276035
2026-01-12 13:50:00+05:30,8.85,9.1,8.44,8.55,441350,7325305
2026-01-12 13:51:00+05:30,8.75,8.85,8.05,8.15,557765,7325305
2026-01-12 13:52:00+05:30,8.1,8.85,7.9,8.35,700960,7325305
2026-01-12 13:53:00+05:30,8.55,9.15,8.4,8.94,488345,7126730
2026-01-12 13:54:00+05:30,8.75,9.1,8.19,9.05,518895,7126730
2026-01-12 13:55:00+05:30,9.15,9.19,8.44,8.44,376155,7126730
2026-01-12 13:56:00+05:30,8.5,8.9,7.95,8.05,403260,7257055
2026-01-12 13:57:00+05:30,8.1,8.19,7.3,7.75,729885,7257055
2026-01-12 13:58:00+05:30,7.9,8.69,7.85,8.25,395720,7257055
2026-01-12 13:59:00+05:30,8.25,8.8,8.15,8.44,285545,7237490
2026-01-12 14:00:00+05:30,8.4,8.4,7.45,7.7,609570,7237490
2026-01-12 14:01:00+05:30,7.8,8.0,6.85,6.85,616655,7237490
2026-01-12 14:02:00+05:30,6.8,7.4,6.65,7.4,662675,7305155
2026-01-12 14:03:00+05:30,7.45,7.55,6.9,7.3,328640,7305155
2026-01-12 14:04:00+05:30,7.3,7.55,6.8,7.55,383955,7305155
2026-01-12 14:05:00+05:30,7.35,8.15,7.3,7.55,489060,7337980
2026-01-12 14:06:00+05:30,7.6,7.7,6.95,7.25,455780,7337980
2026-01-12 14:07:00+05:30,7.35,8.19,7.3,7.65,321685,7337980
2026-01-12 14:08:00+05:30,7.6,8.44,7.45,8.3,340600,7364240
2026-01-12 14:09:00+05:30,8.3,8.8,7.95,8.8,476255,7364240
2026-01-12 14:10:00+05:30,8.8,9.0,7.95,8.5,476840,7364240
2026-01-12 14:11:00+05:30,8.6,8.65,7.5,7.65,434915,7335900
2026-01-12 14:12:00+05:30,7.55,8.55,7.55,8.35,490035,7335900
2026-01-12 14:13:00+05:30,8.25,8.25,7.4,7.8,453830,7335900
2026-01-12 14:14:00+05:30,7.65,7.7,6.8,6.95,419835,7453160
2026-01-12 14:15:00+05:30,6.95,7.35,6.85,7.0,322270,7453160
2026-01-12 14:16:00+05:30,7.0,8.1,7.0,7.55,441155,7453160
2026-01-12 14:17:00+05:30,7.55,8.69,7.55,8.44,497900,7460765
2026-01-12 14:18:00+05:30,8.5,8.5,7.85,8.05,284895,7460765
2026-01-12 14:19:00+05:30,8.05,8.25,7.25,7.25,289315,7460765
2026-01-12 14:20:00+05:30,7.2,7.6,7.0,7.5,456300,7485465
2026-01-12 14:21:00+05:30,7.6,8.0,7.4,8.0,284050,7485465
2026-01-12 14:22:00+05:30,8.05,8.9,8.0,8.85,521495,7485465
2026-01-12 14:23:00+05:30,8.94,9.85,8.8,9.15,870155,7525765
2026-01-12 14:24:00+05:30,9.1,9.8,9.1,9.44,591630,7525765
2026-01-12 14:25:00+05:30,9.44,10.19,9.19,9.3,705705,7525765
2026-01-12 14:26:00+05:30,9.1,9.1,7.95,8.25,844935,7472855
2026-01-12 14:27:00+05:30,8.25,9.15,8.15,8.69,351455,7472855
2026-01-12 14:28:00+05:30,8.65,9.0,8.6,8.75,248885,7472855
2026-01-12 14:29:00+05:30,8.8,9.05,8.6,8.8,295295,7587645
2026-01-12 14:30:00+05:30,8.9,9.15,8.44,8.5,340275,7587645
2026-01-12 14:31:00+05:30,8.44,8.69,8.1,8.19,378105,7587645
2026-01-12 14:32:00+05:30,8.4,8.4,7.45,7.55,556595,7613450
2026-01-12 14:33:00+05:30,7.35,7.35,6.75,7.0,791310,7613450
2026-01-12 14:34:00+05:30,7.05,7.05,6.35,6.6,789750,7613450
2026-01-12 14:35:00+05:30,6.5,6.5,5.85,5.9,907530,7564245
2026-01-12 14:36:00+05:30,5.9,6.1,5.6,5.8,898170,7564245
2026-01-12 14:37:00+05:30,5.75,6.1,5.65,6.1,919685,7564245
2026-01-12 14:38:00+05:30,6.3,6.7,6.15,6.65,726375,7813195
2026-01-12 14:39:00+05:30,6.7,7.35,6.7,7.1,666640,7813195
2026-01-12 14:40:00+05:30,7.1,7.4,6.95,7.25,485030,7813195
2026-01-12 14:41:00+05:30,7.3,8.05,7.3,8.05,714025,7971730
2026-01-12 14:42:00+05:30,8.15,8.15,7.05,7.15,738985,7971730
2026-01-12 14:43:00+05:30,7.05,7.1,6.7,7.1,605540,7971730
2026-01-12 14:44:00+05:30,7.35,8.05,7.35,7.85,608725,7836985
2026-01-12 14:45:00+05:30,7.9,8.3,7.85,8.3,434005,7836985
2026-01-12 14:46:00+05:30,8.3,9.0,8.1,9.0,447265,7836985
2026-01-12 14:47:00+05:30,8.75,9.0,8.4,8.44,547820,7788300
2026-01-12 14:48:00+05:30,8.35,8.35,7.65,8.1,508690,7788300
2026-01-12 14:49:00+05:30,8.19,8.4,8.05,8.35,309530,7788300
2026-01-12 14:50:00+05:30,8.35,9.35,8.35,8.94,881270,7793305
2026-01-12 14:51:00+05:30,9.1,9.55,9.0,9.1,721240,7793305
2026-01-12 14:52:00+05:30,9.1,9.25,8.5,8.8,1051050,7793305
2026-01-12 14:53:00+05:30,8.75,11.0,8.75,11.0,1126515,7621770
2026-01-12 14:54:00+05:30,11.0,11.1,9.55,9.55,1793155,7621770
2026-01-12 14:55:00+05:30,9.65,10.6,9.4,10.6,874445,7621770
2026-01-12 14:56:00+05:30,10.6,10.75,10.1,10.6,691015,7421700
2026-01-12 14:57:00+05:30,10.65,13.55,10.35,13.55,1606085,7421700
2026-01-12 14:58:00+05:30,12.4,12.4,11.3,12.05,1628445,7421700
2026-01-12 14:59:00+05:30,11.85,13.4,11.4,13.2,1187615,7241000
2026-01-12 15:00:00+05:30,12.1,12.1,10.0,10.25,2253745,7241000
2026-01-12 15:01:00+05:30,10.4,11.05,9.94,11.05,1254955,7241000
2026-01-12 15:02:00+05:30,10.8,11.15,9.9,9.94,858845,6929325
2026-01-12 15:03:00+05:30,10.3,10.35,9.35,9.5,943085,6929325
2026-01-12 15:04:00+05:30,9.69,10.1,9.6,10.05,733525,6929325
2026-01-12 15:05:00+05:30,9.94,10.85,9.8,10.55,761150,6882785
2026-01-12 15:06:00+05:30,10.6,10.6,9.75,10.3,615355,6882785
2026-01-12 15:07:00+05:30,10.3,10.4,9.65,9.75,520650,6882785
2026-01-12 15:08:00+05:30,9.75,9.9,8.85,9.44,804180,6812715
2026-01-12 15:09:00+05:30,9.5,9.85,9.15,9.75,479505,6812715
2026-01-12 15:10:00+05:30,9.69,10.05,9.55,10.05,496795,6812715
2026-01-12 15:11:00+05:30,10.0,10.05,8.9,9.44,737425,6800300
2026-01-12 15:12:00+05:30,9.44,9.5,9.0,9.25,490815,6800300
2026-01-12 15:13:00+05:30,9.15,9.69,9.15,9.5,309335,6800300
2026-01-12 15:14:00+05:30,9.35,9.44,8.75,9.15,775450,6782945
2026-01-12 15:15:00+05:30,9.3,9.75,9.05,9.55,791245,6782945
2026-01-12 15:16:00+05:30,9.65,9.8,9.35,9.75,659750,6782945
2026-01-12 15:17:00+05:30,9.65,10.3,9.65,9.75,705250,7047625
2026-01-12 15:18:00+05:30,9.85,10.0,9.75,9.94,311805,7047625
2026-01-12 15:19:00+05:30,9.94,10.19,9.4,9.6,569595,7047625
2026-01-12 15:20:00+05:30,9.6,9.6,9.1,9.1,662675,7050160
2026-01-12 15:21:00+05:30,9.25,9.3,8.3,8.44,777010,7050160
2026-01-12 15:22:00+05:30,8.5,8.85,8.44,8.85,468585,7050160
2026-01-12 15:23:00+05:30,8.9,9.25,8.9,9.19,431145,6988670
2026-01-12 15:24:00+05:30,9.3,9.5,9.19,9.44,599170,6988670
2026-01-12 15:25:00+05:30,9.5,9.55,9.0,9.4,418795,6988670
2026-01-12 15:26:00+05:30,9.44,9.44,9.1,9.3,465140,7060170
2026-01-12 15:27:00+05:30,9.25,9.25,8.75,9.0,681460,7060170
2026-01-12 15:28:00+05:30,9.05,9.05,7.9,7.95,719225,7060170
2026-01-12 15:29:00+05:30,8.0,8.44,7.75,8.0,752570,6896370
2026-01-13 09:15:00+05:30,8.4,14.95,6.75,8.3,4363450,6607900
2026-01-13 09:16:00+05:30,7.75,7.95,6.9,7.3,4635865,7883265
2026-01-13 09:17:00+05:30,6.95,8.75,6.95,8.25,3615430,7883265
2026-01-13 09:18:00+05:30,7.95,8.0,7.3,7.4,2590315,7883265
2026-01-13 09:19:00+05:30,7.3,8.05,7.3,7.65,2034825,10027160
2026-01-13 09:20:00+05:30,7.45,7.45,6.45,6.85,3092115,10027160
2026-01-13 09:21:00+05:30,6.75,6.95,6.1,6.75,2454010,10027160
2026-01-13 09:22:00+05:30,6.65,7.65,6.65,7.25,2023970,10649210
2026-01-13 09:23:00+05:30,7.2,7.85,6.75,6.75,2692885,10649210
2026-01-13 09:24:00+05:30,6.75,7.35,6.55,7.05,1527955,10649210
2026-01-13 09:25:00+05:30,6.8,6.85,6.0,6.25,2068885,11794055
2026-01-13 09:26:00+05:30,6.35,6.85,5.95,5.95,1786785,11794055
2026-01-13 09:27:00+05:30,6.05,6.05,5.25,5.45,2698280,11794055
2026-01-13 09:28:00+05:30,5.6,5.6,5.05,5.25,2590250,11779495
2026-01-13 09:29:00+05:30,5.2,5.6,5.15,5.6,2691780,11779495
2026-01-13 09:30:00+05:30,5.6,5.8,5.55,5.7,2117440,11779495
2026-01-13 09:31:00+05:30,5.75,6.05,5.55,5.7,1325805,11077625
2026-01-13 09:32:00+05:30,5.65,5.65,5.15,5.15,1336985,11077625
2026-01-13 09:33:00+05:30,5.15,5.3,4.95,5.05,1472185,11077625
2026-01-13 09:34:00+05:30,5.05,5.05,4.8,4.95,1400555,10600785
2026-01-13 09:35:00+05:30,5.0,5.2,4.84,4.84,1208090,10600785
2026-01-13 09:36:00+05:30,4.9,5.05,4.8,4.95,979225,10600785
2026-01-13 09:37:00+05:30,4.9,5.0,4.84,5.0,878150,10561720
2026-01-13 09:38:00+05:30,5.0,5.2,4.95,5.0,793325,10561720
2026-01-13 09:39:00+05:30,5.05,5.09,4.95,5.05,655525,10561720
2026-01-13 09:40:00+05:30,5.05,5.09,4.84,5.09,668720,10626200
2026-01-13 09:41:00+05:30,5.05,5.15,4.95,5.0,806065,10626200
2026-01-13 09:42:00+05:30,4.9,4.95,4.4,4.4,1758900,10626200
2026-01-13 09:43:00+05:30,4.5,4.59,4.34,4.4,986050,10200840
2026-01-13 09:44:00+05:30,4.45,4.75,4.3,4.75,687505,10200840
2026-01-13 09:45:00+05:30,4.75,5.75,4.75,5.55,1839240,10200840
2026-01-13 09:46:00+05:30,5.6,6.5,5.45,5.75,2973555,10512125
2026-01-13 09:47:00+05:30,5.85,6.05,5.45,5.6,1423760,10512125
2026-01-13 09:48:00+05:30,5.65,6.0,4.9,5.0,1344395,10512125
2026-01-13 09:49:00+05:30,4.9,4.9,4.25,4.34,1801020,10576930
2026-01-13 09:50:00+05:30,4.3,4.7,4.15,4.59,1018745,10576930
2026-01-13 09:51:00+05:30,4.7,5.0,4.55,5.0,935935,10576930
2026-01-13 09:52:00+05:30,4.9,5.05,4.5,4.5,844025,10612225
2026-01-13 09:53:00+05:30,4.7,4.9,4.55,4.7,699335,10612225
2026-01-13 09:54:00+05:30,4.59,4.65,4.0,4.15,1021410,10612225
2026-01-13 09:55:00+05:30,4.15,4.15,4.0,4.05,663000,10708100
2026-01-13 09:56:00+05:30,3.95,4.09,3.8,3.9,1541085,10708100
2026-01-13 09:57:00+05:30,3.9,4.05,3.85,4.0,1168050,10708100
2026-01-13 09:58:00+05:30,4.09,4.15,4.05,4.15,588250,10365290
2026-01-13 09:59:00+05:30,4.15,4.25,4.05,4.09,489320,10365290
2026-01-13 10:00:00+05:30,4.09,4.15,4.05,4.09,406770,10365290
2026-01-13 10:01:00+05:30,4.15,4.3,4.05,4.3,624260,10389990
2026-01-13 10:02:00+05:30,4.4,4.4,4.05,4.09,865020,10389990
2026-01-13 10:03:00+05:30,4.0,4.09,3.85,4.0,464230,10389990
2026-01-13 10:04:00+05:30,4.0,4.45,3.95,4.3,692900,10531105
2026-01-13 10:05:00+05:30,4.3,4.4,3.9,3.95,703755,10531105
2026-01-13 10:06:00+05:30,3.9,4.0,3.75,3.9,734435,10531105
2026-01-13 10:07:00+05:30,3.9,3.95,3.65,3.9,526500,10751845
2026-01-13 10:08:00+05:30,3.9,4.4,3.9,4.4,779025,10751845
2026-01-13 10:09:00+05:30,4.4,4.59,4.05,4.2,736840,10751845
2026-01-13 10:10:00+05:30,4.25,4.4,3.9,4.0,967590,10983505
2026-01-13 10:11:00+05:30,3.95,4.4,3.9,4.0,653185,10983505
2026-01-13 10:12:00+05:30,4.09,4.45,3.95,4.34,636155,10983505
2026-01-13 10:13:00+05:30,4.3,4.4,3.75,3.75,596440,11117405
2026-01-13 10:14:00+05:30,3.8,3.85,3.45,3.45,1281280,11117405
2026-01-13 10:15:00+05:30,3.35,3.65,3.2,3.6,1066845,11117405
2026-01-13 10:16:00+05:30,3.6,3.7,3.15,3.3,798720,10905700
2026-01-13 10:17:00+05:30,3.25,3.3,3.05,3.1,974545,10905700
2026-01-13 10:18:00+05:30,3.1,3.2,2.9,3.1,713700,10905700
2026-01-13 10:19:00+05:30,3.15,3.15,2.95,3.0,629785,10906025
2026-01-13 10:20:00+05:30,3.0,3.55,2.95,3.55,806130,10906025
2026-01-13 10:21:00+05:30,3.55,3.95,3.45,3.95,1325805,10906025
2026-01-13 10:22:00+05:30,3.95,3.95,3.6,3.8,640055,11326965
2026-01-13 10:23:00+05:30,3.8,4.09,3.7,3.7,808470,11326965
2026-01-13 10:24:00+05:30,3.7,3.75,3.45,3.45,683865,11326965
2026-01-13 10:25:00+05:30,3.5,3.8,3.4,3.75,629655,11297715
2026-01-13 10:26:00+05:30,3.8,4.05,3.75,4.0,691535,11297715
2026-01-13 10:27:00+05:30,4.05,4.4,3.85,3.85,1352910,11297715
2026-01-13 10:28:00+05:30,3.85,4.75,3.65,4.75,1275690,11533080
2026-01-13 10:29:00+05:30,4.4,4.65,4.15,4.34,1781715,11533080
2026-01-13 10:30:00+05:30,4.4,4.45,4.0,4.34,1291745,11533080
2026-01-13 10:31:00+05:30,4.34,5.35,4.25,4.95,3004105,11533925
2026-01-13 10:32:00+05:30,5.3,5.3,4.59,4.75,2499770,11533925
2026-01-13 10:33:00+05:30,4.8,4.8,4.34,4.34,1632540,11533925
2026-01-13 10:34:00+05:30,4.3,4.4,3.55,3.55,1937780,11283025
2026-01-13 10:35:00+05:30,3.9,3.9,2.6,2.65,4251650,11283025
2026-01-13 10:36:00+05:30,2.6,2.8,2.4,2.8,3410810,11283025
2026-01-13 10:37:00+05:30,2.75,3.15,2.7,3.0,1261975,11269115
2026-01-13 10:38:00+05:30,3.05,3.15,2.7,2.7,1382160,11269115
2026-01-13 10:39:00+05:30,2.75,2.75,2.4,2.5,1302665,11269115
2026-01-13 10:40:00+05:30,2.5,2.54,2.29,2.4,1688310,11320400
2026-01-13 10:41:00+05:30,2.45,2.5,2.2,2.2,1553760,11320400
2026-01-13 10:42:00+05:30,2.2,2.4,2.2,2.29,944190,11320400
2026-01-13 10:43:00+05:30,2.25,2.35,2.25,2.29,727610,10997675
2026-01-13 10:44:00+05:30,2.29,2.5,2.25,2.45,1121965,10997675
2026-01-13 10:45:00+05:30,2.45,2.54,2.4,2.4,668980,10997675
2026-01-13 10:46:00+05:30,2.35,2.5,2.29,2.29,619385,10776935
2026-01-13 10:47:00+05:30,2.29,2.45,2.29,2.45,663455,10776935
2026-01-13 10:48:00+05:30,2.35,2.45,2.25,2.25,661765,10776935
2026-01-13 10:49:00+05:30,2.2,2.54,2.2,2.45,1434355,10722335
2026-01-13 10:50:00+05:30,2.35,3.0,2.35,3.0,1243385,10722335
2026-01-13 10:51:00+05:30,2.9,2.95,2.54,2.6,1306695,10722335
2026-01-13 10:52:00+05:30,2.65,3.0,2.6,2.95,2228070,10883795
2026-01-13 10:53:00+05:30,2.95,3.05,2.75,2.75,1372735,10883795
2026-01-13 10:54:00+05:30,2.75,2.75,2.25,2.4,1908400,10883795
2026-01-13 10:55:00+05:30,2.4,2.45,2.1,2.2,2181985,10978500
2026-01-13 10:56:00+05:30,2.25,2.29,2.1,2.1,1206530,10978500
2026-01-13 10:57:00+05:30,2.15,2.35,2.1,2.25,1280500,10978500
2026-01-13 10:58:00+05:30,2.25,2.5,2.25,2.29,1437475,10864425
2026-01-13 10:59:00+05:30,2.29,2.4,2.2,2.29,1049750,10864425
2026-01-13 11:00:00+05:30,2.25,2.4,2.2,2.35,1225120,10864425
2026-01-13 11:01:00+05:30,2.29,2.4,2.04,2.1,1251835,11014965
2026-01-13 11:02:00+05:30,2.1,2.1,2.0,2.04,902720,11014965
2026-01-13 11:03:00+05:30,2.0,2.1,1.95,2.1,906100,11014965
2026-01-13 11:04:00+05:30,2.1,2.15,2.04,2.04,539695,10869560
2026-01-13 11:05:00+05:30,2.1,2.2,1.9,1.95,1265030,10869560
2026-01-13 11:06:00+05:30,1.95,2.0,1.85,1.95,2450760,10869560
2026-01-13 11:07:00+05:30,1.95,2.0,1.9,1.9,1213745,10702640
2026-01-13 11:08:00+05:30,1.9,2.0,1.85,2.0,774085,10702640
2026-01-13 11:09:00+05:30,2.0,2.29,2.0,2.25,1623635,10702640
2026-01-13 11:10:00+05:30,2.1,2.29,2.1,2.15,1049230,10653435
2026-01-13 11:11:00+05:30,2.2,2.35,2.1,2.29,1205945,10653435
2026-01-13 11:12:00+05:30,2.25,2.35,2.15,2.15,862875,10653435
2026-01-13 11:13:00+05:30,2.2,2.2,1.85,1.85,1159405,10639785
2026-01-13 11:14:00+05:30,1.9,2.2,1.9,2.15,1877135,10639785
2026-01-13 11:15:00+05:30,2.1,2.15,1.85,2.15,1333995,10639785
2026-01-13 11:16:00+05:30,2.15,2.35,2.1,2.2,733850,10709660
2026-01-13 11:17:00+05:30,2.2,2.25,1.95,1.95,664755,10709660
2026-01-13 11:18:00+05:30,2.0,2.1,1.9,2.1,1167725,10709660
2026-01-13 11:19:00+05:30,2.04,2.2,2.0,2.04,735085,10829910
2026-01-13 11:20:00+05:30,2.0,2.0,1.9,2.0,992875,10829910
2026-01-13 11:21:00+05:30,2.04,2.29,2.04,2.1,752765,10829910
2026-01-13 11:22:00+05:30,2.1,2.15,1.95,2.04,723580,10851815
2026-01-13 11:23:00+05:30,2.0,2.04,1.95,1.95,619775,10851815
2026-01-13 11:24:00+05:30,2.0,2.0,1.9,1.95,408590,10851815
2026-01-13 11:25:00+05:30,1.9,2.04,1.9,2.0,836355,10793445
2026-01-13 11:26:00+05:30,2.0,2.15,1.95,1.95,689520,10793445
2026-01-13 11:27:00+05:30,2.0,2.2,1.95,2.15,1373385,10793445
2026-01-13 11:28:00+05:30,2.2,2.25,2.1,2.25,767065,10758150
2026-01-13 11:29:00+05:30,2.25,2.4,2.15,2.25,1327690,10758150
2026-01-13 11:30:00+05:30,2.2,2.25,2.04,2.25,918775,10758150
2026-01-13 11:31:00+05:30,2.25,2.35,2.15,2.25,601315,10856625
2026-01-13 11:32:00+05:30,2.25,2.7,2.15,2.7,1132235,10856625
2026-01-13 11:33:00+05:30,2.6,2.75,2.45,2.45,1777035,10856625
2026-01-13 11:34:00+05:30,2.5,2.5,2.35,2.4,1061515,11048635
2026-01-13 11:35:00+05:30,2.45,2.65,2.45,2.6,961220,11048635
2026-01-13 11:36:00+05:30,2.54,2.65,2.35,2.65,1187225,11048635
2026-01-13 11:37:00+05:30,2.65,2.65,2.29,2.29,869180,11167650
2026-01-13 11:38:00+05:30,2.25,2.45,2.25,2.35,654745,11167650
2026-01-13 11:39:00+05:30,2.35,2.4,2.2,2.25,410215,11167650
2026-01-13 11:40:00+05:30,2.25,2.35,2.2,2.29,566735,10993385
2026-01-13 11:41:00+05:30,2.35,2.35,2.15,2.15,948545,10993385
2026-01-13 11:42:00+05:30,2.1,2.15,1.95,1.95,1380210,10993385
2026-01-13 11:43:00+05:30,1.95,2.04,1.95,2.0,1076270,10952760
2026-01-13 11:44:00+05:30,2.0,2.0,1.75,1.8,1241500,10952760
2026-01-13 11:45:00+05:30,1.8,1.85,1.6,1.6,1618240,10952760
2026-01-13 11:46:00+05:30,1.6,1.7,1.6,1.6,1126255,10577580
2026-01-13 11:47:00+05:30,1.6,1.65,1.5,1.5,924885,10577580
2026-01-13 11:48:00+05:30,1.5,1.55,1.35,1.4,1141270,10577580
2026-01-13 11:49:00+05:30,1.35,1.4,1.35,1.35,842010,10228400
2026-01-13 11:50:00+05:30,1.4,1.4,1.3,1.4,1050075,10228400
2026-01-13 11:51:00+05:30,1.4,1.4,1.35,1.4,634075,10228400
2026-01-13 11:52:00+05:30,1.35,1.45,1.35,1.4,601445,10228400
2026-01-13 11:53:00+05:30,1.3,1.4,1.3,1.4,1669590,10196615
2026-01-13 11:54:00+05:30,1.35,1.4,1.35,1.4,668330,10196615
2026-01-13 11:55:00+05:30,1.4,1.45,1.35,1.45,558480,10196615
2026-01-13 11:56:00+05:30,1.4,1.7,1.4,1.6,969475,9925825
2026-01-13 11:57:00+05:30,1.6,1.6,1.4,1.45,1051700,9925825
2026-01-13 11:58:00+05:30,1.4,1.5,1.4,1.4,324675,9925825
2026-01-13 11:59:00+05:30,1.45,1.45,1.35,1.4,1095315,10084555
2026-01-13 12:00:00+05:30,1.4,1.45,1.3,1.3,1286935,10084555
2026-01-13 12:01:00+05:30,1.35,1.4,1.25,1.35,1040715,10084555
2026-01-13 12:02:00+05:30,1.35,1.4,1.35,1.35,1091870,9542520
2026-01-13 12:03:00+05:30,1.35,1.4,1.3,1.3,469300,9542520
2026-01-13 12:04:00+05:30,1.35,1.4,1.3,1.35,512525,9542520
2026-01-13 12:05:00+05:30,1.4,1.45,1.35,1.35,656890,9354930
2026-01-13 12:06:00+05:30,1.35,1.4,1.35,1.35,546715,9354930
2026-01-13 12:07:00+05:30,1.4,1.4,1.35,1.35,284895,9354930
2026-01-13 12:08:00+05:30,1.45,1.55,1.4,1.5,1641510,9155315
2026-01-13 12:09:00+05:30,1.55,1.55,1.4,1.4,415805,9155315
2026-01-13 12:10:00+05:30,1.4,1.5,1.35,1.4,893100,9155315
2026-01-13 12:11:00+05:30,1.45,1.45,1.35,1.35,449215,8973510
2026-01-13 12:12:00+05:30,1.35,1.45,1.35,1.35,439790,8973510
2026-01-13 12:13:00+05:30,1.35,1.4,1.35,1.35,357435,8973510
2026-01-13 12:14:00+05:30,1.35,1.55,1.35,1.45,775060,8647275
2026-01-13 12:15:00+05:30,1.45,1.55,1.35,1.35,1551290,8647275
2026-01-13 12:16:00+05:30,1.45,1.45,1.35,1.35,849875,8647275
2026-01-13 12:17:00+05:30,1.3,1.4,1.3,1.35,531635,8450715
2026-01-13 12:18:00+05:30,1.3,1.4,1.3,1.35,354380,8450715
2026-01-13 12:19:00+05:30,1.35,1.4,1.3,1.4,626990,8450715
2026-01-13 12:20:00+05:30,1.3,1.4,1.3,1.35,407225,8243495
2026-01-13 12:21:00+05:30,1.35,1.45,1.35,1.4,378040,8243495
2026-01-13 12:22:00+05:30,1.45,1.45,1.35,1.45,257205,8243495
2026-01-13 12:23:00+05:30,1.4,1.45,1.35,1.35,253370,8247395
2026-01-13 12:24:00+05:30,1.4,1.45,1.35,1.35,399490,8247395
2026-01-13 12:25:00+05:30,1.35,1.45,1.35,1.4,353795,8247395
2026-01-13 12:26:00+05:30,1.4,1.45,1.4,1.4,466310,8031335
2026-01-13 12:27:00+05:30,1.4,1.45,1.35,1.35,204555,8031335
2026-01-13 12:28:00+05:30,1.35,1.4,1.3,1.35,189995,8031335
2026-01-13 12:29:00+05:30,1.35,1.35,1.3,1.3,129350,8047065
2026-01-13 12:30:00+05:30,1.3,1.4,1.3,1.4,170235,8047065
2026-01-13 12:31:00+05:30,1.45,1.45,1.4,1.4,210535,8047065
2026-01-13 12:32:00+05:30,1.45,1.45,1.4,1.4,172185,8069750
2026-01-13 12:33:00+05:30,1.4,1.45,1.35,1.35,142350,8069750
2026-01-13 12:34:00+05:30,1.35,1.4,1.35,1.4,182260,8069750
2026-01-13 12:35:00+05:30,1.35,1.4,1.35,1.4,91585,8174725
2026-01-13 12:36:00+05:30,1.35,1.4,1.35,1.35,109005,8174725
2026-01-13 12:37:00+05:30,1.35,1.4,1.3,1.35,316355,8174725
2026-01-13 12:38:00+05:30,1.3,1.35,1.3,1.3,85085,8122075
2026-01-13 12:39:00+05:30,1.3,1.35,1.3,1.35,443235,8122075
2026-01-13 12:40:00+05:30,1.35,1.35,1.3,1.3,133835,8122075
2026-01-13 12:41:00+05:30,1.3,1.4,1.3,1.35,276120,7928635
2026-01-13 12:42:00+05:30,1.35,1.45,1.35,1.4,652990,7928635
2026-01-13 12:43:00+05:30,1.45,1.45,1.3,1.35,624130,7928635
2026-01-13 12:44:00+05:30,1.35,1.4,1.3,1.35,307320,7442370
2026-01-13 12:45:00+05:30,1.35,1.4,1.3,1.35,283725,7442370
2026-01-13 12:46:00+05:30,1.3,1.4,1.3,1.4,534820,7442370
2026-01-13 12:47:00+05:30,1.35,1.4,1.3,1.35,293475,7348380
2026-01-13 12:48:00+05:30,1.35,1.4,1.35,1.4,272480,7348380
2026-01-13 12:49:00+05:30,1.4,1.45,1.35,1.35,558935,7348380
2026-01-13 12:50:00+05:30,1.35,1.45,1.35,1.45,267735,7293910
2026-01-13 12:51:00+05:30,1.4,1.45,1.35,1.35,923780,7293910
2026-01-13 12:52:00+05:30,1.4,1.4,1.25,1.25,362635,7293910
2026-01-13 12:53:00+05:30,1.25,1.35,1.2,1.25,791830,7135115
2026-01-13 12:54:00+05:30,1.25,1.35,1.25,1.3,772850,7135115
2026-01-13 12:55:00+05:30,1.3,1.45,1.25,1.4,744900,7135115
2026-01-13 12:56:00+05:30,1.45,1.45,1.35,1.35,211510,6722105
2026-01-13 12:57:00+05:30,1.4,1.4,1.3,1.35,202865,6722105
2026-01-13 12:58:00+05:30,1.35,1.35,1.25,1.3,387530,6722105
2026-01-13 12:59:00+05:30,1.35,1.35,1.3,1.3,137605,6782035
2026-01-13 13:00:00+05:30,1.35,1.45,1.3,1.4,544050,6782035
2026-01-13 13:01:00+05:30,1.35,1.55,1.35,1.45,719810,6782035
2026-01-13 13:02:00+05:30,1.5,1.6,1.45,1.6,626665,6711575
2026-01-13 13:03:00+05:30,1.6,1.7,1.55,1.6,1033565,6711575
2026-01-13 13:04:00+05:30,1.65,1.7,1.6,1.7,626730,6711575
2026-01-13 13:05:00+05:30,1.7,1.85,1.65,1.8,581230,6849960
2026-01-13 13:06:00+05:30,1.8,1.85,1.75,1.75,574860,6849960
2026-01-13 13:07:00+05:30,1.75,1.8,1.7,1.7,520520,6849960
2026-01-13 13:08:00+05:30,1.75,1.75,1.55,1.55,477880,6867055
2026-01-13 13:09:00+05:30,1.55,1.6,1.4,1.45,351455,6867055
2026-01-13 13:10:00+05:30,1.5,1.55,1.4,1.5,647270,6867055
2026-01-13 13:11:00+05:30,1.45,1.5,1.4,1.4,391690,6835660
2026-01-13 13:12:00+05:30,1.45,1.45,1.3,1.4,469495,6835660
2026-01-13 13:13:00+05:30,1.35,1.45,1.3,1.35,371605,6835660
2026-01-13 13:14:00+05:30,1.4,1.45,1.3,1.35,548275,6932575
2026-01-13 13:15:00+05:30,1.35,1.4,1.3,1.35,156195,6932575
2026-01-13 13:16:00+05:30,1.35,1.4,1.25,1.3,621205,6932575
2026-01-13 13:17:00+05:30,1.35,1.4,1.3,1.4,500760,6795035
2026-01-13 13:18:00+05:30,1.35,1.45,1.35,1.4,269685,6795035
2026-01-13 13:19:00+05:30,1.35,1.4,1.35,1.4,240695,6795035
2026-01-13 13:20:00+05:30,1.4,1.45,1.35,1.4,231205,6767735
2026-01-13 13:21:00+05:30,1.4,1.5,1.35,1.35,216645,6767735
2026-01-13 13:22:00+05:30,1.35,1.4,1.35,1.4,82615,6767735
2026-01-13 13:23:00+05:30,1.35,1.4,1.35,1.4,65325,6886035
2026-01-13 13:24:00+05:30,1.3,1.35,1.3,1.3,102180,6886035
2026-01-13 13:25:00+05:30,1.3,1.35,1.25,1.25,258700,6886035
2026-01-13 13:26:00+05:30,1.25,1.3,1.25,1.3,85150,6944600
2026-01-13 13:27:00+05:30,1.3,1.3,1.25,1.25,243620,6944600
2026-01-13 13:28:00+05:30,1.3,1.3,1.1,1.14,389805,6944600
2026-01-13 13:29:00+05:30,1.14,1.2,1.05,1.05,364520,6987955
2026-01-13 13:30:00+05:30,1.1,1.14,1.05,1.05,484835,6987955
2026-01-13 13:31:00+05:30,1.1,1.1,1.0,1.0,278525,6987955
2026-01-13 13:32:00+05:30,1.0,1.1,1.0,1.05,212810,6845475
2026-01-13 13:33:00+05:30,1.05,1.14,1.05,1.1,182000,6845475
2026-01-13 13:34:00+05:30,1.1,1.14,1.05,1.14,862615,6845475
2026-01-13 13:35:00+05:30,1.14,1.14,1.05,1.1,297895,6619990
2026-01-13 13:36:00+05:30,1.14,1.14,1.05,1.1,351650,6619990
2026-01-13 13:37:00+05:30,1.05,1.14,1.05,1.1,117585,6619990
2026-01-13 13:38:00+05:30,1.1,1.14,1.05,1.1,274235,6584500
2026-01-13 13:39:00+05:30,1.05,1.05,1.0,1.05,149500,6584500
2026-01-13 13:40:00+05:30,1.05,1.05,0.9,0.9,214435,6584500
2026-01-13 13:41:00+05:30,0.9,0.95,0.85,0.9,564200,6470620
2026-01-13 13:42:00+05:30,0.9,0.95,0.8,0.8,252460,6470620
2026-01-13 13:43:00+05:30,0.8,0.85,0.7,0.75,309465,6470620
2026-01-13 13:44:00+05:30,0.7,0.75,0.65,0.75,459940,6481475
2026-01-13 13:45:00+05:30,0.7,0.75,0.7,0.7,130130,6481475
2026-01-13 13:46:00+05:30,0.7,0.8,0.7,0.8,317720,6481475
2026-01-13 13:47:00+05:30,0.8,0.85,0.75,0.8,182390,6354920
2026-01-13 13:48:00+05:30,0.8,0.85,0.75,0.8,209170,6354920
2026-01-13 13:49:00+05:30,0.75,0.85,0.75,0.8,288015,6354920
2026-01-13 13:50:00+05:30,0.8,0.8,0.75,0.75,147095,6529185
2026-01-13 13:51:00+05:30,0.75,0.75,0.7,0.75,58110,6529185
2026-01-13 13:52:00+05:30,0.7,0.75,0.7,0.7,248560,6529185
2026-01-13 13:53:00+05:30,0.7,0.75,0.7,0.7,201240,6460545
2026-01-13 13:54:00+05:30,0.75,0.75,0.7,0.75,94510,6460545
2026-01-13 13:55:00+05:30,0.75,0.75,0.7,0.7,90025,6460545
2026-01-13 13:56:00+05:30,0.75,0.75,0.7,0.75,104715,6497335
2026-01-13 13:57:00+05:30,0.7,0.75,0.7,0.7,41860,6497335
2026-01-13 13:58:00+05:30,0.75,0.8,0.7,0.8,309010,6497335
2026-01-13 13:59:00+05:30,0.75,0.8,0.75,0.75,93795,6360510
2026-01-13 14:00:00+05:30,0.75,0.8,0.7,0.75,279435,6360510
2026-01-13 14:01:00+05:30,0.8,0.8,0.7,0.75,209820,6360510
2026-01-13 14:02:00+05:30,0.75,0.8,0.75,0.8,284375,6234540
2026-01-13 14:03:00+05:30,0.75,0.8,0.75,0.75,219895,6234540
2026-01-13 14:04:00+05:30,0.8,0.8,0.7,0.7,84045,6234540
2026-01-13 14:05:00+05:30,0.7,0.75,0.7,0.7,404690,6065865
2026-01-13 14:06:00+05:30,0.7,0.75,0.65,0.7,195650,6065865
2026-01-13 14:07:00+05:30,0.7,0.75,0.65,0.7,243360,6065865
2026-01-13 14:08:00+05:30,0.65,0.7,0.65,0.7,373490,6020820
2026-01-13 14:09:00+05:30,0.7,0.75,0.65,0.75,220155,6020820
2026-01-13 14:10:00+05:30,0.7,0.8,0.7,0.8,273390,6020820
2026-01-13 14:11:00+05:30,0.75,0.75,0.7,0.75,376285,5990725
2026-01-13 14:12:00+05:30,0.7,0.75,0.7,0.7,184015,5990725
2026-01-13 14:13:00+05:30,0.65,0.7,0.65,0.65,160160,5990725
2026-01-13 14:14:00+05:30,0.65,0.65,0.6,0.6,171340,6053645
2026-01-13 14:15:00+05:30,0.65,0.65,0.6,0.6,260780,6053645
2026-01-13 14:16:00+05:30,0.6,0.65,0.6,0.65,377845,6053645
2026-01-13 14:17:00+05:30,0.65,0.65,0.55,0.6,178880,5796765
2026-01-13 14:18:00+05:30,0.6,0.65,0.55,0.65,172575,5796765
2026-01-13 14:19:00+05:30,0.65,0.65,0.55,0.55,171470,5796765
2026-01-13 14:20:00+05:30,0.55,0.65,0.55,0.6,221780,5687435
2026-01-13 14:21:00+05:30,0.6,0.7,0.6,0.65,177450,5687435
2026-01-13 14:22:00+05:30,0.65,0.75,0.65,0.7,205725,5687435
2026-01-13 14:23:00+05:30,0.7,0.9,0.7,0.75,651300,5797220
2026-01-13 14:24:00+05:30,0.8,0.95,0.8,0.8,462735,5797220
2026-01-13 14:25:00+05:30,0.8,0.9,0.8,0.9,243100,5797220
2026-01-13 14:26:00+05:30,0.85,0.9,0.85,0.9,234390,5862740
2026-01-13 14:27:00+05:30,0.9,0.9,0.8,0.8,146965,5862740
2026-01-13 14:28:00+05:30,0.85,0.85,0.75,0.75,120315,5862740
2026-01-13 14:29:00+05:30,0.75,0.8,0.7,0.7,215800,5890495
2026-01-13 14:30:00+05:30,0.7,0.7,0.6,0.65,393640,5890495
2026-01-13 14:31:00+05:30,0.65,0.65,0.55,0.6,670345,5890495
2026-01-13 14:32:00+05:30,0.6,0.65,0.55,0.6,191165,5676580
2026-01-13 14:33:00+05:30,0.6,0.6,0.5,0.5,171470,5676580
2026-01-13 14:34:00+05:30,0.5,0.6,0.5,0.55,286195,5676580
2026-01-13 14:35:00+05:30,0.55,0.55,0.5,0.55,82095,5716685
2026-01-13 14:36:00+05:30,0.55,0.55,0.45,0.5,420225,5716685
2026-01-13 14:37:00+05:30,0.55,0.55,0.4,0.4,646295,5716685
2026-01-13 14:38:00+05:30,0.4,0.45,0.35,0.35,321035,5834140
2026-01-13 14:39:00+05:30,0.4,0.45,0.35,0.35,632515,5834140
2026-01-13 14:40:00+05:30,0.35,0.35,0.3,0.35,452205,5834140
2026-01-13 14:41:00+05:30,0.35,0.35,0.3,0.3,521105,5755425
2026-01-13 14:42:00+05:30,0.3,0.35,0.25,0.25,507130,5755425
2026-01-13 14:43:00+05:30,0.3,0.35,0.25,0.3,255905,5755425
2026-01-13 14:44:00+05:30,0.35,0.35,0.3,0.35,332540,5573100
2026-01-13 14:45:00+05:30,0.35,0.35,0.3,0.3,487825,5573100
2026-01-13 14:46:00+05:30,0.3,0.35,0.3,0.35,111020,5573100
2026-01-13 14:47:00+05:30,0.35,0.35,0.3,0.3,411645,5693545
2026-01-13 14:48:00+05:30,0.3,0.35,0.3,0.35,240955,5693545
2026-01-13 14:49:00+05:30,0.3,0.35,0.25,0.3,214370,5693545
2026-01-13 14:50:00+05:30,0.25,0.35,0.25,0.3,407225,5593575
2026-01-13 14:51:00+05:30,0.25,0.3,0.25,0.3,126490,5593575
2026-01-13 14:52:00+05:30,0.3,0.35,0.25,0.25,361920,5593575
2026-01-13 14:53:00+05:30,0.25,0.3,0.25,0.25,153335,5497440
2026-01-13 14:54:00+05:30,0.25,0.3,0.25,0.25,355550,5497440
2026-01-13 14:55:00+05:30,0.3,0.3,0.25,0.25,213135,5497440
2026-01-13 14:56:00+05:30,0.3,0.3,0.25,0.25,224900,5668520
2026-01-13 14:57:00+05:30,0.25,0.3,0.25,0.25,176800,5668520
2026-01-13 14:58:00+05:30,0.25,0.25,0.2,0.2,571025,5668520
2026-01-13 14:59:00+05:30,0.25,0.25,0.2,0.25,390000,5730920
2026-01-13 15:00:00+05:30,0.2,0.25,0.2,0.2,467350,5730920
2026-01-13 15:01:00+05:30,0.25,0.25,0.15,0.15,683605,5730920
2026-01-13 15:02:00+05:30,0.15,0.2,0.15,0.15,329420,5627505
2026-01-13 15:03:00+05:30,0.2,0.2,0.15,0.15,696800,5627505
2026-01-13 15:04:00+05:30,0.15,0.15,0.1,0.1,826670,5627505
2026-01-13 15:05:00+05:30,0.15,0.15,0.1,0.1,382460,5408065
2026-01-13 15:06:00+05:30,0.1,0.15,0.1,0.1,276380,5408065
2026-01-13 15:07:00+05:30,0.15,0.15,0.1,0.15,367575,5408065
2026-01-13 15:08:00+05:30,0.15,0.15,0.1,0.15,233935,5053360
2026-01-13 15:09:00+05:30,0.1,0.15,0.1,0.1,143325,5053360
2026-01-13 15:10:00+05:30,0.15,0.15,0.1,0.15,448435,5053360
2026-01-13 15:11:00+05:30,0.15,0.15,0.1,0.1,327340,4931550
2026-01-13 15:12:00+05:30,0.1,0.2,0.1,0.15,276770,4931550
2026-01-13 15:13:00+05:30,0.15,0.15,0.1,0.1,109720,4931550
2026-01-13 15:14:00+05:30,0.15,0.15,0.1,0.1,188110,4931550
2026-01-13 15:15:00+05:30,0.15,0.15,0.1,0.1,343005,4855240
2026-01-13 15:16:00+05:30,0.15,0.15,0.1,0.1,127855,4855240
2026-01-13 15:17:00+05:30,0.15,0.15,0.1,0.15,225810,4855240
2026-01-13 15:18:00+05:30,0.15,0.15,0.1,0.1,144560,4737590
2026-01-13 15:19:00+05:30,0.1,0.15,0.1,0.1,620750,4737590
2026-01-13 15:20:00+05:30,0.1,0.1,0.05,0.1,556400,4737590
2026-01-13 15:21:00+05:30,0.1,0.1,0.05,0.1,116740,4581460
2026-01-13 15:22:00+05:30,0.1,0.1,0.05,0.05,202475,4581460
2026-01-13 15:23:00+05:30,0.05,0.1,0.05,0.1,81315,4581460
2026-01-13 15:24:00+05:30,0.1,0.1,0.05,0.05,87165,4513080
2026-01-13 15:25:00+05:30,0.1,0.1,0.05,0.05,167895,4513080
2026-01-13 15:26:00+05:30,0.1,0.1,0.05,0.05,168740,4513080
2026-01-13 15:27:00+05:30,0.1,0.1,0.05,0.1,582140,3916445
2026-01-13 15:28:00+05:30,0.05,0.1,0.05,0.05,753415,3916445
2026-01-13 15:29:00+05:30,0.05,0.05,0.05,0.05,7215,3916445
