timestamp,open,high,low,close,volume,open_interest
2025-12-23 09:15:00+05:30,194.0,203.75,194.0,196.8,10205,175760
2025-12-23 09:16:00+05:30,195.0,195.0,185.0,189.65,5135,179595
2025-12-23 09:17:00+05:30,188.9,188.9,182.35,187.6,5525,179595
2025-12-23 09:18:00+05:30,185.4,191.4,185.4,188.65,5655,179595
2025-12-23 09:19:00+05:30,188.45,189.45,188.45,189.45,260,183235
2025-12-23 09:20:00+05:30,192.0,192.0,188.3,190.05,1040,183235
2025-12-23 09:21:00+05:30,189.6,193.85,189.5,193.85,2275,183235
2025-12-23 09:22:00+05:30,193.1,193.1,184.55,184.55,2990,184600
2025-12-23 09:23:00+05:30,185.1,186.05,185.1,186.05,1170,184600
2025-12-23 09:24:00+05:30,186.0,186.8,182.4,182.4,975,184600
2025-12-23 09:25:00+05:30,182.75,183.0,179.05,181.05,1430,187330
2025-12-23 09:26:00+05:30,180.5,182.4,180.05,182.4,1170,187330
2025-12-23 09:27:00+05:30,181.0,181.4,178.65,181.4,1105,187330
2025-12-23 09:28:00+05:30,182.1,182.5,180.9,181.95,1105,188760
2025-12-23 09:29:00+05:30,182.0,183.05,181.8,182.8,1365,188760
2025-12-23 09:30:00+05:30,180.05,180.05,176.2,178.0,7280,188760
2025-12-23 09:31:00+05:30,177.3,180.35,175.55,180.25,2080,194220
2025-12-23 09:32:00+05:30,178.25,178.85,176.0,176.0,975,194220
2025-12-23 09:33:00+05:30,175.95,176.95,175.8,175.9,455,194220
2025-12-23 09:34:00+05:30,175.6,176.55,175.45,176.1,2925,192920
2025-12-23 09:35:00+05:30,176.2,176.2,175.0,175.0,975,192920
2025-12-23 09:36:00+05:30,176.2,177.25,175.65,177.05,2925,192920
2025-12-23 09:37:00+05:30,176.95,179.0,175.85,175.85,2535,190320
2025-12-23 09:38:00+05:30,174.75,177.3,174.75,174.8,2405,190320
2025-12-23 09:39:00+05:30,175.2,175.55,174.0,174.0,910,190320
2025-12-23 09:40:00+05:30,171.65,173.35,171.65,173.35,325,191815
2025-12-23 09:41:00+05:30,171.6,172.9,171.6,172.9,520,191815
2025-12-23 09:42:00+05:30,173.3,173.3,171.65,171.65,325,191815
2025-12-23 09:43:00+05:30,170.3,170.3,164.65,164.65,650,191880
2025-12-23 09:44:00+05:30,165.55,165.55,165.55,165.55,65,191880
2025-12-23 09:45:00+05:30,165.55,168.05,162.8,167.55,1430,191880
2025-12-23 09:46:00+05:30,166.75,167.0,165.95,167.0,585,191295
2025-12-23 09:47:00+05:30,168.7,171.1,168.7,171.1,845,191295
2025-12-23 09:48:00+05:30,172.65,175.0,171.5,173.0,1365,191295
2025-12-23 09:49:00+05:30,172.75,175.0,172.0,172.0,455,192465
2025-12-23 09:50:00+05:30,170.6,170.6,170.6,170.6,65,192465
2025-12-23 09:51:00+05:30,173.5,174.25,172.55,172.55,520,192465
2025-12-23 09:52:00+05:30,172.55,174.35,172.2,173.75,520,192010
2025-12-23 09:53:00+05:30,174.0,174.25,173.75,173.75,585,192010
2025-12-23 09:54:00+05:30,174.65,176.35,174.65,175.9,910,192010
2025-12-23 09:55:00+05:30,175.9,176.0,175.15,175.15,650,191425
2025-12-23 09:56:00+05:30,179.75,184.1,179.75,182.8,2665,191425
2025-12-23 09:57:00+05:30,184.55,187.35,183.3,185.95,3380,191425
2025-12-23 09:58:00+05:30,188.65,190.95,187.75,190.95,8060,189735
2025-12-23 09:59:00+05:30,188.1,188.1,188.1,188.1,520,189735
2025-12-23 10:00:00+05:30,189.4,191.7,188.8,188.8,1170,189735
2025-12-23 10:01:00+05:30,192.0,194.5,191.5,191.5,4810,192725
2025-12-23 10:02:00+05:30,192.7,196.0,192.7,194.4,3120,192725
2025-12-23 10:03:00+05:30,195.45,195.45,193.3,193.3,2405,192725
2025-12-23 10:04:00+05:30,193.5,193.5,192.0,192.0,2535,191945
2025-12-23 10:05:00+05:30,192.5,194.5,192.5,192.55,390,191945
2025-12-23 10:06:00+05:30,190.2,191.1,189.45,191.1,2340,191945
2025-12-23 10:07:00+05:30,191.0,191.2,189.0,190.4,1885,190580
2025-12-23 10:08:00+05:30,191.55,195.1,191.55,194.25,3380,190580
2025-12-23 10:09:00+05:30,194.35,195.05,194.25,194.35,1300,190580
2025-12-23 10:10:00+05:30,194.35,195.25,194.1,195.25,2015,189865
2025-12-23 10:11:00+05:30,196.0,198.0,196.0,197.05,455,189865
2025-12-23 10:12:00+05:30,197.25,198.9,197.25,198.25,1300,189865
2025-12-23 10:13:00+05:30,197.8,199.75,196.35,196.35,7085,186290
2025-12-23 10:14:00+05:30,193.65,193.95,193.65,193.95,650,186290
2025-12-23 10:15:00+05:30,192.45,192.95,192.45,192.9,390,186290
2025-12-23 10:16:00+05:30,193.55,194.8,193.55,194.8,585,187655
2025-12-23 10:17:00+05:30,193.15,193.85,193.15,193.15,585,187655
2025-12-23 10:18:00+05:30,190.35,191.55,189.65,189.8,975,187655
2025-12-23 10:19:00+05:30,189.25,189.25,183.5,184.25,2015,187915
2025-12-23 10:20:00+05:30,183.8,184.25,181.0,181.05,715,187915
2025-12-23 10:21:00+05:30,181.15,183.1,180.0,183.1,1235,187915
2025-12-23 10:22:00+05:30,181.85,183.3,181.25,182.4,6825,187720
2025-12-23 10:23:00+05:30,183.25,184.1,182.1,182.1,1690,187720
2025-12-23 10:24:00+05:30,182.1,182.1,182.05,182.05,1430,187720
2025-12-23 10:25:00+05:30,185.3,186.15,185.3,186.15,130,192595
2025-12-23 10:26:00+05:30,183.55,187.25,183.55,185.85,1300,192595
2025-12-23 10:27:00+05:30,186.65,186.75,183.2,183.2,1560,192595
2025-12-23 10:28:00+05:30,183.55,183.55,180.95,180.95,325,191165
2025-12-23 10:29:00+05:30,183.3,186.5,183.3,186.5,715,191165
2025-12-23 10:30:00+05:30,185.75,186.5,185.75,186.5,325,191165
2025-12-23 10:31:00+05:30,186.5,186.5,185.4,185.6,520,190450
2025-12-23 10:32:00+05:30,186.4,187.55,186.4,187.55,325,190450
2025-12-23 10:33:00+05:30,187.9,187.9,186.6,187.5,3250,190450
2025-12-23 10:34:00+05:30,186.6,186.6,184.25,184.25,5005,193830
2025-12-23 10:35:00+05:30,184.2,186.15,183.35,185.9,1105,193830
2025-12-23 10:36:00+05:30,184.35,185.1,183.2,183.2,5655,193830
2025-12-23 10:37:00+05:30,182.5,182.5,182.0,182.0,195,198770
2025-12-23 10:38:00+05:30,182.6,184.1,182.55,182.55,390,198770
2025-12-23 10:39:00+05:30,184.55,185.4,184.0,185.4,845,198770
2025-12-23 10:40:00+05:30,184.9,184.9,183.65,183.95,260,198445
2025-12-23 10:41:00+05:30,186.85,188.35,186.85,187.3,2145,198445
2025-12-23 10:42:00+05:30,188.35,189.9,188.35,189.8,325,198445
2025-12-23 10:43:00+05:30,189.7,189.7,189.7,189.7,130,198445
2025-12-23 10:44:00+05:30,189.7,190.95,189.7,190.95,585,199160
2025-12-23 10:45:00+05:30,190.3,190.3,189.5,189.6,585,199160
2025-12-23 10:46:00+05:30,189.7,191.65,189.7,190.5,780,198640
2025-12-23 10:47:00+05:30,190.25,190.25,190.25,190.25,260,198640
2025-12-23 10:48:00+05:30,190.25,190.25,190.25,190.25,0,198640
2025-12-23 10:49:00+05:30,190.25,190.25,190.25,190.25,0,198640
2025-12-23 10:50:00+05:30,190.25,190.25,189.7,189.7,195,198575
2025-12-23 10:51:00+05:30,190.75,191.75,190.75,191.6,260,198575
2025-12-23 10:52:00+05:30,191.8,191.8,191.0,191.0,260,198380
2025-12-23 10:53:00+05:30,190.65,191.0,190.65,190.8,2015,198380
2025-12-23 10:54:00+05:30,189.25,190.4,188.5,188.5,260,198380
2025-12-23 10:55:00+05:30,190.0,190.0,190.0,190.0,130,198380
2025-12-23 10:56:00+05:30,189.35,189.45,189.35,189.45,1365,199485
2025-12-23 10:57:00+05:30,188.0,188.7,187.25,187.5,1235,199485
2025-12-23 10:58:00+05:30,188.25,189.7,187.85,189.0,1300,197795
2025-12-23 10:59:00+05:30,188.0,189.75,188.0,188.55,1235,197795
2025-12-23 11:00:00+05:30,188.15,190.55,188.15,189.55,2145,197795
2025-12-23 11:01:00+05:30,188.3,190.85,188.3,190.85,3510,195455
2025-12-23 11:02:00+05:30,190.0,190.0,189.0,189.0,130,195455
2025-12-23 11:03:00+05:30,187.2,188.15,187.2,188.15,650,195455
2025-12-23 11:04:00+05:30,186.15,188.05,186.15,188.05,325,194805
2025-12-23 11:05:00+05:30,189.6,189.6,189.6,189.6,65,194805
2025-12-23 11:06:00+05:30,190.8,190.8,189.6,189.6,130,194805
2025-12-23 11:07:00+05:30,190.05,190.4,190.05,190.4,390,194805
2025-12-23 11:08:00+05:30,189.95,189.95,189.95,189.95,65,194805
2025-12-23 11:09:00+05:30,191.6,191.95,190.8,191.9,1105,194805
2025-12-23 11:10:00+05:30,191.65,194.0,191.65,194.0,2080,196170
2025-12-23 11:11:00+05:30,192.85,194.4,192.85,193.2,910,196170
2025-12-23 11:12:00+05:30,193.9,194.55,193.7,193.7,715,196170
2025-12-23 11:13:00+05:30,193.65,193.65,193.65,193.65,65,196170
2025-12-23 11:14:00+05:30,193.5,193.5,193.5,193.5,130,196300
2025-12-23 11:15:00+05:30,192.15,193.95,192.15,192.8,260,196300
2025-12-23 11:16:00+05:30,192.15,192.15,191.4,191.4,130,196560
2025-12-23 11:17:00+05:30,191.4,191.4,191.4,191.4,0,196560
2025-12-23 11:18:00+05:30,191.55,194.0,191.4,192.8,585,196560
2025-12-23 11:19:00+05:30,193.3,195.0,193.3,195.0,910,196560
2025-12-23 11:20:00+05:30,194.05,194.05,194.05,194.05,195,195780
2025-12-23 11:21:00+05:30,194.6,194.6,194.6,194.6,65,195780
2025-12-23 11:22:00+05:30,194.0,194.0,194.0,194.0,325,195845
2025-12-23 11:23:00+05:30,194.25,194.25,194.25,194.25,65,195845
2025-12-23 11:24:00+05:30,193.6,194.05,193.6,194.05,4940,195845
2025-12-23 11:25:00+05:30,193.25,194.05,192.9,193.4,3315,196560
2025-12-23 11:26:00+05:30,195.0,195.55,192.0,192.0,2080,196560
2025-12-23 11:27:00+05:30,192.0,192.0,192.0,192.0,0,196560
2025-12-23 11:28:00+05:30,192.8,192.8,190.55,190.55,585,196755
2025-12-23 11:29:00+05:30,189.7,192.0,189.7,191.5,780,196755
2025-12-23 11:30:00+05:30,190.8,190.8,190.75,190.75,260,196755
2025-12-23 11:31:00+05:30,190.75,192.2,190.4,190.4,585,196105
2025-12-23 11:32:00+05:30,190.0,190.0,189.0,189.0,1820,196105
2025-12-23 11:33:00+05:30,188.0,188.45,188.0,188.45,650,196105
2025-12-23 11:34:00+05:30,188.0,188.05,188.0,188.05,520,196105
2025-12-23 11:35:00+05:30,188.0,188.0,185.0,185.0,3055,194220
2025-12-23 11:36:00+05:30,184.5,184.5,182.95,184.4,650,194220
2025-12-23 11:37:00+05:30,184.4,184.4,184.4,184.4,0,194220
2025-12-23 11:38:00+05:30,184.4,184.9,182.75,182.75,260,192595
2025-12-23 11:39:00+05:30,184.8,184.8,183.85,183.85,715,192595
2025-12-23 11:40:00+05:30,183.05,183.05,181.9,182.35,7670,192595
2025-12-23 11:41:00+05:30,181.2,181.75,180.7,181.75,780,194935
2025-12-23 11:42:00+05:30,182.55,182.55,182.55,182.55,390,194935
2025-12-23 11:43:00+05:30,185.1,185.15,184.4,184.4,390,194935
2025-12-23 11:44:00+05:30,182.45,182.5,181.2,181.2,520,194805
2025-12-23 11:45:00+05:30,181.25,181.85,180.85,181.85,715,194805
2025-12-23 11:46:00+05:30,180.5,181.85,179.85,181.85,715,194155
2025-12-23 11:47:00+05:30,182.85,182.85,181.6,181.6,1365,194155
2025-12-23 11:48:00+05:30,180.9,182.0,180.3,180.3,1625,194155
2025-12-23 11:49:00+05:30,180.2,181.65,180.15,181.65,260,194025
2025-12-23 11:50:00+05:30,182.7,182.7,182.7,182.7,130,194025
2025-12-23 11:51:00+05:30,183.15,184.7,183.15,184.25,650,194025
2025-12-23 11:52:00+05:30,185.15,185.95,183.7,185.95,780,193960
2025-12-23 11:53:00+05:30,187.2,187.3,186.4,187.3,975,193960
2025-12-23 11:54:00+05:30,188.2,188.2,186.55,186.55,390,193960
2025-12-23 11:55:00+05:30,187.0,187.0,186.85,186.85,130,193960
2025-12-23 11:56:00+05:30,186.45,187.95,186.45,187.95,390,194155
2025-12-23 11:57:00+05:30,188.05,188.05,188.05,188.05,65,194155
2025-12-23 11:58:00+05:30,187.9,187.9,185.75,185.75,260,194350
2025-12-23 11:59:00+05:30,185.9,186.4,185.0,186.4,260,194350
2025-12-23 12:00:00+05:30,187.35,187.35,187.05,187.1,390,194350
2025-12-23 12:01:00+05:30,187.05,188.45,187.05,188.45,195,194350
2025-12-23 12:02:00+05:30,188.15,188.15,188.15,188.15,65,194090
2025-12-23 12:03:00+05:30,188.15,188.15,188.15,188.15,0,194090
2025-12-23 12:04:00+05:30,188.75,189.4,188.75,189.4,195,194090
2025-12-23 12:05:00+05:30,189.4,189.4,189.4,189.4,0,194090
2025-12-23 12:06:00+05:30,189.6,189.6,189.6,189.6,65,193960
2025-12-23 12:07:00+05:30,189.45,189.6,188.85,189.6,390,193960
2025-12-23 12:08:00+05:30,190.2,190.2,189.75,189.75,130,194025
2025-12-23 12:09:00+05:30,189.75,189.75,189.75,189.75,0,194025
2025-12-23 12:10:00+05:30,189.75,189.75,189.75,189.75,0,194025
2025-12-23 12:11:00+05:30,191.0,191.0,191.0,191.0,715,194155
2025-12-23 12:12:00+05:30,191.15,192.35,191.15,192.35,260,194155
2025-12-23 12:13:00+05:30,192.2,192.2,190.25,190.25,845,194155
2025-12-23 12:14:00+05:30,189.8,190.1,188.35,188.35,1300,193700
2025-12-23 12:15:00+05:30,189.0,189.75,189.0,189.75,650,193700
2025-12-23 12:16:00+05:30,189.75,189.75,189.75,189.75,0,193700
2025-12-23 12:17:00+05:30,189.75,189.75,189.75,189.75,0,193700
2025-12-23 12:18:00+05:30,189.75,189.75,189.75,189.75,0,193700
2025-12-23 12:19:00+05:30,188.0,188.05,188.0,188.05,130,193830
2025-12-23 12:20:00+05:30,188.05,188.05,188.05,188.05,0,193830
2025-12-23 12:21:00+05:30,188.55,188.95,188.3,188.95,195,193895
2025-12-23 12:22:00+05:30,188.95,188.95,188.95,188.95,0,193895
2025-12-23 12:23:00+05:30,188.95,188.95,188.95,188.95,130,193765
2025-12-23 12:24:00+05:30,188.45,188.45,188.45,188.45,260,193765
2025-12-23 12:25:00+05:30,188.95,188.95,188.95,188.95,2015,193765
2025-12-23 12:26:00+05:30,189.15,189.15,189.15,189.15,65,193765
2025-12-23 12:27:00+05:30,189.15,189.15,189.15,189.15,0,193765
2025-12-23 12:28:00+05:30,189.15,189.15,189.15,189.15,0,193765
2025-12-23 12:29:00+05:30,186.8,186.8,186.8,186.8,65,192270
2025-12-23 12:30:00+05:30,185.8,185.85,185.55,185.85,520,192270
2025-12-23 12:31:00+05:30,186.2,186.2,185.55,185.55,975,192270
2025-12-23 12:32:00+05:30,185.0,187.2,185.0,186.0,260,192465
2025-12-23 12:33:00+05:30,186.0,187.2,186.0,187.05,2015,192465
2025-12-23 12:34:00+05:30,187.75,187.9,187.75,187.9,130,192465
2025-12-23 12:35:00+05:30,188.85,189.35,187.8,188.85,3380,192725
2025-12-23 12:36:00+05:30,191.05,191.05,189.55,189.55,260,192725
2025-12-23 12:37:00+05:30,190.7,190.7,190.7,190.7,585,192725
2025-12-23 12:38:00+05:30,190.7,190.7,190.7,190.7,0,192725
2025-12-23 12:39:00+05:30,187.6,188.35,187.6,188.35,130,194480
2025-12-23 12:40:00+05:30,189.75,189.75,189.75,189.75,65,194480
2025-12-23 12:41:00+05:30,189.7,190.35,189.7,190.35,520,194350
2025-12-23 12:42:00+05:30,190.25,190.45,189.25,189.25,910,194350
2025-12-23 12:43:00+05:30,189.0,189.4,188.7,189.25,715,194350
2025-12-23 12:44:00+05:30,189.25,189.25,189.25,189.25,0,194350
2025-12-23 12:45:00+05:30,189.4,189.95,189.05,189.95,455,195000
2025-12-23 12:46:00+05:30,189.85,190.85,189.85,190.85,195,195000
2025-12-23 12:47:00+05:30,190.65,190.65,190.15,190.6,260,195065
2025-12-23 12:48:00+05:30,190.75,190.75,190.3,190.3,780,195065
2025-12-23 12:49:00+05:30,189.75,190.0,188.9,188.9,520,195065
2025-12-23 12:50:00+05:30,189.2,190.35,189.15,190.35,520,195130
2025-12-23 12:51:00+05:30,190.35,190.35,190.35,190.35,0,195130
2025-12-23 12:52:00+05:30,189.35,189.4,189.35,189.4,130,195130
2025-12-23 12:53:00+05:30,190.05,190.05,190.05,190.05,585,195195
2025-12-23 12:54:00+05:30,190.8,190.8,190.8,190.8,65,195195
2025-12-23 12:55:00+05:30,190.35,191.3,190.0,190.15,585,195195
2025-12-23 12:56:00+05:30,191.5,192.0,190.85,190.85,325,195065
2025-12-23 12:57:00+05:30,191.1,191.1,191.0,191.0,130,195065
2025-12-23 12:58:00+05:30,190.05,191.35,190.05,190.75,975,195065
2025-12-23 12:59:00+05:30,191.55,191.95,190.25,190.25,2990,195390
2025-12-23 13:00:00+05:30,190.05,190.15,189.7,189.7,650,195390
2025-12-23 13:01:00+05:30,191.95,191.95,190.05,191.05,520,195390
2025-12-23 13:02:00+05:30,191.05,191.05,191.05,191.05,0,195390
2025-12-23 13:03:00+05:30,189.3,189.8,189.3,189.8,195,195130
2025-12-23 13:04:00+05:30,189.8,189.8,189.8,189.8,0,195130
2025-12-23 13:05:00+05:30,189.6,189.6,189.6,189.6,65,195130
2025-12-23 13:06:00+05:30,188.4,188.4,188.4,188.4,130,195130
2025-12-23 13:07:00+05:30,188.4,188.4,188.4,188.4,0,195130
2025-12-23 13:08:00+05:30,188.4,188.4,188.4,188.4,0,195130
2025-12-23 13:09:00+05:30,188.4,188.4,188.4,188.4,0,195130
2025-12-23 13:10:00+05:30,188.4,188.4,188.4,188.4,0,195130
2025-12-23 13:11:00+05:30,189.65,189.65,189.65,189.65,585,195065
2025-12-23 13:12:00+05:30,189.65,189.65,189.65,189.65,65,195065
2025-12-23 13:13:00+05:30,188.95,188.95,188.95,188.95,65,195065
2025-12-23 13:14:00+05:30,188.95,188.95,188.8,188.9,1105,194935
2025-12-23 13:15:00+05:30,188.5,188.5,187.7,187.7,130,194935
2025-12-23 13:16:00+05:30,187.7,187.7,187.7,187.7,0,194935
2025-12-23 13:17:00+05:30,190.2,191.55,190.2,191.1,1495,194740
2025-12-23 13:18:00+05:30,191.15,191.15,190.9,190.9,520,194740
2025-12-23 13:19:00+05:30,190.0,190.0,190.0,190.0,65,194740
2025-12-23 13:20:00+05:30,190.0,190.65,189.15,190.65,390,194025
2025-12-23 13:21:00+05:30,190.65,190.65,190.65,190.65,0,194025
2025-12-23 13:22:00+05:30,190.65,190.65,190.65,190.65,0,194025
2025-12-23 13:23:00+05:30,188.7,188.7,188.7,188.7,130,194155
2025-12-23 13:24:00+05:30,188.0,188.0,188.0,188.0,130,194155
2025-12-23 13:25:00+05:30,188.0,188.0,188.0,188.0,0,194155
2025-12-23 13:26:00+05:30,189.75,189.75,189.75,189.75,130,194155
2025-12-23 13:27:00+05:30,189.75,189.75,189.75,189.75,0,194155
2025-12-23 13:28:00+05:30,189.55,189.55,189.55,189.55,130,194285
2025-12-23 13:29:00+05:30,189.55,189.55,189.55,189.55,0,194285
2025-12-23 13:30:00+05:30,190.0,190.0,189.45,189.45,325,194350
2025-12-23 13:31:00+05:30,189.0,189.0,189.0,189.0,325,194350
2025-12-23 13:32:00+05:30,189.0,189.0,189.0,189.0,0,194350
2025-12-23 13:33:00+05:30,189.25,189.25,189.25,189.25,65,194350
2025-12-23 13:34:00+05:30,189.05,189.05,189.05,189.05,65,194350
2025-12-23 13:35:00+05:30,189.05,189.05,189.05,189.05,0,194350
2025-12-23 13:36:00+05:30,189.05,189.05,189.05,189.05,0,194350
2025-12-23 13:37:00+05:30,188.15,189.0,188.0,189.0,650,194415
2025-12-23 13:38:00+05:30,189.0,189.0,189.0,189.0,0,194415
2025-12-23 13:39:00+05:30,188.05,188.05,188.05,188.05,130,194480
2025-12-23 13:40:00+05:30,187.9,187.9,187.9,187.9,715,194480
2025-12-23 13:41:00+05:30,186.6,186.6,184.55,184.7,1235,194090
2025-12-23 13:42:00+05:30,186.25,186.25,186.25,186.25,65,194090
2025-12-23 13:43:00+05:30,187.75,187.95,186.0,186.0,260,194090
2025-12-23 13:44:00+05:30,186.25,186.5,185.05,186.5,585,193830
2025-12-23 13:45:00+05:30,186.2,186.3,186.2,186.3,260,193830
2025-12-23 13:46:00+05:30,186.1,186.25,186.05,186.25,390,193830
2025-12-23 13:47:00+05:30,186.25,186.4,186.25,186.4,130,193115
2025-12-23 13:48:00+05:30,186.4,186.4,186.4,186.4,0,193115
2025-12-23 13:49:00+05:30,189.05,189.05,187.9,187.9,130,193115
2025-12-23 13:50:00+05:30,185.95,185.95,185.95,185.95,65,193115
2025-12-23 13:51:00+05:30,185.95,185.95,185.95,185.95,0,193115
2025-12-23 13:52:00+05:30,185.95,185.95,185.95,185.95,0,193115
2025-12-23 13:53:00+05:30,185.95,185.95,185.95,185.95,0,193115
2025-12-23 13:54:00+05:30,185.95,185.95,185.95,185.95,0,193115
2025-12-23 13:55:00+05:30,191.65,192.05,191.65,192.05,325,193115
2025-12-23 13:56:00+05:30,192.5,192.5,192.05,192.05,1560,193115
2025-12-23 13:57:00+05:30,190.55,190.95,190.55,190.95,325,192205
2025-12-23 13:58:00+05:30,190.95,190.95,190.95,190.95,0,192205
2025-12-23 13:59:00+05:30,189.6,189.6,189.6,189.6,65,192270
2025-12-23 14:00:00+05:30,192.2,192.2,190.25,190.25,390,192270
2025-12-23 14:01:00+05:30,190.25,190.25,190.25,190.25,0,192270
2025-12-23 14:02:00+05:30,191.65,191.65,191.65,191.65,65,192335
2025-12-23 14:03:00+05:30,192.25,193.15,192.25,193.15,325,192335
2025-12-23 14:04:00+05:30,192.95,193.25,192.95,193.25,715,192335
2025-12-23 14:05:00+05:30,192.1,192.1,191.65,191.65,260,192400
2025-12-23 14:06:00+05:30,191.65,191.7,191.65,191.7,130,192400
2025-12-23 14:07:00+05:30,190.55,191.55,190.55,191.55,130,192400
2025-12-23 14:08:00+05:30,191.5,191.55,191.5,191.55,130,192530
2025-12-23 14:09:00+05:30,190.1,190.7,190.1,190.7,130,192530
2025-12-23 14:10:00+05:30,191.75,191.75,191.75,191.75,130,192530
2025-12-23 14:11:00+05:30,191.9,192.45,191.0,191.0,520,192725
2025-12-23 14:12:00+05:30,191.0,191.0,191.0,191.0,0,192725
2025-12-23 14:13:00+05:30,191.95,191.95,191.95,191.95,65,192725
2025-12-23 14:14:00+05:30,193.8,195.9,193.8,195.9,2990,191295
2025-12-23 14:15:00+05:30,195.6,203.45,195.6,202.0,11180,191295
2025-12-23 14:16:00+05:30,202.15,203.25,200.25,201.15,9230,191295
2025-12-23 14:17:00+05:30,201.65,202.55,200.8,202.55,2470,185120
2025-12-23 14:18:00+05:30,201.8,208.8,201.8,207.85,7475,185120
2025-12-23 14:19:00+05:30,208.95,209.2,203.4,204.5,5070,185120
2025-12-23 14:20:00+05:30,204.35,206.7,204.35,205.45,2535,183950
2025-12-23 14:21:00+05:30,205.7,207.5,205.0,205.0,2405,183950
2025-12-23 14:22:00+05:30,205.6,205.75,204.35,204.55,1365,183950
2025-12-23 14:23:00+05:30,205.05,207.0,204.0,207.0,5655,182455
2025-12-23 14:24:00+05:30,206.95,207.2,206.15,207.2,1950,182455
2025-12-23 14:25:00+05:30,206.5,207.1,206.25,207.1,780,182455
2025-12-23 14:26:00+05:30,206.45,206.45,204.35,204.95,1755,183755
2025-12-23 14:27:00+05:30,204.4,205.95,204.35,205.95,715,183755
2025-12-23 14:28:00+05:30,205.0,205.4,203.95,203.95,845,183755
2025-12-23 14:29:00+05:30,203.15,203.85,202.65,202.8,1690,184210
2025-12-23 14:30:00+05:30,203.8,203.8,200.0,200.25,2275,184210
2025-12-23 14:31:00+05:30,200.2,200.2,197.75,198.45,2925,184210
2025-12-23 14:32:00+05:30,198.95,199.15,198.0,199.15,325,182585
2025-12-23 14:33:00+05:30,198.25,198.25,194.9,194.9,325,182585
2025-12-23 14:34:00+05:30,196.6,196.9,195.25,195.25,520,182585
2025-12-23 14:35:00+05:30,195.9,195.9,195.6,195.6,520,182585
2025-12-23 14:36:00+05:30,197.35,198.65,196.5,197.65,1885,182585
2025-12-23 14:37:00+05:30,197.5,197.5,196.35,196.35,975,182585
2025-12-23 14:38:00+05:30,198.2,198.2,198.0,198.0,780,182585
2025-12-23 14:39:00+05:30,198.05,198.05,196.0,198.0,780,183690
2025-12-23 14:40:00+05:30,197.2,197.2,195.0,195.0,650,183690
2025-12-23 14:41:00+05:30,195.0,195.0,186.85,186.85,4485,184535
2025-12-23 14:42:00+05:30,187.0,188.1,186.0,186.55,2860,184535
2025-12-23 14:43:00+05:30,185.15,186.6,185.15,186.6,715,184535
2025-12-23 14:44:00+05:30,185.25,185.85,181.75,181.75,1560,184990
2025-12-23 14:45:00+05:30,180.4,180.7,178.45,180.7,2080,184990
2025-12-23 14:46:00+05:30,181.65,185.9,181.65,184.8,3640,184990
2025-12-23 14:47:00+05:30,186.6,186.6,183.15,183.8,2340,184795
2025-12-23 14:48:00+05:30,183.85,185.0,183.85,185.0,195,184795
2025-12-23 14:49:00+05:30,185.0,186.25,185.0,186.25,1495,184795
2025-12-23 14:50:00+05:30,187.1,187.15,183.3,183.3,585,184925
2025-12-23 14:51:00+05:30,182.75,183.9,182.75,183.45,1430,184925
2025-12-23 14:52:00+05:30,182.35,184.55,182.35,184.55,6175,184925
2025-12-23 14:53:00+05:30,183.4,184.45,183.4,183.6,2405,187785
2025-12-23 14:54:00+05:30,184.25,184.25,183.35,183.35,1040,187785
2025-12-23 14:55:00+05:30,184.0,184.25,182.85,183.9,585,187785
2025-12-23 14:56:00+05:30,183.55,184.2,183.55,184.2,715,187850
2025-12-23 14:57:00+05:30,183.2,183.6,182.1,183.35,1690,187850
2025-12-23 14:58:00+05:30,183.75,184.5,183.25,184.05,845,187850
2025-12-23 14:59:00+05:30,185.0,186.2,183.75,183.75,1885,187850
2025-12-23 15:00:00+05:30,185.9,187.15,185.85,185.9,6240,188565
2025-12-23 15:01:00+05:30,186.55,186.95,183.45,184.9,2990,188565
2025-12-23 15:02:00+05:30,183.8,184.65,183.8,184.1,1040,188565
2025-12-23 15:03:00+05:30,179.65,179.65,175.9,177.6,3315,189800
2025-12-23 15:04:00+05:30,176.45,178.5,175.15,178.5,4095,189800
2025-12-23 15:05:00+05:30,178.5,179.15,177.6,177.6,1755,189800
2025-12-23 15:06:00+05:30,178.1,178.1,175.55,176.55,1430,192660
2025-12-23 15:07:00+05:30,176.1,177.45,175.6,175.95,2275,192660
2025-12-23 15:08:00+05:30,176.0,176.0,174.45,174.45,780,192660
2025-12-23 15:09:00+05:30,177.15,177.2,176.7,177.1,520,192530
2025-12-23 15:10:00+05:30,176.9,177.2,176.3,176.3,845,192530
2025-12-23 15:11:00+05:30,177.2,177.2,176.0,177.1,520,193115
2025-12-23 15:12:00+05:30,177.1,177.1,175.95,176.8,845,193115
2025-12-23 15:13:00+05:30,176.75,176.95,176.05,176.3,845,193115
2025-12-23 15:14:00+05:30,176.5,177.0,176.15,176.35,2275,193050
2025-12-23 15:15:00+05:30,176.2,176.95,176.05,176.6,2535,193050
2025-12-23 15:16:00+05:30,176.75,176.95,176.45,176.45,1105,193050
2025-12-23 15:17:00+05:30,176.45,176.8,176.35,176.4,1950,193050
2025-12-23 15:18:00+05:30,176.75,176.75,176.75,176.75,195,192010
2025-12-23 15:19:00+05:30,176.2,176.2,174.5,174.9,910,192010
2025-12-23 15:20:00+05:30,174.25,175.45,174.2,175.45,3835,192010
2025-12-23 15:21:00+05:30,175.2,175.7,174.6,175.55,715,189605
2025-12-23 15:22:00+05:30,175.45,175.45,174.6,174.6,520,189605
2025-12-23 15:23:00+05:30,174.65,175.35,174.6,175.35,780,189540
2025-12-23 15:24:00+05:30,174.6,175.55,174.6,175.55,3120,189540
2025-12-23 15:25:00+05:30,174.75,174.75,173.5,173.5,3835,189540
2025-12-23 15:26:00+05:30,173.3,174.3,173.0,173.2,1105,189540
2025-12-23 15:27:00+05:30,173.7,174.65,173.7,174.55,1365,188045
2025-12-23 15:28:00+05:30,173.3,173.9,172.35,172.65,4420,188045
2025-12-23 15:29:00+05:30,172.4,174.05,172.4,172.75,7605,191620
2025-12-24 09:15:00+05:30,172.75,172.75,156.9,156.9,21255,191620
2025-12-24 09:16:00+05:30,155.05,162.35,153.3,162.35,5330,199940
2025-12-24 09:17:00+05:30,162.25,169.3,162.25,169.3,6825,199940
2025-12-24 09:18:00+05:30,171.05,182.25,170.4,180.15,18980,199940
2025-12-24 09:19:00+05:30,182.1,189.0,182.1,186.95,23920,208715
2025-12-24 09:20:00+05:30,186.55,188.2,184.8,186.75,6825,208715
2025-12-24 09:21:00+05:30,188.05,193.45,188.05,192.25,10140,208715
2025-12-24 09:22:00+05:30,192.45,192.95,185.35,186.05,14755,208715
2025-12-24 09:23:00+05:30,184.85,189.55,184.85,186.5,12025,208715
2025-12-24 09:24:00+05:30,186.9,189.1,185.7,186.5,20865,208715
2025-12-24 09:25:00+05:30,187.35,190.0,187.35,188.2,8060,229580
2025-12-24 09:26:00+05:30,187.95,190.3,187.0,190.2,6565,229580
2025-12-24 09:27:00+05:30,189.6,192.4,189.6,190.1,18460,229580
2025-12-24 09:28:00+05:30,189.7,193.0,189.7,191.85,11700,227305
2025-12-24 09:29:00+05:30,193.05,193.7,191.75,192.1,7215,227305
2025-12-24 09:30:00+05:30,193.0,193.9,190.8,191.6,6500,227305
2025-12-24 09:31:00+05:30,190.15,193.5,190.15,191.25,5460,227110
2025-12-24 09:32:00+05:30,191.75,193.4,190.95,191.7,7345,227110
2025-12-24 09:33:00+05:30,192.4,197.15,192.25,194.7,13325,227110
2025-12-24 09:34:00+05:30,195.95,195.95,192.8,193.15,4225,229580
2025-12-24 09:35:00+05:30,192.7,194.7,189.6,189.6,6500,229580
2025-12-24 09:36:00+05:30,189.0,193.0,189.0,190.45,5785,229580
2025-12-24 09:37:00+05:30,191.05,193.0,189.6,190.25,9815,229840
2025-12-24 09:38:00+05:30,190.45,191.6,188.6,189.65,6240,229840
2025-12-24 09:39:00+05:30,189.6,189.85,187.0,188.9,4095,229840
2025-12-24 09:40:00+05:30,187.6,191.0,185.4,189.65,10465,233740
2025-12-24 09:41:00+05:30,189.65,189.65,185.0,185.0,3640,233740
2025-12-24 09:42:00+05:30,184.15,185.2,181.95,185.0,10595,233740
2025-12-24 09:43:00+05:30,185.05,185.05,180.0,182.85,2535,236080
2025-12-24 09:44:00+05:30,184.1,188.25,184.1,187.9,5590,236080
2025-12-24 09:45:00+05:30,188.85,190.5,184.55,188.3,7215,236080
2025-12-24 09:46:00+05:30,188.35,189.65,181.5,182.55,5915,240695
2025-12-24 09:47:00+05:30,181.75,184.0,179.55,179.55,5070,240695
2025-12-24 09:48:00+05:30,178.4,181.6,177.55,180.85,10335,240695
2025-12-24 09:49:00+05:30,180.85,180.85,179.0,180.0,845,241280
2025-12-24 09:50:00+05:30,179.65,183.3,178.75,183.3,7215,241280
2025-12-24 09:51:00+05:30,182.5,188.4,182.35,187.95,5655,241280
2025-12-24 09:52:00+05:30,188.55,192.95,187.1,192.15,9230,243685
2025-12-24 09:53:00+05:30,191.5,191.85,185.1,185.45,6435,243685
2025-12-24 09:54:00+05:30,186.0,189.0,186.0,187.05,2470,243685
2025-12-24 09:55:00+05:30,189.05,189.05,184.7,187.0,1365,244465
2025-12-24 09:56:00+05:30,187.15,187.5,183.5,184.0,2470,244465
2025-12-24 09:57:00+05:30,184.35,187.2,183.35,186.2,1950,244465
2025-12-24 09:58:00+05:30,186.9,190.0,186.45,190.0,2795,246545
2025-12-24 09:59:00+05:30,189.9,190.0,187.65,187.65,3055,246545
2025-12-24 10:00:00+05:30,188.9,188.9,186.85,187.2,15340,246545
2025-12-24 10:01:00+05:30,188.3,189.45,185.85,187.35,2015,253045
2025-12-24 10:02:00+05:30,187.65,188.25,186.95,186.95,2470,253045
2025-12-24 10:03:00+05:30,186.15,186.8,184.95,184.95,7670,253045
2025-12-24 10:04:00+05:30,185.0,185.0,181.3,183.1,5850,254215
2025-12-24 10:05:00+05:30,182.8,183.6,181.5,183.6,2600,254215
2025-12-24 10:06:00+05:30,183.45,185.55,181.2,181.2,1105,254215
2025-12-24 10:07:00+05:30,182.4,184.9,182.25,184.0,975,255580
2025-12-24 10:08:00+05:30,184.25,185.1,180.65,182.4,3705,255580
2025-12-24 10:09:00+05:30,183.75,185.35,183.75,185.05,2080,255580
2025-12-24 10:10:00+05:30,184.65,189.9,184.65,189.9,10075,257010
2025-12-24 10:11:00+05:30,188.7,191.0,186.7,191.0,2340,257010
2025-12-24 10:12:00+05:30,191.95,191.95,187.65,188.0,3120,257010
2025-12-24 10:13:00+05:30,188.45,193.15,187.15,193.1,6825,259090
2025-12-24 10:14:00+05:30,194.0,195.0,191.2,194.25,14560,259090
2025-12-24 10:15:00+05:30,193.8,198.0,192.8,197.4,18655,259090
2025-12-24 10:16:00+05:30,197.2,197.2,194.7,195.85,10400,262470
2025-12-24 10:17:00+05:30,196.2,196.2,191.6,193.35,9815,262470
2025-12-24 10:18:00+05:30,192.7,195.0,192.7,193.7,5590,262470
2025-12-24 10:19:00+05:30,193.0,193.35,190.15,190.15,7735,268970
2025-12-24 10:20:00+05:30,189.95,190.2,187.35,187.35,4095,268970
2025-12-24 10:21:00+05:30,187.15,190.95,187.15,190.5,3575,268970
2025-12-24 10:22:00+05:30,190.7,191.65,188.9,191.4,3055,266695
2025-12-24 10:23:00+05:30,190.85,190.95,190.45,190.45,1690,266695
2025-12-24 10:24:00+05:30,191.5,191.5,188.1,188.95,9165,266695
2025-12-24 10:25:00+05:30,189.25,190.0,188.0,190.0,2730,266110
2025-12-24 10:26:00+05:30,189.75,190.9,189.25,190.3,2665,266110
2025-12-24 10:27:00+05:30,192.0,192.85,189.7,190.5,6045,266110
2025-12-24 10:28:00+05:30,190.15,191.75,190.05,190.6,4030,266175
2025-12-24 10:29:00+05:30,191.15,191.75,190.6,191.6,1170,266175
2025-12-24 10:30:00+05:30,191.6,192.15,190.6,191.35,4420,266175
2025-12-24 10:31:00+05:30,191.65,192.4,190.1,190.1,1235,263900
2025-12-24 10:32:00+05:30,189.85,191.1,189.05,189.2,3965,263900
2025-12-24 10:33:00+05:30,188.9,190.8,188.9,189.6,13845,263900
2025-12-24 10:34:00+05:30,190.05,190.4,189.55,189.6,1300,255125
2025-12-24 10:35:00+05:30,190.35,192.45,189.9,191.15,3965,255125
2025-12-24 10:36:00+05:30,191.0,191.0,187.0,187.45,2795,255125
2025-12-24 10:37:00+05:30,187.35,188.6,185.65,185.65,845,256165
2025-12-24 10:38:00+05:30,186.15,186.5,184.0,184.4,4225,256165
2025-12-24 10:39:00+05:30,183.7,185.5,183.7,185.3,27625,256165
2025-12-24 10:40:00+05:30,185.0,185.9,184.2,185.9,1885,274820
2025-12-24 10:41:00+05:30,186.05,186.35,184.4,185.0,3185,274820
2025-12-24 10:42:00+05:30,185.0,186.0,185.0,186.0,910,274820
2025-12-24 10:43:00+05:30,185.9,186.0,183.45,184.9,2080,276900
2025-12-24 10:44:00+05:30,184.5,184.95,182.45,182.55,4420,276900
2025-12-24 10:45:00+05:30,183.5,183.5,182.0,182.9,2275,276900
2025-12-24 10:46:00+05:30,182.95,182.95,180.8,182.05,1755,276705
2025-12-24 10:47:00+05:30,182.0,182.1,179.6,179.9,2470,276705
2025-12-24 10:48:00+05:30,178.2,178.6,175.0,175.0,8580,276705
2025-12-24 10:49:00+05:30,176.0,178.95,176.0,178.1,2990,275080
2025-12-24 10:50:00+05:30,178.35,178.7,176.4,176.9,3835,275080
2025-12-24 10:51:00+05:30,176.8,177.9,174.1,174.45,4485,275080
2025-12-24 10:52:00+05:30,175.0,175.5,173.9,175.5,2470,275795
2025-12-24 10:53:00+05:30,174.85,176.1,174.5,176.1,780,275795
2025-12-24 10:54:00+05:30,176.2,176.55,171.25,172.6,7995,275795
2025-12-24 10:55:00+05:30,173.6,173.6,171.3,172.2,6175,275015
2025-12-24 10:56:00+05:30,172.9,176.85,172.55,176.85,6305,275015
2025-12-24 10:57:00+05:30,176.25,178.2,176.0,178.2,1365,275015
2025-12-24 10:58:00+05:30,179.0,179.75,178.05,178.65,3770,275665
2025-12-24 10:59:00+05:30,178.8,178.8,175.6,177.0,9815,275665
2025-12-24 11:00:00+05:30,177.4,178.2,176.15,177.0,2210,275665
2025-12-24 11:01:00+05:30,177.25,178.4,177.05,177.05,975,276315
2025-12-24 11:02:00+05:30,177.35,177.35,169.05,169.05,7865,276315
2025-12-24 11:03:00+05:30,169.35,171.7,168.1,170.9,7865,276315
2025-12-24 11:04:00+05:30,171.3,172.0,169.9,171.0,3380,275795
2025-12-24 11:05:00+05:30,172.65,173.75,172.2,173.5,2535,275795
2025-12-24 11:06:00+05:30,174.0,174.6,172.6,172.6,4485,275795
2025-12-24 11:07:00+05:30,172.05,173.55,171.2,173.55,4745,276250
2025-12-24 11:08:00+05:30,173.55,175.3,172.1,172.2,4095,276250
2025-12-24 11:09:00+05:30,173.4,175.05,173.0,174.0,3835,276250
2025-12-24 11:10:00+05:30,174.75,174.75,172.55,173.45,910,277745
2025-12-24 11:11:00+05:30,173.1,173.55,172.3,172.95,2665,277745
2025-12-24 11:12:00+05:30,173.5,177.0,173.35,175.8,2860,277745
2025-12-24 11:13:00+05:30,176.7,178.5,176.7,177.65,1950,278655
2025-12-24 11:14:00+05:30,179.0,179.45,178.0,178.0,2275,278655
2025-12-24 11:15:00+05:30,177.85,179.5,177.6,177.65,3770,278655
2025-12-24 11:16:00+05:30,178.4,180.05,177.6,178.25,2730,280280
2025-12-24 11:17:00+05:30,178.7,178.7,177.0,177.7,1300,280280
2025-12-24 11:18:00+05:30,177.95,178.95,177.95,178.95,650,280280
2025-12-24 11:19:00+05:30,177.3,177.65,175.7,177.65,1495,279955
2025-12-24 11:20:00+05:30,177.65,179.55,177.65,179.55,1170,279955
2025-12-24 11:21:00+05:30,180.3,181.85,179.5,181.4,2340,279955
2025-12-24 11:22:00+05:30,181.85,181.85,180.65,181.55,2210,280930
2025-12-24 11:23:00+05:30,183.0,184.4,182.3,182.9,4745,280930
2025-12-24 11:24:00+05:30,182.85,183.0,180.15,180.15,1430,280930
2025-12-24 11:25:00+05:30,180.25,180.25,177.35,177.35,1625,281450
2025-12-24 11:26:00+05:30,174.75,175.0,174.45,174.8,975,281450
2025-12-24 11:27:00+05:30,176.15,177.0,176.15,176.65,650,281450
2025-12-24 11:28:00+05:30,175.65,175.75,175.65,175.75,390,281450
2025-12-24 11:29:00+05:30,178.85,179.5,177.7,177.7,2470,281060
2025-12-24 11:30:00+05:30,178.7,179.2,177.7,178.2,5200,281060
2025-12-24 11:31:00+05:30,178.45,178.6,176.85,176.85,1755,285220
2025-12-24 11:32:00+05:30,177.4,179.85,176.5,179.4,1495,285220
2025-12-24 11:33:00+05:30,178.9,180.0,178.0,178.4,1430,285220
2025-12-24 11:34:00+05:30,180.45,180.45,177.85,177.85,1625,286325
2025-12-24 11:35:00+05:30,179.15,179.15,178.05,178.05,390,286325
2025-12-24 11:36:00+05:30,177.6,178.05,177.6,177.85,325,286325
2025-12-24 11:37:00+05:30,177.8,177.8,175.55,175.55,1755,287170
2025-12-24 11:38:00+05:30,175.6,176.9,174.5,175.5,6110,287170
2025-12-24 11:39:00+05:30,174.95,175.55,174.0,174.0,1885,287170
2025-12-24 11:40:00+05:30,173.8,174.4,172.75,174.3,455,287170
2025-12-24 11:41:00+05:30,173.0,173.4,171.05,173.25,2925,287820
2025-12-24 11:42:00+05:30,172.85,173.35,168.2,168.2,2665,287820
2025-12-24 11:43:00+05:30,168.4,168.4,162.25,162.25,12025,291785
2025-12-24 11:44:00+05:30,162.9,163.4,160.19,161.25,10530,291785
2025-12-24 11:45:00+05:30,160.25,161.69,158.8,160.6,12545,291785
2025-12-24 11:46:00+05:30,158.1,161.69,158.1,159.69,7215,290745
2025-12-24 11:47:00+05:30,159.44,160.0,159.3,159.94,8255,290745
2025-12-24 11:48:00+05:30,159.8,160.65,159.3,160.05,3770,290745
2025-12-24 11:49:00+05:30,160.69,162.55,159.94,159.94,1365,294060
2025-12-24 11:50:00+05:30,160.19,161.25,159.94,161.25,3835,294060
2025-12-24 11:51:00+05:30,161.25,161.25,159.6,160.44,3120,294060
2025-12-24 11:52:00+05:30,160.25,161.85,159.0,159.6,11375,301470
2025-12-24 11:53:00+05:30,160.4,161.0,160.4,161.0,845,301470
2025-12-24 11:54:00+05:30,160.15,162.05,160.15,162.05,1170,301470
2025-12-24 11:55:00+05:30,162.44,164.75,162.44,163.85,6565,302900
2025-12-24 11:56:00+05:30,164.7,165.0,163.85,164.9,5395,302900
2025-12-24 11:57:00+05:30,164.8,164.8,163.0,163.19,2665,302900
2025-12-24 11:58:00+05:30,163.69,166.9,163.69,166.9,975,303940
2025-12-24 11:59:00+05:30,167.2,167.2,164.95,164.95,3055,303940
2025-12-24 12:00:00+05:30,165.25,165.25,164.55,165.0,1235,303940
2025-12-24 12:01:00+05:30,164.0,164.6,161.25,162.44,2535,303290
2025-12-24 12:02:00+05:30,163.05,166.25,163.05,165.35,2080,303290
2025-12-24 12:03:00+05:30,166.1,166.1,165.15,165.15,1105,303290
2025-12-24 12:04:00+05:30,166.8,166.8,165.8,165.8,1105,303875
2025-12-24 12:05:00+05:30,165.3,166.6,165.3,166.2,845,303875
2025-12-24 12:06:00+05:30,165.45,166.4,165.05,166.3,1105,303875
2025-12-24 12:07:00+05:30,166.8,166.95,165.05,165.45,1235,304200
2025-12-24 12:08:00+05:30,165.0,166.0,164.0,164.0,1885,304200
2025-12-24 12:09:00+05:30,163.9,164.25,162.8,164.25,2275,304200
2025-12-24 12:10:00+05:30,163.85,164.15,163.25,163.25,910,304655
2025-12-24 12:11:00+05:30,165.35,165.35,162.6,162.94,1235,304655
2025-12-24 12:12:00+05:30,162.5,164.1,162.5,164.0,650,304655
2025-12-24 12:13:00+05:30,164.2,166.15,163.75,165.75,1690,305760
2025-12-24 12:14:00+05:30,166.1,167.0,165.85,166.0,1755,305760
2025-12-24 12:15:00+05:30,166.1,166.5,165.25,166.2,975,305760
2025-12-24 12:16:00+05:30,165.75,168.0,165.75,167.15,2470,306150
2025-12-24 12:17:00+05:30,167.25,167.35,165.75,165.95,1430,306150
2025-12-24 12:18:00+05:30,166.3,169.35,166.3,169.35,3640,306150
2025-12-24 12:19:00+05:30,169.4,169.4,167.05,167.05,3380,305110
2025-12-24 12:20:00+05:30,166.85,167.1,164.8,164.8,7345,305110
2025-12-24 12:21:00+05:30,166.75,168.0,166.45,167.2,2015,305110
2025-12-24 12:22:00+05:30,167.0,167.0,165.2,165.5,520,307450
2025-12-24 12:23:00+05:30,165.4,166.5,164.85,165.5,715,307450
2025-12-24 12:24:00+05:30,164.65,165.0,164.25,164.3,3185,307450
2025-12-24 12:25:00+05:30,164.0,166.0,164.0,166.0,455,308230
2025-12-24 12:26:00+05:30,166.55,170.2,166.55,170.2,5785,308230
2025-12-24 12:27:00+05:30,169.4,170.1,168.8,168.8,1820,308230
2025-12-24 12:28:00+05:30,168.25,168.25,167.25,167.25,390,308230
2025-12-24 12:29:00+05:30,167.05,167.4,167.05,167.4,455,305955
2025-12-24 12:30:00+05:30,168.45,168.55,168.45,168.55,130,305955
2025-12-24 12:31:00+05:30,170.9,171.5,169.45,170.8,5460,305955
2025-12-24 12:32:00+05:30,170.9,172.0,170.9,171.25,2535,306540
2025-12-24 12:33:00+05:30,170.65,171.6,169.35,169.35,1885,306540
2025-12-24 12:34:00+05:30,170.0,170.5,169.9,169.9,780,306540
2025-12-24 12:35:00+05:30,169.6,170.1,169.4,170.1,1040,307710
2025-12-24 12:36:00+05:30,171.8,171.8,169.75,170.0,1560,307710
2025-12-24 12:37:00+05:30,170.0,170.0,169.0,169.55,2665,307710
2025-12-24 12:38:00+05:30,169.6,169.6,168.1,168.1,650,307840
2025-12-24 12:39:00+05:30,168.55,168.55,164.3,166.5,5785,307840
2025-12-24 12:40:00+05:30,165.6,166.0,164.7,164.85,3965,307840
2025-12-24 12:41:00+05:30,165.4,166.0,162.75,162.75,3380,307710
2025-12-24 12:42:00+05:30,163.05,163.05,161.05,161.05,5135,307710
2025-12-24 12:43:00+05:30,162.55,164.5,162.55,164.5,1755,307710
2025-12-24 12:44:00+05:30,164.9,165.2,162.55,162.55,585,310310
2025-12-24 12:45:00+05:30,162.05,163.4,161.9,162.1,520,310310
2025-12-24 12:46:00+05:30,161.6,161.9,161.6,161.9,195,310310
2025-12-24 12:47:00+05:30,163.19,163.19,161.65,161.65,455,310505
2025-12-24 12:48:00+05:30,161.69,163.44,161.5,163.44,1105,310505
2025-12-24 12:49:00+05:30,163.15,163.15,160.0,160.0,520,310505
2025-12-24 12:50:00+05:30,160.35,160.9,159.69,159.69,715,311350
2025-12-24 12:51:00+05:30,159.25,161.1,158.9,161.0,1040,311350
2025-12-24 12:52:00+05:30,160.0,160.0,158.9,159.65,455,311350
2025-12-24 12:53:00+05:30,160.0,161.0,159.65,161.0,975,311740
2025-12-24 12:54:00+05:30,159.65,159.65,159.65,159.65,65,311740
2025-12-24 12:55:00+05:30,160.85,161.35,160.0,160.0,1950,311740
2025-12-24 12:56:00+05:30,160.0,160.0,157.94,159.9,7020,313365
2025-12-24 12:57:00+05:30,159.35,160.4,159.05,160.3,1950,313365
2025-12-24 12:58:00+05:30,160.05,161.5,160.05,161.5,715,313365
2025-12-24 12:59:00+05:30,160.5,160.5,160.35,160.35,780,313300
2025-12-24 13:00:00+05:30,160.5,160.5,156.0,157.0,5590,313300
2025-12-24 13:01:00+05:30,157.55,157.55,156.1,156.44,520,313300
2025-12-24 13:02:00+05:30,158.15,158.15,155.3,155.5,1105,315315
2025-12-24 13:03:00+05:30,156.65,158.3,156.3,158.3,1495,315315
2025-12-24 13:04:00+05:30,159.0,159.19,158.44,159.19,520,315315
2025-12-24 13:05:00+05:30,156.6,157.69,155.0,157.69,1560,315185
2025-12-24 13:06:00+05:30,156.85,157.0,155.05,155.05,1235,315185
2025-12-24 13:07:00+05:30,156.94,158.5,156.6,157.25,1625,315185
2025-12-24 13:08:00+05:30,155.8,156.4,154.75,155.3,2340,316550
2025-12-24 13:09:00+05:30,154.25,155.8,153.0,155.8,2600,316550
2025-12-24 13:10:00+05:30,156.0,156.0,154.0,154.9,1235,316550
2025-12-24 13:11:00+05:30,156.3,156.3,149.19,153.75,21450,314925
2025-12-24 13:12:00+05:30,153.19,154.94,151.75,153.3,1365,314925
2025-12-24 13:13:00+05:30,154.65,156.4,154.05,155.44,1950,314925
2025-12-24 13:14:00+05:30,156.15,157.44,155.0,155.0,1690,316225
2025-12-24 13:15:00+05:30,154.35,155.75,152.05,153.85,2730,316225
2025-12-24 13:16:00+05:30,154.55,156.05,154.4,155.3,715,316225
2025-12-24 13:17:00+05:30,155.85,155.85,154.1,154.44,845,315900
2025-12-24 13:18:00+05:30,154.0,155.05,153.0,154.3,1560,315900
2025-12-24 13:19:00+05:30,154.15,154.5,153.8,154.5,520,315900
2025-12-24 13:20:00+05:30,153.05,155.19,153.05,155.19,260,316615
2025-12-24 13:21:00+05:30,157.1,157.1,153.69,153.69,975,316615
2025-12-24 13:22:00+05:30,153.0,153.15,151.65,152.75,1560,316615
2025-12-24 13:23:00+05:30,152.75,152.85,150.6,152.3,2275,317200
2025-12-24 13:24:00+05:30,152.19,153.65,151.8,152.19,1300,317200
2025-12-24 13:25:00+05:30,151.8,151.8,150.0,150.69,2860,317200
2025-12-24 13:26:00+05:30,150.69,153.55,149.55,153.25,4420,317525
2025-12-24 13:27:00+05:30,152.05,154.35,152.05,152.6,715,317525
2025-12-24 13:28:00+05:30,152.44,153.4,152.3,152.3,390,317525
2025-12-24 13:29:00+05:30,150.75,152.55,150.75,151.6,1885,318045
2025-12-24 13:30:00+05:30,150.55,151.19,149.5,150.55,1105,318045
2025-12-24 13:31:00+05:30,149.5,151.4,147.6,148.0,3900,318045
2025-12-24 13:32:00+05:30,146.8,146.8,140.1,141.5,11440,320580
2025-12-24 13:33:00+05:30,140.4,142.94,139.0,142.94,6695,320580
2025-12-24 13:34:00+05:30,142.3,145.0,142.15,144.1,2990,320580
2025-12-24 13:35:00+05:30,144.15,144.44,143.5,143.5,2080,320060
2025-12-24 13:36:00+05:30,143.25,144.8,142.3,144.8,3965,320060
2025-12-24 13:37:00+05:30,144.0,144.0,143.6,143.94,1690,320060
2025-12-24 13:38:00+05:30,143.65,144.69,143.19,144.69,1040,322335
2025-12-24 13:39:00+05:30,144.65,144.65,143.19,143.19,1300,322335
2025-12-24 13:40:00+05:30,143.55,144.25,143.0,143.0,4810,322335
2025-12-24 13:41:00+05:30,143.35,143.35,142.5,142.85,845,322400
2025-12-24 13:42:00+05:30,141.25,141.6,140.0,140.4,975,322400
2025-12-24 13:43:00+05:30,140.65,143.3,140.0,143.05,1625,322400
2025-12-24 13:44:00+05:30,144.19,144.8,143.69,144.3,2795,322530
2025-12-24 13:45:00+05:30,143.5,143.5,142.5,142.55,1885,322530
2025-12-24 13:46:00+05:30,142.65,143.25,141.5,142.65,585,322530
2025-12-24 13:47:00+05:30,142.4,142.65,141.55,142.65,1300,324935
2025-12-24 13:48:00+05:30,143.0,143.0,142.0,142.5,585,324935
2025-12-24 13:49:00+05:30,142.94,144.25,142.94,144.25,1170,324935
2025-12-24 13:50:00+05:30,143.75,144.05,143.69,144.0,9815,325520
2025-12-24 13:51:00+05:30,144.0,146.94,144.0,146.94,5330,325520
2025-12-24 13:52:00+05:30,147.35,147.69,145.85,145.85,4875,325520
2025-12-24 13:53:00+05:30,146.5,147.0,146.19,146.4,3055,325455
2025-12-24 13:54:00+05:30,146.8,147.44,146.8,147.35,2535,325455
2025-12-24 13:55:00+05:30,147.25,147.9,147.25,147.4,1885,325455
2025-12-24 13:56:00+05:30,146.4,146.4,142.0,142.05,1560,327210
2025-12-24 13:57:00+05:30,140.8,140.8,138.25,140.6,4875,327210
2025-12-24 13:58:00+05:30,140.4,141.44,140.3,140.69,3835,327210
2025-12-24 13:59:00+05:30,140.55,141.1,139.6,139.75,6370,326040
2025-12-24 14:00:00+05:30,139.15,139.75,138.15,138.9,1365,326040
2025-12-24 14:01:00+05:30,138.44,138.44,136.65,138.3,4355,326040
2025-12-24 14:02:00+05:30,137.94,139.5,137.94,139.1,3055,328185
2025-12-24 14:03:00+05:30,138.3,138.69,137.5,138.1,1430,328185
2025-12-24 14:04:00+05:30,137.25,139.65,137.25,138.85,1690,328185
2025-12-24 14:05:00+05:30,139.05,140.05,139.0,139.9,2405,329095
2025-12-24 14:06:00+05:30,139.8,140.15,137.75,139.0,10985,329095
2025-12-24 14:07:00+05:30,138.6,139.35,137.69,137.69,7735,329095
2025-12-24 14:08:00+05:30,137.44,139.5,137.25,139.0,7410,328445
2025-12-24 14:09:00+05:30,139.4,141.19,139.4,140.75,5915,328445
2025-12-24 14:10:00+05:30,141.19,141.8,138.0,139.6,4290,328445
2025-12-24 14:11:00+05:30,140.15,140.3,138.85,139.55,845,329745
2025-12-24 14:12:00+05:30,139.69,139.69,138.5,138.5,650,329745
2025-12-24 14:13:00+05:30,138.85,139.4,138.85,139.1,1690,329745
2025-12-24 14:14:00+05:30,139.94,140.35,139.9,140.1,845,330460
2025-12-24 14:15:00+05:30,140.5,140.5,139.19,139.19,1105,330460
2025-12-24 14:16:00+05:30,139.6,142.0,139.6,141.1,5330,330460
2025-12-24 14:17:00+05:30,140.0,140.5,138.5,140.5,1235,328965
2025-12-24 14:18:00+05:30,140.55,141.05,139.94,140.25,3250,328965
2025-12-24 14:19:00+05:30,140.0,140.35,139.44,139.44,780,328965
2025-12-24 14:20:00+05:30,139.44,139.44,137.5,137.5,715,327535
2025-12-24 14:21:00+05:30,138.15,138.15,136.5,137.35,6760,327535
2025-12-24 14:22:00+05:30,137.35,137.35,134.0,134.69,5980,327535
2025-12-24 14:23:00+05:30,135.15,135.15,133.8,134.1,4030,330785
2025-12-24 14:24:00+05:30,132.94,136.94,132.69,136.94,6175,330785
2025-12-24 14:25:00+05:30,135.85,136.19,132.55,133.8,5070,330785
2025-12-24 14:26:00+05:30,133.6,133.85,128.5,130.6,11310,329225
2025-12-24 14:27:00+05:30,130.65,132.9,130.4,132.9,2730,329225
2025-12-24 14:28:00+05:30,132.05,133.0,130.94,132.69,11570,329225
2025-12-24 14:29:00+05:30,132.69,134.25,132.69,133.6,6370,332345
2025-12-24 14:30:00+05:30,133.85,138.1,133.1,137.6,5915,332345
2025-12-24 14:31:00+05:30,137.15,137.69,134.94,135.35,4940,332345
2025-12-24 14:32:00+05:30,135.4,135.55,134.25,134.9,3250,330980
2025-12-24 14:33:00+05:30,135.6,136.5,135.25,136.0,520,330980
2025-12-24 14:34:00+05:30,136.44,136.55,134.69,134.69,1495,330980
2025-12-24 14:35:00+05:30,134.65,135.35,134.65,135.35,780,331760
2025-12-24 14:36:00+05:30,134.75,134.75,131.85,132.25,3445,331760
2025-12-24 14:37:00+05:30,132.69,133.19,130.94,132.1,1430,331760
2025-12-24 14:38:00+05:30,131.9,132.69,131.9,132.69,1105,332410
2025-12-24 14:39:00+05:30,133.15,134.1,132.94,134.1,8125,332410
2025-12-24 14:40:00+05:30,133.5,135.5,133.5,134.15,6435,332410
2025-12-24 14:41:00+05:30,134.4,134.4,133.19,133.8,390,333190
2025-12-24 14:42:00+05:30,133.75,133.85,131.94,133.5,650,333190
2025-12-24 14:43:00+05:30,133.75,134.19,133.5,134.15,715,333190
2025-12-24 14:44:00+05:30,134.55,135.15,133.94,135.15,845,333060
2025-12-24 14:45:00+05:30,136.25,138.5,135.44,135.44,4290,333060
2025-12-24 14:46:00+05:30,136.25,137.5,136.25,137.5,3055,333060
2025-12-24 14:47:00+05:30,138.0,138.75,138.0,138.5,1950,331955
2025-12-24 14:48:00+05:30,139.0,139.19,137.0,137.0,1040,331955
2025-12-24 14:49:00+05:30,136.35,136.35,134.6,134.6,1235,331955
2025-12-24 14:50:00+05:30,134.85,134.85,133.5,133.75,3120,332865
2025-12-24 14:51:00+05:30,133.8,133.94,132.94,132.94,845,332865
2025-12-24 14:52:00+05:30,134.0,134.69,133.0,133.0,845,332865
2025-12-24 14:53:00+05:30,133.1,133.4,132.75,132.85,1690,334685
2025-12-24 14:54:00+05:30,132.75,135.44,132.75,135.19,2535,334685
2025-12-24 14:55:00+05:30,134.8,136.19,134.4,135.44,2925,334685
2025-12-24 14:56:00+05:30,135.65,136.85,135.65,136.85,2015,333905
2025-12-24 14:57:00+05:30,135.6,136.6,134.4,135.5,1755,333905
2025-12-24 14:58:00+05:30,135.94,136.94,135.94,136.8,2080,333905
2025-12-24 14:59:00+05:30,136.94,138.8,136.9,138.65,1885,335205
2025-12-24 15:00:00+05:30,139.44,140.35,135.94,136.35,7475,335205
2025-12-24 15:01:00+05:30,136.19,136.65,134.35,134.75,4615,335205
2025-12-24 15:02:00+05:30,134.8,134.85,133.25,133.94,7540,340080
2025-12-24 15:03:00+05:30,133.4,135.9,132.4,135.05,6565,340080
2025-12-24 15:04:00+05:30,135.15,135.35,133.4,135.35,4810,340080
2025-12-24 15:05:00+05:30,135.25,136.5,134.69,136.5,5005,339235
2025-12-24 15:06:00+05:30,137.0,137.19,135.55,137.1,1820,339235
2025-12-24 15:07:00+05:30,136.55,136.8,134.19,134.8,2665,339235
2025-12-24 15:08:00+05:30,135.0,135.85,134.1,135.85,4225,340860
2025-12-24 15:09:00+05:30,135.4,135.94,134.05,134.6,19890,340860
2025-12-24 15:10:00+05:30,135.35,135.35,134.3,134.8,8190,340860
2025-12-24 15:11:00+05:30,134.65,135.8,134.05,135.8,6565,335075
2025-12-24 15:12:00+05:30,135.25,135.4,134.55,135.0,4095,335075
2025-12-24 15:13:00+05:30,134.8,134.9,134.15,134.15,44785,335075
2025-12-24 15:14:00+05:30,134.05,134.55,133.65,134.1,55965,406445
2025-12-24 15:15:00+05:30,134.69,134.8,133.69,134.1,8515,406445
2025-12-24 15:16:00+05:30,134.0,134.0,133.19,133.75,3835,406445
2025-12-24 15:17:00+05:30,134.0,134.0,132.85,133.19,2535,408525
2025-12-24 15:18:00+05:30,132.85,133.19,132.35,132.69,2795,408525
2025-12-24 15:19:00+05:30,133.44,133.44,132.44,132.65,10530,408525
2025-12-24 15:20:00+05:30,132.85,133.55,132.69,133.15,12220,410475
2025-12-24 15:21:00+05:30,132.94,133.19,132.5,132.5,5850,410475
2025-12-24 15:22:00+05:30,132.44,133.0,132.15,132.3,5590,410475
2025-12-24 15:23:00+05:30,132.75,133.4,132.35,132.69,13390,409370
2025-12-24 15:24:00+05:30,132.8,133.75,132.75,133.55,6695,409370
2025-12-24 15:25:00+05:30,133.94,133.94,131.75,131.9,7605,409370
2025-12-24 15:26:00+05:30,131.65,132.19,131.19,131.85,13975,414245
2025-12-24 15:27:00+05:30,131.69,131.69,131.0,131.0,7735,414245
2025-12-24 15:28:00+05:30,130.69,132.0,130.19,130.25,12220,414245
2025-12-24 15:29:00+05:30,130.44,130.69,129.0,130.3,19630,416390
2025-12-26 09:15:00+05:30,115.0,115.0,96.45,97.65,42055,413530
2025-12-26 09:16:00+05:30,98.15,106.2,98.05,106.2,39390,412685
2025-12-26 09:17:00+05:30,105.15,111.0,105.15,107.45,16900,412685
2025-12-26 09:18:00+05:30,108.35,115.1,107.4,114.4,49205,412685
2025-12-26 09:19:00+05:30,113.75,115.8,109.6,109.6,32500,414635
2025-12-26 09:20:00+05:30,111.35,111.35,107.7,110.35,22750,414635
2025-12-26 09:21:00+05:30,110.4,111.35,107.2,107.2,8450,414635
2025-12-26 09:22:00+05:30,107.95,108.6,103.65,106.75,10205,419705
2025-12-26 09:23:00+05:30,106.0,109.15,104.75,105.35,7865,419705
2025-12-26 09:24:00+05:30,105.75,109.05,105.7,108.55,15145,419705
2025-12-26 09:25:00+05:30,108.3,111.8,106.3,107.7,34905,418405
2025-12-26 09:26:00+05:30,109.0,110.8,107.0,108.85,11180,418405
2025-12-26 09:27:00+05:30,109.25,109.9,106.3,106.6,5915,418405
2025-12-26 09:28:00+05:30,106.0,109.25,105.05,109.25,7085,425035
2025-12-26 09:29:00+05:30,108.7,108.7,104.15,107.4,11570,425035
2025-12-26 09:30:00+05:30,107.2,107.4,103.35,104.2,9295,425035
2025-12-26 09:31:00+05:30,103.25,104.15,101.6,101.6,15990,428610
2025-12-26 09:32:00+05:30,101.65,102.3,97.75,98.15,26845,428610
2025-12-26 09:33:00+05:30,98.7,99.4,97.05,97.6,11635,428610
2025-12-26 09:34:00+05:30,97.9,98.05,96.8,97.25,11050,434525
2025-12-26 09:35:00+05:30,97.5,97.5,94.25,95.2,19695,434525
2025-12-26 09:36:00+05:30,95.2,95.85,94.0,94.25,4485,434525
2025-12-26 09:37:00+05:30,94.35,94.35,92.05,92.05,5980,439270
2025-12-26 09:38:00+05:30,92.6,93.4,91.8,92.2,7800,439270
2025-12-26 09:39:00+05:30,92.2,92.3,91.4,91.5,8645,439270
2025-12-26 09:40:00+05:30,91.5,91.5,89.6,89.85,20605,442650
2025-12-26 09:41:00+05:30,89.7,91.15,89.2,90.9,11505,442650
2025-12-26 09:42:00+05:30,90.8,90.8,88.2,88.35,35360,442650
2025-12-26 09:43:00+05:30,88.35,88.35,85.4,85.95,11115,462085
2025-12-26 09:44:00+05:30,86.05,86.8,85.4,86.3,17810,462085
2025-12-26 09:45:00+05:30,85.45,86.6,85.45,86.5,15730,462085
2025-12-26 09:46:00+05:30,85.8,86.6,85.2,85.65,6955,468260
2025-12-26 09:47:00+05:30,85.3,86.55,85.05,85.75,7540,468260
2025-12-26 09:48:00+05:30,85.25,86.5,85.25,86.0,6240,468260
2025-12-26 09:49:00+05:30,86.55,88.25,86.55,88.25,15405,476580
2025-12-26 09:50:00+05:30,88.2,88.65,87.0,87.0,5135,476580
2025-12-26 09:51:00+05:30,86.7,86.8,85.5,85.6,5655,476580
2025-12-26 09:52:00+05:30,84.45,84.6,83.1,83.1,15795,485355
2025-12-26 09:53:00+05:30,83.0,83.25,80.3,83.2,14365,485355
2025-12-26 09:54:00+05:30,83.6,84.6,83.3,83.65,9360,485355
2025-12-26 09:55:00+05:30,83.65,84.55,83.25,83.3,4875,484900
2025-12-26 09:56:00+05:30,83.75,84.35,83.25,83.65,5070,484900
2025-12-26 09:57:00+05:30,84.1,84.45,83.35,84.05,5980,484900
2025-12-26 09:58:00+05:30,84.6,85.7,84.45,85.7,2340,482235
2025-12-26 09:59:00+05:30,85.75,87.0,85.3,85.5,6565,482235
2025-12-26 10:00:00+05:30,85.65,86.4,84.5,84.7,8775,482235
2025-12-26 10:01:00+05:30,84.8,84.8,83.25,84.1,7995,492570
2025-12-26 10:02:00+05:30,84.35,84.85,83.5,83.5,1820,492570
2025-12-26 10:03:00+05:30,84.3,86.25,84.0,86.25,2600,492570
2025-12-26 10:04:00+05:30,85.9,87.75,85.45,87.7,2925,491660
2025-12-26 10:05:00+05:30,87.85,88.25,86.8,87.15,4550,491660
2025-12-26 10:06:00+05:30,86.85,88.4,86.85,88.1,2795,491660
2025-12-26 10:07:00+05:30,87.95,88.25,86.8,86.95,4095,491920
2025-12-26 10:08:00+05:30,87.7,88.8,87.25,87.65,4355,491920
2025-12-26 10:09:00+05:30,87.5,87.5,86.4,86.7,4160,491920
2025-12-26 10:10:00+05:30,86.7,87.0,85.9,86.25,1950,492050
2025-12-26 10:11:00+05:30,85.65,87.15,84.9,87.15,3510,492050
2025-12-26 10:12:00+05:30,86.8,87.0,86.0,86.9,4160,492050
2025-12-26 10:13:00+05:30,87.6,88.35,87.1,87.6,2080,494455
2025-12-26 10:14:00+05:30,87.1,87.5,86.6,86.6,780,494455
2025-12-26 10:15:00+05:30,86.0,86.3,85.45,85.65,5265,494455
2025-12-26 10:16:00+05:30,85.6,86.95,85.6,86.25,5525,495820
2025-12-26 10:17:00+05:30,86.0,86.1,85.3,86.0,520,495820
2025-12-26 10:18:00+05:30,85.5,86.4,85.25,85.25,2535,495820
2025-12-26 10:19:00+05:30,85.9,87.0,85.9,86.0,1105,500045
2025-12-26 10:20:00+05:30,86.2,86.2,85.25,85.3,1040,500045
2025-12-26 10:21:00+05:30,85.45,86.0,84.8,85.5,1560,500045
2025-12-26 10:22:00+05:30,86.4,86.4,84.45,84.45,6500,498290
2025-12-26 10:23:00+05:30,84.6,84.7,83.1,84.7,3445,498290
2025-12-26 10:24:00+05:30,84.65,85.05,84.45,84.55,7475,498290
2025-12-26 10:25:00+05:30,84.8,85.0,84.2,85.0,1820,495300
2025-12-26 10:26:00+05:30,84.6,85.0,84.0,84.1,1690,495300
2025-12-26 10:27:00+05:30,84.55,85.2,84.1,84.75,1755,495300
2025-12-26 10:28:00+05:30,84.25,85.95,84.25,85.95,1755,495105
2025-12-26 10:29:00+05:30,86.1,87.5,85.9,87.3,1820,495105
2025-12-26 10:30:00+05:30,88.2,88.45,86.9,86.9,7280,495105
2025-12-26 10:31:00+05:30,86.9,88.2,86.7,88.2,2470,492115
2025-12-26 10:32:00+05:30,88.0,88.0,85.7,86.5,7475,492115
2025-12-26 10:33:00+05:30,86.85,87.6,86.5,86.5,4875,492115
2025-12-26 10:34:00+05:30,86.8,86.8,85.9,85.9,5265,485940
2025-12-26 10:35:00+05:30,85.5,86.0,85.5,86.0,1040,485940
2025-12-26 10:36:00+05:30,86.35,86.35,86.35,86.35,130,485940
2025-12-26 10:37:00+05:30,86.4,86.6,85.35,85.35,1950,485875
2025-12-26 10:38:00+05:30,85.2,85.2,84.25,84.25,1625,485875
2025-12-26 10:39:00+05:30,84.8,86.95,84.6,86.95,5265,485875
2025-12-26 10:40:00+05:30,86.9,88.0,86.0,86.35,5265,486915
2025-12-26 10:41:00+05:30,86.1,86.7,85.35,86.7,2405,486915
2025-12-26 10:42:00+05:30,86.5,87.4,86.5,86.9,1560,486915
2025-12-26 10:43:00+05:30,87.3,87.3,85.85,85.9,4160,486850
2025-12-26 10:44:00+05:30,86.15,86.8,85.5,86.35,2145,486850
2025-12-26 10:45:00+05:30,86.3,86.5,85.35,85.35,1235,486850
2025-12-26 10:46:00+05:30,85.5,85.7,85.5,85.7,1820,486850
2025-12-26 10:47:00+05:30,86.8,86.8,86.3,86.3,715,487110
2025-12-26 10:48:00+05:30,86.5,87.15,86.2,86.8,1040,487110
2025-12-26 10:49:00+05:30,86.5,86.5,85.2,85.85,1885,487695
2025-12-26 10:50:00+05:30,86.55,86.65,85.85,86.25,1625,487695
2025-12-26 10:51:00+05:30,85.55,85.55,84.7,85.05,3055,487695
2025-12-26 10:52:00+05:30,85.0,85.55,84.95,85.3,7280,487500
2025-12-26 10:53:00+05:30,86.0,86.75,85.5,86.7,2665,487500
2025-12-26 10:54:00+05:30,86.25,86.3,85.55,85.55,1300,487500
2025-12-26 10:55:00+05:30,86.2,86.2,85.15,85.65,4745,488475
2025-12-26 10:56:00+05:30,85.05,85.3,83.75,85.0,4745,488475
2025-12-26 10:57:00+05:30,84.7,85.6,84.65,85.35,5460,488475
2025-12-26 10:58:00+05:30,84.8,86.65,84.8,86.6,2730,486200
2025-12-26 10:59:00+05:30,87.0,87.6,85.55,85.55,6955,486200
2025-12-26 11:00:00+05:30,86.2,86.7,85.2,85.2,5135,486200
2025-12-26 11:01:00+05:30,85.5,87.45,85.5,87.0,1105,483470
2025-12-26 11:02:00+05:30,87.25,87.25,85.05,85.6,3055,483470
2025-12-26 11:03:00+05:30,85.7,86.35,85.35,85.8,2730,483470
2025-12-26 11:04:00+05:30,86.05,86.1,85.6,85.75,520,483470
2025-12-26 11:05:00+05:30,85.75,85.75,84.35,84.65,2405,482365
2025-12-26 11:06:00+05:30,84.65,84.65,83.95,83.95,2340,482365
2025-12-26 11:07:00+05:30,83.8,83.9,82.7,82.7,13065,479375
2025-12-26 11:08:00+05:30,82.25,82.6,81.05,81.05,5655,479375
2025-12-26 11:09:00+05:30,81.9,82.5,80.0,80.09,8125,479375
2025-12-26 11:10:00+05:30,81.0,81.15,80.2,80.7,4875,480025
2025-12-26 11:11:00+05:30,80.95,80.95,79.15,79.25,7930,480025
2025-12-26 11:12:00+05:30,79.0,79.0,77.7,78.15,13195,480025
2025-12-26 11:13:00+05:30,77.65,78.2,77.45,78.0,7215,488670
2025-12-26 11:14:00+05:30,78.55,79.7,78.55,79.05,5850,488670
2025-12-26 11:15:00+05:30,79.15,79.34,77.59,77.95,9035,488670
2025-12-26 11:16:00+05:30,78.05,78.05,77.0,77.3,5720,499720
2025-12-26 11:17:00+05:30,77.25,78.05,77.25,77.95,5590,499720
2025-12-26 11:18:00+05:30,77.65,78.2,77.65,77.84,1495,499720
2025-12-26 11:19:00+05:30,77.9,78.05,77.09,77.09,4485,499005
2025-12-26 11:20:00+05:30,77.5,77.7,77.0,77.7,2145,499005
2025-12-26 11:21:00+05:30,77.84,77.9,77.5,77.9,1755,499005
2025-12-26 11:22:00+05:30,78.09,78.15,77.65,77.65,1820,499005
2025-12-26 11:23:00+05:30,77.65,77.7,76.5,76.5,3705,498095
2025-12-26 11:24:00+05:30,76.55,78.0,76.4,78.0,1820,498095
2025-12-26 11:25:00+05:30,77.7,78.09,77.55,77.9,5850,498355
2025-12-26 11:26:00+05:30,78.09,78.45,78.0,78.0,4810,498355
2025-12-26 11:27:00+05:30,78.0,78.05,77.8,78.05,1560,498355
2025-12-26 11:28:00+05:30,78.3,78.55,78.0,78.0,585,498355
2025-12-26 11:29:00+05:30,77.95,78.55,77.95,78.55,1170,499915
2025-12-26 11:30:00+05:30,78.45,78.65,77.45,77.9,2925,499915
2025-12-26 11:31:00+05:30,77.9,78.05,77.4,77.59,910,501605
2025-12-26 11:32:00+05:30,77.5,77.8,76.5,76.55,3380,501605
2025-12-26 11:33:00+05:30,76.0,77.65,75.8,77.55,5655,501605
2025-12-26 11:34:00+05:30,77.59,77.7,76.59,77.09,2145,504660
2025-12-26 11:35:00+05:30,77.09,77.09,76.25,76.45,5785,504660
2025-12-26 11:36:00+05:30,76.3,77.15,76.25,77.09,1625,504660
2025-12-26 11:37:00+05:30,77.34,77.4,76.8,77.34,1300,505180
2025-12-26 11:38:00+05:30,77.34,77.34,76.65,76.8,1105,505180
2025-12-26 11:39:00+05:30,76.95,77.3,76.9,77.0,4290,505180
2025-12-26 11:40:00+05:30,76.75,77.55,76.4,76.7,7215,503035
2025-12-26 11:41:00+05:30,76.55,77.05,76.5,76.59,2275,503035
2025-12-26 11:42:00+05:30,76.59,76.9,76.3,76.84,3445,503035
2025-12-26 11:43:00+05:30,76.9,77.15,76.2,76.2,715,508625
2025-12-26 11:44:00+05:30,76.05,77.25,76.05,77.0,7280,508625
2025-12-26 11:45:00+05:30,77.15,77.15,76.84,77.09,975,508625
2025-12-26 11:46:00+05:30,77.05,77.15,76.55,76.65,1300,509015
2025-12-26 11:47:00+05:30,76.75,76.9,76.45,76.7,4550,509015
2025-12-26 11:48:00+05:30,76.7,77.0,76.45,77.0,4030,509015
2025-12-26 11:49:00+05:30,76.7,77.3,76.7,77.3,1690,510250
2025-12-26 11:50:00+05:30,77.25,77.55,77.0,77.55,4875,510250
2025-12-26 11:51:00+05:30,77.55,77.59,77.3,77.45,1820,510250
2025-12-26 11:52:00+05:30,77.45,77.84,77.45,77.7,910,510250
2025-12-26 11:53:00+05:30,77.05,77.5,76.59,77.15,3640,505830
2025-12-26 11:54:00+05:30,77.59,77.9,77.45,77.9,1105,505830
2025-12-26 11:55:00+05:30,77.65,78.25,77.5,78.25,2275,510315
2025-12-26 11:56:00+05:30,78.4,78.4,77.8,78.15,1820,510315
2025-12-26 11:57:00+05:30,78.34,78.84,78.05,78.34,2210,510315
2025-12-26 11:58:00+05:30,78.7,78.7,77.84,77.84,2080,509015
2025-12-26 11:59:00+05:30,77.84,78.0,77.7,77.7,1105,509015
2025-12-26 12:00:00+05:30,77.95,77.95,77.09,77.3,975,509015
2025-12-26 12:01:00+05:30,77.34,77.7,76.59,76.59,2145,509925
2025-12-26 12:02:00+05:30,76.59,76.9,76.34,76.55,5265,509925
2025-12-26 12:03:00+05:30,76.45,77.15,76.45,76.75,10985,509925
2025-12-26 12:04:00+05:30,76.65,76.75,76.0,76.4,1755,509925
2025-12-26 12:05:00+05:30,76.34,76.95,75.0,76.5,3055,514605
2025-12-26 12:06:00+05:30,76.4,76.7,75.84,75.84,2405,514605
2025-12-26 12:07:00+05:30,75.84,75.84,75.84,75.84,130,514605
2025-12-26 12:08:00+05:30,76.3,76.3,75.95,75.95,2015,514410
2025-12-26 12:09:00+05:30,76.05,76.4,76.05,76.4,2795,514410
2025-12-26 12:10:00+05:30,76.0,76.75,76.0,76.15,4095,514410
2025-12-26 12:11:00+05:30,75.95,76.2,75.84,76.15,1560,514865
2025-12-26 12:12:00+05:30,76.55,77.0,76.34,76.7,1040,514865
2025-12-26 12:13:00+05:30,76.15,76.59,76.15,76.59,715,514865
2025-12-26 12:14:00+05:30,77.0,77.75,77.0,77.59,2145,514670
2025-12-26 12:15:00+05:30,77.65,77.65,76.95,76.95,3900,514670
2025-12-26 12:16:00+05:30,77.15,77.5,77.15,77.2,1950,514670
2025-12-26 12:17:00+05:30,77.3,77.5,76.55,77.09,2210,513955
2025-12-26 12:18:00+05:30,77.15,77.75,77.05,77.75,195,513955
2025-12-26 12:19:00+05:30,77.7,78.0,77.59,78.0,390,513955
2025-12-26 12:20:00+05:30,78.0,78.0,77.2,77.2,520,514735
2025-12-26 12:21:00+05:30,76.9,77.25,76.3,76.59,845,514735
2025-12-26 12:22:00+05:30,76.65,76.84,72.95,73.3,13065,514735
2025-12-26 12:23:00+05:30,73.2,75.25,73.2,75.25,18135,516230
2025-12-26 12:24:00+05:30,75.7,76.34,75.7,76.0,3705,516230
2025-12-26 12:25:00+05:30,76.0,76.2,75.59,76.2,2275,516230
2025-12-26 12:26:00+05:30,75.9,77.15,75.9,76.75,4550,530530
2025-12-26 12:27:00+05:30,76.8,76.9,76.5,76.5,2470,530530
2025-12-26 12:28:00+05:30,76.55,76.55,75.9,76.0,1950,530530
2025-12-26 12:29:00+05:30,76.0,76.25,75.9,75.9,1040,527475
2025-12-26 12:30:00+05:30,75.75,75.75,74.65,74.65,845,527475
2025-12-26 12:31:00+05:30,74.3,74.3,73.5,73.65,2535,527475
2025-12-26 12:32:00+05:30,73.0,73.25,71.95,72.4,8970,528320
2025-12-26 12:33:00+05:30,72.25,73.0,70.55,71.45,5135,528320
2025-12-26 12:34:00+05:30,71.7,72.59,71.59,72.0,23920,528320
2025-12-26 12:35:00+05:30,72.05,72.5,71.8,71.9,4875,541125
2025-12-26 12:36:00+05:30,71.9,72.3,71.34,71.34,4160,541125
2025-12-26 12:37:00+05:30,71.25,72.09,70.7,71.45,8060,541125
2025-12-26 12:38:00+05:30,71.5,71.9,70.95,71.8,15730,540085
2025-12-26 12:39:00+05:30,71.59,71.8,71.2,71.45,3705,540085
2025-12-26 12:40:00+05:30,71.8,71.8,71.34,71.4,4615,540085
2025-12-26 12:41:00+05:30,71.2,71.7,70.15,70.25,7085,543465
2025-12-26 12:42:00+05:30,70.3,70.59,69.59,70.45,7670,543465
2025-12-26 12:43:00+05:30,70.25,71.0,70.25,70.75,33410,543465
2025-12-26 12:44:00+05:30,70.7,70.7,70.15,70.45,3380,548860
2025-12-26 12:45:00+05:30,70.3,70.55,69.8,70.4,6890,548860
2025-12-26 12:46:00+05:30,70.25,71.0,70.25,71.0,4420,548860
2025-12-26 12:47:00+05:30,71.0,71.05,70.8,70.8,3380,553475
2025-12-26 12:48:00+05:30,70.59,70.84,70.4,70.45,1105,553475
2025-12-26 12:49:00+05:30,71.09,71.09,70.7,70.7,3510,553475
2025-12-26 12:50:00+05:30,70.55,70.95,70.55,70.55,2080,554190
2025-12-26 12:51:00+05:30,70.45,70.9,70.2,70.9,2665,554190
2025-12-26 12:52:00+05:30,71.0,71.4,70.84,71.05,2925,554190
2025-12-26 12:53:00+05:30,71.2,71.7,71.0,71.15,1885,555880
2025-12-26 12:54:00+05:30,71.45,71.45,71.0,71.45,1625,555880
2025-12-26 12:55:00+05:30,71.4,71.4,71.09,71.3,2080,555880
2025-12-26 12:56:00+05:30,71.3,71.4,70.9,71.4,780,557050
2025-12-26 12:57:00+05:30,70.65,71.09,70.65,71.0,1235,557050
2025-12-26 12:58:00+05:30,70.95,70.95,70.5,70.65,1040,557050
2025-12-26 12:59:00+05:30,70.7,70.84,70.55,70.84,2535,557765
2025-12-26 13:00:00+05:30,70.55,70.9,70.3,70.3,2015,557765
2025-12-26 13:01:00+05:30,70.0,71.25,70.0,70.65,3055,557765
2025-12-26 13:02:00+05:30,70.4,70.59,69.55,70.05,9685,558285
2025-12-26 13:03:00+05:30,70.25,70.59,69.3,69.3,1690,558285
2025-12-26 13:04:00+05:30,69.55,70.4,69.05,70.25,2145,558285
2025-12-26 13:05:00+05:30,70.3,70.65,70.25,70.45,7020,559975
2025-12-26 13:06:00+05:30,70.59,71.0,69.34,70.95,2340,559975
2025-12-26 13:07:00+05:30,70.59,71.0,70.59,71.0,1105,559975
2025-12-26 13:08:00+05:30,70.75,71.05,70.45,71.05,1560,564980
2025-12-26 13:09:00+05:30,70.9,70.9,70.45,70.65,650,564980
2025-12-26 13:10:00+05:30,70.9,71.0,70.65,71.0,2145,564980
2025-12-26 13:11:00+05:30,70.59,71.0,70.3,71.0,1560,564915
2025-12-26 13:12:00+05:30,70.9,70.9,70.65,70.65,910,564915
2025-12-26 13:13:00+05:30,70.7,71.2,70.55,70.75,1495,564915
2025-12-26 13:14:00+05:30,71.05,71.59,71.05,71.5,845,565370
2025-12-26 13:15:00+05:30,71.59,71.9,71.0,71.75,1820,565370
2025-12-26 13:16:00+05:30,71.84,71.9,71.25,71.5,1495,565370
2025-12-26 13:17:00+05:30,71.15,71.59,71.15,71.55,4160,568620
2025-12-26 13:18:00+05:30,71.25,71.45,70.75,70.8,1235,568620
2025-12-26 13:19:00+05:30,70.8,71.8,70.8,71.5,1170,568620
2025-12-26 13:20:00+05:30,71.59,71.7,71.55,71.7,1820,569205
2025-12-26 13:21:00+05:30,71.75,72.3,71.55,72.15,2990,569205
2025-12-26 13:22:00+05:30,72.09,72.5,72.0,72.2,2015,569205
2025-12-26 13:23:00+05:30,72.2,72.34,72.0,72.05,3770,569270
2025-12-26 13:24:00+05:30,72.0,72.0,71.5,71.8,1235,569270
2025-12-26 13:25:00+05:30,71.84,72.25,71.4,71.75,3900,569270
2025-12-26 13:26:00+05:30,71.84,71.84,71.55,71.7,2275,572325
2025-12-26 13:27:00+05:30,71.55,72.0,71.45,72.0,1625,572325
2025-12-26 13:28:00+05:30,72.5,72.84,72.3,72.55,1690,572325
2025-12-26 13:29:00+05:30,72.55,72.8,72.15,72.34,1365,572130
2025-12-26 13:30:00+05:30,72.25,72.8,72.25,72.8,4420,572130
2025-12-26 13:31:00+05:30,72.8,72.8,72.25,72.59,715,572130
2025-12-26 13:32:00+05:30,72.55,72.65,72.4,72.45,1690,574470
2025-12-26 13:33:00+05:30,72.5,72.55,71.84,71.84,1170,574470
2025-12-26 13:34:00+05:30,72.09,72.09,71.75,71.75,1170,574470
2025-12-26 13:35:00+05:30,71.75,71.84,71.34,71.8,2730,573690
2025-12-26 13:36:00+05:30,71.65,72.0,71.45,71.45,3315,573690
2025-12-26 13:37:00+05:30,71.65,71.7,71.0,71.0,4290,573690
2025-12-26 13:38:00+05:30,71.55,71.65,71.55,71.65,390,578760
2025-12-26 13:39:00+05:30,72.0,72.09,71.65,71.65,22815,578760
2025-12-26 13:40:00+05:30,71.95,71.95,71.25,71.45,2795,578760
2025-12-26 13:41:00+05:30,71.34,72.0,71.09,72.0,1885,599755
2025-12-26 13:42:00+05:30,71.9,71.9,71.2,71.3,975,599755
2025-12-26 13:43:00+05:30,71.3,72.0,71.3,72.0,1495,599755
2025-12-26 13:44:00+05:30,71.95,72.2,71.84,72.05,3965,600080
2025-12-26 13:45:00+05:30,72.05,72.59,72.05,72.5,2080,600080
2025-12-26 13:46:00+05:30,72.2,72.4,71.65,71.65,1950,600080
2025-12-26 13:47:00+05:30,71.4,71.7,71.4,71.59,2665,602485
2025-12-26 13:48:00+05:30,71.75,72.4,71.65,72.05,2990,602485
2025-12-26 13:49:00+05:30,72.05,72.3,71.84,72.25,1105,602485
2025-12-26 13:50:00+05:30,71.75,71.75,71.45,71.45,1040,602355
2025-12-26 13:51:00+05:30,71.59,71.59,70.9,71.4,1885,602355
2025-12-26 13:52:00+05:30,71.4,71.4,70.45,71.09,2080,602355
2025-12-26 13:53:00+05:30,71.25,71.55,70.8,70.8,2535,603070
2025-12-26 13:54:00+05:30,69.9,69.9,68.55,69.34,7735,603070
2025-12-26 13:55:00+05:30,69.9,70.25,69.0,69.0,6305,603070
2025-12-26 13:56:00+05:30,69.05,69.8,69.05,69.7,975,605345
2025-12-26 13:57:00+05:30,69.7,71.05,69.7,70.59,3965,605345
2025-12-26 13:58:00+05:30,70.8,70.95,70.3,70.8,975,605345
2025-12-26 13:59:00+05:30,70.84,70.84,70.84,70.84,65,607555
2025-12-26 14:00:00+05:30,71.09,71.95,70.9,71.25,5395,607555
2025-12-26 14:01:00+05:30,71.25,71.55,70.95,71.55,2990,607555
2025-12-26 14:02:00+05:30,71.45,71.55,71.09,71.34,1950,609635
2025-12-26 14:03:00+05:30,71.4,71.65,71.4,71.5,1105,609635
2025-12-26 14:04:00+05:30,71.55,71.95,71.55,71.95,1040,609635
2025-12-26 14:05:00+05:30,71.55,71.59,71.25,71.25,2470,609635
2025-12-26 14:06:00+05:30,71.2,71.2,70.8,71.15,1495,611910
2025-12-26 14:07:00+05:30,71.09,71.09,69.9,70.59,4680,611910
2025-12-26 14:08:00+05:30,70.7,70.7,70.55,70.55,780,611520
2025-12-26 14:09:00+05:30,69.59,69.95,69.45,69.7,4680,611520
2025-12-26 14:10:00+05:30,69.3,69.34,67.0,68.55,19565,611520
2025-12-26 14:11:00+05:30,68.84,69.59,68.8,69.59,2470,605345
2025-12-26 14:12:00+05:30,69.7,69.9,69.55,69.84,1040,605345
2025-12-26 14:13:00+05:30,69.59,69.84,69.2,69.84,4615,605345
2025-12-26 14:14:00+05:30,69.75,70.65,69.75,70.59,3445,608010
2025-12-26 14:15:00+05:30,70.34,70.59,70.0,70.05,2730,608010
2025-12-26 14:16:00+05:30,69.95,70.0,69.5,69.59,2795,608010
2025-12-26 14:17:00+05:30,69.7,69.7,68.7,68.7,3380,609505
2025-12-26 14:18:00+05:30,68.65,68.65,66.55,67.3,10920,609505
2025-12-26 14:19:00+05:30,67.25,67.5,67.15,67.4,2860,609505
2025-12-26 14:20:00+05:30,67.3,67.45,66.9,67.05,4940,608075
2025-12-26 14:21:00+05:30,66.9,66.9,65.65,66.8,29185,608075
2025-12-26 14:22:00+05:30,66.8,67.15,66.7,67.09,4615,608075
2025-12-26 14:23:00+05:30,66.95,67.34,66.55,66.84,3640,594945
2025-12-26 14:24:00+05:30,66.8,67.5,66.8,67.15,6240,594945
2025-12-26 14:25:00+05:30,67.15,67.7,67.15,67.34,3900,594945
2025-12-26 14:26:00+05:30,67.25,67.59,67.2,67.45,3835,597415
2025-12-26 14:27:00+05:30,67.55,67.84,67.34,67.5,2080,597415
2025-12-26 14:28:00+05:30,67.95,68.0,67.75,67.75,1430,597415
2025-12-26 14:29:00+05:30,67.5,69.05,67.5,69.05,10985,598325
2025-12-26 14:30:00+05:30,68.65,69.0,68.4,68.7,4030,598325
2025-12-26 14:31:00+05:30,69.09,69.09,67.8,67.8,9035,598325
2025-12-26 14:32:00+05:30,68.0,68.59,67.9,68.59,2925,602095
2025-12-26 14:33:00+05:30,68.5,68.7,67.84,67.84,2600,602095
2025-12-26 14:34:00+05:30,67.9,68.05,67.3,67.59,6565,602095
2025-12-26 14:35:00+05:30,68.0,68.34,67.84,68.0,6175,606905
2025-12-26 14:36:00+05:30,67.8,68.84,67.8,68.34,5330,606905
2025-12-26 14:37:00+05:30,68.7,69.0,68.15,69.0,3705,606905
2025-12-26 14:38:00+05:30,68.75,69.0,68.59,68.8,3250,605410
2025-12-26 14:39:00+05:30,68.8,68.8,68.34,68.34,2925,605410
2025-12-26 14:40:00+05:30,68.2,68.8,68.2,68.2,4355,605410
2025-12-26 14:41:00+05:30,68.15,68.55,68.15,68.55,3510,605930
2025-12-26 14:42:00+05:30,68.45,68.75,68.45,68.5,650,605930
2025-12-26 14:43:00+05:30,68.25,68.7,68.25,68.4,1885,605930
2025-12-26 14:44:00+05:30,68.45,68.8,68.45,68.5,3315,607555
2025-12-26 14:45:00+05:30,69.0,69.4,69.0,69.4,2795,607555
2025-12-26 14:46:00+05:30,69.55,69.55,68.5,69.0,1625,607555
2025-12-26 14:47:00+05:30,69.0,69.05,68.5,68.65,1820,608140
2025-12-26 14:48:00+05:30,68.75,68.75,68.5,68.55,1690,608140
2025-12-26 14:49:00+05:30,68.4,68.59,67.84,67.84,3640,608140
2025-12-26 14:50:00+05:30,67.8,68.05,67.75,67.9,4420,607555
2025-12-26 14:51:00+05:30,68.0,68.3,67.84,67.9,2470,607555
2025-12-26 14:52:00+05:30,67.8,68.59,67.8,68.55,3380,607555
2025-12-26 14:53:00+05:30,68.55,68.8,68.4,68.5,7605,600340
2025-12-26 14:54:00+05:30,68.65,68.65,68.15,68.25,1235,600340
2025-12-26 14:55:00+05:30,68.4,68.59,68.25,68.4,1170,600340
2025-12-26 14:56:00+05:30,68.45,68.75,68.4,68.59,2340,601055
2025-12-26 14:57:00+05:30,68.95,69.15,68.7,68.95,2795,601055
2025-12-26 14:58:00+05:30,69.0,69.09,68.55,68.9,11700,601055
2025-12-26 14:59:00+05:30,68.8,72.15,68.8,71.95,21320,605865
2025-12-26 15:00:00+05:30,72.34,72.34,71.0,71.34,11375,605865
2025-12-26 15:01:00+05:30,71.4,72.7,70.84,72.59,20410,605865
2025-12-26 15:02:00+05:30,72.3,73.59,72.15,73.59,3575,605865
2025-12-26 15:03:00+05:30,73.15,73.15,72.34,72.4,8125,605865
2025-12-26 15:04:00+05:30,72.45,72.9,72.34,72.84,4680,605865
2025-12-26 15:05:00+05:30,72.65,72.95,72.5,72.75,3315,605280
2025-12-26 15:06:00+05:30,72.55,72.95,72.55,72.9,2925,605280
2025-12-26 15:07:00+05:30,73.0,73.09,71.9,71.95,6565,605280
2025-12-26 15:08:00+05:30,71.75,72.84,71.75,72.45,5330,604500
2025-12-26 15:09:00+05:30,72.65,73.0,72.45,73.0,17940,604500
2025-12-26 15:10:00+05:30,72.95,73.34,72.95,72.95,3120,604500
2025-12-26 15:11:00+05:30,73.05,73.15,72.8,73.09,5460,593060
2025-12-26 15:12:00+05:30,73.09,73.4,73.0,73.4,5785,593060
2025-12-26 15:13:00+05:30,73.34,73.34,72.0,72.09,28665,593060
2025-12-26 15:14:00+05:30,72.09,72.8,72.09,72.8,9555,616655
2025-12-26 15:15:00+05:30,72.9,73.0,71.45,72.09,10920,616655
2025-12-26 15:16:00+05:30,71.75,71.75,70.55,71.05,8775,616655
2025-12-26 15:17:00+05:30,71.0,71.05,70.34,70.34,13325,613665
2025-12-26 15:18:00+05:30,70.4,70.55,69.84,70.5,8060,613665
2025-12-26 15:19:00+05:30,70.55,71.09,70.34,71.09,9750,613665
2025-12-26 15:20:00+05:30,71.15,71.3,70.84,71.2,18915,618085
2025-12-26 15:21:00+05:30,71.2,71.84,71.2,71.75,13780,618085
2025-12-26 15:22:00+05:30,71.8,71.95,71.5,71.95,4225,618085
2025-12-26 15:23:00+05:30,71.95,72.0,71.59,71.84,16380,621205
2025-12-26 15:24:00+05:30,71.8,72.3,71.8,72.05,15275,621205
2025-12-26 15:25:00+05:30,72.4,72.4,71.9,72.0,15795,621205
2025-12-26 15:26:00+05:30,72.0,72.3,71.9,72.0,10660,618410
2025-12-26 15:27:00+05:30,71.95,72.15,71.9,72.09,7605,618410
2025-12-26 15:28:00+05:30,72.09,72.15,71.55,71.75,9295,618410
2025-12-26 15:29:00+05:30,71.7,71.7,70.55,71.0,21125,619905
2025-12-29 09:15:00+05:30,74.0,74.0,64.05,73.65,110500,618150
2025-12-29 09:16:00+05:30,73.5,74.15,69.4,71.0,54080,615290
2025-12-29 09:17:00+05:30,70.3,71.05,67.5,68.05,15730,615290
2025-12-29 09:18:00+05:30,68.65,71.5,67.75,70.84,20215,615290
2025-12-29 09:19:00+05:30,70.5,71.4,67.59,67.7,21450,606840
2025-12-29 09:20:00+05:30,68.55,69.9,67.09,67.15,37115,606840
2025-12-29 09:21:00+05:30,67.7,68.45,66.34,66.55,23075,606840
2025-12-29 09:22:00+05:30,66.2,67.65,66.2,66.75,24310,602810
2025-12-29 09:23:00+05:30,67.0,68.7,66.65,68.7,13780,602810
2025-12-29 09:24:00+05:30,68.5,69.3,66.65,68.0,20800,602810
2025-12-29 09:25:00+05:30,67.95,67.95,66.2,66.5,12220,613860
2025-12-29 09:26:00+05:30,66.65,68.3,66.0,67.75,7280,613860
2025-12-29 09:27:00+05:30,67.55,68.0,66.4,66.4,13130,613860
2025-12-29 09:28:00+05:30,66.45,68.55,66.45,68.2,20800,623740
2025-12-29 09:29:00+05:30,68.2,68.5,66.34,66.59,11180,623740
2025-12-29 09:30:00+05:30,66.84,67.4,65.9,67.05,7735,623740
2025-12-29 09:31:00+05:30,67.05,67.95,66.2,66.84,9945,629785
2025-12-29 09:32:00+05:30,66.8,69.2,66.8,69.2,14820,629785
2025-12-29 09:33:00+05:30,68.9,71.09,68.9,71.09,28600,629785
2025-12-29 09:34:00+05:30,71.15,72.7,70.59,72.59,25480,631930
2025-12-29 09:35:00+05:30,72.59,74.2,72.05,72.4,39325,631930
2025-12-29 09:36:00+05:30,72.75,74.09,72.59,73.55,29705,631930
2025-12-29 09:37:00+05:30,73.8,73.8,72.34,72.34,11765,616330
2025-12-29 09:38:00+05:30,72.4,72.5,71.05,71.05,6370,616330
2025-12-29 09:39:00+05:30,71.59,73.45,71.34,73.4,10790,616330
2025-12-29 09:40:00+05:30,73.4,73.75,72.4,72.4,18980,618085
2025-12-29 09:41:00+05:30,72.65,73.3,71.95,72.95,6240,618085
2025-12-29 09:42:00+05:30,72.7,73.05,71.7,72.4,8255,618085
2025-12-29 09:43:00+05:30,72.2,72.84,71.5,72.55,7735,615680
2025-12-29 09:44:00+05:30,73.09,73.4,72.55,72.8,7735,615680
2025-12-29 09:45:00+05:30,72.8,74.0,72.8,73.25,15730,615680
2025-12-29 09:46:00+05:30,73.3,74.05,71.95,71.95,6175,617565
2025-12-29 09:47:00+05:30,72.0,72.15,71.0,71.34,4225,617565
2025-12-29 09:48:00+05:30,71.25,72.8,70.95,72.3,5785,617565
2025-12-29 09:49:00+05:30,72.0,72.34,71.2,71.25,3380,618150
2025-12-29 09:50:00+05:30,71.4,71.4,69.9,70.84,8255,618150
2025-12-29 09:51:00+05:30,70.8,70.8,69.55,70.15,8580,618150
2025-12-29 09:52:00+05:30,70.0,70.3,68.5,69.2,6435,619190
2025-12-29 09:53:00+05:30,69.15,70.09,68.09,68.09,16900,619190
2025-12-29 09:54:00+05:30,68.09,68.09,63.25,63.6,19175,619190
2025-12-29 09:55:00+05:30,63.8,64.05,60.85,61.9,20475,616590
2025-12-29 09:56:00+05:30,61.9,62.4,60.3,61.3,13065,616590
2025-12-29 09:57:00+05:30,61.1,62.15,60.35,60.8,21580,616590
2025-12-29 09:58:00+05:30,60.5,61.15,56.2,56.75,35490,620490
2025-12-29 09:59:00+05:30,56.8,56.8,54.0,54.3,28990,620490
2025-12-29 10:00:00+05:30,54.55,54.8,53.75,54.0,35100,620490
2025-12-29 10:01:00+05:30,54.0,56.15,53.9,54.8,24635,649025
2025-12-29 10:02:00+05:30,54.9,56.2,54.75,55.3,10205,649025
2025-12-29 10:03:00+05:30,55.2,55.65,54.35,54.35,26390,649025
2025-12-29 10:04:00+05:30,54.3,54.85,53.7,53.8,16445,641940
2025-12-29 10:05:00+05:30,53.1,55.15,53.0,55.15,48685,641940
2025-12-29 10:06:00+05:30,55.05,55.2,54.45,55.2,8515,641940
2025-12-29 10:07:00+05:30,55.2,55.7,54.75,54.75,11245,666315
2025-12-29 10:08:00+05:30,54.85,55.25,54.8,55.15,10530,666315
2025-12-29 10:09:00+05:30,55.0,55.65,54.8,55.65,10010,666315
2025-12-29 10:10:00+05:30,55.5,55.8,55.05,55.4,3640,671060
2025-12-29 10:11:00+05:30,55.0,55.85,55.0,55.55,7605,671060
2025-12-29 10:12:00+05:30,55.65,55.7,55.15,55.5,3640,671060
2025-12-29 10:13:00+05:30,55.3,55.55,54.9,55.55,4355,672750
2025-12-29 10:14:00+05:30,55.5,55.5,54.8,55.5,5070,672750
2025-12-29 10:15:00+05:30,55.25,55.25,54.1,54.35,7540,672750
2025-12-29 10:16:00+05:30,54.45,54.7,54.0,54.0,6630,674570
2025-12-29 10:17:00+05:30,54.0,54.25,53.6,53.7,11765,674570
2025-12-29 10:18:00+05:30,53.65,53.65,51.75,53.25,15145,674570
2025-12-29 10:19:00+05:30,53.35,53.55,52.1,52.1,5915,674635
2025-12-29 10:20:00+05:30,52.15,52.35,50.95,52.1,9945,674635
2025-12-29 10:21:00+05:30,52.1,52.85,52.1,52.2,5915,674635
2025-12-29 10:22:00+05:30,52.25,53.55,52.25,52.8,6305,678730
2025-12-29 10:23:00+05:30,53.05,53.35,52.9,53.0,3965,678730
2025-12-29 10:24:00+05:30,53.0,54.2,53.0,54.05,6175,678730
2025-12-29 10:25:00+05:30,54.1,54.35,53.8,53.8,6045,686270
2025-12-29 10:26:00+05:30,53.75,54.2,53.65,54.2,8385,686270
2025-12-29 10:27:00+05:30,54.25,54.25,53.7,53.95,6955,686270
2025-12-29 10:28:00+05:30,53.8,53.9,53.25,53.25,7540,689390
2025-12-29 10:29:00+05:30,53.4,53.6,53.0,53.05,8385,689390
2025-12-29 10:30:00+05:30,53.0,53.0,52.1,52.1,6760,689390
2025-12-29 10:31:00+05:30,52.0,52.8,51.9,52.0,5525,696670
2025-12-29 10:32:00+05:30,51.75,51.95,50.7,50.9,16055,696670
2025-12-29 10:33:00+05:30,50.7,51.6,50.35,51.4,13585,696670
2025-12-29 10:34:00+05:30,51.55,51.65,51.1,51.65,3575,699270
2025-12-29 10:35:00+05:30,51.25,51.65,51.2,51.5,4290,699270
2025-12-29 10:36:00+05:30,51.75,51.75,51.1,51.15,7085,699270
2025-12-29 10:37:00+05:30,51.15,51.3,50.5,50.65,21840,719030
2025-12-29 10:38:00+05:30,50.55,50.7,50.05,50.7,4615,719030
2025-12-29 10:39:00+05:30,50.7,51.05,50.65,50.9,15990,719030
2025-12-29 10:40:00+05:30,50.9,50.95,49.3,49.5,17940,736580
2025-12-29 10:41:00+05:30,50.1,50.25,49.65,49.85,4225,736580
2025-12-29 10:42:00+05:30,49.65,49.65,46.95,46.95,13520,736580
2025-12-29 10:43:00+05:30,47.1,48.0,46.8,47.85,19890,748865
2025-12-29 10:44:00+05:30,47.5,47.8,47.5,47.8,25740,748865
2025-12-29 10:45:00+05:30,47.65,48.35,47.6,48.0,9035,748865
2025-12-29 10:46:00+05:30,48.2,48.2,47.45,47.45,60320,753675
2025-12-29 10:47:00+05:30,47.4,47.45,46.35,47.1,75790,753675
2025-12-29 10:48:00+05:30,47.2,47.6,47.2,47.4,12220,753675
2025-12-29 10:49:00+05:30,47.4,47.65,47.15,47.5,16705,850720
2025-12-29 10:50:00+05:30,47.4,47.6,47.2,47.3,13195,850720
2025-12-29 10:51:00+05:30,47.05,48.0,47.05,48.0,21905,850720
2025-12-29 10:52:00+05:30,47.95,48.6,47.85,48.55,10920,874640
2025-12-29 10:53:00+05:30,48.7,49.15,48.55,49.1,10595,874640
2025-12-29 10:54:00+05:30,49.05,49.3,49.0,49.05,6305,874640
2025-12-29 10:55:00+05:30,49.1,49.2,48.9,49.0,2470,882440
2025-12-29 10:56:00+05:30,49.05,49.3,49.0,49.3,6630,882440
2025-12-29 10:57:00+05:30,49.4,49.4,49.05,49.25,7995,882440
2025-12-29 10:58:00+05:30,49.2,49.2,48.65,48.8,5460,886275
2025-12-29 10:59:00+05:30,48.85,48.85,47.75,47.75,9035,886275
2025-12-29 11:00:00+05:30,47.8,48.05,47.8,48.05,2080,886275
2025-12-29 11:01:00+05:30,48.1,48.1,47.4,47.8,5850,888745
2025-12-29 11:02:00+05:30,47.9,47.9,46.15,46.15,19240,888745
2025-12-29 11:03:00+05:30,46.1,46.25,43.75,44.65,62855,888745
2025-12-29 11:04:00+05:30,44.6,45.0,44.45,44.45,17940,922025
2025-12-29 11:05:00+05:30,44.5,44.7,44.25,44.3,15795,922025
2025-12-29 11:06:00+05:30,44.25,44.45,43.25,43.95,13520,922025
2025-12-29 11:07:00+05:30,44.0,44.15,42.45,43.0,38480,930020
2025-12-29 11:08:00+05:30,43.15,44.0,43.05,43.8,18135,930020
2025-12-29 11:09:00+05:30,43.85,44.95,43.85,44.8,23985,930020
2025-12-29 11:10:00+05:30,44.8,45.1,44.45,44.65,25870,939575
2025-12-29 11:11:00+05:30,44.65,44.65,44.15,44.4,8190,939575
2025-12-29 11:12:00+05:30,44.35,44.65,43.75,44.2,17810,939575
2025-12-29 11:13:00+05:30,44.15,44.4,43.95,44.1,6110,938405
2025-12-29 11:14:00+05:30,44.1,44.2,43.6,44.0,9620,938405
2025-12-29 11:15:00+05:30,43.85,43.9,43.5,43.7,8580,938405
2025-12-29 11:16:00+05:30,43.9,44.0,43.15,43.45,18395,940550
2025-12-29 11:17:00+05:30,43.3,43.5,43.0,43.0,25675,940550
2025-12-29 11:18:00+05:30,42.95,43.15,41.7,41.7,17810,940550
2025-12-29 11:19:00+05:30,41.15,42.3,41.15,41.85,46475,921700
2025-12-29 11:20:00+05:30,41.9,41.9,41.45,41.65,6305,921700
2025-12-29 11:21:00+05:30,41.75,41.85,41.5,41.65,6175,921700
2025-12-29 11:22:00+05:30,41.75,42.35,41.45,41.95,11765,924105
2025-12-29 11:23:00+05:30,42.0,42.2,41.55,41.6,12415,924105
2025-12-29 11:24:00+05:30,41.55,41.9,41.2,41.55,22815,924105
2025-12-29 11:25:00+05:30,41.5,41.95,41.5,41.85,6110,940680
2025-12-29 11:26:00+05:30,42.0,42.15,41.7,41.95,19305,940680
2025-12-29 11:27:00+05:30,41.8,42.45,41.8,42.4,8385,940680
2025-12-29 11:28:00+05:30,42.5,42.55,42.2,42.45,3835,954980
2025-12-29 11:29:00+05:30,42.6,42.85,42.5,42.5,9425,954980
2025-12-29 11:30:00+05:30,42.25,42.6,42.25,42.35,6955,954980
2025-12-29 11:31:00+05:30,42.4,42.6,42.3,42.3,7800,962325
2025-12-29 11:32:00+05:30,42.15,42.35,41.95,42.15,6435,962325
2025-12-29 11:33:00+05:30,42.05,42.05,41.6,42.0,8060,962325
2025-12-29 11:34:00+05:30,41.95,42.1,41.8,42.1,5200,967590
2025-12-29 11:35:00+05:30,42.0,42.0,41.75,41.8,9165,967590
2025-12-29 11:36:00+05:30,41.9,42.1,41.7,41.9,16315,967590
2025-12-29 11:37:00+05:30,41.9,41.95,41.6,41.85,3445,955825
2025-12-29 11:38:00+05:30,41.7,41.8,41.5,41.6,4550,955825
2025-12-29 11:39:00+05:30,41.65,41.65,41.35,41.4,3315,955825
2025-12-29 11:40:00+05:30,41.4,41.7,41.4,41.5,1365,956605
2025-12-29 11:41:00+05:30,41.5,41.8,41.5,41.5,8320,956605
2025-12-29 11:42:00+05:30,41.9,41.95,41.35,41.7,7345,956605
2025-12-29 11:43:00+05:30,41.7,41.95,41.65,41.9,3380,957125
2025-12-29 11:44:00+05:30,41.8,42.0,41.65,41.9,7800,957125
2025-12-29 11:45:00+05:30,41.95,42.15,41.85,42.0,4745,957125
2025-12-29 11:46:00+05:30,42.1,43.05,42.1,43.05,5720,956605
2025-12-29 11:47:00+05:30,43.15,43.85,43.0,43.6,124085,956605
2025-12-29 11:48:00+05:30,43.65,43.9,43.55,43.9,67730,956605
2025-12-29 11:49:00+05:30,43.9,44.4,43.9,44.2,6630,864890
2025-12-29 11:50:00+05:30,43.9,44.15,43.75,44.0,5590,864890
2025-12-29 11:51:00+05:30,43.7,43.8,43.55,43.6,10920,864890
2025-12-29 11:52:00+05:30,43.5,43.5,42.75,43.35,5525,863590
2025-12-29 11:53:00+05:30,43.2,43.8,43.2,43.8,7930,863590
2025-12-29 11:54:00+05:30,43.6,43.7,43.3,43.4,5525,863590
2025-12-29 11:55:00+05:30,43.45,43.45,43.2,43.4,455,863590
2025-12-29 11:56:00+05:30,43.4,43.4,42.8,42.85,4160,861575
2025-12-29 11:57:00+05:30,42.95,42.95,42.25,42.45,4420,861575
2025-12-29 11:58:00+05:30,42.45,43.1,42.45,43.1,13520,863525
2025-12-29 11:59:00+05:30,42.85,43.05,42.65,42.65,2860,863525
2025-12-29 12:00:00+05:30,42.6,42.9,42.6,42.9,10010,863525
2025-12-29 12:01:00+05:30,42.95,43.15,42.9,43.15,4615,870480
2025-12-29 12:02:00+05:30,43.05,43.05,42.7,42.85,3640,870480
2025-12-29 12:03:00+05:30,42.85,42.85,42.0,42.0,10985,870480
2025-12-29 12:04:00+05:30,42.05,42.05,41.55,41.75,7215,879320
2025-12-29 12:05:00+05:30,41.6,41.6,41.3,41.3,7280,879320
2025-12-29 12:06:00+05:30,41.15,41.45,40.9,40.9,16250,879320
2025-12-29 12:07:00+05:30,41.15,41.15,40.75,40.85,8840,879320
2025-12-29 12:08:00+05:30,40.85,41.55,40.85,41.55,29575,887250
2025-12-29 12:09:00+05:30,41.65,42.1,41.6,42.05,6890,887250
2025-12-29 12:10:00+05:30,42.1,43.3,42.0,43.3,11895,907855
2025-12-29 12:11:00+05:30,43.15,43.2,42.4,42.6,12090,907855
2025-12-29 12:12:00+05:30,42.7,42.8,42.65,42.8,1885,907855
2025-12-29 12:13:00+05:30,42.7,43.1,42.7,43.1,1950,907855
2025-12-29 12:14:00+05:30,43.0,43.05,42.9,43.0,2145,913120
2025-12-29 12:15:00+05:30,42.8,43.15,42.8,43.0,2015,913120
2025-12-29 12:16:00+05:30,43.15,43.15,42.75,42.75,3640,913120
2025-12-29 12:17:00+05:30,42.75,42.9,42.55,42.9,5915,914030
2025-12-29 12:18:00+05:30,42.9,42.9,42.55,42.65,2925,914030
2025-12-29 12:19:00+05:30,42.45,42.45,42.15,42.15,3445,914030
2025-12-29 12:20:00+05:30,42.2,42.2,41.45,41.45,3705,918060
2025-12-29 12:21:00+05:30,41.45,41.45,41.0,41.4,6630,918060
2025-12-29 12:22:00+05:30,41.4,41.4,41.0,41.15,585,918060
2025-12-29 12:23:00+05:30,40.75,40.75,38.65,38.65,25350,922935
2025-12-29 12:24:00+05:30,38.65,39.29,38.65,38.9,11505,922935
2025-12-29 12:25:00+05:30,38.79,39.04,38.35,39.04,8320,922935
2025-12-29 12:26:00+05:30,38.85,39.4,38.85,39.25,6760,920270
2025-12-29 12:27:00+05:30,39.25,39.25,38.7,38.7,6110,920270
2025-12-29 12:28:00+05:30,38.7,39.29,38.65,39.29,5720,920270
2025-12-29 12:29:00+05:30,39.29,39.85,39.2,39.85,8060,924300
2025-12-29 12:30:00+05:30,39.6,39.85,39.6,39.85,715,924300
2025-12-29 12:31:00+05:30,40.1,40.35,40.0,40.15,2990,924300
2025-12-29 12:32:00+05:30,39.95,40.2,39.7,39.7,3055,926835
2025-12-29 12:33:00+05:30,39.7,39.7,39.35,39.45,3705,926835
2025-12-29 12:34:00+05:30,39.35,39.5,37.54,37.7,28990,926835
2025-12-29 12:35:00+05:30,38.25,38.5,37.85,38.1,94055,924365
2025-12-29 12:36:00+05:30,38.35,38.5,38.1,38.45,33280,924365
2025-12-29 12:37:00+05:30,38.29,38.7,38.29,38.65,11765,924365
2025-12-29 12:38:00+05:30,38.79,39.1,38.6,39.1,23660,1007370
2025-12-29 12:39:00+05:30,39.0,39.1,38.79,38.95,4095,1007370
2025-12-29 12:40:00+05:30,38.95,39.04,38.5,39.0,52910,1007370
2025-12-29 12:41:00+05:30,38.9,39.2,38.5,39.04,113750,966355
2025-12-29 12:42:00+05:30,39.04,39.04,38.6,38.9,15795,966355
2025-12-29 12:43:00+05:30,38.85,38.9,38.54,38.65,9685,966355
2025-12-29 12:44:00+05:30,38.65,38.79,38.4,38.79,8190,922090
2025-12-29 12:45:00+05:30,38.85,38.85,38.15,38.15,14040,922090
2025-12-29 12:46:00+05:30,38.45,39.04,38.4,39.04,5135,922090
2025-12-29 12:47:00+05:30,38.85,38.85,38.75,38.75,2145,926900
2025-12-29 12:48:00+05:30,38.85,38.95,38.75,38.95,1495,926900
2025-12-29 12:49:00+05:30,38.79,38.79,38.4,38.45,7995,926900
2025-12-29 12:50:00+05:30,38.7,38.9,38.5,38.5,3835,928590
2025-12-29 12:51:00+05:30,38.4,38.5,38.0,38.4,17680,928590
2025-12-29 12:52:00+05:30,38.45,38.85,38.45,38.65,5070,928590
2025-12-29 12:53:00+05:30,38.79,38.79,38.25,38.4,4940,922285
2025-12-29 12:54:00+05:30,38.45,38.65,38.2,38.45,2145,922285
2025-12-29 12:55:00+05:30,38.45,38.79,38.45,38.65,2730,922285
2025-12-29 12:56:00+05:30,38.65,39.1,38.65,38.9,3965,921830
2025-12-29 12:57:00+05:30,38.9,39.04,38.65,38.95,11375,921830
2025-12-29 12:58:00+05:30,39.04,39.25,39.0,39.25,6760,921830
2025-12-29 12:59:00+05:30,39.35,39.45,39.1,39.1,10075,917605
2025-12-29 13:00:00+05:30,39.15,39.35,39.1,39.2,2275,917605
2025-12-29 13:01:00+05:30,39.45,39.95,39.15,39.4,38740,917605
2025-12-29 13:02:00+05:30,39.35,39.85,39.29,39.85,8645,912210
2025-12-29 13:03:00+05:30,39.7,40.4,39.54,40.2,14560,912210
2025-12-29 13:04:00+05:30,40.25,40.4,40.1,40.25,2600,912210
2025-12-29 13:05:00+05:30,40.25,40.54,40.2,40.25,4225,910585
2025-12-29 13:06:00+05:30,40.29,40.75,40.29,40.4,3835,910585
2025-12-29 13:07:00+05:30,40.4,40.45,39.65,39.9,5980,910585
2025-12-29 13:08:00+05:30,39.7,40.0,39.7,40.0,2470,909025
2025-12-29 13:09:00+05:30,40.25,40.45,40.0,40.1,6045,909025
2025-12-29 13:10:00+05:30,40.1,40.25,39.9,40.04,3640,909025
2025-12-29 13:11:00+05:30,40.15,40.25,39.75,40.04,4550,904735
2025-12-29 13:12:00+05:30,40.15,40.15,39.79,39.79,1820,904735
2025-12-29 13:13:00+05:30,39.95,40.1,39.54,39.54,2470,904735
2025-12-29 13:14:00+05:30,39.5,39.54,37.35,37.9,28080,904605
2025-12-29 13:15:00+05:30,37.9,38.29,37.75,37.9,8970,904605
2025-12-29 13:16:00+05:30,38.0,38.0,36.4,36.6,13715,904605
2025-12-29 13:17:00+05:30,36.4,36.79,36.29,36.6,25610,908440
2025-12-29 13:18:00+05:30,36.5,36.85,36.25,36.65,23530,908440
2025-12-29 13:19:00+05:30,36.75,37.04,36.6,36.65,11895,908440
2025-12-29 13:20:00+05:30,36.7,36.85,36.54,36.85,13585,907205
2025-12-29 13:21:00+05:30,36.85,37.04,36.85,36.9,9035,907205
2025-12-29 13:22:00+05:30,37.0,37.0,36.4,36.6,13650,907205
2025-12-29 13:23:00+05:30,36.65,36.65,36.45,36.6,4485,913770
2025-12-29 13:24:00+05:30,36.5,36.65,36.4,36.54,2990,913770
2025-12-29 13:25:00+05:30,36.4,36.65,36.4,36.5,1560,913770
2025-12-29 13:26:00+05:30,36.6,36.75,36.6,36.6,5655,914290
2025-12-29 13:27:00+05:30,36.6,36.75,36.45,36.75,2145,914290
2025-12-29 13:28:00+05:30,36.7,37.0,36.7,36.79,4030,914290
2025-12-29 13:29:00+05:30,36.79,37.0,36.65,36.85,3900,912665
2025-12-29 13:30:00+05:30,36.79,37.15,36.79,36.79,2015,912665
2025-12-29 13:31:00+05:30,36.75,36.9,36.65,36.65,7995,912665
2025-12-29 13:32:00+05:30,36.7,36.85,36.6,36.85,5525,915265
2025-12-29 13:33:00+05:30,36.7,36.85,36.7,36.7,3445,915265
2025-12-29 13:34:00+05:30,36.7,36.79,36.65,36.79,3835,915265
2025-12-29 13:35:00+05:30,36.54,36.6,35.85,36.04,8970,919685
2025-12-29 13:36:00+05:30,35.9,36.35,35.29,36.35,10335,919685
2025-12-29 13:37:00+05:30,36.35,36.4,32.6,33.4,48880,919685
2025-12-29 13:38:00+05:30,33.54,34.4,33.54,34.1,23660,934960
2025-12-29 13:39:00+05:30,34.15,34.29,33.85,34.15,26260,934960
2025-12-29 13:40:00+05:30,34.04,34.2,33.85,34.2,25675,934960
2025-12-29 13:41:00+05:30,34.15,34.79,34.0,34.1,26780,949585
2025-12-29 13:42:00+05:30,34.15,34.5,34.1,34.5,27040,949585
2025-12-29 13:43:00+05:30,34.54,34.65,34.25,34.6,13065,949585
2025-12-29 13:44:00+05:30,34.6,34.9,34.6,34.75,6630,961545
2025-12-29 13:45:00+05:30,34.75,35.35,34.75,35.15,10530,961545
2025-12-29 13:46:00+05:30,35.35,36.1,35.25,36.1,8515,961545
2025-12-29 13:47:00+05:30,35.75,35.85,35.5,35.7,32630,950040
2025-12-29 13:48:00+05:30,35.79,36.04,35.7,36.0,7085,950040
2025-12-29 13:49:00+05:30,36.0,36.2,35.9,36.1,9945,950040
2025-12-29 13:50:00+05:30,36.1,36.45,35.95,36.25,3575,933335
2025-12-29 13:51:00+05:30,36.2,36.54,36.1,36.4,6825,933335
2025-12-29 13:52:00+05:30,36.4,36.9,36.29,36.9,3770,933335
2025-12-29 13:53:00+05:30,37.0,37.75,37.0,37.65,13650,932490
2025-12-29 13:54:00+05:30,37.54,38.04,37.45,37.79,27820,932490
2025-12-29 13:55:00+05:30,37.75,37.79,36.95,36.95,4940,932490
2025-12-29 13:56:00+05:30,37.1,37.2,36.6,37.1,10400,913640
2025-12-29 13:57:00+05:30,37.1,37.1,36.29,36.29,5265,913640
2025-12-29 13:58:00+05:30,36.45,36.75,36.35,36.7,2600,913640
2025-12-29 13:59:00+05:30,36.6,36.85,36.45,36.85,2730,908180
2025-12-29 14:00:00+05:30,36.65,36.9,36.65,36.9,25935,908180
2025-12-29 14:01:00+05:30,36.9,37.45,36.79,37.35,2210,908180
2025-12-29 14:02:00+05:30,37.45,37.79,37.15,37.35,3510,899405
2025-12-29 14:03:00+05:30,37.25,37.29,37.04,37.2,4745,899405
2025-12-29 14:04:00+05:30,37.2,37.5,37.0,37.5,1170,899405
2025-12-29 14:05:00+05:30,37.6,37.79,37.6,37.79,2795,899990
2025-12-29 14:06:00+05:30,37.7,38.35,37.65,37.85,12090,899990
2025-12-29 14:07:00+05:30,37.7,37.79,37.4,37.4,3380,899990
2025-12-29 14:08:00+05:30,37.25,37.6,37.15,37.5,5525,899145
2025-12-29 14:09:00+05:30,37.54,38.29,37.54,38.29,1690,899145
2025-12-29 14:10:00+05:30,38.5,38.54,37.9,37.9,12090,899145
2025-12-29 14:11:00+05:30,37.65,37.9,37.6,37.79,2080,904605
2025-12-29 14:12:00+05:30,37.75,37.79,37.29,37.29,3705,904605
2025-12-29 14:13:00+05:30,37.54,37.54,36.79,36.85,5785,904605
2025-12-29 14:14:00+05:30,36.6,36.7,36.25,36.25,9880,900445
2025-12-29 14:15:00+05:30,36.0,36.04,34.75,34.75,10855,900445
2025-12-29 14:16:00+05:30,34.79,34.85,34.15,34.35,5980,900445
2025-12-29 14:17:00+05:30,34.25,34.25,33.5,33.75,15600,900510
2025-12-29 14:18:00+05:30,33.85,33.95,33.4,33.7,17095,900510
2025-12-29 14:19:00+05:30,33.65,33.85,33.35,33.85,37570,900510
2025-12-29 14:20:00+05:30,33.7,34.29,33.7,33.9,17875,923715
2025-12-29 14:21:00+05:30,33.9,34.29,33.79,34.15,15015,923715
2025-12-29 14:22:00+05:30,34.1,34.35,33.95,34.29,14105,923715
2025-12-29 14:23:00+05:30,34.29,36.7,34.15,36.7,20930,946205
2025-12-29 14:24:00+05:30,37.1,37.54,36.45,37.45,43810,946205
2025-12-29 14:25:00+05:30,37.5,38.0,37.25,37.75,22620,946205
2025-12-29 14:26:00+05:30,37.9,38.45,37.79,37.79,14040,923325
2025-12-29 14:27:00+05:30,37.85,38.85,37.85,38.75,12805,923325
2025-12-29 14:28:00+05:30,38.75,38.75,36.79,37.25,21710,923325
2025-12-29 14:29:00+05:30,37.2,37.5,36.7,36.7,8580,926250
2025-12-29 14:30:00+05:30,36.85,36.85,35.95,36.29,9490,926250
2025-12-29 14:31:00+05:30,36.5,37.2,36.5,37.04,6435,926250
2025-12-29 14:32:00+05:30,37.15,37.25,37.0,37.2,2340,924560
2025-12-29 14:33:00+05:30,37.5,38.25,37.5,38.04,3640,924560
2025-12-29 14:34:00+05:30,38.29,38.54,38.25,38.25,6110,924560
2025-12-29 14:35:00+05:30,38.29,38.29,37.04,37.2,6045,925990
2025-12-29 14:36:00+05:30,37.15,37.15,36.25,36.54,12610,925990
2025-12-29 14:37:00+05:30,36.29,36.75,36.25,36.54,2795,925990
2025-12-29 14:38:00+05:30,36.35,36.79,36.35,36.7,5980,928460
2025-12-29 14:39:00+05:30,36.6,36.79,36.4,36.54,4160,928460
2025-12-29 14:40:00+05:30,36.6,36.65,36.2,36.25,5070,928460
2025-12-29 14:41:00+05:30,36.1,36.1,34.6,34.6,12025,933010
2025-12-29 14:42:00+05:30,34.75,34.75,34.1,34.7,17290,933010
2025-12-29 14:43:00+05:30,34.7,35.15,34.7,34.85,18785,933010
2025-12-29 14:44:00+05:30,35.0,35.6,34.9,35.45,8450,945230
2025-12-29 14:45:00+05:30,35.7,35.75,35.15,35.15,7540,945230
2025-12-29 14:46:00+05:30,35.0,35.15,34.65,35.04,9230,945230
2025-12-29 14:47:00+05:30,35.15,35.95,34.85,35.79,13650,949390
2025-12-29 14:48:00+05:30,36.0,36.25,35.75,36.25,8905,949390
2025-12-29 14:49:00+05:30,36.15,36.5,36.0,36.5,23075,949390
2025-12-29 14:50:00+05:30,36.4,36.54,35.15,35.4,11830,962195
2025-12-29 14:51:00+05:30,35.5,35.7,34.9,35.5,10985,962195
2025-12-29 14:52:00+05:30,35.79,36.04,35.6,35.95,2405,962195
2025-12-29 14:53:00+05:30,36.1,36.4,36.1,36.2,3965,958035
2025-12-29 14:54:00+05:30,35.75,35.75,34.5,34.9,9295,958035
2025-12-29 14:55:00+05:30,34.9,35.5,34.7,35.0,10855,958035
2025-12-29 14:56:00+05:30,35.04,35.5,34.95,35.29,4420,952705
2025-12-29 14:57:00+05:30,35.6,36.15,35.5,36.0,7735,952705
2025-12-29 14:58:00+05:30,35.85,36.65,35.85,36.29,9685,952705
2025-12-29 14:59:00+05:30,36.85,37.1,36.2,36.29,7150,953550
2025-12-29 15:00:00+05:30,36.6,37.2,36.29,36.54,16185,953550
2025-12-29 15:01:00+05:30,36.79,36.79,35.9,36.5,16380,953550
2025-12-29 15:02:00+05:30,36.54,36.54,35.75,35.79,20020,947440
2025-12-29 15:03:00+05:30,35.95,36.25,35.79,36.2,8060,947440
2025-12-29 15:04:00+05:30,36.0,36.9,35.9,36.9,7800,947440
2025-12-29 15:05:00+05:30,36.7,37.2,36.6,37.0,16835,944580
2025-12-29 15:06:00+05:30,37.0,37.0,36.65,36.95,7215,944580
2025-12-29 15:07:00+05:30,37.0,37.15,36.6,36.85,14885,944580
2025-12-29 15:08:00+05:30,36.75,36.95,36.45,36.65,6630,945295
2025-12-29 15:09:00+05:30,36.75,36.85,36.6,36.75,7670,945295
2025-12-29 15:10:00+05:30,36.85,37.45,36.85,37.45,58695,945295
2025-12-29 15:11:00+05:30,37.4,37.45,37.0,37.1,12285,924755
2025-12-29 15:12:00+05:30,37.1,37.5,37.04,37.5,5915,924755
2025-12-29 15:13:00+05:30,37.5,37.5,37.04,37.04,15015,924755
2025-12-29 15:14:00+05:30,37.2,37.5,37.15,37.5,14820,930345
2025-12-29 15:15:00+05:30,37.4,37.6,37.1,37.45,56290,930345
2025-12-29 15:16:00+05:30,37.5,37.6,37.1,37.45,19370,930345
2025-12-29 15:17:00+05:30,37.5,37.7,37.2,37.65,58175,924625
2025-12-29 15:18:00+05:30,37.5,37.6,37.2,37.29,93340,924625
2025-12-29 15:19:00+05:30,37.29,37.29,36.9,37.0,17875,924625
2025-12-29 15:20:00+05:30,37.15,37.45,37.1,37.29,29965,985855
2025-12-29 15:21:00+05:30,37.5,38.25,37.5,37.9,15405,985855
2025-12-29 15:22:00+05:30,37.85,38.1,37.54,38.1,14625,985855
2025-12-29 15:23:00+05:30,38.0,38.1,37.5,37.65,13650,988065
2025-12-29 15:24:00+05:30,37.6,38.15,37.6,38.0,12610,988065
2025-12-29 15:25:00+05:30,38.2,38.45,37.79,37.9,29185,988065
2025-12-29 15:26:00+05:30,37.95,38.0,37.65,37.65,25740,996710
2025-12-29 15:27:00+05:30,37.79,37.85,37.45,37.45,12285,996710
2025-12-29 15:28:00+05:30,37.6,37.7,37.29,37.45,22815,996710
2025-12-29 15:29:00+05:30,37.45,37.75,37.1,37.75,28535,996255
2025-12-30 09:15:00+05:30,32.95,32.95,25.4,26.45,148200,992485
2025-12-30 09:16:00+05:30,26.4,27.3,25.7,27.15,135655,1070160
2025-12-30 09:17:00+05:30,27.35,28.4,27.2,28.15,64935,1070160
2025-12-30 09:18:00+05:30,28.15,28.15,26.2,26.25,53625,1070160
2025-12-30 09:19:00+05:30,26.3,27.2,26.2,27.2,53820,1088555
2025-12-30 09:20:00+05:30,27.15,27.15,25.35,25.4,52195,1088555
2025-12-30 09:21:00+05:30,25.6,25.6,24.2,24.75,82225,1088555
2025-12-30 09:22:00+05:30,24.8,25.3,24.65,25.3,83525,1114815
2025-12-30 09:23:00+05:30,25.25,25.45,24.75,24.9,109135,1114815
2025-12-30 09:24:00+05:30,24.9,25.3,24.65,24.65,99255,1114815
2025-12-30 09:25:00+05:30,24.65,24.8,24.4,24.75,52845,1175720
2025-12-30 09:26:00+05:30,24.7,24.9,24.05,24.25,32890,1175720
2025-12-30 09:27:00+05:30,24.3,24.55,23.9,24.25,104390,1175720
2025-12-30 09:28:00+05:30,24.25,24.95,24.25,24.8,159705,1282385
2025-12-30 09:29:00+05:30,24.85,25.05,24.75,24.85,45825,1282385
2025-12-30 09:30:00+05:30,24.7,25.2,24.7,24.85,79040,1282385
2025-12-30 09:31:00+05:30,24.8,25.05,24.55,24.55,32240,1297920
2025-12-30 09:32:00+05:30,24.65,25.0,24.45,24.95,42705,1297920
2025-12-30 09:33:00+05:30,24.95,25.25,24.75,25.25,34710,1297920
2025-12-30 09:34:00+05:30,25.5,27.1,25.35,27.1,44915,1312740
2025-12-30 09:35:00+05:30,27.25,28.15,26.65,28.1,37050,1312740
2025-12-30 09:36:00+05:30,28.1,29.0,27.55,28.05,27300,1312740
2025-12-30 09:37:00+05:30,28.3,29.15,28.1,28.1,27430,1304810
2025-12-30 09:38:00+05:30,28.25,28.95,28.2,28.85,24830,1304810
2025-12-30 09:39:00+05:30,28.7,31.7,28.4,31.5,69940,1304810
2025-12-30 09:40:00+05:30,31.45,32.25,31.0,31.35,88205,1301300
2025-12-30 09:41:00+05:30,31.55,31.9,30.3,31.4,32890,1301300
2025-12-30 09:42:00+05:30,30.95,32.54,30.95,32.15,45240,1301300
2025-12-30 09:43:00+05:30,32.5,34.95,32.5,34.54,54860,1263990
2025-12-30 09:44:00+05:30,34.5,35.25,33.85,34.0,60060,1263990
2025-12-30 09:45:00+05:30,34.04,34.65,32.0,32.0,85735,1263990
2025-12-30 09:46:00+05:30,31.55,31.9,30.2,30.6,48295,1245725
2025-12-30 09:47:00+05:30,30.65,31.0,29.0,29.95,57460,1245725
2025-12-30 09:48:00+05:30,29.65,30.45,28.1,28.1,29120,1245725
2025-12-30 09:49:00+05:30,28.2,28.5,27.0,27.25,57200,1252355
2025-12-30 09:50:00+05:30,27.25,27.85,27.05,27.7,38545,1252355
2025-12-30 09:51:00+05:30,27.8,31.45,27.8,31.15,39585,1252355
2025-12-30 09:52:00+05:30,31.25,33.4,31.25,31.9,59215,1255150
2025-12-30 09:53:00+05:30,32.15,32.65,30.95,32.6,113620,1255150
2025-12-30 09:54:00+05:30,32.79,33.7,32.35,33.7,27950,1255150
2025-12-30 09:55:00+05:30,33.35,36.7,32.75,35.0,151645,1221090
2025-12-30 09:56:00+05:30,34.45,34.79,33.79,34.5,78000,1221090
2025-12-30 09:57:00+05:30,34.45,35.2,34.2,34.2,45370,1221090
2025-12-30 09:58:00+05:30,34.0,34.4,33.29,33.79,11830,1141855
2025-12-30 09:59:00+05:30,33.65,33.65,31.85,32.45,27430,1141855
2025-12-30 10:00:00+05:30,32.2,32.65,31.75,32.0,8515,1141855
2025-12-30 10:01:00+05:30,31.9,32.0,30.3,30.9,75140,1142310
2025-12-30 10:02:00+05:30,31.15,33.54,31.15,33.54,15210,1142310
2025-12-30 10:03:00+05:30,33.0,33.35,32.25,32.5,15925,1142310
2025-12-30 10:04:00+05:30,33.04,33.2,32.15,32.5,8190,1177150
2025-12-30 10:05:00+05:30,32.04,32.7,32.0,32.4,9685,1177150
2025-12-30 10:06:00+05:30,32.35,32.5,31.1,31.45,7605,1177150
2025-12-30 10:07:00+05:30,31.4,32.4,31.4,31.8,11115,1178645
2025-12-30 10:08:00+05:30,31.85,32.1,31.25,31.25,10595,1178645
2025-12-30 10:09:00+05:30,31.4,31.6,30.5,31.6,10855,1178645
2025-12-30 10:10:00+05:30,31.5,32.1,31.0,31.3,16445,1181960
2025-12-30 10:11:00+05:30,31.7,32.35,31.55,31.9,13585,1181960
2025-12-30 10:12:00+05:30,32.0,34.04,31.75,34.04,10595,1181960
2025-12-30 10:13:00+05:30,34.0,34.79,33.5,34.7,13325,1183455
2025-12-30 10:14:00+05:30,34.79,35.29,33.0,33.9,27625,1183455
2025-12-30 10:15:00+05:30,33.9,35.35,33.9,35.04,21710,1183455
2025-12-30 10:16:00+05:30,35.29,35.65,34.79,34.79,19760,1177150
2025-12-30 10:17:00+05:30,34.65,35.25,34.65,34.95,7215,1177150
2025-12-30 10:18:00+05:30,34.95,35.4,34.54,34.65,13845,1177150
2025-12-30 10:19:00+05:30,34.65,35.15,34.2,35.0,20345,1174940
2025-12-30 10:20:00+05:30,35.1,35.95,35.1,35.9,27170,1174940
2025-12-30 10:21:00+05:30,35.79,36.35,34.5,34.6,24765,1174940
2025-12-30 10:22:00+05:30,34.7,35.79,34.6,34.9,53365,1154855
2025-12-30 10:23:00+05:30,34.9,36.0,34.9,35.45,22880,1154855
2025-12-30 10:24:00+05:30,35.65,39.0,35.5,38.15,61555,1154855
2025-12-30 10:25:00+05:30,38.15,39.2,37.0,37.9,95745,1122615
2025-12-30 10:26:00+05:30,37.65,37.65,36.29,36.7,18590,1122615
2025-12-30 10:27:00+05:30,36.85,37.4,36.5,37.15,17225,1122615
2025-12-30 10:28:00+05:30,37.2,37.2,36.1,36.6,16770,1118715
2025-12-30 10:29:00+05:30,36.4,36.65,35.6,36.29,10530,1118715
2025-12-30 10:30:00+05:30,36.45,37.5,36.45,37.25,29900,1118715
2025-12-30 10:31:00+05:30,37.1,37.7,36.79,37.2,14430,1120015
2025-12-30 10:32:00+05:30,37.5,38.0,36.79,37.45,23790,1120015
2025-12-30 10:33:00+05:30,37.45,37.7,37.0,37.54,18980,1120015
2025-12-30 10:34:00+05:30,37.7,38.15,37.1,37.54,11310,1116700
2025-12-30 10:35:00+05:30,37.4,37.7,36.04,36.1,27495,1116700
2025-12-30 10:36:00+05:30,36.15,36.54,33.9,34.2,43290,1116700
2025-12-30 10:37:00+05:30,34.4,35.85,33.7,34.0,26195,1108510
2025-12-30 10:38:00+05:30,34.29,34.6,34.04,34.2,14690,1108510
2025-12-30 10:39:00+05:30,34.15,35.1,34.04,34.45,9620,1108510
2025-12-30 10:40:00+05:30,34.45,34.5,33.29,33.79,11050,1113255
2025-12-30 10:41:00+05:30,34.04,34.25,33.2,34.15,13195,1113255
2025-12-30 10:42:00+05:30,34.15,34.29,32.45,32.45,30290,1113255
2025-12-30 10:43:00+05:30,32.4,33.0,32.2,32.7,13520,1119755
2025-12-30 10:44:00+05:30,32.9,33.65,32.45,32.79,14885,1119755
2025-12-30 10:45:00+05:30,32.75,32.79,31.05,31.55,15210,1119755
2025-12-30 10:46:00+05:30,31.6,32.7,30.85,32.45,21645,1120080
2025-12-30 10:47:00+05:30,32.6,32.6,32.0,32.1,14625,1120080
2025-12-30 10:48:00+05:30,32.1,32.2,31.35,31.55,13715,1120080
2025-12-30 10:49:00+05:30,31.45,32.95,31.45,32.85,21125,1121705
2025-12-30 10:50:00+05:30,32.85,33.25,32.4,33.15,11895,1121705
2025-12-30 10:51:00+05:30,33.45,33.79,31.95,32.15,26195,1121705
2025-12-30 10:52:00+05:30,32.4,32.4,30.8,31.25,21580,1129050
2025-12-30 10:53:00+05:30,31.05,31.45,30.45,30.45,19955,1129050
2025-12-30 10:54:00+05:30,30.65,30.65,29.65,29.8,77610,1129050
2025-12-30 10:55:00+05:30,29.85,30.0,29.3,29.55,25740,1182025
2025-12-30 10:56:00+05:30,29.55,30.3,29.55,30.15,22165,1182025
2025-12-30 10:57:00+05:30,30.3,30.95,30.0,30.55,10400,1182025
2025-12-30 10:58:00+05:30,30.5,30.65,30.2,30.5,23790,1203800
2025-12-30 10:59:00+05:30,30.4,30.5,29.75,30.3,20410,1203800
2025-12-30 11:00:00+05:30,30.1,30.55,29.75,30.55,69615,1203800
2025-12-30 11:01:00+05:30,30.6,30.65,29.55,29.6,14430,1255605
2025-12-30 11:02:00+05:30,30.0,30.3,29.9,30.3,4485,1255605
2025-12-30 11:03:00+05:30,30.3,30.3,29.4,29.55,8060,1255605
2025-12-30 11:04:00+05:30,29.55,29.65,29.3,29.45,7605,1251380
2025-12-30 11:05:00+05:30,29.6,30.8,29.45,30.1,10400,1251380
2025-12-30 11:06:00+05:30,30.0,30.45,29.2,29.8,9035,1251380
2025-12-30 11:07:00+05:30,29.75,30.2,29.5,30.15,12675,1249560
2025-12-30 11:08:00+05:30,30.05,30.65,30.05,30.55,12285,1249560
2025-12-30 11:09:00+05:30,30.6,30.6,30.1,30.1,6760,1249560
2025-12-30 11:10:00+05:30,30.25,30.25,28.4,28.4,31395,1246440
2025-12-30 11:11:00+05:30,27.35,27.85,26.55,27.6,33605,1246440
2025-12-30 11:12:00+05:30,27.2,28.6,27.2,28.25,25610,1246440
2025-12-30 11:13:00+05:30,28.3,29.6,28.3,28.65,8580,1272440
2025-12-30 11:14:00+05:30,28.45,28.7,28.2,28.25,54145,1272440
2025-12-30 11:15:00+05:30,28.2,29.0,28.0,29.0,21255,1272440
2025-12-30 11:16:00+05:30,29.5,29.5,28.95,29.45,16055,1272440
2025-12-30 11:17:00+05:30,29.45,29.55,28.8,28.8,53430,1229605
2025-12-30 11:18:00+05:30,29.1,29.2,28.6,29.0,14950,1229605
2025-12-30 11:19:00+05:30,28.85,29.0,28.5,28.55,22815,1279720
2025-12-30 11:20:00+05:30,28.4,29.05,28.2,28.8,11050,1279720
2025-12-30 11:21:00+05:30,29.0,29.1,28.05,28.2,18525,1279720
2025-12-30 11:22:00+05:30,28.2,28.6,28.0,28.15,14170,1285440
2025-12-30 11:23:00+05:30,28.0,28.0,26.9,26.9,20800,1285440
2025-12-30 11:24:00+05:30,27.2,27.65,26.95,27.45,33735,1285440
2025-12-30 11:25:00+05:30,27.55,27.6,27.1,27.6,18915,1298310
2025-12-30 11:26:00+05:30,27.5,27.7,27.1,27.4,13845,1298310
2025-12-30 11:27:00+05:30,27.35,27.6,27.1,27.45,20735,1298310
2025-12-30 11:28:00+05:30,27.45,27.8,27.15,27.15,10725,1287260
2025-12-30 11:29:00+05:30,27.15,27.45,27.05,27.05,37180,1287260
2025-12-30 11:30:00+05:30,26.75,26.9,26.0,26.15,30875,1287260
2025-12-30 11:31:00+05:30,26.15,26.85,26.0,26.8,10270,1261845
2025-12-30 11:32:00+05:30,26.75,27.0,26.3,26.55,7280,1261845
2025-12-30 11:33:00+05:30,26.15,26.25,25.5,25.5,9035,1261845
2025-12-30 11:34:00+05:30,25.6,25.9,24.2,24.5,95355,1219595
2025-12-30 11:35:00+05:30,24.6,24.7,24.3,24.5,17290,1219595
2025-12-30 11:36:00+05:30,24.55,24.9,24.5,24.65,22620,1219595
2025-12-30 11:37:00+05:30,24.6,24.8,24.5,24.7,11505,1217775
2025-12-30 11:38:00+05:30,24.6,24.8,24.5,24.6,6630,1217775
2025-12-30 11:39:00+05:30,24.6,24.75,24.5,24.65,23660,1217775
2025-12-30 11:40:00+05:30,24.7,25.05,24.6,25.05,11700,1226745
2025-12-30 11:41:00+05:30,25.05,25.95,25.05,25.95,7150,1226745
2025-12-30 11:42:00+05:30,25.95,26.9,25.95,26.85,10465,1226745
2025-12-30 11:43:00+05:30,26.8,26.85,26.45,26.6,12025,1225900
2025-12-30 11:44:00+05:30,26.6,26.8,26.5,26.65,11180,1225900
2025-12-30 11:45:00+05:30,26.5,27.6,26.5,27.55,11310,1225900
2025-12-30 11:46:00+05:30,27.35,27.35,26.6,26.7,20735,1232140
2025-12-30 11:47:00+05:30,26.55,26.8,26.25,26.75,19305,1232140
2025-12-30 11:48:00+05:30,26.7,27.0,26.7,26.95,6695,1232140
2025-12-30 11:49:00+05:30,26.95,26.95,26.8,26.95,3510,1233310
2025-12-30 11:50:00+05:30,26.8,26.85,25.85,26.2,4485,1233310
2025-12-30 11:51:00+05:30,26.0,26.55,25.8,26.55,19240,1233310
2025-12-30 11:52:00+05:30,26.1,26.25,25.25,25.4,9230,1234090
2025-12-30 11:53:00+05:30,25.4,25.9,25.4,25.7,4940,1234090
2025-12-30 11:54:00+05:30,25.6,25.8,25.35,25.35,2925,1234090
2025-12-30 11:55:00+05:30,25.35,25.4,24.85,25.1,7540,1236560
2025-12-30 11:56:00+05:30,25.0,25.3,24.85,25.2,17225,1236560
2025-12-30 11:57:00+05:30,25.2,25.25,24.7,24.7,50830,1236560
2025-12-30 11:58:00+05:30,24.65,25.1,24.45,25.1,21515,1256580
2025-12-30 11:59:00+05:30,25.2,25.4,25.1,25.35,3380,1256580
2025-12-30 12:00:00+05:30,25.2,25.7,25.1,25.2,6500,1256580
2025-12-30 12:01:00+05:30,25.4,25.4,24.5,24.6,23270,1256580
2025-12-30 12:02:00+05:30,24.6,24.8,24.55,24.75,20670,1264250
2025-12-30 12:03:00+05:30,24.75,24.75,24.25,24.25,14040,1264250
2025-12-30 12:04:00+05:30,24.4,24.5,24.05,24.3,12675,1264250
2025-12-30 12:05:00+05:30,24.3,24.4,24.0,24.35,27430,1281280
2025-12-30 12:06:00+05:30,24.35,24.9,24.35,24.6,10270,1281280
2025-12-30 12:07:00+05:30,24.65,24.75,24.45,24.7,14950,1281280
2025-12-30 12:08:00+05:30,24.7,24.95,24.6,24.75,9490,1292590
2025-12-30 12:09:00+05:30,24.7,25.45,24.7,25.45,9815,1292590
2025-12-30 12:10:00+05:30,25.45,25.65,25.3,25.5,7410,1292590
2025-12-30 12:11:00+05:30,25.25,25.4,24.85,25.05,11960,1297465
2025-12-30 12:12:00+05:30,25.1,25.1,24.55,24.7,6760,1297465
2025-12-30 12:13:00+05:30,24.7,24.7,23.45,23.75,29120,1297465
2025-12-30 12:14:00+05:30,23.65,23.95,23.65,23.75,16315,1295255
2025-12-30 12:15:00+05:30,23.8,24.15,23.65,24.1,12025,1295255
2025-12-30 12:16:00+05:30,24.0,24.45,23.95,24.4,6825,1295255
2025-12-30 12:17:00+05:30,24.35,24.5,24.05,24.5,12610,1294995
2025-12-30 12:18:00+05:30,24.5,24.6,24.4,24.45,8385,1294995
2025-12-30 12:19:00+05:30,24.4,24.5,24.25,24.5,6500,1294995
2025-12-30 12:20:00+05:30,24.4,24.75,24.4,24.75,7475,1311440
2025-12-30 12:21:00+05:30,24.6,24.65,24.25,24.4,6760,1311440
2025-12-30 12:22:00+05:30,24.45,24.6,24.3,24.45,11830,1311440
2025-12-30 12:23:00+05:30,24.45,24.55,24.3,24.55,7410,1317160
2025-12-30 12:24:00+05:30,24.45,24.45,24.05,24.3,5265,1317160
2025-12-30 12:25:00+05:30,24.3,24.4,24.15,24.3,6240,1317160
2025-12-30 12:26:00+05:30,24.45,24.7,24.45,24.7,18980,1324635
2025-12-30 12:27:00+05:30,24.65,24.7,24.2,24.3,15470,1324635
2025-12-30 12:28:00+05:30,24.35,24.45,24.15,24.15,10270,1324635
2025-12-30 12:29:00+05:30,24.25,24.25,23.9,24.1,15275,1327625
2025-12-30 12:30:00+05:30,24.2,24.5,24.1,24.3,11440,1327625
2025-12-30 12:31:00+05:30,24.2,24.45,24.15,24.35,6500,1327625
2025-12-30 12:32:00+05:30,24.2,24.4,24.15,24.4,12740,1328275
2025-12-30 12:33:00+05:30,24.45,24.95,24.3,24.95,13780,1328275
2025-12-30 12:34:00+05:30,24.95,25.4,24.65,24.65,11570,1328275
2025-12-30 12:35:00+05:30,24.55,24.7,24.3,24.45,10660,1332240
2025-12-30 12:36:00+05:30,24.6,25.1,24.45,25.05,5460,1332240
2025-12-30 12:37:00+05:30,25.1,25.9,25.1,25.9,12155,1332240
2025-12-30 12:38:00+05:30,25.75,25.85,25.5,25.65,6695,1332370
2025-12-30 12:39:00+05:30,25.55,25.9,25.3,25.85,8125,1332370
2025-12-30 12:40:00+05:30,25.8,25.95,25.55,25.65,7605,1332370
2025-12-30 12:41:00+05:30,25.55,25.95,25.55,25.6,10400,1336985
2025-12-30 12:42:00+05:30,25.75,25.85,25.55,25.7,5070,1336985
2025-12-30 12:43:00+05:30,25.65,25.85,24.95,25.2,8775,1336985
2025-12-30 12:44:00+05:30,25.3,25.4,25.1,25.3,3445,1337765
2025-12-30 12:45:00+05:30,25.4,25.4,24.9,25.25,6175,1337765
2025-12-30 12:46:00+05:30,25.25,25.75,25.0,25.4,14105,1337765
2025-12-30 12:47:00+05:30,25.55,25.75,25.5,25.65,3510,1334580
2025-12-30 12:48:00+05:30,25.85,26.15,25.5,25.9,20605,1334580
2025-12-30 12:49:00+05:30,25.85,25.9,25.65,25.85,6890,1334580
2025-12-30 12:50:00+05:30,25.7,25.9,25.5,25.7,10920,1331265
2025-12-30 12:51:00+05:30,25.6,25.6,25.0,25.0,22750,1331265
2025-12-30 12:52:00+05:30,24.95,25.25,24.55,25.25,15080,1331265
2025-12-30 12:53:00+05:30,25.25,25.4,24.85,25.4,5460,1337570
2025-12-30 12:54:00+05:30,25.5,25.55,25.2,25.2,11765,1337570
2025-12-30 12:55:00+05:30,25.0,25.6,25.0,25.55,7150,1337570
2025-12-30 12:56:00+05:30,25.5,25.55,25.2,25.2,2275,1342575
2025-12-30 12:57:00+05:30,25.2,25.2,24.85,24.85,8320,1342575
2025-12-30 12:58:00+05:30,24.85,24.9,24.1,24.1,3965,1342575
2025-12-30 12:59:00+05:30,24.05,24.2,24.0,24.1,10530,1349855
2025-12-30 13:00:00+05:30,24.1,24.55,24.05,24.35,9100,1349855
2025-12-30 13:01:00+05:30,24.35,24.45,23.9,23.9,9880,1349855
2025-12-30 13:02:00+05:30,23.8,24.0,23.7,23.7,10790,1349010
2025-12-30 13:03:00+05:30,23.65,24.05,23.65,23.9,5850,1349010
2025-12-30 13:04:00+05:30,23.9,23.9,23.4,23.5,6565,1349010
2025-12-30 13:05:00+05:30,23.55,23.65,23.4,23.4,13975,1348555
2025-12-30 13:06:00+05:30,23.5,23.9,23.45,23.75,7605,1348555
2025-12-30 13:07:00+05:30,23.75,23.8,23.5,23.6,12220,1348555
2025-12-30 13:08:00+05:30,23.5,23.6,23.45,23.6,8190,1348165
2025-12-30 13:09:00+05:30,23.55,23.7,23.4,23.6,14105,1348165
2025-12-30 13:10:00+05:30,23.5,23.5,21.85,22.35,37115,1348165
2025-12-30 13:11:00+05:30,22.25,22.95,22.25,22.85,38610,1349205
2025-12-30 13:12:00+05:30,22.8,23.55,22.8,23.55,22230,1349205
2025-12-30 13:13:00+05:30,23.7,24.15,23.6,24.15,11765,1349205
2025-12-30 13:14:00+05:30,24.2,24.2,23.65,23.65,9230,1344005
2025-12-30 13:15:00+05:30,23.6,24.0,23.6,23.9,3965,1344005
2025-12-30 13:16:00+05:30,23.9,23.95,23.6,23.9,4745,1344005
2025-12-30 13:17:00+05:30,23.85,24.2,23.8,23.8,12155,1343355
2025-12-30 13:18:00+05:30,23.85,23.95,23.6,23.95,3835,1343355
2025-12-30 13:19:00+05:30,24.0,24.3,23.95,24.25,12220,1343355
2025-12-30 13:20:00+05:30,24.1,24.3,23.8,23.9,16900,1341730
2025-12-30 13:21:00+05:30,23.95,24.05,23.8,23.8,10660,1341730
2025-12-30 13:22:00+05:30,23.8,24.05,23.7,23.75,10205,1341730
2025-12-30 13:23:00+05:30,23.6,23.75,23.35,23.7,17160,1346540
2025-12-30 13:24:00+05:30,23.65,23.75,23.45,23.65,13585,1346540
2025-12-30 13:25:00+05:30,23.7,23.75,23.35,23.6,12285,1346540
2025-12-30 13:26:00+05:30,23.55,23.55,23.3,23.35,20085,1355380
2025-12-30 13:27:00+05:30,23.3,24.1,23.3,23.8,33540,1355380
2025-12-30 13:28:00+05:30,23.85,24.35,23.65,24.05,27885,1355380
2025-12-30 13:29:00+05:30,24.05,24.05,23.7,23.85,8320,1347255
2025-12-30 13:30:00+05:30,23.85,24.15,23.8,24.0,6695,1347255
2025-12-30 13:31:00+05:30,24.15,24.3,23.9,24.15,28210,1347255
2025-12-30 13:32:00+05:30,24.55,24.95,24.3,24.95,37960,1354015
2025-12-30 13:33:00+05:30,24.9,25.05,24.55,25.0,13975,1354015
2025-12-30 13:34:00+05:30,24.9,25.1,24.85,24.95,20930,1354015
2025-12-30 13:35:00+05:30,24.95,25.3,24.7,25.2,19760,1357720
2025-12-30 13:36:00+05:30,25.15,26.3,25.0,25.8,34645,1357720
2025-12-30 13:37:00+05:30,25.8,26.1,25.25,25.3,25220,1357720
2025-12-30 13:38:00+05:30,25.4,25.5,24.75,25.4,86255,1415310
2025-12-30 13:39:00+05:30,25.2,25.4,25.1,25.4,6500,1415310
2025-12-30 13:40:00+05:30,25.25,26.0,25.25,26.0,24375,1415310
2025-12-30 13:41:00+05:30,26.2,26.65,25.95,26.55,43680,1414335
2025-12-30 13:42:00+05:30,26.35,26.85,25.8,26.85,23595,1414335
2025-12-30 13:43:00+05:30,27.2,28.05,27.2,28.05,101270,1414335
2025-12-30 13:44:00+05:30,28.0,28.25,27.1,27.85,51675,1460940
2025-12-30 13:45:00+05:30,28.1,30.05,27.95,29.45,67665,1460940
2025-12-30 13:46:00+05:30,29.35,29.6,28.2,28.8,36985,1460940
2025-12-30 13:47:00+05:30,28.9,30.1,28.9,30.1,31785,1438515
2025-12-30 13:48:00+05:30,30.1,30.1,29.05,29.5,61100,1438515
2025-12-30 13:49:00+05:30,29.55,29.8,28.5,28.5,30225,1438515
2025-12-30 13:50:00+05:30,28.65,29.15,27.45,27.45,21840,1437930
2025-12-30 13:51:00+05:30,27.55,27.55,26.25,26.35,25805,1437930
2025-12-30 13:52:00+05:30,26.4,27.8,26.4,27.8,30160,1437930
2025-12-30 13:53:00+05:30,27.65,28.6,27.6,27.95,24960,1445470
2025-12-30 13:54:00+05:30,28.0,28.3,27.6,28.2,19955,1445470
2025-12-30 13:55:00+05:30,28.2,28.5,28.0,28.45,12675,1445470
2025-12-30 13:56:00+05:30,28.45,28.5,27.6,28.1,8775,1446575
2025-12-30 13:57:00+05:30,28.05,28.05,27.5,27.75,6695,1446575
2025-12-30 13:58:00+05:30,27.85,28.3,27.6,28.2,9945,1446575
2025-12-30 13:59:00+05:30,28.05,28.05,27.2,27.7,29575,1441830
2025-12-30 14:00:00+05:30,27.8,28.7,27.8,28.65,23920,1441830
2025-12-30 14:01:00+05:30,28.8,29.0,27.2,28.0,49465,1441830
2025-12-30 14:02:00+05:30,27.75,28.55,27.65,28.55,5655,1447745
2025-12-30 14:03:00+05:30,28.2,28.6,28.2,28.5,8125,1447745
2025-12-30 14:04:00+05:30,28.4,28.9,28.15,28.75,17225,1447745
2025-12-30 14:05:00+05:30,28.5,28.6,28.2,28.2,5720,1441570
2025-12-30 14:06:00+05:30,28.05,28.15,27.25,27.85,8710,1441570
2025-12-30 14:07:00+05:30,27.85,27.85,27.35,27.55,5915,1441570
2025-12-30 14:08:00+05:30,27.2,27.45,25.9,27.45,23205,1444040
2025-12-30 14:09:00+05:30,27.45,27.45,26.8,27.05,4875,1444040
2025-12-30 14:10:00+05:30,27.0,27.9,27.0,27.8,10465,1444040
2025-12-30 14:11:00+05:30,27.75,27.8,27.45,27.7,11700,1444365
2025-12-30 14:12:00+05:30,27.7,27.9,27.65,27.7,4160,1444365
2025-12-30 14:13:00+05:30,27.7,29.05,27.7,27.9,22880,1444365
2025-12-30 14:14:00+05:30,28.15,28.4,27.65,28.4,19955,1442480
2025-12-30 14:15:00+05:30,28.4,28.9,28.4,28.55,7540,1442480
2025-12-30 14:16:00+05:30,29.0,29.6,28.75,29.5,17290,1442480
2025-12-30 14:17:00+05:30,29.35,29.65,29.1,29.4,27430,1443065
2025-12-30 14:18:00+05:30,29.3,29.55,28.6,29.5,21775,1443065
2025-12-30 14:19:00+05:30,29.25,29.45,28.3,28.4,16770,1443065
2025-12-30 14:20:00+05:30,28.35,28.65,27.5,27.5,20280,1443520
2025-12-30 14:21:00+05:30,27.65,27.8,26.75,26.9,15925,1443520
2025-12-30 14:22:00+05:30,26.8,27.2,26.5,27.0,17355,1443520
2025-12-30 14:23:00+05:30,27.1,27.1,26.65,26.65,18070,1449500
2025-12-30 14:24:00+05:30,26.7,26.7,25.0,26.4,27560,1449500
2025-12-30 14:25:00+05:30,26.2,26.4,24.5,24.65,34645,1449500
2025-12-30 14:26:00+05:30,25.2,25.7,24.9,25.5,33280,1460355
2025-12-30 14:27:00+05:30,25.7,26.15,25.45,26.0,38870,1460355
2025-12-30 14:28:00+05:30,25.9,25.9,25.4,25.55,12155,1460355
2025-12-30 14:29:00+05:30,25.75,26.2,25.5,25.5,16835,1463670
2025-12-30 14:30:00+05:30,25.7,26.65,25.45,26.15,35620,1463670
2025-12-30 14:31:00+05:30,26.2,27.2,25.9,27.2,32695,1463670
2025-12-30 14:32:00+05:30,27.2,27.35,26.8,27.1,31265,1472640
2025-12-30 14:33:00+05:30,27.15,27.2,26.75,27.2,17355,1472640
2025-12-30 14:34:00+05:30,27.05,27.7,26.95,27.3,19630,1472640
2025-12-30 14:35:00+05:30,27.3,27.35,26.9,27.05,11505,1482455
2025-12-30 14:36:00+05:30,26.8,26.8,26.15,26.45,21190,1482455
2025-12-30 14:37:00+05:30,26.45,26.45,25.75,25.75,7540,1482455
2025-12-30 14:38:00+05:30,25.5,26.8,25.5,26.3,16380,1489410
2025-12-30 14:39:00+05:30,26.3,26.65,26.3,26.55,8060,1489410
2025-12-30 14:40:00+05:30,26.65,27.0,26.0,26.0,14365,1489410
2025-12-30 14:41:00+05:30,25.8,26.1,25.65,26.0,9880,1491490
2025-12-30 14:42:00+05:30,25.95,26.75,25.95,26.75,17225,1491490
2025-12-30 14:43:00+05:30,26.55,27.7,26.55,27.7,25155,1491490
2025-12-30 14:44:00+05:30,27.75,27.9,27.1,27.7,38090,1491750
2025-12-30 14:45:00+05:30,27.6,27.75,26.6,27.05,33605,1491750
2025-12-30 14:46:00+05:30,27.45,27.85,27.25,27.6,22295,1491750
2025-12-30 14:47:00+05:30,27.75,28.1,27.65,28.05,34840,1496690
2025-12-30 14:48:00+05:30,28.15,28.35,27.65,27.9,28080,1496690
2025-12-30 14:49:00+05:30,27.8,28.65,27.6,28.45,47060,1496690
2025-12-30 14:50:00+05:30,28.4,29.0,28.4,28.65,29835,1488695
2025-12-30 14:51:00+05:30,28.65,28.9,28.3,28.4,14950,1488695
2025-12-30 14:52:00+05:30,28.35,28.4,27.85,28.15,22490,1488695
2025-12-30 14:53:00+05:30,28.0,28.2,27.7,27.7,6825,1486810
2025-12-30 14:54:00+05:30,27.8,27.9,27.2,27.8,15860,1486810
2025-12-30 14:55:00+05:30,27.5,28.0,27.5,27.8,22360,1486810
2025-12-30 14:56:00+05:30,27.65,28.6,27.4,28.5,28535,1474265
2025-12-30 14:57:00+05:30,28.55,28.6,27.25,27.45,17030,1474265
2025-12-30 14:58:00+05:30,27.2,27.35,26.55,26.95,31980,1474265
2025-12-30 14:59:00+05:30,27.05,27.35,26.7,27.05,33865,1475110
2025-12-30 15:00:00+05:30,26.6,26.65,25.05,25.25,116025,1475110
2025-12-30 15:01:00+05:30,25.1,25.25,24.7,24.7,37765,1475110
2025-12-30 15:02:00+05:30,24.7,25.5,24.7,25.25,37830,1467700
2025-12-30 15:03:00+05:30,25.4,25.85,25.35,25.5,20670,1467700
2025-12-30 15:04:00+05:30,25.4,25.65,25.3,25.5,40170,1467700
2025-12-30 15:05:00+05:30,25.4,25.9,25.4,25.85,42900,1464320
2025-12-30 15:06:00+05:30,25.7,26.75,25.7,26.7,53235,1464320
2025-12-30 15:07:00+05:30,26.65,26.9,25.55,25.65,32175,1464320
2025-12-30 15:08:00+05:30,25.6,26.5,25.55,26.5,32045,1486615
2025-12-30 15:09:00+05:30,26.55,26.55,25.8,25.8,25610,1486615
2025-12-30 15:10:00+05:30,25.8,26.05,25.75,26.0,24700,1486615
2025-12-30 15:11:00+05:30,25.9,26.0,25.55,25.55,27105,1494870
2025-12-30 15:12:00+05:30,25.55,25.8,25.35,25.7,21645,1494870
2025-12-30 15:13:00+05:30,25.8,25.95,25.7,25.95,31200,1494870
2025-12-30 15:14:00+05:30,26.0,26.1,25.8,26.0,17810,1516255
2025-12-30 15:15:00+05:30,26.15,26.3,26.0,26.15,45825,1516255
2025-12-30 15:16:00+05:30,26.15,26.2,25.9,26.0,31590,1516255
2025-12-30 15:17:00+05:30,26.1,26.4,25.95,26.35,88725,1547910
2025-12-30 15:18:00+05:30,26.35,26.5,26.2,26.3,67600,1547910
2025-12-30 15:19:00+05:30,26.35,26.45,26.2,26.45,49270,1547910
2025-12-30 15:20:00+05:30,26.4,26.65,26.35,26.5,63635,1576315
2025-12-30 15:21:00+05:30,26.5,26.85,26.5,26.75,49400,1576315
2025-12-30 15:22:00+05:30,26.8,26.9,26.55,26.85,57265,1576315
2025-12-30 15:23:00+05:30,26.85,27.75,26.75,27.75,172510,1582295
2025-12-30 15:24:00+05:30,27.65,27.65,27.15,27.15,40430,1582295
2025-12-30 15:25:00+05:30,27.2,27.45,27.05,27.2,68640,1582295
2025-12-30 15:26:00+05:30,27.15,27.4,27.1,27.3,66495,1549665
2025-12-30 15:27:00+05:30,27.3,27.75,27.2,27.75,50765,1549665
2025-12-30 15:28:00+05:30,27.8,28.35,27.7,28.3,52000,1549665
2025-12-30 15:29:00+05:30,28.5,29.9,28.5,29.9,135850,1580345
2025-12-31 09:15:00+05:30,29.9,34.9,27.95,31.9,821925,1718795
2025-12-31 09:16:00+05:30,31.65,33.65,31.35,32.79,712725,1718795
2025-12-31 09:17:00+05:30,32.6,33.79,32.6,32.7,408980,1718795
2025-12-31 09:18:00+05:30,32.5,35.15,32.1,34.6,484705,2180425
2025-12-31 09:19:00+05:30,35.04,36.0,34.6,34.79,377845,2180425
2025-12-31 09:20:00+05:30,34.45,35.04,33.0,34.6,382200,2180425
2025-12-31 09:21:00+05:30,34.5,34.54,33.45,34.2,200265,2392000
2025-12-31 09:22:00+05:30,33.79,34.35,33.79,33.79,128635,2392000
2025-12-31 09:23:00+05:30,33.7,33.7,32.45,32.79,293410,2392000
2025-12-31 09:24:00+05:30,32.65,33.5,32.54,32.54,157950,2522845
2025-12-31 09:25:00+05:30,32.2,32.79,29.95,29.95,441805,2522845
2025-12-31 09:26:00+05:30,29.8,30.55,29.5,29.6,256100,2522845
2025-12-31 09:27:00+05:30,29.4,32.9,28.95,32.9,354640,2655835
2025-12-31 09:28:00+05:30,32.79,34.4,32.79,33.65,455195,2655835
2025-12-31 09:29:00+05:30,33.7,36.25,33.7,35.2,422695,2655835
2025-12-31 09:30:00+05:30,34.9,36.04,33.75,34.6,350740,2747745
2025-12-31 09:31:00+05:30,34.29,36.04,34.29,35.25,222170,2747745
2025-12-31 09:32:00+05:30,35.65,35.65,33.95,34.1,232830,2747745
2025-12-31 09:33:00+05:30,34.15,34.2,33.0,33.75,269555,2763670
2025-12-31 09:34:00+05:30,34.1,34.2,30.85,30.85,316745,2763670
2025-12-31 09:35:00+05:30,30.8,31.0,29.8,30.0,337870,2763670
2025-12-31 09:36:00+05:30,29.9,31.9,29.9,31.3,294970,2824835
2025-12-31 09:37:00+05:30,31.5,32.2,30.85,31.25,223730,2824835
2025-12-31 09:38:00+05:30,31.6,32.7,31.6,32.1,194025,2824835
2025-12-31 09:39:00+05:30,32.2,33.4,31.95,31.95,278720,2875535
2025-12-31 09:40:00+05:30,32.1,32.5,31.0,31.55,174070,2875535
2025-12-31 09:41:00+05:30,31.65,31.85,30.4,30.9,172835,2875535
2025-12-31 09:42:00+05:30,30.85,31.8,30.3,30.75,169910,2913560
2025-12-31 09:43:00+05:30,30.25,30.35,28.75,28.8,294515,2913560
2025-12-31 09:44:00+05:30,28.85,29.1,27.0,27.35,384540,2913560
2025-12-31 09:45:00+05:30,27.15,28.45,26.75,28.3,309985,2983890
2025-12-31 09:46:00+05:30,28.15,29.15,27.8,27.8,297960,2983890
2025-12-31 09:47:00+05:30,28.15,28.6,27.75,27.85,118105,2983890
2025-12-31 09:48:00+05:30,27.75,28.05,27.2,27.65,104975,3107585
2025-12-31 09:49:00+05:30,27.85,28.85,27.8,28.45,144105,3107585
2025-12-31 09:50:00+05:30,28.5,29.35,28.0,28.7,227240,3107585
2025-12-31 09:51:00+05:30,28.5,28.5,26.85,27.5,242905,3207165
2025-12-31 09:52:00+05:30,27.75,28.35,26.45,26.95,220285,3207165
2025-12-31 09:53:00+05:30,26.85,27.95,26.7,27.05,152360,3207165
2025-12-31 09:54:00+05:30,27.1,27.45,26.8,27.1,102765,3248830
2025-12-31 09:55:00+05:30,27.35,27.35,25.6,26.6,259870,3248830
2025-12-31 09:56:00+05:30,26.6,27.55,26.1,27.55,130260,3248830
2025-12-31 09:57:00+05:30,27.65,27.75,26.15,27.0,179140,3238690
2025-12-31 09:58:00+05:30,27.0,29.2,27.0,29.2,216710,3238690
2025-12-31 09:59:00+05:30,29.25,29.65,27.75,27.95,242255,3238690
2025-12-31 10:00:00+05:30,27.75,28.4,25.35,25.85,287170,3253640
2025-12-31 10:01:00+05:30,25.95,26.65,25.8,26.25,156130,3253640
2025-12-31 10:02:00+05:30,26.05,28.45,26.0,27.9,229970,3253640
2025-12-31 10:03:00+05:30,27.85,29.05,27.7,27.8,190450,3278405
2025-12-31 10:04:00+05:30,28.05,28.05,25.7,25.95,189865,3278405
2025-12-31 10:05:00+05:30,25.7,26.45,24.8,25.8,369785,3278405
2025-12-31 10:06:00+05:30,25.95,26.95,25.7,26.95,113360,3285880
2025-12-31 10:07:00+05:30,27.05,28.2,26.4,27.4,198055,3285880
2025-12-31 10:08:00+05:30,27.5,28.65,27.5,28.65,155350,3285880
2025-12-31 10:09:00+05:30,28.45,29.1,28.05,29.0,153725,3310905
2025-12-31 10:10:00+05:30,28.85,29.2,28.4,28.85,156585,3310905
2025-12-31 10:11:00+05:30,28.95,28.95,28.35,28.95,92300,3310905
2025-12-31 10:12:00+05:30,28.7,29.2,28.6,29.05,89180,3304860
2025-12-31 10:13:00+05:30,29.05,29.2,28.65,29.2,97045,3304860
2025-12-31 10:14:00+05:30,29.35,30.3,29.35,30.2,244400,3304860
2025-12-31 10:15:00+05:30,30.2,31.4,30.2,30.45,494910,3275090
2025-12-31 10:16:00+05:30,30.45,31.3,30.05,31.05,193830,3275090
2025-12-31 10:17:00+05:30,31.05,31.95,30.75,31.0,261430,3275090
2025-12-31 10:18:00+05:30,30.9,31.15,30.4,31.15,112840,3277040
2025-12-31 10:19:00+05:30,31.1,31.5,30.8,31.25,122070,3277040
2025-12-31 10:20:00+05:30,30.85,31.2,30.7,30.95,140595,3277040
2025-12-31 10:21:00+05:30,31.2,31.5,30.75,30.75,160160,3279445
2025-12-31 10:22:00+05:30,30.9,31.2,30.5,30.85,125840,3279445
2025-12-31 10:23:00+05:30,30.7,31.3,30.35,30.45,144170,3279445
2025-12-31 10:24:00+05:30,30.15,31.05,29.8,30.8,208390,3335475
2025-12-31 10:25:00+05:30,30.8,31.05,30.25,30.4,94315,3335475
2025-12-31 10:26:00+05:30,30.35,30.9,30.15,30.6,79625,3335475
2025-12-31 10:27:00+05:30,30.55,30.85,30.35,30.85,48880,3347175
2025-12-31 10:28:00+05:30,30.8,31.35,30.6,31.05,255385,3347175
2025-12-31 10:29:00+05:30,31.2,32.04,31.05,32.04,221325,3347175
2025-12-31 10:30:00+05:30,32.0,32.5,31.5,32.5,219960,3307200
2025-12-31 10:31:00+05:30,32.5,35.6,32.04,35.6,657800,3307200
2025-12-31 10:32:00+05:30,35.2,35.6,34.9,35.29,432510,3307200
2025-12-31 10:33:00+05:30,35.6,36.1,34.9,35.2,293280,3097575
2025-12-31 10:34:00+05:30,35.29,35.7,34.85,34.95,209950,3097575
2025-12-31 10:35:00+05:30,35.1,35.45,33.85,35.0,266695,3097575
2025-12-31 10:36:00+05:30,35.0,35.15,34.35,34.75,118625,3100630
2025-12-31 10:37:00+05:30,34.7,34.79,33.35,34.5,196560,3100630
2025-12-31 10:38:00+05:30,34.29,34.79,34.1,34.29,180440,3100630
2025-12-31 10:39:00+05:30,34.0,34.5,33.7,34.35,107120,3185845
2025-12-31 10:40:00+05:30,34.2,35.15,33.54,35.1,202735,3185845
2025-12-31 10:41:00+05:30,35.0,40.4,35.0,39.9,942695,3185845
2025-12-31 10:42:00+05:30,40.0,43.45,40.0,41.85,828685,2878460
2025-12-31 10:43:00+05:30,41.65,41.65,40.5,40.79,420940,2878460
2025-12-31 10:44:00+05:30,40.85,41.1,40.35,40.6,192335,2878460
2025-12-31 10:45:00+05:30,41.25,41.7,40.29,40.29,270465,2878980
2025-12-31 10:46:00+05:30,40.65,41.2,40.35,40.79,150670,2878980
2025-12-31 10:47:00+05:30,40.29,40.54,38.75,38.95,288990,2878980
2025-12-31 10:48:00+05:30,38.79,39.25,37.1,37.25,287950,2852330
2025-12-31 10:49:00+05:30,37.5,38.85,37.29,38.6,145470,2852330
2025-12-31 10:50:00+05:30,38.5,38.6,37.29,37.29,210080,2852330
2025-12-31 10:51:00+05:30,36.9,38.5,36.9,38.4,224965,2852330
2025-12-31 10:52:00+05:30,38.45,39.79,38.45,39.65,271895,2885285
2025-12-31 10:53:00+05:30,39.5,41.2,39.4,40.9,203840,2885285
2025-12-31 10:54:00+05:30,40.79,40.9,39.75,40.0,174850,2885285
2025-12-31 10:55:00+05:30,39.95,40.15,39.2,39.45,97305,2906280
2025-12-31 10:56:00+05:30,39.4,39.6,38.5,39.0,112515,2906280
2025-12-31 10:57:00+05:30,39.04,40.29,39.0,40.2,103480,2906280
2025-12-31 10:58:00+05:30,40.2,40.79,39.65,40.75,150280,2934360
2025-12-31 10:59:00+05:30,40.79,40.79,39.85,39.9,132600,2934360
2025-12-31 11:00:00+05:30,39.9,40.2,39.54,40.0,107315,2934360
2025-12-31 11:01:00+05:30,40.0,40.25,39.04,39.65,173030,2952755
2025-12-31 11:02:00+05:30,39.6,40.25,39.1,39.1,144040,2952755
2025-12-31 11:03:00+05:30,39.29,39.95,39.1,39.5,106925,2952755
2025-12-31 11:04:00+05:30,39.45,40.0,39.0,39.1,182520,2967640
2025-12-31 11:05:00+05:30,39.29,39.95,38.7,38.7,217880,2967640
2025-12-31 11:06:00+05:30,38.7,39.25,38.2,38.7,130845,2967640
2025-12-31 11:07:00+05:30,38.85,39.29,38.0,38.4,189930,2986620
2025-12-31 11:08:00+05:30,38.15,38.7,37.29,38.25,174980,2986620
2025-12-31 11:09:00+05:30,38.04,38.1,36.9,37.95,184080,2986620
2025-12-31 11:10:00+05:30,37.65,38.45,37.65,38.35,154765,2961725
2025-12-31 11:11:00+05:30,38.35,39.2,37.7,37.7,139685,2961725
2025-12-31 11:12:00+05:30,37.9,38.7,37.65,37.95,97370,2961725
2025-12-31 11:13:00+05:30,37.9,38.25,37.35,38.0,180505,3033095
2025-12-31 11:14:00+05:30,38.2,39.1,38.15,38.95,221455,3033095
2025-12-31 11:15:00+05:30,39.0,39.75,38.29,39.29,179335,3033095
2025-12-31 11:16:00+05:30,39.15,39.79,38.35,39.1,208390,3059290
2025-12-31 11:17:00+05:30,39.15,39.54,38.5,39.25,144365,3059290
2025-12-31 11:18:00+05:30,39.54,39.65,38.1,38.6,352365,3059290
2025-12-31 11:19:00+05:30,38.54,39.29,38.04,38.4,132925,3010735
2025-12-31 11:20:00+05:30,38.54,38.6,36.6,36.6,179075,3010735
2025-12-31 11:21:00+05:30,36.9,37.54,36.65,36.65,149695,3010735
2025-12-31 11:22:00+05:30,36.7,37.54,36.4,37.04,193570,2979145
2025-12-31 11:23:00+05:30,37.1,37.4,36.5,37.04,88335,2979145
2025-12-31 11:24:00+05:30,36.9,37.2,35.45,36.0,183690,2979145
2025-12-31 11:25:00+05:30,36.0,37.4,35.95,36.4,162370,2902575
2025-12-31 11:26:00+05:30,36.45,36.7,36.1,36.4,76115,2902575
2025-12-31 11:27:00+05:30,36.5,36.5,36.0,36.2,79690,2902575
2025-12-31 11:28:00+05:30,36.25,36.45,35.2,35.6,198705,2961790
2025-12-31 11:29:00+05:30,35.4,35.6,34.9,34.9,111280,2961790
2025-12-31 11:30:00+05:30,34.9,35.29,34.45,35.15,187005,2961790
2025-12-31 11:31:00+05:30,35.2,35.9,34.85,35.6,120770,2876705
2025-12-31 11:32:00+05:30,35.65,35.79,35.29,35.6,111475,2876705
2025-12-31 11:33:00+05:30,35.7,37.45,35.7,36.75,183170,2876705
2025-12-31 11:34:00+05:30,36.85,37.4,36.75,37.35,94055,2889510
2025-12-31 11:35:00+05:30,37.4,38.85,37.2,38.85,185770,2889510
2025-12-31 11:36:00+05:30,38.7,39.6,38.35,39.54,257985,2889510
2025-12-31 11:37:00+05:30,39.79,39.79,38.79,39.4,214110,2853825
2025-12-31 11:38:00+05:30,39.45,40.35,39.25,39.95,221260,2853825
2025-12-31 11:39:00+05:30,39.85,40.29,39.85,40.04,131300,2853825
2025-12-31 11:40:00+05:30,40.04,42.6,39.95,40.79,413400,2799745
2025-12-31 11:41:00+05:30,41.1,41.45,40.75,41.05,176865,2799745
2025-12-31 11:42:00+05:30,40.79,41.75,40.79,41.25,224185,2799745
2025-12-31 11:43:00+05:30,41.15,41.6,40.65,41.4,145925,2750670
2025-12-31 11:44:00+05:30,41.45,41.55,41.15,41.25,85410,2750670
2025-12-31 11:45:00+05:30,41.2,41.2,40.0,40.6,198445,2750670
2025-12-31 11:46:00+05:30,40.5,40.54,39.29,39.6,148460,2752035
2025-12-31 11:47:00+05:30,39.95,40.85,39.9,40.35,123890,2752035
2025-12-31 11:48:00+05:30,40.35,41.0,40.15,40.7,80145,2752035
2025-12-31 11:49:00+05:30,40.54,41.45,40.54,41.35,145990,2767635
2025-12-31 11:50:00+05:30,41.3,41.45,40.5,41.0,169325,2767635
2025-12-31 11:51:00+05:30,41.2,41.6,40.7,41.3,201565,2767635
2025-12-31 11:52:00+05:30,41.25,41.5,40.75,41.0,193895,2817750
2025-12-31 11:53:00+05:30,41.15,41.45,40.79,41.3,97110,2817750
2025-12-31 11:54:00+05:30,41.25,41.25,40.7,40.95,91585,2817750
2025-12-31 11:55:00+05:30,40.95,41.0,39.35,39.6,186095,2891330
2025-12-31 11:56:00+05:30,39.6,41.65,39.6,41.65,110890,2891330
2025-12-31 11:57:00+05:30,41.4,41.45,40.5,40.65,120770,2891330
2025-12-31 11:58:00+05:30,40.6,40.85,40.15,40.25,54210,2868840
2025-12-31 11:59:00+05:30,40.29,40.54,40.0,40.0,87815,2868840
2025-12-31 12:00:00+05:30,40.04,40.35,39.65,40.0,95420,2868840
2025-12-31 12:01:00+05:30,40.04,41.65,39.7,41.25,273520,2948985
2025-12-31 12:02:00+05:30,41.3,42.3,40.54,40.54,284700,2948985
2025-12-31 12:03:00+05:30,40.65,41.8,40.65,41.5,106470,2948985
2025-12-31 12:04:00+05:30,41.55,42.05,41.25,41.4,122460,2910180
2025-12-31 12:05:00+05:30,41.4,41.65,40.95,41.4,80145,2910180
2025-12-31 12:06:00+05:30,41.6,42.35,41.6,42.0,122135,2910180
2025-12-31 12:07:00+05:30,42.0,45.55,41.9,44.85,560235,2864355
2025-12-31 12:08:00+05:30,44.8,47.2,43.95,47.05,377520,2864355
2025-12-31 12:09:00+05:30,46.75,48.1,45.75,46.15,498875,2864355
2025-12-31 12:10:00+05:30,46.1,46.1,44.75,45.4,324090,2809625
2025-12-31 12:11:00+05:30,45.5,45.85,44.6,45.8,168025,2809625
2025-12-31 12:12:00+05:30,45.8,47.25,45.5,47.0,313235,2809625
2025-12-31 12:13:00+05:30,47.15,52.0,46.9,49.55,728195,2849925
2025-12-31 12:14:00+05:30,49.2,49.2,47.9,48.55,371410,2849925
2025-12-31 12:15:00+05:30,48.8,49.3,48.0,48.0,240630,2849925
2025-12-31 12:16:00+05:30,47.8,48.55,47.8,48.35,170820,2794870
2025-12-31 12:17:00+05:30,48.35,48.35,46.9,47.1,263315,2794870
2025-12-31 12:18:00+05:30,46.85,48.05,46.85,47.75,140465,2794870
2025-12-31 12:19:00+05:30,47.8,47.9,47.2,47.5,132015,2858310
2025-12-31 12:20:00+05:30,47.55,48.75,47.55,47.8,219310,2858310
2025-12-31 12:21:00+05:30,47.85,48.65,47.4,48.55,122980,2858310
2025-12-31 12:22:00+05:30,48.65,48.65,47.65,48.4,125840,2951520
2025-12-31 12:23:00+05:30,48.5,49.4,48.3,49.2,197145,2951520
2025-12-31 12:24:00+05:30,49.35,50.15,48.8,49.7,250185,2951520
2025-12-31 12:25:00+05:30,49.85,49.95,48.4,48.45,189930,2930070
2025-12-31 12:26:00+05:30,48.45,49.0,48.15,48.5,95030,2930070
2025-12-31 12:27:00+05:30,48.1,49.3,48.1,48.9,90935,2930070
2025-12-31 12:28:00+05:30,49.15,49.5,48.3,48.7,120575,2945995
2025-12-31 12:29:00+05:30,48.9,49.4,48.8,48.95,84565,2945995
2025-12-31 12:30:00+05:30,48.8,49.1,48.15,48.4,84110,2945995
2025-12-31 12:31:00+05:30,48.5,50.1,48.4,49.6,201565,2962115
2025-12-31 12:32:00+05:30,50.25,50.6,49.45,49.55,227370,2962115
2025-12-31 12:33:00+05:30,49.55,53.75,49.55,52.5,529360,2962115
2025-12-31 12:34:00+05:30,52.4,52.7,50.85,52.45,362570,2938780
2025-12-31 12:35:00+05:30,52.5,54.75,51.6,51.6,420810,2938780
2025-12-31 12:36:00+05:30,51.9,52.35,51.15,51.7,288600,2938780
2025-12-31 12:37:00+05:30,51.7,52.6,51.25,52.0,171145,2972775
2025-12-31 12:38:00+05:30,51.95,52.95,51.95,52.5,194935,2972775
2025-12-31 12:39:00+05:30,52.35,53.2,51.9,52.9,140595,2972775
2025-12-31 12:40:00+05:30,53.35,54.2,53.2,53.45,312780,3003130
2025-12-31 12:41:00+05:30,53.25,53.25,52.05,53.0,244140,3003130
2025-12-31 12:42:00+05:30,53.1,54.15,53.1,53.8,247520,3003130
2025-12-31 12:43:00+05:30,53.75,55.1,53.05,54.75,423085,3008330
2025-12-31 12:44:00+05:30,54.8,59.8,54.0,59.2,645515,3008330
2025-12-31 12:45:00+05:30,59.55,60.9,57.7,60.85,682500,3008330
2025-12-31 12:46:00+05:30,59.65,64.84,59.65,64.15,723320,2994875
2025-12-31 12:47:00+05:30,63.8,65.0,62.25,63.65,557245,2994875
2025-12-31 12:48:00+05:30,63.65,66.45,63.05,65.9,456300,2994875
2025-12-31 12:49:00+05:30,65.4,68.15,65.05,66.9,502190,2953405
2025-12-31 12:50:00+05:30,66.45,67.09,64.5,65.8,494195,2953405
2025-12-31 12:51:00+05:30,66.2,68.9,66.15,68.5,440505,2953405
2025-12-31 12:52:00+05:30,68.15,72.4,67.84,71.5,668200,2837055
2025-12-31 12:53:00+05:30,71.8,76.0,71.75,74.8,733915,2837055
2025-12-31 12:54:00+05:30,74.5,74.5,72.75,73.5,433420,2837055
2025-12-31 12:55:00+05:30,73.2,74.09,72.0,73.09,441610,2874235
2025-12-31 12:56:00+05:30,73.09,73.95,72.95,73.9,251355,2874235
2025-12-31 12:57:00+05:30,73.95,78.59,73.95,76.59,786565,2874235
2025-12-31 12:58:00+05:30,77.75,79.65,76.84,78.95,558350,2882165
2025-12-31 12:59:00+05:30,79.3,80.0,75.0,76.5,580450,2882165
2025-12-31 13:00:00+05:30,76.9,78.5,76.9,78.0,332865,2882165
2025-12-31 13:01:00+05:30,77.8,79.34,76.5,76.7,346190,2962830
2025-12-31 13:02:00+05:30,76.95,76.95,72.65,74.0,498875,2962830
2025-12-31 13:03:00+05:30,73.75,74.8,72.65,74.3,220220,2962830
2025-12-31 13:04:00+05:30,74.55,74.9,73.0,73.3,170235,2976480
2025-12-31 13:05:00+05:30,73.34,74.65,72.9,72.9,186225,2976480
2025-12-31 13:06:00+05:30,72.45,72.84,69.59,69.75,461565,2976480
2025-12-31 13:07:00+05:30,69.59,72.55,69.59,72.25,227175,2874365
2025-12-31 13:08:00+05:30,72.95,73.3,72.2,72.65,232830,2874365
2025-12-31 13:09:00+05:30,72.59,74.0,72.34,73.95,165360,2874365
2025-12-31 13:10:00+05:30,73.9,74.84,73.2,73.59,218335,2997605
2025-12-31 13:11:00+05:30,73.7,73.7,72.15,73.2,157885,2997605
2025-12-31 13:12:00+05:30,73.09,74.7,73.09,74.25,139360,2997605
2025-12-31 13:13:00+05:30,74.34,76.45,74.34,75.8,350285,3056690
2025-12-31 13:14:00+05:30,75.45,76.0,74.75,75.65,260260,3056690
2025-12-31 13:15:00+05:30,76.34,76.5,72.7,73.34,302770,3056690
2025-12-31 13:16:00+05:30,73.34,73.55,71.75,73.0,180245,3123640
2025-12-31 13:17:00+05:30,72.84,72.84,70.65,70.95,212810,3123640
2025-12-31 13:18:00+05:30,70.65,71.55,69.9,71.55,239005,3123640
2025-12-31 13:19:00+05:30,71.15,71.8,70.59,71.09,133250,3090750
2025-12-31 13:20:00+05:30,71.2,73.34,71.2,73.05,228800,3090750
2025-12-31 13:21:00+05:30,73.34,73.65,72.34,72.84,149760,3090750
2025-12-31 13:22:00+05:30,72.7,75.15,72.7,75.05,212225,3096860
2025-12-31 13:23:00+05:30,75.3,75.3,74.2,74.84,157950,3096860
2025-12-31 13:24:00+05:30,74.4,75.25,73.05,73.7,210405,3096860
2025-12-31 13:25:00+05:30,73.5,73.7,72.55,72.8,114205,3170570
2025-12-31 13:26:00+05:30,72.95,74.0,72.3,73.75,134875,3170570
2025-12-31 13:27:00+05:30,73.8,74.65,73.59,74.65,100815,3170570
2025-12-31 13:28:00+05:30,74.5,76.95,74.2,76.34,271050,3165695
2025-12-31 13:29:00+05:30,76.05,76.59,73.59,73.95,250380,3165695
2025-12-31 13:30:00+05:30,74.15,76.59,74.05,75.75,259545,3165695
2025-12-31 13:31:00+05:30,75.9,76.45,75.2,75.2,166595,3169335
2025-12-31 13:32:00+05:30,75.2,75.5,74.7,75.0,168870,3169335
2025-12-31 13:33:00+05:30,74.15,74.34,72.15,72.84,289445,3169335
2025-12-31 13:34:00+05:30,72.34,72.34,69.5,69.84,390325,3211520
2025-12-31 13:35:00+05:30,70.0,70.4,67.75,69.55,296140,3211520
2025-12-31 13:36:00+05:30,68.95,69.4,67.34,67.34,169065,3211520
2025-12-31 13:37:00+05:30,68.09,68.25,65.59,65.59,290290,3129555
2025-12-31 13:38:00+05:30,65.75,66.09,64.8,65.34,281710,3129555
2025-12-31 13:39:00+05:30,64.34,67.65,64.34,67.15,256425,3129555
2025-12-31 13:40:00+05:30,67.4,68.4,67.4,67.9,213005,3065725
2025-12-31 13:41:00+05:30,68.2,70.4,68.2,70.4,220285,3065725
2025-12-31 13:42:00+05:30,70.34,72.34,69.55,70.95,536965,3065725
2025-12-31 13:43:00+05:30,70.7,71.8,70.59,70.9,166920,3323580
2025-12-31 13:44:00+05:30,70.5,71.75,70.5,71.3,101855,3323580
2025-12-31 13:45:00+05:30,71.59,73.5,71.5,73.3,325975,3323580
2025-12-31 13:46:00+05:30,73.25,73.55,72.4,73.4,207545,3259295
2025-12-31 13:47:00+05:30,73.2,75.55,73.2,75.55,404365,3259295
2025-12-31 13:48:00+05:30,75.55,76.09,73.7,74.34,327405,3259295
2025-12-31 13:49:00+05:30,74.05,75.15,73.95,75.05,171340,3264755
2025-12-31 13:50:00+05:30,75.09,76.15,74.75,75.45,246415,3264755
2025-12-31 13:51:00+05:30,75.4,76.84,75.4,75.5,253955,3264755
2025-12-31 13:52:00+05:30,75.55,75.75,74.45,74.65,179725,3194165
2025-12-31 13:53:00+05:30,74.7,76.09,74.5,75.15,146185,3194165
2025-12-31 13:54:00+05:30,74.95,75.55,74.59,74.65,97110,3194165
2025-12-31 13:55:00+05:30,74.84,75.25,74.4,74.95,108355,3166410
2025-12-31 13:56:00+05:30,74.95,77.59,74.95,77.59,177840,3166410
2025-12-31 13:57:00+05:30,78.09,78.5,75.84,77.75,304460,3166410
2025-12-31 13:58:00+05:30,77.8,81.84,77.59,80.84,799760,3115580
2025-12-31 13:59:00+05:30,80.95,82.4,77.25,77.34,698490,3115580
2025-12-31 14:00:00+05:30,77.45,78.0,76.09,76.09,378170,3115580
2025-12-31 14:01:00+05:30,76.59,77.0,74.59,74.59,274430,3127150
2025-12-31 14:02:00+05:30,74.5,75.05,71.7,74.25,479050,3127150
2025-12-31 14:03:00+05:30,74.2,76.05,73.95,75.7,197990,3127150
2025-12-31 14:04:00+05:30,75.65,77.2,75.5,75.84,252135,3094455
2025-12-31 14:05:00+05:30,76.15,76.8,75.15,76.4,176800,3094455
2025-12-31 14:06:00+05:30,76.45,76.95,75.8,76.95,169845,3094455
2025-12-31 14:07:00+05:30,77.05,77.9,76.7,77.9,306605,3126370
2025-12-31 14:08:00+05:30,77.5,77.8,75.25,76.2,271050,3126370
2025-12-31 14:09:00+05:30,76.55,77.05,75.65,76.59,118105,3126370
2025-12-31 14:10:00+05:30,77.0,77.9,76.59,76.59,174265,3144700
2025-12-31 14:11:00+05:30,76.55,77.05,75.95,76.3,117520,3144700
2025-12-31 14:12:00+05:30,76.2,76.95,75.2,75.2,134615,3144700
2025-12-31 14:13:00+05:30,75.09,76.2,74.9,75.55,194285,3144700
2025-12-31 14:14:00+05:30,75.7,76.05,74.5,74.59,109720,3116230
2025-12-31 14:15:00+05:30,74.8,75.4,72.45,73.0,253695,3116230
2025-12-31 14:16:00+05:30,72.84,74.15,72.0,74.15,183625,3116230
2025-12-31 14:17:00+05:30,74.2,74.2,70.55,71.7,207350,3104660
2025-12-31 14:18:00+05:30,71.55,72.84,71.2,72.59,101855,3104660
2025-12-31 14:19:00+05:30,72.84,73.25,71.7,73.0,90155,3104660
2025-12-31 14:20:00+05:30,73.0,73.84,70.84,71.55,188240,3114540
2025-12-31 14:21:00+05:30,71.7,72.95,71.55,72.95,74815,3114540
2025-12-31 14:22:00+05:30,73.15,73.8,71.59,71.75,148590,3114540
2025-12-31 14:23:00+05:30,71.9,72.0,68.34,68.8,394940,3173235
2025-12-31 14:24:00+05:30,69.0,71.25,68.5,71.25,201630,3173235
2025-12-31 14:25:00+05:30,71.25,72.5,70.8,71.09,299780,3173235
2025-12-31 14:26:00+05:30,71.4,71.8,70.25,70.25,126880,3153410
2025-12-31 14:27:00+05:30,70.34,71.45,70.15,71.15,83005,3153410
2025-12-31 14:28:00+05:30,71.09,71.8,70.45,71.59,71825,3153410
2025-12-31 14:29:00+05:30,71.7,72.25,69.5,69.5,225745,3212560
2025-12-31 14:30:00+05:30,70.34,71.55,69.45,70.25,190515,3212560
2025-12-31 14:31:00+05:30,70.9,71.9,70.34,71.55,140465,3212560
2025-12-31 14:32:00+05:30,71.2,71.59,70.09,70.9,132795,3211780
2025-12-31 14:33:00+05:30,70.59,71.4,69.65,69.75,121615,3211780
2025-12-31 14:34:00+05:30,70.34,70.8,68.7,69.45,210795,3211780
2025-12-31 14:35:00+05:30,69.4,70.65,69.09,70.59,119340,3249610
2025-12-31 14:36:00+05:30,70.7,71.25,70.0,71.0,128570,3249610
2025-12-31 14:37:00+05:30,70.5,71.55,69.8,71.45,116935,3249610
2025-12-31 14:38:00+05:30,71.55,72.45,71.15,72.45,254995,3226405
2025-12-31 14:39:00+05:30,72.34,75.2,72.34,75.2,430040,3226405
2025-12-31 14:40:00+05:30,75.2,75.4,73.05,74.45,334490,3226405
2025-12-31 14:41:00+05:30,74.65,75.75,74.25,75.15,303420,3321760
2025-12-31 14:42:00+05:30,75.34,76.8,74.59,75.59,373555,3321760
2025-12-31 14:43:00+05:30,75.75,76.55,75.09,75.9,324350,3321760
2025-12-31 14:44:00+05:30,75.59,76.0,74.45,75.59,259220,3343275
2025-12-31 14:45:00+05:30,75.84,75.84,71.34,73.55,534235,3343275
2025-12-31 14:46:00+05:30,73.2,75.05,73.2,74.7,195390,3343275
2025-12-31 14:47:00+05:30,74.95,75.34,73.75,73.8,213785,3309605
2025-12-31 14:48:00+05:30,73.59,74.0,72.55,73.65,172380,3309605
2025-12-31 14:49:00+05:30,73.8,74.34,73.3,73.5,90675,3309605
2025-12-31 14:50:00+05:30,73.59,74.15,72.75,73.05,125970,3333590
2025-12-31 14:51:00+05:30,73.05,73.4,72.15,72.65,123825,3333590
2025-12-31 14:52:00+05:30,72.75,72.75,70.25,71.34,375440,3333590
2025-12-31 14:53:00+05:30,71.09,72.15,71.05,71.9,155610,3174665
2025-12-31 14:54:00+05:30,71.95,74.05,71.8,73.4,188305,3174665
2025-12-31 14:55:00+05:30,73.34,74.55,73.25,74.0,182325,3174665
2025-12-31 14:56:00+05:30,73.84,74.55,73.59,74.05,121550,3162705
2025-12-31 14:57:00+05:30,74.15,74.15,73.09,73.3,110045,3162705
2025-12-31 14:58:00+05:30,73.25,73.55,72.2,73.45,148980,3162705
2025-12-31 14:59:00+05:30,73.2,74.5,72.8,74.25,153855,3131440
2025-12-31 15:00:00+05:30,73.8,73.8,68.0,69.4,763750,3131440
2025-12-31 15:01:00+05:30,69.25,70.05,68.65,69.2,276055,3131440
2025-12-31 15:02:00+05:30,68.95,68.95,66.55,67.09,398450,3048110
2025-12-31 15:03:00+05:30,66.75,67.59,65.65,66.7,303355,3048110
2025-12-31 15:04:00+05:30,67.0,67.2,66.15,66.7,203970,3048110
2025-12-31 15:05:00+05:30,66.9,67.84,65.34,67.84,283790,3075735
2025-12-31 15:06:00+05:30,67.7,68.59,67.2,67.65,213980,3075735
2025-12-31 15:07:00+05:30,67.8,68.0,65.0,66.55,293085,3075735
2025-12-31 15:08:00+05:30,66.3,68.25,66.3,68.09,212615,3037970
2025-12-31 15:09:00+05:30,68.5,68.75,67.0,67.75,267410,3037970
2025-12-31 15:10:00+05:30,67.34,67.84,66.7,67.7,202475,3037970
2025-12-31 15:11:00+05:30,67.59,67.59,63.6,64.0,426920,2954250
2025-12-31 15:12:00+05:30,63.45,64.25,62.05,63.25,412035,2954250
2025-12-31 15:13:00+05:30,63.15,64.4,63.0,64.15,194675,2954250
2025-12-31 15:14:00+05:30,64.15,64.25,62.2,64.25,218790,2811315
2025-12-31 15:15:00+05:30,64.34,69.2,64.3,68.84,611780,2811315
2025-12-31 15:16:00+05:30,68.45,68.7,66.7,68.3,309205,2811315
2025-12-31 15:17:00+05:30,68.59,68.59,67.15,67.8,234325,2629445
2025-12-31 15:18:00+05:30,67.65,68.0,65.65,67.9,246480,2629445
2025-12-31 15:19:00+05:30,67.59,67.7,65.84,66.34,129480,2629445
2025-12-31 15:20:00+05:30,65.75,65.75,62.25,63.1,427830,2489565
2025-12-31 15:21:00+05:30,63.0,64.3,62.35,64.3,227760,2489565
2025-12-31 15:22:00+05:30,64.5,64.5,62.5,63.85,234520,2489565
2025-12-31 15:23:00+05:30,63.8,64.34,63.45,64.05,125320,2418065
2025-12-31 15:24:00+05:30,64.25,64.25,62.65,63.95,201175,2418065
2025-12-31 15:25:00+05:30,64.05,64.15,63.25,64.0,345085,2418065
2025-12-31 15:26:00+05:30,63.95,65.65,63.8,65.45,231205,2408640
2025-12-31 15:27:00+05:30,65.5,65.55,64.7,65.15,192725,2408640
2025-12-31 15:28:00+05:30,65.4,65.59,65.3,65.5,227825,2408640
2025-12-31 15:29:00+05:30,65.59,65.9,65.25,65.7,442000,2309970
2026-01-01 09:15:00+05:30,75.0,78.0,70.0,71.4,1441440,2416245
2026-01-01 09:16:00+05:30,71.25,71.25,64.4,69.7,1156675,2416245
2026-01-01 09:17:00+05:30,68.8,70.59,67.05,69.15,710450,2416245
2026-01-01 09:18:00+05:30,69.09,69.3,65.59,65.59,550160,3130335
2026-01-01 09:19:00+05:30,65.0,65.0,60.8,61.2,710125,3130335
2026-01-01 09:20:00+05:30,60.25,61.85,58.15,59.6,680095,3130335
2026-01-01 09:21:00+05:30,59.1,64.75,59.1,60.4,638235,3557125
2026-01-01 09:22:00+05:30,60.5,62.0,57.15,57.85,525005,3557125
2026-01-01 09:23:00+05:30,57.85,58.8,56.1,57.05,431665,3557125
2026-01-01 09:24:00+05:30,55.95,59.25,55.65,56.65,404365,3738345
2026-01-01 09:25:00+05:30,56.0,57.35,55.4,57.2,363090,3738345
2026-01-01 09:26:00+05:30,57.65,59.3,51.6,51.95,657475,3738345
2026-01-01 09:27:00+05:30,52.05,55.95,51.25,54.45,375310,3738345
2026-01-01 09:28:00+05:30,54.65,60.6,54.65,60.6,478595,3890705
2026-01-01 09:29:00+05:30,60.95,65.55,59.7,65.05,899925,3890705
2026-01-01 09:30:00+05:30,63.25,64.09,60.85,64.09,675805,3890705
2026-01-01 09:31:00+05:30,64.34,65.65,56.9,61.3,884845,4071015
2026-01-01 09:32:00+05:30,60.95,63.2,59.8,60.9,455455,4071015
2026-01-01 09:33:00+05:30,60.35,61.7,58.15,58.65,420225,4071015
2026-01-01 09:34:00+05:30,58.7,61.1,58.6,60.95,347100,4221230
2026-01-01 09:35:00+05:30,60.6,61.9,59.4,61.4,323700,4221230
2026-01-01 09:36:00+05:30,61.6,62.45,57.35,57.35,540215,4221230
2026-01-01 09:37:00+05:30,57.25,58.1,55.25,57.7,599170,4380285
2026-01-01 09:38:00+05:30,57.8,58.75,55.7,56.4,321295,4380285
2026-01-01 09:39:00+05:30,56.4,57.25,55.1,56.3,264095,4380285
2026-01-01 09:40:00+05:30,56.1,59.7,55.25,59.7,282230,4452760
2026-01-01 09:41:00+05:30,59.85,61.25,58.3,60.0,421460,4452760
2026-01-01 09:42:00+05:30,59.7,59.85,55.65,56.5,319215,4452760
2026-01-01 09:43:00+05:30,56.6,62.75,56.6,62.4,484315,4529915
2026-01-01 09:44:00+05:30,62.3,64.34,61.5,62.0,550095,4529915
2026-01-01 09:45:00+05:30,61.85,62.2,57.2,57.75,424710,4529915
2026-01-01 09:46:00+05:30,57.9,59.1,56.4,56.85,313820,4584255
2026-01-01 09:47:00+05:30,56.45,58.05,55.0,57.65,402610,4584255
2026-01-01 09:48:00+05:30,58.2,59.9,58.2,58.9,262340,4584255
2026-01-01 09:49:00+05:30,58.8,64.4,58.4,63.65,396565,4682015
2026-01-01 09:50:00+05:30,63.55,65.4,63.0,65.09,677365,4682015
2026-01-01 09:51:00+05:30,65.0,65.3,62.2,65.0,402220,4682015
2026-01-01 09:52:00+05:30,64.8,67.65,64.8,67.15,686465,4703660
2026-01-01 09:53:00+05:30,67.2,67.84,63.6,64.15,523055,4703660
2026-01-01 09:54:00+05:30,64.3,65.09,62.8,64.0,349700,4703660
2026-01-01 09:55:00+05:30,64.59,64.59,61.55,63.6,361985,4781270
2026-01-01 09:56:00+05:30,63.75,65.7,62.8,63.0,322400,4781270
2026-01-01 09:57:00+05:30,63.5,63.5,58.7,58.7,431405,4781270
2026-01-01 09:58:00+05:30,57.8,58.2,51.85,52.15,924755,4712890
2026-01-01 09:59:00+05:30,52.2,54.3,50.3,52.7,951665,4712890
2026-01-01 10:00:00+05:30,53.05,55.05,51.15,54.85,596115,4712890
2026-01-01 10:01:00+05:30,54.9,56.1,52.55,52.95,543790,4835220
2026-01-01 10:02:00+05:30,53.35,56.55,52.55,56.25,346320,4835220
2026-01-01 10:03:00+05:30,55.9,55.9,53.6,54.95,275015,4835220
2026-01-01 10:04:00+05:30,54.85,58.05,54.85,55.4,316615,4925245
2026-01-01 10:05:00+05:30,55.9,57.55,55.7,56.15,263575,4925245
2026-01-01 10:06:00+05:30,56.5,56.7,53.75,56.7,248755,4925245
2026-01-01 10:07:00+05:30,56.45,58.25,54.2,56.55,400855,4955925
2026-01-01 10:08:00+05:30,57.05,57.95,56.55,56.8,232830,4955925
2026-01-01 10:09:00+05:30,56.85,56.9,53.05,53.8,298675,4955925
2026-01-01 10:10:00+05:30,53.45,54.15,51.45,53.45,395980,5021575
2026-01-01 10:11:00+05:30,53.4,53.4,51.05,51.05,409695,5021575
2026-01-01 10:12:00+05:30,51.2,51.85,49.25,49.75,600015,5021575
2026-01-01 10:13:00+05:30,49.6,50.3,48.6,49.55,486590,5246865
2026-01-01 10:14:00+05:30,49.15,50.9,49.15,50.25,471445,5246865
2026-01-01 10:15:00+05:30,50.45,50.45,47.35,49.7,480415,5246865
2026-01-01 10:16:00+05:30,49.6,49.85,45.35,47.55,507325,5483075
2026-01-01 10:17:00+05:30,47.3,48.9,46.65,47.0,298545,5483075
2026-01-01 10:18:00+05:30,46.75,47.1,44.15,44.85,513240,5483075
2026-01-01 10:19:00+05:30,44.6,45.4,43.35,44.3,533780,5651100
2026-01-01 10:20:00+05:30,44.55,45.25,43.0,43.9,394290,5651100
2026-01-01 10:21:00+05:30,44.1,44.6,42.0,42.2,444210,5651100
2026-01-01 10:22:00+05:30,42.55,43.1,41.3,41.8,586300,5856825
2026-01-01 10:23:00+05:30,41.85,43.85,41.55,43.85,442000,5856825
2026-01-01 10:24:00+05:30,43.9,45.55,43.1,45.4,541060,5856825
2026-01-01 10:25:00+05:30,45.35,48.0,45.3,47.9,655460,6169865
2026-01-01 10:26:00+05:30,48.05,48.75,47.2,47.75,629720,6169865
2026-01-01 10:27:00+05:30,48.1,49.35,46.45,46.45,482885,6169865
2026-01-01 10:28:00+05:30,46.8,48.55,46.8,48.3,204685,6248385
2026-01-01 10:29:00+05:30,48.55,50.35,47.65,50.35,357175,6248385
2026-01-01 10:30:00+05:30,50.8,52.25,49.8,49.8,609635,6248385
2026-01-01 10:31:00+05:30,49.85,50.4,47.7,48.1,401635,6241755
2026-01-01 10:32:00+05:30,48.1,52.15,47.55,51.7,379015,6241755
2026-01-01 10:33:00+05:30,51.85,52.7,51.05,52.45,451750,6241755
2026-01-01 10:34:00+05:30,52.9,54.0,51.95,53.3,478270,6200870
2026-01-01 10:35:00+05:30,53.1,55.3,53.1,55.3,495040,6200870
2026-01-01 10:36:00+05:30,55.1,55.9,52.55,53.7,440115,6200870
2026-01-01 10:37:00+05:30,53.5,53.5,51.2,51.95,301600,6179875
2026-01-01 10:38:00+05:30,52.0,52.4,50.7,51.35,213785,6179875
2026-01-01 10:39:00+05:30,51.05,53.15,51.05,51.6,210535,6179875
2026-01-01 10:40:00+05:30,51.45,51.45,47.9,47.9,379340,6187350
2026-01-01 10:41:00+05:30,48.05,51.7,47.7,51.0,349310,6187350
2026-01-01 10:42:00+05:30,51.0,51.85,49.75,50.6,230685,6187350
2026-01-01 10:43:00+05:30,50.95,53.05,50.1,51.5,271960,6139770
2026-01-01 10:44:00+05:30,51.0,52.2,50.95,51.3,173875,6139770
2026-01-01 10:45:00+05:30,51.8,54.0,51.65,52.65,406315,6139770
2026-01-01 10:46:00+05:30,53.5,56.3,53.2,56.0,448500,6154655
2026-01-01 10:47:00+05:30,56.25,56.55,53.95,55.85,422305,6154655
2026-01-01 10:48:00+05:30,55.75,57.6,54.9,55.45,506025,6154655
2026-01-01 10:49:00+05:30,55.4,58.75,55.05,58.35,405340,6051175
2026-01-01 10:50:00+05:30,58.5,59.35,57.15,58.2,602225,6051175
2026-01-01 10:51:00+05:30,58.3,58.5,57.35,58.15,247650,6051175
2026-01-01 10:52:00+05:30,58.0,58.8,56.2,57.9,288860,5916365
2026-01-01 10:53:00+05:30,58.45,58.95,57.45,58.95,209170,5916365
2026-01-01 10:54:00+05:30,58.85,60.1,57.25,57.85,372320,5916365
2026-01-01 10:55:00+05:30,57.85,58.4,56.75,57.85,271180,5879770
2026-01-01 10:56:00+05:30,57.85,57.85,56.75,56.95,159315,5879770
2026-01-01 10:57:00+05:30,57.6,57.6,55.8,57.0,318370,5879770
2026-01-01 10:58:00+05:30,56.85,57.75,55.0,57.3,297050,5834335
2026-01-01 10:59:00+05:30,57.05,57.45,55.65,56.85,188435,5834335
2026-01-01 11:00:00+05:30,56.2,56.9,55.5,56.55,129870,5834335
2026-01-01 11:01:00+05:30,56.5,60.2,56.25,59.4,443170,5804890
2026-01-01 11:02:00+05:30,58.8,60.55,58.75,60.1,428220,5804890
2026-01-01 11:03:00+05:30,59.0,59.6,57.0,57.7,360880,5804890
2026-01-01 11:04:00+05:30,57.4,57.8,54.05,55.2,470080,5823350
2026-01-01 11:05:00+05:30,55.15,56.95,55.05,56.25,236210,5823350
2026-01-01 11:06:00+05:30,56.0,56.0,52.9,54.55,340535,5823350
2026-01-01 11:07:00+05:30,54.25,55.7,53.9,55.7,149370,5825495
2026-01-01 11:08:00+05:30,54.55,55.25,53.1,53.1,138840,5825495
2026-01-01 11:09:00+05:30,52.8,54.05,52.8,53.85,130130,5825495
2026-01-01 11:10:00+05:30,54.1,54.25,52.15,52.8,246155,5865990
2026-01-01 11:11:00+05:30,52.55,53.25,51.45,53.15,243555,5865990
2026-01-01 11:12:00+05:30,52.95,56.75,52.95,56.55,277615,5865990
2026-01-01 11:13:00+05:30,56.5,57.45,55.8,57.1,350480,5797090
2026-01-01 11:14:00+05:30,56.85,58.2,56.1,56.1,236145,5797090
2026-01-01 11:15:00+05:30,56.0,56.3,54.3,55.1,241540,5797090
2026-01-01 11:16:00+05:30,55.0,55.0,51.6,54.4,310635,5828745
2026-01-01 11:17:00+05:30,54.05,54.8,53.05,53.4,186940,5828745
2026-01-01 11:18:00+05:30,53.7,55.35,53.7,54.0,193765,5828745
2026-01-01 11:19:00+05:30,54.3,56.1,54.25,55.9,132275,5867355
2026-01-01 11:20:00+05:30,55.75,55.9,54.45,55.25,166140,5867355
2026-01-01 11:21:00+05:30,55.1,57.95,54.85,57.25,285545,5867355
2026-01-01 11:22:00+05:30,56.8,57.1,53.25,53.25,259545,5892120
2026-01-01 11:23:00+05:30,53.3,55.05,53.3,53.75,116935,5892120
2026-01-01 11:24:00+05:30,53.5,55.35,52.65,54.8,218790,5892120
2026-01-01 11:25:00+05:30,55.05,55.05,53.2,53.35,142545,5934305
2026-01-01 11:26:00+05:30,53.7,55.9,53.7,55.0,134225,5934305
2026-01-01 11:27:00+05:30,55.4,57.05,55.4,56.2,196885,5934305
2026-01-01 11:28:00+05:30,56.15,57.9,55.45,55.65,284440,5898815
2026-01-01 11:29:00+05:30,55.15,55.15,53.05,53.05,229450,5898815
2026-01-01 11:30:00+05:30,53.3,53.6,51.4,52.7,303030,5898815
2026-01-01 11:31:00+05:30,53.3,54.65,52.75,53.85,260845,5902975
2026-01-01 11:32:00+05:30,53.55,53.6,51.0,51.55,262145,5902975
2026-01-01 11:33:00+05:30,51.45,51.45,48.95,49.5,481520,5902975
2026-01-01 11:34:00+05:30,49.3,50.35,49.3,50.25,195325,5972525
2026-01-01 11:35:00+05:30,50.1,50.1,48.55,49.3,256620,5972525
2026-01-01 11:36:00+05:30,49.0,50.2,48.4,49.6,147550,5972525
2026-01-01 11:37:00+05:30,49.3,51.35,49.3,51.35,170820,6015490
2026-01-01 11:38:00+05:30,51.4,52.1,50.2,50.9,221260,6015490
2026-01-01 11:39:00+05:30,50.7,51.0,49.2,50.1,121810,6015490
2026-01-01 11:40:00+05:30,50.1,50.2,49.5,50.15,95030,6020430
2026-01-01 11:41:00+05:30,50.15,50.9,48.5,48.5,142935,6020430
2026-01-01 11:42:00+05:30,48.2,48.9,46.85,46.85,259025,6020430
2026-01-01 11:43:00+05:30,47.0,47.3,44.85,45.05,367510,6040515
2026-01-01 11:44:00+05:30,44.75,45.75,43.9,43.9,309075,6040515
2026-01-01 11:45:00+05:30,44.15,45.55,44.0,44.95,368810,6040515
2026-01-01 11:46:00+05:30,45.2,45.5,44.25,44.45,181285,6145880
2026-01-01 11:47:00+05:30,44.35,44.65,43.6,44.45,236470,6145880
2026-01-01 11:48:00+05:30,44.35,45.6,44.35,45.3,202670,6145880
2026-01-01 11:49:00+05:30,45.3,45.8,44.5,44.7,190515,6211855
2026-01-01 11:50:00+05:30,44.65,45.3,44.2,44.8,181025,6211855
2026-01-01 11:51:00+05:30,44.8,45.35,42.6,44.75,300560,6211855
2026-01-01 11:52:00+05:30,44.75,45.95,43.75,43.75,316290,6330155
2026-01-01 11:53:00+05:30,43.95,44.55,43.25,44.3,239720,6330155
2026-01-01 11:54:00+05:30,44.5,46.85,44.5,46.85,284895,6330155
2026-01-01 11:55:00+05:30,46.7,47.05,45.5,46.7,288795,6419660
2026-01-01 11:56:00+05:30,46.75,46.85,45.15,46.0,125905,6419660
2026-01-01 11:57:00+05:30,45.9,46.9,45.8,46.5,140140,6419660
2026-01-01 11:58:00+05:30,46.45,46.9,45.95,46.3,124020,6455735
2026-01-01 11:59:00+05:30,46.6,48.55,46.6,48.0,255320,6455735
2026-01-01 12:00:00+05:30,47.95,49.25,47.75,48.6,217685,6455735
2026-01-01 12:01:00+05:30,48.65,50.0,47.3,47.3,325455,6454305
2026-01-01 12:02:00+05:30,47.45,48.65,46.4,48.65,247780,6454305
2026-01-01 12:03:00+05:30,48.9,48.9,45.6,46.15,261625,6454305
2026-01-01 12:04:00+05:30,46.05,46.2,44.45,45.4,224315,6471855
2026-01-01 12:05:00+05:30,45.0,45.8,44.35,44.85,140335,6471855
2026-01-01 12:06:00+05:30,45.05,46.4,45.05,45.55,109590,6471855
2026-01-01 12:07:00+05:30,45.2,45.9,44.9,45.25,126880,6467435
2026-01-01 12:08:00+05:30,44.9,45.15,40.0,40.25,560560,6467435
2026-01-01 12:09:00+05:30,41.2,42.5,41.15,42.25,386360,6467435
2026-01-01 12:10:00+05:30,42.15,43.5,42.0,42.85,242060,6593080
2026-01-01 12:11:00+05:30,42.75,43.55,42.35,43.5,196625,6593080
2026-01-01 12:12:00+05:30,43.5,44.1,42.85,42.85,142155,6593080
2026-01-01 12:13:00+05:30,43.0,43.45,42.6,42.8,169780,6650865
2026-01-01 12:14:00+05:30,42.65,43.45,41.65,41.8,219310,6650865
2026-01-01 12:15:00+05:30,41.5,41.85,39.5,40.0,453570,6650865
2026-01-01 12:16:00+05:30,39.9,42.15,39.9,40.79,258050,6731985
2026-01-01 12:17:00+05:30,40.79,40.9,39.79,40.29,230165,6731985
2026-01-01 12:18:00+05:30,39.9,41.3,38.45,41.15,330720,6731985
2026-01-01 12:19:00+05:30,40.9,42.9,40.75,42.6,331175,6822855
2026-01-01 12:20:00+05:30,42.65,43.0,41.35,42.65,412880,6822855
2026-01-01 12:21:00+05:30,42.6,43.45,42.35,43.3,174005,6822855
2026-01-01 12:22:00+05:30,43.35,43.75,42.95,43.1,192140,6924840
2026-01-01 12:23:00+05:30,43.15,43.65,41.95,42.65,213070,6924840
2026-01-01 12:24:00+05:30,42.9,43.6,42.7,43.15,96330,6924840
2026-01-01 12:25:00+05:30,43.2,44.4,42.85,44.4,176735,6936930
2026-01-01 12:26:00+05:30,44.6,45.1,44.0,45.05,290485,6936930
2026-01-01 12:27:00+05:30,45.0,45.9,44.75,44.95,285870,6936930
2026-01-01 12:28:00+05:30,45.1,46.2,44.8,46.15,167960,6887010
2026-01-01 12:29:00+05:30,46.55,47.0,45.15,45.4,249015,6887010
2026-01-01 12:30:00+05:30,45.5,45.65,44.0,44.8,286975,6887010
2026-01-01 12:31:00+05:30,44.2,44.2,41.85,43.8,288015,6888310
2026-01-01 12:32:00+05:30,44.6,45.4,44.3,44.95,340860,6888310
2026-01-01 12:33:00+05:30,45.1,45.55,44.6,45.2,136240,6888310
2026-01-01 12:34:00+05:30,45.15,46.2,44.9,46.2,198445,6906965
2026-01-01 12:35:00+05:30,45.65,46.1,45.05,45.45,187460,6906965
2026-01-01 12:36:00+05:30,45.4,45.75,43.65,45.15,230620,6906965
2026-01-01 12:37:00+05:30,45.15,45.7,43.95,43.95,127400,6909110
2026-01-01 12:38:00+05:30,44.35,44.35,41.6,41.6,307190,6909110
2026-01-01 12:39:00+05:30,40.79,41.9,40.75,41.3,309465,6909110
2026-01-01 12:40:00+05:30,41.35,42.65,40.79,41.85,231725,6953960
2026-01-01 12:41:00+05:30,41.75,42.0,41.1,41.2,141310,6953960
2026-01-01 12:42:00+05:30,41.2,43.4,41.2,42.8,171600,6953960
2026-01-01 12:43:00+05:30,43.0,43.25,42.25,42.25,134550,6962215
2026-01-01 12:44:00+05:30,42.15,42.8,41.45,42.5,101270,6962215
2026-01-01 12:45:00+05:30,42.4,44.1,42.3,43.7,217035,6962215
2026-01-01 12:46:00+05:30,43.7,45.25,43.7,44.55,275340,7008430
2026-01-01 12:47:00+05:30,44.8,45.15,43.55,44.8,215475,7008430
2026-01-01 12:48:00+05:30,44.95,46.85,44.75,46.45,349245,7008430
2026-01-01 12:49:00+05:30,46.2,46.25,45.1,45.75,204620,6993415
2026-01-01 12:50:00+05:30,45.5,45.55,43.75,43.75,176930,6993415
2026-01-01 12:51:00+05:30,44.15,45.2,43.85,44.5,159185,6993415
2026-01-01 12:52:00+05:30,44.65,44.75,43.55,43.65,78260,6993415
2026-01-01 12:53:00+05:30,43.35,43.7,42.7,42.95,152490,7022015
2026-01-01 12:54:00+05:30,43.2,44.2,43.0,44.0,118300,7022015
2026-01-01 12:55:00+05:30,44.05,45.0,43.25,44.8,100750,7022015
2026-01-01 12:56:00+05:30,44.75,46.2,44.75,45.35,179855,7029425
2026-01-01 12:57:00+05:30,45.1,46.1,44.75,45.95,132340,7029425
2026-01-01 12:58:00+05:30,45.9,46.95,45.4,45.55,230035,7029425
2026-01-01 12:59:00+05:30,45.65,45.65,44.4,45.45,171665,7008170
2026-01-01 13:00:00+05:30,45.5,46.35,45.2,45.35,145080,7008170
2026-01-01 13:01:00+05:30,45.3,45.3,43.8,44.25,178425,7008170
2026-01-01 13:02:00+05:30,44.4,45.55,44.05,44.7,104650,7044375
2026-01-01 13:03:00+05:30,44.9,46.25,44.7,45.95,113490,7044375
2026-01-01 13:04:00+05:30,46.05,46.45,45.25,46.0,106860,7044375
2026-01-01 13:05:00+05:30,45.8,46.2,44.9,45.0,122590,6966050
2026-01-01 13:06:00+05:30,45.0,46.75,44.95,46.05,86385,6966050
2026-01-01 13:07:00+05:30,46.2,47.35,45.25,46.55,149825,6966050
2026-01-01 13:08:00+05:30,46.75,46.9,45.35,45.6,122460,6939790
2026-01-01 13:09:00+05:30,45.9,46.65,44.7,45.9,347165,6939790
2026-01-01 13:10:00+05:30,46.0,47.15,45.65,45.65,194025,6939790
2026-01-01 13:11:00+05:30,45.6,45.6,44.0,44.25,166660,6950970
2026-01-01 13:12:00+05:30,44.4,44.55,42.55,43.55,255840,6950970
2026-01-01 13:13:00+05:30,43.7,44.5,43.2,44.0,111475,6950970
2026-01-01 13:14:00+05:30,44.0,45.65,44.0,45.65,145665,6937970
2026-01-01 13:15:00+05:30,45.4,47.25,45.4,47.1,265850,6937970
2026-01-01 13:16:00+05:30,47.2,47.6,46.5,46.5,175955,6937970
2026-01-01 13:17:00+05:30,46.7,47.05,46.05,47.05,198055,6940895
2026-01-01 13:18:00+05:30,47.05,47.05,45.8,47.0,132275,6940895
2026-01-01 13:19:00+05:30,46.8,47.3,45.7,47.3,205790,6940895
2026-01-01 13:20:00+05:30,47.25,47.25,44.9,44.95,234065,6938035
2026-01-01 13:21:00+05:30,45.1,45.65,43.3,43.3,237380,6938035
2026-01-01 13:22:00+05:30,43.35,43.35,40.95,41.2,364260,6938035
2026-01-01 13:23:00+05:30,41.0,41.0,39.85,40.2,409565,6948955
2026-01-01 13:24:00+05:30,40.25,40.9,39.45,40.04,289965,6948955
2026-01-01 13:25:00+05:30,39.9,41.1,39.9,40.79,263965,6948955
2026-01-01 13:26:00+05:30,40.79,42.1,40.65,41.7,204880,7086950
2026-01-01 13:27:00+05:30,41.8,42.7,41.55,42.55,231855,7086950
2026-01-01 13:28:00+05:30,42.75,43.05,42.35,42.75,216060,7086950
2026-01-01 13:29:00+05:30,42.75,43.35,42.4,42.85,211965,7076940
2026-01-01 13:30:00+05:30,42.95,44.1,42.85,43.35,249080,7076940
2026-01-01 13:31:00+05:30,43.85,44.5,43.4,43.65,268190,7076940
2026-01-01 13:32:00+05:30,43.7,43.85,42.75,43.15,160550,7105865
2026-01-01 13:33:00+05:30,43.3,43.5,41.9,42.25,155545,7105865
2026-01-01 13:34:00+05:30,42.1,42.3,40.9,40.9,134355,7105865
2026-01-01 13:35:00+05:30,41.15,42.7,41.15,42.1,144885,7085065
2026-01-01 13:36:00+05:30,42.15,43.75,42.15,43.6,123370,7085065
2026-01-01 13:37:00+05:30,43.55,43.85,42.3,42.3,118495,7085065
2026-01-01 13:38:00+05:30,42.05,42.05,40.79,41.05,256100,7076420
2026-01-01 13:39:00+05:30,40.79,42.05,40.4,41.75,208650,7076420
2026-01-01 13:40:00+05:30,41.6,41.65,40.79,40.79,139815,7076420
2026-01-01 13:41:00+05:30,40.7,41.25,40.7,41.1,90350,7093580
2026-01-01 13:42:00+05:30,41.0,41.45,40.79,41.45,62400,7093580
2026-01-01 13:43:00+05:30,41.35,42.55,41.3,42.25,92300,7093580
2026-01-01 13:44:00+05:30,42.0,42.5,41.7,42.5,83070,7082790
2026-01-01 13:45:00+05:30,42.55,43.15,42.0,42.0,125775,7082790
2026-01-01 13:46:00+05:30,42.0,42.1,40.79,40.79,103610,7082790
2026-01-01 13:47:00+05:30,40.79,41.05,39.95,40.4,184470,7075900
2026-01-01 13:48:00+05:30,40.54,41.2,40.54,41.2,92300,7075900
2026-01-01 13:49:00+05:30,41.25,41.55,40.6,41.5,68575,7075900
2026-01-01 13:50:00+05:30,41.55,42.55,41.45,41.55,171015,7085585
2026-01-01 13:51:00+05:30,41.6,42.4,41.1,42.4,75725,7085585
2026-01-01 13:52:00+05:30,42.5,43.2,42.1,42.15,269750,7085585
2026-01-01 13:53:00+05:30,42.3,42.6,40.95,41.95,166985,7080190
2026-01-01 13:54:00+05:30,42.2,42.95,42.2,42.9,108485,7080190
2026-01-01 13:55:00+05:30,42.85,43.55,42.1,42.1,173680,7080190
2026-01-01 13:56:00+05:30,42.3,43.15,42.3,43.0,164840,7077265
2026-01-01 13:57:00+05:30,42.75,44.1,42.6,44.0,167895,7077265
2026-01-01 13:58:00+05:30,44.25,44.35,41.85,41.85,256230,7077265
2026-01-01 13:59:00+05:30,41.85,43.3,41.8,43.15,152425,7048730
2026-01-01 14:00:00+05:30,43.2,44.6,42.6,43.05,304655,7048730
2026-01-01 14:01:00+05:30,43.15,44.2,42.2,44.0,96395,7048730
2026-01-01 14:02:00+05:30,43.6,45.25,43.6,44.0,264875,6974890
2026-01-01 14:03:00+05:30,43.95,46.65,43.95,45.75,310375,6974890
2026-01-01 14:04:00+05:30,45.7,47.55,45.65,47.4,401895,6974890
2026-01-01 14:05:00+05:30,47.7,49.95,46.3,46.3,658060,6852885
2026-01-01 14:06:00+05:30,46.3,47.7,46.3,47.0,252005,6852885
2026-01-01 14:07:00+05:30,46.7,47.15,45.95,45.95,211055,6852885
2026-01-01 14:08:00+05:30,46.25,47.5,46.1,46.9,199160,6766565
2026-01-01 14:09:00+05:30,46.65,47.0,45.45,45.85,211315,6766565
2026-01-01 14:10:00+05:30,45.65,46.4,45.25,45.7,168415,6766565
2026-01-01 14:11:00+05:30,46.0,47.3,46.0,47.25,171925,6745310
2026-01-01 14:12:00+05:30,47.35,47.95,46.45,46.55,176475,6745310
2026-01-01 14:13:00+05:30,46.7,47.7,46.4,47.05,149045,6745310
2026-01-01 14:14:00+05:30,47.2,48.5,46.85,46.9,201240,6711705
2026-01-01 14:15:00+05:30,47.05,47.4,45.8,47.3,151580,6711705
2026-01-01 14:16:00+05:30,47.4,48.6,46.55,48.55,176215,6711705
2026-01-01 14:17:00+05:30,48.25,48.55,47.4,48.5,225745,6661720
2026-01-01 14:18:00+05:30,47.7,48.9,47.4,48.85,162435,6661720
2026-01-01 14:19:00+05:30,48.8,49.75,48.55,48.9,300885,6661720
2026-01-01 14:20:00+05:30,48.8,50.9,48.25,50.9,288730,6643585
2026-01-01 14:21:00+05:30,51.1,51.35,47.85,48.35,427960,6643585
2026-01-01 14:22:00+05:30,48.3,48.3,45.0,45.9,435045,6643585
2026-01-01 14:23:00+05:30,46.25,47.15,45.6,46.45,295425,6628960
2026-01-01 14:24:00+05:30,46.45,47.15,45.9,46.7,199615,6628960
2026-01-01 14:25:00+05:30,46.75,46.75,44.85,45.5,254930,6628960
2026-01-01 14:26:00+05:30,45.6,45.7,44.85,45.2,150410,6648785
2026-01-01 14:27:00+05:30,45.15,45.45,43.7,43.9,206635,6648785
2026-01-01 14:28:00+05:30,43.7,45.1,43.4,44.85,195390,6648785
2026-01-01 14:29:00+05:30,44.7,44.9,43.2,43.2,174980,6628375
2026-01-01 14:30:00+05:30,43.1,43.95,42.9,43.75,215345,6628375
2026-01-01 14:31:00+05:30,43.7,43.8,42.5,43.0,145860,6628375
2026-01-01 14:32:00+05:30,42.75,43.35,41.4,42.1,241540,6696170
2026-01-01 14:33:00+05:30,42.3,44.5,42.3,44.3,217815,6696170
2026-01-01 14:34:00+05:30,44.25,46.0,43.95,46.0,215930,6696170
2026-01-01 14:35:00+05:30,45.7,45.9,44.85,44.85,227695,6705400
2026-01-01 14:36:00+05:30,45.05,45.2,43.9,43.9,174070,6705400
2026-01-01 14:37:00+05:30,43.9,45.2,43.8,44.6,104780,6705400
2026-01-01 14:38:00+05:30,44.1,44.75,43.0,44.05,179530,6777160
2026-01-01 14:39:00+05:30,43.9,44.9,43.7,44.65,92040,6777160
2026-01-01 14:40:00+05:30,44.95,45.0,43.65,43.65,115310,6777160
2026-01-01 14:41:00+05:30,43.75,44.55,43.45,44.05,82095,6797180
2026-01-01 14:42:00+05:30,44.05,44.4,43.6,43.95,55250,6797180
2026-01-01 14:43:00+05:30,44.15,44.35,43.3,44.1,79365,6797180
2026-01-01 14:44:00+05:30,44.15,44.45,43.5,43.75,90415,6769945
2026-01-01 14:45:00+05:30,44.3,44.55,43.3,43.8,474500,6769945
2026-01-01 14:46:00+05:30,43.75,44.5,43.4,44.5,147095,6769945
2026-01-01 14:47:00+05:30,44.0,44.9,43.9,44.15,152295,6717880
2026-01-01 14:48:00+05:30,44.0,44.3,43.45,43.7,120185,6717880
2026-01-01 14:49:00+05:30,43.9,43.95,42.35,42.35,171600,6717880
2026-01-01 14:50:00+05:30,42.5,42.5,40.9,42.0,371930,6751940
2026-01-01 14:51:00+05:30,42.0,43.0,41.75,42.75,159380,6751940
2026-01-01 14:52:00+05:30,42.75,43.95,42.65,43.95,250055,6751940
2026-01-01 14:53:00+05:30,43.85,44.9,43.85,44.9,311545,6607250
2026-01-01 14:54:00+05:30,45.0,45.0,43.7,44.15,164645,6607250
2026-01-01 14:55:00+05:30,43.85,44.6,43.85,44.25,148135,6607250
2026-01-01 14:56:00+05:30,44.2,44.4,42.8,43.3,131950,6515730
2026-01-01 14:57:00+05:30,43.3,44.05,43.3,43.45,120250,6515730
2026-01-01 14:58:00+05:30,43.7,45.35,43.7,45.35,233610,6515730
2026-01-01 14:59:00+05:30,44.95,45.25,44.5,45.05,257465,6487260
2026-01-01 15:00:00+05:30,45.75,46.45,43.75,44.75,447590,6487260
2026-01-01 15:01:00+05:30,44.8,45.9,44.5,44.55,253175,6487260
2026-01-01 15:02:00+05:30,44.8,44.8,42.65,42.65,348660,6367660
2026-01-01 15:03:00+05:30,42.2,43.0,41.95,42.35,321035,6367660
2026-01-01 15:04:00+05:30,42.45,44.2,42.2,44.2,361205,6367660
2026-01-01 15:05:00+05:30,44.2,44.2,42.35,43.4,281190,6261580
2026-01-01 15:06:00+05:30,43.4,43.75,43.05,43.45,141440,6261580
2026-01-01 15:07:00+05:30,43.6,43.8,43.1,43.8,127400,6261580
2026-01-01 15:08:00+05:30,43.75,43.9,43.45,43.75,161590,6256445
2026-01-01 15:09:00+05:30,43.85,43.95,42.65,43.05,295555,6256445
2026-01-01 15:10:00+05:30,43.45,43.55,41.9,42.0,461370,6256445
2026-01-01 15:11:00+05:30,42.3,43.0,41.6,42.75,301535,6199830
2026-01-01 15:12:00+05:30,42.75,42.9,42.45,42.9,231790,6199830
2026-01-01 15:13:00+05:30,42.95,42.95,42.35,42.6,256750,6199830
2026-01-01 15:14:00+05:30,42.85,43.35,42.6,43.2,242840,5968885
2026-01-01 15:15:00+05:30,43.55,44.65,43.15,44.2,425230,5968885
2026-01-01 15:16:00+05:30,44.3,44.3,43.35,43.7,241735,5968885
2026-01-01 15:17:00+05:30,43.65,43.65,42.95,42.95,194025,5749835
2026-01-01 15:18:00+05:30,43.3,43.45,42.65,43.45,302510,5749835
2026-01-01 15:19:00+05:30,43.6,43.9,43.2,43.4,214370,5749835
2026-01-01 15:20:00+05:30,43.6,43.6,43.0,43.3,272675,5540665
2026-01-01 15:21:00+05:30,43.25,43.45,42.85,42.95,212420,5540665
2026-01-01 15:22:00+05:30,43.05,43.05,42.4,42.7,225745,5540665
2026-01-01 15:23:00+05:30,42.7,43.0,42.65,42.8,195845,5371405
2026-01-01 15:24:00+05:30,42.85,42.85,42.2,42.65,220870,5371405
2026-01-01 15:25:00+05:30,42.6,42.6,41.65,42.1,332930,5371405
2026-01-01 15:26:00+05:30,42.1,42.3,41.5,41.55,226200,5240040
2026-01-01 15:27:00+05:30,41.6,41.8,41.2,41.6,271765,5240040
2026-01-01 15:28:00+05:30,41.6,41.8,41.2,41.3,301015,5240040
2026-01-01 15:29:00+05:30,41.55,41.55,40.04,40.65,488150,5125835
2026-01-02 09:15:00+05:30,41.25,52.35,41.2,50.55,2557100,5226130
2026-01-02 09:16:00+05:30,49.0,50.25,47.55,48.3,1843010,5226130
2026-01-02 09:17:00+05:30,48.3,50.15,48.1,48.45,1295125,5226130
2026-01-02 09:18:00+05:30,48.55,49.6,47.2,47.5,1074710,6270225
2026-01-02 09:19:00+05:30,47.9,49.9,47.75,48.75,831155,6270225
2026-01-02 09:20:00+05:30,48.25,50.75,48.25,50.05,1389895,6270225
2026-01-02 09:21:00+05:30,49.75,50.1,48.45,48.7,960960,6270225
2026-01-02 09:22:00+05:30,48.6,51.8,48.3,51.25,1194440,7065695
2026-01-02 09:23:00+05:30,51.3,55.0,51.3,54.35,2261610,7065695
2026-01-02 09:24:00+05:30,54.5,54.5,52.35,52.35,1201525,7065695
2026-01-02 09:25:00+05:30,51.95,52.25,49.5,49.5,1471860,7411950
2026-01-02 09:26:00+05:30,50.7,52.7,50.3,52.5,1032655,7411950
2026-01-02 09:27:00+05:30,52.55,54.4,52.55,54.4,1382355,7411950
2026-01-02 09:28:00+05:30,54.6,61.8,54.55,60.75,3342300,7922265
2026-01-02 09:29:00+05:30,60.5,61.15,58.4,60.7,2051595,7922265
2026-01-02 09:30:00+05:30,61.9,63.0,58.3,58.8,1847820,7922265
2026-01-02 09:31:00+05:30,58.95,61.4,58.75,60.6,1500655,7893405
2026-01-02 09:32:00+05:30,60.85,70.0,60.85,68.7,3540485,7893405
2026-01-02 09:33:00+05:30,69.4,70.59,64.05,64.05,3253640,7893405
2026-01-02 09:34:00+05:30,64.55,64.55,61.0,61.0,1830920,7904130
2026-01-02 09:35:00+05:30,62.15,64.5,61.3,62.95,1609530,7904130
2026-01-02 09:36:00+05:30,63.0,66.34,62.95,65.84,1543815,7904130
2026-01-02 09:37:00+05:30,65.84,66.45,65.0,65.45,1294735,8517145
2026-01-02 09:38:00+05:30,66.0,66.05,63.3,63.85,1038830,8517145
2026-01-02 09:39:00+05:30,64.15,66.8,63.9,66.8,1080560,8517145
2026-01-02 09:40:00+05:30,66.15,67.8,66.05,66.5,1984255,8956155
2026-01-02 09:41:00+05:30,66.84,74.15,66.0,72.55,4352465,8956155
2026-01-02 09:42:00+05:30,72.75,80.0,72.75,75.55,5049590,8956155
2026-01-02 09:43:00+05:30,76.05,78.3,76.05,77.8,2057575,8257470
2026-01-02 09:44:00+05:30,77.95,82.65,77.95,81.8,3155360,8257470
2026-01-02 09:45:00+05:30,82.85,84.1,79.0,79.9,2672865,8257470
2026-01-02 09:46:00+05:30,80.0,81.84,79.05,81.3,1789905,8154770
2026-01-02 09:47:00+05:30,82.15,87.5,82.1,86.6,3745495,8154770
2026-01-02 09:48:00+05:30,87.05,88.0,84.8,86.8,2215005,8154770
2026-01-02 09:49:00+05:30,86.15,86.25,83.55,85.75,1735955,8221850
2026-01-02 09:50:00+05:30,85.35,87.15,85.2,85.2,1705795,8221850
2026-01-02 09:51:00+05:30,85.8,87.95,85.65,87.3,1445860,8221850
2026-01-02 09:52:00+05:30,87.6,92.6,87.5,91.0,3097640,8305635
2026-01-02 09:53:00+05:30,91.05,91.6,88.5,90.4,1775410,8305635
2026-01-02 09:54:00+05:30,90.55,97.3,90.55,96.0,2906865,8305635
2026-01-02 09:55:00+05:30,96.0,96.0,92.0,93.55,1962480,7516665
2026-01-02 09:56:00+05:30,93.45,95.5,92.2,94.4,1404130,7516665
2026-01-02 09:57:00+05:30,94.5,95.0,93.0,93.05,714545,7516665
2026-01-02 09:58:00+05:30,93.05,94.2,91.8,91.9,978445,7670780
2026-01-02 09:59:00+05:30,91.85,91.9,89.55,90.3,1647295,7670780
2026-01-02 10:00:00+05:30,90.1,91.55,89.9,90.95,1021020,7670780
2026-01-02 10:01:00+05:30,91.0,92.05,90.0,91.15,826280,7941765
2026-01-02 10:02:00+05:30,91.0,94.0,89.9,92.4,1359995,7941765
2026-01-02 10:03:00+05:30,92.75,93.4,89.05,89.05,1156545,7941765
2026-01-02 10:04:00+05:30,88.2,91.0,87.2,91.0,1400555,8185060
2026-01-02 10:05:00+05:30,91.4,91.55,88.7,89.65,831675,8185060
2026-01-02 10:06:00+05:30,89.95,91.85,89.3,89.4,779415,8185060
2026-01-02 10:07:00+05:30,89.45,90.15,88.8,89.15,477035,8409180
2026-01-02 10:08:00+05:30,89.25,89.25,86.2,86.6,1277705,8409180
2026-01-02 10:09:00+05:30,86.65,86.65,84.95,85.15,1194115,8409180
2026-01-02 10:10:00+05:30,85.35,89.3,85.1,86.9,1261195,8501155
2026-01-02 10:11:00+05:30,86.85,88.35,86.65,87.3,588965,8501155
2026-01-02 10:12:00+05:30,87.3,88.85,86.35,87.75,627835,8501155
2026-01-02 10:13:00+05:30,87.4,88.25,86.5,87.9,534885,9046700
2026-01-02 10:14:00+05:30,87.1,91.75,87.1,90.6,1696630,9046700
2026-01-02 10:15:00+05:30,90.75,94.25,90.75,93.15,3248570,9046700
2026-01-02 10:16:00+05:30,93.75,93.75,91.65,92.25,1398800,9872525
2026-01-02 10:17:00+05:30,92.5,93.05,89.15,89.15,1184625,9872525
2026-01-02 10:18:00+05:30,88.4,88.7,83.7,88.2,2189720,9872525
2026-01-02 10:19:00+05:30,87.75,88.5,87.0,87.25,834015,9740705
2026-01-02 10:20:00+05:30,87.3,88.5,87.3,88.4,577980,9740705
2026-01-02 10:21:00+05:30,88.65,89.9,87.9,88.9,839085,9740705
2026-01-02 10:22:00+05:30,89.2,89.45,86.4,87.25,728130,9900930
2026-01-02 10:23:00+05:30,87.3,87.35,86.0,86.75,536315,9900930
2026-01-02 10:24:00+05:30,86.8,89.9,86.65,89.0,725530,9900930
2026-01-02 10:25:00+05:30,88.8,89.4,86.6,87.0,550030,9967230
2026-01-02 10:26:00+05:30,88.15,89.45,87.75,88.0,507260,9967230
2026-01-02 10:27:00+05:30,88.45,88.6,85.75,87.4,597805,9967230
2026-01-02 10:28:00+05:30,87.55,89.1,86.7,86.9,607165,9982570
2026-01-02 10:29:00+05:30,87.3,88.6,85.8,85.8,483210,9982570
2026-01-02 10:30:00+05:30,86.05,86.5,84.45,85.9,1011205,9982570
2026-01-02 10:31:00+05:30,86.35,87.3,85.6,86.75,638625,10300485
2026-01-02 10:32:00+05:30,87.2,87.2,83.35,84.65,992355,10300485
2026-01-02 10:33:00+05:30,84.65,84.8,83.2,83.75,865215,10300485
2026-01-02 10:34:00+05:30,83.9,85.05,83.5,84.8,546130,10566270
2026-01-02 10:35:00+05:30,84.35,87.15,84.35,87.15,1021410,10566270
2026-01-02 10:36:00+05:30,87.45,89.75,87.3,89.5,1601925,10566270
2026-01-02 10:37:00+05:30,89.3,90.0,87.85,89.2,1263665,10800270
2026-01-02 10:38:00+05:30,89.4,90.6,88.65,90.6,821925,10800270
2026-01-02 10:39:00+05:30,90.75,92.0,89.0,91.9,1047930,10800270
2026-01-02 10:40:00+05:30,91.85,92.2,90.0,90.2,1284790,10514855
2026-01-02 10:41:00+05:30,90.15,92.45,90.05,92.45,675155,10514855
2026-01-02 10:42:00+05:30,93.45,93.45,89.45,89.65,1517425,10514855
2026-01-02 10:43:00+05:30,89.45,89.95,87.25,88.6,903760,10606765
2026-01-02 10:44:00+05:30,88.7,88.95,86.55,88.05,599430,10606765
2026-01-02 10:45:00+05:30,88.35,89.2,88.2,88.7,444145,10606765
2026-01-02 10:46:00+05:30,88.6,90.25,87.95,89.9,566930,10620740
2026-01-02 10:47:00+05:30,90.3,93.0,90.15,92.85,1336465,10620740
2026-01-02 10:48:00+05:30,92.6,93.4,91.15,91.5,1355510,10620740
2026-01-02 10:49:00+05:30,91.05,91.9,89.65,91.75,787995,10603125
2026-01-02 10:50:00+05:30,91.85,94.35,91.7,92.05,1734395,10603125
2026-01-02 10:51:00+05:30,92.3,92.7,91.35,92.2,582465,10603125
2026-01-02 10:52:00+05:30,92.05,92.05,90.85,91.15,464425,10474295
2026-01-02 10:53:00+05:30,90.9,91.15,90.0,90.9,534300,10474295
2026-01-02 10:54:00+05:30,90.6,90.9,89.15,90.45,617370,10474295
2026-01-02 10:55:00+05:30,90.55,92.0,90.05,90.05,592800,10344815
2026-01-02 10:56:00+05:30,89.7,89.95,87.85,89.25,862875,10344815
2026-01-02 10:57:00+05:30,89.0,91.2,88.85,91.05,484055,10344815
2026-01-02 10:58:00+05:30,90.5,90.55,89.4,90.2,295165,10313095
2026-01-02 10:59:00+05:30,90.5,92.35,90.5,92.0,772200,10313095
2026-01-02 11:00:00+05:30,91.55,92.1,90.45,91.0,459030,10313095
2026-01-02 11:01:00+05:30,91.3,91.6,90.0,90.35,375700,10386870
2026-01-02 11:02:00+05:30,89.85,90.3,88.7,89.6,527410,10386870
2026-01-02 11:03:00+05:30,89.55,89.6,88.25,88.5,454155,10386870
2026-01-02 11:04:00+05:30,88.75,89.8,88.65,89.5,335595,10402015
2026-01-02 11:05:00+05:30,89.75,90.2,89.15,89.95,425490,10402015
2026-01-02 11:06:00+05:30,90.2,90.2,88.7,89.55,298740,10402015
2026-01-02 11:07:00+05:30,89.5,89.5,86.5,87.3,795925,10507835
2026-01-02 11:08:00+05:30,87.55,87.55,85.8,86.55,856310,10507835
2026-01-02 11:09:00+05:30,86.4,88.3,86.4,88.0,524745,10507835
2026-01-02 11:10:00+05:30,87.65,88.35,86.1,88.15,482365,10554245
2026-01-02 11:11:00+05:30,87.9,87.95,85.75,86.0,479830,10554245
2026-01-02 11:12:00+05:30,86.15,89.0,86.15,89.0,592020,10554245
2026-01-02 11:13:00+05:30,88.9,89.5,88.0,89.5,577265,10687040
2026-01-02 11:14:00+05:30,89.3,90.5,88.55,88.65,807430,10687040
2026-01-02 11:15:00+05:30,88.9,90.0,88.9,89.0,421720,10687040
2026-01-02 11:16:00+05:30,89.45,89.95,88.95,89.5,270985,10924680
2026-01-02 11:17:00+05:30,89.3,91.25,89.2,90.55,689390,10924680
2026-01-02 11:18:00+05:30,90.5,92.95,90.5,92.0,1211665,10924680
2026-01-02 11:19:00+05:30,92.25,92.25,91.2,91.95,623805,10726105
2026-01-02 11:20:00+05:30,91.4,92.15,90.65,91.9,623740,10726105
2026-01-02 11:21:00+05:30,91.5,96.2,91.5,95.65,1631045,10726105
2026-01-02 11:22:00+05:30,95.35,95.5,90.75,91.6,1599715,10265515
2026-01-02 11:23:00+05:30,91.3,93.3,91.3,93.1,507975,10265515
2026-01-02 11:24:00+05:30,93.15,94.75,92.8,93.65,1046565,10265515
2026-01-02 11:25:00+05:30,93.7,95.85,93.2,95.85,1021150,10150010
2026-01-02 11:26:00+05:30,97.35,98.0,94.05,94.05,1496040,10150010
2026-01-02 11:27:00+05:30,94.0,95.2,93.75,94.55,639925,10150010
2026-01-02 11:28:00+05:30,94.65,98.85,94.5,97.8,1287390,9927645
2026-01-02 11:29:00+05:30,97.5,101.0,97.5,99.25,2351635,9927645
2026-01-02 11:30:00+05:30,98.9,101.55,97.1,99.4,2143180,9927645
2026-01-02 11:31:00+05:30,99.8,107.0,99.8,102.75,3417245,9102470
2026-01-02 11:32:00+05:30,102.45,102.45,99.3,99.6,1482650,9102470
2026-01-02 11:33:00+05:30,99.7,101.7,99.65,100.7,776425,9102470
2026-01-02 11:34:00+05:30,100.75,103.6,100.6,103.6,908895,9282520
2026-01-02 11:35:00+05:30,103.7,104.0,101.55,102.5,1160055,9282520
2026-01-02 11:36:00+05:30,102.3,103.2,101.75,102.7,698425,9282520
2026-01-02 11:37:00+05:30,102.3,103.0,101.95,102.45,416260,9045790
2026-01-02 11:38:00+05:30,102.8,102.8,100.8,100.8,604435,9045790
2026-01-02 11:39:00+05:30,100.95,103.75,100.95,103.05,752440,9045790
2026-01-02 11:40:00+05:30,103.0,103.0,100.6,101.35,852150,8771230
2026-01-02 11:41:00+05:30,101.85,102.75,101.8,102.15,487175,8771230
2026-01-02 11:42:00+05:30,102.3,103.2,101.85,103.2,530140,8771230
2026-01-02 11:43:00+05:30,103.4,105.95,102.7,105.95,1187225,8582145
2026-01-02 11:44:00+05:30,105.85,106.3,103.2,103.65,1269515,8582145
2026-01-02 11:45:00+05:30,103.8,104.45,102.35,102.75,715520,8582145
2026-01-02 11:46:00+05:30,103.0,103.4,101.35,101.35,534820,8783905
2026-01-02 11:47:00+05:30,101.15,102.55,100.9,102.55,501085,8783905
2026-01-02 11:48:00+05:30,102.35,104.1,102.25,104.05,520585,8783905
2026-01-02 11:49:00+05:30,103.75,105.6,103.5,105.6,819390,8916830
2026-01-02 11:50:00+05:30,105.4,105.65,104.15,104.25,596245,8916830
2026-01-02 11:51:00+05:30,104.95,105.15,104.05,105.15,461110,8916830
2026-01-02 11:52:00+05:30,105.0,109.75,104.85,106.25,1482195,8442915
2026-01-02 11:53:00+05:30,106.45,106.95,105.2,106.55,638950,8442915
2026-01-02 11:54:00+05:30,106.55,107.85,105.6,106.85,741130,8442915
2026-01-02 11:55:00+05:30,106.65,106.95,105.6,106.0,405275,8450260
2026-01-02 11:56:00+05:30,105.9,106.05,103.05,103.05,756470,8450260
2026-01-02 11:57:00+05:30,103.0,103.0,101.7,101.9,855335,8450260
2026-01-02 11:58:00+05:30,102.05,103.85,102.05,102.85,417365,8265920
2026-01-02 11:59:00+05:30,102.55,102.6,100.2,101.65,775580,8265920
2026-01-02 12:00:00+05:30,101.5,102.4,101.0,102.2,417170,8265920
2026-01-02 12:01:00+05:30,102.05,103.0,100.1,100.45,511550,8283275
2026-01-02 12:02:00+05:30,100.05,100.3,98.7,99.5,1049230,8283275
2026-01-02 12:03:00+05:30,99.65,102.8,99.65,102.7,724555,8283275
2026-01-02 12:04:00+05:30,102.75,103.7,102.75,103.35,680615,8149635
2026-01-02 12:05:00+05:30,103.35,103.75,102.6,103.4,390585,8149635
2026-01-02 12:06:00+05:30,103.55,103.8,102.5,103.0,357305,8149635
2026-01-02 12:07:00+05:30,103.0,103.8,102.5,103.55,249795,8139430
2026-01-02 12:08:00+05:30,103.8,103.8,103.05,103.35,257985,8139430
2026-01-02 12:09:00+05:30,103.55,103.6,102.4,102.75,232570,8139430
2026-01-02 12:10:00+05:30,102.8,103.0,102.0,102.25,196625,8155355
2026-01-02 12:11:00+05:30,102.4,103.05,101.05,102.9,388310,8155355
2026-01-02 12:12:00+05:30,102.95,103.55,102.6,103.1,271115,8155355
2026-01-02 12:13:00+05:30,103.2,103.8,102.8,103.2,299715,8134815
2026-01-02 12:14:00+05:30,102.5,103.35,102.3,102.95,232505,8134815
2026-01-02 12:15:00+05:30,102.7,103.85,101.6,101.8,388635,8134815
2026-01-02 12:16:00+05:30,102.05,102.4,100.7,101.5,363155,8130330
2026-01-02 12:17:00+05:30,101.35,101.6,100.3,100.35,238420,8130330
2026-01-02 12:18:00+05:30,100.05,101.25,99.3,99.65,487565,8130330
2026-01-02 12:19:00+05:30,99.45,99.5,98.0,99.5,847730,8051745
2026-01-02 12:20:00+05:30,99.5,101.0,99.5,100.5,516100,8051745
2026-01-02 12:21:00+05:30,100.8,103.35,100.65,103.25,653900,8051745
2026-01-02 12:22:00+05:30,103.35,104.3,102.7,104.3,737295,8126820
2026-01-02 12:23:00+05:30,103.2,104.15,102.9,104.0,549705,8126820
2026-01-02 12:24:00+05:30,103.65,105.2,103.65,105.2,759200,8126820
2026-01-02 12:25:00+05:30,105.3,106.35,103.8,104.7,1156025,8224775
2026-01-02 12:26:00+05:30,104.75,104.9,103.0,104.25,497445,8224775
2026-01-02 12:27:00+05:30,104.2,106.25,104.2,105.8,479570,8224775
2026-01-02 12:28:00+05:30,105.8,106.0,104.75,106.0,395590,8184475
2026-01-02 12:29:00+05:30,105.85,106.8,105.05,105.05,745680,8184475
2026-01-02 12:30:00+05:30,104.65,105.85,104.65,105.8,340275,8184475
2026-01-02 12:31:00+05:30,105.9,106.25,104.4,106.25,451230,8079955
2026-01-02 12:32:00+05:30,106.5,108.45,106.35,106.7,1125865,8079955
2026-01-02 12:33:00+05:30,106.8,108.25,106.8,108.0,582530,8079955
2026-01-02 12:34:00+05:30,110.05,117.75,110.05,113.6,3122210,7141615
2026-01-02 12:35:00+05:30,113.3,115.15,112.55,113.95,1087710,7141615
2026-01-02 12:36:00+05:30,113.85,114.2,112.05,112.05,683410,7141615
2026-01-02 12:37:00+05:30,111.85,113.0,111.0,112.25,570765,6823440
2026-01-02 12:38:00+05:30,112.45,113.1,111.1,111.6,387920,6823440
2026-01-02 12:39:00+05:30,111.25,111.25,109.85,110.95,432380,6823440
2026-01-02 12:40:00+05:30,111.1,111.9,110.2,110.45,330590,6840210
2026-01-02 12:41:00+05:30,110.75,111.0,109.6,111.0,349700,6840210
2026-01-02 12:42:00+05:30,110.8,111.3,110.3,110.3,208130,6840210
2026-01-02 12:43:00+05:30,110.85,110.85,109.65,110.0,202020,6840210
2026-01-02 12:44:00+05:30,109.85,110.2,107.65,107.65,502320,6905080
2026-01-02 12:45:00+05:30,107.65,108.2,106.5,107.2,577980,6905080
2026-01-02 12:46:00+05:30,107.25,108.1,107.0,108.0,281385,6905080
2026-01-02 12:47:00+05:30,108.15,109.5,107.7,107.7,442585,6842485
2026-01-02 12:48:00+05:30,107.0,107.1,103.15,103.15,874315,6842485
2026-01-02 12:49:00+05:30,103.4,103.4,100.3,102.5,936195,6842485
2026-01-02 12:50:00+05:30,102.1,104.1,102.1,103.6,654745,6708065
2026-01-02 12:51:00+05:30,102.85,104.2,102.85,104.2,348075,6708065
2026-01-02 12:52:00+05:30,104.1,104.6,103.05,104.6,253305,6708065
2026-01-02 12:53:00+05:30,105.1,105.3,103.15,103.15,545025,6813040
2026-01-02 12:54:00+05:30,103.3,104.2,103.0,103.55,292240,6813040
2026-01-02 12:55:00+05:30,103.65,104.25,103.35,103.8,179530,6813040
2026-01-02 12:56:00+05:30,104.0,105.6,103.5,105.4,352820,7075575
2026-01-02 12:57:00+05:30,105.0,105.45,104.15,104.65,378430,7075575
2026-01-02 12:58:00+05:30,105.0,105.2,103.25,104.6,309075,7075575
2026-01-02 12:59:00+05:30,104.6,105.9,104.1,105.6,308620,7188545
2026-01-02 13:00:00+05:30,105.2,105.45,103.35,104.5,346840,7188545
2026-01-02 13:01:00+05:30,104.25,105.2,104.05,104.55,213200,7188545
2026-01-02 13:02:00+05:30,104.45,104.9,103.35,103.8,212745,7207395
2026-01-02 13:03:00+05:30,103.75,105.1,103.4,105.1,230815,7207395
2026-01-02 13:04:00+05:30,105.25,105.4,104.45,104.45,239265,7207395
2026-01-02 13:05:00+05:30,104.7,107.3,104.5,107.3,535340,7243210
2026-01-02 13:06:00+05:30,106.85,107.0,106.1,106.35,503945,7243210
2026-01-02 13:07:00+05:30,106.45,106.75,105.55,106.5,234455,7243210
2026-01-02 13:08:00+05:30,106.4,106.4,105.4,105.7,191945,7308925
2026-01-02 13:09:00+05:30,105.7,106.85,105.5,105.55,182780,7308925
2026-01-02 13:10:00+05:30,105.5,106.3,104.95,105.9,263835,7308925
2026-01-02 13:11:00+05:30,105.9,107.65,105.9,107.45,347880,7309770
2026-01-02 13:12:00+05:30,107.7,108.1,106.7,106.95,417690,7309770
2026-01-02 13:13:00+05:30,107.0,107.85,106.95,107.6,199875,7309770
2026-01-02 13:14:00+05:30,107.5,108.65,107.0,107.55,387140,7311070
2026-01-02 13:15:00+05:30,107.15,108.4,107.15,108.0,292890,7311070
2026-01-02 13:16:00+05:30,107.65,108.25,106.55,108.0,273325,7311070
2026-01-02 13:17:00+05:30,108.2,108.3,106.5,107.75,638170,7203105
2026-01-02 13:18:00+05:30,107.75,108.85,106.85,107.35,273455,7203105
2026-01-02 13:19:00+05:30,107.6,108.0,106.95,107.9,121030,7203105
2026-01-02 13:20:00+05:30,108.25,108.95,107.45,107.95,302185,7380425
2026-01-02 13:21:00+05:30,107.9,108.7,107.75,108.3,209755,7380425
2026-01-02 13:22:00+05:30,108.55,110.4,108.55,109.85,619385,7380425
2026-01-02 13:23:00+05:30,109.45,111.45,109.45,110.75,697255,7228845
2026-01-02 13:24:00+05:30,110.6,110.9,109.8,110.7,312845,7228845
2026-01-02 13:25:00+05:30,110.85,111.0,109.55,109.65,684320,7228845
2026-01-02 13:26:00+05:30,109.35,109.35,105.3,105.9,830310,6847490
2026-01-02 13:27:00+05:30,106.05,106.65,103.8,104.4,478595,6847490
2026-01-02 13:28:00+05:30,104.0,105.35,103.55,104.6,358410,6847490
2026-01-02 13:29:00+05:30,105.05,105.85,103.8,105.75,277875,6726135
2026-01-02 13:30:00+05:30,105.35,105.45,103.8,104.3,243360,6726135
2026-01-02 13:31:00+05:30,104.95,106.3,104.05,104.35,329485,6726135
2026-01-02 13:32:00+05:30,104.45,106.2,104.2,105.85,242515,6768840
2026-01-02 13:33:00+05:30,105.7,107.05,105.55,107.05,225940,6768840
2026-01-02 13:34:00+05:30,107.2,108.4,106.95,107.75,336570,6768840
2026-01-02 13:35:00+05:30,107.8,109.55,107.8,109.55,429000,6743165
2026-01-02 13:36:00+05:30,109.15,109.85,108.5,108.95,325975,6743165
2026-01-02 13:37:00+05:30,109.05,109.2,107.75,108.2,199745,6743165
2026-01-02 13:38:00+05:30,108.3,108.35,104.15,104.65,502970,6714565
2026-01-02 13:39:00+05:30,105.1,105.95,104.2,105.7,214825,6714565
2026-01-02 13:40:00+05:30,105.75,106.35,104.95,106.1,197860,6714565
2026-01-02 13:41:00+05:30,106.1,107.4,105.2,105.25,242905,6765395
2026-01-02 13:42:00+05:30,105.4,106.6,104.1,106.25,257270,6765395
2026-01-02 13:43:00+05:30,106.5,106.5,105.4,106.05,85930,6765395
2026-01-02 13:44:00+05:30,105.8,106.85,105.55,106.3,102440,6756490
2026-01-02 13:45:00+05:30,106.65,107.95,106.6,107.3,290745,6756490
2026-01-02 13:46:00+05:30,107.1,109.0,107.05,107.95,384995,6756490
2026-01-02 13:47:00+05:30,108.05,108.05,106.0,106.0,208975,6685770
2026-01-02 13:48:00+05:30,106.05,107.5,104.65,106.7,286455,6685770
2026-01-02 13:49:00+05:30,106.8,107.55,105.4,107.55,196040,6685770
2026-01-02 13:50:00+05:30,107.75,107.75,106.55,107.0,209950,6642090
2026-01-02 13:51:00+05:30,107.15,107.95,107.0,107.25,134810,6642090
2026-01-02 13:52:00+05:30,107.2,108.0,106.9,108.0,94445,6642090
2026-01-02 13:53:00+05:30,108.2,111.5,107.9,111.25,566670,6577285
2026-01-02 13:54:00+05:30,111.35,111.35,107.65,107.65,441545,6577285
2026-01-02 13:55:00+05:30,107.85,110.0,107.85,109.8,215215,6577285
2026-01-02 13:56:00+05:30,109.55,110.1,107.9,108.9,306800,6523010
2026-01-02 13:57:00+05:30,109.05,109.05,104.7,104.7,503880,6523010
2026-01-02 13:58:00+05:30,104.65,106.25,104.15,105.75,310050,6523010
2026-01-02 13:59:00+05:30,105.5,105.6,104.65,105.55,199615,6546280
2026-01-02 14:00:00+05:30,105.45,106.8,105.15,106.55,252460,6546280
2026-01-02 14:01:00+05:30,106.55,106.8,105.05,105.8,231270,6546280
2026-01-02 14:02:00+05:30,105.35,107.3,105.25,105.85,241670,6580925
2026-01-02 14:03:00+05:30,106.0,106.4,103.65,104.4,401440,6580925
2026-01-02 14:04:00+05:30,104.6,105.0,103.2,103.95,326170,6580925
2026-01-02 14:05:00+05:30,103.75,104.55,102.6,104.25,368745,6605690
2026-01-02 14:06:00+05:30,104.35,104.45,103.45,104.25,173875,6605690
2026-01-02 14:07:00+05:30,103.75,104.65,103.0,104.65,272155,6605690
2026-01-02 14:08:00+05:30,105.0,106.0,104.6,105.7,378040,6654115
2026-01-02 14:09:00+05:30,105.6,107.0,105.35,106.5,344240,6654115
2026-01-02 14:10:00+05:30,106.7,107.75,105.95,106.5,432900,6654115
2026-01-02 14:11:00+05:30,106.55,107.65,106.0,106.0,213005,6674915
2026-01-02 14:12:00+05:30,106.3,106.35,104.7,105.25,301210,6674915
2026-01-02 14:13:00+05:30,105.1,107.2,104.8,106.95,144300,6674915
2026-01-02 14:14:00+05:30,106.85,107.1,105.65,105.65,195390,6653205
2026-01-02 14:15:00+05:30,105.75,106.95,105.75,106.7,117585,6653205
2026-01-02 14:16:00+05:30,106.65,107.0,106.15,106.35,106730,6653205
2026-01-02 14:17:00+05:30,106.3,107.4,106.25,107.4,231790,6641895
2026-01-02 14:18:00+05:30,107.25,107.65,106.3,107.1,204230,6641895
2026-01-02 14:19:00+05:30,107.0,107.35,106.3,106.75,137475,6641895
2026-01-02 14:20:00+05:30,106.75,108.1,106.2,106.4,309400,6507280
2026-01-02 14:21:00+05:30,106.5,108.45,106.5,107.15,412295,6507280
2026-01-02 14:22:00+05:30,107.25,110.75,107.1,109.9,689975,6507280
2026-01-02 14:23:00+05:30,109.8,110.35,108.35,109.8,445380,6285760
2026-01-02 14:24:00+05:30,109.65,111.0,109.45,110.15,487630,6285760
2026-01-02 14:25:00+05:30,109.8,110.35,107.8,108.85,421395,6285760
2026-01-02 14:26:00+05:30,109.0,109.75,108.15,108.9,174395,6283290
2026-01-02 14:27:00+05:30,108.75,109.2,107.65,108.05,212095,6283290
2026-01-02 14:28:00+05:30,108.45,108.7,107.7,108.0,151580,6283290
2026-01-02 14:29:00+05:30,107.95,108.85,105.1,106.05,469430,6259760
2026-01-02 14:30:00+05:30,106.25,106.7,101.5,101.5,948220,6259760
2026-01-02 14:31:00+05:30,101.65,102.5,100.0,102.0,886860,6259760
2026-01-02 14:32:00+05:30,102.3,102.45,96.6,98.55,1091870,6119035
2026-01-02 14:33:00+05:30,98.4,98.4,97.15,98.3,708370,6119035
2026-01-02 14:34:00+05:30,98.7,99.25,95.35,97.95,924950,6119035
2026-01-02 14:35:00+05:30,97.7,98.5,96.8,97.15,743925,6349460
2026-01-02 14:36:00+05:30,96.35,98.45,95.0,98.4,853840,6349460
2026-01-02 14:37:00+05:30,97.9,98.3,96.9,97.0,443365,6349460
2026-01-02 14:38:00+05:30,96.85,97.4,95.95,97.05,496015,6571110
2026-01-02 14:39:00+05:30,97.1,98.2,94.15,94.15,720135,6571110
2026-01-02 14:40:00+05:30,93.3,95.5,90.8,95.5,1821625,6571110
2026-01-02 14:41:00+05:30,95.2,96.2,95.1,95.95,830310,6819410
2026-01-02 14:42:00+05:30,96.2,96.6,95.05,95.6,705770,6819410
2026-01-02 14:43:00+05:30,95.25,95.75,94.0,94.65,459810,6819410
2026-01-02 14:44:00+05:30,94.4,95.0,94.0,94.55,434525,7073950
2026-01-02 14:45:00+05:30,94.4,94.45,90.6,94.45,1363375,7073950
2026-01-02 14:46:00+05:30,94.15,94.65,92.8,93.3,529880,7073950
2026-01-02 14:47:00+05:30,93.05,93.05,92.05,92.25,436280,7107750
2026-01-02 14:48:00+05:30,92.2,93.85,92.2,93.05,357370,7107750
2026-01-02 14:49:00+05:30,92.8,95.3,91.8,95.3,560365,7107750
2026-01-02 14:50:00+05:30,94.7,97.05,94.55,97.05,1347385,7115550
2026-01-02 14:51:00+05:30,98.25,99.8,98.15,99.4,2066870,7115550
2026-01-02 14:52:00+05:30,99.45,100.2,96.6,97.8,1303120,7115550
2026-01-02 14:53:00+05:30,97.25,99.0,96.55,99.0,633620,7003555
2026-01-02 14:54:00+05:30,98.9,99.8,98.75,99.5,709150,7003555
2026-01-02 14:55:00+05:30,99.5,99.75,97.95,99.75,713245,7003555
2026-01-02 14:56:00+05:30,99.3,100.2,99.0,99.3,706550,6835530
2026-01-02 14:57:00+05:30,99.15,103.0,99.15,101.15,1316315,6835530
2026-01-02 14:58:00+05:30,101.25,102.35,100.85,102.2,577655,6835530
2026-01-02 14:59:00+05:30,102.25,102.65,100.95,101.95,646685,6660550
2026-01-02 15:00:00+05:30,103.55,108.35,103.2,107.85,2565225,6660550
2026-01-02 15:01:00+05:30,105.75,107.3,105.0,106.3,1125475,6660550
2026-01-02 15:02:00+05:30,106.0,107.25,106.0,107.25,481845,6118580
2026-01-02 15:03:00+05:30,107.6,108.2,107.05,107.9,629980,6118580
2026-01-02 15:04:00+05:30,108.25,108.25,104.9,106.0,846430,6118580
2026-01-02 15:05:00+05:30,106.1,107.45,105.65,107.45,525980,5705895
2026-01-02 15:06:00+05:30,107.4,109.0,106.85,108.25,812435,5705895
2026-01-02 15:07:00+05:30,107.7,110.55,107.7,110.55,771615,5705895
2026-01-02 15:08:00+05:30,109.65,109.65,108.1,109.05,678145,5305365
2026-01-02 15:09:00+05:30,109.15,111.65,109.15,111.65,783120,5305365
2026-01-02 15:10:00+05:30,112.5,120.5,112.5,117.75,2104115,5305365
2026-01-02 15:11:00+05:30,118.0,121.2,116.9,120.25,788385,4545190
2026-01-02 15:12:00+05:30,119.7,119.7,112.35,115.6,1112800,4545190
2026-01-02 15:13:00+05:30,115.8,115.8,113.45,114.55,550615,4545190
2026-01-02 15:14:00+05:30,114.45,115.2,111.9,113.1,582855,4234100
2026-01-02 15:15:00+05:30,112.1,112.3,108.55,109.8,943215,4234100
2026-01-02 15:16:00+05:30,109.65,111.35,109.45,111.35,350935,4234100
2026-01-02 15:17:00+05:30,110.8,112.45,110.25,111.9,384150,3963310
2026-01-02 15:18:00+05:30,111.45,111.6,110.05,111.1,260390,3963310
2026-01-02 15:19:00+05:30,111.35,111.35,109.45,111.25,246610,3963310
2026-01-02 15:20:00+05:30,111.4,111.7,110.75,111.35,339950,3846765
2026-01-02 15:21:00+05:30,111.5,112.5,111.4,112.15,293800,3846765
2026-01-02 15:22:00+05:30,112.2,115.5,112.05,115.2,547105,3846765
2026-01-02 15:23:00+05:30,115.0,117.75,115.0,117.75,492570,3607760
2026-01-02 15:24:00+05:30,118.0,118.0,115.65,117.15,367445,3607760
2026-01-02 15:25:00+05:30,117.15,117.6,116.35,117.25,396500,3607760
2026-01-02 15:26:00+05:30,117.55,119.4,117.3,119.35,446940,3340805
2026-01-02 15:27:00+05:30,119.0,120.85,118.85,120.85,404430,3340805
2026-01-02 15:28:00+05:30,120.85,131.3,120.65,131.19,732030,3340805
2026-01-02 15:29:00+05:30,134.19,135.0,125.55,130.1,752115,2807870
2026-01-05 09:15:00+05:30,136.6,154.25,119.3,122.35,1035190,2753010
2026-01-05 09:16:00+05:30,122.15,122.15,110.1,113.5,898235,2753010
2026-01-05 09:17:00+05:30,113.05,121.8,112.1,120.4,692380,2753010
2026-01-05 09:18:00+05:30,116.7,130.55,114.8,123.7,953355,2753010
2026-01-05 09:19:00+05:30,121.25,129.0,120.7,123.45,930150,3070665
2026-01-05 09:20:00+05:30,121.15,123.25,107.25,107.45,952120,3070665
2026-01-05 09:21:00+05:30,107.8,115.25,102.55,112.65,1018225,3070665
2026-01-05 09:22:00+05:30,112.4,115.5,107.25,108.2,667095,3402295
2026-01-05 09:23:00+05:30,109.25,109.6,96.6,98.25,814450,3402295
2026-01-05 09:24:00+05:30,100.15,100.15,94.05,95.35,838630,3402295
2026-01-05 09:25:00+05:30,95.9,102.45,90.75,102.25,1184235,3814525
2026-01-05 09:26:00+05:30,100.6,107.75,100.6,104.65,1140425,3814525
2026-01-05 09:27:00+05:30,104.05,105.55,91.55,93.6,857350,3814525
2026-01-05 09:28:00+05:30,92.4,98.45,88.5,89.8,816595,4105920
2026-01-05 09:29:00+05:30,92.05,94.65,86.0,91.9,897845,4105920
2026-01-05 09:30:00+05:30,91.05,91.85,88.6,90.4,576875,4105920
2026-01-05 09:31:00+05:30,89.65,89.95,82.3,83.15,886145,4449835
2026-01-05 09:32:00+05:30,83.5,85.5,81.0,82.95,926120,4449835
2026-01-05 09:33:00+05:30,82.9,84.4,78.55,79.65,834340,4449835
2026-01-05 09:34:00+05:30,79.15,79.9,74.2,76.84,1537575,4874090
2026-01-05 09:35:00+05:30,76.59,80.55,76.4,76.84,1516450,4874090
2026-01-05 09:36:00+05:30,76.95,77.75,72.15,74.84,1568775,4874090
2026-01-05 09:37:00+05:30,75.05,77.65,74.5,76.2,824590,5898490
2026-01-05 09:38:00+05:30,75.2,79.3,75.2,76.55,1057550,5898490
2026-01-05 09:39:00+05:30,77.55,80.05,77.15,78.05,986115,5898490
2026-01-05 09:40:00+05:30,77.9,87.7,77.9,86.95,2579655,6644365
2026-01-05 09:41:00+05:30,86.7,86.7,77.2,79.4,1754285,6644365
2026-01-05 09:42:00+05:30,79.8,84.3,79.45,82.6,952445,6644365
2026-01-05 09:43:00+05:30,81.15,81.84,77.8,78.25,756405,6831370
2026-01-05 09:44:00+05:30,78.34,79.55,73.65,77.3,1219530,6831370
2026-01-05 09:45:00+05:30,77.45,81.59,75.55,75.55,1092650,6831370
2026-01-05 09:46:00+05:30,76.15,82.1,75.5,81.65,761150,7018310
2026-01-05 09:47:00+05:30,81.5,84.9,77.5,79.2,1358565,7018310
2026-01-05 09:48:00+05:30,80.95,85.0,79.34,83.6,916760,7018310
2026-01-05 09:49:00+05:30,84.65,94.3,84.65,92.95,2288910,6879015
2026-01-05 09:50:00+05:30,94.1,100.75,93.1,98.25,2632500,6879015
2026-01-05 09:51:00+05:30,98.15,99.6,86.75,86.75,1999400,6879015
2026-01-05 09:52:00+05:30,86.95,87.8,78.9,84.75,2069340,6234280
2026-01-05 09:53:00+05:30,84.5,93.7,84.5,90.9,1765660,6234280
2026-01-05 09:54:00+05:30,90.05,96.65,89.05,95.05,1266785,6234280
2026-01-05 09:55:00+05:30,95.2,103.3,93.85,103.3,1620580,6387745
2026-01-05 09:56:00+05:30,101.4,108.85,101.4,105.85,2504840,6387745
2026-01-05 09:57:00+05:30,106.85,106.85,100.65,103.3,1157325,6387745
2026-01-05 09:58:00+05:30,103.85,105.2,99.45,100.1,832910,6034015
2026-01-05 09:59:00+05:30,99.9,107.9,99.9,105.75,943930,6034015
2026-01-05 10:00:00+05:30,105.2,108.95,104.85,104.95,1069640,6034015
2026-01-05 10:01:00+05:30,104.35,108.5,101.0,103.0,961155,5861115
2026-01-05 10:02:00+05:30,103.45,104.6,90.25,90.25,1423760,5861115
2026-01-05 10:03:00+05:30,92.45,100.1,91.9,95.05,1262365,5861115
2026-01-05 10:04:00+05:30,94.9,94.9,86.25,86.9,1136915,5627050
2026-01-05 10:05:00+05:30,85.05,94.8,84.05,94.8,1429155,5627050
2026-01-05 10:06:00+05:30,94.95,107.8,94.15,107.8,1954550,5627050
2026-01-05 10:07:00+05:30,108.7,109.55,104.6,108.5,1554930,5566015
2026-01-05 10:08:00+05:30,108.7,118.5,108.05,117.95,1835275,5566015
2026-01-05 10:09:00+05:30,118.6,120.55,116.6,119.35,1472835,5566015
2026-01-05 10:10:00+05:30,118.9,122.4,117.25,121.6,1082835,4887870
2026-01-05 10:11:00+05:30,121.1,121.1,115.05,115.1,906165,4887870
2026-01-05 10:12:00+05:30,114.65,117.6,114.5,116.75,569010,4887870
2026-01-05 10:13:00+05:30,116.95,121.4,115.25,118.15,581490,4860310
2026-01-05 10:14:00+05:30,118.15,124.55,118.1,122.35,702260,4860310
2026-01-05 10:15:00+05:30,123.15,125.35,119.85,124.5,747890,4860310
2026-01-05 10:16:00+05:30,123.0,126.55,122.0,125.55,756470,4753840
2026-01-05 10:17:00+05:30,124.95,127.45,120.6,127.05,695565,4753840
2026-01-05 10:18:00+05:30,127.4,141.0,126.05,139.69,1572415,4753840
2026-01-05 10:19:00+05:30,138.1,139.75,134.65,136.3,1041560,4123340
2026-01-05 10:20:00+05:30,137.69,138.8,132.1,134.44,683865,4123340
2026-01-05 10:21:00+05:30,134.85,144.1,133.44,143.05,882245,4123340
2026-01-05 10:22:00+05:30,142.25,142.69,139.15,140.44,600405,3911635
2026-01-05 10:23:00+05:30,140.4,142.8,140.3,142.8,394030,3911635
2026-01-05 10:24:00+05:30,145.3,153.0,145.25,150.0,1128075,3911635
2026-01-05 10:25:00+05:30,149.8,151.8,146.35,147.6,579540,3486925
2026-01-05 10:26:00+05:30,146.9,147.65,143.4,146.6,447265,3486925
2026-01-05 10:27:00+05:30,147.1,150.8,145.8,148.3,367835,3486925
2026-01-05 10:28:00+05:30,148.25,149.0,143.4,143.4,391755,3443050
2026-01-05 10:29:00+05:30,143.85,144.6,134.4,136.69,675740,3443050
2026-01-05 10:30:00+05:30,136.3,137.55,133.35,133.35,421005,3443050
2026-01-05 10:31:00+05:30,134.5,140.0,133.55,140.0,438750,3417505
2026-01-05 10:32:00+05:30,138.3,139.35,134.4,138.75,264745,3417505
2026-01-05 10:33:00+05:30,138.85,141.15,134.85,138.0,363870,3417505
2026-01-05 10:34:00+05:30,136.65,137.0,131.25,135.25,339430,3443570
2026-01-05 10:35:00+05:30,135.15,136.9,131.8,133.05,274755,3443570
2026-01-05 10:36:00+05:30,133.8,141.1,133.0,138.9,337740,3443570
2026-01-05 10:37:00+05:30,139.44,142.65,137.9,138.65,329810,3497065
2026-01-05 10:38:00+05:30,139.0,139.0,131.94,134.94,285675,3497065
2026-01-05 10:39:00+05:30,134.3,140.15,133.94,140.15,209885,3497065
2026-01-05 10:40:00+05:30,140.9,140.9,129.3,129.3,372840,3485495
2026-01-05 10:41:00+05:30,130.4,133.55,125.8,126.85,552305,3485495
2026-01-05 10:42:00+05:30,126.75,126.75,120.65,121.15,563160,3485495
2026-01-05 10:43:00+05:30,121.1,122.85,117.0,122.85,620880,3429530
2026-01-05 10:44:00+05:30,122.1,129.6,121.1,129.6,623350,3429530
2026-01-05 10:45:00+05:30,129.25,132.6,125.4,132.6,549705,3429530
2026-01-05 10:46:00+05:30,132.6,137.65,128.4,128.6,703300,3511365
2026-01-05 10:47:00+05:30,127.15,128.05,124.65,124.85,343590,3511365
2026-01-05 10:48:00+05:30,125.2,131.44,125.2,130.5,252590,3511365
2026-01-05 10:49:00+05:30,129.65,134.35,129.65,132.1,206635,3497130
2026-01-05 10:50:00+05:30,131.65,137.0,131.65,132.9,302835,3497130
2026-01-05 10:51:00+05:30,132.19,137.4,132.19,136.75,241540,3497130
2026-01-05 10:52:00+05:30,135.8,140.0,135.69,137.25,403715,3459365
2026-01-05 10:53:00+05:30,138.0,138.69,135.3,137.1,179790,3459365
2026-01-05 10:54:00+05:30,137.1,137.3,133.4,133.4,190060,3459365
2026-01-05 10:55:00+05:30,133.85,138.1,133.35,136.44,185185,3418415
2026-01-05 10:56:00+05:30,136.55,137.5,132.55,132.55,160550,3418415
2026-01-05 10:57:00+05:30,132.05,136.44,130.44,135.6,268515,3418415
2026-01-05 10:58:00+05:30,135.6,138.6,133.6,133.85,204100,3378700
2026-01-05 10:59:00+05:30,133.4,134.55,127.25,128.8,279825,3378700
2026-01-05 11:00:00+05:30,126.95,130.5,126.35,129.05,273650,3378700
2026-01-05 11:01:00+05:30,129.4,134.35,127.75,134.35,230165,3407365
2026-01-05 11:02:00+05:30,133.94,140.5,132.44,139.9,468195,3407365
2026-01-05 11:03:00+05:30,139.94,140.3,136.6,136.9,309660,3407365
2026-01-05 11:04:00+05:30,137.05,142.6,136.0,139.55,396500,3362255
2026-01-05 11:05:00+05:30,139.55,140.6,137.0,137.1,188890,3362255
2026-01-05 11:06:00+05:30,137.15,137.44,131.05,133.94,334555,3362255
2026-01-05 11:07:00+05:30,134.3,135.19,127.7,128.65,259155,3354845
2026-01-05 11:08:00+05:30,128.44,131.8,126.9,131.55,218530,3354845
2026-01-05 11:09:00+05:30,131.19,132.85,128.69,128.69,179595,3354845
2026-01-05 11:10:00+05:30,129.6,131.44,125.75,128.15,279760,3399305
2026-01-05 11:11:00+05:30,128.85,134.35,128.0,133.8,168285,3399305
2026-01-05 11:12:00+05:30,134.05,136.5,132.15,132.5,233675,3399305
2026-01-05 11:13:00+05:30,132.9,135.3,132.3,134.65,136305,3368235
2026-01-05 11:14:00+05:30,133.05,136.5,133.05,135.94,142740,3368235
2026-01-05 11:15:00+05:30,135.9,137.15,129.69,129.69,257920,3368235
2026-01-05 11:16:00+05:30,130.44,130.6,126.7,126.7,246870,3330145
2026-01-05 11:17:00+05:30,125.75,131.44,124.4,128.4,476970,3330145
2026-01-05 11:18:00+05:30,128.85,131.69,127.6,131.35,147550,3330145
2026-01-05 11:19:00+05:30,131.19,131.19,124.85,125.15,240305,3398265
2026-01-05 11:20:00+05:30,124.7,126.3,123.4,125.35,235105,3398265
2026-01-05 11:21:00+05:30,125.75,125.95,120.25,123.35,280670,3398265
2026-01-05 11:22:00+05:30,123.6,123.6,119.1,119.45,282360,3442530
2026-01-05 11:23:00+05:30,119.0,119.0,104.0,104.65,1048840,3442530
2026-01-05 11:24:00+05:30,104.7,109.25,101.25,101.25,995540,3442530
2026-01-05 11:25:00+05:30,102.45,110.6,100.25,109.35,948935,3706040
2026-01-05 11:26:00+05:30,108.75,109.8,101.75,101.95,516685,3706040
2026-01-05 11:27:00+05:30,102.05,107.2,97.75,106.65,806325,3706040
2026-01-05 11:28:00+05:30,106.75,109.45,106.65,108.4,366925,3810040
2026-01-05 11:29:00+05:30,105.15,112.0,105.15,109.2,624195,3810040
2026-01-05 11:30:00+05:30,108.8,111.1,107.4,108.3,409240,3810040
2026-01-05 11:31:00+05:30,107.85,113.75,107.85,110.35,511550,3851250
2026-01-05 11:32:00+05:30,110.3,113.8,105.75,105.75,489190,3851250
2026-01-05 11:33:00+05:30,104.9,107.35,101.5,102.65,492050,3851250
2026-01-05 11:34:00+05:30,102.45,105.1,98.85,100.85,495170,3908190
2026-01-05 11:35:00+05:30,101.65,102.0,97.95,100.05,472680,3908190
2026-01-05 11:36:00+05:30,105.3,107.8,103.35,105.05,584870,3908190
2026-01-05 11:37:00+05:30,104.75,106.95,104.2,104.6,295295,3938935
2026-01-05 11:38:00+05:30,104.4,105.7,102.95,104.05,225485,3938935
2026-01-05 11:39:00+05:30,104.2,106.85,102.35,105.25,238355,3938935
2026-01-05 11:40:00+05:30,105.6,110.0,105.45,105.9,405600,3917420
2026-01-05 11:41:00+05:30,106.0,111.6,105.5,111.6,286975,3917420
2026-01-05 11:42:00+05:30,112.8,119.0,110.3,110.8,1048320,3917420
2026-01-05 11:43:00+05:30,110.7,114.0,108.5,112.9,446875,3843385
2026-01-05 11:44:00+05:30,113.3,116.35,110.75,116.35,313300,3843385
2026-01-05 11:45:00+05:30,115.85,117.15,115.3,115.5,428220,3843385
2026-01-05 11:46:00+05:30,115.1,115.1,108.35,111.8,421655,3882970
2026-01-05 11:47:00+05:30,112.0,116.35,112.0,116.05,317850,3882970
2026-01-05 11:48:00+05:30,115.15,116.7,112.8,114.8,256490,3882970
2026-01-05 11:49:00+05:30,114.7,118.9,114.5,116.05,377975,3856970
2026-01-05 11:50:00+05:30,115.75,119.0,115.75,116.0,255255,3856970
2026-01-05 11:51:00+05:30,115.55,116.0,112.05,112.05,260455,3856970
2026-01-05 11:52:00+05:30,111.9,111.9,106.95,107.65,430105,3842280
2026-01-05 11:53:00+05:30,107.2,108.4,104.5,106.1,352040,3842280
2026-01-05 11:54:00+05:30,105.65,107.4,103.6,104.2,307580,3842280
2026-01-05 11:55:00+05:30,104.05,107.55,103.9,107.35,234975,3896490
2026-01-05 11:56:00+05:30,107.4,109.05,105.95,106.4,210535,3896490
2026-01-05 11:57:00+05:30,106.2,106.3,103.85,105.4,199420,3896490
2026-01-05 11:58:00+05:30,105.35,113.65,105.1,113.45,389025,3905265
2026-01-05 11:59:00+05:30,114.4,114.4,107.0,108.5,443040,3905265
2026-01-05 12:00:00+05:30,108.45,110.65,107.75,107.75,199875,3905265
2026-01-05 12:01:00+05:30,106.4,107.05,98.7,98.7,698880,3985475
2026-01-05 12:02:00+05:30,98.4,99.55,94.0,98.05,820690,3985475
2026-01-05 12:03:00+05:30,97.9,98.5,94.75,96.8,466765,3985475
2026-01-05 12:04:00+05:30,96.95,99.7,96.95,99.55,383175,4128085
2026-01-05 12:05:00+05:30,98.95,101.7,98.4,99.15,371670,4128085
2026-01-05 12:06:00+05:30,99.0,105.7,98.85,104.7,389285,4128085
2026-01-05 12:07:00+05:30,103.95,104.45,97.6,98.75,356005,4170205
2026-01-05 12:08:00+05:30,99.3,99.65,94.95,98.9,533780,4170205
2026-01-05 12:09:00+05:30,98.6,101.4,97.35,100.85,245895,4170205
2026-01-05 12:10:00+05:30,101.35,104.95,101.35,103.45,436150,4210765
2026-01-05 12:11:00+05:30,103.35,103.35,98.7,100.55,273845,4210765
2026-01-05 12:12:00+05:30,100.65,107.95,100.25,107.75,456300,4210765
2026-01-05 12:13:00+05:30,107.45,108.75,104.4,107.3,462085,4109170
2026-01-05 12:14:00+05:30,107.25,110.05,105.8,110.0,296400,4109170
2026-01-05 12:15:00+05:30,110.55,113.55,108.2,109.75,517920,4109170
2026-01-05 12:16:00+05:30,108.9,110.6,108.1,110.1,209560,4102150
2026-01-05 12:17:00+05:30,110.6,115.15,110.05,112.2,594425,4102150
2026-01-05 12:18:00+05:30,111.7,113.5,110.5,111.5,249730,4102150
2026-01-05 12:19:00+05:30,112.05,114.25,108.85,112.95,368810,4075110
2026-01-05 12:20:00+05:30,113.0,115.95,112.45,115.9,327990,4075110
2026-01-05 12:21:00+05:30,114.9,116.5,111.9,112.55,494325,4075110
2026-01-05 12:22:00+05:30,112.25,114.55,109.95,110.45,285415,4002245
2026-01-05 12:23:00+05:30,110.7,111.6,108.55,109.95,257920,4002245
2026-01-05 12:24:00+05:30,110.6,114.25,110.6,113.5,223405,4002245
2026-01-05 12:25:00+05:30,112.4,113.1,110.2,111.15,196950,4019145
2026-01-05 12:26:00+05:30,111.45,112.65,109.0,112.45,192010,4019145
2026-01-05 12:27:00+05:30,112.35,114.25,111.0,111.3,207740,4019145
2026-01-05 12:28:00+05:30,110.75,111.2,108.2,108.75,232960,3982745
2026-01-05 12:29:00+05:30,108.55,112.0,108.15,112.0,170430,3982745
2026-01-05 12:30:00+05:30,111.7,115.95,111.7,113.7,355420,3982745
2026-01-05 12:31:00+05:30,113.65,116.2,109.25,111.35,402480,3983005
2026-01-05 12:32:00+05:30,111.8,112.05,108.4,108.4,198705,3983005
2026-01-05 12:33:00+05:30,108.7,109.9,107.65,109.35,189605,3983005
2026-01-05 12:34:00+05:30,109.0,110.7,108.05,109.15,155935,4037280
2026-01-05 12:35:00+05:30,108.95,113.2,108.95,109.2,233740,4037280
2026-01-05 12:36:00+05:30,109.25,112.25,109.0,112.05,144950,4037280
2026-01-05 12:37:00+05:30,111.9,116.55,110.5,112.6,305500,3952000
2026-01-05 12:38:00+05:30,114.85,117.5,113.85,114.95,462995,3952000
2026-01-05 12:39:00+05:30,115.7,116.0,109.35,109.35,298935,3952000
2026-01-05 12:40:00+05:30,109.05,109.9,106.45,109.9,520390,3960255
2026-01-05 12:41:00+05:30,109.9,112.4,108.7,108.9,307255,3960255
2026-01-05 12:42:00+05:30,109.05,109.05,105.0,106.65,352495,3960255
2026-01-05 12:43:00+05:30,107.15,107.15,104.2,104.45,244855,3956160
2026-01-05 12:44:00+05:30,104.2,108.4,104.15,107.5,200850,3956160
2026-01-05 12:45:00+05:30,107.35,107.5,103.9,105.05,248430,3956160
2026-01-05 12:46:00+05:30,104.6,108.5,104.25,107.6,184535,3974295
2026-01-05 12:47:00+05:30,107.65,108.0,103.15,103.15,234065,3974295
2026-01-05 12:48:00+05:30,103.55,107.4,102.9,106.7,218530,3974295
2026-01-05 12:49:00+05:30,105.9,109.8,105.0,109.25,168545,3974295
2026-01-05 12:50:00+05:30,109.45,113.25,109.45,112.9,417300,3935490
2026-01-05 12:51:00+05:30,112.45,121.6,112.45,121.6,690755,3935490
2026-01-05 12:52:00+05:30,120.95,123.7,115.75,116.5,763750,3935490
2026-01-05 12:53:00+05:30,115.9,116.6,110.85,111.7,478205,3856125
2026-01-05 12:54:00+05:30,112.25,115.2,110.55,115.15,279045,3856125
2026-01-05 12:55:00+05:30,115.2,117.7,113.65,114.0,356070,3856125
2026-01-05 12:56:00+05:30,113.6,115.65,110.75,115.05,296205,3887715
2026-01-05 12:57:00+05:30,115.2,115.55,112.3,113.6,158405,3887715
2026-01-05 12:58:00+05:30,113.35,113.35,104.65,104.75,619515,3887715
2026-01-05 12:59:00+05:30,105.05,107.0,103.2,105.25,394225,3956940
2026-01-05 13:00:00+05:30,104.85,106.85,104.55,105.45,241930,3956940
2026-01-05 13:01:00+05:30,106.5,107.75,104.9,104.9,191945,3956940
2026-01-05 13:02:00+05:30,105.05,106.4,103.8,103.8,186225,4069195
2026-01-05 13:03:00+05:30,103.1,104.25,99.15,103.0,633880,4069195
2026-01-05 13:04:00+05:30,103.35,104.0,101.25,101.6,190320,4069195
2026-01-05 13:05:00+05:30,101.9,102.5,99.35,100.65,321880,4043910
2026-01-05 13:06:00+05:30,100.8,100.8,96.25,99.55,490100,4043910
2026-01-05 13:07:00+05:30,99.95,101.5,99.85,100.35,321100,4043910
2026-01-05 13:08:00+05:30,100.15,100.15,96.3,96.3,238810,4185220
2026-01-05 13:09:00+05:30,97.15,98.1,94.6,96.0,413010,4185220
2026-01-05 13:10:00+05:30,95.1,96.2,92.05,94.3,665210,4185220
2026-01-05 13:11:00+05:30,94.75,95.05,92.0,93.5,431470,4408820
2026-01-05 13:12:00+05:30,92.8,93.9,86.35,88.45,873470,4408820
2026-01-05 13:13:00+05:30,88.25,91.75,87.45,89.45,677105,4408820
2026-01-05 13:14:00+05:30,89.6,90.4,87.1,87.1,368225,4665505
2026-01-05 13:15:00+05:30,83.2,84.25,80.34,82.7,1481610,4665505
2026-01-05 13:16:00+05:30,83.45,83.45,78.5,79.65,831155,4665505
2026-01-05 13:17:00+05:30,79.84,79.95,78.0,78.84,612040,5148975
2026-01-05 13:18:00+05:30,79.2,82.55,77.7,81.4,738530,5148975
2026-01-05 13:19:00+05:30,81.65,84.4,81.59,82.95,767845,5148975
2026-01-05 13:20:00+05:30,82.8,82.9,81.3,82.25,341055,5573945
2026-01-05 13:21:00+05:30,82.2,82.2,78.59,80.9,613210,5573945
2026-01-05 13:22:00+05:30,81.09,83.2,80.9,82.55,454285,5573945
2026-01-05 13:23:00+05:30,82.9,84.75,82.2,82.95,582790,5720650
2026-01-05 13:24:00+05:30,83.25,87.0,83.25,86.5,962195,5720650
2026-01-05 13:25:00+05:30,86.95,88.9,85.35,85.75,781170,5720650
2026-01-05 13:26:00+05:30,85.45,87.35,82.2,82.5,637195,5660980
2026-01-05 13:27:00+05:30,82.9,84.95,82.45,83.25,371215,5660980
2026-01-05 13:28:00+05:30,82.4,82.4,78.3,78.3,775190,5660980
2026-01-05 13:29:00+05:30,77.55,78.5,73.3,78.5,1550250,5711940
2026-01-05 13:30:00+05:30,77.05,77.75,73.45,73.45,759005,5711940
2026-01-05 13:31:00+05:30,73.84,75.65,71.95,75.45,1092780,5711940
2026-01-05 13:32:00+05:30,75.45,77.09,72.8,73.4,812370,6076915
2026-01-05 13:33:00+05:30,73.8,75.59,72.84,75.59,502190,6076915
2026-01-05 13:34:00+05:30,75.34,75.95,73.05,74.4,539500,6076915
2026-01-05 13:35:00+05:30,73.15,75.09,70.3,74.15,846950,6500390
2026-01-05 13:36:00+05:30,75.0,75.0,70.65,71.0,724295,6500390
2026-01-05 13:37:00+05:30,70.84,74.25,68.2,70.25,1115725,6500390
2026-01-05 13:38:00+05:30,70.09,73.65,70.09,73.65,626535,6704100
2026-01-05 13:39:00+05:30,73.45,73.65,69.8,70.5,756860,6704100
2026-01-05 13:40:00+05:30,70.45,72.65,68.0,70.8,827645,6704100
2026-01-05 13:41:00+05:30,70.8,72.3,70.25,71.75,493155,7094295
2026-01-05 13:42:00+05:30,72.4,73.55,70.45,72.9,668590,7094295
2026-01-05 13:43:00+05:30,72.55,74.09,72.4,73.95,593320,7094295
2026-01-05 13:44:00+05:30,75.3,78.84,75.3,78.7,1511575,7095920
2026-01-05 13:45:00+05:30,77.5,77.5,71.4,73.05,1369550,7095920
2026-01-05 13:46:00+05:30,73.4,74.59,70.9,72.0,834535,7095920
2026-01-05 13:47:00+05:30,72.25,73.3,69.5,71.15,809835,7282925
2026-01-05 13:48:00+05:30,71.55,71.8,68.45,70.55,656760,7282925
2026-01-05 13:49:00+05:30,69.95,70.2,59.25,59.45,2013375,7282925
2026-01-05 13:50:00+05:30,58.95,59.2,53.0,53.35,4046900,6998745
2026-01-05 13:51:00+05:30,53.5,56.6,51.15,55.7,3140670,6998745
2026-01-05 13:52:00+05:30,55.45,55.45,52.25,52.75,1935440,6998745
2026-01-05 13:53:00+05:30,52.8,52.9,51.35,51.35,2434185,8555430
2026-01-05 13:54:00+05:30,51.9,53.35,51.65,52.15,1841255,8555430
2026-01-05 13:55:00+05:30,52.15,54.7,51.85,51.85,1831180,8555430
2026-01-05 13:56:00+05:30,51.9,52.65,51.1,52.1,1128985,9796800
2026-01-05 13:57:00+05:30,52.1,52.1,48.3,51.8,2709655,9796800
2026-01-05 13:58:00+05:30,51.75,52.3,50.55,51.2,1468090,9796800
2026-01-05 13:59:00+05:30,51.15,51.15,46.75,47.8,2013765,10727795
2026-01-05 14:00:00+05:30,47.55,48.6,45.0,47.4,3833895,10727795
2026-01-05 14:01:00+05:30,47.15,47.15,42.75,42.95,3629860,10727795
2026-01-05 14:02:00+05:30,43.0,43.0,38.79,39.35,5413460,12530570
2026-01-05 14:03:00+05:30,39.45,40.2,36.1,36.35,4340180,12530570
2026-01-05 14:04:00+05:30,37.7,38.35,36.54,37.25,4113785,12530570
2026-01-05 14:05:00+05:30,37.54,37.7,32.15,33.04,4964895,15414360
2026-01-05 14:06:00+05:30,33.35,37.54,33.15,37.1,4628650,15414360
2026-01-05 14:07:00+05:30,37.0,38.2,36.35,36.45,3885180,15414360
2026-01-05 14:08:00+05:30,36.6,37.29,35.4,35.4,2256215,17413240
2026-01-05 14:09:00+05:30,35.29,37.2,34.65,37.15,2366975,17413240
2026-01-05 14:10:00+05:30,36.85,38.5,35.85,37.04,2699905,17413240
2026-01-05 14:11:00+05:30,37.2,37.5,35.95,36.35,1836445,18350995
2026-01-05 14:12:00+05:30,36.25,38.29,36.25,37.5,2220335,18350995
2026-01-05 14:13:00+05:30,37.25,38.04,35.15,36.5,2095860,18350995
2026-01-05 14:14:00+05:30,36.29,37.29,36.29,36.35,1494350,19119100
2026-01-05 14:15:00+05:30,36.29,37.79,36.15,36.85,1256190,19119100
2026-01-05 14:16:00+05:30,37.04,38.95,36.65,37.85,2437565,19119100
2026-01-05 14:17:00+05:30,37.7,37.9,35.95,35.95,2064075,19948240
2026-01-05 14:18:00+05:30,36.45,36.95,35.54,36.0,1456975,19948240
2026-01-05 14:19:00+05:30,36.04,36.54,34.9,34.95,1900860,19948240
2026-01-05 14:20:00+05:30,34.5,35.5,33.25,34.45,2909140,19815705
2026-01-05 14:21:00+05:30,34.29,34.29,31.55,32.79,3351140,19815705
2026-01-05 14:22:00+05:30,32.54,34.35,32.15,34.29,1798160,19815705
2026-01-05 14:23:00+05:30,34.7,36.1,34.65,35.7,2300675,20435545
2026-01-05 14:24:00+05:30,35.65,38.75,35.65,37.85,3871855,20435545
2026-01-05 14:25:00+05:30,38.0,38.85,36.35,38.5,4164355,20435545
2026-01-05 14:26:00+05:30,38.65,39.04,36.0,36.54,3241745,20335575
2026-01-05 14:27:00+05:30,36.45,38.6,36.45,37.95,1758510,20335575
2026-01-05 14:28:00+05:30,37.95,38.5,36.7,38.5,1270295,20335575
2026-01-05 14:29:00+05:30,38.35,39.25,35.0,35.7,3155035,20231445
2026-01-05 14:30:00+05:30,36.0,38.65,35.75,38.5,2038530,20231445
2026-01-05 14:31:00+05:30,37.65,39.45,37.65,39.25,2504255,20231445
2026-01-05 14:32:00+05:30,39.15,40.35,38.79,38.9,4081025,20358910
2026-01-05 14:33:00+05:30,38.79,40.7,38.0,39.5,2906800,20358910
2026-01-05 14:34:00+05:30,39.85,40.29,39.0,40.2,1887210,20358910
2026-01-05 14:35:00+05:30,40.25,40.4,37.75,38.5,3032185,20495085
2026-01-05 14:36:00+05:30,38.45,40.35,38.29,40.35,1679210,20495085
2026-01-05 14:37:00+05:30,40.0,41.2,37.35,37.35,2997865,20495085
2026-01-05 14:38:00+05:30,37.0,38.2,35.2,35.2,3324165,20032870
2026-01-05 14:39:00+05:30,35.1,37.54,35.1,35.7,2155790,20032870
2026-01-05 14:40:00+05:30,36.0,38.75,35.65,38.75,1493765,20032870
2026-01-05 14:41:00+05:30,38.75,42.05,38.75,40.5,4603495,19735625
2026-01-05 14:42:00+05:30,40.95,42.0,40.29,41.2,2458755,19735625
2026-01-05 14:43:00+05:30,41.3,44.05,39.4,44.05,2919800,19735625
2026-01-05 14:44:00+05:30,43.05,44.6,41.65,43.5,4512235,19429800
2026-01-05 14:45:00+05:30,44.6,44.75,43.0,44.3,2977975,19429800
2026-01-05 14:46:00+05:30,44.1,46.25,43.35,44.25,3665415,19429800
2026-01-05 14:47:00+05:30,44.15,45.05,42.0,42.5,3093155,18869890
2026-01-05 14:48:00+05:30,42.8,44.0,41.95,43.75,1599065,18869890
2026-01-05 14:49:00+05:30,43.85,44.1,41.8,43.5,1670565,18869890
2026-01-05 14:50:00+05:30,43.8,43.85,41.6,43.05,1746160,18857345
2026-01-05 14:51:00+05:30,42.75,49.6,42.75,49.6,5498545,18857345
2026-01-05 14:52:00+05:30,49.9,52.55,46.0,46.6,7725055,18857345
2026-01-05 14:53:00+05:30,46.65,47.0,44.25,46.25,3185130,17541095
2026-01-05 14:54:00+05:30,46.05,48.4,45.3,48.4,2065180,17541095
2026-01-05 14:55:00+05:30,48.45,50.35,46.35,46.5,3236480,17541095
2026-01-05 14:56:00+05:30,46.8,48.25,46.8,47.9,1477060,17258345
2026-01-05 14:57:00+05:30,48.6,50.4,47.2,49.8,1964950,17258345
2026-01-05 14:58:00+05:30,49.85,49.85,48.35,49.4,1454765,17258345
2026-01-05 14:59:00+05:30,49.6,52.85,49.15,50.35,2605330,17197440
2026-01-05 15:00:00+05:30,51.5,51.5,42.85,43.7,6019650,17197440
2026-01-05 15:01:00+05:30,43.95,45.55,41.9,42.45,3371680,17197440
2026-01-05 15:02:00+05:30,43.9,44.65,42.0,42.85,2024620,15858050
2026-01-05 15:03:00+05:30,42.9,48.55,42.5,48.55,2919930,15858050
2026-01-05 15:04:00+05:30,47.5,48.05,43.7,44.35,2521870,15858050
2026-01-05 15:05:00+05:30,43.1,43.6,40.29,40.54,3134430,15746250
2026-01-05 15:06:00+05:30,40.85,43.45,40.85,42.8,1835080,15746250
2026-01-05 15:07:00+05:30,42.75,42.9,38.6,39.35,2706990,15746250
2026-01-05 15:08:00+05:30,39.45,39.45,36.45,37.0,2925065,14493505
2026-01-05 15:09:00+05:30,37.2,39.1,37.04,38.1,2072720,14493505
2026-01-05 15:10:00+05:30,38.15,38.2,36.45,36.9,1833130,14493505
2026-01-05 15:11:00+05:30,36.9,37.79,36.4,37.35,1661010,14728155
2026-01-05 15:12:00+05:30,37.25,37.75,35.4,35.7,1941355,14728155
2026-01-05 15:13:00+05:30,34.95,37.95,34.4,37.95,2900365,14728155
2026-01-05 15:14:00+05:30,37.95,39.15,37.65,38.1,2258555,14125735
2026-01-05 15:15:00+05:30,38.15,38.15,36.45,37.0,1730820,14125735
2026-01-05 15:16:00+05:30,36.7,37.04,36.1,36.7,1183000,14125735
2026-01-05 15:17:00+05:30,36.54,36.75,35.1,36.0,1716455,13768105
2026-01-05 15:18:00+05:30,35.7,36.65,34.5,36.25,2213900,13768105
2026-01-05 15:19:00+05:30,36.25,36.95,35.95,36.5,1413165,13768105
2026-01-05 15:20:00+05:30,36.85,36.85,35.29,35.4,1527305,13742560
2026-01-05 15:21:00+05:30,35.35,35.79,34.85,35.15,1427270,13742560
2026-01-05 15:22:00+05:30,34.9,35.4,33.95,34.0,2458365,13742560
2026-01-05 15:23:00+05:30,34.0,34.0,32.4,32.6,2468700,12705615
2026-01-05 15:24:00+05:30,32.75,34.75,32.6,34.45,2091895,12705615
2026-01-05 15:25:00+05:30,35.1,36.45,34.79,36.45,2079480,12705615
2026-01-05 15:26:00+05:30,36.75,36.9,35.75,35.75,1627535,11718135
2026-01-05 15:27:00+05:30,35.75,35.85,34.4,34.4,1323985,11718135
2026-01-05 15:28:00+05:30,34.79,35.65,34.5,34.85,1841580,11718135
2026-01-05 15:29:00+05:30,35.25,35.29,34.0,34.1,2708615,10174840
2026-01-06 09:15:00+05:30,34.0,51.75,20.85,46.4,10705565,9952605
2026-01-06 09:16:00+05:30,45.2,45.2,33.9,33.9,10762960,11323130
2026-01-06 09:17:00+05:30,31.9,34.6,31.05,33.0,7368075,11323130
2026-01-06 09:18:00+05:30,33.0,37.1,32.7,33.0,6092515,11323130
2026-01-06 09:19:00+05:30,33.75,34.9,26.1,26.85,8994050,16321890
2026-01-06 09:20:00+05:30,26.2,27.1,23.1,24.95,7812805,16321890
2026-01-06 09:21:00+05:30,25.5,28.15,23.8,23.8,5432895,16321890
2026-01-06 09:22:00+05:30,24.4,26.5,23.2,25.5,4837690,20766330
2026-01-06 09:23:00+05:30,24.65,26.05,24.0,24.7,3789045,20766330
2026-01-06 09:24:00+05:30,24.6,24.6,22.95,23.95,4397575,20766330
2026-01-06 09:25:00+05:30,23.85,23.85,20.7,22.2,5079165,22976200
2026-01-06 09:26:00+05:30,22.15,23.05,20.39,21.8,3659110,22976200
2026-01-06 09:27:00+05:30,21.8,21.9,20.35,20.39,3385265,22976200
2026-01-06 09:28:00+05:30,20.9,20.9,16.3,16.75,8304855,24806210
2026-01-06 09:29:00+05:30,16.89,17.6,16.14,16.8,6830720,24806210
2026-01-06 09:30:00+05:30,16.89,18.2,16.89,17.85,4415840,24806210
2026-01-06 09:31:00+05:30,17.55,18.8,17.55,17.55,3843190,26164840
2026-01-06 09:32:00+05:30,17.35,22.8,17.2,20.35,6390410,26164840
2026-01-06 09:33:00+05:30,20.3,27.3,20.3,27.15,10627370,26164840
2026-01-06 09:34:00+05:30,28.35,30.8,25.15,26.5,11950055,26353535
2026-01-06 09:35:00+05:30,26.9,32.04,26.9,29.35,13543335,26353535
2026-01-06 09:36:00+05:30,28.35,29.65,25.35,27.45,8298420,26353535
2026-01-06 09:37:00+05:30,28.05,29.3,23.3,24.95,7113340,26403520
2026-01-06 09:38:00+05:30,24.65,27.6,22.7,22.7,6335095,26403520
2026-01-06 09:39:00+05:30,22.85,24.1,20.1,21.95,7212725,26403520
2026-01-06 09:40:00+05:30,21.75,23.4,19.7,23.05,6182475,27534780
2026-01-06 09:41:00+05:30,22.25,23.15,21.15,21.5,4007250,27534780
2026-01-06 09:42:00+05:30,21.15,21.3,18.85,21.1,5015920,27534780
2026-01-06 09:43:00+05:30,21.0,22.25,19.95,20.0,3154125,28415140
2026-01-06 09:44:00+05:30,20.7,21.65,19.6,19.95,2836925,28415140
2026-01-06 09:45:00+05:30,19.75,25.35,19.75,23.4,6828705,28415140
2026-01-06 09:46:00+05:30,23.7,27.25,23.7,25.05,7251335,29902145
2026-01-06 09:47:00+05:30,25.65,28.75,25.5,28.45,7204795,29902145
2026-01-06 09:48:00+05:30,29.6,30.05,27.0,27.65,6980285,29902145
2026-01-06 09:49:00+05:30,27.45,30.85,27.15,30.1,5747625,28686060
2026-01-06 09:50:00+05:30,30.5,31.35,27.3,29.85,7509840,28686060
2026-01-06 09:51:00+05:30,29.75,30.75,29.1,29.45,5364060,28686060
2026-01-06 09:52:00+05:30,29.75,30.45,28.15,30.15,4297475,28719275
2026-01-06 09:53:00+05:30,30.15,34.2,29.8,31.25,9665045,28719275
2026-01-06 09:54:00+05:30,31.05,31.55,27.95,29.85,6203730,28719275
2026-01-06 09:55:00+05:30,29.55,35.2,29.55,34.6,10128755,28904785
2026-01-06 09:56:00+05:30,35.75,41.6,35.75,41.6,12906465,28904785
2026-01-06 09:57:00+05:30,40.45,40.54,35.2,36.75,9396855,28904785
2026-01-06 09:58:00+05:30,36.2,41.1,36.15,40.95,6385795,25948455
2026-01-06 09:59:00+05:30,40.6,43.0,40.2,42.1,9713925,25948455
2026-01-06 10:00:00+05:30,42.5,52.05,42.5,46.2,16493750,25948455
2026-01-06 10:01:00+05:30,45.5,48.55,43.75,43.75,6578260,21662615
2026-01-06 10:02:00+05:30,43.25,48.55,41.95,48.1,6655285,21662615
2026-01-06 10:03:00+05:30,48.2,48.2,44.55,45.1,3923985,21662615
2026-01-06 10:04:00+05:30,45.8,46.95,42.5,42.5,3821935,21536320
2026-01-06 10:05:00+05:30,41.65,41.75,33.6,33.79,10025665,21536320
2026-01-06 10:06:00+05:30,34.1,39.79,34.1,39.29,5670145,21536320
2026-01-06 10:07:00+05:30,39.15,39.85,36.7,36.79,4596475,21957715
2026-01-06 10:08:00+05:30,36.79,38.4,35.45,36.15,3355820,21957715
2026-01-06 10:09:00+05:30,37.29,37.29,35.25,35.95,2912845,21957715
2026-01-06 10:10:00+05:30,36.15,38.65,31.1,38.0,7667985,23502765
2026-01-06 10:11:00+05:30,38.0,38.5,34.29,34.29,4324255,23502765
2026-01-06 10:12:00+05:30,33.5,35.5,32.65,34.75,3124485,23502765
2026-01-06 10:13:00+05:30,34.9,37.75,34.9,36.85,3024060,24485565
2026-01-06 10:14:00+05:30,36.85,38.2,34.6,34.6,3346005,24485565
2026-01-06 10:15:00+05:30,35.35,35.75,32.79,34.9,4013620,24485565
2026-01-06 10:16:00+05:30,35.0,35.7,32.9,34.29,2929550,25695995
2026-01-06 10:17:00+05:30,34.9,38.1,34.79,38.04,4617470,25695995
2026-01-06 10:18:00+05:30,37.75,39.95,32.29,32.29,6534190,25695995
2026-01-06 10:19:00+05:30,32.65,32.75,27.3,28.45,9582430,25652900
2026-01-06 10:20:00+05:30,27.9,29.85,27.0,27.45,5642455,25652900
2026-01-06 10:21:00+05:30,27.9,29.1,26.15,29.1,5160415,25652900
2026-01-06 10:22:00+05:30,29.3,29.35,26.85,27.35,4002895,26093210
2026-01-06 10:23:00+05:30,27.7,28.6,24.9,25.15,4896515,26093210
2026-01-06 10:24:00+05:30,24.95,25.0,22.9,23.15,6354140,26093210
2026-01-06 10:25:00+05:30,22.95,25.8,22.95,23.35,4613765,27305720
2026-01-06 10:26:00+05:30,23.2,25.45,23.2,24.15,2925910,27305720
2026-01-06 10:27:00+05:30,24.35,25.2,22.85,22.85,3291405,27305720
2026-01-06 10:28:00+05:30,23.3,25.55,22.65,25.05,3644485,29090945
2026-01-06 10:29:00+05:30,25.45,25.75,22.45,23.0,4097340,29090945
2026-01-06 10:30:00+05:30,22.9,24.05,22.35,22.7,3440190,29090945
2026-01-06 10:31:00+05:30,22.7,25.0,22.15,23.0,4193085,30506645
2026-01-06 10:32:00+05:30,23.9,26.85,23.45,23.6,6768515,30506645
2026-01-06 10:33:00+05:30,24.2,24.35,21.5,23.25,5919355,30506645
2026-01-06 10:34:00+05:30,23.65,26.15,23.65,24.2,5039320,30916015
2026-01-06 10:35:00+05:30,24.25,24.25,22.5,22.5,3178370,30916015
2026-01-06 10:36:00+05:30,22.75,23.0,18.85,19.7,8726055,30916015
2026-01-06 10:37:00+05:30,19.0,19.95,14.95,15.05,13138320,32143410
2026-01-06 10:38:00+05:30,15.1,17.05,14.2,16.89,9438325,32143410
2026-01-06 10:39:00+05:30,17.3,17.55,16.0,16.05,4637425,32143410
2026-01-06 10:40:00+05:30,16.0,16.95,13.25,15.8,7082660,34289970
2026-01-06 10:41:00+05:30,15.5,16.85,15.2,16.6,3806010,34289970
2026-01-06 10:42:00+05:30,16.64,17.6,16.39,16.89,4172415,34289970
2026-01-06 10:43:00+05:30,17.0,17.39,15.1,15.2,3741985,35788545
2026-01-06 10:44:00+05:30,15.3,15.75,14.8,15.65,3095170,35788545
2026-01-06 10:45:00+05:30,15.45,16.5,15.25,15.95,3143855,35788545
2026-01-06 10:46:00+05:30,16.0,16.55,14.55,16.2,3847480,36434840
2026-01-06 10:47:00+05:30,16.39,17.2,16.14,17.2,3424330,36434840
2026-01-06 10:48:00+05:30,17.14,19.39,16.39,16.85,6148025,36434840
2026-01-06 10:49:00+05:30,17.0,17.45,14.65,14.65,4377490,36312510
2026-01-06 10:50:00+05:30,15.3,16.55,15.3,15.8,3852355,36312510
2026-01-06 10:51:00+05:30,16.0,16.14,14.4,15.4,3751540,36312510
2026-01-06 10:52:00+05:30,15.6,15.65,14.45,15.25,2464345,35978930
2026-01-06 10:53:00+05:30,15.25,16.3,14.95,16.05,2707380,35978930
2026-01-06 10:54:00+05:30,16.0,17.8,15.9,16.89,4431440,35978930
2026-01-06 10:55:00+05:30,17.0,17.89,16.1,16.39,4059445,36198435
2026-01-06 10:56:00+05:30,16.25,16.64,14.25,14.7,4346160,36198435
2026-01-06 10:57:00+05:30,15.3,17.14,15.3,15.9,3986450,36198435
2026-01-06 10:58:00+05:30,15.7,16.39,13.8,13.9,4336995,36457525
2026-01-06 10:59:00+05:30,13.85,14.9,12.9,13.6,5544370,36457525
2026-01-06 11:00:00+05:30,13.85,14.4,13.55,14.4,4189380,36457525
2026-01-06 11:01:00+05:30,14.3,15.15,13.65,13.65,3663725,36377965
2026-01-06 11:02:00+05:30,13.7,13.8,12.1,13.5,4823195,36377965
2026-01-06 11:03:00+05:30,13.6,14.0,12.9,13.85,2614755,36377965
2026-01-06 11:04:00+05:30,13.7,16.5,13.7,15.2,5586685,36553075
2026-01-06 11:05:00+05:30,15.65,16.6,15.0,16.55,4057430,36553075
2026-01-06 11:06:00+05:30,16.5,16.55,14.25,15.1,4527445,36553075
2026-01-06 11:07:00+05:30,15.45,16.55,14.95,15.2,3187015,36865530
2026-01-06 11:08:00+05:30,15.4,16.25,15.3,15.75,2274675,36865530
2026-01-06 11:09:00+05:30,15.75,17.35,15.75,16.5,4641130,36865530
2026-01-06 11:10:00+05:30,16.6,16.64,13.75,13.8,5516225,37542375
2026-01-06 11:11:00+05:30,13.4,13.55,12.05,12.5,6472180,37542375
2026-01-06 11:12:00+05:30,12.8,13.0,10.35,10.7,8871525,37542375
2026-01-06 11:13:00+05:30,10.6,11.1,9.5,11.1,8536775,36527530
2026-01-06 11:14:00+05:30,11.1,11.35,10.4,10.5,4492540,36527530
2026-01-06 11:15:00+05:30,10.45,10.45,8.65,9.05,7781865,36527530
2026-01-06 11:16:00+05:30,9.05,9.15,7.3,7.4,12442235,36712975
2026-01-06 11:17:00+05:30,7.4,7.55,6.8,6.85,11382475,36712975
2026-01-06 11:18:00+05:30,7.0,7.1,6.5,6.75,7307040,36712975
2026-01-06 11:19:00+05:30,6.65,6.65,6.2,6.3,5351060,36339290
2026-01-06 11:20:00+05:30,6.2,6.25,5.85,6.15,7463365,36339290
2026-01-06 11:21:00+05:30,6.2,6.25,5.65,5.75,5264545,36339290
2026-01-06 11:22:00+05:30,5.8,6.1,5.8,6.0,5916365,36785645
2026-01-06 11:23:00+05:30,6.1,6.15,5.7,5.8,5119855,36785645
2026-01-06 11:24:00+05:30,5.8,6.15,5.6,6.15,4648865,36785645
2026-01-06 11:25:00+05:30,6.05,6.1,5.75,5.8,3431610,38765805
2026-01-06 11:26:00+05:30,5.9,6.2,5.85,6.2,2975245,38765805
2026-01-06 11:27:00+05:30,6.2,6.5,6.1,6.45,3808090,38765805
2026-01-06 11:28:00+05:30,6.5,6.65,6.1,6.15,3518840,39150475
2026-01-06 11:29:00+05:30,6.2,7.0,6.2,7.0,3000660,39150475
2026-01-06 11:30:00+05:30,6.9,7.1,6.7,6.9,3935555,39150475
2026-01-06 11:31:00+05:30,6.85,6.85,6.1,6.45,3502655,39356395
2026-01-06 11:32:00+05:30,6.4,6.5,6.15,6.35,2349490,39356395
2026-01-06 11:33:00+05:30,6.4,6.75,6.3,6.65,3036410,39356395
2026-01-06 11:34:00+05:30,6.65,7.45,6.6,6.9,4132050,39676910
2026-01-06 11:35:00+05:30,7.0,7.35,6.6,6.65,3285815,39676910
2026-01-06 11:36:00+05:30,6.65,6.95,6.55,6.85,2258100,39676910
2026-01-06 11:37:00+05:30,6.85,7.2,6.85,7.05,2371200,39716950
2026-01-06 11:38:00+05:30,7.25,7.35,6.95,7.0,3005145,39716950
2026-01-06 11:39:00+05:30,6.9,7.1,6.85,6.95,2008890,39716950
2026-01-06 11:40:00+05:30,7.05,7.1,6.55,6.9,2680340,40144715
2026-01-06 11:41:00+05:30,6.85,6.9,6.55,6.9,2167295,40144715
2026-01-06 11:42:00+05:30,6.9,7.15,6.75,6.95,2349685,40144715
2026-01-06 11:43:00+05:30,7.15,8.44,7.0,7.7,6827275,39877630
2026-01-06 11:44:00+05:30,7.8,9.15,7.8,9.15,6426160,39877630
2026-01-06 11:45:00+05:30,8.94,8.94,7.7,7.95,4785495,39877630
2026-01-06 11:46:00+05:30,8.0,8.19,7.6,7.95,3188705,39646750
2026-01-06 11:47:00+05:30,7.95,9.5,7.95,9.5,4634175,39646750
2026-01-06 11:48:00+05:30,9.6,9.6,7.95,8.4,6747845,39646750
2026-01-06 11:49:00+05:30,8.44,9.15,8.0,9.15,3237780,39888420
2026-01-06 11:50:00+05:30,9.1,9.1,8.25,8.35,3622840,39888420
2026-01-06 11:51:00+05:30,8.3,8.5,7.65,7.95,3553420,39888420
2026-01-06 11:52:00+05:30,8.1,8.35,7.65,7.8,2331615,40307735
2026-01-06 11:53:00+05:30,7.8,8.5,7.65,8.4,2580825,40307735
2026-01-06 11:54:00+05:30,8.55,9.15,8.05,8.35,4095000,40307735
2026-01-06 11:55:00+05:30,8.35,8.35,7.7,7.8,2574325,40635985
2026-01-06 11:56:00+05:30,8.0,8.15,7.15,7.4,4608825,40635985
2026-01-06 11:57:00+05:30,7.45,7.8,7.2,7.25,2672475,40635985
2026-01-06 11:58:00+05:30,6.95,7.35,6.55,6.65,5774860,39931645
2026-01-06 11:59:00+05:30,6.7,7.15,6.1,7.0,4800445,39931645
2026-01-06 12:00:00+05:30,6.75,7.0,6.1,6.2,3176680,39931645
2026-01-06 12:01:00+05:30,6.2,6.35,5.05,5.5,6187480,39415610
2026-01-06 12:02:00+05:30,5.5,5.65,5.15,5.25,3740490,39415610
2026-01-06 12:03:00+05:30,5.25,6.4,5.09,6.4,3983655,39415610
2026-01-06 12:04:00+05:30,6.35,6.8,6.1,6.35,3703570,40097460
2026-01-06 12:05:00+05:30,6.4,6.45,5.35,5.5,2949440,40097460
2026-01-06 12:06:00+05:30,5.45,5.6,5.09,5.25,2464085,40097460
2026-01-06 12:07:00+05:30,5.3,5.3,4.7,4.8,3644160,40198015
2026-01-06 12:08:00+05:30,4.75,4.9,4.25,4.4,4544215,40198015
2026-01-06 12:09:00+05:30,4.4,4.55,4.3,4.45,3822260,40198015
2026-01-06 12:10:00+05:30,4.4,4.75,4.34,4.75,3157895,40543230
2026-01-06 12:11:00+05:30,4.7,4.75,4.45,4.45,2102750,40543230
2026-01-06 12:12:00+05:30,4.5,4.65,4.4,4.5,1709825,40543230
2026-01-06 12:13:00+05:30,4.5,5.0,4.45,5.0,2094690,40675050
2026-01-06 12:14:00+05:30,5.0,5.05,4.65,4.84,2737670,40675050
2026-01-06 12:15:00+05:30,4.84,5.05,4.5,5.05,2207725,40675050
2026-01-06 12:16:00+05:30,5.0,5.2,4.7,4.7,2165995,41559765
2026-01-06 12:17:00+05:30,4.7,4.95,4.7,4.8,1215695,41559765
2026-01-06 12:18:00+05:30,4.7,4.8,4.5,4.55,1660815,41559765
2026-01-06 12:19:00+05:30,4.5,4.59,4.34,4.59,2041975,41728115
2026-01-06 12:20:00+05:30,4.59,4.7,3.9,4.09,3451890,41728115
2026-01-06 12:21:00+05:30,4.09,4.2,3.75,4.15,4201600,41728115
2026-01-06 12:22:00+05:30,4.15,4.25,4.0,4.0,2043275,41106195
2026-01-06 12:23:00+05:30,4.05,4.15,3.7,3.9,2343250,41106195
2026-01-06 12:24:00+05:30,3.95,4.0,3.85,3.9,2438605,41106195
2026-01-06 12:25:00+05:30,3.9,4.05,3.85,3.9,2079870,40713075
2026-01-06 12:26:00+05:30,3.85,4.09,3.75,4.05,1772810,40713075
2026-01-06 12:27:00+05:30,4.09,4.4,3.95,4.4,2014805,40713075
2026-01-06 12:28:00+05:30,4.4,4.8,4.34,4.59,3406715,41147470
2026-01-06 12:29:00+05:30,4.59,4.8,4.55,4.65,2094040,41147470
2026-01-06 12:30:00+05:30,4.59,4.59,3.95,4.15,2759315,41147470
2026-01-06 12:31:00+05:30,4.25,4.25,3.9,4.09,1935245,41467985
2026-01-06 12:32:00+05:30,4.05,4.2,3.9,4.2,1764100,41467985
2026-01-06 12:33:00+05:30,4.2,4.7,4.2,4.65,2578550,41467985
2026-01-06 12:34:00+05:30,4.55,4.55,4.09,4.3,1660295,41847260
2026-01-06 12:35:00+05:30,4.34,4.84,4.25,4.5,2125305,41847260
2026-01-06 12:36:00+05:30,4.34,4.65,4.3,4.65,1571830,41847260
2026-01-06 12:37:00+05:30,4.65,4.7,4.5,4.59,1793285,42258905
2026-01-06 12:38:00+05:30,4.59,4.59,3.9,4.15,2526550,42258905
2026-01-06 12:39:00+05:30,4.15,4.3,3.9,3.9,2093455,42258905
2026-01-06 12:40:00+05:30,3.9,4.8,3.9,4.59,3004755,42483090
2026-01-06 12:41:00+05:30,4.55,4.65,4.25,4.3,2343640,42483090
2026-01-06 12:42:00+05:30,4.4,4.7,4.34,4.59,1664130,42483090
2026-01-06 12:43:00+05:30,4.59,4.75,3.85,4.0,3013270,42926455
2026-01-06 12:44:00+05:30,3.9,4.59,3.85,4.34,2505035,42926455
2026-01-06 12:45:00+05:30,4.4,4.7,4.25,4.4,1855880,42926455
2026-01-06 12:46:00+05:30,4.34,4.55,3.8,3.95,2484235,42926455
2026-01-06 12:47:00+05:30,3.95,4.4,3.9,4.34,1662895,42818750
2026-01-06 12:48:00+05:30,4.34,4.34,3.9,3.9,1843140,42818750
2026-01-06 12:49:00+05:30,3.9,4.0,3.25,3.55,3662555,42818750
2026-01-06 12:50:00+05:30,3.55,3.95,3.4,3.65,2643355,42663205
2026-01-06 12:51:00+05:30,3.65,4.45,3.6,4.45,3095040,42663205
2026-01-06 12:52:00+05:30,4.45,4.9,4.0,4.09,3632005,42663205
2026-01-06 12:53:00+05:30,4.09,4.25,4.0,4.09,1600365,42549845
2026-01-06 12:54:00+05:30,4.09,4.59,4.05,4.59,1699815,42549845
2026-01-06 12:55:00+05:30,4.65,4.95,4.5,4.59,4288505,42549845
2026-01-06 12:56:00+05:30,4.65,4.9,4.4,4.75,3086850,43045470
2026-01-06 12:57:00+05:30,4.8,6.15,4.7,6.15,5534750,43045470
2026-01-06 12:58:00+05:30,5.6,5.6,5.0,5.15,5399680,43045470
2026-01-06 12:59:00+05:30,5.2,5.7,5.09,5.65,3237520,43424680
2026-01-06 13:00:00+05:30,5.5,6.1,5.3,5.8,4653285,43424680
2026-01-06 13:01:00+05:30,5.9,6.8,5.9,6.55,8447270,43424680
2026-01-06 13:02:00+05:30,6.35,6.35,5.15,5.25,6340295,43311060
2026-01-06 13:03:00+05:30,5.25,5.25,4.09,4.5,6732180,43311060
2026-01-06 13:04:00+05:30,4.5,4.75,4.34,4.75,2468635,43311060
2026-01-06 13:05:00+05:30,4.65,4.8,4.05,4.55,3568760,43345055
2026-01-06 13:06:00+05:30,4.65,4.7,4.4,4.45,2226575,43345055
2026-01-06 13:07:00+05:30,4.4,4.45,3.85,4.34,4107480,43345055
2026-01-06 13:08:00+05:30,4.34,6.2,4.34,5.9,9377485,43125420
2026-01-06 13:09:00+05:30,5.9,6.05,4.9,5.25,5848830,43125420
2026-01-06 13:10:00+05:30,5.3,5.85,4.7,4.7,4248010,43125420
2026-01-06 13:11:00+05:30,4.65,5.45,4.55,5.3,3950570,43986800
2026-01-06 13:12:00+05:30,5.3,5.4,4.7,4.7,3227250,43986800
2026-01-06 13:13:00+05:30,4.7,4.7,3.75,3.9,6101290,43986800
2026-01-06 13:14:00+05:30,3.8,3.8,3.3,3.4,6009770,43478695
2026-01-06 13:15:00+05:30,3.45,3.45,2.6,2.75,10309260,43478695
2026-01-06 13:16:00+05:30,2.95,3.0,2.6,2.65,6098495,43478695
2026-01-06 13:17:00+05:30,2.65,2.85,2.4,2.4,5611125,41855905
2026-01-06 13:18:00+05:30,2.5,2.8,2.35,2.4,5738135,41855905
2026-01-06 13:19:00+05:30,2.45,2.75,2.4,2.7,4670835,41855905
2026-01-06 13:20:00+05:30,2.7,2.85,2.65,2.7,2736110,40762540
2026-01-06 13:21:00+05:30,2.7,2.75,2.25,2.4,4829890,40762540
2026-01-06 13:22:00+05:30,2.45,2.5,2.15,2.25,3773900,40762540
2026-01-06 13:23:00+05:30,2.35,2.4,1.9,2.04,5592665,40534000
2026-01-06 13:24:00+05:30,2.04,2.1,1.8,2.0,6197620,40534000
2026-01-06 13:25:00+05:30,1.95,2.0,1.9,1.95,3384095,40534000
2026-01-06 13:26:00+05:30,1.95,2.0,1.8,1.85,2573155,39505765
2026-01-06 13:27:00+05:30,1.85,1.95,1.75,1.75,3317145,39505765
2026-01-06 13:28:00+05:30,1.8,1.8,1.55,1.55,7037680,39505765
2026-01-06 13:29:00+05:30,1.55,1.85,1.5,1.8,5445050,38465310
2026-01-06 13:30:00+05:30,1.75,1.8,1.7,1.75,2394080,38465310
2026-01-06 13:31:00+05:30,1.7,1.75,1.55,1.65,5335200,38465310
2026-01-06 13:32:00+05:30,1.7,1.7,1.55,1.65,2778945,37161605
2026-01-06 13:33:00+05:30,1.65,1.7,1.6,1.65,3631355,37161605
2026-01-06 13:34:00+05:30,1.65,1.75,1.6,1.65,4369560,37161605
2026-01-06 13:35:00+05:30,1.65,1.8,1.65,1.8,4288440,35422270
2026-01-06 13:36:00+05:30,1.8,1.8,1.7,1.7,1397370,35422270
2026-01-06 13:37:00+05:30,1.75,1.8,1.65,1.7,1443845,35422270
2026-01-06 13:38:00+05:30,1.75,1.75,1.65,1.65,1308190,35586265
2026-01-06 13:39:00+05:30,1.7,1.75,1.6,1.7,2997020,35586265
2026-01-06 13:40:00+05:30,1.65,1.75,1.5,1.5,2421705,35586265
2026-01-06 13:41:00+05:30,1.55,1.7,1.55,1.6,2981550,35748180
2026-01-06 13:42:00+05:30,1.55,1.7,1.5,1.65,3515200,35748180
2026-01-06 13:43:00+05:30,1.6,1.75,1.5,1.7,3513965,35748180
2026-01-06 13:44:00+05:30,1.75,2.0,1.6,2.0,5915780,35601085
2026-01-06 13:45:00+05:30,2.1,2.1,1.65,1.7,6053645,35601085
2026-01-06 13:46:00+05:30,1.65,1.75,1.4,1.5,5764850,35601085
2026-01-06 13:47:00+05:30,1.6,1.95,1.5,1.9,4613440,36311860
2026-01-06 13:48:00+05:30,1.95,2.04,1.85,1.9,7468890,36311860
2026-01-06 13:49:00+05:30,1.8,1.95,1.75,1.95,4872205,36311860
2026-01-06 13:50:00+05:30,1.95,2.2,1.7,1.75,7379580,37365900
2026-01-06 13:51:00+05:30,1.8,2.15,1.8,2.0,4478370,37365900
2026-01-06 13:52:00+05:30,2.1,2.15,1.5,1.55,6283745,37365900
2026-01-06 13:53:00+05:30,1.45,1.75,1.1,1.14,11488620,38111190
2026-01-06 13:54:00+05:30,1.14,1.25,1.0,1.05,9710415,38111190
2026-01-06 13:55:00+05:30,1.05,1.1,0.9,1.05,6985810,38111190
2026-01-06 13:56:00+05:30,1.1,1.25,1.05,1.2,4365205,35067500
2026-01-06 13:57:00+05:30,1.14,1.14,0.95,0.95,3851575,35067500
2026-01-06 13:58:00+05:30,1.0,1.0,0.95,1.0,3450460,35067500
2026-01-06 13:59:00+05:30,1.0,1.0,0.85,0.9,3262090,34667100
2026-01-06 14:00:00+05:30,0.95,1.0,0.8,0.9,4193995,34667100
2026-01-06 14:01:00+05:30,0.85,0.95,0.85,0.95,2268565,34667100
2026-01-06 14:02:00+05:30,0.9,1.14,0.9,1.14,4151875,33656220
2026-01-06 14:03:00+05:30,1.05,1.14,0.85,0.9,5894070,33656220
2026-01-06 14:04:00+05:30,0.95,0.95,0.75,0.75,3811210,33656220
2026-01-06 14:05:00+05:30,0.8,0.85,0.75,0.75,3642340,33924605
2026-01-06 14:06:00+05:30,0.8,0.8,0.75,0.75,1709435,33924605
2026-01-06 14:07:00+05:30,0.75,0.8,0.7,0.75,1978665,33924605
2026-01-06 14:08:00+05:30,0.75,0.85,0.7,0.7,3255135,33250620
2026-01-06 14:09:00+05:30,0.75,0.75,0.6,0.65,6690710,33250620
2026-01-06 14:10:00+05:30,0.65,0.7,0.65,0.7,4331730,33250620
2026-01-06 14:11:00+05:30,0.7,0.75,0.65,0.65,4451915,29910270
2026-01-06 14:12:00+05:30,0.7,0.75,0.65,0.75,3448315,29910270
2026-01-06 14:13:00+05:30,0.75,0.75,0.65,0.7,2604030,29910270
2026-01-06 14:14:00+05:30,0.65,0.7,0.65,0.65,2136160,29207880
2026-01-06 14:15:00+05:30,0.65,0.75,0.65,0.65,2649530,29207880
2026-01-06 14:16:00+05:30,0.7,0.7,0.65,0.65,1678625,29207880
2026-01-06 14:17:00+05:30,0.65,0.7,0.6,0.6,1351025,28834780
2026-01-06 14:18:00+05:30,0.6,0.65,0.6,0.6,1570530,28834780
2026-01-06 14:19:00+05:30,0.6,0.65,0.6,0.65,908310,28834780
2026-01-06 14:20:00+05:30,0.65,0.65,0.6,0.6,1542580,28210520
2026-01-06 14:21:00+05:30,0.6,0.65,0.55,0.55,1787175,28210520
2026-01-06 14:22:00+05:30,0.55,0.6,0.5,0.5,2318420,28210520
2026-01-06 14:23:00+05:30,0.5,0.6,0.5,0.6,1654445,27382095
2026-01-06 14:24:00+05:30,0.55,0.65,0.55,0.6,1385150,27382095
2026-01-06 14:25:00+05:30,0.6,0.65,0.55,0.6,1772550,27382095
2026-01-06 14:26:00+05:30,0.6,0.6,0.55,0.55,1372410,27302860
2026-01-06 14:27:00+05:30,0.6,0.6,0.55,0.6,752700,27302860
2026-01-06 14:28:00+05:30,0.55,0.6,0.55,0.6,1061320,27302860
2026-01-06 14:29:00+05:30,0.55,0.6,0.5,0.6,1472055,26721110
2026-01-06 14:30:00+05:30,0.55,0.6,0.5,0.6,1393145,26721110
2026-01-06 14:31:00+05:30,0.55,0.6,0.55,0.6,906815,26721110
2026-01-06 14:32:00+05:30,0.6,0.6,0.5,0.55,1044810,25532780
2026-01-06 14:33:00+05:30,0.5,0.55,0.45,0.55,2645500,25532780
2026-01-06 14:34:00+05:30,0.55,0.55,0.45,0.5,1745835,25532780
2026-01-06 14:35:00+05:30,0.5,0.55,0.5,0.55,1004705,24844105
2026-01-06 14:36:00+05:30,0.5,0.6,0.5,0.55,1044095,24844105
2026-01-06 14:37:00+05:30,0.55,0.6,0.5,0.55,786500,24844105
2026-01-06 14:38:00+05:30,0.55,0.55,0.5,0.5,1500070,23547875
2026-01-06 14:39:00+05:30,0.45,0.55,0.45,0.5,2151695,23547875
2026-01-06 14:40:00+05:30,0.5,0.6,0.5,0.55,1275495,23547875
2026-01-06 14:41:00+05:30,0.55,0.6,0.45,0.45,1248065,22817210
2026-01-06 14:42:00+05:30,0.45,0.5,0.45,0.45,585455,22817210
2026-01-06 14:43:00+05:30,0.5,0.55,0.45,0.55,1353040,22817210
2026-01-06 14:44:00+05:30,0.5,0.55,0.5,0.55,1005485,22852375
2026-01-06 14:45:00+05:30,0.55,0.6,0.5,0.5,1791335,22852375
2026-01-06 14:46:00+05:30,0.55,0.55,0.45,0.55,815945,22852375
2026-01-06 14:47:00+05:30,0.5,0.55,0.45,0.5,1038180,22537515
2026-01-06 14:48:00+05:30,0.5,0.55,0.45,0.5,2812290,22537515
2026-01-06 14:49:00+05:30,0.55,0.55,0.45,0.5,2199275,22537515
2026-01-06 14:50:00+05:30,0.55,0.6,0.5,0.6,1912430,22290645
2026-01-06 14:51:00+05:30,0.55,0.6,0.45,0.5,2727985,22290645
2026-01-06 14:52:00+05:30,0.45,0.5,0.35,0.4,2842320,22290645
2026-01-06 14:53:00+05:30,0.35,0.35,0.3,0.35,3105960,22421945
2026-01-06 14:54:00+05:30,0.3,0.35,0.3,0.3,1523275,22421945
2026-01-06 14:55:00+05:30,0.35,0.35,0.3,0.3,1134705,22421945
2026-01-06 14:56:00+05:30,0.3,0.35,0.25,0.3,1924715,21545030
2026-01-06 14:57:00+05:30,0.25,0.3,0.25,0.25,1363505,21545030
2026-01-06 14:58:00+05:30,0.25,0.3,0.25,0.3,516620,21545030
2026-01-06 14:59:00+05:30,0.25,0.3,0.25,0.25,1563835,21338915
2026-01-06 15:00:00+05:30,0.25,0.35,0.25,0.25,3347175,21338915
2026-01-06 15:01:00+05:30,0.3,0.3,0.25,0.3,2748265,21338915
2026-01-06 15:02:00+05:30,0.25,0.3,0.2,0.2,2374840,21055840
2026-01-06 15:03:00+05:30,0.2,0.25,0.15,0.15,2977910,21055840
2026-01-06 15:04:00+05:30,0.2,0.2,0.15,0.15,1110005,21055840
2026-01-06 15:05:00+05:30,0.2,0.2,0.1,0.1,2383875,21005530
2026-01-06 15:06:00+05:30,0.15,0.15,0.1,0.15,2208960,21005530
2026-01-06 15:07:00+05:30,0.15,0.15,0.1,0.1,3387540,21005530
2026-01-06 15:08:00+05:30,0.1,0.15,0.05,0.05,1797185,19830070
2026-01-06 15:09:00+05:30,0.05,0.1,0.05,0.1,1009970,19830070
2026-01-06 15:10:00+05:30,0.1,0.1,0.05,0.05,920985,19830070
2026-01-06 15:11:00+05:30,0.1,0.1,0.05,0.05,739895,18852665
2026-01-06 15:12:00+05:30,0.05,0.1,0.05,0.05,806910,18852665
2026-01-06 15:13:00+05:30,0.1,0.1,0.05,0.05,699400,18852665
2026-01-06 15:14:00+05:30,0.05,0.1,0.05,0.1,881010,18428930
2026-01-06 15:15:00+05:30,0.1,0.1,0.05,0.05,1232400,18428930
2026-01-06 15:16:00+05:30,0.1,0.1,0.05,0.05,769470,18428930
2026-01-06 15:17:00+05:30,0.1,0.1,0.05,0.1,644345,17593485
2026-01-06 15:18:00+05:30,0.1,0.1,0.05,0.05,742105,17593485
2026-01-06 15:19:00+05:30,0.05,0.1,0.05,0.1,441025,17593485
2026-01-06 15:20:00+05:30,0.1,0.1,0.05,0.05,800020,17730440
2026-01-06 15:21:00+05:30,0.05,0.1,0.05,0.1,549575,17730440
2026-01-06 15:22:00+05:30,0.05,0.1,0.05,0.05,576940,17730440
2026-01-06 15:23:00+05:30,0.1,0.1,0.05,0.05,3590600,17394065
2026-01-06 15:24:00+05:30,0.05,0.05,0.05,0.05,421850,17394065
2026-01-06 15:25:00+05:30,0.05,0.05,0.05,0.05,435500,17394065
2026-01-06 15:26:00+05:30,0.05,0.05,0.05,0.05,96135,14290510
2026-01-06 15:27:00+05:30,0.05,0.05,0.05,0.05,183495,14290510
2026-01-06 15:28:00+05:30,0.05,0.05,0.05,0.05,204490,14290510
2026-01-06 15:29:00+05:30,0.05,0.05,0.05,0.05,208715,13876265
