timestamp,open,high,low,close,volume,open_interest
2025-12-23 09:15:00+05:30,300.0,301.0,293.3,299.5,5135,56550
2025-12-23 09:16:00+05:30,306.5,323.39,306.5,312.8,2860,58175
2025-12-23 09:17:00+05:30,317.1,323.45,315.45,318.85,1885,58175
2025-12-23 09:18:00+05:30,315.0,316.1,310.89,310.89,520,58175
2025-12-23 09:19:00+05:30,313.75,314.6,310.0,310.0,845,60190
2025-12-23 09:20:00+05:30,312.0,312.0,312.0,312.0,65,60190
2025-12-23 09:21:00+05:30,312.89,312.89,311.89,311.89,650,60190
2025-12-23 09:22:00+05:30,308.95,319.0,308.0,319.0,585,60840
2025-12-23 09:23:00+05:30,317.85,317.85,315.0,315.0,1495,60840
2025-12-23 09:24:00+05:30,315.0,315.0,315.0,315.0,0,60840
2025-12-23 09:25:00+05:30,325.55,326.2,322.0,322.0,455,60970
2025-12-23 09:26:00+05:30,322.8,325.35,321.0,321.8,520,60970
2025-12-23 09:27:00+05:30,325.35,325.35,324.35,324.35,195,60970
2025-12-23 09:28:00+05:30,323.25,323.25,321.45,321.45,585,60450
2025-12-23 09:29:00+05:30,321.45,321.45,321.45,321.45,0,60450
2025-12-23 09:30:00+05:30,327.25,327.25,327.25,327.25,65,60450
2025-12-23 09:31:00+05:30,327.25,327.25,327.25,327.25,130,60190
2025-12-23 09:32:00+05:30,327.25,327.25,327.25,327.25,0,60190
2025-12-23 09:33:00+05:30,330.4,330.4,326.39,326.39,325,60190
2025-12-23 09:34:00+05:30,326.39,326.39,326.39,326.39,0,60190
2025-12-23 09:35:00+05:30,327.55,327.55,327.55,327.55,65,60255
2025-12-23 09:36:00+05:30,327.55,327.55,327.55,327.55,0,60255
2025-12-23 09:37:00+05:30,320.05,322.6,319.1,322.6,1365,60255
2025-12-23 09:38:00+05:30,327.05,327.05,327.05,327.05,260,60255
2025-12-23 09:39:00+05:30,327.1,329.0,327.1,329.0,325,60255
2025-12-23 09:40:00+05:30,329.0,333.3,328.95,328.95,390,59930
2025-12-23 09:41:00+05:30,327.39,330.2,327.39,328.55,2535,59930
2025-12-23 09:42:00+05:30,330.55,330.6,330.55,330.55,585,59930
2025-12-23 09:43:00+05:30,330.6,339.0,330.6,339.0,715,57135
2025-12-23 09:44:00+05:30,338.65,339.0,337.0,337.0,780,57135
2025-12-23 09:45:00+05:30,339.85,339.9,332.7,332.7,1365,57135
2025-12-23 09:46:00+05:30,332.7,332.7,332.7,332.7,0,57135
2025-12-23 09:47:00+05:30,334.6,334.6,331.7,332.25,195,56615
2025-12-23 09:48:00+05:30,330.0,330.0,325.0,325.0,910,56615
2025-12-23 09:49:00+05:30,325.0,325.0,325.0,325.0,0,56615
2025-12-23 09:50:00+05:30,328.5,328.5,328.5,328.5,65,57135
2025-12-23 09:51:00+05:30,328.0,328.0,328.0,328.0,65,57135
2025-12-23 09:52:00+05:30,328.0,328.0,328.0,328.0,0,57135
2025-12-23 09:53:00+05:30,328.0,328.0,328.0,328.0,0,57135
2025-12-23 09:54:00+05:30,324.05,324.05,323.0,323.0,780,57135
2025-12-23 09:55:00+05:30,325.0,325.0,319.64,319.64,520,57135
2025-12-23 09:56:00+05:30,315.0,315.0,315.0,315.0,455,57135
2025-12-23 09:57:00+05:30,311.14,311.45,303.05,305.0,455,57135
2025-12-23 09:58:00+05:30,303.45,305.39,301.75,303.7,2080,57395
2025-12-23 09:59:00+05:30,303.45,305.0,303.35,303.35,3705,57395
2025-12-23 10:00:00+05:30,303.85,303.85,301.0,303.8,650,57395
2025-12-23 10:01:00+05:30,302.25,302.25,296.75,298.95,1560,60060
2025-12-23 10:02:00+05:30,300.0,300.0,294.0,294.0,1105,60060
2025-12-23 10:03:00+05:30,296.5,297.89,296.5,297.89,845,60060
2025-12-23 10:04:00+05:30,301.2,301.2,300.0,300.0,195,59085
2025-12-23 10:05:00+05:30,300.0,300.0,297.6,297.6,195,59085
2025-12-23 10:06:00+05:30,300.45,301.0,300.45,301.0,130,59085
2025-12-23 10:07:00+05:30,303.7,303.7,303.7,303.7,65,59215
2025-12-23 10:08:00+05:30,300.0,300.0,297.95,297.95,2665,59215
2025-12-23 10:09:00+05:30,296.64,298.05,296.64,298.05,130,59215
2025-12-23 10:10:00+05:30,298.05,298.05,298.05,298.05,65,57525
2025-12-23 10:11:00+05:30,294.0,294.0,294.0,294.0,130,57525
2025-12-23 10:12:00+05:30,294.0,294.0,294.0,294.0,0,57525
2025-12-23 10:13:00+05:30,290.85,296.1,284.7,296.1,5265,60515
2025-12-23 10:14:00+05:30,298.8,301.25,298.05,301.25,455,60515
2025-12-23 10:15:00+05:30,301.6,301.6,301.0,301.0,260,60515
2025-12-23 10:16:00+05:30,300.5,300.5,299.55,299.55,455,61685
2025-12-23 10:17:00+05:30,299.14,300.05,299.14,300.0,2990,61685
2025-12-23 10:18:00+05:30,301.0,303.25,301.0,302.75,1300,61685
2025-12-23 10:19:00+05:30,304.39,306.25,304.39,306.25,260,64545
2025-12-23 10:20:00+05:30,312.39,312.89,312.39,312.89,130,64545
2025-12-23 10:21:00+05:30,312.0,312.0,312.0,312.0,65,64545
2025-12-23 10:22:00+05:30,310.95,311.3,310.0,310.75,1235,65325
2025-12-23 10:23:00+05:30,310.0,311.0,310.0,311.0,130,65325
2025-12-23 10:24:00+05:30,311.0,311.0,311.0,311.0,0,65325
2025-12-23 10:25:00+05:30,311.0,311.0,311.0,311.0,0,65325
2025-12-23 10:26:00+05:30,308.0,308.0,305.39,305.39,260,65455
2025-12-23 10:27:00+05:30,306.95,309.05,306.95,309.05,130,65455
2025-12-23 10:28:00+05:30,313.0,313.0,313.0,313.0,65,65260
2025-12-23 10:29:00+05:30,309.05,309.05,306.39,306.39,260,65260
2025-12-23 10:30:00+05:30,306.39,306.39,306.39,306.39,65,65260
2025-12-23 10:31:00+05:30,307.14,307.14,307.14,307.14,130,65455
2025-12-23 10:32:00+05:30,307.14,307.14,307.14,307.14,0,65455
2025-12-23 10:33:00+05:30,304.0,306.8,304.0,306.8,2990,65455
2025-12-23 10:34:00+05:30,305.6,305.6,305.6,305.6,650,65455
2025-12-23 10:35:00+05:30,310.85,310.85,310.85,310.85,65,65520
2025-12-23 10:36:00+05:30,310.85,310.85,310.85,310.85,0,65520
2025-12-23 10:37:00+05:30,313.5,313.5,309.55,309.55,195,65520
2025-12-23 10:38:00+05:30,310.64,311.0,310.3,310.3,2015,65455
2025-12-23 10:39:00+05:30,310.14,310.45,309.0,310.45,715,65455
2025-12-23 10:40:00+05:30,308.05,308.05,308.05,308.05,65,65520
2025-12-23 10:41:00+05:30,308.05,308.05,308.05,308.05,0,65520
2025-12-23 10:42:00+05:30,301.6,302.35,301.6,302.35,195,65520
2025-12-23 10:43:00+05:30,300.89,300.89,300.89,300.89,65,65520
2025-12-23 10:44:00+05:30,301.95,301.95,301.95,301.95,65,65455
2025-12-23 10:45:00+05:30,300.3,300.3,300.0,300.0,130,65455
2025-12-23 10:46:00+05:30,300.0,301.55,300.0,301.55,585,65455
2025-12-23 10:47:00+05:30,301.55,301.55,301.55,301.55,390,65585
2025-12-23 10:48:00+05:30,301.55,301.55,301.55,301.55,0,65585
2025-12-23 10:49:00+05:30,303.0,303.0,302.0,302.0,260,65780
2025-12-23 10:50:00+05:30,300.45,300.45,300.45,300.45,195,65780
2025-12-23 10:51:00+05:30,300.45,300.45,300.45,300.45,0,65780
2025-12-23 10:52:00+05:30,300.45,300.45,300.45,300.45,0,65780
2025-12-23 10:53:00+05:30,300.45,300.45,300.45,300.45,650,65975
2025-12-23 10:54:00+05:30,300.45,300.45,300.45,300.45,0,65975
2025-12-23 10:55:00+05:30,300.45,300.45,300.45,300.45,0,65975
2025-12-23 10:56:00+05:30,300.45,300.45,300.45,300.45,0,65975
2025-12-23 10:57:00+05:30,300.45,300.45,300.45,300.45,0,65975
2025-12-23 10:58:00+05:30,300.45,300.45,300.45,300.45,0,65975
2025-12-23 10:59:00+05:30,300.45,300.45,300.45,300.45,65,65975
2025-12-23 11:00:00+05:30,298.85,298.85,298.85,298.85,65,65975
2025-12-23 11:01:00+05:30,298.85,298.85,298.85,298.85,0,65975
2025-12-23 11:02:00+05:30,300.0,300.0,300.0,300.0,65,65975
2025-12-23 11:03:00+05:30,301.0,301.0,301.0,301.0,455,65975
2025-12-23 11:04:00+05:30,302.0,302.0,302.0,302.0,520,65975
2025-12-23 11:05:00+05:30,302.0,302.0,302.0,302.0,0,65975
2025-12-23 11:06:00+05:30,302.0,302.0,302.0,302.0,0,65975
2025-12-23 11:07:00+05:30,297.25,297.25,297.25,297.25,390,66105
2025-12-23 11:08:00+05:30,298.0,298.0,298.0,298.0,260,66105
2025-12-23 11:09:00+05:30,297.0,297.0,297.0,297.0,65,66105
2025-12-23 11:10:00+05:30,294.0,294.0,294.0,294.0,65,66430
2025-12-23 11:11:00+05:30,294.0,294.0,294.0,294.0,0,66430
2025-12-23 11:12:00+05:30,296.39,296.39,295.95,295.95,130,66430
2025-12-23 11:13:00+05:30,295.95,295.95,295.95,295.95,65,66430
2025-12-23 11:14:00+05:30,295.95,295.95,295.95,295.95,0,66430
2025-12-23 11:15:00+05:30,295.95,295.95,295.95,295.95,0,66430
2025-12-23 11:16:00+05:30,295.95,295.95,295.95,295.95,0,66430
2025-12-23 11:17:00+05:30,296.64,296.64,296.64,296.64,65,66430
2025-12-23 11:18:00+05:30,295.0,296.95,295.0,296.95,195,66430
2025-12-23 11:19:00+05:30,293.5,293.5,293.5,293.5,65,66495
2025-12-23 11:20:00+05:30,293.5,293.5,293.5,293.5,0,66495
2025-12-23 11:21:00+05:30,293.5,293.5,293.5,293.5,0,66495
2025-12-23 11:22:00+05:30,293.5,294.95,293.5,294.95,130,66495
2025-12-23 11:23:00+05:30,294.95,294.95,294.95,294.95,65,66495
2025-12-23 11:24:00+05:30,294.95,294.95,294.95,294.95,455,66495
2025-12-23 11:25:00+05:30,294.0,294.0,294.0,294.0,260,66625
2025-12-23 11:26:00+05:30,295.0,295.0,295.0,295.0,65,66625
2025-12-23 11:27:00+05:30,295.0,295.0,295.0,295.0,0,66625
2025-12-23 11:28:00+05:30,295.0,295.0,295.0,295.0,0,66625
2025-12-23 11:29:00+05:30,295.0,295.0,295.0,295.0,0,66625
2025-12-23 11:30:00+05:30,297.05,297.05,297.05,297.05,65,66495
2025-12-23 11:31:00+05:30,297.05,297.05,297.0,297.0,390,66495
2025-12-23 11:32:00+05:30,300.05,300.05,300.05,300.05,65,66430
2025-12-23 11:33:00+05:30,300.05,300.05,300.05,300.05,0,66430
2025-12-23 11:34:00+05:30,300.05,300.05,300.05,300.05,0,66430
2025-12-23 11:35:00+05:30,303.3,303.3,303.3,303.3,260,66430
2025-12-23 11:36:00+05:30,305.3,305.3,305.3,305.3,130,66495
2025-12-23 11:37:00+05:30,305.3,305.3,305.3,305.3,0,66495
2025-12-23 11:38:00+05:30,305.3,305.3,305.3,305.3,0,66495
2025-12-23 11:39:00+05:30,305.3,305.3,305.3,305.3,0,66495
2025-12-23 11:40:00+05:30,307.0,307.1,307.0,307.1,585,66430
2025-12-23 11:41:00+05:30,309.75,309.75,307.1,307.1,130,66755
2025-12-23 11:42:00+05:30,306.8,306.8,306.0,306.0,1040,66755
2025-12-23 11:43:00+05:30,305.3,305.3,305.3,305.3,65,66755
2025-12-23 11:44:00+05:30,305.3,305.3,305.3,305.3,0,66755
2025-12-23 11:45:00+05:30,305.3,305.3,305.3,305.3,0,66755
2025-12-23 11:46:00+05:30,308.05,312.25,306.6,306.6,585,66755
2025-12-23 11:47:00+05:30,306.6,306.6,306.6,306.6,0,66755
2025-12-23 11:48:00+05:30,306.6,306.6,306.6,306.6,0,66755
2025-12-23 11:49:00+05:30,306.6,306.6,306.6,306.6,0,66755
2025-12-23 11:50:00+05:30,308.45,308.45,305.3,305.3,195,66755
2025-12-23 11:51:00+05:30,306.95,306.95,303.95,303.95,130,66755
2025-12-23 11:52:00+05:30,303.89,303.89,303.89,303.89,130,66755
2025-12-23 11:53:00+05:30,298.5,300.7,298.5,300.7,975,66755
2025-12-23 11:54:00+05:30,300.7,300.7,300.7,300.7,0,66755
2025-12-23 11:55:00+05:30,300.55,300.55,300.0,300.0,195,66755
2025-12-23 11:56:00+05:30,300.0,300.95,300.0,300.95,260,66885
2025-12-23 11:57:00+05:30,300.95,300.95,300.95,300.95,0,66885
2025-12-23 11:58:00+05:30,300.95,300.95,300.95,300.95,0,66885
2025-12-23 11:59:00+05:30,300.95,300.95,300.95,300.95,0,66885
2025-12-23 12:00:00+05:30,300.95,300.95,300.95,300.95,0,66885
2025-12-23 12:01:00+05:30,298.5,298.95,298.5,298.95,130,66885
2025-12-23 12:02:00+05:30,298.95,298.95,298.95,298.95,0,66885
2025-12-23 12:03:00+05:30,298.95,298.95,298.95,298.95,0,66885
2025-12-23 12:04:00+05:30,298.0,298.0,296.0,296.0,3445,66885
2025-12-23 12:05:00+05:30,296.0,296.0,296.0,296.0,0,66885
2025-12-23 12:06:00+05:30,296.0,296.0,296.0,296.0,0,66885
2025-12-23 12:07:00+05:30,297.0,297.0,297.0,297.0,130,64935
2025-12-23 12:08:00+05:30,297.0,297.0,297.0,297.0,0,64935
2025-12-23 12:09:00+05:30,297.0,297.0,297.0,297.0,0,64935
2025-12-23 12:10:00+05:30,296.55,297.0,296.55,297.0,260,65000
2025-12-23 12:11:00+05:30,296.55,296.55,295.0,295.0,12870,65130
2025-12-23 12:12:00+05:30,295.0,295.0,292.55,293.0,650,65130
2025-12-23 12:13:00+05:30,294.64,294.64,294.64,294.64,65,65130
2025-12-23 12:14:00+05:30,294.64,294.64,294.64,294.64,0,65130
2025-12-23 12:15:00+05:30,294.64,294.64,294.64,294.64,0,65130
2025-12-23 12:16:00+05:30,294.64,294.64,294.64,294.64,0,65130
2025-12-23 12:17:00+05:30,299.0,299.0,299.0,299.0,65,75400
2025-12-23 12:18:00+05:30,297.39,297.39,297.39,297.39,65,75400
2025-12-23 12:19:00+05:30,297.39,297.39,297.39,297.39,0,75400
2025-12-23 12:20:00+05:30,297.55,297.55,296.75,296.75,390,75400
2025-12-23 12:21:00+05:30,296.75,296.75,296.75,296.75,0,75400
2025-12-23 12:22:00+05:30,296.39,296.39,296.39,296.39,65,75400
2025-12-23 12:23:00+05:30,296.39,297.6,296.39,297.6,130,75595
2025-12-23 12:24:00+05:30,297.6,297.6,297.6,297.6,195,75595
2025-12-23 12:25:00+05:30,296.1,296.1,296.1,296.1,65,75595
2025-12-23 12:26:00+05:30,296.1,296.1,296.1,296.1,0,75595
2025-12-23 12:27:00+05:30,297.85,297.85,297.85,297.85,65,75855
2025-12-23 12:28:00+05:30,297.85,297.85,297.85,297.85,0,75855
2025-12-23 12:29:00+05:30,299.5,299.5,299.5,299.5,65,75920
2025-12-23 12:30:00+05:30,299.5,300.0,298.8,299.64,260,75920
2025-12-23 12:31:00+05:30,299.25,300.25,298.75,298.75,260,75920
2025-12-23 12:32:00+05:30,300.0,300.0,298.0,298.0,520,75855
2025-12-23 12:33:00+05:30,298.0,298.0,298.0,298.0,195,75855
2025-12-23 12:34:00+05:30,297.5,297.5,297.35,297.35,130,75855
2025-12-23 12:35:00+05:30,297.35,297.35,297.35,297.35,0,75855
2025-12-23 12:36:00+05:30,295.0,295.39,295.0,295.39,195,76505
2025-12-23 12:37:00+05:30,295.39,295.39,295.39,295.39,0,76505
2025-12-23 12:38:00+05:30,295.39,295.39,295.39,295.39,0,76505
2025-12-23 12:39:00+05:30,295.0,295.0,295.0,295.0,65,76505
2025-12-23 12:40:00+05:30,293.0,293.0,293.0,293.0,65,76505
2025-12-23 12:41:00+05:30,293.0,293.0,293.0,293.0,0,76505
2025-12-23 12:42:00+05:30,294.05,294.05,293.3,293.3,390,76570
2025-12-23 12:43:00+05:30,293.3,293.3,293.3,293.3,0,76570
2025-12-23 12:44:00+05:30,293.3,293.3,293.3,293.3,0,76570
2025-12-23 12:45:00+05:30,295.39,295.39,295.39,295.39,130,76570
2025-12-23 12:46:00+05:30,295.89,295.89,295.89,295.89,260,76570
2025-12-23 12:47:00+05:30,293.85,293.85,293.85,293.85,65,76700
2025-12-23 12:48:00+05:30,293.0,293.0,293.0,293.0,130,76700
2025-12-23 12:49:00+05:30,295.0,295.0,295.0,295.0,65,76700
2025-12-23 12:50:00+05:30,295.0,295.0,295.0,295.0,0,76700
2025-12-23 12:51:00+05:30,295.0,295.0,295.0,295.0,0,76700
2025-12-23 12:52:00+05:30,295.0,295.0,295.0,295.0,0,76700
2025-12-23 12:53:00+05:30,295.0,295.0,295.0,295.0,0,76700
2025-12-23 12:54:00+05:30,294.55,294.55,294.55,294.55,65,76765
2025-12-23 12:55:00+05:30,294.55,294.55,293.1,293.1,585,76765
2025-12-23 12:56:00+05:30,293.1,293.1,293.1,293.1,0,76765
2025-12-23 12:57:00+05:30,294.39,294.39,294.39,294.39,65,77155
2025-12-23 12:58:00+05:30,294.39,294.39,294.39,294.39,0,77155
2025-12-23 12:59:00+05:30,294.39,294.39,294.39,294.39,0,77155
2025-12-23 13:00:00+05:30,294.39,294.39,294.39,294.39,0,77155
2025-12-23 13:01:00+05:30,290.0,290.6,290.0,290.6,455,77155
2025-12-23 13:02:00+05:30,290.39,290.39,290.39,290.39,130,77155
2025-12-23 13:03:00+05:30,292.0,292.0,291.45,291.45,325,77415
2025-12-23 13:04:00+05:30,291.45,291.45,291.45,291.45,0,77415
2025-12-23 13:05:00+05:30,293.5,293.5,293.5,293.5,65,77480
2025-12-23 13:06:00+05:30,293.05,293.05,292.8,292.8,325,77480
2025-12-23 13:07:00+05:30,294.75,294.75,293.45,293.45,1690,77480
2025-12-23 13:08:00+05:30,293.0,293.0,293.0,293.0,65,78520
2025-12-23 13:09:00+05:30,293.0,293.0,293.0,293.0,0,78520
2025-12-23 13:10:00+05:30,293.0,293.0,293.0,293.0,0,78520
2025-12-23 13:11:00+05:30,292.0,292.0,292.0,292.0,130,78520
2025-12-23 13:12:00+05:30,292.0,292.0,292.0,292.0,130,78585
2025-12-23 13:13:00+05:30,292.0,292.0,292.0,292.0,0,78585
2025-12-23 13:14:00+05:30,295.25,295.25,295.25,295.25,65,78650
2025-12-23 13:15:00+05:30,295.25,295.25,295.25,295.25,0,78650
2025-12-23 13:16:00+05:30,292.89,292.89,292.89,292.89,65,78650
2025-12-23 13:17:00+05:30,291.05,291.05,291.05,291.05,130,78780
2025-12-23 13:18:00+05:30,292.6,293.3,292.6,292.89,1365,78780
2025-12-23 13:19:00+05:30,292.35,293.35,292.2,292.2,520,78780
2025-12-23 13:20:00+05:30,293.35,293.35,293.35,293.35,65,79495
2025-12-23 13:21:00+05:30,293.35,293.35,293.35,293.35,0,79495
2025-12-23 13:22:00+05:30,293.35,293.35,293.35,293.35,0,79495
2025-12-23 13:23:00+05:30,293.35,293.35,293.35,293.35,0,79495
2025-12-23 13:24:00+05:30,295.64,295.64,294.95,294.95,455,79495
2025-12-23 13:25:00+05:30,294.95,294.95,294.95,294.95,0,79495
2025-12-23 13:26:00+05:30,294.95,294.95,294.95,294.95,0,79495
2025-12-23 13:27:00+05:30,294.95,294.95,294.95,294.95,0,79495
2025-12-23 13:28:00+05:30,294.95,294.95,294.95,294.95,0,79495
2025-12-23 13:29:00+05:30,292.0,292.0,292.0,292.0,130,79885
2025-12-23 13:30:00+05:30,292.0,292.0,292.0,292.0,0,79885
2025-12-23 13:31:00+05:30,292.5,292.5,292.5,292.5,65,79885
2025-12-23 13:32:00+05:30,292.5,292.5,292.5,292.5,0,79885
2025-12-23 13:33:00+05:30,292.5,292.5,292.5,292.5,0,79885
2025-12-23 13:34:00+05:30,292.5,292.5,292.5,292.5,0,79885
2025-12-23 13:35:00+05:30,292.5,292.5,292.5,292.5,0,79885
2025-12-23 13:36:00+05:30,292.5,292.5,292.5,292.5,0,79885
2025-12-23 13:37:00+05:30,293.39,293.39,293.39,293.39,65,79885
2025-12-23 13:38:00+05:30,293.39,293.39,293.39,293.39,0,79885
2025-12-23 13:39:00+05:30,293.25,295.35,293.25,295.35,130,79885
2025-12-23 13:40:00+05:30,295.35,295.35,295.35,295.35,0,79885
2025-12-23 13:41:00+05:30,296.5,296.5,296.5,296.5,65,79820
2025-12-23 13:42:00+05:30,296.5,296.5,296.5,296.5,0,79820
2025-12-23 13:43:00+05:30,296.5,296.5,296.5,296.5,0,79820
2025-12-23 13:44:00+05:30,296.5,296.5,296.5,296.5,520,79820
2025-12-23 13:45:00+05:30,296.5,296.5,296.5,296.5,0,79820
2025-12-23 13:46:00+05:30,296.5,296.5,296.5,296.5,65,79820
2025-12-23 13:47:00+05:30,296.5,296.5,296.5,296.5,0,79820
2025-12-23 13:48:00+05:30,295.05,295.55,295.0,295.0,650,80210
2025-12-23 13:49:00+05:30,293.45,293.45,293.45,293.45,65,80210
2025-12-23 13:50:00+05:30,295.6,295.6,295.6,295.6,65,80210
2025-12-23 13:51:00+05:30,295.6,295.6,295.6,295.6,0,80210
2025-12-23 13:52:00+05:30,295.6,295.6,295.6,295.6,0,80210
2025-12-23 13:53:00+05:30,295.6,295.6,295.6,295.6,0,80210
2025-12-23 13:54:00+05:30,295.6,295.6,295.6,295.6,0,80210
2025-12-23 13:55:00+05:30,290.0,290.0,290.0,290.0,195,80145
2025-12-23 13:56:00+05:30,290.0,290.0,290.0,290.0,0,80145
2025-12-23 13:57:00+05:30,290.0,290.0,290.0,290.0,130,80145
2025-12-23 13:58:00+05:30,292.5,292.5,292.5,292.5,65,80145
2025-12-23 13:59:00+05:30,290.8,290.8,290.8,290.8,65,80210
2025-12-23 14:00:00+05:30,290.8,290.8,290.8,290.8,130,80210
2025-12-23 14:01:00+05:30,290.8,290.8,290.8,290.8,0,80210
2025-12-23 14:02:00+05:30,290.8,290.8,290.8,290.8,0,80210
2025-12-23 14:03:00+05:30,291.95,291.95,291.95,291.95,650,80015
2025-12-23 14:04:00+05:30,289.3,289.3,289.3,289.3,130,80015
2025-12-23 14:05:00+05:30,289.25,289.25,289.25,289.25,195,80015
2025-12-23 14:06:00+05:30,289.25,289.25,289.25,289.25,0,80015
2025-12-23 14:07:00+05:30,289.25,289.25,289.25,289.25,0,80015
2025-12-23 14:08:00+05:30,289.25,289.25,289.25,289.25,0,80015
2025-12-23 14:09:00+05:30,291.0,291.05,290.3,290.3,195,80210
2025-12-23 14:10:00+05:30,290.0,290.0,290.0,290.0,520,80210
2025-12-23 14:11:00+05:30,291.8,291.8,291.5,291.5,845,80080
2025-12-23 14:12:00+05:30,291.5,291.5,290.05,290.05,130,80080
2025-12-23 14:13:00+05:30,290.14,291.5,290.14,291.5,260,80080
2025-12-23 14:14:00+05:30,290.0,290.05,285.0,286.45,1105,80860
2025-12-23 14:15:00+05:30,286.25,286.25,277.05,278.85,1820,80860
2025-12-23 14:16:00+05:30,278.85,279.39,277.0,279.39,585,80860
2025-12-23 14:17:00+05:30,279.39,279.45,279.39,279.45,455,80535
2025-12-23 14:18:00+05:30,271.95,272.85,271.95,272.05,2210,80535
2025-12-23 14:19:00+05:30,271.39,276.85,271.39,276.7,13715,80535
2025-12-23 14:20:00+05:30,275.0,276.1,275.0,276.1,975,80535
2025-12-23 14:21:00+05:30,275.2,276.8,275.2,276.8,325,75140
2025-12-23 14:22:00+05:30,275.45,276.1,274.39,276.1,455,75140
2025-12-23 14:23:00+05:30,274.8,274.8,273.0,273.0,1430,75660
2025-12-23 14:24:00+05:30,273.0,273.0,273.0,273.0,65,75660
2025-12-23 14:25:00+05:30,272.95,272.95,271.0,271.0,520,75660
2025-12-23 14:26:00+05:30,272.45,273.7,272.45,273.7,195,75790
2025-12-23 14:27:00+05:30,275.0,275.0,273.75,273.75,1625,75790
2025-12-23 14:28:00+05:30,273.75,273.75,273.75,273.75,0,75790
2025-12-23 14:29:00+05:30,277.95,277.95,276.95,276.95,650,75790
2025-12-23 14:30:00+05:30,277.0,279.45,277.0,279.45,390,76830
2025-12-23 14:31:00+05:30,280.0,280.8,280.0,280.0,325,76830
2025-12-23 14:32:00+05:30,279.45,280.85,279.45,280.3,1300,76895
2025-12-23 14:33:00+05:30,281.0,285.0,281.0,285.0,195,76895
2025-12-23 14:34:00+05:30,284.3,284.3,281.35,283.6,715,76895
2025-12-23 14:35:00+05:30,283.45,284.45,283.14,284.45,260,76895
2025-12-23 14:36:00+05:30,281.0,281.0,281.0,281.0,65,76895
2025-12-23 14:37:00+05:30,281.0,281.0,281.0,281.0,0,76895
2025-12-23 14:38:00+05:30,281.0,281.0,281.0,281.0,0,76895
2025-12-23 14:39:00+05:30,284.6,284.6,283.0,283.5,650,76830
2025-12-23 14:40:00+05:30,283.5,283.5,283.5,283.5,0,76830
2025-12-23 14:41:00+05:30,288.89,292.14,288.89,292.14,1105,76765
2025-12-23 14:42:00+05:30,291.25,293.25,290.75,292.1,2795,76765
2025-12-23 14:43:00+05:30,293.05,294.45,291.7,294.25,780,76765
2025-12-23 14:44:00+05:30,294.39,297.3,294.39,297.3,455,76375
2025-12-23 14:45:00+05:30,299.0,301.89,299.0,299.0,1950,76375
2025-12-23 14:46:00+05:30,296.95,298.05,293.0,293.25,1235,76375
2025-12-23 14:47:00+05:30,293.25,294.5,293.0,293.0,520,76375
2025-12-23 14:48:00+05:30,295.25,295.25,295.25,295.25,65,75595
2025-12-23 14:49:00+05:30,293.14,293.14,293.14,293.14,65,75595
2025-12-23 14:50:00+05:30,296.05,296.05,296.05,296.05,65,75660
2025-12-23 14:51:00+05:30,296.14,296.14,295.89,295.89,130,75660
2025-12-23 14:52:00+05:30,297.14,297.14,296.8,296.8,520,75660
2025-12-23 14:53:00+05:30,296.89,296.89,294.0,294.0,1235,74945
2025-12-23 14:54:00+05:30,293.75,296.95,293.75,296.85,1430,74945
2025-12-23 14:55:00+05:30,296.85,296.85,296.85,296.85,0,74945
2025-12-23 14:56:00+05:30,295.3,295.3,295.3,295.3,65,74945
2025-12-23 14:57:00+05:30,297.95,302.2,297.89,297.89,1625,74945
2025-12-23 14:58:00+05:30,297.8,297.8,295.0,295.39,780,74945
2025-12-23 14:59:00+05:30,295.0,295.0,292.0,292.0,195,74945
2025-12-23 15:00:00+05:30,290.05,290.05,290.0,290.0,130,75270
2025-12-23 15:01:00+05:30,290.05,294.14,290.05,294.14,910,75270
2025-12-23 15:02:00+05:30,294.14,294.14,294.14,294.14,0,75270
2025-12-23 15:03:00+05:30,295.0,303.55,295.0,303.55,2470,75270
2025-12-23 15:04:00+05:30,303.55,303.55,300.0,300.0,1040,75270
2025-12-23 15:05:00+05:30,299.05,300.0,299.05,300.0,1820,75270
2025-12-23 15:06:00+05:30,302.0,302.0,302.0,302.0,325,75530
2025-12-23 15:07:00+05:30,302.0,302.0,302.0,302.0,0,75530
2025-12-23 15:08:00+05:30,305.0,305.0,305.0,305.0,1820,75530
2025-12-23 15:09:00+05:30,302.25,303.89,302.05,302.05,715,75530
2025-12-23 15:10:00+05:30,302.5,303.55,302.5,303.55,390,75530
2025-12-23 15:11:00+05:30,303.3,303.3,303.25,303.25,195,75855
2025-12-23 15:12:00+05:30,303.0,303.8,302.25,302.25,260,75855
2025-12-23 15:13:00+05:30,304.0,304.0,302.5,302.5,260,75855
2025-12-23 15:14:00+05:30,302.05,303.0,302.05,303.0,585,75855
2025-12-23 15:15:00+05:30,304.0,304.0,304.0,304.0,520,75855
2025-12-23 15:16:00+05:30,303.64,303.64,302.95,302.95,130,75855
2025-12-23 15:17:00+05:30,302.95,302.95,302.95,302.95,0,75855
2025-12-23 15:18:00+05:30,302.95,303.0,302.95,303.0,260,75855
2025-12-23 15:19:00+05:30,303.45,303.45,303.45,303.45,195,75855
2025-12-23 15:20:00+05:30,303.5,303.89,303.45,303.45,1625,75855
2025-12-23 15:21:00+05:30,302.7,302.7,302.45,302.45,910,75205
2025-12-23 15:22:00+05:30,302.39,302.7,301.6,302.7,1300,75205
2025-12-23 15:23:00+05:30,303.6,303.89,303.0,303.0,260,74360
2025-12-23 15:24:00+05:30,302.0,302.0,302.0,302.0,520,74360
2025-12-23 15:25:00+05:30,302.25,304.8,302.25,304.8,4095,74360
2025-12-23 15:26:00+05:30,305.45,306.0,304.2,306.0,4810,74360
2025-12-23 15:27:00+05:30,305.64,305.64,304.0,304.6,650,69095
2025-12-23 15:28:00+05:30,305.85,306.0,305.85,306.0,325,69095
2025-12-23 15:29:00+05:30,305.05,308.5,305.05,308.5,2015,69095
2025-12-24 09:15:00+05:30,308.0,319.1,308.0,316.95,2340,69030
2025-12-24 09:16:00+05:30,322.75,326.14,310.3,310.3,6240,69290
2025-12-24 09:17:00+05:30,308.35,314.75,306.0,306.25,3835,69290
2025-12-24 09:18:00+05:30,297.25,297.25,290.0,293.45,1755,69290
2025-12-24 09:19:00+05:30,289.0,289.0,282.5,286.85,4485,72020
2025-12-24 09:20:00+05:30,283.0,286.2,282.75,284.0,2210,72020
2025-12-24 09:21:00+05:30,284.3,284.3,277.0,277.14,2925,72020
2025-12-24 09:22:00+05:30,278.35,285.2,278.35,285.2,1495,72085
2025-12-24 09:23:00+05:30,284.05,286.0,280.0,281.1,5005,72085
2025-12-24 09:24:00+05:30,280.0,280.0,277.0,278.05,585,72085
2025-12-24 09:25:00+05:30,277.0,277.0,273.0,275.39,17160,73385
2025-12-24 09:26:00+05:30,275.0,277.14,272.89,274.39,975,73385
2025-12-24 09:27:00+05:30,273.89,273.89,269.55,273.05,3835,73385
2025-12-24 09:28:00+05:30,272.95,272.95,269.7,270.39,3315,86905
2025-12-24 09:29:00+05:30,269.6,272.7,269.14,271.55,1430,86905
2025-12-24 09:30:00+05:30,269.0,271.64,268.8,270.95,2860,86905
2025-12-24 09:31:00+05:30,271.3,271.35,267.45,271.1,5915,91000
2025-12-24 09:32:00+05:30,269.8,271.5,268.1,269.0,975,91000
2025-12-24 09:33:00+05:30,269.25,269.25,262.7,264.1,5720,91000
2025-12-24 09:34:00+05:30,265.89,267.05,265.89,266.25,2340,93145
2025-12-24 09:35:00+05:30,266.89,271.5,265.45,271.5,2730,93145
2025-12-24 09:36:00+05:30,272.0,272.0,266.35,271.6,975,93145
2025-12-24 09:37:00+05:30,271.5,271.5,268.35,271.0,2470,91325
2025-12-24 09:38:00+05:30,270.85,273.5,269.85,272.5,20280,91325
2025-12-24 09:39:00+05:30,272.5,275.1,272.5,273.1,3380,91325
2025-12-24 09:40:00+05:30,273.64,277.1,270.5,272.45,3315,105690
2025-12-24 09:41:00+05:30,272.85,277.1,272.85,276.5,2015,105690
2025-12-24 09:42:00+05:30,277.45,279.85,274.0,274.0,3250,105690
2025-12-24 09:43:00+05:30,274.0,279.95,273.5,279.2,2145,107575
2025-12-24 09:44:00+05:30,274.8,274.8,271.25,271.25,845,107575
2025-12-24 09:45:00+05:30,268.0,274.75,267.5,271.3,1365,107575
2025-12-24 09:46:00+05:30,270.95,274.75,270.95,274.75,585,107120
2025-12-24 09:47:00+05:30,277.85,279.14,277.85,278.55,1430,107120
2025-12-24 09:48:00+05:30,280.75,282.35,277.7,277.7,2210,107120
2025-12-24 09:49:00+05:30,280.95,282.0,279.05,282.0,1105,108550
2025-12-24 09:50:00+05:30,280.2,280.2,280.2,280.2,130,108550
2025-12-24 09:51:00+05:30,275.0,275.0,269.05,269.05,1300,108550
2025-12-24 09:52:00+05:30,269.0,270.89,264.25,264.7,3185,110565
2025-12-24 09:53:00+05:30,265.5,267.14,265.5,267.14,260,110565
2025-12-24 09:54:00+05:30,272.45,272.45,269.0,270.55,910,110565
2025-12-24 09:55:00+05:30,270.0,273.6,270.0,273.2,520,110890
2025-12-24 09:56:00+05:30,271.89,274.2,271.89,274.2,520,110890
2025-12-24 09:57:00+05:30,274.64,274.64,270.8,270.8,1105,110890
2025-12-24 09:58:00+05:30,270.0,270.95,267.85,267.85,2860,111020
2025-12-24 09:59:00+05:30,267.05,269.1,266.5,269.1,4420,111020
2025-12-24 10:00:00+05:30,268.89,270.05,267.35,268.85,1040,111020
2025-12-24 10:01:00+05:30,268.1,271.5,267.0,269.1,1885,115765
2025-12-24 10:02:00+05:30,267.45,268.39,267.45,267.7,1170,115765
2025-12-24 10:03:00+05:30,270.3,271.39,269.7,271.39,845,115765
2025-12-24 10:04:00+05:30,272.0,275.25,272.0,274.64,910,118105
2025-12-24 10:05:00+05:30,273.95,275.0,273.1,273.1,520,118105
2025-12-24 10:06:00+05:30,273.0,275.45,269.89,275.45,1885,118105
2025-12-24 10:07:00+05:30,271.0,271.7,271.0,271.7,195,118300
2025-12-24 10:08:00+05:30,271.14,276.25,271.14,272.05,1235,118300
2025-12-24 10:09:00+05:30,273.39,274.6,269.75,270.0,1365,118300
2025-12-24 10:10:00+05:30,270.0,270.0,265.0,265.14,2990,121355
2025-12-24 10:11:00+05:30,266.55,266.55,262.89,262.89,585,121355
2025-12-24 10:12:00+05:30,262.6,263.95,262.5,263.95,520,121355
2025-12-24 10:13:00+05:30,267.35,267.35,261.0,261.0,390,122525
2025-12-24 10:14:00+05:30,259.25,261.2,256.6,261.2,2145,122525
2025-12-24 10:15:00+05:30,260.39,261.95,255.75,256.0,14365,122525
2025-12-24 10:16:00+05:30,257.75,259.6,256.8,257.0,2145,134615
2025-12-24 10:17:00+05:30,257.1,261.39,257.1,260.39,585,134615
2025-12-24 10:18:00+05:30,260.39,260.39,258.05,258.05,390,134615
2025-12-24 10:19:00+05:30,261.0,262.05,260.45,262.05,390,136435
2025-12-24 10:20:00+05:30,263.0,265.0,263.0,265.0,2080,136435
2025-12-24 10:21:00+05:30,265.3,265.3,263.05,263.05,1365,136435
2025-12-24 10:22:00+05:30,264.2,264.2,261.45,262.35,455,137670
2025-12-24 10:23:00+05:30,262.75,262.75,262.75,262.75,130,137670
2025-12-24 10:24:00+05:30,263.5,265.2,263.5,265.2,325,137670
2025-12-24 10:25:00+05:30,264.5,264.85,263.8,264.5,1495,137215
2025-12-24 10:26:00+05:30,263.3,263.3,262.75,262.8,325,137215
2025-12-24 10:27:00+05:30,261.0,263.7,261.0,263.7,325,137215
2025-12-24 10:28:00+05:30,263.7,263.7,263.7,263.7,0,137215
2025-12-24 10:29:00+05:30,261.6,261.6,261.6,261.6,130,136825
2025-12-24 10:30:00+05:30,260.0,260.95,260.0,260.95,325,136825
2025-12-24 10:31:00+05:30,261.55,263.35,260.35,263.35,650,137150
2025-12-24 10:32:00+05:30,263.95,263.95,261.7,261.7,520,137150
2025-12-24 10:33:00+05:30,261.7,261.7,261.7,261.7,65,137150
2025-12-24 10:34:00+05:30,261.7,261.7,261.7,261.7,0,137150
2025-12-24 10:35:00+05:30,260.45,262.0,259.6,262.0,845,137735
2025-12-24 10:36:00+05:30,262.1,264.55,262.1,264.55,195,137735
2025-12-24 10:37:00+05:30,263.35,266.5,263.35,266.5,130,137930
2025-12-24 10:38:00+05:30,269.0,269.0,268.45,268.89,715,137930
2025-12-24 10:39:00+05:30,268.89,268.89,267.05,267.05,7475,137930
2025-12-24 10:40:00+05:30,267.0,267.0,267.0,267.0,65,141700
2025-12-24 10:41:00+05:30,267.0,267.0,267.0,267.0,0,141700
2025-12-24 10:42:00+05:30,267.0,267.0,267.0,267.0,130,141700
2025-12-24 10:43:00+05:30,265.8,268.5,265.8,268.5,1690,141700
2025-12-24 10:44:00+05:30,266.35,270.05,266.35,270.05,130,141700
2025-12-24 10:45:00+05:30,271.05,271.05,270.25,270.25,1950,141700
2025-12-24 10:46:00+05:30,271.05,271.05,270.55,270.55,4680,135070
2025-12-24 10:47:00+05:30,270.85,270.85,270.85,270.85,65,135070
2025-12-24 10:48:00+05:30,274.0,277.14,274.0,276.95,650,135070
2025-12-24 10:49:00+05:30,277.0,277.0,274.6,274.6,780,135330
2025-12-24 10:50:00+05:30,274.95,274.95,273.95,273.95,1300,135330
2025-12-24 10:51:00+05:30,276.89,280.5,276.0,280.5,1430,135330
2025-12-24 10:52:00+05:30,280.0,281.0,280.0,280.14,9555,135005
2025-12-24 10:53:00+05:30,280.14,280.14,278.14,278.14,390,135005
2025-12-24 10:54:00+05:30,279.0,284.6,277.64,282.8,12675,135005
2025-12-24 10:55:00+05:30,281.25,284.1,281.25,283.0,22295,133445
2025-12-24 10:56:00+05:30,282.75,282.75,277.1,277.1,1430,133445
2025-12-24 10:57:00+05:30,276.0,276.0,274.8,274.8,1170,133445
2025-12-24 10:58:00+05:30,273.64,274.0,273.64,274.0,11830,122850
2025-12-24 10:59:00+05:30,274.75,278.0,274.75,277.1,715,122850
2025-12-24 11:00:00+05:30,274.0,276.5,274.0,276.5,3315,122850
2025-12-24 11:01:00+05:30,276.25,276.25,275.0,275.39,325,122850
2025-12-24 11:02:00+05:30,277.0,287.05,277.0,287.05,2925,122395
2025-12-24 11:03:00+05:30,286.14,288.05,283.6,284.0,455,122395
2025-12-24 11:04:00+05:30,284.0,285.0,283.55,283.55,1235,122135
2025-12-24 11:05:00+05:30,282.0,282.0,279.2,279.89,910,122135
2025-12-24 11:06:00+05:30,279.0,280.5,279.0,280.5,260,122135
2025-12-24 11:07:00+05:30,281.85,281.85,279.85,279.85,130,121940
2025-12-24 11:08:00+05:30,281.0,281.64,281.0,281.64,390,121940
2025-12-24 11:09:00+05:30,281.64,281.64,281.64,281.64,0,121940
2025-12-24 11:10:00+05:30,281.39,281.39,281.39,281.39,195,122005
2025-12-24 11:11:00+05:30,280.05,280.05,280.05,280.05,65,122005
2025-12-24 11:12:00+05:30,276.0,276.0,276.0,276.0,130,122005
2025-12-24 11:13:00+05:30,274.0,275.0,273.8,273.8,520,122200
2025-12-24 11:14:00+05:30,272.0,272.0,272.0,272.0,325,122200
2025-12-24 11:15:00+05:30,272.2,272.2,272.2,272.2,65,122200
2025-12-24 11:16:00+05:30,272.5,272.5,270.6,270.6,520,122200
2025-12-24 11:17:00+05:30,275.0,275.0,275.0,275.0,910,122395
2025-12-24 11:18:00+05:30,272.39,273.5,272.39,273.5,130,122395
2025-12-24 11:19:00+05:30,274.5,274.5,274.5,274.5,65,122395
2025-12-24 11:20:00+05:30,270.89,272.95,270.85,270.85,650,121550
2025-12-24 11:21:00+05:30,269.7,270.85,268.0,268.0,11310,121550
2025-12-24 11:22:00+05:30,268.25,268.89,267.05,267.05,845,124215
2025-12-24 11:23:00+05:30,266.05,266.05,263.6,265.35,2795,124215
2025-12-24 11:24:00+05:30,265.7,268.75,265.7,268.75,1755,124215
2025-12-24 11:25:00+05:30,269.35,272.7,269.35,272.7,9360,125645
2025-12-24 11:26:00+05:30,274.0,275.6,273.7,273.7,325,125645
2025-12-24 11:27:00+05:30,273.7,273.7,273.7,273.7,130,125645
2025-12-24 11:28:00+05:30,273.7,273.7,273.7,273.7,0,125645
2025-12-24 11:29:00+05:30,272.39,272.39,269.75,269.75,390,124930
2025-12-24 11:30:00+05:30,270.55,270.89,270.55,270.85,650,124930
2025-12-24 11:31:00+05:30,273.3,273.3,273.3,273.3,130,124930
2025-12-24 11:32:00+05:30,269.45,269.45,269.3,269.3,130,124930
2025-12-24 11:33:00+05:30,269.3,270.35,268.5,270.35,325,124930
2025-12-24 11:34:00+05:30,269.7,269.7,268.3,269.3,1105,124930
2025-12-24 11:35:00+05:30,269.89,270.35,269.3,270.35,1430,125905
2025-12-24 11:36:00+05:30,269.45,271.7,269.45,271.05,845,125905
2025-12-24 11:37:00+05:30,270.75,271.39,269.6,271.39,715,127205
2025-12-24 11:38:00+05:30,272.85,273.2,271.95,273.1,455,127205
2025-12-24 11:39:00+05:30,273.75,275.25,273.75,275.25,650,127205
2025-12-24 11:40:00+05:30,276.14,276.14,274.55,275.0,650,127335
2025-12-24 11:41:00+05:30,275.0,275.0,275.0,275.0,0,127335
2025-12-24 11:42:00+05:30,276.8,282.95,276.8,282.5,21710,127335
2025-12-24 11:43:00+05:30,284.0,288.05,284.0,288.05,1235,139295
2025-12-24 11:44:00+05:30,290.0,292.3,290.0,291.55,1755,139295
2025-12-24 11:45:00+05:30,294.0,295.3,290.2,292.55,1170,139295
2025-12-24 11:46:00+05:30,293.64,294.85,292.0,294.45,1755,139100
2025-12-24 11:47:00+05:30,294.55,295.2,294.0,294.0,1560,139100
2025-12-24 11:48:00+05:30,294.0,294.0,292.0,292.0,1430,139100
2025-12-24 11:49:00+05:30,290.85,290.85,290.8,290.8,6565,139100
2025-12-24 11:50:00+05:30,290.8,290.8,290.8,290.8,0,139100
2025-12-24 11:51:00+05:30,290.64,292.0,290.64,291.3,780,140335
2025-12-24 11:52:00+05:30,292.0,294.0,290.0,293.0,2145,139360
2025-12-24 11:53:00+05:30,291.85,292.0,291.5,291.5,195,139360
2025-12-24 11:54:00+05:30,291.5,291.5,291.5,291.5,0,139360
2025-12-24 11:55:00+05:30,286.75,286.75,285.0,286.0,780,139295
2025-12-24 11:56:00+05:30,286.0,286.39,286.0,286.39,195,139295
2025-12-24 11:57:00+05:30,286.39,286.39,286.39,286.39,0,139295
2025-12-24 11:58:00+05:30,286.0,286.0,286.0,286.0,65,139295
2025-12-24 11:59:00+05:30,283.25,283.25,283.25,283.25,325,139360
2025-12-24 12:00:00+05:30,283.25,283.25,283.25,283.25,0,139360
2025-12-24 12:01:00+05:30,284.75,284.75,284.75,284.75,65,139360
2025-12-24 12:02:00+05:30,288.6,288.6,284.0,284.0,390,139165
2025-12-24 12:03:00+05:30,284.0,284.0,283.05,283.05,130,139165
2025-12-24 12:04:00+05:30,281.8,282.0,281.8,282.0,3250,139165
2025-12-24 12:05:00+05:30,282.14,282.14,282.14,282.14,455,139035
2025-12-24 12:06:00+05:30,282.14,282.14,282.14,282.14,0,139035
2025-12-24 12:07:00+05:30,281.0,281.0,281.0,281.0,65,139035
2025-12-24 12:08:00+05:30,284.0,285.0,283.95,285.0,2340,139295
2025-12-24 12:09:00+05:30,286.39,286.39,286.39,286.39,65,139295
2025-12-24 12:10:00+05:30,287.14,287.14,285.0,285.0,845,138190
2025-12-24 12:11:00+05:30,286.35,286.35,286.35,286.35,65,138190
2025-12-24 12:12:00+05:30,286.0,286.0,286.0,286.0,130,138190
2025-12-24 12:13:00+05:30,284.0,284.0,284.0,284.0,260,138190
2025-12-24 12:14:00+05:30,283.7,283.7,282.39,282.39,195,137865
2025-12-24 12:15:00+05:30,282.39,282.39,282.39,282.39,0,137865
2025-12-24 12:16:00+05:30,280.2,280.2,280.2,280.2,65,137865
2025-12-24 12:17:00+05:30,282.95,282.95,282.95,282.95,65,137995
2025-12-24 12:18:00+05:30,281.5,281.5,281.5,281.5,65,137995
2025-12-24 12:19:00+05:30,278.0,278.89,277.7,278.1,520,137995
2025-12-24 12:20:00+05:30,281.2,281.2,281.2,281.2,65,138060
2025-12-24 12:21:00+05:30,280.89,280.89,280.0,280.0,455,138060
2025-12-24 12:22:00+05:30,283.39,283.39,283.39,283.39,65,138060
2025-12-24 12:23:00+05:30,282.6,282.6,282.6,282.6,130,138255
2025-12-24 12:24:00+05:30,282.6,282.6,282.6,282.6,0,138255
2025-12-24 12:25:00+05:30,284.05,284.05,282.7,282.7,6695,138255
2025-12-24 12:26:00+05:30,280.0,280.0,275.5,275.5,2210,143715
2025-12-24 12:27:00+05:30,276.39,276.39,275.0,276.0,585,143715
2025-12-24 12:28:00+05:30,278.35,279.75,278.35,278.5,2145,143715
2025-12-24 12:29:00+05:30,279.0,279.0,279.0,279.0,455,144560
2025-12-24 12:30:00+05:30,277.95,278.0,277.0,278.0,260,144560
2025-12-24 12:31:00+05:30,273.25,274.7,273.25,274.45,260,144560
2025-12-24 12:32:00+05:30,273.0,273.0,272.0,272.85,8905,144495
2025-12-24 12:33:00+05:30,273.0,275.0,273.0,275.0,325,144495
2025-12-24 12:34:00+05:30,275.0,275.0,275.0,275.0,1625,144495
2025-12-24 12:35:00+05:30,275.0,275.0,275.0,275.0,0,144495
2025-12-24 12:36:00+05:30,274.89,274.89,274.0,274.0,650,148265
2025-12-24 12:37:00+05:30,274.0,274.0,274.0,274.0,0,148265
2025-12-24 12:38:00+05:30,274.0,274.0,274.0,274.0,0,148265
2025-12-24 12:39:00+05:30,279.0,282.0,279.0,281.14,585,148850
2025-12-24 12:40:00+05:30,281.5,281.5,281.5,281.5,455,148850
2025-12-24 12:41:00+05:30,281.25,284.14,279.8,283.89,4225,148330
2025-12-24 12:42:00+05:30,283.89,286.5,283.89,286.39,3380,148330
2025-12-24 12:43:00+05:30,286.39,286.39,286.39,286.39,0,148330
2025-12-24 12:44:00+05:30,286.39,286.39,286.39,286.39,0,148330
2025-12-24 12:45:00+05:30,284.6,285.14,284.6,285.14,325,145925
2025-12-24 12:46:00+05:30,285.14,285.14,285.14,285.14,65,145925
2025-12-24 12:47:00+05:30,284.0,285.2,284.0,285.2,780,145990
2025-12-24 12:48:00+05:30,282.5,282.5,282.5,282.5,65,145990
2025-12-24 12:49:00+05:30,283.64,285.0,283.64,285.0,195,145990
2025-12-24 12:50:00+05:30,286.5,287.5,286.5,287.5,7410,145990
2025-12-24 12:51:00+05:30,287.5,287.5,287.5,287.5,0,145990
2025-12-24 12:52:00+05:30,285.7,287.6,285.7,287.6,2275,145990
2025-12-24 12:53:00+05:30,287.5,287.5,285.0,285.7,3705,151710
2025-12-24 12:54:00+05:30,285.2,287.1,285.2,286.05,8905,151710
2025-12-24 12:55:00+05:30,284.39,284.39,284.39,284.39,650,151710
2025-12-24 12:56:00+05:30,286.5,286.5,286.14,286.14,390,159315
2025-12-24 12:57:00+05:30,286.14,286.14,286.14,286.14,65,159315
2025-12-24 12:58:00+05:30,283.0,283.0,283.0,283.0,130,159315
2025-12-24 12:59:00+05:30,285.0,285.55,284.8,285.0,1235,159055
2025-12-24 13:00:00+05:30,285.1,291.0,285.1,288.2,14300,159055
2025-12-24 13:01:00+05:30,288.6,290.7,285.5,288.5,10985,159055
2025-12-24 13:02:00+05:30,288.5,291.05,288.5,291.05,5070,173875
2025-12-24 13:03:00+05:30,289.0,289.0,287.6,287.6,1170,173875
2025-12-24 13:04:00+05:30,287.0,287.3,286.14,286.14,5850,173875
2025-12-24 13:05:00+05:30,287.6,289.7,287.6,289.7,650,178295
2025-12-24 13:06:00+05:30,290.05,294.0,290.05,293.0,9425,178295
2025-12-24 13:07:00+05:30,289.95,290.0,288.95,290.0,6695,178295
2025-12-24 13:08:00+05:30,291.1,292.0,291.1,292.0,4940,187590
2025-12-24 13:09:00+05:30,294.39,294.85,291.7,291.7,650,187590
2025-12-24 13:10:00+05:30,291.7,293.45,291.7,293.45,195,187590
2025-12-24 13:11:00+05:30,293.05,295.0,293.05,294.55,390,190970
2025-12-24 13:12:00+05:30,295.2,297.35,292.14,294.0,3835,190970
2025-12-24 13:13:00+05:30,294.7,294.7,291.85,291.85,3510,190970
2025-12-24 13:14:00+05:30,292.0,292.5,289.89,292.5,4095,191490
2025-12-24 13:15:00+05:30,294.55,296.7,294.55,296.7,130,191490
2025-12-24 13:16:00+05:30,294.05,294.05,292.05,292.05,7280,191490
2025-12-24 13:17:00+05:30,292.35,294.85,292.35,294.85,325,189800
2025-12-24 13:18:00+05:30,294.3,294.3,294.3,294.3,130,189800
2025-12-24 13:19:00+05:30,293.35,293.35,293.35,293.35,65,189800
2025-12-24 13:20:00+05:30,295.0,295.0,293.0,293.0,585,189605
2025-12-24 13:21:00+05:30,295.39,295.39,295.39,295.39,65,189605
2025-12-24 13:22:00+05:30,298.0,298.0,298.0,298.0,130,189605
2025-12-24 13:23:00+05:30,297.05,300.0,297.05,298.0,1300,189605
2025-12-24 13:24:00+05:30,298.64,298.64,297.0,297.55,195,189605
2025-12-24 13:25:00+05:30,299.7,300.75,299.55,299.8,910,189605
2025-12-24 13:26:00+05:30,298.05,298.2,296.64,298.2,1105,188825
2025-12-24 13:27:00+05:30,298.2,298.2,295.5,296.6,455,188825
2025-12-24 13:28:00+05:30,297.05,297.05,295.55,296.1,195,188825
2025-12-24 13:29:00+05:30,298.0,299.75,298.0,299.75,195,188825
2025-12-24 13:30:00+05:30,300.1,302.25,300.1,302.25,260,188825
2025-12-24 13:31:00+05:30,302.25,303.95,302.25,303.55,14430,188825
2025-12-24 13:32:00+05:30,305.0,315.55,305.0,314.14,5720,184015
2025-12-24 13:33:00+05:30,315.5,317.5,315.39,316.2,910,184015
2025-12-24 13:34:00+05:30,312.0,312.0,308.55,309.0,1235,184015
2025-12-24 13:35:00+05:30,309.6,310.89,309.3,310.5,5005,183235
2025-12-24 13:36:00+05:30,314.14,314.14,309.0,310.0,5005,183235
2025-12-24 13:37:00+05:30,310.64,310.95,310.0,310.0,1820,183235
2025-12-24 13:38:00+05:30,309.05,310.35,308.35,308.35,650,185575
2025-12-24 13:39:00+05:30,307.75,310.14,307.75,310.14,455,185575
2025-12-24 13:40:00+05:30,311.0,312.55,309.25,311.45,455,185575
2025-12-24 13:41:00+05:30,311.89,311.89,311.89,311.89,65,185575
2025-12-24 13:42:00+05:30,313.64,317.0,313.64,317.0,2275,184990
2025-12-24 13:43:00+05:30,316.6,316.6,311.39,311.39,2340,184990
2025-12-24 13:44:00+05:30,309.75,309.75,309.75,309.75,130,185640
2025-12-24 13:45:00+05:30,312.39,312.39,312.39,312.39,455,185640
2025-12-24 13:46:00+05:30,312.39,312.39,312.39,312.39,0,185640
2025-12-24 13:47:00+05:30,310.0,312.8,310.0,312.8,4095,185705
2025-12-24 13:48:00+05:30,312.5,313.25,312.5,313.25,715,185705
2025-12-24 13:49:00+05:30,310.0,310.0,309.7,310.0,4875,185705
2025-12-24 13:50:00+05:30,310.0,310.0,307.7,307.7,1300,185640
2025-12-24 13:51:00+05:30,305.7,306.2,304.45,304.45,2405,185640
2025-12-24 13:52:00+05:30,304.14,304.6,304.14,304.6,390,185640
2025-12-24 13:53:00+05:30,304.6,304.6,304.6,304.6,0,185640
2025-12-24 13:54:00+05:30,302.75,302.75,302.6,302.6,2145,184990
2025-12-24 13:55:00+05:30,302.45,302.95,302.45,302.95,130,184990
2025-12-24 13:56:00+05:30,307.0,307.0,307.0,307.0,65,186290
2025-12-24 13:57:00+05:30,311.35,317.35,311.35,314.89,15340,186290
2025-12-24 13:58:00+05:30,313.2,314.0,312.55,314.0,6955,186290
2025-12-24 13:59:00+05:30,313.1,313.1,313.1,313.1,65,186290
2025-12-24 14:00:00+05:30,314.5,317.0,313.95,315.0,15405,183105
2025-12-24 14:01:00+05:30,319.0,320.0,316.64,317.45,2275,183105
2025-12-24 14:02:00+05:30,318.25,318.25,315.25,315.25,2275,183105
2025-12-24 14:03:00+05:30,317.05,318.2,317.05,318.2,325,190645
2025-12-24 14:04:00+05:30,319.45,319.45,315.0,316.0,520,190645
2025-12-24 14:05:00+05:30,313.85,315.6,313.25,313.85,2535,190580
2025-12-24 14:06:00+05:30,314.55,314.55,314.55,314.55,65,190580
2025-12-24 14:07:00+05:30,314.45,315.2,314.0,315.2,13130,190580
2025-12-24 14:08:00+05:30,317.0,317.0,315.1,315.55,390,201695
2025-12-24 14:09:00+05:30,314.05,314.05,311.0,311.55,780,201695
2025-12-24 14:10:00+05:30,316.1,316.1,315.3,315.3,195,201695
2025-12-24 14:11:00+05:30,313.3,313.3,313.3,313.3,65,201695
2025-12-24 14:12:00+05:30,315.0,315.0,315.0,315.0,390,201305
2025-12-24 14:13:00+05:30,313.95,313.95,313.85,313.85,260,201305
2025-12-24 14:14:00+05:30,312.0,313.85,312.0,312.0,910,201305
2025-12-24 14:15:00+05:30,312.8,312.8,312.8,312.8,455,201305
2025-12-24 14:16:00+05:30,310.89,310.89,308.45,310.0,1365,201305
2025-12-24 14:17:00+05:30,310.8,311.45,310.5,311.45,585,201110
2025-12-24 14:18:00+05:30,310.35,311.35,310.35,311.35,520,201110
2025-12-24 14:19:00+05:30,312.0,312.0,312.0,312.0,65,201110
2025-12-24 14:20:00+05:30,315.1,315.1,315.1,315.1,130,201305
2025-12-24 14:21:00+05:30,317.0,317.0,316.0,316.0,390,201305
2025-12-24 14:22:00+05:30,315.64,320.0,314.55,320.0,4420,201305
2025-12-24 14:23:00+05:30,319.1,319.3,319.0,319.3,585,200395
2025-12-24 14:24:00+05:30,322.0,322.0,318.6,318.6,3055,200395
2025-12-24 14:25:00+05:30,318.0,322.89,318.0,322.89,715,200395
2025-12-24 14:26:00+05:30,322.0,332.5,321.95,330.95,4810,199875
2025-12-24 14:27:00+05:30,326.5,327.8,325.0,325.39,1040,199875
2025-12-24 14:28:00+05:30,325.45,325.45,323.1,325.0,1235,199875
2025-12-24 14:29:00+05:30,321.5,321.5,320.0,320.89,520,198315
2025-12-24 14:30:00+05:30,321.14,321.8,314.7,314.7,2340,198315
2025-12-24 14:31:00+05:30,315.0,317.45,315.0,317.45,260,198315
2025-12-24 14:32:00+05:30,318.0,321.0,318.0,321.0,520,198315
2025-12-24 14:33:00+05:30,317.8,318.0,317.8,318.0,715,196040
2025-12-24 14:34:00+05:30,316.2,318.8,316.2,318.8,130,196040
2025-12-24 14:35:00+05:30,318.8,318.8,318.8,318.8,0,196040
2025-12-24 14:36:00+05:30,320.0,325.2,320.0,325.2,1495,196040
2025-12-24 14:37:00+05:30,325.5,325.5,324.85,324.85,130,196040
2025-12-24 14:38:00+05:30,324.3,324.3,323.0,323.0,130,196040
2025-12-24 14:39:00+05:30,323.2,323.2,321.0,321.0,2665,196040
2025-12-24 14:40:00+05:30,321.0,321.0,316.8,318.89,2145,196040
2025-12-24 14:41:00+05:30,318.89,318.89,318.89,318.89,0,196040
2025-12-24 14:42:00+05:30,320.85,321.75,320.85,321.75,715,196365
2025-12-24 14:43:00+05:30,320.64,320.64,319.3,319.75,715,196365
2025-12-24 14:44:00+05:30,319.14,319.3,316.85,316.85,1105,195780
2025-12-24 14:45:00+05:30,314.39,315.35,313.64,315.35,1690,195780
2025-12-24 14:46:00+05:30,314.64,315.0,313.45,313.45,6955,195780
2025-12-24 14:47:00+05:30,312.5,312.85,311.35,311.75,845,202020
2025-12-24 14:48:00+05:30,310.0,312.0,309.14,311.7,11310,202020
2025-12-24 14:49:00+05:30,318.95,318.95,318.95,318.95,130,202020
2025-12-24 14:50:00+05:30,320.0,320.2,318.14,320.0,1300,208000
2025-12-24 14:51:00+05:30,319.95,320.39,319.95,320.39,8125,208000
2025-12-24 14:52:00+05:30,320.89,322.35,320.0,322.35,650,208000
2025-12-24 14:53:00+05:30,321.3,322.0,320.35,321.2,1365,213915
2025-12-24 14:54:00+05:30,318.3,318.3,316.75,316.75,325,213915
2025-12-24 14:55:00+05:30,316.1,318.14,315.55,318.14,325,213915
2025-12-24 14:56:00+05:30,315.5,315.5,315.5,315.5,260,213915
2025-12-24 14:57:00+05:30,316.05,318.0,314.0,318.0,1040,214175
2025-12-24 14:58:00+05:30,314.0,314.0,314.0,314.0,65,214175
2025-12-24 14:59:00+05:30,312.0,312.0,310.5,310.5,5265,214175
2025-12-24 15:00:00+05:30,308.3,310.95,308.05,310.95,4225,213525
2025-12-24 15:01:00+05:30,314.45,316.7,314.45,316.7,715,213525
2025-12-24 15:02:00+05:30,317.35,317.35,316.7,317.2,390,213915
2025-12-24 15:03:00+05:30,318.0,318.64,313.6,313.6,910,213915
2025-12-24 15:04:00+05:30,316.14,316.35,314.8,314.8,455,213915
2025-12-24 15:05:00+05:30,312.95,314.39,312.95,314.0,1495,213720
2025-12-24 15:06:00+05:30,311.2,313.0,311.05,311.05,4095,213720
2025-12-24 15:07:00+05:30,311.05,314.95,311.05,314.95,910,213720
2025-12-24 15:08:00+05:30,314.0,314.25,312.0,312.0,325,213980
2025-12-24 15:09:00+05:30,312.0,313.25,312.0,313.25,3575,213980
2025-12-24 15:10:00+05:30,314.45,314.5,313.55,313.55,325,213980
2025-12-24 15:11:00+05:30,316.0,316.0,316.0,316.0,715,213980
2025-12-24 15:12:00+05:30,313.0,315.05,313.0,314.8,975,216775
2025-12-24 15:13:00+05:30,315.25,315.45,314.64,314.64,1885,216775
2025-12-24 15:14:00+05:30,315.1,315.6,314.7,314.7,1755,215020
2025-12-24 15:15:00+05:30,314.45,316.75,314.45,316.14,1950,215020
2025-12-24 15:16:00+05:30,317.45,317.45,316.25,316.3,1365,215020
2025-12-24 15:17:00+05:30,315.7,317.0,315.7,316.45,2730,213915
2025-12-24 15:18:00+05:30,316.95,317.25,316.3,316.3,5850,213915
2025-12-24 15:19:00+05:30,315.55,317.14,315.05,317.14,2600,213915
2025-12-24 15:20:00+05:30,316.89,316.89,315.0,316.0,9880,214565
2025-12-24 15:21:00+05:30,315.85,317.6,315.85,317.14,3250,214565
2025-12-24 15:22:00+05:30,316.95,317.39,316.7,317.0,7800,214565
2025-12-24 15:23:00+05:30,316.85,317.39,315.25,317.2,4225,217490
2025-12-24 15:24:00+05:30,316.5,318.0,316.5,317.39,2795,217490
2025-12-24 15:25:00+05:30,317.3,319.0,317.2,318.64,3965,217490
2025-12-24 15:26:00+05:30,318.85,319.45,317.89,317.89,3705,217490
2025-12-24 15:27:00+05:30,317.6,318.75,317.6,318.0,6175,217490
2025-12-24 15:28:00+05:30,318.2,319.1,317.75,318.45,2730,217490
2025-12-24 15:29:00+05:30,317.89,321.95,317.1,321.5,13650,215280
2025-12-26 09:15:00+05:30,321.5,375.0,321.5,370.95,12350,215410
2025-12-26 09:16:00+05:30,369.35,372.75,356.3,356.3,8255,214760
2025-12-26 09:17:00+05:30,357.5,357.5,348.5,356.0,3315,214760
2025-12-26 09:18:00+05:30,354.55,357.8,344.6,344.6,4940,214760
2025-12-26 09:19:00+05:30,344.45,353.15,344.05,353.15,3445,218075
2025-12-26 09:20:00+05:30,351.25,355.9,349.85,349.85,2665,218075
2025-12-26 09:21:00+05:30,349.95,354.4,348.45,354.4,3120,218075
2025-12-26 09:22:00+05:30,354.75,359.7,351.2,355.65,2210,218920
2025-12-26 09:23:00+05:30,355.15,358.15,349.95,355.0,2470,218920
2025-12-26 09:24:00+05:30,354.95,354.95,346.95,346.95,1300,218920
2025-12-26 09:25:00+05:30,348.45,351.2,342.0,346.1,7345,220480
2025-12-26 09:26:00+05:30,348.6,349.8,344.45,348.2,1560,220480
2025-12-26 09:27:00+05:30,346.0,350.95,345.25,350.95,975,220480
2025-12-26 09:28:00+05:30,350.8,352.0,343.1,345.7,2015,220545
2025-12-26 09:29:00+05:30,347.4,352.8,347.0,350.9,2600,220545
2025-12-26 09:30:00+05:30,349.1,351.6,346.05,350.5,910,220545
2025-12-26 09:31:00+05:30,353.0,357.75,352.75,357.75,650,220675
2025-12-26 09:32:00+05:30,356.5,365.8,356.1,362.95,4355,220675
2025-12-26 09:33:00+05:30,363.7,366.0,361.0,364.85,3900,220675
2025-12-26 09:34:00+05:30,363.55,365.6,362.05,364.8,3315,222300
2025-12-26 09:35:00+05:30,366.0,370.5,366.0,369.15,1560,222300
2025-12-26 09:36:00+05:30,368.5,371.15,367.8,370.15,1885,222300
2025-12-26 09:37:00+05:30,370.7,373.15,370.7,373.15,2535,223145
2025-12-26 09:38:00+05:30,375.05,375.6,372.0,374.35,2990,223145
2025-12-26 09:39:00+05:30,375.0,376.35,374.35,375.6,2535,223145
2025-12-26 09:40:00+05:30,377.4,379.45,377.4,379.3,3315,223730
2025-12-26 09:41:00+05:30,380.0,380.0,375.95,375.95,2080,223730
2025-12-26 09:42:00+05:30,375.25,382.25,375.25,381.55,6760,223730
2025-12-26 09:43:00+05:30,382.55,389.0,382.55,388.0,1950,222495
2025-12-26 09:44:00+05:30,385.6,388.1,385.0,385.0,5395,222495
2025-12-26 09:45:00+05:30,385.3,385.3,383.75,383.85,585,222495
2025-12-26 09:46:00+05:30,385.45,385.6,385.45,385.6,260,222495
2025-12-26 09:47:00+05:30,387.0,387.0,384.65,386.35,195,222495
2025-12-26 09:48:00+05:30,387.75,387.75,383.55,383.75,520,222495
2025-12-26 09:49:00+05:30,384.7,384.7,378.6,378.6,1820,222560
2025-12-26 09:50:00+05:30,378.2,382.0,378.2,382.0,715,222560
2025-12-26 09:51:00+05:30,383.8,385.2,383.7,385.2,2730,222560
2025-12-26 09:52:00+05:30,389.05,391.75,389.05,390.75,1105,219245
2025-12-26 09:53:00+05:30,392.0,398.8,388.35,392.95,3315,219245
2025-12-26 09:54:00+05:30,393.1,393.1,391.9,392.0,650,219245
2025-12-26 09:55:00+05:30,392.05,392.05,391.2,391.2,130,220090
2025-12-26 09:56:00+05:30,390.75,390.75,390.75,390.75,65,220090
2025-12-26 09:57:00+05:30,389.8,390.6,388.75,390.0,585,220090
2025-12-26 09:58:00+05:30,387.0,387.0,385.0,385.0,2145,219830
2025-12-26 09:59:00+05:30,385.75,385.75,380.05,383.95,1365,219830
2025-12-26 10:00:00+05:30,382.7,387.05,381.75,387.05,715,219830
2025-12-26 10:01:00+05:30,386.0,390.05,386.0,388.0,1950,221520
2025-12-26 10:02:00+05:30,387.45,390.1,386.0,390.1,780,221520
2025-12-26 10:03:00+05:30,388.95,388.95,388.95,388.95,65,221520
2025-12-26 10:04:00+05:30,379.0,379.0,378.6,378.6,910,223470
2025-12-26 10:05:00+05:30,378.85,380.6,377.3,380.6,455,223470
2025-12-26 10:06:00+05:30,380.9,380.9,378.45,378.45,325,223470
2025-12-26 10:07:00+05:30,377.65,381.1,377.65,379.7,3055,223470
2025-12-26 10:08:00+05:30,378.0,378.0,375.05,375.4,1495,223470
2025-12-26 10:09:00+05:30,378.55,378.55,378.45,378.45,130,223470
2025-12-26 10:10:00+05:30,382.65,383.8,382.65,383.8,325,221975
2025-12-26 10:11:00+05:30,383.8,383.8,383.8,383.8,0,221975
2025-12-26 10:12:00+05:30,383.0,383.0,381.3,381.3,1820,221975
2025-12-26 10:13:00+05:30,381.3,381.3,381.3,381.3,0,221975
2025-12-26 10:14:00+05:30,381.3,381.3,381.3,381.3,0,221975
2025-12-26 10:15:00+05:30,381.2,382.0,381.2,382.0,1105,221780
2025-12-26 10:16:00+05:30,380.0,380.0,378.5,379.6,715,221780
2025-12-26 10:17:00+05:30,380.05,380.7,380.05,380.7,390,220935
2025-12-26 10:18:00+05:30,380.7,380.7,380.7,380.7,0,220935
2025-12-26 10:19:00+05:30,380.15,380.15,380.15,380.15,65,220935
2025-12-26 10:20:00+05:30,379.6,380.45,379.3,380.25,845,220935
2025-12-26 10:21:00+05:30,381.0,381.0,381.0,381.0,130,220935
2025-12-26 10:22:00+05:30,378.35,382.05,378.35,382.05,455,220935
2025-12-26 10:23:00+05:30,382.05,384.55,380.7,383.7,1430,220935
2025-12-26 10:24:00+05:30,381.5,381.85,380.55,381.8,1235,220935
2025-12-26 10:25:00+05:30,381.95,382.85,381.05,381.05,585,220935
2025-12-26 10:26:00+05:30,382.7,383.0,380.65,382.2,1105,220935
2025-12-26 10:27:00+05:30,382.3,382.3,379.65,380.0,780,220935
2025-12-26 10:28:00+05:30,380.5,380.65,377.05,377.05,1040,221065
2025-12-26 10:29:00+05:30,376.55,376.55,372.55,372.55,1235,221065
2025-12-26 10:30:00+05:30,371.25,372.65,369.9,372.65,325,221065
2025-12-26 10:31:00+05:30,375.1,375.4,372.3,372.3,585,221455
2025-12-26 10:32:00+05:30,376.55,376.6,376.55,376.6,130,221455
2025-12-26 10:33:00+05:30,376.6,376.6,376.6,376.6,0,221455
2025-12-26 10:34:00+05:30,378.3,378.3,378.3,378.3,65,221390
2025-12-26 10:35:00+05:30,379.0,379.0,379.0,379.0,65,221390
2025-12-26 10:36:00+05:30,376.25,376.25,376.25,376.25,65,221390
2025-12-26 10:37:00+05:30,377.7,377.7,377.7,377.7,65,221390
2025-12-26 10:38:00+05:30,379.6,380.95,379.6,380.95,195,221455
2025-12-26 10:39:00+05:30,378.5,378.5,375.65,375.65,650,221455
2025-12-26 10:40:00+05:30,372.3,375.6,372.3,375.5,1625,221650
2025-12-26 10:41:00+05:30,378.2,378.2,375.1,375.1,260,221650
2025-12-26 10:42:00+05:30,372.0,372.0,372.0,372.0,260,221650
2025-12-26 10:43:00+05:30,372.1,375.75,372.1,375.75,1690,222495
2025-12-26 10:44:00+05:30,377.2,377.2,376.0,376.0,1820,222495
2025-12-26 10:45:00+05:30,377.0,377.0,375.2,376.5,1235,222495
2025-12-26 10:46:00+05:30,378.45,378.45,375.5,376.05,1690,226850
2025-12-26 10:47:00+05:30,376.0,376.0,375.15,376.0,1300,226850
2025-12-26 10:48:00+05:30,373.45,378.85,373.0,378.85,3900,226850
2025-12-26 10:49:00+05:30,378.0,378.0,374.5,374.5,260,230815
2025-12-26 10:50:00+05:30,376.0,376.0,375.5,375.5,520,230815
2025-12-26 10:51:00+05:30,375.5,375.5,375.5,375.5,0,230815
2025-12-26 10:52:00+05:30,378.0,378.0,376.3,376.3,650,231530
2025-12-26 10:53:00+05:30,374.15,374.3,373.15,374.3,260,231530
2025-12-26 10:54:00+05:30,374.3,374.3,374.3,374.3,0,231530
2025-12-26 10:55:00+05:30,376.65,376.65,376.65,376.65,260,231530
2025-12-26 10:56:00+05:30,380.35,380.35,380.35,380.35,65,231790
2025-12-26 10:57:00+05:30,378.9,378.9,378.9,378.9,65,231790
2025-12-26 10:58:00+05:30,376.9,376.9,372.8,372.8,715,231790
2025-12-26 10:59:00+05:30,374.25,375.7,370.0,375.7,5785,231790
2025-12-26 11:00:00+05:30,374.8,377.55,374.7,375.95,2210,231790
2025-12-26 11:01:00+05:30,376.45,376.45,370.8,370.8,2730,233350
2025-12-26 11:02:00+05:30,373.2,375.95,373.2,375.8,650,233350
2025-12-26 11:03:00+05:30,374.6,376.2,374.25,375.35,23010,233350
2025-12-26 11:04:00+05:30,374.1,375.8,373.7,375.45,18265,250250
2025-12-26 11:05:00+05:30,375.3,378.4,375.3,378.4,23010,250250
2025-12-26 11:06:00+05:30,377.1,379.3,377.1,379.2,1430,250250
2025-12-26 11:07:00+05:30,380.0,383.25,379.3,383.25,17875,270855
2025-12-26 11:08:00+05:30,384.3,386.85,383.05,385.8,10075,270855
2025-12-26 11:09:00+05:30,385.7,389.45,384.05,389.45,16250,270855
2025-12-26 11:10:00+05:30,387.15,390.3,386.45,387.85,5720,286520
2025-12-26 11:11:00+05:30,387.85,391.4,386.7,391.35,11570,286520
2025-12-26 11:12:00+05:30,392.25,395.55,392.1,393.75,7865,286520
2025-12-26 11:13:00+05:30,395.45,396.05,393.65,394.5,2990,294515
2025-12-26 11:14:00+05:30,392.2,392.2,389.3,392.0,715,294515
2025-12-26 11:15:00+05:30,391.15,395.95,391.15,395.95,910,294515
2025-12-26 11:16:00+05:30,395.65,397.05,394.4,397.05,780,292825
2025-12-26 11:17:00+05:30,393.3,393.3,393.3,393.3,65,292825
2025-12-26 11:18:00+05:30,394.45,394.45,394.45,394.45,65,292825
2025-12-26 11:19:00+05:30,394.0,395.15,394.0,395.15,260,292565
2025-12-26 11:20:00+05:30,395.9,397.0,394.7,395.0,975,292565
2025-12-26 11:21:00+05:30,395.0,395.0,394.6,394.6,780,292565
2025-12-26 11:22:00+05:30,394.7,394.9,393.35,394.9,975,293280
2025-12-26 11:23:00+05:30,394.85,396.9,394.85,396.9,910,293280
2025-12-26 11:24:00+05:30,397.75,397.75,393.95,393.95,195,293280
2025-12-26 11:25:00+05:30,394.45,394.45,392.35,392.35,260,292890
2025-12-26 11:26:00+05:30,393.15,393.15,391.3,391.3,455,292890
2025-12-26 11:27:00+05:30,391.75,391.75,391.75,391.75,65,292890
2025-12-26 11:28:00+05:30,391.85,391.85,391.85,391.85,130,292890
2025-12-26 11:29:00+05:30,393.7,393.7,393.0,393.0,520,292890
2025-12-26 11:30:00+05:30,391.25,393.9,391.25,393.45,325,292890
2025-12-26 11:31:00+05:30,394.75,395.0,393.0,394.8,2405,292110
2025-12-26 11:32:00+05:30,394.8,397.0,393.65,397.0,780,292110
2025-12-26 11:33:00+05:30,398.6,399.0,396.15,396.15,520,292110
2025-12-26 11:34:00+05:30,394.45,396.5,394.45,395.9,845,292825
2025-12-26 11:35:00+05:30,395.65,397.0,395.65,397.0,325,292825
2025-12-26 11:36:00+05:30,395.65,396.95,393.35,393.35,325,292825
2025-12-26 11:37:00+05:30,395.8,395.8,395.8,395.8,130,292825
2025-12-26 11:38:00+05:30,395.2,395.25,394.35,394.35,260,293280
2025-12-26 11:39:00+05:30,393.7,393.7,393.7,393.7,65,293280
2025-12-26 11:40:00+05:30,395.85,396.0,393.9,396.0,1430,292630
2025-12-26 11:41:00+05:30,396.5,396.5,395.45,396.35,585,292630
2025-12-26 11:42:00+05:30,396.45,398.3,396.1,396.1,780,292630
2025-12-26 11:43:00+05:30,393.6,393.6,393.6,393.6,65,292630
2025-12-26 11:44:00+05:30,397.0,397.05,395.0,395.0,1300,293215
2025-12-26 11:45:00+05:30,395.6,396.0,394.05,394.05,1170,293215
2025-12-26 11:46:00+05:30,395.0,397.45,394.15,395.5,2340,293215
2025-12-26 11:47:00+05:30,396.35,396.35,396.05,396.05,390,295425
2025-12-26 11:48:00+05:30,393.45,393.45,393.45,393.45,455,295425
2025-12-26 11:49:00+05:30,395.25,395.95,395.25,395.95,260,295425
2025-12-26 11:50:00+05:30,395.0,395.0,394.05,394.05,650,295880
2025-12-26 11:51:00+05:30,394.05,394.05,394.05,394.05,0,295880
2025-12-26 11:52:00+05:30,391.75,393.0,391.75,393.0,715,295880
2025-12-26 11:53:00+05:30,394.35,395.9,394.35,395.9,260,295685
2025-12-26 11:54:00+05:30,392.05,392.05,391.75,391.75,130,295685
2025-12-26 11:55:00+05:30,392.55,393.75,392.55,393.75,325,295685
2025-12-26 11:56:00+05:30,390.85,390.85,390.5,390.5,195,296010
2025-12-26 11:57:00+05:30,389.5,390.65,389.5,390.65,585,296010
2025-12-26 11:58:00+05:30,390.45,390.45,390.45,390.45,130,296205
2025-12-26 11:59:00+05:30,390.8,390.8,389.2,390.25,845,296205
2025-12-26 12:00:00+05:30,389.3,392.6,389.3,392.6,585,296205
2025-12-26 12:01:00+05:30,392.35,393.75,389.95,393.75,650,296530
2025-12-26 12:02:00+05:30,392.0,393.95,391.7,391.7,4810,296530
2025-12-26 12:03:00+05:30,391.75,393.4,390.75,392.15,2535,296530
2025-12-26 12:04:00+05:30,392.35,395.0,392.35,394.0,2600,299520
2025-12-26 12:05:00+05:30,394.8,397.5,391.85,393.5,3835,299520
2025-12-26 12:06:00+05:30,391.55,397.55,391.55,397.55,715,299520
2025-12-26 12:07:00+05:30,394.35,394.35,392.8,392.8,585,299520
2025-12-26 12:08:00+05:30,393.75,395.6,392.85,395.1,650,300950
2025-12-26 12:09:00+05:30,393.0,394.15,393.0,394.15,195,300950
2025-12-26 12:10:00+05:30,394.5,394.5,392.25,392.25,455,300950
2025-12-26 12:11:00+05:30,392.95,394.05,392.95,393.25,1170,301210
2025-12-26 12:12:00+05:30,393.35,393.5,391.25,391.25,1105,301210
2025-12-26 12:13:00+05:30,393.0,393.0,390.4,391.1,520,301210
2025-12-26 12:14:00+05:30,390.0,390.55,389.75,390.05,585,301795
2025-12-26 12:15:00+05:30,389.4,392.6,389.4,391.2,1495,301795
2025-12-26 12:16:00+05:30,390.55,392.45,389.6,390.6,910,301795
2025-12-26 12:17:00+05:30,389.7,391.75,389.7,391.75,585,302965
2025-12-26 12:18:00+05:30,392.05,392.1,391.25,391.25,910,302965
2025-12-26 12:19:00+05:30,390.3,390.9,389.55,389.55,1105,302965
2025-12-26 12:20:00+05:30,392.35,392.35,390.15,391.5,1300,303810
2025-12-26 12:21:00+05:30,393.55,393.55,391.15,391.15,195,303810
2025-12-26 12:22:00+05:30,393.05,402.45,393.05,402.45,3315,303810
2025-12-26 12:23:00+05:30,398.9,400.95,397.1,397.1,520,305240
2025-12-26 12:24:00+05:30,396.35,396.4,393.9,393.9,845,305240
2025-12-26 12:25:00+05:30,395.65,396.9,395.05,395.15,1430,305240
2025-12-26 12:26:00+05:30,395.6,395.6,393.55,393.55,455,305500
2025-12-26 12:27:00+05:30,393.45,393.6,393.1,393.1,520,305500
2025-12-26 12:28:00+05:30,395.4,395.4,395.4,395.4,65,305500
2025-12-26 12:29:00+05:30,395.5,395.5,394.15,395.0,455,305565
2025-12-26 12:30:00+05:30,398.35,398.35,398.35,398.35,65,305565
2025-12-26 12:31:00+05:30,398.35,400.9,398.35,400.9,195,305565
2025-12-26 12:32:00+05:30,403.55,404.65,401.65,401.75,1885,306085
2025-12-26 12:33:00+05:30,403.35,412.1,403.35,410.6,1820,306085
2025-12-26 12:34:00+05:30,409.0,409.0,406.6,408.15,3380,306085
2025-12-26 12:35:00+05:30,409.0,410.0,407.8,409.05,650,306410
2025-12-26 12:36:00+05:30,410.5,411.0,408.45,411.0,650,306410
2025-12-26 12:37:00+05:30,413.45,415.0,410.65,412.45,1040,306410
2025-12-26 12:38:00+05:30,412.6,414.0,410.8,411.7,780,306605
2025-12-26 12:39:00+05:30,412.1,413.05,410.05,411.0,2470,306605
2025-12-26 12:40:00+05:30,409.9,411.4,409.9,410.85,715,306605
2025-12-26 12:41:00+05:30,411.5,415.65,410.9,412.9,2990,307190
2025-12-26 12:42:00+05:30,415.05,415.05,413.45,413.5,1625,307190
2025-12-26 12:43:00+05:30,412.65,413.7,412.3,412.3,1950,307190
2025-12-26 12:44:00+05:30,412.0,414.0,412.0,414.0,4160,308425
2025-12-26 12:45:00+05:30,413.75,414.6,412.1,412.1,1300,308425
2025-12-26 12:46:00+05:30,412.7,412.7,410.7,410.9,390,308425
2025-12-26 12:47:00+05:30,411.05,416.05,410.25,412.65,4355,310375
2025-12-26 12:48:00+05:30,411.05,413.4,411.05,413.4,1105,310375
2025-12-26 12:49:00+05:30,412.15,412.15,410.5,410.5,325,310375
2025-12-26 12:50:00+05:30,412.3,412.6,411.25,412.6,650,310180
2025-12-26 12:51:00+05:30,412.95,412.95,412.6,412.6,130,310180
2025-12-26 12:52:00+05:30,410.75,411.3,410.3,410.65,650,310180
2025-12-26 12:53:00+05:30,410.4,410.4,408.5,410.4,1690,310245
2025-12-26 12:54:00+05:30,408.75,410.85,408.75,409.65,1820,310245
2025-12-26 12:55:00+05:30,409.5,409.5,409.5,409.5,65,310245
2025-12-26 12:56:00+05:30,409.05,409.9,409.0,409.0,1495,310180
2025-12-26 12:57:00+05:30,410.25,410.25,410.25,410.25,325,310180
2025-12-26 12:58:00+05:30,410.5,410.5,410.5,410.5,65,310180
2025-12-26 12:59:00+05:30,410.75,410.75,410.2,410.5,910,310180
2025-12-26 13:00:00+05:30,410.55,410.55,410.55,410.55,325,310180
2025-12-26 13:01:00+05:30,412.0,412.0,408.95,408.95,260,310180
2025-12-26 13:02:00+05:30,412.0,412.0,412.0,412.0,65,310440
2025-12-26 13:03:00+05:30,411.2,411.2,408.65,410.5,325,310440
2025-12-26 13:04:00+05:30,411.9,411.9,411.9,411.9,65,310440
2025-12-26 13:05:00+05:30,411.35,411.45,409.55,411.45,1430,310050
2025-12-26 13:06:00+05:30,411.45,411.45,411.45,411.45,0,310050
2025-12-26 13:07:00+05:30,409.0,409.2,409.0,409.2,260,310050
2025-12-26 13:08:00+05:30,410.4,410.4,408.8,409.35,780,310180
2025-12-26 13:09:00+05:30,408.75,410.0,408.75,409.65,1105,310180
2025-12-26 13:10:00+05:30,409.85,409.9,408.45,409.9,650,310180
2025-12-26 13:11:00+05:30,409.2,410.8,407.15,408.75,910,311025
2025-12-26 13:12:00+05:30,408.75,408.75,408.75,408.75,0,311025
2025-12-26 13:13:00+05:30,409.7,409.7,407.05,408.0,1105,311025
2025-12-26 13:14:00+05:30,407.3,407.35,404.95,404.95,585,311025
2025-12-26 13:15:00+05:30,404.4,404.6,404.2,404.2,585,311025
2025-12-26 13:16:00+05:30,403.85,405.65,403.85,404.85,975,311025
2025-12-26 13:17:00+05:30,405.85,406.0,405.15,405.15,650,310830
2025-12-26 13:18:00+05:30,410.3,410.3,410.3,410.3,65,310830
2025-12-26 13:19:00+05:30,408.7,408.7,406.3,406.3,390,310830
2025-12-26 13:20:00+05:30,406.65,406.65,406.1,406.1,260,311025
2025-12-26 13:21:00+05:30,407.15,407.15,405.15,405.15,1170,311025
2025-12-26 13:22:00+05:30,404.15,404.75,403.45,404.6,780,311025
2025-12-26 13:23:00+05:30,402.8,404.25,402.8,403.75,650,311155
2025-12-26 13:24:00+05:30,404.75,404.75,404.3,404.3,325,311155
2025-12-26 13:25:00+05:30,405.5,405.5,403.75,403.75,650,311155
2025-12-26 13:26:00+05:30,404.9,405.7,404.85,404.85,910,311350
2025-12-26 13:27:00+05:30,405.6,406.0,404.15,404.15,845,311350
2025-12-26 13:28:00+05:30,402.95,402.95,402.55,402.55,260,311350
2025-12-26 13:29:00+05:30,404.5,404.5,404.5,404.5,260,311480
2025-12-26 13:30:00+05:30,402.65,402.65,402.65,402.65,130,311480
2025-12-26 13:31:00+05:30,402.65,402.65,402.65,402.65,65,311480
2025-12-26 13:32:00+05:30,402.65,402.65,402.65,402.65,0,311480
2025-12-26 13:33:00+05:30,401.55,401.65,401.55,401.65,130,311675
2025-12-26 13:34:00+05:30,401.65,401.65,401.65,401.65,0,311675
2025-12-26 13:35:00+05:30,403.55,403.55,403.55,403.55,130,311675
2025-12-26 13:36:00+05:30,405.05,405.05,405.05,405.05,65,311545
2025-12-26 13:37:00+05:30,405.35,405.35,405.35,405.35,130,311545
2025-12-26 13:38:00+05:30,405.0,407.2,405.0,407.2,195,311610
2025-12-26 13:39:00+05:30,407.2,407.2,407.2,407.2,0,311610
2025-12-26 13:40:00+05:30,407.2,407.2,407.2,407.2,0,311610
2025-12-26 13:41:00+05:30,407.2,407.2,407.2,407.2,0,311610
2025-12-26 13:42:00+05:30,407.45,407.45,407.45,407.45,65,311610
2025-12-26 13:43:00+05:30,404.75,406.35,404.7,404.7,975,311610
2025-12-26 13:44:00+05:30,404.8,404.8,404.4,404.4,195,311220
2025-12-26 13:45:00+05:30,403.55,403.55,403.55,403.55,65,311220
2025-12-26 13:46:00+05:30,403.55,403.55,403.55,403.55,0,311220
2025-12-26 13:47:00+05:30,403.55,403.55,403.55,403.55,0,311220
2025-12-26 13:48:00+05:30,405.9,406.0,402.05,402.75,1040,310960
2025-12-26 13:49:00+05:30,405.0,405.4,404.5,405.4,975,310960
2025-12-26 13:50:00+05:30,405.75,405.75,405.75,405.75,65,309790
2025-12-26 13:51:00+05:30,405.15,406.0,405.15,406.0,130,309790
2025-12-26 13:52:00+05:30,409.4,409.4,407.15,407.15,195,309790
2025-12-26 13:53:00+05:30,407.15,407.15,407.15,407.15,0,309790
2025-12-26 13:54:00+05:30,410.0,413.05,410.0,413.05,715,309790
2025-12-26 13:55:00+05:30,413.05,413.05,413.05,413.05,0,309790
2025-12-26 13:56:00+05:30,410.15,410.15,410.15,410.15,130,309140
2025-12-26 13:57:00+05:30,410.5,410.5,410.5,410.5,260,309140
2025-12-26 13:58:00+05:30,408.45,408.45,408.45,408.45,65,309140
2025-12-26 13:59:00+05:30,407.0,407.3,406.95,406.95,1560,308815
2025-12-26 14:00:00+05:30,406.55,406.55,403.95,403.95,3575,308815
2025-12-26 14:01:00+05:30,406.0,407.0,405.75,406.0,2665,308815
2025-12-26 14:02:00+05:30,405.0,405.0,405.0,405.0,325,308815
2025-12-26 14:03:00+05:30,405.45,405.6,405.45,405.6,975,303095
2025-12-26 14:04:00+05:30,406.45,406.45,404.75,404.75,2080,303095
2025-12-26 14:05:00+05:30,405.0,406.35,405.0,406.0,455,300105
2025-12-26 14:06:00+05:30,406.4,406.4,406.4,406.4,1040,300105
2025-12-26 14:07:00+05:30,408.05,408.05,408.05,408.05,975,300105
2025-12-26 14:08:00+05:30,409.0,409.0,409.0,409.0,65,298155
2025-12-26 14:09:00+05:30,410.55,411.1,410.55,411.1,130,298155
2025-12-26 14:10:00+05:30,413.25,417.2,413.25,414.65,4290,298155
2025-12-26 14:11:00+05:30,413.95,413.95,413.95,413.95,845,298155
2025-12-26 14:12:00+05:30,411.15,411.15,411.15,411.15,65,294320
2025-12-26 14:13:00+05:30,412.35,412.35,412.35,412.35,65,294320
2025-12-26 14:14:00+05:30,411.8,411.8,408.3,409.5,1495,293540
2025-12-26 14:15:00+05:30,409.5,409.5,409.5,409.5,0,293540
2025-12-26 14:16:00+05:30,410.95,410.95,409.5,409.5,1105,293540
2025-12-26 14:17:00+05:30,413.95,413.95,413.95,413.95,65,292760
2025-12-26 14:18:00+05:30,414.85,414.85,414.4,414.4,650,292760
2025-12-26 14:19:00+05:30,418.45,418.45,418.45,418.45,65,292760
2025-12-26 14:20:00+05:30,418.0,418.45,418.0,418.0,390,292760
2025-12-26 14:21:00+05:30,422.45,422.45,419.95,419.95,195,292890
2025-12-26 14:22:00+05:30,419.55,419.55,419.55,419.55,130,292890
2025-12-26 14:23:00+05:30,419.55,419.55,419.55,419.55,0,292890
2025-12-26 14:24:00+05:30,419.55,419.55,419.55,419.55,0,292890
2025-12-26 14:25:00+05:30,419.45,419.45,419.45,419.45,65,292825
2025-12-26 14:26:00+05:30,418.5,418.5,418.5,418.5,65,292825
2025-12-26 14:27:00+05:30,418.0,418.0,418.0,418.0,65,292825
2025-12-26 14:28:00+05:30,418.0,418.0,418.0,418.0,0,292825
2025-12-26 14:29:00+05:30,413.45,413.45,413.45,413.45,65,292825
2025-12-26 14:30:00+05:30,414.0,414.0,414.0,414.0,130,292825
2025-12-26 14:31:00+05:30,414.0,414.0,414.0,414.0,0,292825
2025-12-26 14:32:00+05:30,415.55,415.55,415.55,415.55,65,292825
2025-12-26 14:33:00+05:30,416.05,419.25,416.05,419.25,195,292890
2025-12-26 14:34:00+05:30,419.25,419.25,419.25,419.25,0,292890
2025-12-26 14:35:00+05:30,418.0,418.05,418.0,418.0,260,292890
2025-12-26 14:36:00+05:30,417.0,417.0,417.0,417.0,130,293085
2025-12-26 14:37:00+05:30,416.25,416.25,416.25,416.25,65,293085
2025-12-26 14:38:00+05:30,416.25,416.25,416.25,416.25,0,293085
2025-12-26 14:39:00+05:30,416.95,418.15,416.55,418.15,455,293280
2025-12-26 14:40:00+05:30,418.15,418.15,418.15,418.15,0,293280
2025-12-26 14:41:00+05:30,418.15,418.15,418.15,418.15,0,293280
2025-12-26 14:42:00+05:30,415.1,416.05,415.1,416.05,455,293020
2025-12-26 14:43:00+05:30,417.7,417.7,417.7,417.7,65,293020
2025-12-26 14:44:00+05:30,416.75,416.75,415.5,415.5,390,292890
2025-12-26 14:45:00+05:30,415.6,415.6,415.6,415.6,65,292890
2025-12-26 14:46:00+05:30,417.85,417.85,417.85,417.85,195,292890
2025-12-26 14:47:00+05:30,417.85,417.85,417.85,417.85,0,292890
2025-12-26 14:48:00+05:30,417.85,417.85,417.85,417.85,0,292890
2025-12-26 14:49:00+05:30,416.0,417.85,416.0,417.85,325,292630
2025-12-26 14:50:00+05:30,417.85,417.85,417.85,417.85,0,292630
2025-12-26 14:51:00+05:30,417.5,420.25,417.5,418.1,910,292565
2025-12-26 14:52:00+05:30,418.0,418.0,416.5,416.5,455,292565
2025-12-26 14:53:00+05:30,416.0,416.0,416.0,416.0,130,292565
2025-12-26 14:54:00+05:30,417.45,417.45,417.45,417.45,65,292890
2025-12-26 14:55:00+05:30,417.45,417.45,417.45,417.45,0,292890
2025-12-26 14:56:00+05:30,416.5,416.5,416.5,416.5,195,292890
2025-12-26 14:57:00+05:30,416.5,416.5,416.5,416.5,0,292890
2025-12-26 14:58:00+05:30,417.15,417.15,415.15,416.45,325,292890
2025-12-26 14:59:00+05:30,416.25,416.25,412.3,412.3,585,292890
2025-12-26 15:00:00+05:30,405.5,409.0,405.5,408.5,520,292565
2025-12-26 15:01:00+05:30,408.95,411.7,405.5,408.0,6305,292565
2025-12-26 15:02:00+05:30,406.0,406.0,406.0,406.0,195,290615
2025-12-26 15:03:00+05:30,407.3,407.3,407.3,407.3,65,290615
2025-12-26 15:04:00+05:30,408.75,408.75,408.75,408.75,65,290615
2025-12-26 15:05:00+05:30,408.75,408.75,408.75,408.75,0,290615
2025-12-26 15:06:00+05:30,408.3,408.3,408.3,408.3,195,290485
2025-12-26 15:07:00+05:30,408.4,410.05,408.4,410.05,585,290485
2025-12-26 15:08:00+05:30,410.05,410.05,410.05,410.05,0,290485
2025-12-26 15:09:00+05:30,408.95,408.95,408.95,408.95,130,290615
2025-12-26 15:10:00+05:30,408.95,408.95,408.95,408.95,0,290615
2025-12-26 15:11:00+05:30,408.45,408.5,408.45,408.5,260,290615
2025-12-26 15:12:00+05:30,408.85,408.85,407.7,407.7,130,290680
2025-12-26 15:13:00+05:30,408.0,408.0,408.0,408.0,65,290680
2025-12-26 15:14:00+05:30,408.0,408.0,408.0,408.0,65,290680
2025-12-26 15:15:00+05:30,410.0,410.7,409.05,409.05,195,290745
2025-12-26 15:16:00+05:30,409.05,409.05,409.05,409.05,0,290745
2025-12-26 15:17:00+05:30,411.0,412.5,411.0,412.35,3315,290745
2025-12-26 15:18:00+05:30,414.0,414.0,412.0,412.0,455,288665
2025-12-26 15:19:00+05:30,410.55,410.55,410.0,410.0,455,288665
2025-12-26 15:20:00+05:30,410.2,410.6,410.2,410.55,715,288730
2025-12-26 15:21:00+05:30,409.9,409.9,408.5,409.05,1820,288730
2025-12-26 15:22:00+05:30,408.55,409.7,407.5,409.7,2990,288730
2025-12-26 15:23:00+05:30,408.65,409.0,408.65,409.0,260,288730
2025-12-26 15:24:00+05:30,409.45,409.45,409.45,409.45,325,288340
2025-12-26 15:25:00+05:30,409.65,409.65,409.65,409.65,845,288340
2025-12-26 15:26:00+05:30,408.1,408.35,408.1,408.35,260,288340
2025-12-26 15:27:00+05:30,409.4,409.4,409.35,409.4,325,287755
2025-12-26 15:28:00+05:30,409.35,412.6,409.25,409.25,2340,287755
2025-12-26 15:29:00+05:30,409.0,413.3,409.0,413.3,1365,287755
2025-12-29 09:15:00+05:30,408.0,408.0,396.0,396.0,2340,287430
2025-12-29 09:16:00+05:30,399.2,403.45,398.0,402.9,6370,288860
2025-12-29 09:17:00+05:30,403.0,406.5,403.0,406.5,2665,288860
2025-12-29 09:18:00+05:30,404.05,404.05,400.0,400.0,325,288860
2025-12-29 09:19:00+05:30,407.95,407.95,407.95,407.95,65,290030
2025-12-29 09:20:00+05:30,401.05,408.45,401.05,408.45,520,290030
2025-12-29 09:21:00+05:30,403.55,406.05,403.55,406.05,325,290030
2025-12-29 09:22:00+05:30,404.05,406.5,403.1,404.7,520,289965
2025-12-29 09:23:00+05:30,401.75,402.7,398.75,398.75,715,289965
2025-12-29 09:24:00+05:30,396.05,401.05,396.05,401.0,325,289965
2025-12-29 09:25:00+05:30,399.4,401.15,399.4,400.85,325,290160
2025-12-29 09:26:00+05:30,401.95,401.95,395.0,396.0,1495,290160
2025-12-29 09:27:00+05:30,396.0,396.0,396.0,396.0,0,290160
2025-12-29 09:28:00+05:30,393.0,393.0,393.0,393.0,195,289965
2025-12-29 09:29:00+05:30,397.95,398.4,393.0,398.4,130,289965
2025-12-29 09:30:00+05:30,399.05,399.9,395.0,395.0,1040,289965
2025-12-29 09:31:00+05:30,391.55,391.55,391.55,391.55,65,290420
2025-12-29 09:32:00+05:30,394.4,394.4,386.2,386.2,455,290420
2025-12-29 09:33:00+05:30,386.0,386.0,382.05,382.05,715,290420
2025-12-29 09:34:00+05:30,383.8,383.8,378.95,378.95,14625,290485
2025-12-29 09:35:00+05:30,377.55,379.8,376.05,379.8,13390,290485
2025-12-29 09:36:00+05:30,379.85,379.85,375.6,375.6,15795,290485
2025-12-29 09:37:00+05:30,376.0,378.0,375.4,378.0,9100,275990
2025-12-29 09:38:00+05:30,379.65,381.4,379.65,381.35,3770,275990
2025-12-29 09:39:00+05:30,381.7,381.7,378.0,378.0,2925,275990
2025-12-29 09:40:00+05:30,377.4,377.4,377.4,377.4,1300,275990
2025-12-29 09:41:00+05:30,379.55,379.55,378.95,378.95,390,272350
2025-12-29 09:42:00+05:30,379.8,379.8,378.85,379.6,390,272350
2025-12-29 09:43:00+05:30,380.3,380.3,377.0,377.0,1235,272415
2025-12-29 09:44:00+05:30,377.25,377.25,375.0,375.0,1755,272415
2025-12-29 09:45:00+05:30,375.25,375.25,373.35,374.35,1495,272415
2025-12-29 09:46:00+05:30,373.55,373.55,373.15,373.15,130,271440
2025-12-29 09:47:00+05:30,377.2,379.6,377.2,379.45,1105,271440
2025-12-29 09:48:00+05:30,379.45,379.45,379.45,379.45,0,271440
2025-12-29 09:49:00+05:30,378.9,378.9,378.0,378.0,715,271440
2025-12-29 09:50:00+05:30,380.6,382.2,380.05,380.05,260,271180
2025-12-29 09:51:00+05:30,380.9,381.45,380.9,381.45,260,271180
2025-12-29 09:52:00+05:30,380.9,384.05,380.9,382.95,1235,271050
2025-12-29 09:53:00+05:30,383.3,385.45,381.0,385.45,2210,271050
2025-12-29 09:54:00+05:30,386.0,396.95,385.4,396.95,5070,271050
2025-12-29 09:55:00+05:30,397.05,405.6,397.05,405.6,975,266175
2025-12-29 09:56:00+05:30,403.2,405.0,401.9,405.0,325,266175
2025-12-29 09:57:00+05:30,405.0,405.0,401.9,404.5,1560,266175
2025-12-29 09:58:00+05:30,406.0,419.95,406.0,418.0,2990,265590
2025-12-29 09:59:00+05:30,420.0,426.6,420.0,426.6,1755,265590
2025-12-29 10:00:00+05:30,426.6,429.8,426.6,428.6,2275,265590
2025-12-29 10:01:00+05:30,427.4,427.4,419.85,424.5,3965,262730
2025-12-29 10:02:00+05:30,424.9,424.9,420.65,423.25,650,262730
2025-12-29 10:03:00+05:30,426.05,426.05,424.1,424.1,455,262730
2025-12-29 10:04:00+05:30,427.3,427.3,424.15,424.15,325,262990
2025-12-29 10:05:00+05:30,428.95,428.95,425.0,426.25,1040,262990
2025-12-29 10:06:00+05:30,424.3,426.05,424.3,426.05,130,262990
2025-12-29 10:07:00+05:30,423.75,425.2,423.65,425.2,325,262405
2025-12-29 10:08:00+05:30,426.0,426.0,426.0,426.0,195,262405
2025-12-29 10:09:00+05:30,424.05,424.05,424.05,424.05,130,262405
2025-12-29 10:10:00+05:30,422.1,422.8,422.05,422.8,390,262340
2025-12-29 10:11:00+05:30,422.05,423.75,421.65,423.75,845,262340
2025-12-29 10:12:00+05:30,422.3,424.0,422.3,424.0,195,262340
2025-12-29 10:13:00+05:30,425.6,425.6,424.8,424.8,260,262275
2025-12-29 10:14:00+05:30,423.5,425.8,423.5,424.55,1495,262275
2025-12-29 10:15:00+05:30,424.55,424.55,424.55,424.55,0,262275
2025-12-29 10:16:00+05:30,428.65,433.4,426.0,426.3,3380,264550
2025-12-29 10:17:00+05:30,431.4,431.4,429.0,429.45,3055,264550
2025-12-29 10:18:00+05:30,429.75,435.8,429.45,431.5,845,264550
2025-12-29 10:19:00+05:30,430.85,434.7,430.8,434.7,1820,265265
2025-12-29 10:20:00+05:30,434.7,436.8,432.4,433.1,2990,265265
2025-12-29 10:21:00+05:30,433.0,433.0,430.55,430.55,520,265265
2025-12-29 10:22:00+05:30,432.0,432.0,430.25,430.25,325,262665
2025-12-29 10:23:00+05:30,430.75,430.75,429.95,429.95,195,262665
2025-12-29 10:24:00+05:30,427.1,427.1,425.9,425.9,1170,262665
2025-12-29 10:25:00+05:30,425.0,427.0,424.8,427.0,195,262275
2025-12-29 10:26:00+05:30,427.0,427.0,427.0,427.0,0,262275
2025-12-29 10:27:00+05:30,428.9,428.9,427.15,427.15,520,262275
2025-12-29 10:28:00+05:30,427.15,427.15,427.15,427.15,0,262275
2025-12-29 10:29:00+05:30,427.55,427.55,427.55,427.55,130,262080
2025-12-29 10:30:00+05:30,429.2,432.0,429.2,432.0,260,262080
2025-12-29 10:31:00+05:30,432.65,432.65,431.1,431.75,455,262145
2025-12-29 10:32:00+05:30,434.85,437.95,432.45,435.8,1105,262145
2025-12-29 10:33:00+05:30,438.0,438.0,434.95,434.95,455,262145
2025-12-29 10:34:00+05:30,436.0,437.05,434.8,434.8,585,262145
2025-12-29 10:35:00+05:30,433.7,435.0,433.7,435.0,195,262470
2025-12-29 10:36:00+05:30,435.0,435.0,435.0,435.0,195,262470
2025-12-29 10:37:00+05:30,435.0,435.0,434.05,434.05,390,262470
2025-12-29 10:38:00+05:30,438.75,438.75,437.3,437.3,195,262405
2025-12-29 10:39:00+05:30,437.3,437.3,437.3,437.3,0,262405
2025-12-29 10:40:00+05:30,437.3,441.3,437.3,441.3,1235,262275
2025-12-29 10:41:00+05:30,439.4,439.4,439.4,439.4,325,262275
2025-12-29 10:42:00+05:30,442.35,450.0,442.35,450.0,1235,262275
2025-12-29 10:43:00+05:30,451.15,453.6,448.0,448.0,3640,261365
2025-12-29 10:44:00+05:30,451.2,451.55,448.95,451.55,1495,261365
2025-12-29 10:45:00+05:30,451.8,452.85,449.35,449.8,1300,261365
2025-12-29 10:46:00+05:30,450.5,452.8,450.45,452.8,390,261170
2025-12-29 10:47:00+05:30,452.8,454.0,452.75,452.75,845,261170
2025-12-29 10:48:00+05:30,452.4,452.4,449.95,450.0,780,261170
2025-12-29 10:49:00+05:30,451.55,451.55,450.05,450.05,325,261820
2025-12-29 10:50:00+05:30,450.55,451.8,450.0,451.8,455,261820
2025-12-29 10:51:00+05:30,450.55,450.55,450.55,450.55,130,261820
2025-12-29 10:52:00+05:30,447.45,447.45,446.25,446.25,585,262275
2025-12-29 10:53:00+05:30,446.15,447.15,445.0,446.35,715,262275
2025-12-29 10:54:00+05:30,445.05,446.3,444.75,446.15,455,262275
2025-12-29 10:55:00+05:30,444.2,446.7,444.2,446.7,1300,262275
2025-12-29 10:56:00+05:30,447.25,447.25,445.75,446.3,260,262275
2025-12-29 10:57:00+05:30,444.6,446.65,444.6,446.65,1170,262275
2025-12-29 10:58:00+05:30,447.35,448.6,447.3,448.6,1040,263575
2025-12-29 10:59:00+05:30,447.85,451.85,447.85,451.7,1105,263575
2025-12-29 11:00:00+05:30,450.5,451.35,450.4,451.35,16120,263575
2025-12-29 11:01:00+05:30,451.05,452.8,450.15,451.9,15015,251355
2025-12-29 11:02:00+05:30,452.5,455.75,450.75,455.0,9360,251355
2025-12-29 11:03:00+05:30,456.75,466.8,456.75,462.95,3900,251355
2025-12-29 11:04:00+05:30,463.2,465.45,461.55,465.05,5395,249080
2025-12-29 11:05:00+05:30,465.0,466.6,464.1,465.5,6045,249080
2025-12-29 11:06:00+05:30,466.9,469.0,465.9,467.2,1625,249080
2025-12-29 11:07:00+05:30,468.15,473.65,467.6,471.0,4355,248820
2025-12-29 11:08:00+05:30,469.45,469.45,465.95,467.6,6825,248820
2025-12-29 11:09:00+05:30,468.0,468.25,465.55,466.4,1690,248820
2025-12-29 11:10:00+05:30,466.3,468.8,465.75,468.8,1820,249990
2025-12-29 11:11:00+05:30,467.9,468.95,467.8,468.85,1105,249990
2025-12-29 11:12:00+05:30,467.0,470.3,467.0,470.3,1560,249990
2025-12-29 11:13:00+05:30,468.35,468.95,467.05,467.8,975,250770
2025-12-29 11:14:00+05:30,468.2,469.75,467.75,469.05,715,250770
2025-12-29 11:15:00+05:30,468.95,470.05,467.75,470.05,780,250770
2025-12-29 11:16:00+05:30,469.45,470.85,468.6,470.85,650,252005
2025-12-29 11:17:00+05:30,470.6,472.0,470.6,472.0,1495,252005
2025-12-29 11:18:00+05:30,472.75,477.0,472.6,477.0,2210,252005
2025-12-29 11:19:00+05:30,477.0,477.4,475.0,475.0,1885,252655
2025-12-29 11:20:00+05:30,475.9,479.45,475.9,477.0,1690,252655
2025-12-29 11:21:00+05:30,476.65,478.3,475.05,478.3,1755,252655
2025-12-29 11:22:00+05:30,474.75,477.55,474.75,477.55,195,251225
2025-12-29 11:23:00+05:30,476.95,478.0,476.95,477.8,3640,251225
2025-12-29 11:24:00+05:30,480.0,482.1,478.65,478.65,260,251225
2025-12-29 11:25:00+05:30,477.75,478.6,477.75,478.6,130,251940
2025-12-29 11:26:00+05:30,477.2,478.2,475.6,477.65,975,251940
2025-12-29 11:27:00+05:30,475.55,476.9,471.85,471.85,3250,251940
2025-12-29 11:28:00+05:30,474.15,474.7,472.0,472.0,1820,252980
2025-12-29 11:29:00+05:30,472.0,473.5,471.4,472.7,910,252980
2025-12-29 11:30:00+05:30,473.6,475.0,472.8,474.95,2405,252980
2025-12-29 11:31:00+05:30,473.55,475.45,472.8,474.1,1040,254475
2025-12-29 11:32:00+05:30,474.1,474.1,474.1,474.1,0,254475
2025-12-29 11:33:00+05:30,477.2,477.65,476.6,477.65,195,254475
2025-12-29 11:34:00+05:30,477.65,477.65,477.65,477.65,0,254475
2025-12-29 11:35:00+05:30,474.75,475.0,474.05,475.0,780,254605
2025-12-29 11:36:00+05:30,474.35,475.25,474.35,475.25,130,254605
2025-12-29 11:37:00+05:30,474.0,475.2,474.0,475.2,130,254605
2025-12-29 11:38:00+05:30,473.4,476.15,473.4,474.3,1040,254215
2025-12-29 11:39:00+05:30,473.25,475.4,473.25,474.7,585,254215
2025-12-29 11:40:00+05:30,474.6,475.0,473.65,474.65,325,254215
2025-12-29 11:41:00+05:30,474.2,474.2,473.4,473.9,390,255255
2025-12-29 11:42:00+05:30,472.0,473.7,471.75,473.5,1690,255255
2025-12-29 11:43:00+05:30,473.4,473.4,471.7,471.95,325,255255
2025-12-29 11:44:00+05:30,470.4,472.1,469.9,469.9,650,256230
2025-12-29 11:45:00+05:30,471.35,471.35,469.0,469.9,780,256230
2025-12-29 11:46:00+05:30,469.6,469.6,464.45,464.45,650,256230
2025-12-29 11:47:00+05:30,464.3,465.0,461.5,462.9,910,256230
2025-12-29 11:48:00+05:30,462.75,462.75,461.55,462.65,455,256230
2025-12-29 11:49:00+05:30,460.05,461.9,460.0,461.9,1885,257790
2025-12-29 11:50:00+05:30,462.5,462.7,462.45,462.7,455,257790
2025-12-29 11:51:00+05:30,462.65,465.6,462.65,465.6,650,257790
2025-12-29 11:52:00+05:30,464.95,468.85,464.9,467.7,715,257790
2025-12-29 11:53:00+05:30,468.5,468.5,465.6,466.4,390,257855
2025-12-29 11:54:00+05:30,465.05,467.9,465.05,467.9,520,257855
2025-12-29 11:55:00+05:30,465.75,467.45,465.7,467.2,715,257855
2025-12-29 11:56:00+05:30,467.95,468.85,467.8,468.85,390,258180
2025-12-29 11:57:00+05:30,469.25,470.5,469.25,470.5,130,258180
2025-12-29 11:58:00+05:30,469.05,469.05,469.05,469.05,65,258180
2025-12-29 11:59:00+05:30,469.05,469.2,469.05,469.2,130,258115
2025-12-29 12:00:00+05:30,471.7,471.7,470.6,470.6,845,258115
2025-12-29 12:01:00+05:30,468.55,468.55,468.55,468.55,65,258115
2025-12-29 12:02:00+05:30,469.05,469.8,469.05,469.8,1755,258505
2025-12-29 12:03:00+05:30,470.45,471.9,470.2,471.9,715,258505
2025-12-29 12:04:00+05:30,474.95,475.15,474.0,475.15,455,258505
2025-12-29 12:05:00+05:30,474.05,474.05,474.05,474.05,260,259935
2025-12-29 12:06:00+05:30,475.8,476.9,475.15,476.45,1950,259935
2025-12-29 12:07:00+05:30,476.85,476.85,473.0,473.0,4810,259935
2025-12-29 12:08:00+05:30,473.5,474.5,473.5,474.5,130,261300
2025-12-29 12:09:00+05:30,470.45,470.45,468.65,469.85,260,261300
2025-12-29 12:10:00+05:30,465.3,465.3,465.3,465.3,65,261300
2025-12-29 12:11:00+05:30,464.65,468.35,464.65,467.7,455,261625
2025-12-29 12:12:00+05:30,468.6,468.6,467.55,467.55,195,261625
2025-12-29 12:13:00+05:30,467.7,467.9,466.2,466.75,1300,261625
2025-12-29 12:14:00+05:30,467.15,468.15,465.7,467.35,1040,261755
2025-12-29 12:15:00+05:30,467.2,468.3,467.2,467.45,650,261755
2025-12-29 12:16:00+05:30,467.35,467.35,467.35,467.35,195,261755
2025-12-29 12:17:00+05:30,468.05,468.05,467.25,467.25,260,262470
2025-12-29 12:18:00+05:30,467.4,467.95,467.4,467.95,260,262470
2025-12-29 12:19:00+05:30,467.8,469.8,467.8,468.0,1625,262470
2025-12-29 12:20:00+05:30,469.2,473.0,469.2,473.0,2340,263055
2025-12-29 12:21:00+05:30,472.6,474.25,472.6,474.25,260,263055
2025-12-29 12:22:00+05:30,474.7,479.95,474.3,474.6,1430,263055
2025-12-29 12:23:00+05:30,476.45,483.8,476.45,483.8,3055,264355
2025-12-29 12:24:00+05:30,482.5,483.9,481.35,483.65,1430,264355
2025-12-29 12:25:00+05:30,482.9,485.3,482.4,483.5,1300,264355
2025-12-29 12:26:00+05:30,482.95,483.0,480.0,480.0,1495,265590
2025-12-29 12:27:00+05:30,480.0,483.95,480.0,483.95,975,265590
2025-12-29 12:28:00+05:30,483.75,483.75,480.0,480.0,975,265590
2025-12-29 12:29:00+05:30,478.85,480.8,478.85,479.0,780,266435
2025-12-29 12:30:00+05:30,479.9,480.95,479.9,480.95,910,266435
2025-12-29 12:31:00+05:30,476.35,478.05,476.15,478.05,390,266435
2025-12-29 12:32:00+05:30,477.4,479.8,477.3,479.8,1105,266435
2025-12-29 12:33:00+05:30,479.0,480.45,479.0,479.3,3965,266435
2025-12-29 12:34:00+05:30,480.5,489.5,480.5,488.4,2665,266435
2025-12-29 12:35:00+05:30,485.45,487.95,484.95,486.45,4030,269425
2025-12-29 12:36:00+05:30,485.5,486.8,485.0,486.6,3575,269425
2025-12-29 12:37:00+05:30,485.45,486.25,484.1,484.1,1170,269425
2025-12-29 12:38:00+05:30,483.55,484.55,481.25,484.2,1235,272155
2025-12-29 12:39:00+05:30,484.4,485.6,484.4,485.55,3185,272155
2025-12-29 12:40:00+05:30,485.95,487.5,485.95,487.5,325,272155
2025-12-29 12:41:00+05:30,486.5,487.85,486.5,487.85,5590,274625
2025-12-29 12:42:00+05:30,487.9,489.45,487.9,488.7,845,274625
2025-12-29 12:43:00+05:30,486.0,486.85,486.0,486.85,260,274625
2025-12-29 12:44:00+05:30,488.2,488.25,488.2,488.25,195,270725
2025-12-29 12:45:00+05:30,486.85,489.6,486.85,489.6,1430,270725
2025-12-29 12:46:00+05:30,489.6,489.6,489.6,489.6,130,270725
2025-12-29 12:47:00+05:30,485.05,487.4,485.05,487.1,845,270140
2025-12-29 12:48:00+05:30,486.9,487.6,486.9,487.0,520,270140
2025-12-29 12:49:00+05:30,488.55,489.5,486.45,486.65,5460,270140
2025-12-29 12:50:00+05:30,487.85,489.35,486.35,488.25,3120,274690
2025-12-29 12:51:00+05:30,490.0,490.85,488.45,489.7,780,274690
2025-12-29 12:52:00+05:30,490.25,490.25,488.45,489.7,780,274690
2025-12-29 12:53:00+05:30,491.2,491.25,489.2,490.95,585,275730
2025-12-29 12:54:00+05:30,491.2,491.2,491.1,491.1,260,275730
2025-12-29 12:55:00+05:30,490.15,490.15,487.45,487.45,390,275730
2025-12-29 12:56:00+05:30,487.15,487.15,487.15,487.15,130,276055
2025-12-29 12:57:00+05:30,485.8,487.5,485.8,487.3,2795,276055
2025-12-29 12:58:00+05:30,486.3,486.4,484.05,484.5,11115,276055
2025-12-29 12:59:00+05:30,484.4,485.8,484.05,484.75,1365,283205
2025-12-29 13:00:00+05:30,484.85,486.7,484.75,486.7,1170,283205
2025-12-29 13:01:00+05:30,484.0,485.55,483.35,484.95,12285,283205
2025-12-29 13:02:00+05:30,485.0,485.75,483.95,485.2,2145,290030
2025-12-29 13:03:00+05:30,483.4,483.65,481.75,482.0,1950,290030
2025-12-29 13:04:00+05:30,482.7,482.7,481.0,482.7,1365,290030
2025-12-29 13:05:00+05:30,481.2,481.2,481.2,481.2,65,290030
2025-12-29 13:06:00+05:30,481.4,481.95,480.05,481.95,1170,290810
2025-12-29 13:07:00+05:30,481.5,485.15,481.5,485.0,1950,290810
2025-12-29 13:08:00+05:30,485.9,485.9,485.6,485.6,260,290810
2025-12-29 13:09:00+05:30,482.95,484.5,482.95,484.0,650,292240
2025-12-29 13:10:00+05:30,484.0,484.9,483.95,484.15,975,292240
2025-12-29 13:11:00+05:30,484.2,487.15,484.2,486.0,520,293345
2025-12-29 13:12:00+05:30,485.85,485.85,485.85,485.85,130,293345
2025-12-29 13:13:00+05:30,484.95,486.65,484.95,486.6,455,293345
2025-12-29 13:14:00+05:30,488.15,497.5,486.7,497.5,1235,293930
2025-12-29 13:15:00+05:30,496.0,496.95,493.55,496.95,2470,293930
2025-12-29 13:16:00+05:30,497.45,501.95,496.85,501.9,2015,293930
2025-12-29 13:17:00+05:30,503.0,504.15,500.3,500.3,2600,297700
2025-12-29 13:18:00+05:30,501.9,503.35,501.3,502.55,455,297700
2025-12-29 13:19:00+05:30,502.55,502.55,500.05,500.05,1755,297700
2025-12-29 13:20:00+05:30,500.0,501.85,500.0,501.55,715,299520
2025-12-29 13:21:00+05:30,502.35,502.35,501.0,501.0,325,299520
2025-12-29 13:22:00+05:30,501.65,501.65,501.4,501.4,130,299520
2025-12-29 13:23:00+05:30,498.9,499.8,498.9,499.7,2210,300170
2025-12-29 13:24:00+05:30,501.85,501.85,501.85,501.85,130,300170
2025-12-29 13:25:00+05:30,501.8,502.45,499.75,502.25,1690,300170
2025-12-29 13:26:00+05:30,502.25,502.25,502.25,502.25,0,300170
2025-12-29 13:27:00+05:30,500.25,502.2,500.25,500.7,585,300560
2025-12-29 13:28:00+05:30,498.95,500.5,498.45,498.45,975,300560
2025-12-29 13:29:00+05:30,498.45,500.6,498.45,500.6,325,300560
2025-12-29 13:30:00+05:30,500.65,501.55,500.65,501.55,455,300950
2025-12-29 13:31:00+05:30,500.95,502.8,500.8,501.9,975,300950
2025-12-29 13:32:00+05:30,501.9,501.9,501.9,501.9,0,300950
2025-12-29 13:33:00+05:30,501.25,501.25,500.25,500.65,2730,301600
2025-12-29 13:34:00+05:30,500.25,500.6,500.25,500.6,195,301600
2025-12-29 13:35:00+05:30,500.6,500.6,500.6,500.6,0,301600
2025-12-29 13:36:00+05:30,505.0,506.35,503.7,503.7,3835,302900
2025-12-29 13:37:00+05:30,504.75,520.0,504.75,517.5,2275,302900
2025-12-29 13:38:00+05:30,519.35,520.65,512.1,516.75,3575,298155
2025-12-29 13:39:00+05:30,517.79,522.45,517.79,522.2,585,298155
2025-12-29 13:40:00+05:30,521.1,522.95,519.75,522.95,390,298155
2025-12-29 13:41:00+05:30,521.1,521.25,516.25,521.25,2600,297505
2025-12-29 13:42:00+05:30,519.2,520.0,518.85,518.85,260,297505
2025-12-29 13:43:00+05:30,517.0,518.15,516.1,516.1,325,297505
2025-12-29 13:44:00+05:30,516.2,516.2,516.2,516.2,65,297635
2025-12-29 13:45:00+05:30,515.29,518.15,512.45,512.45,1105,297635
2025-12-29 13:46:00+05:30,512.45,512.45,508.0,508.0,1365,297635
2025-12-29 13:47:00+05:30,509.15,509.15,509.15,509.15,65,297895
2025-12-29 13:48:00+05:30,509.45,509.75,506.85,506.85,780,297895
2025-12-29 13:49:00+05:30,508.0,508.05,506.55,506.55,845,297895
2025-12-29 13:50:00+05:30,506.55,507.75,505.55,507.75,1300,297375
2025-12-29 13:51:00+05:30,507.5,507.5,505.55,505.55,715,297375
2025-12-29 13:52:00+05:30,505.55,505.55,505.55,505.55,0,297375
2025-12-29 13:53:00+05:30,503.0,503.2,499.5,500.0,845,296920
2025-12-29 13:54:00+05:30,500.0,501.0,497.35,501.0,455,296920
2025-12-29 13:55:00+05:30,499.6,501.05,499.6,501.05,325,296920
2025-12-29 13:56:00+05:30,503.1,505.85,502.75,505.85,1040,297115
2025-12-29 13:57:00+05:30,504.05,506.3,503.7,506.3,1105,297115
2025-12-29 13:58:00+05:30,506.1,507.2,505.1,505.1,910,297115
2025-12-29 13:59:00+05:30,505.1,506.0,504.8,505.35,780,298415
2025-12-29 14:00:00+05:30,504.9,505.55,504.9,505.0,325,298415
2025-12-29 14:01:00+05:30,507.75,507.75,503.3,503.3,195,298415
2025-12-29 14:02:00+05:30,504.0,504.0,503.1,503.1,195,298675
2025-12-29 14:03:00+05:30,505.0,505.0,504.0,504.0,390,298675
2025-12-29 14:04:00+05:30,504.0,504.0,504.0,504.0,0,298675
2025-12-29 14:05:00+05:30,502.8,502.8,501.85,501.85,650,298675
2025-12-29 14:06:00+05:30,500.3,500.8,498.6,499.65,7215,298805
2025-12-29 14:07:00+05:30,499.65,501.45,499.65,501.0,7215,298805
2025-12-29 14:08:00+05:30,502.05,503.05,501.05,501.8,5655,303875
2025-12-29 14:09:00+05:30,501.0,502.3,497.4,497.4,5135,303875
2025-12-29 14:10:00+05:30,497.25,499.95,496.9,499.5,5200,303875
2025-12-29 14:11:00+05:30,500.0,501.0,500.0,500.25,1235,310180
2025-12-29 14:12:00+05:30,500.6,501.35,500.3,501.1,1885,310180
2025-12-29 14:13:00+05:30,502.5,502.5,501.0,501.9,29640,310180
2025-12-29 14:14:00+05:30,503.7,505.4,503.7,505.4,9035,337220
2025-12-29 14:15:00+05:30,506.35,513.2,506.35,513.2,2795,337220
2025-12-29 14:16:00+05:30,512.65,513.5,512.65,513.4,2080,337220
2025-12-29 14:17:00+05:30,516.1,517.2,516.1,517.2,845,345735
2025-12-29 14:18:00+05:30,516.5,518.75,516.5,518.75,780,345735
2025-12-29 14:19:00+05:30,519.0,521.0,518.25,518.95,3120,345735
2025-12-29 14:20:00+05:30,517.0,519.0,516.75,517.75,3250,347750
2025-12-29 14:21:00+05:30,516.95,516.95,515.15,515.15,975,347750
2025-12-29 14:22:00+05:30,517.0,518.29,517.0,517.9,4615,347750
2025-12-29 14:23:00+05:30,514.4,514.4,500.0,500.0,390,350025
2025-12-29 14:24:00+05:30,498.5,499.0,495.0,495.0,5980,350025
2025-12-29 14:25:00+05:30,495.0,495.0,490.05,490.05,3120,350025
2025-12-29 14:26:00+05:30,490.4,491.0,489.2,490.95,1885,349895
2025-12-29 14:27:00+05:30,489.3,489.3,486.1,489.0,1235,349895
2025-12-29 14:28:00+05:30,489.0,497.0,489.0,497.0,4095,349895
2025-12-29 14:29:00+05:30,497.0,500.45,497.0,500.45,2730,352300
2025-12-29 14:30:00+05:30,499.0,500.05,499.0,500.05,195,352300
2025-12-29 14:31:00+05:30,499.35,500.25,497.75,497.75,455,352300
2025-12-29 14:32:00+05:30,497.15,497.15,497.15,497.15,65,352300
2025-12-29 14:33:00+05:30,497.25,497.25,492.8,493.0,455,352755
2025-12-29 14:34:00+05:30,493.05,493.1,493.05,493.1,130,352755
2025-12-29 14:35:00+05:30,495.35,499.5,495.35,499.15,390,353210
2025-12-29 14:36:00+05:30,499.55,503.65,499.55,502.05,260,353210
2025-12-29 14:37:00+05:30,503.1,506.0,503.1,503.25,1170,353210
2025-12-29 14:38:00+05:30,503.25,503.25,503.25,503.25,0,353210
2025-12-29 14:39:00+05:30,503.25,503.25,503.25,503.25,0,353210
2025-12-29 14:40:00+05:30,502.9,505.0,502.9,505.0,325,353795
2025-12-29 14:41:00+05:30,506.95,510.0,506.95,510.0,715,353795
2025-12-29 14:42:00+05:30,512.29,514.45,512.29,513.1,6175,353795
2025-12-29 14:43:00+05:30,510.3,513.85,510.3,512.5,1690,353795
2025-12-29 14:44:00+05:30,512.1,512.75,509.05,509.05,1300,354380
2025-12-29 14:45:00+05:30,511.0,511.0,511.0,511.0,65,354380
2025-12-29 14:46:00+05:30,513.85,515.29,513.0,513.0,1300,354380
2025-12-29 14:47:00+05:30,508.65,508.65,508.45,508.45,650,355095
2025-12-29 14:48:00+05:30,508.65,509.65,508.65,509.65,130,355095
2025-12-29 14:49:00+05:30,511.85,511.85,506.85,507.4,520,355095
2025-12-29 14:50:00+05:30,513.79,515.0,513.65,513.85,975,356135
2025-12-29 14:51:00+05:30,514.65,514.85,514.65,514.85,130,356135
2025-12-29 14:52:00+05:30,511.85,512.6,510.0,510.0,1105,356135
2025-12-29 14:53:00+05:30,509.0,509.0,509.0,509.0,455,356395
2025-12-29 14:54:00+05:30,516.95,517.4,515.4,517.29,585,356395
2025-12-29 14:55:00+05:30,516.6,516.95,511.75,516.1,650,356395
2025-12-29 14:56:00+05:30,514.25,516.75,511.2,513.15,455,357760
2025-12-29 14:57:00+05:30,511.8,511.8,506.65,506.65,325,357760
2025-12-29 14:58:00+05:30,509.1,509.1,509.1,509.1,65,357760
2025-12-29 14:59:00+05:30,504.25,508.95,502.6,505.95,585,358345
2025-12-29 15:00:00+05:30,507.1,507.65,502.25,504.7,1625,358345
2025-12-29 15:01:00+05:30,505.5,510.15,505.5,505.95,780,358345
2025-12-29 15:02:00+05:30,506.9,509.05,506.9,507.0,650,358345
2025-12-29 15:03:00+05:30,506.0,506.0,504.2,504.3,325,360035
2025-12-29 15:04:00+05:30,506.05,506.95,501.7,501.7,910,360035
2025-12-29 15:05:00+05:30,501.4,503.95,499.1,502.15,1885,360035
2025-12-29 15:06:00+05:30,502.0,504.0,501.55,502.95,1495,362765
2025-12-29 15:07:00+05:30,503.45,505.75,502.25,505.75,2535,362765
2025-12-29 15:08:00+05:30,505.8,506.65,503.7,505.35,1170,366795
2025-12-29 15:09:00+05:30,505.2,505.45,504.9,505.0,1170,366795
2025-12-29 15:10:00+05:30,505.1,506.95,502.6,502.6,715,366795
2025-12-29 15:11:00+05:30,502.1,505.4,502.1,505.4,1690,370045
2025-12-29 15:12:00+05:30,504.0,504.0,502.1,502.45,1495,370045
2025-12-29 15:13:00+05:30,501.8,503.55,501.8,503.4,910,370045
2025-12-29 15:14:00+05:30,503.5,503.5,501.5,501.85,2275,373815
2025-12-29 15:15:00+05:30,502.1,505.75,502.1,503.9,6630,373815
2025-12-29 15:16:00+05:30,505.75,505.75,503.55,503.55,910,373815
2025-12-29 15:17:00+05:30,503.55,503.55,503.4,503.55,520,373815
2025-12-29 15:18:00+05:30,503.95,503.95,503.95,503.95,65,380315
2025-12-29 15:19:00+05:30,503.85,503.85,502.1,503.25,1495,380315
2025-12-29 15:20:00+05:30,503.4,503.4,500.8,500.8,4160,381940
2025-12-29 15:21:00+05:30,500.1,500.1,497.2,498.25,3640,381940
2025-12-29 15:22:00+05:30,498.0,498.0,498.0,498.0,195,381940
2025-12-29 15:23:00+05:30,498.1,500.0,498.1,499.45,6435,381940
2025-12-29 15:24:00+05:30,499.55,499.6,496.75,496.75,6110,389350
2025-12-29 15:25:00+05:30,496.5,499.85,496.5,499.85,4615,389350
2025-12-29 15:26:00+05:30,498.9,499.45,498.65,499.3,2340,389350
2025-12-29 15:27:00+05:30,498.6,500.05,498.6,500.05,2470,397345
2025-12-29 15:28:00+05:30,500.0,503.1,499.75,499.75,3575,397345
2025-12-29 15:29:00+05:30,499.95,503.4,499.85,503.4,1755,400595
2025-12-30 09:15:00+05:30,528.15,561.54,528.1,556.0,21840,400595
2025-12-30 09:16:00+05:30,554.35,554.35,551.75,552.0,845,403260
2025-12-30 09:17:00+05:30,547.45,549.0,544.75,545.0,2080,403260
2025-12-30 09:18:00+05:30,542.7,555.0,542.7,551.95,2795,403260
2025-12-30 09:19:00+05:30,555.1,555.1,552.0,552.0,2730,405535
2025-12-30 09:20:00+05:30,552.15,567.25,552.15,564.15,1755,405535
2025-12-30 09:21:00+05:30,564.6,571.29,564.6,569.2,3185,405535
2025-12-30 09:22:00+05:30,568.04,568.45,568.04,568.45,130,408590
2025-12-30 09:23:00+05:30,568.45,570.15,568.45,569.95,5135,408590
2025-12-30 09:24:00+05:30,569.25,571.7,569.25,570.5,7930,408590
2025-12-30 09:25:00+05:30,570.5,570.5,567.79,567.79,260,412490
2025-12-30 09:26:00+05:30,569.0,570.2,569.0,570.2,260,412490
2025-12-30 09:27:00+05:30,570.25,572.65,570.0,571.79,3640,412490
2025-12-30 09:28:00+05:30,571.79,571.79,571.79,571.79,0,412490
2025-12-30 09:29:00+05:30,570.95,572.79,570.79,570.79,325,413140
2025-12-30 09:30:00+05:30,570.79,571.9,568.7,571.9,195,413140
2025-12-30 09:31:00+05:30,569.45,570.75,569.45,569.79,195,412945
2025-12-30 09:32:00+05:30,570.4,572.4,569.15,569.15,520,412945
2025-12-30 09:33:00+05:30,565.2,566.95,564.7,566.95,650,412945
2025-12-30 09:34:00+05:30,563.1,563.1,545.2,547.1,1625,412620
2025-12-30 09:35:00+05:30,545.25,549.95,544.04,548.6,1170,412620
2025-12-30 09:36:00+05:30,538.65,541.7,538.0,541.54,390,412620
2025-12-30 09:37:00+05:30,544.9,545.0,544.9,545.0,1040,412230
2025-12-30 09:38:00+05:30,545.0,546.1,543.35,543.35,325,412230
2025-12-30 09:39:00+05:30,543.04,543.04,526.35,531.15,2990,412230
2025-12-30 09:40:00+05:30,527.79,530.35,523.04,528.79,2145,414505
2025-12-30 09:41:00+05:30,530.15,534.25,529.95,529.95,520,414505
2025-12-30 09:42:00+05:30,530.75,530.75,525.0,525.0,130,414505
2025-12-30 09:43:00+05:30,523.0,523.0,515.0,515.0,715,416325
2025-12-30 09:44:00+05:30,512.25,516.04,511.9,516.04,1820,416325
2025-12-30 09:45:00+05:30,514.75,521.95,513.0,521.95,585,416325
2025-12-30 09:46:00+05:30,525.0,532.95,525.0,532.95,1300,418275
2025-12-30 09:47:00+05:30,532.4,539.5,532.4,536.95,1040,418275
2025-12-30 09:48:00+05:30,533.04,544.75,533.04,541.95,5915,418275
2025-12-30 09:49:00+05:30,544.25,550.1,543.0,549.7,8190,424905
2025-12-30 09:50:00+05:30,547.0,549.4,544.25,545.0,1105,424905
2025-12-30 09:51:00+05:30,541.85,541.85,524.45,526.4,1755,424905
2025-12-30 09:52:00+05:30,524.5,524.5,512.29,519.0,1495,429845
2025-12-30 09:53:00+05:30,525.85,525.85,519.95,519.95,325,429845
2025-12-30 09:54:00+05:30,522.54,522.54,515.0,515.0,195,429845
2025-12-30 09:55:00+05:30,512.0,512.0,498.75,504.35,910,430235
2025-12-30 09:56:00+05:30,505.5,511.75,504.35,510.35,975,430235
2025-12-30 09:57:00+05:30,505.95,505.95,505.35,505.45,260,430235
2025-12-30 09:58:00+05:30,511.55,511.55,510.45,510.45,390,430235
2025-12-30 09:59:00+05:30,513.0,514.25,513.0,514.25,130,430495
2025-12-30 10:00:00+05:30,520.1,521.54,514.85,519.95,975,430495
2025-12-30 10:01:00+05:30,521.5,526.95,521.5,526.79,650,430430
2025-12-30 10:02:00+05:30,526.79,526.79,526.79,526.79,0,430430
2025-12-30 10:03:00+05:30,514.9,514.9,514.9,514.9,65,430430
2025-12-30 10:04:00+05:30,516.35,518.65,515.65,517.79,260,430495
2025-12-30 10:05:00+05:30,520.9,520.9,520.9,520.9,130,430495
2025-12-30 10:06:00+05:30,522.75,526.9,522.75,526.9,390,430495
2025-12-30 10:07:00+05:30,522.29,522.29,522.29,522.29,65,430495
2025-12-30 10:08:00+05:30,523.75,525.79,523.75,525.79,195,430820
2025-12-30 10:09:00+05:30,531.45,531.45,526.79,526.79,325,430820
2025-12-30 10:10:00+05:30,522.4,524.0,522.4,524.0,130,430820
2025-12-30 10:11:00+05:30,526.79,526.79,525.95,525.95,130,431015
2025-12-30 10:12:00+05:30,523.5,523.5,514.25,514.25,325,431015
2025-12-30 10:13:00+05:30,508.0,508.0,508.0,508.0,65,431210
2025-12-30 10:14:00+05:30,510.0,513.1,510.0,513.1,260,431210
2025-12-30 10:15:00+05:30,507.05,507.05,503.85,503.85,585,431210
2025-12-30 10:16:00+05:30,505.55,505.55,505.55,505.55,65,431210
2025-12-30 10:17:00+05:30,505.55,505.55,503.7,503.7,715,431340
2025-12-30 10:18:00+05:30,503.65,503.7,503.65,503.7,195,431340
2025-12-30 10:19:00+05:30,503.7,503.7,501.05,501.05,325,431860
2025-12-30 10:20:00+05:30,499.0,499.0,497.75,497.75,195,431860
2025-12-30 10:21:00+05:30,497.3,501.5,493.1,500.95,6045,431860
2025-12-30 10:22:00+05:30,501.0,501.0,501.0,501.0,195,431860
2025-12-30 10:23:00+05:30,500.7,501.2,495.05,496.05,910,433485
2025-12-30 10:24:00+05:30,495.6,495.65,485.0,485.0,1625,433485
2025-12-30 10:25:00+05:30,484.95,488.95,484.95,488.95,780,435175
2025-12-30 10:26:00+05:30,485.45,490.75,485.45,490.75,1495,435175
2025-12-30 10:27:00+05:30,490.7,491.1,487.05,489.85,1430,435175
2025-12-30 10:28:00+05:30,488.7,492.05,488.4,488.4,715,436150
2025-12-30 10:29:00+05:30,488.55,493.45,488.55,491.05,325,436150
2025-12-30 10:30:00+05:30,490.85,490.85,484.55,488.5,1300,436150
2025-12-30 10:31:00+05:30,487.25,488.45,485.4,487.15,325,437515
2025-12-30 10:32:00+05:30,488.05,488.05,486.05,487.6,1300,437515
2025-12-30 10:33:00+05:30,488.3,491.5,485.3,485.3,3575,437515
2025-12-30 10:34:00+05:30,486.2,488.45,484.85,486.0,5785,442000
2025-12-30 10:35:00+05:30,486.6,488.5,486.6,488.5,455,442000
2025-12-30 10:36:00+05:30,493.45,498.0,491.75,498.0,2795,442000
2025-12-30 10:37:00+05:30,500.0,503.55,496.0,501.4,4940,445315
2025-12-30 10:38:00+05:30,501.0,503.05,501.0,503.05,1560,445315
2025-12-30 10:39:00+05:30,502.95,503.5,500.1,502.05,2145,445315
2025-12-30 10:40:00+05:30,502.35,504.95,501.7,504.45,715,449540
2025-12-30 10:41:00+05:30,504.05,506.05,502.75,502.75,1950,449540
2025-12-30 10:42:00+05:30,504.55,508.85,502.75,508.85,2405,449540
2025-12-30 10:43:00+05:30,509.35,509.35,507.15,507.25,195,452465
2025-12-30 10:44:00+05:30,506.25,510.0,504.0,510.0,1690,452465
2025-12-30 10:45:00+05:30,509.75,516.1,508.5,516.04,3250,452465
2025-12-30 10:46:00+05:30,514.29,514.29,514.29,514.29,65,452465
2025-12-30 10:47:00+05:30,511.1,515.15,511.1,515.15,195,456235
2025-12-30 10:48:00+05:30,515.6,517.85,515.6,517.85,780,456235
2025-12-30 10:49:00+05:30,516.7,516.7,511.9,511.9,195,456235
2025-12-30 10:50:00+05:30,511.9,511.9,511.9,511.9,65,456300
2025-12-30 10:51:00+05:30,514.6,514.6,514.6,514.6,65,456300
2025-12-30 10:52:00+05:30,520.1,521.5,520.1,521.5,130,456235
2025-12-30 10:53:00+05:30,520.7,520.7,520.7,520.7,65,456235
2025-12-30 10:54:00+05:30,527.29,528.65,526.4,528.65,780,456235
2025-12-30 10:55:00+05:30,527.29,530.7,527.29,530.7,130,456235
2025-12-30 10:56:00+05:30,528.25,528.25,524.04,524.04,195,456300
2025-12-30 10:57:00+05:30,525.15,526.0,519.4,519.4,585,456300
2025-12-30 10:58:00+05:30,522.25,522.25,522.25,522.25,195,456300
2025-12-30 10:59:00+05:30,525.45,525.45,525.45,525.45,65,456430
2025-12-30 11:00:00+05:30,526.35,527.04,524.1,525.45,520,456430
2025-12-30 11:01:00+05:30,522.25,528.45,522.25,528.45,260,456625
2025-12-30 11:02:00+05:30,528.45,528.45,528.45,528.45,0,456625
2025-12-30 11:03:00+05:30,524.25,524.25,524.25,524.25,65,456625
2025-12-30 11:04:00+05:30,524.25,524.25,524.25,524.25,0,456625
2025-12-30 11:05:00+05:30,520.04,522.1,520.04,522.1,195,456690
2025-12-30 11:06:00+05:30,523.0,529.1,523.0,529.1,455,456690
2025-12-30 11:07:00+05:30,525.0,525.54,525.0,525.54,325,456690
2025-12-30 11:08:00+05:30,525.6,525.6,525.6,525.6,390,456690
2025-12-30 11:09:00+05:30,523.2,525.0,523.1,523.1,260,456690
2025-12-30 11:10:00+05:30,526.29,535.95,526.29,535.95,1105,456820
2025-12-30 11:11:00+05:30,538.04,543.79,537.75,537.75,1885,456820
2025-12-30 11:12:00+05:30,536.4,536.4,536.4,536.4,65,456820
2025-12-30 11:13:00+05:30,533.95,533.95,527.15,532.54,520,457405
2025-12-30 11:14:00+05:30,532.54,532.54,532.54,532.54,0,457405
2025-12-30 11:15:00+05:30,529.75,529.75,529.75,529.75,130,457405
2025-12-30 11:16:00+05:30,529.75,529.75,529.75,529.75,0,457405
2025-12-30 11:17:00+05:30,529.75,529.75,529.75,529.75,0,457405
2025-12-30 11:18:00+05:30,529.2,529.2,529.2,529.2,65,457405
2025-12-30 11:19:00+05:30,529.2,529.2,529.2,529.2,0,457405
2025-12-30 11:20:00+05:30,532.1,532.1,532.1,532.1,520,457405
2025-12-30 11:21:00+05:30,528.04,528.04,528.04,528.04,260,457405
2025-12-30 11:22:00+05:30,532.95,532.95,532.95,532.95,455,457405
2025-12-30 11:23:00+05:30,536.1,537.6,536.1,537.6,1040,457795
2025-12-30 11:24:00+05:30,540.0,540.0,535.04,535.04,1755,457795
2025-12-30 11:25:00+05:30,535.04,535.04,535.04,535.04,0,457795
2025-12-30 11:26:00+05:30,535.04,535.04,535.04,535.04,0,457795
2025-12-30 11:27:00+05:30,539.9,539.9,539.9,539.9,65,457730
2025-12-30 11:28:00+05:30,539.9,539.9,539.9,539.9,0,457730
2025-12-30 11:29:00+05:30,539.85,539.85,539.85,539.85,260,457730
2025-12-30 11:30:00+05:30,540.0,544.7,540.0,544.6,910,457730
2025-12-30 11:31:00+05:30,544.6,544.6,544.6,544.6,0,457730
2025-12-30 11:32:00+05:30,539.65,539.65,539.65,539.65,65,457730
2025-12-30 11:33:00+05:30,544.29,545.6,544.29,545.6,585,458185
2025-12-30 11:34:00+05:30,545.25,557.95,545.25,557.95,1820,458185
2025-12-30 11:35:00+05:30,556.1,556.1,552.0,552.45,325,457925
2025-12-30 11:36:00+05:30,552.85,552.85,550.5,550.5,390,457925
2025-12-30 11:37:00+05:30,547.29,550.0,547.29,548.65,455,458250
2025-12-30 11:38:00+05:30,549.29,549.65,548.65,549.65,260,458250
2025-12-30 11:39:00+05:30,549.0,549.0,549.0,549.0,1950,458250
2025-12-30 11:40:00+05:30,549.15,549.65,548.04,548.04,390,459940
2025-12-30 11:41:00+05:30,546.6,546.6,542.15,542.29,1755,459940
2025-12-30 11:42:00+05:30,538.35,539.6,538.35,539.6,2080,459940
2025-12-30 11:43:00+05:30,537.0,538.0,536.2,538.0,1170,459940
2025-12-30 11:44:00+05:30,538.0,538.0,537.5,537.5,130,462280
2025-12-30 11:45:00+05:30,535.4,537.29,535.4,537.29,130,462280
2025-12-30 11:46:00+05:30,536.04,537.29,536.04,537.29,390,462280
2025-12-30 11:47:00+05:30,537.29,537.29,537.29,537.29,0,462280
2025-12-30 11:48:00+05:30,537.29,537.29,537.29,537.29,0,462280
2025-12-30 11:49:00+05:30,538.65,539.1,538.65,539.0,650,462865
2025-12-30 11:50:00+05:30,540.0,540.0,539.0,540.0,845,462930
2025-12-30 11:51:00+05:30,540.0,540.0,540.0,540.0,0,462930
2025-12-30 11:52:00+05:30,545.85,545.85,545.85,545.85,390,462930
2025-12-30 11:53:00+05:30,544.45,544.45,544.45,544.45,65,463255
2025-12-30 11:54:00+05:30,546.2,549.4,546.2,549.4,195,463255
2025-12-30 11:55:00+05:30,549.6,549.6,549.6,549.6,65,463255
2025-12-30 11:56:00+05:30,549.6,549.6,549.6,549.6,0,463255
2025-12-30 11:57:00+05:30,549.65,552.15,549.65,552.15,195,463385
2025-12-30 11:58:00+05:30,552.25,552.25,552.25,552.25,65,463385
2025-12-30 11:59:00+05:30,550.54,550.54,550.5,550.5,195,463385
2025-12-30 12:00:00+05:30,551.0,551.0,551.0,551.0,65,463385
2025-12-30 12:01:00+05:30,551.0,554.65,551.0,554.5,1105,463385
2025-12-30 12:02:00+05:30,554.5,554.5,552.0,552.0,1365,464425
2025-12-30 12:03:00+05:30,553.1,554.25,553.0,554.25,650,464425
2025-12-30 12:04:00+05:30,555.5,555.79,554.15,555.1,1235,464425
2025-12-30 12:05:00+05:30,555.1,555.1,555.1,555.1,0,464425
2025-12-30 12:06:00+05:30,552.15,553.35,551.75,553.35,195,466700
2025-12-30 12:07:00+05:30,553.29,553.29,553.29,553.29,65,466700
2025-12-30 12:08:00+05:30,552.0,552.0,552.0,552.0,65,466830
2025-12-30 12:09:00+05:30,546.7,546.7,546.7,546.7,325,466830
2025-12-30 12:10:00+05:30,545.0,546.4,545.0,546.4,195,466830
2025-12-30 12:11:00+05:30,549.4,552.4,549.4,552.4,780,467025
2025-12-30 12:12:00+05:30,552.0,552.0,552.0,552.0,715,467025
2025-12-30 12:13:00+05:30,554.04,560.0,554.04,560.0,3965,467025
2025-12-30 12:14:00+05:30,560.45,561.29,560.0,560.54,715,471510
2025-12-30 12:15:00+05:30,560.0,560.0,560.0,560.0,390,471510
2025-12-30 12:16:00+05:30,555.0,555.0,554.2,554.2,130,471510
2025-12-30 12:17:00+05:30,555.79,557.4,555.15,557.4,650,472225
2025-12-30 12:18:00+05:30,557.4,557.4,557.4,557.4,0,472225
2025-12-30 12:19:00+05:30,557.65,557.65,557.65,557.65,390,472225
2025-12-30 12:20:00+05:30,555.45,555.45,554.95,554.95,195,472615
2025-12-30 12:21:00+05:30,556.0,556.0,556.0,556.0,130,472615
2025-12-30 12:22:00+05:30,556.0,556.0,556.0,556.0,0,472615
2025-12-30 12:23:00+05:30,558.0,558.0,558.0,558.0,130,472810
2025-12-30 12:24:00+05:30,558.0,558.0,558.0,558.0,0,472810
2025-12-30 12:25:00+05:30,560.45,560.45,559.0,559.0,260,472810
2025-12-30 12:26:00+05:30,557.0,557.0,557.0,557.0,650,472810
2025-12-30 12:27:00+05:30,555.0,557.0,555.0,557.0,650,473525
2025-12-30 12:28:00+05:30,557.0,557.0,557.0,557.0,0,473525
2025-12-30 12:29:00+05:30,560.4,560.4,560.4,560.4,260,473005
2025-12-30 12:30:00+05:30,557.0,557.0,557.0,557.0,650,473005
2025-12-30 12:31:00+05:30,557.0,557.0,557.0,557.0,0,473005
2025-12-30 12:32:00+05:30,557.0,557.0,557.0,557.0,0,473005
2025-12-30 12:33:00+05:30,555.0,555.0,555.0,555.0,260,472355
2025-12-30 12:34:00+05:30,555.0,555.0,555.0,555.0,0,472355
2025-12-30 12:35:00+05:30,555.0,555.0,553.85,553.85,975,472355
2025-12-30 12:36:00+05:30,555.35,555.35,552.04,552.04,195,472875
2025-12-30 12:37:00+05:30,549.65,551.0,549.65,549.65,195,472875
2025-12-30 12:38:00+05:30,545.0,547.2,545.0,547.2,260,473200
2025-12-30 12:39:00+05:30,549.0,549.0,549.0,549.0,130,473200
2025-12-30 12:40:00+05:30,544.2,544.2,544.2,544.2,195,473200
2025-12-30 12:41:00+05:30,544.2,544.2,544.2,544.2,0,473200
2025-12-30 12:42:00+05:30,544.2,544.2,544.2,544.2,0,473200
2025-12-30 12:43:00+05:30,551.2,552.95,551.2,552.95,520,473265
2025-12-30 12:44:00+05:30,551.2,551.2,551.1,551.1,195,473265
2025-12-30 12:45:00+05:30,551.2,553.0,551.2,553.0,260,473265
2025-12-30 12:46:00+05:30,553.0,553.0,553.0,553.0,0,473265
2025-12-30 12:47:00+05:30,553.0,553.0,553.0,553.0,0,473265
2025-12-30 12:48:00+05:30,544.65,544.65,542.25,543.75,585,473395
2025-12-30 12:49:00+05:30,541.04,541.9,541.04,541.9,195,473395
2025-12-30 12:50:00+05:30,542.35,545.0,542.35,545.0,130,473655
2025-12-30 12:51:00+05:30,546.75,548.0,546.75,548.0,455,473655
2025-12-30 12:52:00+05:30,549.9,549.9,549.9,549.9,260,473655
2025-12-30 12:53:00+05:30,549.79,549.79,546.45,546.45,520,473915
2025-12-30 12:54:00+05:30,545.0,545.0,545.0,545.0,260,473915
2025-12-30 12:55:00+05:30,545.0,545.0,545.0,545.0,325,473915
2025-12-30 12:56:00+05:30,545.04,545.04,545.04,545.04,130,474305
2025-12-30 12:57:00+05:30,546.4,551.9,546.4,551.9,1365,474305
2025-12-30 12:58:00+05:30,550.29,555.0,550.29,555.0,975,474305
2025-12-30 12:59:00+05:30,557.79,557.79,554.54,556.7,715,475475
2025-12-30 13:00:00+05:30,556.54,556.54,552.04,553.79,1170,475475
2025-12-30 13:01:00+05:30,553.79,555.7,553.45,555.7,325,475475
2025-12-30 13:02:00+05:30,557.0,557.0,557.0,557.0,65,475475
2025-12-30 13:03:00+05:30,557.0,557.0,557.0,557.0,0,475475
2025-12-30 13:04:00+05:30,557.35,560.1,557.15,560.1,715,475605
2025-12-30 13:05:00+05:30,560.5,560.5,560.5,560.5,65,475800
2025-12-30 13:06:00+05:30,560.5,560.5,560.5,560.5,0,475800
2025-12-30 13:07:00+05:30,560.5,560.5,560.5,560.5,0,475800
2025-12-30 13:08:00+05:30,560.5,560.5,560.5,560.5,0,475800
2025-12-30 13:09:00+05:30,560.5,560.5,560.5,560.5,0,475800
2025-12-30 13:10:00+05:30,560.7,568.45,560.7,568.45,1430,475800
2025-12-30 13:11:00+05:30,565.9,565.9,565.9,565.9,65,475800
2025-12-30 13:12:00+05:30,566.0,566.0,559.6,559.6,1235,476060
2025-12-30 13:13:00+05:30,559.6,559.6,559.6,559.6,0,476060
2025-12-30 13:14:00+05:30,559.6,559.6,559.6,559.6,0,476060
2025-12-30 13:15:00+05:30,559.6,559.6,559.6,559.6,0,476060
2025-12-30 13:16:00+05:30,556.04,556.04,556.04,556.04,65,476190
2025-12-30 13:17:00+05:30,556.04,556.04,556.04,556.04,0,476190
2025-12-30 13:18:00+05:30,556.95,556.95,556.95,556.95,65,476255
2025-12-30 13:19:00+05:30,556.95,556.95,556.95,556.95,0,476255
2025-12-30 13:20:00+05:30,553.1,554.04,553.1,554.04,130,476320
2025-12-30 13:21:00+05:30,555.7,555.7,555.7,555.7,65,476320
2025-12-30 13:22:00+05:30,555.7,555.7,555.7,555.7,0,476320
2025-12-30 13:23:00+05:30,556.15,556.6,555.65,555.65,195,476385
2025-12-30 13:24:00+05:30,555.65,555.65,555.65,555.65,0,476385
2025-12-30 13:25:00+05:30,557.54,557.54,556.65,556.65,520,476385
2025-12-30 13:26:00+05:30,556.9,557.35,556.9,557.35,130,476385
2025-12-30 13:27:00+05:30,557.9,557.9,554.04,554.04,130,476385
2025-12-30 13:28:00+05:30,554.04,554.04,554.04,554.04,0,476385
2025-12-30 13:29:00+05:30,553.6,553.6,553.6,553.6,260,476385
2025-12-30 13:30:00+05:30,548.0,548.0,548.0,548.0,520,476515
2025-12-30 13:31:00+05:30,548.0,548.0,548.0,548.0,0,476515
2025-12-30 13:32:00+05:30,545.04,545.04,540.04,540.04,260,476190
2025-12-30 13:33:00+05:30,541.75,541.75,539.0,540.04,390,476190
2025-12-30 13:34:00+05:30,539.15,539.15,536.29,536.29,195,476190
2025-12-30 13:35:00+05:30,537.6,537.6,536.15,536.15,520,476710
2025-12-30 13:36:00+05:30,533.29,533.29,526.95,528.04,650,476710
2025-12-30 13:37:00+05:30,530.5,531.5,530.1,531.5,585,476710
2025-12-30 13:38:00+05:30,535.1,535.85,533.25,533.85,585,477035
2025-12-30 13:39:00+05:30,535.95,535.95,534.65,534.65,130,477035
2025-12-30 13:40:00+05:30,532.9,532.9,531.04,531.04,260,477035
2025-12-30 13:41:00+05:30,528.79,528.79,525.0,525.0,780,477035
2025-12-30 13:42:00+05:30,525.15,528.4,523.6,524.95,1105,478075
2025-12-30 13:43:00+05:30,520.0,520.0,512.9,514.7,2275,478075
2025-12-30 13:44:00+05:30,509.15,515.15,509.15,515.15,1690,479635
2025-12-30 13:45:00+05:30,513.0,513.0,497.55,502.6,6630,479635
2025-12-30 13:46:00+05:30,501.0,508.95,501.0,504.8,2600,479635
2025-12-30 13:47:00+05:30,505.95,505.95,497.0,497.0,1820,481585
2025-12-30 13:48:00+05:30,496.6,502.8,496.6,501.95,2340,481585
2025-12-30 13:49:00+05:30,501.8,506.3,499.4,503.7,2275,481585
2025-12-30 13:50:00+05:30,502.95,506.95,502.95,506.95,520,482820
2025-12-30 13:51:00+05:30,515.45,516.95,512.5,516.95,260,482820
2025-12-30 13:52:00+05:30,517.75,517.75,514.7,514.7,260,482820
2025-12-30 13:53:00+05:30,507.85,511.4,507.85,511.4,455,483080
2025-12-30 13:54:00+05:30,511.4,511.4,511.4,511.4,0,483080
2025-12-30 13:55:00+05:30,510.55,511.35,509.7,509.7,1300,483080
2025-12-30 13:56:00+05:30,510.9,512.35,510.9,511.1,1365,483600
2025-12-30 13:57:00+05:30,511.75,514.1,511.75,514.1,195,483600
2025-12-30 13:58:00+05:30,512.85,512.85,508.05,508.05,1625,483600
2025-12-30 13:59:00+05:30,510.0,515.1,510.0,513.54,910,485420
2025-12-30 14:00:00+05:30,511.0,511.0,508.15,508.15,780,485420
2025-12-30 14:01:00+05:30,508.0,516.5,506.0,513.79,2145,485420
2025-12-30 14:02:00+05:30,515.29,515.29,510.0,510.5,325,486850
2025-12-30 14:03:00+05:30,510.7,511.95,510.0,510.1,975,486850
2025-12-30 14:04:00+05:30,508.3,509.7,508.0,509.7,650,486850
2025-12-30 14:05:00+05:30,509.9,511.9,509.9,510.45,390,488020
2025-12-30 14:06:00+05:30,510.7,516.65,510.7,512.5,1170,488020
2025-12-30 14:07:00+05:30,513.45,515.0,513.45,515.0,260,488020
2025-12-30 14:08:00+05:30,515.0,521.85,513.5,513.5,4810,490490
2025-12-30 14:09:00+05:30,515.29,516.6,514.9,514.9,325,490490
2025-12-30 14:10:00+05:30,516.1,516.4,510.65,510.65,260,490490
2025-12-30 14:11:00+05:30,512.5,512.5,512.4,512.4,325,490490
2025-12-30 14:12:00+05:30,513.54,513.54,513.54,513.54,65,491010
2025-12-30 14:13:00+05:30,510.1,510.1,502.2,505.0,455,491010
2025-12-30 14:14:00+05:30,510.0,510.0,508.05,508.05,195,491205
2025-12-30 14:15:00+05:30,507.55,507.55,504.85,504.85,1235,491205
2025-12-30 14:16:00+05:30,504.25,504.25,499.75,499.75,1040,491205
2025-12-30 14:17:00+05:30,497.9,499.9,497.9,498.1,325,491205
2025-12-30 14:18:00+05:30,499.5,501.4,499.5,501.4,195,492895
2025-12-30 14:19:00+05:30,501.75,506.85,500.5,506.85,260,492895
2025-12-30 14:20:00+05:30,505.5,509.9,505.35,509.9,650,492895
2025-12-30 14:21:00+05:30,514.29,515.45,513.4,514.7,1495,493610
2025-12-30 14:22:00+05:30,515.0,515.0,515.0,515.0,65,493610
2025-12-30 14:23:00+05:30,514.79,515.04,514.79,515.04,520,494130
2025-12-30 14:24:00+05:30,518.35,522.2,517.5,517.5,585,494130
2025-12-30 14:25:00+05:30,519.7,531.79,519.7,531.79,780,494130
2025-12-30 14:26:00+05:30,524.6,528.7,524.6,525.95,520,494975
2025-12-30 14:27:00+05:30,526.9,526.9,521.35,521.35,390,494975
2025-12-30 14:28:00+05:30,521.9,523.9,521.9,523.9,195,494975
2025-12-30 14:29:00+05:30,522.6,523.65,520.0,523.65,1430,495690
2025-12-30 14:30:00+05:30,518.6,518.75,515.1,518.75,650,495690
2025-12-30 14:31:00+05:30,519.5,519.5,519.5,519.5,65,495690
2025-12-30 14:32:00+05:30,515.04,515.04,513.75,513.75,260,495690
2025-12-30 14:33:00+05:30,514.1,514.1,514.1,514.1,65,496210
2025-12-30 14:34:00+05:30,513.45,513.45,512.4,512.4,390,496210
2025-12-30 14:35:00+05:30,515.54,515.54,515.54,515.54,65,496210
2025-12-30 14:36:00+05:30,520.95,521.85,517.79,519.95,1495,496665
2025-12-30 14:37:00+05:30,518.5,522.79,518.5,522.79,585,496665
2025-12-30 14:38:00+05:30,524.79,525.0,518.4,520.0,585,496665
2025-12-30 14:39:00+05:30,517.5,518.0,515.7,515.7,650,497705
2025-12-30 14:40:00+05:30,517.95,518.95,516.25,518.95,520,497705
2025-12-30 14:41:00+05:30,521.04,523.5,521.04,522.2,195,497705
2025-12-30 14:42:00+05:30,519.9,521.04,519.9,521.04,1885,498485
2025-12-30 14:43:00+05:30,517.29,517.29,507.6,507.6,1885,498485
2025-12-30 14:44:00+05:30,508.1,511.65,507.15,509.75,1040,498485
2025-12-30 14:45:00+05:30,510.8,515.65,508.25,514.0,325,500565
2025-12-30 14:46:00+05:30,510.25,513.29,510.25,513.29,325,500565
2025-12-30 14:47:00+05:30,510.0,511.0,508.3,508.9,910,501085
2025-12-30 14:48:00+05:30,507.95,510.6,507.15,510.6,585,501085
2025-12-30 14:49:00+05:30,510.0,510.0,505.0,505.8,7735,501085
2025-12-30 14:50:00+05:30,503.05,504.85,502.55,504.15,1430,507910
2025-12-30 14:51:00+05:30,503.3,505.35,501.8,505.35,585,507910
2025-12-30 14:52:00+05:30,505.55,508.95,505.55,506.35,455,507910
2025-12-30 14:53:00+05:30,507.6,509.9,506.8,506.8,390,507910
2025-12-30 14:54:00+05:30,510.0,510.6,510.0,510.6,130,508495
2025-12-30 14:55:00+05:30,509.4,509.4,506.15,508.4,715,508495
2025-12-30 14:56:00+05:30,509.45,509.45,500.1,502.2,1560,508495
2025-12-30 14:57:00+05:30,503.15,510.5,503.15,508.65,1040,509145
2025-12-30 14:58:00+05:30,510.5,513.0,508.9,510.65,910,509145
2025-12-30 14:59:00+05:30,505.6,510.85,505.6,510.1,910,509925
2025-12-30 15:00:00+05:30,513.1,515.0,508.45,514.95,1560,509925
2025-12-30 15:01:00+05:30,517.0,519.0,514.9,519.0,3250,509925
2025-12-30 15:02:00+05:30,515.85,516.9,515.85,515.95,1105,509925
2025-12-30 15:03:00+05:30,513.95,515.0,512.0,515.0,2015,512980
2025-12-30 15:04:00+05:30,514.4,514.4,509.1,511.6,2470,512980
2025-12-30 15:05:00+05:30,512.0,512.0,509.25,510.7,1365,512980
2025-12-30 15:06:00+05:30,510.0,510.0,505.0,505.0,1560,517075
2025-12-30 15:07:00+05:30,500.15,510.75,500.15,510.75,3055,517075
2025-12-30 15:08:00+05:30,508.35,508.6,504.0,504.0,1235,517075
2025-12-30 15:09:00+05:30,504.9,507.95,504.9,507.95,780,518700
2025-12-30 15:10:00+05:30,509.1,509.1,506.05,507.0,2145,518700
2025-12-30 15:11:00+05:30,508.0,508.0,505.95,507.85,780,518700
2025-12-30 15:12:00+05:30,507.6,508.9,505.6,505.6,910,521170
2025-12-30 15:13:00+05:30,505.0,505.0,503.85,504.15,1365,521170
2025-12-30 15:14:00+05:30,503.8,504.4,502.45,502.55,2275,521170
2025-12-30 15:15:00+05:30,502.2,502.2,499.05,500.7,2795,523640
2025-12-30 15:16:00+05:30,499.85,500.1,498.95,500.0,1170,523640
2025-12-30 15:17:00+05:30,500.1,500.85,496.75,496.75,2080,523640
2025-12-30 15:18:00+05:30,496.0,496.45,494.45,496.45,1040,527540
2025-12-30 15:19:00+05:30,496.8,497.7,496.8,497.65,195,527540
2025-12-30 15:20:00+05:30,497.45,498.5,496.65,498.5,1560,527540
2025-12-30 15:21:00+05:30,499.1,499.1,498.05,498.25,520,529230
2025-12-30 15:22:00+05:30,499.0,499.0,497.8,497.9,390,529230
2025-12-30 15:23:00+05:30,497.55,497.55,496.25,496.5,585,529230
2025-12-30 15:24:00+05:30,495.65,495.95,495.6,495.95,780,530205
2025-12-30 15:25:00+05:30,495.6,495.65,493.5,493.65,910,530205
2025-12-30 15:26:00+05:30,494.45,494.45,491.0,491.0,2730,530205
2025-12-30 15:27:00+05:30,490.65,491.0,490.0,490.2,3575,532935
2025-12-30 15:28:00+05:30,490.1,490.1,489.3,489.95,1755,532935
2025-12-30 15:29:00+05:30,489.6,490.35,486.5,490.0,5200,532935
2025-12-31 09:15:00+05:30,471.0,471.0,447.4,456.0,11440,540345
2025-12-31 09:16:00+05:30,457.25,462.9,451.3,451.3,4810,540345
2025-12-31 09:17:00+05:30,450.15,455.95,448.95,453.45,6045,540345
2025-12-31 09:18:00+05:30,453.55,455.35,447.0,448.4,8450,549120
2025-12-31 09:19:00+05:30,447.75,449.55,444.9,448.95,20215,549120
2025-12-31 09:20:00+05:30,448.95,456.4,446.75,448.3,5915,549120
2025-12-31 09:21:00+05:30,449.25,454.65,449.25,450.65,12220,568100
2025-12-31 09:22:00+05:30,451.25,451.7,449.2,450.6,22685,568100
2025-12-31 09:23:00+05:30,455.7,460.0,455.55,456.25,2860,568100
2025-12-31 09:24:00+05:30,458.55,458.55,454.15,456.4,4810,584935
2025-12-31 09:25:00+05:30,460.0,474.0,457.4,473.7,7930,584935
2025-12-31 09:26:00+05:30,476.25,477.8,470.25,476.25,4615,584935
2025-12-31 09:27:00+05:30,479.6,482.0,453.1,453.1,5005,582270
2025-12-31 09:28:00+05:30,452.55,452.55,444.1,446.25,6305,582270
2025-12-31 09:29:00+05:30,448.6,448.6,436.9,440.75,2730,582270
2025-12-31 09:30:00+05:30,442.85,446.4,437.15,441.15,33865,587730
2025-12-31 09:31:00+05:30,445.05,445.05,435.05,437.0,5005,587730
2025-12-31 09:32:00+05:30,436.6,444.4,436.6,441.65,9230,587730
2025-12-31 09:33:00+05:30,443.5,449.05,443.5,444.85,5785,613015
2025-12-31 09:34:00+05:30,443.9,458.05,443.05,458.05,5460,613015
2025-12-31 09:35:00+05:30,459.05,467.75,458.35,464.7,5200,613015
2025-12-31 09:36:00+05:30,467.2,467.2,456.7,457.25,6110,619125
2025-12-31 09:37:00+05:30,457.9,461.05,451.5,458.1,2665,619125
2025-12-31 09:38:00+05:30,455.4,456.4,450.85,452.8,4420,619125
2025-12-31 09:39:00+05:30,452.8,452.8,449.75,452.0,2925,620750
2025-12-31 09:40:00+05:30,454.5,457.2,450.2,455.3,1950,620750
2025-12-31 09:41:00+05:30,453.0,458.9,452.5,456.2,2015,620750
2025-12-31 09:42:00+05:30,456.95,462.7,452.6,456.1,2535,624065
2025-12-31 09:43:00+05:30,465.75,471.0,462.7,466.6,4095,624065
2025-12-31 09:44:00+05:30,474.0,485.0,470.4,481.6,3835,624065
2025-12-31 09:45:00+05:30,484.0,485.35,474.3,475.95,6110,622310
2025-12-31 09:46:00+05:30,476.35,476.6,468.1,476.6,2470,622310
2025-12-31 09:47:00+05:30,473.65,476.65,471.95,472.25,1690,622310
2025-12-31 09:48:00+05:30,478.9,481.1,473.85,475.9,10075,624130
2025-12-31 09:49:00+05:30,475.55,475.55,470.45,473.3,1690,624130
2025-12-31 09:50:00+05:30,470.0,473.7,465.65,465.65,975,624130
2025-12-31 09:51:00+05:30,467.35,471.3,466.75,467.95,1235,631085
2025-12-31 09:52:00+05:30,465.0,471.55,463.25,471.55,585,631085
2025-12-31 09:53:00+05:30,472.15,472.15,466.45,468.9,3575,631085
2025-12-31 09:54:00+05:30,470.2,471.55,467.85,470.35,845,634270
2025-12-31 09:55:00+05:30,468.05,478.0,468.05,470.95,1170,634270
2025-12-31 09:56:00+05:30,472.0,474.5,466.85,466.85,1365,634270
2025-12-31 09:57:00+05:30,466.1,473.8,466.1,471.95,1885,634595
2025-12-31 09:58:00+05:30,468.75,468.75,456.95,456.95,1690,634595
2025-12-31 09:59:00+05:30,455.75,464.7,454.05,464.5,7215,634595
2025-12-31 10:00:00+05:30,465.3,476.3,462.55,476.05,4160,633100
2025-12-31 10:01:00+05:30,474.5,476.0,473.7,474.3,1170,633100
2025-12-31 10:02:00+05:30,468.55,468.55,458.75,458.75,1885,633100
2025-12-31 10:03:00+05:30,459.95,463.6,457.0,463.6,2730,634465
2025-12-31 10:04:00+05:30,461.6,475.95,461.6,474.5,1885,634465
2025-12-31 10:05:00+05:30,477.1,482.65,473.0,476.85,5135,634465
2025-12-31 10:06:00+05:30,477.05,478.6,472.9,472.9,3965,636675
2025-12-31 10:07:00+05:30,470.0,472.45,460.15,463.7,3185,636675
2025-12-31 10:08:00+05:30,463.25,463.9,458.0,458.0,2925,636675
2025-12-31 10:09:00+05:30,459.15,461.95,456.65,457.6,1365,637520
2025-12-31 10:10:00+05:30,457.3,459.5,455.85,455.85,1040,637520
2025-12-31 10:11:00+05:30,457.45,460.0,456.6,457.5,2405,637520
2025-12-31 10:12:00+05:30,458.8,458.8,456.2,456.5,2015,640510
2025-12-31 10:13:00+05:30,458.15,459.65,456.2,456.2,1690,640510
2025-12-31 10:14:00+05:30,455.0,455.9,451.15,453.65,2730,640510
2025-12-31 10:15:00+05:30,451.0,451.0,446.4,450.35,3770,644410
2025-12-31 10:16:00+05:30,451.05,451.75,449.05,449.05,845,644410
2025-12-31 10:17:00+05:30,447.25,450.75,444.0,448.75,2795,644410
2025-12-31 10:18:00+05:30,452.05,452.05,447.65,448.95,325,644215
2025-12-31 10:19:00+05:30,445.8,445.8,444.45,444.9,455,644215
2025-12-31 10:20:00+05:30,446.8,447.35,445.05,447.15,1040,644215
2025-12-31 10:21:00+05:30,444.1,444.5,443.0,444.5,5785,644215
2025-12-31 10:22:00+05:30,445.0,446.75,443.5,443.5,585,644215
2025-12-31 10:23:00+05:30,443.0,445.05,442.0,445.05,1625,644215
2025-12-31 10:24:00+05:30,446.85,450.0,445.0,445.0,1040,644215
2025-12-31 10:25:00+05:30,444.1,447.1,444.0,446.4,780,643890
2025-12-31 10:26:00+05:30,445.55,447.35,444.0,445.25,1040,643890
2025-12-31 10:27:00+05:30,443.6,446.2,443.55,445.5,780,643890
2025-12-31 10:28:00+05:30,440.0,443.6,440.0,442.6,2340,644475
2025-12-31 10:29:00+05:30,443.95,443.95,440.0,441.75,1495,644475
2025-12-31 10:30:00+05:30,439.65,441.75,438.0,438.2,1300,644475
2025-12-31 10:31:00+05:30,437.45,438.9,425.1,425.1,21450,647400
2025-12-31 10:32:00+05:30,425.95,425.95,423.4,424.0,4290,647400
2025-12-31 10:33:00+05:30,423.9,424.05,421.0,424.05,21190,647400
2025-12-31 10:34:00+05:30,424.6,424.6,422.25,424.2,2405,670150
2025-12-31 10:35:00+05:30,424.35,428.15,424.35,425.2,3120,670150
2025-12-31 10:36:00+05:30,425.2,426.45,423.45,426.45,3770,670150
2025-12-31 10:37:00+05:30,424.4,430.35,424.1,426.35,1755,674245
2025-12-31 10:38:00+05:30,426.95,426.95,424.0,426.6,2015,674245
2025-12-31 10:39:00+05:30,427.0,428.05,425.0,426.2,1495,674245
2025-12-31 10:40:00+05:30,425.8,429.0,422.05,422.05,3315,675545
2025-12-31 10:41:00+05:30,421.25,421.25,406.5,406.5,5980,675545
2025-12-31 10:42:00+05:30,405.0,408.4,403.3,403.45,5850,675545
2025-12-31 10:43:00+05:30,407.8,409.0,406.75,408.6,6630,679640
2025-12-31 10:44:00+05:30,408.0,409.35,406.4,407.75,1690,679640
2025-12-31 10:45:00+05:30,406.0,409.45,404.85,409.45,1300,679640
2025-12-31 10:46:00+05:30,409.1,409.1,406.05,406.5,1430,685685
2025-12-31 10:47:00+05:30,407.45,414.0,407.45,413.55,3120,685685
2025-12-31 10:48:00+05:30,414.0,419.5,413.35,419.5,5005,685685
2025-12-31 10:49:00+05:30,419.65,419.65,414.35,414.65,3055,682110
2025-12-31 10:50:00+05:30,415.4,419.4,415.0,419.05,1950,682110
2025-12-31 10:51:00+05:30,420.0,420.0,414.4,414.4,1430,682110
2025-12-31 10:52:00+05:30,415.0,415.0,409.15,409.15,2080,683150
2025-12-31 10:53:00+05:30,409.0,409.0,404.65,404.65,5070,683150
2025-12-31 10:54:00+05:30,409.05,409.8,407.8,409.8,3900,683150
2025-12-31 10:55:00+05:30,410.0,411.35,410.0,411.35,780,687570
2025-12-31 10:56:00+05:30,412.4,414.85,411.85,413.6,1170,687570
2025-12-31 10:57:00+05:30,412.05,412.05,409.25,410.2,1300,687570
2025-12-31 10:58:00+05:30,409.15,409.8,406.15,406.15,975,689000
2025-12-31 10:59:00+05:30,407.45,408.3,406.85,408.3,520,689000
2025-12-31 11:00:00+05:30,408.0,409.15,408.0,408.0,975,689000
2025-12-31 11:01:00+05:30,408.7,409.75,406.85,407.0,3315,689000
2025-12-31 11:02:00+05:30,407.3,409.55,407.25,408.3,5655,689000
2025-12-31 11:03:00+05:30,408.5,409.2,406.1,407.25,5005,689000
2025-12-31 11:04:00+05:30,406.5,408.4,404.95,406.85,3705,694980
2025-12-31 11:05:00+05:30,406.6,407.05,404.0,407.05,3835,694980
2025-12-31 11:06:00+05:30,407.65,408.85,405.7,407.5,2145,694980
2025-12-31 11:07:00+05:30,406.2,409.15,405.3,407.9,2860,696605
2025-12-31 11:08:00+05:30,408.85,411.65,407.4,408.9,3705,696605
2025-12-31 11:09:00+05:30,410.95,413.4,409.45,409.45,2990,696605
2025-12-31 11:10:00+05:30,411.25,411.5,409.0,409.0,975,696280
2025-12-31 11:11:00+05:30,408.0,412.1,407.0,411.65,2080,696280
2025-12-31 11:12:00+05:30,409.95,410.0,408.35,410.0,1625,696280
2025-12-31 11:13:00+05:30,410.1,411.05,409.55,410.0,1170,697840
2025-12-31 11:14:00+05:30,409.05,410.15,407.15,407.15,650,697840
2025-12-31 11:15:00+05:30,406.45,407.1,403.0,404.6,3380,697840
2025-12-31 11:16:00+05:30,405.0,408.05,403.2,405.65,1950,700830
2025-12-31 11:17:00+05:30,405.5,405.5,402.75,403.6,1690,700830
2025-12-31 11:18:00+05:30,401.7,407.9,401.7,405.95,2535,700830
2025-12-31 11:19:00+05:30,405.0,407.05,403.3,407.05,2925,703235
2025-12-31 11:20:00+05:30,404.85,412.65,404.85,412.65,2730,703235
2025-12-31 11:21:00+05:30,411.4,412.3,410.0,410.0,1365,703235
2025-12-31 11:22:00+05:30,409.3,412.0,409.3,412.0,390,703885
2025-12-31 11:23:00+05:30,413.0,413.25,411.05,411.05,780,703885
2025-12-31 11:24:00+05:30,411.45,418.0,411.45,415.8,4420,703885
2025-12-31 11:25:00+05:30,416.2,416.2,412.15,414.9,13000,700830
2025-12-31 11:26:00+05:30,415.15,416.4,414.3,415.65,455,700830
2025-12-31 11:27:00+05:30,415.85,415.85,414.5,415.05,1820,700830
2025-12-31 11:28:00+05:30,416.0,417.9,416.0,417.85,2860,708435
2025-12-31 11:29:00+05:30,418.5,419.0,416.75,417.7,2990,708435
2025-12-31 11:30:00+05:30,419.6,420.35,417.5,417.65,3445,708435
2025-12-31 11:31:00+05:30,417.0,419.4,416.45,417.55,5005,711360
2025-12-31 11:32:00+05:30,417.25,417.7,416.4,416.6,3445,711360
2025-12-31 11:33:00+05:30,416.75,416.75,410.0,412.45,3705,711360
2025-12-31 11:34:00+05:30,412.4,412.4,410.4,410.4,1105,716755
2025-12-31 11:35:00+05:30,410.15,410.15,405.1,405.1,1755,716755
2025-12-31 11:36:00+05:30,405.0,407.1,401.0,401.8,7735,716755
2025-12-31 11:37:00+05:30,400.75,403.0,400.75,402.0,1300,715455
2025-12-31 11:38:00+05:30,402.65,402.65,399.4,400.0,2275,715455
2025-12-31 11:39:00+05:30,399.4,400.85,399.2,400.2,910,715455
2025-12-31 11:40:00+05:30,400.15,400.15,392.0,398.2,5850,716755
2025-12-31 11:41:00+05:30,396.9,397.8,396.1,396.1,1430,716755
2025-12-31 11:42:00+05:30,395.45,395.75,393.45,395.75,4160,716755
2025-12-31 11:43:00+05:30,395.15,396.9,393.6,395.05,2535,716625
2025-12-31 11:44:00+05:30,394.85,395.6,393.95,395.55,14885,716625
2025-12-31 11:45:00+05:30,395.7,398.05,394.5,396.6,40365,716625
2025-12-31 11:46:00+05:30,397.15,400.5,397.15,398.95,1820,751985
2025-12-31 11:47:00+05:30,396.95,398.0,394.6,394.6,5005,751985
2025-12-31 11:48:00+05:30,395.8,396.5,395.0,395.5,1755,751985
2025-12-31 11:49:00+05:30,395.85,395.85,393.45,394.3,3445,755755
2025-12-31 11:50:00+05:30,394.0,395.45,393.0,394.75,6435,755755
2025-12-31 11:51:00+05:30,394.3,395.3,392.05,393.0,3380,755755
2025-12-31 11:52:00+05:30,393.3,394.7,392.0,393.6,7150,765830
2025-12-31 11:53:00+05:30,394.25,394.95,392.65,393.7,3575,765830
2025-12-31 11:54:00+05:30,393.45,394.45,393.45,394.45,2795,765830
2025-12-31 11:55:00+05:30,394.75,398.15,393.85,398.0,2275,770965
2025-12-31 11:56:00+05:30,398.75,398.75,391.0,391.0,3510,770965
2025-12-31 11:57:00+05:30,391.4,395.3,391.4,395.3,845,770965
2025-12-31 11:58:00+05:30,395.7,396.0,394.0,394.9,1040,772850
2025-12-31 11:59:00+05:30,395.25,396.05,395.25,396.05,260,772850
2025-12-31 12:00:00+05:30,396.9,397.05,395.25,397.05,390,772850
2025-12-31 12:01:00+05:30,398.0,398.0,392.65,395.8,3835,774215
2025-12-31 12:02:00+05:30,392.25,396.0,388.5,396.0,2015,774215
2025-12-31 12:03:00+05:30,394.45,394.45,391.3,392.0,650,774215
2025-12-31 12:04:00+05:30,390.9,392.0,390.45,392.0,455,776035
2025-12-31 12:05:00+05:30,393.0,393.45,391.3,391.85,1105,776035
2025-12-31 12:06:00+05:30,390.7,391.35,390.7,391.05,1430,776035
2025-12-31 12:07:00+05:30,391.2,391.2,381.8,384.95,6630,777985
2025-12-31 12:08:00+05:30,383.6,386.15,381.0,381.0,5265,777985
2025-12-31 12:09:00+05:30,378.8,382.2,375.0,381.4,35425,777985
2025-12-31 12:10:00+05:30,381.4,384.8,381.4,384.0,2210,783510
2025-12-31 12:11:00+05:30,385.05,385.05,381.0,381.0,1690,783510
2025-12-31 12:12:00+05:30,381.0,382.0,377.4,377.65,4745,783510
2025-12-31 12:13:00+05:30,377.85,378.4,370.0,374.15,8190,787605
2025-12-31 12:14:00+05:30,375.2,377.2,374.25,376.05,31980,787605
2025-12-31 12:15:00+05:30,374.15,377.3,374.0,377.3,6110,787605
2025-12-31 12:16:00+05:30,377.4,377.4,375.55,376.75,2080,805350
2025-12-31 12:17:00+05:30,377.15,380.5,377.15,379.2,3770,805350
2025-12-31 12:18:00+05:30,380.2,380.2,376.9,376.9,1040,805350
2025-12-31 12:19:00+05:30,378.1,378.15,377.8,378.15,195,805740
2025-12-31 12:20:00+05:30,377.45,378.0,377.0,378.0,520,805740
2025-12-31 12:21:00+05:30,377.75,378.65,376.0,376.0,5330,805740
2025-12-31 12:22:00+05:30,375.35,377.05,375.0,375.0,5525,802685
2025-12-31 12:23:00+05:30,374.9,374.95,372.9,373.0,4160,802685
2025-12-31 12:24:00+05:30,372.6,372.8,370.15,372.05,4615,802685
2025-12-31 12:25:00+05:30,371.2,374.95,371.2,374.4,4160,804635
2025-12-31 12:26:00+05:30,375.85,375.85,373.8,375.8,3640,804635
2025-12-31 12:27:00+05:30,376.45,376.45,372.65,372.65,4745,804635
2025-12-31 12:28:00+05:30,374.35,376.05,373.9,374.05,1170,805870
2025-12-31 12:29:00+05:30,374.0,374.4,373.0,374.35,715,805870
2025-12-31 12:30:00+05:30,373.5,376.4,373.5,376.4,3835,805870
2025-12-31 12:31:00+05:30,375.5,375.5,370.7,371.85,4810,807690
2025-12-31 12:32:00+05:30,370.8,371.9,369.9,371.6,6825,807690
2025-12-31 12:33:00+05:30,372.0,372.0,363.3,367.2,8645,807690
2025-12-31 12:34:00+05:30,367.25,370.25,366.0,366.75,6435,813475
2025-12-31 12:35:00+05:30,367.45,370.0,363.05,370.0,3315,813475
2025-12-31 12:36:00+05:30,369.55,370.25,368.95,369.2,53105,813475
2025-12-31 12:37:00+05:30,368.0,369.5,366.25,368.85,5785,844285
2025-12-31 12:38:00+05:30,367.8,368.3,366.65,368.3,2275,844285
2025-12-31 12:39:00+05:30,368.1,368.1,366.5,366.5,2470,844285
2025-12-31 12:40:00+05:30,366.5,366.5,363.55,366.0,7540,846040
2025-12-31 12:41:00+05:30,366.2,368.2,365.95,366.4,8125,846040
2025-12-31 12:42:00+05:30,363.6,366.15,363.6,364.4,4290,846040
2025-12-31 12:43:00+05:30,365.0,366.65,362.0,362.0,2340,847145
2025-12-31 12:44:00+05:30,362.7,363.85,352.4,352.4,15145,847145
2025-12-31 12:45:00+05:30,353.85,357.5,352.0,352.0,54145,847145
2025-12-31 12:46:00+05:30,353.3,353.85,345.75,347.1,30745,875485
2025-12-31 12:47:00+05:30,347.15,349.9,344.25,346.9,38220,875485
2025-12-31 12:48:00+05:30,346.3,348.4,340.75,341.4,21970,875485
2025-12-31 12:49:00+05:30,342.35,342.35,336.55,340.75,113620,855335
2025-12-31 12:50:00+05:30,339.75,344.85,339.15,342.35,19565,855335
2025-12-31 12:51:00+05:30,341.4,341.55,338.8,338.8,9880,855335
2025-12-31 12:52:00+05:30,337.8,339.65,333.0,333.0,24830,850525
2025-12-31 12:53:00+05:30,333.9,333.9,328.3,328.55,49595,850525
2025-12-31 12:54:00+05:30,329.2,332.25,329.2,331.4,23400,850525
2025-12-31 12:55:00+05:30,331.35,331.8,326.39,329.2,14625,892255
2025-12-31 12:56:00+05:30,328.15,329.15,326.0,326.89,10790,892255
2025-12-31 12:57:00+05:30,324.85,324.85,319.6,322.7,33930,892255
2025-12-31 12:58:00+05:30,321.39,322.14,319.3,320.55,24180,901810
2025-12-31 12:59:00+05:30,319.85,326.14,319.45,324.05,24115,901810
2025-12-31 13:00:00+05:30,321.7,322.8,320.85,321.89,26130,901810
2025-12-31 13:01:00+05:30,320.64,324.5,319.75,324.5,57070,922415
2025-12-31 13:02:00+05:30,324.14,329.3,323.7,328.5,34255,922415
2025-12-31 13:03:00+05:30,328.0,329.75,325.3,326.05,39455,922415
2025-12-31 13:04:00+05:30,326.05,328.65,325.25,328.65,37440,904020
2025-12-31 13:05:00+05:30,329.05,329.05,327.0,328.1,6695,904020
2025-12-31 13:06:00+05:30,329.45,333.8,329.1,333.8,18070,904020
2025-12-31 13:07:00+05:30,334.75,334.75,329.95,329.95,10725,903305
2025-12-31 13:08:00+05:30,329.55,330.5,328.2,328.85,38935,903305
2025-12-31 13:09:00+05:30,329.1,330.0,326.64,326.7,39195,903305
2025-12-31 13:10:00+05:30,326.45,328.5,325.0,328.3,44525,853775
2025-12-31 13:11:00+05:30,327.8,330.6,327.8,328.95,8190,853775
2025-12-31 13:12:00+05:30,328.0,328.0,326.14,326.7,2600,853775
2025-12-31 13:13:00+05:30,326.6,326.6,322.64,323.14,11375,855855
2025-12-31 13:14:00+05:30,324.05,325.64,323.55,324.5,12220,855855
2025-12-31 13:15:00+05:30,323.55,328.3,322.0,328.1,10465,855855
2025-12-31 13:16:00+05:30,327.45,330.1,327.45,328.1,8905,861445
2025-12-31 13:17:00+05:30,329.6,331.45,329.25,331.4,7215,861445
2025-12-31 13:18:00+05:30,331.9,332.9,330.7,331.0,13130,861445
2025-12-31 13:19:00+05:30,330.8,332.3,330.15,331.4,3315,862290
2025-12-31 13:20:00+05:30,331.0,331.0,327.55,328.0,11505,862290
2025-12-31 13:21:00+05:30,328.05,329.55,327.5,329.0,6500,862290
2025-12-31 13:22:00+05:30,328.4,328.4,324.45,325.2,7410,864760
2025-12-31 13:23:00+05:30,325.2,326.0,324.0,324.5,9490,864760
2025-12-31 13:24:00+05:30,324.45,327.14,323.3,326.8,7280,864760
2025-12-31 13:25:00+05:30,327.0,328.05,326.0,327.55,3120,864760
2025-12-31 13:26:00+05:30,327.55,328.2,325.64,326.0,3445,866970
2025-12-31 13:27:00+05:30,325.8,326.14,324.3,324.3,2340,866970
2025-12-31 13:28:00+05:30,324.3,325.1,320.0,320.89,7865,868530
2025-12-31 13:29:00+05:30,320.89,326.7,320.39,325.5,7020,868530
2025-12-31 13:30:00+05:30,324.75,324.75,319.35,321.2,4940,868530
2025-12-31 13:31:00+05:30,321.5,322.5,320.95,322.5,4160,870025
2025-12-31 13:32:00+05:30,322.5,323.55,322.0,322.7,2795,870025
2025-12-31 13:33:00+05:30,323.55,328.35,323.55,327.0,11245,870025
2025-12-31 13:34:00+05:30,328.2,332.25,328.15,332.25,10075,867555
2025-12-31 13:35:00+05:30,331.2,334.8,331.2,332.85,15145,867555
2025-12-31 13:36:00+05:30,332.55,335.5,332.45,335.0,6500,867555
2025-12-31 13:37:00+05:30,334.7,339.35,334.3,338.7,9880,865215
2025-12-31 13:38:00+05:30,338.5,340.95,337.05,340.7,15340,865215
2025-12-31 13:39:00+05:30,342.0,342.0,335.75,335.9,11700,865215
2025-12-31 13:40:00+05:30,336.7,336.7,335.0,335.2,4160,865215
2025-12-31 13:41:00+05:30,333.0,333.7,330.1,330.1,9685,856310
2025-12-31 13:42:00+05:30,329.6,331.55,327.05,330.45,11765,856310
2025-12-31 13:43:00+05:30,330.0,330.65,327.95,329.85,1235,853190
2025-12-31 13:44:00+05:30,330.0,330.0,327.39,327.9,3055,853190
2025-12-31 13:45:00+05:30,327.95,328.1,324.6,325.85,5135,853190
2025-12-31 13:46:00+05:30,325.7,327.6,325.0,325.89,3055,858260
2025-12-31 13:47:00+05:30,325.0,325.0,320.6,320.6,11050,858260
2025-12-31 13:48:00+05:30,320.0,324.7,319.35,323.89,15080,858260
2025-12-31 13:49:00+05:30,323.75,323.75,321.14,321.95,2925,856050
2025-12-31 13:50:00+05:30,321.25,322.45,320.0,321.1,4810,856050
2025-12-31 13:51:00+05:30,320.7,321.7,318.0,320.0,11180,856050
2025-12-31 13:52:00+05:30,320.25,323.7,320.25,323.0,4745,861445
2025-12-31 13:53:00+05:30,322.8,322.8,320.2,320.2,9555,861445
2025-12-31 13:54:00+05:30,322.3,322.95,321.0,321.6,4290,861445
2025-12-31 13:55:00+05:30,322.39,322.75,321.3,322.0,2925,867035
2025-12-31 13:56:00+05:30,322.39,322.39,319.1,319.1,6890,867035
2025-12-31 13:57:00+05:30,316.89,319.8,314.14,315.1,14625,867035
2025-12-31 13:58:00+05:30,315.1,315.25,308.3,310.3,51870,873795
2025-12-31 13:59:00+05:30,310.3,316.55,308.0,316.55,26650,873795
2025-12-31 14:00:00+05:30,315.55,318.6,315.0,317.7,18460,873795
2025-12-31 14:01:00+05:30,317.2,320.75,316.95,320.75,11375,885885
2025-12-31 14:02:00+05:30,320.0,325.8,319.75,321.64,22100,885885
2025-12-31 14:03:00+05:30,321.39,321.39,318.2,319.85,7345,885885
2025-12-31 14:04:00+05:30,317.25,319.2,317.0,318.2,6175,889460
2025-12-31 14:05:00+05:30,318.35,319.85,317.1,318.55,3770,889460
2025-12-31 14:06:00+05:30,317.64,319.0,316.5,316.5,3510,889460
2025-12-31 14:07:00+05:30,316.5,316.7,314.6,314.6,6565,889460
2025-12-31 14:08:00+05:30,314.7,319.89,314.64,317.55,11440,892125
2025-12-31 14:09:00+05:30,316.55,318.64,316.0,316.1,2990,892125
2025-12-31 14:10:00+05:30,316.1,317.14,314.25,317.14,3120,892125
2025-12-31 14:11:00+05:30,316.35,317.75,316.0,317.0,2535,897910
2025-12-31 14:12:00+05:30,317.64,318.5,316.0,318.5,4940,897910
2025-12-31 14:13:00+05:30,318.3,318.3,316.75,317.39,5330,897910
2025-12-31 14:14:00+05:30,317.39,319.85,316.7,319.05,1950,899275
2025-12-31 14:15:00+05:30,320.0,323.35,318.0,322.39,10465,899275
2025-12-31 14:16:00+05:30,323.05,324.05,320.45,321.0,12220,899275
2025-12-31 14:17:00+05:30,321.0,325.85,321.0,324.6,9360,898040
2025-12-31 14:18:00+05:30,324.5,325.05,322.85,322.85,9945,898040
2025-12-31 14:19:00+05:30,323.3,324.3,322.0,322.7,1625,898040
2025-12-31 14:20:00+05:30,320.0,326.0,320.0,324.6,5785,900640
2025-12-31 14:21:00+05:30,322.75,323.75,322.05,322.85,1365,900640
2025-12-31 14:22:00+05:30,319.14,323.75,319.05,323.39,5070,900640
2025-12-31 14:23:00+05:30,323.89,329.75,323.89,329.75,10660,899925
2025-12-31 14:24:00+05:30,329.4,329.4,324.3,324.3,10985,899925
2025-12-31 14:25:00+05:30,324.0,324.14,320.95,323.25,9750,899925
2025-12-31 14:26:00+05:30,325.25,325.25,323.35,325.14,6175,896870
2025-12-31 14:27:00+05:30,325.64,326.55,323.55,323.89,5590,896870
2025-12-31 14:28:00+05:30,324.5,325.3,322.95,322.95,1560,896870
2025-12-31 14:29:00+05:30,323.6,327.39,322.2,327.39,7800,900120
2025-12-31 14:30:00+05:30,324.1,327.85,323.3,326.35,4550,900120
2025-12-31 14:31:00+05:30,323.2,325.75,323.0,323.75,4940,900120
2025-12-31 14:32:00+05:30,324.39,326.55,324.2,324.7,4810,901355
2025-12-31 14:33:00+05:30,325.05,327.0,323.25,327.0,2925,901355
2025-12-31 14:34:00+05:30,326.3,328.0,325.0,326.45,1365,901355
2025-12-31 14:35:00+05:30,326.7,326.7,324.0,324.95,5200,903240
2025-12-31 14:36:00+05:30,324.64,325.8,323.14,323.8,3055,903240
2025-12-31 14:37:00+05:30,324.0,326.2,322.5,323.05,7280,903240
2025-12-31 14:38:00+05:30,322.1,323.0,321.14,321.95,3380,900055
2025-12-31 14:39:00+05:30,321.7,321.7,315.7,315.7,14105,900055
2025-12-31 14:40:00+05:30,315.75,320.35,315.39,318.3,22815,900055
2025-12-31 14:41:00+05:30,317.7,318.0,315.39,315.8,7150,906620
2025-12-31 14:42:00+05:30,316.5,317.64,312.5,314.39,8775,906620
2025-12-31 14:43:00+05:30,314.3,316.0,313.45,315.2,8970,906620
2025-12-31 14:44:00+05:30,315.1,317.5,314.64,315.39,7150,912600
2025-12-31 14:45:00+05:30,316.75,323.89,316.75,319.35,25545,912600
2025-12-31 14:46:00+05:30,319.2,320.0,317.0,317.8,6825,912600
2025-12-31 14:47:00+05:30,317.0,319.2,316.2,319.2,7605,912080
2025-12-31 14:48:00+05:30,319.89,321.05,318.39,319.5,8840,912080
2025-12-31 14:49:00+05:30,318.64,320.0,318.35,319.25,8580,912080
2025-12-31 14:50:00+05:30,319.95,321.5,318.75,319.89,5525,913575
2025-12-31 14:51:00+05:30,320.2,321.75,319.3,320.39,8255,913575
2025-12-31 14:52:00+05:30,320.95,324.3,320.95,322.5,13650,913575
2025-12-31 14:53:00+05:30,323.45,323.45,321.1,321.2,7865,911950
2025-12-31 14:54:00+05:30,321.7,321.89,317.3,319.2,5590,911950
2025-12-31 14:55:00+05:30,318.64,318.75,316.5,317.7,5850,911950
2025-12-31 14:56:00+05:30,317.6,318.0,316.55,318.0,4485,915070
2025-12-31 14:57:00+05:30,317.1,319.64,317.1,318.3,4420,915070
2025-12-31 14:58:00+05:30,319.0,320.5,318.64,318.7,1105,915070
2025-12-31 14:59:00+05:30,319.25,319.8,317.14,318.1,4355,917020
2025-12-31 15:00:00+05:30,320.0,329.55,320.0,326.3,32110,917020
2025-12-31 15:01:00+05:30,326.05,328.15,325.25,327.0,13000,917020
2025-12-31 15:02:00+05:30,327.55,331.8,327.55,329.85,36335,912925
2025-12-31 15:03:00+05:30,331.0,333.3,329.15,331.2,21125,912925
2025-12-31 15:04:00+05:30,331.0,332.35,330.0,330.05,10595,912925
2025-12-31 15:05:00+05:30,330.75,334.95,329.4,329.4,22620,908700
2025-12-31 15:06:00+05:30,330.0,330.95,327.75,329.3,12155,908700
2025-12-31 15:07:00+05:30,330.0,335.9,330.0,333.3,17290,908700
2025-12-31 15:08:00+05:30,333.65,333.65,328.4,329.45,10595,897910
2025-12-31 15:09:00+05:30,328.5,330.2,326.45,329.35,11830,897910
2025-12-31 15:10:00+05:30,331.0,333.0,330.55,331.0,4160,897910
2025-12-31 15:11:00+05:30,332.0,340.15,332.0,339.0,19630,894205
2025-12-31 15:12:00+05:30,340.35,342.0,337.55,339.45,20475,894205
2025-12-31 15:13:00+05:30,340.0,340.75,336.4,336.9,5655,894205
2025-12-31 15:14:00+05:30,338.25,341.55,336.0,336.0,10530,889525
2025-12-31 15:15:00+05:30,335.75,335.75,325.0,325.0,27300,889525
2025-12-31 15:16:00+05:30,325.7,329.1,325.7,326.7,5460,889525
2025-12-31 15:17:00+05:30,326.85,328.3,325.85,325.85,7865,884650
2025-12-31 15:18:00+05:30,327.14,330.65,325.95,325.95,9100,884650
2025-12-31 15:19:00+05:30,326.8,330.6,326.8,330.6,3510,884650
2025-12-31 15:20:00+05:30,332.0,339.1,332.0,338.05,30420,882050
2025-12-31 15:21:00+05:30,338.15,339.8,334.7,334.8,7410,882050
2025-12-31 15:22:00+05:30,335.35,339.0,332.6,335.7,4745,882050
2025-12-31 15:23:00+05:30,336.5,336.5,333.7,333.7,5460,883285
2025-12-31 15:24:00+05:30,335.1,337.55,335.0,335.0,3640,883285
2025-12-31 15:25:00+05:30,334.75,336.2,333.65,334.0,20930,883285
2025-12-31 15:26:00+05:30,334.35,334.6,328.85,328.85,9035,882050
2025-12-31 15:27:00+05:30,329.3,333.0,329.05,332.2,12870,882050
2025-12-31 15:28:00+05:30,331.95,332.3,331.0,331.0,16640,882050
2025-12-31 15:29:00+05:30,331.5,331.85,327.14,328.35,16315,880360
2026-01-01 09:15:00+05:30,315.0,315.0,290.0,298.85,36660,885560
2026-01-01 09:16:00+05:30,303.95,318.6,300.0,304.3,41145,885560
2026-01-01 09:17:00+05:30,304.35,308.8,300.64,304.25,24830,885560
2026-01-01 09:18:00+05:30,307.64,312.0,303.75,312.0,11310,895180
2026-01-01 09:19:00+05:30,316.39,323.3,316.39,323.0,27755,895180
2026-01-01 09:20:00+05:30,323.39,325.64,318.45,322.89,12675,895180
2026-01-01 09:21:00+05:30,322.39,322.39,310.0,316.5,19890,895180
2026-01-01 09:22:00+05:30,318.45,326.85,315.6,324.8,8840,897910
2026-01-01 09:23:00+05:30,324.75,329.9,323.8,329.9,18915,897910
2026-01-01 09:24:00+05:30,330.95,331.05,322.8,329.0,16640,897910
2026-01-01 09:25:00+05:30,329.65,329.65,325.39,325.64,15080,894075
2026-01-01 09:26:00+05:30,324.7,341.65,320.45,340.9,23855,894075
2026-01-01 09:27:00+05:30,340.4,342.0,330.6,334.15,16445,894075
2026-01-01 09:28:00+05:30,332.95,333.75,317.39,318.0,19175,898950
2026-01-01 09:29:00+05:30,316.95,319.95,306.14,307.45,40430,898950
2026-01-01 09:30:00+05:30,312.05,316.35,308.0,308.35,13455,898950
2026-01-01 09:31:00+05:30,307.0,325.3,303.45,315.0,43290,919750
2026-01-01 09:32:00+05:30,315.1,318.64,310.0,315.39,12870,919750
2026-01-01 09:33:00+05:30,317.05,323.39,315.39,321.85,17810,919750
2026-01-01 09:34:00+05:30,321.95,321.95,315.64,317.64,5785,918840
2026-01-01 09:35:00+05:30,316.75,321.0,313.3,315.3,13650,918840
2026-01-01 09:36:00+05:30,314.2,324.89,311.6,324.89,12935,918840
2026-01-01 09:37:00+05:30,325.85,330.3,322.05,323.1,25155,920920
2026-01-01 09:38:00+05:30,322.6,328.65,320.39,326.3,13195,920920
2026-01-01 09:39:00+05:30,325.95,330.0,324.2,326.14,9555,920920
2026-01-01 09:40:00+05:30,326.64,329.1,317.0,318.05,11960,915590
2026-01-01 09:41:00+05:30,317.05,320.39,312.64,316.6,23660,915590
2026-01-01 09:42:00+05:30,315.95,326.39,315.64,324.55,6240,915590
2026-01-01 09:43:00+05:30,324.2,324.2,308.1,308.7,21320,920465
2026-01-01 09:44:00+05:30,309.3,311.0,304.64,309.64,24180,920465
2026-01-01 09:45:00+05:30,312.3,321.05,310.1,320.45,12805,920465
2026-01-01 09:46:00+05:30,320.25,324.0,318.6,323.05,17615,924950
2026-01-01 09:47:00+05:30,324.5,327.0,320.2,320.75,17615,924950
2026-01-01 09:48:00+05:30,320.0,320.0,313.89,316.7,7345,924950
2026-01-01 09:49:00+05:30,315.5,317.25,303.75,305.3,51870,918385
2026-01-01 09:50:00+05:30,305.2,306.75,300.55,303.55,20345,918385
2026-01-01 09:51:00+05:30,301.95,307.95,301.95,302.0,7995,918385
2026-01-01 09:52:00+05:30,303.45,303.45,297.75,299.14,23075,937495
2026-01-01 09:53:00+05:30,297.64,306.0,297.64,304.7,15730,937495
2026-01-01 09:54:00+05:30,305.14,307.0,302.64,303.85,8840,937495
2026-01-01 09:55:00+05:30,302.45,309.89,302.45,306.39,6305,936910
2026-01-01 09:56:00+05:30,305.0,307.35,301.0,307.35,9100,936910
2026-01-01 09:57:00+05:30,307.14,316.0,306.85,316.0,17550,936910
2026-01-01 09:58:00+05:30,316.39,335.0,316.39,333.85,84240,928785
2026-01-01 09:59:00+05:30,333.0,339.7,329.35,332.9,39975,928785
2026-01-01 10:00:00+05:30,334.05,336.6,326.8,326.8,23530,928785
2026-01-01 10:01:00+05:30,327.95,334.05,323.0,332.65,13130,899340
2026-01-01 10:02:00+05:30,333.15,334.8,322.3,322.95,15275,899340
2026-01-01 10:03:00+05:30,324.55,330.6,323.25,327.75,3900,899340
2026-01-01 10:04:00+05:30,326.05,326.55,318.0,323.25,10140,905775
2026-01-01 10:05:00+05:30,323.05,323.95,319.0,322.35,8450,905775
2026-01-01 10:06:00+05:30,326.5,329.2,320.5,320.5,5785,905775
2026-01-01 10:07:00+05:30,321.89,328.2,315.8,318.0,8320,904930
2026-01-01 10:08:00+05:30,319.5,320.45,316.64,320.1,3575,904930
2026-01-01 10:09:00+05:30,320.25,330.65,320.25,329.95,5525,904930
2026-01-01 10:10:00+05:30,331.25,336.5,328.35,329.85,14885,903045
2026-01-01 10:11:00+05:30,330.85,337.0,330.0,336.3,7995,903045
2026-01-01 10:12:00+05:30,336.6,340.0,334.8,339.9,14170,903045
2026-01-01 10:13:00+05:30,340.0,341.0,336.25,339.3,8515,905060
2026-01-01 10:14:00+05:30,339.15,339.15,334.55,337.45,5980,905060
2026-01-01 10:15:00+05:30,336.7,345.75,336.45,339.9,23920,905060
2026-01-01 10:16:00+05:30,339.55,351.0,338.0,344.65,25805,899210
2026-01-01 10:17:00+05:30,345.55,348.0,341.15,347.8,15730,899210
2026-01-01 10:18:00+05:30,346.6,354.2,346.5,353.3,12155,899210
2026-01-01 10:19:00+05:30,352.6,357.1,350.05,352.85,15275,896610
2026-01-01 10:20:00+05:30,353.05,358.45,352.3,354.9,9815,896610
2026-01-01 10:21:00+05:30,355.2,362.5,353.15,361.55,25480,896610
2026-01-01 10:22:00+05:30,361.05,364.9,358.1,363.0,11960,894465
2026-01-01 10:23:00+05:30,363.25,363.25,356.1,356.4,11895,894465
2026-01-01 10:24:00+05:30,355.85,358.55,349.8,350.35,16575,894465
2026-01-01 10:25:00+05:30,349.05,350.45,341.2,341.85,12155,895765
2026-01-01 10:26:00+05:30,342.5,345.0,339.2,342.0,7735,895765
2026-01-01 10:27:00+05:30,341.95,346.45,337.75,346.45,8515,895765
2026-01-01 10:28:00+05:30,344.5,345.4,341.0,341.0,10725,894985
2026-01-01 10:29:00+05:30,338.85,341.95,334.0,334.0,11050,894985
2026-01-01 10:30:00+05:30,332.35,335.55,328.7,335.15,26390,894985
2026-01-01 10:31:00+05:30,335.55,340.95,333.8,339.55,16510,901745
2026-01-01 10:32:00+05:30,340.0,341.5,328.5,328.6,24050,901745
2026-01-01 10:33:00+05:30,328.0,330.0,326.0,327.5,13520,901745
2026-01-01 10:34:00+05:30,326.2,327.5,321.7,323.39,13130,898235
2026-01-01 10:35:00+05:30,323.75,323.75,319.14,319.14,13065,898235
2026-01-01 10:36:00+05:30,318.0,326.0,316.55,322.55,23660,898235
2026-01-01 10:37:00+05:30,323.1,329.6,323.1,327.75,6630,901940
2026-01-01 10:38:00+05:30,326.95,331.0,326.25,329.0,5720,901940
2026-01-01 10:39:00+05:30,329.0,330.05,324.75,328.35,6955,901940
2026-01-01 10:40:00+05:30,328.45,337.8,328.2,337.8,15015,901485
2026-01-01 10:41:00+05:30,337.9,339.05,327.35,329.1,8905,901485
2026-01-01 10:42:00+05:30,328.85,331.75,327.35,331.2,5395,901485
2026-01-01 10:43:00+05:30,329.0,331.05,324.6,326.75,7280,902720
2026-01-01 10:44:00+05:30,328.1,328.7,325.64,327.5,2860,902720
2026-01-01 10:45:00+05:30,326.64,326.64,320.0,323.7,21515,902720
2026-01-01 10:46:00+05:30,322.85,322.85,314.64,314.64,31135,917280
2026-01-01 10:47:00+05:30,313.64,318.95,313.64,315.39,10790,917280
2026-01-01 10:48:00+05:30,315.89,316.0,310.39,315.8,14560,917280
2026-01-01 10:49:00+05:30,315.6,316.89,308.85,309.25,12545,914420
2026-01-01 10:50:00+05:30,309.8,311.3,307.45,309.7,12155,914420
2026-01-01 10:51:00+05:30,309.5,311.1,308.75,308.75,6175,914420
2026-01-01 10:52:00+05:30,308.0,313.25,307.45,310.05,9230,918645
2026-01-01 10:53:00+05:30,309.14,311.35,307.64,307.64,4810,918645
2026-01-01 10:54:00+05:30,307.2,311.0,303.14,309.6,18655,918645
2026-01-01 10:55:00+05:30,310.0,312.8,309.25,309.25,5525,930475
2026-01-01 10:56:00+05:30,309.89,312.0,309.89,310.3,6175,930475
2026-01-01 10:57:00+05:30,311.0,314.39,311.0,311.0,5395,930475
2026-01-01 10:58:00+05:30,311.0,315.89,310.0,310.5,13780,934635
2026-01-01 10:59:00+05:30,311.35,314.85,310.0,311.75,4745,934635
2026-01-01 11:00:00+05:30,313.0,314.89,311.75,312.2,5135,934635
2026-01-01 11:01:00+05:30,310.8,313.2,303.8,307.89,9490,937365
2026-01-01 11:02:00+05:30,307.5,307.5,302.35,304.75,9035,937365
2026-01-01 11:03:00+05:30,306.0,310.85,305.0,310.35,7150,937365
2026-01-01 11:04:00+05:30,310.85,317.95,310.0,316.05,10075,939185
2026-01-01 11:05:00+05:30,316.5,316.5,311.8,314.0,9035,939185
2026-01-01 11:06:00+05:30,314.0,321.45,313.75,317.8,34320,939185
2026-01-01 11:07:00+05:30,318.7,318.7,314.1,314.1,4420,956410
2026-01-01 11:08:00+05:30,314.6,319.0,314.6,319.0,5525,956410
2026-01-01 11:09:00+05:30,320.35,320.35,317.55,317.64,1885,956410
2026-01-01 11:10:00+05:30,317.0,321.85,317.0,319.89,9230,957710
2026-01-01 11:11:00+05:30,321.0,322.39,318.05,318.05,14105,957710
2026-01-01 11:12:00+05:30,317.05,317.95,309.35,309.35,13975,957710
2026-01-01 11:13:00+05:30,309.0,311.85,307.85,310.0,7150,959530
2026-01-01 11:14:00+05:30,309.35,312.2,306.25,311.35,10985,959530
2026-01-01 11:15:00+05:30,313.0,316.0,312.89,313.8,51740,959530
2026-01-01 11:16:00+05:30,313.85,323.0,313.85,315.14,34255,1008215
2026-01-01 11:17:00+05:30,317.1,319.3,315.14,318.05,6825,1008215
2026-01-01 11:18:00+05:30,316.0,316.0,312.8,315.0,2145,1008215
2026-01-01 11:19:00+05:30,314.2,314.2,311.1,311.14,3445,1006915
2026-01-01 11:20:00+05:30,314.14,315.0,311.45,313.3,2405,1006915
2026-01-01 11:21:00+05:30,314.39,314.39,306.1,307.7,14495,1006915
2026-01-01 11:22:00+05:30,309.3,316.95,309.3,316.89,5200,1008735
2026-01-01 11:23:00+05:30,317.6,317.6,314.95,316.0,2210,1008735
2026-01-01 11:24:00+05:30,317.0,319.0,312.14,313.45,3315,1008735
2026-01-01 11:25:00+05:30,314.89,317.5,314.0,317.5,2015,1008735
2026-01-01 11:26:00+05:30,316.45,316.45,311.2,312.45,7085,1008150
2026-01-01 11:27:00+05:30,312.05,312.05,307.64,311.25,2600,1008150
2026-01-01 11:28:00+05:30,307.2,311.5,306.0,311.5,6045,1010035
2026-01-01 11:29:00+05:30,312.0,317.7,312.0,317.7,5265,1010035
2026-01-01 11:30:00+05:30,316.64,321.3,316.1,318.55,12935,1010035
2026-01-01 11:31:00+05:30,317.14,317.14,312.64,315.85,1755,1006720
2026-01-01 11:32:00+05:30,315.05,322.0,315.05,321.2,11245,1006720
2026-01-01 11:33:00+05:30,323.55,327.0,322.95,326.3,14885,1006720
2026-01-01 11:34:00+05:30,325.7,326.45,324.25,324.95,12415,1010230
2026-01-01 11:35:00+05:30,326.2,329.0,325.95,327.0,11180,1010230
2026-01-01 11:36:00+05:30,326.75,328.7,323.64,325.1,6045,1010230
2026-01-01 11:37:00+05:30,325.5,326.39,320.1,320.1,6500,1011985
2026-01-01 11:38:00+05:30,320.0,323.0,317.7,322.39,6045,1011985
2026-01-01 11:39:00+05:30,322.2,326.85,321.85,325.14,6435,1011985
2026-01-01 11:40:00+05:30,324.2,325.7,323.0,323.0,2600,1014455
2026-01-01 11:41:00+05:30,322.05,328.8,322.05,328.8,2990,1014455
2026-01-01 11:42:00+05:30,328.7,332.6,326.6,332.5,14885,1014455
2026-01-01 11:43:00+05:30,333.55,338.2,330.8,338.2,15925,1009775
2026-01-01 11:44:00+05:30,338.0,341.0,335.95,340.4,11765,1009775
2026-01-01 11:45:00+05:30,341.75,341.75,337.1,338.65,11570,1009775
2026-01-01 11:46:00+05:30,338.75,341.95,337.4,341.3,11830,1001195
2026-01-01 11:47:00+05:30,341.55,343.95,340.0,341.8,7995,1001195
2026-01-01 11:48:00+05:30,342.0,342.0,337.05,337.05,4160,1001195
2026-01-01 11:49:00+05:30,337.95,340.45,337.4,339.4,5460,1001910
2026-01-01 11:50:00+05:30,340.0,341.75,338.75,339.85,7020,1001910
2026-01-01 11:51:00+05:30,340.95,346.65,338.75,341.6,11700,1001910
2026-01-01 11:52:00+05:30,340.55,342.45,335.55,342.45,5590,999245
2026-01-01 11:53:00+05:30,343.95,345.15,341.65,341.9,4485,999245
2026-01-01 11:54:00+05:30,340.0,340.0,334.05,334.05,3640,999245
2026-01-01 11:55:00+05:30,334.3,338.0,332.35,334.15,7670,998205
2026-01-01 11:56:00+05:30,333.3,339.3,333.3,335.3,10010,998205
2026-01-01 11:57:00+05:30,336.55,336.75,335.0,336.0,2990,998205
2026-01-01 11:58:00+05:30,335.1,337.25,335.1,335.6,2210,998205
2026-01-01 11:59:00+05:30,332.45,332.45,328.4,330.7,5460,1004120
2026-01-01 12:00:00+05:30,330.25,331.55,327.0,328.65,6760,1004120
2026-01-01 12:01:00+05:30,329.2,332.7,325.0,332.0,6370,1003405
2026-01-01 12:02:00+05:30,332.0,335.0,329.85,330.55,3900,1003405
2026-01-01 12:03:00+05:30,330.55,336.9,330.55,335.25,5070,1003405
2026-01-01 12:04:00+05:30,336.6,340.85,336.6,338.2,5915,1003730
2026-01-01 12:05:00+05:30,338.85,341.0,338.25,339.5,3510,1003730
2026-01-01 12:06:00+05:30,338.35,338.4,335.85,338.4,4095,1003730
2026-01-01 12:07:00+05:30,339.4,339.9,336.15,338.8,2925,1004055
2026-01-01 12:08:00+05:30,339.0,354.75,339.0,354.75,23855,1004055
2026-01-01 12:09:00+05:30,353.5,353.5,346.4,348.15,15665,1004055
2026-01-01 12:10:00+05:30,348.15,348.2,344.2,346.2,6500,991055
2026-01-01 12:11:00+05:30,344.95,347.5,344.55,344.55,4225,991055
2026-01-01 12:12:00+05:30,341.45,345.05,341.45,344.3,5720,991055
2026-01-01 12:13:00+05:30,345.6,347.65,344.0,345.5,5720,995930
2026-01-01 12:14:00+05:30,346.15,350.4,345.0,350.4,5720,995930
2026-01-01 12:15:00+05:30,350.6,356.35,350.6,355.15,15210,995930
2026-01-01 12:16:00+05:30,354.75,354.75,348.3,354.15,10010,990730
2026-01-01 12:17:00+05:30,353.6,356.55,353.3,355.95,9880,990730
2026-01-01 12:18:00+05:30,355.4,360.35,352.35,352.45,9620,990730
2026-01-01 12:19:00+05:30,353.7,353.7,345.05,345.05,6045,994240
2026-01-01 12:20:00+05:30,344.95,350.0,344.95,347.05,3835,994240
2026-01-01 12:21:00+05:30,348.0,348.2,344.05,344.9,2080,994240
2026-01-01 12:22:00+05:30,344.8,345.25,342.95,344.5,5135,994890
2026-01-01 12:23:00+05:30,343.75,349.8,343.75,347.65,2405,994890
2026-01-01 12:24:00+05:30,346.85,347.15,344.1,344.1,1755,994890
2026-01-01 12:25:00+05:30,345.7,346.05,341.1,341.1,5395,994435
2026-01-01 12:26:00+05:30,339.25,341.55,338.1,338.1,5915,994435
2026-01-01 12:27:00+05:30,339.3,339.3,335.45,337.0,10140,994435
2026-01-01 12:28:00+05:30,338.05,338.85,334.15,334.15,10270,994435
2026-01-01 12:29:00+05:30,334.15,338.25,332.55,337.35,6175,997490
2026-01-01 12:30:00+05:30,338.0,341.35,338.0,339.45,6305,997490
2026-01-01 12:31:00+05:30,338.55,347.3,338.55,342.35,10855,997490
2026-01-01 12:32:00+05:30,338.75,340.4,336.2,336.9,3575,997750
2026-01-01 12:33:00+05:30,336.55,339.3,335.0,337.85,7800,997750
2026-01-01 12:34:00+05:30,337.85,337.85,334.0,334.0,2145,997750
2026-01-01 12:35:00+05:30,334.1,336.85,334.0,336.85,2730,999700
2026-01-01 12:36:00+05:30,336.85,340.95,334.8,335.95,4615,999700
2026-01-01 12:37:00+05:30,335.65,337.2,335.45,337.0,3380,999700
2026-01-01 12:38:00+05:30,341.0,347.3,340.85,347.3,5655,997295
2026-01-01 12:39:00+05:30,348.2,350.35,346.5,348.2,6825,997295
2026-01-01 12:40:00+05:30,348.6,350.0,343.7,344.9,6565,997295
2026-01-01 12:41:00+05:30,346.7,349.45,345.9,348.6,3640,993915
2026-01-01 12:42:00+05:30,349.4,349.4,340.85,343.15,3510,993915
2026-01-01 12:43:00+05:30,342.4,346.0,341.8,346.0,4550,994435
2026-01-01 12:44:00+05:30,344.75,347.9,344.45,344.45,1430,994435
2026-01-01 12:45:00+05:30,345.0,345.1,338.45,338.45,4355,994435
2026-01-01 12:46:00+05:30,339.1,339.15,334.95,336.9,18590,994435
2026-01-01 12:47:00+05:30,335.0,339.3,335.0,335.75,4095,989950
2026-01-01 12:48:00+05:30,335.95,335.95,329.25,330.8,11440,989950
2026-01-01 12:49:00+05:30,331.55,334.0,330.35,332.5,2795,989950
2026-01-01 12:50:00+05:30,334.45,338.35,333.65,338.35,10920,990145
2026-01-01 12:51:00+05:30,336.1,338.5,334.05,337.0,4225,990145
2026-01-01 12:52:00+05:30,336.2,340.0,335.85,340.0,3380,990145
2026-01-01 12:53:00+05:30,341.2,341.2,338.1,339.9,3120,986180
2026-01-01 12:54:00+05:30,338.8,339.25,336.25,336.65,3965,986180
2026-01-01 12:55:00+05:30,337.05,338.7,333.85,333.85,7995,986180
2026-01-01 12:56:00+05:30,334.75,334.75,331.0,334.05,11960,986895
2026-01-01 12:57:00+05:30,332.8,334.25,331.35,331.35,2015,986895
2026-01-01 12:58:00+05:30,330.0,332.3,327.95,331.6,6695,986895
2026-01-01 12:59:00+05:30,332.3,335.0,332.3,332.95,3055,993785
2026-01-01 13:00:00+05:30,331.9,332.9,329.8,332.05,5395,993785
2026-01-01 13:01:00+05:30,332.55,337.0,332.55,334.95,6695,993785
2026-01-01 13:02:00+05:30,335.0,336.0,332.6,332.7,2405,996970
2026-01-01 13:03:00+05:30,331.0,332.1,329.95,330.75,7150,996970
2026-01-01 13:04:00+05:30,329.9,331.2,329.9,331.2,260,996970
2026-01-01 13:05:00+05:30,331.0,333.95,330.45,333.6,1755,1000285
2026-01-01 13:06:00+05:30,333.15,333.15,328.95,328.95,650,1000285
2026-01-01 13:07:00+05:30,331.2,332.15,326.1,328.0,2600,1000285
2026-01-01 13:08:00+05:30,328.75,330.25,328.65,330.25,390,1000935
2026-01-01 13:09:00+05:30,328.95,333.15,328.75,329.75,18720,1000935
2026-01-01 13:10:00+05:30,330.0,330.0,326.6,329.25,1040,1000935
2026-01-01 13:11:00+05:30,331.75,335.0,331.75,334.8,2860,1001195
2026-01-01 13:12:00+05:30,334.75,340.0,334.75,336.15,5200,1001195
2026-01-01 13:13:00+05:30,336.85,337.7,334.05,334.95,2145,1001195
2026-01-01 13:14:00+05:30,330.65,332.0,330.25,330.75,1755,1000740
2026-01-01 13:15:00+05:30,330.6,330.6,324.7,324.7,5135,1000740
2026-01-01 13:16:00+05:30,324.8,327.55,324.0,327.55,3575,1000740
2026-01-01 13:17:00+05:30,328.9,329.0,326.35,326.6,83525,1034865
2026-01-01 13:18:00+05:30,326.2,328.25,326.1,326.39,5005,1034865
2026-01-01 13:19:00+05:30,328.6,330.05,326.0,326.0,38220,1034865
2026-01-01 13:20:00+05:30,326.25,333.0,326.25,331.15,3510,1057745
2026-01-01 13:21:00+05:30,331.35,336.0,329.4,335.65,7605,1057745
2026-01-01 13:22:00+05:30,337.4,343.3,337.35,342.8,132080,1057745
2026-01-01 13:23:00+05:30,344.0,346.95,343.25,345.0,7800,986180
2026-01-01 13:24:00+05:30,344.0,347.85,342.15,346.9,4290,986180
2026-01-01 13:25:00+05:30,345.05,347.0,342.75,343.7,3510,986180
2026-01-01 13:26:00+05:30,343.15,344.95,340.15,341.1,4030,983580
2026-01-01 13:27:00+05:30,341.6,341.6,337.95,337.95,10465,983580
2026-01-01 13:28:00+05:30,336.9,337.85,335.0,335.95,4095,983580
2026-01-01 13:29:00+05:30,335.85,336.3,332.05,333.5,8385,984360
2026-01-01 13:30:00+05:30,333.85,334.0,330.15,330.9,24960,984360
2026-01-01 13:31:00+05:30,330.9,333.15,329.2,333.15,1885,984360
2026-01-01 13:32:00+05:30,334.0,335.85,332.55,332.55,6045,990145
2026-01-01 13:33:00+05:30,333.55,338.55,333.55,337.35,4550,990145
2026-01-01 13:34:00+05:30,337.1,340.0,336.25,340.0,8450,990145
2026-01-01 13:35:00+05:30,339.55,339.55,334.6,336.0,2990,991120
2026-01-01 13:36:00+05:30,336.25,336.25,331.85,331.85,5460,991120
2026-01-01 13:37:00+05:30,331.45,335.4,331.25,334.4,1625,991120
2026-01-01 13:38:00+05:30,337.0,341.0,337.0,339.85,25545,992095
2026-01-01 13:39:00+05:30,340.75,342.85,336.55,336.55,6955,992095
2026-01-01 13:40:00+05:30,338.3,340.0,338.3,340.0,1235,992095
2026-01-01 13:41:00+05:30,341.1,341.1,339.95,339.95,2080,977990
2026-01-01 13:42:00+05:30,339.7,340.0,338.5,339.0,2015,977990
2026-01-01 13:43:00+05:30,337.9,338.15,335.35,335.95,2665,977990
2026-01-01 13:44:00+05:30,336.9,337.15,335.1,335.1,2795,977275
2026-01-01 13:45:00+05:30,335.0,336.6,333.05,336.2,1235,977275
2026-01-01 13:46:00+05:30,336.4,340.0,336.4,340.0,975,977275
2026-01-01 13:47:00+05:30,340.0,343.8,340.0,342.2,5785,974805
2026-01-01 13:48:00+05:30,342.1,342.1,339.5,340.15,4745,974805
2026-01-01 13:49:00+05:30,341.05,341.05,338.0,338.0,2340,974805
2026-01-01 13:50:00+05:30,337.55,337.55,335.0,337.1,1820,971165
2026-01-01 13:51:00+05:30,336.6,337.5,335.4,335.4,780,971165
2026-01-01 13:52:00+05:30,335.4,336.7,332.8,336.7,2600,971165
2026-01-01 13:53:00+05:30,335.0,340.0,335.0,340.0,2275,970450
2026-01-01 13:54:00+05:30,335.7,335.7,333.75,334.5,2795,970450
2026-01-01 13:55:00+05:30,334.0,335.85,332.45,335.85,2210,970450
2026-01-01 13:56:00+05:30,335.85,335.85,335.1,335.1,715,970450
2026-01-01 13:57:00+05:30,335.1,335.35,331.0,331.3,17550,970450
2026-01-01 13:58:00+05:30,330.0,336.0,330.0,336.0,2210,970450
2026-01-01 13:59:00+05:30,338.05,338.5,334.3,334.3,4290,979225
2026-01-01 14:00:00+05:30,332.0,334.75,330.6,334.75,1300,979225
2026-01-01 14:01:00+05:30,334.35,337.35,333.0,333.0,1560,979225
2026-01-01 14:02:00+05:30,332.0,332.05,328.0,332.05,6760,982280
2026-01-01 14:03:00+05:30,331.2,331.2,324.35,327.14,11115,982280
2026-01-01 14:04:00+05:30,326.05,326.45,322.0,322.0,2860,982280
2026-01-01 14:05:00+05:30,321.0,325.0,315.7,325.0,31590,987025
2026-01-01 14:06:00+05:30,324.89,324.89,321.89,323.05,1560,987025
2026-01-01 14:07:00+05:30,324.7,325.0,322.85,323.75,2730,987025
2026-01-01 14:08:00+05:30,325.05,325.7,322.8,322.8,12090,987220
2026-01-01 14:09:00+05:30,323.95,327.0,323.7,326.2,3445,987220
2026-01-01 14:10:00+05:30,325.35,327.5,324.8,324.8,4095,987220
2026-01-01 14:11:00+05:30,324.3,324.3,321.45,322.05,5720,999180
2026-01-01 14:12:00+05:30,320.0,323.39,320.0,323.39,8970,999180
2026-01-01 14:13:00+05:30,323.0,323.95,321.0,321.3,1950,999180
2026-01-01 14:14:00+05:30,321.3,322.8,318.05,321.85,4030,1001650
2026-01-01 14:15:00+05:30,321.45,326.25,321.45,321.75,4160,1001650
2026-01-01 14:16:00+05:30,320.89,323.39,317.95,318.35,4225,1001650
2026-01-01 14:17:00+05:30,318.39,320.25,317.0,317.55,5070,1000285
2026-01-01 14:18:00+05:30,319.14,320.25,316.5,317.55,3900,1000285
2026-01-01 14:19:00+05:30,317.35,317.35,315.0,317.2,6695,1000285
2026-01-01 14:20:00+05:30,316.6,316.95,311.0,311.0,7930,999375
2026-01-01 14:21:00+05:30,310.64,319.8,310.64,318.6,16575,999375
2026-01-01 14:22:00+05:30,318.6,326.75,318.45,323.0,19760,999375
2026-01-01 14:23:00+05:30,323.2,323.8,320.55,322.35,3055,995085
2026-01-01 14:24:00+05:30,321.7,323.7,320.95,321.35,3835,995085
2026-01-01 14:25:00+05:30,321.85,326.05,321.85,323.95,16380,995085
2026-01-01 14:26:00+05:30,324.0,325.0,323.75,324.2,5395,991965
2026-01-01 14:27:00+05:30,325.35,327.95,324.75,327.95,4940,991965
2026-01-01 14:28:00+05:30,328.45,328.45,322.95,322.95,9360,991965
2026-01-01 14:29:00+05:30,325.0,328.2,324.95,328.2,1560,990145
2026-01-01 14:30:00+05:30,328.3,328.4,325.39,327.55,18785,990145
2026-01-01 14:31:00+05:30,326.7,329.45,326.35,328.8,5590,990145
2026-01-01 14:32:00+05:30,329.0,332.9,327.75,330.25,14885,993460
2026-01-01 14:33:00+05:30,329.9,329.9,324.0,324.0,12090,993460
2026-01-01 14:34:00+05:30,324.14,324.85,320.0,320.0,2210,993460
2026-01-01 14:35:00+05:30,319.5,323.1,319.5,323.1,5915,983580
2026-01-01 14:36:00+05:30,323.1,326.0,322.5,326.0,9945,983580
2026-01-01 14:37:00+05:30,326.2,326.2,323.45,326.0,585,983580
2026-01-01 14:38:00+05:30,326.14,329.2,325.35,326.39,8710,978640
2026-01-01 14:39:00+05:30,326.95,327.05,325.0,325.0,1690,978640
2026-01-01 14:40:00+05:30,324.5,327.0,324.5,327.0,3510,978640
2026-01-01 14:41:00+05:30,327.45,328.0,325.89,326.89,4290,980005
2026-01-01 14:42:00+05:30,326.8,327.0,325.35,326.64,2795,980005
2026-01-01 14:43:00+05:30,326.8,328.0,324.89,325.85,7605,980005
2026-01-01 14:44:00+05:30,326.0,327.0,325.7,326.75,18525,971490
2026-01-01 14:45:00+05:30,327.35,328.0,325.0,328.0,8515,971490
2026-01-01 14:46:00+05:30,327.7,328.2,325.8,325.8,9685,971490
2026-01-01 14:47:00+05:30,325.0,326.64,323.89,326.64,6045,953615
2026-01-01 14:48:00+05:30,326.75,328.05,325.8,327.35,2665,953615
2026-01-01 14:49:00+05:30,327.35,330.8,326.5,330.8,12025,953615
2026-01-01 14:50:00+05:30,332.05,335.1,331.55,331.55,19630,950040
2026-01-01 14:51:00+05:30,332.1,332.5,328.8,328.8,4875,950040
2026-01-01 14:52:00+05:30,328.8,329.45,326.05,327.0,4225,950040
2026-01-01 14:53:00+05:30,326.95,326.95,324.5,324.5,1885,942305
2026-01-01 14:54:00+05:30,324.95,327.6,324.89,327.14,2665,942305
2026-01-01 14:55:00+05:30,327.64,327.64,326.35,327.0,585,942305
2026-01-01 14:56:00+05:30,327.14,331.25,326.35,330.0,2275,938795
2026-01-01 14:57:00+05:30,329.15,330.25,328.8,329.8,3055,938795
2026-01-01 14:58:00+05:30,328.1,329.25,325.3,325.3,3575,938795
2026-01-01 14:59:00+05:30,325.3,327.05,325.3,326.2,780,938275
2026-01-01 15:00:00+05:30,324.6,330.25,322.45,327.7,3965,938275
2026-01-01 15:01:00+05:30,327.2,328.45,325.0,327.7,3705,938275
2026-01-01 15:02:00+05:30,327.1,332.3,327.1,332.3,10465,937560
2026-01-01 15:03:00+05:30,333.0,335.05,332.55,335.0,10530,937560
2026-01-01 15:04:00+05:30,333.6,333.9,327.39,327.39,7865,937560
2026-01-01 15:05:00+05:30,328.4,333.6,328.4,332.25,2470,929240
2026-01-01 15:06:00+05:30,331.8,332.35,331.15,331.3,1105,929240
2026-01-01 15:07:00+05:30,332.0,332.45,331.05,331.15,2860,929240
2026-01-01 15:08:00+05:30,331.65,331.65,330.0,331.5,2080,930085
2026-01-01 15:09:00+05:30,330.35,334.0,330.35,333.0,3510,930085
2026-01-01 15:10:00+05:30,332.0,337.95,332.0,337.55,10920,930085
2026-01-01 15:11:00+05:30,337.15,339.0,335.5,336.05,7800,928525
2026-01-01 15:12:00+05:30,336.6,337.15,335.55,337.15,3380,928525
2026-01-01 15:13:00+05:30,336.0,337.1,335.55,336.7,3640,928525
2026-01-01 15:14:00+05:30,336.05,337.1,333.95,335.45,2340,928655
2026-01-01 15:15:00+05:30,335.7,336.0,330.9,331.95,3705,928655
2026-01-01 15:16:00+05:30,331.35,334.75,331.35,334.05,3835,928655
2026-01-01 15:17:00+05:30,334.5,335.7,333.8,335.7,2080,925210
2026-01-01 15:18:00+05:30,335.15,335.35,333.4,334.55,2600,925210
2026-01-01 15:19:00+05:30,332.1,333.15,330.65,331.25,6435,925210
2026-01-01 15:20:00+05:30,332.15,333.95,331.9,333.1,12285,917215
2026-01-01 15:21:00+05:30,332.6,333.55,332.4,333.55,5525,917215
2026-01-01 15:22:00+05:30,333.85,334.25,331.6,333.75,41665,917215
2026-01-01 15:23:00+05:30,333.15,333.6,331.9,332.55,3185,943020
2026-01-01 15:24:00+05:30,332.55,333.9,332.4,333.75,15600,943020
2026-01-01 15:25:00+05:30,333.05,336.4,333.05,334.05,54340,943020
2026-01-01 15:26:00+05:30,334.45,335.55,333.55,335.5,9230,923520
2026-01-01 15:27:00+05:30,334.3,335.2,332.8,333.9,5980,923520
2026-01-01 15:28:00+05:30,333.15,335.0,333.15,334.2,10075,923520
2026-01-01 15:29:00+05:30,334.05,336.9,334.0,336.5,6825,918515
2026-01-02 09:15:00+05:30,321.0,321.0,294.6,298.6,74165,859495
2026-01-02 09:16:00+05:30,300.0,305.8,298.05,302.64,30485,876655
2026-01-02 09:17:00+05:30,303.14,303.85,299.0,303.05,22360,876655
2026-01-02 09:18:00+05:30,300.95,306.5,300.95,304.5,22555,876655
2026-01-02 09:19:00+05:30,305.25,305.25,300.2,301.95,9880,902330
2026-01-02 09:20:00+05:30,301.7,302.39,295.55,296.2,21710,902330
2026-01-02 09:21:00+05:30,297.1,301.25,296.8,300.0,30095,902330
2026-01-02 09:22:00+05:30,300.3,301.14,291.0,292.7,26325,933335
2026-01-02 09:23:00+05:30,291.89,293.25,287.0,287.7,42315,933335
2026-01-02 09:24:00+05:30,287.7,290.8,287.7,290.7,23530,933335
2026-01-02 09:25:00+05:30,291.0,297.25,290.05,296.8,33410,951535
2026-01-02 09:26:00+05:30,294.0,295.1,290.3,292.7,33605,951535
2026-01-02 09:27:00+05:30,291.05,291.05,287.5,287.5,17550,951535
2026-01-02 09:28:00+05:30,286.39,286.39,275.05,277.3,49855,954200
2026-01-02 09:29:00+05:30,277.35,280.85,275.55,276.3,39975,954200
2026-01-02 09:30:00+05:30,273.89,280.55,273.0,280.55,43290,954200
2026-01-02 09:31:00+05:30,279.95,279.95,274.5,277.1,24440,965120
2026-01-02 09:32:00+05:30,275.55,276.35,263.35,264.75,58110,965120
2026-01-02 09:33:00+05:30,263.6,272.14,263.05,272.1,38415,965120
2026-01-02 09:34:00+05:30,272.1,277.8,271.0,277.8,37375,976300
2026-01-02 09:35:00+05:30,276.89,277.45,272.75,275.39,36335,976300
2026-01-02 09:36:00+05:30,275.45,275.64,270.05,270.89,23205,976300
2026-01-02 09:37:00+05:30,270.5,271.6,268.14,270.05,23985,988845
2026-01-02 09:38:00+05:30,269.7,274.1,268.8,273.14,19890,988845
2026-01-02 09:39:00+05:30,273.0,273.64,268.0,268.0,21580,988845
2026-01-02 09:40:00+05:30,268.45,268.7,266.0,268.1,49075,998595
2026-01-02 09:41:00+05:30,268.0,269.39,255.0,257.14,70395,998595
2026-01-02 09:42:00+05:30,257.45,257.45,245.2,252.55,107510,998595
2026-01-02 09:43:00+05:30,252.55,252.55,248.7,248.7,67665,1036945
2026-01-02 09:44:00+05:30,248.75,248.75,242.45,244.0,106730,1036945
2026-01-02 09:45:00+05:30,242.55,248.0,242.0,247.5,72995,1036945
2026-01-02 09:46:00+05:30,247.2,248.2,245.0,245.4,33020,1103570
2026-01-02 09:47:00+05:30,245.0,245.0,238.65,240.2,83070,1103570
2026-01-02 09:48:00+05:30,240.25,242.95,239.2,239.75,38610,1103570
2026-01-02 09:49:00+05:30,239.95,243.4,239.95,240.9,34320,1157195
2026-01-02 09:50:00+05:30,241.2,241.2,238.45,241.2,86905,1157195
2026-01-02 09:51:00+05:30,240.8,240.8,236.4,237.7,73905,1157195
2026-01-02 09:52:00+05:30,237.0,237.4,230.15,231.8,102765,1239680
2026-01-02 09:53:00+05:30,232.55,236.1,231.55,232.95,126685,1239680
2026-01-02 09:54:00+05:30,233.0,233.0,226.0,228.55,156130,1239680
2026-01-02 09:55:00+05:30,228.4,232.25,227.65,231.2,77740,1369290
2026-01-02 09:56:00+05:30,231.5,232.7,228.6,230.7,37960,1369290
2026-01-02 09:57:00+05:30,230.0,232.0,229.8,231.9,27755,1369290
2026-01-02 09:58:00+05:30,231.7,232.8,229.75,232.8,42640,1405235
2026-01-02 09:59:00+05:30,232.05,235.45,232.05,234.85,72150,1405235
2026-01-02 10:00:00+05:30,234.35,235.05,232.75,234.05,40300,1405235
2026-01-02 10:01:00+05:30,233.6,234.75,232.3,233.25,39780,1421355
2026-01-02 10:02:00+05:30,233.7,234.3,229.7,231.8,41730,1421355
2026-01-02 10:03:00+05:30,231.55,236.25,230.65,236.25,48685,1421355
2026-01-02 10:04:00+05:30,237.5,238.5,233.15,233.8,95290,1410630
2026-01-02 10:05:00+05:30,232.9,236.5,232.3,235.6,35425,1410630
2026-01-02 10:06:00+05:30,234.75,235.65,232.25,235.65,27690,1410630
2026-01-02 10:07:00+05:30,235.75,236.65,234.9,235.85,18915,1430065
2026-01-02 10:08:00+05:30,236.05,239.05,236.05,238.15,60125,1430065
2026-01-02 10:09:00+05:30,238.6,240.15,238.0,240.0,108420,1430065
2026-01-02 10:10:00+05:30,239.5,239.65,233.95,238.1,110890,1324830
2026-01-02 10:11:00+05:30,237.3,238.4,236.35,238.4,13585,1324830
2026-01-02 10:12:00+05:30,237.35,238.95,235.0,237.5,40820,1324830
2026-01-02 10:13:00+05:30,236.85,238.05,235.95,236.4,25025,1315145
2026-01-02 10:14:00+05:30,237.15,237.5,229.85,231.3,75335,1315145
2026-01-02 10:15:00+05:30,231.95,231.95,225.7,228.6,96850,1315145
2026-01-02 10:16:00+05:30,228.15,231.35,228.05,230.35,39325,1350765
2026-01-02 10:17:00+05:30,230.4,234.0,229.05,234.0,28340,1350765
2026-01-02 10:18:00+05:30,235.0,241.35,234.5,236.0,133900,1350765
2026-01-02 10:19:00+05:30,236.2,238.3,235.8,237.6,59930,1332435
2026-01-02 10:20:00+05:30,236.85,237.45,235.45,236.35,11830,1332435
2026-01-02 10:21:00+05:30,235.7,236.6,233.55,235.0,35035,1332435
2026-01-02 10:22:00+05:30,234.0,238.0,233.65,237.45,39390,1379365
2026-01-02 10:23:00+05:30,236.9,238.0,236.55,237.4,27300,1379365
2026-01-02 10:24:00+05:30,237.0,237.0,232.65,234.3,38090,1379365
2026-01-02 10:25:00+05:30,233.85,237.5,233.55,236.05,43680,1386515
2026-01-02 10:26:00+05:30,235.55,235.85,233.15,234.95,21645,1386515
2026-01-02 10:27:00+05:30,234.6,238.6,234.45,236.0,21645,1386515
2026-01-02 10:28:00+05:30,235.95,237.2,234.0,236.95,15210,1377870
2026-01-02 10:29:00+05:30,236.85,238.35,235.0,237.8,10855,1377870
2026-01-02 10:30:00+05:30,237.35,239.5,236.4,237.2,55770,1377870
2026-01-02 10:31:00+05:30,236.95,238.0,235.6,235.6,25610,1348685
2026-01-02 10:32:00+05:30,236.15,240.3,235.65,239.0,56615,1348685
2026-01-02 10:33:00+05:30,238.7,240.9,238.25,240.0,55705,1348685
2026-01-02 10:34:00+05:30,239.5,240.35,237.7,238.45,29380,1299480
2026-01-02 10:35:00+05:30,238.35,238.9,235.0,235.0,37375,1299480
2026-01-02 10:36:00+05:30,234.75,235.3,230.7,231.6,61815,1299480
2026-01-02 10:37:00+05:30,232.65,234.3,231.5,232.6,26000,1294670
2026-01-02 10:38:00+05:30,231.6,233.25,230.45,230.45,20735,1294670
2026-01-02 10:39:00+05:30,230.05,232.85,228.1,228.25,40365,1294670
2026-01-02 10:40:00+05:30,228.55,231.6,228.35,231.3,48490,1321450
2026-01-02 10:41:00+05:30,231.4,231.45,228.55,228.55,35035,1321450
2026-01-02 10:42:00+05:30,226.0,232.0,225.1,232.0,71695,1321450
2026-01-02 10:43:00+05:30,232.55,234.55,231.35,233.15,43355,1332110
2026-01-02 10:44:00+05:30,233.4,235.85,232.9,234.2,38545,1332110
2026-01-02 10:45:00+05:30,234.25,234.25,232.55,233.3,44200,1332110
2026-01-02 10:46:00+05:30,233.5,234.2,231.05,231.35,21190,1316055
2026-01-02 10:47:00+05:30,230.0,230.85,227.35,227.85,31265,1316055
2026-01-02 10:48:00+05:30,227.5,228.85,225.75,228.5,48230,1316055
2026-01-02 10:49:00+05:30,228.75,231.7,228.7,229.35,24180,1338025
2026-01-02 10:50:00+05:30,228.9,228.9,224.25,227.8,59605,1338025
2026-01-02 10:51:00+05:30,228.25,229.15,227.2,227.95,38415,1338025
2026-01-02 10:52:00+05:30,227.95,229.75,227.95,229.0,17030,1329705
2026-01-02 10:53:00+05:30,229.8,230.95,229.15,229.4,31590,1329705
2026-01-02 10:54:00+05:30,229.95,231.5,229.7,229.7,18200,1329705
2026-01-02 10:55:00+05:30,229.7,230.4,227.7,230.1,24960,1348425
2026-01-02 10:56:00+05:30,230.45,233.3,230.4,231.15,44265,1348425
2026-01-02 10:57:00+05:30,231.7,232.1,228.4,228.4,32305,1348425
2026-01-02 10:58:00+05:30,228.9,230.95,228.9,229.3,13780,1367145
2026-01-02 10:59:00+05:30,228.15,228.4,226.9,227.1,39325,1367145
2026-01-02 11:00:00+05:30,227.1,229.2,227.0,228.65,16705,1367145
2026-01-02 11:01:00+05:30,228.75,229.95,228.0,229.8,44200,1385280
2026-01-02 11:02:00+05:30,229.75,231.7,229.25,230.75,54210,1385280
2026-01-02 11:03:00+05:30,230.65,232.4,230.15,231.3,59865,1385280
2026-01-02 11:04:00+05:30,231.4,231.5,229.6,230.1,16965,1366105
2026-01-02 11:05:00+05:30,230.15,230.65,229.55,229.85,14820,1366105
2026-01-02 11:06:00+05:30,229.75,231.05,229.35,230.9,9685,1366105
2026-01-02 11:07:00+05:30,230.35,234.05,230.35,232.9,80470,1357070
2026-01-02 11:08:00+05:30,233.65,235.25,233.1,234.75,58890,1357070
2026-01-02 11:09:00+05:30,234.9,234.9,232.15,232.15,21970,1357070
2026-01-02 11:10:00+05:30,233.2,235.0,232.0,232.2,36660,1296100
2026-01-02 11:11:00+05:30,232.4,235.45,232.05,234.6,28860,1296100
2026-01-02 11:12:00+05:30,234.25,234.25,230.35,230.35,28535,1296100
2026-01-02 11:13:00+05:30,230.3,231.85,229.45,229.45,18395,1290380
2026-01-02 11:14:00+05:30,229.25,231.75,228.0,231.25,23270,1290380
2026-01-02 11:15:00+05:30,230.95,230.95,229.2,230.25,27105,1290380
2026-01-02 11:16:00+05:30,229.95,230.6,229.0,229.85,5265,1283295
2026-01-02 11:17:00+05:30,229.9,229.9,226.65,227.35,28470,1283295
2026-01-02 11:18:00+05:30,227.15,227.15,223.35,225.6,41340,1283295
2026-01-02 11:19:00+05:30,225.4,226.7,225.4,225.8,21450,1307670
2026-01-02 11:20:00+05:30,226.4,227.85,225.25,226.0,21190,1307670
2026-01-02 11:21:00+05:30,226.05,226.25,219.65,220.4,70070,1307670
2026-01-02 11:22:00+05:30,220.9,227.65,220.9,226.55,99970,1358955
2026-01-02 11:23:00+05:30,226.75,226.75,224.0,224.3,21645,1358955
2026-01-02 11:24:00+05:30,224.1,224.65,221.6,223.3,23205,1358955
2026-01-02 11:25:00+05:30,222.65,223.7,219.35,219.35,36790,1382810
2026-01-02 11:26:00+05:30,218.1,222.3,216.0,222.3,67080,1382810
2026-01-02 11:27:00+05:30,222.65,223.0,221.1,222.3,16640,1382810
2026-01-02 11:28:00+05:30,221.95,222.05,216.55,217.05,48100,1407900
2026-01-02 11:29:00+05:30,217.15,217.75,213.5,215.8,129675,1407900
2026-01-02 11:30:00+05:30,216.3,218.0,212.5,214.65,92755,1407900
2026-01-02 11:31:00+05:30,214.7,214.7,205.45,211.0,128765,1448850
2026-01-02 11:32:00+05:30,211.55,214.9,211.55,214.9,66235,1448850
2026-01-02 11:33:00+05:30,214.3,214.9,212.5,213.7,37700,1448850
2026-01-02 11:34:00+05:30,213.15,213.8,210.3,210.35,46410,1528605
2026-01-02 11:35:00+05:30,210.1,212.6,209.25,212.0,52260,1528605
2026-01-02 11:36:00+05:30,212.1,212.1,210.15,211.3,41210,1528605
2026-01-02 11:37:00+05:30,211.7,211.8,210.75,210.85,23075,1571830
2026-01-02 11:38:00+05:30,210.65,212.0,210.05,212.0,22880,1571830
2026-01-02 11:39:00+05:30,211.6,211.6,208.25,209.3,55835,1571830
2026-01-02 11:40:00+05:30,209.5,212.65,209.35,211.55,39520,1620970
2026-01-02 11:41:00+05:30,211.2,211.2,209.5,210.45,28470,1620970
2026-01-02 11:42:00+05:30,210.0,211.15,209.0,209.0,22945,1620970
2026-01-02 11:43:00+05:30,209.0,210.05,206.1,206.2,79235,1643135
2026-01-02 11:44:00+05:30,205.8,209.45,205.3,208.9,59280,1643135
2026-01-02 11:45:00+05:30,208.9,210.4,208.0,210.4,45370,1643135
2026-01-02 11:46:00+05:30,210.05,211.65,209.7,211.4,40040,1662310
2026-01-02 11:47:00+05:30,212.1,212.1,210.5,210.6,33800,1662310
2026-01-02 11:48:00+05:30,210.5,210.5,208.45,208.7,25610,1662310
2026-01-02 11:49:00+05:30,208.5,209.1,206.0,206.4,41600,1677260
2026-01-02 11:50:00+05:30,207.0,208.3,206.15,207.95,38415,1677260
2026-01-02 11:51:00+05:30,207.85,208.5,207.0,207.0,24700,1677260
2026-01-02 11:52:00+05:30,207.0,207.25,202.0,205.8,154895,1739075
2026-01-02 11:53:00+05:30,205.75,207.0,204.55,204.9,59345,1739075
2026-01-02 11:54:00+05:30,204.55,206.0,203.1,204.8,60840,1739075
2026-01-02 11:55:00+05:30,205.0,206.1,204.4,205.65,27885,1815710
2026-01-02 11:56:00+05:30,205.7,208.4,205.35,208.1,63895,1815710
2026-01-02 11:57:00+05:30,208.6,210.4,208.6,210.0,92625,1815710
2026-01-02 11:58:00+05:30,210.0,210.3,208.0,209.45,34450,1794325
2026-01-02 11:59:00+05:30,209.6,211.95,209.6,210.6,68185,1794325
2026-01-02 12:00:00+05:30,210.15,211.0,209.7,210.05,43095,1794325
2026-01-02 12:01:00+05:30,209.55,212.2,208.7,212.2,38350,1835210
2026-01-02 12:02:00+05:30,211.85,213.5,211.8,211.8,74295,1835210
2026-01-02 12:03:00+05:30,212.05,212.25,208.9,208.9,39520,1835210
2026-01-02 12:04:00+05:30,209.0,209.35,208.0,208.9,21385,1834170
2026-01-02 12:05:00+05:30,209.0,209.35,207.9,208.05,19890,1834170
2026-01-02 12:06:00+05:30,207.85,209.7,207.85,208.85,16055,1834170
2026-01-02 12:07:00+05:30,208.65,209.6,207.9,207.9,19045,1842555
2026-01-02 12:08:00+05:30,207.85,208.9,207.8,208.25,10595,1842555
2026-01-02 12:09:00+05:30,208.2,209.5,207.85,209.0,8060,1842555
2026-01-02 12:10:00+05:30,208.95,209.5,208.65,209.25,14105,1853475
2026-01-02 12:11:00+05:30,209.35,210.85,208.6,208.7,25870,1853475
2026-01-02 12:12:00+05:30,208.55,209.0,207.95,208.75,19240,1853475
2026-01-02 12:13:00+05:30,208.7,209.3,207.2,209.3,17810,1869790
2026-01-02 12:14:00+05:30,208.8,209.15,207.7,208.55,14235,1869790
2026-01-02 12:15:00+05:30,208.5,209.9,207.2,209.9,16510,1869790
2026-01-02 12:16:00+05:30,209.6,210.15,208.6,209.85,49075,1841060
2026-01-02 12:17:00+05:30,209.9,210.7,209.6,210.5,32825,1841060
2026-01-02 12:18:00+05:30,211.0,212.4,209.4,211.55,46215,1841060
2026-01-02 12:19:00+05:30,211.5,213.8,211.5,212.3,50830,1814800
2026-01-02 12:20:00+05:30,211.65,211.95,210.25,211.0,22295,1814800
2026-01-02 12:21:00+05:30,211.0,211.0,206.75,206.75,37830,1814800
2026-01-02 12:22:00+05:30,207.55,208.5,206.1,206.1,52130,1821690
2026-01-02 12:23:00+05:30,206.25,207.9,206.15,206.85,45305,1821690
2026-01-02 12:24:00+05:30,206.8,206.85,204.0,204.3,48555,1821690
2026-01-02 12:25:00+05:30,204.8,206.55,203.3,205.9,67600,1817335
2026-01-02 12:26:00+05:30,205.65,207.1,205.4,206.0,35750,1817335
2026-01-02 12:27:00+05:30,206.2,206.2,204.0,204.15,26325,1817335
2026-01-02 12:28:00+05:30,205.0,205.65,203.9,204.15,24895,1856465
2026-01-02 12:29:00+05:30,204.0,205.35,203.0,205.35,50180,1856465
2026-01-02 12:30:00+05:30,205.8,205.8,204.6,204.6,26780,1856465
2026-01-02 12:31:00+05:30,204.8,206.1,204.0,204.0,27430,1896115
2026-01-02 12:32:00+05:30,203.35,203.4,199.0,203.0,121485,1896115
2026-01-02 12:33:00+05:30,201.5,201.75,200.65,201.15,54210,1896115
2026-01-02 12:34:00+05:30,200.0,200.0,189.3,195.0,438750,1896115
2026-01-02 12:35:00+05:30,195.6,195.6,193.5,195.05,113750,1802385
2026-01-02 12:36:00+05:30,195.45,196.7,194.35,196.5,117455,1802385
2026-01-02 12:37:00+05:30,196.95,197.7,195.35,196.45,88205,1802385
2026-01-02 12:38:00+05:30,196.9,197.8,195.8,197.55,40495,1919125
2026-01-02 12:39:00+05:30,197.6,198.85,197.55,197.75,68770,1919125
2026-01-02 12:40:00+05:30,197.5,198.5,196.85,198.35,20995,1919125
2026-01-02 12:41:00+05:30,198.25,198.85,197.75,198.0,45760,1943955
2026-01-02 12:42:00+05:30,198.2,198.5,197.25,198.0,40625,1943955
2026-01-02 12:43:00+05:30,197.75,198.8,197.75,198.55,16640,1943955
2026-01-02 12:44:00+05:30,198.8,201.5,198.5,201.5,80275,1942330
2026-01-02 12:45:00+05:30,201.55,202.65,200.2,202.1,75140,1942330
2026-01-02 12:46:00+05:30,201.8,202.4,201.0,201.0,33605,1942330
2026-01-02 12:47:00+05:30,201.15,201.6,199.3,201.6,31980,1944540
2026-01-02 12:48:00+05:30,202.0,205.95,201.85,205.95,144820,1944540
2026-01-02 12:49:00+05:30,205.8,209.7,205.8,207.15,170040,1944540
2026-01-02 12:50:00+05:30,207.7,207.8,205.25,206.35,53950,1810055
2026-01-02 12:51:00+05:30,207.0,207.05,205.3,205.7,31460,1810055
2026-01-02 12:52:00+05:30,206.0,207.15,204.5,204.5,31720,1810055
2026-01-02 12:53:00+05:30,203.6,207.0,203.6,206.8,43680,1824680
2026-01-02 12:54:00+05:30,206.6,207.0,205.4,206.05,27040,1824680
2026-01-02 12:55:00+05:30,206.25,206.3,205.0,206.0,18005,1824680
2026-01-02 12:56:00+05:30,205.6,205.8,203.3,203.75,29055,1817335
2026-01-02 12:57:00+05:30,203.95,205.55,203.95,205.0,24505,1817335
2026-01-02 12:58:00+05:30,204.4,206.4,204.3,205.15,18460,1817335
2026-01-02 12:59:00+05:30,204.65,205.45,203.15,204.0,15145,1821560
2026-01-02 13:00:00+05:30,203.8,206.2,203.8,205.8,15535,1821560
2026-01-02 13:01:00+05:30,205.55,205.55,203.85,204.6,13910,1821560
2026-01-02 13:02:00+05:30,204.8,206.8,204.25,205.9,23920,1828645
2026-01-02 13:03:00+05:30,206.0,206.0,203.3,203.3,14690,1828645
2026-01-02 13:04:00+05:30,203.9,205.0,203.55,204.8,17615,1828645
2026-01-02 13:05:00+05:30,204.75,204.75,201.6,201.6,51545,1839240
2026-01-02 13:06:00+05:30,201.6,202.85,201.35,202.5,33150,1839240
2026-01-02 13:07:00+05:30,202.75,203.45,202.0,202.8,17160,1839240
2026-01-02 13:08:00+05:30,202.7,203.55,202.7,203.35,13780,1856595
2026-01-02 13:09:00+05:30,203.25,203.5,201.7,203.5,13260,1856595
2026-01-02 13:10:00+05:30,203.35,203.95,202.0,203.15,19890,1856595
2026-01-02 13:11:00+05:30,202.9,202.9,199.7,199.75,57395,1863940
2026-01-02 13:12:00+05:30,199.65,201.2,199.2,200.6,38740,1863940
2026-01-02 13:13:00+05:30,200.45,201.0,199.8,200.45,16250,1863940
2026-01-02 13:14:00+05:30,200.35,200.55,198.2,200.4,33085,1858935
2026-01-02 13:15:00+05:30,200.45,200.45,198.95,199.8,34385,1858935
2026-01-02 13:16:00+05:30,199.9,201.6,199.6,199.85,19565,1858935
2026-01-02 13:17:00+05:30,199.75,201.85,199.45,200.0,23855,1873430
2026-01-02 13:18:00+05:30,199.8,201.4,198.65,200.7,32890,1873430
2026-01-02 13:19:00+05:30,200.8,201.0,199.9,200.0,11245,1873430
2026-01-02 13:20:00+05:30,199.25,200.2,198.0,199.7,77675,1927640
2026-01-02 13:21:00+05:30,199.2,200.0,198.5,198.75,20540,1927640
2026-01-02 13:22:00+05:30,198.5,198.7,196.4,197.25,42250,1927640
2026-01-02 13:23:00+05:30,197.95,197.95,195.25,196.6,53300,1948050
2026-01-02 13:24:00+05:30,197.0,198.05,196.2,196.7,39845,1948050
2026-01-02 13:25:00+05:30,196.15,198.0,196.1,198.0,66625,1948050
2026-01-02 13:26:00+05:30,198.5,202.85,198.05,201.5,84240,2010060
2026-01-02 13:27:00+05:30,201.8,204.0,201.0,203.9,121485,2010060
2026-01-02 13:28:00+05:30,204.0,204.45,202.15,203.55,98345,2010060
2026-01-02 13:29:00+05:30,202.75,204.55,202.35,203.55,71890,2002585
2026-01-02 13:30:00+05:30,202.55,204.65,202.55,203.9,79235,2002585
2026-01-02 13:31:00+05:30,203.25,204.2,201.05,203.55,76765,2002585
2026-01-02 13:32:00+05:30,203.9,204.2,201.55,202.1,40235,2075905
2026-01-02 13:33:00+05:30,202.1,202.6,200.7,200.85,47970,2075905
2026-01-02 13:34:00+05:30,200.35,200.85,199.1,199.8,51480,2075905
2026-01-02 13:35:00+05:30,199.85,199.85,197.35,197.45,74945,2109965
2026-01-02 13:36:00+05:30,197.3,199.0,197.15,198.7,96330,2109965
2026-01-02 13:37:00+05:30,198.45,199.8,198.35,199.5,19435,2109965
2026-01-02 13:38:00+05:30,199.35,204.1,199.3,203.85,84175,2183805
2026-01-02 13:39:00+05:30,203.45,204.15,202.2,203.0,76440,2183805
2026-01-02 13:40:00+05:30,202.45,203.5,201.5,202.1,35165,2183805
2026-01-02 13:41:00+05:30,202.05,202.5,200.15,202.5,25805,2156505
2026-01-02 13:42:00+05:30,202.8,204.0,201.2,201.6,98995,2156505
2026-01-02 13:43:00+05:30,201.3,202.75,201.3,202.0,14755,2156505
2026-01-02 13:44:00+05:30,201.85,202.3,200.85,201.1,27235,2152345
2026-01-02 13:45:00+05:30,201.05,201.05,199.5,200.75,51935,2152345
2026-01-02 13:46:00+05:30,200.35,200.65,198.0,199.25,49400,2152345
2026-01-02 13:47:00+05:30,199.75,201.8,199.2,201.8,32175,2183025
2026-01-02 13:48:00+05:30,201.9,202.9,200.0,200.65,53105,2183025
2026-01-02 13:49:00+05:30,200.3,202.35,199.4,199.55,38740,2183025
2026-01-02 13:50:00+05:30,199.85,201.0,199.3,200.0,38740,2196220
2026-01-02 13:51:00+05:30,200.5,200.5,199.25,199.95,15600,2196220
2026-01-02 13:52:00+05:30,199.6,200.4,199.0,199.05,23400,2196220
2026-01-02 13:53:00+05:30,198.7,199.3,194.1,194.5,184145,2202720
2026-01-02 13:54:00+05:30,195.15,199.1,195.15,199.1,65975,2202720
2026-01-02 13:55:00+05:30,199.2,199.2,196.15,196.15,41405,2202720
2026-01-02 13:56:00+05:30,196.5,199.2,196.45,198.05,34775,2160665
2026-01-02 13:57:00+05:30,198.0,203.15,198.0,202.65,104650,2160665
2026-01-02 13:58:00+05:30,202.75,203.35,201.6,202.2,91780,2160665
2026-01-02 13:59:00+05:30,202.2,203.4,202.1,202.4,52065,2199990
2026-01-02 14:00:00+05:30,202.4,202.8,200.5,200.95,28340,2199990
2026-01-02 14:01:00+05:30,201.2,202.35,200.75,201.85,25090,2199990
2026-01-02 14:02:00+05:30,202.15,202.15,199.25,201.2,42120,2214940
2026-01-02 14:03:00+05:30,201.6,204.6,200.9,203.35,52975,2214940
2026-01-02 14:04:00+05:30,203.1,204.6,202.6,203.6,69680,2214940
2026-01-02 14:05:00+05:30,203.9,205.35,202.6,203.5,134810,2134470
2026-01-02 14:06:00+05:30,202.95,204.35,202.75,203.65,21515,2134470
2026-01-02 14:07:00+05:30,203.45,204.7,202.0,202.0,35555,2134470
2026-01-02 14:08:00+05:30,201.7,202.5,200.25,200.9,48750,2130440
2026-01-02 14:09:00+05:30,201.55,201.6,198.6,200.15,52520,2130440
2026-01-02 14:10:00+05:30,199.7,200.4,197.95,199.4,78325,2130440
2026-01-02 14:11:00+05:30,199.65,200.0,197.75,199.9,34060,2126475
2026-01-02 14:12:00+05:30,199.9,201.75,199.6,201.15,34255,2126475
2026-01-02 14:13:00+05:30,201.65,201.9,198.6,199.0,19695,2126475
2026-01-02 14:14:00+05:30,198.7,201.15,198.7,201.15,21320,2124330
2026-01-02 14:15:00+05:30,200.15,200.5,199.0,199.0,11635,2124330
2026-01-02 14:16:00+05:30,199.25,199.85,199.0,199.85,21060,2124330
2026-01-02 14:17:00+05:30,199.3,199.55,197.85,198.0,52000,2121990
2026-01-02 14:18:00+05:30,197.95,199.25,197.15,198.15,62855,2121990
2026-01-02 14:19:00+05:30,197.95,199.0,197.7,198.8,23985,2121990
2026-01-02 14:20:00+05:30,198.8,199.0,196.2,199.0,47255,2103595
2026-01-02 14:21:00+05:30,198.55,198.6,195.75,197.55,62335,2103595
2026-01-02 14:22:00+05:30,197.5,197.7,192.5,193.65,156065,2103595
2026-01-02 14:23:00+05:30,193.7,195.75,193.5,193.8,77675,2110485
2026-01-02 14:24:00+05:30,194.0,194.2,191.65,193.45,76245,2110485
2026-01-02 14:25:00+05:30,193.25,195.9,193.0,195.05,66365,2110485
2026-01-02 14:26:00+05:30,194.5,195.75,193.45,194.85,59865,2159430
2026-01-02 14:27:00+05:30,195.45,196.3,194.6,195.85,41275,2159430
2026-01-02 14:28:00+05:30,195.6,196.25,195.1,196.1,24245,2159430
2026-01-02 14:29:00+05:30,195.75,198.2,195.0,197.5,70525,2176655
2026-01-02 14:30:00+05:30,197.0,203.0,196.8,202.8,239785,2176655
2026-01-02 14:31:00+05:30,202.8,204.75,201.5,202.8,147030,2176655
2026-01-02 14:32:00+05:30,202.6,208.5,202.2,205.4,249860,2037360
2026-01-02 14:33:00+05:30,206.1,208.0,206.1,206.85,130390,2037360
2026-01-02 14:34:00+05:30,206.2,210.55,205.5,207.5,188305,2037360
2026-01-02 14:35:00+05:30,207.35,209.0,206.2,208.5,89310,1945060
2026-01-02 14:36:00+05:30,208.9,210.4,206.0,206.45,114855,1945060
2026-01-02 14:37:00+05:30,207.5,208.3,206.8,207.95,59605,1945060
2026-01-02 14:38:00+05:30,208.5,209.2,207.35,207.6,59670,1914055
2026-01-02 14:39:00+05:30,207.45,211.65,206.75,211.65,96265,1914055
2026-01-02 14:40:00+05:30,212.8,215.6,209.15,209.15,259610,1914055
2026-01-02 14:41:00+05:30,210.15,210.6,208.95,209.65,86255,1775605
2026-01-02 14:42:00+05:30,209.25,210.5,207.55,210.5,81770,1775605
2026-01-02 14:43:00+05:30,210.35,212.0,209.8,211.7,81640,1775605
2026-01-02 14:44:00+05:30,212.0,212.2,211.15,211.65,59540,1714310
2026-01-02 14:45:00+05:30,212.8,217.15,212.0,212.0,207025,1714310
2026-01-02 14:46:00+05:30,212.25,214.7,211.95,214.25,114270,1714310
2026-01-02 14:47:00+05:30,214.4,215.55,214.2,215.0,55055,1599065
2026-01-02 14:48:00+05:30,215.0,215.0,212.4,214.0,41470,1599065
2026-01-02 14:49:00+05:30,214.55,215.4,210.25,210.25,75855,1599065
2026-01-02 14:50:00+05:30,211.1,211.8,207.75,207.8,137995,1578980
2026-01-02 14:51:00+05:30,205.25,205.35,202.85,202.85,181285,1578980
2026-01-02 14:52:00+05:30,203.95,207.4,202.75,206.5,106600,1578980
2026-01-02 14:53:00+05:30,207.05,208.0,204.8,204.8,56745,1564810
2026-01-02 14:54:00+05:30,204.9,205.15,203.5,203.85,42640,1564810
2026-01-02 14:55:00+05:30,204.15,205.75,203.2,203.2,72605,1564810
2026-01-02 14:56:00+05:30,203.65,204.75,202.3,204.4,60905,1593670
2026-01-02 14:57:00+05:30,204.65,204.65,199.2,202.0,132600,1593670
2026-01-02 14:58:00+05:30,202.3,202.45,200.35,200.35,43485,1593670
2026-01-02 14:59:00+05:30,200.75,202.5,200.4,201.95,41015,1618500
2026-01-02 15:00:00+05:30,199.05,199.3,191.65,193.1,221585,1618500
2026-01-02 15:01:00+05:30,195.4,196.0,193.65,195.6,116220,1618500
2026-01-02 15:02:00+05:30,195.45,195.55,194.1,194.1,57785,1659385
2026-01-02 15:03:00+05:30,194.0,194.65,193.1,193.55,64805,1659385
2026-01-02 15:04:00+05:30,193.4,196.5,193.0,195.75,86255,1659385
2026-01-02 15:05:00+05:30,195.8,195.8,194.2,194.2,49140,1669395
2026-01-02 15:06:00+05:30,194.2,194.6,192.0,193.0,61620,1669395
2026-01-02 15:07:00+05:30,193.5,193.5,190.0,190.0,100555,1669395
2026-01-02 15:08:00+05:30,191.9,193.4,191.6,191.85,60450,1696305
2026-01-02 15:09:00+05:30,192.0,192.0,187.0,187.2,112060,1696305
2026-01-02 15:10:00+05:30,187.5,187.5,178.7,182.45,287040,1696305
2026-01-02 15:11:00+05:30,183.0,183.45,180.2,180.65,154115,1745055
2026-01-02 15:12:00+05:30,180.65,187.5,180.65,184.8,209430,1745055
2026-01-02 15:13:00+05:30,184.75,186.85,184.6,185.75,92430,1745055
2026-01-02 15:14:00+05:30,186.65,188.65,185.2,187.8,129155,1687790
2026-01-02 15:15:00+05:30,188.45,192.55,188.45,191.65,175630,1687790
2026-01-02 15:16:00+05:30,191.15,192.2,190.25,190.25,85475,1687790
2026-01-02 15:17:00+05:30,191.0,191.75,188.15,189.95,73515,1577160
2026-01-02 15:18:00+05:30,190.45,191.35,189.3,189.5,72215,1577160
2026-01-02 15:19:00+05:30,189.6,191.8,189.6,190.15,46475,1577160
2026-01-02 15:20:00+05:30,190.15,191.0,189.95,190.75,59670,1510405
2026-01-02 15:21:00+05:30,190.7,191.0,189.9,190.4,73645,1510405
2026-01-02 15:22:00+05:30,190.25,190.25,185.3,186.0,92885,1510405
2026-01-02 15:23:00+05:30,186.45,186.45,182.5,183.05,94445,1417325
2026-01-02 15:24:00+05:30,182.8,185.05,182.8,184.5,114725,1417325
2026-01-02 15:25:00+05:30,184.4,185.0,183.5,184.0,67860,1417325
2026-01-02 15:26:00+05:30,183.9,184.05,180.35,181.3,125645,1374295
2026-01-02 15:27:00+05:30,181.75,181.9,179.1,179.1,110890,1374295
2026-01-02 15:28:00+05:30,179.95,179.95,169.25,170.0,170300,1374295
2026-01-02 15:29:00+05:30,169.55,173.7,166.8,168.9,148785,1314885
2026-01-05 09:15:00+05:30,168.0,176.05,136.15,172.0,827125,1313715
2026-01-05 09:16:00+05:30,175.05,189.4,174.2,182.45,597025,1469000
2026-01-05 09:17:00+05:30,183.7,183.7,171.1,173.1,476840,1469000
2026-01-05 09:18:00+05:30,173.95,179.75,161.19,166.1,624130,1469000
2026-01-05 09:19:00+05:30,169.1,172.7,163.95,169.8,423215,1866410
2026-01-05 09:20:00+05:30,172.4,188.45,170.1,188.45,681135,1866410
2026-01-05 09:21:00+05:30,188.8,195.4,178.15,181.95,731770,1866410
2026-01-05 09:22:00+05:30,181.65,187.6,177.45,185.6,323245,1955850
2026-01-05 09:23:00+05:30,184.55,201.25,184.15,199.15,743210,1955850
2026-01-05 09:24:00+05:30,196.35,205.0,196.35,204.1,559845,1955850
2026-01-05 09:25:00+05:30,202.05,209.2,192.35,195.3,555555,1870960
2026-01-05 09:26:00+05:30,193.85,194.35,186.05,190.75,280930,1870960
2026-01-05 09:27:00+05:30,191.35,207.45,189.35,206.85,403455,1870960
2026-01-05 09:28:00+05:30,206.15,212.0,198.55,210.95,351065,1838200
2026-01-05 09:29:00+05:30,207.65,216.0,203.7,207.6,399945,1838200
2026-01-05 09:30:00+05:30,205.75,211.95,205.75,209.4,224575,1838200
2026-01-05 09:31:00+05:30,209.5,221.0,209.5,219.85,400335,1766570
2026-01-05 09:32:00+05:30,219.0,223.3,215.1,219.4,328770,1766570
2026-01-05 09:33:00+05:30,218.85,224.65,216.5,222.8,281775,1766570
2026-01-05 09:34:00+05:30,224.35,231.6,222.9,226.25,412620,1698840
2026-01-05 09:35:00+05:30,226.4,227.6,219.85,227.2,209105,1698840
2026-01-05 09:36:00+05:30,227.05,234.35,225.35,230.8,309205,1698840
2026-01-05 09:37:00+05:30,230.6,231.35,225.65,228.0,108420,1562015
2026-01-05 09:38:00+05:30,227.85,228.65,223.2,227.7,144560,1562015
2026-01-05 09:39:00+05:30,226.4,227.05,222.35,225.9,155025,1562015
2026-01-05 09:40:00+05:30,225.05,225.05,208.75,211.5,261690,1556555
2026-01-05 09:41:00+05:30,211.15,225.6,211.15,223.05,254280,1556555
2026-01-05 09:42:00+05:30,222.5,223.05,215.05,217.75,96655,1556555
2026-01-05 09:43:00+05:30,220.0,225.7,219.0,224.75,121550,1528930
2026-01-05 09:44:00+05:30,224.2,231.1,223.3,224.65,196495,1528930
2026-01-05 09:45:00+05:30,224.4,228.0,219.7,227.2,109070,1528930
2026-01-05 09:46:00+05:30,227.2,228.85,217.7,218.15,107965,1535950
2026-01-05 09:47:00+05:30,219.85,226.05,214.0,221.45,153985,1535950
2026-01-05 09:48:00+05:30,220.55,222.2,214.3,215.45,88660,1535950
2026-01-05 09:49:00+05:30,215.45,215.45,200.55,202.0,239395,1559415
2026-01-05 09:50:00+05:30,201.2,202.6,192.45,195.0,294060,1559415
2026-01-05 09:51:00+05:30,195.3,210.45,192.6,210.45,326040,1559415
2026-01-05 09:52:00+05:30,210.25,221.45,209.25,214.15,368940,1574625
2026-01-05 09:53:00+05:30,212.6,214.1,201.25,206.0,166335,1574625
2026-01-05 09:54:00+05:30,205.3,207.9,197.2,199.1,144885,1574625
2026-01-05 09:55:00+05:30,200.4,201.0,189.8,189.8,174265,1579825
2026-01-05 09:56:00+05:30,191.6,191.6,180.5,185.0,295750,1579825
2026-01-05 09:57:00+05:30,184.05,190.5,184.05,187.7,157950,1579825
2026-01-05 09:58:00+05:30,187.6,192.65,185.7,190.7,132080,1655095
2026-01-05 09:59:00+05:30,192.25,192.25,182.1,185.3,157105,1655095
2026-01-05 10:00:00+05:30,185.0,187.3,180.7,187.3,177450,1655095
2026-01-05 10:01:00+05:30,187.7,191.3,182.35,187.95,140790,1702415
2026-01-05 10:02:00+05:30,189.0,204.7,187.75,203.15,244140,1702415
2026-01-05 10:03:00+05:30,202.15,202.65,192.3,198.35,190580,1702415
2026-01-05 10:04:00+05:30,199.25,210.1,199.25,209.8,317070,1668420
2026-01-05 10:05:00+05:30,210.4,213.85,201.05,201.05,270270,1668420
2026-01-05 10:06:00+05:30,198.5,198.5,180.25,180.25,292630,1668420
2026-01-05 10:07:00+05:30,179.45,185.3,179.1,180.0,207935,1630135
2026-01-05 10:08:00+05:30,180.75,180.75,168.65,169.5,343200,1630135
2026-01-05 10:09:00+05:30,168.75,170.6,166.2,168.65,296010,1630135
2026-01-05 10:10:00+05:30,168.6,170.4,164.35,166.1,190710,1797900
2026-01-05 10:11:00+05:30,166.5,173.25,166.5,172.8,296660,1797900
2026-01-05 10:12:00+05:30,173.25,173.75,169.85,171.55,169195,1797900
2026-01-05 10:13:00+05:30,170.85,173.0,166.35,170.0,156520,1924455
2026-01-05 10:14:00+05:30,169.85,169.9,162.75,164.7,140075,1924455
2026-01-05 10:15:00+05:30,165.15,168.3,162.25,163.4,168480,1924455
2026-01-05 10:16:00+05:30,164.05,165.4,159.65,161.19,150995,2036775
2026-01-05 10:17:00+05:30,162.19,166.45,159.1,160.0,152100,2036775
2026-01-05 10:18:00+05:30,159.35,160.8,145.94,147.9,338390,2036775
2026-01-05 10:19:00+05:30,147.55,152.0,146.3,150.0,397215,2146430
2026-01-05 10:20:00+05:30,150.0,154.35,147.9,152.5,248560,2146430
2026-01-05 10:21:00+05:30,152.44,153.3,144.75,144.75,265330,2146430
2026-01-05 10:22:00+05:30,145.19,149.1,145.19,148.05,178945,2363985
2026-01-05 10:23:00+05:30,147.75,148.3,145.69,145.85,118430,2363985
2026-01-05 10:24:00+05:30,144.9,144.9,137.4,139.9,442195,2363985
2026-01-05 10:25:00+05:30,139.75,142.55,138.55,141.65,238875,2570945
2026-01-05 10:26:00+05:30,142.15,144.94,141.4,142.9,215800,2570945
2026-01-05 10:27:00+05:30,142.19,143.6,138.3,140.69,205400,2570945
2026-01-05 10:28:00+05:30,140.19,145.0,140.1,144.9,224120,2721875
2026-01-05 10:29:00+05:30,144.44,152.9,143.94,151.0,433290,2721875
2026-01-05 10:30:00+05:30,151.55,154.69,150.4,154.69,377715,2721875
2026-01-05 10:31:00+05:30,154.0,154.25,148.6,148.75,272155,2504060
2026-01-05 10:32:00+05:30,149.15,153.9,149.15,149.44,168090,2504060
2026-01-05 10:33:00+05:30,149.35,153.19,146.69,150.69,202670,2504060
2026-01-05 10:34:00+05:30,151.05,156.19,150.9,152.75,239915,2497430
2026-01-05 10:35:00+05:30,152.5,154.75,151.15,153.44,163800,2497430
2026-01-05 10:36:00+05:30,153.5,153.9,145.9,149.0,193440,2497430
2026-01-05 10:37:00+05:30,148.25,149.75,145.05,149.0,157885,2566590
2026-01-05 10:38:00+05:30,148.55,155.0,148.3,152.55,254085,2566590
2026-01-05 10:39:00+05:30,153.1,153.5,147.35,147.35,140530,2566590
2026-01-05 10:40:00+05:30,147.25,157.44,146.9,157.1,217230,2592330
2026-01-05 10:41:00+05:30,157.44,161.55,154.69,160.55,399165,2592330
2026-01-05 10:42:00+05:30,160.3,167.3,160.3,166.45,451815,2592330
2026-01-05 10:43:00+05:30,167.45,171.25,164.3,164.3,474760,2325505
2026-01-05 10:44:00+05:30,165.2,167.1,157.8,157.8,278525,2325505
2026-01-05 10:45:00+05:30,158.1,161.9,153.3,153.55,248885,2325505
2026-01-05 10:46:00+05:30,154.3,158.75,148.6,158.75,284440,2343640
2026-01-05 10:47:00+05:30,159.75,163.05,158.55,162.25,277745,2343640
2026-01-05 10:48:00+05:30,161.94,161.94,155.25,156.94,163995,2343640
2026-01-05 10:49:00+05:30,157.05,157.3,152.6,154.44,127725,2422355
2026-01-05 10:50:00+05:30,154.6,155.3,149.9,154.44,178360,2422355
2026-01-05 10:51:00+05:30,154.05,154.05,149.94,151.0,138515,2422355
2026-01-05 10:52:00+05:30,151.0,151.75,146.44,149.9,165490,2485145
2026-01-05 10:53:00+05:30,150.0,152.3,148.5,150.15,98865,2485145
2026-01-05 10:54:00+05:30,150.0,153.69,150.0,153.69,88660,2485145
2026-01-05 10:55:00+05:30,152.5,153.05,149.1,150.19,87100,2543645
2026-01-05 10:56:00+05:30,149.55,154.0,149.35,154.0,61880,2543645
2026-01-05 10:57:00+05:30,154.15,156.3,149.5,149.9,146770,2543645
2026-01-05 10:58:00+05:30,149.85,152.0,147.1,151.44,129090,2551315
2026-01-05 10:59:00+05:30,152.0,158.44,151.6,158.15,167765,2551315
2026-01-05 11:00:00+05:30,158.55,160.69,155.85,156.55,224445,2551315
2026-01-05 11:01:00+05:30,155.55,158.94,152.15,152.15,148005,2501980
2026-01-05 11:02:00+05:30,151.69,153.05,145.44,145.85,241540,2501980
2026-01-05 11:03:00+05:30,146.25,149.69,146.1,149.35,143715,2501980
2026-01-05 11:04:00+05:30,148.55,150.19,142.44,146.44,194480,2573285
2026-01-05 11:05:00+05:30,146.44,149.19,145.8,149.19,131040,2573285
2026-01-05 11:06:00+05:30,148.69,154.8,148.65,151.5,248885,2573285
2026-01-05 11:07:00+05:30,151.75,158.69,150.9,157.3,244140,2597530
2026-01-05 11:08:00+05:30,157.55,158.69,154.35,154.35,173745,2597530
2026-01-05 11:09:00+05:30,154.4,156.8,153.15,156.8,108225,2597530
2026-01-05 11:10:00+05:30,157.85,160.8,154.6,157.44,183170,2552485
2026-01-05 11:11:00+05:30,157.75,158.3,151.1,151.69,142675,2552485
2026-01-05 11:12:00+05:30,151.69,154.0,149.4,153.0,147290,2552485
2026-01-05 11:13:00+05:30,153.15,153.69,150.05,150.75,53820,2555020
2026-01-05 11:14:00+05:30,150.65,152.4,148.55,149.05,98540,2555020
2026-01-05 11:15:00+05:30,149.3,155.25,148.0,155.25,140725,2555020
2026-01-05 11:16:00+05:30,155.4,159.44,154.5,159.44,245830,2621385
2026-01-05 11:17:00+05:30,161.05,161.4,154.05,156.9,230490,2621385
2026-01-05 11:18:00+05:30,156.35,158.3,153.35,153.5,81380,2621385
2026-01-05 11:19:00+05:30,153.19,161.3,153.19,161.3,157625,2618005
2026-01-05 11:20:00+05:30,160.94,162.19,158.85,160.19,187980,2618005
2026-01-05 11:21:00+05:30,160.4,165.4,159.25,162.0,279370,2618005
2026-01-05 11:22:00+05:30,161.94,167.8,161.9,166.75,228670,2474160
2026-01-05 11:23:00+05:30,167.45,187.05,167.45,185.15,733005,2474160
2026-01-05 11:24:00+05:30,183.95,189.75,178.35,189.75,563485,2474160
2026-01-05 11:25:00+05:30,188.05,191.5,177.75,178.4,425880,2130960
2026-01-05 11:26:00+05:30,179.8,189.35,178.95,189.35,281515,2130960
2026-01-05 11:27:00+05:30,189.7,194.45,181.95,182.65,399685,2130960
2026-01-05 11:28:00+05:30,183.5,183.5,179.5,181.25,155350,2168855
2026-01-05 11:29:00+05:30,185.4,185.4,175.75,179.65,228475,2168855
2026-01-05 11:30:00+05:30,180.75,181.3,176.15,180.25,123240,2168855
2026-01-05 11:31:00+05:30,180.8,180.8,172.5,176.4,275860,2220660
2026-01-05 11:32:00+05:30,177.0,182.6,172.5,182.6,205855,2220660
2026-01-05 11:33:00+05:30,184.5,188.85,181.3,187.2,247910,2220660
2026-01-05 11:34:00+05:30,187.8,190.95,184.3,189.35,218270,2195960
2026-01-05 11:35:00+05:30,187.7,193.55,184.05,184.05,382525,2195960
2026-01-05 11:36:00+05:30,184.3,186.0,179.9,183.75,248495,2195960
2026-01-05 11:37:00+05:30,183.45,184.95,181.05,184.95,96005,2242500
2026-01-05 11:38:00+05:30,185.35,186.85,183.1,185.7,94900,2242500
2026-01-05 11:39:00+05:30,185.55,187.55,182.25,182.35,122135,2242500
2026-01-05 11:40:00+05:30,183.2,183.5,178.0,182.7,163085,2274870
2026-01-05 11:41:00+05:30,183.35,183.7,175.6,175.75,148070,2274870
2026-01-05 11:42:00+05:30,174.95,177.0,166.3,177.0,413660,2274870
2026-01-05 11:43:00+05:30,175.75,179.05,172.35,173.5,195845,2214355
2026-01-05 11:44:00+05:30,173.3,176.5,169.6,169.6,113360,2214355
2026-01-05 11:45:00+05:30,169.3,170.75,168.35,170.75,127855,2214355
2026-01-05 11:46:00+05:30,172.35,179.35,172.35,174.55,197275,2250690
2026-01-05 11:47:00+05:30,173.85,174.4,168.85,169.0,104390,2250690
2026-01-05 11:48:00+05:30,170.7,173.9,168.5,171.65,84890,2250690
2026-01-05 11:49:00+05:30,171.05,171.4,165.6,170.1,182910,2278120
2026-01-05 11:50:00+05:30,170.0,170.5,165.8,170.35,70785,2278120
2026-01-05 11:51:00+05:30,170.1,174.3,169.6,174.3,137735,2278120
2026-01-05 11:52:00+05:30,174.8,181.1,174.8,180.0,246805,2278965
2026-01-05 11:53:00+05:30,180.05,183.55,178.25,181.75,151840,2278965
2026-01-05 11:54:00+05:30,182.0,185.0,179.95,185.0,178360,2278965
2026-01-05 11:55:00+05:30,183.45,184.9,179.45,180.35,163345,2286960
2026-01-05 11:56:00+05:30,180.0,182.0,177.4,181.0,95745,2286960
2026-01-05 11:57:00+05:30,181.55,184.85,181.55,182.25,126815,2286960
2026-01-05 11:58:00+05:30,182.65,183.0,170.6,170.6,181350,2323620
2026-01-05 11:59:00+05:30,170.55,180.45,170.55,177.85,170040,2323620
2026-01-05 12:00:00+05:30,178.5,179.5,175.25,179.5,54860,2323620
2026-01-05 12:01:00+05:30,180.6,190.45,180.0,190.35,338195,2261220
2026-01-05 12:02:00+05:30,190.9,196.65,189.25,191.2,466635,2261220
2026-01-05 12:03:00+05:30,190.6,195.75,189.6,192.05,185640,2261220
2026-01-05 12:04:00+05:30,191.35,192.05,187.8,188.45,116935,2164305
2026-01-05 12:05:00+05:30,189.7,190.4,185.65,189.25,104845,2164305
2026-01-05 12:06:00+05:30,189.6,189.6,180.5,182.5,151255,2164305
2026-01-05 12:07:00+05:30,181.55,191.1,181.55,189.0,126945,2126540
2026-01-05 12:08:00+05:30,188.45,194.4,188.45,189.75,243035,2126540
2026-01-05 12:09:00+05:30,189.3,191.15,186.0,186.75,109720,2126540
2026-01-05 12:10:00+05:30,186.05,186.05,181.0,183.8,139425,2105675
2026-01-05 12:11:00+05:30,184.0,189.25,183.35,187.1,152620,2105675
2026-01-05 12:12:00+05:30,187.3,187.3,177.1,177.65,172315,2105675
2026-01-05 12:13:00+05:30,178.55,182.7,176.55,178.6,160225,2141360
2026-01-05 12:14:00+05:30,178.65,180.7,175.0,175.0,105755,2141360
2026-01-05 12:15:00+05:30,174.55,177.6,171.6,176.6,146640,2141360
2026-01-05 12:16:00+05:30,176.7,178.2,175.05,175.4,63050,2167880
2026-01-05 12:17:00+05:30,175.3,175.5,169.8,173.2,150475,2167880
2026-01-05 12:18:00+05:30,173.7,174.75,172.1,173.15,77805,2167880
2026-01-05 12:19:00+05:30,173.7,177.15,170.5,172.35,142740,2203435
2026-01-05 12:20:00+05:30,171.95,173.0,168.55,169.1,100880,2203435
2026-01-05 12:21:00+05:30,168.6,172.9,167.35,172.3,134420,2203435
2026-01-05 12:22:00+05:30,172.75,175.6,170.45,174.8,125125,2231645
2026-01-05 12:23:00+05:30,174.1,177.0,173.1,175.1,116415,2231645
2026-01-05 12:24:00+05:30,174.4,174.55,170.15,170.95,59280,2231645
2026-01-05 12:25:00+05:30,172.4,175.0,171.8,174.5,41210,2221960
2026-01-05 12:26:00+05:30,173.5,176.15,172.25,172.75,90285,2221960
2026-01-05 12:27:00+05:30,172.55,174.45,170.5,173.7,96655,2221960
2026-01-05 12:28:00+05:30,173.55,176.45,173.2,176.0,105235,2272465
2026-01-05 12:29:00+05:30,176.25,176.65,171.8,172.0,64415,2272465
2026-01-05 12:30:00+05:30,172.45,172.45,166.8,170.0,167440,2272465
2026-01-05 12:31:00+05:30,171.45,175.0,166.85,172.95,120185,2272465
2026-01-05 12:32:00+05:30,172.55,175.15,172.15,175.05,77805,2233920
2026-01-05 12:33:00+05:30,175.75,176.65,173.7,174.75,110435,2233920
2026-01-05 12:34:00+05:30,175.15,176.2,172.9,175.3,64220,2233920
2026-01-05 12:35:00+05:30,175.15,175.15,170.2,174.75,62595,2269280
2026-01-05 12:36:00+05:30,174.2,174.85,170.7,171.05,40300,2269280
2026-01-05 12:37:00+05:30,171.35,173.25,166.4,170.7,176800,2269280
2026-01-05 12:38:00+05:30,167.7,168.75,165.0,167.85,151840,2259790
2026-01-05 12:39:00+05:30,166.5,174.1,166.5,174.1,115505,2259790
2026-01-05 12:40:00+05:30,174.9,177.55,173.75,173.75,171730,2259790
2026-01-05 12:41:00+05:30,173.15,175.0,170.5,174.65,88985,2212730
2026-01-05 12:42:00+05:30,174.25,179.05,174.25,177.2,159250,2212730
2026-01-05 12:43:00+05:30,177.15,180.3,177.15,180.0,124865,2212730
2026-01-05 12:44:00+05:30,179.95,180.5,174.15,176.0,107380,2209155
2026-01-05 12:45:00+05:30,176.4,180.75,175.5,179.35,118950,2209155
2026-01-05 12:46:00+05:30,179.75,179.75,174.1,174.95,95030,2209155
2026-01-05 12:47:00+05:30,174.8,180.75,174.45,180.75,80925,2184065
2026-01-05 12:48:00+05:30,180.55,181.0,175.1,177.6,80210,2184065
2026-01-05 12:49:00+05:30,177.0,178.25,172.3,172.3,91065,2184065
2026-01-05 12:50:00+05:30,172.9,172.9,168.2,169.45,120380,2223715
2026-01-05 12:51:00+05:30,169.65,169.65,159.0,159.3,297440,2223715
2026-01-05 12:52:00+05:30,160.19,165.55,155.94,164.5,274950,2223715
2026-01-05 12:53:00+05:30,165.0,171.4,164.75,169.65,247910,2238535
2026-01-05 12:54:00+05:30,169.4,171.1,165.9,166.35,96785,2238535
2026-01-05 12:55:00+05:30,166.4,168.2,163.4,167.65,79625,2238535
2026-01-05 12:56:00+05:30,167.75,171.2,165.85,166.3,87035,2279810
2026-01-05 12:57:00+05:30,166.5,169.6,166.1,168.1,43225,2279810
2026-01-05 12:58:00+05:30,169.0,178.65,168.75,178.3,272935,2279810
2026-01-05 12:59:00+05:30,178.55,180.65,175.75,177.85,122785,2190955
2026-01-05 13:00:00+05:30,178.3,179.05,176.0,177.9,69160,2190955
2026-01-05 13:01:00+05:30,177.15,178.5,174.75,178.5,66365,2190955
2026-01-05 13:02:00+05:30,177.65,180.75,176.0,180.75,90675,2211950
2026-01-05 13:03:00+05:30,180.9,185.65,179.15,180.0,187330,2211950
2026-01-05 13:04:00+05:30,180.15,183.65,179.55,183.45,85020,2211950
2026-01-05 13:05:00+05:30,181.5,185.75,181.35,183.1,147550,2153320
2026-01-05 13:06:00+05:30,183.35,189.0,183.35,184.9,212095,2153320
2026-01-05 13:07:00+05:30,184.0,184.85,181.9,184.25,73645,2153320
2026-01-05 13:08:00+05:30,184.05,188.8,184.05,188.8,97370,2108860
2026-01-05 13:09:00+05:30,187.7,190.6,186.65,190.45,221325,2108860
2026-01-05 13:10:00+05:30,189.8,194.5,189.1,191.95,199095,2108860
2026-01-05 13:11:00+05:30,191.5,194.55,190.2,192.65,131495,2091180
2026-01-05 13:12:00+05:30,192.85,201.8,192.35,200.0,290290,2091180
2026-01-05 13:13:00+05:30,199.5,201.15,195.25,198.3,202475,2091180
2026-01-05 13:14:00+05:30,197.85,201.35,196.5,201.35,135135,1989650
2026-01-05 13:15:00+05:30,205.25,211.55,204.85,205.55,420810,1989650
2026-01-05 13:16:00+05:30,205.95,214.85,205.95,211.85,152685,1989650
2026-01-05 13:17:00+05:30,212.35,214.65,210.85,213.0,131495,1826825
2026-01-05 13:18:00+05:30,213.15,214.1,206.2,208.8,160225,1826825
2026-01-05 13:19:00+05:30,208.55,208.55,203.55,207.15,171795,1826825
2026-01-05 13:20:00+05:30,207.4,208.75,206.25,207.8,75205,1754740
2026-01-05 13:21:00+05:30,207.85,213.55,207.45,211.0,98540,1754740
2026-01-05 13:22:00+05:30,210.05,210.05,206.15,207.35,119730,1754740
2026-01-05 13:23:00+05:30,206.85,207.65,203.9,206.2,101725,1748500
2026-01-05 13:24:00+05:30,206.6,206.6,199.0,200.8,188825,1748500
2026-01-05 13:25:00+05:30,200.55,202.95,196.35,201.95,93600,1748500
2026-01-05 13:26:00+05:30,202.0,207.0,199.7,207.0,117325,1741415
2026-01-05 13:27:00+05:30,205.0,207.0,203.1,205.3,76700,1741415
2026-01-05 13:28:00+05:30,206.3,213.25,206.3,212.75,144365,1741415
2026-01-05 13:29:00+05:30,213.5,219.6,211.55,211.55,292955,1738425
2026-01-05 13:30:00+05:30,212.0,219.4,212.0,219.4,199875,1738425
2026-01-05 13:31:00+05:30,219.8,220.7,215.55,215.55,174135,1738425
2026-01-05 13:32:00+05:30,215.2,220.0,213.1,219.15,95355,1725100
2026-01-05 13:33:00+05:30,219.0,219.35,214.9,215.15,61945,1725100
2026-01-05 13:34:00+05:30,215.45,219.5,214.75,217.5,73385,1725100
2026-01-05 13:35:00+05:30,219.3,222.75,216.1,217.0,133315,1689675
2026-01-05 13:36:00+05:30,216.75,222.7,216.3,222.3,140205,1689675
2026-01-05 13:37:00+05:30,221.3,225.05,217.0,223.05,126555,1689675
2026-01-05 13:38:00+05:30,222.4,222.4,217.55,217.55,87620,1638455
2026-01-05 13:39:00+05:30,217.5,223.35,217.25,222.55,59865,1638455
2026-01-05 13:40:00+05:30,222.3,224.85,218.9,221.2,125385,1638455
2026-01-05 13:41:00+05:30,221.4,222.35,219.1,221.3,40690,1598740
2026-01-05 13:42:00+05:30,219.0,221.5,216.6,217.85,64935,1598740
2026-01-05 13:43:00+05:30,217.75,218.5,215.5,216.45,55965,1598740
2026-01-05 13:44:00+05:30,213.7,213.7,208.1,208.25,181870,1568710
2026-01-05 13:45:00+05:30,208.7,219.35,208.7,216.75,121680,1568710
2026-01-05 13:46:00+05:30,216.3,221.3,214.65,219.6,88530,1568710
2026-01-05 13:47:00+05:30,219.05,222.9,216.75,220.05,77935,1575405
2026-01-05 13:48:00+05:30,219.5,224.3,219.25,221.05,56680,1575405
2026-01-05 13:49:00+05:30,221.4,239.0,221.4,238.4,251355,1575405
2026-01-05 13:50:00+05:30,240.15,251.8,239.75,250.85,412295,1496885
2026-01-05 13:51:00+05:30,250.6,255.55,242.3,245.85,263315,1496885
2026-01-05 13:52:00+05:30,246.15,253.25,245.55,251.85,124215,1496885
2026-01-05 13:53:00+05:30,252.4,254.55,251.45,254.55,122980,1386125
2026-01-05 13:54:00+05:30,253.6,253.8,250.0,252.25,105300,1386125
2026-01-05 13:55:00+05:30,252.3,253.5,246.3,253.5,87750,1386125
2026-01-05 13:56:00+05:30,252.9,254.0,251.75,252.05,85150,1324375
2026-01-05 13:57:00+05:30,253.0,260.0,252.45,253.45,109720,1324375
2026-01-05 13:58:00+05:30,253.4,256.45,252.5,255.0,58435,1324375
2026-01-05 13:59:00+05:30,255.0,264.0,255.0,262.85,81640,1313715
2026-01-05 14:00:00+05:30,261.64,269.3,260.95,262.45,197470,1313715
2026-01-05 14:01:00+05:30,263.45,274.39,263.45,273.95,165750,1313715
2026-01-05 14:02:00+05:30,273.0,284.75,273.0,283.05,216515,1249885
2026-01-05 14:03:00+05:30,282.8,294.85,281.1,293.45,170950,1249885
2026-01-05 14:04:00+05:30,292.1,295.0,287.5,288.95,159770,1249885
2026-01-05 14:05:00+05:30,288.6,308.39,288.6,304.5,225030,1194830
2026-01-05 14:06:00+05:30,304.1,304.1,287.7,288.8,189280,1194830
2026-01-05 14:07:00+05:30,288.25,293.7,287.89,293.6,82680,1194830
2026-01-05 14:08:00+05:30,293.6,295.55,290.0,295.39,57850,1153750
2026-01-05 14:09:00+05:30,296.1,298.39,289.45,289.85,62400,1153750
2026-01-05 14:10:00+05:30,291.6,293.7,286.1,290.75,69095,1153750
2026-01-05 14:11:00+05:30,290.1,292.55,288.3,290.7,35295,1130805
2026-01-05 14:12:00+05:30,291.45,291.45,284.89,287.05,69420,1130805
2026-01-05 14:13:00+05:30,287.14,293.35,285.3,289.5,38805,1130805
2026-01-05 14:14:00+05:30,290.8,291.8,287.0,291.8,23920,1133860
2026-01-05 14:15:00+05:30,290.85,291.25,286.0,289.35,23530,1133860
2026-01-05 14:16:00+05:30,289.1,289.8,282.25,284.85,50570,1133860
2026-01-05 14:17:00+05:30,284.8,291.7,284.2,291.7,35555,1134055
2026-01-05 14:18:00+05:30,290.39,292.55,288.55,290.85,37245,1134055
2026-01-05 14:19:00+05:30,290.14,293.64,289.39,292.95,33670,1134055
2026-01-05 14:20:00+05:30,292.75,297.45,291.39,294.1,85085,1137045
2026-01-05 14:21:00+05:30,293.64,299.89,293.39,296.75,106405,1137045
2026-01-05 14:22:00+05:30,296.2,298.1,293.6,293.64,65520,1137045
2026-01-05 14:23:00+05:30,292.75,292.75,288.14,289.5,65650,1170520
2026-01-05 14:24:00+05:30,289.39,289.39,279.89,281.75,95745,1170520
2026-01-05 14:25:00+05:30,282.55,286.35,279.95,281.0,50765,1170520
2026-01-05 14:26:00+05:30,281.1,287.95,280.0,287.95,48035,1197495
2026-01-05 14:27:00+05:30,287.6,287.6,280.55,282.14,30615,1197495
2026-01-05 14:28:00+05:30,281.25,285.7,280.05,280.05,27690,1197495
2026-01-05 14:29:00+05:30,280.64,289.89,276.8,287.39,61035,1206335
2026-01-05 14:30:00+05:30,287.0,287.0,279.5,279.5,35815,1206335
2026-01-05 14:31:00+05:30,281.35,282.25,276.2,276.2,48230,1206335
2026-01-05 14:32:00+05:30,277.35,277.39,273.39,277.39,69095,1179035
2026-01-05 14:33:00+05:30,278.0,280.0,272.14,275.95,63765,1179035
2026-01-05 14:34:00+05:30,274.85,276.39,273.05,273.05,21775,1179035
2026-01-05 14:35:00+05:30,274.2,279.45,272.25,278.14,37440,1192555
2026-01-05 14:36:00+05:30,277.7,278.95,274.0,274.0,31070,1192555
2026-01-05 14:37:00+05:30,273.85,281.7,271.1,281.7,56225,1192555
2026-01-05 14:38:00+05:30,282.5,286.95,279.39,286.95,78845,1181505
2026-01-05 14:39:00+05:30,287.14,287.14,279.75,284.6,56030,1181505
2026-01-05 14:40:00+05:30,284.6,285.25,277.0,277.0,24375,1181505
2026-01-05 14:41:00+05:30,277.14,277.14,268.8,272.2,58305,1155310
2026-01-05 14:42:00+05:30,271.89,272.75,269.0,270.0,41470,1155310
2026-01-05 14:43:00+05:30,270.6,274.2,263.35,263.35,76115,1155310
2026-01-05 14:44:00+05:30,265.7,269.0,263.1,265.89,93860,1155180
2026-01-05 14:45:00+05:30,264.0,268.0,264.0,265.55,50115,1155180
2026-01-05 14:46:00+05:30,266.2,267.7,260.55,265.75,32565,1155180
2026-01-05 14:47:00+05:30,265.64,270.55,264.0,269.14,52715,1164410
2026-01-05 14:48:00+05:30,268.95,270.7,266.3,267.25,49400,1164410
2026-01-05 14:49:00+05:30,266.2,270.39,265.95,266.75,31330,1164410
2026-01-05 14:50:00+05:30,266.3,270.14,266.0,267.8,29315,1163890
2026-01-05 14:51:00+05:30,268.39,268.39,252.6,252.6,124410,1163890
2026-01-05 14:52:00+05:30,251.6,258.75,247.15,258.75,179660,1163890
2026-01-05 14:53:00+05:30,259.6,263.0,257.6,260.25,114010,1213550
2026-01-05 14:54:00+05:30,260.35,261.39,255.65,255.65,48490,1213550
2026-01-05 14:55:00+05:30,255.95,261.0,253.0,260.7,100295,1213550
2026-01-05 14:56:00+05:30,258.39,260.1,257.05,258.55,30030,1218750
2026-01-05 14:57:00+05:30,256.6,259.1,252.45,254.25,65000,1218750
2026-01-05 14:58:00+05:30,254.35,257.8,254.35,255.85,15405,1218750
2026-01-05 14:59:00+05:30,255.5,256.45,249.75,252.85,42770,1215565
2026-01-05 15:00:00+05:30,249.8,266.3,249.8,265.05,109395,1215565
2026-01-05 15:01:00+05:30,266.3,268.6,261.64,267.95,115895,1215565
2026-01-05 15:02:00+05:30,264.6,268.8,262.35,267.1,73710,1193400
2026-01-05 15:03:00+05:30,266.3,267.55,254.45,257.0,76180,1193400
2026-01-05 15:04:00+05:30,257.75,264.14,256.0,263.8,40560,1193400
2026-01-05 15:05:00+05:30,266.55,272.8,265.05,272.0,114660,1212185
2026-01-05 15:06:00+05:30,270.5,270.75,265.75,268.05,63765,1212185
2026-01-05 15:07:00+05:30,267.85,276.05,267.85,275.0,106795,1212185
2026-01-05 15:08:00+05:30,275.2,281.3,275.2,279.6,125385,1218100
2026-01-05 15:09:00+05:30,279.75,279.75,274.95,277.85,66040,1218100
2026-01-05 15:10:00+05:30,277.5,282.39,277.5,281.0,64480,1218100
2026-01-05 15:11:00+05:30,281.7,283.14,278.85,281.14,90025,1282385
2026-01-05 15:12:00+05:30,281.8,285.8,279.7,285.8,79365,1282385
2026-01-05 15:13:00+05:30,284.64,287.45,277.89,278.45,100880,1282385
2026-01-05 15:14:00+05:30,278.05,279.6,275.05,278.3,80795,1249365
2026-01-05 15:15:00+05:30,279.5,282.64,279.35,282.0,61555,1249365
2026-01-05 15:16:00+05:30,282.55,282.8,281.0,281.0,30550,1249365
2026-01-05 15:17:00+05:30,281.39,283.25,279.85,281.45,30680,1223170
2026-01-05 15:18:00+05:30,282.0,284.5,278.39,279.7,30550,1223170
2026-01-05 15:19:00+05:30,280.0,280.95,276.95,280.0,31005,1223170
2026-01-05 15:20:00+05:30,279.64,283.5,279.64,282.6,25675,1180790
2026-01-05 15:21:00+05:30,281.8,283.5,281.3,282.89,33345,1180790
2026-01-05 15:22:00+05:30,283.2,284.75,282.14,284.05,34385,1180790
2026-01-05 15:23:00+05:30,284.25,287.1,284.14,287.1,52715,1120665
2026-01-05 15:24:00+05:30,286.55,287.14,281.2,283.14,61620,1120665
2026-01-05 15:25:00+05:30,282.0,282.75,278.0,278.0,88140,1120665
2026-01-05 15:26:00+05:30,277.45,279.89,276.45,278.89,37895,1020500
2026-01-05 15:27:00+05:30,280.14,282.0,280.0,282.0,16965,1020500
2026-01-05 15:28:00+05:30,280.89,281.3,278.05,280.25,32825,1020500
2026-01-05 15:29:00+05:30,280.1,280.55,276.0,276.3,69160,978965
2026-01-06 09:15:00+05:30,262.45,293.3,234.3,244.8,190320,930930
2026-01-06 09:16:00+05:30,247.5,273.0,247.5,273.0,153790,957580
2026-01-06 09:17:00+05:30,271.6,275.75,267.39,273.7,89050,957580
2026-01-06 09:18:00+05:30,267.0,273.64,263.05,272.25,73190,957580
2026-01-06 09:19:00+05:30,271.25,295.2,268.64,292.0,140660,967785
2026-01-06 09:20:00+05:30,291.6,302.85,288.64,294.05,134420,967785
2026-01-06 09:21:00+05:30,293.3,298.85,283.7,298.55,47905,967785
2026-01-06 09:22:00+05:30,297.35,303.55,292.25,294.75,59085,933010
2026-01-06 09:23:00+05:30,298.0,299.55,292.8,296.14,44525,933010
2026-01-06 09:24:00+05:30,297.64,304.0,295.45,296.95,47515,933010
2026-01-06 09:25:00+05:30,297.35,308.3,297.35,301.2,48880,928330
2026-01-06 09:26:00+05:30,303.0,310.45,301.25,304.64,49270,928330
2026-01-06 09:27:00+05:30,303.7,307.5,303.7,306.0,30420,928330
2026-01-06 09:28:00+05:30,305.14,325.2,305.14,323.55,98995,919815
2026-01-06 09:29:00+05:30,324.2,328.0,320.39,324.85,51610,919815
2026-01-06 09:30:00+05:30,325.05,325.89,317.39,320.2,41860,919815
2026-01-06 09:31:00+05:30,321.0,321.35,314.8,320.0,43355,908440
2026-01-06 09:32:00+05:30,323.0,323.0,301.64,307.45,53365,908440
2026-01-06 09:33:00+05:30,307.8,308.6,282.8,282.8,71175,908440
2026-01-06 09:34:00+05:30,283.0,289.55,274.45,284.25,76245,927095
2026-01-06 09:35:00+05:30,283.95,283.95,270.05,278.35,58240,927095
2026-01-06 09:36:00+05:30,278.45,287.14,275.75,283.0,45825,927095
2026-01-06 09:37:00+05:30,281.8,295.3,279.1,290.95,78520,960570
2026-01-06 09:38:00+05:30,291.25,295.7,283.0,295.7,43940,960570
2026-01-06 09:39:00+05:30,297.45,307.05,292.39,299.25,48295,960570
2026-01-06 09:40:00+05:30,298.8,305.8,292.64,294.35,53625,946270
2026-01-06 09:41:00+05:30,294.55,301.05,294.55,301.05,27170,946270
2026-01-06 09:42:00+05:30,301.3,309.75,300.14,300.14,40495,946270
2026-01-06 09:43:00+05:30,301.6,303.89,296.8,303.89,12935,942045
2026-01-06 09:44:00+05:30,301.0,305.14,299.0,302.14,13130,942045
2026-01-06 09:45:00+05:30,300.39,302.95,285.39,291.39,47255,942045
2026-01-06 09:46:00+05:30,291.7,291.7,280.35,287.05,43810,954395
2026-01-06 09:47:00+05:30,285.2,286.2,277.55,278.0,23725,954395
2026-01-06 09:48:00+05:30,274.89,282.0,274.3,279.35,38415,954395
2026-01-06 09:49:00+05:30,280.89,281.0,270.95,273.0,47255,986830
2026-01-06 09:50:00+05:30,271.0,278.3,269.95,272.5,43550,986830
2026-01-06 09:51:00+05:30,271.89,274.05,269.55,272.45,51675,986830
2026-01-06 09:52:00+05:30,271.64,275.8,270.3,271.89,32890,1028755
2026-01-06 09:53:00+05:30,270.25,271.8,260.05,267.45,70070,1028755
2026-01-06 09:54:00+05:30,268.2,275.0,266.35,270.25,56485,1028755
2026-01-06 09:55:00+05:30,269.64,269.64,258.85,259.5,62270,1061970
2026-01-06 09:56:00+05:30,257.0,257.0,246.55,246.55,100750,1061970
2026-01-06 09:57:00+05:30,248.05,258.3,247.85,256.25,55575,1061970
2026-01-06 09:58:00+05:30,255.95,255.95,247.6,248.5,33865,1114035
2026-01-06 09:59:00+05:30,248.85,249.25,243.5,244.8,62595,1114035
2026-01-06 10:00:00+05:30,243.85,243.85,227.7,238.0,159965,1114035
2026-01-06 10:01:00+05:30,238.35,240.65,234.0,240.3,76245,1191125
2026-01-06 10:02:00+05:30,240.75,243.45,232.9,233.95,66495,1191125
2026-01-06 10:03:00+05:30,234.15,239.0,233.65,238.45,47320,1191125
2026-01-06 10:04:00+05:30,237.5,243.0,235.5,243.0,54405,1266265
2026-01-06 10:05:00+05:30,244.5,257.45,243.7,255.9,220025,1266265
2026-01-06 10:06:00+05:30,255.4,255.4,246.0,246.25,47970,1266265
2026-01-06 10:07:00+05:30,247.5,252.4,245.95,252.4,38610,1216280
2026-01-06 10:08:00+05:30,252.2,253.0,248.6,251.65,24895,1216280
2026-01-06 10:09:00+05:30,250.0,253.75,250.0,251.3,37310,1216280
2026-01-06 10:10:00+05:30,252.45,261.3,247.0,248.6,104780,1218815
2026-01-06 10:11:00+05:30,247.6,254.55,247.3,254.15,17420,1218815
2026-01-06 10:12:00+05:30,256.45,257.8,252.65,253.9,18200,1218815
2026-01-06 10:13:00+05:30,254.65,254.65,248.5,250.45,18200,1200355
2026-01-06 10:14:00+05:30,250.15,253.4,246.5,253.2,23725,1200355
2026-01-06 10:15:00+05:30,252.5,257.25,251.05,254.7,35360,1200355
2026-01-06 10:16:00+05:30,253.95,257.0,251.25,254.75,39325,1209780
2026-01-06 10:17:00+05:30,254.4,254.4,247.0,247.75,25870,1209780
2026-01-06 10:18:00+05:30,247.35,257.0,243.05,257.0,66625,1209780
2026-01-06 10:19:00+05:30,256.5,268.0,256.39,264.5,141440,1208870
2026-01-06 10:20:00+05:30,265.55,269.0,261.8,266.2,60580,1208870
2026-01-06 10:21:00+05:30,267.35,270.75,262.6,263.85,47970,1208870
2026-01-06 10:22:00+05:30,262.85,268.39,262.3,266.55,23010,1155700
2026-01-06 10:23:00+05:30,266.5,271.3,262.85,271.0,51350,1155700
2026-01-06 10:24:00+05:30,272.3,276.5,271.55,276.5,83005,1155700
2026-01-06 10:25:00+05:30,275.64,276.0,268.55,275.05,79820,1099670
2026-01-06 10:26:00+05:30,275.0,275.0,269.05,272.05,14625,1099670
2026-01-06 10:27:00+05:30,272.0,275.5,269.8,274.25,23075,1099670
2026-01-06 10:28:00+05:30,275.45,276.5,267.35,268.25,31655,1081665
2026-01-06 10:29:00+05:30,267.89,275.5,267.6,274.45,26520,1081665
2026-01-06 10:30:00+05:30,275.0,275.64,270.0,273.95,20800,1081665
2026-01-06 10:31:00+05:30,273.05,275.35,268.05,274.5,34645,1073085
2026-01-06 10:32:00+05:30,273.35,273.35,263.7,270.7,34775,1073085
2026-01-06 10:33:00+05:30,270.39,276.6,270.0,272.7,30550,1073085
2026-01-06 10:34:00+05:30,271.75,271.75,265.39,270.8,16380,1060475
2026-01-06 10:35:00+05:30,270.39,274.89,270.39,274.89,28015,1060475
2026-01-06 10:36:00+05:30,273.85,284.64,272.85,281.2,51545,1060475
2026-01-06 10:37:00+05:30,282.45,296.75,281.05,296.05,103740,1044225
2026-01-06 10:38:00+05:30,295.64,296.39,288.89,289.2,53690,1044225
2026-01-06 10:39:00+05:30,286.6,292.0,286.6,291.35,30355,1044225
2026-01-06 10:40:00+05:30,292.05,301.3,288.95,294.0,69485,1004120
2026-01-06 10:41:00+05:30,293.89,295.0,288.7,289.64,26065,1004120
2026-01-06 10:42:00+05:30,289.1,290.89,286.14,289.3,27170,1004120
2026-01-06 10:43:00+05:30,288.95,295.89,287.1,295.89,15600,1004575
2026-01-06 10:44:00+05:30,294.89,297.0,291.6,293.95,21450,1004575
2026-01-06 10:45:00+05:30,293.35,295.0,289.25,292.0,16770,1004575
2026-01-06 10:46:00+05:30,294.1,297.05,289.89,290.64,28210,1011660
2026-01-06 10:47:00+05:30,291.39,291.39,287.2,288.39,15080,1011660
2026-01-06 10:48:00+05:30,287.95,291.85,280.5,290.0,26065,1011660
2026-01-06 10:49:00+05:30,290.05,298.0,287.95,298.0,37765,1016860
2026-01-06 10:50:00+05:30,295.85,296.0,290.5,292.0,15080,1016860
2026-01-06 10:51:00+05:30,293.0,298.7,292.55,293.1,53365,1016860
2026-01-06 10:52:00+05:30,294.14,298.25,293.0,295.25,30355,1047800
2026-01-06 10:53:00+05:30,295.5,295.85,289.39,291.8,15015,1047800
2026-01-06 10:54:00+05:30,291.95,291.95,285.14,288.1,31850,1047800
2026-01-06 10:55:00+05:30,288.6,291.35,285.1,290.7,28600,1053780
2026-01-06 10:56:00+05:30,290.39,297.1,288.89,296.14,146185,1053780
2026-01-06 10:57:00+05:30,294.89,294.89,286.39,291.8,43550,1053780
2026-01-06 10:58:00+05:30,292.5,298.95,289.75,297.45,25805,1029535
2026-01-06 10:59:00+05:30,297.39,303.35,294.3,301.0,49790,1029535
2026-01-06 11:00:00+05:30,300.5,300.5,295.55,296.8,52455,1029535
2026-01-06 11:01:00+05:30,296.35,299.1,293.5,299.1,48945,1030705
2026-01-06 11:02:00+05:30,298.89,303.5,297.5,298.0,68055,1030705
2026-01-06 11:03:00+05:30,297.89,300.45,295.8,297.1,9490,1030705
2026-01-06 11:04:00+05:30,297.2,297.2,286.8,289.89,33410,1001975
2026-01-06 11:05:00+05:30,289.5,292.45,286.8,286.8,20670,1001975
2026-01-06 11:06:00+05:30,287.0,294.64,285.8,292.0,29315,1001975
2026-01-06 11:07:00+05:30,291.75,292.25,286.2,292.25,15015,1006785
2026-01-06 11:08:00+05:30,291.85,291.85,287.7,288.8,10335,1006785
2026-01-06 11:09:00+05:30,288.8,288.8,282.7,285.89,36465,1006785
2026-01-06 11:10:00+05:30,286.0,294.39,286.0,294.25,12740,986440
2026-01-06 11:11:00+05:30,294.85,300.0,294.85,299.8,35295,986440
2026-01-06 11:12:00+05:30,299.35,308.5,296.89,307.64,47385,986440
2026-01-06 11:13:00+05:30,307.3,312.45,303.95,303.95,98995,965900
2026-01-06 11:14:00+05:30,302.6,308.55,302.14,307.89,42640,965900
2026-01-06 11:15:00+05:30,307.0,315.64,307.0,315.64,43680,965900
2026-01-06 11:16:00+05:30,314.8,332.2,314.7,330.65,117195,946855
2026-01-06 11:17:00+05:30,333.95,341.75,331.65,340.2,81315,946855
2026-01-06 11:18:00+05:30,340.75,342.0,336.9,339.65,39390,946855
2026-01-06 11:19:00+05:30,341.05,343.0,339.0,341.6,23855,904085
2026-01-06 11:20:00+05:30,340.6,350.85,340.6,346.3,42835,904085
2026-01-06 11:21:00+05:30,346.8,355.7,345.0,351.8,28470,904085
2026-01-06 11:22:00+05:30,352.9,355.0,348.3,350.55,27560,885885
2026-01-06 11:23:00+05:30,348.4,349.0,343.3,348.55,32175,885885
2026-01-06 11:24:00+05:30,349.15,350.3,345.0,345.35,19565,885885
2026-01-06 11:25:00+05:30,345.35,349.55,345.35,348.75,20930,868660
2026-01-06 11:26:00+05:30,349.2,349.2,339.6,339.6,28470,868660
2026-01-06 11:27:00+05:30,340.0,342.85,337.25,337.6,24830,868660
2026-01-06 11:28:00+05:30,336.9,340.25,336.6,340.0,16250,872690
2026-01-06 11:29:00+05:30,339.6,340.0,333.0,333.25,9685,872690
2026-01-06 11:30:00+05:30,333.4,336.45,331.5,333.15,27300,872690
2026-01-06 11:31:00+05:30,332.95,336.85,332.15,334.0,9035,872430
2026-01-06 11:32:00+05:30,333.0,335.55,333.0,334.2,5005,872430
2026-01-06 11:33:00+05:30,333.7,334.15,330.0,333.7,13260,872430
2026-01-06 11:34:00+05:30,332.55,333.0,324.2,327.95,19565,875030
2026-01-06 11:35:00+05:30,329.25,331.65,326.14,331.65,8450,875030
2026-01-06 11:36:00+05:30,330.9,332.5,328.35,330.45,8580,875030
2026-01-06 11:37:00+05:30,330.0,330.0,326.55,327.9,7345,878085
2026-01-06 11:38:00+05:30,325.39,328.35,323.8,328.0,14885,878085
2026-01-06 11:39:00+05:30,327.25,328.1,325.75,326.45,6370,878085
2026-01-06 11:40:00+05:30,325.39,329.0,325.39,326.0,8385,880815
2026-01-06 11:41:00+05:30,325.0,327.5,324.45,326.05,16315,880815
2026-01-06 11:42:00+05:30,325.0,326.89,324.0,325.25,7735,880815
2026-01-06 11:43:00+05:30,324.7,324.7,314.39,318.2,34320,893815
2026-01-06 11:44:00+05:30,317.7,317.7,312.05,312.39,21580,893815
2026-01-06 11:45:00+05:30,312.1,317.6,312.1,316.05,12870,893815
2026-01-06 11:46:00+05:30,316.6,318.85,314.05,317.05,10855,904020
2026-01-06 11:47:00+05:30,315.8,316.85,307.55,307.55,20475,904020
2026-01-06 11:48:00+05:30,307.75,314.8,306.75,312.39,32305,904020
2026-01-06 11:49:00+05:30,313.39,315.0,308.64,308.89,8515,916305
2026-01-06 11:50:00+05:30,309.1,313.35,309.1,313.0,7735,916305
2026-01-06 11:51:00+05:30,313.45,316.2,312.1,314.5,24440,916305
2026-01-06 11:52:00+05:30,314.55,315.6,312.0,315.0,6045,909545
2026-01-06 11:53:00+05:30,315.05,315.55,311.25,311.25,9230,909545
2026-01-06 11:54:00+05:30,310.2,313.3,306.0,311.8,8190,909545
2026-01-06 11:55:00+05:30,311.14,315.95,311.14,315.45,7085,915460
2026-01-06 11:56:00+05:30,314.85,319.5,313.75,318.0,29900,915460
2026-01-06 11:57:00+05:30,318.25,319.6,315.7,319.3,6565,915460
2026-01-06 11:58:00+05:30,320.14,324.0,317.8,323.3,53170,894140
2026-01-06 11:59:00+05:30,322.1,325.0,319.1,321.35,18785,894140
2026-01-06 12:00:00+05:30,322.75,326.0,321.3,325.2,14495,894140
2026-01-06 12:01:00+05:30,325.89,334.0,324.8,330.1,35165,890760
2026-01-06 12:02:00+05:30,331.55,332.0,329.45,331.0,12935,890760
2026-01-06 12:03:00+05:30,331.5,332.0,320.75,321.45,21060,890760
2026-01-06 12:04:00+05:30,320.3,322.85,316.5,321.0,16640,887965
2026-01-06 12:05:00+05:30,320.35,328.1,320.14,327.25,28600,887965
2026-01-06 12:06:00+05:30,327.05,331.2,326.64,329.25,23985,887965
2026-01-06 12:07:00+05:30,330.4,334.7,330.3,334.7,23660,901615
2026-01-06 12:08:00+05:30,334.85,339.1,334.35,338.25,32500,901615
2026-01-06 12:09:00+05:30,337.9,339.4,335.35,336.7,22295,901615
2026-01-06 12:10:00+05:30,336.6,336.85,333.45,335.6,15600,890760
2026-01-06 12:11:00+05:30,335.8,337.25,334.1,335.4,15860,890760
2026-01-06 12:12:00+05:30,336.3,336.3,334.3,335.65,7150,890760
2026-01-06 12:13:00+05:30,335.55,335.55,327.2,327.2,14040,888940
2026-01-06 12:14:00+05:30,328.1,333.1,327.25,331.6,9880,888940
2026-01-06 12:15:00+05:30,331.1,335.6,330.0,330.0,11245,888940
2026-01-06 12:16:00+05:30,330.65,334.95,328.8,334.95,7150,888940
2026-01-06 12:17:00+05:30,333.95,334.7,331.6,332.6,4810,886210
2026-01-06 12:18:00+05:30,332.45,334.0,331.95,332.25,4485,886210
2026-01-06 12:19:00+05:30,332.25,334.0,332.25,332.7,1235,886210
2026-01-06 12:20:00+05:30,331.8,337.0,331.8,336.3,7280,885430
2026-01-06 12:21:00+05:30,336.05,343.25,336.05,337.9,33540,885430
2026-01-06 12:22:00+05:30,339.05,341.4,337.8,340.3,4810,885430
2026-01-06 12:23:00+05:30,339.45,344.65,339.45,341.65,7280,891670
2026-01-06 12:24:00+05:30,341.2,344.8,340.0,340.75,23790,891670
2026-01-06 12:25:00+05:30,342.0,342.65,340.85,342.4,4810,891670
2026-01-06 12:26:00+05:30,343.0,343.7,337.4,339.2,10010,904670
2026-01-06 12:27:00+05:30,337.4,341.0,334.2,334.2,8125,904670
2026-01-06 12:28:00+05:30,333.2,333.85,328.65,331.2,31785,904670
2026-01-06 12:29:00+05:30,331.0,331.8,329.5,331.8,7735,880620
2026-01-06 12:30:00+05:30,331.95,338.75,331.6,337.05,17355,880620
2026-01-06 12:31:00+05:30,336.5,338.4,335.65,335.65,11765,880620
2026-01-06 12:32:00+05:30,336.7,338.4,333.15,333.15,8840,884845
2026-01-06 12:33:00+05:30,331.5,332.65,327.95,330.0,16250,884845
2026-01-06 12:34:00+05:30,330.2,334.55,330.2,333.25,16835,884845
2026-01-06 12:35:00+05:30,332.55,333.6,328.55,331.15,8125,883350
2026-01-06 12:36:00+05:30,331.8,334.55,330.75,332.45,6110,883350
2026-01-06 12:37:00+05:30,331.25,331.5,329.85,330.9,2340,883350
2026-01-06 12:38:00+05:30,331.05,336.15,331.05,334.85,14040,883740
2026-01-06 12:39:00+05:30,333.95,336.0,333.4,336.0,1170,883740
2026-01-06 12:40:00+05:30,334.65,334.65,326.0,327.5,7865,883740
2026-01-06 12:41:00+05:30,329.9,329.9,327.75,329.55,2730,879710
2026-01-06 12:42:00+05:30,329.4,329.4,327.0,328.55,5135,879710
2026-01-06 12:43:00+05:30,327.55,335.7,327.35,333.6,3055,879710
2026-01-06 12:44:00+05:30,334.25,334.4,328.45,330.4,2145,884910
2026-01-06 12:45:00+05:30,330.2,330.6,327.0,329.3,4160,884910
2026-01-06 12:46:00+05:30,329.7,336.6,328.2,335.2,20605,884910
2026-01-06 12:47:00+05:30,333.75,335.85,329.0,329.0,6435,875095
2026-01-06 12:48:00+05:30,329.1,333.15,329.1,333.15,3900,875095
2026-01-06 12:49:00+05:30,333.45,338.55,333.45,335.4,15730,875095
2026-01-06 12:50:00+05:30,335.65,336.3,330.75,334.8,5070,878020
2026-01-06 12:51:00+05:30,334.1,334.9,325.55,327.14,6760,878020
2026-01-06 12:52:00+05:30,327.1,330.55,322.55,329.25,16965,878020
2026-01-06 12:53:00+05:30,329.15,329.3,327.64,329.3,6305,870870
2026-01-06 12:54:00+05:30,328.7,328.7,324.75,324.75,5200,870870
2026-01-06 12:55:00+05:30,322.7,324.5,320.0,323.05,13780,870870
2026-01-06 12:56:00+05:30,321.14,325.25,321.14,321.75,9815,876135
2026-01-06 12:57:00+05:30,321.0,322.05,311.0,311.0,15470,876135
2026-01-06 12:58:00+05:30,314.05,318.0,314.05,317.14,13195,876135
2026-01-06 12:59:00+05:30,315.55,317.95,312.6,313.39,12220,890240
2026-01-06 13:00:00+05:30,314.45,314.45,309.8,311.05,19500,890240
2026-01-06 13:01:00+05:30,308.0,309.39,305.1,306.05,26130,890240
2026-01-06 13:02:00+05:30,306.89,314.2,306.89,312.75,33800,895895
2026-01-06 13:03:00+05:30,312.39,323.75,312.39,318.95,58630,895895
2026-01-06 13:04:00+05:30,321.05,321.05,316.8,316.89,16120,895895
2026-01-06 13:05:00+05:30,316.5,320.7,314.45,316.64,24700,889265
2026-01-06 13:06:00+05:30,316.05,317.39,315.0,316.8,14885,889265
2026-01-06 13:07:00+05:30,316.95,319.0,315.5,315.5,12805,889265
2026-01-06 13:08:00+05:30,315.39,315.39,303.89,306.55,22555,914290
2026-01-06 13:09:00+05:30,306.89,313.14,306.6,310.45,20475,914290
2026-01-06 13:10:00+05:30,310.0,312.95,306.55,312.95,26650,914290
2026-01-06 13:11:00+05:30,313.0,314.0,308.0,309.05,10855,908635
2026-01-06 13:12:00+05:30,310.2,313.05,308.55,313.05,7410,908635
2026-01-06 13:13:00+05:30,313.75,322.0,313.75,320.95,28080,908635
2026-01-06 13:14:00+05:30,320.3,325.89,320.3,324.95,18135,913705
2026-01-06 13:15:00+05:30,324.85,334.95,324.05,333.1,47775,913705
2026-01-06 13:16:00+05:30,330.0,334.4,329.9,332.75,21580,913705
2026-01-06 13:17:00+05:30,333.75,334.7,330.85,334.7,6695,892320
2026-01-06 13:18:00+05:30,334.0,335.7,328.4,334.6,18720,892320
2026-01-06 13:19:00+05:30,334.0,334.3,329.35,329.35,7215,892320
2026-01-06 13:20:00+05:30,330.35,330.45,328.0,330.0,5005,898625
2026-01-06 13:21:00+05:30,332.4,336.2,330.7,334.9,8125,898625
2026-01-06 13:22:00+05:30,334.1,334.1,331.0,331.0,2795,898625
2026-01-06 13:23:00+05:30,330.0,336.0,329.0,335.6,5980,896740
2026-01-06 13:24:00+05:30,334.7,337.85,333.6,334.85,20735,896740
2026-01-06 13:25:00+05:30,335.8,337.0,332.1,332.1,4550,896740
2026-01-06 13:26:00+05:30,333.0,337.0,333.0,337.0,2795,885300
2026-01-06 13:27:00+05:30,335.4,337.3,334.8,336.85,7800,885300
2026-01-06 13:28:00+05:30,336.85,345.05,336.45,341.9,26845,885300
2026-01-06 13:29:00+05:30,341.65,345.05,335.4,336.85,13325,882115
2026-01-06 13:30:00+05:30,336.95,341.95,336.65,341.95,7475,882115
2026-01-06 13:31:00+05:30,342.7,347.5,342.3,345.2,21645,882115
2026-01-06 13:32:00+05:30,343.85,345.85,343.0,344.4,3315,879190
2026-01-06 13:33:00+05:30,343.5,353.5,343.5,352.05,49660,879190
2026-01-06 13:34:00+05:30,349.8,353.45,343.0,344.75,64610,879190
2026-01-06 13:35:00+05:30,344.45,347.2,341.75,341.75,11895,874055
2026-01-06 13:36:00+05:30,341.5,344.65,341.5,343.45,4745,874055
2026-01-06 13:37:00+05:30,344.05,344.05,340.85,343.15,14040,874055
2026-01-06 13:38:00+05:30,343.15,345.7,342.0,342.0,15145,878865
2026-01-06 13:39:00+05:30,342.0,345.0,340.8,343.35,5265,878865
2026-01-06 13:40:00+05:30,342.7,344.5,339.1,343.5,7670,878865
2026-01-06 13:41:00+05:30,342.6,345.05,340.6,344.55,7540,875940
2026-01-06 13:42:00+05:30,344.75,345.7,343.7,344.5,12350,875940
2026-01-06 13:43:00+05:30,345.0,345.7,336.95,337.15,12870,875940
2026-01-06 13:44:00+05:30,338.7,339.1,330.55,332.55,17940,883350
2026-01-06 13:45:00+05:30,330.0,339.4,329.35,338.3,17745,883350
2026-01-06 13:46:00+05:30,339.6,344.6,339.0,339.0,11635,883350
2026-01-06 13:47:00+05:30,337.0,337.0,330.6,331.4,4355,877435
2026-01-06 13:48:00+05:30,331.45,331.45,327.35,329.55,17810,877435
2026-01-06 13:49:00+05:30,330.1,330.1,327.55,327.55,1950,877435
2026-01-06 13:50:00+05:30,327.55,330.0,322.6,328.95,15860,872820
2026-01-06 13:51:00+05:30,328.0,328.0,324.64,325.3,3770,872820
2026-01-06 13:52:00+05:30,323.7,332.3,323.7,331.95,6370,872820
2026-01-06 13:53:00+05:30,332.9,343.0,329.15,340.5,35425,873600
2026-01-06 13:54:00+05:30,340.75,352.05,339.8,352.05,34385,873600
2026-01-06 13:55:00+05:30,349.85,352.15,341.0,344.65,21385,873600
2026-01-06 13:56:00+05:30,344.6,344.6,340.6,341.65,7410,859950
2026-01-06 13:57:00+05:30,342.35,348.0,342.35,344.95,8385,859950
2026-01-06 13:58:00+05:30,344.5,347.2,344.5,345.95,3575,859950
2026-01-06 13:59:00+05:30,345.0,346.8,343.0,345.05,3380,860405
2026-01-06 14:00:00+05:30,346.55,348.0,340.85,344.25,7865,860405
2026-01-06 14:01:00+05:30,343.95,344.9,342.75,342.75,4030,860405
2026-01-06 14:02:00+05:30,341.4,341.4,332.95,336.0,19045,860925
2026-01-06 14:03:00+05:30,337.5,340.45,337.1,340.45,8125,860925
2026-01-06 14:04:00+05:30,340.0,346.15,339.45,345.95,7410,860925
2026-01-06 14:05:00+05:30,343.6,345.55,341.05,342.2,5655,862420
2026-01-06 14:06:00+05:30,342.95,346.05,342.15,345.55,6435,862420
2026-01-06 14:07:00+05:30,342.8,349.1,342.8,348.0,3575,862420
2026-01-06 14:08:00+05:30,347.5,350.25,345.0,350.25,6630,863070
2026-01-06 14:09:00+05:30,349.95,362.9,348.8,362.05,33800,863070
2026-01-06 14:10:00+05:30,362.05,371.5,362.05,369.15,28145,863070
2026-01-06 14:11:00+05:30,368.0,370.2,356.4,361.35,20605,860145
2026-01-06 14:12:00+05:30,360.4,362.65,355.45,362.35,17550,860145
2026-01-06 14:13:00+05:30,361.75,366.05,361.5,365.45,41080,860145
2026-01-06 14:14:00+05:30,365.0,365.7,360.1,360.1,11115,882895
2026-01-06 14:15:00+05:30,360.8,363.0,357.6,362.3,19955,882895
2026-01-06 14:16:00+05:30,362.9,362.9,358.95,359.25,8580,882895
2026-01-06 14:17:00+05:30,359.7,359.7,357.5,359.1,3315,870545
2026-01-06 14:18:00+05:30,358.35,364.3,357.2,363.8,35815,870545
2026-01-06 14:19:00+05:30,363.6,364.15,360.2,362.0,2080,870545
2026-01-06 14:20:00+05:30,361.0,366.4,361.0,365.65,11180,898040
2026-01-06 14:21:00+05:30,366.15,367.5,363.55,367.5,14365,898040
2026-01-06 14:22:00+05:30,367.25,369.1,365.0,369.1,10075,898040
2026-01-06 14:23:00+05:30,364.0,364.0,356.0,359.05,11830,901485
2026-01-06 14:24:00+05:30,356.6,357.2,352.15,357.2,16055,901485
2026-01-06 14:25:00+05:30,357.15,358.1,353.15,356.7,27625,901485
2026-01-06 14:26:00+05:30,355.5,361.4,352.9,352.9,8255,927160
2026-01-06 14:27:00+05:30,353.65,356.0,349.8,349.8,9750,927160
2026-01-06 14:28:00+05:30,348.0,355.75,348.0,355.75,9100,927160
2026-01-06 14:29:00+05:30,354.5,354.75,351.8,352.15,2730,923650
2026-01-06 14:30:00+05:30,351.0,354.75,350.0,352.0,10920,923650
2026-01-06 14:31:00+05:30,352.6,352.75,346.1,351.3,7995,923650
2026-01-06 14:32:00+05:30,351.1,357.1,351.1,353.75,7280,921635
2026-01-06 14:33:00+05:30,352.95,359.8,352.95,359.8,5525,921635
2026-01-06 14:34:00+05:30,359.8,360.0,350.45,353.15,9230,921635
2026-01-06 14:35:00+05:30,353.75,354.35,353.3,354.25,4290,918710
2026-01-06 14:36:00+05:30,351.05,352.35,348.15,352.35,5395,918710
2026-01-06 14:37:00+05:30,352.0,355.0,352.0,355.0,2340,918710
2026-01-06 14:38:00+05:30,357.55,361.3,355.45,361.25,13650,919750
2026-01-06 14:39:00+05:30,361.65,364.0,353.0,353.0,29250,919750
2026-01-06 14:40:00+05:30,351.2,351.2,344.6,347.2,22750,919750
2026-01-06 14:41:00+05:30,347.25,352.55,347.25,351.85,23855,936780
2026-01-06 14:42:00+05:30,351.6,352.0,350.6,351.05,1950,936780
2026-01-06 14:43:00+05:30,349.9,350.25,345.2,345.2,7085,936780
2026-01-06 14:44:00+05:30,344.7,348.9,344.7,348.2,13065,937495
2026-01-06 14:45:00+05:30,347.4,349.2,342.0,349.2,39325,937495
2026-01-06 14:46:00+05:30,348.65,349.15,345.05,345.8,9490,937495
2026-01-06 14:47:00+05:30,345.95,347.0,337.0,337.0,17160,978380
2026-01-06 14:48:00+05:30,336.75,340.8,333.0,336.75,16315,978380
2026-01-06 14:49:00+05:30,336.5,339.6,333.85,335.65,9490,978380
2026-01-06 14:50:00+05:30,337.0,337.0,328.0,329.6,7930,974870
2026-01-06 14:51:00+05:30,328.8,336.15,328.8,335.3,19565,974870
2026-01-06 14:52:00+05:30,337.0,342.9,334.7,342.9,14300,974870
2026-01-06 14:53:00+05:30,343.9,344.9,339.55,339.55,6890,966485
2026-01-06 14:54:00+05:30,337.75,340.25,336.1,339.05,10075,966485
2026-01-06 14:55:00+05:30,338.0,340.85,334.2,339.95,4615,966485
2026-01-06 14:56:00+05:30,341.9,343.25,336.7,336.7,6500,961415
2026-01-06 14:57:00+05:30,338.75,338.95,335.95,336.35,5785,961415
2026-01-06 14:58:00+05:30,335.5,336.95,334.05,335.0,2860,961415
2026-01-06 14:59:00+05:30,338.0,338.0,333.0,333.0,8450,958490
2026-01-06 15:00:00+05:30,327.55,335.35,322.55,325.5,17745,958490
2026-01-06 15:01:00+05:30,321.0,323.95,318.2,322.0,23075,958490
2026-01-06 15:02:00+05:30,320.0,326.75,319.2,323.14,40170,946790
2026-01-06 15:03:00+05:30,323.14,326.05,323.14,326.05,14040,946790
2026-01-06 15:04:00+05:30,324.39,324.39,320.05,322.2,12285,946790
2026-01-06 15:05:00+05:30,321.5,330.05,320.3,327.6,21645,944190
2026-01-06 15:06:00+05:30,328.0,328.15,321.35,322.39,8385,944190
2026-01-06 15:07:00+05:30,321.3,323.35,321.0,322.1,3120,944190
2026-01-06 15:08:00+05:30,322.0,325.95,321.05,323.0,8710,940680
2026-01-06 15:09:00+05:30,323.45,324.55,322.7,324.05,7800,940680
2026-01-06 15:10:00+05:30,325.39,325.39,322.0,323.14,8125,940680
2026-01-06 15:11:00+05:30,323.2,326.3,322.5,326.05,3770,940290
2026-01-06 15:12:00+05:30,324.45,329.4,323.89,327.2,10010,940290
2026-01-06 15:13:00+05:30,327.35,328.05,326.6,327.3,62075,940290
2026-01-06 15:14:00+05:30,328.0,328.5,326.0,327.6,6110,879060
2026-01-06 15:15:00+05:30,327.0,327.3,325.0,326.55,9815,879060
2026-01-06 15:16:00+05:30,326.89,327.95,326.45,326.45,3965,879060
2026-01-06 15:17:00+05:30,325.85,326.64,324.85,324.85,4615,870220
2026-01-06 15:18:00+05:30,324.89,326.0,322.89,323.0,4550,870220
2026-01-06 15:19:00+05:30,322.8,323.5,322.45,323.0,11245,870220
2026-01-06 15:20:00+05:30,323.0,323.6,320.3,321.35,14820,861835
2026-01-06 15:21:00+05:30,320.8,322.89,320.2,320.3,4680,861835
2026-01-06 15:22:00+05:30,321.14,322.39,320.64,321.1,7865,861835
2026-01-06 15:23:00+05:30,322.2,322.2,320.5,320.5,6435,855790
2026-01-06 15:24:00+05:30,320.7,321.75,320.05,320.85,20475,855790
2026-01-06 15:25:00+05:30,320.85,320.85,320.05,320.5,8580,855790
2026-01-06 15:26:00+05:30,320.35,321.2,320.2,321.14,5980,828425
2026-01-06 15:27:00+05:30,320.89,321.2,320.89,321.2,6825,828425
2026-01-06 15:28:00+05:30,321.2,321.2,320.05,320.45,5655,828425
2026-01-06 15:29:00+05:30,320.89,321.0,320.39,321.0,11895,822120
